# chart-version: skill-stock-dynamic-valuation-box@1.9.0; font: noto-sans-cjk-tc-v1
date,close,available_date,period_end,eps,ttm_eps,pe,pe_mean,pe_std,price_m2,price_m1,price_mean,price_p1,price_p2,forward_eps,forward_pe,forward_pe_mean,forward_pe_std,forward_price_m2,forward_price_m1,forward_price_mean,forward_price_p1,forward_price_p2,sma20,sma60,sma120,sma240,bband_mid,bband_upper2,bband_lower2,bband_upper1,bband_lower1
2023-10-02,25.441176,2023-08-14,2023-06-30,0.620000,2.774510,9.169611,10.197414,0.886966,23.371034,25.831929,28.292824,30.753720,33.214615,,,,,,,,,,26.436275,27.641268,27.584595,24.585733,26.436275,28.089104,24.783445,27.262689,25.609860
2023-10-03,25.392157,2023-08-14,2023-06-30,0.620000,2.774510,9.151943,10.202633,0.878851,23.430541,25.868923,28.307305,30.745687,33.184069,,,,,,,,,,26.316176,27.592519,27.585205,24.610032,26.316176,27.901254,24.731099,27.108715,25.523638
2023-10-04,24.950980,2023-08-14,2023-06-30,0.620000,2.774510,8.992933,10.206126,0.873137,23.471945,25.894472,28.316998,30.739524,33.162050,,,,,,,,,,26.166667,27.539588,27.580950,24.632890,26.166667,27.668266,24.665067,26.917466,25.415867
2023-10-05,25.147059,2023-08-14,2023-06-30,0.620000,2.774510,9.063604,10.209942,0.867064,23.516228,25.921906,28.327583,30.733261,33.138939,,,,,,,,,,26.053922,27.484374,27.577535,24.656764,26.053922,27.502676,24.605167,26.778299,25.329544
2023-10-06,25.294118,2023-08-14,2023-06-30,0.620000,2.774510,9.116608,10.214733,0.859322,23.572482,25.956679,28.340876,30.725074,33.109271,,,,,,,,,,25.943627,27.427645,27.576932,24.681051,25.943627,27.258529,24.628726,26.601078,25.286177
2023-10-11,25.000000,2023-08-14,2023-06-30,0.620000,2.774510,9.010601,10.217839,0.854232,23.609344,25.979420,28.349495,30.719571,33.089647,,,,,,,,,,25.825980,27.369186,27.571499,24.704708,25.825980,27.025984,24.625977,26.425982,25.225979
2023-10-12,25.441176,2023-08-14,2023-06-30,0.620000,2.774510,9.169611,10.222805,0.846289,23.667196,26.015235,28.363273,30.711312,33.059350,,,,,,,,,,25.747549,27.308562,27.571328,24.730402,25.747549,26.820042,24.675056,26.283795,25.211303
2023-10-13,25.441176,2023-08-14,2023-06-30,0.620000,2.774510,9.169611,10.226836,0.840036,23.713078,26.043768,28.374457,30.705146,33.035836,,,,,,,,,,25.686275,27.238419,27.568382,24.757682,25.686275,26.674376,24.698173,26.180325,25.192224
2023-10-16,25.392157,2023-08-14,2023-06-30,0.620000,2.774510,9.151943,10.230853,0.833657,23.759626,26.072615,28.385603,30.698591,33.011579,,,,,,,,,,25.622549,27.169046,27.565423,24.784163,25.622549,26.502950,24.742148,26.062750,25.182348
2023-10-17,25.147059,2023-08-14,2023-06-30,0.620000,2.774510,9.063604,10.234802,0.826913,23.808004,26.102282,28.396559,30.690836,32.985114,,,,,,,,,,25.544118,27.100347,27.562405,24.810416,25.544118,26.282518,24.805717,25.913318,25.174917
2023-10-18,25.490196,2023-08-14,2023-06-30,0.620000,2.774510,9.187279,10.238446,0.821259,23.849489,26.128079,28.406669,30.685260,32.963850,,,,,,,,,,25.517157,27.030229,27.558280,24.837107,25.517157,26.219443,24.814871,25.868300,25.166014
2023-10-19,25.000000,2023-08-14,2023-06-30,0.620000,2.774510,9.010601,10.241018,0.816877,23.880938,26.147372,28.413806,30.680240,32.946675,,,,,,,,,,25.455882,26.987745,27.551260,24.862350,25.455882,26.110156,24.801609,25.783019,25.128745
2023-10-20,24.803922,2023-08-14,2023-06-30,0.620000,2.774510,8.939929,10.241266,0.816476,23.883854,26.149173,28.414492,30.679812,32.945131,,,,,,,,,,25.387255,26.958333,27.537451,24.885984,25.387255,26.010483,24.764027,25.698869,25.075641
2023-10-23,24.754902,2023-08-14,2023-06-30,0.620000,2.774510,8.922261,10.242568,0.814225,23.899955,26.159030,28.418105,30.677179,32.936254,,,,,,,,,,25.321078,26.887255,27.526802,24.909611,25.321078,25.915707,24.726449,25.618393,25.023764
2023-10-24,25.000000,2023-08-14,2023-06-30,0.620000,2.774510,9.010601,10.242068,0.814968,23.894449,26.155584,28.416719,30.677855,32.938990,,,,,,,,,,25.284314,26.839052,27.510661,24.934260,25.284314,25.861787,24.706841,25.573050,24.995577
2023-10-25,25.049020,2023-08-14,2023-06-30,0.620000,2.774510,9.028269,10.240515,0.817118,23.878205,26.145307,28.412408,30.679509,32.946611,,,,,,,,,,25.247549,26.782680,27.491358,24.959509,25.247549,25.783093,24.712005,25.515321,24.979777
2023-10-26,24.803922,2023-08-14,2023-06-30,0.620000,2.774510,8.939929,10.235821,0.822986,23.832621,26.116003,28.399384,30.682766,32.966148,,,,,,,,,,25.208333,26.710784,27.462874,24.983737,25.208333,25.753613,24.663054,25.480973,24.935693
2023-10-27,24.852941,2023-08-14,2023-06-30,0.620000,2.774510,8.957597,10.231407,0.828436,23.790133,26.088637,28.387140,30.685643,32.984147,,,,,,,,,,25.171569,26.647876,27.435196,25.007575,25.171569,25.708080,24.635057,25.439824,24.903313
2023-10-30,24.950980,2023-08-14,2023-06-30,0.620000,2.774510,8.992933,10.227155,0.833499,23.750239,26.062791,28.375342,30.687894,33.000445,,,,,,,,,,25.144608,26.585784,27.407938,25.032416,25.144608,25.667728,24.621488,25.406168,24.883048
2023-10-31,24.852941,2023-08-14,2023-06-30,0.620000,2.774510,8.957597,10.222074,0.839393,23.703438,26.032341,28.361245,30.690149,33.019052,,,,,,,,,,25.110294,26.526144,27.378276,25.056650,25.110294,25.614104,24.606484,25.362199,24.858389
2023-11-01,25.343137,2023-08-14,2023-06-30,0.620000,2.774510,9.134276,10.218332,0.843256,23.671616,26.011239,28.350862,30.690486,33.030109,,,,,,,,,,25.105392,26.470588,27.352303,25.082530,25.105392,25.597417,24.613368,25.351404,24.859380
2023-11-02,25.539216,2023-08-14,2023-06-30,0.620000,2.774510,9.204947,10.214511,0.846823,23.641223,25.990742,28.340261,30.689780,33.039299,,,,,,,,,,25.112745,26.409314,27.325980,25.109227,25.112745,25.626719,24.598771,25.369732,24.855758
2023-11-03,25.637255,2023-08-14,2023-06-30,0.620000,2.774510,9.240283,10.212186,0.849127,23.621987,25.977899,28.333812,30.689724,33.045636,,,,,,,,,,25.147059,26.356209,27.304045,25.136531,25.147059,25.705289,24.588829,25.426174,24.867944
2023-11-06,25.833333,2023-08-14,2023-06-30,0.620000,2.774510,9.310954,10.210050,0.851084,23.605204,25.966544,28.327884,30.689224,33.050565,,,,,,,,,,25.181373,26.309641,27.282553,25.164454,25.181373,25.818409,24.544336,25.499891,24.862854
2023-11-07,25.735294,2023-08-14,2023-06-30,0.620000,2.774510,9.275618,10.199878,0.854920,23.555694,25.927677,28.299661,30.671644,33.043628,,,,,,,,,,25.203431,26.278595,27.270556,25.191571,25.203431,25.885843,24.521019,25.544637,24.862225
2023-11-08,25.980392,2023-08-14,2023-06-30,0.620000,2.774510,9.363958,10.193352,0.858309,23.518784,25.900169,28.281555,30.662940,33.044325,,,,,,,,,,25.252451,26.250000,27.268136,25.219511,25.252451,26.010042,24.494860,25.631247,24.873655
2023-11-09,26.078431,2023-08-14,2023-06-30,0.620000,2.774510,9.399293,10.188040,0.861253,23.487703,25.877259,28.266816,30.656372,33.045928,,,,,,,,,,25.284314,26.223039,27.268914,25.247265,25.284314,26.124434,24.444194,25.704374,24.864254
2023-11-10,26.225490,2023-08-14,2023-06-30,0.620000,2.774510,9.452297,10.182250,0.863863,23.457162,25.853957,28.250752,30.647547,33.044342,,,,,,,,,,25.323529,26.192810,27.268537,25.273847,25.323529,26.261950,24.385109,25.792740,24.854319
2023-11-13,26.372549,2023-08-14,2023-06-30,0.620000,2.774510,9.505300,10.177974,0.865948,23.433729,25.836309,28.238889,30.641470,33.044050,,,,,,,,,,25.372549,26.165850,27.272162,25.300646,25.372549,26.421928,24.323170,25.897238,24.847860
2023-11-14,27.058824,2023-11-14,2023-09-30,1.420000,3.313725,8.165680,10.160697,0.885190,27.803208,30.736484,33.669760,36.603036,39.536312,,,,,,,,,,25.468137,26.144608,27.276747,25.329708,25.468137,26.752916,24.183359,26.110526,24.825748
2023-11-15,27.303922,2023-11-14,2023-09-30,1.420000,3.313725,8.239645,10.143883,0.902336,27.633857,30.623950,33.614042,36.604135,39.594227,,,,,,,,,,25.558824,26.129902,27.282977,25.358008,25.558824,27.083757,24.033890,26.321290,24.796357
2023-11-16,27.352941,2023-11-14,2023-09-30,1.420000,3.313725,8.254438,10.125966,0.918322,27.468537,30.511605,33.554672,36.597739,39.640807,,,,,,,,,,25.676471,26.111111,27.286443,25.387304,25.676471,27.373248,23.979693,26.524859,24.828082
2023-11-17,27.401961,2023-11-14,2023-09-30,1.420000,3.313725,8.269231,10.109398,0.933737,27.311478,30.405625,33.499771,36.593918,39.688064,,,,,,,,,,25.806373,26.100490,27.293491,25.416012,25.806373,27.615937,23.996808,26.711155,24.901590
2023-11-20,27.352941,2023-11-14,2023-09-30,1.420000,3.313725,8.254438,10.093014,0.948896,27.156713,30.301095,33.445477,36.589859,39.734241,,,,,,,,,,25.936275,26.093137,27.300923,25.444714,25.936275,27.800214,24.072335,26.868244,25.004305
2023-11-21,27.598039,2023-11-14,2023-09-30,1.420000,3.313725,8.328402,10.077092,0.962360,27.014725,30.203722,33.392718,36.581714,39.770711,,,,,,,,,,26.066176,26.100490,27.310001,25.474239,26.066176,28.015543,24.116810,27.040860,25.091493
2023-11-22,27.647059,2023-11-14,2023-09-30,1.420000,3.313725,8.343195,10.062060,0.975260,26.879420,30.111163,33.342905,36.574648,39.806391,,,,,,,,,,26.196078,26.108660,27.321471,25.503968,26.196078,28.205385,24.186772,27.200732,25.191425
2023-11-23,27.598039,2023-11-14,2023-09-30,1.420000,3.313725,8.328402,10.046752,0.987959,26.744530,30.018353,33.292177,36.566000,39.839824,,,,,,,,,,26.335784,26.120098,27.332136,25.533493,26.335784,28.325985,24.345583,27.330885,25.340684
2023-11-24,27.500000,2023-11-14,2023-09-30,1.420000,3.313725,8.298817,10.030737,1.000612,26.607602,29.923355,33.239108,36.554861,39.870614,,,,,,,,,,26.468137,26.124183,27.340793,25.562609,26.468137,28.394164,24.542110,27.431151,25.505124
2023-11-27,27.500000,2023-11-14,2023-09-30,1.420000,3.313725,8.298817,10.014416,1.012783,26.472852,29.828938,33.185024,36.541111,39.897197,,,,,,,,,,26.595588,26.129085,27.348658,25.591725,26.595588,28.434272,24.756904,27.514930,25.676246
2023-11-28,27.990196,2023-11-14,2023-09-30,1.420000,3.313725,8.446746,9.998715,1.022395,26.357121,29.745058,33.132995,36.520932,39.908870,,,,,,,,,,26.752451,26.137255,27.359021,25.621893,26.752451,28.498098,25.006804,27.625275,25.879627
2023-11-29,27.794118,2023-11-14,2023-09-30,1.420000,3.313725,8.387574,9.980069,1.031241,26.236709,29.653960,33.071210,36.488461,39.905711,,,,,,,,,,26.875000,26.138889,27.361405,25.650846,26.875000,28.546630,25.203370,27.710815,26.039185
2023-11-30,27.892157,2023-11-14,2023-09-30,1.420000,3.313725,8.417160,9.961058,1.038886,26.123048,29.565630,33.008211,36.450793,39.893375,,,,,,,,,,26.992647,26.140523,27.363019,25.680209,26.992647,28.598335,25.386959,27.795491,26.189803
2023-12-01,27.843137,2023-11-14,2023-09-30,1.420000,3.313725,8.402367,9.939932,1.044623,26.015018,29.476612,32.938205,36.399799,39.861393,,,,,,,,,,27.102941,26.138889,27.359069,25.707582,27.102941,28.617055,25.588828,27.859998,26.345884
2023-12-04,28.284314,2023-11-14,2023-09-30,1.420000,3.313725,8.535503,9.918383,1.046717,25.929737,29.398268,32.866800,36.335331,39.803862,,,,,,,,,,27.225490,26.153595,27.354829,25.737190,27.225490,28.703250,25.747730,27.964370,26.486610
2023-12-05,28.333333,2023-11-14,2023-09-30,1.420000,3.313725,8.550296,9.893741,1.043798,25.867422,29.326282,32.785142,36.244002,39.702863,,,,,,,,,,27.355392,26.167484,27.342669,25.765614,27.355392,28.735100,25.975684,28.045246,26.665538
2023-12-06,28.333333,2023-11-14,2023-09-30,1.420000,3.313725,8.550296,9.867567,1.037709,25.821040,29.259724,32.698409,36.137093,39.575777,,,,,,,,,,27.473039,26.183824,27.326544,25.795030,27.473039,28.757030,26.189049,28.115035,26.831044
2023-12-07,28.284314,2023-11-14,2023-09-30,1.420000,3.313725,8.535503,9.843108,1.034193,25.763297,29.190327,32.617358,36.044389,39.471420,,,,,,,,,,27.583333,26.205065,27.314769,25.823845,27.583333,28.735077,26.431589,28.159205,27.007461
2023-12-08,28.480392,2023-11-14,2023-09-30,1.420000,3.313725,8.594675,9.818989,1.029224,25.716303,29.126869,32.537434,35.947999,39.358565,,,,,,,,,,27.696078,26.235294,27.304231,25.853873,27.696078,28.722845,26.669311,28.209462,27.182695
2023-12-11,28.627451,2023-11-14,2023-09-30,1.420000,3.313725,8.639053,9.795240,1.023229,25.677337,29.068036,32.458735,35.849434,39.240133,,,,,,,,,,27.808824,26.267974,27.294919,25.884118,27.808824,28.711356,26.906291,28.260090,27.357557
2023-12-12,29.068627,2023-11-14,2023-09-30,1.420000,3.313725,8.772189,9.773519,1.016979,25.646778,29.016769,32.386759,35.756749,39.126739,,,,,,,,,,27.909314,26.307190,27.291663,25.915804,27.909314,28.903171,26.915456,28.406242,27.412385
2023-12-13,29.166667,2023-11-14,2023-09-30,1.420000,3.313725,8.801775,9.752811,1.011191,25.616520,28.967329,32.318137,35.668946,39.019754,,,,,,,,,,28.002451,26.359477,27.291207,25.947106,28.002451,29.101041,26.903861,28.551746,27.453156
2023-12-14,29.264706,2023-11-14,2023-09-30,1.420000,3.313725,8.831361,9.731583,1.003481,25.597276,28.922535,32.247795,35.573054,38.898314,,,,,,,,,,28.098039,26.410131,27.289585,25.979014,28.098039,29.287595,26.908484,28.692817,27.503261
2023-12-15,29.558824,2023-11-14,2023-09-30,1.420000,3.313725,8.920118,9.711861,0.995887,25.582251,28.882346,32.182441,35.482537,38.782632,,,,,,,,,,28.205882,26.466503,27.292396,26.012148,28.205882,29.514817,26.896948,28.860349,27.551415
2023-12-18,29.607843,2023-11-14,2023-09-30,1.420000,3.313725,8.934911,9.692262,0.987741,25.571290,28.844393,32.117496,35.390600,38.663703,,,,,,,,,,28.318627,26.525327,27.295617,26.046477,28.318627,29.704418,26.932837,29.011523,27.625732
2023-12-19,29.656863,2023-11-14,2023-09-30,1.420000,3.313725,8.949704,9.672940,0.979293,25.563252,28.808360,32.053468,35.298575,38.543683,,,,,,,,,,28.421569,26.590686,27.299642,26.081210,28.421569,29.885641,26.957496,29.153605,27.689533
2023-12-20,29.656863,2023-11-14,2023-09-30,1.420000,3.313725,8.949704,9.654077,0.971141,25.554774,28.772868,31.990962,35.209055,38.427149,,,,,,,,,,28.522059,26.655229,27.304858,26.116933,28.522059,30.037299,27.006818,29.279679,27.764439
2023-12-21,29.362745,2023-11-14,2023-09-30,1.420000,3.313725,8.860947,9.633862,0.962075,25.547871,28.735922,31.923974,35.112026,38.300077,,,,,,,,,,28.610294,26.718137,27.306035,26.151233,28.610294,30.104353,27.116235,29.357324,27.863264
2023-12-22,29.215686,2023-11-14,2023-09-30,1.420000,3.313725,8.816568,9.611898,0.950226,25.553615,28.702404,31.851193,34.999981,38.148770,,,,,,,,,,28.696078,26.778595,27.302418,26.184524,28.696078,30.116944,27.275213,29.406511,27.985646
2023-12-25,28.774510,2023-11-14,2023-09-30,1.420000,3.313725,8.683432,9.590357,0.941620,25.539272,28.659541,31.779811,34.900080,38.020349,,,,,,,,,,28.759804,26.833333,27.299091,26.216174,28.759804,30.064364,27.455244,29.412084,28.107524
2023-12-26,29.117647,2023-11-14,2023-09-30,1.420000,3.313725,8.786982,9.569372,0.931084,25.539560,28.624917,31.710273,34.795630,37.880986,,,,,,,,,,28.816176,26.892974,27.297830,26.249056,28.816176,30.077430,27.554923,29.446803,28.185550
2023-12-27,29.019608,2023-11-14,2023-09-30,1.420000,3.313725,8.757396,9.548601,0.921025,25.537393,28.589417,31.641441,34.693466,37.745490,,,,,,,,,,28.877451,26.952614,27.296941,26.281530,28.877451,30.045247,27.709655,29.461349,28.293553
2023-12-28,29.215686,2023-11-14,2023-09-30,1.420000,3.313725,8.816568,9.530926,0.914475,25.522234,28.552554,31.582873,34.613193,37.643512,,,,,,,,,,28.943627,27.016340,27.304429,26.315018,28.943627,30.022985,27.864270,29.483306,28.403949
2023-12-29,29.117647,2023-11-14,2023-09-30,1.420000,3.313725,8.786982,9.513618,0.908670,25.503354,28.514436,31.525519,34.536601,37.547683,,,,,,,,,,29.007353,27.085784,27.312686,26.348694,29.007353,29.955680,28.059025,29.481517,28.533189
2024-01-02,29.117647,2023-11-14,2023-09-30,1.420000,3.313725,8.786982,9.495237,0.900774,25.494773,28.479692,31.464610,34.449529,37.434448,,,,,,,,,,29.049020,27.151961,27.318167,26.381972,29.049020,29.934749,28.163290,29.491884,28.606155
2024-01-03,28.921569,2023-11-14,2023-09-30,1.420000,3.313725,8.727811,9.475598,0.891475,25.491322,28.445426,31.399530,34.353635,37.307739,,,,,,,,,,29.078431,27.212418,27.320031,26.414434,29.078431,29.900904,28.255959,29.489667,28.667195
2024-01-04,28.529412,2023-11-14,2023-09-30,1.420000,3.313725,8.609467,9.455585,0.883639,25.476942,28.405077,31.333213,34.261348,37.189484,,,,,,,,,,29.088235,27.271242,27.320214,26.444865,29.088235,29.877308,28.299163,29.482771,28.693699
2024-01-05,28.823529,2023-11-14,2023-09-30,1.420000,3.313725,8.698225,9.434473,0.871023,25.490593,28.376924,31.263255,34.149586,37.035917,,,,,,,,,,29.115196,27.327614,27.318088,26.476323,29.115196,29.821075,28.409317,29.468135,28.762257
2024-01-08,28.725490,2023-11-14,2023-09-30,1.420000,3.313725,8.668639,9.411277,0.853730,25.528335,28.357361,31.186388,34.015415,36.844442,,,,,,,,,,29.127451,27.382353,27.310386,26.507373,29.127451,29.794360,28.460542,29.460906,28.793996
2024-01-09,28.333333,2023-11-14,2023-09-30,1.420000,3.313725,8.550296,9.387401,0.837112,25.559353,28.333311,31.107269,33.881227,36.655185,,,,,,,,,,29.112745,27.431373,27.300209,26.536590,29.112745,29.836616,28.388874,29.474680,28.750810
2024-01-10,28.333333,2023-11-14,2023-09-30,1.420000,3.313725,8.550296,9.364444,0.821710,25.585352,28.308274,31.031195,33.754117,36.477039,,,,,,,,,,29.075980,27.484477,27.292412,26.565808,29.075980,29.879584,28.272377,29.477782,28.674179
2024-01-11,28.578431,2023-11-14,2023-09-30,1.420000,3.313725,8.624260,9.340724,0.801229,25.642489,28.297543,30.952596,33.607649,36.262702,,,,,,,,,,29.046569,27.535948,27.283088,26.592675,29.046569,29.878748,28.214389,29.462658,28.630479
2024-01-12,28.627451,2023-11-14,2023-09-30,1.420000,3.313725,8.639053,9.324043,0.794746,25.630178,28.263748,30.897319,33.530889,36.164459,,,,,,,,,,29.014706,27.596405,27.292075,26.619945,29.014706,29.860407,28.169005,29.437557,28.591855
2024-01-15,28.431373,2023-11-14,2023-09-30,1.420000,3.313725,8.579882,9.310024,0.792894,25.595995,28.223430,30.850864,33.478299,36.105733,,,,,,,,,,28.958333,27.656863,27.307598,26.647390,28.958333,29.801624,28.115043,29.379978,28.536688
2024-01-16,28.039216,2023-11-14,2023-09-30,1.420000,3.313725,8.461538,9.287130,0.777113,25.624720,28.199860,30.775000,33.350140,35.925280,,,,,,,,,,28.879902,27.711601,27.299428,26.672011,28.879902,29.759829,27.999975,29.319866,28.439938
2024-01-17,27.696078,2023-11-14,2023-09-30,1.420000,3.313725,8.357988,9.267002,0.769539,25.608222,28.158262,30.708301,33.258341,35.808380,,,,,,,,,,28.781863,27.756536,27.297794,26.695400,28.781863,29.731470,27.832256,29.256666,28.307059
2024-01-18,27.794118,2023-11-14,2023-09-30,1.420000,3.313725,8.387574,9.245385,0.757306,25.617660,28.127164,30.636668,33.146172,35.655676,,,,,,,,,,28.688725,27.802288,27.292484,26.718405,28.688725,29.642373,27.735078,29.165549,28.211902
2024-01-19,27.745098,2023-11-14,2023-09-30,1.420000,3.313725,8.372781,9.221436,0.738698,25.661620,28.109464,30.557307,33.005150,35.452994,,,,,,,,,,28.607843,27.851307,27.281046,26.740412,28.607843,29.594613,27.621073,29.101228,28.114458
2024-01-22,27.990196,2023-11-14,2023-09-30,1.420000,3.313725,8.446746,9.199681,0.722438,25.697293,28.091255,30.485217,32.879178,35.273140,,,,,,,,,,28.546569,27.903595,27.275735,26.763242,28.546569,29.526587,27.566551,29.036578,28.056560
2024-01-23,28.137255,2023-11-14,2023-09-30,1.420000,3.313725,8.491124,9.178138,0.704325,25.745948,28.079888,30.413829,32.747770,35.081710,,,,,,,,,,28.514706,27.956699,27.271242,26.786289,28.514706,29.504905,27.524507,29.009805,28.019607
2024-01-24,28.431373,2023-11-14,2023-09-30,1.420000,3.313725,8.579882,9.158123,0.686546,25.797456,28.072481,30.347507,32.622532,34.897557,,,,,,,,,,28.480392,28.016340,27.271242,26.810362,28.480392,29.429320,27.531465,28.954856,28.005928
2024-01-25,28.382353,2023-11-14,2023-09-30,1.420000,3.313725,8.565089,9.137197,0.665538,25.867343,28.072752,30.278161,32.483571,34.688980,,,,,,,,,,28.448529,28.066993,27.268791,26.834232,28.448529,29.363407,27.533652,28.905968,27.991091
2024-01-26,28.284314,2023-11-14,2023-09-30,1.420000,3.313725,8.535503,9.114288,0.637734,25.975699,28.088974,30.202248,32.315522,34.428796,,,,,,,,,,28.401961,28.112745,27.261029,26.856106,28.401961,29.244366,27.559556,28.823163,27.980758
2024-01-29,28.627451,2023-11-14,2023-09-30,1.420000,3.313725,8.639053,9.093504,0.611488,26.080767,28.107072,30.133377,32.159682,34.185987,,,,,,,,,,28.377451,28.162582,27.259395,26.878815,28.377451,29.158468,27.596434,28.767960,27.986942
2024-01-30,28.627451,2023-11-14,2023-09-30,1.420000,3.313725,8.639053,9.073352,0.585521,26.186085,28.126341,30.066597,32.006853,33.947109,,,,,,,,,,28.352941,28.209150,27.259395,26.901525,28.352941,29.063766,27.642117,28.708353,27.997529
2024-01-31,28.578431,2023-11-14,2023-09-30,1.420000,3.313725,8.624260,9.056389,0.568411,26.243271,28.126830,30.010388,31.893947,33.777506,,,,,,,,,,28.335784,28.256536,27.267565,26.925616,28.335784,29.004115,27.667454,28.669949,28.001619
2024-02-01,28.725490,2023-11-14,2023-09-30,1.420000,3.313725,8.668639,9.039481,0.549027,26.315707,28.135033,29.954360,31.773686,33.593012,,,,,,,,,,28.345588,28.302288,27.276144,26.951708,28.345588,29.031402,27.659775,28.688495,28.002681
2024-02-02,28.676471,2023-11-14,2023-09-30,1.420000,3.313725,8.653846,9.028411,0.543219,26.317517,28.117595,29.917674,31.717753,33.517832,,,,,,,,,,28.338235,28.345588,27.284314,26.977596,28.338235,29.005372,27.671098,28.671804,28.004667
2024-02-05,28.480392,2023-11-14,2023-09-30,1.420000,3.313725,8.594675,9.015816,0.535490,26.327004,28.101472,29.875940,31.650407,33.424875,,,,,,,,,,28.325980,28.383170,27.287990,27.002667,28.325980,28.971830,27.680131,28.648905,28.003055
2024-02-15,28.333333,2023-11-14,2023-09-30,1.420000,3.313725,8.550296,9.002999,0.527957,26.334457,28.083962,29.833468,31.582973,33.332478,,,,,,,,,,28.325980,28.415850,27.290850,27.026134,28.325980,28.971830,27.680131,28.648905,28.003055
2024-02-16,28.431373,2023-11-14,2023-09-30,1.420000,3.313725,8.579882,8.989398,0.517468,26.358902,28.073650,29.788397,31.503145,33.217892,,,,,,,,,,28.330882,28.438725,27.291667,27.049811,28.330882,28.978453,27.683312,28.654668,28.007097
2024-02-19,28.578431,2023-11-14,2023-09-30,1.420000,3.313725,8.624260,8.976608,0.507181,26.384696,28.065356,29.746016,31.426676,33.107336,,,,,,,,,,28.330882,28.459967,27.294935,27.072316,28.330882,28.978453,27.683312,28.654668,28.007097
2024-02-20,28.333333,2023-11-14,2023-09-30,1.420000,3.313725,8.550296,8.962319,0.494575,26.420891,28.059778,29.698665,31.337552,32.976439,,,,,,,,,,28.316176,28.476307,27.293709,27.094394,28.316176,28.948570,27.683783,28.632373,27.999980
2024-02-21,28.382353,2023-11-14,2023-09-30,1.420000,3.313725,8.565089,8.949478,0.484534,26.444892,28.050503,29.656114,31.261725,32.867336,,,,,,,,,,28.313725,28.492647,27.296569,27.117074,28.313725,28.944618,27.682833,28.629172,27.998279
2024-02-22,28.529412,2023-11-14,2023-09-30,1.420000,3.313725,8.609467,8.937743,0.475412,26.466455,28.041841,29.617227,31.192613,32.767999,,,,,,,,,,28.338235,28.512255,27.302696,27.139375,28.338235,28.962275,27.714196,28.650255,28.026216
2024-02-23,28.627451,2023-11-14,2023-09-30,1.420000,3.313725,8.639053,8.928169,0.469680,26.472719,28.029110,29.585500,31.141890,32.698281,,,,,,,,,,28.384804,28.529412,27.314951,27.161687,28.384804,28.942558,27.827050,28.663681,28.105927
2024-02-26,28.823529,2023-11-14,2023-09-30,1.420000,3.313725,8.698225,8.919087,0.463409,26.484186,28.019797,29.555407,31.091017,32.626627,,,,,,,,,,28.436275,28.549020,27.328840,27.186007,28.436275,28.952997,27.919552,28.694636,28.177913
2024-02-27,28.676471,2023-11-14,2023-09-30,1.420000,3.313725,8.653846,8.910372,0.458413,26.488417,28.007473,29.526528,31.045583,32.564638,,,,,,,,,,28.482843,28.566993,27.343546,27.209119,28.482843,28.894479,28.071207,28.688661,28.277025
2024-02-29,29.117647,2023-11-14,2023-09-30,1.420000,3.313725,8.786982,8.901736,0.450767,26.510471,28.004190,29.497910,30.991630,32.485349,,,,,,,,,,28.539216,28.593954,27.359069,27.233870,28.539216,28.974882,28.103549,28.757049,28.321382
2024-03-01,29.166667,2023-11-14,2023-09-30,1.420000,3.313725,8.801775,8.893370,0.443101,26.533558,28.001873,29.470188,30.938504,32.406819,,,,,,,,,,28.590686,28.621732,27.375408,27.259025,28.590686,29.067676,28.113697,28.829181,28.352192
2024-03-04,30.049020,2023-11-14,2023-09-30,1.420000,3.313725,9.068047,8.886340,0.433395,26.574586,28.010739,29.446893,30.883046,32.319199,,,,,,,,,,28.671569,28.656046,27.396650,27.287459,28.671569,29.473045,27.870092,29.072307,28.270830
2024-03-05,30.294118,2023-11-14,2023-09-30,1.420000,3.313725,9.142012,8.879338,0.422182,26.625699,28.024694,29.423688,30.822682,32.221676,,,,,,,,,,28.767157,28.697712,27.418301,27.316716,28.767157,29.835112,27.699202,29.301134,28.233179
2024-03-06,30.588235,2023-11-14,2023-09-30,1.420000,3.313725,9.230769,8.872780,0.410296,26.682741,28.042350,29.401958,30.761566,32.121174,,,,,,,,,,28.882353,28.742647,27.441585,27.347397,28.882353,30.199071,27.565635,29.540712,28.223994
2024-03-07,30.637255,2023-11-14,2023-09-30,1.420000,3.313725,9.245562,8.865904,0.396742,26.749782,28.064478,29.379173,30.693869,32.008564,,,,,,,,,,28.982843,28.789216,27.464052,27.379472,28.982843,30.507934,27.457752,29.745389,28.220298
2024-03-08,30.441176,2023-11-14,2023-09-30,1.420000,3.313725,9.186391,8.860155,0.386853,26.796274,28.078198,29.360121,30.642044,31.923967,,,,,,,,,,29.073529,28.825163,27.489379,27.411126,29.073529,30.720472,27.426587,29.897000,28.250058
2024-03-11,31.078431,2023-11-14,2023-09-30,1.420000,3.313725,9.378698,8.855713,0.377629,26.842689,28.094046,29.345403,30.596761,31.848118,,,,,,,,,,29.198529,28.870915,27.519199,27.445039,29.198529,31.053593,27.343465,30.126061,28.270997
2024-03-12,30.833333,2023-11-14,2023-09-30,1.420000,3.313725,9.304734,8.851097,0.368542,26.887613,28.108860,29.330107,30.551354,31.772601,,,,,,,,,,29.303922,28.912582,27.548203,27.474560,29.303922,31.281302,27.326541,30.292612,28.315231
2024-03-13,30.784314,2023-11-14,2023-09-30,1.420000,3.313725,9.289941,8.847389,0.361749,26.920342,28.119080,29.317818,30.516555,31.715293,,,,,,,,,,29.409314,28.954248,27.579657,27.506058,29.409314,31.468868,27.349759,30.439091,28.379537
2024-03-14,31.225490,2023-11-14,2023-09-30,1.420000,3.313725,9.423077,8.845820,0.358805,26.934657,28.123638,29.312620,30.501601,31.690583,,,,,,,,,,29.546569,29.000000,27.617647,27.534635,29.546569,31.708790,27.384347,30.627679,28.465458
2024-03-15,30.833333,2023-11-14,2023-09-30,1.420000,3.313725,9.304734,8.843265,0.354373,26.955565,28.129860,29.304154,30.478448,31.652743,,,,,,,,,,29.671569,29.036765,27.652369,27.562569,29.671569,31.827516,27.515621,30.749543,28.593595
2024-03-18,31.862745,2023-11-14,2023-09-30,1.420000,3.313725,9.615385,8.843152,0.354122,26.956854,28.130316,29.303779,30.477241,31.650703,,,,,,,,,,29.843137,29.083333,27.695261,27.593405,29.843137,32.125932,27.560342,30.984535,28.701740
2024-03-19,31.715686,2023-11-14,2023-09-30,1.420000,3.313725,9.571006,8.844730,0.356952,26.943324,28.126166,29.309008,30.491850,31.674692,,,,,,,,,,30.000000,29.125817,27.742647,27.625214,30.000000,32.347129,27.652871,31.173565,28.826435
2024-03-20,31.323529,2023-11-14,2023-09-30,1.420000,3.313725,9.452663,8.844733,0.356958,26.943300,28.126159,29.309018,30.491878,31.674737,,,,,,,,,,30.149510,29.160131,27.785131,27.654398,30.149510,32.429616,27.869403,31.289563,29.009457
2024-03-21,31.617647,2023-11-14,2023-09-30,1.420000,3.313725,9.541420,8.845623,0.358570,26.935562,28.123765,29.311967,30.500170,31.688373,,,,,,,,,,30.311275,29.194444,27.830474,27.685005,30.311275,32.521487,28.101062,31.416381,29.206168
2024-03-22,31.176471,2023-11-14,2023-09-30,1.420000,3.313725,9.408284,8.845698,0.358688,26.935031,28.123623,29.312216,30.500808,31.689400,,,,,,,,,,30.443627,29.220588,27.872958,27.710800,30.443627,32.517379,28.369876,31.480503,29.406752
2024-03-25,30.784314,2023-11-14,2023-09-30,1.420000,3.313725,9.289941,8.845818,0.358834,26.934455,28.123533,29.312611,30.501689,31.690768,,,,,,,,,,30.551471,29.239379,27.915033,27.735952,30.551471,32.443954,28.658988,31.497712,29.605229
2024-03-26,30.490196,2023-11-14,2023-09-30,1.420000,3.313725,9.201183,8.845050,0.357967,26.937662,28.123865,29.310068,30.496271,31.682474,,,,,,,,,,30.634804,29.253268,27.954248,27.759284,30.634804,32.344908,28.924699,31.489856,29.779752
2024-03-27,30.686275,2023-11-14,2023-09-30,1.420000,3.313725,9.260355,8.845365,0.358317,26.936378,28.123744,29.311110,30.498476,31.685841,,,,,,,,,,30.735294,29.275327,27.996732,27.783632,30.735294,32.175819,29.294769,31.455557,30.015032
2024-03-28,30.882353,2023-11-14,2023-09-30,1.420000,3.313725,9.319527,8.846172,0.359283,26.932657,28.123222,29.313786,30.504351,31.694915,,,,,,,,,,30.823529,29.303105,28.040850,27.807209,30.823529,32.046633,29.600425,31.435081,30.211977
2024-03-29,30.980392,2023-11-14,2023-09-30,1.420000,3.313725,9.349112,8.847521,0.360874,26.926579,28.122417,29.318255,30.514093,31.709931,,,,,,,,,,30.914216,29.339869,28.086601,27.831989,30.914216,31.856872,29.971560,31.385544,30.442888
2024-04-01,31.372549,2024-03-31,2023-12-31,0.680000,3.078431,10.191083,8.855739,0.379813,24.923327,26.092555,27.261783,28.431012,29.600240,,,,,,,,,,30.980392,29.377451,28.135212,27.858204,30.980392,31.850331,30.110453,31.415362,30.545423
2024-04-02,31.176471,2024-03-31,2023-12-31,0.680000,3.078431,10.127389,8.863720,0.396175,24.847157,26.066756,27.286354,28.505952,29.725550,,,,,,,,,,31.024510,29.413399,28.183007,27.883801,31.024510,31.835399,30.213621,31.429954,30.619065
2024-04-03,31.421569,2024-03-31,2023-12-31,0.680000,3.078431,10.207006,8.872512,0.413935,24.764881,26.039150,27.313420,28.587690,29.861959,,,,,,,,,,31.066176,29.450163,28.233252,27.909228,31.066176,31.868268,30.264085,31.467222,30.665131
2024-04-08,32.107843,2024-03-31,2023-12-31,0.680000,3.078431,10.429936,8.884487,0.437560,24.656290,26.003287,27.350284,28.697282,30.044279,,,,,,,,,,31.139706,29.500000,28.292892,27.936921,31.139706,32.039867,30.239544,31.589787,30.689625
2024-04-09,32.794118,2024-03-31,2023-12-31,0.680000,3.078431,10.652866,8.897731,0.466144,24.521067,25.956061,27.391055,28.826048,30.261042,,,,,,,,,,31.257353,29.561275,28.356618,27.967076,31.257353,32.364383,30.150323,31.810868,30.703838
2024-04-10,32.303922,2024-03-31,2023-12-31,0.680000,3.078431,10.493631,8.909206,0.488014,24.421744,25.924062,27.426380,28.928698,30.431016,,,,,,,,,,31.318627,29.617647,28.415033,27.995982,31.318627,32.515940,30.121315,31.917284,30.719971
2024-04-11,31.960784,2024-03-31,2023-12-31,0.680000,3.078431,10.382166,8.920636,0.506134,24.345368,25.903467,27.461566,29.019665,30.577763,,,,,,,,,,31.375000,29.674837,28.473039,28.022269,31.375000,32.582232,30.167768,31.978616,30.771384
2024-04-12,32.009804,2024-03-31,2023-12-31,0.680000,3.078431,10.398089,8.930873,0.523344,24.270926,25.882003,27.493081,29.104158,30.715235,,,,,,,,,,31.436275,29.727941,28.527778,28.049553,31.436275,32.641672,30.230877,32.038973,30.833576
2024-04-15,32.107843,2024-03-31,2023-12-31,0.680000,3.078431,10.429936,8.941376,0.540539,24.197389,25.861401,27.525412,29.189424,30.853436,,,,,,,,,,31.480392,29.784314,28.583333,28.075857,31.480392,32.717479,30.243306,32.098935,30.861849
2024-04-16,31.568627,2024-03-31,2023-12-31,0.680000,3.078431,10.254777,8.950566,0.553372,24.146669,25.850187,27.553704,29.257221,30.960739,,,,,,,,,,31.517157,29.838235,28.634804,28.100113,31.517157,32.716401,30.317913,32.116779,30.917535
2024-04-17,32.500000,2024-03-31,2023-12-31,0.680000,3.078431,10.557325,8.963014,0.572409,24.067782,25.829903,27.592023,29.354144,31.116264,,,,,,,,,,31.549020,29.907680,28.696078,28.129242,31.549020,32.818718,30.279322,32.183869,30.914171
2024-04-18,32.647059,2024-03-31,2023-12-31,0.680000,3.078431,10.605096,8.974829,0.591394,23.987262,25.807829,27.628395,29.448962,31.269529,,,,,,,,,,31.595588,29.975490,28.755719,28.157000,31.595588,32.956097,30.235080,32.275842,30.915334
2024-04-19,32.450980,2024-03-31,2023-12-31,0.680000,3.078431,10.541401,8.987586,0.608437,23.921603,25.794635,27.667666,29.540697,31.413729,,,,,,,,,,31.651961,30.039216,28.817810,28.184535,31.651961,33.057685,30.246236,32.354823,30.949098
2024-04-22,32.745098,2024-03-31,2023-12-31,0.680000,3.078431,10.636943,9.001728,0.626766,23.852291,25.781746,27.711201,29.640655,31.570110,,,,,,,,,,31.708333,30.111111,28.883987,28.210719,31.708333,33.196286,30.220381,32.452309,30.964357
2024-04-23,33.382353,2024-03-31,2023-12-31,0.680000,3.078431,10.843949,9.017742,0.648878,23.765447,25.762973,27.760499,29.758025,31.755551,,,,,,,,,,31.818627,30.200163,28.955882,28.241342,31.818627,33.459723,30.177532,32.639175,30.998080
2024-04-24,33.039216,2024-03-31,2023-12-31,0.680000,3.078431,10.732484,9.032091,0.667490,23.695025,25.749848,27.804671,29.859494,31.914317,,,,,,,,,,31.931373,30.289216,29.022876,28.266768,31.931373,33.583069,30.279676,32.757221,31.105524
2024-04-25,33.186275,2024-03-31,2023-12-31,0.680000,3.078431,10.780255,9.046691,0.686301,23.624153,25.736884,27.849616,29.962347,32.075079,,,,,,,,,,32.066176,30.379085,29.090686,28.291022,32.066176,33.661751,30.470602,32.863964,31.268389
2024-04-26,32.990196,2024-03-31,2023-12-31,0.680000,3.078431,10.716561,9.061496,0.702940,23.567286,25.731239,27.895193,30.059147,32.223100,,,,,,,,,,32.181373,30.466503,29.158905,28.310890,32.181373,33.687647,30.675098,32.934510,31.428235
2024-04-29,34.460784,2024-03-31,2023-12-31,0.680000,3.078431,11.194268,9.080135,0.729321,23.462244,25.707408,27.952572,30.197735,32.442899,,,,,,,,,,32.360294,30.574346,29.238971,28.337083,32.360294,34.055185,30.665403,33.207740,31.512849
2024-04-30,34.460784,2024-03-31,2023-12-31,0.680000,3.078431,11.194268,9.098479,0.754364,23.364530,25.686787,28.009044,30.331301,32.653558,,,,,,,,,,32.534314,30.679739,29.318219,28.363078,32.534314,34.343494,30.725133,33.438904,31.629724
2024-05-02,34.656863,2024-03-31,2023-12-31,0.680000,3.078431,11.257962,9.117649,0.779561,23.268407,25.668231,28.068056,30.467881,32.867706,,,,,,,,,,32.698529,30.783497,29.399918,28.389097,32.698529,34.654011,30.743048,33.676270,31.720789
2024-05-03,34.558824,2024-03-31,2023-12-31,0.680000,3.078431,11.226115,9.135081,0.802972,23.177928,25.649824,28.121720,30.593615,33.065511,,,,,,,,,,32.867647,30.886438,29.476716,28.414509,32.867647,34.853682,30.881613,33.860664,31.874630
2024-05-06,34.705882,2024-03-31,2023-12-31,0.680000,3.078431,11.273885,9.152322,0.826356,23.087032,25.630914,28.174795,30.718677,33.262559,,,,,,,,,,33.031863,30.993464,29.553105,28.439542,33.031863,35.057187,31.006538,34.044525,32.019200
2024-05-07,34.068627,2024-03-31,2023-12-31,0.680000,3.078431,11.066879,9.167544,0.844612,23.021495,25.621575,28.221654,30.821733,33.421813,,,,,,,,,,33.129902,31.084150,29.623366,28.463705,33.129902,35.156725,31.103079,34.143313,32.116491
2024-05-08,33.676471,2024-03-31,2023-12-31,0.680000,3.078431,10.939490,9.181115,0.859881,22.969262,25.616347,28.263432,30.910517,33.557601,,,,,,,,,,33.174020,31.168301,29.688725,28.485639,33.174020,35.208465,31.139574,34.191243,32.156797
2024-05-09,33.872549,2024-03-31,2023-12-31,0.680000,3.078431,11.003185,9.195511,0.875791,22.915625,25.611687,28.307750,31.003813,33.699875,,,,,,,,,,33.252451,31.256536,29.756536,28.513546,33.252451,35.266504,31.238398,34.259478,32.245424
2024-05-10,34.264706,2024-03-31,2023-12-31,0.680000,3.078431,11.130573,9.210233,0.893319,22.853027,25.603048,28.353070,31.103092,33.853113,,,,,,,,,,33.367647,31.348856,29.825572,28.546854,33.367647,35.333610,31.401684,34.350629,32.384665
2024-05-13,32.450980,2024-03-31,2023-12-31,0.680000,3.078431,10.541401,9.219751,0.901398,22.832586,25.607478,28.382369,31.157261,33.932153,,,,,,,,,,33.389706,31.411765,29.878676,28.573795,33.389706,35.300650,31.478762,34.345178,32.434234
2024-05-14,32.303922,2024-03-31,2023-12-31,0.680000,3.078431,10.493631,9.228428,0.908639,22.814719,25.611901,28.409083,31.206266,34.003448,,,,,,,,,,33.399510,31.475490,29.929330,28.598934,33.399510,35.284601,31.514419,34.342055,32.456964
2024-05-15,32.500000,2024-05-15,2024-03-31,0.370000,3.029412,10.728155,9.238619,0.918573,22.422109,25.204845,27.987580,30.770316,33.553052,,,,,,,,,,33.446078,31.544935,29.980392,28.626277,33.446078,35.180744,31.711413,34.313411,32.578746
2024-05-16,32.450980,2024-05-15,2024-03-31,0.370000,3.029412,10.711974,9.259838,0.922979,22.459695,25.255778,28.051862,30.847945,33.644029,,,,,,,,,,33.443627,31.611928,30.025327,28.651037,33.443627,35.184051,31.703204,34.313839,32.573416
2024-05-17,32.647059,2024-05-15,2024-03-31,0.370000,3.029412,10.776699,9.280980,0.928455,22.490566,25.303238,28.115910,30.928582,33.741254,,,,,,,,,,33.443627,31.679739,30.069853,28.676415,33.443627,35.184051,31.703204,34.313839,32.573416
2024-05-20,33.382353,2024-05-15,2024-03-31,0.370000,3.029412,11.019417,9.304022,0.937035,22.508385,25.347048,28.185712,31.024376,33.863040,,,,,,,,,,33.490196,31.763889,30.120098,28.703271,33.490196,35.167483,31.812909,34.328839,32.651553
2024-05-21,33.039216,2024-05-15,2024-03-31,0.370000,3.029412,10.906149,9.325996,0.943461,22.536018,25.394150,28.252281,31.110413,33.968545,,,,,,,,,,33.504902,31.841503,30.167075,28.730283,33.504902,35.159689,31.850115,34.332295,32.677509
2024-05-22,32.990196,2024-05-15,2024-03-31,0.370000,3.029412,10.889968,9.347959,0.948967,22.569194,25.444005,28.318816,31.193627,34.068437,,,,,,,,,,33.485294,31.915850,30.214052,28.757488,33.485294,35.155417,31.815171,34.320356,32.650232
2024-05-23,32.450980,2024-05-15,2024-03-31,0.370000,3.029412,10.711974,9.367822,0.952386,22.608649,25.493819,28.378989,31.264159,34.149329,,,,,,,,,,33.455882,31.979575,30.254493,28.782247,33.455882,35.178961,31.732804,34.317422,32.594343
2024-05-24,32.598039,2024-05-15,2024-03-31,0.370000,3.029412,10.760518,9.387966,0.956089,22.647237,25.543626,28.440015,31.336403,34.232792,,,,,,,,,,33.426471,32.042484,30.295752,28.808611,33.426471,35.188566,31.664375,34.307518,32.545423
2024-05-27,32.745098,2024-05-15,2024-03-31,0.370000,3.029412,10.809061,9.408638,0.959798,22.687391,25.595015,28.502639,31.410263,34.317887,,,,,,,,,,33.414216,32.110294,30.338644,28.835390,33.414216,35.192422,31.636009,34.303319,32.525113
2024-05-28,32.843137,2024-05-15,2024-03-31,0.370000,3.029412,10.841424,9.429827,0.963151,22.731264,25.649046,28.566828,31.484610,34.402392,,,,,,,,,,33.333333,32.172386,30.383170,28.861982,33.333333,35.057439,31.609227,34.195386,32.471280
2024-05-29,32.843137,2024-05-15,2024-03-31,0.370000,3.029412,10.841424,9.451015,0.966024,22.778045,25.704531,28.631016,31.557501,34.483987,,,,,,,,,,33.252451,32.233660,30.427696,28.888177,33.252451,34.904109,31.600793,34.078280,32.426622
2024-05-30,32.647059,2024-05-15,2024-03-31,0.370000,3.029412,10.776699,9.470431,0.969080,22.818352,25.754094,28.689836,31.625578,34.561320,,,,,,,,,,33.151961,32.276961,30.466503,28.912762,33.151961,34.684076,31.619846,33.918018,32.385903
2024-05-31,33.333333,2024-05-15,2024-03-31,0.370000,3.029412,11.003236,9.492228,0.973923,22.855039,25.805454,28.755869,31.706283,34.656698,,,,,,,,,,33.090686,32.327614,30.512663,28.937034,33.090686,34.476979,31.704394,33.783832,32.397540
2024-06-03,33.186275,2024-05-15,2024-03-31,0.370000,3.029412,10.954693,9.513375,0.977925,22.894856,25.857392,28.819929,31.782465,34.745002,,,,,,,,,,33.014706,32.370915,30.556781,28.959900,33.014706,34.176682,31.852729,33.595694,32.433718
2024-06-04,33.088235,2024-05-15,2024-03-31,0.370000,3.029412,10.922330,9.534374,0.980919,22.940333,25.911939,28.883545,31.855152,34.826758,,,,,,,,,,32.965686,32.411765,30.600490,28.979779,32.965686,34.018002,31.913371,33.491844,32.439529
2024-06-05,33.235294,2024-05-15,2024-03-31,0.370000,3.029412,10.970874,9.554669,0.985262,22.975495,25.960261,28.945027,31.929792,34.914558,,,,,,,,,,32.943627,32.458333,30.641748,28.998289,32.943627,33.950733,31.936522,33.447180,32.440075
2024-06-06,32.990196,2024-05-15,2024-03-31,0.370000,3.029412,10.889968,9.574166,0.988365,23.015763,26.009928,29.004092,31.998256,34.992420,,,,,,,,,,32.899510,32.490196,30.680556,29.011612,32.899510,33.807728,31.991292,33.353619,32.445401
2024-06-07,33.186275,2024-05-15,2024-03-31,0.370000,3.029412,10.954693,9.594203,0.991800,23.055652,26.060222,29.064791,32.069361,35.073930,,,,,,,,,,32.845588,32.529412,30.720997,29.023770,32.845588,33.507071,32.184105,33.176330,32.514847
2024-06-11,32.892157,2024-05-15,2024-03-31,0.370000,3.029412,10.857605,9.613554,0.993621,23.103236,26.113325,29.123413,32.133501,35.143589,,,,,,,,,,32.867647,32.564542,30.759395,29.037082,32.867647,33.502616,32.232679,33.185131,32.550163
2024-06-12,32.990196,2024-05-15,2024-03-31,0.370000,3.029412,10.889968,9.632681,0.995933,23.147177,26.164268,29.181358,32.198448,35.215538,,,,,,,,,,32.901961,32.593954,30.796977,29.050604,32.901961,33.480309,32.323613,33.191135,32.612787
2024-06-13,32.941176,2024-05-15,2024-03-31,0.370000,3.029412,10.873786,9.651304,0.998088,23.190535,26.214154,29.237774,32.261393,35.285013,,,,,,,,,,32.924020,32.629085,30.832925,29.063922,32.924020,33.470597,32.377443,33.197308,32.650731
2024-06-14,32.990196,2024-05-15,2024-03-31,0.370000,3.029412,10.889968,9.668952,1.001131,23.225558,26.258398,29.291237,32.324077,35.356916,,,,,,,,,,32.950980,32.647876,30.865605,29.078634,32.950980,33.450479,32.451481,33.200730,32.701231
2024-06-17,33.039216,2024-05-15,2024-03-31,0.370000,3.029412,10.906149,9.686489,1.004240,23.259851,26.302107,29.344362,32.386618,35.428874,,,,,,,,,,32.970588,32.669935,30.897876,29.094541,32.970588,33.450248,32.490929,33.210418,32.730758
2024-06-18,33.088235,2024-05-15,2024-03-31,0.370000,3.029412,10.922330,9.703913,1.007413,23.293412,26.345280,29.397149,32.449018,35.500887,,,,,,,,,,32.955882,32.699346,30.929739,29.109662,32.955882,33.399032,32.512732,33.177457,32.734307
2024-06-19,33.284314,2024-05-15,2024-03-31,0.370000,3.029412,10.987055,9.721138,1.011561,23.320462,26.384895,29.449329,32.513763,35.578197,,,,,,,,,,32.968137,32.727124,30.960784,29.126590,32.968137,33.433966,32.502308,33.201052,32.735223
2024-06-20,33.578431,2024-05-15,2024-03-31,0.370000,3.029412,11.084142,9.739048,1.016538,23.344565,26.424076,29.503587,32.583097,35.662608,,,,,,,,,,32.997549,32.767157,30.993873,29.144745,32.997549,33.537608,32.457490,33.267579,32.727519
2024-06-21,34.068627,2024-05-15,2024-03-31,0.370000,3.029412,11.245955,9.758183,1.023145,23.362501,26.462028,29.561556,32.661083,35.760610,,,,,,,,,,33.078431,32.821895,31.030637,29.165140,33.078431,33.743822,32.413041,33.411127,32.745736
2024-06-24,34.117647,2024-05-15,2024-03-31,0.370000,3.029412,11.262136,9.777454,1.029546,23.382094,26.501014,29.619933,32.738853,35.857773,,,,,,,,,,33.154412,32.882353,31.067810,29.186334,33.154412,33.927208,32.381615,33.540810,32.768013
2024-06-25,34.264706,2024-05-15,2024-03-31,0.370000,3.029412,11.310680,9.797868,1.035491,23.407921,26.544849,29.681777,32.818705,35.955633,,,,,,,,,,33.230392,32.941993,31.108660,29.207348,33.230392,34.123232,32.337552,33.676812,32.783972
2024-06-26,34.460784,2024-05-15,2024-03-31,0.370000,3.029412,11.375405,9.819192,1.041443,23.436456,26.591416,29.746375,32.901335,36.056294,,,,,,,,,,33.311275,33.001634,31.152369,29.227394,33.311275,34.339260,32.283289,33.825267,32.797282
2024-06-27,34.754902,2024-05-15,2024-03-31,0.370000,3.029412,11.472492,9.842434,1.046990,23.473256,26.645021,29.816785,32.988550,36.160314,,,,,,,,,,33.406863,33.064542,31.202206,29.250648,33.406863,34.594674,32.219052,34.000768,32.812957
2024-06-28,34.950980,2024-05-15,2024-03-31,0.370000,3.029412,11.537217,9.865353,1.053772,23.501599,26.693907,29.886215,33.078523,36.270831,,,,,,,,,,33.522059,33.124183,31.250817,29.274323,33.522059,34.839420,32.204698,34.180739,32.863378
2024-07-01,35.539216,2024-05-15,2024-03-31,0.370000,3.029412,11.731392,9.890136,1.062432,23.524209,26.742751,29.961294,33.179837,36.398380,,,,,,,,,,33.632353,33.196895,31.305147,29.301044,33.632353,35.223999,32.040707,34.428176,32.836530
2024-07-02,35.490196,2024-05-15,2024-03-31,0.370000,3.029412,11.715210,9.914291,1.070737,23.547063,26.790767,30.034471,33.278174,36.521878,,,,,,,,,,33.747549,33.264706,31.357435,29.330932,33.747549,35.525812,31.969286,34.636681,32.858417
2024-07-03,36.029412,2024-05-15,2024-03-31,0.370000,3.029412,11.893204,9.940176,1.080755,23.564783,26.838835,30.112887,33.386939,36.660991,,,,,,,,,,33.894608,33.330065,31.415033,29.363860,33.894608,35.913478,31.875738,34.904043,32.885173
2024-07-04,36.176471,2024-05-15,2024-03-31,0.370000,3.029412,11.941748,9.966466,1.090791,23.583618,26.888074,30.192530,33.496986,36.801441,,,,,,,,,,34.041667,33.386438,31.473856,29.396012,34.041667,36.275375,31.807958,35.158521,32.924813
2024-07-05,36.029412,2024-05-15,2024-03-31,0.370000,3.029412,11.893204,9.992844,1.098830,23.614825,26.943633,30.272440,33.601248,36.930056,,,,,,,,,,34.193627,33.448529,31.533088,29.426560,34.193627,36.536976,31.850279,35.365302,33.021953
2024-07-08,35.784314,2024-05-15,2024-03-31,0.370000,3.029412,11.812298,10.019535,1.103832,23.665373,27.009334,30.353296,33.697258,37.041220,,,,,,,,,,34.323529,33.512255,31.593546,29.456880,34.323529,36.719211,31.927848,35.521370,33.125689
2024-07-09,35.392157,2024-05-15,2024-03-31,0.370000,3.029412,11.682848,10.044407,1.107429,23.718926,27.073785,30.428643,33.783502,37.138361,,,,,,,,,,34.448529,33.568627,31.648284,29.483186,34.448529,36.790021,32.107038,35.619275,33.277784
2024-07-10,35.098039,2024-05-15,2024-03-31,0.370000,3.029412,11.585761,10.068716,1.108992,23.783102,27.142694,30.502286,33.861878,37.221471,,,,,,,,,,34.553922,33.618464,31.701389,29.505888,34.553922,36.807118,32.300725,35.680520,33.427323
2024-07-11,35.539216,2024-05-15,2024-03-31,0.370000,3.029412,11.731392,10.095225,1.110410,23.854816,27.218705,30.582593,33.946482,37.310370,,,,,,,,,,34.683824,33.684641,31.761438,29.530824,34.683824,36.843142,32.524505,35.763483,33.604164
2024-07-12,35.049020,2024-05-15,2024-03-31,0.370000,3.029412,11.569579,10.120386,1.109316,23.937668,27.298242,30.658815,34.019389,37.379962,,,,,,,,,,34.786765,33.727124,31.817402,29.554907,34.786765,36.797298,32.776231,35.792032,33.781498
2024-07-15,35.049020,2024-05-15,2024-03-31,0.370000,3.029412,11.569579,10.144930,1.108518,24.016856,27.375013,30.733170,34.091327,37.449484,,,,,,,,,,34.887255,33.767157,31.871324,29.577206,34.887255,36.723358,33.051152,35.805306,33.969203
2024-07-16,32.850000,2024-05-15,2024-03-31,0.370000,3.029412,10.843689,10.163302,1.101598,24.114438,27.451632,30.788827,34.126021,37.463216,,,,,,,,,,34.875343,33.773807,31.906511,29.599293,34.875343,36.762957,32.987730,35.819150,33.931536
2024-07-17,33.250000,2024-05-15,2024-03-31,0.370000,3.029412,10.975728,10.183267,1.094346,24.218858,27.534084,30.849310,34.164536,37.479762,,,,,,,,,,34.873627,33.782222,31.946667,29.627132,34.873627,36.767382,32.979873,35.820505,33.926750
2024-07-18,33.300000,2024-05-15,2024-03-31,0.370000,3.029412,10.992233,10.204356,1.085235,24.337952,27.625575,30.913198,34.200820,37.488443,,,,,,,,,,34.859706,33.780850,31.990507,29.644967,34.859706,36.797141,32.922271,35.828423,33.890989
2024-07-19,32.650000,2024-05-15,2024-03-31,0.370000,3.029412,10.777670,10.224521,1.073051,24.472855,27.723569,30.974283,34.224997,37.475710,,,,,,,,,,34.788775,33.774363,32.031789,29.664792,34.788775,36.940211,32.637338,35.864493,33.713056
2024-07-22,31.650000,2024-05-15,2024-03-31,0.370000,3.029412,10.447573,10.241687,1.059813,24.605068,27.815678,31.026288,34.236898,37.447508,,,,,,,,,,34.665392,33.748758,32.063922,29.678203,34.665392,37.223486,32.107299,35.944439,33.386345
2024-07-23,32.150000,2024-05-15,2024-03-31,0.370000,3.029412,10.612621,10.260352,1.046259,24.743736,27.913284,31.082833,34.252381,37.421929,,,,,,,,,,34.559657,33.734755,32.100629,29.690837,34.559657,37.351611,31.767702,35.955634,33.163680
2024-07-26,32.400000,2024-05-15,2024-03-31,0.370000,3.029412,10.695146,10.279089,1.033563,24.877420,28.008507,31.139594,34.270680,37.401767,,,,,,,,,,34.456618,33.700408,32.137377,29.706556,34.456618,37.411304,31.501932,35.933961,32.979275
2024-07-29,33.600000,2024-05-15,2024-03-31,0.370000,3.029412,11.091262,10.300757,1.022965,25.007270,28.106252,31.205234,34.304217,37.403199,,,,,,,,,,34.398873,33.686062,32.182900,29.727071,34.398873,37.374083,31.423662,35.886478,32.911267
2024-07-30,33.400000,2024-05-15,2024-03-31,0.370000,3.029412,11.025243,10.321135,1.012701,25.131191,28.199079,31.266968,34.334856,37.402745,,,,,,,,,,34.321324,33.665114,32.224306,29.747774,34.321324,37.316726,31.325921,35.819025,32.823622
2024-07-31,33.350000,2024-05-15,2024-03-31,0.370000,3.029412,11.008738,10.341499,1.001601,25.260133,28.294395,31.328658,34.362920,37.397183,,,,,,,,,,34.211863,33.644967,32.265703,29.767247,34.211863,37.179749,31.243977,35.695806,32.727920
2024-08-01,33.700000,2024-05-15,2024-03-31,0.370000,3.029412,11.124272,10.363072,0.990190,25.394625,28.394319,31.394012,34.393705,37.393398,,,,,,,,,,34.122353,33.628203,32.310833,29.785931,34.122353,37.035383,31.209323,35.578868,32.665838
2024-08-02,32.800000,2024-05-15,2024-03-31,0.370000,3.029412,10.827184,10.381306,0.978251,25.522204,28.485728,31.449251,34.412775,37.376299,,,,,,,,,,33.960882,33.607059,32.345605,29.802500,33.960882,36.785495,31.136270,35.373189,32.548576
2024-08-05,30.100000,2024-05-15,2024-03-31,0.370000,3.029412,9.935922,10.392113,0.965927,25.629608,28.555800,31.481991,34.408182,37.334373,,,,,,,,,,33.657059,33.547451,32.357876,29.808636,33.657059,36.770661,30.543456,35.213860,32.100258
2024-08-06,30.400000,2024-05-15,2024-03-31,0.370000,3.029412,10.034951,10.403869,0.952725,25.745211,28.631408,31.517604,34.403800,37.289996,,,,,,,,,,33.375588,33.489575,32.373056,29.820310,33.375588,36.601954,30.149222,34.988771,31.762405
2024-08-07,31.150000,2024-05-15,2024-03-31,0.370000,3.029412,10.282524,10.417318,0.939321,25.867168,28.712757,31.558347,34.403936,37.249525,,,,,,,,,,33.143873,33.437663,32.393260,29.834702,33.143873,36.306892,29.980853,34.725382,31.562363
2024-08-08,30.800000,2024-05-15,2024-03-31,0.370000,3.029412,10.166990,10.429928,0.925503,25.989084,28.792815,31.596546,34.400277,37.204008,,,,,,,,,,32.914265,33.410147,32.410956,29.847635,32.914265,36.056736,29.771794,34.485500,31.343029
2024-08-09,30.600000,2024-05-15,2024-03-31,0.370000,3.029412,10.100971,10.442480,0.910496,26.118037,28.876305,31.634573,34.392841,37.151109,,,,,,,,,,32.689363,33.381748,32.428619,29.858305,32.689363,35.817576,29.561149,34.253470,31.125256
2024-08-12,31.150000,2024-05-15,2024-03-31,0.370000,3.029412,10.282524,10.456916,0.893824,26.262782,28.970542,31.678303,34.386064,37.093824,,,,,,,,,,32.469902,33.359248,32.452092,29.871471,32.469902,35.363339,29.576465,33.916620,31.023184
2024-08-13,30.600000,2024-05-15,2024-03-31,0.370000,3.029412,10.100971,10.469591,0.877620,26.399359,29.058031,31.716703,34.375375,37.034047,,,,,,,,,,32.247451,33.328399,32.470163,29.880915,32.247451,34.985944,29.508958,33.616697,30.878205
2024-08-14,30.900000,2024-08-14,2024-06-30,0.560000,3.030000,10.198020,10.482706,0.861422,26.542383,29.152491,31.762599,34.372707,36.982815,,,,,,,,,,32.040000,33.299281,32.489510,29.892222,32.040000,34.499268,29.580732,33.269634,30.810366
2024-08-15,30.550000,2024-08-14,2024-06-30,0.560000,3.030000,10.082508,10.495474,0.843711,26.688396,29.244842,31.801287,34.357733,36.914179,,,,,,,,,,31.925000,33.252075,32.507982,29.900846,31.925000,34.439275,29.410725,33.182138,30.667862
2024-08-16,30.650000,2024-08-14,2024-06-30,0.560000,3.030000,10.115512,10.508395,0.825578,26.837430,29.338933,31.840435,34.341938,36.843441,,,,,,,,,,31.795000,33.212255,32.526879,29.911724,31.795000,34.289605,29.300395,33.042302,30.547698
2024-08-19,30.650000,2024-08-14,2024-06-30,0.560000,3.030000,10.115512,10.520945,0.807723,26.983663,29.431063,31.878463,34.325863,36.773263,,,,,,,,,,31.662500,33.173252,32.544551,29.923623,31.662500,34.101412,29.223588,32.881956,30.443044
2024-08-20,30.400000,2024-08-14,2024-06-30,0.560000,3.030000,10.033003,10.532561,0.790266,27.124649,29.519155,31.913660,34.308166,36.702671,,,,,,,,,,31.550000,33.139069,32.559322,29.937136,31.550000,34.004641,29.095359,32.777321,30.322679
2024-08-21,30.750000,2024-08-14,2024-06-30,0.560000,3.030000,10.148515,10.544647,0.772876,27.266654,29.608467,31.950280,34.292093,36.633906,,,,,,,,,,31.505000,33.108268,32.575376,29.952108,31.505000,33.984792,29.025208,32.744896,30.265104
2024-08-22,30.450000,2024-08-14,2024-06-30,0.560000,3.030000,10.049505,10.556277,0.754465,27.413463,29.699492,31.985521,34.271549,36.557578,,,,,,,,,,31.420000,33.070016,32.590155,29.966850,31.420000,33.923135,28.916865,32.671567,30.168433
2024-08-23,30.450000,2024-08-14,2024-06-30,0.560000,3.030000,10.049505,10.566798,0.738213,27.543830,29.780615,32.017399,34.254184,36.490968,,,,,,,,,,31.322500,33.030131,32.601258,29.980163,31.322500,33.816804,28.828196,32.569652,30.075348
2024-08-26,30.400000,2024-08-14,2024-06-30,0.560000,3.030000,10.033003,10.577059,0.721850,27.674078,29.861283,32.048488,34.235693,36.422898,,,,,,,,,,31.162500,32.989412,32.611536,29.993472,31.162500,33.443053,28.881947,32.302776,30.022224
2024-08-27,30.400000,2024-08-14,2024-06-30,0.560000,3.030000,10.033003,10.585100,0.710179,27.769169,29.921011,32.072853,34.224695,36.376537,,,,,,,,,,31.012500,32.951961,32.614461,30.005556,31.012500,33.055685,28.969315,32.034093,29.990907
2024-08-28,30.400000,2024-08-14,2024-06-30,0.560000,3.030000,10.033003,10.592525,0.699543,27.856123,29.975737,32.095350,34.214964,36.334578,,,,,,,,,,30.865000,32.903072,32.615343,30.016822,30.865000,32.600420,29.129580,31.732710,29.997290
2024-08-29,30.450000,2024-08-14,2024-06-30,0.560000,3.030000,10.049505,10.599348,0.690078,27.934151,30.025087,32.116024,34.206960,36.297897,,,,,,,,,,30.702500,32.857467,32.614191,30.027888,30.702500,31.818166,29.586834,31.260333,30.144667
2024-08-30,30.900000,2024-08-14,2024-06-30,0.560000,3.030000,10.198020,10.607285,0.679777,28.020626,30.080349,32.140073,34.199797,36.259521,,,,,,,,,,30.607500,32.820997,32.616381,30.040217,30.607500,31.144818,30.070182,30.876159,30.338841
2024-09-02,30.550000,2024-08-14,2024-06-30,0.560000,3.030000,10.082508,10.614752,0.668871,28.109341,30.136020,32.162700,34.189380,36.216059,,,,,,,,,,30.630000,32.776242,32.617288,30.053333,30.630000,31.112755,30.147245,30.871378,30.388622
2024-09-03,30.200000,2024-08-14,2024-06-30,0.560000,3.030000,9.966997,10.619655,0.661855,28.166716,30.172135,32.177555,34.182974,36.188393,,,,,,,,,,30.620000,32.729739,32.609967,30.064583,30.620000,31.130315,30.109685,30.875157,30.364843
2024-09-04,29.300000,2024-08-14,2024-06-30,0.560000,3.030000,9.669967,10.622699,0.656576,28.207928,30.197353,32.186777,34.176201,36.165625,,,,,,,,,,30.527500,32.664967,32.597190,30.072696,30.527500,31.256937,29.798063,30.892219,30.162781
2024-09-05,29.200000,2024-08-14,2024-06-30,0.560000,3.030000,9.636964,10.625590,0.651400,28.248055,30.221797,32.195539,34.169281,36.143023,,,,,,,,,,30.447500,32.603431,32.583987,30.081822,30.447500,31.375131,29.519869,30.911316,29.983684
2024-09-06,29.250000,2024-08-14,2024-06-30,0.560000,3.030000,9.653465,10.627510,0.648157,28.273522,30.237439,32.201356,34.165274,36.129191,,,,,,,,,,30.380000,32.541095,32.567525,30.092586,30.380000,31.446919,29.313081,30.913459,29.846541
2024-09-09,29.100000,2024-08-14,2024-06-30,0.560000,3.030000,9.603960,10.630004,0.643585,28.308785,30.258848,32.208912,34.158975,36.109039,,,,,,,,,,30.277500,32.477075,32.553080,30.102725,30.277500,31.423879,29.131121,30.850689,29.704311
2024-09-10,29.150000,2024-08-14,2024-06-30,0.560000,3.030000,9.620462,10.630046,0.643518,28.309320,30.259180,32.209040,34.158900,36.108760,,,,,,,,,,30.205000,32.413072,32.530474,30.112868,30.205000,31.445076,28.964924,30.825038,29.584962
2024-09-11,29.150000,2024-08-14,2024-06-30,0.560000,3.030000,9.620462,10.630458,0.642850,28.314620,30.262454,32.210289,34.158123,36.105958,,,,,,,,,,30.117500,32.348252,32.509093,30.125870,30.117500,31.397416,28.837584,30.757458,29.477542
2024-09-12,29.600000,2024-08-14,2024-06-30,0.560000,3.030000,9.768977,10.633094,0.638614,28.348273,30.283275,32.218276,34.153277,36.088278,,,,,,,,,,30.070000,32.290114,32.494730,30.139931,30.070000,31.352842,28.787158,30.711421,29.428579
2024-09-13,29.800000,2024-08-14,2024-06-30,0.560000,3.030000,9.834983,10.635541,0.634949,28.377898,30.301793,32.225688,34.149584,36.073479,,,,,,,,,,30.027500,32.232042,32.479583,30.155029,30.027500,31.285516,28.769484,30.656508,29.398492
2024-09-16,30.200000,2024-08-14,2024-06-30,0.560000,3.030000,9.966997,10.640197,0.627883,28.434823,30.337309,32.239796,34.142282,36.044768,,,,,,,,,,30.005000,32.175735,32.471446,30.172202,30.005000,31.231849,28.778151,30.618424,29.391576
2024-09-18,30.350000,2024-08-14,2024-06-30,0.560000,3.030000,10.016502,10.646251,0.618181,28.511961,30.385051,32.258141,34.131231,36.004321,,,,,,,,,,30.002500,32.113758,32.467827,30.191430,30.002500,31.226159,28.778841,30.614330,29.390670
2024-09-19,30.450000,2024-08-14,2024-06-30,0.560000,3.030000,10.049505,10.653321,0.606253,28.605670,30.442616,32.279561,34.116507,35.953453,,,,,,,,,,29.987500,32.052631,32.467492,30.210870,29.987500,31.179524,28.795476,30.583512,29.391488
2024-09-20,30.650000,2024-08-14,2024-06-30,0.560000,3.030000,10.115512,10.660447,0.594656,28.697536,30.499345,32.301154,34.102963,35.904772,,,,,,,,,,29.997500,31.992386,32.467190,30.231961,29.997500,31.209056,28.785944,30.603278,29.391722
2024-09-23,30.400000,2024-08-14,2024-06-30,0.560000,3.030000,10.033003,10.666393,0.584619,28.776380,30.547775,32.319169,34.090564,35.861959,,,,,,,,,,29.995000,31.924706,32.463170,30.252010,29.995000,31.202825,28.787175,30.598913,29.391087
2024-09-24,30.450000,2024-08-14,2024-06-30,0.560000,3.030000,10.049505,10.672229,0.574770,28.853746,30.595300,32.336854,34.078408,35.819962,,,,,,,,,,29.997500,31.852958,32.458750,30.272676,29.997500,31.209056,28.785944,30.603278,29.391722
2024-09-25,30.750000,2024-08-14,2024-06-30,0.560000,3.030000,10.148515,10.671874,0.575083,28.850778,30.593279,32.335780,34.078280,35.820781,,,,,,,,,,30.015000,31.782941,32.453562,30.294387,30.015000,31.260666,28.769334,30.637833,29.392167
2024-09-26,30.650000,2024-08-14,2024-06-30,0.560000,3.030000,10.115512,10.671775,0.575178,28.849899,30.592689,32.335480,34.078270,35.821060,,,,,,,,,,30.027500,31.701454,32.449175,30.316091,30.027500,31.294272,28.760728,30.660886,29.394114
2024-09-27,30.750000,2024-08-14,2024-06-30,0.560000,3.030000,10.148515,10.671288,0.575600,28.845866,30.589934,32.334003,34.078071,35.822139,,,,,,,,,,30.042500,31.622451,32.443578,30.338415,30.042500,31.337135,28.747865,30.689817,29.395183
2024-09-30,30.900000,2024-08-14,2024-06-30,0.560000,3.030000,10.198020,10.669355,0.576805,28.832706,30.580427,32.328147,34.075867,35.823587,,,,,,,,,,30.042500,31.536961,32.433513,30.363203,30.042500,31.337135,28.747865,30.689817,29.395183
2024-10-01,30.600000,2024-08-14,2024-06-30,0.560000,3.030000,10.099010,10.664740,0.579150,28.804516,30.559339,32.314162,34.068985,35.823808,,,,,,,,,,30.045000,31.444020,32.415229,30.385923,30.045000,31.343947,28.746053,30.694473,29.395527
2024-10-04,30.350000,2024-08-14,2024-06-30,0.560000,3.030000,10.016502,10.660764,0.581965,28.775406,30.538760,32.302114,34.065469,35.828823,,,,,,,,,,30.052500,31.349363,32.398946,30.406989,30.052500,31.356936,28.748064,30.704718,29.400282
2024-10-07,31.000000,2024-08-14,2024-06-30,0.560000,3.030000,10.231023,10.659504,0.582736,28.766917,30.532607,32.298298,34.063989,35.829680,,,,,,,,,,30.137500,31.269624,32.390940,30.431989,30.137500,31.456940,28.818060,30.797220,29.477780
2024-10-08,30.600000,2024-08-14,2024-06-30,0.560000,3.030000,10.099010,10.657012,0.584501,28.748673,30.519710,32.290746,34.061783,35.832820,,,,,,,,,,30.207500,31.189755,32.379191,30.453484,30.207500,31.464596,28.950404,30.836048,29.578952
2024-10-09,30.300000,2024-08-14,2024-06-30,0.560000,3.030000,10.000000,10.653429,0.587216,28.721364,30.500627,32.279890,34.059154,35.838417,,,,,,,,,,30.260000,31.109788,32.364126,30.473730,30.260000,31.433658,29.086342,30.846829,29.673171
2024-10-11,30.200000,2024-08-14,2024-06-30,0.560000,3.030000,9.966997,10.651031,0.589441,28.700613,30.486619,32.272624,34.058629,35.844635,,,,,,,,,,30.315000,31.020801,32.352721,30.493762,30.315000,31.355293,29.274707,30.835147,29.794853
2024-10-14,30.100000,2024-08-14,2024-06-30,0.560000,3.030000,9.933993,10.645837,0.593009,28.663249,30.460067,32.256885,34.053703,35.850521,,,,,,,,,,30.362500,30.938317,32.332721,30.514400,30.362500,31.255086,29.469914,30.808793,29.916207
2024-10-15,30.050000,2024-08-14,2024-06-30,0.560000,3.030000,9.917492,10.640107,0.596717,28.623420,30.431472,32.239523,34.047574,35.855626,,,,,,,,,,30.407500,30.855000,32.311078,30.533399,30.407500,31.114067,29.700933,30.760783,30.054217
2024-10-16,31.600000,2024-08-14,2024-06-30,0.560000,3.030000,10.429043,10.639170,0.596961,28.619103,30.427894,32.236686,34.045477,35.854269,,,,,,,,,,30.507500,30.834167,32.303987,30.560899,30.507500,31.294416,29.720584,30.900958,30.114042
2024-10-17,30.850000,2024-08-14,2024-06-30,0.560000,3.030000,10.181518,10.635375,0.598421,28.598755,30.411970,32.225186,34.038402,35.851618,,,,,,,,,,30.560000,30.794167,32.288194,30.586091,30.560000,31.285911,29.834089,30.922956,30.197044
2024-10-18,30.650000,2024-08-14,2024-06-30,0.560000,3.030000,10.115512,10.629305,0.599980,28.570914,30.388854,32.206793,34.024733,35.842673,,,,,,,,,,30.582500,30.750000,32.265425,30.610654,30.582500,31.289067,29.875933,30.935783,30.229217
2024-10-21,30.600000,2024-08-14,2024-06-30,0.560000,3.030000,10.099010,10.624026,0.601849,28.543596,30.367197,32.190798,34.014399,35.838001,,,,,,,,,,30.595000,30.715833,32.245098,30.633987,30.595000,31.293042,29.896958,30.944021,30.245979
2024-10-22,30.700000,2024-08-14,2024-06-30,0.560000,3.030000,10.132013,10.618624,0.603342,28.518178,30.346304,32.174430,34.002556,35.830682,,,,,,,,,,30.607500,30.700000,32.224379,30.657533,30.607500,31.303560,29.911440,30.955530,30.259470
2024-10-23,30.550000,2024-08-14,2024-06-30,0.560000,3.030000,10.082508,10.613340,0.605250,28.490603,30.324512,32.158420,33.992329,35.826237,,,,,,,,,,30.602500,30.673333,32.204044,30.681475,30.602500,31.298712,29.906288,30.950606,30.254394
2024-10-24,30.350000,2024-08-14,2024-06-30,0.560000,3.030000,10.016502,10.603525,0.605300,28.460562,30.294622,32.128682,33.962741,35.796801,,,,,,,,,,30.600000,30.639167,32.169788,30.704379,30.600000,31.299624,29.900376,30.949812,30.250188
2024-10-25,30.350000,2024-08-14,2024-06-30,0.560000,3.030000,10.016502,10.593711,0.605190,28.431494,30.265219,32.098943,33.932667,35.766392,,,,,,,,,,30.595000,30.585000,32.135531,30.726875,30.595000,31.300542,29.889458,30.947771,30.242229
2024-10-28,30.650000,2024-08-14,2024-06-30,0.560000,3.030000,10.115512,10.584190,0.603636,28.412060,30.241078,32.070096,33.899114,35.728132,,,,,,,,,,30.590000,30.539167,32.102141,30.751029,30.590000,31.292327,29.887673,30.941163,30.238837
2024-10-29,30.250000,2024-08-14,2024-06-30,0.560000,3.030000,9.983498,10.573835,0.603190,28.383389,30.211055,32.038720,33.866386,35.694051,,,,,,,,,,30.570000,30.487500,32.066234,30.771475,30.570000,31.287745,29.852255,30.928873,30.211127
2024-10-30,30.250000,2024-08-14,2024-06-30,0.560000,3.030000,9.983498,10.563082,0.602106,28.357375,30.181756,32.006138,33.830519,35.654901,,,,,,,,,,30.545000,30.430000,32.029101,30.791103,30.545000,31.271129,29.818871,30.908064,30.181936
2024-11-01,31.200000,2024-08-14,2024-06-30,0.560000,3.030000,10.297030,10.556666,0.600793,28.345893,30.166296,31.986699,33.807102,35.627505,,,,,,,,,,30.560000,30.403333,32.005196,30.814281,30.560000,31.328183,29.791817,30.944092,30.175908
2024-11-04,30.650000,2024-08-14,2024-06-30,0.560000,3.030000,10.115512,10.549800,0.601090,28.323291,30.144592,31.965894,33.787195,35.608496,,,,,,,,,,30.562500,30.412500,31.979975,30.834350,30.562500,31.331556,29.793444,30.947028,30.177972
2024-11-05,30.700000,2024-08-14,2024-06-30,0.560000,3.030000,10.132013,10.542540,0.600828,28.302876,30.123386,31.943897,33.764407,35.584917,,,,,,,,,,30.580000,30.417500,31.953538,30.855037,30.580000,31.344612,29.815388,30.962306,30.197694
2024-11-06,30.600000,2024-08-14,2024-06-30,0.560000,3.030000,10.099010,10.533944,0.599723,28.283528,30.100689,31.917850,33.735010,35.552171,,,,,,,,,,30.560000,30.408333,31.922998,30.874285,30.560000,31.298847,29.821153,30.929423,30.190577
2024-11-07,30.550000,2024-08-14,2024-06-30,0.560000,3.030000,10.082508,10.530120,0.601136,28.263376,30.084819,31.906263,33.727706,35.549150,,,,,,,,,,30.557500,30.404167,31.907157,30.892917,30.557500,31.296115,29.818885,30.926808,30.188192
2024-11-08,30.000000,2024-08-14,2024-06-30,0.560000,3.030000,9.900990,10.525181,0.603867,28.231864,30.061581,31.891298,33.721015,35.550732,,,,,,,,,,30.542500,30.394167,31.887958,30.908644,30.542500,31.314561,29.770439,30.928531,30.156469
2024-11-11,29.900000,2024-08-14,2024-06-30,0.560000,3.030000,9.867987,10.518013,0.606537,28.193967,30.031773,31.869579,33.707385,35.545192,,,,,,,,,,30.527500,30.373333,31.866291,30.923342,30.527500,31.338266,29.716734,30.932883,30.122117
2024-11-12,29.550000,2024-08-14,2024-06-30,0.560000,3.030000,9.752475,10.510017,0.610271,28.147108,29.996230,31.845352,33.694474,35.543595,,,,,,,,,,30.500000,30.355833,31.842116,30.933721,30.500000,31.403793,29.596207,30.951897,30.048103
2024-11-13,29.300000,2024-08-14,2024-06-30,0.560000,3.030000,9.669967,10.500794,0.614555,28.093205,29.955306,31.817407,33.679508,35.541609,,,,,,,,,,30.462500,30.329167,31.814224,30.942038,30.462500,31.497607,29.427393,30.980054,29.944946
2024-11-14,29.000000,2024-11-14,2024-09-30,0.690000,2.300000,12.608696,10.514038,0.642323,21.227603,22.704945,24.182288,25.659631,27.136974,,,,,,,,,,30.332500,30.303333,31.777704,30.948901,30.332500,31.417942,29.247058,30.875221,29.789779
2024-11-15,29.200000,2024-11-14,2024-09-30,0.690000,2.300000,12.695652,10.528951,0.671608,21.127189,22.671888,24.216587,25.761286,27.305985,,,,,,,,,,30.250000,30.279167,31.745711,30.956393,30.250000,31.417544,29.082456,30.833772,29.666228
2024-11-18,29.350000,2024-11-14,2024-09-30,0.690000,2.300000,12.760870,10.544542,0.701127,21.027264,22.639855,24.252446,25.865037,27.477628,,,,,,,,,,30.185000,30.257500,31.715376,30.964714,30.185000,31.402461,28.967539,30.793730,29.576270
2024-11-19,29.300000,2024-11-14,2024-09-30,0.690000,2.300000,12.739130,10.561435,0.729059,20.937627,22.614463,24.291300,25.968136,27.644973,,,,,,,,,,30.120000,30.239167,31.689118,30.971806,30.120000,31.382162,28.857838,30.751081,29.488919
2024-11-20,29.150000,2024-11-14,2024-09-30,0.690000,2.300000,12.673913,10.577380,0.753949,20.859809,22.593891,24.327973,26.062055,27.796137,,,,,,,,,,30.042500,30.212500,31.660384,30.978068,30.042500,31.344432,28.740568,30.693466,29.391534
2024-11-21,29.250000,2024-11-14,2024-09-30,0.690000,2.300000,12.717391,10.593282,0.778599,20.782992,22.573771,24.364549,26.155328,27.946107,,,,,,,,,,29.977500,30.192500,31.631258,30.984951,29.977500,31.302354,28.652646,30.639927,29.315073
2024-11-22,29.450000,2024-11-14,2024-09-30,0.690000,2.300000,12.804348,10.609640,0.804060,20.703497,22.552835,24.402172,26.251510,28.100847,,,,,,,,,,29.932500,30.175833,31.602982,30.993076,29.932500,31.265196,28.599804,30.598848,29.266152
2024-11-25,29.800000,2024-11-14,2024-09-30,0.690000,2.300000,12.956522,10.627266,0.831885,20.616043,22.529377,24.442712,26.356046,28.269380,,,,,,,,,,29.905000,30.165833,31.577623,31.002659,29.905000,31.224051,28.585949,30.564525,29.245475
2024-11-26,29.650000,2024-11-14,2024-09-30,0.690000,2.300000,12.891304,10.644888,0.857091,20.540621,22.511931,24.483241,26.454552,28.425862,,,,,,,,,,29.855000,30.153333,31.552647,31.009575,29.855000,31.130230,28.579770,30.492615,29.217385
2024-11-27,29.300000,2024-11-14,2024-09-30,0.690000,2.300000,12.739130,10.659353,0.877594,20.479580,22.498046,24.516513,26.534979,28.553446,,,,,,,,,,29.807500,30.135000,31.519036,31.015850,29.807500,31.091521,28.523479,30.449511,29.165489
2024-11-28,29.300000,2024-11-14,2024-09-30,0.690000,2.300000,12.739130,10.674224,0.897532,20.422067,22.486391,24.550714,26.615038,28.679362,,,,,,,,,,29.760000,30.115833,31.486650,31.021716,29.760000,31.045383,28.474617,30.402692,29.117308
2024-11-29,29.250000,2024-11-14,2024-09-30,0.690000,2.300000,12.717391,10.689183,0.916461,20.369398,22.477259,24.585120,26.692981,28.800841,,,,,,,,,,29.662500,30.088333,31.454665,31.027578,29.662500,30.771732,28.553268,30.217116,29.107884
2024-12-02,29.200000,2024-11-14,2024-09-30,0.690000,2.300000,12.695652,10.703556,0.934268,20.320544,22.469361,24.618178,26.766995,28.915812,,,,,,,,,,29.590000,30.065833,31.421038,31.031393,29.590000,30.613719,28.566281,30.101859,29.078141
2024-12-03,29.400000,2024-11-14,2024-09-30,0.690000,2.300000,12.782609,10.719328,0.953225,20.269619,22.462037,24.654454,26.846871,29.039288,,,,,,,,,,29.525000,30.052500,31.391119,31.035837,29.525000,30.407282,28.642718,29.966141,29.083859
2024-12-04,29.600000,2024-11-14,2024-09-30,0.690000,2.300000,12.869565,10.735285,0.973020,20.215262,22.453209,24.691155,26.929102,29.167049,,,,,,,,,,29.475000,30.057500,31.361234,31.041115,29.475000,30.200113,28.749887,29.837557,29.112443
2024-12-05,29.550000,2024-11-14,2024-09-30,0.690000,2.300000,12.847826,10.751870,0.991901,20.166555,22.447928,24.729301,27.010674,29.292047,,,,,,,,,,29.425000,30.063333,31.333382,31.046389,29.425000,29.947645,28.902355,29.686323,29.163677
2024-12-06,29.350000,2024-11-14,2024-09-30,0.690000,2.300000,12.760870,10.767461,1.008652,20.125360,22.445260,24.765160,27.085060,29.404961,,,,,,,,,,29.392500,30.065000,31.303047,31.050012,29.392500,29.840037,28.944963,29.616269,29.168731
2024-12-09,29.300000,2024-11-14,2024-09-30,0.690000,2.300000,12.739130,10.783006,1.024553,20.087969,22.444441,24.800913,27.157384,29.513856,,,,,,,,,,29.362500,30.068333,31.272704,31.052815,29.362500,29.742077,28.982923,29.552289,29.172711
2024-12-10,29.200000,2024-11-14,2024-09-30,0.690000,2.300000,12.695652,10.798053,1.039291,20.054784,22.445153,24.835522,27.225891,29.616260,,,,,,,,,,29.345000,30.069167,31.241119,31.053362,29.345000,29.720430,28.969570,29.532715,29.157285
2024-12-11,29.300000,2024-11-14,2024-09-30,0.690000,2.300000,12.739130,10.813328,1.054255,20.021080,22.445867,24.870654,27.295441,29.720228,,,,,,,,,,29.345000,30.071667,31.209959,31.053917,29.345000,29.720430,28.969570,29.532715,29.157285
2024-12-12,28.950000,2024-11-14,2024-09-30,0.690000,2.300000,12.586957,10.827200,1.066581,19.996286,22.449423,24.902559,27.355696,29.808832,,,,,,,,,,29.342500,30.060833,31.175474,31.052606,29.342500,29.728130,28.956870,29.535315,29.149685
2024-12-13,28.450000,2024-11-14,2024-09-30,0.690000,2.300000,12.369565,10.838721,1.075750,19.980609,22.454833,24.929057,27.403281,29.877505,,,,,,,,,,29.305000,30.038333,31.135188,31.047986,29.305000,29.858363,28.751637,29.581681,29.028319
2024-12-16,27.800000,2024-11-14,2024-09-30,0.690000,2.300000,12.086957,10.847077,1.081552,19.973141,22.460709,24.948278,27.435847,29.923415,,,,,,,,,,29.227500,29.998333,31.087034,31.040453,29.227500,30.097754,28.357246,29.662627,28.792373
2024-12-17,27.800000,2024-11-14,2024-09-30,0.690000,2.300000,12.086957,10.854086,1.086870,19.964796,22.464597,24.964397,27.464197,29.963998,,,,,,,,,,29.152500,29.955833,31.034796,31.032717,29.152500,30.230254,28.074746,29.691377,28.613623
2024-12-18,27.850000,2024-11-14,2024-09-30,0.690000,2.300000,12.108696,10.861140,1.092275,19.956160,22.468391,24.980623,27.492854,30.005086,,,,,,,,,,29.087500,29.912500,30.982565,31.025188,29.087500,30.312621,27.862379,29.700060,28.474940
2024-12-19,27.800000,2024-11-14,2024-09-30,0.690000,2.300000,12.086957,10.867609,1.097247,19.948166,22.471834,24.995501,27.519169,30.042836,,,,,,,,,,29.015000,29.865000,30.928693,31.018676,29.015000,30.364893,27.665107,29.689946,28.340054
2024-12-20,27.750000,2024-11-14,2024-09-30,0.690000,2.300000,12.065217,10.873358,1.101727,19.940778,22.474750,25.008723,27.542695,30.076668,,,,,,,,,,28.930000,29.820833,30.872770,31.012569,28.930000,30.375283,27.484717,29.652641,28.207359
2024-12-23,28.250000,2024-11-14,2024-09-30,0.690000,2.300000,12.282609,10.880109,1.107894,19.927937,22.476094,25.024250,27.572407,30.120563,,,,,,,,,,28.852500,29.784167,30.818562,31.010384,28.852500,30.267262,27.437738,29.559881,28.145119
2024-12-24,27.950000,2024-11-14,2024-09-30,0.690000,2.300000,12.152174,10.885233,1.112372,19.919124,22.477580,25.036037,27.594493,30.152950,,,,,,,,,,28.767500,29.737500,30.760221,31.005519,28.767500,30.184790,27.350210,29.476145,28.058855
2024-12-25,27.950000,2024-11-14,2024-09-30,0.690000,2.300000,12.152174,10.888740,1.115720,19.911788,22.477945,25.044102,27.610258,30.176415,,,,,,,,,,28.700000,29.692500,30.696977,31.001062,28.700000,30.138932,27.261068,29.419466,27.980534
2024-12-26,29.150000,2024-11-14,2024-09-30,0.690000,2.300000,12.673913,10.896729,1.125081,19.887103,22.474790,25.062477,27.650164,30.237850,,,,,,,,,,28.692500,29.665833,30.644142,31.000788,28.692500,30.119781,27.265219,29.406141,27.978859
2024-12-27,29.000000,2024-11-14,2024-09-30,0.690000,2.300000,12.608696,10.902692,1.132279,19.867706,22.471948,25.076190,27.680433,30.284675,,,,,,,,,,28.680000,29.634167,30.585564,31.000298,28.680000,30.091009,27.268991,29.385505,27.974495
2024-12-30,28.900000,2024-11-14,2024-09-30,0.690000,2.300000,12.565217,10.907887,1.138501,19.851038,22.469589,25.088140,27.706692,30.325243,,,,,,,,,,28.665000,29.605833,30.524926,30.999391,28.665000,30.059010,27.270990,29.362005,27.967995
2024-12-31,28.600000,2024-11-14,2024-09-30,0.690000,2.300000,12.434783,10.912400,1.143502,19.838413,22.468467,25.098521,27.728575,30.358629,,,,,,,,,,28.625000,29.576667,30.463015,30.998051,28.625000,29.975439,27.274561,29.300219,27.949781
2025-01-02,28.250000,2024-11-14,2024-09-30,0.690000,2.300000,12.282609,10.916320,1.147411,19.829443,22.468489,25.107535,27.746581,30.385627,,,,,,,,,,28.557500,29.530833,30.400229,30.996887,28.557500,29.835770,27.279230,29.196635,27.918365
2025-01-03,28.250000,2024-11-14,2024-09-30,0.690000,2.300000,12.282609,10.921318,1.152075,19.819485,22.469258,25.119030,27.768803,30.418575,,,,,,,,,,28.492500,29.491667,30.340711,30.994498,28.492500,29.687787,27.297213,29.090143,27.894857
2025-01-06,28.350000,2024-11-14,2024-09-30,0.690000,2.300000,12.326087,10.927487,1.157632,19.808113,22.470667,25.133220,27.795773,30.458326,,,,,,,,,,28.442500,29.459167,30.284477,30.992933,28.442500,29.568403,27.316597,29.005452,27.879548
2025-01-07,28.200000,2024-11-14,2024-09-30,0.690000,2.300000,12.260870,10.931899,1.161724,19.799440,22.471404,25.143368,27.815332,30.487296,,,,,,,,,,28.387500,29.425833,30.223317,30.992377,28.387500,29.442251,27.332749,28.914876,27.860124
2025-01-08,28.400000,2024-11-14,2024-09-30,0.690000,2.300000,12.347826,10.938385,1.167471,19.787916,22.473100,25.158285,27.843469,30.528653,,,,,,,,,,28.347500,29.397500,30.167908,30.992655,28.347500,29.330768,27.364232,28.839134,27.855866
2025-01-09,27.700000,2024-11-14,2024-09-30,0.690000,2.300000,12.043478,10.942334,1.170422,19.783425,22.475396,25.167368,27.859339,30.551310,,,,,,,,,,28.267500,29.358333,30.106667,30.988995,28.267500,29.182449,27.352551,28.724974,27.810026
2025-01-10,27.550000,2024-11-14,2024-09-30,0.690000,2.300000,11.978261,10.951789,1.174195,19.787816,22.488465,25.189114,27.889763,30.590411,,,,,,,,,,28.197500,29.290833,30.062500,30.984506,28.197500,29.106794,27.288206,28.652147,27.742853
2025-01-13,27.100000,2024-11-14,2024-09-30,0.690000,2.300000,11.782609,10.958513,1.176641,19.792029,22.498304,25.204579,27.910854,30.617128,,,,,,,,,,28.130000,29.228333,30.011250,30.978958,28.130000,29.153616,27.106384,28.641808,27.618192
2025-01-14,27.550000,2024-11-14,2024-09-30,0.690000,2.300000,11.978261,10.966729,1.180316,19.794025,22.508751,25.223478,27.938204,30.652930,,,,,,,,,,28.117500,29.176667,29.963333,30.976920,28.117500,29.163935,27.071065,28.640718,27.594282
2025-01-15,27.650000,2024-11-14,2024-09-30,0.690000,2.300000,12.021739,10.977097,1.184099,19.800468,22.523895,25.247322,27.970750,30.694177,,,,,,,,,,28.110000,29.127500,29.921667,30.976728,28.110000,29.168102,27.051898,28.639051,27.580949
2025-01-16,27.700000,2024-11-14,2024-09-30,0.690000,2.300000,12.043478,10.990396,1.187060,19.817435,22.547673,25.277911,28.008148,30.738386,,,,,,,,,,28.102500,29.077500,29.888750,30.976336,28.102500,29.170442,27.034558,28.636471,27.568529
2025-01-17,28.200000,2024-11-14,2024-09-30,0.690000,2.300000,12.260870,11.004131,1.192177,19.825488,22.567495,25.309502,28.051509,30.793516,,,,,,,,,,28.122500,29.038333,29.855833,30.978231,28.122500,29.181534,27.063466,28.652017,27.592983
2025-01-20,28.100000,2024-11-14,2024-09-30,0.690000,2.300000,12.217391,11.016817,1.196951,19.832705,22.585692,25.338678,28.091665,30.844651,,,,,,,,,,28.140000,29.000833,29.820000,30.978689,28.140000,29.184585,27.095415,28.662293,27.617707
2025-01-21,28.450000,2024-11-14,2024-09-30,0.690000,2.300000,12.369565,11.027469,1.203290,19.828044,22.595612,25.363179,28.130747,30.898314,,,,,,,,,,28.150000,28.969167,29.777083,30.979992,28.150000,29.202816,27.097184,28.676408,27.623592
2025-01-22,28.500000,2024-11-14,2024-09-30,0.690000,2.300000,12.391304,11.038853,1.209714,19.824679,22.607020,25.389362,28.171704,30.954045,,,,,,,,,,28.177500,28.933333,29.736250,30.980278,28.177500,29.237031,27.117969,28.707265,27.647735
2025-02-03,28.550000,2024-11-14,2024-09-30,0.690000,2.300000,12.413043,11.050556,1.216195,19.821780,22.619029,25.416278,28.213527,31.010775,,,,,,,,,,28.207500,28.905000,29.696250,30.980976,28.207500,29.273864,27.141136,28.740682,27.674318
2025-02-04,28.050000,2024-11-14,2024-09-30,0.690000,2.300000,12.195652,11.059484,1.220665,19.821753,22.629283,25.436813,28.244342,31.051872,,,,,,,,,,28.152500,28.868333,29.649167,30.980000,28.152500,29.123379,27.181621,28.637939,27.667061
2025-02-05,28.150000,2024-11-14,2024-09-30,0.690000,2.300000,12.239130,11.071250,1.225204,19.827938,22.645906,25.463875,28.281844,31.099812,,,,,,,,,,28.110000,28.817500,29.610417,30.978011,28.110000,28.995319,27.224681,28.552659,27.667341
2025-02-06,28.300000,2024-11-14,2024-09-30,0.690000,2.300000,12.304348,11.090987,1.225837,19.870418,22.689844,25.509270,28.328696,31.148122,,,,,,,,,,28.080000,28.778333,29.595417,30.976646,28.080000,28.890068,27.269932,28.485034,27.674966
2025-02-07,28.450000,2024-11-14,2024-09-30,0.690000,2.300000,12.369565,11.110442,1.227461,19.907694,22.730855,25.554017,28.377178,31.200339,,,,,,,,,,28.072500,28.740833,29.579167,30.976111,28.072500,28.864881,27.280119,28.468691,27.676309
2025-02-10,28.100000,2024-11-14,2024-09-30,0.690000,2.300000,12.217391,11.126566,1.229201,19.936775,22.763938,25.591101,28.418265,31.245428,,,,,,,,,,28.065000,28.699167,29.553750,30.973505,28.065000,28.853136,27.276864,28.459068,27.670932
2025-02-11,28.250000,2024-11-14,2024-09-30,0.690000,2.300000,12.282609,11.144196,1.230494,19.971378,22.801514,25.631651,28.461787,31.291924,,,,,,,,,,28.065000,28.660833,29.532500,30.971728,28.065000,28.853136,27.276864,28.459068,27.670932
2025-02-12,28.500000,2024-11-14,2024-09-30,0.690000,2.300000,12.391304,11.163282,1.231938,20.008632,22.842090,25.675549,28.509007,31.342466,,,,,,,,,,28.072500,28.635833,29.515000,30.971810,28.072500,28.874783,27.270217,28.473641,27.671359
2025-02-13,29.150000,2024-11-14,2024-09-30,0.690000,2.300000,12.673913,11.183210,1.236903,20.031629,22.876506,25.721384,28.566261,31.411139,,,,,,,,,,28.120000,28.623333,29.498333,30.975212,28.120000,29.055499,27.184501,28.587749,27.652251
2025-02-14,29.400000,2024-11-14,2024-09-30,0.690000,2.300000,12.782609,11.205557,1.241402,20.062330,22.917556,25.772782,28.628008,31.483233,,,,,,,,,,28.170000,28.620833,29.488333,30.979248,28.170000,29.262269,27.077731,28.716135,27.623865
2025-02-17,29.450000,2024-11-14,2024-09-30,0.690000,2.300000,12.804348,11.227277,1.246416,20.089221,22.955979,25.822737,28.689494,31.556252,,,,,,,,,,28.257500,28.623333,29.476250,30.982880,28.257500,29.465489,27.049511,28.861494,27.653506
2025-02-18,29.250000,2024-11-14,2024-09-30,0.690000,2.300000,12.717391,11.249234,1.249286,20.126525,22.999882,25.873238,28.746595,31.619952,,,,,,,,,,28.342500,28.627500,29.465417,30.986699,28.342500,29.579761,27.105239,28.961131,27.723869
2025-02-19,29.350000,2024-11-14,2024-09-30,0.690000,2.300000,12.760870,11.271279,1.252448,20.162682,23.043311,25.923941,28.804571,31.685201,,,,,,,,,,28.455000,28.630000,29.454583,30.990731,28.455000,29.623850,27.286150,29.039425,27.870575
2025-02-20,29.550000,2024-11-14,2024-09-30,0.690000,2.300000,12.847826,11.294048,1.256091,20.198293,23.087302,25.976311,28.865319,31.754328,,,,,,,,,,28.555000,28.633333,29.445417,30.994984,28.555000,29.739949,27.370051,29.147475,27.962525
2025-02-21,29.650000,2024-11-14,2024-09-30,0.690000,2.300000,12.891304,11.317867,1.259074,20.239354,23.135224,26.031095,28.926965,31.822835,,,,,,,,,,28.655000,28.639167,29.439167,30.999244,28.655000,29.855833,27.454167,29.255417,28.054583
2025-02-24,29.650000,2024-11-14,2024-09-30,0.690000,2.300000,12.891304,11.340724,1.262559,20.275895,23.179780,26.083665,28.987549,31.891434,,,,,,,,,,28.752500,28.647500,29.430000,31.002688,28.752500,29.943464,27.561536,29.347982,28.157018
2025-02-25,29.700000,2024-11-14,2024-09-30,0.690000,2.300000,12.913043,11.364587,1.265008,20.319514,23.229032,26.138549,29.048067,31.957584,,,,,,,,,,28.827500,28.655000,29.423750,31.006953,28.827500,30.060159,27.594841,29.443829,28.211171
2025-02-26,30.000000,2024-11-14,2024-09-30,0.690000,2.300000,13.043478,11.389536,1.268373,20.361419,23.278676,26.195934,29.113191,32.030449,,,,,,,,,,28.922500,28.664167,29.420000,31.010629,28.922500,30.210695,27.634305,29.566598,28.278402
2025-02-27,30.300000,2024-11-14,2024-09-30,0.690000,2.300000,13.173913,11.415711,1.272545,20.402426,23.329280,26.256134,29.182989,32.109843,,,,,,,,,,29.015000,28.672500,29.419167,31.015351,29.015000,30.420665,27.609335,29.717833,28.312167
2025-03-03,30.750000,2024-11-14,2024-09-30,0.690000,2.300000,13.369565,11.443515,1.278517,20.438907,23.379496,26.320085,29.260674,32.201264,,,,,,,,,,29.127500,28.690833,29.422083,31.018272,29.127500,30.708797,27.546203,29.918148,28.336852
2025-03-04,30.400000,2024-11-14,2024-09-30,0.690000,2.300000,13.217391,11.470052,1.282037,20.483749,23.432434,26.381119,29.329805,32.278490,,,,,,,,,,29.220000,28.709167,29.422083,31.018713,29.220000,30.873831,27.566169,30.046916,28.393084
2025-03-05,30.500000,2024-11-14,2024-09-30,0.690000,2.300000,13.260870,11.496813,1.285647,20.528692,23.485681,26.442671,29.399660,32.356649,,,,,,,,,,29.342500,28.729167,29.422500,31.018346,29.342500,30.994381,27.690619,30.168440,28.516560
2025-03-06,30.300000,2024-11-14,2024-09-30,0.690000,2.300000,13.173913,11.521612,1.289081,20.569936,23.534822,26.499708,29.464595,32.429481,,,,,,,,,,29.450000,28.746667,29.417500,31.016940,29.450000,31.054271,27.845729,30.252135,28.647865
2025-03-07,30.000000,2024-11-14,2024-09-30,0.690000,2.300000,13.043478,11.546287,1.289641,20.624110,23.590285,26.556460,29.522636,32.488811,,,,,,,,,,29.535000,28.760000,29.412917,31.015102,29.535000,31.060951,28.009049,30.297975,28.772025
2025-03-10,30.150000,2024-11-14,2024-09-30,0.690000,2.300000,13.108696,11.572468,1.289201,20.686354,23.651515,26.616676,29.581838,32.546999,,,,,,,,,,29.620000,28.772500,29.412500,31.011234,29.620000,31.079416,28.160584,30.349708,28.890292
2025-03-11,30.200000,2024-11-14,2024-09-30,0.690000,2.300000,13.130435,11.601305,1.284983,20.772081,23.727542,26.683002,29.638462,32.593922,,,,,,,,,,29.725000,28.782500,29.420000,31.008595,29.725000,31.016470,28.433530,30.370735,29.079265
2025-03-12,30.000000,2024-11-14,2024-09-30,0.690000,2.300000,13.043478,11.629693,1.278835,20.865650,23.806972,26.748293,29.689615,32.630937,,,,,,,,,,29.812500,28.790000,29.426667,31.005327,29.812500,30.904998,28.720002,30.358749,29.266251
2025-03-13,29.900000,2024-11-14,2024-09-30,0.690000,2.300000,13.000000,11.657581,1.271848,20.961937,23.887186,26.812435,29.737685,32.662934,,,,,,,,,,29.882500,28.799167,29.432083,30.999804,29.882500,30.783537,28.981463,30.333019,29.431981
2025-03-14,30.250000,2024-11-14,2024-09-30,0.690000,2.300000,13.152174,11.687149,1.264929,21.061768,23.971105,26.880443,29.789780,32.699118,,,,,,,,,,29.937500,28.815000,29.441667,30.997373,29.937500,30.782843,29.092157,30.360172,29.514828
2025-03-17,30.200000,2024-11-14,2024-09-30,0.690000,2.300000,13.130435,11.716399,1.257297,21.164151,24.055934,26.947717,29.839500,32.731284,,,,,,,,,,29.977500,28.831667,29.450417,30.990445,29.977500,30.790859,29.164141,30.384179,29.570821
2025-03-18,30.250000,2024-11-14,2024-09-30,0.690000,2.300000,13.152174,11.745830,1.249132,21.269403,24.142406,27.015408,29.888411,32.761414,,,,,,,,,,30.017500,28.847500,29.459583,30.984338,30.017500,30.799720,29.235280,30.408610,29.626390
2025-03-19,30.350000,2024-11-14,2024-09-30,0.690000,2.300000,13.195652,11.774385,1.242711,21.364614,24.222850,27.081086,29.939322,32.797558,,,,,,,,,,30.072500,28.870833,29.465833,30.980282,30.072500,30.778471,29.366529,30.425485,29.719515
2025-03-20,30.350000,2024-11-14,2024-09-30,0.690000,2.300000,13.195652,11.802391,1.236490,21.457644,24.301572,27.145499,29.989427,32.833354,,,,,,,,,,30.122500,28.902500,29.470417,30.975000,30.122500,30.750341,29.494659,30.436420,29.808580
2025-03-21,30.100000,2024-11-14,2024-09-30,0.690000,2.300000,13.086957,11.828391,1.230360,21.545645,24.375471,27.205298,30.035125,32.864952,,,,,,,,,,30.150000,28.940833,29.469583,30.970515,30.150000,30.717543,29.582457,30.433772,29.866228
2025-03-24,30.200000,2024-11-14,2024-09-30,0.690000,2.300000,13.130435,11.854340,1.224649,21.631599,24.448290,27.264982,30.081674,32.898366,,,,,,,,,,30.177500,28.980833,29.468333,30.968080,30.177500,30.694042,29.660958,30.435771,29.919229
2025-03-25,30.250000,2024-11-14,2024-09-30,0.690000,2.300000,13.152174,11.880196,1.218963,21.717220,24.520835,27.324450,30.128065,32.931680,,,,,,,,,,30.207500,29.020833,29.466667,30.967079,30.207500,30.660879,29.754121,30.434190,29.980810
2025-03-26,30.100000,2024-11-14,2024-09-30,0.690000,2.300000,13.086957,11.904958,1.212980,21.801693,24.591548,27.381403,30.171257,32.961112,,,,,,,,,,30.227500,29.059167,29.462083,30.964636,30.227500,30.617473,29.837527,30.422487,30.032513
2025-03-27,30.050000,2024-11-14,2024-09-30,0.690000,2.300000,13.065217,11.930226,1.205215,21.895532,24.667526,27.439520,30.211514,32.983509,,,,,,,,,,30.230000,29.097500,29.459167,30.961168,30.230000,30.614434,29.845566,30.422217,30.037783
2025-03-28,29.800000,2024-11-14,2024-09-30,0.690000,2.300000,12.956522,11.954451,1.196277,21.992364,24.743801,27.495238,30.246675,32.998112,,,,,,,,,,30.205000,29.123333,29.453750,30.956250,30.205000,30.632847,29.777153,30.418923,29.991077
2025-03-31,29.200000,2025-03-31,2024-12-31,0.550000,2.170000,13.456221,11.982015,1.192417,20.825885,23.413429,26.000974,28.588518,31.176063,,,,,,,,,,30.127500,29.144167,29.440833,30.947198,30.127500,30.682359,29.572641,30.404929,29.850071
2025-04-01,29.600000,2025-03-31,2024-12-31,0.550000,2.170000,13.640553,12.011391,1.189465,20.902439,23.483579,26.064718,28.645857,31.226997,,,,,,,,,,30.087500,29.171667,29.432083,30.940629,30.087500,30.674082,29.500918,30.380791,29.794209
2025-04-02,29.650000,2025-03-31,2024-12-31,0.550000,2.170000,13.663594,12.040683,1.186482,20.978951,23.553617,26.128282,28.702948,31.277614,,,,,,,,,,30.045000,29.180000,29.422917,30.933248,30.045000,30.628907,29.461093,30.336953,29.753047
2025-04-07,26.700000,2025-03-31,2024-12-31,0.550000,2.170000,12.304147,12.058234,1.174512,21.068985,23.617677,26.166368,28.715060,31.263751,,,,,,,,,,29.865000,29.141667,29.387917,30.910715,29.865000,31.460751,28.269249,30.662875,29.067125
2025-04-08,26.800000,2025-03-31,2024-12-31,0.550000,2.170000,12.350230,12.076994,1.160855,21.168968,23.688023,26.207078,28.726133,31.245187,,,,,,,,,,29.705000,29.106667,29.356250,30.885739,29.705000,31.805601,27.604399,30.755301,28.654699
2025-04-09,25.900000,2025-03-31,2024-12-31,0.550000,2.170000,11.935484,12.092986,1.145346,21.270979,23.756379,26.241779,28.727179,31.212579,,,,,,,,,,29.492500,29.061667,29.319167,30.859056,29.492500,32.181126,26.803874,30.836813,28.148187
2025-04-10,28.200000,2025-03-31,2024-12-31,0.550000,2.170000,12.995392,12.116022,1.135337,21.364404,23.828086,26.291768,28.755451,31.219133,,,,,,,,,,29.392500,29.060833,29.295833,30.843386,29.392500,32.118838,26.666162,30.755669,28.029331
2025-04-11,27.600000,2025-03-31,2024-12-31,0.550000,2.170000,12.718894,12.137855,1.121328,21.472581,23.905863,26.339145,28.772427,31.205709,,,,,,,,,,29.272500,29.050000,29.270833,30.825012,29.272500,32.095801,26.449199,30.684150,27.860850
2025-04-14,27.250000,2025-03-31,2024-12-31,0.550000,2.170000,12.557604,12.159168,1.104533,21.591723,23.988559,26.385395,28.782231,31.179066,,,,,,,,,,29.140000,29.031667,29.245417,30.804771,29.140000,32.085398,26.194602,30.612699,27.667301
2025-04-15,27.650000,2025-03-31,2024-12-31,0.550000,2.170000,12.741935,12.182293,1.087163,21.717287,24.076431,26.435575,28.794719,31.153863,,,,,,,,,,29.010000,29.022500,29.224167,30.788444,29.010000,31.978537,26.041463,30.494268,27.525732
2025-04-16,27.250000,2025-03-31,2024-12-31,0.550000,2.170000,12.557604,12.204156,1.067777,21.848866,24.165942,26.483018,28.800094,31.117171,,,,,,,,,,28.862500,29.003333,29.200417,30.766569,28.862500,31.874909,25.850091,30.368704,27.356296
2025-04-17,27.150000,2025-03-31,2024-12-31,0.550000,2.170000,12.511521,12.225773,1.047154,21.985281,24.257604,26.529927,28.802250,31.074574,,,,,,,,,,28.707500,28.994167,29.176250,30.743664,28.707500,31.738268,25.676732,30.222884,27.192116
2025-04-18,27.450000,2025-03-31,2024-12-31,0.550000,2.170000,12.649770,12.244279,1.034683,22.079563,24.324824,26.570085,28.815346,31.060607,,,,,,,,,,28.562500,28.992500,29.141667,30.722827,28.562500,31.539407,25.585593,30.050953,27.074047
2025-04-21,26.950000,2025-03-31,2024-12-31,0.550000,2.170000,12.419355,12.262928,1.017211,22.195856,24.403204,26.610553,28.817901,31.025249,,,,,,,,,,28.392500,28.990000,29.109167,30.698681,28.392500,31.327637,25.457363,29.860068,26.924932
2025-04-22,27.000000,2025-03-31,2024-12-31,0.550000,2.170000,12.442396,12.282318,0.997927,22.321626,24.487128,26.652631,28.818133,30.983635,,,,,,,,,,28.237500,28.980833,29.078750,30.672087,28.237500,31.119910,25.355090,29.678705,26.796295
2025-04-23,27.350000,2025-03-31,2024-12-31,0.550000,2.170000,12.603687,12.303191,0.977870,22.453967,24.575945,26.697924,28.819902,30.941880,,,,,,,,,,28.095000,28.975833,29.051667,30.648382,28.095000,30.847779,25.342221,29.471389,26.718611
2025-04-24,27.500000,2025-03-31,2024-12-31,0.550000,2.170000,12.672811,12.324364,0.957764,22.587173,24.665521,26.743870,28.822218,30.900567,,,,,,,,,,27.957500,28.972500,29.025000,30.624690,27.957500,30.525578,25.389422,29.241539,26.673461
2025-04-25,27.600000,2025-03-31,2024-12-31,0.550000,2.170000,12.718894,12.346334,0.935895,22.729761,24.760652,26.791544,28.822436,30.853328,,,,,,,,,,27.832500,28.962500,29.000417,30.602230,27.832500,30.196768,25.468232,29.014634,26.650366
2025-04-28,27.950000,2025-03-31,2024-12-31,0.550000,2.170000,12.880184,12.370198,0.912198,22.884389,24.863859,26.843329,28.822799,30.802269,,,,,,,,,,27.727500,28.960000,28.980417,30.575102,27.727500,29.851418,25.603582,28.789459,26.665541
2025-04-29,28.250000,2025-03-31,2024-12-31,0.550000,2.170000,13.018433,12.395214,0.887948,23.043919,24.970767,26.897614,28.824462,30.751309,,,,,,,,,,27.650000,28.956667,28.962917,30.549224,27.650000,29.557603,25.742397,28.603801,26.696199
2025-04-30,27.950000,2025-03-31,2024-12-31,0.550000,2.170000,12.880184,12.418253,0.863840,23.198541,25.073075,26.947609,28.822142,30.696676,,,,,,,,,,27.587500,28.947500,28.940417,30.521279,27.587500,29.358279,25.816721,28.472889,26.702111
2025-05-02,28.300000,2025-03-31,2024-12-31,0.550000,2.170000,13.041475,12.443736,0.836071,23.374361,25.188634,27.002907,28.817180,30.631454,,,,,,,,,,27.522500,28.943333,28.924167,30.495200,27.522500,29.062655,25.982345,28.292578,26.752422
2025-05-05,28.450000,2025-03-31,2024-12-31,0.550000,2.170000,13.110599,12.469795,0.806971,23.557200,25.308328,27.059455,28.810583,30.561711,,,,,,,,,,27.462500,28.950000,28.909167,30.469134,27.462500,28.721520,26.203480,28.092010,26.832990
2025-05-06,28.650000,2025-03-31,2024-12-31,0.550000,2.170000,13.202765,12.494010,0.784509,23.707231,25.409616,27.112001,28.814386,30.516771,,,,,,,,,,27.560000,28.958333,28.887917,30.446556,27.560000,28.871327,26.248673,28.215664,26.904336
2025-05-07,28.700000,2025-03-31,2024-12-31,0.550000,2.170000,13.225806,12.519929,0.756133,23.886627,25.527436,27.168245,28.809054,30.449863,,,,,,,,,,27.655000,28.965000,28.871667,30.425821,27.655000,29.009097,26.300903,28.332049,26.977951
2025-05-08,29.100000,2025-03-31,2024-12-31,0.550000,2.170000,13.410138,12.547246,0.727824,24.068770,25.648148,27.227525,28.806902,30.386279,,,,,,,,,,27.815000,28.975833,28.858333,30.405935,27.815000,29.046644,26.583356,28.430822,27.199178
2025-05-09,29.300000,2025-03-31,2024-12-31,0.550000,2.170000,13.502304,12.575607,0.697289,24.262832,25.775950,27.289068,28.802186,30.315304,,,,,,,,,,27.870000,28.995833,28.847500,30.385249,27.870000,29.261856,26.478144,28.565928,27.174072
2025-05-12,29.700000,2025-03-31,2024-12-31,0.550000,2.170000,13.686636,12.605642,0.665916,24.464166,25.909204,27.354242,28.799280,30.244319,,,,,,,,,,27.975000,29.020000,28.840417,30.373787,27.975000,29.581402,26.368598,28.778201,27.171799
2025-05-13,29.150000,2025-03-31,2024-12-31,0.550000,2.170000,13.433180,12.635077,0.621976,24.718742,26.068429,27.418116,28.767803,30.117490,,,,,,,,,,28.070000,29.030833,28.833333,30.360645,28.070000,29.720008,26.419992,28.895004,27.244996
2025-05-14,29.250000,2025-03-31,2024-12-31,0.550000,2.170000,13.479263,12.665170,0.572352,24.999414,26.241417,27.483420,28.725423,29.967426,,,,,,,,,,28.150000,29.032500,28.827917,30.347104,28.150000,29.868016,26.431984,29.009008,27.290992
2025-05-15,29.150000,2025-05-15,2025-03-31,0.420000,2.220000,13.130631,12.693322,0.507263,25.926928,27.053051,28.179174,29.305298,30.431421,,,,,,,,,,28.245000,29.028333,28.824583,30.333350,28.245000,29.963598,26.526402,29.104299,27.385701
2025-05-16,29.450000,2025-05-15,2025-03-31,0.420000,2.220000,13.265766,12.723287,0.427026,26.349700,27.297699,28.245697,29.193695,30.141693,,,,,,,,,,28.360000,29.028333,28.825833,30.320029,28.360000,30.077893,26.642107,29.218947,27.501053
2025-05-19,29.400000,2025-05-15,2025-03-31,0.420000,2.220000,13.243243,12.728575,0.429517,26.350381,27.303908,28.257436,29.210963,30.164490,,,,,,,,,,28.457500,29.030833,28.829167,30.303435,28.457500,30.179272,26.735728,29.318386,27.596614
2025-05-20,29.550000,2025-05-15,2025-03-31,0.420000,2.220000,13.310811,12.733701,0.432779,26.347277,27.308046,28.268816,29.229586,30.190356,,,,,,,,,,28.587500,29.034167,28.832083,30.288897,28.587500,30.220345,26.954655,29.403923,27.771077
2025-05-21,29.800000,2025-05-15,2025-03-31,0.420000,2.220000,13.423423,12.739222,0.437331,26.339323,27.310198,28.281073,29.251949,30.222824,,,,,,,,,,28.727500,29.038333,28.835833,30.275605,28.727500,30.264577,27.190423,29.496038,27.958962
2025-05-22,29.700000,2025-05-15,2025-03-31,0.420000,2.220000,13.378378,12.744549,0.441206,26.333944,27.313422,28.292900,29.272377,30.251855,,,,,,,,,,28.845000,29.039167,28.839167,30.264142,28.845000,30.295553,27.394447,29.570277,28.119723
2025-05-23,30.500000,2025-05-15,2025-03-31,0.420000,2.220000,13.738739,12.753423,0.450386,26.312885,27.312742,28.312599,29.312456,30.312312,,,,,,,,,,28.995000,29.053333,28.850417,30.255400,28.995000,30.479977,27.510023,29.737489,28.252511
2025-05-26,30.750000,2025-05-15,2025-03-31,0.420000,2.220000,13.851351,12.762873,0.461385,26.285027,27.309302,28.333577,29.357852,30.382128,,,,,,,,,,29.152500,29.070833,28.862917,30.247087,29.152500,30.682025,27.622975,29.917263,28.387737
2025-05-27,30.850000,2025-05-15,2025-03-31,0.420000,2.220000,13.896396,12.771973,0.472838,26.254380,27.304080,28.353780,29.403480,30.453180,,,,,,,,,,29.297500,29.085000,28.874583,30.238783,29.297500,30.895352,27.699648,30.096426,28.498574
2025-05-28,30.600000,2025-05-15,2025-03-31,0.420000,2.220000,13.783784,12.778867,0.481502,26.231214,27.300149,28.369084,29.438020,30.506955,,,,,,,,,,29.415000,29.090000,28.881250,30.229436,29.415000,31.033999,27.796001,30.224500,28.605500
2025-05-29,30.900000,2025-05-15,2025-03-31,0.420000,2.220000,13.918919,12.787430,0.492531,26.201259,27.294677,28.388095,29.481513,30.574931,,,,,,,,,,29.562500,29.092500,28.891667,30.222157,29.562500,31.156857,27.968143,30.359678,28.765322
2025-06-02,30.050000,2025-05-15,2025-03-31,0.420000,2.220000,13.536036,12.794071,0.497224,26.195164,27.299001,28.402838,29.506675,30.610512,,,,,,,,,,29.650000,29.086667,28.897917,30.208476,29.650000,31.141379,28.158621,30.395689,28.904311
2025-06-03,30.200000,2025-05-15,2025-03-31,0.420000,2.220000,13.603604,12.801275,0.502654,26.187047,27.302939,28.418831,29.534723,30.650614,,,,,,,,,,29.737500,29.081667,28.905417,30.196033,29.737500,31.134819,28.340181,30.436159,29.038841
2025-06-04,31.100000,2025-05-15,2025-03-31,0.420000,2.220000,14.009009,12.812039,0.514531,26.158207,27.300466,28.442726,29.584985,30.727244,,,,,,,,,,29.860000,29.095000,28.920833,30.187749,29.860000,31.285187,28.434813,30.572593,29.147407
2025-06-05,30.500000,2025-05-15,2025-03-31,0.420000,2.220000,13.738739,12.820731,0.521315,26.147386,27.304704,28.462023,29.619341,30.776660,,,,,,,,,,29.950000,29.103333,28.931667,30.176352,29.950000,31.291641,28.608359,30.620820,29.279180
2025-06-06,30.250000,2025-05-15,2025-03-31,0.420000,2.220000,13.626126,12.827760,0.526458,26.140155,27.308891,28.477628,29.646364,30.815101,,,,,,,,,,30.007500,29.105000,28.938750,30.164935,30.007500,31.293160,28.721840,30.650330,29.364670
2025-06-09,30.100000,2025-05-15,2025-03-31,0.420000,2.220000,13.558559,12.833502,0.530658,26.134253,27.312314,28.490374,29.668435,30.846496,,,,,,,,,,30.047500,29.103333,28.942917,30.152075,30.047500,31.289517,28.805483,30.668508,29.426492
2025-06-10,30.200000,2025-05-15,2025-03-31,0.420000,2.220000,13.603604,12.839800,0.535294,26.127650,27.316003,28.504356,29.692709,30.881062,,,,,,,,,,30.072500,29.106667,28.948333,30.140858,30.072500,31.305159,28.839841,30.688829,29.456171
2025-06-11,30.100000,2025-05-15,2025-03-31,0.420000,2.220000,13.558559,12.846447,0.539244,26.124870,27.321991,28.519113,29.716235,30.913357,,,,,,,,,,30.120000,29.110000,28.954583,30.128815,30.120000,31.273667,28.966333,30.696833,29.543167
2025-06-12,30.000000,2025-05-15,2025-03-31,0.420000,2.220000,13.513514,12.852901,0.542572,26.124418,27.328929,28.533439,29.737950,30.942460,,,,,,,,,,30.157500,29.105833,28.960417,30.116560,30.157500,31.238569,29.076431,30.698035,29.616965
2025-06-13,29.900000,2025-05-15,2025-03-31,0.420000,2.220000,13.468468,12.859341,0.545270,26.126738,27.337237,28.547736,29.758236,30.968735,,,,,,,,,,30.195000,29.100833,28.966250,30.103685,30.195000,31.176352,29.213648,30.685676,29.704324
2025-06-16,30.150000,2025-05-15,2025-03-31,0.420000,2.220000,13.581081,12.866357,0.549114,26.125249,27.344281,28.563313,29.782345,31.001377,,,,,,,,,,30.230000,29.099167,28.973333,30.091646,30.230000,31.147319,29.312681,30.688659,29.771341
2025-06-17,30.150000,2025-05-15,2025-03-31,0.420000,2.220000,13.581081,12.874641,0.552352,26.129259,27.355482,28.581704,29.807926,31.034148,,,,,,,,,,30.267500,29.095833,28.983333,30.079404,30.267500,31.099286,29.435714,30.683393,29.851607
2025-06-18,30.450000,2025-05-15,2025-03-31,0.420000,2.220000,13.716216,12.885863,0.555674,26.139422,27.373020,28.606617,29.840214,31.073811,,,,,,,,,,30.312500,29.097500,29.000000,30.067594,30.312500,31.075372,29.549628,30.693936,29.931064
2025-06-19,29.900000,2025-05-15,2025-03-31,0.420000,2.220000,13.468468,12.897376,0.553290,26.175569,27.403872,28.632175,29.860478,31.088780,,,,,,,,,,30.317500,29.094167,29.017500,30.052267,30.317500,31.067430,29.567570,30.692465,29.942535
2025-06-20,30.300000,2025-05-15,2025-03-31,0.420000,2.220000,13.648649,12.910390,0.552433,26.208263,27.434665,28.661066,29.887468,31.113869,,,,,,,,,,30.347500,29.095833,29.038333,30.036565,30.347500,31.039161,29.655839,30.693330,30.001670
2025-06-23,29.700000,2025-05-15,2025-03-31,0.420000,2.220000,13.378378,12.920971,0.549098,26.246559,27.465557,28.684555,29.903553,31.122552,,,,,,,,,,30.307500,29.086667,29.053750,30.018158,30.307500,31.052501,29.562499,30.680000,29.935000
2025-06-24,29.650000,2025-05-15,2025-03-31,0.420000,2.220000,13.355856,12.931545,0.545106,26.287761,27.497895,28.708030,29.918165,31.128299,,,,,,,,,,30.252500,29.079167,29.069167,29.998930,30.252500,31.021967,29.483033,30.637233,29.867767
2025-06-25,27.900000,2025-05-15,2025-03-31,0.420000,2.220000,12.567568,12.935731,0.540304,26.318372,27.517848,28.717323,29.916799,31.116275,,,,,,,,,,30.105000,29.043333,29.070417,29.971593,30.105000,31.366119,28.843881,30.735559,29.474441
2025-06-26,28.150000,2025-05-15,2025-03-31,0.420000,2.220000,12.680180,12.939044,0.537477,26.338279,27.531479,28.724679,29.917878,31.111078,,,,,,,,,,29.982500,29.015833,29.069583,29.944073,29.982500,31.492563,28.472437,30.737531,29.227469
2025-06-27,28.100000,2025-05-15,2025-03-31,0.420000,2.220000,12.657658,12.943257,0.533223,26.366521,27.550276,28.734030,29.917784,31.101539,,,,,,,,,,29.842500,28.997500,29.070833,29.915527,29.842500,31.505812,28.179188,30.674156,29.010844
2025-06-30,27.850000,2025-05-15,2025-03-31,0.420000,2.220000,12.545045,12.946531,0.529518,26.390239,27.565768,28.741298,29.916828,31.092358,,,,,,,,,,29.732500,28.968333,29.070000,29.883489,29.732500,31.614625,27.850375,30.673563,28.791437
2025-07-01,28.050000,2025-05-15,2025-03-31,0.420000,2.220000,12.635135,12.946208,0.529697,26.388724,27.564652,28.740581,29.916509,31.092438,,,,,,,,,,29.625000,28.941667,29.060833,29.852488,29.625000,31.635891,27.614109,30.630446,28.619554
2025-07-02,28.100000,2025-05-15,2025-03-31,0.420000,2.220000,12.657658,12.946616,0.529454,26.390710,27.566098,28.741486,29.916875,31.092263,,,,,,,,,,29.475000,28.965000,29.053333,29.819449,29.475000,31.470126,27.479874,30.472563,28.477437
2025-07-03,28.150000,2025-05-15,2025-03-31,0.420000,2.220000,12.680180,12.947574,0.528862,26.395467,27.569540,28.743613,29.917687,31.091760,,,,,,,,,,29.357500,28.987500,29.047083,29.786005,29.357500,31.375126,27.339874,30.366313,28.348687
2025-07-04,27.800000,2025-05-15,2025-03-31,0.420000,2.220000,12.522523,12.948305,0.528207,26.399996,27.572616,28.745236,29.917857,31.090477,,,,,,,,,,29.235000,29.019167,29.040417,29.751716,29.235000,31.320817,27.149183,30.277908,28.192092
2025-07-07,27.900000,2025-05-15,2025-03-31,0.420000,2.220000,12.567568,12.950679,0.525824,26.415848,27.583178,28.750508,29.917839,31.085169,,,,,,,,,,29.125000,29.014167,29.037500,29.718864,29.125000,31.250410,26.999590,30.187705,28.062295
2025-07-08,27.500000,2025-05-15,2025-03-31,0.420000,2.220000,12.387387,12.951553,0.524792,26.422371,27.587409,28.752447,29.917484,31.082522,,,,,,,,,,28.990000,29.012500,29.031250,29.685980,28.990000,31.170198,26.809802,30.080099,27.899901
2025-07-09,27.450000,2025-05-15,2025-03-31,0.420000,2.220000,12.364865,12.951876,0.524415,26.424761,27.588962,28.753164,29.917366,31.081568,,,,,,,,,,28.857500,29.015833,29.023750,29.654114,28.857500,31.075435,26.639565,29.966468,27.748532
2025-07-10,27.350000,2025-05-15,2025-03-31,0.420000,2.220000,12.319820,12.952367,0.523790,26.428628,27.591441,28.754255,29.917068,31.079881,,,,,,,,,,28.725000,29.010833,29.016667,29.619992,28.725000,30.971986,26.478014,29.848493,27.601507
2025-07-11,27.550000,2025-05-15,2025-03-31,0.420000,2.220000,12.409910,12.952884,0.523218,26.432316,27.593859,28.755403,29.916947,31.078491,,,,,,,,,,28.607500,29.015833,29.009583,29.588746,28.607500,30.841513,26.373487,29.724507,27.490493
2025-07-14,27.350000,2025-05-15,2025-03-31,0.420000,2.220000,12.319820,12.955187,0.519779,26.452699,27.606607,28.760515,29.914424,31.068332,,,,,,,,,,28.467500,29.019167,29.006667,29.556667,28.467500,30.644721,26.290279,29.556110,27.378890
2025-07-15,27.350000,2025-05-15,2025-03-31,0.420000,2.220000,12.319820,12.958033,0.515300,26.478903,27.622869,28.766834,29.910800,31.054765,,,,,,,,,,28.327500,29.017500,29.005000,29.533750,28.327500,30.407094,26.247906,29.367297,27.287703
2025-07-16,27.300000,2025-05-15,2025-03-31,0.420000,2.220000,12.297297,12.962323,0.507517,26.522980,27.649668,28.776356,29.903044,31.029732,,,,,,,,,,28.170000,29.023333,29.006667,29.508958,28.170000,30.039253,26.300747,29.104626,27.235374
2025-07-17,27.400000,2025-05-15,2025-03-31,0.420000,2.220000,12.342342,12.965357,0.502650,26.551326,27.667209,28.783092,29.898974,31.014857,,,,,,,,,,28.045000,29.030000,29.005417,29.484375,28.045000,29.754694,26.335306,28.899847,27.190153
2025-07-18,27.750000,2025-05-15,2025-03-31,0.420000,2.220000,12.500000,12.969342,0.496969,26.585397,27.688668,28.791939,29.895211,30.998482,,,,,,,,,,27.917500,29.036667,29.006250,29.463958,27.917500,29.260033,26.574967,28.588766,27.246234
2025-07-21,27.600000,2025-05-15,2025-03-31,0.420000,2.220000,12.432432,12.972583,0.492124,26.614103,27.706619,28.799135,29.891651,30.984168,,,,,,,,,,27.812500,29.038333,29.005417,29.447083,27.812500,28.865253,26.759747,28.338877,27.286123
2025-07-22,27.350000,2025-05-15,2025-03-31,0.420000,2.220000,12.319820,12.973075,0.491437,26.618246,27.709236,28.800226,29.891216,30.982206,,,,,,,,,,27.697500,29.034167,28.998333,29.427083,27.697500,28.319445,27.075555,28.008473,27.386527
2025-07-23,27.400000,2025-05-15,2025-03-31,0.420000,2.220000,12.342342,12.974116,0.489952,26.627148,27.714843,28.802537,29.890232,30.977926,,,,,,,,,,27.672500,29.025000,28.992500,29.406250,27.672500,28.300341,27.044659,27.986420,27.358580
2025-07-24,27.200000,2025-05-15,2025-03-31,0.420000,2.220000,12.252252,12.973138,0.491284,26.619065,27.709716,28.800367,29.891018,30.981668,,,,,,,,,,27.625000,29.007500,28.982083,29.379583,27.625000,28.244422,27.005578,27.934711,27.315289
2025-07-25,27.300000,2025-05-15,2025-03-31,0.420000,2.220000,12.297297,12.972355,0.492294,26.612844,27.705736,28.798628,29.891520,30.984411,,,,,,,,,,27.585000,28.996667,28.972083,29.354167,27.585000,28.178030,26.991970,27.881515,27.288485
2025-07-28,27.200000,2025-05-15,2025-03-31,0.420000,2.220000,12.252252,12.971015,0.494044,26.602096,27.698874,28.795653,29.892432,30.989210,,,,,,,,,,27.552500,28.978333,28.960833,29.328542,27.552500,28.155541,26.949459,27.854020,27.250980
2025-07-29,26.950000,2025-05-15,2025-03-31,0.420000,2.220000,12.139640,12.970548,0.494809,26.597665,27.696141,28.794617,29.893093,30.991569,,,,,,,,,,27.497500,28.953333,28.951667,29.300417,27.497500,28.110066,26.884934,27.803783,27.191217
2025-07-30,27.150000,2025-05-15,2025-03-31,0.420000,2.220000,12.229730,12.970470,0.494927,26.596969,27.695706,28.794443,29.893180,30.991917,,,,,,,,,,27.450000,28.928333,28.943333,29.276875,27.450000,28.011014,26.888986,27.730507,27.169493
2025-07-31,26.750000,2025-05-15,2025-03-31,0.420000,2.220000,12.049550,12.968347,0.498343,26.577086,27.683408,28.789729,29.896051,31.002373,,,,,,,,,,27.380000,28.895833,28.930417,29.262917,27.380000,27.922315,26.837685,27.651157,27.108843
2025-08-01,26.850000,2025-05-15,2025-03-31,0.420000,2.220000,12.094595,12.966055,0.501740,26.556916,27.670779,28.784642,29.898505,31.012368,,,,,,,,,,27.332500,28.858333,28.917083,29.248125,27.332500,27.886219,26.778781,27.609360,27.055640
2025-08-04,26.800000,2025-05-15,2025-03-31,0.420000,2.220000,12.072072,12.964844,0.503734,26.545377,27.663665,28.781954,29.900243,31.018531,,,,,,,,,,27.277500,28.816667,28.906250,29.230000,27.277500,27.812068,26.742932,27.544784,27.010216
2025-08-05,26.800000,2025-05-15,2025-03-31,0.420000,2.220000,12.072072,12.963090,0.506489,26.529248,27.653654,28.778059,29.902464,31.026870,,,,,,,,,,27.242500,28.768333,28.894167,29.213333,27.242500,27.806578,26.678422,27.524539,26.960461
2025-08-06,26.800000,2025-05-15,2025-03-31,0.420000,2.220000,12.072072,12.960429,0.510341,26.506239,27.639196,28.772153,29.905110,31.038067,,,,,,,,,,27.210000,28.729167,28.880000,29.197500,27.210000,27.798128,26.621872,27.504064,26.915936
2025-08-07,26.750000,2025-05-15,2025-03-31,0.420000,2.220000,12.049550,12.955226,0.516433,26.467639,27.614121,28.760602,29.907084,31.053565,,,,,,,,,,27.180000,28.687500,28.860000,29.179167,27.180000,27.798487,26.561513,27.489244,26.870756
2025-08-08,26.800000,2025-05-15,2025-03-31,0.420000,2.220000,12.072072,12.949305,0.522467,26.427704,27.587581,28.747458,29.907334,31.067211,,,,,,,,,,27.142500,28.648333,28.838333,29.163333,27.142500,27.757467,26.527533,27.449983,26.835017
2025-08-11,26.750000,2025-05-15,2025-03-31,0.420000,2.220000,12.049550,12.943015,0.528733,26.385921,27.559707,28.733494,29.907280,31.081067,,,,,,,,,,27.112500,28.603333,28.815833,29.146042,27.112500,27.743185,26.481815,27.427842,26.797158
2025-08-12,26.800000,2025-05-15,2025-03-31,0.420000,2.220000,12.072072,12.937638,0.534299,26.349267,27.535411,28.721555,29.907699,31.093844,,,,,,,,,,27.085000,28.560000,28.795417,29.130417,27.085000,27.720030,26.449970,27.402515,26.767485
2025-08-13,27.000000,2025-05-15,2025-03-31,0.420000,2.220000,12.162162,12.932648,0.538741,26.318471,27.514475,28.710479,29.906483,31.102487,,,,,,,,,,27.070000,28.517500,28.775833,29.115208,27.070000,27.697778,26.442222,27.383889,26.756111
2025-08-14,27.550000,2025-08-14,2025-06-30,0.570000,2.230000,12.354260,12.928535,0.541272,26.416562,27.623598,28.830634,30.037670,31.244705,,,,,,,,,,27.077500,28.480000,28.759167,29.102292,27.077500,27.725148,26.429852,27.401324,26.753676
2025-08-15,27.850000,2025-08-14,2025-06-30,0.570000,2.230000,12.488789,12.925181,0.542750,26.402491,27.612822,28.823154,30.033485,31.243817,,,,,,,,,,27.082500,28.449167,28.744167,29.091667,27.082500,27.753144,26.411856,27.417822,26.747178
2025-08-18,28.350000,2025-08-14,2025-06-30,0.570000,2.230000,12.713004,12.923695,0.543087,26.397672,27.608756,28.819840,30.030924,31.242008,,,,,,,,,,27.120000,28.413333,28.733333,29.081667,27.120000,27.971871,26.268129,27.545936,26.694064
2025-08-19,28.350000,2025-08-14,2025-06-30,0.570000,2.230000,12.713004,12.922028,0.543427,26.392439,27.604281,28.816123,30.027965,31.239807,,,,,,,,,,27.170000,28.373333,28.722083,29.072917,27.170000,28.181200,26.158800,27.675600,26.664400
2025-08-20,28.200000,2025-08-14,2025-06-30,0.570000,2.230000,12.645740,12.918714,0.543893,26.382970,27.595851,28.808731,30.021612,31.234493,,,,,,,,,,27.210000,28.329167,28.707083,29.063542,27.210000,28.318152,26.101848,27.764076,26.655924
2025-08-21,29.250000,2025-08-14,2025-06-30,0.570000,2.230000,13.116592,12.918236,0.543692,26.382801,27.595234,28.807666,30.020099,31.232532,,,,,,,,,,27.312500,28.306667,28.698333,29.058750,27.312500,28.747724,25.877276,28.030112,26.594888
2025-08-22,29.800000,2025-08-14,2025-06-30,0.570000,2.230000,13.363229,12.918183,0.543648,26.382879,27.595214,28.807548,30.019883,31.232218,,,,,,,,,,27.437500,28.288333,28.690417,29.056250,27.437500,29.253185,25.621815,28.345342,26.529658
2025-08-25,29.850000,2025-08-14,2025-06-30,0.570000,2.230000,13.385650,12.919585,0.544642,26.381571,27.596123,28.810675,30.025227,31.239779,,,,,,,,,,27.570000,28.285000,28.685833,29.053958,27.570000,29.676231,25.463769,28.623116,26.516884
2025-08-26,30.100000,2025-08-14,2025-06-30,0.570000,2.230000,13.497758,12.921559,0.546316,26.378507,27.596792,28.815077,30.033363,31.251648,,,,,,,,,,27.727500,28.283333,28.682500,29.052500,27.727500,30.093593,25.361407,28.910546,26.544454
2025-08-27,29.800000,2025-08-14,2025-06-30,0.570000,2.230000,13.363229,12.923137,0.547324,26.377532,27.598064,28.818596,30.039127,31.259659,,,,,,,,,,27.860000,28.261667,28.678333,29.047917,27.860000,30.381612,25.338388,29.120806,26.599194
2025-08-28,29.500000,2025-08-14,2025-06-30,0.570000,2.230000,13.228700,12.924681,0.547927,26.378285,27.600161,28.822038,30.043914,31.265790,,,,,,,,,,27.997500,28.245000,28.674167,29.043542,27.997500,30.563774,25.431226,29.280637,26.714363
2025-08-29,29.550000,2025-08-14,2025-06-30,0.570000,2.230000,13.251121,12.925867,0.548483,26.378452,27.601568,28.824684,30.047800,31.270917,,,,,,,,,,28.132500,28.233333,28.669167,29.040833,28.132500,30.728504,25.536496,29.430502,26.834498
2025-09-01,29.300000,2025-08-14,2025-06-30,0.570000,2.230000,13.139013,12.925939,0.548510,26.378489,27.601666,28.824844,30.048021,31.271198,,,,,,,,,,28.257500,28.220000,28.661667,29.040833,28.257500,30.823938,25.691062,29.540719,26.974281
2025-09-02,29.150000,2025-08-14,2025-06-30,0.570000,2.230000,13.071749,12.926174,0.548567,26.378760,27.602065,28.825369,30.048674,31.271978,,,,,,,,,,28.375000,28.202500,28.654583,29.040625,28.375000,30.874789,25.875211,29.624895,27.125105
2025-09-03,29.550000,2025-08-14,2025-06-30,0.570000,2.230000,13.251121,12.928267,0.549329,26.380027,27.605031,28.830036,30.055040,31.280045,,,,,,,,,,28.512500,28.193333,28.651667,29.041875,28.512500,30.949253,26.075747,29.730876,27.294124
2025-09-04,29.550000,2025-08-14,2025-06-30,0.570000,2.230000,13.251121,12.929092,0.549742,26.380023,27.605949,28.831875,30.057800,31.283726,,,,,,,,,,28.652500,28.185833,28.645833,29.043750,28.652500,30.982279,26.322721,29.817389,27.487611
2025-09-05,29.150000,2025-08-14,2025-06-30,0.570000,2.230000,13.071749,12.928603,0.549588,26.379622,27.605203,28.830784,30.056365,31.281946,,,,,,,,,,28.770000,28.173333,28.637083,29.043750,28.770000,30.937803,26.602197,29.853901,27.686099
2025-09-08,29.100000,2025-08-14,2025-06-30,0.570000,2.230000,13.049327,12.927746,0.549316,26.378921,27.603897,28.828873,30.053848,31.278824,,,,,,,,,,28.887500,28.155833,28.627500,29.043542,28.887500,30.838175,26.936825,29.862837,27.912163
2025-09-09,29.100000,2025-08-14,2025-06-30,0.570000,2.230000,13.049327,12.926526,0.548879,26.378153,27.602153,28.826154,30.050154,31.274154,,,,,,,,,,29.002500,28.138333,28.617083,29.041458,29.002500,30.688191,27.316809,29.845345,28.159655
2025-09-10,32.000000,2025-08-14,2025-06-30,0.570000,2.230000,14.349776,12.936144,0.563550,26.334169,27.590885,28.847601,30.104317,31.361033,,,,,,,,,,29.252500,28.164167,28.630833,29.050625,29.252500,31.156644,27.348356,30.204572,28.300428
2025-09-11,30.650000,2025-08-14,2025-06-30,0.570000,2.230000,13.744395,12.941623,0.568205,26.325625,27.592722,28.859818,30.126915,31.394012,,,,,,,,,,29.407500,28.176667,28.635417,29.052500,29.407500,31.231110,27.583890,30.319305,28.495695
2025-09-12,31.000000,2025-08-14,2025-06-30,0.570000,2.230000,13.901345,12.948047,0.574679,26.311078,27.592611,28.874144,30.155678,31.437211,,,,,,,,,,29.565000,28.188333,28.642083,29.055208,29.565000,31.366198,27.763802,30.465599,28.664401
2025-09-15,30.100000,2025-08-14,2025-06-30,0.570000,2.230000,13.497758,12.950927,0.576573,26.309051,27.594809,28.880567,30.166324,31.452082,,,,,,,,,,29.652500,28.195000,28.640833,29.053750,29.652500,31.373416,27.931584,30.512958,28.792042
2025-09-16,29.850000,2025-08-14,2025-06-30,0.570000,2.230000,13.385650,12.953416,0.577809,26.309091,27.597604,28.886117,30.174630,31.463144,,,,,,,,,,29.727500,28.198333,28.638750,29.050417,29.727500,31.336512,28.118488,30.532006,28.922994
2025-09-17,29.800000,2025-08-14,2025-06-30,0.570000,2.230000,13.363229,12.955899,0.578932,26.309617,27.600636,28.891655,30.182675,31.473694,,,,,,,,,,29.807500,28.230000,28.636667,29.047917,29.807500,31.246899,28.368101,30.527199,29.087801
2025-09-18,29.850000,2025-08-14,2025-06-30,0.570000,2.230000,13.385650,12.959475,0.580260,26.311670,27.605650,28.899630,30.193610,31.487590,,,,,,,,,,29.837500,28.258333,28.637083,29.045417,29.837500,31.252783,28.422217,30.545142,29.129858
2025-09-19,29.800000,2025-08-14,2025-06-30,0.570000,2.230000,13.363229,12.958700,0.579653,26.312650,27.605276,28.897902,30.190528,31.483154,,,,,,,,,,29.837500,28.286667,28.642083,29.041458,29.837500,31.252783,28.422217,30.545142,29.129858
2025-09-22,29.850000,2025-08-14,2025-06-30,0.570000,2.230000,13.385650,12.956576,0.577597,26.317084,27.605124,28.893165,30.181206,31.469246,,,,,,,,,,29.837500,28.320000,28.644167,29.038125,29.837500,31.252783,28.422217,30.545142,29.129858
2025-09-23,29.800000,2025-08-14,2025-06-30,0.570000,2.230000,13.363229,12.954073,0.575153,26.322402,27.604993,28.887583,30.170174,31.452764,,,,,,,,,,29.822500,28.349167,28.645417,29.034167,29.822500,31.232418,28.412582,30.527459,29.117541
2025-09-24,30.300000,2025-08-14,2025-06-30,0.570000,2.230000,13.587444,12.964767,0.574897,26.347390,27.629410,28.911431,30.193452,31.475472,,,,,,,,,,29.847500,28.385833,28.675417,29.031667,29.847500,31.273379,28.421621,30.560440,29.134560
2025-09-25,30.800000,2025-08-14,2025-06-30,0.570000,2.230000,13.811659,12.976946,0.577244,26.364081,27.651335,28.938589,30.225844,31.513098,,,,,,,,,,29.912500,28.430000,28.708750,29.032500,29.912500,31.389294,28.435706,30.650897,29.174103
2025-09-26,30.150000,2025-08-14,2025-06-30,0.570000,2.230000,13.520179,12.990152,0.571314,26.419976,27.694007,28.968038,30.242069,31.516100,,,,,,,,,,29.942500,28.469167,28.744167,29.031667,29.942500,31.412650,28.472350,30.677575,29.207425
2025-09-30,30.650000,2025-08-14,2025-06-30,0.570000,2.230000,13.744395,12.996393,0.575449,26.415456,27.698707,28.981957,30.265208,31.548458,,,,,,,,,,30.010000,28.515000,28.764583,29.030208,30.010000,31.479909,28.540091,30.744954,29.275046
2025-10-01,30.600000,2025-08-14,2025-06-30,0.570000,2.230000,13.721973,13.004752,0.578660,26.419773,27.710186,29.000598,30.291010,31.581422,,,,,,,,,,30.082500,28.566667,28.789583,29.030208,30.082500,31.516403,28.648597,30.799452,29.365548
2025-10-02,30.200000,2025-08-14,2025-06-30,0.570000,2.230000,13.542601,13.012961,0.579250,26.435448,27.727175,29.018902,30.310629,31.602357,,,,,,,,,,30.115000,28.612500,28.814167,29.029792,30.115000,31.527389,28.702611,30.821194,29.408806
2025-10-03,30.400000,2025-08-14,2025-06-30,0.570000,2.230000,13.632287,13.020380,0.581447,26.442193,27.738821,29.035448,30.332075,31.628703,,,,,,,,,,30.157500,28.663333,28.837083,29.030625,30.157500,31.549309,28.765691,30.853404,29.461596
2025-10-07,30.550000,2025-08-14,2025-06-30,0.570000,2.230000,13.699552,13.029896,0.583152,26.455812,27.756240,29.056669,30.357098,31.657527,,,,,,,,,,30.227500,28.713333,28.864583,29.032500,30.227500,31.544784,28.910216,30.886142,29.568858
2025-10-08,30.100000,2025-08-14,2025-06-30,0.570000,2.230000,13.497758,13.038115,0.582734,26.476001,27.775499,29.074997,30.374494,31.673992,,,,,,,,,,30.277500,28.759167,28.889167,29.032708,30.277500,31.486011,29.068989,30.881756,29.673244
2025-10-09,30.200000,2025-08-14,2025-06-30,0.570000,2.230000,13.542601,13.045555,0.583434,26.489474,27.790531,29.091589,30.392646,31.693703,,,,,,,,,,30.332500,28.806667,28.912083,29.026875,30.332500,31.408201,29.256799,30.870350,29.794650
2025-10-13,29.950000,2025-08-14,2025-06-30,0.570000,2.230000,13.430493,13.053982,0.581613,26.516386,27.813383,29.110379,30.407375,31.704371,,,,,,,,,,30.230000,28.850833,28.937083,29.023125,30.230000,30.977205,29.482795,30.603603,29.856397
2025-10-14,30.400000,2025-08-14,2025-06-30,0.570000,2.230000,13.632287,13.063897,0.581241,26.540155,27.836323,29.132491,30.428659,31.724827,,,,,,,,,,30.217500,28.900833,28.965417,29.022083,30.217500,30.943176,29.491824,30.580338,29.854662
2025-10-15,30.850000,2025-08-14,2025-06-30,0.570000,2.230000,13.834081,13.074151,0.583901,26.551158,27.853257,29.155356,30.457455,31.759554,,,,,,,,,,30.210000,28.952500,28.994583,29.023125,30.210000,30.904035,29.515965,30.557017,29.862983
2025-10-16,30.900000,2025-08-14,2025-06-30,0.570000,2.230000,13.856502,13.084015,0.587054,26.559093,27.868223,29.177353,30.486483,31.795613,,,,,,,,,,30.250000,29.007500,29.022917,29.023958,30.250000,31.006724,29.493276,30.628362,29.871638
2025-10-17,31.100000,2025-08-14,2025-06-30,0.570000,2.230000,13.946188,13.094242,0.591315,26.562897,27.881528,29.200160,30.518791,31.837423,,,,,,,,,,30.312500,29.070000,29.052083,29.026250,30.312500,31.133844,29.491156,30.723172,29.901828
2025-10-20,31.500000,2025-08-14,2025-06-30,0.570000,2.230000,14.125561,13.104620,0.598412,26.554384,27.888844,29.223303,30.557763,31.892222,,,,,,,,,,30.397500,29.138333,29.081667,29.031042,30.397500,31.338650,29.456350,30.868075,29.926925
2025-10-21,32.750000,2025-08-14,2025-06-30,0.570000,2.230000,14.686099,13.118517,0.615514,26.509101,27.881698,29.254294,30.626890,31.999486,,,,,,,,,,30.542500,29.230833,29.119167,29.041042,30.542500,31.920628,29.164372,31.231564,29.853436
2025-10-22,32.600000,2025-08-14,2025-06-30,0.570000,2.230000,14.618834,13.133006,0.630146,26.476153,27.881378,29.286604,30.691830,32.097055,,,,,,,,,,30.682500,29.319167,29.157917,29.049167,30.682500,32.292428,29.072572,31.487464,29.877536
2025-10-23,32.450000,2025-08-14,2025-06-30,0.570000,2.230000,14.551570,13.145590,0.643245,26.445794,27.880230,29.314666,30.749103,32.183539,,,,,,,,,,30.812500,29.406667,29.192500,29.058333,30.812500,32.553907,29.071093,31.683204,29.941796
2025-10-27,32.300000,2025-08-14,2025-06-30,0.570000,2.230000,14.484305,13.157038,0.654738,26.420063,27.880129,29.340195,30.800260,32.260326,,,,,,,,,,30.937500,29.495833,29.224583,29.066875,30.937500,32.731019,29.143981,31.834260,30.040740
2025-10-28,31.950000,2025-08-14,2025-06-30,0.570000,2.230000,14.327354,13.166409,0.663389,26.402377,27.881735,29.361093,30.840451,32.319809,,,,,,,,,,31.020000,29.575833,29.252083,29.070000,31.020000,32.841624,29.198376,31.930812,30.109188
2025-10-29,31.550000,2025-08-14,2025-06-30,0.570000,2.230000,14.147982,13.174094,0.669397,26.392719,27.885474,29.378230,30.870986,32.363742,,,,,,,,,,31.057500,29.655833,29.275833,29.073750,31.057500,32.890896,29.224104,31.974198,30.140802
2025-10-30,31.300000,2025-08-14,2025-06-30,0.570000,2.230000,14.035874,13.179309,0.673675,26.385268,27.887563,29.389858,30.892154,32.394449,,,,,,,,,,31.115000,29.730000,29.294167,29.076250,31.115000,32.900055,29.329945,32.007527,30.222473
2025-10-31,31.000000,2025-08-14,2025-06-30,0.570000,2.230000,13.901345,13.182634,0.676263,26.381143,27.889208,29.397274,30.905340,32.413405,,,,,,,,,,31.132500,29.800000,29.308333,29.077917,31.132500,32.905180,29.359820,32.018840,30.246160
2025-11-03,31.250000,2025-08-14,2025-06-30,0.570000,2.230000,14.013453,13.185358,0.678962,26.375177,27.889262,29.403347,30.917433,32.431518,,,,,,,,,,31.165000,29.874167,29.321250,29.080833,31.165000,32.920323,29.409677,32.042661,30.287339
2025-11-04,30.600000,2025-08-14,2025-06-30,0.570000,2.230000,13.721973,13.187764,0.680358,26.374316,27.891515,29.408714,30.925913,32.443112,,,,,,,,,,31.185000,29.937500,29.333333,29.083333,31.185000,32.902740,29.467260,32.043870,30.326130
2025-11-05,30.400000,2025-08-14,2025-06-30,0.570000,2.230000,13.632287,13.189039,0.681052,26.374065,27.892811,29.411558,30.930304,32.449051,,,,,,,,,,31.185000,29.998333,29.342917,29.085417,31.185000,32.902740,29.467260,32.043870,30.326130
2025-11-06,30.950000,2025-08-14,2025-06-30,0.570000,2.230000,13.878924,13.195275,0.683933,26.375124,27.900294,29.425464,30.950633,32.475803,,,,,,,,,,31.205000,30.067500,29.357917,29.091250,31.205000,32.900784,29.509216,32.052892,30.357108
2025-11-07,30.600000,2025-08-14,2025-06-30,0.570000,2.230000,13.721973,13.199077,0.685594,26.376194,27.905068,29.433941,30.962815,32.491689,,,,,,,,,,31.230000,30.131667,29.367500,29.096667,31.230000,32.871052,29.588948,32.050526,30.409474
2025-11-10,30.700000,2025-08-14,2025-06-30,0.570000,2.230000,13.766816,13.203440,0.687540,26.377241,27.910456,29.443671,30.976886,32.510101,,,,,,,,,,31.255000,30.196667,29.378333,29.103750,31.255000,32.844406,29.665594,32.049703,30.460297
2025-11-11,30.950000,2025-08-14,2025-06-30,0.570000,2.230000,13.878924,13.208174,0.690237,26.375774,27.915001,29.454229,30.993456,32.532684,,,,,,,,,,31.305000,30.262500,29.390000,29.111042,31.305000,32.780377,29.829623,32.042688,30.567312
2025-11-12,31.200000,2025-08-14,2025-06-30,0.570000,2.230000,13.991031,13.212904,0.693660,26.371051,27.917914,29.464777,31.011639,32.558502,,,,,,,,,,31.345000,30.323333,29.401667,29.118750,31.345000,32.759176,29.930824,32.052088,30.637912
2025-11-13,31.200000,2025-08-14,2025-06-30,0.570000,2.230000,13.991031,13.218010,0.697134,26.366942,27.921552,29.476162,31.030772,32.585381,,,,,,,,,,31.362500,30.379167,29.414167,29.126667,31.362500,32.759442,29.965558,32.060971,30.664029
2025-11-14,30.650000,2025-11-14,2025-09-30,0.820000,2.360000,12.987288,13.211748,0.695791,27.895590,29.537657,31.179725,32.821792,34.463859,,,,,,,,,,31.350000,30.417500,29.415417,29.132917,31.350000,32.768672,29.931328,32.059336,30.640664
2025-11-17,29.900000,2025-11-14,2025-09-30,0.820000,2.360000,12.669492,13.201899,0.695026,27.875959,29.516220,31.156481,32.796742,34.437003,,,,,,,,,,31.290000,30.443333,29.408333,29.135625,31.290000,32.847866,29.732134,32.068933,30.511067
2025-11-18,29.700000,2025-11-14,2025-09-30,0.820000,2.360000,12.584746,13.190968,0.694326,27.853469,29.492077,31.130685,32.769294,34.407902,,,,,,,,,,31.200000,30.468333,29.398750,29.136667,31.200000,32.907568,29.492432,32.053784,30.346216
2025-11-19,29.750000,2025-11-14,2025-09-30,0.820000,2.360000,12.605932,13.181153,0.694200,27.830897,29.469209,31.107521,32.745833,34.384146,,,,,,,,,,31.050000,30.476667,29.391667,29.136458,31.050000,32.710691,29.389309,31.880346,30.219654
2025-11-20,30.500000,2025-11-14,2025-09-30,0.820000,2.360000,12.923729,13.172860,0.691251,27.825246,29.456598,31.087949,32.719300,34.350652,,,,,,,,,,30.945000,30.488333,29.388333,29.140000,30.945000,32.451442,29.438558,31.698221,30.191779
2025-11-21,30.550000,2025-11-14,2025-09-30,0.820000,2.360000,12.944915,13.167934,0.690747,27.815999,29.446161,31.076324,32.706486,34.336648,,,,,,,,,,30.850000,30.500000,29.392500,29.145208,30.850000,32.186925,29.513075,31.518462,30.181538
2025-11-24,31.000000,2025-11-14,2025-09-30,0.820000,2.360000,13.135593,13.164034,0.689587,27.812271,29.439695,31.067119,32.694544,34.321968,,,,,,,,,,30.785000,30.515000,29.399167,29.152292,30.785000,31.938986,29.631014,31.361993,30.208007
2025-11-25,31.550000,2025-11-14,2025-09-30,0.820000,2.360000,13.368644,13.158697,0.685458,27.819163,29.436845,31.054526,32.672207,34.289888,,,,,,,,,,30.765000,30.544167,29.402917,29.161875,30.765000,31.845497,29.684503,31.305248,30.224752
2025-11-26,31.950000,2025-11-14,2025-09-30,0.820000,2.360000,13.538136,13.157026,0.684275,27.820802,29.435691,31.050580,32.665470,34.280359,,,,,,,,,,30.785000,30.585000,29.415000,29.173333,30.785000,31.938986,29.631014,31.361993,30.208007
2025-11-27,31.650000,2025-11-14,2025-09-30,0.820000,2.360000,13.411017,13.155233,0.683317,27.821093,29.433722,31.046350,32.658978,34.271606,,,,,,,,,,30.802500,30.620000,29.426667,29.182708,30.802500,31.999195,29.605805,31.400848,30.204152
2025-11-28,31.450000,2025-11-14,2025-09-30,0.820000,2.360000,13.326271,13.153297,0.682493,27.820413,29.431097,31.041782,32.652466,34.263151,,,,,,,,,,30.825000,30.655833,29.437917,29.190417,30.825000,32.053821,29.596179,31.439410,30.210590
2025-12-01,31.150000,2025-11-14,2025-09-30,0.820000,2.360000,13.199153,13.149927,0.681248,27.818335,29.426081,31.033827,32.641574,34.249320,,,,,,,,,,30.820000,30.689167,29.445833,29.197083,30.820000,32.042336,29.597664,31.431168,30.208832
2025-12-02,31.500000,2025-11-14,2025-09-30,0.820000,2.360000,13.347458,13.148168,0.680457,27.817921,29.423798,31.029676,32.635553,34.241430,,,,,,,,,,30.865000,30.721667,29.457500,29.206042,30.865000,32.119088,29.610912,31.492044,30.237956
2025-12-03,31.450000,2025-11-14,2025-09-30,0.820000,2.360000,13.326271,13.146607,0.679826,27.817214,29.421604,31.025993,32.630383,34.234772,,,,,,,,,,30.917500,30.753333,29.469583,29.215000,30.917500,32.177523,29.657477,31.547511,30.287489
2025-12-04,31.950000,2025-11-14,2025-09-30,0.820000,2.360000,13.538136,13.147188,0.680133,27.817136,29.422250,31.027363,32.632477,34.237591,,,,,,,,,,30.967500,30.800000,29.486667,29.226458,30.967500,32.309641,29.625359,31.638570,30.296430
2025-12-05,31.500000,2025-11-14,2025-09-30,0.820000,2.360000,13.347458,13.145241,0.679214,27.816878,29.419823,31.022769,32.625714,34.228660,,,,,,,,,,31.012500,30.840000,29.497917,29.235625,31.012500,32.363085,29.661915,31.687792,30.337208
2025-12-08,31.900000,2025-11-14,2025-09-30,0.820000,2.360000,13.516949,13.144707,0.678894,27.817130,29.419319,31.021508,32.623696,34.225885,,,,,,,,,,31.072500,30.886667,29.512500,29.247917,31.072500,32.470421,29.674579,31.771461,30.373539
2025-12-09,31.700000,2025-11-14,2025-09-30,0.820000,2.360000,13.432203,13.142340,0.677378,27.818699,29.417310,31.015922,32.614534,34.213145,,,,,,,,,,31.110000,30.881667,29.522917,29.261458,31.110000,32.534079,29.685921,31.822039,30.397961
2025-12-10,31.200000,2025-11-14,2025-09-30,0.820000,2.360000,13.220339,13.140272,0.676752,27.816771,29.413907,31.011042,32.608178,34.205313,,,,,,,,,,31.110000,30.890833,29.533750,29.275625,31.110000,32.534079,29.685921,31.822039,30.397961
2025-12-11,30.400000,2025-11-14,2025-09-30,0.820000,2.360000,12.881356,13.133878,0.675532,27.807439,29.401696,30.995952,32.590208,34.184465,,,,,,,,,,31.070000,30.880833,29.534583,29.286458,31.070000,32.527973,29.612027,31.798986,30.341014
2025-12-12,30.250000,2025-11-14,2025-09-30,0.820000,2.360000,12.817797,13.129206,0.675766,27.795313,29.390120,30.984927,32.579734,34.174541,,,,,,,,,,31.050000,30.883333,29.539167,29.296458,31.050000,32.542790,29.557210,31.796395,30.303605
2025-12-15,30.300000,2025-11-14,2025-09-30,0.820000,2.360000,12.838983,13.124899,0.675956,27.784249,29.379506,30.974762,32.570018,34.165275,,,,,,,,,,31.070000,30.890833,29.544583,29.306875,31.070000,32.507615,29.632385,31.788807,30.351193
2025-12-16,30.450000,2025-11-14,2025-09-30,0.820000,2.360000,12.902542,13.127691,0.674325,27.798537,29.389943,30.981350,32.572757,34.164163,,,,,,,,,,31.107500,30.901667,29.565833,29.318125,31.107500,32.429092,29.785908,31.768296,30.446704
2025-12-17,30.250000,2025-11-14,2025-09-30,0.820000,2.360000,12.817797,13.128837,0.673674,27.804315,29.394185,30.984056,32.573927,34.163798,,,,,,,,,,31.132500,30.908333,29.583333,29.326458,31.132500,32.361652,29.903348,31.747076,30.517924
2025-12-18,30.150000,2025-11-14,2025-09-30,0.820000,2.360000,12.775424,13.129819,0.673067,27.809494,29.397933,30.986372,32.574812,34.163251,,,,,,,,,,31.115000,30.914167,29.600417,29.335625,31.115000,32.391137,29.838863,31.753069,30.476931
2025-12-19,30.400000,2025-11-14,2025-09-30,0.820000,2.360000,12.881356,13.132621,0.671310,27.824404,29.408695,30.992987,32.577278,34.161569,,,,,,,,,,31.107500,30.923333,29.621667,29.345833,31.107500,32.399286,29.815714,31.753393,30.461607
2025-12-22,30.400000,2025-11-14,2025-09-30,0.820000,2.360000,12.881356,13.134673,0.670152,27.834712,29.416270,30.997829,32.579387,34.160946,,,,,,,,,,31.077500,30.933333,29.641250,29.351042,31.077500,32.407112,29.747888,31.742306,30.412694
2025-12-23,30.150000,2025-11-14,2025-09-30,0.820000,2.360000,12.775424,13.135655,0.669533,27.839947,29.420046,31.000145,32.580244,34.160343,,,,,,,,,,31.007500,30.930833,29.658333,29.355833,31.007500,32.379120,29.635880,31.693310,30.321690
2025-12-24,30.150000,2025-11-14,2025-09-30,0.820000,2.360000,12.775424,13.136448,0.669045,27.844125,29.423071,31.002018,32.580965,34.159911,,,,,,,,,,30.917500,30.920000,29.675000,29.361042,30.917500,32.264729,29.570271,31.591115,30.243885
2025-12-26,30.000000,2025-11-14,2025-09-30,0.820000,2.360000,12.711864,13.138026,0.667807,27.853691,29.429717,31.005742,32.581767,34.157792,,,,,,,,,,30.835000,30.917500,29.693333,29.366875,30.835000,32.195379,29.474621,31.515190,30.154810
2025-12-29,29.950000,2025-11-14,2025-09-30,0.820000,2.360000,12.690678,13.139052,0.667018,27.859840,29.434001,31.008163,32.582325,34.156486,,,,,,,,,,30.760000,30.905833,29.710417,29.373958,30.760000,32.142827,29.377173,31.451414,30.068586
2025-12-30,30.000000,2025-11-14,2025-09-30,0.820000,2.360000,12.711864,13.141756,0.664598,27.877641,29.446093,31.014544,32.582996,34.151448,,,,,,,,,,30.702500,30.895833,29.731250,29.381250,30.702500,32.112418,29.292582,31.407459,29.997541
2025-12-31,30.000000,2025-11-14,2025-09-30,0.820000,2.360000,12.711864,13.144648,0.661939,27.897016,29.459192,31.021369,32.583545,34.145721,,,,,,,,,,30.627500,30.892500,29.752500,29.388125,30.627500,32.018250,29.236750,31.322875,29.932125
2026-01-02,29.850000,2025-11-14,2025-09-30,0.820000,2.360000,12.648305,13.147385,0.659173,27.916533,29.472181,31.027829,32.583477,34.139125,,,,,,,,,,30.547500,30.883333,29.773333,29.395000,30.547500,31.923029,29.171971,31.235264,29.859736
2026-01-05,29.750000,2025-11-14,2025-09-30,0.820000,2.360000,12.605932,13.149019,0.657571,27.927949,29.479817,31.031684,32.583551,34.135419,,,,,,,,,,30.437500,30.870000,29.791667,29.400625,30.437500,31.686868,29.188132,31.062184,29.812816
2026-01-06,29.950000,2025-11-14,2025-09-30,0.820000,2.360000,12.690678,13.152109,0.654505,27.949712,29.494345,31.038978,32.583610,34.128243,,,,,,,,,,30.360000,30.867500,29.813333,29.410000,30.360000,31.521034,29.198966,30.940517,29.779483
2026-01-07,29.900000,2025-11-14,2025-09-30,0.820000,2.360000,12.669492,13.155023,0.651541,27.970583,29.508219,31.045854,32.583490,34.121126,,,,,,,,,,30.260000,30.862500,29.834583,29.419792,30.260000,31.182582,29.337418,30.721291,29.798709
2026-01-08,29.650000,2025-11-14,2025-09-30,0.820000,2.360000,12.563559,13.157242,0.649044,27.987605,29.519348,31.051091,32.582834,34.114576,,,,,,,,,,30.157500,30.857500,29.854167,29.430417,30.157500,30.827359,29.487641,30.492429,29.822571
2026-01-09,29.900000,2025-11-14,2025-09-30,0.820000,2.360000,12.669492,13.159968,0.646273,28.007116,29.532320,31.057525,32.582729,34.107934,,,,,,,,,,30.092500,30.849167,29.875000,29.440208,30.092500,30.557343,29.627657,30.324921,29.860079
2026-01-12,30.150000,2025-11-14,2025-09-30,0.820000,2.360000,12.775424,13.162263,0.644396,28.021393,29.542167,31.062941,32.583716,34.104490,,,,,,,,,,30.080000,30.837500,29.895000,29.450625,30.080000,30.522957,29.637043,30.301478,29.858522
2026-01-13,30.600000,2025-11-14,2025-09-30,0.820000,2.360000,12.966102,13.166711,0.641150,28.047209,29.560323,31.073437,32.586551,34.099665,,,,,,,,,,30.097500,30.832500,29.920000,29.462708,30.097500,30.593245,29.601755,30.345373,29.849627
2026-01-14,30.550000,2025-11-14,2025-09-30,0.820000,2.360000,12.944915,13.171920,0.636736,28.080338,29.583034,31.085731,32.588427,34.091123,,,,,,,,,,30.110000,30.823333,29.946667,29.472500,30.110000,30.638752,29.581248,30.374376,29.845624
2026-01-15,30.500000,2025-11-14,2025-09-30,0.820000,2.360000,12.923729,13.176765,0.632569,28.111440,29.604302,31.097164,32.590026,34.082888,,,,,,,,,,30.112500,30.806667,29.972500,29.482500,30.112500,30.648445,29.576555,30.380472,29.844528
2026-01-16,30.250000,2025-11-14,2025-09-30,0.820000,2.360000,12.817797,13.181477,0.627711,28.145491,29.626889,31.108287,32.589685,34.071082,,,,,,,,,,30.112500,30.765000,29.997917,29.490000,30.112500,30.648445,29.576555,30.380472,29.844528
2026-01-19,30.250000,2025-11-14,2025-09-30,0.820000,2.360000,12.817797,13.185815,0.623333,28.176392,29.647458,31.118523,32.589589,34.060655,,,,,,,,,,30.117500,30.725833,30.022500,29.497292,30.117500,30.656773,29.578227,30.387137,29.847863
2026-01-20,30.250000,2025-11-14,2025-09-30,0.820000,2.360000,12.817797,13.190528,0.618333,28.211114,29.670380,31.129646,32.588912,34.048178,,,,,,,,,,30.110000,30.689167,30.047917,29.504375,30.110000,30.636758,29.583242,30.373379,29.846621
2026-01-21,29.850000,2025-11-14,2025-09-30,0.820000,2.360000,12.648305,13.194767,0.612787,28.247295,29.693472,31.139649,32.585827,34.032004,,,,,,,,,,30.082500,30.648333,30.072083,29.511875,30.082500,30.602900,29.562100,30.342700,29.822300
2026-01-22,29.950000,2025-11-14,2025-09-30,0.820000,2.360000,12.690678,13.198608,0.608114,28.278418,29.713566,31.148715,32.583863,34.019012,,,,,,,,,,30.072500,30.615000,30.095417,29.519375,30.072500,30.595120,29.549880,30.333810,29.811190
2026-01-23,29.900000,2025-11-14,2025-09-30,0.820000,2.360000,12.669492,13.203774,0.600860,28.324847,29.742877,31.160907,32.578937,33.996967,,,,,,,,,,30.060000,30.587500,30.121667,29.526042,30.060000,30.586758,29.533242,30.323379,29.796621
2026-01-26,30.250000,2025-11-14,2025-09-30,0.820000,2.360000,12.817797,13.209801,0.593220,28.375133,29.775131,31.175130,32.575129,33.975127,,,,,,,,,,30.072500,30.570000,30.150000,29.533542,30.072500,30.605095,29.539905,30.338798,29.806202
2026-01-27,29.950000,2025-11-14,2025-09-30,0.820000,2.360000,12.690678,13.214956,0.585892,28.421884,29.804590,31.187296,32.570002,33.952708,,,,,,,,,,30.072500,30.552500,30.176250,29.541250,30.072500,30.605095,29.539905,30.338798,29.806202
2026-01-28,30.000000,2025-11-14,2025-09-30,0.820000,2.360000,12.711864,13.220287,0.578266,28.470462,29.835170,31.199878,32.564587,33.929295,,,,,,,,,,30.072500,30.531667,30.202917,29.548542,30.072500,30.605095,29.539905,30.338798,29.806202
2026-01-29,30.050000,2025-11-14,2025-09-30,0.820000,2.360000,12.733051,13.225796,0.570331,28.520916,29.866897,31.212878,32.558858,33.904839,,,,,,,,,,30.075000,30.522500,30.230000,29.555000,30.075000,30.606631,29.543369,30.340816,29.809184
2026-01-30,29.650000,2025-11-14,2025-09-30,0.820000,2.360000,12.563559,13.230079,0.563309,28.564166,29.893576,31.222987,32.552397,33.881807,,,,,,,,,,30.065000,30.510000,30.254167,29.557083,30.065000,30.621398,29.508602,30.343199,29.786801
2026-02-02,29.400000,2025-11-14,2025-09-30,0.820000,2.360000,12.457627,13.233292,0.557721,28.598127,29.914348,31.230569,32.546790,33.863012,,,,,,,,,,30.047500,30.484167,30.275833,29.557083,30.047500,30.664347,29.430653,30.355923,29.739077
2026-02-03,29.550000,2025-11-14,2025-09-30,0.820000,2.360000,12.521186,13.237222,0.550929,28.639458,29.939652,31.239845,32.540038,33.840231,,,,,,,,,,30.027500,30.466667,30.299167,29.557500,30.027500,30.682421,29.372579,30.354960,29.700040
2026-02-04,29.850000,2025-11-14,2025-09-30,0.820000,2.360000,12.648305,13.242024,0.543145,28.687534,29.969356,31.251177,32.532999,33.814820,,,,,,,,,,30.025000,30.452500,30.324583,29.560000,30.025000,30.682347,29.367653,30.353674,29.696326
2026-02-05,29.800000,2025-11-14,2025-09-30,0.820000,2.360000,12.627119,13.245899,0.537000,28.725681,29.993001,31.260321,32.527642,33.794962,,,,,,,,,,30.032500,30.433333,30.347917,29.561875,30.032500,30.675089,29.389911,30.353795,29.711205
2026-02-06,29.500000,2025-11-14,2025-09-30,0.820000,2.360000,12.500000,13.247113,0.535128,28.737382,30.000285,31.263188,32.526090,33.788993,,,,,,,,,,30.012500,30.405000,30.364167,29.561667,30.012500,30.696047,29.328953,30.354274,29.670726
2026-02-09,29.550000,2025-11-14,2025-09-30,0.820000,2.360000,12.521186,13.247383,0.534750,28.739803,30.001814,31.263825,32.525836,33.787847,,,,,,,,,,29.982500,30.377500,30.378333,29.561250,29.982500,30.692782,29.272218,30.337641,29.627359
2026-02-10,29.450000,2025-11-14,2025-09-30,0.820000,2.360000,12.478814,13.245432,0.537139,28.723922,29.991571,31.259219,32.526867,33.794515,,,,,,,,,,29.925000,30.357500,30.387500,29.560417,29.925000,30.610565,29.239435,30.267783,29.582217
2026-02-11,29.500000,2025-11-14,2025-09-30,0.820000,2.360000,12.500000,13.243657,0.539261,28.709718,29.982374,31.255030,32.527686,33.800342,,,,,,,,,,29.872500,30.350833,30.397083,29.559583,29.872500,30.516071,29.228929,30.194286,29.550714
2026-02-23,29.950000,2025-11-14,2025-09-30,0.820000,2.360000,12.690678,13.244031,0.538858,28.712505,29.984209,31.255914,32.527618,33.799323,,,,,,,,,,29.845000,30.355000,30.411667,29.559375,29.845000,30.418906,29.271094,30.131953,29.558047
2026-02-24,29.950000,2025-11-14,2025-09-30,0.820000,2.360000,12.690678,13.240482,0.541102,28.693534,29.970536,31.247537,32.524539,33.801540,,,,,,,,,,29.830000,30.358333,30.417500,29.557917,29.830000,30.374252,29.285748,30.102126,29.557874
2026-02-25,30.150000,2025-11-14,2025-09-30,0.820000,2.360000,12.775424,13.235584,0.542640,28.674716,29.955346,31.235977,32.516608,33.797239,,,,,,,,,,29.825000,30.352500,30.420417,29.555417,29.825000,30.354647,29.295353,30.089824,29.560176
2026-02-26,30.050000,2025-11-14,2025-09-30,0.820000,2.360000,12.733051,13.230145,0.544391,28.653618,29.938380,31.223143,32.507905,33.792668,,,,,,,,,,29.815000,30.344167,30.422083,29.553958,29.815000,30.317729,29.312271,30.066365,29.563635
2026-03-02,29.900000,2025-11-14,2025-09-30,0.820000,2.360000,12.669492,13.223243,0.546217,28.628709,29.917781,31.206854,32.495926,33.784998,,,,,,,,,,29.817500,30.325833,30.420417,29.551458,29.817500,30.321458,29.313542,30.069479,29.565521
2026-03-03,29.700000,2025-11-14,2025-09-30,0.820000,2.360000,12.584746,13.216756,0.549156,28.599529,29.895536,31.191543,32.487550,33.783558,,,,,,,,,,29.805000,30.295000,30.419583,29.548958,29.805000,30.307520,29.302480,30.056260,29.553740
2026-03-04,28.800000,2025-11-14,2025-09-30,0.820000,2.360000,12.203390,13.208211,0.556890,28.542858,29.857118,31.171379,32.485639,33.799900,,,,,,,,,,29.750000,30.242500,30.413750,29.543958,29.750000,30.421213,29.078787,30.085606,29.414394
2026-03-05,28.900000,2025-11-14,2025-09-30,0.820000,2.360000,12.245763,13.199833,0.563759,28.490664,29.821135,31.151607,32.482078,33.812550,,,,,,,,,,29.682500,30.196667,30.408333,29.538750,29.682500,30.411071,28.953929,30.046786,29.318214
2026-03-06,28.900000,2025-11-14,2025-09-30,0.820000,2.360000,12.245763,13.192390,0.570427,28.441626,29.787833,31.134040,32.480247,33.826453,,,,,,,,,,29.630000,30.154167,30.405000,29.533333,29.630000,30.425646,28.834354,30.027823,29.232177
2026-03-09,28.250000,2025-11-14,2025-09-30,0.820000,2.360000,11.970339,13.183211,0.581145,28.369376,29.740877,31.112379,32.483880,33.855381,,,,,,,,,,29.542500,30.105833,30.397500,29.526042,29.542500,30.528868,28.556132,30.035684,29.049316
2026-03-10,28.750000,2025-11-14,2025-09-30,0.820000,2.360000,12.182203,13.174304,0.588244,28.314847,29.703102,31.091357,32.479611,33.867866,,,,,,,,,,29.477500,30.060000,30.390833,29.521250,29.477500,30.493931,28.461069,29.985715,28.969285
2026-03-11,29.600000,2025-11-14,2025-09-30,0.820000,2.360000,12.542373,13.168397,0.591017,28.287816,29.682617,31.077418,32.472219,33.867020,,,,,,,,,,29.475000,30.029167,30.391250,29.518542,29.475000,30.489889,28.460111,29.982445,28.967555
2026-03-12,29.800000,2025-11-14,2025-09-30,0.820000,2.360000,12.627119,13.164692,0.593019,28.269625,29.669149,31.068673,32.468198,33.867722,,,,,,,,,,29.495000,29.993333,30.396667,29.516875,29.495000,30.519387,28.470613,30.007193,28.982807
2026-03-13,30.000000,2025-11-14,2025-09-30,0.820000,2.360000,12.711864,13.161880,0.594369,28.256615,29.659326,31.062037,32.464747,33.867458,,,,,,,,,,29.517500,29.968333,30.404167,29.515833,29.517500,30.566447,28.468553,30.041973,28.993027
2026-03-16,29.900000,2025-11-14,2025-09-30,0.820000,2.360000,12.669492,13.158715,0.595983,28.241528,29.648047,31.054567,32.461086,33.867605,,,,,,,,,,29.520000,29.935000,30.410833,29.513958,29.520000,30.572516,28.467484,30.046258,28.993742
2026-03-17,29.700000,2025-11-14,2025-09-30,0.820000,2.360000,12.584746,13.144006,0.588068,28.244172,29.632013,31.019854,32.407695,33.795537,,,,,,,,,,29.515000,29.901667,30.391667,29.511250,29.515000,30.562855,28.467145,30.038927,28.991073
2026-03-18,29.400000,2025-11-14,2025-09-30,0.820000,2.360000,12.457627,13.133283,0.588760,28.215601,29.605074,30.994548,32.384021,33.773495,,,,,,,,,,29.510000,29.871667,30.381250,29.508333,29.510000,30.559110,28.460890,30.034555,28.985445
2026-03-19,29.200000,2025-11-14,2025-09-30,0.820000,2.360000,12.372881,13.120546,0.588537,28.186592,29.575540,30.964488,32.353436,33.742384,,,,,,,,,,29.492500,29.851667,30.366250,29.504167,29.492500,30.550440,28.434560,30.021470,28.963530
2026-03-20,29.200000,2025-11-14,2025-09-30,0.820000,2.360000,12.372881,13.111172,0.591430,28.150816,29.546591,30.942365,32.338140,33.733915,,,,,,,,,,29.480000,29.834167,30.358750,29.499792,29.480000,30.545932,28.414068,30.012966,28.947034
2026-03-23,29.200000,2025-11-14,2025-09-30,0.820000,2.360000,12.372881,13.102732,0.594697,28.115476,29.518962,30.922448,32.325933,33.729419,,,,,,,,,,29.465000,29.815833,30.353333,29.496042,29.465000,30.538166,28.391834,30.001583,28.928417
2026-03-24,29.550000,2025-11-14,2025-09-30,0.820000,2.360000,12.521186,13.095715,0.596563,28.090112,29.498000,30.905888,32.313775,33.721663,,,,,,,,,,29.445000,29.800833,30.351250,29.493958,29.445000,30.494762,28.395238,29.969881,28.920119
2026-03-25,29.600000,2025-11-14,2025-09-30,0.820000,2.360000,12.542373,13.088688,0.598083,28.066349,29.477826,30.889303,32.300780,33.712257,,,,,,,,,,29.427500,29.790000,30.349167,29.493125,29.427500,30.453209,28.401791,29.940354,28.914646
2026-03-26,29.550000,2025-11-14,2025-09-30,0.820000,2.360000,12.521186,13.081671,0.599773,28.041816,29.457280,30.872743,32.288206,33.703669,,,,,,,,,,29.397500,29.780000,30.347083,29.494583,29.397500,30.367836,28.427164,29.882668,28.912332
2026-03-27,29.700000,2025-11-14,2025-09-30,0.820000,2.360000,12.584746,13.074997,0.600817,28.021137,29.439064,30.856992,32.274919,33.692847,,,,,,,,,,29.380000,29.768333,30.345833,29.495000,29.380000,30.312681,28.447319,29.846341,28.913659
2026-03-30,29.850000,2025-11-14,2025-09-30,0.820000,2.360000,12.648305,13.069039,0.601479,28.003951,29.423441,30.842932,32.262422,33.681912,,,,,,,,,,29.377500,29.759167,30.346250,29.495833,29.377500,30.304564,28.450436,29.841032,28.913968
2026-03-31,29.350000,2026-03-31,2025-12-31,0.760000,2.570000,11.420233,13.050979,0.618089,30.364035,31.952525,33.541015,35.129505,36.717995,,,,,,,,,,29.360000,29.745833,30.338333,29.506875,29.360000,30.274561,28.445439,29.817280,28.902720
2026-04-01,29.600000,2026-03-31,2025-12-31,0.760000,2.570000,11.517510,13.031861,0.629734,30.255052,31.873467,33.491882,35.110297,36.728713,,,,,,,,,,29.400000,29.736667,30.328333,29.518542,29.400000,30.280789,28.519211,29.840395,28.959605
2026-04-02,29.350000,2026-03-31,2025-12-31,0.760000,2.570000,11.420233,13.014361,0.645041,30.131397,31.789153,33.446908,35.104664,36.762420,,,,,,,,,,29.422500,29.725833,30.321667,29.532917,29.422500,30.271943,28.573057,29.847221,28.997779
2026-04-07,29.400000,2026-03-31,2025-12-31,0.760000,2.570000,11.439689,12.995155,0.657316,30.018945,31.708247,33.397549,35.086852,36.776154,,,,,,,,,,29.447500,29.716667,30.311250,29.537917,29.447500,30.260859,28.634141,29.854179,29.040821
2026-04-08,29.250000,2026-03-31,2025-12-31,0.760000,2.570000,11.381323,12.975650,0.670170,29.902747,31.625084,33.347420,35.069757,36.792094,,,,,,,,,,29.497500,29.704167,30.300000,29.544792,29.497500,30.095281,28.899719,29.796390,29.198610
2026-04-09,29.200000,2026-03-31,2025-12-31,0.760000,2.570000,11.361868,12.957477,0.684090,29.784496,31.542606,33.300716,35.058826,36.816937,,,,,,,,,,29.520000,29.690833,30.291667,29.552917,29.520000,30.026172,29.013828,29.773086,29.266914
2026-04-10,29.500000,2026-03-31,2025-12-31,0.760000,2.570000,11.478599,12.939530,0.694410,29.685322,31.469957,33.254592,35.039226,36.823861,,,,,,,,,,29.515000,29.685000,30.284167,29.560625,29.515000,30.019819,29.010181,29.767409,29.262591
2026-04-13,29.300000,2026-03-31,2025-12-31,0.760000,2.570000,11.400778,12.920373,0.704896,29.582192,31.393776,33.205360,35.016943,36.828527,,,,,,,,,,29.490000,29.677500,30.273750,29.569167,29.490000,29.984815,28.995185,29.737408,29.242592
2026-04-14,29.100000,2026-03-31,2025-12-31,0.760000,2.570000,11.322957,12.902250,0.717767,29.469461,31.314122,33.158783,35.003444,36.848105,,,,,,,,,,29.445000,29.663333,30.265417,29.577292,29.445000,29.907146,28.982854,29.676073,29.213927
2026-04-15,29.300000,2026-03-31,2025-12-31,0.760000,2.570000,11.400778,12.884401,0.728263,29.369640,31.241276,33.112912,34.984548,36.856184,,,,,,,,,,29.415000,29.653333,30.257917,29.585000,29.415000,29.828076,29.001924,29.621538,29.208462
2026-04-16,29.350000,2026-03-31,2025-12-31,0.760000,2.570000,11.420233,12.867649,0.738643,29.273235,31.171547,33.069859,34.968170,36.866482,,,,,,,,,,29.397500,29.648333,30.252917,29.595000,29.397500,29.788820,29.006180,29.593160,29.201840
2026-04-17,29.350000,2026-03-31,2025-12-31,0.760000,2.570000,11.420233,12.849216,0.746955,29.183133,31.102809,33.022484,34.942159,36.861835,,,,,,,,,,29.395000,29.639167,30.244167,29.604792,29.395000,29.786891,29.003109,29.590946,29.199054
2026-04-20,29.150000,2026-03-31,2025-12-31,0.760000,2.570000,11.342412,12.828452,0.753947,29.093833,31.031477,32.969121,34.906765,36.844408,,,,,,,,,,29.392500,29.622500,30.230000,29.612292,29.392500,29.790224,28.994776,29.591362,29.193638
2026-04-21,29.200000,2026-03-31,2025-12-31,0.760000,2.570000,11.361868,12.807663,0.759732,29.010669,30.963182,32.915694,34.868206,36.820719,,,,,,,,,,29.392500,29.599167,30.215833,29.619375,29.392500,29.790224,28.994776,29.591362,29.193638
2026-04-22,29.050000,2026-03-31,2025-12-31,0.760000,2.570000,11.303502,12.785641,0.764738,28.928343,30.893720,32.859096,34.824473,36.789850,,,,,,,,,,29.385000,29.574167,30.198750,29.625417,29.385000,29.803141,28.966859,29.594071,29.175929
2026-04-23,28.800000,2026-03-31,2025-12-31,0.760000,2.570000,11.206226,12.761313,0.768181,28.848121,30.822348,32.796574,34.770800,36.745027,,,,,,,,,,29.347500,29.545833,30.176250,29.628958,29.347500,29.832512,28.862488,29.590006,29.104994
2026-04-24,28.600000,2026-03-31,2025-12-31,0.760000,2.570000,11.128405,12.731665,0.761899,28.804219,30.762299,32.720380,34.678461,36.636541,,,,,,,,,,29.297500,29.518333,30.141667,29.630417,29.297500,29.871016,28.723984,29.584258,29.010742
2026-04-27,28.400000,2026-03-31,2025-12-31,0.760000,2.570000,11.050584,12.701930,0.757244,28.751724,30.697842,32.643960,34.590078,36.536196,,,,,,,,,,29.240000,29.487500,30.106667,29.632292,29.240000,29.926409,28.553591,29.583205,28.896795
2026-04-28,28.500000,2026-03-31,2025-12-31,0.760000,2.570000,11.089494,12.673079,0.752116,28.703937,30.636875,32.569814,34.502752,36.435691,,,,,,,,,,29.180000,29.458333,30.073750,29.633125,29.180000,29.905766,28.454234,29.542883,28.817117
2026-04-29,28.600000,2026-03-31,2025-12-31,0.760000,2.570000,11.128405,12.645114,0.746574,28.660550,30.579246,32.497942,34.416637,36.335333,,,,,,,,,,29.117500,29.437500,30.042917,29.633750,29.117500,29.815071,28.419929,29.466285,28.768715
2026-04-30,28.350000,2026-03-31,2025-12-31,0.760000,2.570000,11.031128,12.617645,0.744796,28.599095,30.513221,32.427348,34.341474,36.255601,,,,,,,,,,29.067500,29.410833,30.012917,29.632500,29.067500,29.834775,28.300225,29.451137,28.683863
2026-05-04,28.250000,2026-03-31,2025-12-31,0.760000,2.570000,10.992218,12.591347,0.746020,28.525219,30.442490,32.359762,34.277033,36.194304,,,,,,,,,,29.000000,29.383333,29.985417,29.630625,29.000000,29.806552,28.193448,29.403276,28.596724
2026-05-05,28.250000,2026-03-31,2025-12-31,0.760000,2.570000,10.992218,12.565983,0.748232,28.448663,30.371620,32.294577,34.217533,36.140490,,,,,,,,,,28.945000,29.350000,29.960000,29.627083,28.945000,29.799647,28.090353,29.372323,28.517677
2026-05-06,28.300000,2026-03-31,2025-12-31,0.760000,2.570000,11.011673,12.541903,0.751388,28.370557,30.301623,32.232689,34.163756,36.094822,,,,,,,,,,28.890000,29.322500,29.937500,29.622917,28.890000,29.762745,28.017255,29.326373,28.453627
2026-05-07,28.300000,2026-03-31,2025-12-31,0.760000,2.570000,11.011673,12.516888,0.751952,28.303366,30.235884,32.168401,34.100919,36.033437,,,,,,,,,,28.842500,29.294167,29.912917,29.617083,28.842500,29.735912,27.949088,29.289206,28.395794
2026-05-08,28.300000,2026-03-31,2025-12-31,0.760000,2.570000,11.011673,12.494302,0.756144,28.223776,30.167066,32.110356,34.053646,35.996936,,,,,,,,,,28.797500,29.265000,29.893750,29.613542,28.797500,29.705636,27.889364,29.251568,28.343432
2026-05-11,28.300000,2026-03-31,2025-12-31,0.760000,2.570000,11.011673,12.472463,0.760830,28.143564,30.098897,32.054231,34.009564,35.964898,,,,,,,,,,28.737500,29.242500,29.876250,29.609583,28.737500,29.607996,27.867004,29.172748,28.302252
2026-05-12,28.200000,2026-03-31,2025-12-31,0.760000,2.570000,10.972763,12.448245,0.761937,28.075634,30.033812,31.991991,33.950169,35.908347,,,,,,,,,,28.682500,29.222500,29.853333,29.605625,28.682500,29.542289,27.822711,29.112394,28.252606
2026-05-13,28.050000,2026-03-31,2025-12-31,0.760000,2.570000,10.914397,12.424849,0.765593,27.996712,29.964287,31.931862,33.899437,35.867012,,,,,,,,,,28.630000,29.197500,29.832083,29.599792,28.630000,29.510431,27.749569,29.070215,28.189785
2026-05-14,27.900000,2026-03-31,2025-12-31,0.760000,2.570000,10.856031,12.400592,0.768823,27.917773,29.893647,31.869522,33.845397,35.821272,,,,,,,,,,28.560000,29.165000,29.808750,29.593542,28.560000,29.438755,27.681245,28.999378,28.120622
2026-05-15,27.350000,2026-05-15,2026-03-31,0.410000,2.560000,10.683594,12.373965,0.772517,27.722063,29.699706,31.677349,33.654993,35.632636,,,,,,,,,,28.460000,29.124167,29.778750,29.584375,28.460000,29.412338,27.507662,28.936169,27.983831
2026-05-18,27.350000,2026-05-15,2026-03-31,0.410000,2.560000,10.683594,12.346403,0.773339,27.647294,29.627042,31.606791,33.586539,35.566288,,,,,,,,,,28.360000,29.088333,29.746667,29.574167,28.360000,29.338506,27.381494,28.849253,27.870747
2026-05-19,27.450000,2026-05-15,2026-03-31,0.410000,2.560000,10.722656,12.319166,0.772484,27.581946,29.559506,31.537065,33.514625,35.492185,,,,,,,,,,28.275000,29.053333,29.715417,29.564792,28.275000,29.259886,27.290114,28.767443,27.782557
2026-05-20,27.400000,2026-05-15,2026-03-31,0.410000,2.560000,10.703125,12.300132,0.783940,27.474565,29.481451,31.488337,33.495223,35.502109,,,,,,,,,,28.185000,29.019167,29.688333,29.551875,28.185000,29.142574,27.227426,28.663787,27.706213
2026-05-21,27.500000,2026-05-15,2026-03-31,0.410000,2.560000,10.742188,12.284071,0.795960,27.371908,29.409564,31.447221,33.484877,35.522534,,,,,,,,,,28.107500,28.985833,29.668333,29.538333,28.107500,29.020145,27.194855,28.563823,27.651177
2026-05-22,27.550000,2026-05-15,2026-03-31,0.410000,2.560000,10.761719,12.268879,0.807487,27.273999,29.341164,31.408330,33.475495,35.542660,,,,,,,,,,28.045000,28.945833,29.650417,29.524583,28.045000,28.928712,27.161288,28.486856,27.603144
2026-05-25,27.550000,2026-05-15,2026-03-31,0.410000,2.560000,10.761719,12.253510,0.818493,27.178304,29.273645,31.368986,33.464327,35.559668,,,,,,,,,,27.992500,28.905833,29.632083,29.511875,27.992500,28.862028,27.122972,28.427264,27.557736
2026-05-26,27.350000,2026-05-15,2026-03-31,0.410000,2.560000,10.683594,12.234843,0.828562,27.078959,29.200078,31.321197,33.442316,35.563435,,,,,,,,,,27.940000,28.859167,29.605833,29.497083,27.940000,28.832424,27.047576,28.386212,27.493788
2026-05-27,27.200000,2026-05-15,2026-03-31,0.410000,2.560000,10.625000,12.215510,0.838856,26.976763,29.124234,31.271705,33.419177,35.566648,,,,,,,,,,27.875000,28.811667,29.577917,29.485208,27.875000,28.784887,26.965113,28.329944,27.420056
2026-05-28,27.200000,2026-05-15,2026-03-31,0.410000,2.560000,10.625000,12.194588,0.846984,26.881587,29.049866,31.218146,33.386426,35.554705,,,,,,,,,,27.805000,28.766667,29.546250,29.472708,27.805000,28.695239,26.914761,28.250120,27.359880
2026-05-29,27.450000,2026-05-15,2026-03-31,0.410000,2.560000,10.722656,12.172538,0.850597,26.806641,28.984170,31.161698,33.339227,35.516755,,,,,,,,,,27.760000,28.729167,29.512083,29.457500,27.760000,28.624870,26.895130,28.192435,27.327565
2026-06-01,27.900000,2026-05-15,2026-03-31,0.410000,2.560000,10.898438,12.150541,0.849116,26.757911,28.931648,31.105385,33.279121,35.452858,,,,,,,,,,27.742500,28.714167,29.478333,29.446667,27.742500,28.579333,26.905667,28.160917,27.324083
2026-06-02,28.600000,2026-05-15,2026-03-31,0.410000,2.560000,11.171875,12.131881,0.845780,26.727222,28.892419,31.057616,33.222813,35.388011,,,,,,,,,,27.760000,28.709167,29.452917,29.439792,27.760000,28.654192,26.865808,28.207096,27.312904
2026-06-03,28.700000,2026-05-15,2026-03-31,0.410000,2.560000,11.210938,12.114254,0.842716,26.697784,28.855137,31.012489,33.169842,35.327194,,,,,,,,,,27.780000,28.705833,29.430000,29.433958,27.780000,28.740482,26.819518,28.260241,27.299759
2026-06-04,29.250000,2026-05-15,2026-03-31,0.410000,2.560000,11.425781,12.099475,0.839072,26.678608,28.826633,30.974657,33.122682,35.270707,,,,,,,,,,27.827500,28.722500,29.414167,29.430000,27.827500,28.972501,26.682499,28.400000,27.255000
2026-06-05,29.400000,2026-05-15,2026-03-31,0.410000,2.560000,11.484375,12.083950,0.833001,26.669947,28.802429,30.934912,33.067394,35.199876,,,,,,,,,,27.882500,28.733333,29.396667,29.427083,27.882500,29.213615,26.551385,28.548058,27.216942
2026-06-08,28.900000,2026-05-15,2026-03-31,0.410000,2.560000,11.289062,12.066973,0.828215,26.650990,28.771221,30.891451,33.011681,35.131912,,,,,,,,,,27.912500,28.721667,29.375417,29.422500,27.912500,29.308688,26.516312,28.610594,27.214406
2026-06-09,29.050000,2026-05-15,2026-03-31,0.410000,2.560000,11.347656,12.048719,0.819612,26.648305,28.746513,30.844721,32.942929,35.041136,,,,,,,,,,27.955000,28.709167,29.351250,29.418958,27.955000,29.437139,26.472861,28.696070,27.213930
2026-06-10,29.000000,2026-05-15,2026-03-31,0.410000,2.560000,11.328125,12.031891,0.813430,26.636880,28.719261,30.801642,32.884023,34.966403,,,,,,,,,,28.002500,28.692500,29.330417,29.414167,28.002500,29.556603,26.448397,28.779552,27.225448
2026-06-11,29.000000,2026-05-15,2026-03-31,0.410000,2.560000,11.328125,12.013651,0.804340,26.636728,28.695837,30.754947,32.814056,34.873166,,,,,,,,,,28.057500,28.677500,29.306250,29.409375,28.057500,29.672976,26.442024,28.865238,27.249762
2026-06-12,29.200000,2026-05-15,2026-03-31,0.410000,2.560000,11.406250,11.996768,0.795528,26.638622,28.675174,30.711726,32.748279,34.784831,,,,,,,,,,28.150000,28.669167,29.285417,29.404167,28.150000,29.806248,26.493752,28.978124,27.321876
2026-06-15,29.100000,2026-05-15,2026-03-31,0.410000,2.560000,11.367188,11.981325,0.789541,26.629744,28.650968,30.672193,32.693417,34.714641,,,,,,,,,,28.237500,28.664167,29.267917,29.400833,28.237500,29.900685,26.574315,29.069092,27.405908
2026-06-16,29.100000,2026-05-15,2026-03-31,0.410000,2.560000,11.367188,11.968707,0.787132,26.609776,28.624833,30.639890,32.654947,34.670004,,,,,,,,,,28.320000,28.662500,29.257083,29.395833,28.320000,29.982402,26.657598,29.151201,27.488799
2026-06-17,29.100000,2026-05-15,2026-03-31,0.410000,2.560000,11.367188,11.956619,0.785118,26.589137,28.599041,30.608944,32.618847,34.628751,,,,,,,,,,28.405000,28.660833,29.247500,29.393333,28.405000,30.043003,26.766997,29.224001,27.585999
2026-06-18,29.100000,2026-05-15,2026-03-31,0.410000,2.560000,11.367188,11.944354,0.782711,26.570066,28.573806,30.577546,32.581286,34.585025,,,,,,,,,,28.485000,28.659167,29.237500,29.391042,28.485000,30.092908,26.877092,29.288954,27.681046
2026-06-22,29.000000,2026-05-15,2026-03-31,0.410000,2.560000,11.328125,11.931234,0.779704,26.551873,28.547916,30.543958,32.540001,34.536043,,,,,,,,,,28.557500,28.650000,29.225417,29.395625,28.557500,30.117957,26.997043,29.337729,27.777271
2026-06-23,28.950000,2026-05-15,2026-03-31,0.410000,2.560000,11.308594,11.918657,0.777452,26.531207,28.521484,30.511762,32.502039,34.492317,,,,,,,,,,28.627500,28.639167,29.214583,29.398958,28.627500,30.121867,27.133133,29.374683,27.880317
2026-06-24,26.850000,2026-05-15,2026-03-31,0.410000,2.560000,10.488281,11.899597,0.784277,26.447472,28.455221,30.462969,32.470718,34.478466,,,,,,,,,,28.602500,28.594167,29.187083,29.393750,28.602500,30.200023,27.004977,29.401261,27.803739
2026-06-25,26.700000,2026-05-15,2026-03-31,0.410000,2.560000,10.429688,11.879167,0.790396,26.363839,28.387253,30.410667,32.434081,34.457496,,,,,,,,,,28.577500,28.544167,29.156250,29.388958,28.577500,30.279658,26.875342,29.428579,27.726421
2026-06-26,26.550000,2026-05-15,2026-03-31,0.410000,2.560000,10.371094,11.858248,0.796841,26.277287,28.317201,30.357115,32.397029,34.436943,,,,,,,,,,28.545000,28.489167,29.124167,29.382708,28.545000,30.377714,26.712286,29.461357,27.628643
2026-06-29,27.000000,2026-05-15,2026-03-31,0.410000,2.560000,10.546875,11.839677,0.801243,26.207207,28.258390,30.309573,32.360755,34.411938,,,,,,,,,,28.522500,28.450000,29.097917,29.378125,28.522500,30.421662,26.623338,29.472081,27.572919
2026-06-30,26.800000,2026-05-15,2026-03-31,0.410000,2.560000,10.468750,11.820454,0.806259,26.132317,28.196340,30.260363,32.324387,34.388410,,,,,,,,,,28.467500,28.403333,29.070000,29.372500,28.467500,30.501494,26.433506,29.484497,27.450503
2026-07-01,26.750000,2026-05-15,2026-03-31,0.410000,2.560000,10.449219,11.801599,0.811676,26.056311,28.134202,30.212094,32.289985,34.367876,,,,,,,,,,28.375000,28.360000,29.042917,29.368125,28.375000,30.547193,26.202807,29.461096,27.288904
2026-07-02,26.950000,2026-05-15,2026-03-31,0.410000,2.560000,10.527344,11.783571,0.815778,25.989162,28.077552,30.165943,32.254333,34.342723,,,,,,,,,,28.287500,28.319167,29.017917,29.364167,28.287500,30.543924,26.031076,29.415712,27.159288
2026-07-03,27.400000,2026-05-15,2026-03-31,0.410000,2.560000,10.703125,11.766832,0.817177,25.939142,28.031116,30.123089,32.215063,34.307037,,,,,,,,,,28.195000,28.288333,28.996250,29.363750,28.195000,30.436921,25.953079,29.315961,27.074039
2026-07-06,27.550000,2026-05-15,2026-03-31,0.410000,2.560000,10.761719,11.750581,0.817617,25.895289,27.988388,30.081486,32.174585,34.267684,,,,,,,,,,28.102500,28.260833,28.975833,29.364167,28.102500,30.287009,25.917991,29.194754,27.010246
2026-07-07,27.550000,2026-05-15,2026-03-31,0.410000,2.560000,10.761719,11.734859,0.818347,25.851300,27.946270,30.041239,32.136209,34.231178,,,,,,,,,,28.035000,28.228333,28.956667,29.365000,28.035000,30.199085,25.870915,29.117042,26.952958
2026-07-08,27.100000,2026-05-15,2026-03-31,0.410000,2.560000,10.585938,11.718026,0.821050,25.794369,27.896258,29.998146,32.100034,34.201923,,,,,,,,,,27.937500,28.191667,28.934583,29.363125,27.937500,30.084683,25.790317,29.011091,26.863909
2026-07-09,27.100000,2026-05-15,2026-03-31,0.410000,2.560000,10.585938,11.700486,0.822577,25.741650,27.847448,29.953245,32.059042,34.164839,,,,,,,,,,27.842500,28.158333,28.910833,29.362083,27.842500,29.959667,25.725333,28.901083,26.783917
2026-07-13,27.100000,2026-05-15,2026-03-31,0.410000,2.560000,10.585938,11.683123,0.823940,25.690222,27.799509,29.908796,32.018082,34.127369,,,,,,,,,,27.747500,28.121667,28.887500,29.361042,27.747500,29.815928,25.679072,28.781714,26.713286
2026-07-14,26.750000,2026-05-15,2026-03-31,0.410000,2.560000,10.449219,11.665504,0.827553,25.626617,27.745153,29.863690,31.982226,34.100763,,,,,,,,,,27.625000,28.078333,28.863333,29.358750,27.625000,29.620126,25.629874,28.622563,26.627437
2026-07-15,26.850000,2026-05-15,2026-03-31,0.410000,2.560000,10.488281,11.647327,0.829269,25.571301,27.694229,29.817157,31.940085,34.063013,,,,,,,,,,27.512500,28.036667,28.837917,29.356458,27.512500,29.408722,25.616278,28.460611,26.564389
2026-07-16,26.950000,2026-05-15,2026-03-31,0.410000,2.560000,10.527344,11.628593,0.828963,25.524908,27.647053,29.769198,31.891343,34.013488,,,,,,,,,,27.405000,28.000000,28.811250,29.353125,27.405000,29.160862,25.649138,28.282931,26.527069
2026-07-17,26.600000,2026-05-15,2026-03-31,0.410000,2.560000,10.390625,11.607131,0.827382,25.478060,27.596157,29.714255,31.832352,33.950450,,,,,,,,,,27.280000,27.956667,28.777917,29.348958,27.280000,28.876509,25.683491,28.078255,26.481745
2026-07-20,26.500000,2026-05-15,2026-03-31,0.410000,2.560000,10.351562,11.585519,0.826013,25.429742,27.544336,29.658930,31.773524,33.888118,,,,,,,,,,27.150000,27.914167,28.744167,29.345417,27.150000,28.531456,25.768544,27.840728,26.459272
2026-07-21,26.900000,2026-05-15,2026-03-31,0.410000,2.560000,10.507812,11.565387,0.822557,25.395897,27.501644,29.607390,31.713137,33.818884,,,,,,,,,,27.045000,27.882500,28.714167,29.343333,27.045000,28.119538,25.970462,27.582269,26.507731
2026-07-22,26.500000,2026-05-15,2026-03-31,0.410000,2.560000,10.351562,11.544835,0.821812,25.347100,27.450939,29.554777,31.658616,33.762455,,,,,,,,,,26.922500,27.847500,28.682917,29.340417,26.922500,27.546979,26.298021,27.234739,26.610261
2026-07-23,26.550000,2026-05-15,2026-03-31,0.410000,2.560000,10.371094,11.524446,0.820314,25.302571,27.402576,29.502581,31.602586,33.702591,,,,,,,,,,26.907500,27.816667,28.652083,29.337292,26.907500,27.553357,26.261643,27.230429,26.584571
2026-07-24,26.800000,2026-05-15,2026-03-31,0.410000,2.560000,10.468750,11.504870,0.817214,25.268335,27.360401,29.452468,31.544535,33.636601,,,,,,,,,,26.912500,27.788333,28.623333,29.335625,26.912500,27.553121,26.271879,27.232810,26.592190
2026-07-27,26.700000,2026-05-15,2026-03-31,0.410000,2.560000,10.429688,11.486382,0.816224,25.226073,27.315605,29.405138,31.494670,33.584202,,,,,,,,,,26.920000,27.756667,28.597083,29.334583,26.920000,27.546099,26.293901,27.233050,26.606950
2026-07-28,26.650000,2026-05-15,2026-03-31,0.410000,2.560000,10.410156,11.467377,0.814495,25.186271,27.271379,29.356486,31.441594,33.526701,,,,,,,,,,26.902500,27.728333,28.569583,29.332500,26.902500,27.538669,26.266331,27.220584,26.584416
2026-07-29,26.850000,2026-05-15,2026-03-31,0.410000,2.560000,10.488281,11.449201,0.811777,25.153658,27.231806,29.309954,31.388102,33.466250,,,,,,,,,,26.905000,27.705000,28.544167,29.332917,26.905000,27.539864,26.270136,27.222432,26.587568
2026-07-30,27.200000,2026-05-15,2026-03-31,0.410000,2.560000,10.625000,11.430927,0.805365,25.139704,27.201439,29.263174,31.324909,33.386644,,,,,,,,,,26.927500,27.687500,28.518750,29.334375,26.927500,27.571071,26.283929,27.249286,26.605714
2026-07-31,26.800000,2026-05-15,2026-03-31,0.410000,2.560000,10.468750,11.412411,0.801693,25.111107,27.163440,29.215773,31.268106,33.320440,,,,,,,,,,26.920000,27.662500,28.492500,29.334375,26.920000,27.565959,26.274041,27.242980,26.597020
2026-08-03,26.900000,2026-05-15,2026-03-31,0.410000,2.560000,10.507812,11.394044,0.796905,25.088599,27.128676,29.168753,31.208830,33.248907,,,,,,,,,,26.895000,27.639167,28.466667,29.334792,26.895000,27.500153,26.289847,27.197577,26.592423
2026-08-04,26.450000,2026-05-15,2026-03-31,0.410000,2.560000,10.332031,11.374036,0.793136,25.056674,27.087103,29.117532,31.147961,33.178390,,,,,,,,,,26.840000,27.608333,28.436667,29.333333,26.840000,27.392125,26.287875,27.116063,26.563937
2026-08-05,26.400000,2026-05-15,2026-03-31,0.410000,2.560000,10.312500,11.355277,0.791384,25.017621,27.043565,29.069509,31.095453,33.121397,,,,,,,,,,26.782500,27.576667,28.409583,29.331875,26.782500,27.257424,26.307576,27.019962,26.545038
2026-08-06,26.450000,2026-05-15,2026-03-31,0.410000,2.560000,10.332031,11.337564,0.790291,24.977873,27.001018,29.024163,31.047308,33.070453,,,,,,,,,,26.750000,27.547500,28.385000,29.330417,26.750000,27.222396,26.277604,26.986198,26.513802
2026-08-07,26.600000,2026-05-15,2026-03-31,0.410000,2.560000,10.390625,11.319809,0.787404,24.947204,26.962958,28.978711,30.994464,33.010218,,,,,,,,,,26.725000,27.523333,28.360417,29.329792,26.725000,27.171625,26.278375,26.948312,26.501688
2026-08-10,26.650000,2026-05-15,2026-03-31,0.410000,2.560000,10.410156,11.301158,0.782161,24.926299,26.928631,28.930964,30.933296,32.935629,,,,,,,,,,26.702500,27.502500,28.333750,29.329167,26.702500,27.113500,26.291500,26.908000,26.497000
2026-08-11,26.650000,2026-05-15,2026-03-31,0.410000,2.560000,10.410156,11.282683,0.776742,24.906748,26.895208,28.883669,30.872129,32.860589,,,,,,,,,,26.697500,27.490833,28.307500,29.327708,26.697500,27.108500,26.286500,26.903000,26.492000
2026-08-12,26.650000,2026-05-15,2026-03-31,0.410000,2.560000,10.410156,11.265268,0.772637,24.883185,26.861135,28.839085,30.817036,32.794986,,,,,,,,,,26.687500,27.479167,28.283750,29.323958,26.687500,27.092567,26.282433,26.890033,26.484967
2026-08-13,26.550000,2026-05-15,2026-03-31,0.410000,2.560000,10.371094,11.247350,0.768185,24.860110,26.826663,28.793217,30.759770,32.726323,,,,,,,,,,26.667500,27.464167,28.258750,29.318542,26.667500,27.057203,26.277797,26.862351,26.472649
2026-08-14,26.450000,2026-08-14,2026-06-30,0.710000,2.700000,9.796296,11.224996,0.771073,26.143693,28.225591,30.307489,32.389387,34.471285,,,,,,,,,,26.660000,27.448333,28.233750,29.310625,26.660000,27.060789,26.259211,26.860394,26.459606
2026-08-17,26.750000,2026-08-14,2026-06-30,0.710000,2.700000,9.907407,11.203391,0.771370,26.083760,28.166458,30.249156,32.331854,34.414552,,,,,,,,,,26.672500,27.435833,28.210833,29.303958,26.672500,27.067835,26.277165,26.870167,26.474833
2026-08-18,26.400000,2026-08-14,2026-06-30,0.710000,2.700000,9.777778,11.179117,0.770005,26.025590,28.104603,30.183615,32.262628,34.341641,,,,,,,,,,26.647500,27.416667,28.181250,29.296458,26.647500,27.045488,26.249512,26.846494,26.448506
2026-08-19,26.400000,2026-08-14,2026-06-30,0.710000,2.700000,9.777778,11.154843,0.767864,25.971610,28.044842,30.118075,32.191308,34.264541,,,,,,,,,,26.642500,27.397500,28.151667,29.284583,26.642500,27.050673,26.234327,26.846587,26.438413
2026-08-20,26.800000,2026-08-14,2026-06-30,0.710000,2.700000,9.925926,11.131097,0.761359,25.942621,27.998291,30.053961,32.109631,34.165302,,,,,,,,,,26.655000,27.388333,28.123750,29.272083,26.655000,27.066544,26.243456,26.860772,26.449228
2026-08-21,26.850000,2026-08-14,2026-06-30,0.710000,2.700000,9.944444,11.107858,0.754580,25.916485,27.953851,29.991218,32.028584,34.065951,,,,,,,,,,26.657500,27.382500,28.097083,29.259583,26.657500,27.073338,26.241662,26.865419,26.449581
2026-08-24,26.800000,2026-08-14,2026-06-30,0.710000,2.700000,9.925926,11.084995,0.748405,25.888100,27.908794,29.929488,31.950181,33.970875,,,,,,,,,,26.662500,27.375833,28.071250,29.245833,26.662500,27.082870,26.242130,26.872685,26.452315
2026-08-25,26.650000,2026-08-14,2026-06-30,0.710000,2.700000,9.870370,11.062376,0.743701,25.852431,27.860423,29.868414,31.876406,33.884397,,,,,,,,,,26.662500,27.362500,28.045833,29.232708,26.662500,27.082870,26.242130,26.872685,26.452315
2026-08-26,26.800000,2026-08-14,2026-06-30,0.710000,2.700000,9.925926,11.043397,0.743398,25.802824,27.809998,29.817171,31.824345,33.831518,,,,,,,,,,26.660000,27.344167,28.029167,29.221458,26.660000,27.076249,26.243751,26.868124,26.451876
2026-08-27,26.600000,2026-08-14,2026-06-30,0.710000,2.700000,9.851852,11.023447,0.742981,25.751210,27.757259,29.763308,31.769357,33.775406,,,,,,,,,,26.630000,27.310833,28.010000,29.209167,26.630000,26.959912,26.300088,26.794956,26.465044
2026-08-28,26.450000,2026-08-14,2026-06-30,0.710000,2.700000,9.796296,11.003035,0.742765,25.697262,27.702729,29.708195,31.713662,33.719128,,,,,,,,,,26.612500,27.273333,27.989583,29.197292,26.612500,26.941574,26.283426,26.777037,26.447963
2026-08-31,26.650000,2026-08-14,2026-06-30,0.710000,2.700000,9.870370,10.985536,0.744520,25.640539,27.650743,29.660946,31.671149,33.681352,,,,,,,,,,26.600000,27.230000,27.976250,29.186875,26.600000,26.900876,26.299124,26.750438,26.449562
2026-09-01,27.100000,2026-08-14,2026-06-30,0.710000,2.700000,10.037037,10.967659,0.741292,25.609703,27.611191,29.612680,31.614168,33.615656,,,,,,,,,,26.632500,27.191667,27.962500,29.176667,26.632500,26.998524,26.266476,26.815512,26.449488
2026-09-02,27.050000,2026-08-14,2026-06-30,0.710000,2.700000,10.018519,10.946627,0.731984,25.603182,27.579537,29.555893,31.532249,33.508604,,,,,,,,,,26.665000,27.160833,27.941250,29.166250,26.665000,27.058500,26.271500,26.861750,26.468250
2026-09-03,27.800000,2026-08-14,2026-06-30,0.710000,2.700000,10.296296,10.927203,0.717804,25.627310,27.565380,29.503449,31.441519,33.379589,,,,,,,,,,26.732500,27.140000,27.924583,29.160625,26.732500,27.362684,26.102316,27.047592,26.417408
2026-09-04,27.700000,2026-08-14,2026-06-30,0.710000,2.700000,10.259259,10.906765,0.701288,25.661310,27.554788,29.448266,31.341744,33.235222,,,,,,,,,,26.787500,27.118333,27.905417,29.154792,26.787500,27.547607,26.027393,27.167554,26.407446
2026-09-07,27.500000,2026-08-14,2026-06-30,0.710000,2.700000,10.185185,10.886063,0.685301,25.691744,27.542056,29.392369,31.242681,33.092994,,,,,,,,,,26.830000,27.093333,27.885417,29.148125,26.830000,27.650398,26.009602,27.240199,26.419801
2026-09-08,27.450000,2026-08-14,2026-06-30,0.710000,2.700000,10.166667,10.865912,0.670320,25.718235,27.528098,29.337962,31.147826,32.957690,,,,,,,,,,26.870000,27.064167,27.866667,29.129167,26.870000,27.730477,26.009523,27.300239,26.439761
2026-09-09,27.450000,2026-08-14,2026-06-30,0.710000,2.700000,10.166667,10.846821,0.657099,25.738079,27.512247,29.286416,31.060584,32.834752,,,,,,,,,,26.910000,27.036667,27.850417,29.115833,26.910000,27.801244,26.018756,27.355622,26.464378
2026-09-10,27.250000,2026-08-14,2026-06-30,0.710000,2.700000,10.092593,10.827818,0.645465,25.749596,27.492352,29.235109,30.977866,32.720622,,,,,,,,,,26.945000,27.005833,27.834167,29.100208,26.945000,27.831685,26.058315,27.388343,26.501657
2026-09-11,27.200000,2026-08-14,2026-06-30,0.710000,2.700000,10.074074,10.808661,0.633221,25.763992,27.473689,29.183386,30.893083,32.602780,,,,,,,,,,26.982500,26.974167,27.817500,29.088125,26.982500,27.844123,26.120877,27.413312,26.551688
2026-09-14,26.850000,2026-08-14,2026-06-30,0.710000,2.700000,9.944444,10.788424,0.621507,25.772608,27.450677,29.128746,30.806815,32.484884,,,,,,,,,,26.987500,26.936667,27.797917,29.075625,26.987500,27.844591,26.130409,27.416046,26.558954
2026-09-15,26.650000,2026-08-14,2026-06-30,0.710000,2.700000,9.870370,10.766334,0.606326,25.794944,27.432023,29.069103,30.706182,32.343261,,,,,,,,,,27.000000,26.897500,27.773750,29.062500,27.000000,27.827806,26.172194,27.413903,26.586097
2026-09-16,26.650000,2026-08-14,2026-06-30,0.710000,2.700000,9.870370,10.744068,0.589381,25.826326,27.417654,29.008983,30.600311,32.191639,,,,,,,,,,27.012500,26.859167,27.749167,29.049167,27.012500,27.809121,26.215879,27.410811,26.614189
2026-09-17,26.800000,2026-08-14,2026-06-30,0.710000,2.700000,9.925926,10.722440,0.570950,25.867459,27.409024,28.950589,30.492154,32.033719,,,,,,,,,,27.012500,26.858333,27.726250,29.036667,27.012500,27.809121,26.215879,27.410811,26.614189
2026-09-18,26.900000,2026-08-14,2026-06-30,0.710000,2.700000,9.962963,10.700592,0.548822,25.927962,27.409781,28.891599,30.373418,31.855236,,,,,,,,,,27.015000,26.861667,27.702917,29.024375,27.015000,27.809786,26.220214,27.412393,26.617607
2026-09-21,26.600000,2026-08-14,2026-06-30,0.710000,2.700000,9.851852,10.677289,0.524244,25.997759,27.413219,28.828679,30.244139,31.659599,,,,,,,,,,27.005000,26.862500,27.675833,29.011042,27.005000,27.816042,26.193958,27.410521,26.599479
2026-09-22,26.600000,2026-08-14,2026-06-30,0.710000,2.700000,9.851852,10.664219,0.525116,25.957762,27.375576,28.793390,30.211204,31.629019,,,,,,,,,,27.002500,26.855833,27.652917,28.995625,27.002500,27.818443,26.186557,27.410472,26.594528
2026-09-23,26.800000,2026-08-14,2026-06-30,0.710000,2.700000,9.925926,10.650955,0.523480,25.930786,27.344183,28.757580,30.170977,31.584374,,,,,,,,,,27.002500,26.855833,27.629583,28.978958,27.002500,27.818443,26.186557,27.410472,26.594528
2026-09-24,26.650000,2026-08-14,2026-06-30,0.710000,2.700000,9.870370,10.638040,0.523460,25.896022,27.309365,28.722708,30.136051,31.549394,,,,,,,,,,27.005000,26.854167,27.607083,28.964375,27.005000,27.816042,26.193958,27.410521,26.599479
2026-09-29,26.550000,2026-08-14,2026-06-30,0.710000,2.700000,9.833333,10.624654,0.523327,25.860598,27.273581,28.686565,30.099548,31.512532,,,,,,,,,,27.010000,26.847500,27.583333,28.947292,27.010000,27.807760,26.212240,27.408880,26.611120
2026-09-30,26.700000,2026-08-14,2026-06-30,0.710000,2.700000,9.888889,10.612217,0.522928,25.829176,27.241081,28.652985,30.064889,31.476794,,,,,,,,,,27.012500,26.835833,27.562083,28.931042,27.012500,27.805811,26.219189,27.409155,26.615845
2026-10-01,26.700000,2026-08-14,2026-06-30,0.710000,2.700000,9.888889,10.599942,0.522470,25.798502,27.209173,28.619843,30.030513,31.441184,,,,,,,,,,26.992500,26.821667,27.541250,28.916458,26.992500,27.796618,26.188382,27.394559,26.590441
2026-10-02,26.550000,2026-08-14,2026-06-30,0.710000,2.700000,9.833333,10.586231,0.520804,25.770484,27.176654,28.582825,29.988995,31.395166,,,,,,,,,,26.967500,26.805000,27.516667,28.900417,26.967500,27.794845,26.140155,27.381173,26.553827
