# chart-version: skill-stock-dynamic-valuation-box@1.18.0; font: noto-sans-cjk-tc-v1; Updated: 2026-10-05 06:58 CST (1.18.0)
date,close,available_date,period_end,eps,ttm_eps,pe,pe_mean,pe_std,price_m2,price_m1,price_mean,price_p1,price_p2,forward_eps,forward_pe,forward_pe_mean,forward_pe_std,forward_price_m2,forward_price_m1,forward_price_mean,forward_price_p1,forward_price_p2,sma20,sma60,sma120,sma240,bband_mid,bband_upper2,bband_lower2,bband_upper1,bband_lower1
2023-10-02,12.800000,2023-08-14,2023-06-30,0.030000,0.600000,21.333333,23.390735,1.342287,12.423697,13.229069,14.034441,14.839813,15.645185,,,,,,,,,,13.155000,13.260833,13.547917,13.339375,13.155000,13.641556,12.668444,13.398278,12.911722
2023-10-03,12.650000,2023-08-14,2023-06-30,0.030000,0.600000,21.083333,23.364914,1.356666,12.390949,13.204949,14.018949,14.832948,15.646948,,,,,,,,,,13.117500,13.240833,13.542500,13.349583,13.117500,13.638910,12.596090,13.378205,12.856795
2023-10-04,12.450000,2023-08-14,2023-06-30,0.030000,0.600000,20.750000,23.331770,1.371604,12.353137,13.176100,13.999062,14.822025,15.644987,,,,,,,,,,13.065000,13.216667,13.532917,13.358750,13.065000,13.633562,12.496438,13.349281,12.780719
2023-10-05,12.450000,2023-08-14,2023-06-30,0.030000,0.600000,20.750000,23.294838,1.381005,12.319697,13.148300,13.976903,14.805506,15.634109,,,,,,,,,,13.015000,13.193333,13.521250,13.367708,13.015000,13.615964,12.414036,13.315482,12.714518
2023-10-06,12.500000,2023-08-14,2023-06-30,0.030000,0.600000,20.833333,23.251783,1.376490,12.299281,13.125176,13.951070,14.776964,15.602858,,,,,,,,,,12.970000,13.174167,13.506250,13.376875,12.970000,13.584218,12.355782,13.277109,12.662891
2023-10-11,12.500000,2023-08-14,2023-06-30,0.030000,0.600000,20.833333,23.204939,1.362154,12.288379,13.105671,13.922964,14.740256,15.557549,,,,,,,,,,12.925000,13.155833,13.489167,13.385417,12.925000,13.538446,12.311554,13.231723,12.618277
2023-10-12,12.500000,2023-08-14,2023-06-30,0.030000,0.600000,20.833333,23.160369,1.351391,12.274552,13.085387,13.896221,14.707056,15.517890,,,,,,,,,,12.887500,13.139167,13.473333,13.393958,12.887500,13.508937,12.266063,13.198219,12.576781
2023-10-13,12.400000,2023-08-14,2023-06-30,0.030000,0.600000,20.666667,23.112136,1.336031,12.264045,13.065664,13.867282,14.668900,15.470519,,,,,,,,,,12.845000,13.120000,13.455417,13.402083,12.845000,13.478204,12.211796,13.161602,12.528398
2023-10-16,12.250000,2023-08-14,2023-06-30,0.030000,0.600000,20.416667,23.066366,1.333485,12.239638,13.039729,13.839820,14.639911,15.440001,,,,,,,,,,12.787500,13.099167,13.438750,13.409375,12.787500,13.417350,12.157650,13.102425,12.472575
2023-10-17,12.100000,2023-08-14,2023-06-30,0.030000,0.600000,20.166667,23.020785,1.338372,12.206424,13.009448,13.812471,14.615495,15.418518,,,,,,,,,,12.725000,13.077500,13.422083,13.416250,12.725000,13.367774,12.082226,13.046387,12.403613
2023-10-18,12.000000,2023-08-14,2023-06-30,0.030000,0.600000,20.000000,22.971543,1.339916,12.175027,12.978976,13.782926,14.586875,15.390825,,,,,,,,,,12.665000,13.054167,13.403333,13.422292,12.665000,13.344086,11.985914,13.004543,12.325457
2023-10-19,11.950000,2023-08-14,2023-06-30,0.030000,0.600000,19.916667,22.926909,1.351772,12.134019,12.945082,13.756146,14.567209,15.378272,,,,,,,,,,12.602500,13.029167,13.387083,13.428125,12.602500,13.303983,11.901017,12.953242,12.251758
2023-10-20,11.950000,2023-08-14,2023-06-30,0.030000,0.600000,19.916667,22.880003,1.357791,12.098652,12.913327,13.728002,14.542676,15.357351,,,,,,,,,,12.542500,13.008333,13.369583,13.434167,12.542500,13.252040,11.832960,12.897270,12.187730
2023-10-23,12.000000,2023-08-14,2023-06-30,0.030000,0.600000,20.000000,22.833033,1.359128,12.068866,12.884343,13.699820,14.515296,15.330773,,,,,,,,,,12.487500,12.987500,13.352083,13.440000,12.487500,13.185524,11.789476,12.836512,12.138488
2023-10-24,12.000000,2023-08-14,2023-06-30,0.030000,0.600000,20.000000,22.781518,1.348243,12.051019,12.859965,13.668911,14.477857,15.286802,,,,,,,,,,12.440000,12.964167,13.332083,13.445625,12.440000,13.134793,11.745207,12.787396,12.092604
2023-10-25,12.050000,2023-08-14,2023-06-30,0.030000,0.600000,20.083333,22.728424,1.327676,12.043843,12.840449,13.637055,14.433660,15.230266,,,,,,,,,,12.402500,12.944167,13.311250,13.450833,12.402500,13.096440,11.708560,12.749470,12.055530
2023-10-26,12.000000,2023-08-14,2023-06-30,0.030000,0.600000,20.000000,22.677667,1.314410,12.029309,12.817954,13.606600,14.395246,15.183892,,,,,,,,,,12.355000,12.922500,13.291667,13.456458,12.355000,13.020622,11.689378,12.687811,12.022189
2023-10-27,12.000000,2023-08-14,2023-06-30,0.030000,0.600000,20.000000,22.627667,1.301018,12.015379,12.795989,13.576600,14.357211,15.137821,,,,,,,,,,12.312500,12.902500,13.272500,13.461458,12.312500,12.953121,11.671879,12.632810,11.992190
2023-10-30,12.000000,2023-08-14,2023-06-30,0.030000,0.600000,20.000000,22.580697,1.293204,11.996574,12.772496,13.548418,14.324340,15.100263,,,,,,,,,,12.270000,12.881667,13.255000,13.466667,12.270000,12.872102,11.667898,12.571051,11.968949
2023-10-31,11.850000,2023-08-14,2023-06-30,0.030000,0.600000,19.750000,22.532402,1.289765,11.971723,12.745582,13.519441,14.293300,15.067159,,,,,,,,,,12.220000,12.859167,13.236667,13.471458,12.220000,12.784195,11.655805,12.502097,11.937903
2023-11-01,11.850000,2023-08-14,2023-06-30,0.030000,0.600000,19.750000,22.492439,1.301110,11.934132,12.714798,13.495464,14.276130,15.056796,,,,,,,,,,12.172500,12.835000,13.222917,13.476250,12.172500,12.689042,11.655958,12.430771,11.914229
2023-11-02,11.850000,2023-08-14,2023-06-30,0.030000,0.600000,19.750000,22.453235,1.312321,11.897155,12.684548,13.471941,14.259334,15.046726,,,,,,,,,,12.132500,12.811667,13.209583,13.481042,12.132500,12.616208,11.648792,12.374354,11.890646
2023-11-03,11.900000,2023-08-14,2023-06-30,0.030000,0.600000,19.833333,22.419270,1.326986,11.859179,12.655370,13.451562,14.247754,15.043946,,,,,,,,,,12.105000,12.790000,13.199167,13.486458,12.105000,12.575050,11.634950,12.340025,11.869975
2023-11-06,12.150000,2023-08-14,2023-06-30,0.030000,0.600000,20.250000,22.389535,1.335328,11.831328,12.632525,13.433721,14.234918,15.036114,,,,,,,,,,12.090000,12.768333,13.191250,13.489375,12.090000,12.532005,11.647995,12.311003,11.868997
2023-11-07,12.050000,2023-08-14,2023-06-30,0.030000,0.600000,20.083333,22.367960,1.351537,11.798932,12.609854,13.420776,14.231698,15.042620,,,,,,,,,,12.067500,12.745833,13.182083,13.491250,12.067500,12.465224,11.669776,12.266362,11.868638
2023-11-08,11.950000,2023-08-14,2023-06-30,0.030000,0.600000,19.916667,22.342840,1.368885,11.763042,12.584373,13.405704,14.227035,15.048366,,,,,,,,,,12.040000,12.719167,13.170833,13.493958,12.040000,12.384277,11.695723,12.212138,11.867862
2023-11-09,11.950000,2023-08-14,2023-06-30,0.030000,0.600000,19.916667,22.317002,1.385213,11.727945,12.559073,13.390201,14.221329,15.052457,,,,,,,,,,12.012500,12.697500,13.159167,13.496458,12.012500,12.281758,11.743242,12.147129,11.877871
2023-11-10,11.900000,2023-08-14,2023-06-30,0.030000,0.600000,19.833333,22.291188,1.402431,11.691796,12.533254,13.374713,14.216171,15.057630,,,,,,,,,,11.987500,12.675833,13.147500,13.499375,11.987500,12.189790,11.785210,12.088645,11.886355
2023-11-13,11.900000,2023-08-14,2023-06-30,0.030000,0.600000,19.833333,22.263218,1.417746,11.656635,12.507283,13.357931,14.208579,15.059227,,,,,,,,,,11.970000,12.657500,13.134583,13.502083,11.970000,12.133514,11.806486,12.051757,11.888243
2023-11-14,11.850000,2023-11-14,2023-09-30,-0.020000,0.320000,37.031250,22.377847,1.954704,5.909901,6.535406,7.160911,7.786416,8.411921,,,,,,,,,,11.957500,12.635833,13.120833,13.504375,11.957500,12.117352,11.797648,12.037426,11.877574
2023-11-15,11.900000,2023-11-14,2023-09-30,-0.020000,0.320000,37.187500,22.493777,2.375629,5.677606,6.437807,7.198009,7.958210,8.718411,,,,,,,,,,11.952500,12.618333,13.107500,13.507292,11.952500,12.113009,11.791991,12.032755,11.872245
2023-11-16,12.100000,2023-11-14,2023-09-30,-0.020000,0.320000,37.812500,22.614197,2.755833,5.472810,6.354677,7.236543,8.118410,9.000276,,,,,,,,,,11.960000,12.601667,13.095417,13.512292,11.960000,12.133509,11.786491,12.046754,11.873246
2023-11-17,12.150000,2023-11-14,2023-09-30,-0.020000,0.320000,37.968750,22.736638,3.091442,5.297201,6.286463,7.275724,8.264985,9.254247,,,,,,,,,,11.970000,12.589167,13.084167,13.517083,11.970000,12.163037,11.776963,12.066518,11.873482
2023-11-20,12.000000,2023-11-14,2023-09-30,-0.020000,0.320000,37.500000,22.857328,3.372422,5.155995,6.235170,7.314345,8.393520,9.472695,,,,,,,,,,11.970000,12.572500,13.072917,13.521458,11.970000,12.163037,11.776963,12.066518,11.873482
2023-11-21,12.200000,2023-11-14,2023-09-30,-0.020000,0.320000,38.125000,22.982507,3.649077,5.018993,6.186698,7.354402,8.522107,9.689811,,,,,,,,,,11.980000,12.560833,13.062917,13.522292,11.980000,12.198608,11.761392,12.089304,11.870696
2023-11-22,12.050000,2023-11-14,2023-09-30,-0.020000,0.320000,37.656250,23.103781,3.887185,4.905411,6.149311,7.393210,8.637109,9.881008,,,,,,,,,,11.980000,12.547500,13.051667,13.522708,11.980000,12.198608,11.761392,12.089304,11.870696
2023-11-23,12.100000,2023-11-14,2023-09-30,-0.020000,0.320000,37.812500,23.226356,4.112553,4.800400,6.116417,7.432434,8.748451,10.064468,,,,,,,,,,11.985000,12.536667,13.040833,13.521875,11.985000,12.210015,11.759985,12.097507,11.872493
2023-11-24,12.000000,2023-11-14,2023-09-30,-0.020000,0.320000,37.500000,23.341298,4.313920,4.708307,6.088761,7.469216,8.849670,10.230124,,,,,,,,,,11.985000,12.515833,13.026250,13.521875,11.985000,12.210015,11.759985,12.097507,11.872493
2023-11-27,12.000000,2023-11-14,2023-09-30,-0.020000,0.320000,37.500000,23.456959,4.503373,4.624068,6.065148,7.506227,8.947306,10.388386,,,,,,,,,,11.985000,12.497500,13.012083,13.516875,11.985000,12.210015,11.759985,12.097507,11.872493
2023-11-28,12.100000,2023-11-14,2023-09-30,-0.020000,0.320000,37.812500,23.575224,4.690183,4.542354,6.043213,7.544072,9.044931,10.545789,,,,,,,,,,11.997500,12.471667,12.998750,13.506875,11.997500,12.218681,11.776319,12.108091,11.886909
2023-11-29,12.050000,2023-11-14,2023-09-30,-0.020000,0.320000,37.656250,23.690751,4.863141,4.468630,6.024835,7.581040,9.137245,10.693451,,,,,,,,,,12.007500,12.445000,12.984167,13.490625,12.007500,12.218450,11.796550,12.112975,11.902025
2023-11-30,12.050000,2023-11-14,2023-09-30,-0.020000,0.320000,37.656250,23.806995,5.027471,4.400657,6.009448,7.618239,9.227029,10.835820,,,,,,,,,,12.017500,12.422500,12.970000,13.477083,12.017500,12.215583,11.819417,12.116541,11.918459
2023-12-01,12.050000,2023-11-14,2023-09-30,-0.020000,0.320000,37.656250,23.921085,5.184005,4.336984,5.995866,7.654747,9.313629,10.972510,,,,,,,,,,12.025000,12.398333,12.954583,13.463750,12.025000,12.215567,11.834433,12.120284,11.929716
2023-12-04,12.100000,2023-11-14,2023-09-30,-0.020000,0.320000,37.812500,24.036476,5.336860,4.276082,5.983877,7.691672,9.399468,11.107263,,,,,,,,,,12.022500,12.375833,12.939583,13.453125,12.022500,12.207390,11.837610,12.114945,11.930055
2023-12-05,12.100000,2023-11-14,2023-09-30,-0.020000,0.320000,37.812500,24.151868,5.483009,4.219472,5.974035,7.728598,9.483160,11.237723,,,,,,,,,,12.025000,12.354167,12.924583,13.442500,12.025000,12.212785,11.837215,12.118892,11.931108
2023-12-06,12.150000,2023-11-14,2023-09-30,-0.020000,0.320000,37.968750,24.269998,5.626054,4.165725,5.966062,7.766399,9.566737,11.367074,,,,,,,,,,12.035000,12.333333,12.910833,13.433542,12.035000,12.227217,11.842783,12.131108,11.938892
2023-12-07,12.100000,2023-11-14,2023-09-30,-0.020000,0.320000,37.812500,24.386108,5.760102,4.117089,5.960322,7.803555,9.646787,11.490020,,,,,,,,,,12.042500,12.314167,12.896250,13.425833,12.042500,12.232445,11.852555,12.137472,11.947528
2023-12-08,12.000000,2023-11-14,2023-09-30,-0.020000,0.320000,37.500000,24.498895,5.882994,4.074530,5.957088,7.839647,9.722205,11.604763,,,,,,,,,,12.047500,12.293333,12.880417,13.412083,12.047500,12.226606,11.868394,12.137053,11.957947
2023-12-11,12.000000,2023-11-14,2023-09-30,-0.020000,0.320000,37.500000,24.613120,6.001057,4.035522,5.955860,7.876198,9.796537,11.716875,,,,,,,,,,12.052500,12.270000,12.865417,13.402292,12.052500,12.219438,11.885562,12.135969,11.969031
2023-12-12,12.000000,2023-11-14,2023-09-30,-0.020000,0.320000,37.500000,24.726625,6.114796,3.999051,5.955785,7.912520,9.869255,11.825990,,,,,,,,,,12.060000,12.247500,12.850000,13.391875,12.060000,12.199925,11.920075,12.129962,11.990038
2023-12-13,12.000000,2023-11-14,2023-09-30,-0.020000,0.320000,37.500000,24.840849,6.224254,3.965549,5.957311,7.949072,9.940833,11.932594,,,,,,,,,,12.065000,12.227500,12.835000,13.384375,12.065000,12.186828,11.943172,12.125914,12.004086
2023-12-14,11.850000,2023-11-14,2023-09-30,-0.020000,0.320000,37.031250,24.949731,6.322320,3.937629,5.960771,7.983914,10.007056,12.030199,,,,,,,,,,12.052500,12.205000,12.817917,13.375417,12.052500,12.206311,11.898689,12.129406,11.975594
2023-12-15,12.000000,2023-11-14,2023-09-30,-0.020000,0.320000,37.500000,25.063236,6.424385,3.908629,5.964432,8.020236,10.076039,12.131842,,,,,,,,,,12.045000,12.185833,12.802500,13.363333,12.045000,12.193324,11.896676,12.119162,11.970838
2023-12-18,12.000000,2023-11-14,2023-09-30,-0.020000,0.320000,37.500000,25.176742,6.522862,3.881926,5.969242,8.056557,10.143873,12.231189,,,,,,,,,,12.045000,12.167500,12.787083,13.353333,12.045000,12.193324,11.896676,12.119162,11.970838
2023-12-19,11.950000,2023-11-14,2023-09-30,-0.020000,0.320000,37.343750,25.286072,6.616045,3.857275,5.974409,8.091543,10.208677,12.325812,,,,,,,,,,12.032500,12.150833,12.769583,13.344792,12.032500,12.167349,11.897651,12.099924,11.965076
2023-12-20,11.950000,2023-11-14,2023-09-30,-0.020000,0.320000,37.343750,25.389655,6.706848,3.832307,5.978498,8.124690,10.270881,12.417072,,,,,,,,,,12.027500,12.136667,12.748750,13.336667,12.027500,12.166954,11.888046,12.097227,11.957773
2023-12-21,11.900000,2023-11-14,2023-09-30,-0.020000,0.320000,37.187500,25.496246,6.792033,3.811898,5.985348,8.158799,10.332250,12.505700,,,,,,,,,,12.017500,12.119167,12.730000,13.327708,12.017500,12.163589,11.871411,12.090545,11.944455
2023-12-22,11.900000,2023-11-14,2023-09-30,-0.020000,0.320000,37.187500,25.601401,6.874733,3.792619,5.992534,8.192448,10.392363,12.592278,,,,,,,,,,12.012500,12.103333,12.710417,13.317292,12.012500,12.167674,11.857326,12.090087,11.934913
2023-12-25,11.950000,2023-11-14,2023-09-30,-0.020000,0.320000,37.343750,25.711449,6.956323,3.775617,6.001641,8.227664,10.453687,12.679710,,,,,,,,,,12.010000,12.088333,12.693333,13.307917,12.010000,12.167614,11.852386,12.088807,11.931193
2023-12-26,12.050000,2023-11-14,2023-09-30,-0.020000,0.320000,37.656250,25.824102,7.039588,3.758376,6.011044,8.263713,10.516381,12.769049,,,,,,,,,,12.007500,12.075000,12.677083,13.294583,12.007500,12.160625,11.854375,12.084063,11.930937
2023-12-27,12.050000,2023-11-14,2023-09-30,-0.020000,0.320000,37.656250,25.938191,7.119699,3.743614,6.021918,8.300221,10.578525,12.856829,,,,,,,,,,12.007500,12.062500,12.661667,13.282083,12.007500,12.160625,11.854375,12.084063,11.930937
2023-12-28,12.000000,2023-11-14,2023-09-30,-0.020000,0.320000,37.500000,26.051697,7.194778,3.731885,6.034214,8.336543,10.638872,12.941201,,,,,,,,,,12.005000,12.051667,12.646250,13.270833,12.005000,12.156831,11.853169,12.080915,11.929085
2023-12-29,11.950000,2023-11-14,2023-09-30,-0.020000,0.320000,37.343750,26.163182,7.265482,3.722310,6.047264,8.372218,10.697173,13.022127,,,,,,,,,,12.000000,12.043333,12.630000,13.261250,12.000000,12.152177,11.847823,12.076089,11.923911
2024-01-02,12.000000,2023-11-14,2023-09-30,-0.020000,0.320000,37.500000,26.276688,7.335560,3.713782,6.061161,8.408540,10.755919,13.103299,,,,,,,,,,11.995000,12.035833,12.614583,13.251875,11.995000,12.139732,11.850268,12.067366,11.922634
2024-01-03,11.900000,2023-11-14,2023-09-30,-0.020000,0.320000,37.187500,26.390463,7.398282,3.710048,6.077498,8.444948,10.812399,13.179849,,,,,,,,,,11.985000,12.025833,12.600000,13.240833,11.985000,12.126793,11.843207,12.055897,11.914103
2024-01-04,11.900000,2023-11-14,2023-09-30,-0.020000,0.320000,37.187500,26.504957,7.458435,3.708188,6.094887,8.481586,10.868285,13.254984,,,,,,,,,,11.972500,12.015833,12.585833,13.230000,11.972500,12.095938,11.849062,12.034219,11.910781
2024-01-05,11.900000,2023-11-14,2023-09-30,-0.020000,0.320000,37.187500,26.620887,7.515719,3.708624,6.113654,8.518684,10.923714,13.328744,,,,,,,,,,11.962500,12.005833,12.572500,13.219375,11.962500,12.074303,11.850697,12.018402,11.906598
2024-01-08,12.750000,2023-11-14,2023-09-30,-0.020000,0.320000,39.843750,26.758235,7.605725,3.694971,6.128803,8.562635,10.996467,13.430299,,,,,,,,,,12.000000,12.011667,12.565833,13.212917,12.000000,12.369922,11.630078,12.184961,11.815039
2024-01-09,12.250000,2023-11-14,2023-09-30,-0.020000,0.320000,38.281250,26.883279,7.671061,3.693171,6.147910,8.602649,11.057389,13.512128,,,,,,,,,,12.012500,12.011667,12.555417,13.205000,12.012500,12.398948,11.626052,12.205724,11.819276
2024-01-10,12.250000,2023-11-14,2023-09-30,-0.020000,0.320000,38.281250,27.009761,7.733091,3.693946,6.168535,8.643124,11.117713,13.592302,,,,,,,,,,12.025000,12.014167,12.545833,13.198125,12.025000,12.425657,11.624343,12.225329,11.824671
2024-01-11,12.450000,2023-11-14,2023-09-30,-0.020000,0.320000,38.906250,27.141451,7.800274,3.693089,6.189177,8.685264,11.181352,13.677440,,,,,,,,,,12.047500,12.021667,12.537917,13.191875,12.047500,12.490546,11.604454,12.269023,11.825977
2024-01-12,12.350000,2023-11-14,2023-09-30,-0.020000,0.320000,38.593750,27.269819,7.861206,3.695170,6.210756,8.726342,11.241928,13.757514,,,,,,,,,,12.072500,12.028333,12.528750,13.185625,12.072500,12.524949,11.620051,12.298725,11.846275
2024-01-15,12.250000,2023-11-14,2023-09-30,-0.020000,0.320000,38.281250,27.399174,7.913886,3.702848,6.235292,8.767736,11.300179,13.832623,,,,,,,,,,12.085000,12.033333,12.520833,13.179167,12.085000,12.542798,11.627202,12.313899,11.856101
2024-01-16,11.900000,2023-11-14,2023-09-30,-0.020000,0.320000,37.187500,27.518696,7.952737,3.716231,6.261107,8.805983,11.350859,13.895734,,,,,,,,,,12.080000,12.031667,12.509583,13.170833,12.080000,12.543851,11.616149,12.311926,11.848074
2024-01-17,12.000000,2023-11-14,2023-09-30,-0.020000,0.320000,37.500000,27.638667,7.994053,3.728179,6.286276,8.844374,11.402471,13.960568,,,,,,,,,,12.082500,12.031667,12.497917,13.163542,12.082500,12.543934,11.621066,12.313217,11.851783
2024-01-18,11.900000,2023-11-14,2023-09-30,-0.020000,0.320000,37.187500,27.758190,8.028922,3.744111,6.313366,8.882621,11.451876,14.021131,,,,,,,,,,12.080000,12.029167,12.486667,13.154375,12.080000,12.544984,11.615016,12.312492,11.847508
2024-01-19,12.000000,2023-11-14,2023-09-30,-0.020000,0.320000,37.500000,27.879598,8.065384,3.759626,6.340548,8.921471,11.502394,14.083317,,,,,,,,,,12.085000,12.029167,12.475833,13.145625,12.085000,12.543946,11.626054,12.314473,11.855527
2024-01-22,12.000000,2023-11-14,2023-09-30,-0.020000,0.320000,37.500000,28.002443,8.098924,3.777470,6.369126,8.960782,11.552437,14.144093,,,,,,,,,,12.090000,12.029167,12.465833,13.133958,12.090000,12.542595,11.637405,12.316297,11.863703
2024-01-23,12.050000,2023-11-14,2023-09-30,-0.020000,0.320000,37.656250,28.125871,8.132456,3.795507,6.397893,9.000279,11.602665,14.205050,,,,,,,,,,12.095000,12.030000,12.455833,13.124167,12.095000,12.543272,11.646728,12.319136,11.870864
2024-01-24,12.050000,2023-11-14,2023-09-30,-0.020000,0.320000,37.656250,28.250018,8.163484,3.815376,6.427691,9.040006,11.652321,14.264636,,,,,,,,,,12.095000,12.033333,12.446250,13.114167,12.095000,12.543272,11.646728,12.319136,11.870864
2024-01-25,12.050000,2023-11-14,2023-09-30,-0.020000,0.320000,37.656250,28.372728,8.193476,3.835448,6.457361,9.079273,11.701185,14.323098,,,,,,,,,,12.095000,12.036667,12.435833,13.104792,12.095000,12.543272,11.646728,12.319136,11.870864
2024-01-26,11.950000,2023-11-14,2023-09-30,-0.020000,0.320000,37.343750,28.493552,8.218141,3.858327,6.488132,9.117937,11.747742,14.377547,,,,,,,,,,12.092500,12.038333,12.425000,13.093750,12.092500,12.543551,11.641449,12.318026,11.866974
2024-01-29,12.100000,2023-11-14,2023-09-30,-0.020000,0.320000,37.812500,28.619001,8.244717,3.881461,6.519771,9.158080,11.796390,14.434699,,,,,,,,,,12.100000,12.041667,12.415833,13.084167,12.100000,12.546035,11.653965,12.323018,11.876982
2024-01-30,12.100000,2023-11-14,2023-09-30,-0.020000,0.320000,37.812500,28.740858,8.271815,3.903113,6.550094,9.197075,11.844056,14.491037,,,,,,,,,,12.105000,12.040833,12.404583,13.074792,12.105000,12.548550,11.661450,12.326775,11.883225
2024-01-31,12.050000,2023-11-14,2023-09-30,-0.020000,0.320000,37.656250,28.862132,8.295117,3.927007,6.581445,9.235882,11.890320,14.544757,,,,,,,,,,12.112500,12.040833,12.393333,13.065000,12.112500,12.546423,11.678577,12.329462,11.895538
2024-02-01,12.000000,2023-11-14,2023-09-30,-0.020000,0.320000,37.500000,28.979948,8.316716,3.950885,6.612234,9.273583,11.934932,14.596282,,,,,,,,,,12.117500,12.041667,12.380417,13.055625,12.117500,12.543343,11.691657,12.330421,11.904579
2024-02-02,12.050000,2023-11-14,2023-09-30,-0.020000,0.320000,37.656250,29.109722,8.329687,3.984112,6.649611,9.315111,11.980611,14.646111,,,,,,,,,,12.125000,12.043333,12.370417,13.046042,12.125000,12.539856,11.710144,12.332428,11.917572
2024-02-05,12.000000,2023-11-14,2023-09-30,-0.020000,0.320000,37.500000,29.238889,8.338684,4.019687,6.688066,9.356444,12.024823,14.693202,,,,,,,,,,12.087500,12.045000,12.360417,13.036667,12.087500,12.382859,11.792141,12.235179,11.939821
2024-02-15,11.850000,2023-11-14,2023-09-30,-0.020000,0.320000,37.031250,29.366927,8.339397,4.060203,6.728810,9.397417,12.066024,14.734631,,,,,,,,,,12.067500,12.044167,12.350833,13.025208,12.067500,12.370598,11.764402,12.219049,11.915951
2024-02-16,11.800000,2023-11-14,2023-09-30,-0.020000,0.320000,36.875000,29.491580,8.338893,4.100414,6.768860,9.437306,12.105751,14.774197,,,,,,,,,,12.045000,12.043333,12.339583,13.014583,12.045000,12.357713,11.732287,12.201357,11.888643
2024-02-19,11.950000,2023-11-14,2023-09-30,-0.020000,0.320000,37.343750,29.622917,8.337405,4.143394,6.811364,9.479333,12.147303,14.815272,,,,,,,,,,12.020000,12.044167,12.331250,13.004792,12.020000,12.270053,11.769947,12.145026,11.894974
2024-02-20,12.000000,2023-11-14,2023-09-30,-0.020000,0.320000,37.500000,29.753472,8.337065,4.185390,6.853250,9.521111,12.188972,14.856833,,,,,,,,,,12.002500,12.042500,12.322083,12.994792,12.002500,12.198446,11.806554,12.100473,11.904527
2024-02-21,12.050000,2023-11-14,2023-09-30,-0.020000,0.320000,37.656250,29.888108,8.333112,4.231003,6.897599,9.564194,12.230790,14.897386,,,,,,,,,,11.992500,12.040833,12.315000,12.984583,11.992500,12.152352,11.832648,12.072426,11.912574
2024-02-22,12.000000,2023-11-14,2023-09-30,-0.020000,0.320000,37.500000,30.020052,8.327191,4.277015,6.941716,9.606417,12.271118,14.935819,,,,,,,,,,11.997500,12.040833,12.306667,12.974792,11.997500,12.151311,11.843689,12.074406,11.920594
2024-02-23,12.050000,2023-11-14,2023-09-30,-0.020000,0.320000,37.656250,30.154687,8.318884,4.325414,6.987457,9.649500,12.311543,14.973586,,,,,,,,,,12.000000,12.038333,12.299583,12.966250,12.000000,12.155597,11.844403,12.077799,11.922201
2024-02-26,12.050000,2023-11-14,2023-09-30,-0.020000,0.320000,37.656250,30.290017,8.307624,4.375926,7.034366,9.692806,12.351245,15.009685,,,,,,,,,,12.007500,12.038333,12.292917,12.958542,12.007500,12.157149,11.857851,12.082324,11.932676
2024-02-27,12.000000,2023-11-14,2023-09-30,-0.020000,0.320000,37.500000,30.425434,8.291455,4.429608,7.082873,9.736139,12.389405,15.042670,,,,,,,,,,12.007500,12.036667,12.286667,12.950417,12.007500,12.157149,11.857851,12.082324,11.932676
2024-02-29,11.950000,2023-11-14,2023-09-30,-0.020000,0.320000,37.343750,30.552604,8.279453,4.477984,7.127408,9.776833,12.426258,15.075683,,,,,,,,,,12.005000,12.035833,12.275833,12.942083,12.005000,12.156831,11.853169,12.080915,11.929085
2024-03-01,11.900000,2023-11-14,2023-09-30,-0.020000,0.320000,37.187500,30.680556,8.262196,4.529972,7.173875,9.817778,12.461681,15.105583,,,,,,,,,,11.997500,12.034167,12.265833,12.932500,11.997500,12.154696,11.840304,12.076098,11.918902
2024-03-04,11.950000,2023-11-14,2023-09-30,-0.020000,0.320000,37.343750,30.802170,8.251882,4.575490,7.216092,9.856694,12.497297,15.137899,,,,,,,,,,11.992500,12.031667,12.251667,12.923750,11.992500,12.149025,11.835975,12.070762,11.914238
2024-03-05,12.000000,2023-11-14,2023-09-30,-0.020000,0.320000,37.500000,30.925087,8.240779,4.621929,7.258978,9.896028,12.533077,15.170127,,,,,,,,,,11.990000,12.030833,12.237917,12.915625,11.990000,12.144238,11.835762,12.067119,11.912881
2024-03-06,12.000000,2023-11-14,2023-09-30,-0.020000,0.320000,37.500000,31.051476,8.224189,4.672991,7.304732,9.936472,12.568213,15.199953,,,,,,,,,,11.992500,12.030000,12.226250,12.908125,11.992500,12.145625,11.839375,12.069063,11.915937
2024-03-07,11.900000,2023-11-14,2023-09-30,-0.020000,0.320000,37.187500,31.173872,8.205124,4.724360,7.349999,9.975639,12.601278,15.226918,,,,,,,,,,11.982500,12.027500,12.212917,12.901667,11.982500,12.132149,11.832851,12.057324,11.907676
2024-03-08,11.800000,2023-11-14,2023-09-30,-0.020000,0.320000,36.875000,31.294358,8.181571,4.777989,7.396092,10.014194,12.632297,15.250400,,,,,,,,,,11.967500,12.022500,12.199167,12.893125,11.967500,12.127352,11.807648,12.047426,11.887574
2024-03-11,11.800000,2023-11-14,2023-09-30,-0.020000,0.320000,36.875000,31.415538,8.155380,4.833529,7.443251,10.052972,12.662694,15.272415,,,,,,,,,,11.955000,12.017500,12.185833,12.885417,11.955000,12.126372,11.783628,12.040686,11.869314
2024-03-12,11.850000,2023-11-14,2023-09-30,-0.020000,0.320000,37.031250,31.538021,8.128157,4.890146,7.491156,10.092167,12.693177,15.294187,,,,,,,,,,11.947500,12.012500,12.172917,12.878750,11.947500,12.123643,11.771357,12.035571,11.859429
2024-03-13,11.700000,2023-11-14,2023-09-30,-0.020000,0.320000,36.562500,31.658681,8.094024,4.950603,7.540690,10.130778,12.720865,15.310953,,,,,,,,,,11.930000,12.005833,12.160000,12.873333,11.930000,12.131050,11.728950,12.030525,11.829475
2024-03-14,11.750000,2023-11-14,2023-09-30,-0.020000,0.320000,36.718750,31.780642,8.058716,5.012228,7.591017,10.169806,12.748595,15.327384,,,,,,,,,,11.917500,12.001667,12.147500,12.867292,11.917500,12.130931,11.704069,12.024215,11.810785
2024-03-15,11.500000,2023-11-14,2023-09-30,-0.020000,0.320000,35.937500,31.894010,8.020295,5.073095,7.639589,10.206083,12.772578,15.339072,,,,,,,,,,11.900000,11.993333,12.131667,12.859792,11.900000,12.182843,11.617157,12.041421,11.758579
2024-03-18,11.350000,2023-11-14,2023-09-30,-0.020000,0.320000,35.468750,32.004167,7.977387,5.135805,7.688569,10.241333,12.794097,15.346861,,,,,,,,,,11.877500,11.982500,12.115000,12.851458,11.877500,12.250927,11.504073,12.064213,11.690787
2024-03-19,11.350000,2023-11-14,2023-09-30,-0.020000,0.320000,35.468750,32.116406,7.930059,5.202012,7.739631,10.277250,12.814869,15.352488,,,,,,,,,,11.847500,11.971667,12.099583,12.843125,11.847500,12.286967,11.408033,12.067234,11.627766
2024-03-20,11.300000,2023-11-14,2023-09-30,-0.020000,0.320000,35.312500,32.227344,7.880308,5.269353,7.791051,10.312750,12.834449,15.356147,,,,,,,,,,11.812500,11.962500,12.083750,12.834167,11.812500,12.308670,11.316330,12.060585,11.564415
2024-03-21,11.300000,2023-11-14,2023-09-30,-0.020000,0.320000,35.312500,32.338976,7.827727,5.338727,7.843600,10.348472,12.853345,15.358217,,,,,,,,,,11.775000,11.950833,12.068333,12.825625,11.775000,12.307620,11.242380,12.041310,11.508690
2024-03-22,11.300000,2023-11-14,2023-09-30,-0.020000,0.320000,35.312500,32.451302,7.772221,5.410195,7.897306,10.384417,12.871527,15.358638,,,,,,,,,,11.740000,11.939167,12.053333,12.814792,11.740000,12.301577,11.178423,12.020788,11.459212
2024-03-25,11.350000,2023-11-14,2023-09-30,-0.020000,0.320000,35.468750,32.567014,7.712191,5.485642,7.953543,10.421444,12.889345,15.357247,,,,,,,,,,11.705000,11.929167,12.040000,12.806250,11.705000,12.272450,11.137550,11.988725,11.421275
2024-03-26,11.400000,2023-11-14,2023-09-30,-0.020000,0.320000,35.625000,32.686111,7.647333,5.565263,8.012409,10.459556,12.906702,15.353848,,,,,,,,,,11.672500,11.920000,12.028333,12.798125,11.672500,12.231140,11.113860,11.951820,11.393180
2024-03-27,11.450000,2023-11-14,2023-09-30,-0.020000,0.320000,35.781250,32.804427,7.583679,5.643862,8.070639,10.497417,12.924194,15.350971,,,,,,,,,,11.645000,11.912500,12.015833,12.790417,11.645000,12.189736,11.100264,11.917368,11.372632
2024-03-28,11.550000,2023-11-14,2023-09-30,-0.020000,0.320000,36.093750,32.926736,7.516533,5.725974,8.131265,10.536556,12.941846,15.347137,,,,,,,,,,11.625000,11.906667,12.005000,12.783125,11.625000,12.151658,11.098342,11.888329,11.361671
2024-03-29,11.350000,2023-11-14,2023-09-30,-0.020000,0.320000,35.468750,33.043837,7.444827,5.809338,8.191683,10.574028,12.956372,15.338717,,,,,,,,,,11.597500,11.896667,11.992500,12.774792,11.597500,12.121126,11.073874,11.859313,11.335687
2024-04-01,11.450000,2024-03-31,2023-12-31,-0.450000,-0.370000,-30.945946,32.607482,9.407793,-5.103002,-8.583885,-12.064768,-15.545652,-19.026535,,,,,,,,,,11.572500,11.886667,11.980833,12.766875,11.572500,12.072474,11.072526,11.822487,11.322513
2024-04-02,11.400000,2024-03-31,2023-12-31,-0.450000,-0.370000,-30.810811,32.172947,11.002061,-3.762465,-7.833228,-11.903990,-15.974753,-20.045516,,,,,,,,,,11.542500,11.875833,11.969167,12.758542,11.542500,12.005073,11.079927,11.773786,11.311214
2024-04-03,11.350000,2024-03-31,2023-12-31,-0.450000,-0.370000,-30.675676,31.741622,12.370010,-2.590593,-7.167496,-11.744400,-16.321304,-20.898208,,,,,,,,,,11.510000,11.865000,11.958333,12.750417,11.510000,11.926249,11.093751,11.718124,11.301876
2024-04-08,11.400000,2024-03-31,2023-12-31,-0.450000,-0.370000,-30.810811,31.311949,13.590307,-1.528594,-6.557007,-11.585421,-16.613835,-21.642248,,,,,,,,,,11.485000,11.855833,11.949583,12.741250,11.485000,11.860710,11.109290,11.672855,11.297145
2024-04-09,11.500000,2024-03-31,2023-12-31,-0.450000,-0.370000,-31.081081,30.880023,14.706606,-0.542720,-5.984164,-11.425609,-16.867053,-22.308497,,,,,,,,,,11.470000,11.847500,11.941667,12.731458,11.470000,11.815497,11.124503,11.642749,11.297251
2024-04-10,11.400000,2024-03-31,2023-12-31,-0.450000,-0.370000,-30.810811,30.449655,15.723563,0.369064,-5.448654,-11.266372,-17.084091,-22.901809,,,,,,,,,,11.450000,11.839167,11.932500,12.719375,11.450000,11.759499,11.140501,11.604749,11.295251
2024-04-11,11.250000,2024-03-31,2023-12-31,-0.450000,-0.370000,-30.405405,30.022666,16.655029,1.216335,-4.946026,-11.108386,-17.270747,-23.433108,,,,,,,,,,11.420000,11.828333,11.922083,12.705625,11.420000,11.678335,11.161665,11.549167,11.290833
2024-04-12,11.300000,2024-03-31,2023-12-31,-0.450000,-0.370000,-30.540541,29.594550,17.530495,2.022583,-4.463700,-10.949984,-17.436267,-23.922550,,,,,,,,,,11.400000,11.818333,11.912083,12.692708,11.400000,11.627110,11.172890,11.513555,11.286445
2024-04-15,11.300000,2024-03-31,2023-12-31,-0.450000,-0.370000,-30.540541,29.167823,18.353564,2.789543,-4.001276,-10.792095,-17.582913,-24.373732,,,,,,,,,,11.377500,11.794167,11.902917,12.679167,11.377500,11.538009,11.216991,11.457755,11.297245
2024-04-16,11.100000,2024-03-31,2023-12-31,-0.450000,-0.370000,-30.000000,28.747684,19.116760,3.509759,-3.563442,-10.636643,-17.709844,-24.783046,,,,,,,,,,11.357500,11.775000,11.893333,12.666042,11.357500,11.550196,11.164804,11.453848,11.261152
2024-04-17,11.200000,2024-03-31,2023-12-31,-0.450000,-0.370000,-30.270270,28.327377,19.847506,4.206025,-3.137552,-10.481129,-17.824707,-25.168284,,,,,,,,,,11.350000,11.757500,11.885833,12.653958,11.350000,11.555196,11.144804,11.452598,11.247402
2024-04-18,11.200000,2024-03-31,2023-12-31,-0.450000,-0.370000,-30.270270,27.908458,20.543084,4.875753,-2.725188,-10.326129,-17.927070,-25.528011,,,,,,,,,,11.342500,11.736667,11.879167,12.641250,11.342500,11.558383,11.126617,11.450441,11.234559
2024-04-19,10.950000,2024-03-31,2023-12-31,-0.450000,-0.370000,-29.594595,27.495864,21.191896,5.508534,-2.332468,-10.173470,-18.014471,-25.855473,,,,,,,,,,11.325000,11.713333,11.870833,12.628958,11.325000,11.603152,11.046848,11.464076,11.185924
2024-04-22,11.200000,2024-03-31,2023-12-31,-0.450000,-0.370000,-30.270270,27.077639,21.828394,6.134285,-1.942221,-10.018727,-18.095232,-26.171738,,,,,,,,,,11.320000,11.695833,11.864583,12.617083,11.320000,11.603586,11.036414,11.461793,11.178207
2024-04-23,11.200000,2024-03-31,2023-12-31,-0.450000,-0.370000,-30.270270,26.658720,22.439200,6.741281,-1.561223,-9.863727,-18.166230,-26.468734,,,,,,,,,,11.315000,11.684167,11.857917,12.605000,11.315000,11.603554,11.026446,11.459277,11.170723
2024-04-24,11.300000,2024-03-31,2023-12-31,-0.450000,-0.370000,-30.540541,26.237549,23.031716,7.335577,-1.186158,-9.707893,-18.229628,-26.751363,,,,,,,,,,11.312500,11.672500,11.852083,12.592083,11.312500,11.600643,11.024357,11.456571,11.168429
2024-04-25,11.200000,2024-03-31,2023-12-31,-0.450000,-0.370000,-30.270270,25.817936,23.596550,7.908811,-0.821913,-9.552636,-18.283360,-27.014083,,,,,,,,,,11.302500,11.660833,11.845000,12.578125,11.302500,11.591737,11.013263,11.447118,11.157882
2024-04-26,11.350000,2024-03-31,2023-12-31,-0.450000,-0.370000,-30.675676,25.395639,24.148550,8.473541,-0.461423,-9.396386,-18.331350,-27.266313,,,,,,,,,,11.297500,11.650000,11.839583,12.565625,11.297500,11.579364,11.015636,11.438432,11.156568
2024-04-29,11.450000,2024-03-31,2023-12-31,-0.450000,-0.370000,-30.945946,24.971089,24.686058,9.028380,-0.105461,-9.239303,-18.373145,-27.506986,,,,,,,,,,11.292500,11.640833,11.835000,12.553750,11.292500,11.558612,11.026388,11.425556,11.159444
2024-04-30,11.400000,2024-03-31,2023-12-31,-0.450000,-0.370000,-30.810811,24.547666,25.202403,9.567142,0.242253,-9.082636,-18.407525,-27.732414,,,,,,,,,,11.295000,11.630000,11.830000,12.542500,11.295000,11.564307,11.025693,11.429654,11.160346
2024-05-02,11.700000,2024-03-31,2023-12-31,-0.450000,-0.370000,-31.621622,24.119569,25.715664,10.105351,0.590555,-8.924240,-18.439036,-27.953832,,,,,,,,,,11.307500,11.624167,11.828750,12.532708,11.307500,11.625843,10.989157,11.466671,11.148329
2024-05-03,11.650000,2024-03-31,2023-12-31,-0.450000,-0.370000,-31.486486,23.692598,26.209437,10.628722,0.931230,-8.766261,-18.463753,-28.161244,,,,,,,,,,11.320000,11.617500,11.827083,12.525000,11.320000,11.671538,10.968462,11.495769,11.144231
2024-05-06,11.600000,2024-03-31,2023-12-31,-0.450000,-0.370000,-31.351351,23.266753,26.684863,11.138099,1.264700,-8.608699,-18.482098,-28.355497,,,,,,,,,,11.332500,11.611667,11.825000,12.517292,11.332500,11.705645,10.959355,11.519072,11.145928
2024-05-07,11.450000,2024-03-31,2023-12-31,-0.450000,-0.370000,-30.945946,22.843593,27.138531,11.630384,1.589127,-8.452129,-18.493386,-28.534642,,,,,,,,,,11.335000,11.600833,11.821250,12.510208,11.335000,11.710710,10.959290,11.522855,11.147145
2024-05-08,11.450000,2024-03-31,2023-12-31,-0.450000,-0.370000,-30.945946,22.416960,27.578495,12.113811,1.909768,-8.294275,-18.498318,-28.702361,,,,,,,,,,11.332500,11.590000,11.815417,12.503333,11.332500,11.704231,10.960769,11.518366,11.146634
2024-05-09,11.350000,2024-03-31,2023-12-31,-0.450000,-0.370000,-30.675676,21.993968,28.000622,12.582692,2.222462,-8.137768,-18.497998,-28.858228,,,,,,,,,,11.330000,11.578333,11.809583,12.495833,11.330000,11.700490,10.959510,11.515245,11.144755
2024-05-10,11.350000,2024-03-31,2023-12-31,-0.450000,-0.370000,-30.675676,21.572365,28.410051,13.041663,2.529944,-7.981775,-18.493494,-29.005213,,,,,,,,,,11.335000,11.567500,11.804583,12.487708,11.335000,11.703639,10.966361,11.519320,11.150680
2024-05-13,11.400000,2024-03-31,2023-12-31,-0.450000,-0.370000,-30.810811,21.149636,28.809487,13.493655,2.834145,-7.825365,-18.484876,-29.144386,,,,,,,,,,11.340000,11.556667,11.800000,12.479583,11.340000,11.709352,10.970648,11.524676,11.155324
2024-05-14,11.450000,2024-03-31,2023-12-31,-0.450000,-0.370000,-30.945946,20.726476,29.199276,13.938668,3.134936,-7.668796,-18.472528,-29.276260,,,,,,,,,,11.347500,11.547500,11.796250,12.471875,11.347500,11.719514,10.975486,11.533507,11.161493
2024-05-15,11.450000,2024-05-15,2024-03-31,-0.020000,-0.460000,-24.891304,20.353770,29.494715,17.772403,4.204834,-9.362734,-22.930303,-36.497872,,,,,,,,,,11.365000,11.540833,11.792500,12.463542,11.365000,11.720557,11.009443,11.542779,11.187221
2024-05-16,11.450000,2024-05-15,2024-03-31,-0.020000,-0.460000,-24.891304,19.837749,29.741134,18.236479,4.555557,-9.125365,-22.806286,-36.487208,,,,,,,,,,11.377500,11.535000,11.789167,12.455000,11.377500,11.726144,11.028856,11.551822,11.203178
2024-05-17,11.550000,2024-05-15,2024-03-31,-0.020000,-0.460000,-25.108696,19.318614,29.978494,18.693652,4.903545,-8.886562,-22.676670,-36.466777,,,,,,,,,,11.395000,11.528333,11.786250,12.446875,11.395000,11.741258,11.048742,11.568129,11.221871
2024-05-20,11.550000,2024-05-15,2024-03-31,-0.020000,-0.460000,-25.108696,18.794271,30.201740,19.140236,5.247436,-8.645365,-22.538165,-36.430966,,,,,,,,,,11.425000,11.520833,11.781667,12.438542,11.425000,11.706911,11.143089,11.565955,11.284045
2024-05-21,11.550000,2024-05-15,2024-03-31,-0.020000,-0.460000,-25.108696,18.268625,30.413387,19.576749,5.586591,-8.403568,-22.393726,-36.383884,,,,,,,,,,11.442500,11.512500,11.776667,12.430417,11.442500,11.708612,11.176388,11.575556,11.309444
2024-05-22,11.550000,2024-05-15,2024-03-31,-0.020000,-0.460000,-25.108696,17.746886,30.617044,20.004113,5.920273,-8.163568,-22.247408,-36.331248,,,,,,,,,,11.460000,11.505000,11.772917,12.422917,11.460000,11.704088,11.215912,11.582044,11.337956
2024-05-23,11.450000,2024-05-15,2024-03-31,-0.020000,-0.460000,-24.891304,17.221750,30.804433,20.418073,6.248034,-7.922005,-22.092044,-36.262084,,,,,,,,,,11.467500,11.495000,11.766667,12.414792,11.467500,11.699822,11.235178,11.583661,11.351339
2024-05-24,11.550000,2024-05-15,2024-03-31,-0.020000,-0.460000,-25.108696,16.698709,30.986867,20.826512,6.572553,-7.681406,-21.935365,-36.189324,,,,,,,,,,11.485000,11.486667,11.762500,12.407083,11.485000,11.682617,11.287383,11.583809,11.386191
2024-05-27,11.450000,2024-05-15,2024-03-31,-0.020000,-0.460000,-24.891304,16.176178,31.156059,21.222532,6.890745,-7.441042,-21.772829,-36.104616,,,,,,,,,,11.490000,11.477500,11.757083,12.398958,11.490000,11.678065,11.301935,11.584032,11.395968
2024-05-28,11.500000,2024-05-15,2024-03-31,-0.020000,-0.460000,-25.000000,15.655344,31.318575,21.611630,7.205086,-7.201458,-21.608003,-36.014547,,,,,,,,,,11.492500,11.470000,11.752917,12.389583,11.492500,11.679653,11.305347,11.586077,11.398923
2024-05-29,11.550000,2024-05-15,2024-03-31,-0.020000,-0.460000,-25.108696,15.133605,31.472727,21.993451,7.515996,-6.961458,-21.438913,-35.916367,,,,,,,,,,11.500000,11.464167,11.749167,12.380625,11.500000,11.683533,11.316467,11.591766,11.408234
2024-05-30,11.500000,2024-05-15,2024-03-31,-0.020000,-0.460000,-25.000000,14.610168,31.614387,22.364559,7.821941,-6.720677,-21.263295,-35.805913,,,,,,,,,,11.490000,11.456667,11.744167,12.371458,11.490000,11.647614,11.332386,11.568807,11.411193
2024-05-31,11.550000,2024-05-15,2024-03-31,-0.020000,-0.460000,-25.108696,14.087126,31.748818,22.728834,8.124378,-6.480078,-21.084534,-35.688991,,,,,,,,,,11.485000,11.449167,11.740000,12.362083,11.485000,11.626793,11.343207,11.555897,11.414103
2024-06-03,11.400000,2024-05-15,2024-03-31,-0.020000,-0.460000,-24.782609,13.566803,31.870717,23.080331,8.419801,-6.240729,-20.901259,-35.561789,,,,,,,,,,11.475000,11.439167,11.734583,12.352292,11.475000,11.610724,11.339276,11.542862,11.407138
2024-06-04,11.350000,2024-05-15,2024-03-31,-0.020000,-0.460000,-24.673913,13.047385,31.982538,23.422138,8.710171,-6.001797,-20.713764,-35.425732,,,,,,,,,,11.470000,11.430000,11.728750,12.341667,11.470000,11.616539,11.323461,11.543270,11.396730
2024-06-05,11.350000,2024-05-15,2024-03-31,-0.020000,-0.460000,-24.673913,12.526664,32.084460,23.755437,8.996586,-5.762266,-20.521117,-35.279968,,,,,,,,,,11.465000,11.422500,11.722500,12.331042,11.465000,11.620935,11.309065,11.542968,11.387032
2024-06-06,11.300000,2024-05-15,2024-03-31,-0.020000,-0.460000,-24.565217,12.006850,32.176522,24.079250,9.278049,-5.523151,-20.324351,-35.125552,,,,,,,,,,11.462500,11.414167,11.715833,12.320208,11.462500,11.627536,11.297464,11.545018,11.379982
2024-06-07,11.450000,2024-05-15,2024-03-31,-0.020000,-0.460000,-24.891304,11.483016,32.261879,24.398741,9.558277,-5.282187,-20.122652,-34.963116,,,,,,,,,,11.467500,11.407500,11.710000,12.310417,11.467500,11.624025,11.310975,11.545762,11.389238
2024-06-11,11.400000,2024-05-15,2024-03-31,-0.020000,-0.460000,-24.782609,10.961390,32.338536,24.709214,9.833487,-5.042240,-19.917966,-34.793693,,,,,,,,,,11.467500,11.402500,11.704167,12.300208,11.467500,11.624025,11.310975,11.545762,11.389238
2024-06-12,11.300000,2024-05-15,2024-03-31,-0.020000,-0.460000,-24.565217,10.444180,32.406773,25.009908,10.102793,-4.804323,-19.711438,-34.618554,,,,,,,,,,11.460000,11.395000,11.698333,12.289375,11.460000,11.633509,11.286491,11.546754,11.373246
2024-06-13,11.250000,2024-05-15,2024-03-31,-0.020000,-0.460000,-24.456522,9.927876,32.465589,25.301519,10.367348,-4.566823,-19.500994,-34.435165,,,,,,,,,,11.450000,11.390833,11.692083,12.278750,11.450000,11.647351,11.252649,11.548675,11.351325
2024-06-14,11.250000,2024-05-15,2024-03-31,-0.020000,-0.460000,-24.456522,9.411572,32.516034,25.585428,10.628053,-4.329323,-19.286698,-34.244074,,,,,,,,,,11.440000,11.389167,11.685833,12.267917,11.440000,11.656673,11.223327,11.548337,11.331663
2024-06-17,11.350000,2024-05-15,2024-03-31,-0.020000,-0.460000,-24.673913,8.893456,32.560022,25.864231,10.886621,-4.090990,-19.068600,-34.046210,,,,,,,,,,11.430000,11.389167,11.680417,12.257708,11.430000,11.643739,11.216261,11.536869,11.323131
2024-06-18,11.300000,2024-05-15,2024-03-31,-0.020000,-0.460000,-24.565217,8.380152,32.598213,26.135487,11.140308,-3.854870,-18.850048,-33.845226,,,,,,,,,,11.417500,11.389167,11.675833,12.246875,11.417500,11.630931,11.204069,11.524215,11.310785
2024-06-19,11.350000,2024-05-15,2024-03-31,-0.020000,-0.460000,-24.673913,7.862036,32.625578,26.398995,11.391229,-3.616536,-18.624302,-33.632068,,,,,,,,,,11.407500,11.390000,11.670417,12.236458,11.407500,11.613400,11.201600,11.510450,11.304550
2024-06-20,11.300000,2024-05-15,2024-03-31,-0.020000,-0.460000,-24.565217,7.344826,32.643734,26.653615,11.637498,-3.378620,-18.394737,-33.410855,,,,,,,,,,11.395000,11.390000,11.664583,12.225833,11.395000,11.594737,11.195263,11.494868,11.295132
2024-06-21,11.350000,2024-05-15,2024-03-31,-0.020000,-0.460000,-24.673913,6.828012,32.655729,26.902385,11.880750,-3.140885,-18.162521,-33.184156,,,,,,,,,,11.390000,11.390000,11.659583,12.214583,11.390000,11.588945,11.191055,11.489472,11.290528
2024-06-24,11.300000,2024-05-15,2024-03-31,-0.020000,-0.460000,-24.565217,6.312104,32.658609,27.142353,12.119393,-2.903568,-17.926528,-32.949488,,,,,,,,,,11.377500,11.388333,11.654167,12.201458,11.377500,11.565215,11.189785,11.471357,11.283643
2024-06-25,11.350000,2024-05-15,2024-03-31,-0.020000,-0.460000,-24.673913,5.796592,32.655387,27.376523,12.355046,-2.666432,-17.687910,-32.709388,,,,,,,,,,11.372500,11.386667,11.649583,12.189792,11.372500,11.557390,11.187610,11.464945,11.280055
2024-06-26,11.350000,2024-05-15,2024-03-31,-0.020000,-0.460000,-24.673913,5.281080,32.643955,27.603142,12.586923,-2.429297,-17.445516,-32.461736,,,,,,,,,,11.365000,11.383333,11.645000,12.177708,11.365000,11.540019,11.189981,11.452509,11.277491
2024-06-27,11.300000,2024-05-15,2024-03-31,-0.020000,-0.460000,-24.565217,4.765172,32.622176,27.820423,12.814222,-2.191979,-17.198180,-32.204381,,,,,,,,,,11.352500,11.382500,11.639583,12.166458,11.352500,11.506311,11.198689,11.429406,11.275594
2024-06-28,11.350000,2024-05-15,2024-03-31,-0.020000,-0.460000,-24.673913,4.245754,32.590278,28.030009,13.038481,-1.953047,-16.944575,-31.936103,,,,,,,,,,11.345000,11.380833,11.633750,12.155417,11.345000,11.482267,11.207733,11.413633,11.276367
2024-07-01,11.400000,2024-05-15,2024-03-31,-0.020000,-0.460000,-24.782609,3.725430,32.550790,28.233029,13.259665,-1.713698,-16.687061,-31.660424,,,,,,,,,,11.337500,11.380833,11.628333,12.145000,11.337500,11.439455,11.235545,11.388477,11.286523
2024-07-02,11.250000,2024-05-15,2024-03-31,-0.020000,-0.460000,-24.456522,3.209126,32.501898,28.425548,13.474675,-1.476198,-16.427071,-31.377944,,,,,,,,,,11.330000,11.379167,11.622083,12.134167,11.330000,11.434630,11.225370,11.382315,11.277685
2024-07-03,11.350000,2024-05-15,2024-03-31,-0.020000,-0.460000,-24.673913,2.692312,32.447588,28.613317,13.687427,-1.238464,-16.164354,-31.090244,,,,,,,,,,11.330000,11.378333,11.617083,12.123542,11.330000,11.434630,11.225370,11.382315,11.277685
2024-07-04,11.400000,2024-05-15,2024-03-31,-0.020000,-0.460000,-24.782609,2.173290,32.384201,28.793751,13.897019,-0.999714,-15.896446,-30.793178,,,,,,,,,,11.332500,11.376667,11.612083,12.113333,11.332500,11.441442,11.223558,11.386971,11.278029
2024-07-05,11.550000,2024-05-15,2024-03-31,-0.020000,-0.460000,-25.108696,1.654155,32.317439,28.971133,14.105111,-0.760911,-15.626934,-30.492956,,,,,,,,,,11.345000,11.379167,11.609167,12.104583,11.345000,11.489732,11.200268,11.417366,11.272634
2024-07-08,11.650000,2024-05-15,2024-03-31,-0.020000,-0.460000,-25.326087,1.133209,32.243605,29.142841,14.310782,-0.521276,-15.353334,-30.185393,,,,,,,,,,11.355000,11.385833,11.607083,12.096458,11.355000,11.549395,11.160605,11.452198,11.257802
2024-07-09,11.550000,2024-05-15,2024-03-31,-0.020000,-0.460000,-25.108696,0.614074,32.159626,29.304382,14.510954,-0.282474,-15.075902,-29.869330,,,,,,,,,,11.362500,11.390000,11.604167,12.088333,11.362500,11.574942,11.150058,11.468721,11.256279
2024-07-10,11.600000,2024-05-15,2024-03-31,-0.020000,-0.460000,-25.217391,0.071898,32.040910,29.444564,14.705745,-0.033073,-14.771891,-29.510710,,,,,,,,,,11.377500,11.395000,11.594583,12.080208,11.377500,11.612525,11.142475,11.495013,11.259987
2024-07-11,11.600000,2024-05-15,2024-03-31,-0.020000,-0.460000,-25.217391,-0.457258,31.928723,29.584764,14.897551,0.210339,-14.476874,-29.164087,,,,,,,,,,11.395000,11.403333,11.589167,12.072292,11.395000,11.641875,11.148125,11.518438,11.271562
2024-07-12,11.550000,2024-05-15,2024-03-31,-0.020000,-0.460000,-25.108696,-0.985507,31.806571,29.715378,15.084356,0.453333,-14.177689,-28.808712,,,,,,,,,,11.410000,11.409167,11.583333,12.064583,11.410000,11.656235,11.163765,11.533117,11.286883
2024-07-15,11.550000,2024-05-15,2024-03-31,-0.020000,-0.460000,-25.108696,-1.518965,31.668414,29.833664,15.266194,0.698724,-13.868746,-28.436216,,,,,,,,,,11.420000,11.415000,11.575833,12.056875,11.420000,11.672149,11.167851,11.546074,11.293926
2024-07-16,11.600000,2024-05-15,2024-03-31,-0.020000,-0.460000,-25.217391,-2.050725,31.524617,29.945981,15.444657,0.943333,-13.557990,-28.059314,,,,,,,,,,11.435000,11.425833,11.569583,12.049167,11.435000,11.692723,11.177277,11.563861,11.306139
2024-07-17,11.600000,2024-05-15,2024-03-31,-0.020000,-0.460000,-25.217391,-2.579880,31.374507,30.051291,15.619018,1.186745,-13.245528,-27.677801,,,,,,,,,,11.447500,11.432500,11.564167,12.042500,11.447500,11.712025,11.182975,11.579763,11.315237
2024-07-18,11.650000,2024-05-15,2024-03-31,-0.020000,-0.460000,-25.326087,-3.100827,31.227302,30.155498,15.790939,1.426380,-12.938179,-27.302737,,,,,,,,,,11.465000,11.440000,11.562083,12.035833,11.465000,11.734698,11.195302,11.599849,11.330151
2024-07-19,11.600000,2024-05-15,2024-03-31,-0.020000,-0.460000,-25.217391,-3.623471,31.066494,30.247971,15.957384,1.666797,-12.623790,-26.914377,,,,,,,,,,11.477500,11.445000,11.558750,12.028333,11.477500,11.747929,11.207071,11.612714,11.342286
2024-07-22,11.400000,2024-05-15,2024-03-31,-0.020000,-0.460000,-24.782609,-4.139889,30.896994,30.329584,16.116966,1.904349,-12.308268,-26.520886,,,,,,,,,,11.482500,11.448333,11.554583,12.020625,11.482500,11.742611,11.222389,11.612556,11.352444
2024-07-23,11.400000,2024-05-15,2024-03-31,-0.020000,-0.460000,-24.782609,-4.658911,30.714216,30.400177,16.271638,2.143099,-11.985440,-26.113979,,,,,,,,,,11.485000,11.449167,11.549583,12.012708,11.485000,11.740672,11.229328,11.612836,11.357164
2024-07-26,11.300000,2024-05-15,2024-03-31,-0.020000,-0.460000,-24.565217,-5.176121,30.520277,30.459670,16.420343,2.381016,-11.658312,-25.697639,,,,,,,,,,11.482500,11.446667,11.543750,12.004792,11.482500,11.744627,11.220373,11.613563,11.351437
2024-07-29,11.300000,2024-05-15,2024-03-31,-0.020000,-0.460000,-24.565217,-5.694633,30.314327,30.508712,16.564122,2.619531,-11.325059,-25.269650,,,,,,,,,,11.482500,11.445000,11.537500,11.996667,11.482500,11.744627,11.220373,11.613563,11.351437
2024-07-30,11.250000,2024-05-15,2024-03-31,-0.020000,-0.460000,-24.456522,-6.212240,30.097406,30.547244,16.702437,2.857630,-10.987177,-24.831984,,,,,,,,,,11.477500,11.437500,11.530833,11.988542,11.477500,11.753705,11.201295,11.615603,11.339397
2024-07-31,11.250000,2024-05-15,2024-03-31,-0.020000,-0.460000,-24.456522,-6.729846,29.869868,30.576007,16.835868,3.095729,-10.644410,-24.384549,,,,,,,,,,11.470000,11.430833,11.524167,11.980000,11.470000,11.762719,11.177281,11.616359,11.323641
2024-08-01,11.250000,2024-05-15,2024-03-31,-0.020000,-0.460000,-24.456522,-7.244848,29.635431,30.597227,16.964929,3.332630,-10.299668,-23.931967,,,,,,,,,,11.470000,11.425000,11.518333,11.971667,11.470000,11.762719,11.177281,11.616359,11.323641
2024-08-02,11.200000,2024-05-15,2024-03-31,-0.020000,-0.460000,-24.347826,-7.762851,29.383432,30.603669,17.087290,3.570911,-9.945467,-23.461846,,,,,,,,,,11.462500,11.420833,11.510833,11.963333,11.462500,11.775171,11.149829,11.618836,11.306164
2024-08-05,10.450000,2024-05-15,2024-03-31,-0.020000,-0.460000,-22.717391,-8.267267,29.112782,30.586703,17.194823,3.802943,-9.588937,-22.980817,,,,,,,,,,11.415000,11.404167,11.497083,11.950833,11.415000,11.965693,10.864307,11.690347,11.139653
2024-08-06,10.500000,2024-05-15,2024-03-31,-0.020000,-0.460000,-22.826087,-8.771286,28.833256,30.561387,17.298090,4.034792,-9.228506,-22.491804,,,,,,,,,,11.362500,11.390000,11.484167,11.938750,11.362500,12.043733,10.681267,11.703117,11.021883
2024-08-07,10.850000,2024-05-15,2024-03-31,-0.020000,-0.460000,-23.586957,-9.280344,28.547295,30.532470,17.400714,4.268958,-8.862797,-21.994553,,,,,,,,,,11.322500,11.381667,11.474583,11.927500,11.322500,12.026231,10.618769,11.674365,10.970635
2024-08-08,10.850000,2024-05-15,2024-03-31,-0.020000,-0.460000,-23.586957,-9.790704,28.246990,30.490954,17.497339,4.503724,-8.489891,-21.483506,,,,,,,,,,11.287500,11.372500,11.464583,11.917500,11.287500,12.012886,10.562114,11.650193,10.924807
2024-08-09,10.950000,2024-05-15,2024-03-31,-0.020000,-0.460000,-23.804348,-10.301574,27.937182,30.440931,17.589828,4.738724,-8.112380,-20.963484,,,,,,,,,,11.255000,11.364167,11.455833,11.908125,11.255000,11.979678,10.530322,11.617339,10.892661
2024-08-12,10.900000,2024-05-15,2024-03-31,-0.020000,-0.460000,-23.695652,-10.807631,27.620800,30.382647,17.677079,4.971510,-7.734058,-20.439626,,,,,,,,,,11.220000,11.355000,11.447917,11.899375,11.220000,11.942131,10.497869,11.581066,10.858934
2024-08-13,10.950000,2024-05-15,2024-03-31,-0.020000,-0.460000,-23.804348,-11.313293,27.294030,30.314622,17.759368,5.204115,-7.351139,-19.906393,,,,,,,,,,11.190000,11.346667,11.440833,11.890208,11.190000,11.904217,10.475783,11.547108,10.832892
2024-08-14,10.850000,2024-08-14,2024-06-30,-0.160000,-0.650000,-16.692308,-11.763593,26.927824,42.652507,25.149421,7.646335,-9.856750,-27.359836,,,,,,,,,,11.155000,11.335000,11.431667,11.881458,11.155000,11.863520,10.446480,11.509260,10.800740
2024-08-15,10.950000,2024-08-14,2024-06-30,-0.160000,-0.650000,-16.846154,-12.216478,26.546635,42.451336,25.196023,7.940710,-9.314602,-26.569915,,,,,,,,,,11.122500,11.325000,11.422917,11.872500,11.122500,11.804197,10.440803,11.463348,10.781652
2024-08-16,10.900000,2024-08-14,2024-06-30,-0.160000,-0.650000,-16.769231,-12.670023,26.149359,42.229682,25.232599,8.235515,-8.761568,-25.758652,,,,,,,,,,11.087500,11.314167,11.413333,11.864167,11.087500,11.737095,10.437905,11.412298,10.762702
2024-08-19,10.900000,2024-08-14,2024-06-30,-0.160000,-0.650000,-16.769231,-13.122267,25.740482,41.992100,25.260787,8.529474,-8.201840,-24.933153,,,,,,,,,,11.050000,11.303333,11.404167,11.855417,11.050000,11.647363,10.452637,11.348681,10.751319
2024-08-20,11.350000,2024-08-14,2024-06-30,-0.160000,-0.650000,-17.461538,-13.581582,25.315019,41.737553,25.282791,8.828028,-7.626734,-24.081497,,,,,,,,,,11.037500,11.301667,11.398333,11.848958,11.037500,11.595575,10.479425,11.316537,10.758463
2024-08-21,11.100000,2024-08-14,2024-06-30,-0.160000,-0.650000,-17.076923,-14.037692,24.873311,41.459804,25.292152,9.124500,-7.043153,-23.210805,,,,,,,,,,11.022500,11.294167,11.390417,11.841667,11.022500,11.555095,10.489905,11.288798,10.756202
2024-08-22,11.100000,2024-08-14,2024-06-30,-0.160000,-0.650000,-17.076923,-14.492499,24.417825,41.163297,25.291711,9.420125,-6.451462,-22.323048,,,,,,,,,,11.007500,11.288333,11.382917,11.834792,11.007500,11.511458,10.503542,11.259479,10.755521
2024-08-23,11.150000,2024-08-14,2024-06-30,-0.160000,-0.650000,-17.153846,-14.946646,23.947900,40.847590,25.281455,9.715320,-5.850815,-21.416950,,,,,,,,,,11.000000,11.282500,11.376250,11.826042,11.000000,11.489898,10.510102,11.244949,10.755051
2024-08-26,11.200000,2024-08-14,2024-06-30,-0.160000,-0.650000,-17.230769,-15.400132,23.462700,40.511596,25.260841,10.010085,-5.240670,-20.491425,,,,,,,,,,10.995000,11.276667,11.370417,11.818125,10.995000,11.473924,10.516076,11.234462,10.755538
2024-08-27,11.150000,2024-08-14,2024-06-30,-0.160000,-0.650000,-17.153846,-15.854278,22.955146,40.146970,25.226125,10.305281,-4.615564,-19.536409,,,,,,,,,,10.990000,11.270833,11.363750,11.807708,10.990000,11.459714,10.520286,11.224857,10.755143
2024-08-28,11.000000,2024-08-14,2024-06-30,-0.160000,-0.650000,-16.923077,-16.307804,22.423631,39.750793,25.175433,10.600072,-3.975288,-18.550648,,,,,,,,,,10.977500,11.261667,11.355417,11.796667,10.977500,11.431111,10.523889,11.204306,10.750694
2024-08-29,11.100000,2024-08-14,2024-06-30,-0.160000,-0.650000,-17.076923,-16.762611,21.869740,39.326359,25.111028,10.895697,-3.319634,-17.534965,,,,,,,,,,10.970000,11.256667,11.347917,11.787083,10.970000,11.409378,10.530622,11.189689,10.750311
2024-08-30,11.050000,2024-08-14,2024-06-30,-0.160000,-0.650000,-17.000000,-17.214174,21.298390,38.877121,25.033167,11.189213,-2.654741,-16.498694,,,,,,,,,,10.962500,11.251667,11.340833,11.776875,10.962500,11.390316,10.534684,11.176408,10.748592
2024-09-02,10.950000,2024-08-14,2024-06-30,-0.160000,-0.650000,-16.846154,-17.661850,20.708338,38.401042,24.940623,11.480203,-1.980217,-15.440637,,,,,,,,,,10.987500,11.245000,11.333750,11.766458,10.987500,11.341239,10.633761,11.164370,10.810630
2024-09-03,10.950000,2024-08-14,2024-06-30,-0.160000,-0.650000,-16.846154,-18.109527,20.090916,37.889383,24.830288,11.771192,-1.287903,-14.346999,,,,,,,,,,11.010000,11.239167,11.326667,11.756250,11.010000,11.280672,10.739328,11.145336,10.874664
2024-09-04,10.550000,2024-08-14,2024-06-30,-0.160000,-0.650000,-16.230769,-18.553377,19.440305,37.332091,24.695893,12.059695,-0.576503,-13.212702,,,,,,,,,,10.995000,11.224167,11.315833,11.744375,10.995000,11.328877,10.661123,11.161938,10.828062
2024-09-05,10.550000,2024-08-14,2024-06-30,-0.160000,-0.650000,-16.230769,-18.993321,18.768277,36.744418,24.545038,12.345658,0.146278,-12.053102,,,,,,,,,,10.980000,11.210000,11.306250,11.733125,10.980000,11.364434,10.595566,11.172217,10.787783
2024-09-06,10.650000,2024-08-14,2024-06-30,-0.160000,-0.650000,-16.384615,-19.435849,18.056170,36.106323,24.369812,12.633302,0.896791,-10.839720,,,,,,,,,,10.965000,11.199167,11.297083,11.722292,10.965000,11.376800,10.553200,11.170900,10.759100
2024-09-09,10.600000,2024-08-14,2024-06-30,-0.160000,-0.650000,-16.307692,-19.871225,17.324835,35.438582,24.177439,12.916296,1.655154,-9.605989,,,,,,,,,,10.950000,11.188333,11.289583,11.710625,10.950000,11.392481,10.507519,11.171241,10.728759
2024-09-10,10.650000,2024-08-14,2024-06-30,-0.160000,-0.650000,-16.384615,-20.303337,16.562861,34.728889,23.963029,13.197169,2.431309,-8.334551,,,,,,,,,,10.935000,11.178333,11.283750,11.699375,10.935000,11.397374,10.472626,11.166187,10.703813
2024-09-11,10.550000,2024-08-14,2024-06-30,-0.160000,-0.650000,-16.230769,-20.734166,15.752514,33.955477,23.716342,13.477208,3.238073,-7.001061,,,,,,,,,,10.920000,11.165000,11.277083,11.688333,10.920000,11.412470,10.427530,11.166235,10.673765
2024-09-12,10.450000,2024-08-14,2024-06-30,-0.160000,-0.650000,-16.076923,-21.162411,14.891010,33.113880,23.434723,13.755567,4.076411,-5.602745,,,,,,,,,,10.895000,11.150833,11.270000,11.676875,10.895000,11.429986,10.360014,11.162493,10.627507
2024-09-13,10.550000,2024-08-14,2024-06-30,-0.160000,-0.650000,-16.230769,-21.591938,13.962761,32.186349,23.110554,14.034760,4.958965,-4.116829,,,,,,,,,,10.877500,11.137500,11.263750,11.666042,10.877500,11.434253,10.320747,11.155876,10.599124
2024-09-16,10.600000,2024-08-14,2024-06-30,-0.160000,-0.650000,-16.307692,-22.022107,12.953597,31.154046,22.734208,14.314369,5.894531,-2.525307,,,,,,,,,,10.862500,11.125833,11.257917,11.655625,10.862500,11.432703,10.292297,11.147602,10.577398
2024-09-18,10.500000,2024-08-14,2024-06-30,-0.160000,-0.650000,-16.153846,-22.452295,11.837385,29.982592,22.288292,14.593992,6.899692,-0.794608,,,,,,,,,,10.820000,11.111667,11.250833,11.645417,10.820000,11.363284,10.276716,11.091642,10.548358
2024-09-19,10.500000,2024-08-14,2024-06-30,-0.160000,-0.650000,-16.153846,-22.883785,10.579461,28.627759,21.751110,14.874460,7.997811,1.121162,,,,,,,,,,10.790000,11.098333,11.243333,11.635833,10.790000,11.334446,10.245554,11.062223,10.517777
2024-09-20,10.550000,2024-08-14,2024-06-30,-0.160000,-0.650000,-16.230769,-23.317219,9.120669,27.013062,21.084627,15.156192,9.227757,3.299323,,,,,,,,,,10.762500,11.085000,11.235833,11.625833,10.762500,11.296477,10.228523,11.029489,10.495511
2024-09-23,10.550000,2024-08-14,2024-06-30,-0.160000,-0.650000,-16.230769,-23.753257,7.331837,24.971005,20.205311,15.439617,10.673922,5.908228,,,,,,,,,,10.732500,11.071667,11.227500,11.616250,10.732500,11.241653,10.223347,10.987077,10.477923
2024-09-24,10.400000,2024-08-14,2024-06-30,-0.160000,-0.650000,-16.000000,-24.182163,4.960124,22.166567,18.942486,15.718406,12.494325,9.270245,,,,,,,,,,10.692500,11.056667,11.219583,11.606042,10.692500,11.171836,10.213164,10.932168,10.452832
2024-09-25,10.300000,2024-08-14,2024-06-30,-0.160000,-0.650000,-15.846154,-24.056331,4.978590,22.108782,18.872699,15.636615,12.400532,9.164448,,,,,,,,,,10.650000,11.039167,11.210000,11.595417,10.650000,11.108831,10.191169,10.879416,10.420584
2024-09-26,10.300000,2024-08-14,2024-06-30,-0.160000,-0.650000,-15.846154,-23.931626,4.995371,22.049540,18.802548,15.555557,12.308565,9.061574,,,,,,,,,,10.615000,11.020833,11.200833,11.585000,10.615000,11.068176,10.161824,10.841588,10.388412
2024-09-27,10.300000,2024-08-14,2024-06-30,-0.160000,-0.650000,-15.846154,-23.808046,5.010539,21.988931,18.732080,15.475230,12.218380,8.961529,,,,,,,,,,10.575000,11.005000,11.192083,11.575208,10.575000,10.987311,10.162689,10.781155,10.368845
2024-09-30,10.150000,2024-08-14,2024-06-30,-0.160000,-0.650000,-15.615385,-23.681418,5.024069,21.924212,18.658567,15.392922,12.127277,8.861631,,,,,,,,,,10.530000,10.985000,11.181667,11.565625,10.530000,10.919872,10.140128,10.724936,10.335064
2024-10-01,10.350000,2024-08-14,2024-06-30,-0.160000,-0.650000,-15.923077,-23.555101,5.027014,21.845934,18.578375,15.310816,12.043257,8.775697,,,,,,,,,,10.500000,10.967500,11.172083,11.556875,10.500000,10.843358,10.156642,10.671679,10.328321
2024-10-04,10.500000,2024-08-14,2024-06-30,-0.160000,-0.650000,-16.153846,-23.432960,5.027301,21.766915,18.499169,15.231424,11.963678,8.695933,,,,,,,,,,10.477500,10.950000,11.164583,11.548542,10.477500,10.747929,10.207071,10.612714,10.342286
2024-10-07,10.450000,2024-08-14,2024-06-30,-0.160000,-0.650000,-16.076923,-23.313556,5.030463,21.693414,18.423612,15.153811,11.884010,8.614209,,,,,,,,,,10.472500,10.930000,11.157917,11.540000,10.472500,10.740975,10.204025,10.606738,10.338262
2024-10-08,10.350000,2024-08-14,2024-06-30,-0.160000,-0.650000,-15.923077,-23.191743,5.030972,21.614897,18.344765,15.074633,11.804501,8.534369,,,,,,,,,,10.462500,10.910000,11.150000,11.531042,10.462500,10.733706,10.191294,10.598103,10.326897
2024-10-09,10.150000,2024-08-14,2024-06-30,-0.160000,-0.650000,-15.615385,-23.067367,5.032258,21.535725,18.264757,14.993789,11.722821,8.451853,,,,,,,,,,10.437500,10.885833,11.140417,11.521667,10.437500,10.727464,10.147536,10.582482,10.292518
2024-10-11,10.200000,2024-08-14,2024-06-30,-0.160000,-0.650000,-15.692308,-22.948136,5.036118,21.463242,18.189765,14.916289,11.642812,8.369335,,,,,,,,,,10.417500,10.862500,11.132917,11.513125,10.417500,10.715343,10.119657,10.566422,10.268578
2024-10-14,10.300000,2024-08-14,2024-06-30,-0.160000,-0.650000,-15.846154,-22.827935,5.032020,21.379784,18.108971,14.838158,11.567345,8.296532,,,,,,,,,,10.400000,10.841667,11.125417,11.505625,10.400000,10.680976,10.119024,10.540488,10.259512
2024-10-15,10.250000,2024-08-14,2024-06-30,-0.160000,-0.650000,-15.769231,-22.707093,5.025908,21.293292,18.026451,14.759611,11.492770,8.225930,,,,,,,,,,10.385000,10.820000,11.117500,11.498333,10.385000,10.664285,10.105715,10.524642,10.245358
2024-10-16,10.250000,2024-08-14,2024-06-30,-0.160000,-0.650000,-15.769231,-22.591882,5.025159,21.217430,17.951077,14.684723,11.418370,8.152017,,,,,,,,,,10.375000,10.797500,11.111667,11.491250,10.375000,10.658772,10.091228,10.516886,10.233114
2024-10-17,10.300000,2024-08-14,2024-06-30,-0.160000,-0.650000,-15.846154,-22.471681,5.012445,21.122771,17.864682,14.606593,11.348504,8.090415,,,,,,,,,,10.362500,10.775833,11.104167,11.484375,10.362500,10.635640,10.089360,10.499070,10.225930
2024-10-18,10.200000,2024-08-14,2024-06-30,-0.160000,-0.650000,-15.692308,-22.350198,4.998486,21.025661,17.776645,14.527629,11.278613,8.029597,,,,,,,,,,10.342500,10.751667,11.095833,11.476875,10.342500,10.600580,10.084420,10.471540,10.213460
2024-10-21,10.250000,2024-08-14,2024-06-30,-0.160000,-0.650000,-15.769231,-22.227104,4.976928,20.917624,17.682621,14.447618,11.212614,7.977611,,,,,,,,,,10.330000,10.729167,11.087083,11.469583,10.330000,10.580053,10.079947,10.455026,10.204974
2024-10-22,10.150000,2024-08-14,2024-06-30,-0.160000,-0.650000,-15.615385,-22.104980,4.957670,20.813208,17.590722,14.368237,11.145751,7.923266,,,,,,,,,,10.312500,10.708333,11.078333,11.461667,10.312500,10.561445,10.063555,10.436973,10.188027
2024-10-23,10.150000,2024-08-14,2024-06-30,-0.160000,-0.650000,-15.615385,-21.979477,4.929425,20.694913,17.490786,14.286660,11.082534,7.878408,,,,,,,,,,10.292500,10.687500,11.068333,11.453958,10.292500,10.524822,10.060178,10.408661,10.176339
2024-10-24,10.100000,2024-08-14,2024-06-30,-0.160000,-0.650000,-15.538462,-21.851082,4.894448,20.565986,17.384594,14.203203,11.021812,7.840420,,,,,,,,,,10.270000,10.667500,11.057083,11.446042,10.270000,10.483739,10.056261,10.376869,10.163131
2024-10-25,10.100000,2024-08-14,2024-06-30,-0.160000,-0.650000,-15.538462,-21.723812,4.857938,20.435797,17.278138,14.120478,10.962818,7.805158,,,,,,,,,,10.255000,10.647500,11.046250,11.438125,10.255000,10.472401,10.037599,10.363700,10.146300
2024-10-28,10.100000,2024-08-14,2024-06-30,-0.160000,-0.650000,-15.538462,-21.589786,4.804134,20.278734,17.156048,14.033361,10.910674,7.787987,,,,,,,,,,10.245000,10.628333,11.032917,11.430833,10.245000,10.471878,10.018122,10.358439,10.131561
2024-10-29,10.100000,2024-08-14,2024-06-30,-0.160000,-0.650000,-15.538462,-21.456886,4.748320,20.119792,17.033384,13.946976,10.860568,7.774160,,,,,,,,,,10.235000,10.609167,11.020000,11.423542,10.235000,10.469184,10.000816,10.352092,10.117908
2024-10-30,10.000000,2024-08-14,2024-06-30,-0.160000,-0.650000,-15.384615,-21.323829,4.692105,19.960226,16.910357,13.860489,10.810621,7.760753,,,,,,,,,,10.220000,10.588333,11.006667,11.415833,10.220000,10.474227,9.965773,10.347114,10.092886
2024-11-01,10.200000,2024-08-14,2024-06-30,-0.160000,-0.650000,-15.692308,-21.196716,4.635519,19.804040,16.790952,13.777865,10.764778,7.751691,,,,,,,,,,10.222500,10.571667,10.996250,11.408750,10.222500,10.474805,9.970195,10.348653,10.096347
2024-11-04,10.200000,2024-08-14,2024-06-30,-0.160000,-0.650000,-15.692308,-21.069602,4.574673,19.642316,16.668779,13.695241,10.721704,7.748167,,,,,,,,,,10.215000,10.567500,10.985833,11.400625,10.215000,10.460164,9.969836,10.337582,10.092418
2024-11-05,10.200000,2024-08-14,2024-06-30,-0.160000,-0.650000,-15.692308,-20.944741,4.514362,19.482752,16.548417,13.614081,10.679746,7.745411,,,,,,,,,,10.200000,10.562500,10.976250,11.392917,10.200000,10.405196,9.994804,10.302598,10.097402
2024-11-06,10.100000,2024-08-14,2024-06-30,-0.160000,-0.650000,-15.538462,-20.818597,4.451214,19.318666,16.425377,13.532088,10.638799,7.745510,,,,,,,,,,10.182500,10.550000,10.965833,11.385208,10.182500,10.355020,10.009980,10.268760,10.096240
2024-11-07,10.150000,2024-08-14,2024-06-30,-0.160000,-0.650000,-15.615385,-20.691969,4.380139,19.143960,16.296870,13.449780,10.602690,7.755599,,,,,,,,,,10.172500,10.538333,10.955417,11.377708,10.172500,10.326311,10.018689,10.249406,10.095594
2024-11-08,10.000000,2024-08-14,2024-06-30,-0.160000,-0.650000,-15.384615,-20.562291,4.303696,18.960294,16.162892,13.365489,10.568087,7.770684,,,,,,,,,,10.165000,10.522500,10.943333,11.369792,10.165000,10.336985,9.993015,10.250993,10.079007
2024-11-11,10.050000,2024-08-14,2024-06-30,-0.160000,-0.650000,-15.461538,-20.483710,4.310073,18.917506,16.115958,13.314411,10.512864,7.711317,,,,,,,,,,10.157500,10.508333,10.931667,11.362083,10.157500,10.336017,9.978983,10.246759,10.068241
2024-11-12,9.980000,2024-08-14,2024-06-30,-0.160000,-0.650000,-15.353846,-20.404231,4.316045,18.873608,16.068179,13.262750,10.457321,7.651892,,,,,,,,,,10.141500,10.492167,10.919417,11.354292,10.141500,10.323567,9.959433,10.232534,10.050466
2024-11-13,9.990000,2024-08-14,2024-06-30,-0.160000,-0.650000,-15.369231,-20.323069,4.318409,18.823926,16.016960,13.209995,10.403029,7.596063,,,,,,,,,,10.128500,10.477833,10.906417,11.346333,10.128500,10.315022,9.941978,10.221761,10.035239
2024-11-14,9.930000,2024-11-14,2024-09-30,-0.160000,-0.790000,-12.569620,-20.218576,4.353202,22.850734,19.411705,15.972675,12.533646,9.094617,,,,,,,,,,10.112500,10.460833,10.892917,11.337292,10.112500,10.309731,9.915269,10.211115,10.013885
2024-11-15,9.990000,2024-11-14,2024-09-30,-0.160000,-0.790000,-12.645570,-20.114717,4.384116,22.817529,19.354078,15.890626,12.427175,8.963723,,,,,,,,,,10.097000,10.445667,10.879917,11.328292,10.097000,10.280429,9.913571,10.188715,10.005285
2024-11-18,9.970000,2024-11-14,2024-09-30,-0.160000,-0.790000,-12.620253,-20.010647,4.412705,22.780484,19.294447,15.808411,12.322374,8.836337,,,,,,,,,,10.085500,10.430167,10.866750,11.319833,10.085500,10.270572,9.900428,10.178036,9.992964
2024-11-19,9.990000,2024-11-14,2024-09-30,-0.160000,-0.790000,-12.645570,-19.908599,4.440397,22.743620,19.235706,15.727793,12.219880,8.711966,,,,,,,,,,10.072500,10.407500,10.854583,11.310625,10.072500,10.245020,9.899980,10.158760,9.986240
2024-11-20,9.990000,2024-11-14,2024-09-30,-0.160000,-0.790000,-12.645570,-19.804739,4.463440,22.697980,19.171862,15.645744,12.119626,8.593508,,,,,,,,,,10.064500,10.389000,10.841583,11.302042,10.064500,10.236727,9.892273,10.150613,9.978387
2024-11-21,9.990000,2024-11-14,2024-09-30,-0.160000,-0.790000,-12.645570,-19.702692,4.486099,22.653162,19.109144,15.565126,12.021108,8.477091,,,,,,,,,,10.056500,10.370500,10.829417,11.293250,10.056500,10.226859,9.886141,10.141679,9.971321
2024-11-22,9.990000,2024-11-14,2024-09-30,-0.160000,-0.790000,-12.645570,-19.599738,4.505230,22.602056,19.042924,15.483793,11.924662,8.365530,,,,,,,,,,10.051000,10.351167,10.816833,11.284875,10.051000,10.222544,9.879456,10.136772,9.965228
2024-11-25,9.990000,2024-11-14,2024-09-30,-0.160000,-0.790000,-12.645570,-19.495879,4.520794,22.544598,18.973171,15.401744,11.830317,8.258890,,,,,,,,,,10.045500,10.331000,10.803833,11.276500,10.045500,10.217482,9.873518,10.131491,9.959509
2024-11-26,9.980000,2024-11-14,2024-09-30,-0.160000,-0.790000,-12.632911,-19.392820,4.535205,22.485951,18.903139,15.320327,11.737516,8.154704,,,,,,,,,,10.039500,10.311500,10.791167,11.267667,10.039500,10.211849,9.867151,10.125675,9.953325
2024-11-27,9.950000,2024-11-14,2024-09-30,-0.160000,-0.790000,-12.594937,-19.288538,4.546526,22.421456,18.829701,15.237945,11.646190,8.054434,,,,,,,,,,10.032000,10.294000,10.777833,11.258917,10.032000,10.206308,9.857692,10.119154,9.944846
2024-11-28,9.950000,2024-11-14,2024-09-30,-0.160000,-0.790000,-12.594937,-19.186974,4.558876,22.360734,18.759222,15.157710,11.556198,7.954686,,,,,,,,,,10.029500,10.274833,10.765750,11.250167,10.029500,10.207142,9.851858,10.118321,9.940679
2024-11-29,9.930000,2024-11-14,2024-09-30,-0.160000,-0.790000,-12.569620,-19.086105,4.570347,22.299171,18.688597,15.078023,11.467449,7.856875,,,,,,,,,,10.016000,10.256167,10.753917,11.241333,10.016000,10.179566,9.852434,10.097783,9.934217
2024-12-02,9.960000,2024-11-14,2024-09-30,-0.160000,-0.790000,-12.607595,-18.985553,4.579104,22.233570,18.616078,14.998586,11.381095,7.763603,,,,,,,,,,10.004000,10.239667,10.742333,11.232417,10.004000,10.144285,9.863715,10.074143,9.933857
2024-12-03,9.990000,2024-11-14,2024-09-30,-0.160000,-0.790000,-12.645570,-18.886222,4.586327,22.166513,18.543314,14.920115,11.296917,7.673718,,,,,,,,,,9.993500,10.223667,10.731417,11.223625,9.993500,10.099186,9.887814,10.046343,9.940657
2024-12-04,10.000000,2024-11-14,2024-09-30,-0.160000,-0.790000,-12.658228,-18.784280,4.587683,22.088120,18.463851,14.839581,11.215312,7.591042,,,,,,,,,,9.988500,10.214500,10.719333,11.214667,9.988500,10.081695,9.895305,10.035097,9.941903
2024-12-05,10.000000,2024-11-14,2024-09-30,-0.160000,-0.790000,-12.658228,-18.683243,4.587979,22.008769,18.384266,14.759762,11.135259,7.510755,,,,,,,,,,9.981000,10.205333,10.707667,11.205917,9.981000,10.035638,9.926362,10.008319,9.953681
2024-12-06,10.000000,2024-11-14,2024-09-30,-0.160000,-0.790000,-12.658228,-18.584018,4.588457,21.931137,18.306256,14.681375,11.056493,7.431612,,,,,,,,,,9.981000,10.194500,10.696833,11.197583,9.981000,10.035638,9.926362,10.008319,9.953681
2024-12-09,9.980000,2024-11-14,2024-09-30,-0.160000,-0.790000,-12.632911,-18.485488,4.588241,21.852957,18.228246,14.603536,10.978825,7.354115,,,,,,,,,,9.977500,10.184167,10.686250,11.189167,9.977500,10.021450,9.933550,9.999475,9.955525
2024-12-10,9.960000,2024-11-14,2024-09-30,-0.160000,-0.790000,-12.607595,-18.386747,4.586159,21.771661,18.148596,14.525530,10.902465,7.279399,,,,,,,,,,9.976500,10.172667,10.675500,11.180667,9.976500,10.021115,9.931885,9.998808,9.954192
2024-12-11,9.960000,2024-11-14,2024-09-30,-0.160000,-0.790000,-12.607595,-18.286195,4.579426,21.681587,18.063841,14.446094,10.828347,7.210600,,,,,,,,,,9.975000,10.162833,10.663917,11.172167,9.975000,10.019721,9.930279,9.997361,9.952639
2024-12-12,9.970000,2024-11-14,2024-09-30,-0.160000,-0.790000,-12.620253,-18.186653,4.571610,21.590599,17.979028,14.367456,10.755885,7.144313,,,,,,,,,,9.977000,10.154833,10.652833,11.164333,9.977000,10.016523,9.937477,9.996762,9.957238
2024-12-13,9.950000,2024-11-14,2024-09-30,-0.160000,-0.790000,-12.594937,-18.085995,4.560537,21.493584,17.890760,14.287936,10.685112,7.082288,,,,,,,,,,9.975000,10.144833,10.641167,11.155792,9.975000,10.015782,9.934218,9.995391,9.954609
2024-12-16,9.920000,2024-11-14,2024-09-30,-0.160000,-0.790000,-12.556962,-17.985926,4.548903,21.396148,17.802515,14.208882,10.615249,7.021616,,,,,,,,,,9.972500,10.133500,10.629667,11.147125,9.972500,10.020128,9.924872,9.996314,9.948686
2024-12-17,9.930000,2024-11-14,2024-09-30,-0.160000,-0.790000,-12.569620,-17.885057,4.533531,21.292174,17.710685,14.129195,10.547706,6.966216,,,,,,,,,,9.969500,10.124000,10.617833,11.138708,9.969500,10.019961,9.919039,9.994731,9.944269
2024-12-18,9.880000,2024-11-14,2024-09-30,-0.160000,-0.790000,-12.506329,-17.784566,4.517836,21.187988,17.618898,14.049807,10.480717,6.911627,,,,,,,,,,9.964000,10.113667,10.606000,11.130083,9.964000,10.027379,9.900621,9.995689,9.932311
2024-12-19,9.830000,2024-11-14,2024-09-30,-0.160000,-0.790000,-12.443038,-17.682642,4.499031,21.077756,17.523522,13.969288,10.415053,6.860819,,,,,,,,,,9.956000,10.101667,10.593333,11.121458,9.956000,10.041938,9.870062,9.998969,9.913031
2024-12-20,9.790000,2024-11-14,2024-09-30,-0.160000,-0.790000,-12.392405,-17.580297,4.478299,20.964146,17.426290,13.888434,10.350578,6.812723,,,,,,,,,,9.946000,10.089000,10.580333,11.112667,9.946000,10.057902,9.834098,10.001951,9.890049
2024-12-23,9.830000,2024-11-14,2024-09-30,-0.160000,-0.790000,-12.443038,-17.479278,4.456080,20.849237,17.328933,13.808630,10.288327,6.768023,,,,,,,,,,9.938000,10.079500,10.568083,11.103833,9.938000,10.059152,9.816848,9.998576,9.877424
2024-12-24,9.840000,2024-11-14,2024-09-30,-0.160000,-0.790000,-12.455696,-17.377460,4.429818,20.727306,17.227750,13.728193,10.228637,6.729081,,,,,,,,,,9.931000,10.071833,10.555500,11.094625,9.931000,10.057973,9.804027,9.994486,9.867514
2024-12-25,9.840000,2024-11-14,2024-09-30,-0.160000,-0.790000,-12.455696,-17.274736,4.399477,20.598215,17.122628,13.647041,10.171454,6.695868,,,,,,,,,,9.925500,10.064167,10.542500,11.085417,9.925500,10.058399,9.792601,9.991949,9.859051
2024-12-26,9.850000,2024-11-14,2024-09-30,-0.160000,-0.790000,-12.468354,-17.174834,4.371045,20.474370,17.021245,13.568119,10.114994,6.661868,,,,,,,,,,9.920500,10.056667,10.530833,11.076458,9.920500,10.056994,9.784006,9.988747,9.852253
2024-12-27,9.850000,2024-11-14,2024-09-30,-0.160000,-0.790000,-12.468354,-17.073121,4.336954,20.340153,16.913960,13.487766,10.061572,6.635378,,,,,,,,,,9.916500,10.051667,10.518333,11.067708,9.916500,10.056466,9.776534,9.986483,9.846517
2024-12-30,9.820000,2024-11-14,2024-09-30,-0.160000,-0.790000,-12.430380,-16.970186,4.298855,20.198638,16.802543,13.406447,10.010351,6.614256,,,,,,,,,,9.909500,10.042833,10.505167,11.058625,9.909500,10.054228,9.764772,9.981864,9.837136
2024-12-31,9.770000,2024-11-14,2024-09-30,-0.160000,-0.790000,-12.367089,-16.864006,4.253263,20.042720,16.682642,13.322565,9.962487,6.602410,,,,,,,,,,9.898500,10.030667,10.490333,11.049750,9.898500,10.050715,9.746285,9.974608,9.822392
2025-01-02,9.660000,2024-11-14,2024-09-30,-0.160000,-0.790000,-12.227848,-16.754854,4.202037,19.875553,16.555944,13.236335,9.916726,6.597117,,,,,,,,,,9.881500,10.017500,10.473750,11.040417,9.881500,10.059710,9.703290,9.970605,9.792395
2025-01-03,9.510000,2024-11-14,2024-09-30,-0.160000,-0.790000,-12.037975,-16.645931,4.152791,19.711695,16.430991,13.150286,9.869581,6.588876,,,,,,,,,,9.857000,10.003500,10.456750,11.030458,9.857000,10.092224,9.621776,9.974612,9.739388
2025-01-06,9.550000,2024-11-14,2024-09-30,-0.160000,-0.790000,-12.088608,-16.536525,4.097650,19.538142,16.300998,13.063855,9.826711,6.589567,,,,,,,,,,9.834500,9.993500,10.439667,11.017125,9.834500,10.096675,9.572325,9.965588,9.703412
2025-01-07,9.480000,2024-11-14,2024-09-30,-0.160000,-0.790000,-12.000000,-16.426380,4.039578,19.359373,16.168107,12.976840,9.785574,6.594307,,,,,,,,,,9.809500,9.981500,10.422000,11.005583,9.809500,10.106324,9.512676,9.957912,9.661088
2025-01-08,9.480000,2024-11-14,2024-09-30,-0.160000,-0.790000,-12.000000,-16.317141,3.979615,19.178333,16.034437,12.890541,9.746645,6.602750,,,,,,,,,,9.785500,9.967833,10.404750,10.994042,9.785500,10.107629,9.463371,9.946565,9.624435
2025-01-09,9.360000,2024-11-14,2024-09-30,-0.160000,-0.790000,-11.848101,-16.206636,3.917059,18.992195,15.897719,12.803242,9.708766,6.614290,,,,,,,,,,9.755500,9.953000,10.386500,10.981167,9.755500,10.118382,9.392618,9.936941,9.574059
2025-01-10,8.840000,2024-11-14,2024-09-30,-0.160000,-0.790000,-11.189873,-16.089740,3.854707,18.801331,15.756113,12.710894,9.665676,6.620458,,,,,,,,,,9.699000,9.929500,10.363500,10.966542,9.699000,10.232860,9.165140,9.965930,9.432070
2025-01-13,8.510000,2024-11-14,2024-09-30,-0.160000,-0.790000,-10.772152,-15.969363,3.792315,18.607654,15.611725,12.615797,9.619868,6.623939,,,,,,,,,,9.627000,9.899667,10.337750,10.950958,9.627000,10.366960,8.887040,9.996980,9.257020
2025-01-14,8.640000,2024-11-14,2024-09-30,-0.160000,-0.790000,-10.936709,-15.849451,3.720792,18.399917,15.460492,12.521067,9.581641,6.642216,,,,,,,,,,9.563000,9.873667,10.312667,10.937375,9.563000,10.409941,8.716059,9.986471,9.139529
2025-01-15,8.680000,2024-11-14,2024-09-30,-0.160000,-0.790000,-10.987342,-15.730868,3.645724,18.187629,15.307507,12.427385,9.547264,6.667142,,,,,,,,,,9.500500,9.847500,10.288333,10.923542,9.500500,10.415187,8.585813,9.957843,9.043157
2025-01-16,8.740000,2024-11-14,2024-09-30,-0.160000,-0.790000,-11.063291,-15.616540,3.573888,17.983810,15.160438,12.337067,9.513695,6.690323,,,,,,,,,,9.443500,9.824000,10.266167,10.910375,9.443500,10.399749,8.487251,9.921624,8.965376
2025-01-17,8.750000,2024-11-14,2024-09-30,-0.160000,-0.790000,-11.075949,-15.502318,3.496677,17.771581,15.009206,12.246831,9.484456,6.722082,,,,,,,,,,9.389500,9.800667,10.244083,10.896833,9.389500,10.375368,8.403632,9.882434,8.896566
2025-01-20,8.800000,2024-11-14,2024-09-30,-0.160000,-0.790000,-11.139241,-15.390435,3.418169,17.559150,14.858797,12.158443,9.458090,6.757737,,,,,,,,,,9.340000,9.779000,10.223250,10.883500,9.340000,10.340505,8.339495,9.840253,8.839747
2025-01-21,8.810000,2024-11-14,2024-09-30,-0.160000,-0.790000,-11.151899,-15.278657,3.333898,17.337699,14.703919,12.070139,9.436359,6.802579,,,,,,,,,,9.289000,9.757500,10.202500,10.870000,9.289000,10.288324,8.289676,9.788662,8.789338
2025-01-22,8.920000,2024-11-14,2024-09-30,-0.160000,-0.790000,-11.291139,-15.168945,3.244767,17.110199,14.546833,11.983467,9.420101,6.856735,,,,,,,,,,9.243000,9.737833,10.183083,10.856958,9.243000,10.219979,8.266021,9.731490,8.754510
2025-02-03,8.750000,2024-11-14,2024-09-30,-0.160000,-0.790000,-11.075949,-15.057441,3.151490,16.874732,14.385055,11.895378,9.405701,6.916024,,,,,,,,,,9.188500,9.715333,10.162250,10.843208,9.188500,10.146684,8.230316,9.667592,8.709408
2025-02-04,8.850000,2024-11-14,2024-09-30,-0.160000,-0.790000,-11.202532,-14.946991,3.049933,16.627016,14.217569,11.808123,9.398676,6.989229,,,,,,,,,,9.138500,9.696167,10.142250,10.830292,9.138500,10.054792,8.222208,9.596646,8.680354
2025-02-05,8.930000,2024-11-14,2024-09-30,-0.160000,-0.790000,-11.303797,-14.838291,2.942628,16.371601,14.046925,11.722250,9.397574,7.072898,,,,,,,,,,9.092500,9.675000,10.123333,10.817083,9.092500,9.948805,8.236195,9.520652,8.664348
2025-02-06,9.020000,2024-11-14,2024-09-30,-0.160000,-0.790000,-11.417722,-14.744127,2.868232,16.179667,13.913763,11.647860,9.381957,7.116053,,,,,,,,,,9.052500,9.655333,10.111417,10.804250,9.052500,9.837487,8.267513,9.444994,8.660006
2025-02-07,9.050000,2024-11-14,2024-09-30,-0.160000,-0.790000,-11.455696,-14.649373,2.785621,15.974285,13.773645,11.573005,9.372365,7.171724,,,,,,,,,,9.016500,9.636167,10.099333,10.791750,9.016500,9.725280,8.307720,9.370890,8.662110
2025-02-10,8.990000,2024-11-14,2024-09-30,-0.160000,-0.790000,-11.379747,-14.547647,2.677278,15.722740,13.607691,11.492641,9.377591,7.262541,,,,,,,,,,8.983000,9.617667,10.083833,10.779208,8.983000,9.623792,8.342208,9.303396,8.662604
2025-02-11,8.990000,2024-11-14,2024-09-30,-0.160000,-0.790000,-11.379747,-14.445920,2.560290,15.457535,13.434906,11.412277,9.389648,7.367019,,,,,,,,,,8.957000,9.598333,10.068333,10.766458,8.957000,9.548024,8.365976,9.252512,8.661488
2025-02-12,8.910000,2024-11-14,2024-09-30,-0.160000,-0.790000,-11.278481,-14.341538,2.427434,15.165161,13.247488,11.329815,9.412142,7.494468,,,,,,,,,,8.925000,9.580167,10.051333,10.753583,8.925000,9.445991,8.404009,9.185495,8.664505
2025-02-13,9.220000,2024-11-14,2024-09-30,-0.160000,-0.790000,-11.670886,-14.241331,2.281876,14.856016,13.053334,11.250652,9.447970,7.645287,,,,,,,,,,8.912000,9.566333,10.037333,10.742625,8.912000,9.385491,8.438509,9.148745,8.675255
2025-02-14,9.220000,2024-11-14,2024-09-30,-0.160000,-0.790000,-11.670886,-14.140219,2.117469,14.516373,12.843573,11.170773,9.497973,7.825173,,,,,,,,,,8.899000,9.553667,10.022917,10.731875,8.899000,9.317966,8.480034,9.108483,8.689517
2025-02-17,9.260000,2024-11-14,2024-09-30,-0.160000,-0.790000,-11.721519,-14.098796,2.115744,14.480924,12.809486,11.138049,9.466611,7.795174,,,,,,,,,,8.894000,9.541500,10.009667,10.720667,8.894000,9.291646,8.496354,9.092823,8.695177
2025-02-18,9.260000,2024-11-14,2024-09-30,-0.160000,-0.790000,-11.721519,-14.056091,2.111539,14.440542,12.772427,11.104312,9.436196,7.768081,,,,,,,,,,8.915000,9.530333,9.995583,10.709250,8.915000,9.343780,8.486220,9.129390,8.700610
2025-02-19,9.360000,2024-11-14,2024-09-30,-0.160000,-0.790000,-11.848101,-14.015081,2.106184,14.399684,12.735799,11.071914,9.408029,7.744144,,,,,,,,,,8.957500,9.519833,9.982750,10.698042,8.957500,9.385758,8.529242,9.171629,8.743371
2025-02-20,9.360000,2024-11-14,2024-09-30,-0.160000,-0.790000,-11.848101,-13.974072,2.100007,14.357528,12.698523,11.039517,9.380511,7.721505,,,,,,,,,,8.993500,9.509667,9.969917,10.687042,8.993500,9.430344,8.556656,9.211922,8.775078
2025-02-21,9.380000,2024-11-14,2024-09-30,-0.160000,-0.790000,-11.873418,-13.927504,2.083920,14.295321,12.649025,11.002728,9.356432,7.710135,,,,,,,,,,9.028500,9.499500,9.953500,10.675917,9.028500,9.471707,8.585293,9.250104,8.806896
2025-02-24,9.360000,2024-11-14,2024-09-30,-0.160000,-0.790000,-11.848101,-13.883931,2.072146,14.242296,12.605301,10.968305,9.331310,7.694314,,,,,,,,,,9.059500,9.489000,9.939000,10.664708,9.059500,9.504471,8.614529,9.281985,8.837015
2025-02-25,9.370000,2024-11-14,2024-09-30,-0.160000,-0.790000,-11.860759,-13.840463,2.059274,14.187618,12.560792,10.933965,9.307139,7.680313,,,,,,,,,,9.090500,9.478667,9.924583,10.653750,9.090500,9.531049,8.649951,9.310774,8.870226
2025-02-26,9.410000,2024-11-14,2024-09-30,-0.160000,-0.790000,-11.911392,-13.796775,2.043942,14.128881,12.514167,10.899453,9.284738,7.670024,,,,,,,,,,9.121000,9.469000,9.910083,10.643167,9.121000,9.561330,8.680670,9.341165,8.900835
2025-02-27,9.380000,2024-11-14,2024-09-30,-0.160000,-0.790000,-11.873418,-13.752131,2.026741,14.066434,12.465309,10.864183,9.263058,7.661932,,,,,,,,,,9.149500,9.458833,9.894917,10.632667,9.149500,9.578721,8.720279,9.364110,8.934890
2025-03-03,9.230000,2024-11-14,2024-09-30,-0.160000,-0.790000,-11.683544,-13.706545,2.011045,14.005622,12.416896,10.828171,9.239445,7.650719,,,,,,,,,,9.165000,9.446333,9.878917,10.621333,9.165000,9.581527,8.748473,9.373263,8.956737
2025-03-04,9.220000,2024-11-14,2024-09-30,-0.160000,-0.790000,-11.670886,-13.662777,1.997561,13.949740,12.371667,10.793594,9.215520,7.637447,,,,,,,,,,9.188500,9.434167,9.864083,10.609750,9.188500,9.556669,8.820331,9.372585,9.004415
2025-03-05,9.260000,2024-11-14,2024-09-30,-0.160000,-0.790000,-11.721519,-13.618148,1.980393,13.887359,12.322848,10.758337,9.193826,7.629316,,,,,,,,,,9.209000,9.422667,9.848750,10.598333,9.209000,9.541765,8.876235,9.375383,9.042617
2025-03-06,9.260000,2024-11-14,2024-09-30,-0.160000,-0.790000,-11.721519,-13.574161,1.963193,13.825432,12.274510,10.723587,9.172665,7.621742,,,,,,,,,,9.225500,9.411500,9.833833,10.587333,9.225500,9.531680,8.919320,9.378590,9.072410
2025-03-07,9.230000,2024-11-14,2024-09-30,-0.160000,-0.790000,-11.683544,-13.531139,1.947391,13.766478,12.228039,10.689600,9.151161,7.612722,,,,,,,,,,9.236000,9.399333,9.819500,10.576625,9.236000,9.526510,8.945490,9.381255,9.090745
2025-03-10,9.190000,2024-11-14,2024-09-30,-0.160000,-0.790000,-11.632911,-13.487696,1.930896,13.706096,12.180688,10.655279,9.129871,7.604463,,,,,,,,,,9.243000,9.386000,9.804833,10.565750,9.243000,9.521122,8.964878,9.382061,9.103939
2025-03-11,9.280000,2024-11-14,2024-09-30,-0.160000,-0.790000,-11.746835,-13.450329,1.920726,13.660508,12.143134,10.625760,9.108387,7.591013,,,,,,,,,,9.257500,9.374000,9.794250,10.555042,9.257500,9.509053,9.005947,9.383277,9.131723
2025-03-12,9.270000,2024-11-14,2024-09-30,-0.160000,-0.790000,-11.734177,-13.412858,1.909858,13.613733,12.104946,10.596158,9.087370,7.578582,,,,,,,,,,9.271500,9.361833,9.783583,10.544917,9.271500,9.489266,9.053734,9.380383,9.162617
2025-03-13,9.150000,2024-11-14,2024-09-30,-0.160000,-0.790000,-11.582278,-13.372838,1.897337,13.562335,12.063439,10.564542,9.065646,7.566749,,,,,,,,,,9.283500,9.347667,9.771083,10.534083,9.283500,9.433205,9.133795,9.358352,9.208648
2025-03-14,9.220000,2024-11-14,2024-09-30,-0.160000,-0.790000,-11.670886,-13.334198,1.884236,13.511109,12.022563,10.534017,9.045470,7.556924,,,,,,,,,,9.283500,9.335000,9.759583,10.524583,9.283500,9.433205,9.133795,9.358352,9.208648
2025-03-17,9.340000,2024-11-14,2024-09-30,-0.160000,-0.790000,-11.822785,-13.296183,1.868125,13.455621,11.979803,10.503985,9.028166,7.552348,,,,,,,,,,9.289500,9.324667,9.748667,10.516208,9.289500,9.438104,9.140896,9.363802,9.215198
2025-03-18,9.400000,2024-11-14,2024-09-30,-0.160000,-0.790000,-11.898734,-13.260083,1.852733,13.402783,11.939124,10.475465,9.011807,7.548148,,,,,,,,,,9.296500,9.315333,9.739083,10.508083,9.296500,9.452270,9.140730,9.374385,9.218615
2025-03-19,9.430000,2024-11-14,2024-09-30,-0.160000,-0.790000,-11.936709,-13.225581,1.838330,13.352770,11.900490,10.448209,8.995928,7.543648,,,,,,,,,,9.305000,9.306333,9.730583,10.500292,9.305000,9.470625,9.139375,9.387812,9.222188
2025-03-20,9.460000,2024-11-14,2024-09-30,-0.160000,-0.790000,-11.974684,-13.190114,1.820837,13.297112,11.858651,10.420190,8.981729,7.543268,,,,,,,,,,9.310000,9.298167,9.721500,10.492625,9.310000,9.488178,9.131822,9.399089,9.220911
2025-03-21,9.410000,2024-11-14,2024-09-30,-0.160000,-0.790000,-11.911392,-13.153478,1.801710,13.237949,11.814598,10.391247,8.967897,7.544546,,,,,,,,,,9.312500,9.289667,9.711583,10.484750,9.312500,9.494983,9.130017,9.403741,9.221259
2025-03-24,9.450000,2024-11-14,2024-09-30,-0.160000,-0.790000,-11.962025,-13.118546,1.783594,13.181730,11.772691,10.363651,8.954612,7.545573,,,,,,,,,,9.316000,9.281667,9.702833,10.476833,9.316000,9.506445,9.125555,9.411223,9.220777
2025-03-25,9.450000,2024-11-14,2024-09-30,-0.160000,-0.790000,-11.962025,-13.083614,1.764595,13.124116,11.730085,10.336055,8.942025,7.547994,,,,,,,,,,9.320500,9.274500,9.694083,10.468708,9.320500,9.519389,9.121611,9.419945,9.221055
2025-03-26,9.350000,2024-11-14,2024-09-30,-0.160000,-0.790000,-11.835443,-13.046986,1.744220,13.062987,11.685053,10.307119,8.929185,7.551251,,,,,,,,,,9.319500,9.266500,9.684083,10.459958,9.319500,9.517540,9.121460,9.418520,9.220480
2025-03-27,9.400000,2024-11-14,2024-09-30,-0.160000,-0.790000,-11.898734,-13.010886,1.722466,13.000096,11.639348,10.278600,8.917852,7.557104,,,,,,,,,,9.319000,9.260000,9.674500,10.451000,9.319000,9.516127,9.121873,9.417563,9.220437
2025-03-28,9.210000,2024-11-14,2024-09-30,-0.160000,-0.790000,-11.658228,-12.974705,1.704659,12.943378,11.596697,10.250017,8.903336,7.556656,,,,,,,,,,9.310500,9.249667,9.664583,10.442083,9.310500,9.511180,9.109820,9.410840,9.210160
2025-03-31,8.870000,2025-03-31,2024-12-31,-0.470000,-0.810000,-10.950617,-12.933909,1.693908,13.220597,11.848531,10.476466,9.104400,7.732335,,,,,,,,,,9.292500,9.233500,9.652667,10.431333,9.292500,9.572491,9.012509,9.432495,9.152505
2025-04-01,9.050000,2025-03-31,2024-12-31,-0.470000,-0.810000,-11.172840,-12.894964,1.680055,13.166611,11.805766,10.444921,9.084076,7.723231,,,,,,,,,,9.284000,9.220333,9.642250,10.421542,9.284000,9.582938,8.985062,9.433469,9.134531
2025-04-02,9.100000,2025-03-31,2024-12-31,-0.470000,-0.810000,-11.234568,-12.856534,1.664655,13.110533,11.762163,10.413793,9.065423,7.717052,,,,,,,,,,9.276000,9.207833,9.632250,10.412167,9.276000,9.586002,8.965998,9.431001,9.120999
2025-04-07,8.190000,2025-03-31,2024-12-31,-0.470000,-0.810000,-10.111111,-12.810665,1.663831,13.072045,11.724342,10.376639,9.028936,7.681233,,,,,,,,,,9.222500,9.180167,9.615917,10.398792,9.222500,9.798946,8.646054,9.510723,8.934277
2025-04-08,7.840000,2025-03-31,2024-12-31,-0.470000,-0.810000,-9.679012,-12.758632,1.663313,13.029059,11.681775,10.334492,8.987208,7.639924,,,,,,,,,,9.153000,9.147167,9.595000,10.383542,9.153000,9.998175,8.307825,9.575587,8.730413
2025-04-09,7.160000,2025-03-31,2024-12-31,-0.470000,-0.810000,-8.839506,-12.697679,1.671846,12.993509,11.639315,10.285120,8.930925,7.576730,,,,,,,,,,9.051500,9.103667,9.567167,10.365875,9.051500,10.279048,7.823952,9.665274,8.437726
2025-04-10,7.710000,2025-03-31,2024-12-31,-0.470000,-0.810000,-9.518519,-12.643025,1.667641,12.942430,11.591640,10.240851,8.890061,7.539271,,,,,,,,,,8.973000,9.071167,9.544333,10.351125,8.973000,10.332707,7.613293,9.652854,8.293146
2025-04-11,7.450000,2025-03-31,2024-12-31,-0.470000,-0.810000,-9.197531,-12.586979,1.669494,12.900034,11.547743,10.195453,8.843163,7.490872,,,,,,,,,,8.882000,9.036833,9.520167,10.335083,8.882000,10.393188,7.370812,9.637594,8.126406
2025-04-14,7.480000,2025-03-31,2024-12-31,-0.470000,-0.810000,-9.234568,-12.533806,1.673838,12.864000,11.508191,10.152383,8.796574,7.440765,,,,,,,,,,8.798500,9.002333,9.497917,10.319167,8.798500,10.427310,7.169690,9.612905,7.984095
2025-04-15,7.900000,2025-03-31,2024-12-31,-0.470000,-0.810000,-9.753086,-12.484312,1.667456,12.813571,11.462932,10.112293,8.761654,7.411015,,,,,,,,,,8.732500,8.976000,9.478750,10.305833,8.732500,10.396001,7.068999,9.564251,7.900749
2025-04-16,7.760000,2025-03-31,2024-12-31,-0.470000,-0.810000,-9.580247,-12.432096,1.659384,12.758200,11.414099,10.069998,8.725897,7.381796,,,,,,,,,,8.653500,8.947333,9.457583,10.291500,8.653500,10.345354,6.961646,9.499427,7.807573
2025-04-17,7.810000,2025-03-31,2024-12-31,-0.470000,-0.810000,-9.641975,-12.381036,1.650079,12.701767,11.365203,10.028639,8.692075,7.355511,,,,,,,,,,8.574000,8.921500,9.437250,10.277375,8.574000,10.267584,6.880416,9.420792,7.727208
2025-04-18,7.870000,2025-03-31,2024-12-31,-0.470000,-0.810000,-9.716049,-12.330593,1.638111,12.641519,11.314650,9.987780,8.660910,7.334041,,,,,,,,,,8.496000,8.905333,9.417417,10.264542,8.496000,10.167135,6.824865,9.331567,7.660433
2025-04-21,7.800000,2025-03-31,2024-12-31,-0.470000,-0.810000,-9.629630,-12.278788,1.624237,12.577082,11.261450,9.945818,8.630186,7.314554,,,,,,,,,,8.413000,8.893500,9.396583,10.250375,8.413000,10.047021,6.778979,9.230011,7.595989
2025-04-22,7.770000,2025-03-31,2024-12-31,-0.470000,-0.810000,-9.592593,-12.227957,1.611912,12.515942,11.210294,9.904645,8.598997,7.293349,,,,,,,,,,8.331000,8.879000,9.376333,10.236083,8.331000,9.918290,6.743710,9.124645,7.537355
2025-04-23,7.860000,2025-03-31,2024-12-31,-0.470000,-0.810000,-9.703704,-12.177411,1.594943,12.447511,11.155607,9.863703,8.571799,7.279895,,,,,,,,,,8.251500,8.865333,9.356417,10.221750,8.251500,9.760132,6.742868,9.005816,7.497184
2025-04-24,7.810000,2025-03-31,2024-12-31,-0.470000,-0.810000,-9.641975,-12.127633,1.579886,12.382799,11.103091,9.823383,8.543675,7.263966,,,,,,,,,,8.169500,8.849833,9.336917,10.207625,8.169500,9.578859,6.760141,8.874180,7.464820
2025-04-25,7.830000,2025-03-31,2024-12-31,-0.470000,-0.810000,-9.666667,-12.078060,1.562765,12.314908,11.049068,9.783229,8.517389,7.251549,,,,,,,,,,8.093500,8.834500,9.317583,10.192958,8.093500,9.394597,6.792403,8.744049,7.442951
2025-04-28,7.840000,2025-03-31,2024-12-31,-0.470000,-0.810000,-9.679012,-12.029231,1.545177,12.246863,10.995270,9.743677,8.492084,7.240491,,,,,,,,,,8.015500,8.818500,9.298750,10.177917,8.015500,9.165026,6.865974,8.590263,7.440737
2025-04-29,7.900000,2025-03-31,2024-12-31,-0.470000,-0.810000,-9.753086,-11.981020,1.524886,12.174942,10.939784,9.704626,8.469468,7.234310,,,,,,,,,,7.950000,8.803333,9.280417,10.163333,7.950000,8.952880,6.947120,8.451440,7.448560
2025-04-30,7.910000,2025-03-31,2024-12-31,-0.470000,-0.810000,-9.765432,-11.932911,1.502613,12.099892,10.882775,9.665658,8.448541,7.231424,,,,,,,,,,7.902000,8.786500,9.262167,10.147542,7.902000,8.806552,6.997448,8.354276,7.449724
2025-05-02,8.090000,2025-03-31,2024-12-31,-0.470000,-0.810000,-9.987654,-11.886655,1.475888,12.019128,10.823659,9.628190,8.432721,7.237252,,,,,,,,,,7.854000,8.775500,9.245417,10.132708,7.854000,8.587826,7.120174,8.220913,7.487087
2025-05-05,8.080000,2025-03-31,2024-12-31,-0.470000,-0.810000,-9.975309,-11.841577,1.450543,11.941556,10.766617,9.591677,8.416738,7.241798,,,,,,,,,,7.803000,8.762667,9.229417,10.118042,7.803000,8.262844,7.343156,8.032922,7.573078
2025-05-06,8.080000,2025-03-31,2024-12-31,-0.470000,-0.810000,-9.975309,-11.793935,1.416491,11.847803,10.700446,9.553088,8.405730,7.258372,,,,,,,,,,7.797500,8.748500,9.211750,10.104000,7.797500,8.240165,7.354835,8.018833,7.576167
2025-05-07,8.140000,2025-03-31,2024-12-31,-0.470000,-0.810000,-10.049383,-11.746911,1.379161,11.749238,10.632118,9.514998,8.397878,7.280758,,,,,,,,,,7.812500,8.733833,9.194583,10.090208,7.812500,8.280817,7.344183,8.046659,7.578341
2025-05-08,8.160000,2025-03-31,2024-12-31,-0.470000,-0.810000,-10.074074,-11.700092,1.338873,11.646050,10.561562,9.477075,8.392587,7.308100,,,,,,,,,,7.862500,8.719000,9.177583,10.076917,7.862500,8.242742,7.482258,8.052621,7.672379
2025-05-09,8.170000,2025-03-31,2024-12-31,-0.470000,-0.810000,-10.086420,-11.654659,1.299452,11.545385,10.492829,9.440274,8.387718,7.335162,,,,,,,,,,7.885500,8.705333,9.161500,10.063667,7.885500,8.282196,7.488804,8.083848,7.687152
2025-05-12,8.190000,2025-03-31,2024-12-31,-0.470000,-0.810000,-10.111111,-11.608790,1.254850,11.435976,10.419548,9.403120,8.386691,7.370263,,,,,,,,,,7.922500,8.692000,9.145167,10.050292,7.922500,8.284708,7.560292,8.103604,7.741396
2025-05-13,8.130000,2025-03-31,2024-12-31,-0.470000,-0.810000,-10.037037,-11.564227,1.213919,11.333572,10.350298,9.367024,8.383749,7.400475,,,,,,,,,,7.955000,8.679000,9.129583,10.036458,7.955000,8.262554,7.647446,8.108777,7.801223
2025-05-14,8.180000,2025-03-31,2024-12-31,-0.470000,-0.810000,-10.098765,-11.519537,1.167045,11.221437,10.276131,9.330825,8.385519,7.440212,,,,,,,,,,7.969000,8.661667,9.114000,10.022833,7.969000,8.291157,7.646843,8.130079,7.807921
2025-05-15,8.050000,2025-05-15,2025-03-31,-0.060000,-0.850000,-9.470588,-11.470510,1.127521,11.666718,10.708326,9.749933,8.791541,7.833148,,,,,,,,,,7.983500,8.642167,9.097917,10.008667,7.983500,8.291859,7.675141,8.137679,7.829321
2025-05-16,8.060000,2025-05-15,2025-03-31,-0.060000,-0.850000,-9.482353,-11.421452,1.083680,11.550490,10.629362,9.708235,8.787107,7.865979,,,,,,,,,,7.996000,8.622167,9.081833,9.994125,7.996000,8.294868,7.697132,8.145434,7.846566
2025-05-19,8.040000,2025-05-15,2025-03-31,-0.060000,-0.850000,-9.458824,-11.395529,1.093149,11.544553,10.615376,9.686200,8.757023,7.827847,,,,,,,,,,8.004500,8.601833,9.066083,9.979500,8.004500,8.297899,7.711101,8.151200,7.857800
2025-05-20,8.070000,2025-05-15,2025-03-31,-0.060000,-0.850000,-9.494118,-11.369267,1.100695,11.535058,10.599468,9.663877,8.728286,7.792696,,,,,,,,,,8.018000,8.580333,9.050083,9.965000,8.018000,8.296235,7.739765,8.157118,7.878882
2025-05-21,8.090000,2025-05-15,2025-03-31,-0.060000,-0.850000,-9.517647,-11.343412,1.107481,11.524618,10.583259,9.641900,8.700541,7.759182,,,,,,,,,,8.034000,8.559167,9.034417,9.950583,8.034000,8.287929,7.780071,8.160965,7.907035
2025-05-22,8.060000,2025-05-15,2025-03-31,-0.060000,-0.850000,-9.482353,-11.317052,1.113854,11.513046,10.566270,9.619494,8.672718,7.725942,,,,,,,,,,8.044000,8.537167,9.018333,9.936458,8.044000,8.284473,7.803527,8.164237,7.923763
2025-05-23,8.070000,2025-05-15,2025-03-31,-0.060000,-0.850000,-9.494118,-11.290790,1.119406,11.500161,10.548666,9.597171,8.645677,7.694182,,,,,,,,,,8.057000,8.515667,9.002333,9.921958,8.057000,8.270847,7.843153,8.163923,7.950077
2025-05-26,8.140000,2025-05-15,2025-03-31,-0.060000,-0.850000,-9.576471,-11.265214,1.123246,11.484950,10.530191,9.575432,8.620673,7.665913,,,,,,,,,,8.072500,8.495167,8.986917,9.908167,8.072500,8.260439,7.884561,8.166469,7.978531
2025-05-27,8.110000,2025-05-15,2025-03-31,-0.060000,-0.850000,-9.541176,-11.239344,1.126931,11.469225,10.511333,9.553442,8.595551,7.637660,,,,,,,,,,8.086000,8.473500,8.971250,9.894042,8.086000,8.239197,7.932803,8.162599,8.009401
2025-05-28,8.130000,2025-05-15,2025-03-31,-0.060000,-0.850000,-9.564706,-11.213670,1.129716,11.452136,10.491878,9.531620,8.571361,7.611103,,,,,,,,,,8.097500,8.452667,8.955750,9.879792,8.097500,8.224137,7.970863,8.160818,8.034182
2025-05-29,8.100000,2025-05-15,2025-03-31,-0.060000,-0.850000,-9.529412,-11.187808,1.132473,11.434840,10.472238,9.509636,8.547035,7.584433,,,,,,,,,,8.107000,8.433833,8.940083,9.865625,8.107000,8.197867,8.016133,8.152434,8.061566
2025-06-02,8.040000,2025-05-15,2025-03-31,-0.060000,-0.850000,-9.458824,-11.161673,1.135908,11.418467,10.452944,9.487422,8.521900,7.556378,,,,,,,,,,8.104500,8.414167,8.924167,9.851000,8.104500,8.199971,8.009029,8.152236,8.056764
2025-06-03,7.960000,2025-05-15,2025-03-31,-0.060000,-0.850000,-9.364706,-11.134755,1.139925,11.402415,10.433478,9.464542,8.495605,7.526668,,,,,,,,,,8.098500,8.392500,8.907583,9.836667,8.098500,8.213533,7.983467,8.156017,8.040983
2025-06-04,8.020000,2025-05-15,2025-03-31,-0.060000,-0.850000,-9.435294,-11.108635,1.142677,11.384891,10.413616,9.442340,8.471064,7.499789,,,,,,,,,,8.095500,8.371833,8.891667,9.822792,8.095500,8.215583,7.975417,8.155542,8.035458
2025-06-05,8.100000,2025-05-15,2025-03-31,-0.060000,-0.850000,-9.529412,-11.082984,1.143295,11.364138,10.392337,9.420536,8.448735,7.476935,,,,,,,,,,8.093500,8.353000,8.876167,9.809250,8.093500,8.211782,7.975218,8.152641,8.034359
2025-06-06,8.090000,2025-05-15,2025-03-31,-0.060000,-0.850000,-9.517647,-11.056918,1.143027,11.341526,10.369953,9.398380,8.426807,7.455234,,,,,,,,,,8.090000,8.334667,8.860333,9.795875,8.090000,8.204064,7.975936,8.147032,8.032968
2025-06-09,8.070000,2025-05-15,2025-03-31,-0.060000,-0.850000,-9.494118,-11.030550,1.142272,11.317830,10.346899,9.375968,8.405036,7.434105,,,,,,,,,,8.085000,8.314500,8.844250,9.781792,8.085000,8.192899,7.977101,8.138949,8.031051
2025-06-10,8.020000,2025-05-15,2025-03-31,-0.060000,-0.850000,-9.435294,-11.003692,1.141569,11.293806,10.323472,9.353139,8.382805,7.412471,,,,,,,,,,8.076500,8.293667,8.827750,9.767708,8.076500,8.176030,7.976970,8.126265,8.026735
2025-06-11,8.080000,2025-05-15,2025-03-31,-0.060000,-0.850000,-9.505882,-10.977423,1.139444,11.267864,10.299337,9.330809,8.362282,7.393755,,,,,,,,,,8.074000,8.275833,8.811750,9.754292,8.074000,8.170333,7.977667,8.122166,8.025834
2025-06-12,8.070000,2025-05-15,2025-03-31,-0.060000,-0.850000,-9.494118,-10.951266,1.137146,11.241725,10.275150,9.308576,8.342002,7.375428,,,,,,,,,,8.068500,8.256667,8.795833,9.741042,8.068500,8.150905,7.986095,8.109702,8.027298
2025-06-13,8.020000,2025-05-15,2025-03-31,-0.060000,-0.850000,-9.435294,-10.924830,1.135189,11.215928,10.251017,9.286106,8.321195,7.356284,,,,,,,,,,8.067000,8.234667,8.779667,9.727583,8.067000,8.151878,7.982122,8.109439,8.024561
2025-06-16,8.080000,2025-05-15,2025-03-31,-0.060000,-0.850000,-9.505882,-10.898983,1.131859,11.188296,10.226216,9.264135,8.302055,7.339975,,,,,,,,,,8.068000,8.212667,8.764000,9.713958,8.068000,8.153002,7.982998,8.110501,8.025499
2025-06-17,8.020000,2025-05-15,2025-03-31,-0.060000,-0.850000,-9.435294,-10.872441,1.128495,11.160016,10.200796,9.241575,8.282355,7.323134,,,,,,,,,,8.067000,8.189167,8.747750,9.700292,8.067000,8.153839,7.980161,8.110420,8.023580
2025-06-18,8.040000,2025-05-15,2025-03-31,-0.060000,-0.850000,-9.458824,-10.846307,1.124576,11.131141,10.175251,9.219361,8.263471,7.307582,,,,,,,,,,8.065500,8.165500,8.731833,9.686500,8.065500,8.153154,7.977846,8.109327,8.021673
2025-06-19,7.990000,2025-05-15,2025-03-31,-0.060000,-0.850000,-9.400000,-10.819999,1.121143,11.102942,10.149971,9.196999,8.244028,7.291057,,,,,,,,,,8.060500,8.141833,8.715750,9.672708,8.060500,8.153514,7.967486,8.107007,8.013993
2025-06-20,7.820000,2025-05-15,2025-03-31,-0.060000,-0.850000,-9.200000,-10.791919,1.119149,11.075685,10.124408,9.173131,8.221854,7.270577,,,,,,,,,,8.048500,8.114667,8.698167,9.658000,8.048500,8.190704,7.906296,8.119602,7.977398
2025-06-23,7.890000,2025-05-15,2025-03-31,-0.060000,-0.850000,-9.282353,-10.765053,1.116341,11.048075,10.099185,9.150295,8.201405,7.252515,,,,,,,,,,8.039500,8.088667,8.681583,9.643792,8.039500,8.197843,7.881157,8.118672,7.960328
2025-06-24,7.940000,2025-05-15,2025-03-31,-0.060000,-0.850000,-9.341176,-10.739204,1.113068,11.020539,10.074431,9.128323,8.182215,7.236108,,,,,,,,,,8.029500,8.065167,8.665833,9.629583,8.029500,8.186374,7.872626,8.107937,7.951063
2025-06-25,7.940000,2025-05-15,2025-03-31,-0.060000,-0.850000,-9.341176,-10.713777,1.109831,10.993423,10.050067,9.106710,8.163354,7.219997,,,,,,,,,,8.021000,8.040833,8.650417,9.615375,8.021000,8.177931,7.864069,8.099466,7.942534
2025-06-26,8.050000,2025-05-15,2025-03-31,-0.060000,-0.850000,-9.470588,-10.689006,1.104068,10.962570,10.024113,9.085655,8.147198,7.208740,,,,,,,,,,8.017000,8.021500,8.635583,9.601833,8.017000,8.166117,7.867883,8.091558,7.942442
2025-06-27,8.030000,2025-05-15,2025-03-31,-0.060000,-0.850000,-9.447059,-10.663934,1.097754,10.930527,9.997435,9.064344,8.131253,7.198162,,,,,,,,,,8.013500,8.007500,8.620500,9.588000,8.013500,8.157616,7.869384,8.085558,7.941442
2025-06-30,7.930000,2025-05-15,2025-03-31,-0.060000,-0.850000,-9.329412,-10.637882,1.091956,10.898525,9.970362,9.042200,8.114037,7.185875,,,,,,,,,,8.008000,7.988833,8.604583,9.573542,8.008000,8.156196,7.859804,8.082098,7.933902
2025-07-01,7.960000,2025-05-15,2025-03-31,-0.060000,-0.850000,-9.364706,-10.612018,1.084969,10.864663,9.942439,9.020216,8.097992,7.175768,,,,,,,,,,8.008000,7.969833,8.588833,9.559833,8.008000,8.156196,7.859804,8.082098,7.933902
2025-07-02,8.030000,2025-05-15,2025-03-31,-0.060000,-0.850000,-9.447059,-10.586841,1.076553,10.828954,9.913885,8.998815,8.083745,7.168675,,,,,,,,,,8.008500,7.967167,8.573667,9.546000,8.008500,8.156934,7.860066,8.082717,7.934283
2025-07-03,8.040000,2025-05-15,2025-03-31,-0.060000,-0.850000,-9.458824,-10.562078,1.067933,10.793252,9.885509,8.977766,8.070023,7.162281,,,,,,,,,,8.005500,7.970500,8.558833,9.532000,8.005500,8.148472,7.862528,8.076986,7.934014
2025-07-04,8.020000,2025-05-15,2025-03-31,-0.060000,-0.850000,-9.435294,-10.537646,1.059797,10.758653,9.857826,8.956999,8.056172,7.155345,,,,,,,,,,8.002000,7.984833,8.544250,9.517292,8.002000,8.139588,7.864412,8.070794,7.933206
2025-07-07,7.970000,2025-05-15,2025-03-31,-0.060000,-0.850000,-9.376471,-10.513885,1.053529,10.727801,9.832302,8.936802,8.041302,7.145803,,,,,,,,,,7.997000,7.989167,8.530167,9.501958,7.997000,8.131415,7.862585,8.064207,7.929793
2025-07-08,8.000000,2025-05-15,2025-03-31,-0.060000,-0.850000,-9.411765,-10.492000,1.048870,10.701278,9.809739,8.918200,8.026660,7.135121,,,,,,,,,,7.996000,7.998333,8.517583,9.487167,7.996000,8.129991,7.862009,8.062996,7.929004
2025-07-09,8.020000,2025-05-15,2025-03-31,-0.060000,-0.850000,-9.435294,-10.469889,1.042879,10.672300,9.785853,8.899405,8.012958,7.126511,,,,,,,,,,7.993000,8.007333,8.504833,9.472250,7.993000,8.121653,7.864347,8.057326,7.928674
2025-07-10,7.950000,2025-05-15,2025-03-31,-0.060000,-0.850000,-9.352941,-10.447830,1.038227,10.645642,9.763149,8.880655,7.998162,7.115669,,,,,,,,,,7.987000,8.008167,8.492083,9.457042,7.987000,8.111664,7.862336,8.049332,7.924668
2025-07-11,8.060000,2025-05-15,2025-03-31,-0.060000,-0.850000,-9.482353,-10.426850,1.032017,10.617251,9.740037,8.862822,7.985608,7.108393,,,,,,,,,,7.989000,8.013167,8.480250,9.442500,7.989000,8.117128,7.860872,8.053064,7.924936
2025-07-14,8.040000,2025-05-15,2025-03-31,-0.060000,-0.850000,-9.458824,-10.406939,1.027404,10.592485,9.719192,8.845898,7.972604,7.099311,,,,,,,,,,7.987000,8.017000,8.469250,9.427875,7.987000,8.110305,7.863695,8.048653,7.925347
2025-07-15,8.000000,2025-05-15,2025-03-31,-0.060000,-0.850000,-9.411765,-10.392121,1.028839,10.582329,9.707816,8.833303,7.958790,7.084277,,,,,,,,,,7.986000,8.019167,8.462250,9.412875,7.986000,8.108500,7.863500,8.047250,7.924750
2025-07-16,8.030000,2025-05-15,2025-03-31,-0.060000,-0.850000,-9.447059,-10.381079,1.031833,10.578032,9.700975,8.823917,7.946859,7.069802,,,,,,,,,,7.985500,8.023000,8.458250,9.398000,7.985500,8.107151,7.863849,8.046325,7.924675
2025-07-17,8.050000,2025-05-15,2025-03-31,-0.060000,-0.850000,-9.470588,-10.368861,1.033876,10.571121,9.692327,8.813532,7.934737,7.055943,,,,,,,,,,7.988500,8.027667,8.453333,9.383000,7.988500,8.113531,7.863469,8.051015,7.925985
2025-07-18,8.010000,2025-05-15,2025-03-31,-0.060000,-0.850000,-9.423529,-10.355829,1.035869,10.563432,9.682943,8.802455,7.921967,7.041478,,,,,,,,,,7.998000,8.030167,8.447750,9.368042,7.998000,8.094812,7.901188,8.046406,7.949594
2025-07-21,8.020000,2025-05-15,2025-03-31,-0.060000,-0.850000,-9.435294,-10.342263,1.037185,10.554138,9.672531,8.790923,7.909316,7.027708,,,,,,,,,,8.004500,8.033667,8.441750,9.353958,8.004500,8.087211,7.921789,8.045855,7.963145
2025-07-22,7.980000,2025-05-15,2025-03-31,-0.060000,-0.850000,-9.388235,-10.328198,1.038595,10.544580,9.661774,8.778969,7.896163,7.013358,,,,,,,,,,8.006500,8.036167,8.435333,9.339708,8.006500,8.084441,7.928559,8.045470,7.967530
2025-07-23,8.050000,2025-05-15,2025-03-31,-0.060000,-0.850000,-9.470588,-10.314293,1.038815,10.533135,9.650142,8.767149,7.884156,7.001163,,,,,,,,,,8.012000,8.039667,8.429083,9.326167,8.012000,8.085585,7.938415,8.048792,7.975208
2025-07-24,8.040000,2025-05-15,2025-03-31,-0.060000,-0.850000,-9.458824,-10.300184,1.038841,10.521186,9.638171,8.755156,7.872142,6.989127,,,,,,,,,,8.011500,8.042000,8.422667,9.312583,8.011500,8.084127,7.938873,8.047814,7.975186
2025-07-25,8.030000,2025-05-15,2025-03-31,-0.060000,-0.850000,-9.447059,-10.284817,1.037698,10.506180,9.624137,8.742094,7.860051,6.978008,,,,,,,,,,8.011500,8.044000,8.415250,9.299167,8.011500,8.084127,7.938873,8.047814,7.975186
2025-07-28,8.020000,2025-05-15,2025-03-31,-0.060000,-0.850000,-9.435294,-10.271145,1.037995,10.495064,9.612768,8.730473,7.848178,6.965882,,,,,,,,,,8.016000,8.042833,8.409167,9.285708,8.016000,8.077695,7.954305,8.046848,7.985152
2025-07-29,8.010000,2025-05-15,2025-03-31,-0.060000,-0.850000,-9.423529,-10.256320,1.037284,10.481255,9.599563,8.717872,7.836180,6.954488,,,,,,,,,,8.018500,8.041667,8.402167,9.272208,8.018500,8.074423,7.962577,8.046461,7.990539
2025-07-30,8.020000,2025-05-15,2025-03-31,-0.060000,-0.850000,-9.435294,-10.240749,1.035451,10.464903,9.584770,8.704636,7.824503,6.944370,,,,,,,,,,8.018000,8.040667,8.394583,9.258958,8.018000,8.073668,7.962332,8.045834,7.990166
2025-07-31,7.970000,2025-05-15,2025-03-31,-0.060000,-0.850000,-9.376471,-10.223738,1.032716,10.445795,9.567986,8.690178,7.812369,6.934560,,,,,,,,,,8.014500,8.037833,8.385833,9.248625,8.014500,8.073071,7.955929,8.043785,7.985215
2025-08-01,7.970000,2025-05-15,2025-03-31,-0.060000,-0.850000,-9.376471,-10.206411,1.029310,10.425276,9.550363,8.675450,7.800536,6.925623,,,,,,,,,,8.012000,8.034667,8.376833,9.238083,8.012000,8.073764,7.950236,8.042882,7.981118
2025-08-04,7.970000,2025-05-15,2025-03-31,-0.060000,-0.850000,-9.376471,-10.189717,1.026361,10.406074,9.533667,8.661260,7.788853,6.916446,,,,,,,,,,8.012000,8.031333,8.368333,9.226083,8.012000,8.073764,7.950236,8.042882,7.981118
2025-08-05,7.970000,2025-05-15,2025-03-31,-0.060000,-0.850000,-9.376471,-10.173024,1.023129,10.386389,9.516730,8.647070,7.777410,6.907751,,,,,,,,,,8.010500,8.027667,8.359833,9.214083,8.010500,8.074892,7.946108,8.042696,7.978304
2025-08-06,7.990000,2025-05-15,2025-03-31,-0.060000,-0.850000,-9.400000,-10.157370,1.020440,10.368512,9.501138,8.633764,7.766390,6.899016,,,,,,,,,,8.009000,8.025333,8.352167,9.201750,8.009000,8.073856,7.944144,8.041428,7.976572
2025-08-07,7.990000,2025-05-15,2025-03-31,-0.060000,-0.850000,-9.400000,-10.138445,1.013167,10.340063,9.478871,8.617679,7.756487,6.895295,,,,,,,,,,8.011000,8.022167,8.341917,9.189625,8.011000,8.070436,7.951564,8.040718,7.981282
2025-08-08,8.020000,2025-05-15,2025-03-31,-0.060000,-0.850000,-9.435294,-10.119816,1.005275,10.310811,9.456327,8.601843,7.747359,6.892875,,,,,,,,,,8.009000,8.021667,8.331917,9.177417,8.009000,8.064022,7.953978,8.036511,7.981489
2025-08-11,8.010000,2025-05-15,2025-03-31,-0.060000,-0.850000,-9.423529,-10.100666,0.996355,10.279370,9.432468,8.585566,7.738664,6.891762,,,,,,,,,,8.007500,8.020833,8.321500,9.165583,8.007500,8.060564,7.954436,8.034032,7.980968
2025-08-12,8.020000,2025-05-15,2025-03-31,-0.060000,-0.850000,-9.435294,-10.081614,0.986915,10.247127,9.408249,8.569372,7.730494,6.891616,,,,,,,,,,8.008500,8.020500,8.311167,9.153375,8.008500,8.061722,7.955278,8.035111,7.981889
2025-08-13,7.980000,2025-05-15,2025-03-31,-0.060000,-0.850000,-9.388235,-10.061115,0.975395,10.210119,9.381033,8.551948,7.722862,6.893776,,,,,,,,,,8.006000,8.019000,8.299667,9.141208,8.006000,8.059666,7.952334,8.032833,7.979167
2025-08-14,8.040000,2025-08-14,2025-06-30,0.070000,-0.620000,-12.967742,-10.070445,0.997732,7.480863,6.862270,6.243676,5.625082,5.006489,,,,,,,,,,8.005500,8.018167,8.288667,9.129292,8.005500,8.057603,7.953397,8.031552,7.979448
2025-08-15,8.050000,2025-08-14,2025-06-30,0.070000,-0.620000,-12.983871,-10.079699,1.019506,7.513601,6.881507,6.249413,5.617319,4.985225,,,,,,,,,,8.007500,8.018000,8.277583,9.115542,8.007500,8.063272,7.951728,8.035386,7.979614
2025-08-18,8.080000,2025-08-14,2025-06-30,0.070000,-0.620000,-13.032258,-10.089567,1.042244,7.547914,6.901723,6.255532,5.609340,4.963149,,,,,,,,,,8.010500,8.018167,8.266917,9.102958,8.010500,8.074892,7.946108,8.042696,7.978304
2025-08-19,8.120000,2025-08-14,2025-06-30,0.070000,-0.620000,-13.096774,-10.099867,1.065738,7.583433,6.922675,6.261918,5.601160,4.940402,,,,,,,,,,8.017500,8.017833,8.256500,9.090542,8.017500,8.096673,7.938327,8.057087,7.977913
2025-08-20,8.110000,2025-08-14,2025-06-30,0.070000,-0.620000,-13.080645,-10.109611,1.087561,7.616535,6.942247,6.267959,5.593671,4.919383,,,,,,,,,,8.020500,8.017833,8.245667,9.077875,8.020500,8.108871,7.932129,8.064686,7.976314
2025-08-21,8.150000,2025-08-14,2025-06-30,0.070000,-0.620000,-13.145161,-10.120209,1.110840,7.651971,6.963250,6.274529,5.585808,4.897087,,,,,,,,,,8.026000,8.018167,8.235417,9.065167,8.026000,8.131511,7.920489,8.078756,7.973244
2025-08-22,8.280000,2025-08-14,2025-06-30,0.070000,-0.620000,-13.354839,-10.134136,1.140682,7.697610,6.990387,6.283164,5.575941,4.868719,,,,,,,,,,8.038500,8.021167,8.227500,9.053208,8.038500,8.193593,7.883407,8.116046,7.960954
2025-08-25,8.330000,2025-08-14,2025-06-30,0.070000,-0.620000,-13.435484,-10.148841,1.171614,7.745083,7.018682,6.292282,5.565881,4.839480,,,,,,,,,,8.054000,8.026000,8.220083,9.042083,8.054000,8.256136,7.851864,8.155068,7.952932
2025-08-26,8.320000,2025-08-14,2025-06-30,0.070000,-0.620000,-13.419355,-10.162990,1.200657,7.789869,7.045461,6.301054,5.556646,4.812238,,,,,,,,,,8.069500,8.032000,8.212250,9.030500,8.069500,8.302600,7.836400,8.186050,7.952950
2025-08-27,8.540000,2025-08-14,2025-06-30,0.070000,-0.620000,-13.774194,-10.180095,1.237117,7.845684,7.078672,6.311659,5.544647,4.777634,,,,,,,,,,8.095500,8.040667,8.206250,9.020042,8.095500,8.407875,7.783125,8.251687,7.939313
2025-08-28,8.530000,2025-08-14,2025-06-30,0.070000,-0.620000,-13.758065,-10.197383,1.272297,7.900026,7.111202,6.322377,5.533553,4.744729,,,,,,,,,,8.123500,8.047833,8.200417,9.009958,8.123500,8.485033,7.761967,8.304267,7.942733
2025-08-29,8.480000,2025-08-14,2025-06-30,0.070000,-0.620000,-13.677419,-10.214421,1.304952,7.951082,7.142011,6.332941,5.523870,4.714800,,,,,,,,,,8.149000,8.054333,8.194500,8.999667,8.149000,8.535994,7.762006,8.342497,7.955503
2025-09-01,8.450000,2025-08-14,2025-06-30,0.070000,-0.620000,-13.629032,-10.230106,1.334503,7.997449,7.170057,6.342665,5.515273,4.687882,,,,,,,,,,8.173000,8.060667,8.187583,8.990917,8.173000,8.572584,7.773416,8.372792,7.973208
2025-09-02,8.440000,2025-08-14,2025-06-30,0.070000,-0.620000,-13.612903,-10.245762,1.363013,8.042508,7.197440,6.352372,5.507304,4.662236,,,,,,,,,,8.196500,8.067667,8.180667,8.982125,8.196500,8.601067,7.791933,8.398784,7.994216
2025-09-03,8.450000,2025-08-14,2025-06-30,0.070000,-0.620000,-13.629032,-10.262818,1.392368,8.089483,7.226215,6.362947,5.499679,4.636411,,,,,,,,,,8.219500,8.073833,8.174833,8.972958,8.219500,8.626930,7.812070,8.423215,8.015785
2025-09-04,8.470000,2025-08-14,2025-06-30,0.070000,-0.620000,-13.661290,-10.279405,1.420847,8.135081,7.254156,6.373231,5.492306,4.611381,,,,,,,,,,8.243500,8.080500,8.168583,8.964083,8.243500,8.650557,7.836443,8.447029,8.039971
2025-09-05,8.490000,2025-08-14,2025-06-30,0.070000,-0.620000,-13.693548,-10.294994,1.447928,8.178328,7.280612,6.382896,5.485181,4.587465,,,,,,,,,,8.267000,8.088333,8.161500,8.955083,8.267000,8.673997,7.860003,8.470498,8.063502
2025-09-08,8.420000,2025-08-14,2025-06-30,0.070000,-0.620000,-13.580645,-10.309010,1.471531,8.216285,7.303936,6.391586,5.479237,4.566888,,,,,,,,,,8.287500,8.094000,8.153333,8.946208,8.287500,8.681073,7.893927,8.484287,8.090713
2025-09-09,8.350000,2025-08-14,2025-06-30,0.070000,-0.620000,-13.467742,-10.321769,1.492254,8.249891,7.324694,6.399497,5.474299,4.549102,,,,,,,,,,8.304000,8.099500,8.144333,8.937458,8.304000,8.677512,7.930488,8.490756,8.117244
2025-09-10,8.370000,2025-08-14,2025-06-30,0.070000,-0.620000,-13.500000,-10.334480,1.512806,8.283257,7.345317,6.407377,5.469438,4.531498,,,,,,,,,,8.323500,8.105000,8.135250,8.928375,8.323500,8.665154,7.981846,8.494327,8.152673
2025-09-11,8.310000,2025-08-14,2025-06-30,0.070000,-0.620000,-13.403226,-10.346912,1.531883,8.314621,7.364853,6.415085,5.465318,4.515550,,,,,,,,,,8.337000,8.110333,8.126083,8.918833,8.337000,8.651766,8.022234,8.494383,8.179617
2025-09-12,8.320000,2025-08-14,2025-06-30,0.070000,-0.620000,-13.419355,-10.359056,1.550459,8.345184,7.383900,6.422615,5.461330,4.500045,,,,,,,,,,8.350500,8.118667,8.116667,8.909750,8.350500,8.635159,8.065841,8.492829,8.208171
2025-09-15,8.290000,2025-08-14,2025-06-30,0.070000,-0.620000,-13.370968,-10.370797,1.567936,8.374135,7.402015,6.429894,5.457774,4.485653,,,,,,,,,,8.361000,8.125333,8.107000,8.900542,8.361000,8.617774,8.104226,8.489387,8.232613
2025-09-16,8.280000,2025-08-14,2025-06-30,0.070000,-0.620000,-13.354839,-10.383459,1.585895,8.404255,7.421000,6.437745,5.454490,4.471234,,,,,,,,,,8.369000,8.131000,8.098083,8.891083,8.369000,8.603130,8.134870,8.486065,8.251935
2025-09-17,8.250000,2025-08-14,2025-06-30,0.070000,-0.620000,-13.306452,-10.395190,1.602319,8.431894,7.438456,6.445018,5.451580,4.458142,,,,,,,,,,8.376000,8.136167,8.088500,8.881500,8.376000,8.584493,8.167507,8.480247,8.271753
2025-09-18,8.270000,2025-08-14,2025-06-30,0.070000,-0.620000,-13.338710,-10.409194,1.620689,8.463355,7.458528,6.453700,5.448873,4.444046,,,,,,,,,,8.382000,8.139833,8.080667,8.872625,8.382000,8.568897,8.195103,8.475449,8.288551
2025-09-19,8.310000,2025-08-14,2025-06-30,0.070000,-0.620000,-13.403226,-10.429632,1.642887,8.503552,7.484962,6.466372,5.447782,4.429192,,,,,,,,,,8.383500,8.144500,8.076000,8.864333,8.383500,8.567408,8.199592,8.475454,8.291546
2025-09-22,8.300000,2025-08-14,2025-06-30,0.070000,-0.620000,-13.387097,-10.448085,1.663609,8.540687,7.509250,6.477812,5.446375,4.414937,,,,,,,,,,8.382000,8.150667,8.069750,8.856000,8.382000,8.568220,8.195780,8.475110,8.288890
2025-09-23,8.250000,2025-08-14,2025-06-30,0.070000,-0.620000,-13.306452,-10.465350,1.682484,8.574798,7.531657,6.488517,5.445377,4.402237,,,,,,,,,,8.378500,8.155500,8.062667,8.847458,8.378500,8.572111,8.184889,8.475306,8.281694
2025-09-24,8.250000,2025-08-14,2025-06-30,0.070000,-0.620000,-13.306452,-10.491978,1.702003,8.615510,7.560268,6.505026,5.449784,4.394542,,,,,,,,,,8.364000,8.159167,8.063167,8.839542,8.364000,8.549971,8.178029,8.456986,8.271014
2025-09-25,8.280000,2025-08-14,2025-06-30,0.070000,-0.620000,-13.354839,-10.522610,1.720229,8.657102,7.590560,6.524018,5.457476,4.390934,,,,,,,,,,8.351500,8.163167,8.066833,8.830917,8.351500,8.523580,8.179420,8.437540,8.265460
2025-09-26,8.130000,2025-08-14,2025-06-30,0.070000,-0.620000,-13.112903,-10.558222,1.729303,8.690433,7.618265,6.546097,5.473930,4.401762,,,,,,,,,,8.334000,8.165000,8.074917,8.821042,8.334000,8.521549,8.146451,8.427775,8.240225
2025-09-30,8.280000,2025-08-14,2025-06-30,0.070000,-0.620000,-13.354839,-10.590191,1.745307,8.730099,7.648009,6.565918,5.483828,4.401738,,,,,,,,,,8.325500,8.170167,8.079667,8.812000,8.325500,8.506197,8.144803,8.415849,8.235151
2025-10-01,8.300000,2025-08-14,2025-06-30,0.070000,-0.620000,-13.387097,-10.625104,1.759064,8.768804,7.678184,6.587564,5.496945,4.406325,,,,,,,,,,8.318500,8.175167,8.086750,8.803458,8.318500,8.491191,8.145809,8.404845,8.232155
2025-10-02,8.290000,2025-08-14,2025-06-30,0.070000,-0.620000,-13.370968,-10.659574,1.772066,8.806298,7.707617,6.608936,5.510255,4.411574,,,,,,,,,,8.310500,8.179667,8.093500,8.795708,8.310500,8.472003,8.148997,8.391251,8.229749
2025-10-03,8.270000,2025-08-14,2025-06-30,0.070000,-0.620000,-13.338710,-10.689454,1.786821,8.843120,7.735291,6.627462,5.519632,4.411803,,,,,,,,,,8.300500,8.185000,8.096583,8.787667,8.300500,8.444207,8.156793,8.372353,8.228647
2025-10-07,8.290000,2025-08-14,2025-06-30,0.070000,-0.620000,-13.370968,-10.721044,1.800503,8.879670,7.763359,6.647047,5.530735,4.414424,,,,,,,,,,8.290500,8.188833,8.101000,8.779292,8.290500,8.403166,8.177834,8.346833,8.234167
2025-10-08,8.270000,2025-08-14,2025-06-30,0.070000,-0.620000,-13.338710,-10.751850,1.813463,8.914841,7.790494,6.666147,5.541800,4.417452,,,,,,,,,,8.283000,8.192667,8.104833,8.771042,8.283000,8.377946,8.188054,8.330473,8.235527
2025-10-09,8.310000,2025-08-14,2025-06-30,0.070000,-0.620000,-13.403226,-10.782576,1.826952,8.950618,7.817908,6.685197,5.552487,4.419776,,,,,,,,,,8.281000,8.197833,8.108500,8.762958,8.281000,8.371589,8.190411,8.326294,8.235706
2025-10-13,8.280000,2025-08-14,2025-06-30,0.070000,-0.620000,-13.354839,-10.813620,1.838808,8.984566,7.844505,6.704444,5.564383,4.424323,,,,,,,,,,8.276500,8.202000,8.112500,8.754542,8.276500,8.356835,8.196165,8.316667,8.236333
2025-10-14,8.260000,2025-08-14,2025-06-30,0.070000,-0.620000,-13.322581,-10.844703,1.849489,9.017082,7.870399,6.723716,5.577033,4.430350,,,,,,,,,,8.274000,8.205500,8.116583,8.746458,8.274000,8.353047,8.194953,8.313523,8.234477
2025-10-15,8.250000,2025-08-14,2025-06-30,0.070000,-0.620000,-13.306452,-10.874726,1.860023,9.048759,7.895544,6.742330,5.589116,4.435901,,,,,,,,,,8.270500,8.209500,8.119833,8.738125,8.270500,8.347133,8.193867,8.308817,8.232183
2025-10-16,8.190000,2025-08-14,2025-06-30,0.070000,-0.620000,-13.209677,-10.904457,1.868646,9.077885,7.919324,6.760763,5.602202,4.443641,,,,,,,,,,8.265500,8.212333,8.123000,8.729958,8.265500,8.349474,8.181526,8.307487,8.223513
2025-10-17,8.220000,2025-08-14,2025-06-30,0.070000,-0.620000,-13.258065,-10.934385,1.877395,9.107288,7.943303,6.779319,5.615334,4.451349,,,,,,,,,,8.262500,8.216333,8.126250,8.721917,8.262500,8.348554,8.176446,8.305527,8.219473
2025-10-20,8.230000,2025-08-14,2025-06-30,0.070000,-0.620000,-13.274194,-10.964345,1.885860,9.136360,7.967127,6.797894,5.628660,4.459427,,,,,,,,,,8.261500,8.219333,8.129500,8.714125,8.261500,8.348624,8.174376,8.305062,8.217938
2025-10-21,8.150000,2025-08-14,2025-06-30,0.070000,-0.620000,-13.145161,-10.992612,1.892961,9.162691,7.989055,6.815419,5.641784,4.468148,,,,,,,,,,8.255500,8.221167,8.131583,8.706000,8.255500,8.355705,8.155295,8.305603,8.205397
2025-10-22,8.190000,2025-08-14,2025-06-30,0.070000,-0.620000,-13.209677,-11.021314,1.900295,9.189580,8.011397,6.833215,5.655032,4.476849,,,,,,,,,,8.249500,8.223833,8.133917,8.698042,8.249500,8.350333,8.148667,8.299917,8.199083
2025-10-23,8.190000,2025-08-14,2025-06-30,0.070000,-0.620000,-13.209677,-11.048164,1.908313,9.216170,8.033016,6.849862,5.666708,4.483554,,,,,,,,,,8.244000,8.226667,8.134750,8.690083,8.244000,8.345234,8.142766,8.294617,8.193383
2025-10-27,8.140000,2025-08-14,2025-06-30,0.070000,-0.620000,-13.129032,-11.074445,1.915118,9.240902,8.053529,6.866156,5.678783,4.491410,,,,,,,,,,8.238500,8.228833,8.135250,8.682333,8.238500,8.349813,8.127187,8.294156,8.182844
2025-10-28,8.130000,2025-08-14,2025-06-30,0.070000,-0.620000,-13.112903,-11.100592,1.921393,9.264895,8.073631,6.882367,5.691103,4.499839,,,,,,,,,,8.232500,8.230667,8.135667,8.673708,8.232500,8.353700,8.111300,8.293100,8.171900
2025-10-29,8.020000,2025-08-14,2025-06-30,0.070000,-0.620000,-12.935484,-11.124643,1.926182,9.285744,8.091511,6.897278,5.703046,4.508813,,,,,,,,,,8.219500,8.231500,8.134667,8.664625,8.219500,8.371189,8.067811,8.295344,8.143656
2025-10-30,8.040000,2025-08-14,2025-06-30,0.070000,-0.620000,-12.967742,-11.148757,1.931026,9.306701,8.109465,6.912229,5.714993,4.517757,,,,,,,,,,8.215000,8.232667,8.133667,8.655625,8.215000,8.382395,8.047605,8.298697,8.131303
2025-10-31,8.140000,2025-08-14,2025-06-30,0.070000,-0.620000,-13.129032,-11.174112,1.936926,9.329738,8.128843,6.927949,5.727055,4.526161,,,,,,,,,,8.208000,8.235500,8.133417,8.647458,8.208000,8.375659,8.040341,8.291829,8.124171
2025-11-03,8.050000,2025-08-14,2025-06-30,0.070000,-0.620000,-12.983871,-11.198051,1.941425,9.350159,8.146476,6.942792,5.739108,4.535425,,,,,,,,,,8.195500,8.236833,8.132250,8.638708,8.195500,8.371356,8.019644,8.283428,8.107572
2025-11-04,8.050000,2025-08-14,2025-06-30,0.070000,-0.620000,-12.983871,-11.222608,1.945250,9.370127,8.164072,6.958017,5.751962,4.545908,,,,,,,,,,8.183500,8.237833,8.131583,8.630583,8.183500,8.364872,8.002128,8.274186,8.092814
2025-11-05,8.070000,2025-08-14,2025-06-30,0.070000,-0.620000,-13.016129,-11.246920,1.949312,9.390237,8.181664,6.973090,5.764517,4.555943,,,,,,,,,,8.173500,8.239167,8.130667,8.622333,8.173500,8.356835,7.990165,8.265167,8.081833
2025-11-06,8.320000,2025-08-14,2025-06-30,0.070000,-0.620000,-13.419355,-11.279826,1.952401,9.414469,8.203981,6.993492,5.783004,4.572515,,,,,,,,,,8.175000,8.244167,8.132917,8.615417,8.175000,8.362785,7.987215,8.268892,8.081108
2025-11-07,8.300000,2025-08-14,2025-06-30,0.070000,-0.620000,-13.387097,-11.312366,1.954729,9.437531,8.225599,7.013667,5.801734,4.589802,,,,,,,,,,8.176500,8.249000,8.134917,8.608375,8.176500,8.367924,7.985076,8.272212,8.080788
2025-11-10,8.380000,2025-08-14,2025-06-30,0.070000,-0.620000,-13.516129,-11.346176,1.957487,9.461913,8.248271,7.034629,5.820987,4.607346,,,,,,,,,,8.180000,8.255000,8.137750,8.601917,8.180000,8.383858,7.976142,8.281929,8.078071
2025-11-11,8.290000,2025-08-14,2025-06-30,0.070000,-0.620000,-13.370968,-11.378484,1.958655,9.483392,8.269026,7.054660,5.840294,4.625927,,,,,,,,,,8.180500,8.260167,8.139583,8.594833,8.180500,8.385436,7.975564,8.282968,8.078032
2025-11-12,8.390000,2025-08-14,2025-06-30,0.070000,-0.620000,-13.532258,-11.411939,1.960889,9.506904,8.291153,7.075402,5.859651,4.643900,,,,,,,,,,8.187000,8.266000,8.142083,8.588250,8.187000,8.410003,7.963997,8.298502,8.075498
2025-11-13,8.600000,2025-08-14,2025-06-30,0.070000,-0.620000,-13.870968,-11.448510,1.965518,9.535319,8.316698,7.098076,5.879455,4.660834,,,,,,,,,,8.204500,8.275167,8.146583,8.582458,8.204500,8.493489,7.915511,8.348995,8.060005
2025-11-14,8.820000,2025-11-14,2025-09-30,0.170000,-0.290000,-30.413793,-11.622841,2.612098,4.885641,4.128132,3.370624,2.613116,1.855607,,,,,,,,,,8.236000,8.287500,8.152833,8.577583,8.236000,8.634809,7.837191,8.435404,8.036596
2025-11-17,8.830000,2025-11-14,2025-09-30,0.170000,-0.290000,-30.448276,-11.796773,3.120174,5.230765,4.325914,3.421064,2.516214,1.611363,,,,,,,,,,8.266500,8.299333,8.158583,8.572750,8.266500,8.745414,7.787586,8.505957,8.027043
2025-11-18,8.640000,2025-11-14,2025-09-30,0.170000,-0.290000,-29.793103,-11.965539,3.519316,5.511210,4.490608,3.470006,2.449405,1.428803,,,,,,,,,,8.287000,8.308167,8.163000,8.567125,8.287000,8.793634,7.780366,8.540317,8.033683
2025-11-19,8.510000,2025-11-14,2025-09-30,0.170000,-0.290000,-29.344828,-12.130373,3.853297,5.752721,4.635264,3.517808,2.400352,1.282896,,,,,,,,,,8.305000,8.314167,8.166167,8.560958,8.305000,8.816695,7.793305,8.560847,8.049153
2025-11-20,8.630000,2025-11-14,2025-09-30,0.170000,-0.290000,-29.758621,-12.298950,4.168187,5.984244,4.775470,3.566695,2.357921,1.149147,,,,,,,,,,8.327000,8.320000,8.170583,8.555333,8.327000,8.855438,7.798562,8.591219,8.062781
2025-11-21,8.750000,2025-11-14,2025-09-30,0.170000,-0.290000,-30.172414,-12.471563,4.467717,6.208029,4.912391,3.616753,2.321115,1.025477,,,,,,,,,,8.355000,8.327000,8.176500,8.550333,8.355000,8.911474,7.798526,8.633237,8.076763
2025-11-24,9.040000,2025-11-14,2025-09-30,0.170000,-0.290000,-31.172414,-12.653294,4.773355,6.438001,5.053728,3.669455,2.285182,0.900909,,,,,,,,,,8.400000,8.339000,8.185500,8.546542,8.400000,9.024651,7.775349,8.712326,8.087674
2025-11-25,8.850000,2025-11-14,2025-09-30,0.170000,-0.290000,-30.517241,-12.828977,5.034725,6.640544,5.180474,3.720403,2.260333,0.800263,,,,,,,,,,8.436000,8.344167,8.192417,8.542042,8.436000,9.077885,7.794115,8.756943,8.115057
2025-11-26,8.850000,2025-11-14,2025-09-30,0.170000,-0.290000,-30.517241,-13.003876,5.277814,6.832256,5.301690,3.771124,2.240558,0.709992,,,,,,,,,,8.477500,8.349500,8.198667,8.537417,8.477500,9.113437,7.841563,8.795468,8.159532
2025-11-27,8.900000,2025-11-14,2025-09-30,0.170000,-0.290000,-30.689655,-13.180309,5.509107,7.017572,5.419931,3.822290,2.224649,0.627008,,,,,,,,,,8.520500,8.356500,8.205417,8.532875,8.520500,9.148126,7.892874,8.834313,8.206687
2025-11-28,8.950000,2025-11-14,2025-09-30,0.170000,-0.290000,-30.862069,-13.358375,5.729866,7.197251,5.535590,3.873929,2.212268,0.550606,,,,,,,,,,8.561000,8.364833,8.212750,8.528500,8.561000,9.189780,7.932220,8.875390,8.246610
2025-12-01,8.990000,2025-11-14,2025-09-30,0.170000,-0.290000,-31.000000,-13.538081,5.940103,7.371303,5.648673,3.926044,2.203414,0.480784,,,,,,,,,,8.608000,8.374000,8.220833,8.524292,8.608000,9.216141,7.999859,8.912071,8.303929
2025-12-02,9.000000,2025-11-14,2025-09-30,0.170000,-0.290000,-31.034483,-13.717486,6.139072,7.538733,5.758402,3.978071,2.197740,0.417409,,,,,,,,,,8.655500,8.383167,8.228500,8.520125,8.655500,9.227458,8.083542,8.941479,8.369521
2025-12-03,9.020000,2025-11-14,2025-09-30,0.170000,-0.290000,-31.103448,-13.897564,6.328168,7.700631,5.865462,4.030294,2.195125,0.359956,,,,,,,,,,8.703000,8.392333,8.236417,8.516125,8.703000,9.225911,8.180089,8.964455,8.441545
2025-12-04,8.980000,2025-11-14,2025-09-30,0.170000,-0.290000,-30.965517,-14.076982,6.503380,7.854285,5.968305,4.082325,2.196345,0.310364,,,,,,,,,,8.736000,8.400500,8.244417,8.512042,8.736000,9.240105,8.231895,8.988053,8.483947
2025-12-05,8.990000,2025-11-14,2025-09-30,0.170000,-0.290000,-31.000000,-14.256100,6.670280,8.003032,6.068650,4.134269,2.199888,0.265506,,,,,,,,,,8.770500,8.410000,8.252000,8.508000,8.770500,9.242382,8.298618,9.006441,8.534559
2025-12-08,8.890000,2025-11-14,2025-09-30,0.170000,-0.290000,-30.655172,-14.432932,6.820977,8.141717,6.163634,4.185550,2.207467,0.229384,,,,,,,,,,8.796000,8.419000,8.259250,8.503500,8.796000,9.232850,8.359150,9.014425,8.577575
2025-12-09,8.990000,2025-11-14,2025-09-30,0.170000,-0.290000,-31.000000,-14.612442,6.970779,8.280660,6.259134,4.237608,2.216082,0.194556,,,,,,,,,,8.831000,8.429333,8.267167,8.499500,8.831000,9.204766,8.457234,9.017883,8.644117
2025-12-10,9.000000,2025-11-14,2025-09-30,0.170000,-0.290000,-31.034483,-14.792730,7.113151,8.415519,6.352705,4.289892,2.227078,0.164264,,,,,,,,,,8.861500,8.440833,8.275583,8.495667,8.861500,9.179075,8.543925,9.020287,8.702713
2025-12-11,8.960000,2025-11-14,2025-09-30,0.170000,-0.290000,-30.896552,-14.973534,7.244334,8.544039,6.443182,4.342325,2.241468,0.140611,,,,,,,,,,8.879500,8.451500,8.285083,8.491625,8.879500,9.174688,8.584312,9.027094,8.731906
2025-12-12,9.030000,2025-11-14,2025-09-30,0.170000,-0.290000,-31.137931,-15.155664,7.373632,8.671849,6.533496,4.395143,2.256789,0.118436,,,,,,,,,,8.890000,8.463833,8.294583,8.488083,8.890000,9.191156,8.588844,9.040578,8.739422
2025-12-15,8.990000,2025-11-14,2025-09-30,0.170000,-0.290000,-31.000000,-15.336154,7.494204,8.794123,6.620804,4.447485,2.274165,0.100846,,,,,,,,,,8.898000,8.475667,8.303333,8.484583,8.898000,9.200940,8.595060,9.049470,8.746530
2025-12-16,8.930000,2025-11-14,2025-09-30,0.170000,-0.290000,-30.793103,-15.514920,7.605035,8.910247,6.704787,4.499327,2.293867,0.088406,,,,,,,,,,8.912500,8.487000,8.311583,8.481000,8.912500,9.190150,8.634850,9.051325,8.773675
2025-12-17,8.880000,2025-11-14,2025-09-30,0.170000,-0.290000,-30.620690,-15.691171,7.708161,9.021173,6.785806,4.550440,2.315073,0.079706,,,,,,,,,,8.931000,8.497167,8.318500,8.477042,8.931000,9.135363,8.726637,9.033181,8.828819
2025-12-18,9.040000,2025-11-14,2025-09-30,0.170000,-0.290000,-31.172414,-15.872216,7.814671,9.135452,6.869197,4.602943,2.336688,0.070434,,,,,,,,,,8.951500,8.509333,8.326917,8.473708,8.951500,9.104543,8.798457,9.028021,8.874979
2025-12-19,9.020000,2025-11-14,2025-09-30,0.170000,-0.290000,-31.103448,-16.053666,7.913637,9.245472,6.950518,4.655563,2.360609,0.065654,,,,,,,,,,8.965000,8.521333,8.336000,8.470292,8.965000,9.087861,8.842139,9.026430,8.903570
2025-12-22,8.920000,2025-11-14,2025-09-30,0.170000,-0.290000,-30.758621,-16.231949,8.002169,9.348523,7.027894,4.707265,2.386636,0.066007,,,,,,,,,,8.959000,8.532500,8.344000,8.466417,8.959000,9.078102,8.839898,9.018551,8.899449
2025-12-23,8.940000,2025-11-14,2025-09-30,0.170000,-0.290000,-30.827586,-16.410120,8.087400,9.449627,7.104281,4.758935,2.413589,0.068242,,,,,,,,,,8.963500,8.544000,8.351583,8.462625,8.963500,9.071550,8.855450,9.017525,8.909475
2025-12-24,9.000000,2025-11-14,2025-09-30,0.170000,-0.290000,-31.034483,-16.589917,8.170963,9.550234,7.180655,4.811076,2.441497,0.071917,,,,,,,,,,8.971000,8.556000,8.359583,8.459208,8.971000,9.065902,8.876098,9.018451,8.923549
2025-12-26,9.000000,2025-11-14,2025-09-30,0.170000,-0.290000,-31.034483,-16.769910,8.249554,9.648015,7.255644,4.863274,2.470903,0.078533,,,,,,,,,,8.976000,8.570500,8.367750,8.456000,8.976000,9.065537,8.886463,9.020768,8.931232
2025-12-29,8.980000,2025-11-14,2025-09-30,0.170000,-0.290000,-30.965517,-16.949819,8.322052,9.742238,7.328842,4.915447,2.502052,0.088657,,,,,,,,,,8.977500,8.582167,8.376167,8.453167,8.977500,9.066204,8.888796,9.021852,8.933148
2025-12-30,8.980000,2025-11-14,2025-09-30,0.170000,-0.290000,-30.965517,-17.129433,8.390308,9.833914,7.400725,4.967536,2.534346,0.101157,,,,,,,,,,8.977000,8.593500,8.384333,8.450958,8.977000,9.065520,8.888480,9.021260,8.932740
2025-12-31,8.960000,2025-11-14,2025-09-30,0.170000,-0.290000,-30.896552,-17.308277,8.453417,9.922382,7.470891,5.019400,2.567909,0.116419,,,,,,,,,,8.975000,8.604667,8.392167,8.448500,8.975000,9.063139,8.886861,9.019069,8.930931
2026-01-02,8.920000,2025-11-14,2025-09-30,0.170000,-0.290000,-30.758621,-17.486658,8.509795,10.006812,7.538971,5.071131,2.603290,0.135450,,,,,,,,,,8.970000,8.615500,8.400250,8.446167,8.970000,9.058734,8.881266,9.014367,8.925633
2026-01-05,8.770000,2025-11-14,2025-09-30,0.170000,-0.290000,-30.241379,-17.659650,8.556584,10.084117,7.602708,5.121298,2.639889,0.158480,,,,,,,,,,8.959500,8.623500,8.406167,8.443208,8.959500,9.085236,8.833764,9.022368,8.896632
2026-01-06,8.870000,2025-11-14,2025-09-30,0.170000,-0.290000,-30.586207,-17.835711,8.603655,10.162476,7.667416,5.172356,2.677296,0.182236,,,,,,,,,,8.953500,8.633500,8.413083,8.441167,8.953500,9.084452,8.822548,9.018976,8.888024
2026-01-07,8.830000,2025-11-14,2025-09-30,0.170000,-0.290000,-30.448276,-18.011016,8.644787,10.237171,7.730183,5.223194,2.716206,0.209218,,,,,,,,,,8.950500,8.642167,8.420000,8.441125,8.950500,9.090044,8.810956,9.020272,8.880728
2026-01-08,8.770000,2025-11-14,2025-09-30,0.170000,-0.290000,-30.241379,-18.184302,8.680019,10.307859,7.790653,5.273447,2.756242,0.239036,,,,,,,,,,8.939500,8.650333,8.426167,8.442208,8.939500,9.099167,8.779833,9.019334,8.859666
2026-01-09,8.800000,2025-11-14,2025-09-30,0.170000,-0.290000,-30.344828,-18.358254,8.713027,10.377449,7.850671,5.323894,2.797116,0.270338,,,,,,,,,,8.929500,8.659333,8.432417,8.442875,8.929500,9.098020,8.760980,9.013760,8.845240
2026-01-12,8.810000,2025-11-14,2025-09-30,0.170000,-0.290000,-30.379310,-18.532885,8.742402,10.445130,7.909833,5.374537,2.839240,0.303944,,,,,,,,,,8.922000,8.668667,8.439083,8.443417,8.922000,9.097990,8.746010,9.009995,8.834005
2026-01-13,8.810000,2025-11-14,2025-09-30,0.170000,-0.290000,-30.379310,-18.707418,8.768276,10.510752,7.967951,5.425151,2.882351,0.339551,,,,,,,,,,8.911000,8.679000,8.445667,8.443708,8.911000,9.086067,8.735933,8.998533,8.823467
2026-01-14,8.860000,2025-11-14,2025-09-30,0.170000,-0.290000,-30.551724,-18.883781,8.792063,10.575693,8.025995,5.476296,2.926598,0.376900,,,,,,,,,,8.904500,8.689667,8.453000,8.444167,8.904500,9.076849,8.732151,8.990675,8.818325
2026-01-15,8.880000,2025-11-14,2025-09-30,0.170000,-0.290000,-30.620690,-19.060032,8.813742,10.639380,8.083394,5.527409,2.971424,0.415439,,,,,,,,,,8.902000,8.700500,8.459917,8.444500,8.902000,9.074242,8.729758,8.988121,8.815879
2026-01-16,8.790000,2025-11-14,2025-09-30,0.170000,-0.290000,-30.310345,-19.233794,8.828395,10.698270,8.138035,5.577800,3.017566,0.457331,,,,,,,,,,8.897500,8.711167,8.466167,8.444417,8.897500,9.076723,8.718277,8.987112,8.807888
2026-01-19,8.800000,2025-11-14,2025-09-30,0.170000,-0.290000,-30.344828,-19.407942,8.839827,10.755403,8.191853,5.628303,3.064753,0.501204,,,,,,,,,,8.885500,8.721333,8.472583,8.443917,8.885500,9.056500,8.714500,8.971000,8.800000
2026-01-20,8.820000,2025-11-14,2025-09-30,0.170000,-0.290000,-30.413793,-19.582763,8.848382,10.811063,8.245032,5.679001,3.112970,0.546940,,,,,,,,,,8.875500,8.731833,8.479250,8.444208,8.875500,9.036481,8.714519,8.955990,8.795010
2026-01-21,8.820000,2025-11-14,2025-09-30,0.170000,-0.290000,-30.413793,-19.757682,8.853333,10.864661,8.297195,5.729728,3.162261,0.594794,,,,,,,,,,8.870500,8.743167,8.486000,8.444083,8.870500,9.031872,8.709128,8.951186,8.789814
2026-01-22,8.800000,2025-11-14,2025-09-30,0.170000,-0.290000,-30.344828,-19.931928,8.854232,10.915714,8.347986,5.780259,3.212532,0.644805,,,,,,,,,,8.863500,8.754333,8.492500,8.443542,8.863500,9.024324,8.702676,8.943912,8.783088
2026-01-23,8.800000,2025-11-14,2025-09-30,0.170000,-0.290000,-30.344828,-20.106665,8.851074,10.964556,8.397744,5.830933,3.264121,0.697310,,,,,,,,,,8.853500,8.767333,8.499417,8.442625,8.853500,9.003064,8.703936,8.928282,8.778718
2026-01-26,8.850000,2025-11-14,2025-09-30,0.170000,-0.290000,-30.517241,-20.282838,8.846097,11.012759,8.447391,5.882023,3.316655,0.751287,,,,,,,,,,8.846000,8.780833,8.506750,8.441792,8.846000,8.978728,8.713272,8.912364,8.779636
2026-01-27,8.850000,2025-11-14,2025-09-30,0.170000,-0.290000,-30.517241,-20.459011,8.837576,11.058907,8.496010,5.933113,3.370216,0.807319,,,,,,,,,,8.839500,8.792667,8.514083,8.441208,8.839500,8.956385,8.722615,8.897943,8.781057
2026-01-28,8.850000,2025-11-14,2025-09-30,0.170000,-0.290000,-30.517241,-20.635184,8.825502,11.102994,8.543599,5.984203,3.424808,0.865412,,,,,,,,,,8.833000,8.806000,8.521417,8.440625,8.833000,8.929704,8.736296,8.881352,8.784648
2026-01-29,8.790000,2025-11-14,2025-09-30,0.170000,-0.290000,-30.310345,-20.809437,8.808220,11.143504,8.589121,6.034737,3.480353,0.925969,,,,,,,,,,8.824500,8.818333,8.528083,8.440125,8.824500,8.902224,8.746776,8.863362,8.785638
2026-01-30,8.760000,2025-11-14,2025-09-30,0.170000,-0.290000,-30.206897,-20.982828,8.786503,11.181192,8.633106,6.085020,3.536934,0.988848,,,,,,,,,,8.816500,8.829833,8.534500,8.438208,8.816500,8.885256,8.747744,8.850878,8.782122
2026-02-02,8.650000,2025-11-14,2025-09-30,0.170000,-0.290000,-29.827586,-21.152763,8.758445,11.214199,8.674250,6.134301,3.594352,1.054403,,,,,,,,,,8.810500,8.835333,8.539750,8.435833,8.810500,8.910284,8.710716,8.860392,8.760608
2026-02-03,8.550000,2025-11-14,2025-09-30,0.170000,-0.290000,-29.482759,-21.319924,8.724058,11.242731,8.712755,6.182778,3.652801,1.122824,,,,,,,,,,8.794500,8.839500,8.544250,8.432875,8.794500,8.944233,8.644767,8.869367,8.719633
2026-02-04,8.680000,2025-11-14,2025-09-30,0.170000,-0.290000,-29.931034,-21.490721,8.689992,11.272505,8.752407,6.232309,3.712211,1.192114,,,,,,,,,,8.787000,8.844500,8.549750,8.430458,8.787000,8.944092,8.629908,8.865546,8.708454
2026-02-05,8.740000,2025-11-14,2025-09-30,0.170000,-0.290000,-30.137931,-21.663636,8.653515,11.301493,8.791974,6.282454,3.772935,1.263415,,,,,,,,,,8.785500,8.852000,8.556083,8.427875,8.785500,8.943843,8.627157,8.864672,8.706328
2026-02-06,8.780000,2025-11-14,2025-09-30,0.170000,-0.290000,-30.275862,-21.807870,8.651600,11.342210,8.833246,6.324282,3.815318,1.306354,,,,,,,,,,8.784500,8.858500,8.562250,8.425458,8.784500,8.942710,8.626290,8.863605,8.705395
2026-02-09,8.790000,2025-11-14,2025-09-30,0.170000,-0.290000,-30.310345,-21.952257,8.647678,11.381808,8.873981,6.366155,3.858328,1.350501,,,,,,,,,,8.783500,8.861667,8.568417,8.423000,8.783500,8.941284,8.625716,8.862392,8.704608
2026-02-10,8.790000,2025-11-14,2025-09-30,0.170000,-0.290000,-30.310345,-22.096241,8.641750,11.420125,8.914018,6.407910,3.901802,1.395695,,,,,,,,,,8.782500,8.861167,8.574333,8.420625,8.782500,8.939830,8.625170,8.861165,8.703835
2026-02-11,8.810000,2025-11-14,2025-09-30,0.170000,-0.290000,-30.379310,-22.240262,8.634517,11.457696,8.953686,6.449676,3.945666,1.441656,,,,,,,,,,8.780000,8.860833,8.580083,8.418292,8.780000,8.933691,8.626309,8.856846,8.703154
2026-02-23,8.820000,2025-11-14,2025-09-30,0.170000,-0.290000,-30.413793,-22.384705,8.624977,11.494051,8.992808,6.491565,3.990321,1.489078,,,,,,,,,,8.777000,8.863833,8.586000,8.415833,8.777000,8.924698,8.629302,8.850849,8.703151
2026-02-24,8.810000,2025-11-14,2025-09-30,0.170000,-0.290000,-30.379310,-22.528323,8.613311,11.528934,9.031074,6.533214,4.035354,1.537493,,,,,,,,,,8.778000,8.868833,8.591500,8.413458,8.778000,8.926338,8.629662,8.852169,8.703831
2026-02-25,8.820000,2025-11-14,2025-09-30,0.170000,-0.290000,-30.413793,-22.670481,8.601401,11.563252,9.068846,6.574440,4.080033,1.585627,,,,,,,,,,8.779000,8.872000,8.596000,8.411750,8.779000,8.928230,8.629770,8.853615,8.704385
2026-02-26,8.820000,2025-11-14,2025-09-30,0.170000,-0.290000,-30.413793,-22.811967,8.587846,11.596421,9.105946,6.615470,4.124995,1.634520,,,,,,,,,,8.779000,8.873167,8.600083,8.410083,8.779000,8.928230,8.629770,8.853615,8.704385
2026-03-02,8.810000,2025-11-14,2025-09-30,0.170000,-0.290000,-30.379310,-22.953300,8.571512,11.627934,9.142195,6.656457,4.170719,1.684980,,,,,,,,,,8.778500,8.869333,8.604167,8.408208,8.778500,8.927217,8.629783,8.852859,8.704141
2026-03-03,8.650000,2025-11-14,2025-09-30,0.170000,-0.290000,-29.827586,-23.087078,8.552300,11.655587,9.175420,6.695253,4.215086,1.734919,,,,,,,,,,8.771000,8.866000,8.605083,8.405667,8.771000,8.929931,8.612069,8.850465,8.691535
2026-03-04,8.530000,2025-11-14,2025-09-30,0.170000,-0.290000,-29.413793,-23.217543,8.528170,11.679426,9.206257,6.733087,4.259918,1.786749,,,,,,,,,,8.757500,8.860667,8.605083,8.402750,8.757500,8.948660,8.566340,8.853080,8.661920
2026-03-05,8.750000,2025-11-14,2025-09-30,0.170000,-0.290000,-30.172414,-23.355001,8.506015,11.706439,9.239694,6.772950,4.306206,1.839462,,,,,,,,,,8.752500,8.858167,8.607333,8.400917,8.752500,8.938638,8.566362,8.845569,8.659431
2026-03-06,8.830000,2025-11-14,2025-09-30,0.170000,-0.290000,-30.448276,-23.495161,8.482946,11.733705,9.273651,6.813597,4.353542,1.893488,,,,,,,,,,8.751500,8.856167,8.610500,8.399042,8.751500,8.935637,8.567363,8.843568,8.659432
2026-03-09,8.610000,2025-11-14,2025-09-30,0.170000,-0.290000,-29.689655,-23.629134,8.452459,11.754875,9.303662,6.852449,4.401236,1.950023,,,,,,,,,,8.739500,8.849833,8.611917,8.396292,8.739500,8.927842,8.551158,8.833671,8.645329
2026-03-10,8.590000,2025-11-14,2025-09-30,0.170000,-0.290000,-29.620690,-23.762398,8.419470,11.774388,9.332742,6.891095,4.449449,2.007803,,,,,,,,,,8.729500,8.843000,8.613083,8.393958,8.729500,8.927540,8.531460,8.828520,8.630480
2026-03-11,8.620000,2025-11-14,2025-09-30,0.170000,-0.290000,-29.724138,-23.896255,8.385145,11.793298,9.361606,6.929914,4.498222,2.066530,,,,,,,,,,8.722500,8.836333,8.614333,8.391458,8.722500,8.925828,8.519172,8.824164,8.620836
2026-03-12,8.600000,2025-11-14,2025-09-30,0.170000,-0.290000,-29.655172,-24.029269,8.348459,11.810594,9.389541,6.968488,4.547435,2.126382,,,,,,,,,,8.720000,8.830000,8.615250,8.388375,8.720000,8.928251,8.511749,8.824125,8.615875
2026-03-13,8.630000,2025-11-14,2025-09-30,0.170000,-0.290000,-29.758621,-24.164085,8.308842,11.826713,9.417149,7.007585,4.598020,2.188456,,,,,,,,,,8.724000,8.824000,8.617000,8.385167,8.724000,8.921287,8.526713,8.822643,8.625357
2026-03-16,8.640000,2025-11-14,2025-09-30,0.170000,-0.290000,-29.793103,-24.300130,8.265774,11.841187,9.444112,7.047038,4.649963,2.252889,,,,,,,,,,8.722000,8.819833,8.619417,8.381875,8.722000,8.921958,8.522042,8.821979,8.622021
2026-03-17,8.780000,2025-11-14,2025-09-30,0.170000,-0.290000,-30.275862,-24.439929,8.223333,11.857112,9.472346,7.087579,4.702813,2.318046,,,,,,,,,,8.724000,8.816333,8.622833,8.379042,8.724000,8.925510,8.522490,8.824755,8.623245
2026-03-18,8.890000,2025-11-14,2025-09-30,0.170000,-0.290000,-30.655172,-24.583695,8.179448,11.873351,9.501311,7.129272,4.757232,2.385192,,,,,,,,,,8.729500,8.814500,8.627667,8.376875,8.729500,8.943088,8.515912,8.836294,8.622706
2026-03-19,8.950000,2025-11-14,2025-09-30,0.170000,-0.290000,-30.862069,-24.729051,8.134242,11.889285,9.530355,7.171425,4.812495,2.453564,,,,,,,,,,8.737500,8.814333,8.632917,8.374792,8.737500,8.971628,8.503372,8.854564,8.620436
2026-03-20,9.000000,2025-11-14,2025-09-30,0.170000,-0.290000,-31.034483,-24.876247,8.086660,11.904374,9.559243,7.214112,4.868980,2.523849,,,,,,,,,,8.748000,8.813833,8.638833,8.372917,8.748000,9.009300,8.486700,8.878650,8.617350
2026-03-23,9.140000,2025-11-14,2025-09-30,0.170000,-0.290000,-31.517241,-25.027600,8.039035,11.920644,9.589324,7.258004,4.926684,2.595364,,,,,,,,,,8.764500,8.816333,8.646000,8.372042,8.764500,9.078622,8.450378,8.921561,8.607439
2026-03-24,9.160000,2025-11-14,2025-09-30,0.170000,-0.290000,-31.586207,-25.179931,7.988095,11.935275,9.618728,7.302180,4.985633,2.669085,,,,,,,,,,8.781500,8.820167,8.653583,8.371042,8.781500,9.141691,8.421309,8.961596,8.601404
2026-03-25,9.170000,2025-11-14,2025-09-30,0.170000,-0.290000,-31.620690,-25.332281,7.934518,11.948382,9.647372,7.346362,5.045351,2.744341,,,,,,,,,,8.799500,8.825000,8.661083,8.370875,8.799500,9.199472,8.399528,8.999486,8.599514
2026-03-26,9.180000,2025-11-14,2025-09-30,0.170000,-0.290000,-31.655172,-25.484381,7.878667,11.960097,9.675284,7.390470,5.105657,2.820844,,,,,,,,,,8.817500,8.827333,8.668333,8.372167,8.817500,9.252247,8.382753,9.034874,8.600126
2026-03-27,9.170000,2025-11-14,2025-09-30,0.170000,-0.290000,-31.620690,-25.636327,7.818999,11.969555,9.702045,7.434535,5.167025,2.899515,,,,,,,,,,8.835000,8.829833,8.675583,8.372667,8.835000,9.297465,8.372535,9.066232,8.603768
2026-03-30,9.130000,2025-11-14,2025-09-30,0.170000,-0.290000,-31.482759,-25.787797,7.753923,11.975736,9.727099,7.478461,5.229823,2.981186,,,,,,,,,,8.851000,8.833333,8.682917,8.372792,8.851000,9.331609,8.370391,9.091305,8.610695
2026-03-31,9.090000,2026-03-31,2025-12-31,0.440000,0.620000,14.661290,-25.554732,8.515187,-26.402766,-21.123350,-15.843934,-10.564518,-5.285102,,,,,,,,,,8.873000,8.835833,8.689917,8.376542,8.873000,9.355149,8.390851,9.114074,8.631926
2026-04-01,9.150000,2026-03-31,2025-12-31,0.440000,0.620000,14.758065,-25.320458,9.211885,-27.121421,-21.410052,-15.698684,-9.987315,-4.275947,,,,,,,,,,8.904000,8.838333,8.697167,8.382000,8.904000,9.372835,8.435165,9.138418,8.669582
2026-04-02,9.150000,2026-03-31,2025-12-31,0.440000,0.620000,14.758065,-25.088200,9.851413,-27.770436,-21.662560,-15.554684,-9.446808,-3.338932,,,,,,,,,,8.924000,8.840833,8.705667,8.390292,8.924000,9.399257,8.448743,9.161629,8.686371
2026-04-07,9.110000,2026-03-31,2025-12-31,0.440000,0.620000,14.693548,-24.854463,10.446884,-28.363904,-21.886836,-15.409767,-8.932699,-2.455631,,,,,,,,,,8.938000,8.843000,8.712583,8.396125,8.938000,9.418070,8.457930,9.178035,8.697965
2026-04-08,9.120000,2026-03-31,2025-12-31,0.440000,0.620000,14.709677,-24.620324,11.005954,-28.911984,-22.088292,-15.264601,-8.440909,-1.617218,,,,,,,,,,8.963500,8.845333,8.719417,8.403083,8.963500,9.423993,8.503007,9.193746,8.733254
2026-04-09,9.050000,2026-03-31,2025-12-31,0.440000,0.620000,14.596774,-24.387259,11.529832,-29.417092,-22.268596,-15.120101,-7.971605,-0.823109,,,,,,,,,,8.986500,8.846833,8.725750,8.409625,8.986500,9.413153,8.559847,9.199826,8.773174
2026-04-10,9.000000,2026-03-31,2025-12-31,0.440000,0.620000,14.516129,-24.155135,12.023941,-29.885871,-22.431027,-14.976184,-7.521340,-0.066497,,,,,,,,,,9.005500,8.848167,8.731833,8.414208,9.005500,9.395721,8.615279,9.200611,8.810389
2026-04-13,8.990000,2026-03-31,2025-12-31,0.440000,0.620000,14.500000,-23.922877,12.493996,-30.324739,-22.578461,-14.832184,-7.085907,0.660371,,,,,,,,,,9.025000,8.851833,8.737667,8.419333,9.025000,9.365742,8.684258,9.195371,8.854629
2026-04-14,9.030000,2026-03-31,2025-12-31,0.440000,0.620000,14.564516,-23.690350,12.944178,-30.738798,-22.713408,-14.688017,-6.662627,1.362764,,,,,,,,,,9.045000,8.854500,8.744000,8.424417,9.045000,9.330620,8.759380,9.187810,8.902190
2026-04-15,9.050000,2026-03-31,2025-12-31,0.440000,0.620000,14.596774,-23.457017,13.376325,-31.129994,-22.836672,-14.543351,-6.250029,2.043293,,,,,,,,,,9.065500,8.858167,8.750167,8.429333,9.065500,9.278298,8.852702,9.171899,8.959101
2026-04-16,9.040000,2026-03-31,2025-12-31,0.440000,0.620000,14.580645,-23.224221,13.790299,-31.498988,-22.949003,-14.399017,-5.849032,2.700954,,,,,,,,,,9.078500,8.862667,8.756500,8.434500,9.078500,9.244477,8.912523,9.161489,8.995511
2026-04-17,8.960000,2026-03-31,2025-12-31,0.440000,0.620000,14.451613,-22.992770,14.185301,-31.845290,-23.050404,-14.255517,-5.460631,3.334256,,,,,,,,,,9.082000,8.865333,8.762333,8.439458,9.082000,9.233567,8.930433,9.157784,9.006216
2026-04-20,8.990000,2026-03-31,2025-12-31,0.440000,0.620000,14.500000,-22.761049,14.566840,-32.174733,-23.143292,-14.111851,-5.080410,3.951031,,,,,,,,,,9.084000,8.868333,8.768500,8.444167,9.084000,9.229153,8.938847,9.156577,9.011423
2026-04-21,9.020000,2026-03-31,2025-12-31,0.440000,0.620000,14.548387,-22.529732,14.935517,-32.488476,-23.228455,-13.968434,-4.708413,4.551608,,,,,,,,,,9.085000,8.871833,8.775417,8.449208,9.085000,9.227976,8.942024,9.156488,9.013512
2026-04-22,9.020000,2026-03-31,2025-12-31,0.440000,0.620000,14.548387,-22.298012,15.292023,-32.786876,-23.305822,-13.824767,-4.343713,5.137342,,,,,,,,,,9.079000,8.874500,8.782083,8.454167,9.079000,9.222329,8.935671,9.150664,9.007336
2026-04-23,8.900000,2026-03-31,2025-12-31,0.440000,0.620000,14.354839,-22.067770,15.633221,-33.067211,-23.374614,-13.682017,-3.989420,5.703176,,,,,,,,,,9.066000,8.874833,8.787667,8.458583,9.066000,9.224732,8.907268,9.145366,8.986634
2026-04-24,8.900000,2026-03-31,2025-12-31,0.440000,0.620000,14.354839,-21.838603,15.963194,-33.334295,-23.437114,-13.539934,-3.642754,6.254427,,,,,,,,,,9.052500,8.876667,8.793917,8.462750,9.052500,9.219690,8.885310,9.136095,8.968905
2026-04-27,8.850000,2026-03-31,2025-12-31,0.440000,0.620000,14.274194,-21.609571,16.282017,-33.587635,-23.492784,-13.397934,-3.303083,6.791767,,,,,,,,,,9.036000,8.877500,8.799417,8.466667,9.036000,9.214933,8.857067,9.125466,8.946534
2026-04-28,8.890000,2026-03-31,2025-12-31,0.440000,0.620000,14.338710,-21.380001,16.592694,-33.830541,-23.543071,-13.255601,-2.968130,7.319340,,,,,,,,,,9.022000,8.878667,8.805250,8.470000,9.022000,9.200603,8.843397,9.111301,8.932699
2026-04-29,8.870000,2026-03-31,2025-12-31,0.440000,0.620000,14.306452,-21.151372,16.893625,-34.061946,-23.587898,-13.113851,-2.639803,7.834244,,,,,,,,,,9.009000,8.879500,8.811333,8.473292,9.009000,9.192292,8.825708,9.100646,8.917354
2026-04-30,8.850000,2026-03-31,2025-12-31,0.440000,0.620000,14.274194,-20.923146,17.185605,-34.282501,-23.627426,-12.972351,-2.317276,8.337799,,,,,,,,,,8.997000,8.880333,8.817333,8.476500,8.997000,9.189173,8.804827,9.093087,8.900913
2026-05-04,8.900000,2026-03-31,2025-12-31,0.440000,0.620000,14.354839,-20.695727,17.470403,-34.494651,-23.663001,-12.831351,-1.999701,8.831949,,,,,,,,,,8.984500,8.882000,8.824667,8.479667,8.984500,9.167052,8.801948,9.075776,8.893224
2026-05-05,8.890000,2026-03-31,2025-12-31,0.440000,0.620000,14.338710,-20.468173,17.747543,-34.697221,-23.693744,-12.690267,-1.686790,9.316686,,,,,,,,,,8.971500,8.882667,8.831750,8.482708,8.971500,9.140991,8.802009,9.056246,8.886754
2026-05-06,8.860000,2026-03-31,2025-12-31,0.440000,0.620000,14.290323,-20.239678,18.017285,-34.890034,-23.719317,-12.548601,-1.377884,9.792833,,,,,,,,,,8.959000,8.882833,8.837750,8.485583,8.959000,9.122243,8.795757,9.040622,8.877378
2026-05-07,8.770000,2026-03-31,2025-12-31,0.440000,0.620000,14.145161,-20.013603,18.277419,-35.072434,-23.740434,-12.408434,-1.076434,10.255566,,,,,,,,,,8.941500,8.881500,8.843750,8.488000,8.941500,9.107096,8.775904,9.024298,8.858702
2026-05-08,8.710000,2026-03-31,2025-12-31,0.440000,0.620000,14.048387,-19.788334,18.529634,-35.245514,-23.757141,-12.268767,-0.780394,10.707979,,,,,,,,,,8.924500,8.880167,8.849250,8.490417,8.924500,9.111608,8.737392,9.018054,8.830946
2026-05-11,8.670000,2026-03-31,2025-12-31,0.440000,0.620000,13.983871,-19.563334,18.774862,-35.410096,-23.769682,-12.129267,-0.488853,11.151562,,,,,,,,,,8.908000,8.878667,8.854250,8.492458,8.908000,9.123172,8.692828,9.015586,8.800414
2026-05-12,8.550000,2026-03-31,2025-12-31,0.440000,0.620000,13.790323,-19.336587,19.012492,-35.564174,-23.776429,-11.988684,-0.200939,11.586806,,,,,,,,,,8.886000,8.877000,8.856167,8.494542,8.886000,9.150249,8.621751,9.018124,8.753876
2026-05-13,8.380000,2026-03-31,2025-12-31,0.440000,0.620000,13.516129,-19.112393,19.240490,-35.707892,-23.778788,-11.849684,0.079420,12.008524,,,,,,,,,,8.853500,8.874167,8.856833,8.495875,8.853500,9.192494,8.514506,9.022997,8.684003
2026-05-14,8.300000,2026-03-31,2025-12-31,0.440000,0.620000,13.387097,-18.888200,19.461716,-35.843211,-23.776948,-11.710684,0.355580,12.421844,,,,,,,,,,8.816000,8.867833,8.856167,8.496958,8.816000,9.222650,8.409350,9.019325,8.612675
2026-05-15,8.260000,2026-05-15,2026-03-31,-0.220000,0.460000,17.956522,-18.627137,19.744409,-26.733340,-17.650912,-8.568483,0.513945,9.596373,,,,,,,,,,8.777000,8.859833,8.855917,8.497750,8.777000,9.239037,8.314963,9.008018,8.545982
2026-05-18,8.270000,2026-05-15,2026-03-31,-0.220000,0.460000,17.978261,-18.364550,20.020344,-26.866409,-17.657051,-8.447693,0.761665,9.971023,,,,,,,,,,8.742500,8.851333,8.854917,8.498500,8.742500,9.248001,8.236999,8.995251,8.489749
2026-05-19,8.270000,2026-05-15,2026-03-31,-0.220000,0.460000,17.978261,-18.099140,20.289717,-26.992144,-17.658874,-8.325604,1.007666,10.340935,,,,,,,,,,8.706500,8.842667,8.852167,8.499375,8.706500,9.239585,8.173415,8.973043,8.439957
2026-05-20,8.200000,2026-05-15,2026-03-31,-0.220000,0.460000,17.826087,-17.697141,20.520254,-27.019318,-17.580002,-8.140685,1.298632,10.737949,,,,,,,,,,8.665500,8.832833,8.847000,8.499917,8.665500,9.222653,8.108347,8.944077,8.386923
2026-05-21,8.220000,2026-05-15,2026-03-31,-0.220000,0.460000,17.869565,-17.294492,20.740810,-27.037011,-17.496239,-7.955466,1.585306,11.126079,,,,,,,,,,8.625500,8.823000,8.841917,8.500250,8.625500,9.190309,8.060691,8.907905,8.343095
2026-05-22,8.160000,2026-05-15,2026-03-31,-0.220000,0.460000,17.739130,-16.898390,20.952903,-27.049930,-17.411595,-7.773259,1.865076,11.503412,,,,,,,,,,8.588500,8.812000,8.837917,8.500458,8.588500,9.174163,8.002837,8.881331,8.295669
2026-05-25,8.200000,2026-05-15,2026-03-31,-0.220000,0.460000,17.826087,-16.505299,21.158904,-27.058629,-17.325533,-7.592438,2.140658,11.873754,,,,,,,,,,8.553500,8.801833,8.835333,8.500750,8.553500,9.144423,7.962577,8.848962,8.258038
2026-05-26,8.180000,2026-05-15,2026-03-31,-0.220000,0.460000,17.782609,-16.109122,21.352854,-27.054822,-17.232509,-7.410196,2.412117,12.234430,,,,,,,,,,8.520000,8.791167,8.831583,8.501083,8.520000,9.116093,7.923907,8.818046,8.221954
2026-05-27,8.060000,2026-05-15,2026-03-31,-0.220000,0.460000,17.521739,-15.711671,21.532014,-27.036821,-17.132095,-7.227369,2.677358,12.582084,,,,,,,,,,8.478500,8.778500,8.825833,8.501167,8.478500,9.081659,7.875341,8.780080,8.176920
2026-05-28,8.060000,2026-05-15,2026-03-31,-0.220000,0.460000,17.521739,-15.305886,21.696406,-27.001401,-17.021054,-7.040708,2.939639,12.919986,,,,,,,,,,8.438000,8.766000,8.817667,8.501583,8.438000,9.039248,7.836752,8.738624,8.137376
2026-05-29,8.160000,2026-05-15,2026-03-31,-0.220000,0.460000,17.739130,-14.903750,21.858701,-26.965730,-16.910727,-6.855725,3.199277,13.254280,,,,,,,,,,8.403500,8.757833,8.811917,8.502167,8.403500,8.984036,7.822964,8.693768,8.113232
2026-06-01,8.200000,2026-05-15,2026-03-31,-0.220000,0.460000,17.826087,-14.500889,22.013464,-26.922796,-16.796602,-6.670409,3.455785,13.581978,,,,,,,,,,8.368500,8.752333,8.806500,8.502583,8.368500,8.905794,7.831206,8.637147,8.099853
2026-06-02,8.260000,2026-05-15,2026-03-31,-0.220000,0.460000,17.956522,-14.095504,22.160265,-26.871376,-16.677654,-6.483932,3.709790,13.903512,,,,,,,,,,8.337000,8.744167,8.801167,8.503292,8.337000,8.816302,7.857698,8.576651,8.097349
2026-06-03,8.530000,2026-05-15,2026-03-31,-0.220000,0.460000,18.543478,-13.683791,22.304623,-26.814797,-16.554671,-6.294544,3.965583,14.225710,,,,,,,,,,8.320500,8.739167,8.797667,8.505208,8.320500,8.743396,7.897604,8.531948,8.109052
2026-06-04,8.440000,2026-05-15,2026-03-31,-0.220000,0.460000,18.347826,-13.272559,22.437201,-26.747602,-16.426490,-6.105377,4.215735,14.536848,,,,,,,,,,8.304000,8.736333,8.793083,8.506958,8.304000,8.675704,7.932296,8.489852,8.118148
2026-06-05,8.540000,2026-05-15,2026-03-31,-0.220000,0.460000,18.565217,-12.859228,22.563745,-26.673890,-16.294568,-5.915245,4.464078,14.843400,,,,,,,,,,8.295500,8.735500,8.789250,8.508875,8.295500,8.634444,7.956556,8.464972,8.126028
2026-06-08,8.450000,2026-05-15,2026-03-31,-0.220000,0.460000,18.369565,-12.446953,22.679272,-26.590529,-16.158064,-5.725598,4.706867,15.139332,,,,,,,,,,8.284500,8.732667,8.784500,8.510458,8.284500,8.584288,7.984712,8.434394,8.134606
2026-06-09,8.420000,2026-05-15,2026-03-31,-0.220000,0.460000,18.304348,-12.036371,22.786929,-26.500705,-16.018718,-5.536731,4.945257,15.427244,,,,,,,,,,8.278000,8.729667,8.779833,8.512125,8.278000,8.558571,7.997429,8.418285,8.137715
2026-06-10,8.440000,2026-05-15,2026-03-31,-0.220000,0.460000,18.347826,-11.625139,22.886887,-26.403500,-15.875532,-5.347564,5.180404,15.708372,,,,,,,,,,8.281000,8.726500,8.775250,8.513625,8.281000,8.567386,7.994614,8.424193,8.137807
2026-06-11,8.460000,2026-05-15,2026-03-31,-0.220000,0.460000,18.391304,-11.216418,22.981933,-26.302930,-15.731241,-5.159552,5.412137,15.983826,,,,,,,,,,8.289000,8.723500,8.771667,8.515458,8.289000,8.586350,7.991650,8.437675,8.140325
2026-06-12,8.490000,2026-05-15,2026-03-31,-0.220000,0.460000,18.456522,-10.804281,23.067466,-26.192037,-15.581003,-4.969969,5.641065,16.252099,,,,,,,,,,8.300500,8.718667,8.767500,8.517333,8.300500,8.610643,7.990357,8.455571,8.145429
2026-06-15,8.590000,2026-05-15,2026-03-31,-0.220000,0.460000,18.673913,-10.390044,23.147310,-26.074946,-15.427183,-4.779420,5.868343,16.516105,,,,,,,,,,8.316500,8.713667,8.764083,8.519833,8.316500,8.651998,7.981002,8.484249,8.148751
2026-06-16,8.540000,2026-05-15,2026-03-31,-0.220000,0.460000,18.565217,-9.977863,23.219353,-25.951621,-15.270719,-4.589817,6.091085,16.771988,,,,,,,,,,8.330000,8.706833,8.760583,8.522833,8.330000,8.679074,7.980926,8.504537,8.155463
2026-06-17,8.540000,2026-05-15,2026-03-31,-0.220000,0.460000,18.565217,-9.563670,23.281947,-25.818679,-15.108984,-4.399288,6.310407,17.020103,,,,,,,,,,8.347000,8.699167,8.756500,8.525542,8.347000,8.702474,7.991526,8.524737,8.169263
2026-06-18,8.520000,2026-05-15,2026-03-31,-0.220000,0.460000,18.521739,-9.150989,23.337616,-25.680061,-14.944758,-4.209455,6.525848,17.261152,,,,,,,,,,8.362000,8.688833,8.752583,8.527958,8.362000,8.720218,8.003782,8.541109,8.182891
2026-06-22,8.430000,2026-05-15,2026-03-31,-0.220000,0.460000,18.326087,-8.741662,23.385547,-25.535868,-14.778516,-4.021165,6.736187,17.493539,,,,,,,,,,8.375500,8.676667,8.748417,8.530000,8.375500,8.721817,8.029183,8.548659,8.202341
2026-06-23,8.370000,2026-05-15,2026-03-31,-0.220000,0.460000,18.195652,-8.334859,23.426309,-25.386240,-14.610137,-3.834035,6.942067,17.718169,,,,,,,,,,8.384000,8.663333,8.744167,8.531333,8.384000,8.720383,8.047617,8.552192,8.215808
2026-06-24,8.440000,2026-05-15,2026-03-31,-0.220000,0.460000,18.347826,-7.922191,23.456776,-25.224441,-14.434325,-3.644208,7.145909,17.936026,,,,,,,,,,8.397000,8.651000,8.739167,8.533042,8.397000,8.720019,8.073981,8.558509,8.235491
2026-06-25,8.420000,2026-05-15,2026-03-31,-0.220000,0.460000,18.304348,-7.510459,23.480072,-25.056477,-14.255644,-3.454811,7.346022,18.146855,,,,,,,,,,8.415000,8.638500,8.734167,8.535083,8.415000,8.696388,8.133612,8.555694,8.274306
2026-06-26,8.350000,2026-05-15,2026-03-31,-0.220000,0.460000,18.152174,-7.102869,23.497630,-24.885139,-14.076230,-3.267320,7.541590,18.350500,,,,,,,,,,8.429500,8.625500,8.729417,8.536708,8.429500,8.658959,8.200041,8.544230,8.314770
2026-06-29,8.450000,2026-05-15,2026-03-31,-0.220000,0.460000,18.369565,-6.692893,23.509395,-24.707374,-13.893053,-3.078731,7.735591,18.549913,,,,,,,,,,8.444000,8.614833,8.725333,8.538458,8.444000,8.635218,8.252782,8.539609,8.348391
2026-06-30,8.530000,2026-05-15,2026-03-31,-0.220000,0.460000,18.543478,-6.279743,23.513663,-24.521251,-13.704967,-2.888682,7.927603,18.743888,,,,,,,,,,8.460500,8.604500,8.721417,8.540500,8.460500,8.616836,8.304164,8.538668,8.382332
2026-07-01,8.570000,2026-05-15,2026-03-31,-0.220000,0.460000,18.630435,-5.865869,23.511369,-24.328759,-13.513529,-2.698300,8.116930,18.932160,,,,,,,,,,8.476000,8.594833,8.717833,8.542792,8.476000,8.608252,8.343748,8.542126,8.409874
2026-07-02,9.250000,2026-05-15,2026-03-31,-0.220000,0.460000,20.108696,-5.440250,23.515470,-24.136747,-13.319631,-2.502515,8.314601,19.131717,,,,,,,,,,8.512000,8.597167,8.720083,8.548125,8.512000,8.882865,8.141135,8.697433,8.326567
2026-07-03,9.120000,2026-05-15,2026-03-31,-0.220000,0.460000,19.826087,-5.016987,23.509278,-23.936349,-13.122082,-2.307814,8.506454,19.320721,,,,,,,,,,8.546000,8.597167,8.721250,8.552792,8.546000,9.003609,8.088391,8.774805,8.317195
2026-07-06,9.100000,2026-05-15,2026-03-31,-0.220000,0.460000,19.782609,-4.594661,23.495666,-23.729557,-12.921550,-2.113544,8.694463,19.502469,,,,,,,,,,8.574000,8.598000,8.722417,8.557292,8.574000,9.094300,8.053700,8.834150,8.313850
2026-07-07,9.020000,2026-05-15,2026-03-31,-0.220000,0.460000,19.608696,-4.174933,23.474217,-23.516749,-12.718609,-1.920469,8.877671,19.675810,,,,,,,,,,8.602500,8.598333,8.723250,8.561750,8.602500,9.155611,8.049389,8.879055,8.325945
2026-07-08,8.840000,2026-05-15,2026-03-31,-0.220000,0.460000,19.217391,-3.762776,23.446879,-23.302006,-12.516442,-1.730877,9.054687,19.840252,,,,,,,,,,8.623500,8.595833,8.723833,8.565000,8.623500,9.179322,8.067678,8.901411,8.345589
2026-07-09,8.840000,2026-05-15,2026-03-31,-0.220000,0.460000,19.217391,-3.347746,23.408844,-23.076100,-12.308032,-1.539963,9.228105,19.996173,,,,,,,,,,8.643500,8.592667,8.723583,8.568333,8.643500,9.200306,8.086694,8.921903,8.365097
2026-07-13,8.810000,2026-05-15,2026-03-31,-0.220000,0.460000,19.152174,-2.934409,23.364163,-22.844858,-12.097343,-1.349828,9.397687,20.145201,,,,,,,,,,8.661000,8.588667,8.723417,8.571708,8.661000,9.215518,8.106482,8.938259,8.383741
2026-07-14,8.630000,2026-05-15,2026-03-31,-0.220000,0.460000,18.760870,-2.526057,23.311052,-22.608154,-11.885070,-1.161986,9.561098,20.284181,,,,,,,,,,8.668000,8.581833,8.722250,8.574208,8.668000,9.216936,8.119064,8.942468,8.393532
2026-07-15,8.800000,2026-05-15,2026-03-31,-0.220000,0.460000,19.130435,-2.113763,23.252349,-22.364492,-11.668412,-0.972331,9.723749,20.419829,,,,,,,,,,8.678500,8.579167,8.722250,8.577333,8.678500,9.229185,8.127815,8.953842,8.403158
2026-07-16,8.880000,2026-05-15,2026-03-31,-0.220000,0.460000,19.304348,-1.699733,23.187065,-22.113977,-11.447927,-0.781877,9.884173,20.550223,,,,,,,,,,8.695500,8.577333,8.722833,8.580958,8.695500,9.249166,8.141834,8.972333,8.418667
2026-07-17,8.730000,2026-05-15,2026-03-31,-0.220000,0.460000,18.978261,-1.288420,23.111698,-21.855435,-11.224054,-0.592673,10.038708,20.670089,,,,,,,,,,8.705000,8.572500,8.722167,8.583917,8.705000,9.253932,8.156068,8.979466,8.430534
2026-07-20,8.640000,2026-05-15,2026-03-31,-0.220000,0.460000,18.782609,-0.877300,23.025404,-21.586930,-10.995244,-0.403558,10.188128,20.779814,,,,,,,,,,8.711000,8.566167,8.720333,8.586667,8.711000,9.254009,8.167991,8.982505,8.439495
2026-07-21,8.740000,2026-05-15,2026-03-31,-0.220000,0.460000,19.000000,-0.463795,22.932136,-21.310911,-10.762128,-0.213346,10.335437,20.884219,,,,,,,,,,8.726500,8.563500,8.719167,8.589542,8.726500,9.253189,8.199811,8.989844,8.463156
2026-07-22,8.800000,2026-05-15,2026-03-31,-0.220000,0.460000,19.130435,-0.051788,22.835327,-21.032323,-10.528073,-0.023823,10.480428,20.984678,,,,,,,,,,8.748000,8.561833,8.719250,8.592708,8.748000,9.247836,8.248164,8.997918,8.498082
2026-07-23,8.500000,2026-05-15,2026-03-31,-0.220000,0.460000,18.478261,0.355071,22.725737,-20.744346,-10.290507,0.163333,10.617172,21.071011,,,,,,,,,,8.751000,8.556000,8.716750,8.594667,8.751000,9.243722,8.258278,8.997361,8.504639
2026-07-24,8.450000,2026-05-15,2026-03-31,-0.220000,0.460000,18.369565,0.761599,22.606723,-20.447849,-10.048757,0.350335,10.749428,21.148520,,,,,,,,,,8.752500,8.548667,8.713667,8.596458,8.752500,9.241145,8.263855,8.996822,8.508178
2026-07-27,8.390000,2026-05-15,2026-03-31,-0.220000,0.460000,18.239130,1.167040,22.478830,-20.143685,-9.803423,0.536838,10.877100,21.217362,,,,,,,,,,8.754500,8.540667,8.710083,8.598042,8.754500,9.236490,8.272510,8.995495,8.513505
2026-07-28,8.340000,2026-05-15,2026-03-31,-0.220000,0.460000,18.130435,1.571000,22.342937,-19.832842,-9.555091,0.722660,11.000411,21.278162,,,,,,,,,,8.749000,8.532167,8.706250,8.599375,8.749000,9.247837,8.250163,8.998418,8.499582
2026-07-29,8.280000,2026-05-15,2026-03-31,-0.220000,0.460000,18.000000,1.973874,22.198007,-19.514184,-9.303101,0.907982,11.119065,21.330148,,,,,,,,,,8.736500,8.521833,8.701917,8.600667,8.736500,9.269783,8.203217,9.003141,8.469859
2026-07-30,8.180000,2026-05-15,2026-03-31,-0.220000,0.460000,17.782609,2.376373,22.041259,-19.184827,-9.045848,1.093131,11.232110,21.371089,,,,,,,,,,8.717000,8.510000,8.696333,8.601542,8.717000,9.301937,8.132063,9.009469,8.424531
2026-07-31,8.220000,2026-05-15,2026-03-31,-0.220000,0.460000,17.869565,2.779596,21.876424,-18.847696,-8.784541,1.278614,11.341769,21.404924,,,,,,,,,,8.665500,8.499333,8.691083,8.602583,8.665500,9.233987,8.097013,8.949744,8.381256
2026-08-03,8.270000,2026-05-15,2026-03-31,-0.220000,0.460000,17.978261,3.183725,21.703404,-18.502618,-8.519052,1.464514,11.448080,21.431646,,,,,,,,,,8.623000,8.491000,8.686250,8.603833,8.623000,9.175281,8.070719,8.899141,8.346859
2026-08-04,8.250000,2026-05-15,2026-03-31,-0.220000,0.460000,17.934783,3.585768,21.523846,-18.152485,-8.251516,1.649453,11.550422,21.451392,,,,,,,,,,8.580500,8.483333,8.681750,8.604917,8.580500,9.108514,8.052486,8.844507,8.316493
2026-08-05,8.300000,2026-05-15,2026-03-31,-0.220000,0.460000,18.043478,3.987854,21.337133,-17.795750,-7.980668,1.834413,11.649494,21.464576,,,,,,,,,,8.544500,8.477167,8.677917,8.606208,8.544500,9.043740,8.045260,8.794120,8.294880
2026-08-06,8.250000,2026-05-15,2026-03-31,-0.220000,0.460000,17.934783,4.385874,21.145661,-17.436506,-7.709502,2.017502,11.744506,21.471511,,,,,,,,,,8.515000,8.472167,8.674583,8.607167,8.515000,9.010432,8.019568,8.762716,8.267284
2026-08-07,8.280000,2026-05-15,2026-03-31,-0.220000,0.460000,18.000000,4.781564,20.949923,-17.074409,-7.437445,2.199519,11.836484,21.473448,,,,,,,,,,8.487000,8.470500,8.672333,8.608292,8.487000,8.968187,8.005813,8.727594,8.246406
2026-08-10,8.290000,2026-05-15,2026-03-31,-0.220000,0.460000,18.021739,5.181170,20.738505,-16.696087,-7.156374,2.383338,11.923051,21.462763,,,,,,,,,,8.461000,8.470333,8.669083,8.609417,8.461000,8.924574,7.997426,8.692787,8.229213
2026-08-11,8.300000,2026-05-15,2026-03-31,-0.220000,0.460000,18.043478,5.582682,20.514156,-16.304990,-6.868478,2.568034,12.004546,21.441057,,,,,,,,,,8.444500,8.471000,8.665417,8.610750,8.444500,8.906235,7.982765,8.675367,8.213633
2026-08-12,8.300000,2026-05-15,2026-03-31,-0.220000,0.460000,18.043478,5.985343,20.277243,-15.901805,-6.574274,2.753258,12.080790,21.408321,,,,,,,,,,8.419500,8.471500,8.661417,8.611833,8.419500,8.853501,7.985499,8.636500,8.202500
2026-08-13,8.290000,2026-05-15,2026-03-31,-0.220000,0.460000,18.021739,6.388111,20.028730,-15.487901,-6.274685,2.938531,12.151747,21.364962,,,,,,,,,,8.390000,8.471833,8.657250,8.612833,8.390000,8.768918,8.011082,8.579459,8.200541
2026-08-14,8.310000,2026-08-14,2026-06-30,0.130000,0.520000,15.980769,6.773870,19.759954,-17.027940,-6.752764,3.522412,13.797588,24.072765,,,,,,,,,,8.369000,8.473667,8.653250,8.613792,8.369000,8.713576,8.024424,8.541288,8.196712
2026-08-17,8.280000,2026-08-14,2026-06-30,0.130000,0.520000,15.923077,7.159723,19.478435,-16.534516,-6.405730,3.723056,13.851842,23.980628,,,,,,,,,,8.351000,8.474667,8.648833,8.614458,8.351000,8.672830,8.029170,8.511915,8.190085
2026-08-18,8.270000,2026-08-14,2026-06-30,0.130000,0.520000,15.903846,7.545703,19.184319,-16.027926,-6.052080,3.923766,13.899612,23.875458,,,,,,,,,,8.327500,8.476500,8.644250,8.615125,8.327500,8.593533,8.061467,8.460517,8.194483
2026-08-19,8.180000,2026-08-14,2026-06-30,0.130000,0.520000,15.730769,7.929954,18.877648,-15.509178,-5.692801,4.123576,13.939953,23.756330,,,,,,,,,,8.296500,8.476167,8.639000,8.615250,8.296500,8.452405,8.140595,8.374452,8.218548
2026-08-20,8.230000,2026-08-14,2026-06-30,0.130000,0.520000,15.826923,8.315293,18.557611,-14.975963,-5.326005,4.323953,13.973910,23.623868,,,,,,,,,,8.283000,8.477000,8.634083,8.615042,8.283000,8.408505,8.157495,8.345753,8.220247
2026-08-21,8.310000,2026-08-14,2026-06-30,0.130000,0.520000,15.980769,8.701915,18.224253,-14.428228,-4.951616,4.524996,14.001607,23.478219,,,,,,,,,,8.276000,8.481167,8.629833,8.614958,8.276000,8.375133,8.176867,8.325567,8.226433
2026-08-24,8.330000,2026-08-14,2026-06-30,0.130000,0.520000,16.019231,9.088569,17.877019,-13.866043,-4.569994,4.726056,14.022106,23.318155,,,,,,,,,,8.273000,8.485667,8.625833,8.615000,8.273000,8.360564,8.185436,8.316782,8.229218
2026-08-25,8.230000,2026-08-14,2026-06-30,0.130000,0.520000,15.826923,9.469023,17.524177,-13.301252,-4.188680,4.923892,14.036464,23.149036,,,,,,,,,,8.267500,8.486833,8.622333,8.613708,8.267500,8.351072,8.183928,8.309286,8.225714
2026-08-26,8.280000,2026-08-14,2026-06-30,0.130000,0.520000,15.923077,9.846831,17.163859,-12.730061,-3.804855,5.120352,14.045559,22.970765,,,,,,,,,,8.267500,8.488167,8.620250,8.612667,8.267500,8.351072,8.183928,8.309286,8.225714
2026-08-27,8.280000,2026-08-14,2026-06-30,0.130000,0.520000,15.923077,10.230960,16.772036,-12.122819,-3.401360,5.320099,14.041558,22.763017,,,,,,,,,,8.272500,8.488500,8.616333,8.611833,8.272500,8.345301,8.199699,8.308901,8.236099
2026-08-28,8.290000,2026-08-14,2026-06-30,0.130000,0.520000,15.942308,10.617548,16.356000,-11.489115,-2.983995,5.521125,14.026245,22.531365,,,,,,,,,,8.276000,8.484500,8.611833,8.611167,8.276000,8.344794,8.207206,8.310397,8.241603
2026-08-31,8.320000,2026-08-14,2026-06-30,0.130000,0.520000,16.000000,10.998295,15.936226,-10.854561,-2.567724,5.719113,14.005951,22.292788,,,,,,,,,,8.278500,8.482500,8.609417,8.610667,8.278500,8.349958,8.207042,8.314229,8.242771
2026-09-01,8.310000,2026-08-14,2026-06-30,0.130000,0.520000,15.980769,11.378307,15.497147,-10.200313,-2.141797,5.916720,13.975236,22.033753,,,,,,,,,,8.281500,8.478667,8.607083,8.610083,8.281500,8.352958,8.210042,8.317229,8.245771
2026-09-02,8.290000,2026-08-14,2026-06-30,0.130000,0.520000,15.942308,11.758861,15.033091,-9.519807,-1.702600,6.114608,13.931815,21.749023,,,,,,,,,,8.281000,8.476000,8.604333,8.609333,8.281000,8.352052,8.209948,8.316526,8.245474
2026-09-03,8.290000,2026-08-14,2026-06-30,0.130000,0.520000,15.942308,12.138840,14.545876,-8.815515,-1.251659,6.312197,13.876052,21.439908,,,,,,,,,,8.283000,8.473833,8.601750,8.608500,8.283000,8.352615,8.213385,8.317808,8.248192
2026-09-04,8.280000,2026-08-14,2026-06-30,0.130000,0.520000,15.923077,12.519521,14.028738,-8.079736,-0.784793,6.510151,13.805095,21.100038,,,,,,,,,,8.283000,8.471167,8.598833,8.607917,8.283000,8.352615,8.213385,8.317808,8.248192
2026-09-07,8.230000,2026-08-14,2026-06-30,0.130000,0.520000,15.826923,12.899688,13.479861,-7.311217,-0.301690,6.707838,13.717365,20.726893,,,,,,,,,,8.280000,8.467333,8.595417,8.607417,8.280000,8.353413,8.206587,8.316707,8.243293
2026-09-08,8.200000,2026-08-14,2026-06-30,0.130000,0.520000,15.769231,13.283397,12.882640,-6.490580,0.208393,6.907366,13.606339,20.305312,,,,,,,,,,8.275000,8.462500,8.590583,8.606708,8.275000,8.355916,8.194084,8.315458,8.234542
2026-09-09,8.190000,2026-08-14,2026-06-30,0.130000,0.520000,15.750000,13.670107,12.232712,-5.613565,0.747445,7.108455,13.469466,19.830476,,,,,,,,,,8.269500,8.455833,8.584750,8.606208,8.269500,8.357871,8.181129,8.313686,8.225314
2026-09-10,8.150000,2026-08-14,2026-06-30,0.130000,0.520000,15.673077,14.057899,11.526338,-4.677284,1.316412,7.310108,13.303804,19.297500,,,,,,,,,,8.262500,8.449333,8.578083,8.605500,8.262500,8.365072,8.159928,8.313786,8.211214
2026-09-11,8.080000,2026-08-14,2026-06-30,0.130000,0.520000,15.538462,14.446007,10.753430,-3.671643,1.920140,7.511924,13.103707,18.695491,,,,,,,,,,8.251000,8.441667,8.570417,8.604625,8.251000,8.379456,8.122544,8.315228,8.186772
2026-09-14,8.080000,2026-08-14,2026-06-30,0.130000,0.520000,15.538462,14.838138,9.886259,-2.565877,2.574977,7.715832,12.856686,17.997541,,,,,,,,,,8.241000,8.434333,8.561583,8.603792,8.241000,8.389523,8.092477,8.315261,8.166739
2026-09-15,7.980000,2026-08-14,2026-06-30,0.130000,0.520000,15.346154,15.229241,8.914872,-1.352262,3.283472,7.919205,12.554939,17.190672,,,,,,,,,,8.226500,8.426833,8.551750,8.602667,8.226500,8.414484,8.038516,8.320492,8.132508
2026-09-16,8.020000,2026-08-14,2026-06-30,0.130000,0.520000,15.423077,15.621273,7.802282,0.008688,4.065875,8.123062,12.180249,16.237435,,,,,,,,,,8.218500,8.421000,8.542167,8.601625,8.218500,8.427283,8.009717,8.322892,8.114108
2026-09-17,8.020000,2026-08-14,2026-06-30,0.130000,0.520000,15.423077,16.013591,6.476009,1.592018,4.959543,8.327068,11.694592,15.062117,,,,,,,,,,8.208000,8.414000,8.532500,8.600417,8.208000,8.434702,7.981298,8.321351,8.094649
2026-09-18,8.020000,2026-08-14,2026-06-30,0.130000,0.520000,15.423077,16.405623,4.766467,3.573798,6.052361,8.530924,11.009487,13.488050,,,,,,,,,,8.193500,8.407333,8.522917,8.599250,8.193500,8.429633,7.957367,8.311567,8.075433
2026-09-21,8.020000,2026-08-14,2026-06-30,0.130000,0.520000,15.423077,16.796505,1.817099,6.844400,7.789291,8.734182,9.679074,10.623965,,,,,,,,,,8.178000,8.401833,8.513667,8.598292,8.178000,8.417086,7.938914,8.297543,8.058457
2026-09-22,8.020000,2026-08-14,2026-06-30,0.130000,0.520000,15.423077,16.802853,1.810896,6.854151,7.795817,8.737484,9.679150,10.620816,,,,,,,,,,8.167500,8.394667,8.504750,8.597333,8.167500,8.415258,7.919742,8.291379,8.043621
2026-09-23,8.080000,2026-08-14,2026-06-30,0.130000,0.520000,15.538462,16.809356,1.804883,6.863787,7.802326,8.740865,9.679404,10.617943,,,,,,,,,,8.157500,8.387167,8.495833,8.596500,8.157500,8.402266,7.912734,8.279883,8.035117
2026-09-24,8.100000,2026-08-14,2026-06-30,0.130000,0.520000,15.576923,16.816180,1.798599,6.873871,7.809142,8.744414,9.679685,10.614957,,,,,,,,,,8.148500,8.379333,8.487083,8.596375,8.148500,8.387469,7.909531,8.267985,8.029015
2026-09-29,8.040000,2026-08-14,2026-06-30,0.130000,0.520000,15.461538,16.822580,1.792338,6.883710,7.815726,8.747742,9.679757,10.611773,,,,,,,,,,8.136000,8.359167,8.478167,8.595375,8.136000,8.369905,7.902095,8.252953,8.019047
2026-09-30,8.140000,2026-08-14,2026-06-30,0.130000,0.520000,15.653846,16.830448,1.785042,6.895389,7.823611,8.751833,9.680055,10.608277,,,,,,,,,,8.127000,8.342833,8.470000,8.594708,8.127000,8.344362,7.909638,8.235681,8.018319
2026-10-01,8.130000,2026-08-14,2026-06-30,0.130000,0.520000,15.634615,16.839097,1.776624,6.908642,7.832486,8.756330,9.680175,10.604019,,,,,,,,,,8.118000,8.326667,8.462333,8.594042,8.118000,8.317642,7.918358,8.217821,8.018179
2026-10-02,8.130000,2026-08-14,2026-06-30,0.130000,0.520000,15.634615,16.848417,1.767243,6.923244,7.842211,8.761177,9.680144,10.599110,,,,,,,,,,8.110000,8.311833,8.455083,8.593458,8.110000,8.292728,7.927272,8.201364,8.018636
