# chart-version: skill-stock-dynamic-valuation-box@1.10.0; font: noto-sans-cjk-tc-v1; Updated: 2026-10-04 03:42 CST (1.10.0)
date,close,available_date,period_end,eps,ttm_eps,pe,pe_mean,pe_std,price_m2,price_m1,price_mean,price_p1,price_p2,forward_eps,forward_pe,forward_pe_mean,forward_pe_std,forward_price_m2,forward_price_m1,forward_price_mean,forward_price_p1,forward_price_p2,sma20,sma60,sma120,sma240,bband_mid,bband_upper2,bband_lower2,bband_upper1,bband_lower1
2023-10-02,109.500000,2023-08-14,2023-06-30,1.580000,5.740000,19.076655,20.706548,2.185493,93.766123,106.310855,118.855586,131.400318,143.945050,,,,,,,,,,105.875000,103.248333,104.505000,101.202917,105.875000,110.868417,100.881583,108.371708,103.378292
2023-10-03,109.500000,2023-08-14,2023-06-30,1.580000,5.740000,19.076655,20.699848,2.189276,93.684239,106.250682,118.817125,131.383569,143.950012,,,,,,,,,,106.250000,103.265000,104.584167,101.230000,106.250000,111.143605,101.356395,108.696802,103.803198
2023-10-04,109.000000,2023-08-14,2023-06-30,1.580000,5.740000,18.989547,20.690764,2.194127,93.576412,106.170700,118.764988,131.359276,143.953565,,,,,,,,,,106.600000,103.315000,104.650833,101.252917,106.600000,111.206631,101.993369,108.903316,104.296684
2023-10-05,109.000000,2023-08-14,2023-06-30,1.580000,5.740000,18.989547,20.681681,2.198929,93.469142,106.090996,118.712851,131.334706,143.956560,,,,,,,,,,106.950000,103.348333,104.717500,101.271667,106.950000,111.128894,102.771106,109.039447,104.860553
2023-10-06,109.000000,2023-08-14,2023-06-30,1.580000,5.740000,18.989547,20.673427,2.203440,93.369979,106.017724,118.665469,131.313213,143.960958,,,,,,,,,,107.200000,103.365000,104.788333,101.300833,107.200000,111.231455,103.168545,109.215728,105.184272
2023-10-11,108.500000,2023-08-14,2023-06-30,1.580000,5.740000,18.902439,20.665274,2.208202,93.268516,105.943595,118.618674,131.293754,143.968833,,,,,,,,,,107.475000,103.440000,104.859167,101.334167,107.475000,111.021310,103.928690,109.248155,105.701845
2023-10-12,108.500000,2023-08-14,2023-06-30,1.580000,5.740000,18.902439,20.657453,2.212803,93.170801,105.872291,118.573782,131.275273,143.976763,,,,,,,,,,107.700000,103.515000,104.931667,101.369583,107.700000,110.868928,104.531072,109.284464,106.115536
2023-10-13,107.500000,2023-08-14,2023-06-30,1.580000,5.740000,18.728223,20.648346,2.218516,93.052945,105.787226,118.521507,131.255789,143.990070,,,,,,,,,,107.875000,103.573333,104.996667,101.407500,107.875000,110.528201,105.221799,109.201600,106.548400
2023-10-16,107.500000,2023-08-14,2023-06-30,1.580000,5.740000,18.728223,20.640068,2.223850,92.944187,105.709087,118.473988,131.238888,144.003788,,,,,,,,,,108.050000,103.640000,105.065833,101.438750,108.050000,109.993951,106.106049,109.021976,107.078024
2023-10-17,107.500000,2023-08-14,2023-06-30,1.580000,5.740000,18.728223,20.632451,2.228856,92.843007,105.636639,118.430272,131.223904,144.017536,,,,,,,,,,108.125000,103.723333,105.138333,101.475000,108.125000,109.837954,106.412046,108.981477,107.268523
2023-10-18,107.000000,2023-08-14,2023-06-30,1.580000,5.740000,18.641115,20.623778,2.234603,92.727239,105.553863,118.380487,131.207111,144.033734,,,,,,,,,,108.175000,103.798333,105.205000,101.508333,108.175000,109.671487,106.678513,108.923244,107.426756
2023-10-19,107.000000,2023-08-14,2023-06-30,1.580000,5.740000,18.641115,20.614111,2.240693,92.601840,105.463418,118.324996,131.186575,144.048153,,,,,,,,,,108.175000,103.890000,105.266667,101.538333,108.175000,109.671487,106.678513,108.923244,107.426756
2023-10-20,107.000000,2023-08-14,2023-06-30,1.580000,5.740000,18.641115,20.603781,2.246951,92.470702,105.368202,118.265702,131.163202,144.060702,,,,,,,,,,108.150000,103.956667,105.325000,101.606250,108.150000,109.709352,106.590648,108.929676,107.370324
2023-10-23,105.500000,2023-08-14,2023-06-30,1.580000,5.740000,18.379791,20.591273,2.255172,92.304528,105.249218,118.193908,131.138598,144.083288,,,,,,,,,,108.025000,104.006667,105.370833,101.656667,108.025000,109.984457,106.065543,109.004729,107.045271
2023-10-24,106.000000,2023-08-14,2023-06-30,1.580000,5.740000,18.466899,20.579491,2.262597,92.151670,105.138975,118.126280,131.113586,144.100891,,,,,,,,,,107.925000,104.073333,105.420833,101.705833,107.925000,110.083825,105.766175,109.004413,106.845587
2023-10-25,105.000000,2023-08-14,2023-06-30,1.580000,5.740000,18.292683,20.566589,2.271242,91.978369,105.015295,118.052221,131.089148,144.126074,,,,,,,,,,107.750000,104.106667,105.464167,101.751250,107.750000,110.252630,105.247370,109.001315,106.498685
2023-10-26,103.500000,2023-08-14,2023-06-30,1.580000,5.740000,18.031359,20.550349,2.282410,91.756944,104.857975,117.959006,131.060037,144.161068,,,,,,,,,,107.525000,104.115000,105.489167,101.787917,107.525000,110.661794,104.388206,109.093397,105.956603
2023-10-27,104.000000,2023-08-14,2023-06-30,1.580000,5.740000,18.118467,20.535664,2.292402,91.557940,104.716326,117.874712,131.033098,144.191483,,,,,,,,,,107.325000,104.140000,105.522500,101.822083,107.325000,110.823496,103.826504,109.074248,105.575752
2023-10-30,105.000000,2023-08-14,2023-06-30,1.580000,5.740000,18.292683,20.522430,2.300783,91.385764,104.592257,117.798751,131.005244,144.211737,,,,,,,,,,107.175000,104.190000,105.564167,101.862500,107.175000,110.806369,103.543631,108.990685,105.359315
2023-10-31,104.000000,2023-08-14,2023-06-30,1.580000,5.740000,18.118467,20.508076,2.310423,91.192702,104.454530,117.716358,130.978186,144.240014,,,,,,,,,,106.975000,104.231667,105.599167,101.905000,106.975000,110.847644,103.102356,108.911322,105.038678
2023-11-01,103.000000,2023-08-14,2023-06-30,1.580000,5.740000,17.944251,20.492436,2.321439,90.976465,104.301524,117.626584,130.951643,144.276702,,,,,,,,,,106.650000,104.256667,105.626667,101.942917,106.650000,110.716552,102.583448,108.683276,104.616724
2023-11-02,105.000000,2023-08-14,2023-06-30,1.580000,5.740000,18.292683,20.479203,2.329468,90.808332,104.179477,117.550623,130.921768,144.292914,,,,,,,,,,106.425000,104.315000,105.668333,101.984583,106.425000,110.322030,102.527970,108.373515,104.476485
2023-11-03,104.000000,2023-08-14,2023-06-30,1.580000,5.740000,18.118467,20.464517,2.338809,90.616806,104.041567,117.466329,130.891090,144.315851,,,,,,,,,,106.175000,104.356667,105.701667,102.027500,106.175000,110.017628,102.332372,108.096314,104.253686
2023-11-06,105.000000,2023-08-14,2023-06-30,1.580000,5.740000,18.292683,20.451449,2.346578,90.452603,103.921961,117.391319,130.860677,144.330035,,,,,,,,,,105.975000,104.415000,105.744167,102.075417,105.975000,109.609267,102.340733,107.792133,104.157867
2023-11-07,105.500000,2023-08-14,2023-06-30,1.580000,5.740000,18.379791,20.428981,2.353446,90.244794,103.753573,117.262352,130.771132,144.279911,,,,,,,,,,105.800000,104.498333,105.790833,102.122500,105.800000,109.146640,102.453360,107.473320,104.126680
2023-11-08,105.000000,2023-08-14,2023-06-30,1.580000,5.740000,18.292683,20.403853,2.360070,90.024520,103.571319,117.118119,130.664918,144.211718,,,,,,,,,,105.625000,104.581667,105.824167,102.166667,105.625000,108.734832,102.515168,107.179916,104.070084
2023-11-09,105.000000,2023-08-14,2023-06-30,1.580000,5.740000,18.292683,20.373451,2.363598,89.809503,103.376557,116.943611,130.510665,144.077719,,,,,,,,,,105.450000,104.670000,105.832500,102.211250,105.450000,108.257884,102.642116,106.853942,104.046058
2023-11-10,104.500000,2023-08-14,2023-06-30,1.580000,5.740000,18.205575,20.341444,2.366757,89.589523,103.174707,116.759891,130.345075,143.930259,,,,,,,,,,105.300000,104.750000,105.832500,102.255417,105.300000,107.963595,102.636405,106.631797,103.968203
2023-11-13,104.000000,2023-08-14,2023-06-30,1.580000,5.740000,18.118467,20.309591,2.370768,89.360631,102.968840,116.577050,130.185259,143.793469,,,,,,,,,,105.125000,104.821667,105.832500,102.297083,105.125000,107.635504,102.614496,106.380252,103.869748
2023-11-14,104.500000,2023-11-14,2023-09-30,1.580000,5.900000,17.711864,20.276106,2.378900,91.558008,105.593518,119.629028,133.664538,147.700049,,,,,,,,,,104.975000,104.900000,105.845000,102.338750,104.975000,107.233901,102.716099,106.104450,103.845550
2023-11-15,105.000000,2023-11-14,2023-09-30,1.580000,5.900000,17.796610,20.241570,2.384604,91.286943,105.356104,119.425266,133.494428,147.563589,,,,,,,,,,104.875000,104.996667,105.853333,102.380833,104.875000,106.923748,102.826252,105.899374,103.850626
2023-11-16,104.000000,2023-11-14,2023-09-30,1.580000,5.900000,17.627119,20.206501,2.391900,90.993935,105.106146,119.218357,133.330567,147.442778,,,,,,,,,,104.725000,105.076667,105.857500,102.422500,104.725000,106.545208,102.904792,105.635104,103.814896
2023-11-17,105.500000,2023-11-14,2023-09-30,1.580000,5.900000,17.881356,20.175308,2.397653,90.742014,104.888167,119.034320,133.180473,147.326626,,,,,,,,,,104.650000,105.180000,105.882500,102.468333,104.650000,106.175226,103.124774,105.412613,103.887387
2023-11-20,105.000000,2023-11-14,2023-09-30,1.580000,5.900000,17.796610,20.141652,2.402496,90.486295,104.661019,118.835744,133.010469,147.185193,,,,,,,,,,104.625000,105.278333,105.895000,102.512083,104.625000,106.107352,103.142648,105.366176,103.883824
2023-11-21,106.500000,2023-11-14,2023-09-30,1.580000,5.900000,18.050847,20.110113,2.404914,90.271689,104.460678,118.649668,132.838658,147.027647,,,,,,,,,,104.650000,105.398333,105.920000,102.556667,104.650000,106.242747,103.057253,105.446373,103.853627
2023-11-22,107.000000,2023-11-14,2023-09-30,1.580000,5.900000,18.135593,20.078402,2.405658,90.075808,104.269190,118.462572,132.655954,146.849336,,,,,,,,,,104.750000,105.526667,105.945000,102.598333,104.750000,106.655670,102.844330,105.702835,103.797165
2023-11-23,107.000000,2023-11-14,2023-09-30,1.580000,5.900000,18.135593,20.044054,2.403710,89.896144,104.078031,118.259918,132.441805,146.623692,,,,,,,,,,104.925000,105.658333,105.957500,102.642500,104.925000,106.983998,102.866002,105.954499,103.895501
2023-11-24,107.000000,2023-11-14,2023-09-30,1.580000,5.900000,18.135593,20.007948,2.399526,89.732486,103.889688,118.046890,132.204092,146.361295,,,,,,,,,,105.075000,105.766667,105.961667,102.684167,105.075000,107.282046,102.867954,106.178523,103.971477
2023-11-27,106.000000,2023-11-14,2023-09-30,1.580000,5.900000,17.966102,19.969550,2.394983,89.559538,103.689941,117.820343,131.950746,146.081148,,,,,,,,,,105.125000,105.858333,105.953333,102.720833,105.125000,107.369877,102.880123,106.247439,104.002561
2023-11-28,107.000000,2023-11-14,2023-09-30,1.580000,5.900000,18.135593,19.931685,2.387689,89.422212,103.509578,117.596943,131.684309,145.771674,,,,,,,,,,105.275000,105.941667,105.949167,102.765000,105.275000,107.602750,102.947250,106.438875,104.111125
2023-11-29,106.500000,2023-11-14,2023-09-30,1.580000,5.900000,18.050847,19.892236,2.379246,89.289088,103.326639,117.364190,131.401741,145.439291,,,,,,,,,,105.450000,105.991667,105.936667,102.806667,105.450000,107.575039,103.324961,106.512519,104.387481
2023-11-30,106.000000,2023-11-14,2023-09-30,1.580000,5.900000,17.966102,19.846805,2.363358,89.208529,103.152341,117.096152,131.039963,144.983775,,,,,,,,,,105.500000,106.058333,105.895000,102.842083,105.500000,107.627514,103.372486,106.563757,104.436243
2023-12-01,107.000000,2023-11-14,2023-09-30,1.580000,5.900000,18.135593,19.794876,2.331446,89.278702,103.034236,116.789770,130.545304,144.300838,,,,,,,,,,105.650000,106.141667,105.824167,102.876250,105.650000,107.755132,103.544868,106.702566,104.597434
2023-12-04,106.000000,2023-11-14,2023-09-30,1.580000,5.900000,17.966102,19.744172,2.304117,89.302028,102.896321,116.490614,130.084907,143.679200,,,,,,,,,,105.700000,106.208333,105.757500,102.903333,105.700000,107.787557,103.612443,106.743779,104.656221
2023-12-05,106.000000,2023-11-14,2023-09-30,1.580000,5.900000,17.966102,19.695226,2.278631,89.313986,102.757908,116.201831,129.645753,143.089676,,,,,,,,,,105.725000,106.241667,105.699167,102.924167,105.725000,107.814447,103.635553,106.769724,104.680276
2023-12-06,106.000000,2023-11-14,2023-09-30,1.580000,5.900000,17.966102,19.639247,2.237190,89.472711,102.672134,115.871556,129.070979,142.270402,,,,,,,,,,105.775000,106.291667,105.607500,102.950417,105.775000,107.839104,103.710896,106.807052,104.742948
2023-12-07,106.500000,2023-11-14,2023-09-30,1.580000,5.900000,18.050847,19.587491,2.200903,89.595541,102.580868,115.566194,128.551521,141.536847,,,,,,,,,,105.850000,106.333333,105.536667,102.978333,105.850000,107.904520,103.795480,106.877260,104.822740
2023-12-08,106.000000,2023-11-14,2023-09-30,1.580000,5.900000,17.966102,19.535907,2.165175,89.712784,102.487318,115.261852,128.036385,140.810919,,,,,,,,,,105.925000,106.366667,105.465833,103.005000,105.925000,107.879078,103.970922,106.902039,104.947961
2023-12-11,106.000000,2023-11-14,2023-09-30,1.580000,5.900000,17.966102,19.483445,2.125618,89.870033,102.411178,114.952323,127.493468,140.034612,,,,,,,,,,106.025000,106.400000,105.390833,103.035000,106.025000,107.756291,104.293709,106.890645,105.159355
2023-12-12,106.000000,2023-11-14,2023-09-30,1.580000,5.900000,17.966102,19.432740,2.087994,90.014840,102.334003,114.653167,126.972330,139.291494,,,,,,,,,,106.100000,106.400000,105.324167,103.067083,106.100000,107.676138,104.523862,106.888069,105.311931
2023-12-13,107.000000,2023-11-14,2023-09-30,1.580000,5.900000,18.135593,19.380811,2.041209,90.260516,102.303651,114.346785,126.389919,138.433053,,,,,,,,,,106.200000,106.416667,105.253333,103.102083,106.200000,107.735544,104.664456,106.967772,105.432228
2023-12-14,110.500000,2023-11-14,2023-09-30,1.580000,5.900000,18.728814,19.333825,1.989711,90.590984,102.330277,114.069570,125.808863,137.548156,,,,,,,,,,106.525000,106.475000,105.211667,103.147917,106.525000,108.712885,104.337115,107.618943,105.431057
2023-12-15,109.500000,2023-11-14,2023-09-30,1.580000,5.900000,18.559322,19.288064,1.942915,90.873187,102.336384,113.799580,125.262777,136.725973,,,,,,,,,,106.725000,106.508333,105.174167,103.191667,106.725000,109.227104,104.222896,107.976052,105.473948
2023-12-18,108.000000,2023-11-14,2023-09-30,1.580000,5.900000,18.305085,19.244580,1.905362,91.059752,102.301387,113.543023,124.784658,136.026293,,,,,,,,,,106.875000,106.508333,105.145000,103.231250,106.875000,109.300197,104.449803,108.087598,105.662402
2023-12-19,107.000000,2023-11-14,2023-09-30,1.580000,5.900000,18.135593,19.195288,1.855852,91.353146,102.302673,113.252200,124.201727,135.151254,,,,,,,,,,106.900000,106.491667,105.086667,103.267083,106.900000,109.319221,104.480779,108.109611,105.690389
2023-12-20,108.000000,2023-11-14,2023-09-30,1.580000,5.900000,18.305085,19.148288,1.805278,91.672615,102.323756,112.974897,123.626037,134.277178,,,,,,,,,,106.950000,106.483333,105.040833,103.313333,106.950000,109.418752,104.481248,108.184376,105.715624
2023-12-21,109.500000,2023-11-14,2023-09-30,1.580000,5.900000,18.559322,19.104285,1.753580,92.023039,102.369160,112.715280,123.061400,133.407520,,,,,,,,,,107.075000,106.508333,105.011667,103.359583,107.075000,109.794810,104.355190,108.434905,105.715095
2023-12-22,108.500000,2023-11-14,2023-09-30,1.580000,5.900000,18.389831,19.057990,1.697129,92.416024,102.429084,112.442143,122.455203,132.468263,,,,,,,,,,107.150000,106.516667,104.970000,103.405000,107.150000,109.942848,104.357152,108.546424,105.753576
2023-12-25,107.000000,2023-11-14,2023-09-30,1.580000,5.900000,18.135593,19.010457,1.641030,92.797539,102.479616,112.161693,121.843771,131.525848,,,,,,,,,,107.200000,106.500000,104.920000,103.439167,107.200000,109.941494,104.458506,108.570747,105.829253
2023-12-26,108.000000,2023-11-14,2023-09-30,1.580000,5.900000,18.305085,18.964335,1.580835,93.235725,102.562651,111.889577,121.216502,130.543428,,,,,,,,,,107.250000,106.500000,104.878333,103.482500,107.250000,110.012531,104.487469,108.631266,105.868734
2023-12-27,107.500000,2023-11-14,2023-09-30,1.580000,5.900000,18.220339,18.922782,1.533201,93.552642,102.598527,111.644411,120.690296,129.736181,,,,,,,,,,107.300000,106.466667,104.857500,103.520417,107.300000,110.041494,104.558506,108.670747,105.929253
2023-12-28,107.500000,2023-11-14,2023-09-30,1.580000,5.900000,18.220339,18.883865,1.490317,93.829063,102.621934,111.414805,120.207677,129.000548,,,,,,,,,,107.375000,106.433333,104.849167,103.560000,107.375000,110.047964,104.702036,108.711482,106.038518
2023-12-29,107.500000,2023-11-14,2023-09-30,1.580000,5.900000,18.220339,18.849344,1.456651,94.022644,102.616887,111.211131,119.805374,128.399618,,,,,,,,,,107.400000,106.408333,104.861667,103.598333,107.400000,110.067544,104.732456,108.733772,106.066228
2024-01-02,107.000000,2023-11-14,2023-09-30,1.580000,5.900000,18.135593,18.812359,1.417097,94.271169,102.632043,110.992917,119.353791,127.714665,,,,,,,,,,107.450000,106.375000,104.861667,103.639167,107.450000,110.043514,104.856486,108.746757,106.153243
2024-01-03,106.500000,2023-11-14,2023-09-30,1.580000,5.900000,18.050847,18.772909,1.370715,94.585724,102.672944,110.760164,118.847384,126.934604,,,,,,,,,,107.475000,106.333333,104.849167,103.678750,107.475000,110.018826,104.931174,108.746913,106.203087
2024-01-04,107.500000,2023-11-14,2023-09-30,1.580000,5.900000,18.220339,18.741904,1.340193,94.762955,102.670095,110.577235,118.484375,126.391515,,,,,,,,,,107.550000,106.316667,104.878333,103.724583,107.550000,109.997340,105.102660,108.773670,106.326330
2024-01-05,107.000000,2023-11-14,2023-09-30,1.580000,5.900000,18.135593,18.710193,1.308509,94.949737,102.669938,110.390139,118.110341,125.830542,,,,,,,,,,107.575000,106.291667,104.903333,103.772083,107.575000,109.987140,105.162860,108.781070,106.368930
2024-01-08,107.000000,2023-11-14,2023-09-30,1.580000,5.900000,18.135593,18.678482,1.275243,95.155179,102.679111,110.203044,117.726976,125.250908,,,,,,,,,,107.625000,106.283333,104.928333,103.820000,107.625000,109.939144,105.310856,108.782072,106.467928
2024-01-09,107.000000,2023-11-14,2023-09-30,1.580000,5.900000,18.135593,18.647650,1.242582,95.358663,102.689898,110.021134,117.352370,124.683606,,,,,,,,,,107.675000,106.275000,104.957500,103.868750,107.675000,109.882046,105.467954,108.778523,106.571477
2024-01-10,106.000000,2023-11-14,2023-09-30,1.580000,5.900000,17.966102,18.617163,1.213471,95.522311,102.681788,109.841264,117.000741,124.160218,,,,,,,,,,107.675000,106.250000,104.986667,103.911667,107.675000,109.882046,105.467954,108.778523,106.571477
2024-01-11,106.500000,2023-11-14,2023-09-30,1.580000,5.900000,18.050847,18.587383,1.182503,95.712030,102.688796,109.665561,116.642327,123.619092,,,,,,,,,,107.650000,106.241667,105.020000,103.953333,107.650000,109.900146,105.399854,108.775073,106.524927
2024-01-12,106.000000,2023-11-14,2023-09-30,1.580000,5.900000,17.966102,18.558655,1.154819,95.869201,102.682633,109.496064,116.309495,123.122927,,,,,,,,,,107.425000,106.225000,105.057500,103.997500,107.425000,109.351956,105.498044,108.388478,106.461522
2024-01-15,105.500000,2023-11-14,2023-09-30,1.580000,5.900000,17.881356,18.526583,1.118888,96.103963,102.705402,109.306841,115.908280,122.509719,,,,,,,,,,107.225000,106.200000,105.078333,104.039583,107.225000,109.073897,105.376103,108.149449,106.300551
2024-01-16,105.000000,2023-11-14,2023-09-30,1.580000,5.900000,17.796610,18.494684,1.083843,96.329290,102.723964,109.118638,115.513312,121.907985,,,,,,,,,,107.075000,106.191667,105.099167,104.078333,107.075000,109.133998,105.016002,108.104499,106.045501
2024-01-17,104.500000,2023-11-14,2023-09-30,1.580000,5.900000,17.711864,18.462958,1.049757,96.544322,102.737888,108.931454,115.125021,121.318587,,,,,,,,,,106.950000,106.166667,105.120000,104.115417,106.950000,109.309750,104.590250,108.129875,105.770125
2024-01-18,105.000000,2023-11-14,2023-09-30,1.580000,5.900000,17.796610,18.430180,1.007445,96.850210,102.794137,108.738065,114.681992,120.625920,,,,,,,,,,106.800000,106.166667,105.136667,104.155000,106.800000,109.258069,104.341931,108.029035,105.570965
2024-01-19,105.000000,2023-11-14,2023-09-30,1.580000,5.900000,17.796610,18.397403,0.962152,97.191287,102.867981,108.544675,114.221369,119.898064,,,,,,,,,,106.575000,106.191667,105.153333,104.190833,106.575000,108.805766,104.344234,107.690383,105.459617
2024-01-22,105.000000,2023-11-14,2023-09-30,1.580000,5.900000,17.796610,18.365504,0.916641,97.540111,102.948291,108.356472,113.764653,119.172833,,,,,,,,,,106.400000,106.208333,105.174167,104.220000,106.400000,108.542306,104.257694,107.471153,105.328847
2024-01-23,105.500000,2023-11-14,2023-09-30,1.580000,5.900000,17.881356,18.335190,0.870463,97.906153,103.041888,108.177622,113.313356,118.449090,,,,,,,,,,106.325000,106.216667,105.203333,104.243750,106.325000,108.483825,104.166175,107.404413,105.245587
2024-01-24,105.500000,2023-11-14,2023-09-30,1.580000,5.900000,17.881356,18.305756,0.823974,98.281063,103.142510,108.003958,112.865405,117.726853,,,,,,,,,,106.200000,106.241667,105.236667,104.266667,106.200000,108.236509,104.163491,107.218254,105.181746
2024-01-25,105.500000,2023-11-14,2023-09-30,1.580000,5.900000,17.881356,18.276321,0.773572,98.702150,103.266222,107.830294,112.394366,116.958438,,,,,,,,,,106.100000,106.283333,105.270000,104.290833,106.100000,108.062812,104.137188,107.081406,105.118594
2024-01-26,105.500000,2023-11-14,2023-09-30,1.580000,5.900000,17.881356,18.246886,0.718432,99.179129,103.417879,107.656630,111.895381,116.134132,,,,,,,,,,106.000000,106.291667,105.303333,104.316667,106.000000,107.863782,104.136218,106.931891,105.068109
2024-01-29,105.500000,2023-11-14,2023-09-30,1.580000,5.900000,17.881356,18.217452,0.657366,99.726050,103.604508,107.482966,111.361425,115.239883,,,,,,,,,,105.900000,106.316667,105.336667,104.340417,105.900000,107.635087,104.164913,106.767543,105.032457
2024-01-30,105.000000,2023-11-14,2023-09-30,1.580000,5.900000,17.796610,18.187311,0.588952,100.355508,103.830322,107.305136,110.779950,114.254764,,,,,,,,,,105.800000,106.316667,105.365833,104.362083,105.800000,107.498296,104.101704,106.649148,104.950852
2024-01-31,104.500000,2023-11-14,2023-09-30,1.580000,5.900000,17.711864,18.158222,0.521067,100.984923,104.059217,107.133511,110.207805,113.282099,,,,,,,,,,105.700000,106.300000,105.399167,104.385833,105.700000,107.459186,103.940814,106.579593,104.820407
2024-02-01,105.000000,2023-11-14,2023-09-30,1.580000,5.900000,17.796610,18.130719,0.446396,101.703767,104.337503,106.971240,109.604976,112.238713,,,,,,,,,,105.575000,106.300000,105.440833,104.414167,105.575000,107.140248,104.009752,106.357624,104.792376
2024-02-02,105.000000,2023-11-14,2023-09-30,1.580000,5.900000,17.796610,18.134279,0.441954,101.777191,104.384719,106.992247,109.599775,112.207303,,,,,,,,,,105.475000,106.300000,105.485000,104.442500,105.475000,106.906782,104.043218,106.190891,104.759109
2024-02-05,104.500000,2023-11-14,2023-09-30,1.580000,5.900000,17.711864,18.137134,0.438061,101.839969,104.424529,107.009088,109.593648,112.178207,,,,,,,,,,105.350000,106.300000,105.525000,104.469583,105.350000,106.651821,104.048179,106.000910,104.699090
2024-02-15,106.000000,2023-11-14,2023-09-30,1.580000,5.900000,17.966102,18.142107,0.432625,101.933454,104.485942,107.038429,109.590917,112.143404,,,,,,,,,,105.300000,106.333333,105.577500,104.502083,105.300000,106.395445,104.204555,105.847723,104.752277
2024-02-16,107.500000,2023-11-14,2023-09-30,1.580000,5.900000,18.220339,18.149053,0.427051,102.040211,104.559812,107.079413,109.599015,112.118616,,,,,,,,,,105.375000,106.383333,105.641667,104.539583,105.375000,106.821411,103.928589,106.098206,104.651794
2024-02-19,107.000000,2023-11-14,2023-09-30,1.580000,5.900000,18.135593,18.156164,0.419534,102.170866,104.646118,107.121370,109.596623,112.071875,,,,,,,,,,105.400000,106.416667,105.706667,104.570000,105.400000,106.942384,103.857616,106.171192,104.628808
2024-02-20,106.500000,2023-11-14,2023-09-30,1.580000,5.900000,18.050847,18.162570,0.411877,102.299012,104.729086,107.159161,109.589235,112.019310,,,,,,,,,,105.425000,106.458333,105.767500,104.600833,105.425000,107.023519,103.826481,106.224260,104.625740
2024-02-21,107.000000,2023-11-14,2023-09-30,1.580000,5.900000,18.135593,18.169536,0.404157,102.431214,104.815738,107.200261,109.584785,111.969308,,,,,,,,,,105.500000,106.483333,105.831667,104.636667,105.500000,107.247178,103.752822,106.373589,104.626411
2024-02-22,106.000000,2023-11-14,2023-09-30,1.580000,5.900000,17.966102,18.175380,0.395951,102.562517,104.898629,107.234742,109.570854,111.906967,,,,,,,,,,105.550000,106.500000,105.889167,104.663750,105.550000,107.294163,103.805837,106.422082,104.677918
2024-02-23,108.000000,2023-11-14,2023-09-30,1.580000,5.900000,18.305085,18.183759,0.387819,102.707913,104.996044,107.284175,109.572307,111.860438,,,,,,,,,,105.725000,106.525000,105.961667,104.700417,105.725000,107.711136,103.738864,106.718068,104.731932
2024-02-26,108.500000,2023-11-14,2023-09-30,1.580000,5.900000,18.389831,18.192843,0.379616,102.858302,105.098039,107.337776,109.577513,111.817250,,,,,,,,,,105.900000,106.550000,106.038333,104.740833,105.900000,108.207881,103.592119,107.053941,104.746059
2024-02-27,109.000000,2023-11-14,2023-09-30,1.580000,5.900000,18.474576,18.202925,0.370723,103.022721,105.209989,107.397256,109.584524,111.771791,,,,,,,,,,106.100000,106.583333,106.120833,104.786250,106.100000,108.747740,103.452260,107.423870,104.776130
2024-02-29,108.000000,2023-11-14,2023-09-30,1.580000,5.900000,18.305085,18.209561,0.365280,103.126112,105.281261,107.436411,109.591561,111.746711,,,,,,,,,,106.250000,106.600000,106.183333,104.827083,106.250000,108.974161,103.525839,107.612080,104.887920
2024-03-01,107.500000,2023-11-14,2023-09-30,1.580000,5.900000,18.220339,18.215491,0.359537,103.228860,105.350130,107.471400,109.592669,111.713939,,,,,,,,,,106.350000,106.625000,106.241667,104.861250,106.350000,109.104900,103.595100,107.727450,104.972550
2024-03-04,107.500000,2023-11-14,2023-09-30,1.580000,5.900000,18.220339,18.219244,0.357191,103.278683,105.386111,107.493539,109.600968,111.708396,,,,,,,,,,106.450000,106.633333,106.287500,104.888333,106.450000,109.220142,103.679858,107.835071,105.064929
2024-03-05,107.500000,2023-11-14,2023-09-30,1.580000,5.900000,18.220339,18.220819,0.356772,103.292919,105.397875,107.502831,109.607787,111.712743,,,,,,,,,,106.550000,106.650000,106.320833,104.909167,106.550000,109.320142,103.779858,107.935071,105.164929
2024-03-06,107.500000,2023-11-14,2023-09-30,1.580000,5.900000,18.220339,18.224571,0.354351,103.343630,105.434300,107.524971,109.615642,111.706312,,,,,,,,,,106.650000,106.675000,106.366667,104.925833,106.650000,109.404900,103.895100,108.027450,105.272550
2024-03-07,106.500000,2023-11-14,2023-09-30,1.580000,5.900000,18.050847,18.226911,0.352245,103.382287,105.460532,107.538778,109.617023,111.695269,,,,,,,,,,106.700000,106.666667,106.404167,104.946667,106.700000,109.402825,103.997175,108.051413,105.348587
2024-03-08,107.500000,2023-11-14,2023-09-30,1.580000,5.900000,18.220339,18.230664,0.349726,103.434145,105.497531,107.560918,109.624304,111.687690,,,,,,,,,,106.825000,106.691667,106.450000,104.977917,106.825000,109.426113,104.223887,108.125557,105.524443
2024-03-11,106.500000,2023-11-14,2023-09-30,1.580000,5.900000,18.050847,18.230100,0.349963,103.428027,105.492810,107.557593,109.622376,111.687158,,,,,,,,,,106.925000,106.700000,106.470833,105.007917,106.925000,109.293099,104.556901,108.109050,105.740950
2024-03-12,107.000000,2023-11-14,2023-09-30,1.580000,5.900000,18.135593,18.231695,0.349085,103.447802,105.507401,107.567001,109.626600,111.686199,,,,,,,,,,107.025000,106.716667,106.504167,105.035000,107.025000,109.212885,104.837115,108.118943,105.931057
2024-03-13,106.000000,2023-11-14,2023-09-30,1.580000,5.900000,17.966102,18.230425,0.349776,103.432148,105.495829,107.559509,109.623190,111.686870,,,,,,,,,,107.075000,106.708333,106.520833,105.063750,107.075000,109.108276,105.041724,108.091638,106.058362
2024-03-14,105.500000,2023-11-14,2023-09-30,1.580000,5.900000,17.881356,18.228449,0.351081,103.405091,105.476471,107.547851,109.619232,111.690612,,,,,,,,,,107.125000,106.700000,106.533333,105.088750,107.125000,108.927776,105.322224,108.026388,106.223612
2024-03-15,106.000000,2023-11-14,2023-09-30,1.580000,5.900000,17.966102,18.227180,0.351757,103.389623,105.464991,107.540360,109.615729,111.691097,,,,,,,,,,107.125000,106.700000,106.550000,105.117917,107.125000,108.927776,105.322224,108.026388,106.223612
2024-03-18,106.000000,2023-11-14,2023-09-30,1.580000,5.900000,17.966102,18.223006,0.351860,103.363787,105.439762,107.515738,109.591713,111.667688,,,,,,,,,,107.050000,106.700000,106.550000,105.145417,107.050000,108.910956,105.189044,107.980478,106.119522
2024-03-19,106.500000,2023-11-14,2023-09-30,1.580000,5.900000,18.050847,18.219539,0.351486,103.347743,105.421512,107.495282,109.569051,111.642821,,,,,,,,,,107.025000,106.691667,106.554167,105.174167,107.025000,108.902148,105.147852,107.963574,106.086426
2024-03-20,107.500000,2023-11-14,2023-09-30,1.580000,5.900000,18.220339,18.216033,0.349338,103.352410,105.413502,107.474593,109.535685,111.596777,,,,,,,,,,107.075000,106.641667,106.558333,105.205417,107.075000,108.946532,105.203468,108.010766,106.139234
2024-03-21,107.000000,2023-11-14,2023-09-30,1.580000,5.900000,18.135593,18.211094,0.346211,103.360167,105.402811,107.445456,109.488101,111.530745,,,,,,,,,,107.075000,106.600000,106.554167,105.237083,107.075000,108.946532,105.203468,108.010766,106.139234
2024-03-22,107.000000,2023-11-14,2023-09-30,1.580000,5.900000,18.135593,18.205430,0.341774,103.379102,105.395569,107.412035,109.428502,111.444969,,,,,,,,,,107.125000,106.583333,106.545833,105.270833,107.125000,108.927776,105.322224,108.026388,106.223612
2024-03-25,107.500000,2023-11-14,2023-09-30,1.580000,5.900000,18.220339,18.200471,0.337136,103.404577,105.393679,107.382782,109.371884,111.360987,,,,,,,,,,107.100000,106.591667,106.541667,105.307083,107.100000,108.865160,105.334840,107.982580,106.217420
2024-03-26,107.500000,2023-11-14,2023-09-30,1.580000,5.900000,18.220339,18.194787,0.330894,103.444700,105.396973,107.349245,109.301517,111.253790,,,,,,,,,,107.050000,106.583333,106.533333,105.338750,107.050000,108.701156,105.398844,107.875578,106.224422
2024-03-27,108.500000,2023-11-14,2023-09-30,1.580000,5.900000,18.389831,18.191241,0.326438,103.476358,105.402341,107.328325,109.254308,111.180291,,,,,,,,,,107.025000,106.566667,106.537500,105.375000,107.025000,108.563112,105.486888,107.794056,106.255944
2024-03-28,111.000000,2023-11-14,2023-09-30,1.580000,5.900000,18.813559,18.191227,0.326409,103.476606,105.402422,107.328238,109.254053,111.179869,,,,,,,,,,107.175000,106.608333,106.562500,105.421667,107.175000,109.498224,104.851776,108.336612,106.013388
2024-03-29,111.000000,2023-11-14,2023-09-30,1.580000,5.900000,18.813559,18.191212,0.326381,103.476855,105.402502,107.328150,109.253798,111.179446,,,,,,,,,,107.350000,106.675000,106.587500,105.470417,107.350000,110.235536,104.464464,108.792768,105.907232
2024-04-01,110.500000,2024-03-31,2023-12-31,1.650000,6.020000,18.355482,18.187380,0.321657,105.615277,107.551652,109.488027,111.424402,113.360776,,,,,,,,,,107.500000,106.716667,106.608333,105.516667,107.500000,110.711820,104.288180,109.105910,105.894090
2024-04-02,110.500000,2024-03-31,2023-12-31,1.650000,6.020000,18.355482,18.181370,0.311478,105.701648,107.576748,109.451848,111.326948,113.202047,,,,,,,,,,107.650000,106.766667,106.616667,105.560833,107.650000,111.130774,104.169226,109.390387,105.909613
2024-04-03,110.000000,2024-03-31,2023-12-31,1.650000,6.020000,18.272425,18.174668,0.300512,105.793336,107.602419,109.411502,111.220586,113.029669,,,,,,,,,,107.775000,106.808333,106.620833,105.602500,107.775000,111.409267,104.140733,109.592133,105.957867
2024-04-08,109.000000,2024-03-31,2023-12-31,1.650000,6.020000,18.106312,18.167308,0.291053,105.862909,107.615051,109.367193,111.119335,112.871477,,,,,,,,,,107.900000,106.833333,106.620833,105.635833,107.900000,111.521573,104.278427,109.710786,106.089214
2024-04-09,109.000000,2024-03-31,2023-12-31,1.650000,6.020000,18.106312,18.159948,0.281083,105.938649,107.630767,109.322884,111.015002,112.707119,,,,,,,,,,107.975000,106.866667,106.620833,105.669167,107.975000,111.623720,104.326280,109.799360,106.150640
2024-04-10,109.500000,2024-03-31,2023-12-31,1.650000,6.020000,18.189369,18.153279,0.270530,106.025563,107.654153,109.282742,110.911332,112.539922,,,,,,,,,,108.125000,106.916667,106.625000,105.706667,108.125000,111.765055,104.484945,109.945027,106.304973
2024-04-11,109.000000,2024-03-31,2023-12-31,1.650000,6.020000,18.106312,18.146645,0.261619,106.092916,107.667860,109.242803,110.817747,112.392690,,,,,,,,,,108.225000,106.941667,106.629167,105.744167,108.225000,111.844756,104.605244,110.034878,106.415122
2024-04-12,109.000000,2024-03-31,2023-12-31,1.650000,6.020000,18.106312,18.140011,0.252217,106.166174,107.684519,109.202864,110.721209,112.239555,,,,,,,,,,108.375000,106.975000,106.633333,105.782500,108.375000,111.852370,104.897630,110.113685,106.636315
2024-04-15,109.000000,2024-03-31,2023-12-31,1.650000,6.020000,18.106312,18.134828,0.246350,106.205612,107.688639,109.171665,110.654691,112.137718,,,,,,,,,,108.550000,107.008333,106.645833,105.821250,108.550000,111.760181,105.339819,110.155091,106.944909
2024-04-16,107.500000,2024-03-31,2023-12-31,1.650000,6.020000,17.857143,18.127569,0.241504,106.220259,107.674112,109.127966,110.581819,112.035673,,,,,,,,,,108.625000,107.016667,106.645833,105.855833,108.625000,111.649027,105.600973,110.137013,107.112987
2024-04-17,107.500000,2024-03-31,2023-12-31,1.650000,6.020000,17.857143,18.120310,0.236334,106.238806,107.661536,109.084267,110.506997,111.929727,,,,,,,,,,108.700000,107.041667,106.645833,105.892083,108.700000,111.517240,105.882760,110.108620,107.291380
2024-04-18,108.000000,2024-03-31,2023-12-31,1.650000,6.020000,17.940199,18.114469,0.231975,106.256119,107.652612,109.049104,110.445596,111.842089,,,,,,,,,,108.775000,107.066667,106.654167,105.929583,108.775000,111.420254,106.129746,110.097627,107.452373
2024-04-19,106.500000,2024-03-31,2023-12-31,1.650000,6.020000,17.691030,18.106552,0.230055,106.231576,107.616509,109.001441,110.386374,111.771307,,,,,,,,,,108.725000,107.075000,106.650000,105.958333,108.725000,111.506045,105.943955,110.115522,107.334478
2024-04-22,107.500000,2024-03-31,2023-12-31,1.650000,6.020000,17.857143,18.100019,0.225840,106.242996,107.602554,108.962112,110.321670,111.681228,,,,,,,,,,108.750000,107.108333,106.654167,105.989583,108.750000,111.474161,106.025839,110.112080,107.387920
2024-04-23,108.000000,2024-03-31,2023-12-31,1.650000,6.020000,17.940199,18.096355,0.224827,106.233143,107.586601,108.940059,110.293517,111.646975,,,,,,,,,,108.800000,107.158333,106.675000,106.022917,108.800000,111.423778,106.176222,110.111889,107.488111
2024-04-24,107.500000,2024-03-31,2023-12-31,1.650000,6.020000,17.857143,18.091274,0.223267,106.221335,107.565402,108.909470,110.253537,111.597605,,,,,,,,,,108.800000,107.208333,106.687500,106.054167,108.800000,111.423778,106.176222,110.111889,107.488111
2024-04-25,106.500000,2024-03-31,2023-12-31,1.650000,6.020000,17.691030,18.086260,0.225451,106.164858,107.522072,108.879287,110.236501,111.593716,,,,,,,,,,108.750000,107.233333,106.700000,106.082083,108.750000,111.512531,105.987469,110.131266,107.368734
2024-04-26,107.500000,2024-03-31,2023-12-31,1.650000,6.020000,17.857143,18.084808,0.226366,106.145095,107.507821,108.870547,110.233273,111.596000,,,,,,,,,,108.700000,107.275000,106.733333,106.111250,108.700000,111.517240,105.882760,110.108620,107.291380
2024-04-29,107.000000,2024-03-31,2023-12-31,1.650000,6.020000,17.774086,18.081939,0.228112,106.106797,107.480034,108.853271,110.226508,111.599745,,,,,,,,,,108.500000,107.308333,106.758333,106.140417,108.500000,111.195025,105.804975,109.847512,107.152488
2024-04-30,106.500000,2024-03-31,2023-12-31,1.650000,6.020000,17.691030,18.076925,0.230045,106.053342,107.438215,108.823088,110.207960,111.592833,,,,,,,,,,108.275000,107.325000,106.770833,106.167500,108.275000,110.839433,105.710567,109.557216,106.992784
2024-05-02,106.500000,2024-03-31,2023-12-31,1.650000,6.020000,17.691030,18.073363,0.232691,106.000049,107.400847,108.801645,110.202442,111.603240,,,,,,,,,,108.075000,107.341667,106.791667,106.195417,108.075000,110.530391,105.619609,109.302696,106.847304
2024-05-03,107.000000,2024-03-31,2023-12-31,1.650000,6.020000,17.774086,18.071945,0.233999,105.975762,107.384435,108.793108,110.201781,111.610455,,,,,,,,,,107.900000,107.366667,106.825000,106.225833,107.900000,110.114783,105.685217,109.007391,106.792609
2024-05-06,107.000000,2024-03-31,2023-12-31,1.650000,6.020000,17.774086,18.067623,0.234676,105.941595,107.354343,108.767092,110.179840,111.592588,,,,,,,,,,107.750000,107.391667,106.841667,106.255000,107.750000,109.763115,105.736885,108.756557,106.743443
2024-05-07,107.500000,2024-03-31,2023-12-31,1.650000,6.020000,17.857143,18.065446,0.235411,105.919629,107.336806,108.753982,110.171158,111.588335,,,,,,,,,,107.675000,107.425000,106.870833,106.286250,107.675000,109.601956,105.748044,108.638478,106.711522
2024-05-08,108.000000,2024-03-31,2023-12-31,1.650000,6.020000,17.940199,18.062508,0.234750,105.909905,107.323102,108.736299,110.149496,111.562693,,,,,,,,,,107.625000,107.475000,106.895833,106.320000,107.625000,109.456738,105.793262,108.540869,106.709131
2024-05-09,107.500000,2024-03-31,2023-12-31,1.650000,6.020000,17.857143,18.058153,0.233660,105.896812,107.303446,108.710080,110.116713,111.523347,,,,,,,,,,107.525000,107.525000,106.912500,106.351667,107.525000,109.130091,105.919909,108.327545,106.722455
2024-05-10,109.000000,2024-03-31,2023-12-31,1.650000,6.020000,18.106312,18.056600,0.232706,105.898955,107.299843,108.700730,110.101617,111.502505,,,,,,,,,,107.525000,107.591667,106.945833,106.385000,107.525000,109.130091,105.919909,108.327545,106.722455
2024-05-13,108.000000,2024-03-31,2023-12-31,1.650000,6.020000,17.940199,18.053662,0.231924,105.890684,107.286866,108.683047,110.079229,111.475410,,,,,,,,,,107.475000,107.641667,106.970833,106.401667,107.475000,108.943081,106.006919,108.209041,106.740959
2024-05-14,106.500000,2024-03-31,2023-12-31,1.650000,6.020000,17.691030,18.049374,0.233840,105.841798,107.249516,108.657234,110.064952,111.472671,,,,,,,,,,107.350000,107.675000,106.987500,106.410000,107.350000,108.691641,106.008359,108.020820,106.679180
2024-05-15,107.500000,2024-05-15,2024-03-31,1.250000,6.060000,17.739274,18.046214,0.235455,106.506343,107.933201,109.360060,110.786918,112.213777,,,,,,,,,,107.350000,107.700000,107.016667,106.424583,107.350000,108.691641,106.008359,108.020820,106.679180
2024-05-16,107.000000,2024-05-15,2024-03-31,1.250000,6.060000,17.656766,18.045755,0.236165,106.494953,107.926115,109.357277,110.788439,112.219601,,,,,,,,,,107.325000,107.691667,107.037500,106.441250,107.325000,108.673488,105.976512,107.999244,106.650756
2024-05-17,107.000000,2024-05-15,2024-03-31,1.250000,6.060000,17.656766,18.044590,0.237745,106.468747,107.909481,109.350215,110.790949,112.231683,,,,,,,,,,107.275000,107.691667,107.054167,106.453750,107.275000,108.591894,105.958106,107.933447,106.616553
2024-05-20,108.500000,2024-05-15,2024-03-31,1.250000,6.060000,17.904290,18.046900,0.234985,106.516190,107.940201,109.364212,110.788223,112.212234,,,,,,,,,,107.375000,107.725000,107.091667,106.474583,107.375000,108.746707,106.003293,108.060853,106.689147
2024-05-21,108.500000,2024-05-15,2024-03-31,1.250000,6.060000,17.904290,18.047091,0.234859,106.518882,107.942126,109.365371,110.788615,112.211859,,,,,,,,,,107.425000,107.750000,107.116667,106.499583,107.425000,108.885894,105.964106,108.155447,106.694553
2024-05-22,108.000000,2024-05-15,2024-03-31,1.250000,6.060000,17.821782,18.047301,0.234644,106.522752,107.944697,109.366642,110.788587,112.210531,,,,,,,,,,107.425000,107.783333,107.141667,106.518333,107.425000,108.885894,105.964106,108.155447,106.694553
2024-05-23,109.000000,2024-05-15,2024-03-31,1.250000,6.060000,17.986799,18.046767,0.234709,106.518733,107.941070,109.363407,110.785744,112.208081,,,,,,,,,,107.500000,107.800000,107.162500,106.541250,107.500000,109.122214,105.877786,108.311107,106.688893
2024-05-24,110.000000,2024-05-15,2024-03-31,1.250000,6.060000,18.151815,18.046902,0.234765,106.518871,107.941549,109.364226,110.786904,112.209582,,,,,,,,,,107.675000,107.825000,107.187500,106.566250,107.675000,109.574446,105.775554,108.624723,106.725277
2024-05-27,110.500000,2024-05-15,2024-03-31,1.250000,6.060000,18.234323,18.047725,0.235251,106.517967,107.943590,109.369212,110.794835,112.220458,,,,,,,,,,107.825000,107.850000,107.216667,106.587083,107.825000,110.102464,105.547536,108.963732,106.686268
2024-05-28,111.500000,2024-05-15,2024-03-31,1.250000,6.060000,18.399340,18.049923,0.237302,106.506429,107.944480,109.382532,110.820583,112.258634,,,,,,,,,,108.050000,107.908333,107.254167,106.607917,108.050000,110.820142,105.279858,109.435071,106.664929
2024-05-29,111.000000,2024-05-15,2024-03-31,1.250000,6.060000,18.316832,18.052845,0.238418,106.510612,107.955428,109.400243,110.845059,112.289875,,,,,,,,,,108.275000,107.966667,107.295833,106.624583,108.275000,111.239261,105.310739,109.757130,106.792870
2024-05-30,111.000000,2024-05-15,2024-03-31,1.250000,6.060000,18.316832,18.054356,0.239519,106.506432,107.957914,109.409396,110.860878,112.312360,,,,,,,,,,108.500000,108.025000,107.329167,106.639167,108.500000,111.577935,105.422065,110.038968,106.961032
2024-05-31,106.500000,2024-05-15,2024-03-31,1.250000,6.060000,17.574257,18.050384,0.243495,106.434163,107.909746,109.385328,110.860911,112.336493,,,,,,,,,,108.475000,108.008333,107.329167,106.632917,108.475000,111.611794,105.338206,110.043397,106.906603
2024-06-03,106.000000,2024-05-15,2024-03-31,1.250000,6.060000,17.491749,18.046431,0.248671,106.347486,107.854430,109.361373,110.868317,112.375261,,,,,,,,,,108.425000,107.983333,107.329167,106.612083,108.425000,111.690046,105.159954,110.057523,106.792477
2024-06-04,105.500000,2024-05-15,2024-03-31,1.250000,6.060000,17.409241,18.040378,0.255236,106.231238,107.777965,109.324693,110.871420,112.418147,,,,,,,,,,108.325000,107.966667,107.316667,106.570417,108.325000,111.823496,104.826504,110.074248,106.575752
2024-06-05,105.500000,2024-05-15,2024-03-31,1.250000,6.060000,17.409241,18.035738,0.261581,106.126214,107.711392,109.296571,110.881750,112.466928,,,,,,,,,,108.200000,107.933333,107.312500,106.535000,108.200000,111.919083,104.480917,110.059542,106.340458
2024-06-06,105.500000,2024-05-15,2024-03-31,1.250000,6.060000,17.409241,18.031097,0.267694,106.023994,107.646222,109.268450,110.890677,112.512905,,,,,,,,,,108.100000,107.916667,107.308333,106.503750,108.100000,112.001417,104.198583,110.050708,106.149292
2024-06-07,105.000000,2024-05-15,2024-03-31,1.250000,6.060000,17.326733,18.025769,0.275255,105.900071,107.568116,109.236161,110.904207,112.572252,,,,,,,,,,107.900000,107.883333,107.300000,106.453750,107.900000,112.011601,103.788399,109.955801,105.844199
2024-06-11,103.500000,2024-05-15,2024-03-31,1.250000,6.060000,17.079208,18.017672,0.288484,105.690665,107.438879,109.187094,110.935308,112.683522,,,,,,,,,,107.675000,107.841667,107.275000,106.405833,107.675000,112.231950,103.118050,109.953475,105.396525
2024-06-12,103.500000,2024-05-15,2024-03-31,1.250000,6.060000,17.079208,18.010281,0.300910,105.495280,107.318793,109.142306,110.965819,112.789332,,,,,,,,,,107.525000,107.808333,107.254167,106.360000,107.525000,112.429080,102.620920,109.977040,105.072960
2024-06-13,103.000000,2024-05-15,2024-03-31,1.250000,6.060000,16.996700,18.002203,0.314798,105.278002,107.185676,109.093351,111.001025,112.908700,,,,,,,,,,107.300000,107.758333,107.229167,106.310000,107.300000,112.605409,101.994591,109.952705,104.647295
2024-06-14,102.000000,2024-05-15,2024-03-31,1.250000,6.060000,16.831683,17.992750,0.332431,105.007003,107.021533,109.036063,111.050592,113.065122,,,,,,,,,,107.050000,107.691667,107.195833,106.260000,107.050000,112.861966,101.238034,109.955983,104.144017
2024-06-17,101.000000,2024-05-15,2024-03-31,1.250000,6.060000,16.666667,17.980509,0.353504,104.677417,106.819649,108.961882,111.104114,113.246347,,,,,,,,,,106.750000,107.600000,107.145833,106.199583,106.750000,113.161339,100.338661,109.955669,103.544331
2024-06-18,101.500000,2024-05-15,2024-03-31,1.250000,6.060000,16.749175,17.964012,0.364316,104.446404,106.654157,108.861910,111.069663,113.277416,,,,,,,,,,106.400000,107.500000,107.070833,106.141250,106.400000,113.163680,99.636320,109.781840,103.018160
2024-06-19,103.000000,2024-05-15,2024-03-31,1.250000,6.060000,16.996700,17.950990,0.370729,104.289766,106.536382,108.782998,111.029614,113.276229,,,,,,,,,,106.125000,107.433333,107.016667,106.095417,106.125000,112.975855,99.274145,109.550427,102.699573
2024-06-20,103.500000,2024-05-15,2024-03-31,1.250000,6.060000,17.079208,17.940774,0.377713,104.143203,106.432147,108.721091,111.010035,113.298978,,,,,,,,,,105.900000,107.375000,106.979167,106.062083,105.900000,112.787059,99.012941,109.343529,102.456471
2024-06-21,103.000000,2024-05-15,2024-03-31,1.250000,6.060000,16.996700,17.931283,0.386972,103.973475,106.318526,108.663577,111.008628,113.353679,,,,,,,,,,105.600000,107.300000,106.945833,106.016250,105.600000,112.441053,98.758947,109.020526,102.179474
2024-06-24,102.500000,2024-05-15,2024-03-31,1.250000,6.060000,16.914191,17.919693,0.396397,103.789001,106.191169,108.593337,110.995504,113.397672,,,,,,,,,,105.225000,107.216667,106.900000,105.970417,105.225000,111.869943,98.580057,108.547471,101.902529
2024-06-25,102.500000,2024-05-15,2024-03-31,1.250000,6.060000,16.914191,17.905983,0.402491,103.632062,106.071160,108.510258,110.949356,113.388454,,,,,,,,,,104.825000,107.116667,106.841667,105.926667,104.825000,111.084939,98.565061,107.954970,101.695030
2024-06-26,103.500000,2024-05-15,2024-03-31,1.250000,6.060000,17.079208,17.895061,0.407009,103.511128,105.977599,108.444071,110.910543,113.377014,,,,,,,,,,104.425000,106.991667,106.800000,105.885000,104.425000,109.856632,98.993368,107.140816,101.709184
2024-06-27,103.000000,2024-05-15,2024-03-31,1.250000,6.060000,16.996700,17.885570,0.414561,103.362077,105.874317,108.386557,110.898797,113.411037,,,,,,,,,,104.025000,106.858333,106.766667,105.843333,104.025000,108.514461,99.535539,106.269731,101.780269
2024-06-28,103.000000,2024-05-15,2024-03-31,1.250000,6.060000,16.996700,17.874667,0.420597,103.222853,105.771668,108.320484,110.869299,113.418114,,,,,,,,,,103.625000,106.733333,106.725000,105.801667,103.625000,106.700797,100.549203,105.162898,102.087102
2024-07-01,102.500000,2024-05-15,2024-03-31,1.250000,6.060000,16.914191,17.863783,0.428404,103.062264,105.658394,108.254523,110.850652,113.446782,,,,,,,,,,103.425000,106.600000,106.683333,105.770417,103.425000,106.221144,100.628856,104.823072,102.026928
2024-07-02,102.500000,2024-05-15,2024-03-31,1.250000,6.060000,16.914191,17.852898,0.435798,102.906692,105.547627,108.188563,110.829498,113.470434,,,,,,,,,,103.250000,106.475000,106.641667,105.745417,103.250000,105.794344,100.705656,104.522172,101.977828
2024-07-03,102.000000,2024-05-15,2024-03-31,1.250000,6.060000,16.831683,17.841326,0.444313,102.733363,105.425899,108.118435,110.810972,113.503508,,,,,,,,,,103.075000,106.358333,106.595833,105.728750,103.075000,105.443099,100.706901,104.259050,101.890950
2024-07-04,102.000000,2024-05-15,2024-03-31,1.250000,6.060000,16.831683,17.830460,0.452917,102.563239,105.307914,108.052588,110.797262,113.541937,,,,,,,,,,102.900000,106.241667,106.554167,105.707917,102.900000,105.017595,100.782405,103.958798,101.841202
2024-07-05,102.500000,2024-05-15,2024-03-31,1.250000,6.060000,16.914191,17.820988,0.460098,102.418804,105.206995,107.995187,110.783378,113.571570,,,,,,,,,,102.750000,106.125000,106.520833,105.685000,102.750000,104.482051,101.017949,103.616025,101.883975
2024-07-08,102.000000,2024-05-15,2024-03-31,1.250000,6.060000,16.831683,17.809416,0.467375,102.260478,105.092769,107.925060,110.757351,113.589642,,,,,,,,,,102.600000,106.008333,106.475000,105.676667,102.600000,103.999248,101.200752,103.299624,101.900376
2024-07-09,102.000000,2024-05-15,2024-03-31,1.250000,6.060000,16.831683,17.798550,0.474826,102.104326,104.981769,107.859212,110.736655,113.614098,,,,,,,,,,102.525000,105.891667,106.433333,105.668333,102.525000,103.881272,101.168728,103.203136,101.846864
2024-07-10,101.500000,2024-05-15,2024-03-31,1.250000,6.060000,16.749175,17.786996,0.483346,101.931039,104.860119,107.789198,110.718278,113.647357,,,,,,,,,,102.425000,105.766667,106.387500,105.657917,102.425000,103.773488,101.076512,103.099244,101.750756
2024-07-11,101.500000,2024-05-15,2024-03-31,1.250000,6.060000,16.749175,17.775443,0.491446,101.762860,104.741022,107.719184,110.697346,113.675508,,,,,,,,,,102.350000,105.666667,106.341667,105.649583,102.350000,103.730313,100.969687,103.040156,101.659844
2024-07-12,101.500000,2024-05-15,2024-03-31,1.250000,6.060000,16.749175,17.765302,0.499961,101.598208,104.627968,107.657729,110.687490,113.717251,,,,,,,,,,102.325000,105.566667,106.304167,105.645417,102.325000,103.749411,100.900589,103.037206,101.612794
2024-07-15,101.000000,2024-05-15,2024-03-31,1.250000,6.060000,16.666667,17.753767,0.509199,101.416331,104.502080,107.587828,110.673576,113.759325,,,,,,,,,,102.325000,105.450000,106.258333,105.639167,102.325000,103.749411,100.900589,103.037206,101.612794
2024-07-16,101.500000,2024-05-15,2024-03-31,1.250000,6.060000,16.749175,17.743626,0.516993,101.260413,104.393393,107.526373,110.659353,113.792333,,,,,,,,,,102.325000,105.366667,106.220833,105.639167,102.325000,103.749411,100.900589,103.037206,101.612794
2024-07-17,101.000000,2024-05-15,2024-03-31,1.250000,6.060000,16.666667,17.733504,0.526086,101.088875,104.276953,107.465032,110.653110,113.841188,,,,,,,,,,102.225000,105.258333,106.183333,105.630833,102.225000,103.728505,100.721495,102.976752,101.473248
2024-07-18,100.500000,2024-05-15,2024-03-31,1.250000,6.060000,16.584158,17.723400,0.536405,100.902573,104.153188,107.403803,110.654417,113.905032,,,,,,,,,,102.075000,105.133333,106.145833,105.622500,102.075000,103.640248,100.509752,102.857624,101.292376
2024-07-19,100.000000,2024-05-15,2024-03-31,1.250000,6.060000,16.501650,17.713315,0.547878,100.702407,104.022547,107.342687,110.662827,113.982967,,,,,,,,,,101.925000,105.008333,106.108333,105.614167,101.925000,103.680443,100.169557,102.802721,101.047279
2024-07-22,99.000000,2024-05-15,2024-03-31,1.250000,6.060000,16.336634,17.701148,0.562040,100.457032,103.862995,107.268958,110.674921,114.080884,,,,,,,,,,101.750000,104.883333,106.058333,105.597500,101.750000,103.914304,99.585696,102.832152,100.667848
2024-07-23,99.600000,2024-05-15,2024-03-31,1.250000,6.060000,16.435644,17.689807,0.573708,100.246889,103.723559,107.200229,110.676899,114.153569,,,,,,,,,,101.605000,104.751667,106.013333,105.583333,101.605000,103.939614,99.270386,102.772307,100.437693
2024-07-26,98.500000,2024-05-15,2024-03-31,1.250000,6.060000,16.254125,17.676953,0.588387,99.991084,103.556709,107.122334,110.687958,114.253583,,,,,,,,,,101.355000,104.610000,105.959167,105.566667,101.355000,103.896839,98.813161,102.625920,100.084080
2024-07-29,99.300000,2024-05-15,2024-03-31,1.250000,6.060000,16.386139,17.664493,0.599744,99.777925,103.412375,107.046825,110.681276,114.315726,,,,,,,,,,101.170000,104.490000,105.907500,105.555417,101.170000,103.746084,98.593916,102.458042,99.881958
2024-07-30,99.000000,2024-05-15,2024-03-31,1.250000,6.060000,16.336634,17.651620,0.611513,99.557283,103.263050,106.968817,110.674584,114.380351,,,,,,,,,,100.970000,104.365000,105.853333,105.545000,100.970000,103.568866,98.371134,102.269433,99.670567
2024-07-31,99.600000,2024-05-15,2024-03-31,1.250000,6.060000,16.435644,17.639572,0.621114,99.367902,103.131855,106.895808,110.659762,114.423715,,,,,,,,,,100.825000,104.241667,105.804167,105.537083,100.825000,103.387790,98.262210,102.106395,99.543605
2024-08-01,101.500000,2024-05-15,2024-03-31,1.250000,6.060000,16.749175,17.630137,0.625991,99.251626,103.045130,106.838633,110.632137,114.425640,,,,,,,,,,100.775000,104.150000,105.770833,105.537083,100.775000,103.237241,98.312759,102.006121,99.543879
2024-08-02,99.500000,2024-05-15,2024-03-31,1.250000,6.060000,16.419142,17.617952,0.635223,99.065892,102.915342,106.764791,110.614241,114.463690,,,,,,,,,,100.650000,104.016667,105.720833,105.528750,100.650000,103.104212,98.195788,101.877106,99.422894
2024-08-05,96.700000,2024-05-15,2024-03-31,1.250000,6.060000,15.957096,17.602623,0.652827,98.759635,102.715765,106.671896,110.628027,114.584157,,,,,,,,,,100.385000,103.828333,105.651667,105.508750,100.385000,103.322435,97.447565,101.853718,98.916282
2024-08-06,97.700000,2024-05-15,2024-03-31,1.250000,6.060000,16.122112,17.589375,0.666577,98.512699,102.552156,106.591613,110.631071,114.670528,,,,,,,,,,100.145000,103.665000,105.595000,105.497083,100.145000,103.138660,97.151340,101.641830,98.648170
2024-08-07,99.400000,2024-05-15,2024-03-31,1.250000,6.060000,16.402640,17.577759,0.675028,98.339878,102.430548,106.521218,110.611888,114.702558,,,,,,,,,,100.015000,103.505000,105.548333,105.494583,100.015000,102.893066,97.136934,101.454033,98.575967
2024-08-08,98.600000,2024-05-15,2024-03-31,1.250000,6.060000,16.270627,17.565042,0.685168,98.139919,102.292038,106.444156,110.596274,114.748392,,,,,,,,,,99.845000,103.348333,105.495000,105.490000,99.845000,102.629525,97.060475,101.237262,98.452738
2024-08-09,98.300000,2024-05-15,2024-03-31,1.250000,6.060000,16.221122,17.552619,0.695914,97.934399,102.151636,106.368873,110.586111,114.803348,,,,,,,,,,99.685000,103.211667,105.443333,105.484167,99.685000,102.436669,96.933331,101.060835,98.309165
2024-08-12,98.400000,2024-05-15,2024-03-31,1.250000,6.060000,16.237624,17.538215,0.705111,97.735642,102.008614,106.281585,110.554557,114.827528,,,,,,,,,,99.530000,103.060000,105.380000,105.478750,99.530000,102.199201,96.860799,100.864600,98.195400
2024-08-13,99.300000,2024-05-15,2024-03-31,1.250000,6.060000,16.386139,17.522930,0.710063,97.582996,101.885977,106.188958,110.491939,114.794920,,,,,,,,,,99.420000,102.931667,105.311667,105.476667,99.420000,101.923555,96.916445,100.671778,98.168222
2024-08-14,99.500000,2024-08-14,2024-06-30,1.200000,5.680000,17.517606,17.517780,0.707820,91.460163,95.480578,99.500993,103.521408,107.541823,,,,,,,,,,99.345000,102.806667,105.249167,105.477917,99.345000,101.736630,96.953370,100.540815,98.149185
2024-08-15,99.700000,2024-08-14,2024-06-30,1.200000,5.680000,17.552817,17.513630,0.706126,91.455831,95.466626,99.477420,103.488214,107.499008,,,,,,,,,,99.255000,102.660000,105.192500,105.480000,99.255000,101.430921,97.079079,100.342960,98.167040
2024-08-16,99.300000,2024-08-14,2024-06-30,1.200000,5.680000,17.482394,17.508187,0.703805,91.451280,95.448891,99.446502,103.444113,107.441723,,,,,,,,,,99.170000,102.506667,105.128333,105.480000,99.170000,101.185832,97.154168,100.177916,98.162084
2024-08-19,98.300000,2024-08-14,2024-06-30,1.200000,5.680000,17.306338,17.502689,0.702774,91.431763,95.423518,99.415273,103.407028,107.398783,,,,,,,,,,99.060000,102.345000,105.064167,105.476667,99.060000,101.009251,97.110749,100.034625,98.085375
2024-08-20,98.700000,2024-08-14,2024-06-30,1.200000,5.680000,17.376761,17.494953,0.698966,91.431079,95.401205,99.371332,103.341459,107.311586,,,,,,,,,,98.995000,102.173333,104.986667,105.474167,98.995000,100.898432,97.091568,99.946716,98.043284
2024-08-21,99.200000,2024-08-14,2024-06-30,1.200000,5.680000,17.464789,17.487244,0.694098,91.442596,95.385072,99.327547,103.270022,107.212497,,,,,,,,,,99.005000,101.993333,104.909167,105.473750,99.005000,100.910643,97.099357,99.957821,98.052179
2024-08-22,99.500000,2024-08-14,2024-06-30,1.200000,5.680000,17.517606,17.479269,0.688130,91.465088,95.373669,99.282250,103.190831,107.099412,,,,,,,,,,99.000000,101.810000,104.830000,105.475417,99.000000,100.899584,97.100416,99.949792,98.050208
2024-08-23,99.500000,2024-08-14,2024-06-30,1.200000,5.680000,17.517606,17.472707,0.683931,91.475520,95.360248,99.244976,103.129704,107.014432,,,,,,,,,,99.050000,101.610000,104.759167,105.471250,99.050000,100.946812,97.153188,99.998406,98.101594
2024-08-26,99.700000,2024-08-14,2024-06-30,1.200000,5.680000,17.552817,17.467144,0.680505,91.482842,95.348111,99.213380,103.078649,106.943918,,,,,,,,,,99.070000,101.421667,104.694167,105.467917,99.070000,100.986246,97.153754,100.028123,98.111877
2024-08-27,99.000000,2024-08-14,2024-06-30,1.200000,5.680000,17.429577,17.460555,0.676970,91.485574,95.330763,99.175951,103.021139,106.866327,,,,,,,,,,99.070000,101.221667,104.623333,105.455417,99.070000,100.986246,97.153754,100.028123,98.111877
2024-08-28,98.700000,2024-08-14,2024-06-30,1.200000,5.680000,17.376761,17.453525,0.673384,91.486378,95.311199,99.136021,102.960843,106.785665,,,,,,,,,,99.025000,101.091667,104.550000,105.435417,99.025000,100.931084,97.118916,99.978042,98.071958
2024-08-29,98.600000,2024-08-14,2024-06-30,1.200000,5.680000,17.359155,17.446348,0.669722,91.487214,95.291236,99.095259,102.899281,106.703303,,,,,,,,,,98.880000,100.968333,104.475833,105.421250,98.880000,100.394283,97.365717,99.637141,98.122859
2024-08-30,99.300000,2024-08-14,2024-06-30,1.200000,5.680000,17.482394,17.441611,0.667417,91.486495,95.277423,99.068352,102.859280,106.650209,,,,,,,,,,98.870000,100.865000,104.415833,105.410000,98.870000,100.369614,97.370386,99.619807,98.120193
2024-09-02,98.700000,2024-08-14,2024-06-30,1.200000,5.680000,17.376761,17.434581,0.663577,91.490183,95.259303,99.028423,102.797542,106.566662,,,,,,,,,,98.970000,100.751667,104.342500,105.396250,98.970000,100.075203,97.864797,99.522602,98.417398
2024-09-03,98.500000,2024-08-14,2024-06-30,1.200000,5.680000,17.341549,17.428671,0.661197,91.483655,95.239252,98.994849,102.750446,106.506043,,,,,,,,,,99.010000,100.635000,104.275833,105.373333,99.010000,99.970044,98.049956,99.490022,98.529978
2024-09-04,97.500000,2024-08-14,2024-06-30,1.200000,5.680000,17.165493,17.420586,0.658405,91.469446,95.209188,98.948931,102.688674,106.428416,,,,,,,,,,98.915000,100.510000,104.196667,105.350417,98.915000,100.068986,97.761014,99.491993,98.338007
2024-09-05,97.400000,2024-08-14,2024-06-30,1.200000,5.680000,17.147887,17.413768,0.656944,91.447322,95.178762,98.910202,102.641642,106.373082,,,,,,,,,,98.855000,100.408333,104.125000,105.322917,98.855000,100.188732,97.521268,99.521866,98.188134
2024-09-06,97.600000,2024-08-14,2024-06-30,1.200000,5.680000,17.183099,17.407949,0.655859,91.426596,95.151874,98.877151,102.602429,106.327706,,,,,,,,,,98.820000,100.310000,104.059167,105.296250,98.820000,100.248433,97.391567,99.534217,98.105783
2024-09-09,96.400000,2024-08-14,2024-06-30,1.200000,5.680000,16.971831,17.399664,0.655028,91.388970,95.109530,98.830089,102.550649,106.271208,,,,,,,,,,98.720000,100.200000,103.979167,105.264583,98.720000,100.507206,96.932794,99.613603,97.826397
2024-09-10,96.000000,2024-08-14,2024-06-30,1.200000,5.680000,16.901408,17.390791,0.654502,91.344555,95.062124,98.779694,102.497263,106.214832,,,,,,,,,,98.555000,100.100000,103.895833,105.222917,98.555000,100.691869,96.418131,99.623435,97.486565
2024-09-11,95.400000,2024-08-14,2024-06-30,1.200000,5.680000,16.795775,17.380332,0.653893,91.292062,95.006174,98.720287,102.434399,106.148512,,,,,,,,,,98.350000,100.006667,103.803333,105.178750,98.350000,100.859351,95.840649,99.604675,97.095325
2024-09-12,95.500000,2024-08-14,2024-06-30,1.200000,5.680000,16.813380,17.368608,0.651313,91.254771,94.954231,98.653691,102.353151,106.052611,,,,,,,,,,98.140000,99.906667,103.703333,105.130833,98.140000,100.867173,95.412827,99.503587,96.776413
2024-09-13,95.200000,2024-08-14,2024-06-30,1.200000,5.680000,16.760563,17.357149,0.649800,91.206877,94.897742,98.588606,102.279471,105.970335,,,,,,,,,,97.935000,99.776667,103.605000,105.079583,97.935000,100.900965,94.969035,99.417982,96.452018
2024-09-16,96.500000,2024-08-14,2024-06-30,1.200000,5.680000,16.989437,17.347598,0.646678,91.188095,94.861225,98.534355,102.207485,105.880615,,,,,,,,,,97.845000,99.660000,103.517500,105.031667,97.845000,100.872923,94.817077,99.358961,96.331039
2024-09-18,95.600000,2024-08-14,2024-06-30,1.200000,5.680000,16.830986,17.336020,0.643350,91.160137,94.814364,98.468592,102.122820,105.777047,,,,,,,,,,97.690000,99.536667,103.418333,104.980000,97.690000,100.848214,94.531786,99.269107,96.110893
2024-09-19,96.100000,2024-08-14,2024-06-30,1.200000,5.680000,16.919014,17.325175,0.639273,91.144852,94.775924,98.406996,102.038068,105.669139,,,,,,,,,,97.535000,99.430000,103.323333,104.928333,97.535000,100.685455,94.384545,99.110228,95.959772
2024-09-20,96.800000,2024-08-14,2024-06-30,1.200000,5.680000,17.042254,17.313946,0.632211,91.161295,94.752253,98.343211,101.934168,105.525126,,,,,,,,,,97.400000,99.335000,103.225833,104.881667,97.400000,100.424810,94.375190,98.912405,95.887595
2024-09-23,96.100000,2024-08-14,2024-06-30,1.200000,5.680000,16.919014,17.298158,0.617942,91.233717,94.743626,98.253536,101.763445,105.273354,,,,,,,,,,97.230000,99.211667,103.101667,104.832083,97.230000,100.137775,94.322225,98.683888,95.776112
2024-09-24,95.900000,2024-08-14,2024-06-30,1.200000,5.680000,16.883803,17.282076,0.603105,91.310915,94.736555,98.162194,101.587833,105.013472,,,,,,,,,,97.040000,99.093333,102.975833,104.781667,97.040000,99.758668,94.321332,98.399334,95.680666
2024-09-25,95.800000,2024-08-14,2024-06-30,1.200000,5.680000,16.866197,17.269666,0.596114,91.319845,94.705773,98.091701,101.477629,104.863557,,,,,,,,,,96.880000,98.973333,102.853333,104.730833,96.880000,99.487358,94.272642,98.183679,95.576321
2024-09-26,95.300000,2024-08-14,2024-06-30,1.200000,5.680000,16.778169,17.256521,0.589322,91.322346,94.669694,98.017041,101.364389,104.711737,,,,,,,,,,96.710000,98.853333,102.726667,104.671667,96.710000,99.260459,94.159541,97.985230,95.434770
2024-09-27,96.400000,2024-08-14,2024-06-30,1.200000,5.680000,16.971831,17.245683,0.582400,91.339413,94.647447,97.955480,101.263513,104.571547,,,,,,,,,,96.600000,98.751667,102.613333,104.617083,96.600000,98.992092,94.207908,97.796046,95.403954
2024-09-30,94.000000,2024-08-14,2024-06-30,1.200000,5.680000,16.549296,17.232708,0.580406,91.288367,94.585074,97.881781,101.178488,104.475195,,,,,,,,,,96.335000,98.618333,102.488333,104.554583,96.335000,98.640394,94.029606,97.487697,95.182303
2024-10-01,96.000000,2024-08-14,2024-06-30,1.200000,5.680000,16.901408,17.222667,0.575568,91.286295,94.555522,97.824749,101.093976,104.363203,,,,,,,,,,96.200000,98.518333,102.380000,104.500417,96.200000,98.220943,94.179057,97.210471,95.189529
2024-10-04,95.700000,2024-08-14,2024-06-30,1.200000,5.680000,16.848592,17.211494,0.569628,91.290316,94.525801,97.761286,100.996771,104.232256,,,,,,,,,,96.060000,98.405000,102.265000,104.445000,96.060000,97.774827,94.345173,96.917413,95.202587
2024-10-07,97.500000,2024-08-14,2024-06-30,1.200000,5.680000,17.165493,17.203654,0.563651,91.313674,94.515214,97.716753,100.918293,104.119833,,,,,,,,,,96.060000,98.330000,102.169167,104.399167,96.060000,97.774827,94.345173,96.917413,95.202587
2024-10-08,96.000000,2024-08-14,2024-06-30,1.200000,5.680000,16.901408,17.193613,0.558141,91.319234,94.489478,97.659721,100.829965,104.000208,,,,,,,,,,95.990000,98.230000,102.060833,104.347083,95.990000,97.584596,94.395404,96.787298,95.192702
2024-10-09,95.000000,2024-08-14,2024-06-30,1.200000,5.680000,16.725352,17.182105,0.553381,91.307945,94.451151,97.594356,100.737561,103.880766,,,,,,,,,,95.860000,98.121667,101.944167,104.295000,95.860000,97.320209,94.399791,96.590105,95.129895
2024-10-11,95.000000,2024-08-14,2024-06-30,1.200000,5.680000,16.725352,17.172673,0.551421,91.276643,94.408714,97.540785,100.672855,103.804926,,,,,,,,,,95.790000,98.013333,101.840000,104.242917,95.790000,97.275225,94.304775,96.532613,95.047387
2024-10-14,95.000000,2024-08-14,2024-06-30,1.200000,5.680000,16.725352,17.163242,0.549290,91.247276,94.367244,97.487213,100.607182,103.727150,,,,,,,,,,95.740000,97.905000,101.735833,104.190833,95.740000,97.262325,94.217675,96.501163,94.978837
2024-10-15,95.200000,2024-08-14,2024-06-30,1.200000,5.680000,16.760563,17.153411,0.545813,91.230938,94.331157,97.431377,100.531596,103.631816,,,,,,,,,,95.730000,97.808333,101.629167,104.141667,95.730000,97.264309,94.195691,96.497155,94.962845
2024-10-16,94.400000,2024-08-14,2024-06-30,1.200000,5.680000,16.619718,17.144484,0.545707,91.181433,94.281051,97.380668,100.480286,103.579903,,,,,,,,,,95.675000,97.690000,101.528333,104.089167,95.675000,97.318968,94.031032,96.496984,94.853016
2024-10-17,94.500000,2024-08-14,2024-06-30,1.200000,5.680000,16.637324,17.134319,0.543678,91.146748,94.234839,97.322930,100.411021,103.499112,,,,,,,,,,95.640000,97.581667,101.420000,104.037083,95.640000,97.354827,93.925173,96.497413,94.782587
2024-10-18,94.700000,2024-08-14,2024-06-30,1.200000,5.680000,16.672535,17.123755,0.540192,91.126343,94.194635,97.262927,100.331219,103.399511,,,,,,,,,,95.550000,97.485000,101.309167,103.992083,95.550000,97.263722,93.836278,96.406861,94.693139
2024-10-21,95.500000,2024-08-14,2024-06-30,1.200000,5.680000,16.813380,17.115057,0.536676,91.116884,94.165203,97.213523,100.261842,103.310162,,,,,,,,,,95.545000,97.410000,101.209167,103.948333,95.545000,97.258691,93.831309,96.401845,94.688155
2024-10-22,94.400000,2024-08-14,2024-06-30,1.200000,5.680000,16.619718,17.106129,0.535924,91.074714,94.118764,97.162814,100.206864,103.250913,,,,,,,,,,95.460000,97.333333,101.108333,103.904167,95.460000,97.225637,93.694363,96.342818,94.577182
2024-10-23,94.700000,2024-08-14,2024-06-30,1.200000,5.680000,16.672535,17.096257,0.532876,91.053272,94.080007,97.106742,100.133477,103.160212,,,,,,,,,,95.355000,97.251667,101.001667,103.867500,95.355000,97.032686,93.677314,96.193843,94.516157
2024-10-24,94.400000,2024-08-14,2024-06-30,1.200000,5.680000,16.619718,17.086638,0.530953,91.020480,94.036291,97.052102,100.067914,103.083725,,,,,,,,,,95.270000,97.183333,100.896667,103.827500,95.270000,96.960967,93.579033,96.115483,94.424517
2024-10-25,94.700000,2024-08-14,2024-06-30,1.200000,5.680000,16.672535,17.078150,0.529348,90.990498,93.997196,97.003894,100.010591,103.017289,,,,,,,,,,95.210000,97.106667,100.798333,103.784583,95.210000,96.891979,93.528021,96.050989,94.369011
2024-10-28,95.100000,2024-08-14,2024-06-30,1.200000,5.680000,16.742958,17.070250,0.527195,90.970087,93.964553,96.959018,99.953484,102.947949,,,,,,,,,,95.175000,97.041667,100.703333,103.747500,95.175000,96.834264,93.515736,96.004632,94.345368
2024-10-29,94.300000,2024-08-14,2024-06-30,1.200000,5.680000,16.602113,17.060483,0.524897,90.940716,93.922131,96.903545,99.884959,102.866373,,,,,,,,,,95.125000,96.953333,100.597500,103.711250,95.125000,96.828093,93.421907,95.976547,94.273453
2024-10-30,94.900000,2024-08-14,2024-06-30,1.200000,5.680000,16.707746,17.051597,0.521731,90.926205,93.889638,96.853071,99.816504,102.779938,,,,,,,,,,95.050000,96.843333,100.496667,103.669167,95.050000,96.645388,93.454612,95.847694,94.252306
2024-11-01,94.200000,2024-08-14,2024-06-30,1.200000,5.680000,16.584507,17.040992,0.518141,90.906748,93.849791,96.792833,99.735876,102.678919,,,,,,,,,,95.060000,96.755000,100.385833,103.628333,95.060000,96.629982,93.490018,95.844991,94.275009
2024-11-04,94.000000,2024-08-14,2024-06-30,1.200000,5.680000,16.549296,17.029401,0.513392,90.894858,93.810928,96.726997,99.643066,102.559136,,,,,,,,,,94.960000,96.710000,100.269167,103.582500,94.960000,96.532661,93.387339,95.746331,94.173669
2024-11-05,94.000000,2024-08-14,2024-06-30,1.200000,5.680000,16.549296,17.018502,0.509540,90.876713,93.770903,96.665092,99.559282,102.453471,,,,,,,,,,94.875000,96.648333,100.156667,103.534583,94.875000,96.462948,93.287052,95.668974,94.081026
2024-11-06,94.500000,2024-08-14,2024-06-30,1.200000,5.680000,16.637324,17.006261,0.500757,90.906963,93.751262,96.595560,99.439859,102.284157,,,,,,,,,,94.725000,96.566667,100.035833,103.490833,94.725000,95.727891,93.722109,95.226445,94.223555
2024-11-07,94.800000,2024-08-14,2024-06-30,1.200000,5.680000,16.690141,16.995843,0.494123,90.923149,93.729770,96.536391,99.343012,102.149632,,,,,,,,,,94.665000,96.503333,99.925833,103.448333,94.665000,95.470965,93.859035,95.067982,94.262018
2024-11-08,95.000000,2024-08-14,2024-06-30,1.200000,5.680000,16.725352,16.987796,0.490557,90.917954,93.704318,96.490682,99.277046,102.063410,,,,,,,,,,94.665000,96.448333,99.830000,103.408750,94.665000,95.470965,93.859035,95.067982,94.262018
2024-11-11,95.100000,2024-08-14,2024-06-30,1.200000,5.680000,16.742958,16.979494,0.486143,90.920940,93.682231,96.443523,99.204815,101.966107,,,,,,,,,,94.670000,96.393333,99.726667,103.371667,94.670000,95.485895,93.854105,95.077947,94.262053
2024-11-12,94.900000,2024-08-14,2024-06-30,1.200000,5.680000,16.707746,16.971585,0.482740,90.914678,93.656640,96.398603,99.140566,101.882528,,,,,,,,,,94.665000,96.320000,99.625833,103.331667,94.665000,95.473572,93.856428,95.069286,94.260714
2024-11-13,94.800000,2024-08-14,2024-06-30,1.200000,5.680000,16.690141,16.963530,0.479263,90.908423,93.630636,96.352849,99.075062,101.797275,,,,,,,,,,94.645000,96.241667,99.524167,103.289167,94.645000,95.416806,93.873194,95.030903,94.259097
2024-11-14,94.000000,2024-11-14,2024-09-30,1.320000,5.420000,17.343173,16.958854,0.472699,86.792926,89.354957,91.916988,94.479019,97.041050,,,,,,,,,,94.625000,96.146667,99.403333,103.247500,94.625000,95.442892,93.807108,95.033946,94.216054
2024-11-15,95.200000,2024-11-14,2024-09-30,1.320000,5.420000,17.564576,16.956023,0.467983,86.828703,89.365174,91.901644,94.438114,96.974585,,,,,,,,,,94.660000,96.078333,99.292500,103.204583,94.660000,95.514462,93.805538,95.087231,94.232769
2024-11-18,95.100000,2024-11-14,2024-09-30,1.320000,5.420000,17.546125,16.953726,0.464361,86.855524,89.372359,91.889193,94.406028,96.922863,,,,,,,,,,94.680000,96.025000,99.185000,103.163333,94.680000,95.556836,93.803164,95.118418,94.241582
2024-11-19,94.700000,2024-11-14,2024-09-30,1.320000,5.420000,17.472325,16.949438,0.457060,86.911426,89.388691,91.865956,94.343222,96.820487,,,,,,,,,,94.640000,95.958333,99.065833,103.114167,94.640000,95.427802,93.852198,95.033901,94.246099
2024-11-20,94.800000,2024-11-14,2024-09-30,1.320000,5.420000,17.490775,16.943930,0.446304,86.998167,89.417133,91.836099,94.255066,96.674032,,,,,,,,,,94.660000,95.885000,98.939167,103.063333,94.660000,95.442439,93.877561,95.051219,94.268781
2024-11-21,95.000000,2024-11-14,2024-09-30,1.320000,5.420000,17.527675,16.938041,0.433616,87.103783,89.453983,91.804182,94.154382,96.504582,,,,,,,,,,94.675000,95.810000,98.810000,103.013333,94.675000,95.472034,93.877966,95.073517,94.276483
2024-11-22,95.200000,2024-11-14,2024-09-30,1.320000,5.420000,17.564576,16.931085,0.416327,87.253491,89.509985,91.766479,94.022973,96.279467,,,,,,,,,,94.715000,95.738333,98.674167,102.964167,94.715000,95.533921,93.896079,95.124460,94.305540
2024-11-25,95.200000,2024-11-14,2024-09-30,1.320000,5.420000,17.564576,16.924816,0.400655,87.389405,89.560953,91.732502,93.904051,96.075599,,,,,,,,,,94.740000,95.663333,98.542500,102.919167,94.740000,95.587038,93.892962,95.163519,94.316481
2024-11-26,95.000000,2024-11-14,2024-09-30,1.320000,5.420000,17.527675,16.918240,0.383734,87.537186,89.617022,91.696858,93.776695,95.856531,,,,,,,,,,94.735000,95.596667,98.409167,102.869167,94.735000,95.574235,93.895765,95.154618,94.315382
2024-11-27,94.900000,2024-11-14,2024-09-30,1.320000,5.420000,17.509225,16.917698,0.382844,87.543890,89.618906,91.693921,93.768937,95.843952,,,,,,,,,,94.765000,95.533333,98.312500,102.820833,94.765000,95.581346,93.948654,95.173173,94.356827
2024-11-28,94.700000,2024-11-14,2024-09-30,1.320000,5.420000,17.472325,16.917536,0.382603,87.545622,89.619333,91.693044,93.766755,95.840466,,,,,,,,,,94.755000,95.468333,98.218333,102.773750,94.755000,95.569280,93.940720,95.162140,94.347860
2024-11-29,94.400000,2024-11-14,2024-09-30,1.320000,5.420000,17.416974,16.917600,0.382688,87.545059,89.619226,91.693393,93.767560,95.841727,,,,,,,,,,94.765000,95.386667,98.125833,102.721250,94.765000,95.555137,93.974863,95.160068,94.369932
2024-12-02,95.000000,2024-11-14,2024-09-30,1.320000,5.420000,17.527675,16.918587,0.384116,87.534922,89.616832,91.698742,93.780653,95.862563,,,,,,,,,,94.815000,95.325000,98.038333,102.675417,94.815000,95.523668,94.106332,95.169334,94.460666
2024-12-03,94.700000,2024-11-14,2024-09-30,1.320000,5.420000,17.472325,16.919113,0.384836,87.529970,89.615781,91.701592,93.787403,95.873213,,,,,,,,,,94.850000,95.261667,97.948333,102.628333,94.850000,95.450000,94.250000,95.150000,94.550000
2024-12-04,96.000000,2024-11-14,2024-09-30,1.320000,5.420000,17.712177,16.922325,0.389843,87.493106,89.606053,91.719001,93.831949,95.944896,,,,,,,,,,94.925000,95.236667,97.873333,102.586667,94.925000,95.692429,94.157571,95.308715,94.541285
2024-12-05,96.000000,2024-11-14,2024-09-30,1.320000,5.420000,17.712177,16.927600,0.396213,87.452637,89.600114,91.747590,93.895067,96.042543,,,,,,,,,,94.985000,95.213333,97.810833,102.542917,94.985000,95.887103,94.082897,95.436051,94.533949
2024-12-06,95.300000,2024-11-14,2024-09-30,1.320000,5.420000,17.583026,16.931798,0.400480,87.429145,89.599745,91.770346,93.940946,96.111547,,,,,,,,,,95.000000,95.175000,97.742500,102.498333,95.000000,95.913063,94.086937,95.456532,94.543468
2024-12-09,95.300000,2024-11-14,2024-09-30,1.320000,5.420000,17.583026,16.936684,0.404831,87.408456,89.602642,91.796828,93.991014,96.185200,,,,,,,,,,95.010000,95.156667,97.678333,102.453750,95.010000,95.932012,94.087988,95.471006,94.548994
2024-12-10,94.500000,2024-11-14,2024-09-30,1.320000,5.420000,17.435424,16.941715,0.407260,87.409401,89.616749,91.824097,94.031445,96.238793,,,,,,,,,,94.990000,95.131667,97.615833,102.405833,94.990000,95.939016,94.040984,95.464508,94.515492
2024-12-11,94.500000,2024-11-14,2024-09-30,1.320000,5.420000,17.435424,16.948122,0.408940,87.425913,89.642366,91.858819,94.075273,96.291726,,,,,,,,,,94.975000,95.116667,97.561667,102.353750,94.975000,95.945892,94.004108,95.460446,94.489554
2024-12-12,94.600000,2024-11-14,2024-09-30,1.320000,5.420000,17.453875,16.953994,0.411113,87.434185,89.662417,91.890648,94.118880,96.347112,,,,,,,,,,95.005000,95.101667,97.504167,102.287500,95.005000,95.881536,94.128464,95.443268,94.566732
2024-12-13,95.100000,2024-11-14,2024-09-30,1.320000,5.420000,17.546125,16.958573,0.414637,87.420801,89.668132,91.915464,94.162796,96.410128,,,,,,,,,,95.000000,95.100000,97.438333,102.227500,95.000000,95.872986,94.127014,95.436493,94.563507
2024-12-16,95.000000,2024-11-14,2024-09-30,1.320000,5.420000,17.527675,16.962310,0.417743,87.407389,89.671554,91.935720,94.199886,96.464051,,,,,,,,,,94.995000,95.075000,97.367500,102.173333,94.995000,95.866719,94.123281,95.430860,94.559140
2024-12-17,95.000000,2024-11-14,2024-09-30,1.320000,5.420000,17.527675,16.966735,0.420910,87.397036,89.678369,91.959702,94.241035,96.522368,,,,,,,,,,95.010000,95.065000,97.300833,102.123333,95.010000,95.870600,94.149400,95.440300,94.579700
2024-12-18,94.600000,2024-11-14,2024-09-30,1.320000,5.420000,17.453875,16.971232,0.423221,87.396364,89.690221,91.984078,94.277935,96.571792,,,,,,,,,,95.000000,95.040000,97.235000,102.067500,95.000000,95.875395,94.124605,95.437697,94.562303
2024-12-19,94.500000,2024-11-14,2024-09-30,1.320000,5.420000,17.435424,16.975576,0.425300,87.397366,89.702493,92.007620,94.312747,96.617875,,,,,,,,,,94.975000,95.001667,97.168333,102.005000,94.975000,95.878502,94.071498,95.426751,94.523249
2024-12-20,94.100000,2024-11-14,2024-09-30,1.320000,5.420000,17.361624,16.977929,0.426658,87.395406,89.707891,92.020376,94.332861,96.645346,,,,,,,,,,94.920000,94.968333,97.090000,101.945000,94.920000,95.896783,93.943217,95.408392,94.431608
2024-12-23,94.500000,2024-11-14,2024-09-30,1.320000,5.420000,17.435424,16.981585,0.428695,87.393141,89.716666,92.040192,94.363717,96.687243,,,,,,,,,,94.885000,94.945000,97.019167,101.892917,94.885000,95.869672,93.900328,95.377336,94.392664
2024-12-24,94.200000,2024-11-14,2024-09-30,1.320000,5.420000,17.380074,16.984780,0.430234,87.393770,89.725639,92.057508,94.389376,96.721245,,,,,,,,,,94.845000,94.918333,96.945833,101.835417,94.845000,95.874001,93.815999,95.359500,94.330500
2024-12-25,94.000000,2024-11-14,2024-09-30,1.320000,5.420000,17.343173,16.988355,0.431423,87.400255,89.738569,92.076883,94.415197,96.753511,,,,,,,,,,94.800000,94.896667,96.875000,101.779167,94.800000,95.895445,93.704555,95.347723,94.252277
2024-12-26,93.700000,2024-11-14,2024-09-30,1.320000,5.420000,17.287823,16.991468,0.432231,87.408375,89.751067,92.093759,94.436451,96.779143,,,,,,,,,,94.750000,94.851667,96.801667,101.721667,94.750000,95.950877,93.549123,95.350438,94.149562
2024-12-27,93.500000,2024-11-14,2024-09-30,1.320000,5.420000,17.250923,16.994962,0.432623,87.423064,89.767879,92.112695,94.457510,96.802325,,,,,,,,,,94.705000,94.843333,96.730833,101.663333,94.705000,96.022853,93.387147,95.363927,94.046073
2024-12-30,93.700000,2024-11-14,2024-09-30,1.320000,5.420000,17.287823,16.998763,0.433180,87.437630,89.785463,92.133297,94.481130,96.828964,,,,,,,,,,94.640000,94.805000,96.661667,101.607917,94.640000,96.023208,93.256792,95.331604,93.948396
2024-12-31,94.000000,2024-11-14,2024-09-30,1.320000,5.420000,17.343173,17.002338,0.434245,87.445461,89.799067,92.152673,94.506278,96.859884,,,,,,,,,,94.605000,94.776667,96.590833,101.555833,94.605000,96.016942,93.193058,95.310971,93.899029
2025-01-02,93.000000,2024-11-14,2024-09-30,1.320000,5.420000,17.158672,17.005063,0.434191,87.460814,89.814128,92.167442,94.520755,96.874069,,,,,,,,,,94.455000,94.701667,96.515833,101.495417,94.455000,95.880298,93.029702,95.167649,93.742351
2025-01-03,90.300000,2024-11-14,2024-09-30,1.320000,5.420000,16.660517,17.003637,0.435045,87.443819,89.801765,92.159711,94.517656,96.875602,,,,,,,,,,94.170000,94.606667,96.418333,101.425833,94.170000,96.365785,91.974215,95.267893,93.072107
2025-01-06,89.100000,2024-11-14,2024-09-30,1.320000,5.420000,16.439114,17.001053,0.437483,87.403387,89.774547,92.145706,94.516866,96.888025,,,,,,,,,,93.860000,94.508333,96.315000,101.351250,93.860000,96.951857,90.768143,95.405928,92.314072
2025-01-07,89.100000,2024-11-14,2024-09-30,1.320000,5.420000,16.439114,16.998469,0.439892,87.363268,89.747485,92.131702,94.515919,96.900136,,,,,,,,,,93.550000,94.410000,96.211667,101.276667,93.550000,97.222659,89.877341,95.386329,91.713671
2025-01-08,90.700000,2024-11-14,2024-09-30,1.320000,5.420000,16.734317,16.998345,0.439965,87.361807,89.746419,92.131031,94.515642,96.900254,,,,,,,,,,93.360000,94.338333,96.121667,101.212917,93.360000,97.214403,89.505597,95.287201,91.432799
2025-01-09,90.000000,2024-11-14,2024-09-30,1.320000,5.420000,16.605166,16.997833,0.440390,87.354420,89.741336,92.128253,94.515169,96.902086,,,,,,,,,,93.135000,94.251667,96.030000,101.144167,93.135000,97.227239,89.042761,95.181120,91.088880
2025-01-10,88.600000,2024-11-14,2024-09-30,1.320000,5.420000,16.346863,16.994480,0.443817,87.299101,89.704591,92.110082,94.515572,96.921062,,,,,,,,,,92.835000,94.155000,95.922500,101.071667,92.835000,97.334485,88.335515,95.084743,90.585257
2025-01-13,89.100000,2024-11-14,2024-09-30,1.320000,5.420000,16.439114,16.992584,0.445712,87.268287,89.684046,92.099804,94.515562,96.931321,,,,,,,,,,92.535000,94.065000,95.823333,101.003333,92.535000,97.195822,87.874178,94.865411,90.204589
2025-01-14,89.000000,2024-11-14,2024-09-30,1.320000,5.420000,16.420664,16.991221,0.447218,87.244574,89.668497,92.092420,94.516342,96.940265,,,,,,,,,,92.235000,93.970000,95.727500,100.936667,92.235000,96.999021,87.470979,94.617010,89.852990
2025-01-15,89.400000,2024-11-14,2024-09-30,1.320000,5.420000,16.494465,16.991161,0.447285,87.243528,89.667812,92.092095,94.516378,96.940662,,,,,,,,,,91.955000,93.868333,95.639167,100.873750,91.955000,96.692965,87.217035,94.323983,89.586017
2025-01-16,89.600000,2024-11-14,2024-09-30,1.320000,5.420000,16.531365,16.992784,0.445239,87.274503,89.687697,92.100890,94.514084,96.927278,,,,,,,,,,91.705000,93.788333,95.560833,100.809583,91.705000,96.382595,87.027405,94.043797,89.366203
2025-01-17,89.100000,2024-11-14,2024-09-30,1.320000,5.420000,16.439114,16.992813,0.445202,87.275054,89.688050,92.101047,94.514044,96.927040,,,,,,,,,,91.435000,93.695000,95.473333,100.743333,91.435000,96.056358,86.813642,93.745679,89.124321
2025-01-20,89.600000,2024-11-14,2024-09-30,1.320000,5.420000,16.531365,16.995123,0.442045,87.321802,89.717686,92.113569,94.509453,96.905336,,,,,,,,,,91.210000,93.615000,95.399167,100.679167,91.210000,95.721926,86.698074,93.465963,88.954037
2025-01-21,90.400000,2024-11-14,2024-09-30,1.320000,5.420000,16.678967,16.997564,0.439456,87.363097,89.744946,92.126795,94.508644,96.890493,,,,,,,,,,91.005000,93.543333,95.325000,100.616250,91.005000,95.252340,86.757660,93.128670,88.881330
2025-01-22,90.700000,2024-11-14,2024-09-30,1.320000,5.420000,16.734317,17.000878,0.435915,87.419442,89.782100,92.144757,94.507415,96.870073,,,,,,,,,,90.830000,93.470000,95.255833,100.554583,90.830000,94.802590,86.857410,92.816295,88.843705
2025-02-03,89.400000,2024-11-14,2024-09-30,1.320000,5.420000,16.494465,17.001368,0.435306,87.428693,89.788053,92.147414,94.506775,96.866136,,,,,,,,,,90.600000,93.388333,95.170833,100.487500,90.600000,94.324739,86.875261,92.462370,88.737630
2025-02-04,90.100000,2024-11-14,2024-09-30,1.320000,5.420000,16.623616,17.000322,0.436068,87.414767,89.778255,92.141743,94.505231,96.868719,,,,,,,,,,90.420000,93.308333,95.075833,100.423333,90.420000,93.850268,86.989732,92.135134,88.704866
2025-02-05,90.200000,2024-11-14,2024-09-30,1.320000,5.420000,16.642066,17.002179,0.434041,87.446803,89.799308,92.151812,94.504316,96.856820,,,,,,,,,,90.255000,93.241667,94.998333,100.359583,90.255000,93.363884,87.146116,91.809442,88.700558
2025-02-06,90.200000,2024-11-14,2024-09-30,1.320000,5.420000,16.642066,17.007887,0.424583,87.580271,89.881510,92.182750,94.483989,96.785228,,,,,,,,,,90.080000,93.178333,94.944167,100.297917,90.080000,92.732982,87.427018,91.406491,88.753509
2025-02-07,90.100000,2024-11-14,2024-09-30,1.320000,5.420000,16.623616,17.012067,0.418211,87.671991,89.938696,92.205401,94.472106,96.738811,,,,,,,,,,89.885000,93.113333,94.880833,100.237917,89.885000,91.793733,87.976267,90.839367,88.930633
2025-02-10,89.400000,2024-11-14,2024-09-30,1.320000,5.420000,16.494465,17.012832,0.417170,87.687431,89.948489,92.209548,94.470607,96.731666,,,,,,,,,,89.705000,93.028333,94.797500,100.172917,89.705000,90.935276,88.474724,90.320138,89.089862
2025-02-11,89.500000,2024-11-14,2024-09-30,1.320000,5.420000,16.512915,17.014851,0.414122,87.731406,89.975949,92.220492,94.465035,96.709578,,,,,,,,,,89.665000,92.940000,94.721667,100.108333,89.665000,90.865482,88.464518,90.265241,89.064759
2025-02-12,89.300000,2024-11-14,2024-09-30,1.320000,5.420000,16.476015,17.016975,0.410656,87.780492,90.006248,92.232004,94.457760,96.683517,,,,,,,,,,89.675000,92.845000,94.646667,100.045000,89.675000,90.858883,88.491117,90.266941,89.083059
2025-02-13,89.900000,2024-11-14,2024-09-30,1.320000,5.420000,16.586716,17.019884,0.406302,87.843456,90.045614,92.247772,94.449929,96.652087,,,,,,,,,,89.715000,92.758333,94.575833,99.977917,89.715000,90.870809,88.559191,90.292905,89.137095
2025-02-14,89.600000,2024-11-14,2024-09-30,1.320000,5.420000,16.531365,17.021094,0.404611,87.868343,90.061337,92.254331,94.447325,96.640319,,,,,,,,,,89.660000,92.670000,94.495000,99.903333,89.660000,90.719096,88.600904,90.189548,89.130452
2025-02-17,89.600000,2024-11-14,2024-09-30,1.320000,5.420000,16.531365,17.012876,0.404458,87.825464,90.017625,92.209786,94.401947,96.594108,,,,,,,,,,89.640000,92.583333,94.412500,99.830833,89.640000,90.687101,88.592899,90.163551,89.116449
2025-02-18,89.100000,2024-11-14,2024-09-30,1.320000,5.420000,16.439114,17.003595,0.404742,87.772085,89.965784,92.159484,94.353183,96.546882,,,,,,,,,,89.665000,92.501667,94.324167,99.758333,89.665000,90.628054,88.701946,90.146527,89.183473
2025-02-19,89.800000,2024-11-14,2024-09-30,1.320000,5.420000,16.568266,16.995977,0.404256,87.736056,89.927125,92.118195,94.309265,96.500335,,,,,,,,,,89.700000,92.411667,94.245000,99.686667,89.700000,90.626794,88.773206,90.163397,89.236603
2025-02-20,89.600000,2024-11-14,2024-09-30,1.320000,5.420000,16.531365,16.989519,0.405445,87.688167,89.885680,92.083192,94.280705,96.478218,,,,,,,,,,89.730000,92.320000,94.172500,99.618333,89.730000,90.598392,88.861608,90.164196,89.295804
2025-02-21,90.900000,2024-11-14,2024-09-30,1.320000,5.420000,16.771218,16.984473,0.404352,87.672668,89.864255,92.055842,94.247429,96.439016,,,,,,,,,,89.805000,92.256667,94.107500,99.547083,89.805000,90.802840,88.807160,90.303920,89.306080
2025-02-24,91.100000,2024-11-14,2024-09-30,1.320000,5.420000,16.808118,16.979000,0.402235,87.665957,89.846070,92.026183,94.206295,96.386408,,,,,,,,,,89.880000,92.195000,94.040000,99.474583,89.880000,91.027262,88.732738,90.453631,89.306369
2025-02-25,91.900000,2024-11-14,2024-09-30,1.320000,5.420000,16.955720,16.974318,0.399171,87.673790,89.837297,92.000804,94.164311,96.327818,,,,,,,,,,90.020000,92.143333,93.976667,99.403333,90.020000,91.421653,88.618347,90.720827,89.319173
2025-02-26,92.300000,2024-11-14,2024-09-30,1.320000,5.420000,17.029520,16.970251,0.396063,87.685433,89.832096,91.978759,94.125422,96.272085,,,,,,,,,,90.155000,92.095000,93.916667,99.337917,90.155000,91.871146,88.438854,91.013073,89.296927
2025-02-27,93.200000,2024-11-14,2024-09-30,1.320000,5.420000,17.195572,16.967274,0.392978,87.702740,89.832681,91.962623,94.092565,96.222507,,,,,,,,,,90.295000,92.061667,93.862500,99.278333,90.295000,92.486347,88.103653,91.390673,89.199327
2025-03-03,92.600000,2024-11-14,2024-09-30,1.320000,5.420000,17.084871,16.964401,0.390824,87.710517,89.828786,91.947054,94.065322,96.183591,,,,,,,,,,90.390000,92.021667,93.809167,99.216250,90.390000,92.808264,87.971736,91.599132,89.180868
2025-03-04,93.100000,2024-11-14,2024-09-30,1.320000,5.420000,17.177122,16.962737,0.389477,87.716107,89.827072,91.938037,94.049002,96.159967,,,,,,,,,,90.575000,91.991667,93.762500,99.156250,90.575000,93.228994,87.921006,91.901997,89.248003
2025-03-05,93.000000,2024-11-14,2024-09-30,1.320000,5.420000,17.158672,16.961067,0.388190,87.721001,89.824992,91.928982,94.032972,96.136962,,,,,,,,,,90.720000,91.963333,93.715833,99.095833,90.720000,93.574065,87.865935,92.147032,89.292968
2025-03-06,93.500000,2024-11-14,2024-09-30,1.320000,5.420000,17.250923,16.959138,0.386148,87.732688,89.825607,91.918527,94.011447,96.104366,,,,,,,,,,90.885000,91.948333,93.667500,99.041667,90.885000,93.983574,87.786426,92.434287,89.335713
2025-03-07,93.000000,2024-11-14,2024-09-30,1.320000,5.420000,17.158672,16.957320,0.384676,87.738790,89.823733,91.908677,93.993620,96.078563,,,,,,,,,,91.025000,91.915000,93.620000,98.981250,91.025000,94.243941,87.806059,92.634470,89.415530
2025-03-10,93.000000,2024-11-14,2024-09-30,1.320000,5.420000,17.158672,16.955796,0.383501,87.743262,89.821839,91.900417,93.978994,96.057571,,,,,,,,,,91.170000,91.886667,93.574167,98.925000,91.170000,94.473650,87.866350,92.821825,89.518175
2025-03-11,92.800000,2024-11-14,2024-09-30,1.320000,5.420000,17.121771,16.955432,0.383321,87.743240,89.820841,91.898442,93.976043,96.053643,,,,,,,,,,91.340000,91.833333,93.535000,98.865833,91.340000,94.609895,88.070105,92.974947,89.705053
2025-03-12,92.500000,2024-11-14,2024-09-30,1.320000,5.420000,17.066421,16.954753,0.383049,87.742506,89.818634,91.894762,93.970891,96.047019,,,,,,,,,,91.490000,91.775000,93.494167,98.809583,91.490000,94.678730,88.301270,93.084365,89.895635
2025-03-13,93.200000,2024-11-14,2024-09-30,1.320000,5.420000,17.195572,16.954857,0.383114,87.742374,89.818850,91.895326,93.971802,96.048278,,,,,,,,,,91.685000,91.740000,93.457500,98.758333,91.685000,94.785611,88.584389,93.235306,90.134694
2025-03-14,95.300000,2024-11-14,2024-09-30,1.320000,5.420000,17.583026,16.959950,0.387380,87.723730,89.823331,91.922931,94.022532,96.122133,,,,,,,,,,91.955000,91.740000,93.448333,98.713750,91.955000,95.329502,88.580498,93.642251,90.267749
2025-03-17,95.300000,2024-11-14,2024-09-30,1.320000,5.420000,17.583026,16.965631,0.391490,87.709965,89.831842,91.953718,94.075594,96.197470,,,,,,,,,,92.240000,91.753333,93.442500,98.669167,92.240000,95.737608,88.742392,93.988804,90.491196
2025-03-18,96.000000,2024-11-14,2024-09-30,1.320000,5.420000,17.712177,16.973267,0.397047,87.691114,89.843111,91.995109,94.147106,96.299103,,,,,,,,,,92.560000,91.778333,93.447500,98.625417,92.560000,96.208446,88.911554,94.384223,90.735777
2025-03-19,96.400000,2024-11-14,2024-09-30,1.320000,5.420000,17.785978,16.981372,0.403629,87.663704,89.851371,92.039038,94.226704,96.414371,,,,,,,,,,92.925000,91.808333,93.455000,98.579167,92.925000,96.576604,89.273396,94.750802,91.099198
2025-03-20,97.100000,2024-11-14,2024-09-30,1.320000,5.420000,17.915129,16.990994,0.411995,87.625160,89.858173,92.091185,94.324198,96.557211,,,,,,,,,,93.290000,91.841667,93.470833,98.537917,93.290000,97.083013,89.496987,95.186506,91.393494
2025-03-21,96.200000,2024-11-14,2024-09-30,1.320000,5.420000,17.749077,16.997324,0.417766,87.596908,89.861202,92.125496,94.389790,96.654084,,,,,,,,,,93.620000,91.861667,93.468333,98.492917,93.620000,97.203941,90.036059,95.411970,91.828030
2025-03-24,96.000000,2024-11-14,2024-09-30,1.320000,5.420000,17.712177,17.004667,0.422535,87.585013,89.875155,92.165296,94.455438,96.745580,,,,,,,,,,93.875000,91.878333,93.471667,98.445000,93.875000,97.368679,90.381321,95.621839,92.128161
2025-03-25,95.100000,2024-11-14,2024-09-30,1.320000,5.420000,17.546125,17.009893,0.425336,87.582980,89.888300,92.193621,94.498941,96.804262,,,,,,,,,,94.075000,91.886667,93.463333,98.393333,94.075000,97.350989,90.799011,95.712995,92.437005
2025-03-26,96.300000,2024-11-14,2024-09-30,1.320000,5.420000,17.767528,17.015937,0.430916,87.555250,89.890814,92.226379,94.561944,96.897508,,,,,,,,,,94.295000,91.916667,93.459167,98.342500,94.295000,97.546866,91.043134,95.920933,92.669067
2025-03-27,94.600000,2024-11-14,2024-09-30,1.320000,5.420000,17.453875,17.020394,0.432668,87.560420,89.905478,92.250537,94.595596,96.940654,,,,,,,,,,94.410000,91.925000,93.446667,98.274167,94.410000,97.524584,91.295416,95.967292,92.852708
2025-03-28,94.100000,2024-11-14,2024-09-30,1.320000,5.420000,17.361624,17.024376,0.433598,87.571919,89.922019,92.272119,94.622218,96.972318,,,,,,,,,,94.455000,91.918333,93.431667,98.203750,94.455000,97.521611,91.388389,95.988306,92.921694
2025-03-31,92.800000,2025-03-31,2024-12-31,1.330000,5.100000,18.196078,17.035458,0.446329,82.328281,84.604559,86.880838,89.157117,91.433396,,,,,,,,,,94.465000,91.895000,93.406667,98.130000,94.465000,97.507350,91.422650,95.986175,92.943825
2025-04-01,93.500000,2025-03-31,2024-12-31,1.330000,5.100000,18.333333,17.048418,0.461128,82.243423,84.595178,86.946933,89.298687,91.650442,,,,,,,,,,94.485000,91.886667,93.391667,98.059167,94.485000,97.494651,91.475349,95.989826,92.980174
2025-04-02,94.200000,2025-03-31,2024-12-31,1.330000,5.100000,18.470588,17.060908,0.478988,82.124956,84.567793,87.010630,89.453467,91.896304,,,,,,,,,,94.545000,91.895000,93.373333,97.993333,94.545000,97.476840,91.613160,96.010920,93.079080
2025-04-07,85.100000,2025-03-31,2024-12-31,1.330000,5.100000,16.686275,17.062049,0.477920,82.141666,84.579059,87.016451,89.453844,91.891237,,,,,,,,,,94.125000,91.755000,93.299167,97.893750,94.125000,99.263452,88.986548,96.694226,91.555774
2025-04-08,83.200000,2025-03-31,2024-12-31,1.330000,5.100000,16.313725,17.057152,0.482569,82.069275,84.530375,86.991475,89.452575,91.913674,,,,,,,,,,93.635000,91.580000,93.192500,97.786250,93.635000,100.723991,86.546009,97.179495,90.090505
2025-04-09,79.200000,2025-03-31,2024-12-31,1.330000,5.100000,15.529412,17.046159,0.501994,81.815067,84.375238,86.935410,89.495581,92.055753,,,,,,,,,,92.945000,91.333333,93.055000,97.660000,92.945000,102.538304,83.351696,97.741652,88.148348
2025-04-10,87.100000,2025-03-31,2024-12-31,1.330000,5.100000,17.078431,17.045433,0.501883,81.812499,84.372104,86.931710,89.491315,92.050920,,,,,,,,,,92.660000,91.235000,92.968333,97.568750,92.660000,102.603715,82.716285,97.631858,87.688142
2025-04-11,90.200000,2025-03-31,2024-12-31,1.330000,5.100000,17.686275,17.051974,0.505095,81.813101,84.389084,86.965066,89.541049,92.117032,,,,,,,,,,92.545000,91.233333,92.920000,97.490417,92.545000,102.549520,82.540480,97.547260,87.542740
2025-04-14,90.300000,2025-03-31,2024-12-31,1.330000,5.100000,17.705882,17.060145,0.507691,81.828292,84.417516,87.006739,89.595962,92.185186,,,,,,,,,,92.400000,91.253333,92.880833,97.412500,92.400000,102.448514,82.351486,97.424257,87.375743
2025-04-15,90.000000,2025-03-31,2024-12-31,1.330000,5.100000,17.647059,17.067826,0.509552,81.848480,84.447196,87.045911,89.644627,92.243343,,,,,,,,,,92.135000,91.268333,92.839167,97.339583,92.135000,102.140951,82.129049,97.137975,87.132025
2025-04-16,89.200000,2025-03-31,2024-12-31,1.330000,5.100000,17.490196,17.074199,0.510016,81.876259,84.477338,87.078417,89.679497,92.280576,,,,,,,,,,91.830000,91.243333,92.790833,97.263333,91.830000,101.801560,81.858440,96.815780,86.844220
2025-04-17,88.800000,2025-03-31,2024-12-31,1.330000,5.100000,17.411765,17.079626,0.510115,81.902922,84.504508,87.106093,89.707679,92.309264,,,,,,,,,,91.470000,91.223333,92.737500,97.183333,91.470000,101.326892,81.613108,96.398446,86.541554
2025-04-18,89.600000,2025-03-31,2024-12-31,1.330000,5.100000,17.568627,17.087534,0.510280,81.941562,84.543992,87.146422,89.748852,92.351282,,,,,,,,,,91.130000,91.240000,92.697500,97.112917,91.130000,100.736818,81.523182,95.933409,86.326591
2025-04-21,89.700000,2025-03-31,2024-12-31,1.330000,5.100000,17.588235,17.095458,0.510614,81.978578,84.582707,87.186836,89.790965,92.395094,,,,,,,,,,90.760000,91.250000,92.657500,97.038750,90.760000,99.960092,81.559908,95.360046,86.159954
2025-04-22,89.700000,2025-03-31,2024-12-31,1.330000,5.100000,17.588235,17.103089,0.511082,82.012715,84.619234,87.225753,89.832272,92.438791,,,,,,,,,,90.435000,91.261667,92.615833,96.962500,90.435000,99.278261,81.591739,94.856630,86.013370
2025-04-23,88.600000,2025-03-31,2024-12-31,1.330000,5.100000,17.372549,17.107749,0.510968,82.037647,84.643583,87.249518,89.855453,92.461388,,,,,,,,,,90.065000,91.248333,92.558333,96.883750,90.065000,98.539426,81.590574,94.302213,85.827787
2025-04-24,88.100000,2025-03-31,2024-12-31,1.330000,5.100000,17.274510,17.113205,0.509205,82.083451,84.680399,87.277346,89.874294,92.471242,,,,,,,,,,89.715000,91.223333,92.505833,96.807083,89.715000,97.886652,81.543348,93.800826,85.629174
2025-04-25,88.100000,2025-03-31,2024-12-31,1.330000,5.100000,17.274510,17.118222,0.507791,82.123463,84.713197,87.302930,89.892664,92.482398,,,,,,,,,,89.305000,91.206667,92.450833,96.726250,89.305000,96.887105,81.722895,93.096052,85.513948
2025-04-28,88.500000,2025-03-31,2024-12-31,1.330000,5.100000,17.352941,17.124332,0.506151,82.171354,84.752723,87.334092,89.915461,92.496830,,,,,,,,,,89.000000,91.188333,92.401667,96.649167,89.000000,96.164533,81.835467,92.582266,85.417734
2025-04-29,88.200000,2025-03-31,2024-12-31,1.330000,5.100000,17.294118,17.129512,0.504667,82.212909,84.786709,87.360510,89.934310,92.508110,,,,,,,,,,88.705000,91.151667,92.347500,96.572917,88.705000,95.459484,81.950516,92.082242,85.327758
2025-04-30,88.700000,2025-03-31,2024-12-31,1.330000,5.100000,17.392157,17.134922,0.503967,82.247634,84.817867,87.388100,89.958334,92.528567,,,,,,,,,,88.500000,91.118333,92.294167,96.498750,88.500000,94.974240,82.025760,91.737120,85.262880
2025-05-02,89.100000,2025-03-31,2024-12-31,1.330000,5.100000,17.470588,17.142159,0.502485,82.299661,84.862336,87.425011,89.987686,92.550361,,,,,,,,,,88.280000,91.113333,92.250833,96.424167,88.280000,94.323561,82.236439,91.301781,85.258219
2025-05-05,88.200000,2025-03-31,2024-12-31,1.330000,5.100000,17.294118,17.147045,0.501074,82.338972,84.894452,87.449931,90.005411,92.560891,,,,,,,,,,87.980000,91.081667,92.195000,96.345833,87.980000,93.343659,82.616341,90.661830,85.298170
2025-05-06,88.900000,2025-03-31,2024-12-31,1.330000,5.100000,17.431373,17.154103,0.499045,82.395669,84.940796,87.485923,90.031050,92.576178,,,,,,,,,,88.170000,91.060000,92.150833,96.268333,88.170000,93.370850,82.969150,90.770425,85.569575
2025-05-07,88.800000,2025-03-31,2024-12-31,1.330000,5.100000,17.411765,17.161290,0.496465,82.458636,84.990607,87.522578,90.054549,92.586520,,,,,,,,,,88.450000,91.036667,92.107500,96.188333,88.450000,93.097807,83.802193,90.773903,86.126097
2025-05-08,90.000000,2025-03-31,2024-12-31,1.330000,5.100000,17.647059,17.170438,0.495206,82.518136,85.043684,87.569233,90.094782,92.620330,,,,,,,,,,88.990000,91.035000,92.074167,96.115417,88.990000,90.683206,87.296794,89.836603,88.143397
2025-05-09,90.600000,2025-03-31,2024-12-31,1.330000,5.100000,17.764706,17.179833,0.495700,82.561002,85.089074,87.617147,90.145219,92.673292,,,,,,,,,,89.165000,91.055000,92.041667,96.038750,89.165000,90.756127,87.573873,89.960563,88.369437
2025-05-12,91.400000,2025-03-31,2024-12-31,1.330000,5.100000,17.921569,17.190095,0.498218,82.587661,85.128572,87.669483,90.210393,92.751304,,,,,,,,,,89.225000,91.086667,92.013333,95.969583,89.225000,91.053287,87.396713,90.139143,88.310857
2025-05-13,92.300000,2025-03-31,2024-12-31,1.330000,5.100000,18.098039,17.201534,0.503191,82.595271,85.161546,87.727822,90.294097,92.860372,,,,,,,,,,89.325000,91.136667,91.990833,95.910417,89.325000,91.571752,87.078248,90.448376,88.201624
2025-05-14,93.000000,2025-03-31,2024-12-31,1.330000,5.100000,18.235294,17.213970,0.510156,82.587660,85.189453,87.791246,90.393039,92.994832,,,,,,,,,,89.475000,91.188333,91.973333,95.850000,89.475000,92.249982,86.700018,90.862491,88.087509
2025-05-15,93.000000,2025-05-15,2025-03-31,1.450000,5.300000,17.547170,17.220965,0.508909,85.876675,88.573895,91.271114,93.968334,96.665554,,,,,,,,,,89.665000,91.245000,91.957500,95.791667,89.665000,92.850675,86.479325,91.257838,88.072162
2025-05-16,92.800000,2025-05-15,2025-03-31,1.450000,5.300000,17.509434,17.227792,0.507221,85.930757,88.619028,91.307300,93.995572,96.683843,,,,,,,,,,89.865000,91.298333,91.940833,95.732500,89.865000,93.313432,86.416568,91.589216,88.140784
2025-05-19,92.200000,2025-05-15,2025-03-31,1.450000,5.300000,17.396226,17.228235,0.507346,85.931780,88.620711,91.309643,93.998575,96.687506,,,,,,,,,,89.995000,91.350000,91.925833,95.664583,89.995000,93.594108,86.395892,91.794554,88.195446
2025-05-20,92.900000,2025-05-15,2025-03-31,1.450000,5.300000,17.528302,17.227932,0.507154,85.932206,88.620123,91.308041,93.995959,96.683876,,,,,,,,,,90.155000,91.401667,91.906667,95.599583,90.155000,93.976532,86.333468,92.065766,88.244234
2025-05-21,93.100000,2025-05-15,2025-03-31,1.450000,5.300000,17.566038,17.228098,0.507263,85.931938,88.620429,91.308920,93.997412,96.685903,,,,,,,,,,90.325000,91.460000,91.890000,95.537500,90.325000,94.357956,86.292044,92.341478,88.308522
2025-05-22,92.700000,2025-05-15,2025-03-31,1.450000,5.300000,17.490566,17.228250,0.507339,85.931932,88.620829,91.309726,93.998623,96.687520,,,,,,,,,,90.530000,91.490000,91.873333,95.469583,90.530000,94.610299,86.449701,92.570150,88.489850
2025-05-23,92.400000,2025-05-15,2025-03-31,1.450000,5.300000,17.433962,17.227777,0.507118,85.931761,88.619489,91.307217,93.994945,96.682673,,,,,,,,,,90.745000,91.511667,91.853333,95.396250,90.745000,94.738402,86.751598,92.741701,88.748299
2025-05-26,92.800000,2025-05-15,2025-03-31,1.450000,5.300000,17.509434,17.227625,0.507031,85.931888,88.619149,91.306411,93.993673,96.680935,,,,,,,,,,90.980000,91.526667,91.835000,95.322500,90.980000,94.869852,87.090148,92.924926,89.035074
2025-05-27,92.400000,2025-05-15,2025-03-31,1.450000,5.300000,17.433962,17.226536,0.506441,85.932368,88.616505,91.300643,93.984780,96.668917,,,,,,,,,,91.175000,91.528333,91.811667,95.242917,91.175000,94.930067,87.419933,93.052533,89.297467
2025-05-28,92.100000,2025-05-15,2025-03-31,1.450000,5.300000,17.377358,17.224976,0.505679,85.932180,88.612277,91.292374,93.972471,96.652568,,,,,,,,,,91.370000,91.510000,91.785833,95.164167,91.370000,94.871037,87.868963,93.120519,89.619481
2025-05-29,91.500000,2025-05-15,2025-03-31,1.450000,5.300000,17.264151,17.222780,0.504925,85.928533,88.604634,91.280735,93.956836,96.632937,,,,,,,,,,91.510000,91.491667,91.756667,95.082917,91.510000,94.777640,88.242360,93.143820,89.876180
2025-06-02,90.600000,2025-05-15,2025-03-31,1.450000,5.300000,17.094340,17.219323,0.504367,85.916121,88.589266,91.262411,93.935556,96.608701,,,,,,,,,,91.585000,91.450000,91.720833,95.016667,91.585000,94.684253,88.485747,93.134626,90.035374
2025-06-03,90.000000,2025-05-15,2025-03-31,1.450000,5.300000,16.981132,17.215229,0.504290,85.895246,88.567981,91.240716,93.913451,96.586186,,,,,,,,,,91.675000,91.400000,91.681667,94.950000,91.675000,94.447705,88.902295,93.061353,90.288647
2025-06-04,90.700000,2025-05-15,2025-03-31,1.450000,5.300000,17.113208,17.212698,0.504031,85.884574,88.555937,91.227300,93.898663,96.570026,,,,,,,,,,91.765000,91.353333,91.650833,94.888333,91.765000,94.261545,89.268455,93.013272,90.516728
2025-06-05,90.700000,2025-05-15,2025-03-31,1.450000,5.300000,17.113208,17.209244,0.503274,85.874293,88.541644,91.208994,93.876345,96.543696,,,,,,,,,,91.860000,91.315000,91.615000,94.826667,91.860000,94.000733,89.719267,92.930366,90.789634
2025-06-06,0.000000,2025-05-15,2025-03-31,1.450000,5.300000,0.000000,17.063641,1.649257,72.955178,81.696239,90.437300,99.178361,107.919422,,,,,,,,,,87.360000,89.765000,90.825833,94.387083,87.360000,128.531191,46.188809,107.945595,66.774405
2025-06-09,91.300000,2025-05-15,2025-03-31,1.450000,5.300000,17.226415,17.059593,1.648247,72.944423,81.680134,90.415845,99.151557,107.887268,,,,,,,,,,87.395000,89.740000,90.786667,94.330000,87.395000,128.578976,46.211024,107.986988,66.803012
2025-06-10,94.600000,2025-05-15,2025-03-31,1.450000,5.300000,17.849057,17.060734,1.648750,72.945139,81.683515,90.421891,99.160267,107.898642,,,,,,,,,,87.555000,89.775000,90.775000,94.292917,87.555000,128.829255,46.280745,108.192127,66.917873
2025-06-11,94.100000,2025-05-15,2025-03-31,1.450000,5.300000,17.754717,17.062165,1.649282,72.947089,81.688282,90.429474,99.170666,107.911859,,,,,,,,,,87.645000,89.790000,90.765000,94.253750,87.645000,128.970638,46.319362,108.307819,66.982181
2025-06-12,93.600000,2025-05-15,2025-03-31,1.450000,5.300000,17.660377,17.062809,1.649502,72.948169,81.690530,90.432890,99.175251,107.917611,,,,,,,,,,87.675000,89.761667,90.750833,94.214583,87.675000,129.017873,46.332127,108.346437,67.003563
2025-06-13,92.400000,2025-05-15,2025-03-31,1.450000,5.300000,17.433962,17.062797,1.649499,72.948134,81.690480,90.432826,99.175172,107.917517,,,,,,,,,,87.645000,89.713333,90.733333,94.174583,87.645000,128.972471,46.317529,108.308736,66.981264
2025-06-16,92.300000,2025-05-15,2025-03-31,1.450000,5.300000,17.415094,17.062628,1.649462,72.947634,81.689781,90.431928,99.174075,107.916221,,,,,,,,,,87.620000,89.651667,90.715000,94.138333,87.620000,128.934944,46.305056,108.277472,66.962528
2025-06-17,91.600000,2025-05-15,2025-03-31,1.450000,5.300000,17.283019,17.061204,1.649195,72.942917,81.683649,90.424382,99.165114,107.905847,,,,,,,,,,87.590000,89.571667,90.690000,94.097083,87.590000,128.891811,46.288189,108.240905,66.939095
2025-06-18,92.000000,2025-05-15,2025-03-31,1.450000,5.300000,17.358491,17.059640,1.648820,72.938601,81.677348,90.416095,99.154841,107.893588,,,,,,,,,,87.545000,89.486667,90.664167,94.051250,87.545000,128.824406,46.265594,108.184703,66.905297
2025-06-19,91.700000,2025-05-15,2025-03-31,1.450000,5.300000,17.301887,17.057759,1.648410,72.932973,81.669548,90.406122,99.142697,107.879271,,,,,,,,,,87.475000,89.411667,90.636667,94.002083,87.475000,128.719477,46.230523,108.097238,66.852762
2025-06-20,92.100000,2025-05-15,2025-03-31,1.450000,5.300000,17.377358,17.056506,1.648107,72.929546,81.664515,90.399483,99.134452,107.869420,,,,,,,,,,87.445000,89.346667,90.612500,93.956667,87.445000,128.674344,46.215656,108.059672,66.830328
2025-06-23,92.300000,2025-05-15,2025-03-31,1.450000,5.300000,17.415094,17.056183,1.648033,72.928626,81.663198,90.397770,99.132343,107.866915,,,,,,,,,,87.440000,89.300000,90.593333,93.914167,87.440000,128.666838,46.213162,108.053419,66.826581
2025-06-24,89.200000,2025-05-15,2025-03-31,1.450000,5.300000,16.830189,17.051139,1.647788,72.904484,81.637762,90.371039,99.104317,107.837595,,,,,,,,,,87.260000,89.181667,90.549167,93.858750,87.260000,128.419684,46.100316,107.839842,66.680158
2025-06-25,89.700000,2025-05-15,2025-03-31,1.450000,5.300000,16.924528,17.047497,1.647579,72.887394,81.619564,90.351734,99.083904,107.816074,,,,,,,,,,87.125000,89.100000,90.512500,93.801250,87.125000,128.231377,46.018623,107.678188,66.571812
2025-06-26,90.200000,2025-05-15,2025-03-31,1.450000,5.300000,17.018868,17.044026,1.647194,72.873082,81.603209,90.333336,99.063463,107.793591,,,,,,,,,,87.030000,89.035000,90.476667,93.747917,87.030000,128.096729,45.963271,107.563364,66.496636
2025-06-27,90.100000,2025-05-15,2025-03-31,1.450000,5.300000,17.000000,17.040858,1.646908,72.859329,81.587939,90.316550,99.045160,107.773770,,,,,,,,,,86.960000,88.990000,90.442500,93.694167,86.960000,127.999411,45.920589,107.479706,66.440294
2025-06-30,89.900000,2025-05-15,2025-03-31,1.450000,5.300000,16.962264,17.037684,1.646687,72.844843,81.572285,90.299726,99.027168,107.754609,,,,,,,,,,86.925000,88.930000,90.408333,93.641667,86.925000,127.952532,45.897468,107.438766,66.411234
2025-07-01,90.100000,2025-05-15,2025-03-31,1.450000,5.300000,17.000000,17.035286,1.646529,72.833803,81.560409,90.287014,99.013619,107.740225,,,,,,,,,,86.930000,88.861667,90.378333,93.590000,86.930000,127.959135,45.900865,107.444567,66.415433
2025-07-02,89.600000,2025-05-15,2025-03-31,1.450000,5.300000,16.905660,17.032408,1.646451,72.819385,81.545575,90.271765,98.997955,107.724145,,,,,,,,,,86.875000,88.936667,90.345833,93.538333,86.875000,127.885801,45.864199,107.380400,66.369600
2025-07-03,89.600000,2025-05-15,2025-03-31,1.450000,5.300000,16.905660,17.029224,1.646322,72.803869,81.529377,90.254886,98.980395,107.705903,,,,,,,,,,86.820000,89.043333,90.311667,93.486667,86.820000,127.812148,45.827852,107.316074,66.323926
2025-07-04,89.700000,2025-05-15,2025-03-31,1.450000,5.300000,16.924528,17.025735,1.646095,72.787788,81.512092,90.236396,98.960700,107.685004,,,,,,,,,,91.305000,89.218333,90.275833,93.433333,91.305000,94.548439,88.061561,92.926719,89.683281
2025-07-07,89.700000,2025-05-15,2025-03-31,1.450000,5.300000,16.924528,17.023784,1.646075,72.777660,81.501857,90.226055,98.950252,107.674449,,,,,,,,,,91.225000,89.261667,90.248333,93.382083,91.225000,94.546937,87.903063,92.885968,89.564032
2025-07-08,89.500000,2025-05-15,2025-03-31,1.450000,5.300000,16.886792,17.025670,1.645785,72.790729,81.513389,90.236048,98.958708,107.681368,,,,,,,,,,90.970000,89.250000,90.241667,93.330000,90.970000,93.968315,87.971685,92.469158,89.470842
2025-07-09,89.600000,2025-05-15,2025-03-31,1.450000,5.300000,16.905660,17.029557,1.644938,72.820307,81.538480,90.256654,98.974828,107.693002,,,,,,,,,,90.745000,89.238333,90.245833,93.280417,90.745000,93.411340,88.078660,92.078170,89.411830
2025-07-10,88.800000,2025-05-15,2025-03-31,1.450000,5.300000,16.754717,17.032187,1.644239,72.841664,81.556129,90.270593,98.985058,107.699523,,,,,,,,,,90.505000,89.218333,90.243333,93.227500,90.505000,92.943701,88.066299,91.724351,89.285649
2025-07-11,88.400000,2025-05-15,2025-03-31,1.450000,5.300000,16.679245,17.031728,1.644330,72.838261,81.553211,90.268161,98.983111,107.698061,,,,,,,,,,90.305000,89.205000,90.224167,93.172917,90.305000,92.745427,87.864573,91.525214,89.084786
2025-07-14,88.000000,2025-05-15,2025-03-31,1.450000,5.300000,16.603774,17.031717,1.644333,72.838168,81.553133,90.268099,98.983065,107.698031,,,,,,,,,,90.090000,89.191667,90.207500,93.118750,90.090000,92.547984,87.632016,91.318992,88.861008
2025-07-15,88.700000,2025-05-15,2025-03-31,1.450000,5.300000,16.735849,17.034958,1.643355,72.865718,81.575499,90.285280,98.995061,107.704842,,,,,,,,,,89.945000,89.176667,90.208333,93.065417,89.945000,92.369849,87.520151,91.157425,88.732575
2025-07-16,89.000000,2025-05-15,2025-03-31,1.450000,5.300000,16.792453,17.037903,1.642595,72.889382,81.595134,90.300885,99.006637,107.712389,,,,,,,,,,89.795000,89.165000,90.207500,93.015417,89.795000,92.049796,87.540204,90.922398,88.667602
2025-07-17,88.500000,2025-05-15,2025-03-31,1.450000,5.300000,16.698113,17.040215,1.641914,72.908854,81.610997,90.313139,99.015282,107.717425,,,,,,,,,,89.635000,89.145000,90.203333,92.965417,89.635000,91.771672,87.498328,90.703336,88.566664
2025-07-18,89.700000,2025-05-15,2025-03-31,1.450000,5.300000,16.924528,17.043799,1.641182,72.935608,81.633871,90.332134,99.030397,107.728659,,,,,,,,,,89.515000,89.163333,90.205833,92.922500,89.515000,91.311224,87.718776,90.413112,88.616888
2025-07-21,89.400000,2025-05-15,2025-03-31,1.450000,5.300000,16.867925,17.046604,1.640586,72.956786,81.651892,90.346999,99.042105,107.737211,,,,,,,,,,89.370000,89.185000,90.204167,92.882500,89.370000,90.597921,88.142079,89.983960,88.756040
2025-07-22,88.800000,2025-05-15,2025-03-31,1.450000,5.300000,16.754717,17.049234,1.639857,72.978455,81.669697,90.360938,99.052179,107.743420,,,,,,,,,,89.350000,89.196667,90.201667,92.837500,89.350000,90.602366,88.097634,89.976183,88.723817
2025-07-23,88.900000,2025-05-15,2025-03-31,1.450000,5.300000,16.773585,17.051252,1.639363,72.994388,81.683012,90.371636,99.060260,107.748884,,,,,,,,,,89.310000,89.203333,90.195833,92.797500,89.310000,90.566394,88.053606,89.938197,88.681803
2025-07-24,88.600000,2025-05-15,2025-03-31,1.450000,5.300000,16.716981,17.051569,1.639294,72.996797,81.685056,90.373315,99.061574,107.749833,,,,,,,,,,89.230000,89.210000,90.180833,92.752917,89.230000,90.451044,88.008956,89.840522,88.619478
2025-07-25,88.500000,2025-05-15,2025-03-31,1.450000,5.300000,16.698113,17.051267,1.639356,72.994538,81.683127,90.371716,99.060304,107.748893,,,,,,,,,,89.150000,89.206667,90.162500,92.709167,89.150000,90.340312,87.959688,89.745156,88.554844
2025-07-28,89.400000,2025-05-15,2025-03-31,1.450000,5.300000,16.867925,17.054379,1.638645,73.018576,81.703393,90.388210,99.073027,107.757845,,,,,,,,,,89.125000,89.211667,90.162500,92.666667,89.125000,90.269092,87.980908,89.697046,88.552954
2025-07-29,88.100000,2025-05-15,2025-03-31,1.450000,5.300000,16.622642,17.054371,1.638647,73.018510,81.703338,90.388167,99.072996,107.757824,,,,,,,,,,89.025000,89.210000,90.145833,92.610833,89.025000,90.159855,87.890145,89.592427,88.457573
2025-07-30,88.300000,2025-05-15,2025-03-31,1.450000,5.300000,16.660377,17.054524,1.638609,73.019720,81.704348,90.388976,99.073604,107.758232,,,,,,,,,,88.960000,89.200000,90.130000,92.564167,88.960000,90.105058,87.814942,89.532529,88.387471
2025-07-31,87.900000,2025-05-15,2025-03-31,1.450000,5.300000,16.584906,17.054047,1.638738,73.015826,81.701138,90.386451,99.071764,107.757077,,,,,,,,,,88.875000,89.185000,90.110833,92.527500,88.875000,90.071266,87.678734,89.473133,88.276867
2025-08-01,89.000000,2025-05-15,2025-03-31,1.450000,5.300000,16.792453,17.055454,1.638438,73.026465,81.710186,90.393908,99.077630,107.761352,,,,,,,,,,88.840000,89.168333,90.101667,92.491250,88.840000,89.973973,87.706027,89.406986,88.273014
2025-08-04,89.200000,2025-05-15,2025-03-31,1.450000,5.300000,16.830189,17.058252,1.637759,73.048495,81.728615,90.408736,99.088857,107.768977,,,,,,,,,,88.815000,89.145000,90.100000,92.448750,88.815000,89.889636,87.740364,89.352318,88.277682
2025-08-05,89.800000,2025-05-15,2025-03-31,1.450000,5.300000,16.943396,17.061839,1.637025,73.075280,81.751515,90.427749,99.103983,107.780218,,,,,,,,,,88.830000,89.118333,90.102500,92.412083,88.830000,89.952216,87.707784,89.391108,88.268892
2025-08-06,89.900000,2025-05-15,2025-03-31,1.450000,5.300000,16.962264,17.065891,1.636165,73.105880,81.777552,90.449225,99.120898,107.792570,,,,,,,,,,88.845000,89.078333,90.107500,92.377083,88.845000,90.017447,87.672553,89.431223,88.258777
2025-08-07,90.100000,2025-05-15,2025-03-31,1.450000,5.300000,17.000000,17.069336,1.635582,73.130305,81.798892,90.467478,99.136065,107.804652,,,,,,,,,,88.910000,89.030000,90.109167,92.342500,88.910000,90.209231,87.610769,89.559615,88.260385
2025-08-08,90.100000,2025-05-15,2025-03-31,1.450000,5.300000,17.000000,17.073241,1.634846,73.158804,81.823490,90.488176,99.152862,107.817548,,,,,,,,,,88.995000,88.981667,90.113333,92.304167,88.995000,90.373748,87.616252,89.684374,88.305626
2025-08-11,90.200000,2025-05-15,2025-03-31,1.450000,5.300000,17.018868,17.077303,1.634094,73.188310,81.849009,90.509708,99.170406,107.831105,,,,,,,,,,89.105000,88.938333,90.118333,92.265417,89.105000,90.500444,87.709556,89.802722,88.407278
2025-08-12,90.900000,2025-05-15,2025-03-31,1.450000,5.300000,17.150943,17.083235,1.633050,73.230821,81.885984,90.541147,99.196310,107.851473,,,,,,,,,,89.215000,88.916667,90.133333,92.228750,89.215000,90.808771,87.621229,90.011885,88.418115
2025-08-13,91.700000,2025-05-15,2025-03-31,1.450000,5.300000,17.301887,17.089349,1.632479,73.269275,81.921411,90.573548,99.225685,107.877822,,,,,,,,,,89.350000,88.896667,90.149167,92.197083,89.350000,91.287443,87.412557,90.318721,88.381279
2025-08-14,91.700000,2025-08-14,2025-06-30,1.150000,5.250000,17.466667,17.097143,1.632025,72.623739,81.191870,89.760000,98.328131,106.896262,,,,,,,,,,89.510000,88.873333,90.166667,92.169583,89.510000,91.667874,87.352126,90.588937,88.431063
2025-08-15,92.400000,2025-08-14,2025-06-30,1.150000,5.250000,17.600000,17.104049,1.632388,72.656189,81.226224,89.796260,98.366295,106.936330,,,,,,,,,,89.645000,88.868333,90.179167,92.143333,89.645000,92.161033,87.128967,90.903016,88.386984
2025-08-18,92.500000,2025-08-14,2025-06-30,1.150000,5.250000,17.619048,17.110807,1.632831,72.687015,81.259376,89.831738,98.404099,106.976461,,,,,,,,,,89.800000,88.870000,90.190833,92.115417,89.800000,92.616493,86.983507,91.208246,88.391754
2025-08-19,92.000000,2025-08-14,2025-06-30,1.150000,5.250000,17.523810,17.115541,1.633201,72.707983,81.282287,89.856592,98.430896,107.005200,,,,,,,,,,89.960000,88.856667,90.191667,92.084167,89.960000,92.898242,87.021758,91.429121,88.490879
2025-08-20,91.300000,2025-08-14,2025-06-30,1.150000,5.250000,17.390476,17.118549,1.633373,72.721962,81.297173,89.872384,98.447594,107.022805,,,,,,,,,,90.080000,88.838333,90.183333,92.050000,90.080000,93.031966,87.128034,91.555983,88.604017
2025-08-21,92.600000,2025-08-14,2025-06-30,1.150000,5.250000,17.638095,17.122237,1.634048,72.734238,81.312991,89.891744,98.470497,107.049250,,,,,,,,,,90.280000,88.846667,90.178333,92.020417,90.280000,93.349442,87.210558,91.814721,88.745279
2025-08-22,93.000000,2025-08-14,2025-06-30,1.150000,5.250000,17.714286,17.127482,1.634937,72.752440,81.335860,89.919281,98.502701,107.086122,,,,,,,,,,90.505000,88.871667,90.181667,91.995417,90.505000,93.682868,87.327132,92.093934,88.916066
2025-08-25,93.300000,2025-08-14,2025-06-30,1.150000,5.250000,17.771429,17.132435,1.635989,72.767401,81.356341,89.945282,98.534222,107.123163,,,,,,,,,,90.700000,88.916667,90.183333,91.972917,90.700000,94.065459,87.334541,92.382730,89.017270
2025-08-26,93.200000,2025-08-14,2025-06-30,1.150000,5.250000,17.752381,17.137382,1.636966,72.783112,81.377184,89.971257,98.565329,107.159401,,,,,,,,,,90.955000,88.970000,90.185000,91.950417,90.955000,94.263347,87.646653,92.609173,89.300827
2025-08-27,93.300000,2025-08-14,2025-06-30,1.150000,5.250000,17.771429,17.141720,1.637959,72.795461,81.394745,89.994029,98.593312,107.192596,,,,,,,,,,91.205000,89.013333,90.183333,91.925417,91.205000,94.423025,87.986975,92.814012,89.595988
2025-08-28,93.600000,2025-08-14,2025-06-30,1.150000,5.250000,17.828571,17.147302,1.639158,72.812176,81.417756,90.023337,98.628917,107.234498,,,,,,,,,,91.490000,89.061667,90.188333,91.904167,91.490000,94.476919,88.503081,92.983459,89.996541
2025-08-29,93.400000,2025-08-14,2025-06-30,1.150000,5.250000,17.790476,17.152567,1.640209,72.828780,81.439879,90.050978,98.662078,107.273177,,,,,,,,,,91.710000,90.618333,90.191667,91.882917,91.710000,94.570180,88.849820,93.140090,90.279910
2025-09-01,93.900000,2025-08-14,2025-06-30,1.150000,5.250000,17.885714,17.158933,1.641571,72.847907,81.466154,90.084401,98.702648,107.320895,,,,,,,,,,91.945000,90.661667,90.200833,91.867917,91.945000,94.707512,89.182488,93.326256,90.563744
2025-09-02,92.500000,2025-08-14,2025-06-30,1.150000,5.250000,17.619048,17.163539,1.642084,72.866694,81.487636,90.108578,98.729520,107.350462,,,,,,,,,,92.080000,90.626667,90.200833,91.847500,92.080000,94.658943,89.501057,93.369472,90.790528
2025-09-03,92.500000,2025-08-14,2025-06-30,1.150000,5.250000,17.619048,17.167068,1.642609,72.879715,81.503410,90.127105,98.750800,107.374495,,,,,,,,,,92.210000,90.600000,90.195000,91.826250,92.210000,94.579899,89.840101,93.394949,91.025051
2025-09-04,92.700000,2025-08-14,2025-06-30,1.150000,5.250000,17.657143,17.167685,1.642780,72.881155,81.505752,90.130348,98.754944,107.379540,,,,,,,,,,92.340000,90.585000,90.173333,91.810833,92.340000,94.498362,90.181638,93.419181,91.260819
2025-09-05,92.900000,2025-08-14,2025-06-30,1.150000,5.250000,17.695238,17.168620,1.643051,72.883226,81.509242,90.135257,98.761273,107.387288,,,,,,,,,,92.480000,90.593333,90.153333,91.797917,92.480000,94.373590,90.586410,93.426795,91.533205
2025-09-08,92.600000,2025-08-14,2025-06-30,1.150000,5.250000,17.638095,17.168003,1.642859,72.882002,81.507009,90.132016,98.757023,107.382030,,,,,,,,,,92.600000,90.598333,90.125000,91.786250,92.600000,94.160027,91.039973,93.380013,91.819987
2025-09-09,92.600000,2025-08-14,2025-06-30,1.150000,5.250000,17.638095,17.166771,1.642446,72.879858,81.502702,90.125546,98.748390,107.371234,,,,,,,,,,92.685000,90.615000,90.093333,91.774167,92.685000,94.024717,91.345283,93.354859,92.015141
2025-09-10,92.300000,2025-08-14,2025-06-30,1.150000,5.250000,17.580952,17.163986,1.641450,72.875702,81.493314,90.110926,98.728538,107.346150,,,,,,,,,,92.715000,90.620000,90.053333,91.762083,92.715000,93.987006,91.442994,93.351003,92.078997
2025-09-11,91.600000,2025-08-14,2025-06-30,1.150000,5.250000,17.447619,17.161474,1.640778,72.869573,81.483655,90.097737,98.711819,107.325901,,,,,,,,,,92.710000,90.618333,90.015000,91.741667,92.710000,93.999472,91.420528,93.354736,92.065264
2025-09-12,91.100000,2025-08-14,2025-06-30,1.150000,5.250000,17.352381,17.158475,1.640091,72.861037,81.471517,90.081996,98.692476,107.302955,,,,,,,,,,92.645000,90.601667,89.974167,91.722917,92.645000,94.118235,91.171765,93.381617,91.908383
2025-09-15,90.800000,2025-08-14,2025-06-30,1.150000,5.250000,17.295238,17.156385,1.639753,72.853615,81.462317,90.071020,98.679722,107.288425,,,,,,,,,,92.560000,90.576667,89.938333,91.700833,92.560000,94.248849,90.871151,93.404424,91.715576
2025-09-16,90.400000,2025-08-14,2025-06-30,1.150000,5.250000,17.219048,17.151814,1.638799,72.839632,81.443328,90.047024,98.650720,107.254415,,,,,,,,,,92.480000,90.596667,89.889167,91.674167,92.480000,94.414289,90.545711,93.447144,91.512856
2025-09-17,90.100000,2025-08-14,2025-06-30,1.150000,5.250000,17.161905,17.149381,1.638564,72.829331,81.431791,90.034250,98.636709,107.239169,,,,,,,,,,92.420000,90.603333,89.851667,91.649167,92.420000,94.570740,90.269260,93.495370,91.344630
2025-09-18,90.000000,2025-08-14,2025-06-30,1.150000,5.250000,17.142857,17.147558,1.638447,72.820983,81.422831,90.024679,98.626527,107.228375,,,,,,,,,,92.290000,90.600000,89.817500,91.624583,92.290000,94.694294,89.885706,93.492147,91.087853
2025-09-19,90.400000,2025-08-14,2025-06-30,1.150000,5.250000,17.219048,17.139416,1.635618,72.807943,81.394938,89.981934,98.568930,107.155925,,,,,,,,,,92.160000,90.605000,89.797500,91.602083,92.160000,94.680986,89.639014,93.420493,90.899507
2025-09-22,91.000000,2025-08-14,2025-06-30,1.150000,5.250000,17.333333,17.131083,1.632028,72.801893,81.370039,89.938184,98.506329,107.074475,,,,,,,,,,92.045000,90.623333,89.776667,91.584167,92.045000,94.556846,89.533154,93.300923,90.789077
2025-09-23,90.800000,2025-08-14,2025-06-30,1.150000,5.250000,17.295238,17.121288,1.627442,72.798626,81.342694,89.886762,98.430831,106.974899,,,,,,,,,,91.925000,90.635000,89.748333,91.560833,91.925000,94.433827,89.416173,93.179413,90.670587
2025-09-24,90.200000,2025-08-14,2025-06-30,1.150000,5.250000,17.180952,17.125410,1.626957,72.825357,81.366881,89.908405,98.449928,106.991452,,,,,,,,,,91.770000,90.645000,89.790833,91.545000,91.770000,94.304063,89.235937,93.037031,90.502969
2025-09-25,90.500000,2025-08-14,2025-06-30,1.150000,5.250000,17.238095,17.133113,1.625269,72.883522,81.416184,89.948846,98.481508,107.014170,,,,,,,,,,91.615000,90.660000,89.851667,91.522083,91.615000,94.055255,89.174745,92.835127,90.394873
2025-09-26,90.600000,2025-08-14,2025-06-30,1.150000,5.250000,17.257143,17.147511,1.618582,73.029325,81.526879,90.024434,98.521989,107.019543,,,,,,,,,,91.475000,90.675000,89.946667,91.500833,91.475000,93.802750,89.147250,92.638875,90.311125
2025-09-30,90.100000,2025-08-14,2025-06-30,1.150000,5.250000,17.161905,17.148207,1.618570,73.033103,81.530594,90.028086,98.525578,107.023069,,,,,,,,,,91.285000,90.681667,89.971667,91.470000,91.285000,93.388906,89.181094,92.336953,90.233047
2025-10-01,90.700000,2025-08-14,2025-06-30,1.150000,5.250000,17.276190,17.144789,1.617857,73.022646,81.516396,90.010145,98.503894,106.997643,,,,,,,,,,91.195000,90.701667,89.975833,91.447917,91.195000,93.233033,89.156967,92.214017,90.175983
2025-10-02,90.200000,2025-08-14,2025-06-30,1.150000,5.250000,17.180952,17.140415,1.617037,73.008295,81.497737,89.987179,98.476621,106.966063,,,,,,,,,,91.080000,90.711667,89.975000,91.427917,91.080000,93.066904,89.093096,92.073452,90.086548
2025-10-03,90.400000,2025-08-14,2025-06-30,1.150000,5.250000,17.219048,17.136848,1.616382,72.996447,81.482450,89.968454,98.454457,106.940460,,,,,,,,,,90.965000,90.738333,89.978333,91.408750,90.965000,92.818901,89.111099,91.891950,90.038050
2025-10-07,90.300000,2025-08-14,2025-06-30,1.150000,5.250000,17.200000,17.134430,1.616066,72.987069,81.471413,89.955757,98.440102,106.924446,,,,,,,,,,90.835000,90.770000,89.987500,91.389167,90.835000,92.469207,89.200793,91.652103,90.017897
2025-10-08,90.000000,2025-08-14,2025-06-30,1.150000,5.250000,17.142857,17.132189,1.615864,72.977419,81.460706,89.943993,98.427280,106.910567,,,,,,,,,,90.705000,90.803333,89.997500,91.367500,90.705000,92.150829,89.259171,91.427914,89.982086
2025-10-09,90.200000,2025-08-14,2025-06-30,1.150000,5.250000,17.180952,17.128958,1.615372,72.965629,81.446330,89.927032,98.407734,106.888435,,,,,,,,,,90.585000,90.828333,90.002500,91.350000,90.585000,91.737160,89.432840,91.161080,90.008920
2025-10-13,89.400000,2025-08-14,2025-06-30,1.150000,5.250000,17.028571,17.124295,1.614842,72.946701,81.424624,89.902547,98.380469,106.858392,,,,,,,,,,90.440000,90.835000,90.000000,91.328750,90.440000,91.396749,89.483251,90.918374,89.961626
2025-10-14,89.500000,2025-08-14,2025-06-30,1.150000,5.250000,17.047619,17.119789,1.614291,72.928837,81.403866,89.878895,98.353924,106.828953,,,,,,,,,,90.335000,90.851667,89.998333,91.307083,90.335000,91.213456,89.456544,90.774228,89.895772
2025-10-15,89.500000,2025-08-14,2025-06-30,1.150000,5.250000,17.047619,17.117082,1.614136,72.916249,81.390464,89.864679,98.338894,106.813109,,,,,,,,,,90.255000,90.848333,90.005833,91.282083,90.255000,91.131536,89.378464,90.693268,89.816732
2025-10-16,89.600000,2025-08-14,2025-06-30,1.150000,5.250000,17.066667,17.115350,1.614077,72.907773,81.381680,89.855586,98.329492,106.803399,,,,,,,,,,90.195000,90.851667,90.018333,91.262083,90.195000,91.078712,89.311288,90.636856,89.753144
2025-10-17,90.000000,2025-08-14,2025-06-30,1.150000,5.250000,17.142857,17.114253,1.614013,72.902689,81.376258,89.849826,98.323395,106.796963,,,,,,,,,,90.175000,90.871667,90.034167,91.242500,90.175000,91.057282,89.292718,90.616141,89.733859
2025-10-20,91.300000,2025-08-14,2025-06-30,1.150000,5.250000,17.390476,17.114565,1.614063,72.903803,81.377636,89.851468,98.325301,106.799133,,,,,,,,,,90.235000,90.911667,90.057500,91.229583,90.235000,91.249163,89.220837,90.742081,89.727919
2025-10-21,90.500000,2025-08-14,2025-06-30,1.150000,5.250000,17.238095,17.114099,1.614019,72.901817,81.375417,89.849017,98.322617,106.796217,,,,,,,,,,90.260000,90.943333,90.076667,91.212083,90.260000,91.274422,89.245578,90.767211,89.752789
2025-10-22,90.700000,2025-08-14,2025-06-30,1.150000,5.250000,17.276190,17.113132,1.613886,72.898142,81.371043,89.843944,98.316845,106.789745,,,,,,,,,,90.275000,90.980000,90.093333,91.193750,90.275000,91.306861,89.243139,90.790930,89.759070
2025-10-23,90.300000,2025-08-14,2025-06-30,1.150000,5.250000,17.200000,17.110877,1.613571,72.889607,81.360856,89.832106,98.303355,106.774604,,,,,,,,,,90.240000,90.995000,90.103333,91.177083,90.240000,91.214193,89.265807,90.727097,89.752903
2025-10-27,90.700000,2025-08-14,2025-06-30,1.150000,5.250000,17.276190,17.110728,1.613555,72.888994,81.360158,89.831321,98.302485,106.773648,,,,,,,,,,90.235000,91.038333,90.124167,91.159583,90.235000,91.198054,89.271946,90.716527,89.753473
2025-10-28,90.500000,2025-08-14,2025-06-30,1.150000,5.250000,17.238095,17.109117,1.613329,72.882914,81.352890,89.822865,98.292841,106.762816,,,,,,,,,,90.250000,91.075000,90.137500,91.144167,90.250000,91.220079,89.279921,90.735039,89.764961
2025-10-29,90.800000,2025-08-14,2025-06-30,1.150000,5.250000,17.295238,17.108146,1.613180,72.879377,81.348572,89.817767,98.286962,106.756158,,,,,,,,,,90.265000,91.123333,90.154167,91.130833,90.265000,91.260305,89.269695,90.762652,89.767348
2025-10-30,90.300000,2025-08-14,2025-06-30,1.150000,5.250000,17.200000,17.104421,1.612441,72.867577,81.332893,89.798208,98.263524,106.728840,,,,,,,,,,90.250000,91.145000,90.156667,91.115417,90.250000,91.233014,89.266986,90.741507,89.758493
2025-10-31,90.100000,2025-08-14,2025-06-30,1.150000,5.250000,17.161905,17.099397,1.611305,72.853130,81.312483,89.771836,98.231189,106.690542,,,,,,,,,,90.250000,91.160000,90.152500,91.097083,90.250000,91.233014,89.266986,90.741507,89.758493
2025-11-03,89.700000,2025-08-14,2025-06-30,1.150000,5.250000,17.085714,17.092432,1.609527,72.835234,81.285251,89.735267,98.185284,106.635301,,,,,,,,,,90.200000,91.158333,90.138333,91.075833,90.200000,91.188353,89.211647,90.694177,89.705823
2025-11-04,89.700000,2025-08-14,2025-06-30,1.150000,5.250000,17.085714,17.083996,1.606863,72.818919,81.254949,89.690978,98.127007,106.563037,,,,,,,,,,90.175000,91.155000,90.116667,91.053750,90.175000,91.188332,89.161668,90.681666,89.668334
2025-11-05,89.400000,2025-08-14,2025-06-30,1.150000,5.250000,17.028571,17.073940,1.603369,72.802806,81.220495,89.638184,98.055873,106.473562,,,,,,,,,,90.125000,91.143333,90.086667,91.030000,90.125000,91.189004,89.060996,90.657002,89.592998
2025-11-06,89.600000,2025-08-14,2025-06-30,1.150000,5.250000,17.066667,17.069936,1.602777,72.787999,81.202580,89.617162,98.031743,106.446325,,,,,,,,,,90.090000,91.135000,90.058333,91.007917,90.090000,91.175600,89.004400,90.632800,89.547200
2025-11-07,89.900000,2025-08-14,2025-06-30,1.150000,5.250000,17.123810,17.066722,1.602275,72.776400,81.188345,89.600291,98.012236,106.424182,,,,,,,,,,90.085000,91.130000,90.034167,90.987500,90.085000,91.173263,88.996737,90.629131,89.540869
2025-11-10,90.400000,2025-08-14,2025-06-30,1.150000,5.250000,17.219048,17.065246,1.602051,72.771006,81.181773,89.592539,98.003306,106.414072,,,,,,,,,,90.095000,91.121667,90.019167,90.972500,90.095000,91.191358,88.998642,90.643179,89.546821
2025-11-11,90.600000,2025-08-14,2025-06-30,1.150000,5.250000,17.257143,17.062986,1.601583,72.764051,81.172364,89.580676,97.988989,106.397301,,,,,,,,,,90.155000,91.103333,90.000000,90.953333,90.155000,91.222165,89.087835,90.688583,89.621417
2025-11-12,90.700000,2025-08-14,2025-06-30,1.150000,5.250000,17.276190,17.060571,1.601037,72.757109,81.162552,89.567995,97.973438,106.378881,,,,,,,,,,90.215000,91.086667,89.980000,90.935000,90.215000,91.261850,89.168150,90.738425,89.691575
2025-11-13,90.700000,2025-08-14,2025-06-30,1.150000,5.250000,17.276190,17.058784,1.600672,72.751555,81.155086,89.558616,97.962147,106.365677,,,,,,,,,,90.275000,91.058333,89.963333,90.918333,90.275000,91.286252,89.263748,90.780626,89.769374
2025-11-14,90.400000,2025-11-14,2025-09-30,1.550000,5.480000,16.496350,17.050971,1.601114,75.891109,84.665214,93.439319,102.213424,110.987529,,,,,,,,,,90.315000,91.023333,89.946667,90.900000,90.315000,91.275866,89.354134,90.795433,89.834567
2025-11-17,90.500000,2025-11-14,2025-09-30,1.550000,5.480000,16.514599,17.042680,1.601296,75.843686,84.618787,93.393888,102.168989,110.944090,,,,,,,,,,90.340000,90.998333,89.927500,90.881250,90.340000,91.292338,89.387662,90.816169,89.863831
2025-11-18,90.200000,2025-11-14,2025-09-30,1.550000,5.480000,16.459854,17.034563,1.601765,75.794064,84.571734,93.349404,102.127074,110.904744,,,,,,,,,,90.285000,90.980000,89.909167,90.860417,90.285000,91.124235,89.445765,90.704618,89.865382
2025-11-19,90.000000,2025-11-14,2025-09-30,1.550000,5.480000,16.423358,17.026613,1.602416,75.743356,84.524597,93.305838,102.087079,110.868320,,,,,,,,,,90.260000,90.936667,89.891667,90.838750,90.260000,91.102053,89.417947,90.681026,89.838974
2025-11-20,90.000000,2025-11-14,2025-09-30,1.550000,5.480000,16.423358,17.019606,1.603207,75.696295,84.481868,93.267442,102.053015,110.838589,,,,,,,,,,90.225000,90.886667,89.879167,90.817917,90.225000,91.048024,89.401976,90.636512,89.813488
2025-11-21,89.400000,2025-11-14,2025-09-30,1.550000,5.480000,16.313869,17.013102,1.604484,75.646658,84.439229,93.231800,102.024371,110.816942,,,,,,,,,,90.180000,90.821667,89.869167,90.795000,90.180000,91.080526,89.279474,90.630263,89.729737
2025-11-24,90.000000,2025-11-14,2025-09-30,1.550000,5.480000,16.423358,17.008454,1.605385,75.611311,84.408820,93.206329,102.003837,110.801346,,,,,,,,,,90.145000,90.768333,89.869167,90.775417,90.145000,91.014301,89.275699,90.579650,89.710350
2025-11-25,90.000000,2025-11-14,2025-09-30,1.550000,5.480000,16.423358,17.002705,1.606241,75.570419,84.372622,93.174825,101.977029,110.779232,,,,,,,,,,90.120000,90.713333,89.863333,90.757083,90.120000,90.974955,89.265045,90.547477,89.692523
2025-11-26,90.300000,2025-11-14,2025-09-30,1.550000,5.480000,16.478102,16.997413,1.606920,75.533974,84.339898,93.145822,101.951746,110.757671,,,,,,,,,,90.095000,90.658333,89.860000,90.737500,90.095000,90.893617,89.296383,90.494309,89.695691
2025-11-27,89.900000,2025-11-14,2025-09-30,1.550000,5.480000,16.405109,17.134122,0.372106,89.816709,91.855849,93.894989,95.934129,97.973269,,,,,,,,,,90.075000,90.600000,90.609167,90.717500,90.075000,90.872034,89.277966,90.473517,89.676483
2025-11-28,89.900000,2025-11-14,2025-09-30,1.550000,5.480000,16.405109,17.127278,0.377902,89.715675,91.786579,93.857483,95.928386,97.999290,,,,,,,,,,90.065000,90.533333,90.597500,90.692083,90.065000,90.865723,89.264277,90.465362,89.664638
2025-12-01,89.800000,2025-11-14,2025-09-30,1.550000,5.480000,16.386861,17.115093,0.378007,89.647752,91.719231,93.790709,95.862187,97.933666,,,,,,,,,,90.070000,90.488333,90.557500,90.666250,90.070000,90.862332,89.277668,90.466166,89.673834
2025-12-02,89.800000,2025-11-14,2025-09-30,1.550000,5.480000,16.386861,17.103694,0.379179,89.572441,91.650342,93.728244,95.806145,97.884046,,,,,,,,,,90.075000,90.443333,90.521667,90.643333,90.075000,90.858716,89.291284,90.466858,89.683142
2025-12-03,89.600000,2025-11-14,2025-09-30,1.550000,5.480000,16.350365,17.092777,0.381866,89.483172,91.575796,93.668420,95.761044,97.853667,,,,,,,,,,90.085000,90.391667,90.488333,90.619583,90.085000,90.836910,89.333090,90.460955,89.709045
2025-12-04,89.500000,2025-11-14,2025-09-30,1.550000,5.480000,16.332117,17.083595,0.386808,89.378687,91.498395,93.618102,95.737810,97.857517,,,,,,,,,,90.080000,90.335000,90.464167,90.598750,90.080000,90.846674,89.313326,90.463337,89.696663
2025-12-05,89.700000,2025-11-14,2025-09-30,1.550000,5.480000,16.368613,17.074875,0.391045,89.284462,91.427387,93.570313,95.713238,97.856164,,,,,,,,,,90.070000,90.286667,90.442500,90.578750,90.070000,90.851631,89.288369,90.460816,89.679184
2025-12-08,90.000000,2025-11-14,2025-09-30,1.550000,5.480000,16.423358,17.067711,0.395053,89.201269,91.366162,93.531055,95.695948,97.860840,,,,,,,,,,90.050000,90.243333,90.429167,90.559583,90.050000,90.816400,89.283600,90.433200,89.666800
2025-12-09,89.900000,2025-11-14,2025-09-30,1.550000,5.480000,16.405109,17.059766,0.398726,89.117480,91.302499,93.487517,95.672536,97.857554,,,,,,,,,,90.015000,90.203333,90.411667,90.537917,90.015000,90.738369,89.291631,90.376685,89.653315
2025-12-10,89.800000,2025-11-14,2025-09-30,1.550000,5.480000,16.386861,17.052141,0.402786,89.031201,91.238466,93.445731,95.652996,97.860261,,,,,,,,,,89.970000,90.173333,90.395833,90.516250,89.970000,90.622445,89.317555,90.296222,89.643778
2025-12-11,89.700000,2025-11-14,2025-09-30,1.550000,5.480000,16.368613,17.043734,0.406451,88.944963,91.172314,93.399665,95.627016,97.854367,,,,,,,,,,89.920000,90.150000,90.375833,90.494167,89.920000,90.484195,89.355805,90.202097,89.637903
2025-12-12,89.800000,2025-11-14,2025-09-30,1.550000,5.480000,16.386861,17.035166,0.409384,88.865860,91.109285,93.352709,95.596134,97.839558,,,,,,,,,,89.890000,90.133333,90.355000,90.474167,89.890000,90.408703,89.371297,90.149351,89.630649
2025-12-15,90.000000,2025-11-14,2025-09-30,1.550000,5.480000,16.423358,17.031776,0.412766,88.810211,91.072171,93.334130,95.596090,97.858050,,,,,,,,,,89.865000,90.126667,90.361667,90.455417,89.865000,90.301614,89.428386,90.083307,89.646693
2025-12-16,89.800000,2025-11-14,2025-09-30,1.550000,5.480000,16.386861,17.027295,0.416838,88.741028,91.025302,93.309577,95.593851,97.878126,,,,,,,,,,89.845000,90.121667,90.362500,90.437500,89.845000,90.252689,89.437311,90.048845,89.641155
2025-12-17,89.800000,2025-11-14,2025-09-30,1.550000,5.480000,16.386861,17.022028,0.420918,88.667449,90.974082,93.280715,95.587349,97.893982,,,,,,,,,,89.835000,90.118333,90.359167,90.417917,89.835000,90.236445,89.433555,90.035722,89.634278
2025-12-18,89.500000,2025-11-14,2025-09-30,1.550000,5.480000,16.332117,17.016463,0.425602,88.585620,90.917918,93.250215,95.582513,97.914811,,,,,,,,,,89.810000,90.103333,90.354167,90.398333,89.810000,90.230025,89.389975,90.020013,89.599987
2025-12-19,90.000000,2025-11-14,2025-09-30,1.550000,5.480000,16.423358,17.011972,0.429008,88.523677,90.874641,93.225605,95.576570,97.927534,,,,,,,,,,89.840000,90.086667,90.355000,90.381667,89.840000,90.220581,89.459419,90.030291,89.649709
2025-12-22,90.100000,2025-11-14,2025-09-30,1.550000,5.480000,16.441606,17.007318,0.432156,88.463677,90.831891,93.200105,95.568319,97.936533,,,,,,,,,,89.845000,90.075000,90.355000,90.366667,89.845000,90.236891,89.453109,90.040946,89.649054
2025-12-23,89.900000,2025-11-14,2025-09-30,1.550000,5.480000,16.405109,17.003147,0.435548,88.403644,90.790445,93.177247,95.564048,97.950849,,,,,,,,,,89.840000,90.070000,90.357500,90.351667,89.840000,90.226073,89.453927,90.033037,89.646963
2025-12-24,89.700000,2025-11-14,2025-09-30,1.550000,5.480000,16.368613,16.998672,0.439301,88.337985,90.745353,93.152722,95.560090,97.967458,,,,,,,,,,89.810000,90.056667,90.358333,90.335000,89.810000,90.133793,89.486207,89.971897,89.648103
2025-12-26,89.800000,2025-11-14,2025-09-30,1.550000,5.480000,16.386861,16.994191,0.442791,88.275174,90.701671,93.128168,95.554665,97.981162,,,,,,,,,,89.805000,90.043333,90.359167,90.317500,89.805000,90.126018,89.483982,89.965509,89.644491
2025-12-29,90.100000,2025-11-14,2025-09-30,1.550000,5.480000,16.441606,16.990167,0.445615,88.222170,90.664142,93.106115,95.548087,97.990060,,,,,,,,,,89.815000,90.043333,90.362500,90.305417,89.815000,90.160040,89.469960,89.987520,89.642480
2025-12-30,90.500000,2025-11-14,2025-09-30,1.550000,5.480000,16.514599,16.987065,0.447632,88.183074,90.636096,93.089118,95.542140,97.995161,,,,,,,,,,89.850000,90.040000,90.370833,90.306250,89.850000,90.311120,89.388880,90.080560,89.619440
2025-12-31,90.500000,2025-11-14,2025-09-30,1.550000,5.480000,16.514599,16.983806,0.449648,88.143114,90.607187,93.071259,95.535332,97.999405,,,,,,,,,,89.885000,90.045000,90.378333,90.312083,89.885000,90.428962,89.341038,90.156981,89.613019
2026-01-02,90.100000,2025-11-14,2025-09-30,1.550000,5.480000,16.441606,16.981197,0.451892,88.104227,90.580594,93.056961,95.533327,98.009694,,,,,,,,,,89.910000,90.040000,90.389167,90.316250,89.910000,90.444691,89.375309,90.177346,89.642654
2026-01-05,90.000000,2025-11-14,2025-09-30,1.550000,5.480000,16.423358,16.979065,0.453928,88.070227,90.557751,93.045275,95.532799,98.020323,,,,,,,,,,89.935000,90.035000,90.402500,90.313333,89.935000,90.434579,89.435421,90.184789,89.685211
2026-01-06,90.000000,2025-11-14,2025-09-30,1.550000,5.480000,16.423358,16.977561,0.455477,88.045005,90.541020,93.037036,95.533052,98.029067,,,,,,,,,,89.950000,90.035000,90.419167,90.313333,89.950000,90.437745,89.462255,90.193872,89.706128
2026-01-07,89.700000,2025-11-14,2025-09-30,1.550000,5.480000,16.368613,16.974501,0.458340,87.996862,90.508564,93.020266,95.531967,98.043669,,,,,,,,,,89.935000,90.026667,90.427500,90.317917,89.935000,90.434579,89.435421,90.184789,89.685211
2026-01-08,89.800000,2025-11-14,2025-09-30,1.550000,5.480000,16.386861,16.971121,0.461180,87.947209,90.474476,93.001744,95.529011,98.056278,,,,,,,,,,89.930000,90.033333,90.434167,90.320833,89.930000,90.433043,89.426957,90.181522,89.678478
2026-01-09,89.900000,2025-11-14,2025-09-30,1.550000,5.480000,16.405109,16.968679,0.463408,87.909412,90.448887,92.988363,95.527839,98.067315,,,,,,,,,,89.935000,90.040000,90.445833,90.324583,89.935000,90.434579,89.435421,90.184789,89.685211
2026-01-12,90.000000,2025-11-14,2025-09-30,1.550000,5.480000,16.423358,16.964503,0.466060,87.857459,90.411467,92.965476,95.519485,98.073494,,,,,,,,,,89.950000,90.048333,90.448333,90.327083,89.950000,90.437745,89.462255,90.193872,89.706128
2026-01-13,89.600000,2025-11-14,2025-09-30,1.550000,5.480000,16.350365,16.960190,0.469344,87.797825,90.369833,92.941841,95.513849,98.085857,,,,,,,,,,89.940000,90.048333,90.450000,90.327083,89.940000,90.448455,89.431545,90.194227,89.685773
2026-01-14,89.600000,2025-11-14,2025-09-30,1.550000,5.480000,16.350365,16.956820,0.472274,87.747248,90.335312,92.923376,95.511439,98.099503,,,,,,,,,,89.920000,90.041667,90.456667,90.329167,89.920000,90.449548,89.390452,90.184774,89.655226
2026-01-15,90.000000,2025-11-14,2025-09-30,1.550000,5.480000,16.423358,16.953902,0.474493,87.706936,90.307159,92.907382,95.507605,98.107828,,,,,,,,,,89.930000,90.020000,90.465833,90.330833,89.930000,90.457556,89.402444,90.193778,89.666222
2026-01-16,90.200000,2025-11-14,2025-09-30,1.550000,5.480000,16.459854,16.951759,0.476150,87.677038,90.286339,92.895640,95.504941,98.114242,,,,,,,,,,89.950000,90.015000,90.479167,90.330000,89.950000,90.487048,89.412952,90.218524,89.681476
2026-01-19,90.200000,2025-11-14,2025-09-30,1.550000,5.480000,16.459854,16.949774,0.477711,87.649052,90.266905,92.884759,95.502613,98.120467,,,,,,,,,,89.985000,90.006667,90.493333,90.327917,89.985000,90.488775,89.481225,90.236888,89.733112
2026-01-20,89.900000,2025-11-14,2025-09-30,1.550000,5.480000,16.405109,16.945917,0.480239,87.600210,90.231917,92.863624,95.495331,98.127038,,,,,,,,,,89.980000,90.000000,90.497500,90.330000,89.980000,90.485132,89.474868,90.232566,89.727434
2026-01-21,90.000000,2025-11-14,2025-09-30,1.550000,5.480000,16.423358,16.944256,0.481708,87.575002,90.214763,92.854523,95.494284,98.134045,,,,,,,,,,89.975000,89.988333,90.513333,90.329583,89.975000,90.477101,89.472899,90.226050,89.723950
2026-01-22,90.000000,2025-11-14,2025-09-30,1.550000,5.480000,16.423358,16.942281,0.483365,87.546019,90.194859,92.843700,95.492540,98.141380,,,,,,,,,,89.980000,89.980000,90.527500,90.328750,89.980000,90.480946,89.479054,90.230473,89.729527
2026-01-23,89.800000,2025-11-14,2025-09-30,1.550000,5.480000,16.386861,16.940631,0.484931,87.519812,90.177234,92.834656,95.492077,98.149499,,,,,,,,,,89.985000,89.963333,90.543333,90.327083,89.985000,90.476078,89.493922,90.230539,89.739461
2026-01-26,89.400000,2025-11-14,2025-09-30,1.550000,5.480000,16.313869,16.936642,0.488117,87.463033,90.137917,92.812800,95.487684,98.162567,,,,,,,,,,89.965000,89.948333,90.546667,90.324167,89.965000,90.516648,89.413352,90.240824,89.689176
2026-01-27,89.600000,2025-11-14,2025-09-30,1.550000,5.480000,16.350365,16.932644,0.490954,87.410034,90.100461,92.790888,95.481315,98.171742,,,,,,,,,,89.940000,89.940000,90.550000,90.325000,89.940000,90.510872,89.369128,90.225436,89.654564
2026-01-28,89.700000,2025-11-14,2025-09-30,1.550000,5.480000,16.368613,16.927854,0.493645,87.354296,90.059468,92.764640,95.469812,98.174984,,,,,,,,,,89.900000,89.940000,90.549167,90.325833,89.900000,90.415037,89.384963,90.157519,89.642481
2026-01-29,90.000000,2025-11-14,2025-09-30,1.550000,5.480000,16.423358,16.923363,0.495776,87.306329,90.023179,92.740030,95.456880,98.173730,,,,,,,,,,89.875000,89.945000,90.550000,90.328750,89.875000,90.309681,89.440319,90.092340,89.657660
2026-01-30,89.500000,2025-11-14,2025-09-30,1.550000,5.480000,16.332117,16.917797,0.498649,87.244341,89.976935,92.709530,95.442124,98.174719,,,,,,,,,,89.845000,89.946667,90.545000,90.327083,89.845000,90.296780,89.393220,90.070890,89.619110
2026-02-02,89.300000,2025-11-14,2025-09-30,1.550000,5.480000,16.295620,16.911928,0.501809,87.177541,89.927452,92.677363,95.427274,98.177186,,,,,,,,,,89.810000,89.941667,90.538333,90.325833,89.810000,90.316380,89.303620,90.063190,89.556810
2026-02-03,89.200000,2025-11-14,2025-09-30,1.550000,5.480000,16.277372,16.905748,0.505036,87.108311,89.875906,92.643501,95.411097,98.178692,,,,,,,,,,89.770000,89.930000,90.530000,90.324167,89.770000,90.336057,89.203943,90.053029,89.486971
2026-02-04,89.600000,2025-11-14,2025-09-30,1.550000,5.480000,16.350365,16.899077,0.507053,87.049639,89.828290,92.606942,95.385593,98.164244,,,,,,,,,,89.765000,89.916667,90.519167,90.326250,89.765000,90.335411,89.194589,90.050205,89.479795
2026-02-05,89.300000,2025-11-14,2025-09-30,1.550000,5.480000,16.295620,16.890691,0.508654,86.986143,89.773566,92.560989,95.348412,98.135834,,,,,,,,,,89.740000,89.895000,90.499167,90.324167,89.740000,90.346630,89.133370,90.043315,89.436685
2026-02-06,89.400000,2025-11-14,2025-09-30,1.550000,5.480000,16.313869,16.881085,0.508570,86.934413,89.721379,92.508344,95.295310,98.082276,,,,,,,,,,89.715000,89.873333,90.480000,90.323333,89.715000,90.334932,89.095068,90.024966,89.405034
2026-02-09,89.300000,2025-11-14,2025-09-30,1.550000,5.480000,16.295620,16.870215,0.507013,86.891918,89.670348,92.448778,95.227207,98.005637,,,,,,,,,,89.680000,89.850000,90.454167,90.316667,89.680000,90.311123,89.048877,89.995561,89.364439
2026-02-10,89.400000,2025-11-14,2025-09-30,1.550000,5.480000,16.313869,16.859338,0.504808,86.856475,89.622825,92.389175,95.155524,97.921874,,,,,,,,,,89.670000,89.833333,90.428333,90.309583,89.670000,90.312692,89.027308,89.991346,89.348654
2026-02-11,89.500000,2025-11-14,2025-09-30,1.550000,5.480000,16.332117,16.849408,0.503346,86.818078,89.576416,92.334754,95.093092,97.851430,,,,,,,,,,89.665000,89.816667,90.407500,90.299583,89.665000,90.311529,89.018471,89.988265,89.341735
2026-02-23,89.500000,2025-11-14,2025-09-30,1.550000,5.480000,16.332117,16.840588,0.503058,86.772904,89.529663,92.286422,95.043182,97.799941,,,,,,,,,,89.640000,89.805000,90.392500,90.287917,89.640000,90.270455,89.009545,89.955228,89.324772
2026-02-24,89.400000,2025-11-14,2025-09-30,1.550000,5.480000,16.313869,16.829553,0.499932,86.746700,89.486325,92.225949,94.965574,97.705199,,,,,,,,,,89.600000,89.795000,90.365833,90.272083,89.600000,90.180381,89.019619,89.890191,89.309809
2026-02-25,89.500000,2025-11-14,2025-09-30,1.550000,5.480000,16.332117,16.818035,0.495277,86.734594,89.448712,92.162830,94.876948,97.591066,,,,,,,,,,89.565000,89.786667,90.336667,90.259167,89.565000,90.072937,89.057063,89.818969,89.311031
2026-02-26,90.000000,2025-11-14,2025-09-30,1.550000,5.480000,16.423358,16.806801,0.488715,86.744948,89.423108,92.101268,94.779429,97.457589,,,,,,,,,,89.570000,89.796667,90.309167,90.246250,89.570000,90.093551,89.046449,89.831775,89.308225
2026-03-02,89.700000,2025-11-14,2025-09-30,1.550000,5.480000,16.368613,16.795269,0.482502,86.749850,89.393963,92.038076,94.682189,97.326302,,,,,,,,,,89.555000,89.791667,90.280000,90.232500,89.555000,90.042637,89.067363,89.798818,89.311182
2026-03-03,89.800000,2025-11-14,2025-09-30,1.550000,5.480000,16.386861,16.783731,0.475467,86.763734,89.369291,91.974848,94.580405,97.185962,,,,,,,,,,89.545000,89.788333,90.250833,90.217083,89.545000,90.001416,89.088584,89.773208,89.316792
2026-03-04,89.000000,2025-11-14,2025-09-30,1.550000,5.480000,16.240876,16.770501,0.468182,86.771067,89.336705,91.902343,94.467981,97.033619,,,,,,,,,,89.505000,89.766667,90.212500,90.200417,89.505000,90.005421,89.004579,89.755210,89.254790
2026-03-05,89.700000,2025-11-14,2025-09-30,1.550000,5.480000,16.368613,16.758652,0.460074,86.795004,89.316208,91.837411,94.358615,96.879818,,,,,,,,,,89.520000,89.763333,90.181667,90.186667,89.520000,90.025132,89.014868,89.772566,89.267434
2026-03-06,89.400000,2025-11-14,2025-09-30,1.550000,5.480000,16.313869,16.745553,0.449981,86.833842,89.299736,91.765630,94.231524,96.697419,,,,,,,,,,89.510000,89.755000,90.144167,90.172500,89.510000,90.016380,89.003620,89.763190,89.256810
2026-03-09,88.300000,2025-11-14,2025-09-30,1.550000,5.480000,16.113139,16.733004,0.446400,86.804315,89.250588,91.696860,94.143133,96.589405,,,,,,,,,,89.440000,89.730000,90.109167,90.155000,89.440000,90.172408,88.707592,89.806204,89.073796
2026-03-10,88.400000,2025-11-14,2025-09-30,1.550000,5.480000,16.131387,16.720607,0.442224,86.782146,89.205535,91.628924,94.052313,96.475702,,,,,,,,,,89.360000,89.706667,90.075000,90.135000,89.360000,90.179242,88.540758,89.769621,88.950379
2026-03-11,88.700000,2025-11-14,2025-09-30,1.550000,5.480000,16.186131,16.708348,0.436395,86.778857,89.170302,91.561748,93.953193,96.344639,,,,,,,,,,89.320000,89.691667,90.041667,90.107500,89.320000,90.187179,88.452821,89.753590,88.886410
2026-03-12,88.800000,2025-11-14,2025-09-30,1.550000,5.480000,16.204380,16.695924,0.429226,86.789348,89.141507,91.493665,93.845823,96.197982,,,,,,,,,,89.295000,89.680000,90.007500,90.080417,89.295000,90.192892,88.397108,89.743946,88.846054
2026-03-13,88.900000,2025-11-14,2025-09-30,1.550000,5.480000,16.222628,16.684129,0.422513,86.798279,89.113652,91.429025,93.744399,96.059772,,,,,,,,,,89.280000,89.666667,89.976667,90.050833,89.280000,90.194445,88.365555,89.737223,88.822777
2026-03-16,88.500000,2025-11-14,2025-09-30,1.550000,5.480000,16.149635,16.671725,0.416072,86.800908,89.080980,91.361052,93.641125,95.921197,,,,,,,,,,89.225000,89.641667,89.942500,90.017917,89.225000,90.189365,88.260635,89.707183,88.742817
2026-03-17,89.400000,2025-11-14,2025-09-30,1.550000,5.480000,16.313869,16.661166,0.408818,86.822542,89.062865,91.303189,93.543512,95.783836,,,,,,,,,,89.230000,89.633333,89.918333,89.985833,89.230000,90.197036,88.262964,89.713518,88.746482
2026-03-18,88.800000,2025-11-14,2025-09-30,1.550000,5.480000,16.204380,16.650806,0.404450,86.813641,89.030028,91.246414,93.462801,95.679187,,,,,,,,,,89.200000,89.616667,89.895000,89.955000,89.200000,90.181942,88.218058,89.690971,88.709029
2026-03-19,88.700000,2025-11-14,2025-09-30,1.550000,5.480000,16.186131,16.641087,0.401451,86.793253,88.993204,91.193156,93.393107,95.593059,,,,,,,,,,89.170000,89.600000,89.875000,89.924583,89.170000,90.175459,88.164541,89.672729,88.667271
2026-03-20,88.800000,2025-11-14,2025-09-30,1.550000,5.480000,16.204380,16.631996,0.398856,86.771875,88.957608,91.143340,93.329072,95.514804,,,,,,,,,,89.140000,89.583333,89.858333,89.898333,89.140000,90.152345,88.127655,89.646172,88.633828
2026-03-23,88.300000,2025-11-14,2025-09-30,1.550000,5.480000,16.113139,16.622780,0.397953,86.731267,88.912052,91.092837,93.273621,95.454406,,,,,,,,,,89.080000,89.555000,89.840833,89.865000,89.080000,90.143460,88.016540,89.611730,88.548270
2026-03-24,88.300000,2025-11-14,2025-09-30,1.550000,5.480000,16.113139,16.614041,0.397530,86.688015,88.866479,91.044943,93.223407,95.401871,,,,,,,,,,89.020000,89.530000,89.825833,89.838750,89.020000,90.118516,87.921484,89.569258,88.470742
2026-03-25,88.500000,2025-11-14,2025-09-30,1.550000,5.480000,16.149635,16.605764,0.396766,86.651029,88.825307,90.999586,93.173864,95.348142,,,,,,,,,,88.975000,89.508333,89.813333,89.815417,88.975000,90.081678,87.868322,89.528339,88.421661
2026-03-26,88.600000,2025-11-14,2025-09-30,1.550000,5.480000,16.167883,16.597004,0.394711,86.625553,88.788568,90.951583,93.114598,95.277612,,,,,,,,,,88.930000,89.493333,89.798333,89.797917,88.930000,90.019858,87.840142,89.474929,88.385071
2026-03-27,88.600000,2025-11-14,2025-09-30,1.550000,5.480000,16.167883,16.587292,0.390759,86.615639,88.757000,90.898360,93.039721,95.181081,,,,,,,,,,88.860000,89.470000,89.778333,89.777500,88.860000,89.834193,87.885807,89.347097,88.372903
2026-03-30,88.300000,2025-11-14,2025-09-30,1.550000,5.480000,16.113139,16.577441,0.387650,86.595734,88.720056,90.844378,92.968700,95.093022,,,,,,,,,,88.790000,89.440000,89.757500,89.752917,88.790000,89.709725,87.870275,89.249863,88.330137
2026-03-31,88.100000,2026-03-31,2025-12-31,1.630000,5.780000,15.242215,16.561285,0.402406,91.072418,93.398323,95.724228,98.050132,100.376037,,,,,,,,,,88.705000,89.410000,89.740000,89.765417,88.705000,89.542226,87.867774,89.123613,88.286387
2026-04-01,87.900000,2026-03-31,2025-12-31,1.630000,5.780000,15.207612,16.544364,0.416162,90.815593,93.221009,95.626426,98.031843,100.437259,,,,,,,,,,88.650000,89.380000,89.718333,89.785000,88.650000,89.547951,87.752049,89.098975,88.201025
2026-04-02,87.800000,2026-03-31,2025-12-31,1.630000,5.780000,15.190311,16.527141,0.428987,90.567788,93.047331,95.526874,98.006417,100.485960,,,,,,,,,,88.555000,89.346667,89.695000,89.820833,88.555000,89.384648,87.725352,88.969824,88.140176
2026-04-07,87.300000,2026-03-31,2025-12-31,1.630000,5.780000,15.103806,16.509990,0.444265,90.292041,92.859891,95.427742,97.995593,100.563443,,,,,,,,,,88.450000,89.300000,89.671667,89.821667,88.450000,89.357280,87.542720,88.903640,87.996360
2026-04-08,87.700000,2026-03-31,2025-12-31,1.630000,5.780000,15.173010,16.492463,0.455137,90.065060,92.695749,95.326439,97.957128,100.587817,,,,,,,,,,88.420000,89.253333,89.646667,89.811250,88.420000,89.385946,87.454054,88.902973,87.937027
2026-04-09,89.000000,2026-03-31,2025-12-31,1.630000,5.780000,15.397924,16.477605,0.461531,89.905260,92.572908,95.240556,97.908204,100.575852,,,,,,,,,,88.450000,89.228333,89.636667,89.805833,88.450000,89.450000,87.450000,88.950000,87.950000
2026-04-10,88.600000,2026-03-31,2025-12-31,1.630000,5.780000,15.328720,16.461852,0.468223,89.736848,92.443177,95.149505,97.855834,100.562163,,,,,,,,,,88.445000,89.203333,89.621667,89.800000,88.445000,89.440728,87.449272,88.942864,87.947136
2026-04-13,88.900000,2026-03-31,2025-12-31,1.630000,5.780000,15.380623,16.446691,0.473546,89.587675,92.324773,95.061872,97.798971,100.536069,,,,,,,,,,88.450000,89.185000,89.610000,89.798750,88.450000,89.454202,87.445798,88.952101,87.947899
2026-04-14,88.200000,2026-03-31,2025-12-31,1.630000,5.780000,15.259516,16.430996,0.481424,89.405900,92.188529,94.971158,97.753787,100.536416,,,,,,,,,,88.415000,89.155000,89.595000,89.796250,88.415000,89.401808,87.428192,88.908404,87.921596
2026-04-15,89.100000,2026-03-31,2025-12-31,1.630000,5.780000,15.415225,16.416282,0.485278,89.276296,92.081202,94.886109,97.691015,100.495921,,,,,,,,,,88.445000,89.145000,89.585833,89.794167,88.445000,89.478084,87.411916,88.961542,87.928458
2026-04-16,89.300000,2026-03-31,2025-12-31,1.630000,5.780000,15.449827,16.403126,0.489917,89.146625,91.978345,94.810066,97.641786,100.473506,,,,,,,,,,88.440000,89.136667,89.585000,89.792500,88.440000,89.454422,87.425578,88.947211,87.932789
2026-04-17,88.900000,2026-03-31,2025-12-31,1.630000,5.780000,15.380623,16.389234,0.495095,89.006470,91.868121,94.729772,97.591423,100.453074,,,,,,,,,,88.445000,89.120000,89.580000,89.789167,88.445000,89.467844,87.422156,88.956422,87.933578
2026-04-20,88.300000,2026-03-31,2025-12-31,1.630000,5.780000,15.276817,16.374477,0.501653,88.845365,91.744922,94.644478,97.544035,100.443591,,,,,,,,,,88.425000,89.091667,89.570000,89.787917,88.425000,89.442479,87.407521,88.933739,87.916261
2026-04-21,88.300000,2026-03-31,2025-12-31,1.630000,5.780000,15.276817,16.359562,0.507474,88.691862,91.625065,94.558267,97.491470,100.424672,,,,,,,,,,88.400000,89.070000,89.559167,89.788750,88.400000,89.403153,87.396847,88.901576,87.898424
2026-04-22,88.500000,2026-03-31,2025-12-31,1.630000,5.780000,15.311419,16.344300,0.511245,88.560060,91.515056,94.470053,97.425050,100.380046,,,,,,,,,,88.410000,89.051667,89.546667,89.790417,88.410000,89.412943,87.407057,88.911472,87.908528
2026-04-23,88.400000,2026-03-31,2025-12-31,1.630000,5.780000,15.294118,16.326830,0.511013,88.461767,91.415423,94.369078,97.322734,100.276390,,,,,,,,,,88.415000,89.025000,89.522500,89.790000,88.415000,89.416630,87.413370,88.915815,87.914185
2026-04-24,88.500000,2026-03-31,2025-12-31,1.630000,5.780000,15.311419,16.310775,0.512407,88.352856,91.314566,94.276277,97.237987,100.199698,,,,,,,,,,88.415000,88.996667,89.505833,89.791250,88.415000,89.416630,87.413370,88.915815,87.914185
2026-04-27,89.000000,2026-03-31,2025-12-31,1.630000,5.780000,15.397924,16.295122,0.511355,88.274544,91.230175,94.185807,97.141439,100.097070,,,,,,,,,,88.435000,88.976667,89.491667,89.792500,88.435000,89.467677,87.402323,88.951338,87.918662
2026-04-28,88.800000,2026-03-31,2025-12-31,1.630000,5.780000,15.363322,16.279817,0.511530,88.184051,91.140696,94.097340,97.053985,100.010630,,,,,,,,,,88.445000,88.958333,89.479167,89.791250,88.445000,89.488224,87.401776,88.966612,87.923388
2026-04-29,88.600000,2026-03-31,2025-12-31,1.630000,5.780000,15.328720,16.263588,0.510545,88.101632,91.052585,94.003537,96.954490,99.905442,,,,,,,,,,88.460000,88.935000,89.461667,89.792917,88.460000,89.503072,87.416928,88.981536,87.938464
2026-04-30,88.500000,2026-03-31,2025-12-31,1.630000,5.780000,15.311419,16.247532,0.509936,88.015872,90.963304,93.910736,96.858167,99.805599,,,,,,,,,,88.480000,88.910000,89.445000,89.791250,88.480000,89.509256,87.450744,88.994628,87.965372
2026-05-04,88.100000,2026-03-31,2025-12-31,1.630000,5.780000,15.242215,16.230424,0.508929,87.928631,90.870240,93.811848,96.753457,99.695065,,,,,,,,,,88.490000,88.881667,89.422500,89.788333,88.490000,89.499221,87.480779,88.994610,87.985390
2026-05-05,87.900000,2026-03-31,2025-12-31,1.630000,5.780000,15.207612,16.213820,0.509531,87.825703,90.770792,93.715882,96.660971,99.606060,,,,,,,,,,88.495000,88.856667,89.402500,89.779583,88.495000,89.490728,87.499272,88.992864,87.997136
2026-05-06,87.800000,2026-03-31,2025-12-31,1.630000,5.780000,15.190311,16.197390,0.510489,87.719661,90.670289,93.620916,96.571544,99.522172,,,,,,,,,,88.520000,88.826667,89.383333,89.767917,88.520000,89.408760,87.631240,88.964380,88.075620
2026-05-07,87.800000,2026-03-31,2025-12-31,1.630000,5.780000,15.190311,16.181595,0.512093,87.609827,90.569724,93.529621,96.489519,99.449416,,,,,,,,,,88.525000,88.795000,89.367500,89.752917,88.525000,89.395269,87.654731,88.960135,88.089865
2026-05-08,88.200000,2026-03-31,2025-12-31,1.630000,5.780000,15.259516,16.166377,0.512134,87.521390,90.481525,93.441659,96.401794,99.361929,,,,,,,,,,88.485000,88.765000,89.355000,89.735833,88.485000,89.336686,87.633314,88.910843,88.059157
2026-05-11,88.000000,2026-03-31,2025-12-31,1.630000,5.780000,15.224913,16.151347,0.513084,87.423535,90.389159,93.354783,96.320407,99.286031,,,,,,,,,,88.455000,88.740000,89.343333,89.715000,88.455000,89.331536,87.578464,88.893268,88.016732
2026-05-12,87.900000,2026-03-31,2025-12-31,1.630000,5.780000,15.207612,16.135854,0.513280,87.331717,90.298478,93.265239,96.232000,99.198760,,,,,,,,,,88.405000,88.716667,89.329167,89.693750,88.405000,89.288712,87.521288,88.846856,87.963144
2026-05-13,88.000000,2026-03-31,2025-12-31,1.630000,5.780000,15.224913,16.120030,0.511835,87.256959,90.215367,93.173775,96.132183,99.090591,,,,,,,,,,88.395000,88.696667,89.313333,89.673750,88.395000,89.292892,87.497108,88.843946,87.946054
2026-05-14,88.000000,2026-03-31,2025-12-31,1.630000,5.780000,15.224913,16.103413,0.508213,87.202787,90.140256,93.077724,96.015193,98.952662,,,,,,,,,,88.340000,88.670000,89.293333,89.656250,88.340000,89.189520,87.490480,88.764760,87.915240
2026-05-15,88.400000,2026-05-15,2026-03-31,1.410000,5.740000,15.400697,16.087942,0.501002,86.593288,89.469038,92.344788,95.220538,98.096287,,,,,,,,,,88.295000,88.655000,89.275000,89.637500,88.295000,89.016037,87.573963,88.655519,87.934481
2026-05-18,88.500000,2026-05-15,2026-03-31,1.410000,5.740000,15.418118,16.072458,0.492612,86.600729,89.428319,92.255910,95.083501,97.911092,,,,,,,,,,88.275000,88.640000,89.256667,89.618333,88.275000,88.945820,87.604180,88.610410,87.939590
2026-05-19,88.700000,2026-05-15,2026-03-31,1.410000,5.740000,15.452962,16.057265,0.483200,86.621563,89.395131,92.168699,94.942267,97.715835,,,,,,,,,,88.295000,88.630000,89.240000,89.601667,88.295000,88.992288,87.597712,88.643644,87.946356
2026-05-20,89.200000,2026-05-15,2026-03-31,1.410000,5.740000,15.540070,16.049296,0.483783,86.569130,89.346043,92.122957,94.899871,97.676784,,,,,,,,,,88.340000,88.626667,89.230000,89.588333,88.340000,89.146291,87.533709,88.743146,87.936854
2026-05-21,89.600000,2026-05-15,2026-03-31,1.410000,5.740000,15.609756,16.041755,0.483521,86.528853,89.304264,92.079675,94.855086,97.630497,,,,,,,,,,88.395000,88.628333,89.222500,89.575000,88.395000,89.377960,87.412040,88.886480,87.903520
2026-05-22,90.100000,2026-05-15,2026-03-31,1.410000,5.740000,15.696864,16.035397,0.482993,86.498416,89.270798,92.043179,94.815560,97.587942,,,,,,,,,,88.480000,88.638333,89.221667,89.565417,88.480000,89.724102,87.235898,89.102051,87.857949
2026-05-25,91.600000,2026-05-15,2026-03-31,1.410000,5.740000,15.958188,16.031521,0.481718,86.490801,89.255865,92.020928,94.785992,97.551055,,,,,,,,,,88.635000,88.675000,89.235000,89.563333,88.635000,90.504731,86.765269,89.569866,87.700134
2026-05-26,91.200000,2026-05-15,2026-03-31,1.410000,5.740000,15.888502,16.027063,0.480535,86.478798,89.237071,91.995344,94.753617,97.511890,,,,,,,,,,88.745000,88.703333,89.245000,89.562083,88.745000,90.936347,86.553653,89.840673,87.649327
2026-05-27,91.600000,2026-05-15,2026-03-31,1.410000,5.740000,15.958188,16.024099,0.479848,86.469677,89.224004,91.978331,94.732658,97.486985,,,,,,,,,,88.885000,88.730000,89.263333,89.566250,88.885000,91.421699,86.348301,90.153350,87.616650
2026-05-28,91.800000,2026-05-15,2026-03-31,1.410000,5.740000,15.993031,16.020513,0.478445,86.465199,89.211473,91.957747,94.704021,97.450295,,,,,,,,,,89.045000,88.765000,89.278333,89.573750,89.045000,91.890846,86.199154,90.467923,87.622077
2026-05-29,94.000000,2026-05-15,2026-03-31,1.410000,5.740000,16.376307,16.020121,0.478131,86.466550,89.211023,91.955496,94.699970,97.444443,,,,,,,,,,89.320000,88.835000,89.311667,89.587500,89.320000,92.909810,85.730190,91.114905,87.525095
2026-06-01,94.400000,2026-05-15,2026-03-31,1.410000,5.740000,16.445993,16.019854,0.477882,86.467879,89.210920,91.953961,94.697002,97.440043,,,,,,,,,,89.635000,88.925000,89.345833,89.602917,89.635000,93.828868,85.441132,91.731934,87.538066
2026-06-02,92.900000,2026-05-15,2026-03-31,1.410000,5.740000,16.184669,16.018017,0.476811,86.469628,89.206522,91.943416,94.680310,97.417204,,,,,,,,,,89.885000,88.978333,89.370833,89.990000,89.885000,94.236539,85.533461,92.060770,87.709230
2026-06-03,92.100000,2026-05-15,2026-03-31,1.410000,5.740000,16.045296,16.015018,0.475486,86.467630,89.196918,91.926205,94.655493,97.384780,,,,,,,,,,90.100000,89.023333,89.389167,89.993333,90.100000,94.442689,85.757311,92.271344,87.928656
2026-06-04,91.400000,2026-05-15,2026-03-31,1.410000,5.740000,15.923345,16.011156,0.474321,86.458831,89.181432,91.904034,94.626635,97.349237,,,,,,,,,,90.280000,89.075000,89.402500,89.980000,90.280000,94.518470,86.041530,92.399235,88.160765
2026-06-05,93.500000,2026-05-15,2026-03-31,1.410000,5.740000,16.289199,16.010342,0.473754,86.460664,89.180013,91.899362,94.618711,97.338060,,,,,,,,,,90.545000,89.160000,89.433333,89.977500,90.545000,94.897120,86.192880,92.721060,88.368940
2026-06-08,93.400000,2026-05-15,2026-03-31,1.410000,5.740000,16.271777,16.009687,0.473334,86.461725,89.178664,91.895603,94.612542,97.329481,,,,,,,,,,90.815000,89.238333,89.465000,89.976667,90.815000,95.172341,86.457659,92.993671,88.636329
2026-06-09,89.000000,2026-05-15,2026-03-31,1.410000,5.740000,15.505226,16.002796,0.474618,86.407434,89.131742,91.856050,94.580358,97.304666,,,,,,,,,,90.870000,89.241667,89.460833,89.962500,90.870000,95.098276,86.641724,92.984138,88.755862
2026-06-10,88.600000,2026-05-15,2026-03-31,1.410000,5.740000,15.435540,15.995021,0.476215,86.344468,89.077943,91.811418,94.544893,97.278368,,,,,,,,,,90.900000,89.236667,89.451667,89.947083,90.900000,95.050333,86.749667,92.975166,88.824834
2026-06-11,88.500000,2026-05-15,2026-03-31,1.410000,5.740000,15.418118,15.986644,0.477457,86.282129,89.022731,91.763334,94.503937,97.244540,,,,,,,,,,90.925000,89.236667,89.439167,89.934167,90.925000,95.007247,86.842753,92.966123,88.883877
2026-06-12,90.000000,2026-05-15,2026-03-31,1.410000,5.740000,15.679443,15.980596,0.476707,86.256024,88.992324,91.728623,94.464922,97.201222,,,,,,,,,,91.005000,89.246667,89.440000,89.925833,91.005000,94.938915,87.071085,92.971957,89.038043
2026-06-15,89.700000,2026-05-15,2026-03-31,1.410000,5.740000,15.627178,15.974266,0.476311,86.224237,88.958261,91.692285,94.426309,97.160333,,,,,,,,,,91.065000,89.261667,89.439167,89.917500,91.065000,94.872624,87.257376,92.968812,89.161188
2026-06-16,89.700000,2026-05-15,2026-03-31,1.410000,5.740000,15.627178,15.968087,0.475961,86.192785,88.924802,91.656819,94.388836,97.120853,,,,,,,,,,91.115000,89.278333,89.439167,89.907500,91.115000,94.816650,87.413350,92.965825,89.264175
2026-06-17,89.400000,2026-05-15,2026-03-31,1.410000,5.740000,15.574913,15.961321,0.475729,86.156611,88.887296,91.617981,94.348666,97.079351,,,,,,,,,,91.125000,89.288333,89.435833,89.895417,91.125000,94.805889,87.444111,92.965445,89.284555
2026-06-18,89.000000,2026-05-15,2026-03-31,1.410000,5.740000,15.505226,15.953670,0.475619,86.113960,88.844012,91.574064,94.304116,97.034168,,,,,,,,,,91.095000,89.300000,89.427500,89.894583,91.095000,94.837487,87.352513,92.966244,89.223756
2026-06-22,89.300000,2026-05-15,2026-03-31,1.410000,5.740000,15.557491,15.946758,0.475297,86.077984,88.806188,91.534392,94.262597,96.990801,,,,,,,,,,91.055000,89.316667,89.423333,89.892917,91.055000,94.858862,87.251138,92.956931,89.153069
2026-06-23,89.300000,2026-05-15,2026-03-31,1.410000,5.740000,15.557491,15.939847,0.474873,86.043175,88.768948,91.494721,94.220494,96.946267,,,,,,,,,,90.940000,89.330000,89.419167,89.889167,90.940000,94.812929,87.067071,92.876464,89.003536
2026-06-24,89.300000,2026-05-15,2026-03-31,1.410000,5.740000,15.557491,15.933392,0.474761,86.007410,88.732539,91.457668,94.182797,96.907926,,,,,,,,,,90.845000,89.341667,89.417500,89.885833,90.845000,94.783728,86.906272,92.814364,88.875636
2026-06-25,89.600000,2026-05-15,2026-03-31,1.410000,5.740000,15.609756,15.926612,0.473513,85.982821,88.700786,91.418751,94.136715,96.854680,,,,,,,,,,90.745000,89.358333,89.414167,89.884583,90.745000,94.704519,86.785481,92.724759,88.765241
2026-06-26,88.500000,2026-05-15,2026-03-31,1.410000,5.740000,15.418118,15.918083,0.473377,85.935432,88.652613,91.369794,94.086975,96.804156,,,,,,,,,,90.580000,89.361667,89.400833,89.877917,90.580000,94.628443,86.531557,92.604222,88.555778
2026-06-29,88.100000,2026-05-15,2026-03-31,1.410000,5.740000,15.348432,15.909277,0.474068,85.876945,88.598097,91.319250,94.040402,96.761554,,,,,,,,,,90.285000,89.361667,89.385833,89.871667,90.285000,94.139335,86.430665,92.212167,88.357833
2026-06-30,88.700000,2026-05-15,2026-03-31,1.410000,5.740000,15.452962,15.901646,0.473982,85.834139,88.554795,91.275451,93.996107,96.716763,,,,,,,,,,90.000000,89.375000,89.377500,89.867917,90.000000,93.387904,86.612096,91.693952,88.306048
2026-07-01,89.000000,2026-05-15,2026-03-31,1.410000,5.740000,15.505226,15.894300,0.473230,85.800600,88.516940,91.233279,93.949619,96.665959,,,,,,,,,,89.805000,89.395000,89.370833,89.865000,89.805000,92.928746,86.681254,91.366873,88.243127
2026-07-02,89.400000,2026-05-15,2026-03-31,1.410000,5.740000,15.574913,15.887077,0.471417,85.779956,88.485889,91.191823,93.897756,96.603690,,,,,,,,,,89.670000,89.430000,89.365000,89.863750,89.670000,92.603724,86.736276,91.136862,88.203138
2026-07-03,90.500000,2026-05-15,2026-03-31,1.410000,5.740000,15.766551,15.880843,0.467983,85.783600,88.469820,91.156041,93.842261,96.528482,,,,,,,,,,89.625000,89.476667,89.365000,89.867917,89.625000,92.473361,86.776639,91.049180,88.200820
2026-07-06,90.400000,2026-05-15,2026-03-31,1.410000,5.740000,15.749129,15.874464,0.464475,85.787249,88.453337,91.119426,93.785514,96.451603,,,,,,,,,,89.470000,89.500000,89.364167,89.871250,89.470000,91.700978,87.239022,90.585489,88.354511
2026-07-07,90.100000,2026-05-15,2026-03-31,1.410000,5.740000,15.696864,15.868258,0.461801,85.782321,88.433062,91.083802,93.734543,96.385284,,,,,,,,,,89.305000,89.525000,89.364167,89.876667,89.305000,90.606780,88.003220,89.955890,88.654110
2026-07-08,89.500000,2026-05-15,2026-03-31,1.410000,5.740000,15.592334,15.861333,0.459633,85.767463,88.405757,91.044052,93.682346,96.320641,,,,,,,,,,89.330000,89.535000,89.360000,89.881250,89.330000,90.626311,88.033689,89.978155,88.681845
2026-07-09,89.700000,2026-05-15,2026-03-31,1.410000,5.740000,15.627178,15.854698,0.457192,85.757402,88.381685,91.005968,93.630251,96.254534,,,,,,,,,,89.385000,89.560000,89.357500,89.888333,89.385000,90.643696,88.126304,90.014348,88.755652
2026-07-13,89.600000,2026-05-15,2026-03-31,1.410000,5.740000,15.609756,15.848374,0.455268,85.743191,88.356430,90.969669,93.582908,96.196148,,,,,,,,,,89.440000,89.568333,89.356667,89.892083,89.440000,90.630135,88.249865,90.035067,88.844933
2026-07-14,88.600000,2026-05-15,2026-03-31,1.410000,5.740000,15.435540,15.840447,0.454094,85.711167,88.317666,90.924164,93.530663,96.137162,,,,,,,,,,89.370000,89.556667,89.346667,89.890417,89.370000,90.585860,88.154140,89.977930,88.762070
2026-07-15,89.500000,2026-05-15,2026-03-31,1.410000,5.740000,15.592334,15.833674,0.451656,85.700279,88.292783,90.885287,93.477790,96.070294,,,,,,,,,,89.360000,89.566667,89.343333,89.894583,89.360000,90.567695,88.152305,89.963847,88.756153
2026-07-16,89.300000,2026-05-15,2026-03-31,1.410000,5.740000,15.557491,15.826458,0.449065,85.688604,88.266237,90.843869,93.421502,95.999135,,,,,,,,,,89.340000,89.583333,89.337500,89.892917,89.340000,90.537190,88.142810,89.938595,88.741405
2026-07-17,87.800000,2026-05-15,2026-03-31,1.410000,5.740000,15.296167,15.817673,0.449041,85.638450,88.215947,90.793444,93.370940,95.948437,,,,,,,,,,89.260000,89.575000,89.322500,89.886250,89.260000,90.640160,87.879840,89.950080,88.569920
2026-07-20,88.000000,2026-05-15,2026-03-31,1.410000,5.740000,15.331010,15.809178,0.448521,85.595665,88.170175,90.744684,93.319194,95.893704,,,,,,,,,,89.210000,89.566667,89.309167,89.882917,89.210000,90.698058,87.721942,89.954029,88.465971
2026-07-21,88.000000,2026-05-15,2026-03-31,1.410000,5.740000,15.331010,15.800076,0.447033,85.560490,88.126462,90.692434,93.258406,95.824378,,,,,,,,,,89.145000,89.560000,89.292500,89.879167,89.145000,90.727104,87.562896,89.936052,88.353948
2026-07-22,87.100000,2026-05-15,2026-03-31,1.410000,5.740000,15.174216,15.789362,0.446494,85.505189,88.068063,90.630937,93.193812,95.756686,,,,,,,,,,89.035000,89.536667,89.266667,89.872917,89.035000,90.859136,87.210864,89.947068,88.122932
2026-07-23,87.000000,2026-05-15,2026-03-31,1.410000,5.740000,15.156794,15.778503,0.445895,85.449731,88.009169,90.568608,93.128046,95.687485,,,,,,,,,,88.920000,89.503333,89.240000,89.866667,88.920000,90.951955,86.888045,89.935978,87.904022
2026-07-24,87.800000,2026-05-15,2026-03-31,1.410000,5.740000,15.296167,15.769262,0.444288,85.415135,87.965349,90.515563,93.065778,95.615992,,,,,,,,,,88.830000,89.486667,89.222500,89.860000,88.830000,90.894334,86.765666,89.862167,87.797833
2026-07-27,87.800000,2026-05-15,2026-03-31,1.410000,5.740000,15.296167,15.759869,0.442254,85.384571,87.923109,90.461646,93.000184,95.538721,,,,,,,,,,88.795000,89.473333,89.204167,89.858750,88.795000,90.906098,86.683902,89.850549,87.739451
2026-07-28,87.200000,2026-05-15,2026-03-31,1.410000,5.740000,15.191638,15.749604,0.441017,85.339849,87.871289,90.402729,92.934169,95.465608,,,,,,,,,,88.750000,89.451667,89.180833,89.854167,88.750000,90.959549,86.540451,89.854774,87.645226
2026-07-29,87.300000,2026-05-15,2026-03-31,1.410000,5.740000,15.209059,15.739789,0.439820,85.297253,87.821822,90.346391,92.870960,95.395529,,,,,,,,,,88.680000,89.438333,89.160000,89.851667,88.680000,90.982950,86.377050,89.831475,87.528525
2026-07-30,87.000000,2026-05-15,2026-03-31,1.410000,5.740000,15.156794,15.730147,0.439812,85.241998,87.766521,90.291044,92.815567,95.340090,,,,,,,,,,88.580000,89.423333,89.140000,89.843333,88.580000,90.995389,86.164611,89.787695,87.372305
2026-07-31,87.700000,2026-05-15,2026-03-31,1.410000,5.740000,15.278746,15.721217,0.437989,85.211673,87.725729,90.239785,92.753841,95.267897,,,,,,,,,,88.495000,89.421667,89.124167,89.837083,88.495000,90.908536,86.081464,89.701768,87.288232
2026-08-03,88.100000,2026-05-15,2026-03-31,1.410000,5.740000,15.348432,15.712715,0.435209,85.194783,87.692885,90.190986,92.689088,95.187189,,,,,,,,,,88.375000,89.426667,89.110833,89.830000,88.375000,90.600096,86.149904,89.487548,87.262452
2026-08-04,87.900000,2026-05-15,2026-03-31,1.410000,5.740000,15.313589,15.703467,0.431759,85.181310,87.659606,90.137902,92.616198,95.094495,,,,,,,,,,88.250000,89.421667,89.093333,89.821667,88.250000,90.267294,86.232706,89.258647,87.241353
2026-08-05,87.200000,2026-05-15,2026-03-31,1.410000,5.740000,15.191638,15.693963,0.430355,85.142878,87.613114,90.083349,92.553585,95.023820,,,,,,,,,,88.105000,89.408333,89.074167,89.809583,88.105000,89.973830,86.236170,89.039415,87.170585
2026-08-06,87.400000,2026-05-15,2026-03-31,1.410000,5.740000,15.226481,15.685054,0.428858,85.108914,87.570561,90.032209,92.493856,94.955504,,,,,,,,,,88.000000,89.400000,89.058333,89.798333,88.000000,89.772302,86.227698,88.886151,87.113849
2026-08-07,87.700000,2026-05-15,2026-03-31,1.410000,5.740000,15.278746,15.676732,0.426953,85.083022,87.533732,89.984441,92.435151,94.885860,,,,,,,,,,87.900000,89.395000,89.045833,89.787917,87.900000,89.484132,86.315868,88.692066,87.107934
2026-08-10,88.000000,2026-05-15,2026-03-31,1.410000,5.740000,15.331010,15.668237,0.423565,85.073158,87.504420,89.935682,92.366944,94.798206,,,,,,,,,,87.820000,89.395000,89.032500,89.775833,87.820000,89.189748,86.450252,88.504874,87.135126
2026-08-11,88.000000,2026-05-15,2026-03-31,1.410000,5.740000,15.331010,15.660199,0.420702,85.059885,87.474713,89.889541,92.304370,94.719198,,,,,,,,,,87.790000,89.388333,89.021667,89.760417,87.790000,89.113313,86.466687,88.451657,87.128343
2026-08-12,88.400000,2026-05-15,2026-03-31,1.410000,5.740000,15.400697,15.652589,0.417021,85.058456,87.452159,89.845861,92.239564,94.633267,,,,,,,,,,87.735000,89.386667,89.013333,89.746667,87.735000,88.830973,86.639027,88.282987,87.187013
2026-08-13,88.300000,2026-05-15,2026-03-31,1.410000,5.740000,15.383275,15.644986,0.413501,85.055226,87.428723,89.802221,92.175719,94.549216,,,,,,,,,,87.685000,89.380000,89.005000,89.729583,87.685000,88.546516,86.823484,88.115758,87.254242
2026-08-14,88.100000,2026-08-14,2026-06-30,1.660000,6.250000,14.096000,15.626504,0.432483,92.259608,94.962629,97.665650,100.368671,103.071692,,,,,,,,,,87.700000,89.361667,88.994167,89.711250,87.700000,88.580191,86.819809,88.140096,87.259904
2026-08-17,88.400000,2026-08-14,2026-06-30,1.660000,6.250000,14.144000,15.608270,0.448321,91.947673,94.749679,97.551685,100.353692,103.155698,,,,,,,,,,87.720000,89.341667,88.985000,89.696250,87.720000,88.645885,86.794115,88.182943,87.257057
2026-08-18,88.000000,2026-08-14,2026-06-30,1.660000,6.250000,14.080000,15.589502,0.464608,91.626789,94.530588,97.434388,100.338187,103.241986,,,,,,,,,,87.720000,89.306667,88.972500,89.682500,87.720000,88.645885,86.794115,88.182943,87.257057
2026-08-19,88.000000,2026-08-14,2026-06-30,1.660000,6.250000,14.080000,15.570886,0.479843,91.319999,94.319020,97.318040,100.317061,103.316082,,,,,,,,,,87.765000,89.246667,88.960833,89.663333,87.765000,88.650616,86.879384,88.207808,87.322192
2026-08-20,88.500000,2026-08-14,2026-06-30,1.660000,6.250000,14.160000,15.552785,0.491709,91.058551,94.131730,97.204909,100.278089,103.351268,,,,,,,,,,87.840000,89.201667,88.952500,89.644583,87.840000,88.706694,86.973306,88.273347,87.406653
2026-08-21,88.600000,2026-08-14,2026-06-30,1.660000,6.250000,14.176000,15.534058,0.500983,90.825574,93.956717,97.087859,100.219002,103.350144,,,,,,,,,,87.880000,89.151667,88.940833,89.625000,87.880000,88.810422,86.949578,88.345211,87.414789
2026-08-24,88.400000,2026-08-14,2026-06-30,1.660000,6.250000,14.144000,15.515519,0.510903,90.585707,93.778850,96.971994,100.165138,103.358282,,,,,,,,,,87.910000,89.095000,88.930000,89.605000,87.910000,88.867848,86.952152,88.388924,87.431076
2026-08-25,88.300000,2026-08-14,2026-06-30,1.660000,6.250000,14.128000,15.496695,0.520060,90.353592,93.603969,96.854345,100.104722,103.355098,,,,,,,,,,87.965000,89.000000,88.917500,89.584167,87.965000,88.876390,87.053610,88.420695,87.509305
2026-08-26,89.800000,2026-08-14,2026-06-30,1.660000,6.250000,14.368000,15.481088,0.525613,90.186641,93.471720,96.756800,100.041879,103.326958,,,,,,,,,,88.090000,88.923333,88.924167,89.568333,88.090000,89.265003,86.914997,88.677501,87.502499
2026-08-27,89.600000,2026-08-14,2026-06-30,1.660000,6.250000,14.336000,15.464149,0.529508,90.032084,93.341509,96.650934,99.960359,103.269784,,,,,,,,,,88.220000,88.868333,88.923333,89.552500,88.220000,89.460713,86.979287,88.840356,87.599644
2026-08-28,89.000000,2026-08-14,2026-06-30,1.660000,6.250000,14.240000,15.446867,0.535353,89.851007,93.196964,96.542920,99.888877,103.234834,,,,,,,,,,88.285000,88.816667,88.920000,89.532083,88.285000,89.547037,87.022963,88.916018,87.653982
2026-08-31,89.300000,2026-08-14,2026-06-30,1.660000,6.250000,14.288000,15.431658,0.542148,89.671008,93.059434,96.447861,99.836288,103.224714,,,,,,,,,,88.345000,88.781667,88.928333,89.518750,88.345000,89.681886,87.008114,89.013443,87.676557
2026-09-01,89.300000,2026-08-14,2026-06-30,1.660000,6.250000,14.288000,15.416296,0.548237,89.498892,92.925372,96.351851,99.778331,103.204810,,,,,,,,,,88.415000,88.711667,88.935833,89.505417,88.415000,89.799539,87.030461,89.107269,87.722731
2026-09-02,89.200000,2026-08-14,2026-06-30,1.660000,6.250000,14.272000,15.400345,0.553471,89.333769,92.792963,96.252157,99.711351,103.170545,,,,,,,,,,88.515000,88.641667,88.940000,89.490833,88.515000,89.816457,87.213543,89.165728,87.864272
2026-09-03,89.200000,2026-08-14,2026-06-30,1.660000,6.250000,14.272000,15.384242,0.557974,89.176837,92.664174,96.151512,99.638850,103.126188,,,,,,,,,,88.605000,88.645000,88.943333,89.475417,88.605000,89.828412,87.381588,89.216706,87.993294
2026-09-04,88.800000,2026-08-14,2026-06-30,1.660000,6.250000,14.208000,15.367453,0.562824,89.011287,92.528935,96.046584,99.564232,103.081881,,,,,,,,,,88.660000,88.648333,88.942500,89.459583,88.660000,89.808729,87.511271,89.234365,88.085635
2026-09-07,90.000000,2026-08-14,2026-06-30,1.660000,6.250000,14.400000,15.352873,0.565049,88.892346,92.423901,95.955457,99.487012,103.018568,,,,,,,,,,88.760000,88.673333,88.955000,89.448750,88.760000,90.010516,87.509484,89.385258,88.134742
2026-09-08,89.800000,2026-08-14,2026-06-30,1.660000,6.250000,14.368000,15.336658,0.565160,88.789613,92.321861,95.854109,99.386358,102.918606,,,,,,,,,,88.850000,88.670000,88.958333,89.438333,88.850000,90.128980,87.571020,89.489490,88.210510
2026-09-09,89.800000,2026-08-14,2026-06-30,1.660000,6.250000,14.368000,15.321354,0.566328,88.679369,92.218917,95.758465,99.298012,102.837560,,,,,,,,,,88.920000,88.671667,88.966667,89.430833,88.920000,90.247602,87.592398,89.583801,88.256199
2026-09-10,89.100000,2026-08-14,2026-06-30,1.660000,6.250000,14.256000,15.305270,0.568963,88.545894,92.101916,95.657937,99.213958,102.769980,,,,,,,,,,88.960000,88.661667,88.970000,89.422500,88.960000,90.256798,87.663202,89.608399,88.311601
2026-09-11,89.200000,2026-08-14,2026-06-30,1.660000,6.250000,14.272000,15.289167,0.570646,88.424222,91.990757,95.557292,99.123827,102.690363,,,,,,,,,,89.015000,88.658333,88.973333,89.415833,89.015000,90.250058,87.779942,89.632529,88.397471
2026-09-14,88.800000,2026-08-14,2026-06-30,1.660000,6.250000,14.208000,15.273291,0.574021,88.282807,91.870436,95.458066,99.045696,102.633326,,,,,,,,,,89.035000,88.655000,88.977500,89.409167,89.035000,90.240732,87.829268,89.637866,88.432134
2026-09-15,88.600000,2026-08-14,2026-06-30,1.660000,6.250000,14.176000,15.257148,0.577432,88.139272,91.748223,95.357174,98.966124,102.575075,,,,,,,,,,89.065000,88.643333,88.980000,89.402917,89.065000,90.189418,87.940582,89.627209,88.502791
2026-09-16,88.600000,2026-08-14,2026-06-30,1.660000,6.250000,14.176000,15.240701,0.579900,88.005630,91.630005,95.254380,98.878755,102.503130,,,,,,,,,,89.095000,88.631667,88.980833,89.397083,89.095000,90.128084,88.061916,89.611542,88.578458
2026-09-17,89.100000,2026-08-14,2026-06-30,1.660000,6.250000,14.256000,15.224768,0.580476,87.898855,91.526829,95.154803,98.782777,102.410750,,,,,,,,,,89.125000,88.628333,88.985000,89.391667,89.125000,90.119458,88.130542,89.622229,88.627771
2026-09-18,89.500000,2026-08-14,2026-06-30,1.660000,6.250000,14.320000,15.209369,0.579756,87.811603,91.435081,95.058559,98.682037,102.305515,,,,,,,,,,89.170000,88.626667,88.992500,89.385417,89.170000,90.145705,88.194295,89.657852,88.682148
2026-09-21,89.700000,2026-08-14,2026-06-30,1.660000,6.250000,14.352000,15.194693,0.578976,87.729628,91.348230,94.966833,98.585436,102.204038,,,,,,,,,,89.235000,88.646667,89.004167,89.380833,89.235000,90.166948,88.303052,89.700974,88.769026
2026-09-22,89.700000,2026-08-14,2026-06-30,1.660000,6.250000,14.352000,15.187275,0.584043,87.619925,91.270196,94.920468,98.570739,102.221010,,,,,,,,,,89.305000,88.673333,89.017500,89.378750,89.305000,90.147240,88.462760,89.726120,88.883880
2026-09-23,90.000000,2026-08-14,2026-06-30,1.660000,6.250000,14.400000,15.180545,0.588444,87.522858,91.200631,94.878405,98.556178,102.233951,,,,,,,,,,89.315000,88.695000,89.035000,89.376667,89.315000,90.186236,88.443764,89.750618,88.879382
2026-09-24,89.900000,2026-08-14,2026-06-30,1.660000,6.250000,14.384000,15.173825,0.592918,87.424937,91.130673,94.836409,98.542145,102.247881,,,,,,,,,,89.330000,88.710000,89.052500,89.373750,89.330000,90.231694,88.428306,89.780847,88.879153
2026-09-29,89.700000,2026-08-14,2026-06-30,1.660000,6.250000,14.352000,15.167560,0.597617,87.327038,91.062145,94.797253,98.532360,102.267467,,,,,,,,,,89.365000,88.715000,89.072500,89.372083,89.365000,90.267103,88.462897,89.816051,88.913949
2026-09-30,89.900000,2026-08-14,2026-06-30,1.660000,6.250000,14.384000,15.160985,0.601882,87.232635,90.994396,94.756158,98.517920,102.279682,,,,,,,,,,89.395000,88.705000,89.090833,89.368750,89.395000,90.327399,88.462601,89.861200,88.928800
2026-10-01,90.000000,2026-08-14,2026-06-30,1.660000,6.250000,14.400000,15.152669,0.605464,87.135883,90.920033,94.704183,98.488333,102.272483,,,,,,,,,,89.430000,88.698333,89.099167,89.367917,89.430000,90.399210,88.460790,89.914605,88.945395
2026-10-02,90.000000,2026-08-14,2026-06-30,1.660000,6.250000,14.400000,15.144930,0.609119,87.041820,90.848816,94.655812,98.462808,102.269805,,,,,,,,,,89.470000,88.696667,89.110833,89.366250,89.470000,90.464935,88.475065,89.967467,88.972533
