# chart-version: skill-stock-dynamic-valuation-box@1.9.0; font: noto-sans-cjk-tc-v1
date,close,available_date,period_end,eps,ttm_eps,pe,pe_mean,pe_std,price_m2,price_m1,price_mean,price_p1,price_p2,forward_eps,forward_pe,forward_pe_mean,forward_pe_std,forward_price_m2,forward_price_m1,forward_price_mean,forward_price_p1,forward_price_p2,sma20,sma60,sma120,sma240,bband_mid,bband_upper2,bband_lower2,bband_upper1,bband_lower1
2023-10-02,34.000000,2023-08-14,2023-06-30,-0.890000,-7.020000,-4.843305,-5.291017,0.274112,40.991467,39.067203,37.142940,35.218677,33.294413,,,,,,,,,,34.007500,35.695833,36.950000,36.690000,34.007500,34.640184,33.374816,34.323842,33.691158
2023-10-03,33.550000,2023-08-14,2023-06-30,-0.890000,-7.020000,-4.779202,-5.287204,0.278027,41.019674,39.067925,37.116175,35.164425,33.212675,,,,,,,,,,33.985000,35.626667,36.925417,36.668542,33.985000,34.649989,33.320011,34.317495,33.652505
2023-10-04,33.300000,2023-08-14,2023-06-30,-0.890000,-7.020000,-4.743590,-5.282617,0.282419,41.049138,39.066553,37.083969,35.101384,33.118800,,,,,,,,,,33.950000,35.551667,36.895417,36.643542,33.950000,34.681976,33.218024,34.315988,33.584012
2023-10-05,33.500000,2023-08-14,2023-06-30,-0.890000,-7.020000,-4.772080,-5.277669,0.286126,41.066444,39.057838,37.049233,35.040628,33.032022,,,,,,,,,,33.907500,35.484167,36.862917,36.615833,33.907500,34.640393,33.174607,34.273946,33.541054
2023-10-06,33.350000,2023-08-14,2023-06-30,-0.890000,-7.020000,-4.750712,-5.272303,0.289927,41.082147,39.046858,37.011569,34.976279,32.940990,,,,,,,,,,33.925000,35.415000,36.827500,36.591250,33.925000,34.579137,33.270863,34.252068,33.597932
2023-10-11,33.100000,2023-08-14,2023-06-30,-0.890000,-7.020000,-4.715100,-5.266163,0.293867,41.094353,39.031408,36.968464,34.905519,32.842575,,,,,,,,,,33.880000,35.335000,36.786667,36.568125,33.880000,34.629315,33.130685,34.254658,33.505342
2023-10-12,33.300000,2023-08-14,2023-06-30,-0.890000,-7.020000,-4.743590,-5.258287,0.295110,41.056520,38.984848,36.913177,34.841505,32.769834,,,,,,,,,,33.835000,35.261667,36.733750,36.547708,33.835000,34.611022,33.058978,34.223011,33.446989
2023-10-13,32.650000,2023-08-14,2023-06-30,-0.890000,-7.020000,-4.650997,-5.250955,0.299183,41.062237,38.961971,36.861706,34.761440,32.661175,,,,,,,,,,33.747500,35.172500,36.684583,36.534375,33.747500,34.641029,32.853971,34.194265,33.300735
2023-10-16,32.800000,2023-08-14,2023-06-30,-0.890000,-7.020000,-4.672365,-5.243682,0.302560,41.058594,38.934619,36.810645,34.686671,32.562696,,,,,,,,,,33.695000,35.093333,36.635833,36.515625,33.695000,34.681701,32.708299,34.188351,33.201649
2023-10-17,32.900000,2023-08-14,2023-06-30,-0.890000,-7.020000,-4.686610,-5.237782,0.306471,41.072079,38.920655,36.769231,34.617807,32.466382,,,,,,,,,,33.630000,35.019167,36.596667,36.496458,33.630000,34.647427,32.612573,34.138714,33.121286
2023-10-18,32.700000,2023-08-14,2023-06-30,-0.890000,-7.020000,-4.658120,-5.230569,0.309853,41.068925,38.893760,36.718596,34.543431,32.368267,,,,,,,,,,33.560000,34.939167,36.548333,36.476042,33.560000,34.632430,32.487570,34.096215,33.023785
2023-10-19,33.000000,2023-08-14,2023-06-30,-0.890000,-7.020000,-4.700855,-5.223712,0.312405,41.056634,38.863547,36.670461,34.477374,32.284288,,,,,,,,,,33.505000,34.871667,36.502500,36.457292,33.505000,34.573644,32.436356,34.039322,32.970678
2023-10-20,32.300000,2023-08-14,2023-06-30,-0.890000,-7.020000,-4.601140,-5.212737,0.310933,40.958916,38.776164,36.593412,34.410660,32.227908,,,,,,,,,,33.420000,34.796667,36.427917,36.437292,33.420000,34.588625,32.251375,34.004312,32.835688
2023-10-23,32.000000,2023-08-14,2023-06-30,-0.890000,-7.020000,-4.558405,-5.202780,0.312606,40.912504,38.718009,36.523514,34.329020,32.134525,,,,,,,,,,33.312500,34.711667,36.360417,36.416042,33.312500,34.588957,32.036043,33.950728,32.674272
2023-10-24,30.550000,2023-08-14,2023-06-30,-0.890000,-7.020000,-4.351852,-5.191042,0.317892,40.904319,38.672717,36.441114,34.209512,31.977909,,,,,,,,,,33.132500,34.603333,36.280417,36.391458,33.132500,34.850600,31.414400,33.991550,32.273450
2023-10-25,30.200000,2023-08-14,2023-06-30,-0.890000,-7.020000,-4.301994,-5.179785,0.325235,40.928394,38.645243,36.362092,34.078941,31.795790,,,,,,,,,,32.927500,34.473333,36.203750,36.366458,32.927500,35.000757,30.854243,33.964129,31.890871
2023-10-26,30.000000,2023-08-14,2023-06-30,-0.890000,-7.020000,-4.273504,-5.169726,0.334391,40.986325,38.638900,36.291475,33.944050,31.596625,,,,,,,,,,32.727500,34.342500,36.135417,36.341875,32.727500,35.113308,30.341692,33.920404,31.534596
2023-10-27,30.100000,2023-08-14,2023-06-30,-0.890000,-7.020000,-4.287749,-5.160024,0.342914,41.037883,38.630627,36.223370,33.816114,31.408858,,,,,,,,,,32.547500,34.221667,36.069583,36.317292,32.547500,35.157093,29.937907,33.852296,31.242704
2023-10-30,30.100000,2023-08-14,2023-06-30,-0.890000,-7.020000,-4.287749,-5.150143,0.350799,41.079222,38.616614,36.154006,33.691399,31.228791,,,,,,,,,,32.345000,34.089167,36.002500,36.292083,32.345000,35.057525,29.632475,33.701262,30.988738
2023-10-31,29.100000,2023-08-14,2023-06-30,-0.890000,-7.020000,-4.145299,-5.139195,0.361416,41.151433,38.614291,36.077148,33.540006,31.002864,,,,,,,,,,32.125000,33.946667,35.927917,36.262083,32.125000,35.139963,29.110037,33.632481,30.617519
2023-11-01,31.500000,2023-08-14,2023-06-30,-0.890000,-7.020000,-4.487179,-5.131155,0.365112,41.146889,38.583800,36.020710,33.457621,30.894531,,,,,,,,,,32.000000,33.846667,35.873750,36.239583,32.000000,34.892458,29.107542,33.446229,30.553771
2023-11-02,31.500000,2023-08-14,2023-06-30,-0.890000,-7.020000,-4.487179,-5.123594,0.368987,41.148206,38.557918,35.967629,33.377341,30.787052,,,,,,,,,,31.897500,33.739167,35.822917,36.217500,31.897500,34.702660,29.092340,33.300080,30.494920
2023-11-03,31.050000,2023-08-14,2023-06-30,-0.890000,-7.020000,-4.423077,-5.115977,0.373943,41.164314,38.539235,35.914155,33.289076,30.663997,,,,,,,,,,31.785000,33.639167,35.771667,36.193542,31.785000,34.533224,29.036776,33.159112,30.410888
2023-11-06,31.500000,2023-08-14,2023-06-30,-0.890000,-7.020000,-4.487179,-5.109730,0.378145,41.179469,38.524888,35.870307,33.215725,30.561144,,,,,,,,,,31.685000,33.550833,35.730000,36.171458,31.685000,34.313408,29.056592,32.999204,30.370796
2023-11-07,31.500000,2023-08-14,2023-06-30,-0.890000,-7.020000,-4.487179,-5.102288,0.381550,41.175025,38.496545,35.818065,33.139585,30.461105,,,,,,,,,,31.592500,33.475833,35.680000,36.148333,31.592500,34.101699,29.083301,32.847099,30.337901
2023-11-08,31.800000,2023-08-14,2023-06-30,-0.890000,-7.020000,-4.529915,-5.095143,0.384186,41.161875,38.464889,35.767904,33.070918,30.373932,,,,,,,,,,31.527500,33.397500,35.632083,36.128750,31.527500,33.937670,29.117330,32.732585,30.322415
2023-11-09,31.600000,2023-08-14,2023-06-30,-0.890000,-7.020000,-4.501425,-5.087282,0.386616,41.140801,38.426759,35.712718,32.998677,30.284636,,,,,,,,,,31.442500,33.322500,35.579167,36.107083,31.442500,33.704840,29.180160,32.573670,30.311330
2023-11-10,31.500000,2023-08-14,2023-06-30,-0.890000,-7.020000,-4.487179,-5.079840,0.389514,41.129250,38.394863,35.660476,32.926090,30.191703,,,,,,,,,,31.385000,33.249167,35.529167,36.087500,31.385000,33.575434,29.194566,32.480217,30.289783
2023-11-13,31.700000,2023-08-14,2023-06-30,-0.890000,-7.020000,-4.515670,-5.071799,0.391127,41.095454,38.349740,35.604026,32.858312,30.112598,,,,,,,,,,31.330000,33.177500,35.475000,36.068750,31.330000,33.423951,29.236049,32.376976,30.283024
2023-11-14,32.450000,2023-08-14,2023-06-30,-0.890000,-7.020000,-4.622507,-5.065006,0.391798,41.057194,38.306769,35.556344,32.805919,30.055494,,,,,,,,,,31.307500,33.131667,35.429583,36.055625,31.307500,33.339164,29.275836,32.323332,30.291668
2023-11-15,33.000000,2023-08-14,2023-06-30,-0.890000,-7.020000,-4.700855,-5.059644,0.392346,41.027244,38.272972,35.518700,32.764429,30.010157,,,,,,,,,,31.322500,33.095000,35.394167,36.041042,31.322500,33.401334,29.243666,32.361917,30.283083
2023-11-16,34.000000,2023-08-14,2023-06-30,-0.890000,-7.020000,-4.843305,-5.055768,0.392165,40.997488,38.244488,35.491489,32.738489,29.985489,,,,,,,,,,31.372500,33.066667,35.369167,36.030625,31.372500,33.658953,29.086047,32.515727,30.229273
2023-11-17,33.550000,2023-08-14,2023-06-30,-0.890000,-7.020000,-4.779202,-5.051118,0.392109,40.964052,38.211450,35.458848,32.706246,29.953644,,,,,,,,,,31.435000,33.040000,35.338750,36.018333,31.435000,33.890306,28.979694,32.662653,30.207347
2023-11-20,32.550000,2023-08-14,2023-06-30,-0.890000,-7.020000,-4.636752,-5.045461,0.393156,40.939045,38.179089,35.419133,32.659177,29.899222,,,,,,,,,,31.462500,33.001667,35.301250,36.003958,31.462500,33.956466,28.968534,32.709483,30.215517
2023-11-21,32.550000,2023-08-14,2023-06-30,-0.890000,-7.020000,-4.636752,-5.039325,0.393746,40.904253,38.140157,35.376061,32.611965,29.847870,,,,,,,,,,31.562500,32.976667,35.260417,35.988333,31.562500,34.062789,29.062211,32.812645,30.312355
2023-11-22,33.650000,2023-08-14,2023-06-30,-0.890000,-7.020000,-4.793447,-5.034674,0.393323,40.865671,38.104543,35.343415,32.582287,29.821159,,,,,,,,,,31.735000,32.962500,35.230000,35.978542,31.735000,34.314290,29.155710,33.024645,30.445355
2023-11-23,32.550000,2023-08-14,2023-06-30,-0.890000,-7.020000,-4.636752,-5.029077,0.394173,40.838304,38.071212,35.304119,32.537027,29.769935,,,,,,,,,,31.862500,32.914167,35.192917,35.964167,31.862500,34.330373,29.394627,33.096436,30.628564
2023-11-24,33.250000,2023-08-14,2023-06-30,-0.890000,-7.020000,-4.736467,-5.023473,0.393507,40.789619,38.027201,35.264782,32.502364,29.739946,,,,,,,,,,32.020000,32.893333,35.155833,35.951875,32.020000,34.415258,29.624742,33.217629,30.822371
2023-11-27,33.250000,2023-08-14,2023-06-30,-0.890000,-7.020000,-4.736467,-5.017391,0.392243,40.729185,37.975636,35.222088,32.468540,29.714992,,,,,,,,,,32.177500,32.860000,35.115417,35.942083,32.177500,34.452415,29.902585,33.314957,31.040043
2023-11-28,33.000000,2023-08-14,2023-06-30,-0.890000,-7.020000,-4.700855,-5.010774,0.390814,40.662667,37.919149,35.175632,32.432114,29.688597,,,,,,,,,,32.372500,32.835833,35.071250,35.929167,32.372500,34.151167,30.593833,33.261834,31.483166
2023-11-29,33.300000,2023-08-14,2023-06-30,-0.890000,-7.020000,-4.743590,-5.005289,0.389899,40.611311,37.874221,35.137131,32.400041,29.662951,,,,,,,,,,32.462500,32.823333,35.035000,35.917500,32.462500,34.237435,30.687565,33.349968,31.575032
2023-11-30,33.350000,2023-08-14,2023-06-30,-0.890000,-7.020000,-4.750712,-4.997055,0.384675,40.480164,37.779743,35.079323,32.378903,29.678483,,,,,,,,,,32.555000,32.812500,34.979583,35.906458,32.555000,34.311462,30.798538,33.433231,31.676769
2023-12-01,33.200000,2023-08-14,2023-06-30,-0.890000,-7.020000,-4.729345,-4.989538,0.380973,40.375417,37.700988,35.026560,32.352132,29.677704,,,,,,,,,,32.662500,32.799167,34.929167,35.894792,32.662500,34.289533,31.035467,33.476017,31.848983
2023-12-04,33.400000,2023-08-14,2023-06-30,-0.890000,-7.020000,-4.757835,-4.982678,0.377629,40.280310,37.629356,34.978401,32.327447,29.676493,,,,,,,,,,32.757500,32.783333,34.883333,35.884792,32.757500,34.319306,31.195694,33.538403,31.976597
2023-12-05,32.200000,2023-08-14,2023-06-30,-0.890000,-7.020000,-4.586895,-4.973856,0.374364,40.172531,37.544499,34.916466,32.288433,29.660400,,,,,,,,,,32.792500,32.770000,34.823750,35.869375,32.792500,34.264439,31.320561,33.528470,32.056530
2023-12-06,32.150000,2023-08-14,2023-06-30,-0.890000,-7.020000,-4.579772,-4.965452,0.371766,40.077066,37.467269,34.857471,32.247673,29.637875,,,,,,,,,,32.810000,32.739167,34.767083,35.853750,32.810000,34.239980,31.380020,33.524990,32.095010
2023-12-07,31.850000,2023-08-14,2023-06-30,-0.890000,-7.020000,-4.537037,-4.956751,0.369447,39.983436,37.389916,34.796395,32.202875,29.609354,,,,,,,,,,32.822500,32.700000,34.708333,35.836667,32.822500,34.211735,31.433265,33.517117,32.127883
2023-12-08,32.000000,2023-08-14,2023-06-30,-0.890000,-7.020000,-4.558405,-4.949006,0.367960,39.908181,37.325103,34.742025,32.158947,29.575870,,,,,,,,,,32.847500,32.660000,34.656250,35.820000,32.847500,34.151936,31.543064,33.499718,32.195282
2023-12-11,31.350000,2023-08-14,2023-06-30,-0.890000,-7.020000,-4.465812,-4.940789,0.367645,39.846072,37.265204,34.684337,32.103470,29.522603,,,,,,,,,,32.830000,32.618333,34.600833,35.802708,32.830000,34.206647,31.453353,33.518324,32.141676
2023-12-12,32.150000,2023-08-14,2023-06-30,-0.890000,-7.020000,-4.579772,-4.933700,0.366323,39.777754,37.206164,34.634574,32.062985,29.491395,,,,,,,,,,32.815000,32.584167,34.553333,35.786667,32.815000,34.215413,31.414587,33.515207,32.114793
2023-12-13,31.400000,2023-08-14,2023-06-30,-0.890000,-7.020000,-4.472934,-4.925542,0.365586,39.710125,37.143714,34.577303,32.010892,29.444481,,,,,,,,,,32.735000,32.539167,34.498333,35.763333,32.735000,34.267490,31.202510,33.501245,31.968755
2023-12-14,31.700000,2023-08-14,2023-06-30,-0.890000,-7.020000,-4.515670,-4.917321,0.363597,39.624489,37.072041,34.519593,31.967146,29.414698,,,,,,,,,,32.620000,32.499167,34.442917,35.744167,32.620000,34.096981,31.143019,33.358491,31.881509
2023-12-15,31.800000,2023-08-14,2023-06-30,-0.890000,-7.020000,-4.529915,-4.909040,0.360978,39.529586,36.995522,34.461459,31.927395,29.393331,,,,,,,,,,32.532500,32.462500,34.387083,35.722500,32.532500,33.984640,31.080360,33.258570,31.806430
2023-12-18,31.100000,2023-08-14,2023-06-30,-0.890000,-7.020000,-4.430199,-4.900944,0.360730,39.469268,36.936946,34.404625,31.872303,29.339982,,,,,,,,,,32.460000,32.411667,34.332500,35.697083,32.460000,34.046987,30.873013,33.253493,31.666507
2023-12-19,31.200000,2023-08-14,2023-06-30,-0.890000,-7.020000,-4.444444,-4.891651,0.357973,39.365338,36.852365,34.339391,31.826418,29.313445,,,,,,,,,,32.392500,32.362500,34.269583,35.673750,32.392500,34.075316,30.709684,33.233908,31.551092
2023-12-20,30.350000,2023-08-14,2023-06-30,-0.890000,-7.020000,-4.323362,-4.881290,0.356260,39.268544,36.767600,34.266655,31.765711,29.264767,,,,,,,,,,32.227500,32.296667,34.199167,35.651042,32.227500,34.033768,30.421232,33.130634,31.324366
2023-12-21,30.050000,2023-08-14,2023-06-30,-0.890000,-7.020000,-4.280627,-4.870154,0.353950,39.157934,36.673208,34.188482,31.703755,29.219029,,,,,,,,,,32.102500,32.230833,34.123333,35.625417,32.102500,34.145324,30.059676,33.123912,31.081088
2023-12-22,30.300000,2023-08-14,2023-06-30,-0.890000,-7.020000,-4.316239,-4.859913,0.352028,39.059060,36.587824,34.116588,31.645352,29.174115,,,,,,,,,,31.955000,32.174167,34.053750,35.600833,31.955000,34.073565,29.836435,33.014282,30.895718
2023-12-25,30.850000,2023-08-14,2023-06-30,-0.890000,-7.020000,-4.394587,-4.850504,0.349216,38.953525,36.502031,34.050536,31.599042,29.147547,,,,,,,,,,31.835000,32.119167,33.990000,35.579375,31.835000,33.916270,29.753730,32.875635,30.794365
2023-12-26,30.950000,2023-08-14,2023-06-30,-0.890000,-7.020000,-4.408832,-4.840496,0.344450,38.816358,36.398320,33.980282,31.562244,29.144207,,,,,,,,,,31.732500,32.076667,33.922083,35.556458,31.732500,33.773726,29.691274,32.753113,30.711887
2023-12-27,30.900000,2023-08-14,2023-06-30,-0.890000,-7.020000,-4.401709,-4.831385,0.341439,38.710125,36.313225,33.916326,31.519427,29.122527,,,,,,,,,,31.612500,32.025000,33.860417,35.539167,31.612500,33.545013,29.679987,32.578756,30.646244
2023-12-28,30.900000,2023-08-14,2023-06-30,-0.890000,-7.020000,-4.401709,-4.822992,0.339497,38.623941,36.240673,33.857406,31.474138,29.090870,,,,,,,,,,31.490000,31.980833,33.803750,35.520208,31.490000,33.262777,29.717223,32.376388,30.603612
2023-12-29,31.100000,2023-08-14,2023-06-30,-0.890000,-7.020000,-4.430199,-4.814717,0.336835,38.528476,36.163894,33.799313,31.434731,29.070149,,,,,,,,,,31.385000,31.944167,33.747917,35.501042,31.385000,32.970161,29.799839,32.177581,30.592419
2024-01-02,30.150000,2023-08-14,2023-06-30,-0.890000,-7.020000,-4.294872,-4.805613,0.335990,38.452703,36.094052,33.735401,31.376750,29.018099,,,,,,,,,,31.222500,31.888333,33.686250,35.480000,31.222500,32.589200,29.855800,31.905850,30.539150
2024-01-03,30.300000,2023-08-14,2023-06-30,-0.890000,-7.020000,-4.316239,-4.796746,0.334736,38.372853,36.023006,33.673159,31.323312,28.973465,,,,,,,,,,31.127500,31.837500,33.626250,35.460000,31.127500,32.472070,29.782930,31.799785,30.455215
2024-01-04,30.300000,2023-08-14,2023-06-30,-0.890000,-7.020000,-4.316239,-4.787402,0.332339,38.273602,35.940581,33.607560,31.274540,28.941519,,,,,,,,,,31.035000,31.790833,33.562917,35.440417,31.035000,32.337265,29.732735,31.686133,30.383867
2024-01-05,31.400000,2023-08-14,2023-06-30,-0.890000,-7.020000,-4.472934,-4.779602,0.328593,38.166247,35.859527,33.552807,31.246086,28.939366,,,,,,,,,,31.012500,31.759167,33.510417,35.423750,31.012500,32.270265,29.754735,31.641383,30.383617
2024-01-08,30.850000,2023-08-14,2023-06-30,-0.890000,-7.020000,-4.394587,-4.770791,0.324564,38.047833,35.769392,33.490952,31.212511,28.934071,,,,,,,,,,30.955000,31.729167,33.450833,35.404583,30.955000,32.124750,29.785250,31.539875,30.370125
2024-01-09,31.050000,2023-08-14,2023-06-30,-0.890000,-7.020000,-4.423077,-4.762755,0.321089,37.942628,35.688584,33.434540,31.180497,28.926453,,,,,,,,,,30.940000,31.700000,33.396667,35.387708,30.940000,32.096037,29.783963,31.518018,30.361982
2024-01-10,30.550000,2023-08-14,2023-06-30,-0.890000,-7.020000,-4.351852,-4.754365,0.318530,37.847808,35.611724,33.375641,31.139557,28.903474,,,,,,,,,,30.860000,31.660833,33.340000,35.368333,30.860000,31.876496,29.843504,31.368248,30.351752
2024-01-11,30.300000,2023-08-14,2023-06-30,-0.890000,-7.020000,-4.316239,-4.745498,0.315760,37.746663,35.530031,33.313399,31.096767,28.880135,,,,,,,,,,30.805000,31.620833,33.280000,35.349375,30.805000,31.817501,29.792499,31.311250,30.298750
2024-01-12,30.950000,2023-08-14,2023-06-30,-0.890000,-7.020000,-4.408832,-4.737942,0.312838,37.652591,35.456471,33.260351,31.064231,28.868111,,,,,,,,,,30.767500,31.586667,33.229167,35.331250,30.767500,31.692176,29.842824,31.229838,30.305162
2024-01-15,31.300000,2023-08-14,2023-06-30,-0.890000,-7.020000,-4.458689,-4.731099,0.309852,37.562643,35.387481,33.212318,31.037155,28.861992,,,,,,,,,,30.742500,31.570000,33.183333,35.316250,30.742500,31.571751,29.913249,31.157126,30.327874
2024-01-16,30.500000,2023-08-14,2023-06-30,-0.890000,-7.020000,-4.344729,-4.722949,0.307008,37.465487,35.310293,33.155100,30.999906,28.844713,,,,,,,,,,30.712500,31.545000,33.128333,35.298333,30.712500,31.530633,29.894367,31.121567,30.303433
2024-01-17,30.200000,2023-08-14,2023-06-30,-0.890000,-7.020000,-4.301994,-4.714502,0.304498,37.370950,35.233376,33.095802,30.958227,28.820653,,,,,,,,,,30.662500,31.539167,33.071250,35.279167,30.662500,31.477410,29.847590,31.069955,30.255045
2024-01-18,30.200000,2023-08-14,2023-06-30,-0.890000,-7.020000,-4.301994,-4.704919,0.299143,37.228494,35.128512,33.028530,30.928548,28.828566,,,,,,,,,,30.655000,31.539167,33.006250,35.257083,30.655000,31.484648,29.825352,31.069824,30.240176
2024-01-19,30.500000,2023-08-14,2023-06-30,-0.890000,-7.020000,-4.344729,-4.695871,0.293379,37.084052,35.024535,32.965017,30.905500,28.845982,,,,,,,,,,30.677500,31.547500,32.945000,35.238750,30.677500,31.461199,29.893801,31.069350,30.285650
2024-01-22,31.000000,2023-08-14,2023-06-30,-0.890000,-7.020000,-4.415954,-4.688015,0.288055,36.954154,34.932011,32.909868,30.887725,28.865581,,,,,,,,,,30.712500,31.562500,32.892083,35.222708,30.712500,31.487691,29.937309,31.100095,30.324905
2024-01-23,31.450000,2023-08-14,2023-06-30,-0.890000,-7.020000,-4.480057,-4.679857,0.279777,36.780663,34.816628,32.852593,30.888558,28.924523,,,,,,,,,,30.742500,31.585000,32.837083,35.205833,30.742500,31.583724,29.901276,31.163112,30.321888
2024-01-24,31.950000,2023-08-14,2023-06-30,-0.890000,-7.020000,-4.551282,-4.672770,0.272001,36.621738,34.712290,32.802843,30.893395,28.983948,,,,,,,,,,30.792500,31.632500,32.789583,35.189583,30.792500,31.790010,29.794990,31.291255,30.293745
2024-01-25,31.050000,2023-08-14,2023-06-30,-0.890000,-7.020000,-4.423077,-4.664794,0.265026,36.467817,34.607334,32.746851,30.886368,29.025885,,,,,,,,,,30.800000,31.625000,32.735833,35.171875,30.800000,31.803153,29.796847,31.301576,30.298424
2024-01-26,31.200000,2023-08-14,2023-06-30,-0.890000,-7.020000,-4.444444,-4.656458,0.255860,36.280612,34.484472,32.688332,30.892192,29.096052,,,,,,,,,,30.815000,31.620000,32.679583,35.153958,30.815000,31.833306,29.796694,31.324153,30.305847
2024-01-29,31.500000,2023-08-14,2023-06-30,-0.890000,-7.020000,-4.487179,-4.649554,0.249010,36.135964,34.387916,32.639867,30.891819,29.143770,,,,,,,,,,30.835000,31.627500,32.633333,35.137083,30.835000,31.891857,29.778143,31.363429,30.306571
2024-01-30,31.000000,2023-08-14,2023-06-30,-0.890000,-7.020000,-4.415954,-4.642355,0.243053,36.001793,34.295563,32.589334,30.883105,29.176875,,,,,,,,,,30.877500,31.619167,32.585000,35.121667,30.877500,31.885612,29.869388,31.381556,30.373444
2024-01-31,31.750000,2023-08-14,2023-06-30,-0.890000,-7.020000,-4.522792,-4.637004,0.238475,35.899958,34.225862,32.551765,30.877669,29.203573,,,,,,,,,,30.950000,31.623333,32.549583,35.106875,30.950000,31.991254,29.908746,31.470627,30.429373
2024-02-01,31.950000,2023-08-14,2023-06-30,-0.890000,-7.020000,-4.551282,-4.631292,0.232114,35.770546,34.141106,32.511667,30.882227,29.252788,,,,,,,,,,31.032500,31.625833,32.511667,35.092917,31.032500,32.117457,29.947543,31.574978,30.490022
2024-02-02,31.250000,2023-08-14,2023-06-30,-0.890000,-7.020000,-4.451567,-4.625534,0.227858,35.670374,34.070812,32.471250,30.871688,29.272126,,,,,,,,,,31.025000,31.620000,32.471250,35.076458,31.025000,32.101300,29.948700,31.563150,30.486850
2024-02-05,31.700000,2023-08-14,2023-06-30,-0.890000,-7.020000,-4.515670,-4.620548,0.223586,35.575403,34.005826,32.436250,30.866674,29.297097,,,,,,,,,,31.067500,31.623333,32.436250,35.063125,31.067500,32.181183,29.953817,31.624341,30.510659
2024-02-15,31.600000,2023-08-14,2023-06-30,-0.890000,-7.020000,-4.501425,-4.615325,0.218899,35.472930,33.936257,32.399583,30.862910,29.326236,,,,,,,,,,31.095000,31.621667,32.399583,35.049583,31.095000,32.233744,29.956256,31.664372,30.525628
2024-02-16,32.300000,2023-08-14,2023-06-30,-0.890000,-7.020000,-4.601140,-4.611883,0.215799,35.405240,33.890328,32.375417,30.860505,29.345593,,,,,,,,,,31.182500,31.619167,32.375417,35.036042,31.182500,32.410367,29.954633,31.796434,30.568566
2024-02-19,33.050000,2023-08-14,2023-06-30,-0.890000,-7.020000,-4.707977,-4.609330,0.212791,35.345084,33.851292,32.357500,30.863708,29.369916,,,,,,,,,,31.320000,31.620000,32.357500,35.021667,31.320000,32.733618,29.906382,32.026809,30.613191
2024-02-20,32.000000,2023-08-14,2023-06-30,-0.890000,-7.020000,-4.558405,-4.604938,0.208272,35.250804,33.788735,32.326667,30.864598,29.402530,,,,,,,,,,31.372500,31.586667,32.326667,34.996667,31.372500,32.806110,29.938890,32.089305,30.655695
2024-02-21,32.000000,2023-08-14,2023-06-30,-0.890000,-7.020000,-4.558405,-4.601199,0.204993,35.178514,33.739465,32.300417,30.861368,29.422319,,,,,,,,,,31.407500,31.560833,32.300417,34.971250,31.407500,32.867592,29.947408,32.137546,30.677454
2024-02-22,31.550000,2023-08-14,2023-06-30,-0.890000,-7.020000,-4.494302,-4.597282,0.202470,35.115595,33.694256,32.272917,30.851577,29.430238,,,,,,,,,,31.460000,31.544167,32.272917,34.941250,31.460000,32.856839,30.063161,32.158419,30.761581
2024-02-23,31.350000,2023-08-14,2023-06-30,-0.890000,-7.020000,-4.465812,-4.594076,0.201471,35.079066,33.664742,32.250417,30.836092,29.421767,,,,,,,,,,31.517500,31.524167,32.250417,34.904375,31.517500,32.784604,30.250396,32.151052,30.883948
2024-02-26,32.000000,2023-08-14,2023-06-30,-0.890000,-7.020000,-4.558405,-4.591109,0.199322,35.028067,33.628825,32.229583,30.830341,29.431099,,,,,,,,,,31.607500,31.496667,32.229583,34.874792,31.607500,32.727780,30.487220,32.167640,31.047360
2024-02-27,31.700000,2023-08-14,2023-06-30,-0.890000,-7.020000,-4.515670,-4.586657,0.194907,34.934826,33.566580,32.198333,30.830087,29.461841,,,,,,,,,,31.667500,31.482500,32.198333,34.847292,31.667500,32.659189,30.675811,32.163345,31.171655
2024-02-29,31.500000,2023-08-14,2023-06-30,-0.890000,-7.020000,-4.487179,-4.583096,0.192758,34.879657,33.526495,32.173333,30.820171,29.467009,,,,,,,,,,31.692500,31.453333,32.173333,34.823542,31.692500,32.637445,30.747555,32.164972,31.220028
2024-03-01,31.500000,2023-08-14,2023-06-30,-0.890000,-7.020000,-4.487179,-4.578644,0.188677,34.791104,33.466594,32.142083,30.817573,29.493063,,,,,,,,,,31.695000,31.424167,32.142083,34.796875,31.695000,32.637505,30.752495,32.166253,31.223747
2024-03-04,31.150000,2023-08-14,2023-06-30,-0.890000,-7.020000,-4.437322,-4.574727,0.186663,34.735328,33.424956,32.114583,30.804211,29.493839,,,,,,,,,,31.655000,31.393333,32.114583,34.767292,31.655000,32.619583,30.690417,32.137292,31.172708
2024-03-05,30.050000,2023-08-14,2023-06-30,-0.890000,-7.020000,-4.280627,-4.569979,0.186838,34.704452,33.392851,32.081250,30.769649,29.458048,,,,,,,,,,31.605000,31.339167,32.081250,34.733333,31.605000,32.781927,30.428073,32.193464,31.016536
2024-03-06,30.100000,2023-08-14,2023-06-30,-0.890000,-7.020000,-4.287749,-4.565349,0.186891,34.672701,33.360726,32.048750,30.736774,29.424799,,,,,,,,,,31.550000,31.285000,32.048750,34.702083,31.550000,32.897122,30.202878,32.223561,30.876439
2024-03-07,30.100000,2023-08-14,2023-06-30,-0.890000,-7.020000,-4.287749,-4.560719,0.186829,34.639327,33.327788,32.016250,30.704712,29.393173,,,,,,,,,,31.480000,31.233333,32.016250,34.674167,31.480000,32.975396,29.984604,32.227698,30.732302
2024-03-08,29.950000,2023-08-14,2023-06-30,-0.890000,-7.020000,-4.266382,-4.555496,0.186217,34.594071,33.286827,31.979583,30.672340,29.365096,,,,,,,,,,31.427500,31.175833,31.979583,34.646458,31.427500,33.061183,29.793817,32.244342,30.610658
2024-03-11,30.300000,2023-08-14,2023-06-30,-0.890000,-7.020000,-4.316239,-4.552291,0.187002,34.582598,33.269841,31.957083,30.644326,29.331569,,,,,,,,,,31.355000,31.144167,31.957083,34.618542,31.355000,33.055743,29.654257,32.205371,30.504629
2024-03-12,30.400000,2023-08-14,2023-06-30,-0.890000,-7.020000,-4.330484,-4.548018,0.186154,34.540684,33.233884,31.927083,30.620283,29.313483,,,,,,,,,,31.277500,31.115000,31.927083,34.589792,31.277500,33.005131,29.549869,32.141316,30.413684
2024-03-13,29.900000,2023-08-14,2023-06-30,-0.890000,-7.020000,-4.259259,-4.542913,0.185598,34.497050,33.194150,31.891250,30.588350,29.285450,,,,,,,,,,31.210000,31.082500,31.891250,34.558125,31.210000,33.044351,29.375649,32.127175,30.292825
2024-03-14,30.100000,2023-08-14,2023-06-30,-0.890000,-7.020000,-4.287749,-4.537809,0.184104,34.440240,33.147828,31.855417,30.563005,29.270594,,,,,,,,,,31.130000,31.050833,31.855417,34.528333,31.130000,33.013278,29.246722,32.071639,30.188361
2024-03-15,29.750000,2023-08-14,2023-06-30,-0.890000,-7.020000,-4.237892,-4.532942,0.184250,34.408116,33.114683,31.821250,30.527817,29.234384,,,,,,,,,,31.037500,31.024167,31.821250,34.497292,31.037500,33.003494,29.071506,32.020497,30.054503
2024-03-18,29.750000,2023-08-14,2023-06-30,-0.890000,-7.020000,-4.237892,-4.527659,0.183539,34.361051,33.072609,31.784167,30.495724,29.207282,,,,,,,,,,30.910000,30.984167,31.784167,34.469167,30.910000,32.861949,28.958051,31.885975,29.934025
2024-03-19,30.100000,2023-08-14,2023-06-30,-0.890000,-7.020000,-4.287749,-4.522911,0.182299,34.310310,33.030572,31.750833,30.471095,29.191357,,,,,,,,,,30.762500,30.962500,31.750833,34.442500,30.762500,32.463235,29.061765,31.612868,29.912132
2024-03-20,30.000000,2023-08-14,2023-06-30,-0.890000,-7.020000,-4.273504,-4.518044,0.181082,34.259058,32.987862,31.716667,30.445471,29.174275,,,,,,,,,,30.662500,30.934167,31.716667,34.412292,30.662500,32.290503,29.034497,31.476502,29.848498
2024-03-21,29.900000,2023-08-14,2023-06-30,-0.890000,-7.020000,-4.259259,-4.513177,0.180113,34.211281,32.946890,31.682500,30.418110,29.153719,,,,,,,,,,30.557500,30.902500,31.682500,34.386458,30.557500,32.090394,29.024606,31.323947,29.791053
2024-03-22,29.100000,2023-08-14,2023-06-30,-0.890000,-7.020000,-4.145299,-4.507182,0.180287,34.171643,32.906030,31.640417,30.374803,29.109190,,,,,,,,,,30.435000,30.869167,31.640417,34.353958,30.435000,32.024472,28.845528,31.229736,29.640264
2024-03-25,28.650000,2023-08-14,2023-06-30,-0.890000,-7.020000,-4.081197,-4.500653,0.181415,34.141646,32.868115,31.594583,30.321052,29.047521,,,,,,,,,,30.300000,30.826667,31.594583,34.325000,30.300000,32.015870,28.584130,31.157935,29.442065
2024-03-26,27.400000,2023-08-14,2023-06-30,-0.890000,-7.020000,-3.903134,-4.492462,0.185999,34.148516,32.842800,31.537083,30.231367,28.925651,,,,,,,,,,30.070000,30.777500,31.537083,34.288333,30.070000,32.040680,28.099320,31.055340,29.084660
2024-03-27,26.900000,2023-08-14,2023-06-30,-0.890000,-7.020000,-3.831909,-4.484034,0.192760,34.184268,32.831092,31.477917,30.124741,28.771566,,,,,,,,,,29.830000,30.725000,31.477917,34.250000,29.830000,32.109751,27.550249,30.969875,28.690125
2024-03-28,29.300000,2023-08-14,2023-06-30,-0.890000,-7.020000,-4.173789,-4.478811,0.192603,34.145391,32.793321,31.441250,30.089179,28.737109,,,,,,,,,,29.720000,30.708333,31.441250,34.221250,29.720000,31.869027,27.570973,30.794513,28.645487
2024-03-29,28.950000,2023-08-14,2023-06-30,-0.890000,-7.020000,-4.123932,-4.472638,0.192001,34.093615,32.745766,31.397917,30.050068,28.702218,,,,,,,,,,29.592500,30.676667,31.397917,34.192708,29.592500,31.594414,27.590586,30.593457,28.591543
2024-04-01,29.600000,2024-03-31,2023-12-31,-2.540000,-7.030000,-4.210526,-4.467958,0.191484,34.102015,32.755880,31.409745,30.063610,28.717475,,,,,,,,,,29.515000,30.654167,31.365417,34.166042,29.515000,31.378246,27.651754,30.446623,28.583377
2024-04-02,29.000000,2024-03-31,2023-12-31,-2.540000,-7.030000,-4.125178,-4.461974,0.190876,34.051390,32.709533,31.367675,30.025817,28.683960,,,,,,,,,,29.462500,30.622500,31.323750,34.136875,29.462500,31.321440,27.603560,30.391970,28.533030
2024-04-03,28.700000,2024-03-31,2023-12-31,-2.540000,-7.030000,-4.082504,-4.456168,0.191739,34.022717,32.674789,31.326860,29.978932,28.631003,,,,,,,,,,29.392500,30.585833,31.283333,34.104375,29.392500,31.255795,27.529205,30.324148,28.460852
2024-04-08,28.700000,2024-03-31,2023-12-31,-2.540000,-7.030000,-4.082504,-4.450659,0.192905,34.000383,32.644257,31.288132,29.932006,28.575880,,,,,,,,,,29.322500,30.545833,31.245000,34.070208,29.322500,31.179060,27.465940,30.250780,28.394220
2024-04-09,28.000000,2024-03-31,2023-12-31,-2.540000,-7.030000,-3.982930,-4.444083,0.195292,33.987713,32.614807,31.241901,29.868994,28.496088,,,,,,,,,,29.225000,30.510000,31.199167,34.031042,29.225000,31.146485,27.303515,30.185743,28.264257
2024-04-10,28.200000,2024-03-31,2023-12-31,-2.540000,-7.030000,-4.011380,-4.437921,0.197191,33.971089,32.584838,31.198588,29.812338,28.426087,,,,,,,,,,29.120000,30.475000,31.156250,33.991875,29.120000,31.023570,27.216430,30.071785,28.168215
2024-04-11,28.000000,2024-03-31,2023-12-31,-2.540000,-7.030000,-3.982930,-4.431820,0.199852,33.965608,32.560651,31.155695,29.750739,28.345782,,,,,,,,,,29.000000,30.436667,31.113750,33.950208,29.000000,30.866040,27.133960,29.933020,28.066980
2024-04-12,28.350000,2024-03-31,2023-12-31,-2.540000,-7.030000,-4.032717,-4.425896,0.201065,33.941017,32.527534,31.114050,29.700566,28.287082,,,,,,,,,,28.922500,30.385833,31.072500,33.903125,28.922500,30.759682,27.085318,29.841091,28.003909
2024-04-15,27.950000,2024-03-31,2023-12-31,-2.540000,-7.030000,-3.975818,-4.420270,0.204136,33.944648,32.509572,31.074495,29.639419,28.204343,,,,,,,,,,28.815000,30.337500,31.033333,33.858958,28.815000,30.613274,27.016726,29.714137,27.915863
2024-04-16,27.400000,2024-03-31,2023-12-31,-2.540000,-7.030000,-3.897582,-4.413813,0.208306,33.957883,32.493495,31.029106,29.564718,28.100329,,,,,,,,,,28.697500,30.276667,30.988333,33.812083,28.697500,30.544966,26.850034,29.621233,27.773767
2024-04-17,27.300000,2024-03-31,2023-12-31,-2.540000,-7.030000,-3.883357,-4.407119,0.212333,33.967450,32.474749,30.982049,29.489349,27.996648,,,,,,,,,,28.575000,30.222500,30.941667,33.769167,28.575000,30.453269,26.696731,29.514135,27.635865
2024-04-18,27.450000,2024-03-31,2023-12-31,-2.540000,-7.030000,-3.904694,-4.400841,0.215957,33.974264,32.456087,30.937911,29.419734,27.901558,,,,,,,,,,28.442500,30.175000,30.897917,33.723125,28.442500,30.239947,26.645053,29.341224,27.543776
2024-04-19,27.100000,2024-03-31,2023-12-31,-2.540000,-7.030000,-3.854908,-4.393791,0.219853,33.979488,32.433920,30.888352,29.342784,27.797216,,,,,,,,,,28.297500,30.110833,30.848750,33.675625,28.297500,30.032731,26.562269,29.165115,27.429885
2024-04-22,27.900000,2024-03-31,2023-12-31,-2.540000,-7.030000,-3.968706,-4.388521,0.222406,33.978336,32.414819,30.851302,29.287785,27.724268,,,,,,,,,,28.197500,30.054167,30.812083,33.620000,28.197500,29.766434,26.628566,28.981967,27.413033
2024-04-23,27.000000,2024-03-31,2023-12-31,-2.540000,-7.030000,-3.840683,-4.382540,0.227394,34.006417,32.407836,30.809256,29.210675,27.612095,,,,,,,,,,28.092500,29.995833,30.770417,33.565417,28.092500,29.687979,26.497021,28.890239,27.294761
2024-04-24,27.000000,2024-03-31,2023-12-31,-2.540000,-7.030000,-3.840683,-4.378280,0.232700,34.051068,32.415189,30.779310,29.143430,27.507551,,,,,,,,,,28.010000,29.942500,30.740833,33.510625,28.010000,29.654000,26.366000,28.832000,27.188000
2024-04-25,27.200000,2024-03-31,2023-12-31,-2.540000,-7.030000,-3.869132,-4.374673,0.237204,34.089034,32.421493,30.753951,29.086410,27.418868,,,,,,,,,,28.000000,29.892500,30.715833,33.459792,28.000000,29.661958,26.338042,28.830979,27.169021
2024-04-26,27.750000,2024-03-31,2023-12-31,-2.540000,-7.030000,-3.947368,-4.371955,0.240222,34.112362,32.423604,30.734845,29.046086,27.357328,,,,,,,,,,28.042500,29.846667,30.697083,33.416250,28.042500,29.627720,26.457280,28.835110,27.249890
2024-04-29,27.100000,2024-03-31,2023-12-31,-2.540000,-7.030000,-3.854908,-4.368348,0.244705,34.150033,32.429761,30.709488,28.989215,27.268942,,,,,,,,,,27.932500,29.781667,30.672083,33.370833,27.932500,29.454367,26.410633,28.693433,27.171567
2024-04-30,27.950000,2024-03-31,2023-12-31,-2.540000,-7.030000,-3.975818,-4.365749,0.247212,34.167012,32.429113,30.691214,28.953315,27.215415,,,,,,,,,,27.882500,29.723333,30.654167,33.328333,27.882500,29.327373,26.437627,28.604936,27.160064
2024-05-02,27.900000,2024-03-31,2023-12-31,-2.540000,-7.030000,-3.968706,-4.364277,0.249054,34.182566,32.431717,30.680868,28.930019,27.179170,,,,,,,,,,27.797500,29.655833,30.644167,33.286042,27.797500,28.995953,26.599047,28.396726,27.198274
2024-05-03,28.000000,2024-03-31,2023-12-31,-2.540000,-7.030000,-3.982930,-4.360075,0.251207,34.183304,32.417316,30.651328,28.885339,27.119351,,,,,,,,,,27.747500,29.605000,30.615000,33.244375,27.747500,28.810502,26.684498,28.279001,27.215999
2024-05-06,27.850000,2024-03-31,2023-12-31,-2.540000,-7.030000,-3.961593,-4.355695,0.253544,34.185362,32.402950,30.620537,28.838125,27.055712,,,,,,,,,,27.705000,29.549167,30.584583,33.203750,27.705000,28.671219,26.738781,28.188109,27.221891
2024-05-07,27.950000,2024-03-31,2023-12-31,-2.540000,-7.030000,-3.975818,-4.351968,0.255822,34.191193,32.392764,30.594335,28.795906,26.997477,,,,,,,,,,27.667500,29.490000,30.558750,33.165208,27.667500,28.522993,26.812007,28.095247,27.239753
2024-05-08,28.000000,2024-03-31,2023-12-31,-2.540000,-7.030000,-3.982930,-4.347766,0.257717,34.188292,32.376543,30.564795,28.753046,26.941297,,,,,,,,,,27.667500,29.440000,30.529583,33.129792,27.667500,28.522993,26.812007,28.095247,27.239753
2024-05-09,27.750000,2024-03-31,2023-12-31,-2.540000,-7.030000,-3.947368,-4.343268,0.259964,34.188268,32.360719,30.533171,28.705622,26.878073,,,,,,,,,,27.645000,29.373333,30.498333,33.089167,27.645000,28.464435,26.825565,28.054717,27.235283
2024-05-10,27.450000,2024-03-31,2023-12-31,-2.540000,-7.030000,-3.904694,-4.338057,0.262446,34.186527,32.341535,30.496543,28.651551,26.806559,,,,,,,,,,27.617500,29.298333,30.462083,33.047083,27.617500,28.423579,26.811421,28.020539,27.214461
2024-05-13,27.300000,2024-03-31,2023-12-31,-2.540000,-7.030000,-3.883357,-4.332907,0.265262,34.189921,32.325128,30.460335,28.595542,26.730748,,,,,,,,,,27.565000,29.232500,30.426250,33.002708,27.565000,28.304203,26.825797,27.934601,27.195399
2024-05-14,27.200000,2024-03-31,2023-12-31,-2.540000,-7.030000,-3.869132,-4.327756,0.268225,34.195373,32.309750,30.424127,28.538505,26.652882,,,,,,,,,,27.527500,29.157500,30.390417,32.959792,27.527500,28.260536,26.794464,27.894018,27.160982
2024-05-15,26.800000,2024-03-31,2023-12-31,-2.540000,-7.030000,-3.812233,-4.321894,0.271747,34.203687,32.293302,30.382918,28.472534,26.562149,,,,,,,,,,27.497500,29.077500,30.349583,32.912292,27.497500,28.298470,26.696530,27.897985,27.097015
2024-05-16,26.400000,2024-03-31,2023-12-31,-2.540000,-7.030000,-3.755334,-4.314668,0.275194,34.201350,32.266733,30.332116,28.397499,26.462882,,,,,,,,,,27.452500,28.979167,30.299167,32.864375,27.452500,28.389727,26.515273,27.921114,26.983886
2024-05-17,25.950000,2024-03-31,2023-12-31,-2.540000,-7.030000,-3.691323,-4.306255,0.278698,34.191468,32.232221,30.272974,28.313728,26.354481,,,,,,,,,,27.377500,28.860833,30.240417,32.817292,27.377500,28.530745,26.224255,27.954122,26.800878
2024-05-20,26.300000,2024-03-31,2023-12-31,-2.540000,-7.030000,-3.741110,-4.297070,0.279012,34.131313,32.169859,30.208404,28.246949,26.285495,,,,,,,,,,27.337500,28.765833,30.176250,32.772708,27.337500,28.583071,26.091929,27.960286,26.714714
2024-05-21,26.000000,2024-03-31,2023-12-31,-2.540000,-7.030000,-3.698435,-4.288064,0.280756,34.092520,32.118805,30.145089,28.171373,26.197658,,,,,,,,,,27.242500,28.665833,30.113333,32.726042,27.242500,28.592851,25.892149,27.917675,26.567325
2024-05-22,26.000000,2024-03-31,2023-12-31,-2.540000,-7.030000,-3.698435,-4.280245,0.284011,34.083312,32.086716,30.090119,28.093523,26.096927,,,,,,,,,,27.192500,28.573333,30.058750,32.680000,27.192500,28.650428,25.734572,27.921464,26.463536
2024-05-23,25.800000,2024-03-31,2023-12-31,-2.540000,-7.030000,-3.669986,-4.272188,0.287503,34.075781,32.054632,30.033483,28.012334,25.991185,,,,,,,,,,27.132500,28.480833,30.002500,32.631458,27.132500,28.717055,25.547945,27.924778,26.340222
2024-05-24,26.000000,2024-03-31,2023-12-31,-2.540000,-7.030000,-3.698435,-4.263063,0.288197,34.021378,31.995356,29.969333,27.943311,25.917289,,,,,,,,,,27.072500,28.380833,29.938750,32.584375,27.072500,28.735242,25.409758,27.903871,26.241129
2024-05-27,25.500000,2024-03-31,2023-12-31,-2.540000,-7.030000,-3.627312,-4.254651,0.291906,34.014391,31.962294,29.910197,27.858100,25.806003,,,,,,,,,,26.960000,28.277500,29.880000,32.536458,26.960000,28.730697,25.189303,27.845349,26.074651
2024-05-28,25.200000,2024-03-31,2023-12-31,-2.540000,-7.030000,-3.584637,-4.245052,0.294852,33.988336,31.915528,29.842719,27.769910,25.697102,,,,,,,,,,26.865000,28.172500,29.812917,32.484375,26.865000,28.800295,24.929705,27.832648,25.897352
2024-05-29,25.000000,2024-03-31,2023-12-31,-2.540000,-7.030000,-3.556188,-4.235217,0.297991,33.963323,31.868449,29.773574,27.678700,25.583825,,,,,,,,,,26.717500,28.064167,29.744167,32.429792,26.717500,28.751753,24.683247,27.734626,25.700374
2024-05-30,25.100000,2024-03-31,2023-12-31,-2.540000,-7.030000,-3.570413,-4.225796,0.301000,33.939408,31.823379,29.707349,27.591320,25.475291,,,,,,,,,,26.577500,27.963333,29.678333,32.374792,26.577500,28.654055,24.500945,27.615777,25.539223
2024-05-31,25.050000,2024-03-31,2023-12-31,-2.540000,-7.030000,-3.563300,-4.215961,0.303214,33.901390,31.769797,29.638204,27.506611,25.375018,,,,,,,,,,26.430000,27.880000,29.609583,32.322292,26.430000,28.500189,24.359811,27.465095,25.394905
2024-06-03,25.050000,2024-03-31,2023-12-31,-2.540000,-7.030000,-3.563300,-4.206066,0.304986,33.856743,31.712692,29.568641,27.424590,25.280540,,,,,,,,,,26.290000,27.795833,29.540417,32.260000,26.290000,28.334402,24.245598,27.312201,25.267799
2024-06-04,25.100000,2024-03-31,2023-12-31,-2.540000,-7.030000,-3.570413,-4.196408,0.306622,33.811846,31.656296,29.500747,27.345198,25.189649,,,,,,,,,,26.147500,27.712500,29.472917,32.201042,26.147500,28.099955,24.195045,27.123727,25.171273
2024-06-05,25.100000,2024-03-31,2023-12-31,-2.540000,-7.030000,-3.570413,-4.186513,0.307510,33.754772,31.592978,29.431184,27.269390,25.107596,,,,,,,,,,26.002500,27.631667,29.403750,32.143542,26.002500,27.800298,24.204702,26.901399,25.103601
2024-06-06,25.100000,2024-03-31,2023-12-31,-2.540000,-7.030000,-3.570413,-4.178042,0.310375,33.735506,31.553571,29.371635,27.189700,25.007764,,,,,,,,,,25.870000,27.545000,29.344583,32.084167,25.870000,27.509127,24.230873,26.689563,25.050437
2024-06-07,24.950000,2024-03-31,2023-12-31,-2.540000,-7.030000,-3.549075,-4.169453,0.313411,33.717810,31.514532,29.311254,27.107975,24.904697,,,,,,,,,,25.745000,27.454167,29.284583,32.025833,25.745000,27.252839,24.237161,26.498920,24.991080
2024-06-11,25.050000,2024-03-31,2023-12-31,-2.540000,-7.030000,-3.563300,-4.161338,0.316405,33.702862,31.478535,29.254209,27.029882,24.805556,,,,,,,,,,25.632500,27.373333,29.227917,31.968125,25.632500,26.978948,24.286052,26.305724,24.959276
2024-06-12,24.800000,2024-03-31,2023-12-31,-2.540000,-7.030000,-3.527738,-4.152749,0.319510,33.686133,31.439981,29.193829,26.947677,24.701525,,,,,,,,,,25.512500,27.285000,29.167917,31.912083,25.512500,26.687626,24.337374,26.100063,24.924937
2024-06-13,24.650000,2024-03-31,2023-12-31,-2.540000,-7.030000,-3.506401,-4.144754,0.323588,33.687265,31.412444,29.137623,26.862803,24.587982,,,,,,,,,,25.405000,27.200000,29.112083,31.856458,25.405000,26.472659,24.337341,25.938829,24.871171
2024-06-14,25.300000,2024-03-31,2023-12-31,-2.540000,-7.030000,-3.598862,-4.136580,0.324893,33.648154,31.364156,29.080158,26.796161,24.512163,,,,,,,,,,25.350000,27.125833,29.055000,31.804167,25.350000,26.309715,24.390285,25.829857,24.870143
2024-06-17,25.200000,2024-03-31,2023-12-31,-2.540000,-7.030000,-3.584637,-4.129178,0.327276,33.629618,31.328869,29.028119,26.727370,24.426620,,,,,,,,,,25.312500,27.044167,29.003333,31.750833,25.312500,26.231238,24.393762,25.771869,24.853131
2024-06-18,25.200000,2024-03-31,2023-12-31,-2.540000,-7.030000,-3.584637,-4.121419,0.329067,33.600264,31.286920,28.973576,26.660232,24.346889,,,,,,,,,,25.257500,26.964167,28.949167,31.696042,25.257500,26.050413,24.464587,25.653956,24.861044
2024-06-19,25.300000,2024-03-31,2023-12-31,-2.540000,-7.030000,-3.598862,-4.113660,0.330329,33.563454,31.241243,28.919032,26.596821,24.274610,,,,,,,,,,25.222500,26.887500,28.895000,31.641042,25.222500,25.935149,24.509851,25.578824,24.866176
2024-06-20,25.350000,2024-03-31,2023-12-31,-2.540000,-7.030000,-3.605974,-4.106792,0.332255,33.542252,31.206499,28.870746,26.534993,24.199240,,,,,,,,,,25.190000,26.825000,28.847083,31.589792,25.190000,25.806100,24.573900,25.498050,24.881950
2024-06-21,25.950000,2024-03-31,2023-12-31,-2.540000,-7.030000,-3.691323,-4.100516,0.332936,33.507701,31.167164,28.826626,26.486088,24.145550,,,,,,,,,,25.197500,26.780000,28.803333,31.536458,25.197500,25.847581,24.547419,25.522540,24.872460
2024-06-24,26.000000,2024-03-31,2023-12-31,-2.540000,-7.030000,-3.698435,-4.095308,0.334305,33.490349,31.140182,28.790015,26.439849,24.089682,,,,,,,,,,25.197500,26.756667,28.767083,31.483125,25.197500,25.847581,24.547419,25.522540,24.872460
2024-06-25,26.150000,2024-03-31,2023-12-31,-2.540000,-7.030000,-3.719772,-4.090634,0.335611,33.475845,31.116502,28.757159,26.397815,24.038472,,,,,,,,,,25.230000,26.744167,28.734583,31.428958,25.230000,25.998046,24.461954,25.614023,24.845977
2024-06-26,26.150000,2024-03-31,2023-12-31,-2.540000,-7.030000,-3.719772,-4.085664,0.336657,33.455608,31.088912,28.722216,26.355519,23.988823,,,,,,,,,,25.277500,26.691667,28.700000,31.376875,25.277500,26.148359,24.406641,25.712929,24.842071
2024-06-27,25.800000,2024-03-31,2023-12-31,-2.540000,-7.030000,-3.669986,-4.079625,0.337566,33.425948,31.052857,28.679766,26.306675,23.933585,,,,,,,,,,25.317500,26.639167,28.657917,31.323958,25.317500,26.207961,24.427039,25.762731,24.872269
2024-06-28,25.750000,2024-03-31,2023-12-31,-2.540000,-7.030000,-3.662873,-4.073409,0.338321,33.392852,31.014459,28.636065,26.257672,23.879278,,,,,,,,,,25.350000,26.575000,28.614583,31.268333,25.350000,26.254375,24.445625,25.802188,24.897812
2024-07-01,26.550000,2024-03-31,2023-12-31,-2.540000,-7.030000,-3.776671,-4.068200,0.338035,33.352221,30.975835,28.599449,26.223063,23.846677,,,,,,,,,,25.425000,26.534167,28.578333,31.219375,25.425000,26.463471,24.386529,25.944235,24.905765
2024-07-02,27.900000,2024-03-31,2023-12-31,-2.540000,-7.030000,-3.968706,-4.064592,0.336754,33.308838,30.941460,28.574082,26.206704,23.839325,,,,,,,,,,25.567500,26.520833,28.553333,31.178542,25.567500,27.068473,24.066527,26.317987,24.817013
2024-07-03,29.400000,2024-03-31,2023-12-31,-2.540000,-7.030000,-4.182077,-4.062524,0.335248,33.273137,30.916342,28.559546,26.202750,23.845955,,,,,,,,,,25.782500,26.532500,28.539167,31.143542,25.782500,28.041814,23.523186,26.912157,24.652843
2024-07-04,30.750000,2024-03-31,2023-12-31,-2.540000,-7.030000,-4.374111,-4.063185,0.335787,33.285359,30.924774,28.564188,26.203603,23.843017,,,,,,,,,,26.065000,26.578333,28.544167,31.115208,26.065000,29.205918,22.924082,27.635459,24.494541
2024-07-05,30.100000,2024-03-31,2023-12-31,-2.540000,-7.030000,-4.281650,-4.062896,0.335583,33.280461,30.921311,28.562162,26.203012,23.843863,,,,,,,,,,26.315000,26.610000,28.542500,31.084375,26.315000,29.897428,22.732572,28.106214,24.523786
2024-07-08,30.100000,2024-03-31,2023-12-31,-2.540000,-7.030000,-4.281650,-4.062608,0.335379,33.275557,30.917846,28.560135,26.202424,23.844714,,,,,,,,,,26.572500,26.645000,28.540833,31.051875,26.572500,30.468446,22.676554,28.520473,24.624527
2024-07-09,28.700000,2024-03-31,2023-12-31,-2.540000,-7.030000,-4.082504,-4.059355,0.333251,33.222778,30.880020,28.537263,26.194505,23.851747,,,,,,,,,,26.755000,26.650833,28.518333,31.014375,26.755000,30.692392,22.817608,28.723696,24.786304
2024-07-10,30.950000,2024-03-31,2023-12-31,-2.540000,-7.030000,-4.402560,-4.059421,0.333320,33.224204,30.880967,28.537730,26.194493,23.851255,,,,,,,,,,27.062500,26.700833,28.519167,30.985000,27.062500,31.305745,22.819255,29.184123,24.940877
2024-07-11,30.650000,2024-03-31,2023-12-31,-2.540000,-7.030000,-4.359886,-4.058894,0.332790,33.213052,30.873540,28.534028,26.194515,23.855003,,,,,,,,,,27.362500,26.755000,28.515833,30.956250,27.362500,31.734044,22.990956,29.548272,25.176728
2024-07-12,29.250000,2024-03-31,2023-12-31,-2.540000,-7.030000,-4.160740,-4.057302,0.331832,33.188389,30.855610,28.522832,26.190053,23.857274,,,,,,,,,,27.560000,26.787500,28.505000,30.922500,27.560000,31.895970,23.224030,29.727985,25.392015
2024-07-15,29.400000,2024-03-31,2023-12-31,-2.540000,-7.030000,-4.182077,-4.056184,0.331178,33.171329,30.843150,28.514972,26.186794,23.858615,,,,,,,,,,27.770000,26.820000,28.497500,30.888750,27.770000,32.030887,23.509113,29.900443,25.639557
2024-07-16,30.400000,2024-03-31,2023-12-31,-2.540000,-7.030000,-4.324324,-4.055480,0.330511,33.157000,30.833511,28.510021,26.186532,23.863043,,,,,,,,,,28.030000,26.875000,28.492917,30.861042,28.030000,32.265116,23.794884,30.147558,25.912442
2024-07-17,30.100000,2024-03-31,2023-12-31,-2.540000,-7.030000,-4.281650,-4.054004,0.329088,33.126622,30.813136,28.499650,26.186164,23.872677,,,,,,,,,,28.270000,26.911667,28.482917,30.833125,28.270000,32.396347,24.143653,30.333173,26.206827
2024-07-18,28.900000,2024-03-31,2023-12-31,-2.540000,-7.030000,-4.110953,-4.052056,0.328042,33.098231,30.792093,28.485954,26.179816,23.873677,,,,,,,,,,28.447500,26.943333,28.469583,30.798958,28.447500,32.343986,24.551014,30.395743,26.499257
2024-07-19,28.550000,2024-03-31,2023-12-31,-2.540000,-7.030000,-4.061166,-4.050049,0.327236,33.072787,30.772317,28.471846,26.171375,23.870905,,,,,,,,,,28.577500,26.969167,28.455833,30.763542,28.577500,32.292402,24.862598,30.434951,26.720049
2024-07-22,27.650000,2024-03-31,2023-12-31,-2.540000,-7.030000,-3.933144,-4.046975,0.326581,33.041973,30.746105,28.450237,26.154370,23.858502,,,,,,,,,,28.660000,26.976667,28.434583,30.720417,28.660000,32.203207,25.116793,30.431603,26.888397
2024-07-23,28.300000,2024-03-31,2023-12-31,-2.540000,-7.030000,-4.025605,-4.044316,0.325434,33.007141,30.719341,28.431542,26.143743,23.855943,,,,,,,,,,28.767500,26.985833,28.416250,30.680625,28.767500,32.115127,25.419873,30.441313,27.093687
2024-07-26,27.700000,2024-03-31,2023-12-31,-2.540000,-7.030000,-3.940256,-4.040352,0.323762,32.955764,30.679719,28.403674,26.127629,23.851584,,,,,,,,,,28.845000,26.995833,28.388750,30.640417,28.845000,32.003931,25.686069,30.424465,27.265535
2024-07-29,27.750000,2024-03-31,2023-12-31,-2.540000,-7.030000,-3.947368,-4.035913,0.321325,32.890296,30.631382,28.372467,26.113553,23.854638,,,,,,,,,,28.942500,26.992500,28.357917,30.597500,28.942500,31.812907,26.072093,30.377704,27.507296
2024-07-30,27.000000,2024-03-31,2023-12-31,-2.540000,-7.030000,-3.840683,-4.029991,0.318281,32.805866,30.568352,28.330838,26.093324,23.855810,,,,,,,,,,29.005000,26.977500,28.316667,30.553125,29.005000,31.626350,26.383650,30.315675,27.694325
2024-07-31,27.100000,2024-03-31,2023-12-31,-2.540000,-7.030000,-3.854908,-4.025256,0.316606,32.749030,30.523291,28.297553,26.071814,23.846076,,,,,,,,,,29.032500,26.962500,28.283750,30.509792,29.032500,31.555087,26.509913,30.293794,27.771206
2024-08-01,27.500000,2024-03-31,2023-12-31,-2.540000,-7.030000,-3.911807,-4.020818,0.314406,32.686892,30.476620,28.266349,26.056078,23.845806,,,,,,,,,,29.012500,26.956667,28.252917,30.466250,29.012500,31.578856,26.446144,30.295678,27.729322
2024-08-02,27.050000,2024-03-31,2023-12-31,-2.540000,-7.030000,-3.847795,-4.015490,0.311843,32.613406,30.421149,28.228892,26.036635,23.844377,,,,,,,,,,28.895000,26.941667,28.215833,30.424583,28.895000,31.598195,26.191805,30.246597,27.543403
2024-08-05,25.400000,2024-03-31,2023-12-31,-2.540000,-7.030000,-3.613087,-4.008799,0.311792,32.565649,30.373753,28.181857,25.989961,23.798065,,,,,,,,,,28.627500,26.898333,28.169167,30.377083,28.627500,31.602921,25.652079,30.115211,27.139789
2024-08-06,25.300000,2024-03-31,2023-12-31,-2.540000,-7.030000,-3.598862,-4.001100,0.310397,32.491914,30.309822,28.127730,25.945638,23.763546,,,,,,,,,,28.387500,26.857500,28.115417,30.332500,28.387500,31.625575,25.149425,30.006538,26.768462
2024-08-07,26.100000,2024-03-31,2023-12-31,-2.540000,-7.030000,-3.712660,-3.994111,0.307331,32.399680,30.239141,28.078601,25.918061,23.757522,,,,,,,,,,28.187500,26.835000,28.066667,30.289167,28.187500,31.473975,24.901025,29.830738,26.544262
2024-08-08,25.800000,2024-03-31,2023-12-31,-2.540000,-7.030000,-3.669986,-3.987598,0.305833,32.332832,30.182823,28.032813,25.882804,23.732795,,,,,,,,,,28.042500,26.810000,28.021250,30.246250,28.042500,31.485919,24.599081,29.764209,26.320791
2024-08-09,26.300000,2024-03-31,2023-12-31,-2.540000,-7.030000,-3.741110,-3.981143,0.302753,32.244142,30.115790,27.987437,25.859084,23.730732,,,,,,,,,,27.810000,26.795000,27.976250,30.206250,27.810000,31.048681,24.571319,29.429340,26.190660
2024-08-12,26.250000,2024-03-31,2023-12-31,-2.540000,-7.030000,-3.733997,-3.974748,0.299761,32.157117,30.049798,27.942479,25.835159,23.727840,,,,,,,,,,27.590000,26.785833,27.931667,30.165625,27.590000,30.606551,24.573449,29.098275,26.081725
2024-08-13,25.700000,2024-03-31,2023-12-31,-2.540000,-7.030000,-3.655761,-3.966870,0.295554,32.042578,29.964837,27.887095,25.809354,23.731613,,,,,,,,,,27.412500,26.774167,27.876667,30.126042,27.412500,30.435547,24.389453,28.924024,25.900976
2024-08-14,26.900000,2024-08-14,2024-06-30,-1.820000,-8.100000,-3.320988,-3.955312,0.293440,36.791759,34.414892,32.038024,29.661157,27.284289,,,,,,,,,,27.287500,26.790000,27.825417,30.091458,27.287500,30.167901,24.407099,28.727701,25.847299
2024-08-15,27.800000,2024-08-14,2024-06-30,-1.820000,-8.100000,-3.432099,-3.945926,0.291997,36.692354,34.327176,31.961999,29.596821,27.231643,,,,,,,,,,27.157500,26.815000,27.790417,30.058542,27.157500,29.655768,24.659232,28.406634,25.908366
2024-08-16,26.600000,2024-08-14,2024-06-30,-1.820000,-8.100000,-3.283951,-3.935305,0.292709,36.617864,34.246919,31.875973,29.505027,27.134082,,,,,,,,,,26.982500,26.825000,27.745417,30.022917,26.982500,29.069370,24.895630,28.025935,25.939065
2024-08-19,26.500000,2024-08-14,2024-06-30,-1.820000,-8.100000,-3.271605,-3.925116,0.294364,36.562130,34.177785,31.793441,29.409096,27.024752,,,,,,,,,,26.862500,26.833333,27.703333,29.988125,26.862500,28.751770,24.973230,27.807135,25.917865
2024-08-20,26.200000,2024-08-14,2024-06-30,-1.820000,-8.100000,-3.234568,-3.914856,0.296807,36.518599,34.114466,31.710332,29.306198,26.902064,,,,,,,,,,26.745000,26.840000,27.660417,29.955417,26.745000,28.478235,25.011765,27.611618,25.878382
2024-08-21,25.200000,2024-08-14,2024-06-30,-1.820000,-8.100000,-3.111111,-3.902795,0.299826,36.469826,34.041233,31.612640,29.184046,26.755453,,,,,,,,,,26.622500,26.826667,27.603750,29.916667,26.622500,28.431098,24.813902,27.526799,25.718201
2024-08-22,25.600000,2024-08-14,2024-06-30,-1.820000,-8.100000,-3.160494,-3.891502,0.302061,36.414561,33.967863,31.521165,29.074467,26.627770,,,,,,,,,,26.487500,26.828333,27.552917,29.875625,26.487500,28.167373,24.807627,27.327437,25.647563
2024-08-23,26.100000,2024-08-14,2024-06-30,-1.820000,-8.100000,-3.222222,-3.880961,0.303169,36.347119,33.891450,31.435781,28.980112,26.524443,,,,,,,,,,26.407500,26.843333,27.507917,29.840625,26.407500,27.994047,24.820953,27.200774,25.614226
2024-08-26,25.700000,2024-08-14,2024-06-30,-1.820000,-8.100000,-3.172840,-3.870008,0.304821,36.285166,33.816115,31.347063,28.878011,26.408959,,,,,,,,,,26.305000,26.855000,27.459583,29.800833,26.305000,27.787849,24.822151,27.046425,25.563575
2024-08-27,25.800000,2024-08-14,2024-06-30,-1.820000,-8.100000,-3.185185,-3.859573,0.306664,36.230495,33.746519,31.262543,28.778567,26.294591,,,,,,,,,,26.245000,26.866667,27.415000,29.764792,26.245000,27.706398,24.783602,26.975699,25.514301
2024-08-28,25.700000,2024-08-14,2024-06-30,-1.820000,-8.100000,-3.172840,-3.850342,0.310532,36.218381,33.703075,31.187768,28.672461,26.157154,,,,,,,,,,26.175000,26.877500,27.378750,29.730000,26.175000,27.597563,24.752437,26.886281,25.463719
2024-08-29,25.750000,2024-08-14,2024-06-30,-1.820000,-8.100000,-3.179012,-3.841102,0.313884,36.197853,33.655391,31.112928,28.570465,26.028003,,,,,,,,,,26.087500,26.889167,27.342500,29.695625,26.087500,27.375859,24.799141,26.731679,25.443321
2024-08-30,25.650000,2024-08-14,2024-06-30,-1.820000,-8.100000,-3.166667,-3.831760,0.317146,36.175012,33.606134,31.037255,28.468376,25.899497,,,,,,,,,,26.017500,26.898333,27.305417,29.660833,26.017500,27.235901,24.799099,26.626700,25.408300
2024-09-02,25.500000,2024-08-14,2024-06-30,-1.820000,-8.100000,-3.148148,-3.822441,0.320677,36.156734,33.559254,30.961774,28.364294,25.766814,,,,,,,,,,26.022500,26.905000,27.268333,29.623958,26.022500,27.231011,24.813989,26.626756,25.418244
2024-09-03,25.100000,2024-08-14,2024-06-30,-1.820000,-8.100000,-3.098765,-3.812296,0.324163,36.131032,33.505313,30.879595,28.253876,25.628158,,,,,,,,,,26.012500,26.905000,27.225000,29.591042,26.012500,27.249166,24.775834,26.630833,25.394167
2024-09-04,25.550000,2024-08-14,2024-06-30,-1.820000,-8.100000,-3.154321,-3.802494,0.326138,36.083645,33.441924,30.800204,28.158483,25.516762,,,,,,,,,,25.985000,26.915000,27.184583,29.555833,25.985000,27.237828,24.732172,26.611414,25.358586
2024-09-05,25.700000,2024-08-14,2024-06-30,-1.820000,-8.100000,-3.172840,-3.793441,0.328423,36.047331,33.387101,30.726870,28.066640,25.406410,,,,,,,,,,25.980000,26.925833,27.149583,29.520417,25.980000,27.236729,24.723271,26.608365,25.351635
2024-09-06,27.000000,2024-08-14,2024-06-30,-1.820000,-8.100000,-3.333333,-3.785487,0.327908,35.974563,33.318505,30.662447,28.006389,25.350332,,,,,,,,,,26.015000,26.962500,27.123750,29.489583,26.015000,27.346046,24.683954,26.680523,25.349477
2024-09-09,26.350000,2024-08-14,2024-06-30,-1.820000,-8.100000,-3.253086,-3.777281,0.328813,35.922744,33.259358,30.595973,27.932587,25.269202,,,,,,,,,,26.020000,26.990833,27.095417,29.458333,26.020000,27.355507,24.684493,26.687754,25.352246
2024-09-10,26.400000,2024-08-14,2024-06-30,-1.820000,-8.100000,-3.259259,-3.769125,0.329428,35.866655,33.198285,30.529915,27.861545,25.193175,,,,,,,,,,26.055000,27.009167,27.067500,29.425833,26.055000,27.391886,24.718114,26.723443,25.386557
2024-09-11,26.400000,2024-08-14,2024-06-30,-1.820000,-8.100000,-3.259259,-3.760555,0.329201,35.793548,33.127020,30.460492,27.793964,25.127436,,,,,,,,,,26.030000,27.029167,27.036667,29.393750,26.030000,27.318165,24.741835,26.674082,25.385918
2024-09-12,26.700000,2024-08-14,2024-06-30,-1.820000,-8.100000,-3.296296,-3.752411,0.328491,35.716091,33.055311,30.394531,27.733750,25.072970,,,,,,,,,,25.975000,27.054167,27.009167,29.362917,25.975000,27.014990,24.935010,26.494995,25.455005
2024-09-13,26.950000,2024-08-14,2024-06-30,-1.820000,-8.100000,-3.327160,-3.744644,0.327424,35.635886,32.983750,30.331614,27.679478,25.027342,,,,,,,,,,25.992500,27.081667,26.984583,29.333542,25.992500,27.087116,24.897884,26.539808,25.445192
2024-09-16,26.950000,2024-08-14,2024-06-30,-1.820000,-8.100000,-3.327160,-3.737826,0.327529,35.582364,32.929377,30.276390,27.623402,24.970415,,,,,,,,,,26.015000,27.108333,26.966667,29.303542,26.015000,27.170354,24.859646,26.592677,25.437323
2024-09-18,26.500000,2024-08-14,2024-06-30,-1.820000,-8.100000,-3.271605,-3.731079,0.328733,35.547215,32.884479,30.221742,27.559006,24.896269,,,,,,,,,,26.030000,27.117500,26.948750,29.271667,26.030000,27.203120,24.856880,26.616560,25.443440
2024-09-19,26.800000,2024-08-14,2024-06-30,-1.820000,-8.100000,-3.308642,-3.726125,0.330593,35.537213,32.859413,30.181614,27.503814,24.826015,,,,,,,,,,26.110000,27.130833,26.943750,29.240417,26.110000,27.262845,24.957155,26.686423,25.533577
2024-09-20,26.700000,2024-08-14,2024-06-30,-1.820000,-8.100000,-3.296296,-3.721662,0.332761,35.536187,32.840824,30.145460,27.450097,24.754733,,,,,,,,,,26.165000,27.140000,26.942083,29.210000,26.165000,27.320354,25.009646,26.742677,25.587323
2024-09-23,26.700000,2024-08-14,2024-06-30,-1.820000,-8.100000,-3.296296,-3.714349,0.332383,35.470837,32.778533,30.086229,27.393926,24.701622,,,,,,,,,,26.195000,27.149167,26.920417,29.180833,26.195000,27.374161,25.015839,26.784581,25.605419
2024-09-24,26.700000,2024-08-14,2024-06-30,-1.820000,-8.100000,-3.296296,-3.707452,0.332400,35.415238,32.722801,30.030364,27.337927,24.645490,,,,,,,,,,26.245000,27.164167,26.901667,29.149792,26.245000,27.420585,25.069415,26.832792,25.657208
2024-09-25,26.600000,2024-08-14,2024-06-30,-1.820000,-8.100000,-3.283951,-3.699731,0.331376,35.336106,32.651963,29.967820,27.283677,24.599535,,,,,,,,,,26.285000,27.178333,26.876667,29.121042,26.285000,27.451236,25.118764,26.868118,25.701882
2024-09-26,26.900000,2024-08-14,2024-06-30,-1.820000,-8.100000,-3.320988,-3.693029,0.330831,35.272994,32.593265,29.913537,27.233809,24.554081,,,,,,,,,,26.345000,27.184167,26.859167,29.091458,26.345000,27.507982,25.182018,26.926491,25.763509
2024-09-27,26.850000,2024-08-14,2024-06-30,-1.820000,-8.100000,-3.314815,-3.686632,0.330658,35.218385,32.540052,29.861718,27.183385,24.505052,,,,,,,,,,26.400000,27.166667,26.843750,29.063542,26.400000,27.548454,25.251546,26.974227,25.825773
2024-09-30,26.150000,2024-08-14,2024-06-30,-1.820000,-8.100000,-3.228395,-3.679514,0.331258,35.170437,32.487252,29.804066,27.120880,24.437694,,,,,,,,,,26.425000,27.112500,26.822500,29.033750,26.425000,27.525478,25.324522,26.975239,25.874761
2024-10-01,26.400000,2024-08-14,2024-06-30,-1.820000,-8.100000,-3.259259,-3.673484,0.332273,35.138042,32.446630,29.755218,27.063806,24.372394,,,,,,,,,,26.470000,27.040000,26.809167,29.004167,26.470000,27.481200,25.458800,26.975600,25.964400
2024-10-04,26.300000,2024-08-14,2024-06-30,-1.820000,-8.100000,-3.246914,-3.667113,0.333068,35.099314,32.401465,29.703617,27.005768,24.307919,,,,,,,,,,26.530000,26.976667,26.793333,28.974792,26.530000,27.316331,25.743669,26.923165,26.136835
2024-10-07,26.500000,2024-08-14,2024-06-30,-1.820000,-8.100000,-3.271605,-3.661185,0.333729,35.062012,32.358807,29.655602,26.952397,24.249193,,,,,,,,,,26.577500,26.916667,26.780833,28.947292,26.577500,27.215321,25.939679,26.896411,26.258589
2024-10-08,26.700000,2024-08-14,2024-06-30,-1.820000,-8.100000,-3.296296,-3.655049,0.333610,35.010384,32.308139,29.605894,26.903649,24.201404,,,,,,,,,,26.627500,26.883333,26.767083,28.919792,26.627500,27.114678,26.140322,26.871089,26.383911
2024-10-09,27.000000,2024-08-14,2024-06-30,-1.820000,-8.100000,-3.333333,-3.649695,0.333575,34.966438,32.264482,29.562526,26.860570,24.158614,,,,,,,,,,26.627500,26.817500,26.759167,28.896250,26.627500,27.114678,26.140322,26.871089,26.383911
2024-10-11,27.600000,2024-08-14,2024-06-30,-1.820000,-8.100000,-3.407407,-3.645610,0.333515,34.932383,32.230911,29.529439,26.827968,24.126496,,,,,,,,,,26.690000,26.766667,26.760833,28.874583,26.690000,27.325444,26.054556,27.007722,26.372278
2024-10-14,27.700000,2024-08-14,2024-06-30,-1.820000,-8.100000,-3.419753,-3.641746,0.333423,34.899598,32.198872,29.498146,26.797420,24.096694,,,,,,,,,,26.755000,26.740833,26.764167,28.852917,26.755000,27.518579,25.991421,27.136789,26.373211
2024-10-15,27.300000,2024-08-14,2024-06-30,-1.820000,-8.100000,-3.370370,-3.637294,0.333450,34.863965,32.163022,29.462079,26.761136,24.060193,,,,,,,,,,26.800000,26.705833,26.762917,28.830417,26.800000,27.581362,26.018638,27.190681,26.409319
2024-10-16,27.100000,2024-08-14,2024-06-30,-1.820000,-8.100000,-3.345679,-3.633050,0.333897,34.836839,32.132272,29.427706,26.723140,24.018574,,,,,,,,,,26.820000,26.650833,26.762917,28.805833,26.820000,27.611002,26.028998,27.215501,26.424499
2024-10-17,28.950000,2024-08-14,2024-06-30,-1.820000,-8.100000,-3.574074,-3.629762,0.332504,34.787631,32.094350,29.401069,26.707787,24.014506,,,,,,,,,,26.920000,26.631667,26.771667,28.791875,26.920000,28.159015,25.680985,27.539507,26.300493
2024-10-18,28.700000,2024-08-14,2024-06-30,-1.820000,-8.100000,-3.543210,-3.627283,0.332027,34.759821,32.070405,29.380989,26.691573,24.002157,,,,,,,,,,27.007500,26.628333,26.785833,28.778125,27.007500,28.480512,25.534488,27.744006,26.270994
2024-10-21,28.600000,2024-08-14,2024-06-30,-1.820000,-8.100000,-3.530864,-3.624701,0.331558,34.731309,32.045693,29.360076,26.674460,23.988844,,,,,,,,,,27.112500,26.629167,26.799167,28.770000,27.112500,28.725890,25.499110,27.919195,26.305805
2024-10-22,28.600000,2024-08-14,2024-06-30,-1.820000,-8.100000,-3.530864,-3.621882,0.330899,34.697812,32.017528,29.337243,26.656959,23.976675,,,,,,,,,,27.202500,26.645000,26.810833,28.763333,27.202500,28.938641,25.466359,28.070570,26.334430
2024-10-23,28.350000,2024-08-14,2024-06-30,-1.820000,-8.100000,-3.500000,-3.618154,0.329719,34.648501,31.977773,29.307046,26.636319,23.965591,,,,,,,,,,27.285000,26.645833,26.815833,28.756458,27.285000,29.076530,25.493470,28.180765,26.389235
2024-10-24,28.450000,2024-08-14,2024-06-30,-1.820000,-8.100000,-3.512346,-3.615299,0.329135,34.615907,31.949915,29.283923,26.617931,23.951939,,,,,,,,,,27.372500,26.658333,26.827083,28.749583,27.372500,29.213974,25.531026,28.293237,26.451763
2024-10-25,30.600000,2024-08-14,2024-06-30,-1.820000,-8.100000,-3.777778,-3.613649,0.327806,34.581008,31.925782,29.270555,26.615329,23.960102,,,,,,,,,,27.567500,26.705833,26.849167,28.751667,27.567500,29.875900,25.259100,28.721700,26.413300
2024-10-28,30.600000,2024-08-14,2024-06-30,-1.820000,-8.100000,-3.777778,-3.612058,0.326529,34.547434,31.902551,29.257668,26.612785,23.967901,,,,,,,,,,27.767500,26.765833,26.871667,28.757917,27.767500,30.394140,25.140860,29.080820,26.454180
2024-10-29,29.550000,2024-08-14,2024-06-30,-1.820000,-8.100000,-3.648148,-3.609268,0.324759,34.496163,31.865616,29.235070,26.604523,23.973977,,,,,,,,,,27.900000,26.806667,26.884583,28.749792,27.900000,30.608466,25.191534,29.254233,26.545767
2024-10-30,29.500000,2024-08-14,2024-06-30,-1.820000,-8.100000,-3.641975,-3.606604,0.323152,34.448553,31.831024,29.213496,26.595967,23.978439,,,,,,,,,,28.032500,26.840000,26.898333,28.741458,28.032500,30.783629,25.281371,29.408064,26.656936
2024-11-01,29.400000,2024-08-14,2024-06-30,-1.820000,-8.100000,-3.629630,-3.603720,0.321368,34.396293,31.793211,29.190128,26.587046,23.983963,,,,,,,,,,28.195000,26.879167,26.910417,28.734583,28.195000,30.860550,25.529450,29.527775,26.862225
2024-11-04,29.400000,2024-08-14,2024-06-30,-1.820000,-8.100000,-3.629630,-3.600775,0.319478,34.341819,31.754050,29.166280,26.578511,23.990741,,,,,,,,,,28.345000,26.945833,26.922083,28.725833,28.345000,30.921391,25.768609,29.633195,27.056805
2024-11-05,30.150000,2024-08-14,2024-06-30,-1.820000,-8.100000,-3.722222,-3.598899,0.318083,34.304031,31.727557,29.151083,26.574609,23.998135,,,,,,,,,,28.537500,27.026667,26.942083,28.720208,28.537500,31.044936,26.030064,29.791218,27.283782
2024-11-06,30.500000,2024-08-14,2024-06-30,-1.820000,-8.100000,-3.765432,-3.597739,0.317211,34.280501,31.711092,29.141683,26.572273,24.002864,,,,,,,,,,28.737500,27.100000,26.967500,28.714792,28.737500,31.198325,26.276675,29.967912,27.507088
2024-11-07,30.550000,2024-08-14,2024-06-30,-1.820000,-8.100000,-3.771605,-3.596807,0.316529,34.261905,31.698022,29.134139,26.570256,24.006373,,,,,,,,,,28.930000,27.179167,26.994583,28.710417,28.930000,31.321080,26.538920,30.125540,27.734460
2024-11-08,30.450000,2024-08-14,2024-06-30,-1.820000,-8.100000,-3.759259,-3.595892,0.315893,34.244184,31.685454,29.126723,26.567992,24.009262,,,,,,,,,,29.102500,27.248333,27.021667,28.706042,29.102500,31.403409,26.801591,30.252955,27.952045
2024-11-11,30.000000,2024-08-14,2024-06-30,-1.820000,-8.100000,-3.703704,-3.594987,0.315423,34.229251,31.674324,29.119397,26.564470,24.009543,,,,,,,,,,29.222500,27.310833,27.048333,28.698958,29.222500,31.442380,27.002620,30.332440,28.112560
2024-11-12,29.600000,2024-08-14,2024-06-30,-1.820000,-8.100000,-3.654321,-3.594146,0.315126,34.217624,31.665101,29.112579,26.560056,24.007534,,,,,,,,,,29.317500,27.375833,27.075000,28.687083,29.317500,31.422700,27.212300,30.370100,28.264900
2024-11-13,29.150000,2024-08-14,2024-06-30,-1.820000,-8.100000,-3.598765,-3.593374,0.315000,34.209325,31.657828,29.106331,26.554834,24.003337,,,,,,,,,,29.410000,27.413333,27.101667,28.671042,29.410000,31.292775,27.527225,30.351388,28.468612
2024-11-14,29.300000,2024-08-14,2024-06-30,-1.820000,-8.100000,-3.617284,-3.592342,0.314714,34.196344,31.647159,29.097973,26.548787,23.999602,,,,,,,,,,29.520000,27.438333,27.126667,28.651458,29.520000,31.060472,27.979528,30.290236,28.749764
2024-11-15,29.500000,2024-08-14,2024-06-30,-1.820000,-8.100000,-3.641975,-3.591872,0.314597,34.190626,31.642394,29.094162,26.545930,23.997698,,,,,,,,,,29.547500,27.486667,27.155833,28.634583,29.547500,31.064587,28.030413,30.306043,28.788957
2024-11-18,29.100000,2024-08-14,2024-06-30,-1.820000,-8.100000,-3.592593,-3.590990,0.314444,34.181004,31.634011,29.087018,26.540025,23.993032,,,,,,,,,,29.567500,27.530000,27.181667,28.620208,29.567500,31.047640,28.087360,30.307570,28.827430
2024-11-19,29.400000,2024-08-14,2024-06-30,-1.820000,-8.100000,-3.629630,-3.590654,0.314380,34.177249,31.630771,29.084294,26.537816,23.991338,,,,,,,,,,29.607500,27.583333,27.211667,28.607083,29.607500,31.019209,28.195791,30.313354,28.901646
2024-11-20,28.900000,2024-08-14,2024-06-30,-1.820000,-8.100000,-3.567901,-3.589566,0.314230,34.166003,31.620743,29.075482,26.530222,23.984962,,,,,,,,,,29.622500,27.645000,27.235833,28.587292,29.622500,30.994964,28.250036,30.308732,28.936268
2024-11-21,28.450000,2024-08-14,2024-06-30,-1.820000,-8.100000,-3.512346,-3.588608,0.314289,34.159202,31.613462,29.067722,26.521982,23.976242,,,,,,,,,,29.627500,27.692500,27.260417,28.570208,29.627500,30.981043,28.273957,30.304272,28.950728
2024-11-22,27.700000,2024-08-14,2024-06-30,-1.820000,-8.100000,-3.419753,-3.587234,0.314667,34.154191,31.605392,29.056593,26.507793,23.958994,,,,,,,,,,29.590000,27.719167,27.281250,28.547083,29.590000,31.111979,28.068021,30.350990,28.829010
2024-11-25,28.100000,2024-08-14,2024-06-30,-1.820000,-8.100000,-3.469136,-3.586508,0.314839,34.151109,31.600913,29.050717,26.500520,23.950324,,,,,,,,,,29.465000,27.759167,27.307083,28.525625,29.465000,31.047170,27.882830,30.256085,28.673915
2024-11-26,28.600000,2024-08-14,2024-06-30,-1.820000,-8.100000,-3.530864,-3.586179,0.314877,34.149050,31.598549,29.048047,26.497545,23.947044,,,,,,,,,,29.365000,27.805833,27.336250,28.507292,29.365000,30.897147,27.832853,30.131073,28.598927
2024-11-27,28.300000,2024-08-14,2024-06-30,-1.820000,-8.100000,-3.493827,-3.585600,0.314983,34.146083,31.594720,29.043358,26.491995,23.940633,,,,,,,,,,29.302500,27.849167,27.363333,28.486458,29.302500,30.903314,27.701686,30.102907,28.502093
2024-11-28,28.000000,2024-08-14,2024-06-30,-1.820000,-8.100000,-3.456790,-3.584712,0.315196,34.142349,31.589259,29.036168,26.483078,23.929987,,,,,,,,,,29.227500,27.886667,27.387917,28.464167,29.227500,30.926873,27.528127,30.077186,28.377814
2024-11-29,29.400000,2024-08-14,2024-06-30,-1.820000,-8.100000,-3.629630,-3.585206,0.315220,34.146732,31.593449,29.040165,26.486882,23.933599,,,,,,,,,,29.227500,27.949167,27.423750,28.448333,29.227500,30.926873,27.528127,30.077186,28.377814
2024-12-02,29.200000,2024-08-14,2024-06-30,-1.820000,-8.100000,-3.604938,-3.585493,0.315222,34.149097,31.595796,29.042496,26.489195,23.935895,,,,,,,,,,29.217500,28.010833,27.457917,28.430833,29.217500,30.914952,27.520048,30.066226,28.368774
2024-12-03,29.500000,2024-08-14,2024-06-30,-1.820000,-8.100000,-3.641975,-3.586090,0.315261,34.154558,31.600942,29.047326,26.493710,23.940095,,,,,,,,,,29.185000,28.084167,27.494583,28.419583,29.185000,30.831400,27.538600,30.008200,28.361800
2024-12-04,29.000000,2024-08-14,2024-06-30,-1.820000,-8.100000,-3.580247,-3.586349,0.315243,34.156372,31.602901,29.049430,26.495960,23.942489,,,,,,,,,,29.110000,28.141667,27.528333,28.406458,29.110000,30.636468,27.583532,29.873234,28.346766
2024-12-05,30.500000,2024-08-14,2024-06-30,-1.820000,-8.100000,-3.765432,-3.588034,0.315659,34.176748,31.619911,29.063074,26.506238,23.949401,,,,,,,,,,29.107500,28.221667,27.573750,28.400833,29.107500,30.624171,27.590829,29.865835,28.349165
2024-12-06,30.000000,2024-08-14,2024-06-30,-1.820000,-8.100000,-3.703704,-3.589500,0.315785,34.190671,31.632811,29.074952,26.517093,23.959233,,,,,,,,,,29.085000,28.271667,27.617083,28.392500,29.085000,30.529445,27.640555,29.807222,28.362778
2024-12-09,29.100000,2024-08-14,2024-06-30,-1.820000,-8.100000,-3.592593,-3.590219,0.315693,34.194989,31.637879,29.080770,26.523661,23.966551,,,,,,,,,,29.040000,28.317500,27.654167,28.383125,29.040000,30.419016,27.660984,29.729508,28.350492
2024-12-10,27.900000,2024-08-14,2024-06-30,-1.820000,-8.100000,-3.444444,-3.588932,0.315972,34.189086,31.629716,29.070347,26.510977,23.951607,,,,,,,,,,28.955000,28.342500,27.675833,28.365417,28.955000,30.396819,27.513181,29.675910,28.234090
2024-12-11,27.800000,2024-08-14,2024-06-30,-1.820000,-8.100000,-3.432099,-3.587661,0.316296,34.184040,31.622045,29.060050,26.498056,23.936061,,,,,,,,,,28.887500,28.365833,27.697500,28.350417,28.887500,30.414752,27.360248,29.651126,28.123874
2024-12-12,28.250000,2024-08-14,2024-06-30,-1.820000,-8.100000,-3.487654,-3.586852,0.316427,34.179627,31.616565,29.053504,26.490443,23.927381,,,,,,,,,,28.835000,28.391667,27.722917,28.336042,28.835000,30.374686,27.295314,29.604843,28.065157
2024-12-13,28.000000,2024-08-14,2024-06-30,-1.820000,-8.100000,-3.456790,-3.585668,0.316648,34.173607,31.608761,29.043914,26.479068,23.914221,,,,,,,,,,28.760000,28.409167,27.745417,28.320208,28.760000,30.309397,27.210603,29.534699,27.985301
2024-12-16,28.000000,2024-08-14,2024-06-30,-1.820000,-8.100000,-3.456790,-3.584425,0.316860,34.166978,31.600411,29.033844,26.467277,23.900710,,,,,,,,,,28.705000,28.426667,27.767500,28.307292,28.705000,30.281438,27.128562,29.493219,27.916781
2024-12-17,27.800000,2024-08-14,2024-06-30,-1.820000,-8.100000,-3.432099,-3.582265,0.317009,34.151889,31.584118,29.016347,26.448575,23.880804,,,,,,,,,,28.625000,28.448333,27.782917,28.293125,28.625000,30.215266,27.034734,29.420133,27.829867
2024-12-18,27.950000,2024-08-14,2024-06-30,-1.820000,-8.100000,-3.450617,-3.580200,0.317053,34.135875,31.567747,28.999619,26.431491,23.863363,,,,,,,,,,28.577500,28.467500,27.799167,28.283125,28.577500,30.189780,26.965220,29.383640,27.771360
2024-12-19,28.900000,2024-08-14,2024-06-30,-1.820000,-8.100000,-3.567901,-3.578934,0.316794,34.121431,31.555399,28.989368,26.423336,23.857304,,,,,,,,,,28.600000,28.504167,27.822083,28.278333,28.600000,30.217340,26.982660,29.408670,27.791330
2024-12-20,28.450000,2024-08-14,2024-06-30,-1.820000,-8.100000,-3.512346,-3.577206,0.316585,34.104043,31.539704,28.975366,26.411028,23.846690,,,,,,,,,,28.637500,28.533333,27.841250,28.270625,28.637500,30.200855,27.074145,29.419178,27.855822
2024-12-23,28.300000,2024-08-14,2024-06-30,-1.820000,-8.100000,-3.493827,-3.575738,0.316560,34.091740,31.527608,28.963476,26.399343,23.835211,,,,,,,,,,28.647500,28.560000,27.862083,28.260000,28.647500,30.198892,27.096108,29.423196,27.871804
2024-12-24,28.150000,2024-08-14,2024-06-30,-1.820000,-8.100000,-3.475309,-3.574175,0.316589,34.079553,31.515184,28.950815,26.386446,23.822077,,,,,,,,,,28.625000,28.585833,27.882083,28.248333,28.625000,30.192264,27.057736,29.408632,27.841368
2024-12-25,28.100000,2024-08-14,2024-06-30,-1.820000,-8.100000,-3.469136,-3.571612,0.316180,34.052176,31.491116,28.930056,26.368996,23.807936,,,,,,,,,,28.615000,28.605833,27.895000,28.236667,28.615000,30.193507,27.036493,29.404253,27.825747
2024-12-26,28.000000,2024-08-14,2024-06-30,-1.820000,-8.100000,-3.456790,-3.567346,0.314225,33.985946,31.440724,28.895502,26.350280,23.805058,,,,,,,,,,28.615000,28.625000,27.895833,28.224583,28.615000,30.193507,27.036493,29.404253,27.825747
2024-12-27,28.000000,2024-08-14,2024-06-30,-1.820000,-8.100000,-3.456790,-3.561302,0.309237,33.856187,31.351366,28.846545,26.341724,23.836903,,,,,,,,,,28.545000,28.655833,27.884167,28.211667,28.545000,30.100939,26.989061,29.322970,27.767030
2024-12-30,27.950000,2024-08-14,2024-06-30,-1.820000,-8.100000,-3.450617,-3.553606,0.300198,33.647424,31.215816,28.784209,26.352602,23.920995,,,,,,,,,,28.482500,28.681667,27.860833,28.202500,28.482500,30.028045,26.936955,29.255273,27.709727
2024-12-31,27.900000,2024-08-14,2024-06-30,-1.820000,-8.100000,-3.444444,-3.546629,0.292773,33.470618,31.099158,28.727698,26.356238,23.984777,,,,,,,,,,28.402500,28.708333,27.842500,28.192500,28.402500,29.890867,26.914133,29.146684,27.658316
2025-01-02,27.500000,2024-08-14,2024-06-30,-1.820000,-8.100000,-3.395062,-3.539241,0.285156,33.287382,30.977618,28.667853,26.358089,24.048325,,,,,,,,,,28.327500,28.725000,27.820833,28.180833,28.327500,29.840070,26.814930,29.083785,27.571215
2025-01-03,27.700000,2024-08-14,2024-06-30,-1.820000,-8.100000,-3.419753,-3.533718,0.280933,33.174225,30.898671,28.623118,26.347564,24.072010,,,,,,,,,,28.187500,28.741667,27.812500,28.165417,28.187500,29.325307,27.049693,28.756404,27.618596
2025-01-06,27.600000,2024-08-14,2024-06-30,-1.820000,-8.100000,-3.407407,-3.525425,0.269526,32.922265,30.739105,28.555945,26.372785,24.189625,,,,,,,,,,28.067500,28.751667,27.784583,28.151875,28.067500,28.851736,27.283264,28.459618,27.675382
2025-01-07,27.200000,2024-08-14,2024-06-30,-1.820000,-8.100000,-3.358025,-3.517076,0.258762,32.680269,30.584294,28.488319,26.392344,24.296369,,,,,,,,,,27.972500,28.745000,27.755833,28.135833,27.972500,28.687361,27.257639,28.329931,27.615069
2025-01-08,28.000000,2024-08-14,2024-06-30,-1.820000,-8.100000,-3.456790,-3.511210,0.251937,32.522182,30.481492,28.440803,26.400113,24.359423,,,,,,,,,,27.977500,28.750000,27.745417,28.125208,27.977500,28.691624,27.263376,28.334562,27.620438
2025-01-09,29.000000,2024-08-14,2024-06-30,-1.820000,-8.100000,-3.580247,-3.506195,0.244346,32.358582,30.379381,28.400179,26.420977,24.441776,,,,,,,,,,28.037500,28.778333,27.742083,28.119792,28.037500,28.879099,27.195901,28.458300,27.616700
2025-01-10,27.100000,2024-08-14,2024-06-30,-1.820000,-8.100000,-3.345679,-3.498040,0.232873,32.106658,30.220389,28.334120,26.447852,24.561583,,,,,,,,,,27.980000,28.778333,27.714583,28.103750,27.980000,28.912681,27.047319,28.446341,27.513659
2025-01-13,27.500000,2024-08-14,2024-06-30,-1.820000,-8.100000,-3.395062,-3.490651,0.221594,31.864092,30.069184,28.274276,26.479368,24.684460,,,,,,,,,,27.955000,28.754167,27.692917,28.087917,27.955000,28.911914,26.998086,28.433457,27.476543
2025-01-14,27.450000,2024-08-14,2024-06-30,-1.820000,-8.100000,-3.388889,-3.484634,0.214291,31.697058,29.961297,28.225536,26.489776,24.754015,,,,,,,,,,27.927500,28.733333,27.680833,28.075208,27.927500,28.910232,26.944768,28.418866,27.436134
2025-01-15,27.300000,2024-08-14,2024-06-30,-1.820000,-8.100000,-3.370370,-3.478877,0.207856,31.546168,29.862538,28.178908,26.495278,24.811647,,,,,,,,,,27.902500,28.711667,27.670417,28.063125,27.902500,28.923580,26.881420,28.413040,27.391960
2025-01-16,27.000000,2024-08-14,2024-06-30,-1.820000,-8.100000,-3.333333,-3.473879,0.204016,31.443485,29.790953,28.138420,26.485888,24.833356,,,,,,,,,,27.855000,28.685000,27.665000,28.049792,27.855000,28.952317,26.757683,28.403659,27.306341
2025-01-17,27.000000,2024-08-14,2024-06-30,-1.820000,-8.100000,-3.333333,-3.468110,0.197983,31.299010,29.695351,28.091692,26.488033,24.884375,,,,,,,,,,27.760000,28.662500,27.654167,28.035208,27.760000,28.804081,26.715919,28.282041,27.237959
2025-01-20,27.050000,2024-08-14,2024-06-30,-1.820000,-8.100000,-3.339506,-3.463104,0.193488,31.185643,29.618392,28.051142,26.483891,24.916640,,,,,,,,,,27.690000,28.639167,27.648750,28.018750,27.690000,28.727000,26.653000,28.208500,27.171500
2025-01-21,26.600000,2024-08-14,2024-06-30,-1.820000,-8.100000,-3.283951,-3.457575,0.188960,31.067506,29.536933,28.006361,26.475788,24.945216,,,,,,,,,,27.605000,28.572500,27.639167,27.998542,27.605000,28.708058,26.501942,28.156529,27.053471
2025-01-22,25.350000,2024-08-14,2024-06-30,-1.820000,-8.100000,-3.129630,-3.451650,0.187991,31.003823,29.481094,27.958365,26.435636,24.912907,,,,,,,,,,27.465000,28.485000,27.625417,27.971042,27.465000,28.928629,26.001371,28.196815,26.733185
2025-02-03,25.750000,2024-08-14,2024-06-30,-1.820000,-8.100000,-3.179012,-3.446018,0.185922,30.924671,29.418706,27.912742,26.406777,24.900813,,,,,,,,,,27.347500,28.421667,27.614167,27.948958,27.347500,28.965645,25.729355,28.156573,26.538427
2025-02-04,25.300000,2024-08-14,2024-06-30,-1.820000,-8.100000,-3.123457,-3.439448,0.183233,30.827908,29.343718,27.859528,26.375338,24.891149,,,,,,,,,,27.212500,28.351667,27.595833,27.924375,27.212500,29.038590,25.386410,28.125545,26.299455
2025-02-05,25.550000,2024-08-14,2024-06-30,-1.820000,-8.100000,-3.154321,-3.433669,0.181170,30.747678,29.280199,27.812719,26.345239,24.877759,,,,,,,,,,27.090000,28.287500,27.583333,27.899583,27.090000,29.019440,25.160560,28.054720,26.125280
2025-02-06,25.000000,2024-08-14,2024-06-30,-1.820000,-8.100000,-3.086420,-3.429280,0.183156,30.744293,29.260731,27.777169,26.293607,24.810044,,,,,,,,,,26.942500,28.214167,27.580000,27.874583,26.942500,29.038932,24.846068,27.990716,25.894284
2025-02-07,25.600000,2024-08-14,2024-06-30,-1.820000,-8.100000,-3.160494,-3.425627,0.184114,30.730229,29.238904,27.747579,26.256254,24.764929,,,,,,,,,,26.827500,28.138333,27.582500,27.848958,26.827500,28.954884,24.700116,27.891192,25.763808
2025-02-10,25.000000,2024-08-14,2024-06-30,-1.820000,-8.100000,-3.086420,-3.420408,0.184784,30.698809,29.202059,27.705308,26.208557,24.711806,,,,,,,,,,26.702500,28.046667,27.573333,27.820000,26.702500,28.953693,24.451307,27.828096,25.576904
2025-02-11,25.300000,2024-08-14,2024-06-30,-1.820000,-8.100000,-3.123457,-3.415854,0.185315,30.670527,29.169472,27.668417,26.167362,24.666307,,,,,,,,,,26.582500,27.959167,27.569167,27.795208,26.582500,28.865452,24.299548,27.723976,25.441024
2025-02-12,25.200000,2024-08-14,2024-06-30,-1.820000,-8.100000,-3.111111,-3.410604,0.184947,30.622034,29.123963,27.625892,26.127821,24.629750,,,,,,,,,,26.462500,27.871667,27.560000,27.768125,26.462500,28.772404,24.152596,27.617452,25.307548
2025-02-13,24.900000,2024-08-14,2024-06-30,-1.820000,-8.100000,-3.074074,-3.405105,0.185062,30.579344,29.080346,27.581347,26.082349,24.583350,,,,,,,,,,26.347500,27.786667,27.548750,27.740208,26.347500,28.730659,23.964341,27.539080,25.155920
2025-02-14,25.000000,2024-08-14,2024-06-30,-1.820000,-8.100000,-3.086420,-3.400360,0.185878,30.554136,29.048527,27.542917,26.037307,24.531697,,,,,,,,,,26.197500,27.710000,27.542917,27.709792,26.197500,28.519585,23.875415,27.358543,25.036457
2025-02-17,25.500000,2024-08-14,2024-06-30,-1.820000,-8.100000,-3.148148,-3.398920,0.187163,30.563294,29.047272,27.531250,26.015228,24.499206,,,,,,,,,,26.022500,27.649167,27.531250,27.678333,26.022500,27.949176,24.095824,26.985838,25.059162
2025-02-18,25.250000,2024-08-14,2024-06-30,-1.820000,-8.100000,-3.117284,-3.396296,0.188893,30.570060,29.040030,27.510000,25.979970,24.449940,,,,,,,,,,25.930000,27.581667,27.510000,27.650208,25.930000,27.816071,24.043929,26.873035,24.986965
2025-02-19,25.450000,2024-08-14,2024-06-30,-1.820000,-8.100000,-3.141975,-3.395113,0.190043,30.579118,29.039767,27.500417,25.961066,24.421715,,,,,,,,,,25.827500,27.514167,27.500417,27.622917,25.827500,27.571807,24.083193,26.699653,24.955347
2025-02-20,25.450000,2024-08-14,2024-06-30,-1.820000,-8.100000,-3.141975,-3.394033,0.191117,30.587756,29.039711,27.491667,25.943622,24.395577,,,,,,,,,,25.727500,27.453333,27.491667,27.597500,25.727500,27.301123,24.153877,26.514312,24.940688
2025-02-21,25.250000,2024-08-14,2024-06-30,-1.820000,-8.100000,-3.117284,-3.393056,0.192236,30.597967,29.040858,27.483750,25.926642,24.369533,,,,,,,,,,25.625000,27.384167,27.483750,27.572083,25.625000,27.024812,24.225188,26.324906,24.925094
2025-02-24,25.200000,2024-08-14,2024-06-30,-1.820000,-8.100000,-3.111111,-3.393056,0.192236,30.597967,29.040858,27.483750,25.926642,24.369533,,,,,,,,,,25.535000,27.322500,27.483750,27.543750,25.535000,26.786147,24.283853,26.160573,24.909427
2025-02-25,25.200000,2024-08-14,2024-06-30,-1.820000,-8.100000,-3.111111,-3.392644,0.192790,30.603610,29.042013,27.480417,25.918820,24.357224,,,,,,,,,,25.445000,27.268333,27.480417,27.516667,25.445000,26.495263,24.394737,25.970132,24.919868
2025-02-26,25.050000,2024-08-14,2024-06-30,-1.820000,-8.100000,-3.092593,-3.391564,0.194111,30.616269,29.043968,27.471667,25.899365,24.327064,,,,,,,,,,25.345000,27.224167,27.471667,27.489792,25.345000,26.087613,24.602387,25.716306,24.973694
2025-02-27,26.450000,2024-08-14,2024-06-30,-1.820000,-8.100000,-3.265432,-3.392335,0.193417,30.611277,29.044597,27.477917,25.911236,24.344556,,,,,,,,,,25.337500,27.196667,27.477917,27.468750,25.337500,26.027942,24.647058,25.682721,24.992279
2025-03-03,25.500000,2024-08-14,2024-06-30,-1.820000,-8.100000,-3.148148,-3.392027,0.193780,30.614651,29.045034,27.475417,25.905800,24.336183,,,,,,,,,,25.345000,27.145000,27.475417,27.445208,25.345000,26.039262,24.650738,25.692131,24.997869
2025-03-04,26.400000,2024-08-14,2024-06-30,-1.820000,-8.100000,-3.259259,-3.392747,0.193118,30.609760,29.045505,27.481250,25.916995,24.352740,,,,,,,,,,25.377500,27.113333,27.481250,27.430000,25.377500,26.200508,24.554492,25.789004,24.965996
2025-03-05,26.000000,2024-08-14,2024-06-30,-1.820000,-8.100000,-3.209877,-3.393004,0.192851,30.607523,29.045428,27.483333,25.921239,24.359144,,,,,,,,,,25.412500,27.080000,27.483333,27.412917,25.412500,26.279968,24.545032,25.846234,24.978766
2025-03-06,26.100000,2024-08-14,2024-06-30,-1.820000,-8.100000,-3.222222,-3.393467,0.192369,30.603467,29.045275,27.487083,25.928891,24.370700,,,,,,,,,,25.440000,27.025000,27.487083,27.396250,25.440000,26.359153,24.520847,25.899576,24.980424
2025-03-07,26.100000,2024-08-14,2024-06-30,-1.820000,-8.100000,-3.222222,-3.394084,0.191693,30.597514,29.044798,27.492083,25.939368,24.386653,,,,,,,,,,25.495000,26.973333,27.492083,27.380208,25.495000,26.434709,24.555291,25.964854,25.025146
2025-03-10,25.650000,2024-08-14,2024-06-30,-1.820000,-8.100000,-3.166667,-3.394650,0.190913,30.589454,29.043060,27.496667,25.950273,24.403879,,,,,,,,,,25.497500,26.909167,27.496667,27.360833,25.497500,26.438650,24.556350,25.968075,25.026925
2025-03-11,25.500000,2024-08-14,2024-06-30,-1.820000,-8.100000,-3.148148,-3.394599,0.190979,30.590108,29.043179,27.496250,25.949321,24.402392,,,,,,,,,,25.522500,26.850833,27.496250,27.340417,25.522500,26.434106,24.610894,25.978303,25.066697
2025-03-12,25.500000,2024-08-14,2024-06-30,-1.820000,-8.100000,-3.148148,-3.394393,0.191233,30.592558,29.043570,27.494583,25.945596,24.396609,,,,,,,,,,25.532500,26.767500,27.494583,27.322083,25.532500,26.438198,24.626802,25.985349,25.079651
2025-03-13,24.550000,2024-08-14,2024-06-30,-1.820000,-8.100000,-3.030864,-3.391872,0.194018,30.617253,29.045710,27.474167,25.902624,24.331081,,,,,,,,,,25.500000,26.676667,27.474167,27.298958,25.500000,26.497893,24.502107,25.998946,25.001054
2025-03-14,23.900000,2024-08-14,2024-06-30,-1.820000,-8.100000,-2.950617,-3.389352,0.197764,30.657534,29.055642,27.453750,25.851858,24.249966,,,,,,,,,,25.450000,26.590000,27.453750,27.274583,25.450000,26.653504,24.246496,26.051752,24.848248
2025-03-17,25.250000,2024-08-14,2024-06-30,-1.820000,-8.100000,-3.117284,-3.388169,0.198970,30.667485,29.055826,27.444167,25.832508,24.220849,,,,,,,,,,25.462500,26.545833,27.444167,27.255833,25.462500,26.651429,24.273571,26.056965,24.868035
2025-03-18,24.950000,2024-08-14,2024-06-30,-1.820000,-8.100000,-3.080247,-3.386677,0.200609,30.681952,29.057018,27.432083,25.807149,24.182215,,,,,,,,,,25.435000,26.498333,27.432083,27.234375,25.435000,26.645524,24.224476,26.040262,24.829738
2025-03-19,25.000000,2024-08-14,2024-06-30,-1.820000,-8.100000,-3.086420,-3.384928,0.202311,30.695362,29.056639,27.417917,25.779194,24.140472,,,,,,,,,,25.422500,26.444167,27.417917,27.213542,25.422500,26.646159,24.198841,26.034330,24.810670
2025-03-20,24.900000,2024-08-14,2024-06-30,-1.820000,-8.100000,-3.074074,-3.382819,0.204229,30.709340,29.055087,27.400833,25.746580,24.092327,,,,,,,,,,25.395000,26.392500,27.400833,27.192708,25.395000,26.640582,24.149418,26.017791,24.772209
2025-03-21,24.950000,2024-08-14,2024-06-30,-1.820000,-8.100000,-3.080247,-3.380761,0.206030,30.721855,29.053011,27.384167,25.715322,24.046478,,,,,,,,,,25.370000,26.341667,27.384167,27.175417,25.370000,26.630910,24.109090,26.000455,24.739545
2025-03-24,25.100000,2024-08-14,2024-06-30,-1.820000,-8.100000,-3.098765,-3.379321,0.207399,30.732368,29.052434,27.372500,25.692566,24.012632,,,,,,,,,,25.362500,26.296667,27.372500,27.160625,25.362500,26.628191,24.096809,25.995345,24.729655
2025-03-25,25.100000,2024-08-14,2024-06-30,-1.820000,-8.100000,-3.098765,-3.377572,0.208880,30.742189,29.050261,27.358333,25.666406,23.974478,,,,,,,,,,25.357500,26.249167,27.358333,27.151042,25.357500,26.626679,24.088321,25.992090,24.722910
2025-03-26,25.100000,2024-08-14,2024-06-30,-1.820000,-8.100000,-3.098765,-3.375926,0.210299,30.751849,29.048425,27.345000,25.641575,23.938151,,,,,,,,,,25.352500,26.185833,27.345000,27.143542,25.352500,26.625075,24.079925,25.988788,24.716212
2025-03-27,24.700000,2024-08-14,2024-06-30,-1.820000,-8.100000,-3.049383,-3.373868,0.212284,30.767327,29.047830,27.328333,25.608836,23.889340,,,,,,,,,,25.335000,26.123333,27.328333,27.124375,25.335000,26.634433,24.035567,25.984717,24.685283
2025-03-28,24.800000,2024-08-14,2024-06-30,-1.820000,-8.100000,-3.061728,-3.371914,0.214076,30.780535,29.046518,27.312500,25.578482,23.844465,,,,,,,,,,25.252500,26.065000,27.312500,27.107083,25.252500,26.460140,24.044860,25.856320,24.648680
2025-03-31,24.900000,2025-03-31,2024-12-31,-2.720000,-7.970000,-3.124216,-3.370582,0.215122,30.292585,28.578063,26.863542,25.149021,23.434500,,,,,,,,,,25.222500,26.010833,27.298333,27.087500,25.222500,26.434056,24.010944,25.828278,24.616722
2025-04-01,24.850000,2025-03-31,2024-12-31,-2.720000,-7.970000,-3.117942,-3.368890,0.216310,30.298046,28.574051,26.850057,25.126062,23.402068,,,,,,,,,,25.145000,25.956667,27.281250,27.070208,25.145000,26.231230,24.058770,25.688115,24.601885
2025-04-02,0.000000,2025-03-31,2024-12-31,-2.720000,-7.970000,-0.000000,-3.341267,0.375991,32.623199,29.626549,26.629898,23.633247,20.636596,,,,,,,,,,23.845000,25.490000,27.057500,26.950625,23.845000,35.115310,12.574690,29.480155,18.209845
2025-04-07,20.900000,2025-03-31,2024-12-31,-2.720000,-7.970000,-2.622334,-3.336216,0.381550,32.671546,29.630595,26.589645,23.548695,20.507744,,,,,,,,,,23.585000,25.371667,27.013750,26.918125,23.585000,34.876175,12.293825,29.230587,17.939413
2025-04-08,20.950000,2025-03-31,2024-12-31,-2.720000,-7.970000,-2.628607,-3.330961,0.386924,32.715327,29.631543,26.547759,23.463975,20.380192,,,,,,,,,,23.327500,25.255000,26.968333,26.888750,23.327500,34.612071,12.042929,28.969786,17.685214
2025-04-09,20.500000,2025-03-31,2024-12-31,-2.720000,-7.970000,-2.572146,-3.325338,0.393011,32.767537,29.635240,26.502943,23.370647,20.238350,,,,,,,,,,23.070000,25.131667,26.920000,26.856667,23.070000,34.366455,11.773545,28.718227,17.421773
2025-04-10,23.500000,2025-03-31,2024-12-31,-2.720000,-7.970000,-2.948557,-3.322646,0.394486,32.769589,29.625539,26.481488,23.337437,20.193386,,,,,,,,,,22.970000,25.065000,26.895000,26.837917,22.970000,34.211156,11.728844,28.590578,17.349422
2025-04-11,23.850000,2025-03-31,2024-12-31,-2.720000,-7.970000,-2.992472,-3.320114,0.395630,32.767644,29.614476,26.461309,23.308141,20.154973,,,,,,,,,,22.887500,25.000833,26.871250,26.819167,22.887500,34.074564,11.700436,28.481032,17.293968
2025-04-14,25.050000,2025-03-31,2024-12-31,-2.720000,-7.970000,-3.143036,-3.318528,0.395957,32.760230,29.604450,26.448670,23.292889,20.137109,,,,,,,,,,22.912500,24.958333,26.855000,26.807083,22.912500,34.117427,11.707573,28.514964,17.310036
2025-04-15,24.900000,2025-03-31,2024-12-31,-2.720000,-7.970000,-3.124216,-3.316168,0.396267,32.746357,29.588109,26.429861,23.271613,20.113365,,,,,,,,,,22.962500,24.920000,26.832500,26.796667,22.962500,34.194872,11.730128,28.578686,17.346314
2025-04-16,24.900000,2025-03-31,2024-12-31,-2.720000,-7.970000,-3.124216,-3.313705,0.396536,32.731018,29.570625,26.410233,23.249840,20.089447,,,,,,,,,,22.945000,24.868333,26.809167,26.786667,22.945000,34.163448,11.726552,28.554224,17.335776
2025-04-17,24.600000,2025-03-31,2024-12-31,-2.720000,-7.970000,-3.086575,-3.311340,0.397041,32.720222,29.555803,26.391384,23.226965,20.062546,,,,,,,,,,22.927500,24.795000,26.786667,26.774792,22.927500,34.133864,11.721136,28.530682,17.324318
2025-04-18,24.500000,2025-03-31,2024-12-31,-2.720000,-7.970000,-3.074028,-3.309077,0.397618,32.711370,29.542356,26.373342,23.204327,20.035313,,,,,,,,,,22.902500,24.751667,26.765000,26.763958,22.902500,34.091615,11.713385,28.497057,17.307943
2025-04-21,24.100000,2025-03-31,2024-12-31,-2.720000,-7.970000,-3.023839,-3.304491,0.397709,32.676276,29.506536,26.336797,23.167057,19.997318,,,,,,,,,,22.862500,24.695000,26.724583,26.748125,22.862500,34.027241,11.697759,28.444871,17.280129
2025-04-22,23.800000,2025-03-31,2024-12-31,-2.720000,-7.970000,-2.986198,-3.299850,0.398150,32.646306,29.473054,26.299802,23.126550,19.953298,,,,,,,,,,22.805000,24.634167,26.683750,26.734792,22.805000,33.936269,11.673731,28.370635,17.239365
2025-04-23,24.900000,2025-03-31,2024-12-31,-2.720000,-7.970000,-3.124216,-3.296461,0.397897,32.615277,29.444035,26.272794,23.101552,19.930311,,,,,,,,,,22.795000,24.594167,26.652917,26.726042,22.795000,33.917945,11.672055,28.356472,17.233528
2025-04-24,24.150000,2025-03-31,2024-12-31,-2.720000,-7.970000,-3.030113,-3.292288,0.398044,32.584359,29.411947,26.239535,23.067124,19.894712,,,,,,,,,,22.747500,24.546667,26.615833,26.713333,22.747500,33.837062,11.657938,28.292281,17.202719
2025-04-25,24.000000,2025-03-31,2024-12-31,-2.720000,-7.970000,-3.011292,-3.288215,0.398401,32.557589,29.382333,26.207077,23.031821,19.856565,,,,,,,,,,22.692500,24.496667,26.579583,26.697708,22.692500,33.743781,11.641219,28.218141,17.166859
2025-04-28,24.000000,2025-03-31,2024-12-31,-2.720000,-7.970000,-3.011292,-3.284040,0.398658,32.528405,29.351102,26.173799,22.996496,19.819193,,,,,,,,,,22.657500,24.445833,26.542500,26.684792,22.657500,33.686423,11.628577,28.171961,17.143039
2025-04-29,24.250000,2025-03-31,2024-12-31,-2.720000,-7.970000,-3.042660,-3.277914,0.396650,32.447577,29.286276,26.124975,22.963674,19.802373,,,,,,,,,,22.630000,24.406667,26.489583,26.669375,22.630000,33.639154,11.620846,28.134577,17.125423
2025-04-30,24.000000,2025-03-31,2024-12-31,-2.720000,-7.970000,-3.011292,-3.271527,0.394700,32.365580,29.219824,26.074067,22.928311,19.782555,,,,,,,,,,22.585000,24.384167,26.434583,26.653125,22.585000,33.562398,11.607602,28.073699,17.096301
2025-05-02,23.700000,2025-03-31,2024-12-31,-2.720000,-7.970000,-2.973651,-3.265906,0.394093,32.311119,29.170194,26.029270,22.888345,19.747420,,,,,,,,,,22.527500,24.350000,26.385833,26.635208,22.527500,33.466925,11.588075,27.997213,17.057787
2025-05-05,23.200000,2025-03-31,2024-12-31,-2.720000,-7.970000,-2.910916,-3.259814,0.393882,32.259187,29.119951,25.980715,22.841479,19.702243,,,,,,,,,,23.687500,24.315000,26.333333,26.615833,23.687500,26.382110,20.992890,25.034805,22.340195
2025-05-06,23.350000,2025-03-31,2024-12-31,-2.720000,-7.970000,-2.929737,-3.253981,0.393541,32.207277,29.070754,25.934230,22.797707,19.661184,,,,,,,,,,23.810000,24.278333,26.282917,26.596667,23.810000,26.173450,21.446550,24.991725,22.628275
2025-05-07,23.400000,2025-03-31,2024-12-31,-2.720000,-7.970000,-2.936010,-3.248201,0.393071,32.153714,29.020938,25.888163,22.755387,19.622611,,,,,,,,,,23.932500,24.251667,26.232917,26.577500,23.932500,25.891091,21.973909,24.911796,22.953204
2025-05-08,0.000000,2025-03-31,2024-12-31,-2.720000,-7.970000,-0.000000,-3.217183,0.490213,33.454938,29.547941,25.640945,21.733949,17.826952,,,,,,,,,,22.907500,23.825000,25.981667,26.461875,22.907500,33.747886,12.067114,28.327693,17.487307
2025-05-09,23.600000,2025-03-31,2024-12-31,-2.720000,-7.970000,-2.961104,-3.210480,0.488148,33.368604,29.478064,25.587524,21.696984,17.806444,,,,,,,,,,22.912500,23.801667,25.924167,26.445833,22.912500,33.754129,12.070871,28.333315,17.491685
2025-05-12,23.450000,2025-03-31,2024-12-31,-2.720000,-7.970000,-2.942284,-3.203569,0.486003,33.279331,29.405887,25.532443,21.659000,17.785556,,,,,,,,,,22.892500,23.770833,25.865000,26.429792,22.892500,33.728321,12.056679,28.310411,17.474589
2025-05-13,23.300000,2025-03-31,2024-12-31,-2.720000,-7.970000,-2.923463,-3.196604,0.483957,33.191208,29.334070,25.476933,21.619795,17.762657,,,,,,,,,,22.805000,23.739167,25.805417,26.413542,22.805000,33.595634,12.014366,28.200317,17.409683
2025-05-14,23.300000,2025-03-31,2024-12-31,-2.720000,-7.970000,-2.923463,-3.190102,0.482325,33.113379,29.269245,25.425112,21.580978,17.736844,,,,,,,,,,22.725000,23.712500,25.749583,26.398958,22.725000,33.473880,11.976120,28.099440,17.350560
2025-05-15,23.550000,2025-03-31,2024-12-31,-2.720000,-7.970000,-2.954831,-3.184273,0.480893,33.044083,29.211369,25.378654,21.545939,17.713224,,,,,,,,,,22.657500,23.688333,25.699167,26.387083,22.657500,33.365749,11.949251,28.011625,17.303375
2025-05-16,23.300000,2025-03-31,2024-12-31,-2.720000,-7.970000,-2.923463,-3.178645,0.479952,32.984234,29.159018,25.333802,21.508587,17.683371,,,,,,,,,,22.592500,23.651667,25.650417,26.376042,22.592500,33.266831,11.918169,27.929665,17.255335
2025-05-19,0.000000,2025-03-31,2024-12-31,-2.720000,-7.970000,-0.000000,-3.148501,0.559219,34.007512,29.550533,25.093555,20.636576,16.179597,,,,,,,,,,21.367500,23.230833,25.406250,26.266458,21.367500,36.006966,6.728034,28.687233,14.047767
2025-05-20,22.600000,2025-03-31,2024-12-31,-2.720000,-7.970000,-2.835634,-3.141782,0.558083,33.935849,29.487924,25.040000,20.592076,16.144151,,,,,,,,,,21.292500,23.183333,25.348750,26.252292,21.292500,35.888328,6.696672,28.590414,13.994586
2025-05-21,23.200000,2025-03-31,2024-12-31,-2.720000,-7.970000,-2.910916,-3.136101,0.556924,33.872097,29.433411,24.994725,20.556040,16.117354,,,,,,,,,,21.262500,23.145833,25.299583,26.240625,21.262500,35.839081,6.685919,28.550790,13.974210
2025-05-22,22.950000,2025-03-31,2024-12-31,-2.720000,-7.970000,-2.879548,-3.129850,0.555546,33.800312,29.372610,24.944907,20.517205,16.089503,,,,,,,,,,21.165000,23.107500,25.245833,26.228750,21.165000,35.665022,6.664978,28.415011,13.914989
2025-05-23,23.000000,2025-03-31,2024-12-31,-2.720000,-7.970000,-2.885822,-3.124166,0.554515,33.738574,29.319090,24.899606,20.480122,16.060638,,,,,,,,,,21.107500,23.070833,25.196667,26.216250,21.107500,35.566745,6.648255,28.337122,13.877878
2025-05-26,23.100000,2025-03-31,2024-12-31,-2.720000,-7.970000,-2.898369,-3.119050,0.553735,33.685365,29.272097,24.858828,20.445559,16.032290,,,,,,,,,,21.062500,23.035833,25.152083,26.206250,21.062500,35.489407,6.635593,28.275954,13.849046
2025-05-27,23.100000,2025-03-31,2024-12-31,-2.720000,-7.970000,-2.898369,-3.114705,0.553401,33.645415,29.234807,24.824199,20.413591,16.002983,,,,,,,,,,21.017500,23.003333,25.113750,26.197500,21.017500,35.411405,6.623595,28.214452,13.820548
2025-05-28,23.000000,2025-03-31,2024-12-31,-2.720000,-7.970000,-2.885822,-3.109844,0.552823,33.597462,29.191460,24.785457,20.379455,15.973453,,,,,,,,,,20.955000,22.945833,25.071250,26.189167,20.955000,35.300581,6.609419,28.127790,13.782210
2025-05-29,22.500000,2025-03-31,2024-12-31,-2.720000,-7.970000,-2.823087,-3.103946,0.552069,33.538427,29.138438,24.738449,20.338460,15.938471,,,,,,,,,,20.880000,22.895833,25.020417,26.178333,20.880000,35.174143,6.585857,28.027072,13.732928
2025-06-02,21.650000,2025-03-31,2024-12-31,-2.720000,-7.970000,-2.716437,-3.097468,0.552017,33.485961,29.086389,24.686817,20.287246,15.887674,,,,,,,,,,20.777500,22.816667,24.965000,26.164167,20.777500,35.015791,6.539209,27.896645,13.658355
2025-06-03,21.000000,2025-03-31,2024-12-31,-2.720000,-7.970000,-2.634881,-3.090618,0.552619,33.440982,29.036605,24.632229,20.227853,15.823476,,,,,,,,,,20.667500,22.733333,24.906667,26.147292,20.667500,34.860911,6.474089,27.764206,13.570794
2025-06-04,22.000000,2025-03-31,2024-12-31,-2.720000,-7.970000,-2.760351,-3.083374,0.551190,33.360463,28.967479,24.574494,20.181510,15.788526,,,,,,,,,,20.600000,22.665000,24.845000,26.134375,20.600000,34.752478,6.447522,27.676239,13.523761
2025-06-05,22.300000,2025-03-31,2024-12-31,-2.720000,-7.970000,-2.797992,-3.076650,0.549694,33.283018,28.901959,24.520900,20.139840,15.758781,,,,,,,,,,20.545000,22.601667,24.787500,26.122708,20.545000,34.660162,6.429838,27.602581,13.487419
2025-06-06,21.900000,2025-03-31,2024-12-31,-2.720000,-7.970000,-2.747804,-3.069198,0.548024,33.197015,28.829263,24.461512,20.093760,15.726009,,,,,,,,,,21.640000,22.539167,24.724167,26.109375,21.640000,31.921696,11.358304,26.780848,16.499152
2025-06-09,22.200000,2025-03-31,2024-12-31,-2.720000,-7.970000,-2.785445,-3.062575,0.546597,33.121476,28.765100,24.408724,20.052348,15.695972,,,,,,,,,,21.570000,22.484167,24.667500,26.097917,21.570000,31.814506,11.325494,26.692253,16.447747
2025-06-10,22.200000,2025-03-31,2024-12-31,-2.720000,-7.970000,-2.785445,-3.054409,0.543318,33.004130,28.673883,24.343636,20.013389,15.683142,,,,,,,,,,21.507500,22.429167,24.598333,26.086042,21.507500,31.718911,11.296089,26.613206,16.401794
2025-06-11,22.500000,2025-03-31,2024-12-31,-2.720000,-7.970000,-2.823087,-3.047070,0.540414,32.899350,28.592249,24.285149,19.978048,15.670948,,,,,,,,,,21.467500,22.395000,24.535833,26.076458,21.467500,31.655588,11.279412,26.561544,16.373456
2025-06-12,22.750000,2025-03-31,2024-12-31,-2.720000,-7.970000,-2.854454,-3.040919,0.538350,32.817416,28.526770,24.236124,19.945478,15.654832,,,,,,,,,,21.440000,22.375833,24.482917,26.068542,21.440000,31.610215,11.269785,26.525107,16.354893
2025-06-13,23.800000,2025-03-31,2024-12-31,-2.720000,-7.970000,-2.986198,-3.037100,0.537087,32.766854,28.486272,24.205689,19.925106,15.644523,,,,,,,,,,21.452500,22.351667,24.448750,26.062292,21.452500,31.634242,11.270758,26.543371,16.361629
2025-06-16,23.600000,2025-03-31,2024-12-31,-2.720000,-7.970000,-2.961104,-3.033175,0.535896,32.716585,28.445496,24.174407,19.903318,15.632229,,,,,,,,,,21.467500,22.329167,24.413750,26.055625,21.467500,31.661579,11.273421,26.564539,16.370461
2025-06-17,22.100000,2025-03-31,2024-12-31,-2.720000,-7.970000,-2.772898,-3.027219,0.534773,32.651215,28.389075,24.126935,19.864795,15.602656,,,,,,,,,,22.572500,22.280833,24.362500,26.042708,22.572500,23.929150,21.215850,23.250825,21.894175
2025-06-18,21.700000,2025-03-31,2024-12-31,-2.720000,-7.970000,-2.722710,-3.021102,0.534016,32.590391,28.334285,24.078180,19.822075,15.565969,,,,,,,,,,22.527500,22.227500,24.310000,26.027708,22.527500,23.938910,21.116090,23.233205,21.821795
2025-06-19,22.200000,2025-03-31,2024-12-31,-2.720000,-7.970000,-2.785445,-3.015507,0.532928,32.528471,28.281031,24.033592,19.786152,15.538712,,,,,,,,,,22.477500,22.181667,24.261667,26.014583,22.477500,23.859137,21.095863,23.168319,21.786681
2025-06-20,21.800000,2025-03-31,2024-12-31,-2.720000,-7.970000,-2.735257,-3.009700,0.532147,32.469732,28.228521,23.987310,19.746099,15.504888,,,,,,,,,,22.420000,22.126667,24.211667,25.997292,22.420000,23.814500,21.025500,23.117250,21.722750
2025-06-23,22.100000,2025-03-31,2024-12-31,-2.720000,-7.970000,-2.772898,-3.004052,0.531023,32.406809,28.174553,23.942298,19.710042,15.477787,,,,,,,,,,22.375000,22.076667,24.162917,25.981042,22.375000,23.748624,21.001376,23.061812,21.688188
2025-06-24,21.600000,2025-03-31,2024-12-31,-2.720000,-7.970000,-2.710163,-2.996905,0.529139,32.319810,28.102570,23.885330,19.668090,15.450850,,,,,,,,,,22.300000,22.018333,24.102083,25.962083,22.300000,23.670747,20.929253,22.985374,21.614626
2025-06-25,21.950000,2025-03-31,2024-12-31,-2.720000,-7.970000,-2.754078,-2.990586,0.527457,32.242634,28.038801,23.834968,19.631135,15.427302,,,,,,,,,,22.242500,21.972500,24.047917,25.944583,22.242500,23.567671,20.917329,22.905086,21.579914
2025-06-26,21.800000,2025-03-31,2024-12-31,-2.720000,-7.970000,-2.735257,-2.984264,0.525919,32.167729,27.976158,23.784586,19.593015,15.401444,,,,,,,,,,22.182500,21.922500,23.993750,25.927917,22.182500,23.471431,20.893569,22.826965,21.538035
2025-06-27,22.200000,2025-03-31,2024-12-31,-2.720000,-7.970000,-2.785445,-2.978515,0.524274,32.095692,27.917230,23.738768,19.560306,15.381844,,,,,,,,,,22.167500,21.877500,23.944167,25.913125,22.167500,23.447827,20.887173,22.807663,21.527337
2025-06-30,22.250000,2025-03-31,2024-12-31,-2.720000,-7.970000,-2.791719,-2.972870,0.522591,32.023876,27.858826,23.693776,19.528726,15.363677,,,,,,,,,,22.197500,21.834167,23.895417,25.895208,22.197500,23.454679,20.940321,22.826090,21.568910
2025-07-01,22.450000,2025-03-31,2024-12-31,-2.720000,-7.970000,-2.816813,-2.967537,0.520874,31.953997,27.802634,23.651271,19.499908,15.348545,,,,,,,,,,22.270000,22.208333,23.849167,25.872500,22.270000,23.396896,21.143104,22.833448,21.706552
2025-07-02,22.550000,2025-03-31,2024-12-31,-2.720000,-7.970000,-2.829360,-2.962309,0.519067,31.883530,27.746565,23.609599,19.472634,15.335668,,,,,,,,,,22.297500,22.235833,23.803750,25.843958,22.297500,23.423497,21.171503,22.860498,21.734502
2025-07-03,22.550000,2025-03-31,2024-12-31,-2.720000,-7.970000,-2.829360,-2.957131,0.517251,31.813317,27.690827,23.568337,19.445848,15.323358,,,,,,,,,,22.310000,22.262500,23.758750,25.809792,22.310000,23.441650,21.178350,22.875825,21.744175
2025-07-04,22.000000,2025-03-31,2024-12-31,-2.720000,-7.970000,-2.760351,-2.951431,0.515602,31.741600,27.632251,23.522902,19.413553,15.304204,,,,,,,,,,22.315000,22.287500,23.709583,25.776042,22.315000,23.439886,21.190114,22.877443,21.752557
2025-07-07,21.950000,2025-03-31,2024-12-31,-2.720000,-7.970000,-2.754078,-2.946089,0.514286,31.678051,27.579191,23.480330,19.381470,15.282609,,,,,,,,,,22.302500,22.261667,23.663333,25.742083,22.302500,23.438270,21.166730,22.870385,21.734615
2025-07-08,22.900000,2025-03-31,2024-12-31,-2.720000,-7.970000,-2.873275,-2.941535,0.512473,31.612854,27.528444,23.444035,19.359626,15.275216,,,,,,,,,,22.337500,22.245833,23.623333,25.717917,22.337500,23.502731,21.172269,22.920115,21.754885
2025-07-09,22.000000,2025-03-31,2024-12-31,-2.720000,-7.970000,-2.760351,-2.936143,0.510932,31.545311,27.473185,23.401060,19.328934,15.256808,,,,,,,,,,22.312500,22.195000,23.576667,25.680625,22.312500,23.484487,21.140513,22.898493,21.726507
2025-07-10,21.050000,2025-03-31,2024-12-31,-2.720000,-7.970000,-2.641154,-2.930169,0.510148,31.485204,27.419326,23.353448,19.287569,15.221691,,,,,,,,,,22.227500,22.130833,23.525417,25.640625,22.227500,23.507498,20.947502,22.867499,21.587501
2025-07-11,21.650000,2025-03-31,2024-12-31,-2.720000,-7.970000,-2.716437,-2.923999,0.508199,31.404961,27.354618,23.304276,19.253933,15.203590,,,,,,,,,,22.120000,22.076667,23.472500,25.608958,22.120000,23.187412,21.052588,22.653706,21.586294
2025-07-14,22.200000,2025-03-31,2024-12-31,-2.720000,-7.970000,-2.785445,-2.917376,0.504741,31.297066,27.274277,23.251488,19.228699,15.205910,,,,,,,,,,22.050000,22.036667,23.415833,25.578958,22.050000,22.861756,21.238244,22.455878,21.644122
2025-07-15,22.500000,2025-03-31,2024-12-31,-2.720000,-7.970000,-2.823087,-2.913021,0.503267,31.238859,27.227819,23.216779,19.205739,15.194699,,,,,,,,,,22.070000,22.003333,23.377500,25.546042,22.070000,22.906283,21.233717,22.488141,21.651859
2025-07-16,21.100000,2025-03-31,2024-12-31,-2.720000,-7.970000,-2.647428,-2.906791,0.501875,31.167018,27.167071,23.167123,19.167176,15.167229,,,,,,,,,,22.040000,21.953333,23.324167,25.508542,22.040000,22.969969,21.110031,22.504984,21.575016
2025-07-17,21.600000,2025-03-31,2024-12-31,-2.720000,-7.970000,-2.710163,-2.901135,0.500218,31.095526,27.108786,23.122045,19.135304,15.148563,,,,,,,,,,22.010000,21.916667,23.275417,25.478125,22.010000,22.956795,21.063205,22.483398,21.536602
2025-07-18,22.300000,2025-03-31,2024-12-31,-2.720000,-7.970000,-2.797992,-2.896365,0.498432,31.029039,27.056534,23.084029,19.111525,15.139020,,,,,,,,,,22.035000,21.873333,23.233750,25.452083,22.035000,22.984848,21.085152,22.509924,21.560076
2025-07-21,22.200000,2025-03-31,2024-12-31,-2.720000,-7.970000,-2.785445,-2.891799,0.496903,30.968272,27.007956,23.047640,19.087324,15.127008,,,,,,,,,,22.040000,21.840833,23.193750,25.429375,22.040000,22.992338,21.087662,22.516169,21.563831
2025-07-22,21.600000,2025-03-31,2024-12-31,-2.720000,-7.970000,-2.710163,-2.886606,0.495504,30.904586,26.955419,23.006252,19.057084,15.107917,,,,,,,,,,22.040000,21.800833,23.148750,25.401458,22.040000,22.992338,21.087662,22.516169,21.563831
2025-07-23,21.550000,2025-03-31,2024-12-31,-2.720000,-7.970000,-2.703890,-2.881309,0.494017,30.838668,26.901352,22.964036,19.026720,15.089404,,,,,,,,,,22.020000,21.760000,23.102917,25.375833,22.020000,22.996783,21.043217,22.508392,21.531608
2025-07-24,21.500000,2025-03-31,2024-12-31,-2.720000,-7.970000,-2.697616,-2.876423,0.492900,30.781913,26.853503,22.925094,18.996684,15.068275,,,,,,,,,,22.005000,21.714167,23.060417,25.349792,22.005000,23.004947,21.005053,22.504974,21.505026
2025-07-25,21.400000,2025-03-31,2024-12-31,-2.720000,-7.970000,-2.685069,-2.872719,0.492651,30.748425,26.821996,22.895567,18.969138,15.042710,,,,,,,,,,21.965000,21.670833,23.027500,25.326458,21.965000,22.995636,20.934364,22.480318,21.449682
2025-07-28,21.350000,2025-03-31,2024-12-31,-2.720000,-7.970000,-2.678795,-2.868550,0.492154,30.707273,26.784809,22.862345,18.939880,15.017416,,,,,,,,,,21.920000,21.631667,22.990833,25.302500,21.920000,22.976509,20.863491,22.448254,21.391746
2025-07-29,20.800000,2025-03-31,2024-12-31,-2.720000,-7.970000,-2.609787,-2.864270,0.492152,30.673128,26.750678,22.828228,18.905779,14.983329,,,,,,,,,,21.837500,21.591667,22.953333,25.274583,21.837500,22.974382,20.700618,22.405941,21.269059
2025-07-30,21.050000,2025-03-31,2024-12-31,-2.720000,-7.970000,-2.641154,-2.859993,0.491840,30.634070,26.714108,22.794146,18.874183,14.954221,,,,,,,,,,21.762500,21.553333,22.915833,25.249583,21.762500,22.899382,20.625618,22.330941,21.194059
2025-07-31,21.050000,2025-03-31,2024-12-31,-2.720000,-7.970000,-2.641154,-2.856283,0.491797,30.603812,26.684192,22.764573,18.844953,14.925333,,,,,,,,,,21.687500,21.514167,22.882917,25.231458,21.687500,22.803355,20.571645,22.245427,21.129573
2025-08-01,21.000000,2025-03-31,2024-12-31,-2.720000,-7.970000,-2.634881,-2.851903,0.491405,30.562659,26.646161,22.729663,18.813165,14.896667,,,,,,,,,,21.637500,21.864167,22.844583,25.213542,21.637500,22.783603,20.491397,22.210552,21.064448
2025-08-04,21.000000,2025-03-31,2024-12-31,-2.720000,-7.970000,-2.634881,-2.848140,0.491323,30.531361,26.615517,22.699673,18.783830,14.867986,,,,,,,,,,21.590000,21.820833,22.811250,25.192292,21.590000,22.760065,20.419935,22.175033,21.004967
2025-08-05,20.800000,2025-03-31,2024-12-31,-2.720000,-7.970000,-2.609787,-2.843859,0.491142,30.494356,26.579957,22.665557,18.751158,14.836758,,,,,,,,,,21.485000,21.776667,22.773750,25.171458,21.485000,22.530341,20.439659,22.007670,20.962330
2025-08-06,21.350000,2025-03-31,2024-12-31,-2.720000,-7.970000,-2.678795,-2.840256,0.490750,30.459404,26.548124,22.636844,18.725564,14.814284,,,,,,,,,,21.452500,21.744167,22.741667,25.150833,21.452500,22.470483,20.434517,21.961492,20.943508
2025-08-07,21.100000,2025-03-31,2024-12-31,-2.720000,-7.970000,-2.647428,-2.836701,0.490588,30.428473,26.518491,22.608508,18.698525,14.788542,,,,,,,,,,21.455000,21.707500,22.710000,25.129375,21.455000,22.469059,20.440941,21.962030,20.947970
2025-08-08,21.950000,2025-03-31,2024-12-31,-2.720000,-7.970000,-2.754078,-2.833932,0.490104,30.398690,26.492562,22.586435,18.680307,14.774180,,,,,,,,,,21.470000,21.680833,22.684583,25.113750,21.470000,22.504866,20.435134,21.987433,20.952567
2025-08-11,21.900000,2025-03-31,2024-12-31,-2.720000,-7.970000,-2.747804,-2.830595,0.489309,30.359429,26.459637,22.559845,18.660053,14.760261,,,,,,,,,,21.455000,21.657500,22.654583,25.092917,21.455000,22.453367,20.456633,21.954184,20.955816
2025-08-12,22.000000,2025-03-31,2024-12-31,-2.720000,-7.970000,-2.760351,-2.827621,0.488636,30.324995,26.430567,22.536139,18.641711,14.747282,,,,,,,,,,21.430000,22.024167,22.627500,25.068750,21.430000,22.339251,20.520749,21.884625,20.975375
2025-08-13,22.100000,2025-03-31,2024-12-31,-2.720000,-7.970000,-2.772898,-2.824545,0.487801,30.287181,26.399404,22.511626,18.623848,14.736071,,,,,,,,,,21.480000,22.015833,22.599583,25.050000,21.480000,22.422226,20.537774,21.951113,21.008887
2025-08-14,21.550000,2025-08-14,2025-06-30,0.310000,-6.770000,-3.183161,-2.824889,0.488041,25.732572,22.428534,19.124495,15.820457,12.516418,,,,,,,,,,21.477500,21.988333,22.567083,25.029375,21.477500,22.418650,20.536350,21.948075,21.006925
2025-08-15,21.400000,2025-08-14,2025-06-30,0.310000,-6.770000,-3.161004,-2.825253,0.488277,25.738239,22.432600,19.126962,15.821323,12.515684,,,,,,,,,,21.432500,21.962500,22.535000,25.009375,21.432500,22.290450,20.574550,21.861475,21.003525
2025-08-18,22.400000,2025-08-14,2025-06-30,0.310000,-6.770000,-3.308715,-2.826900,0.489581,25.767038,22.452574,19.138110,15.823646,12.509182,,,,,,,,,,21.442500,21.952500,22.511667,24.997708,21.442500,22.341783,20.543217,21.892142,20.992858
2025-08-19,22.100000,2025-08-14,2025-06-30,0.310000,-6.770000,-3.264402,-2.828177,0.490528,25.788507,22.467633,19.146758,15.825884,12.505009,,,,,,,,,,21.467500,21.935833,22.485833,24.983125,21.467500,22.411888,20.523112,21.939694,20.995306
2025-08-20,22.100000,2025-08-14,2025-06-30,0.310000,-6.770000,-3.264402,-2.829609,0.491556,25.812118,22.484284,19.156451,15.828618,12.500784,,,,,,,,,,21.495000,21.919167,22.461250,24.966458,21.495000,22.480634,20.509366,21.987817,21.002183
2025-08-21,22.000000,2025-08-14,2025-06-30,0.310000,-6.770000,-3.249631,-2.829477,0.491440,25.809661,22.482610,19.155560,15.828509,12.501458,,,,,,,,,,21.520000,21.902500,22.424167,24.951042,21.520000,22.531200,20.508800,22.025600,21.014400
2025-08-22,21.700000,2025-08-14,2025-06-30,0.310000,-6.770000,-3.205318,-2.829953,0.491779,25.817478,22.488131,19.158785,15.829438,12.500092,,,,,,,,,,21.535000,21.889167,22.392500,24.933958,21.535000,22.547605,20.522395,22.041302,21.028698
2025-08-25,22.100000,2025-08-14,2025-06-30,0.310000,-6.770000,-3.264402,-2.829996,0.491817,25.818282,22.488678,19.159075,15.829472,12.499868,,,,,,,,,,21.572500,21.896667,22.356667,24.918958,21.572500,22.611465,20.533535,22.091982,21.053018
2025-08-26,22.050000,2025-08-14,2025-06-30,0.310000,-6.770000,-3.257016,-2.830389,0.492142,25.825337,22.493536,19.161734,15.829933,12.498131,,,,,,,,,,21.635000,21.914167,22.323750,24.903542,21.635000,22.627657,20.642343,22.131329,21.138671
2025-08-27,21.850000,2025-08-14,2025-06-30,0.310000,-6.770000,-3.227474,-2.830433,0.492177,25.826113,22.494072,19.162031,15.829990,12.497949,,,,,,,,,,21.675000,21.911667,22.288333,24.887708,21.675000,22.632244,20.717756,22.153622,21.196378
2025-08-28,21.850000,2025-08-14,2025-06-30,0.310000,-6.770000,-3.227474,-2.830477,0.492213,25.826888,22.494607,19.162327,15.830047,12.497766,,,,,,,,,,21.715000,21.904167,22.252917,24.872500,21.715000,22.628121,20.801879,22.171560,21.258440
2025-08-29,22.500000,2025-08-14,2025-06-30,0.310000,-6.770000,-3.323486,-2.831783,0.493320,25.850724,22.510949,19.171174,15.831399,12.491624,,,,,,,,,,21.790000,21.914167,22.226667,24.861667,21.790000,22.702256,20.877744,22.246128,21.333872
2025-09-01,22.000000,2025-08-14,2025-06-30,0.310000,-6.770000,-3.249631,-2.832629,0.493953,25.865027,22.520963,19.176900,15.832836,12.488773,,,,,,,,,,21.840000,21.910833,22.197500,24.846875,21.840000,22.676408,21.003592,22.258204,21.421796
2025-09-02,22.250000,2025-08-14,2025-06-30,0.310000,-6.770000,-3.286558,-2.833783,0.494857,25.885072,22.534890,19.184708,15.834526,12.484345,,,,,,,,,,21.912500,21.911667,22.170417,24.832500,21.912500,22.609014,21.215986,22.260757,21.564243
2025-09-03,23.450000,2025-08-14,2025-06-30,0.310000,-6.770000,-3.463811,-2.837390,0.497875,25.950361,22.579747,19.209134,15.838520,12.467906,,,,,,,,,,22.017500,21.927500,22.161250,24.817708,22.017500,22.950111,21.084889,22.483805,21.551195
2025-09-04,24.500000,2025-08-14,2025-06-30,0.310000,-6.770000,-3.618907,-2.842960,0.502865,26.055626,22.651231,19.246836,15.842442,12.438047,,,,,,,,,,22.187500,21.956667,22.166250,24.810000,22.187500,23.554354,20.820646,22.870927,21.504073
2025-09-05,28.000000,2025-08-14,2025-06-30,0.310000,-6.770000,-4.135894,-2.851448,0.515961,26.290414,22.797358,19.304303,15.811247,12.318192,,,,,,,,,,22.490000,22.026667,22.189167,24.816667,22.490000,25.419810,19.560190,23.954905,21.025095
2025-09-08,29.000000,2025-08-14,2025-06-30,0.310000,-6.770000,-4.283604,-2.861476,0.531893,26.574025,22.973108,19.372192,15.771276,12.170360,,,,,,,,,,22.845000,22.116667,22.222917,24.827500,22.845000,26.956204,18.733796,24.900602,20.789398
2025-09-09,28.950000,2025-08-14,2025-06-30,0.310000,-6.770000,-4.276219,-2.871391,0.546997,26.845650,23.142483,19.439317,15.736150,12.032984,,,,,,,,,,23.192500,22.230833,22.255833,24.836875,23.192500,28.100632,18.284368,25.646566,20.738434
2025-09-10,28.100000,2025-08-14,2025-06-30,0.310000,-6.770000,-4.150665,-2.880363,0.559045,27.069523,23.284789,19.500054,15.715320,11.930585,,,,,,,,,,23.492500,22.337500,22.282500,24.841667,23.492500,28.833826,18.151174,26.163163,20.821837
2025-09-11,28.150000,2025-08-14,2025-06-30,0.310000,-6.770000,-4.158050,-2.889344,0.570817,27.289729,23.425295,19.560860,15.696426,11.831992,,,,,,,,,,23.822500,22.436667,22.309167,24.846667,23.822500,29.465519,18.179481,26.644009,21.000991
2025-09-12,28.000000,2025-08-14,2025-06-30,0.310000,-6.770000,-4.135894,-2.897987,0.581762,27.496424,23.557898,19.619372,15.680846,11.742320,,,,,,,,,,24.152500,22.540000,22.333333,24.852917,24.152500,29.968311,18.336689,27.060406,21.244594
2025-09-15,27.550000,2025-08-14,2025-06-30,0.310000,-6.770000,-4.069424,-2.906076,0.591247,27.679622,23.676878,19.674133,15.671388,11.668644,,,,,,,,,,24.410000,22.630833,22.353750,24.856042,24.410000,30.353736,18.466264,27.381868,21.438132
2025-09-16,28.850000,2025-08-14,2025-06-30,0.310000,-6.770000,-4.261448,-2.915765,0.603824,27.915511,23.827620,19.739728,15.651836,11.563944,,,,,,,,,,24.747500,22.751667,22.385000,24.865000,24.747500,30.901786,18.593214,27.824643,21.670357
2025-09-17,28.200000,2025-08-14,2025-06-30,0.310000,-6.770000,-4.165436,-2.925065,0.614402,28.121698,23.962195,19.802692,15.643189,11.483686,,,,,,,,,,25.052500,22.855833,22.414167,24.871250,25.052500,31.258734,18.846266,28.155617,21.949383
2025-09-18,28.450000,2025-08-14,2025-06-30,0.310000,-6.770000,-4.202363,-2.934571,0.625262,28.333084,24.100063,19.867043,15.634022,11.401001,,,,,,,,,,25.375000,22.966667,22.444583,24.878542,25.375000,31.583695,19.166305,28.479348,22.270652
2025-09-19,28.700000,2025-08-14,2025-06-30,0.310000,-6.770000,-4.239291,-2.943863,0.636292,28.545348,24.237649,19.929951,15.622253,11.314555,,,,,,,,,,25.725000,23.075000,22.476250,24.887292,25.725000,31.850056,19.599944,28.787528,22.662472
2025-09-22,28.550000,2025-08-14,2025-06-30,0.310000,-6.770000,-4.217134,-2.953023,0.646647,28.747563,24.369763,19.991964,15.614165,11.236365,,,,,,,,,,26.047500,23.180000,22.507083,24.894167,26.047500,32.046840,20.048160,29.047170,23.047830
2025-09-23,28.150000,2025-08-14,2025-06-30,0.310000,-6.770000,-4.158050,-2.987673,0.596543,28.303741,24.265144,20.226547,16.187951,12.149354,,,,,,,,,,26.352500,23.275000,22.741667,24.899583,26.352500,32.111564,20.593436,29.232032,23.472968
2025-09-24,28.200000,2025-08-14,2025-06-30,0.310000,-6.770000,-4.165436,-3.000532,0.605171,28.507618,24.410611,20.313604,16.216597,12.119590,,,,,,,,,,26.670000,23.369167,22.802500,24.908125,26.670000,32.073060,21.266940,29.371530,23.968470
2025-09-25,27.900000,2025-08-14,2025-06-30,0.310000,-6.770000,-4.121123,-3.012970,0.612753,28.694477,24.546142,20.397807,16.249472,12.101137,,,,,,,,,,26.972500,23.458333,22.860417,24.914375,26.972500,31.895430,22.049570,29.433965,24.511035
2025-09-26,28.100000,2025-08-14,2025-06-30,0.310000,-6.770000,-4.150665,-3.026124,0.620109,28.883137,24.684999,20.486862,16.288724,12.090587,,,,,,,,,,27.252500,23.560000,22.923750,24.921875,27.252500,31.720335,22.784665,29.486418,25.018582
2025-09-30,28.100000,2025-08-14,2025-06-30,0.310000,-6.770000,-4.150665,-3.036142,0.628498,29.064548,24.809614,20.554681,16.299747,12.044813,,,,,,,,,,27.557500,23.662500,22.962083,24.928542,27.557500,31.287503,23.827497,29.422501,25.692499
2025-10-01,28.000000,2025-08-14,2025-06-30,0.310000,-6.770000,-4.135894,-3.045670,0.636448,29.236695,24.927942,20.619189,16.310436,12.001683,,,,,,,,,,27.845000,23.747500,22.996667,24.933958,27.845000,30.615503,25.074497,29.230251,26.459749
2025-10-02,28.050000,2025-08-14,2025-06-30,0.310000,-6.770000,-4.143279,-3.054006,0.644236,29.398577,25.037098,20.675619,16.314140,11.952661,,,,,,,,,,28.075000,23.848333,23.021667,24.938333,28.075000,29.917624,26.232376,28.996312,27.153688
2025-10-03,27.900000,2025-08-14,2025-06-30,0.310000,-6.770000,-4.121123,-3.062313,0.651535,29.553651,25.142756,20.731861,16.320966,11.910071,,,,,,,,,,28.245000,23.962500,23.046667,24.939583,28.245000,29.012703,27.477297,28.628852,27.861148
2025-10-07,28.100000,2025-08-14,2025-06-30,0.310000,-6.770000,-4.150665,-3.070867,0.659050,29.713301,25.251536,20.789770,16.328004,11.866239,,,,,,,,,,28.250000,24.070000,23.073333,24.941250,28.250000,29.012268,27.487732,28.631134,27.868866
2025-10-08,28.600000,2025-08-14,2025-06-30,0.310000,-6.770000,-4.224520,-3.080350,0.667411,29.890717,25.372343,20.853969,16.335595,11.817221,,,,,,,,,,28.230000,24.176667,23.106667,24.946667,28.230000,28.927665,27.532335,28.578833,27.881167
2025-10-09,29.450000,2025-08-14,2025-06-30,0.310000,-6.770000,-4.350074,-3.090984,0.677400,30.097960,25.511960,20.925959,16.339959,11.753958,,,,,,,,,,28.255000,24.292500,23.147917,24.956458,28.255000,29.084648,27.425352,28.669824,27.840176
2025-10-13,28.500000,2025-08-14,2025-06-30,0.310000,-6.770000,-4.209749,-3.100866,0.685020,30.268039,25.630452,20.992864,16.355277,11.717689,,,,,,,,,,28.275000,24.415833,23.184583,24.954583,28.275000,29.108193,27.441807,28.691596,27.858404
2025-10-14,27.950000,2025-08-14,2025-06-30,0.310000,-6.770000,-4.128508,-3.110385,0.691321,30.417802,25.737556,21.057310,16.377064,11.696818,,,,,,,,,,28.265000,24.521667,23.219167,24.951458,28.265000,29.109237,27.420763,28.687119,27.842881
2025-10-15,28.250000,2025-08-14,2025-06-30,0.310000,-6.770000,-4.172821,-3.119124,0.698092,30.568632,25.842550,21.116469,16.390387,11.664305,,,,,,,,,,28.277500,24.620833,23.247083,24.950000,28.277500,29.112570,27.442430,28.695035,27.859965
2025-10-16,28.150000,2025-08-14,2025-06-30,0.310000,-6.770000,-4.158050,-3.128523,0.704448,30.718327,25.949215,21.180103,16.410991,11.641879,,,,,,,,,,28.307500,24.720000,23.280417,24.948125,28.307500,29.072714,27.542286,28.690107,27.924893
2025-10-17,28.150000,2025-08-14,2025-06-30,0.310000,-6.770000,-4.158050,-3.138080,0.710596,30.866264,26.055532,21.244799,16.434067,11.623334,,,,,,,,,,28.272500,24.829167,23.315000,24.947292,28.272500,28.996142,27.548858,28.634321,27.910679
2025-10-20,27.650000,2025-08-14,2025-06-30,0.310000,-6.770000,-4.084195,-3.147021,0.715718,30.996154,26.150741,21.305329,16.459916,11.614504,,,,,,,,,,28.245000,24.930833,23.345417,24.943958,28.245000,29.020208,27.469792,28.632604,27.857396
2025-10-21,27.600000,2025-08-14,2025-06-30,0.310000,-6.770000,-4.076809,-3.155638,0.720660,31.121410,26.242541,21.363672,16.484803,11.605934,,,,,,,,,,28.202500,25.032500,23.373333,24.931458,28.202500,29.022304,27.382696,28.612402,27.792598
2025-10-22,28.200000,2025-08-14,2025-06-30,0.310000,-6.770000,-4.165436,-3.165256,0.726396,31.264189,26.346487,21.428785,16.511083,11.593381,,,,,,,,,,28.177500,25.145833,23.408333,24.921458,28.177500,28.963211,27.391789,28.570356,27.784644
2025-10-23,27.600000,2025-08-14,2025-06-30,0.310000,-6.770000,-4.076809,-3.174449,0.730917,31.387644,26.439333,21.491022,16.542711,11.594399,,,,,,,,,,28.130000,25.250000,23.440833,24.913333,28.130000,28.935507,27.324493,28.532754,27.727246
2025-10-27,27.150000,2025-08-14,2025-06-30,0.310000,-6.770000,-4.010340,-3.183611,0.734468,31.497747,26.525397,21.553047,16.580697,11.608348,,,,,,,,,,28.080000,25.355833,23.473750,24.903542,28.080000,28.996745,27.163255,28.538372,27.621628
2025-10-28,27.300000,2025-08-14,2025-06-30,0.310000,-6.770000,-4.032496,-3.192801,0.738155,31.609876,26.612568,21.615261,16.617954,11.620647,,,,,,,,,,28.035000,25.460000,23.506667,24.894792,28.035000,29.013237,27.056763,28.524118,27.545882
2025-10-29,26.900000,2025-08-14,2025-06-30,0.310000,-6.770000,-3.973412,-3.201446,0.741191,31.709508,26.691648,21.673788,16.655928,11.638068,,,,,,,,,,27.985000,25.557500,23.535833,24.884375,27.985000,29.086721,26.883279,28.535861,27.434139
2025-10-30,26.900000,2025-08-14,2025-06-30,0.310000,-6.770000,-3.973412,-3.234558,0.683475,31.152200,26.525078,21.897955,17.270832,12.643709,,,,,,,,,,27.925000,25.655833,23.760000,24.870833,27.925000,29.126534,26.723466,28.525767,27.324233
2025-10-31,28.450000,2025-08-14,2025-06-30,0.310000,-6.770000,-4.202363,-3.244901,0.688674,31.292632,26.630307,21.967983,17.305658,12.643333,,,,,,,,,,27.942500,25.780000,23.800417,24.862292,27.942500,29.164782,26.720218,28.553641,27.331359
2025-11-03,29.300000,2025-08-14,2025-06-30,0.310000,-6.770000,-4.327917,-3.256448,0.695144,31.458400,26.752278,22.046155,17.340033,12.633910,,,,,,,,,,28.007500,25.921667,23.849167,24.857083,28.007500,29.372581,26.642419,28.690041,27.324959
2025-11-04,28.850000,2025-08-14,2025-06-30,0.310000,-6.770000,-4.261448,-3.267598,0.700468,31.605974,26.863807,22.121640,17.379473,12.637306,,,,,,,,,,28.047500,26.046667,23.895417,24.850417,28.047500,29.463750,26.631250,28.755625,27.339375
2025-11-05,28.900000,2025-08-14,2025-06-30,0.310000,-6.770000,-4.268833,-3.278810,0.705661,31.752190,26.974866,22.197541,17.420217,12.642893,,,,,,,,,,28.097500,26.176667,23.942083,24.845833,28.097500,29.561624,26.633376,28.829562,27.365438
2025-11-06,28.700000,2025-08-14,2025-06-30,0.310000,-6.770000,-4.239291,-3.289513,0.710431,31.889241,27.079623,22.270006,17.460389,12.650772,,,,,,,,,,28.127500,26.289167,23.985000,24.842083,28.127500,29.616221,26.638779,28.871860,27.383140
2025-11-07,28.900000,2025-08-14,2025-06-30,0.310000,-6.770000,-4.268833,-3.300725,0.715205,32.029788,27.187848,22.345908,17.503967,12.662027,,,,,,,,,,28.142500,26.405833,24.031667,24.841042,28.142500,29.657087,26.627913,28.899793,27.385207
2025-11-10,28.850000,2025-08-14,2025-06-30,0.310000,-6.770000,-4.261448,-3.336237,0.653032,31.428373,27.007349,22.586324,18.165300,13.744275,,,,,,,,,,28.112500,26.520000,24.272083,24.839167,28.112500,29.539265,26.685735,28.825882,27.399118
2025-11-11,28.900000,2025-08-14,2025-06-30,0.310000,-6.770000,-4.268833,-3.348180,0.656894,31.561521,27.114351,22.667181,18.220010,13.772840,,,,,,,,,,28.132500,26.633333,24.324583,24.836667,28.132500,29.592952,26.672048,28.862726,27.402274
2025-11-12,28.600000,2025-08-14,2025-06-30,0.310000,-6.770000,-4.224520,-3.359127,0.660481,31.684204,27.212747,22.741290,18.269833,13.798375,,,,,,,,,,28.165000,26.750833,24.369583,24.834583,28.165000,29.637234,26.692766,28.901117,27.428883
2025-11-13,28.900000,2025-08-14,2025-06-30,0.310000,-6.770000,-4.268833,-3.370704,0.664170,31.812530,27.316099,22.819669,18.323238,13.826807,,,,,,,,,,28.197500,26.875833,24.419167,24.832500,28.197500,29.705889,26.689111,28.951694,27.443306
2025-11-14,28.800000,2025-08-14,2025-06-30,0.310000,-6.770000,-4.254062,-3.382106,0.667512,31.934972,27.415916,22.896860,18.377804,13.858748,,,,,,,,,,28.230000,26.982500,24.467500,24.832083,28.230000,29.761906,26.698094,28.995953,27.464047
2025-11-17,28.450000,2025-08-14,2025-06-30,0.310000,-6.770000,-4.202363,-3.392973,0.670180,32.044659,27.507543,22.970427,18.433311,13.896195,,,,,,,,,,28.245000,27.088333,24.512083,24.832083,28.245000,29.779481,26.710519,29.012240,27.477760
2025-11-18,28.000000,2025-08-14,2025-06-30,0.310000,-6.770000,-4.135894,-3.403286,0.672024,32.139445,27.589844,23.040244,18.490644,13.941044,,,,,,,,,,28.262500,27.186667,24.552917,24.833333,28.262500,29.776253,26.748747,29.019376,27.505624
2025-11-19,28.000000,2025-08-14,2025-06-30,0.310000,-6.770000,-4.135894,-3.413703,0.673622,32.231609,27.671189,23.110769,18.550349,13.989929,,,,,,,,,,28.282500,27.286667,24.594583,24.832917,28.282500,29.769735,26.795265,29.026118,27.538882
2025-11-20,27.900000,2025-08-14,2025-06-30,0.310000,-6.770000,-4.121123,-3.424520,0.674479,32.316451,27.750226,23.184000,18.617774,14.051548,,,,,,,,,,28.267500,27.390000,24.639583,24.830000,28.267500,29.764260,26.770740,29.015880,27.519120
2025-11-21,27.600000,2025-08-14,2025-06-30,0.310000,-6.770000,-4.076809,-3.435856,0.673910,32.385493,27.823120,23.260748,18.698375,14.136002,,,,,,,,,,28.267500,27.481667,24.689167,24.827083,28.267500,29.764260,26.770740,29.015880,27.519120
2025-11-24,28.450000,2025-08-14,2025-06-30,0.310000,-6.770000,-4.202363,-3.448919,0.673446,32.467634,27.908407,23.349180,18.789953,14.230726,,,,,,,,,,28.332500,27.588333,24.751250,24.828958,28.332500,29.734857,26.930143,29.033679,27.631321
2025-11-25,27.900000,2025-08-14,2025-06-30,0.310000,-6.770000,-4.121123,-3.460258,0.673210,32.541219,27.983584,23.425950,18.868316,14.310681,,,,,,,,,,28.362500,27.689167,24.800417,24.822708,28.362500,29.695828,27.029172,29.029164,27.695836
2025-11-26,27.600000,2025-08-14,2025-06-30,0.310000,-6.770000,-4.076809,-3.470915,0.672760,32.607271,28.052684,23.498097,18.943509,14.388922,,,,,,,,,,28.397500,27.785000,24.844583,24.816042,28.397500,29.599461,27.195539,28.998481,27.796519
2025-11-27,27.950000,2025-08-14,2025-06-30,0.310000,-6.770000,-4.128508,-3.482421,0.672096,32.676168,28.126080,23.575991,19.025903,14.475814,,,,,,,,,,28.450000,27.875833,24.895000,24.809583,28.450000,29.451578,27.448422,28.950789,27.949211
2025-11-28,28.000000,2025-08-14,2025-06-30,0.310000,-6.770000,-4.135894,-3.493675,0.671633,32.746095,28.199137,23.652179,19.105221,14.558263,,,,,,,,,,28.427500,27.975833,24.943333,24.805417,28.427500,29.449096,27.405904,28.938298,27.916702
2025-12-01,29.100000,2025-08-14,2025-06-30,0.310000,-6.770000,-4.298375,-3.506283,0.672427,32.842190,28.289862,23.737533,19.185205,14.632877,,,,,,,,,,28.417500,28.090000,25.000833,24.799583,28.417500,29.406532,27.428468,28.912016,27.922984
2025-12-02,28.650000,2025-08-14,2025-06-30,0.310000,-6.770000,-4.231905,-3.518023,0.672697,32.925328,28.371171,23.817014,19.262858,14.708701,,,,,,,,,,28.407500,28.176667,25.052083,24.793958,28.407500,29.382058,27.432942,28.894779,27.920221
2025-12-03,28.850000,2025-08-14,2025-06-30,0.310000,-6.770000,-4.261448,-3.529748,0.673295,33.012809,28.454601,23.896392,19.338184,14.779975,,,,,,,,,,28.405000,28.249167,25.102917,24.792917,28.405000,29.374482,27.435518,28.889741,27.920259
2025-12-04,28.700000,2025-08-14,2025-06-30,0.310000,-6.770000,-4.239291,-3.540190,0.674510,33.099959,28.533523,23.967088,19.400652,14.834216,,,,,,,,,,28.405000,28.260833,25.143750,24.796250,28.405000,29.374482,27.435518,28.889741,27.920259
2025-12-05,28.550000,2025-08-14,2025-06-30,0.310000,-6.770000,-4.217134,-3.550657,0.675194,33.180074,28.609011,24.037949,19.466886,14.895823,,,,,,,,,,28.387500,28.253333,25.185000,24.799375,28.387500,29.331665,27.443335,28.859582,27.915418
2025-12-08,28.900000,2025-08-14,2025-06-30,0.310000,-6.770000,-4.268833,-3.563123,0.674523,33.255384,28.688864,24.122344,19.555824,14.989305,,,,,,,,,,28.390000,28.252500,25.241667,24.802083,28.390000,29.339571,27.440429,28.864785,27.915215
2025-12-09,28.600000,2025-08-14,2025-06-30,0.310000,-6.770000,-4.224520,-3.575638,0.672729,33.315818,28.761445,24.207071,19.652698,15.098325,,,,,,,,,,28.375000,28.260833,25.299167,24.804583,28.375000,29.299804,27.450196,28.837402,27.912598
2025-12-10,28.600000,2025-08-14,2025-06-30,0.310000,-6.770000,-4.224520,-3.587631,0.671349,33.378330,28.833294,24.288259,19.743224,15.198188,,,,,,,,,,28.375000,28.268333,25.352500,24.807083,28.375000,29.299804,27.450196,28.837402,27.912598
2025-12-11,28.800000,2025-08-14,2025-06-30,0.310000,-6.770000,-4.254062,-3.600287,0.669459,33.438419,28.906182,24.373945,19.841708,15.309471,,,,,,,,,,28.370000,28.281667,25.410833,24.811250,28.370000,29.283870,27.456130,28.826935,27.913065
2025-12-12,28.700000,2025-08-14,2025-06-30,0.310000,-6.770000,-4.239291,-3.612507,0.667610,33.496115,28.976395,24.456674,19.936953,15.417233,,,,,,,,,,28.365000,28.300833,25.465833,24.814375,28.365000,29.270015,27.459985,28.817508,27.912492
2025-12-15,28.900000,2025-08-14,2025-06-30,0.310000,-6.770000,-4.268833,-3.625496,0.665065,33.549582,29.047096,24.544609,20.042122,15.539636,,,,,,,,,,28.387500,28.301667,25.526667,24.814375,28.387500,29.323266,27.451734,28.855383,27.919617
2025-12-16,28.600000,2025-08-14,2025-06-30,0.310000,-6.770000,-4.224520,-3.637750,0.662415,33.596664,29.112115,24.627566,20.143018,15.658469,,,,,,,,,,28.417500,28.308333,25.582083,24.815000,28.417500,29.339326,27.495674,28.878413,27.956587
2025-12-17,28.600000,2025-08-14,2025-06-30,0.310000,-6.770000,-4.224520,-3.650160,0.659308,33.638615,29.175100,24.711586,20.248071,15.784556,,,,,,,,,,28.447500,28.310833,25.638750,24.816250,28.447500,29.350987,27.544013,28.899244,27.995756
2025-12-18,29.200000,2025-08-14,2025-06-30,0.310000,-6.770000,-4.313146,-3.662891,0.657217,33.696487,29.247130,24.797773,20.348416,15.899060,,,,,,,,,,28.512500,28.319167,25.697083,24.820625,28.512500,29.436949,27.588051,28.974724,28.050276
2025-12-19,28.700000,2025-08-14,2025-06-30,0.310000,-6.770000,-4.239291,-3.674954,0.654371,33.739623,29.309532,24.879441,20.449350,16.019259,,,,,,,,,,28.567500,28.321667,25.750833,24.823125,28.567500,29.388459,27.746541,28.977980,28.157020
2025-12-22,28.700000,2025-08-14,2025-06-30,0.310000,-6.770000,-4.239291,-3.686808,0.651573,33.781992,29.370842,24.959692,20.548542,16.137392,,,,,,,,,,28.580000,28.330833,25.802917,24.826042,28.580000,29.401039,27.758961,28.990520,28.169480
2025-12-23,28.900000,2025-08-14,2025-06-30,0.310000,-6.770000,-4.268833,-3.698804,0.648900,33.827004,29.433953,25.040902,20.647851,16.254800,,,,,,,,,,28.630000,28.342500,25.855833,24.829792,28.630000,29.396674,27.863326,29.013337,28.246663
2025-12-24,29.100000,2025-08-14,2025-06-30,0.310000,-6.770000,-4.298375,-3.711046,0.646211,33.873472,29.498625,25.123779,20.748933,16.374087,,,,,,,,,,28.705000,28.362500,25.910417,24.834583,28.705000,29.327305,28.082695,29.016152,28.393848
2025-12-26,29.550000,2025-08-14,2025-06-30,0.310000,-6.770000,-4.364845,-3.724416,0.642966,33.920055,29.567177,25.214299,20.861422,16.508544,,,,,,,,,,28.785000,28.386667,25.973333,24.841458,28.785000,29.410005,28.159995,29.097503,28.472497
2025-12-29,29.700000,2025-08-14,2025-06-30,0.310000,-6.770000,-4.387001,-3.738024,0.639527,33.965623,29.636023,25.306424,20.976824,16.647224,,,,,,,,,,28.870000,28.413333,26.037917,24.850625,28.870000,29.507759,28.232241,29.188880,28.551120
2025-12-30,32.000000,2025-08-14,2025-06-30,0.310000,-6.770000,-4.726736,-3.753470,0.640847,34.088062,29.749526,25.410990,21.072453,16.733917,,,,,,,,,,29.015000,28.480000,26.113750,24.868542,29.015000,30.554344,27.475656,29.784672,28.245328
2025-12-31,32.000000,2025-08-14,2025-06-30,0.310000,-6.770000,-4.726736,-3.769856,0.640380,34.192671,29.857299,25.521926,21.186554,16.851182,,,,,,,,,,29.182500,28.545833,26.197083,24.886875,29.182500,31.207157,27.157843,30.194829,28.170171
2026-01-02,32.150000,2025-08-14,2025-06-30,0.310000,-6.770000,-4.748892,-3.787421,0.638063,34.280212,29.960525,25.640838,21.321151,17.001464,,,,,,,,,,29.347500,28.616667,26.289583,24.907500,29.347500,31.758980,26.936020,30.553240,28.141760
2026-01-05,32.150000,2025-08-14,2025-06-30,0.310000,-6.770000,-4.748892,-3.804358,0.636368,34.371931,30.063717,25.755502,21.447288,17.139074,,,,,,,,,,29.520000,28.684167,26.377083,24.924792,29.520000,32.213540,26.826460,30.866770,28.173230
2026-01-06,32.150000,2025-08-14,2025-06-30,0.310000,-6.770000,-4.748892,-3.820720,0.635191,34.466760,30.166517,25.866274,21.566030,17.265787,,,,,,,,,,29.700000,28.743333,26.460000,24.937917,29.700000,32.594277,26.805723,31.147139,28.252861
2026-01-07,32.150000,2025-08-14,2025-06-30,0.310000,-6.770000,-4.748892,-3.836768,0.634101,34.560646,30.267783,25.974921,21.682059,17.389197,,,,,,,,,,29.862500,28.788333,26.540417,24.958958,29.862500,32.927562,26.797438,31.395031,28.329969
2026-01-08,31.400000,2025-08-14,2025-06-30,0.310000,-6.770000,-4.638109,-3.853357,0.628741,34.600386,30.343808,26.087229,21.830650,17.574071,,,,,,,,,,30.002500,28.836667,26.626250,24.975208,30.002500,33.080516,26.924484,31.541508,28.463492
2026-01-09,31.400000,2025-08-14,2025-06-30,0.310000,-6.770000,-4.638109,-3.869423,0.623898,34.643570,30.419784,26.195997,21.972210,17.748424,,,,,,,,,,30.142500,28.894167,26.707917,24.991667,30.142500,33.206600,27.078400,31.674550,28.610450
2026-01-12,31.200000,2025-08-14,2025-06-30,0.310000,-6.770000,-4.608567,-3.884512,0.619647,34.688169,30.493156,26.298144,22.103131,17.908118,,,,,,,,,,30.262500,28.943333,26.782083,25.007917,30.262500,33.293025,27.231975,31.777762,28.747238
2026-01-13,30.700000,2025-08-14,2025-06-30,0.310000,-6.770000,-4.534712,-3.899089,0.614126,34.712094,30.554463,26.396831,22.239200,18.081569,,,,,,,,,,30.362500,28.985833,26.852917,25.023333,30.362500,33.306696,27.418304,31.834598,28.890402
2026-01-14,30.800000,2025-08-14,2025-06-30,0.310000,-6.770000,-4.549483,-3.914416,0.607116,34.720949,30.610774,26.500600,22.390425,18.280251,,,,,,,,,,30.457500,29.030000,26.929583,25.039167,30.457500,33.324605,27.590395,31.891052,29.023948
2026-01-15,30.500000,2025-08-14,2025-06-30,0.310000,-6.770000,-4.505170,-3.929427,0.599150,34.714717,30.658469,26.602222,22.545974,18.489727,,,,,,,,,,30.552500,29.077500,27.004167,25.053542,30.552500,33.283121,27.821879,31.917810,29.187190
2026-01-16,30.600000,2025-08-14,2025-06-30,0.310000,-6.770000,-4.519941,-3.944613,0.590701,34.703126,30.704079,26.705031,22.705984,18.706937,,,,,,,,,,30.652500,29.127500,27.080000,25.070208,30.652500,33.223896,28.081104,31.938198,29.366802
2026-01-19,30.400000,2025-08-14,2025-06-30,0.310000,-6.770000,-4.490399,-3.959658,0.581267,34.677238,30.742060,26.806882,22.871704,18.936526,,,,,,,,,,30.712500,29.164167,27.155000,25.091250,30.712500,33.195680,28.229320,31.954090,29.470910
2026-01-20,31.100000,2025-08-14,2025-06-30,0.310000,-6.770000,-4.593796,-3.975616,0.572020,34.660075,30.787497,26.914920,23.042343,19.169765,,,,,,,,,,30.832500,29.222500,27.236250,25.113542,30.832500,33.131304,28.533696,31.981902,29.683098
2026-01-21,30.800000,2025-08-14,2025-06-30,0.310000,-6.770000,-4.549483,-3.991780,0.560388,34.612006,30.818178,27.024351,23.230524,19.436697,,,,,,,,,,30.937500,29.283333,27.319583,25.136458,30.937500,33.006539,28.868461,31.972019,29.902981
2026-01-22,31.000000,2025-08-14,2025-06-30,0.310000,-6.770000,-4.579025,-4.007929,0.548945,34.566392,30.850036,27.133679,23.417323,19.700966,,,,,,,,,,31.042500,29.345000,27.402500,25.159167,31.042500,32.875896,29.209104,31.959198,30.125802
2026-01-23,30.950000,2025-08-14,2025-06-30,0.310000,-6.770000,-4.571640,-4.024016,0.536704,34.509569,30.876080,27.242591,23.609102,19.975612,,,,,,,,,,31.135000,29.412500,27.485000,25.183958,31.135000,32.726457,29.543543,31.930729,30.339271
2026-01-26,30.900000,2025-08-14,2025-06-30,0.310000,-6.770000,-4.564254,-4.040095,0.523476,34.439312,30.895376,27.351440,23.807504,20.263568,,,,,,,,,,31.202500,29.479167,27.567500,25.206042,31.202500,32.615401,29.789599,31.908951,30.496049
2026-01-27,30.800000,2025-08-14,2025-06-30,0.310000,-6.770000,-4.549483,-4.056050,0.509272,34.354998,30.907226,27.459455,24.011684,20.563913,,,,,,,,,,31.257500,29.518333,27.649167,25.230208,31.257500,32.499432,30.015568,31.878466,30.636534
2026-01-28,30.900000,2025-08-14,2025-06-30,0.310000,-6.770000,-4.564254,-4.072337,0.493643,34.253649,30.911685,27.569720,24.227755,20.885790,,,,,,,,,,31.202500,29.545000,27.733333,25.253542,31.202500,32.402708,30.002292,31.802604,30.602396
2026-01-29,30.550000,2025-08-14,2025-06-30,0.310000,-6.770000,-4.512555,-4.087618,0.478286,34.149170,30.911172,27.673174,24.435177,21.197179,,,,,,,,,,31.130000,29.573333,27.810000,25.275833,31.130000,32.302222,29.957778,31.716111,30.543889
2026-01-30,30.950000,2025-08-14,2025-06-30,0.310000,-6.770000,-4.571640,-4.103653,0.461560,34.031250,30.906491,27.781732,24.656973,21.532214,,,,,,,,,,31.070000,29.607500,27.892083,25.301042,31.070000,32.140858,29.999142,31.605429,30.534571
2026-02-02,31.000000,2025-08-14,2025-06-30,0.310000,-6.770000,-4.579025,-4.118861,0.446540,33.930835,30.907762,27.884689,24.861617,21.838544,,,,,,,,,,31.012500,29.645833,27.967500,25.326042,31.012500,31.954991,30.070009,31.483746,30.541254
2026-02-03,30.850000,2025-08-14,2025-06-30,0.310000,-6.770000,-4.556869,-4.133937,0.430098,33.810273,30.898512,27.986751,25.074990,22.163229,,,,,,,,,,30.947500,29.678333,28.042083,25.348333,30.947500,31.724454,30.170546,31.335977,30.559023
2026-02-04,32.100000,2025-08-14,2025-06-30,0.310000,-6.770000,-4.741507,-4.150446,0.414676,33.713235,30.905878,28.098521,25.291164,22.483807,,,,,,,,,,30.945000,29.732500,28.126250,25.376875,30.945000,31.705817,30.184183,31.325408,30.564592
2026-02-05,31.500000,2025-08-14,2025-06-30,0.310000,-6.770000,-4.652880,-4.166113,0.397346,33.584643,30.894613,28.204583,25.514554,22.824524,,,,,,,,,,30.950000,29.775833,28.204583,25.402083,30.950000,31.724597,30.175403,31.337298,30.562702
2026-02-06,31.000000,2025-08-14,2025-06-30,0.310000,-6.770000,-4.579025,-4.177745,0.388665,33.545859,30.914596,28.283333,25.652071,23.020808,,,,,,,,,,30.930000,29.815833,28.283333,25.425208,30.930000,31.675795,30.184205,31.302898,30.557102
2026-02-09,30.600000,2025-08-14,2025-06-30,0.310000,-6.770000,-4.519941,-4.189069,0.378455,33.484281,30.922140,28.360000,25.797860,23.235719,,,,,,,,,,30.900000,29.844167,28.360000,25.447500,30.900000,31.648331,30.151669,31.274166,30.525834
2026-02-10,31.400000,2025-08-14,2025-06-30,0.310000,-6.770000,-4.638109,-4.200148,0.371868,33.470097,30.952548,28.435000,25.917452,23.399903,,,,,,,,,,30.935000,29.887500,28.435000,25.473333,30.935000,31.708985,30.161015,31.321992,30.548008
2026-02-11,31.400000,2025-08-14,2025-06-30,0.310000,-6.770000,-4.638109,-4.211595,0.363879,33.439415,30.975958,28.512500,26.049042,23.585585,,,,,,,,,,30.965000,29.936667,28.512500,25.499167,30.965000,31.763090,30.166910,31.364045,30.565955
2026-02-23,31.600000,2025-08-14,2025-06-30,0.310000,-6.770000,-4.667651,-4.223289,0.355638,33.407002,30.999334,28.591667,26.183999,23.776332,,,,,,,,,,31.020000,29.996667,28.591667,25.526458,31.020000,31.834604,30.205396,31.427302,30.612698
2026-02-24,31.250000,2025-08-14,2025-06-30,0.310000,-6.770000,-4.615953,-4.234675,0.345943,33.352820,31.010785,28.668750,26.326715,23.984680,,,,,,,,,,31.052500,30.050833,28.668750,25.546458,31.052500,31.848196,30.256804,31.450348,30.654652
2026-02-25,31.150000,2025-08-14,2025-06-30,0.310000,-6.770000,-4.601182,-4.246307,0.334313,33.274095,31.010797,28.747500,26.484203,24.220905,,,,,,,,,,31.090000,30.105000,28.747500,25.570000,31.090000,31.824560,30.355440,31.457280,30.722720
2026-02-26,31.150000,2025-08-14,2025-06-30,0.310000,-6.770000,-4.601182,-4.257447,0.323413,33.201933,31.012425,28.822917,26.633409,24.443901,,,,,,,,,,31.092500,30.164167,28.822917,25.589792,31.092500,31.827544,30.357456,31.460022,30.724978
2026-03-02,31.200000,2025-08-14,2025-06-30,0.310000,-6.770000,-4.608567,-4.268710,0.311599,33.118211,31.008689,28.899167,26.789645,24.680123,,,,,,,,,,31.112500,30.210000,28.899167,25.611458,31.112500,31.835706,30.389294,31.474103,30.750897
2026-03-03,30.150000,2025-08-14,2025-06-30,0.310000,-6.770000,-4.453471,-4.278927,0.296925,32.988700,30.978517,28.968333,26.958150,24.947966,,,,,,,,,,31.070000,30.247500,28.968333,25.628333,31.070000,31.911302,30.228698,31.490651,30.649349
2026-03-04,29.950000,2025-08-14,2025-06-30,0.310000,-6.770000,-4.423929,-4.288897,0.280982,32.840324,30.938079,29.035833,27.133588,25.231343,,,,,,,,,,31.020000,30.286667,29.035833,25.644375,31.020000,31.998936,30.041064,31.509468,30.530532
2026-03-05,29.650000,2025-08-14,2025-06-30,0.310000,-6.770000,-4.379616,-4.297698,0.266664,32.706045,30.900731,29.095417,27.290102,25.484788,,,,,,,,,,30.957500,30.315000,29.095417,25.661042,30.957500,32.112478,29.802522,31.534989,30.380011
2026-03-06,31.000000,2025-08-14,2025-06-30,0.310000,-6.770000,-4.579025,-4.308776,0.249841,32.553258,30.861837,29.170417,27.478996,25.787576,,,,,,,,,,30.967500,30.365000,29.170417,25.683958,30.967500,32.120197,29.814803,31.543849,30.391151
2026-03-09,30.800000,2025-08-14,2025-06-30,0.310000,-6.770000,-4.549483,-4.319301,0.232410,32.388503,30.815085,29.241667,27.668249,26.094831,,,,,,,,,,30.962500,30.393333,29.241667,25.706042,30.962500,32.117295,29.807705,31.539898,30.385102
2026-03-10,30.850000,2025-08-14,2025-06-30,0.310000,-6.770000,-4.556869,-4.328410,0.219670,32.277670,30.790502,29.303333,27.816165,26.328997,,,,,,,,,,30.977500,30.430000,29.303333,25.732292,30.977500,32.117433,29.837567,31.547467,30.407533
2026-03-11,31.200000,2025-08-14,2025-06-30,0.310000,-6.770000,-4.608567,-4.336657,0.211225,32.219148,30.789157,29.359167,27.929176,26.499185,,,,,,,,,,30.990000,30.469167,29.359167,25.762708,30.990000,32.134138,29.845862,31.562069,30.417931
2026-03-12,30.500000,2025-08-14,2025-06-30,0.310000,-6.770000,-4.505170,-4.339734,0.210965,32.236465,30.808233,29.380000,27.951767,26.523535,,,,,,,,,,30.965000,30.499167,29.380000,25.784583,30.965000,32.129881,29.800119,31.547440,30.382560
2026-03-13,30.500000,2025-08-14,2025-06-30,0.310000,-6.770000,-4.505170,-4.341581,0.211439,32.255379,30.823939,29.392500,27.961061,26.529621,,,,,,,,,,30.947500,30.531667,29.392500,25.807708,30.947500,32.130037,29.764963,31.538769,30.356231
2026-03-16,30.800000,2025-08-14,2025-06-30,0.310000,-6.770000,-4.549483,-4.343858,0.212199,32.281090,30.844503,29.407917,27.971330,26.534743,,,,,,,,,,30.882500,30.563333,29.407917,25.831875,30.882500,31.933953,29.831047,31.408226,30.356774
2026-03-17,30.950000,2025-08-14,2025-06-30,0.310000,-6.770000,-4.571640,-4.347366,0.212458,32.308346,30.870006,29.431667,27.993327,26.554988,,,,,,,,,,30.855000,30.602500,29.431667,25.857083,30.855000,31.866461,29.843539,31.360730,30.349270
2026-03-18,30.600000,2025-08-14,2025-06-30,0.310000,-6.770000,-4.519941,-4.350382,0.212316,32.326847,30.889465,29.452083,28.014701,26.577319,,,,,,,,,,30.835000,30.635833,29.452083,25.880625,30.835000,31.850200,29.819800,31.342600,30.327400
2026-03-19,30.800000,2025-08-14,2025-06-30,0.310000,-6.770000,-4.549483,-4.353828,0.212162,32.348093,30.911755,29.475417,28.039079,26.602741,,,,,,,,,,30.845000,30.669167,29.475417,25.904375,30.845000,31.854377,29.835623,31.349689,30.340311
2026-03-20,30.800000,2025-08-14,2025-06-30,0.310000,-6.770000,-4.549483,-4.357829,0.211279,32.363212,30.932856,29.502500,28.072144,26.641788,,,,,,,,,,30.815000,30.704167,29.502500,25.928125,30.815000,31.790003,29.839997,31.302502,30.327498
2026-03-23,31.000000,2025-08-14,2025-06-30,0.310000,-6.770000,-4.579025,-4.360475,0.212049,32.391557,30.955987,29.520417,28.084847,26.649277,,,,,,,,,,30.795000,30.739167,29.520417,25.952708,30.795000,31.735269,29.854731,31.265134,30.324866
2026-03-24,31.200000,2025-08-14,2025-06-30,0.310000,-6.770000,-4.608567,-4.364168,0.212482,32.422419,30.983918,29.545417,28.106916,26.668414,,,,,,,,,,30.775000,30.782500,29.545417,25.979792,30.775000,31.658474,29.891526,31.216737,30.333263
2026-03-25,31.350000,2025-08-14,2025-06-30,0.310000,-6.770000,-4.630724,-4.367738,0.213337,32.458167,31.013875,29.569583,28.125292,26.681000,,,,,,,,,,30.780000,30.828333,29.569583,26.007083,30.780000,31.675838,29.884162,31.227919,30.332081
2026-03-26,31.200000,2025-08-14,2025-06-30,0.310000,-6.770000,-4.608567,-4.370815,0.214131,32.489744,31.040080,29.590417,28.140753,26.691089,,,,,,,,,,30.782500,30.861667,29.590417,26.033333,30.782500,31.682953,29.882047,31.232727,30.332273
2026-03-27,31.000000,2025-08-14,2025-06-30,0.310000,-6.770000,-4.579025,-4.373831,0.214496,32.515110,31.062971,29.610833,28.158695,26.706557,,,,,,,,,,30.775000,30.900000,29.610833,26.058958,30.775000,31.665003,29.884997,31.220001,30.329999
2026-03-30,30.900000,2025-08-14,2025-06-30,0.310000,-6.770000,-4.564254,-4.377216,0.214267,32.534928,31.084339,29.633750,28.183161,26.732572,,,,,,,,,,30.760000,30.936667,29.633750,26.187708,30.760000,31.629725,29.890275,31.194862,30.325138
2026-03-31,29.800000,2026-03-31,2025-12-31,0.330000,-3.900000,-7.641026,-4.406179,0.366339,20.041540,18.612819,17.184098,15.755377,14.326656,,,,,,,,,,30.742500,30.951667,29.647083,26.224792,30.742500,31.675675,29.809325,31.209088,30.275912
2026-04-01,30.200000,2026-03-31,2025-12-31,0.330000,-3.900000,-7.743590,-4.436366,0.475607,21.011559,19.156693,17.301828,15.446963,13.592097,,,,,,,,,,30.755000,30.970000,29.666250,26.263333,30.755000,31.649368,29.860632,31.202184,30.307816
2026-04-02,29.850000,2026-03-31,2025-12-31,0.330000,-3.900000,-7.653846,-4.465559,0.558256,21.770075,19.592878,17.415681,15.238484,13.061288,,,,,,,,,,30.765000,30.975000,29.680833,26.302292,30.765000,31.610483,29.919517,31.187742,30.342258
2026-04-07,30.950000,2026-03-31,2025-12-31,0.330000,-3.900000,-7.935897,-4.497103,0.641106,22.539325,20.039013,17.538701,15.038389,12.538077,,,,,,,,,,30.762500,30.995833,29.704583,26.333333,30.762500,31.605349,29.919651,31.183925,30.341075
2026-04-08,30.500000,2026-03-31,2025-12-31,0.330000,-3.900000,-7.820513,-4.527808,0.708368,23.183720,20.421086,17.658452,14.895817,12.133183,,,,,,,,,,30.747500,30.970833,29.725417,26.361042,30.747500,31.598181,29.896819,31.172840,30.322160
2026-04-09,30.600000,2026-03-31,2025-12-31,0.330000,-3.900000,-7.846154,-4.558665,0.769490,23.780818,20.779807,17.778795,14.777783,11.776772,,,,,,,,,,30.735000,30.947500,29.746667,26.384167,30.735000,31.586686,29.883314,31.160843,30.309157
2026-04-10,30.800000,2026-03-31,2025-12-31,0.330000,-3.900000,-7.897436,-4.590135,0.826549,24.348607,21.125066,17.901525,14.677984,11.454443,,,,,,,,,,30.715000,30.925000,29.770833,26.408750,30.715000,31.539046,29.890954,31.127023,30.302977
2026-04-13,30.800000,2026-03-31,2025-12-31,0.330000,-3.900000,-7.897436,-4.621358,0.878917,24.878848,21.451072,18.023295,14.595519,11.167742,,,,,,,,,,30.730000,30.902500,29.793333,26.433333,30.730000,31.548471,29.911529,31.139235,30.320765
2026-04-14,31.100000,2026-03-31,2025-12-31,0.330000,-3.900000,-7.974359,-4.652606,0.929873,25.398171,21.771668,18.145165,14.518662,10.892159,,,,,,,,,,30.760000,30.885000,29.814167,26.460417,30.760000,31.586916,29.933084,31.173458,30.346542
2026-04-15,31.000000,2026-03-31,2025-12-31,0.330000,-3.900000,-7.948718,-4.682595,0.976875,25.881743,22.071932,18.262121,14.452310,10.642499,,,,,,,,,,30.770000,30.865833,29.827083,26.487500,30.770000,31.603761,29.936239,31.186881,30.353119
2026-04-16,31.100000,2026-03-31,2025-12-31,0.330000,-3.900000,-7.974359,-4.713967,1.021014,26.348378,22.366424,18.384471,14.402517,10.420564,,,,,,,,,,30.777500,30.860833,29.848750,26.516667,30.777500,31.620724,29.934276,31.199112,30.355888
2026-04-17,30.900000,2026-03-31,2025-12-31,0.330000,-3.900000,-7.923077,-4.745588,1.060717,26.781390,22.644592,18.507794,14.370996,10.234198,,,,,,,,,,30.792500,30.852500,29.873333,26.546250,30.792500,31.633098,29.951902,31.212799,30.372201
2026-04-20,30.550000,2026-03-31,2025-12-31,0.330000,-3.900000,-7.833333,-4.776093,1.096150,27.176733,22.901747,18.626761,14.351775,10.076789,,,,,,,,,,30.780000,30.841667,29.892500,26.569792,30.780000,31.627535,29.932465,31.203768,30.356232
2026-04-21,30.800000,2026-03-31,2025-12-31,0.330000,-3.900000,-7.897436,-4.807254,1.131030,27.570323,23.159307,18.748291,14.337275,9.926258,,,,,,,,,,30.780000,30.843333,29.914583,26.597500,30.780000,31.627535,29.932465,31.203768,30.356232
2026-04-22,32.000000,2026-03-31,2025-12-31,0.330000,-3.900000,-8.205128,-4.840980,1.171137,28.014687,23.447254,18.879821,14.312388,9.744955,,,,,,,,,,30.830000,30.863333,29.946667,26.630833,30.830000,31.835459,29.824541,31.332729,30.327271
2026-04-23,32.000000,2026-03-31,2025-12-31,0.330000,-3.900000,-8.205128,-4.875321,1.208579,28.440670,23.727211,19.013751,14.300292,9.586832,,,,,,,,,,30.870000,30.888333,29.982917,26.664167,30.870000,31.994090,29.745910,31.432045,30.307955
2026-04-24,32.500000,2026-03-31,2025-12-31,0.330000,-3.900000,-8.333333,-4.910792,1.246805,28.877169,24.014629,19.152088,14.289548,9.427007,,,,,,,,,,30.927500,30.920000,30.023750,26.698542,30.927500,32.254338,29.600662,31.590919,30.264081
2026-04-27,31.200000,2026-03-31,2025-12-31,0.330000,-3.900000,-8.000000,-4.942747,1.276331,29.232091,24.254401,19.276712,14.299022,9.321332,,,,,,,,,,30.927500,30.933333,30.048750,26.728542,30.927500,32.254338,29.600662,31.590919,30.264081
2026-04-28,35.150000,2026-03-31,2025-12-31,0.330000,-3.900000,-9.012821,-4.983880,1.326732,29.785644,24.611388,19.437132,14.262876,9.088620,,,,,,,,,,31.135000,31.000833,30.111667,26.776250,31.135000,33.444044,28.825956,32.289522,29.980478
2026-04-29,33.800000,2026-03-31,2025-12-31,0.330000,-3.900000,-8.666667,-5.022683,1.365544,30.239704,24.914083,19.588463,14.262842,8.937221,,,,,,,,,,31.280000,31.050833,30.167083,26.820417,31.280000,33.873595,28.686405,32.576798,29.983202
2026-04-30,33.150000,2026-03-31,2025-12-31,0.330000,-3.900000,-8.500000,-5.059912,1.398815,30.644416,25.189036,19.733656,14.278277,8.822897,,,,,,,,,,31.447500,31.086667,30.215833,26.861250,31.447500,34.071173,28.823827,32.759336,30.135664
2026-05-04,33.350000,2026-03-31,2025-12-31,0.330000,-3.900000,-8.551282,-5.098061,1.430989,31.044155,25.463296,19.882437,14.301578,8.720720,,,,,,,,,,31.605000,31.126667,30.269583,26.902708,31.605000,34.290811,28.919189,32.947905,30.262095
2026-05-05,33.900000,2026-03-31,2025-12-31,0.330000,-3.900000,-8.692308,-5.137385,1.464275,31.457149,25.746475,20.035801,14.325128,8.614454,,,,,,,,,,31.807500,31.176667,30.327917,27.043958,31.807500,34.546358,29.068642,33.176929,30.438071
2026-05-06,34.000000,2026-03-31,2025-12-31,0.330000,-3.900000,-8.717949,-5.175015,1.497686,31.864506,26.023532,20.182558,14.341584,8.500610,,,,,,,,,,31.960000,31.230000,30.374167,27.087292,31.960000,34.834131,29.085869,33.397066,30.522934
2026-05-07,36.800000,2026-03-31,2025-12-31,0.330000,-3.900000,-9.435897,-5.217581,1.545241,32.401446,26.375006,20.348567,14.322128,8.295689,,,,,,,,,,32.275000,31.328333,30.436667,27.142917,32.275000,35.785810,28.764190,34.030405,30.519595
2026-05-08,35.300000,2026-03-31,2025-12-31,0.330000,-3.900000,-9.051282,-5.257497,1.581767,32.842019,26.673128,20.504237,14.335346,8.166455,,,,,,,,,,32.510000,31.407500,30.490417,27.192917,32.510000,36.174567,28.845433,34.342284,30.677716
2026-05-11,35.750000,2026-03-31,2025-12-31,0.330000,-3.900000,-9.166667,-5.298312,1.618799,33.290048,26.976732,20.663416,14.350101,8.036785,,,,,,,,,,32.757500,31.487500,30.547500,27.244792,32.757500,36.600097,28.914903,34.678799,30.836201
2026-05-12,35.000000,2026-03-31,2025-12-31,0.330000,-3.900000,-8.974359,-5.337771,1.650173,33.688659,27.252983,20.817306,14.381630,7.945953,,,,,,,,,,32.967500,31.554167,30.600000,27.292500,32.967500,36.818716,29.116284,34.893108,31.041892
2026-05-13,35.500000,2026-03-31,2025-12-31,0.330000,-3.900000,-9.102564,-5.378052,1.682540,34.098214,27.536308,20.974402,14.412496,7.850590,,,,,,,,,,33.187500,31.631667,30.655000,27.343333,33.187500,37.091867,29.283133,35.139683,31.235317
2026-05-14,35.700000,2026-03-31,2025-12-31,0.330000,-3.900000,-9.153846,-5.418822,1.714232,34.504414,27.818910,21.133405,14.447901,7.762397,,,,,,,,,,33.422500,31.691667,30.712083,27.492083,33.422500,37.338254,29.506746,35.380377,31.464623
2026-05-15,34.900000,2026-05-15,2026-03-31,1.130000,-0.950000,-36.736842,-5.689389,3.331040,11.733895,8.569407,5.404919,2.240431,-0.924057,,,,,,,,,,33.612500,31.748333,30.762083,27.543333,33.612500,37.421060,29.803940,35.516780,31.708220
2026-05-18,35.400000,2026-05-15,2026-03-31,1.130000,-0.950000,-37.263158,-5.964711,4.402123,14.030510,9.848492,5.666475,1.484458,-2.697560,,,,,,,,,,33.837500,31.821667,30.818750,27.594167,33.837500,37.500239,30.174761,35.668870,32.006130
2026-05-19,36.600000,2026-05-15,2026-03-31,1.130000,-0.950000,-38.526316,-6.250190,5.308679,16.024170,10.980925,5.937680,0.894435,-4.148810,,,,,,,,,,34.140000,31.921667,30.882917,27.651042,34.140000,37.655919,30.624081,35.897959,32.382041
2026-05-20,37.000000,2026-05-15,2026-03-31,1.130000,-0.950000,-38.947368,-6.539301,6.086738,17.777138,11.994737,6.212335,0.429934,-5.352467,,,,,,,,,,34.450000,32.015000,30.951250,27.709375,34.450000,37.816085,31.083915,36.133042,32.766958
2026-05-21,37.450000,2026-05-15,2026-03-31,1.130000,-0.950000,-39.421053,-6.832790,6.782435,19.377776,12.934463,6.491150,0.047837,-6.395476,,,,,,,,,,34.722500,32.115833,31.026250,27.769167,34.722500,38.135552,31.309448,36.429026,33.015974
2026-05-22,37.500000,2026-05-15,2026-03-31,1.130000,-0.950000,-39.473684,-7.127271,7.403110,20.836816,13.803862,6.770908,-0.262047,-7.295001,,,,,,,,,,34.997500,32.214167,31.105417,27.829167,34.997500,38.373027,31.621973,36.685264,33.309736
2026-05-25,37.200000,2026-05-15,2026-03-31,1.130000,-0.950000,-39.157895,-7.419121,7.954022,22.160807,14.604486,7.048165,-0.508156,-8.064476,,,,,,,,,,35.232500,32.313333,31.182083,27.888333,35.232500,38.529432,31.935568,36.880966,33.584034
2026-05-26,38.050000,2026-05-15,2026-03-31,1.130000,-0.950000,-40.052632,-7.718550,8.487271,23.458439,15.395531,7.332623,-0.730285,-8.793193,,,,,,,,,,35.575000,32.428333,31.266667,27.953125,35.575000,38.511611,32.638389,37.043306,34.106694
2026-05-27,38.000000,2026-05-15,2026-03-31,1.130000,-0.950000,-40.000000,-8.017910,8.977140,24.673580,16.145297,7.617015,-0.911268,-9.439550,,,,,,,,,,35.717500,32.542500,31.353333,28.021250,35.717500,38.838106,32.596894,37.277803,34.157197
2026-05-28,37.900000,2026-05-15,2026-03-31,1.130000,-0.950000,-39.894737,-8.315347,9.429550,25.815724,16.857652,7.899579,-1.058493,-10.016565,,,,,,,,,,35.922500,32.654167,31.432083,28.091667,35.922500,39.051393,32.793607,37.486947,34.358053
2026-05-29,38.800000,2026-05-15,2026-03-31,1.130000,-0.950000,-40.842105,-8.621355,9.877491,26.957520,17.573904,8.190287,-1.193329,-10.576945,,,,,,,,,,36.205000,32.798333,31.522917,28.161667,36.205000,39.299970,33.110030,37.752485,34.657515
2026-06-01,38.200000,2026-05-15,2026-03-31,1.130000,-0.950000,-40.210526,-8.922469,10.280338,28.008988,18.242667,8.476346,-1.289975,-11.056296,,,,,,,,,,36.447500,32.935833,31.611250,28.227917,36.447500,39.354927,33.540073,37.901213,34.993787
2026-06-02,37.900000,2026-05-15,2026-03-31,1.130000,-0.950000,-39.894737,-9.220521,10.651940,28.998182,18.878838,8.759495,-1.359848,-11.479191,,,,,,,,,,36.647500,33.073333,31.694167,28.294583,36.647500,39.360912,33.934088,38.004206,35.290794
2026-06-03,38.400000,2026-05-15,2026-03-31,1.130000,-0.950000,-40.421053,-9.522898,11.015209,29.975649,19.511201,9.046753,-1.417696,-11.882144,,,,,,,,,,36.867500,33.196667,31.780833,28.362083,36.867500,39.383402,34.351598,38.125451,35.609549
2026-06-04,37.700000,2026-05-15,2026-03-31,1.130000,-0.950000,-39.684211,-9.817779,11.342942,30.878481,20.102686,9.326891,-1.448905,-12.224700,,,,,,,,,,36.912500,33.311667,31.852500,28.426667,36.912500,39.455369,34.369631,38.183935,35.641065
2026-06-05,38.650000,2026-05-15,2026-03-31,1.130000,-0.950000,-40.684211,-10.121549,11.675328,31.798594,20.707033,9.615471,-1.476090,-12.567651,,,,,,,,,,37.080000,33.441667,31.935833,28.493958,37.080000,39.616969,34.543031,38.348484,35.811516
2026-06-08,37.950000,2026-05-15,2026-03-31,1.130000,-0.950000,-39.947368,-10.418931,11.975432,32.651306,21.274645,9.897985,-1.478676,-12.855336,,,,,,,,,,37.190000,33.554167,32.011667,28.557292,37.190000,39.674393,34.705607,38.432197,35.947803
2026-06-09,38.350000,2026-05-15,2026-03-31,1.130000,-0.950000,-40.368421,-10.720007,12.269321,33.495717,21.839862,10.184007,-1.471848,-13.127703,,,,,,,,,,37.357500,33.685000,32.092083,28.617917,37.357500,39.665672,35.049328,38.511586,36.203414
2026-06-10,39.000000,2026-05-15,2026-03-31,1.130000,-0.950000,-41.052632,-11.026970,12.562545,34.344456,22.410039,10.475621,-1.458796,-13.393214,,,,,,,,,,37.532500,33.826667,32.179167,28.682083,37.532500,39.777559,35.287441,38.655029,36.409971
2026-06-11,39.500000,2026-05-15,2026-03-31,1.130000,-0.950000,-41.578947,-11.337888,12.852243,35.190254,22.980624,10.770993,-1.438637,-13.648268,,,,,,,,,,37.722500,33.971667,32.267500,28.754583,37.722500,39.957738,35.487262,38.840119,36.604881
2026-06-12,38.150000,2026-05-15,2026-03-31,1.130000,-0.950000,-40.157895,-11.637332,13.101308,35.947952,23.501709,11.055466,-1.390777,-13.837020,,,,,,,,,,37.885000,34.091667,32.347083,28.823125,37.885000,39.686783,36.083217,38.785891,36.984109
2026-06-15,38.750000,2026-05-15,2026-03-31,1.130000,-0.950000,-40.789474,-11.942040,13.350298,36.710505,24.027722,11.344938,-1.337845,-14.020629,,,,,,,,,,38.052500,34.227500,32.431667,28.892083,38.052500,39.461671,36.643329,38.757086,37.347914
2026-06-16,38.700000,2026-05-15,2026-03-31,1.130000,-0.950000,-40.736842,-12.246063,13.587058,37.449170,24.541465,11.633760,-1.273945,-14.181650,,,,,,,,,,38.157500,34.359167,32.514167,28.962500,38.157500,39.415851,36.899149,38.786676,37.528324
2026-06-17,39.000000,2026-05-15,2026-03-31,1.130000,-0.950000,-41.052632,-12.552841,13.818386,38.180132,25.052666,11.925199,-1.202267,-14.329733,,,,,,,,,,38.257500,34.495833,32.600000,29.032917,38.257500,39.444391,37.070609,38.850946,37.664054
2026-06-18,39.200000,2026-05-15,2026-03-31,1.130000,-0.950000,-41.263158,-12.861127,14.042863,38.899511,25.558791,12.218071,-1.122649,-14.463369,,,,,,,,,,38.345000,34.632500,32.685833,29.106250,38.345000,39.539241,37.150759,38.942120,37.747880
2026-06-22,40.450000,2026-05-15,2026-03-31,1.130000,-0.950000,-42.578947,-13.180748,14.279131,39.652060,26.086885,12.521710,-1.043465,-14.608639,,,,,,,,,,38.492500,34.786667,32.784583,29.183333,38.492500,39.947537,37.037463,39.220018,37.764982
2026-06-23,39.900000,2026-05-15,2026-03-31,1.130000,-0.950000,-42.000000,-13.495543,14.494792,40.360871,26.590819,12.820766,-0.949287,-14.719339,,,,,,,,,,38.627500,34.929167,32.878750,29.258750,38.627500,40.078625,37.176375,39.353062,37.901938
2026-06-24,40.000000,2026-05-15,2026-03-31,1.130000,-0.950000,-42.105263,-13.810478,14.702678,41.055041,27.087497,13.119954,-0.847590,-14.815134,,,,,,,,,,38.725000,35.075833,32.968750,29.332917,38.725000,40.271643,37.178357,39.498322,37.951678
2026-06-25,40.000000,2026-05-15,2026-03-31,1.130000,-0.950000,-42.105263,-14.126027,14.900544,41.730759,27.575242,13.419726,-0.735790,-14.891307,,,,,,,,,,38.825000,35.225833,33.062917,29.406875,38.825000,40.431729,37.218271,39.628365,38.021635
2026-06-26,39.700000,2026-05-15,2026-03-31,1.130000,-0.950000,-41.789474,-14.438945,15.084325,42.377215,28.047107,13.716998,-0.613110,-14.943219,,,,,,,,,,38.915000,35.372500,33.154583,29.478750,38.915000,40.505134,37.324866,39.710067,38.119933
2026-06-29,39.600000,2026-05-15,2026-03-31,1.130000,-0.950000,-41.684211,-14.750740,15.258031,43.003462,28.508333,14.013203,-0.481926,-14.977055,,,,,,,,,,38.955000,35.535833,33.243750,29.549792,38.955000,40.572958,37.337042,39.763979,38.146021
2026-06-30,40.100000,2026-05-15,2026-03-31,1.130000,-0.950000,-42.210526,-15.066675,15.431307,43.632825,28.973083,14.313341,-0.346401,-15.006142,,,,,,,,,,39.050000,35.700833,33.335417,29.622917,39.050000,40.704022,37.395978,39.877011,38.222989
2026-07-01,39.500000,2026-05-15,2026-03-31,1.130000,-0.950000,-41.578947,-15.376792,15.587577,44.224349,29.416151,14.607953,-0.200245,-15.008443,,,,,,,,,,39.130000,35.861667,33.418333,29.695833,39.130000,40.702594,37.557406,39.916297,38.343703
2026-07-02,39.800000,2026-05-15,2026-03-31,1.130000,-0.950000,-41.894737,-15.689357,15.740660,44.812143,29.858516,14.904889,-0.048738,-15.002365,,,,,,,,,,39.200000,36.009167,33.502500,29.770208,39.200000,40.760364,37.639636,39.980182,38.419818
2026-07-03,40.150000,2026-05-15,2026-03-31,1.130000,-0.950000,-42.263158,-16.002160,15.893205,45.399142,30.300597,15.202052,0.103507,-14.995038,,,,,,,,,,39.322500,36.170000,33.570417,29.842083,39.322500,40.767446,37.877554,40.044973,38.600027
2026-07-06,40.250000,2026-05-15,2026-03-31,1.130000,-0.950000,-42.368421,-16.315841,16.039583,45.975257,30.737653,15.500049,0.262445,-14.975159,,,,,,,,,,39.402500,36.330833,33.639167,29.918125,39.402500,40.867702,37.937298,40.135101,38.669899
2026-07-07,39.950000,2026-05-15,2026-03-31,1.130000,-0.950000,-42.052632,-16.626706,16.174446,46.526818,31.161094,15.795370,0.429647,-14.936077,,,,,,,,,,39.502500,36.483333,33.704167,29.996875,39.502500,40.815382,38.189618,40.158941,38.846059
2026-07-08,40.250000,2026-05-15,2026-03-31,1.130000,-0.950000,-42.368421,-16.940202,16.306330,47.075219,31.584205,16.093192,0.602178,-14.888835,,,,,,,,,,39.597500,36.640833,33.771667,30.074375,39.597500,40.831865,38.363135,40.214683,38.980317
2026-07-09,41.900000,2026-05-15,2026-03-31,1.130000,-0.950000,-44.105263,-17.268171,16.454183,47.667710,32.036237,16.404763,0.773289,-14.858185,,,,,,,,,,39.742500,36.820833,33.852917,30.156458,39.742500,41.316056,38.168944,40.529278,38.955722
2026-07-13,42.000000,2026-05-15,2026-03-31,1.130000,-0.950000,-44.210526,-17.597018,16.595600,48.248807,32.482987,16.717167,0.951348,-14.814472,,,,,,,,,,39.867500,37.004167,33.935000,30.237708,39.867500,41.730513,38.004487,40.799006,38.935994
2026-07-14,41.300000,2026-05-15,2026-03-31,1.130000,-0.950000,-43.473684,-17.920648,16.718972,48.790662,32.907639,17.024616,1.141593,-14.741430,,,,,,,,,,40.025000,37.174167,34.017500,30.321875,40.025000,41.807517,38.242483,40.916259,39.133741
2026-07-15,41.000000,2026-05-15,2026-03-31,1.130000,-0.950000,-43.157895,-18.241646,16.831215,49.308872,33.319218,17.329564,1.339910,-14.649744,,,,,,,,,,40.137500,37.342500,34.097500,30.402708,40.137500,41.864339,38.410661,41.000920,39.274080
2026-07-16,41.150000,2026-05-15,2026-03-31,1.130000,-0.950000,-43.315789,-18.564207,16.938309,49.818784,33.727390,17.635996,1.544602,-14.546791,,,,,,,,,,40.260000,37.519167,34.180417,30.481250,40.260000,41.903040,38.616960,41.081520,39.438480
2026-07-17,39.800000,2026-05-15,2026-03-31,1.130000,-0.950000,-41.894737,-18.875540,17.021417,50.272455,34.102109,17.931763,1.761417,-14.408929,,,,,,,,,,40.300000,37.669167,34.256250,30.554583,40.300000,41.850212,38.749788,41.075106,39.524894
2026-07-20,39.850000,2026-05-15,2026-03-31,1.130000,-0.950000,-41.947368,-19.187189,17.099100,50.716119,34.471974,18.227830,1.983685,-14.260460,,,,,,,,,,40.332500,37.800000,34.331667,30.630625,40.332500,41.811217,38.853783,41.071859,39.593141
2026-07-21,39.900000,2026-05-15,2026-03-31,1.130000,-0.950000,-42.000000,-19.499646,17.170982,51.149530,34.837097,18.524664,2.212231,-14.100202,,,,,,,,,,40.305000,37.931667,34.410000,30.707083,40.305000,41.794931,38.815069,41.049966,39.560034
2026-07-22,38.300000,2026-05-15,2026-03-31,1.130000,-0.950000,-40.315789,-19.797945,17.219423,51.524952,35.166500,18.808048,2.449596,-13.908856,,,,,,,,,,40.225000,38.028333,34.474167,30.777083,40.225000,41.958418,38.491582,41.091709,39.358291
2026-07-23,36.000000,2026-05-15,2026-03-31,1.130000,-0.950000,-37.894737,-20.076314,17.239877,51.828265,35.450382,19.072499,2.694615,-13.683268,,,,,,,,,,40.025000,38.108333,34.520833,30.837917,40.025000,42.590869,37.459131,41.307935,38.742065
2026-07-24,35.450000,2026-05-15,2026-03-31,1.130000,-0.950000,-37.315789,-20.348998,17.251710,52.109797,35.720672,19.331548,2.942423,-13.446701,,,,,,,,,,39.797500,38.113333,34.557083,30.896667,39.797500,43.079585,36.515415,41.438542,38.156458
2026-07-27,35.950000,2026-05-15,2026-03-31,1.130000,-0.950000,-37.842105,-20.626436,17.263189,52.395173,35.995144,19.595114,3.195085,-13.204945,,,,,,,,,,39.610000,38.149167,34.600000,30.959792,39.610000,43.316552,35.903448,41.463276,37.756724
2026-07-28,35.100000,2026-05-15,2026-03-31,1.130000,-0.950000,-36.947368,-20.896172,17.263219,52.651479,36.251422,19.851364,3.451306,-12.948752,,,,,,,,,,39.385000,38.181667,34.634167,31.018333,39.385000,43.604890,35.165110,41.494945,37.275055
2026-07-29,35.500000,2026-05-15,2026-03-31,1.130000,-0.950000,-37.368421,-21.169479,17.262216,52.909216,36.510110,20.111005,3.711899,-12.687206,,,,,,,,,,39.155000,38.217500,34.672083,31.078542,39.155000,43.699737,34.610263,41.427368,36.882632
2026-07-30,33.000000,2026-05-15,2026-03-31,1.130000,-0.950000,-34.736842,-21.420917,17.238042,53.102152,36.726011,20.349871,3.973731,-12.402409,,,,,,,,,,38.830000,38.202500,34.689583,31.128542,38.830000,44.136639,33.523361,41.483320,36.176680
2026-07-31,33.450000,2026-05-15,2026-03-31,1.130000,-0.950000,-35.210526,-21.676426,17.213083,53.297462,36.945033,20.592604,4.240176,-12.112253,,,,,,,,,,38.512500,38.193333,34.711667,31.180417,38.512500,44.311763,32.713237,41.412131,35.612869
2026-08-03,31.600000,2026-05-15,2026-03-31,1.130000,-0.950000,-33.263158,-21.915583,17.172652,53.447844,37.133824,20.819804,4.505784,-11.808235,,,,,,,,,,38.085000,38.106667,34.717500,31.225417,38.085000,44.593222,31.576778,41.339111,34.830889
2026-08-04,31.900000,2026-05-15,2026-03-31,1.130000,-0.950000,-33.578947,-22.157803,17.130058,53.597023,37.323468,21.049913,4.776358,-11.497197,,,,,,,,,,37.667500,38.050000,34.728750,31.269375,37.667500,44.645305,30.689695,41.156403,34.178597
2026-08-05,32.300000,2026-05-15,2026-03-31,1.130000,-0.950000,-34.000000,-22.403040,17.086772,53.747754,37.515321,21.282888,5.050454,-11.181979,,,,,,,,,,37.285000,37.992500,34.740000,31.316042,37.285000,44.568008,30.001992,40.926504,33.643496
2026-08-06,31.350000,2026-05-15,2026-03-31,1.130000,-0.950000,-33.000000,-22.639881,17.034528,53.873491,37.690689,21.507887,5.325085,-10.857717,,,,,,,,,,36.840000,37.931667,34.742917,31.355208,36.840000,44.440873,29.239127,40.640436,33.039564
2026-08-07,31.150000,2026-05-15,2026-03-31,1.130000,-0.950000,-32.789474,-22.875153,16.977548,53.988737,37.860066,21.731395,5.602724,-10.525946,,,,,,,,,,36.302500,37.859167,34.745417,31.393750,36.302500,43.917131,28.687869,40.109815,32.495185
2026-08-10,27.000000,2026-05-15,2026-03-31,1.130000,-0.950000,-28.421053,-23.072482,16.902457,54.033527,37.976193,21.918858,5.861524,-10.195811,,,,,,,,,,35.552500,37.714167,34.702917,31.414583,35.552500,43.737755,27.367245,39.645127,31.459873
2026-08-11,27.050000,2026-05-15,2026-03-31,1.130000,-0.950000,-28.473684,-23.270989,16.824012,54.073062,38.090251,22.107440,6.124628,-9.858183,,,,,,,,,,34.840000,37.583333,34.665833,31.435208,34.840000,43.391368,26.288632,39.115684,30.564316
2026-08-12,27.450000,2026-05-15,2026-03-31,1.130000,-0.950000,-28.894737,-23.473620,16.743228,54.112073,38.206006,22.299939,6.393872,-9.512195,,,,,,,,,,34.162500,37.450833,34.636250,31.459792,34.162500,42.805530,25.519470,38.484015,29.840985
2026-08-13,27.350000,2026-05-15,2026-03-31,1.130000,-0.950000,-28.789474,-23.675866,16.658724,54.143647,38.317860,22.492073,6.666285,-9.159502,,,,,,,,,,33.472500,37.296667,34.609167,31.484583,33.472500,41.968906,24.976094,37.720703,29.224297
2026-08-14,27.100000,2026-08-14,2026-06-30,0.950000,2.720000,9.963235,-23.554188,16.851161,-155.737705,-109.902548,-64.067392,-18.232235,27.602922,,,,,,,,,,32.837500,37.131667,34.573333,31.504167,32.837500,41.240562,24.434438,37.039031,28.635969
2026-08-17,27.100000,2026-08-14,2026-06-30,0.950000,2.720000,9.963235,-23.432510,17.040548,-156.437012,-110.086720,-63.736428,-17.386136,28.964156,,,,,,,,,,32.200000,36.959167,34.537500,31.525000,32.200000,40.291841,24.108159,36.245921,28.154079
2026-08-18,27.150000,2026-08-14,2026-06-30,0.950000,2.720000,9.981618,-23.310433,17.227555,-157.122278,-110.263328,-63.404378,-16.545428,30.313523,,,,,,,,,,31.562500,36.786667,34.500417,31.546042,31.562500,39.089355,24.035645,35.325928,27.799072
2026-08-19,26.900000,2026-08-14,2026-06-30,0.950000,2.720000,9.889706,-23.189553,17.409758,-157.784668,-110.430126,-63.075583,-15.721040,31.633503,,,,,,,,,,30.992500,36.615000,34.464167,31.566458,30.992500,38.085141,23.899859,34.538820,27.446180
2026-08-20,27.000000,2026-08-14,2026-06-30,0.950000,2.720000,9.926471,-23.068489,17.589686,-158.434179,-110.590234,-62.746289,-14.902345,32.941600,,,,,,,,,,30.542500,36.430833,34.429583,31.588542,30.542500,37.436683,23.648317,33.989592,27.095408
2026-08-21,27.450000,2026-08-14,2026-06-30,0.950000,2.720000,10.091912,-22.946046,17.769537,-159.079530,-110.746388,-62.413246,-14.080104,34.253038,,,,,,,,,,30.142500,36.255000,34.398750,31.610833,30.142500,36.760599,23.524401,33.451550,26.833450
2026-08-24,28.100000,2026-08-14,2026-06-30,0.950000,2.720000,10.330882,-22.821551,17.950504,-159.725359,-110.899989,-62.074618,-13.249248,35.576122,,,,,,,,,,29.750000,36.091667,34.372917,31.636042,29.750000,35.826876,23.673124,32.788438,26.711562
2026-08-25,27.800000,2026-08-14,2026-06-30,0.950000,2.720000,10.220588,-22.699267,18.125810,-160.346411,-111.044209,-61.742006,-12.439804,36.862398,,,,,,,,,,29.385000,35.908333,34.353333,31.660833,29.385000,34.965521,23.804479,32.175260,26.594740
2026-08-26,27.750000,2026-08-14,2026-06-30,0.950000,2.720000,10.202206,-22.577383,18.298089,-160.952086,-111.181283,-61.410481,-11.639678,38.131125,,,,,,,,,,28.997500,35.734167,34.335000,31.685417,28.997500,33.814190,24.180810,31.405845,26.589155
2026-08-27,27.900000,2026-08-14,2026-06-30,0.950000,2.720000,10.257353,-22.455408,18.468407,-161.546843,-111.312776,-61.078709,-10.844643,39.389424,,,,,,,,,,28.742500,35.567500,34.320417,31.707917,28.742500,33.193080,24.291920,30.967790,26.517210
2026-08-28,28.000000,2026-08-14,2026-06-30,0.950000,2.720000,10.294118,-22.331465,18.638509,-162.135073,-111.438329,-60.741585,-10.044841,40.651903,,,,,,,,,,28.470000,35.394167,34.295417,31.732917,28.470000,32.335965,24.604035,30.402982,26.537018
2026-08-31,27.900000,2026-08-14,2026-06-30,0.950000,2.720000,10.257353,-22.208075,18.805482,-162.707785,-111.556874,-60.405963,-9.255052,41.895859,,,,,,,,,,28.285000,35.230833,34.271250,31.756458,28.285000,31.863753,24.706247,30.074377,26.495623
2026-09-01,27.950000,2026-08-14,2026-06-30,0.950000,2.720000,10.275735,-22.084470,18.970497,-163.269262,-111.669510,-60.069758,-8.470005,43.129747,,,,,,,,,,28.087500,35.052500,34.247083,31.775208,28.087500,31.236414,24.938586,29.661957,26.513043
2026-09-02,27.800000,2026-08-14,2026-06-30,0.950000,2.720000,10.220588,-21.960893,19.132898,-163.816598,-111.775114,-59.733630,-7.692146,44.349338,,,,,,,,,,27.862500,34.883333,34.218750,31.788958,27.862500,30.308738,25.416262,29.085619,26.639381
2026-09-03,27.700000,2026-08-14,2026-06-30,0.950000,2.720000,10.183824,-21.838485,19.291843,-164.348307,-111.874493,-59.400679,-6.926865,45.546949,,,,,,,,,,27.680000,34.705833,34.195417,31.787708,27.680000,29.493517,25.866483,28.586758,26.773242
2026-09-04,27.700000,2026-08-14,2026-06-30,0.950000,2.720000,10.183824,-21.716077,19.448712,-164.868725,-111.968227,-59.067729,-6.167231,46.733267,,,,,,,,,,27.507500,34.517500,34.172083,31.782292,27.507500,28.300413,26.714587,27.903956,27.111044
2026-09-07,27.850000,2026-08-14,2026-06-30,0.950000,2.720000,10.238971,-21.592840,19.604632,-165.381720,-112.057122,-58.732524,-5.407926,47.916672,,,,,,,,,,27.550000,34.323333,34.147500,31.777708,27.550000,28.319142,26.780858,27.934571,27.165429
2026-09-08,27.750000,2026-08-14,2026-06-30,0.950000,2.720000,10.202206,-21.469724,19.758209,-165.882308,-112.139979,-58.397650,-4.655321,49.087008,,,,,,,,,,27.585000,34.150000,34.120833,31.776250,27.585000,28.321349,26.848651,27.953175,27.216825
2026-09-09,28.000000,2026-08-14,2026-06-30,0.950000,2.720000,10.294118,-21.346274,19.910694,-166.376038,-112.218952,-58.061865,-3.904778,50.252308,,,,,,,,,,27.612500,33.970833,34.099167,31.775625,27.612500,28.368441,26.856559,27.990471,27.234529
2026-09-10,27.650000,2026-08-14,2026-06-30,0.950000,2.720000,10.165441,-21.223649,20.059764,-166.853444,-112.290885,-57.728327,-3.165768,51.396790,,,,,,,,,,27.627500,33.786667,34.072917,31.774167,27.627500,28.373348,26.881652,28.000424,27.254576
2026-09-11,27.200000,2026-08-14,2026-06-30,0.950000,2.720000,10.000000,-21.102404,20.204839,-167.312862,-112.355700,-57.398538,-2.441376,52.515786,,,,,,,,,,27.632500,33.590000,34.042917,31.772708,27.632500,28.364674,26.900326,27.998587,27.266413
2026-09-14,26.800000,2026-08-14,2026-06-30,0.950000,2.720000,9.852941,-20.982137,20.346474,-167.756233,-112.413824,-57.071414,-1.729004,53.613406,,,,,,,,,,27.617500,33.383333,34.007917,31.764167,27.617500,28.405753,26.829247,28.011626,27.223374
2026-09-15,26.800000,2026-08-14,2026-06-30,0.950000,2.720000,9.852941,-20.861625,20.486615,-168.190807,-112.467213,-56.743620,-1.020026,54.703568,,,,,,,,,,27.600000,33.155833,33.971250,31.758333,27.600000,28.445421,26.754579,28.022711,27.177289
2026-09-16,27.150000,2026-08-14,2026-06-30,0.950000,2.720000,9.981618,-20.739855,20.626847,-168.622455,-112.517431,-56.412406,-0.307382,55.797642,,,,,,,,,,27.612500,32.943333,33.936250,31.752917,27.612500,28.420926,26.804074,28.016713,27.208287
2026-09-17,27.250000,2026-08-14,2026-06-30,0.950000,2.720000,10.018382,-20.617964,20.765724,-169.046401,-112.563632,-56.080862,0.401907,56.884676,,,,,,,,,,27.625000,32.730833,33.903333,31.746875,27.625000,28.400615,26.849385,28.012808,27.237192
2026-09-18,27.150000,2026-08-14,2026-06-30,0.950000,2.720000,9.981618,-20.496625,20.902322,-169.459452,-112.605136,-55.750821,1.103494,57.957810,,,,,,,,,,27.610000,32.516667,33.871250,31.741042,27.610000,28.411052,26.808948,28.010526,27.209474
2026-09-21,27.100000,2026-08-14,2026-06-30,0.950000,2.720000,9.963235,-20.375563,21.037011,-169.862871,-112.642201,-55.421531,1.799139,59.019808,,,,,,,,,,27.560000,32.306667,33.839583,31.736667,27.560000,28.357100,26.762900,27.958550,27.161450
2026-09-22,27.000000,2026-08-14,2026-06-30,0.950000,2.720000,9.926471,-20.229167,21.186966,-170.280431,-112.651883,-55.023335,2.605213,60.233761,,,,,,,,,,27.520000,32.096667,33.816250,31.731667,27.520000,28.346152,26.693848,27.933076,27.106924
2026-09-23,27.000000,2026-08-14,2026-06-30,0.950000,2.720000,9.926471,-20.081917,21.335355,-170.687145,-112.654979,-54.622813,3.409352,61.441518,,,,,,,,,,27.482500,31.878333,33.789583,31.727917,27.482500,28.332438,26.632562,27.907469,27.057531
2026-09-24,26.900000,2026-08-14,2026-06-30,0.950000,2.720000,9.889706,-19.935720,21.480842,-171.080942,-112.653051,-54.225159,4.202732,62.630623,,,,,,,,,,27.432500,31.668333,33.765000,31.722917,27.432500,28.296563,26.568437,27.864532,27.000468
2026-09-29,26.900000,2026-08-14,2026-06-30,0.950000,2.720000,9.889706,-19.787174,21.625669,-171.464751,-112.642932,-53.821112,5.000707,63.822526,,,,,,,,,,27.377500,31.453333,33.731250,31.717917,27.377500,28.229417,26.525583,27.803459,26.951541
2026-09-30,26.750000,2026-08-14,2026-06-30,0.950000,2.720000,9.834559,-19.640048,21.767358,-171.835356,-112.628144,-53.420931,5.786282,64.993495,,,,,,,,,,27.320000,31.230000,33.700000,31.712708,27.320000,28.178640,26.461360,27.749320,26.890680
2026-10-01,26.750000,2026-08-14,2026-06-30,0.950000,2.720000,9.834559,-19.492709,21.907248,-172.195599,-112.607884,-53.020168,6.567548,66.155263,,,,,,,,,,27.260000,31.005000,33.667917,31.707292,27.260000,28.100802,26.419198,27.680401,26.839599
2026-10-02,26.800000,2026-08-14,2026-06-30,0.950000,2.720000,9.852941,-19.344789,22.045687,-172.546366,-112.582096,-52.617826,7.346444,67.310713,,,,,,,,,,27.210000,30.785833,33.634583,31.702708,27.210000,28.034366,26.385634,27.622183,26.797817
