# chart-version: skill-stock-dynamic-valuation-box@1.9.0; font: noto-sans-cjk-tc-v1
date,close,available_date,period_end,eps,ttm_eps,pe,pe_mean,pe_std,price_m2,price_m1,price_mean,price_p1,price_p2,forward_eps,forward_pe,forward_pe_mean,forward_pe_std,forward_price_m2,forward_price_m1,forward_price_mean,forward_price_p1,forward_price_p2,sma20,sma60,sma120,sma240,bband_mid,bband_upper2,bband_lower2,bband_upper1,bband_lower1
2023-10-02,51.210328,2023-08-14,2023-06-30,1.780000,1.876278,27.293578,27.212491,4.278350,35.003444,43.030815,51.058187,59.085558,67.112929,,,,,,,,,,47.864443,41.032096,42.885064,44.156177,47.864443,52.127954,43.600932,49.996199,45.732688
2023-10-03,50.349650,2023-08-14,2023-06-30,1.780000,1.876278,26.834862,27.153563,4.233845,35.059882,43.003752,50.947621,58.891490,66.835359,,,,,,,,,,48.197956,41.181997,42.915546,44.160660,48.197956,52.112310,44.283602,50.155133,46.240779
2023-10-04,51.425498,2023-08-14,2023-06-30,1.780000,1.876278,27.408257,27.091600,4.174345,35.166903,42.999133,50.831362,58.663592,66.495821,,,,,,,,,,48.617536,41.360588,42.944235,44.168729,48.617536,51.958156,45.276916,50.287846,46.947226
2023-10-05,52.501345,2023-08-14,2023-06-30,1.780000,1.876278,27.981651,27.035718,4.116286,35.279923,43.003217,50.726512,58.449806,66.173101,,,,,,,,,,48.929532,41.572171,42.983683,44.201901,48.929532,52.501195,45.357869,50.715363,47.143701
2023-10-06,53.792361,2023-08-14,2023-06-30,1.780000,1.876278,28.669725,26.985570,4.058533,35.402549,43.017485,50.632420,58.247355,65.862291,,,,,,,,,,49.295320,41.813878,43.033889,44.244935,49.295320,53.283431,45.307209,51.289376,47.301264
2023-10-11,55.513717,2023-08-14,2023-06-30,1.780000,1.876278,29.587156,26.936557,3.990164,35.567149,43.053803,50.540457,58.027112,65.513766,,,,,,,,,,49.671867,42.092164,43.089475,44.313251,49.671867,54.476664,44.867069,52.074265,47.269468
2023-10-12,60.892953,2023-08-14,2023-06-30,1.780000,1.876278,32.454128,26.920550,3.963838,35.635902,43.073163,50.510423,57.947684,65.384945,,,,,,,,,,50.360409,42.442890,43.202439,44.420118,50.360409,57.159613,43.561205,53.760011,46.960807
2023-10-13,66.917698,2023-08-14,2023-06-30,1.780000,1.876278,35.665138,26.937811,3.997510,35.541935,43.042373,50.542811,58.043249,65.543687,,,,,,,,,,51.403981,42.875381,43.374574,44.566075,51.403981,61.173317,41.634644,56.288649,46.519312
2023-10-16,73.426573,2023-08-14,2023-06-30,1.780000,1.876278,39.134174,26.995700,4.122515,35.181464,42.916445,50.651427,58.386408,66.121390,,,,,,,,,,52.740721,43.432132,43.617088,44.752421,52.740721,66.354892,39.126550,59.547806,45.933635
2023-10-17,80.688542,2023-08-14,2023-06-30,1.780000,1.876278,43.004587,27.092353,4.356132,34.486148,42.659461,50.832774,59.006087,67.179400,,,,,,,,,,54.429801,44.124260,43.929084,44.957190,54.429801,72.612382,36.247220,63.521092,45.338510
2023-10-18,77.192039,2023-08-14,2023-06-30,1.780000,1.876278,41.141055,27.168268,4.519251,34.016472,42.495842,50.975212,59.454582,67.933952,,,,,,,,,,55.922539,44.755245,44.204770,45.140757,55.922539,76.409403,35.435675,66.165971,45.679107
2023-10-19,72.888650,2023-08-14,2023-06-30,1.780000,1.876278,38.847477,27.227674,4.625183,33.730420,42.408547,51.086674,59.764801,68.442928,,,,,,,,,,57.146315,45.298727,44.448180,45.315178,57.146315,78.643610,35.649020,67.894963,46.397668
2023-10-20,79.343733,2023-08-14,2023-06-30,1.780000,1.876278,42.287844,27.314448,4.807202,33.210196,42.229841,51.249486,60.269130,69.288775,,,,,,,,,,58.682087,45.946925,44.743590,45.503586,58.682087,81.934169,35.430005,70.308128,47.056046
2023-10-23,74.771382,2023-08-14,2023-06-30,1.780000,1.876278,39.850917,27.380914,4.924495,32.894755,42.134475,51.374194,60.613914,69.853634,,,,,,,,,,59.946208,46.522503,45.000897,45.667205,59.946208,83.834209,36.058206,71.890208,48.002207
2023-10-24,77.461001,2023-08-14,2023-06-30,1.780000,1.876278,41.284404,27.455419,5.065818,32.504226,42.009107,51.513987,61.018868,70.523748,,,,,,,,,,61.334051,47.146495,45.275238,45.848306,61.334051,85.931311,36.736790,73.632681,49.035420
2023-10-25,76.385153,2023-08-14,2023-06-30,1.780000,1.876278,40.711009,27.521240,5.185898,32.177117,41.907301,51.637485,61.367670,71.097854,,,,,,,,,,62.689618,47.766900,45.535234,46.010758,62.689618,87.475882,37.903354,75.082750,50.296486
2023-10-26,75.040344,2023-08-14,2023-06-30,1.780000,1.876278,39.994266,27.583692,5.290432,31.902026,41.828345,51.754663,61.680982,71.607300,,,,,,,,,,63.945670,48.372064,45.787610,46.152188,63.945670,88.552520,39.338820,76.249095,51.642245
2023-10-27,74.233459,2023-08-14,2023-06-30,1.780000,1.876278,39.564220,27.645165,5.386363,31.657378,41.763691,51.870003,61.976315,72.082628,,,,,,,,,,65.182894,48.978124,46.036848,46.273220,65.182894,89.210681,41.155107,77.196787,53.169001
2023-10-30,77.461001,2023-08-14,2023-06-30,1.780000,1.876278,41.284404,27.718368,5.511144,31.326481,41.666917,52.007353,62.347789,72.688225,,,,,,,,,,66.570737,49.651605,46.309396,46.422405,66.570737,90.033931,43.107543,78.302334,54.839140
2023-10-31,74.502421,2023-08-14,2023-06-30,1.780000,1.876278,39.707569,27.777129,5.601093,31.099196,41.608400,52.117605,62.626809,73.136013,,,,,,,,,,67.799892,50.295141,46.555496,46.542765,67.799892,90.138918,45.460867,78.969405,56.630380
2023-11-01,75.847230,2023-08-14,2023-06-30,1.780000,1.876278,40.424312,27.848374,5.707025,30.835353,41.543316,52.251279,62.959242,73.667205,,,,,,,,,,69.031737,50.948897,46.821768,46.664246,69.031737,90.205701,47.857774,79.618719,58.444756
2023-11-02,69.123185,2023-08-14,2023-06-30,1.780000,1.876278,36.840596,27.880639,5.747022,30.745802,41.528810,52.311818,63.094826,73.877834,,,,,,,,,,69.970414,51.481980,47.019455,46.760400,69.970414,89.235682,50.705146,79.603048,60.337780
2023-11-03,65.357719,2023-08-14,2023-06-30,1.780000,1.876278,34.833716,27.905295,5.770601,30.703581,41.530830,52.358079,63.185328,74.012577,,,,,,,,,,70.667025,51.978124,47.198315,46.842657,70.667025,88.021671,53.312379,79.344348,61.989702
2023-11-06,64.550834,2023-08-14,2023-06-30,1.780000,1.876278,34.403670,27.925065,5.788890,30.672044,41.533608,52.395173,63.256738,74.118303,,,,,,,,,,71.269500,52.466559,47.368657,46.915277,71.269500,86.698653,55.840347,78.984076,63.554923
2023-11-07,65.357719,2023-08-14,2023-06-30,1.780000,1.876278,34.833716,27.957578,5.816810,30.628275,41.542225,52.456176,63.370126,74.284077,,,,,,,,,,71.847768,52.994979,47.520620,46.993948,71.847768,85.253108,58.442427,78.550438,65.145097
2023-11-08,65.626681,2023-08-14,2023-06-30,1.780000,1.876278,34.977064,27.998347,5.848901,30.584348,41.558509,52.532671,63.506832,74.480993,,,,,,,,,,72.353416,53.520710,47.685584,47.083602,72.353416,83.781701,60.925130,78.067559,66.639273
2023-11-09,64.281872,2023-08-14,2023-06-30,1.780000,1.876278,34.260321,28.026081,5.870779,30.554285,41.569496,52.584708,63.599919,74.615131,,,,,,,,,,72.522862,54.044827,47.828582,47.149722,72.522862,83.318675,61.727049,77.920768,67.124955
2023-11-10,65.626681,2023-08-14,2023-06-30,1.780000,1.876278,34.977064,28.060966,5.899712,30.511166,41.580663,52.650160,63.719657,74.789154,,,,,,,,,,72.458311,54.580599,47.984580,47.201721,72.458311,83.409558,61.507064,77.933934,66.982687
2023-11-13,66.433566,2023-08-14,2023-06-30,1.780000,1.876278,35.407110,28.105319,5.934955,30.462132,41.597756,52.733379,63.869002,75.004625,,,,,,,,,,72.108661,55.124081,48.156267,47.271427,72.108661,83.371842,60.845479,77.740252,66.477070
2023-11-14,69.392146,2023-11-14,2023-09-30,0.920000,2.071006,33.506494,28.132656,5.952335,33.608254,45.935576,58.262897,70.590219,82.917541,,,,,,,,,,71.543841,55.711852,48.350816,47.341806,71.543841,82.106597,60.981084,76.825219,66.262463
2023-11-15,72.888650,2023-11-14,2023-09-30,0.920000,2.071006,35.194805,28.172886,5.983796,33.561260,45.953737,58.346213,70.738690,83.131166,,,,,,,,,,71.328671,56.362919,48.572709,47.433925,71.328671,81.577641,61.079701,76.453156,66.204186
2023-11-16,76.923077,2023-11-14,2023-09-30,0.920000,2.071006,37.142857,28.226995,6.035515,33.459099,45.958687,58.458275,70.957862,83.457450,,,,,,,,,,71.530393,57.081226,48.824637,47.536579,71.530393,82.063514,60.997271,76.796953,66.263832
2023-11-17,74.502421,2023-11-14,2023-09-30,0.920000,2.071006,35.974026,28.276073,6.074566,33.398989,45.979451,58.559914,71.140377,83.720839,,,,,,,,,,71.288327,57.762776,49.063565,47.629146,71.288327,81.273678,61.302976,76.281002,66.295652
2023-11-20,68.854223,2023-11-14,2023-09-30,0.920000,2.071006,33.246753,28.309485,6.090902,33.400521,46.014816,58.629111,71.243406,83.857701,,,,,,,,,,70.992469,58.339430,49.266183,47.676663,70.992469,80.893579,61.091359,75.943024,66.041914
2023-11-21,68.854223,2023-11-14,2023-09-30,0.920000,2.071006,33.246753,28.340543,6.106608,33.399792,46.046612,58.693432,71.340253,83.987073,,,,,,,,,,70.562130,58.929711,49.465214,47.745697,70.562130,80.017602,61.106658,75.289866,65.834394
2023-11-22,69.392146,2023-11-14,2023-09-30,0.920000,2.071006,33.506494,28.374943,6.124106,33.398556,46.081615,58.764674,71.447733,84.130792,,,,,,,,,,70.212480,59.519634,49.670522,47.821454,70.212480,79.270125,61.154835,74.741302,65.683657
2023-11-23,67.778375,2023-11-14,2023-09-30,0.920000,2.071006,32.727273,28.404026,6.136510,33.407410,46.116158,58.824906,71.533654,84.242401,,,,,,,,,,69.849381,60.050386,49.864174,47.886005,69.849381,78.671294,61.027469,74.260338,65.438425
2023-11-24,65.088757,2023-11-14,2023-09-30,0.920000,2.071006,31.428571,28.421110,6.142096,33.419650,46.139968,58.860286,71.580604,84.300922,,,,,,,,,,69.392146,60.476780,50.033620,47.942039,69.392146,78.205250,60.579042,73.798698,64.985594
2023-11-27,65.626681,2023-11-14,2023-09-30,0.920000,2.071006,31.688312,28.440358,6.148738,33.432005,46.166077,58.900149,71.634221,84.368294,,,,,,,,,,68.800430,60.856195,50.207549,47.997624,68.800430,76.892090,60.708770,72.846260,64.754600
2023-11-28,66.433566,2023-11-14,2023-09-30,0.920000,2.071006,32.077922,28.461676,6.156941,33.442178,46.193238,58.944299,71.695359,84.446420,,,,,,,,,,68.396988,61.224673,50.386408,48.051192,68.396988,76.086216,60.707759,72.241602,64.552373
2023-11-29,65.626681,2023-11-14,2023-09-30,0.920000,2.071006,31.688312,28.480924,6.163438,33.455128,46.219645,58.984162,71.748679,84.513195,,,,,,,,,,67.885960,61.594047,50.560337,48.107674,67.885960,74.810906,60.961015,71.348433,64.423488
2023-11-30,64.819796,2023-11-14,2023-09-30,0.920000,2.071006,31.298701,28.500456,6.168664,33.473933,46.249274,59.024614,71.799954,84.575294,,,,,,,,,,67.670791,61.946387,50.732921,48.155415,67.670791,74.700507,60.641075,71.185649,64.155933
2023-12-01,65.626681,2023-11-14,2023-09-30,0.920000,2.071006,31.688312,28.522059,6.175303,33.491175,46.280263,59.069352,71.858441,84.647530,,,,,,,,,,67.684239,62.322933,50.910436,48.210104,67.684239,74.696330,60.672147,71.190285,64.178193
2023-12-04,65.357719,2023-11-14,2023-09-30,0.920000,2.071006,31.558442,28.542579,6.181314,33.508772,46.310310,59.111849,71.913388,84.714927,,,,,,,,,,67.724583,62.641205,51.085709,48.262776,67.724583,74.669732,60.779434,71.197158,64.252009
2023-12-05,62.937063,2023-11-14,2023-09-30,0.920000,2.071006,30.389610,28.555712,6.183569,33.526633,46.332841,59.139049,71.945257,84.751465,,,,,,,,,,67.603550,62.915546,51.244397,48.304465,67.603550,74.802118,60.404983,71.202834,64.004267
2023-12-06,62.399139,2023-11-14,2023-09-30,0.920000,2.071006,30.129870,28.564328,6.185048,33.538349,46.347620,59.156891,71.966163,84.775434,,,,,,,,,,67.442173,63.155819,51.395015,48.347499,67.442173,74.964757,59.919589,71.203465,63.680881
2023-12-07,60.785368,2023-11-14,2023-09-30,0.920000,2.071006,29.350649,28.567626,6.185364,33.543873,46.353798,59.163723,71.973648,84.783573,,,,,,,,,,67.267348,63.383540,51.533979,48.393670,67.267348,75.247762,59.286934,71.257555,63.277141
2023-12-08,64.012910,2023-11-14,2023-09-30,0.920000,2.071006,30.909091,28.582735,6.188879,33.560605,46.377809,59.195013,72.012218,84.829422,,,,,,,,,,67.186659,63.682984,51.698046,48.450601,67.186659,75.268904,59.104415,71.227782,63.145537
2023-12-11,67.509414,2023-11-14,2023-09-30,0.920000,2.071006,32.597403,28.614267,6.199694,33.581109,46.420713,59.260316,72.099920,84.939524,,,,,,,,,,67.240452,64.029944,51.894836,48.523893,67.240452,75.315909,59.164994,71.278181,63.202723
2023-12-12,65.357719,2023-11-14,2023-09-30,0.920000,2.071006,31.558442,28.635964,6.205449,33.602206,46.453728,59.305251,72.156773,85.008296,,,,,,,,,,67.038731,64.337457,52.071902,48.590013,67.038731,75.089398,58.988063,71.064064,63.013397
2023-12-13,65.088757,2023-11-14,2023-09-30,0.920000,2.071006,31.428571,28.660110,6.210673,33.630577,46.492917,59.355257,72.217597,85.079937,,,,,,,,,,66.648736,64.633315,52.252107,48.663081,66.648736,74.249315,59.048157,70.449025,62.848446
2023-12-14,65.088757,2023-11-14,2023-09-30,0.920000,2.071006,31.428571,28.684256,6.215797,33.659357,46.532310,59.405263,72.278216,85.151169,,,,,,,,,,66.057020,64.911243,52.432311,48.734355,66.057020,71.937777,60.176263,68.997399,63.116641
2023-12-15,63.474987,2023-11-14,2023-09-30,0.920000,2.071006,30.649351,28.700731,6.218385,33.682760,46.561072,59.439384,72.317696,85.196008,,,,,,,,,,65.505648,65.158687,52.597275,48.790837,65.505648,69.943110,61.068186,67.724379,63.286917
2023-12-18,62.668101,2023-11-14,2023-09-30,0.920000,2.071006,30.259740,28.721492,6.219405,33.721533,46.601957,59.482381,72.362805,85.243229,,,,,,,,,,65.196342,65.378340,52.766989,48.852026,65.196342,69.511747,60.880937,67.354044,63.038640
2023-12-19,62.130178,2023-11-14,2023-09-30,0.920000,2.071006,30.000000,28.739148,6.220007,33.755603,46.637274,59.518945,72.400616,85.282287,,,,,,,,,,64.860140,65.585440,52.930787,48.919042,64.860140,69.020569,60.699711,66.940354,62.779926
2023-12-20,62.130178,2023-11-14,2023-09-30,0.920000,2.071006,30.000000,28.759393,6.220125,33.797040,46.678956,59.560872,72.442788,85.324705,,,,,,,,,,64.497041,65.799713,53.098530,48.993231,64.497041,68.238568,60.755515,66.367805,62.626278
2023-12-21,61.323292,2023-11-14,2023-09-30,0.920000,2.071006,29.610390,28.774978,6.219893,33.830280,46.711715,59.593150,72.474585,85.356020,,,,,,,,,,64.174287,65.989779,53.257396,49.062265,64.174287,67.836828,60.511747,66.005558,62.343017
2023-12-22,61.323292,2023-11-14,2023-09-30,0.920000,2.071006,29.610390,28.786562,6.220146,33.853223,46.735182,59.617140,72.499099,85.381057,,,,,,,,,,63.986014,66.187018,53.410167,49.131298,63.986014,67.833103,60.138925,65.909559,62.062469
2023-12-25,61.323292,2023-11-14,2023-09-30,0.920000,2.071006,29.610390,28.800735,6.220068,33.882896,46.764695,59.646493,72.528291,85.410090,,,,,,,,,,63.770845,66.380671,53.566882,49.198539,63.770845,67.711798,59.829891,65.741321,61.800368
2023-12-26,61.323292,2023-11-14,2023-09-30,0.920000,2.071006,29.610390,28.815144,6.219923,33.913337,46.794835,59.676333,72.557832,85.439330,,,,,,,,,,63.515331,66.570737,53.723956,49.269365,63.515331,67.391506,59.639156,65.453418,61.577243
2023-12-27,61.054330,2023-11-14,2023-09-30,0.920000,2.071006,29.480519,28.831530,6.219057,33.950862,46.830566,59.710270,72.589974,85.469679,,,,,,,,,,63.286713,66.734804,53.883450,49.339968,63.286713,67.177888,59.395539,65.232300,61.341126
2023-12-28,61.592254,2023-11-14,2023-09-30,0.920000,2.071006,29.740260,28.853142,6.217660,34.001407,46.878217,59.755028,72.631838,85.508648,,,,,,,,,,63.125336,66.922180,54.052089,49.417832,63.125336,67.016511,59.234162,65.070923,61.179749
2023-12-29,61.054330,2023-11-14,2023-09-30,0.920000,2.071006,29.480519,28.876120,6.214816,34.060772,46.931693,59.802615,72.673537,85.544458,,,,,,,,,,62.896719,67.082661,54.221625,49.492021,62.896719,66.705515,59.087923,64.801117,60.992321
2024-01-02,61.861216,2023-11-14,2023-09-30,0.920000,2.071006,29.870130,28.907288,6.210305,34.144006,47.005585,59.867165,72.728744,85.590323,,,,,,,,,,62.721893,67.238659,54.405415,49.572082,62.721893,66.372773,59.071014,64.547333,60.896454
2024-01-03,59.978483,2023-11-14,2023-09-30,0.920000,2.071006,28.961039,28.933705,6.203677,34.226173,47.074024,59.921875,72.769726,85.617577,,,,,,,,,,62.573964,67.341761,54.577820,49.639995,62.573964,66.422538,58.725391,64.498251,60.649678
2024-01-04,56.481980,2023-11-14,2023-09-30,0.920000,2.071006,27.272727,28.948643,6.197446,34.282915,47.117863,59.952811,72.787758,85.622706,,,,,,,,,,62.278107,67.357899,54.725031,49.694235,62.278107,66.995059,57.561154,64.636583,59.919630
2024-01-05,58.902636,2023-11-14,2023-09-30,0.920000,2.071006,28.441558,28.967671,6.192310,34.343597,47.167908,59.992218,72.816528,85.640839,,,,,,,,,,62.183970,67.324727,54.883808,49.763045,62.183970,67.097412,57.270528,64.640691,59.727249
2024-01-08,61.054330,2023-11-14,2023-09-30,0.920000,2.071006,29.480519,28.989236,6.189528,34.399781,47.218331,60.036880,72.855430,85.673980,,,,,,,,,,62.036041,67.227004,55.051192,49.842254,62.036041,66.895486,57.176596,64.465764,59.606318
2024-01-09,57.288865,2023-11-14,2023-09-30,0.920000,2.071006,27.662338,29.000829,6.185696,34.439662,47.250276,60.060889,72.871503,85.682116,,,,,,,,,,61.525013,66.958042,55.195087,49.906491,61.525013,66.102358,56.947669,63.813686,59.236341
2024-01-10,55.406132,2023-11-14,2023-09-30,0.920000,2.071006,26.753247,29.009555,6.181747,34.474090,47.276524,60.078959,72.881394,85.683829,,,,,,,,,,61.027434,66.536668,55.330464,49.967007,61.027434,65.997275,56.057594,63.512354,58.542514
2024-01-11,56.481980,2023-11-14,2023-09-30,0.920000,2.071006,27.272727,29.021667,6.176865,34.519395,47.311720,60.104045,72.896370,85.688695,,,,,,,,,,60.597095,66.191501,55.473373,50.031648,60.597095,65.576732,55.617458,63.086914,58.107277
2024-01-12,54.599247,2023-11-14,2023-09-30,0.920000,2.071006,26.363636,29.021025,6.177140,34.516928,47.309822,60.102715,72.895609,85.688502,,,,,,,,,,60.072620,65.886677,55.592702,50.094181,60.072620,65.265376,54.879864,62.668998,57.476242
2024-01-15,53.308230,2023-11-14,2023-09-30,0.920000,2.071006,25.740260,29.014247,6.180316,34.489736,47.289206,60.088677,72.888147,85.687618,,,,,,,,,,59.564282,65.452752,55.699839,50.154563,59.564282,65.315165,53.813399,62.439723,56.688840
2024-01-16,50.833782,2023-11-14,2023-09-30,0.920000,2.071006,24.545455,28.998689,6.189264,34.420451,47.238454,60.056456,72.874458,85.692461,,,,,,,,,,58.972566,65.053792,55.788148,50.200511,58.972566,65.726598,52.218534,62.349582,55.595550
2024-01-17,49.865519,2023-11-14,2023-09-30,0.920000,2.071006,24.077922,28.980412,6.200614,34.335587,47.177095,60.018604,72.860112,85.701621,,,,,,,,,,58.359333,64.593868,55.870181,50.247086,58.359333,66.066161,50.652505,62.212747,54.505919
2024-01-18,49.112426,2023-11-14,2023-09-30,0.920000,2.071006,23.714286,28.963812,6.212109,34.253599,47.118913,59.984226,72.849540,85.714854,,,,,,,,,,57.708445,64.139322,55.953111,50.286220,57.708445,66.230122,49.186769,61.969284,53.447607
2024-01-19,49.973104,2023-11-14,2023-09-30,0.920000,2.071006,24.129870,28.953030,6.219423,34.200972,47.081434,59.961896,72.842359,85.722821,,,,,,,,,,57.140936,63.721535,56.046799,50.330913,57.140936,66.146983,48.134889,61.643959,52.637913
2024-01-22,50.726197,2023-11-14,2023-09-30,0.920000,2.071006,24.493506,28.949986,6.221533,34.185930,47.070762,59.955593,72.840424,85.725255,,,,,,,,,,56.611081,63.329747,56.153936,50.362964,56.611081,65.825590,47.396573,61.218335,52.003827
2024-01-23,50.833782,2023-11-14,2023-09-30,0.920000,2.071006,24.545455,28.951848,6.220169,34.195433,47.077441,59.959449,72.841456,85.723464,,,,,,,,,,56.086606,62.885960,56.268782,50.377533,56.086606,65.365669,46.807543,60.726137,51.447074
2024-01-24,50.403443,2023-11-14,2023-09-30,0.920000,2.071006,24.337662,28.958334,6.214903,34.230681,47.101781,59.972882,72.843982,85.715082,,,,,,,,,,55.540613,62.484311,56.389726,50.395688,55.540613,64.807340,46.273886,60.173977,50.907250
2024-01-25,49.220011,2023-11-14,2023-09-30,0.920000,2.071006,23.766234,28.956057,6.216770,34.218229,47.093197,59.968165,72.843132,85.718100,,,,,,,,,,54.948897,62.040524,56.494710,50.417877,54.948897,64.244504,45.653290,59.596701,50.301094
2024-01-26,49.004841,2023-11-14,2023-09-30,0.920000,2.071006,23.662338,28.950088,6.221544,34.186097,47.070950,59.955804,72.840658,85.725512,,,,,,,,,,54.319527,61.705218,56.593599,50.421239,54.319527,63.423776,45.215277,58.871651,49.767402
2024-01-29,49.973104,2023-11-14,2023-09-30,0.920000,2.071006,24.129870,28.956491,6.216137,34.221749,47.095406,59.969064,72.842721,85.716378,,,,,,,,,,53.765465,61.448808,56.713466,50.425946,53.765465,62.484580,45.046350,58.125023,49.405908
2024-01-30,48.843464,2023-11-14,2023-09-30,0.920000,2.071006,23.584416,28.960231,6.212740,34.243569,47.110189,59.976810,72.843430,85.710051,,,,,,,,,,53.114578,61.187018,56.826789,50.426842,53.114578,61.210332,45.018823,57.162455,49.066700
2024-01-31,49.166218,2023-11-14,2023-09-30,0.920000,2.071006,23.740260,28.973980,6.199220,34.328042,47.166663,60.005284,72.843904,85.682525,,,,,,,,,,52.573964,60.917160,56.956070,50.436256,52.573964,60.168311,44.979618,56.371138,48.776791
2024-02-01,53.254438,2023-11-14,2023-09-30,0.920000,2.071006,25.714286,29.001825,6.176784,34.478638,47.270794,60.062951,72.855107,85.647264,,,,,,,,,,52.412587,60.710956,57.115833,50.453739,52.412587,59.791385,45.033790,56.101986,48.723189
2024-02-02,55.137171,2023-11-14,2023-09-30,0.920000,2.071006,26.623377,29.077853,6.089554,34.997399,47.608902,60.220406,72.831909,85.443412,,,,,,,,,,52.224314,60.558544,57.301685,50.479962,52.224314,59.079436,45.369192,55.651875,48.796753
2024-02-05,54.061323,2023-11-14,2023-09-30,0.920000,2.071006,26.103896,29.146685,6.007639,35.479246,47.921101,60.362957,72.804813,85.246669,,,,,,,,,,51.874664,60.365788,57.473193,50.499910,51.874664,57.422079,46.327249,54.648371,49.100956
2024-02-15,54.868209,2023-11-14,2023-09-30,0.920000,2.071006,26.493506,29.217235,5.925108,35.967199,48.238133,60.509067,72.780000,85.050934,,,,,,,,,,51.753631,60.173032,57.648557,50.523220,51.753631,56.894394,46.612868,54.324013,49.183249
2024-02-16,55.944056,2023-11-14,2023-09-30,0.920000,2.071006,27.012987,29.290776,5.841239,36.466888,48.564129,60.661370,72.758611,84.855852,,,,,,,,,,51.780527,59.948897,57.830375,50.551910,51.780527,57.006672,46.554383,54.393599,49.167455
2024-02-19,55.675094,2023-11-14,2023-09-30,0.920000,2.071006,26.883117,29.364573,5.753020,36.985127,48.899665,60.814203,72.728742,84.643280,,,,,,,,,,51.740183,59.662005,58.012462,50.577685,51.740183,56.824032,46.656334,54.282108,49.198258
2024-02-20,55.675094,2023-11-14,2023-09-30,0.920000,2.071006,26.883117,29.438369,5.662457,37.513073,49.240055,60.967037,72.694019,84.421001,,,,,,,,,,51.793975,59.307872,58.194549,50.607047,51.793975,57.025814,46.562137,54.409895,49.178056
2024-02-21,55.137171,2023-11-14,2023-09-30,0.920000,2.071006,26.623377,29.510957,5.568520,38.052492,49.584929,61.117366,72.649804,84.182241,,,,,,,,,,51.885422,58.985117,58.373947,50.636857,51.885422,57.289794,46.481050,54.587608,49.183236
2024-02-22,55.406132,2023-11-14,2023-09-30,0.920000,2.071006,26.753247,29.581760,5.477494,38.576154,49.920077,61.264000,72.607923,83.951846,,,,,,,,,,52.114040,58.760983,58.550206,50.665994,52.114040,57.714388,46.513692,54.914214,49.313866
2024-02-23,54.061323,2023-11-14,2023-09-30,0.920000,2.071006,26.103896,29.650783,5.379357,39.125585,50.266266,61.406948,72.547629,83.688310,,,,,,,,,,52.323830,58.514434,58.722073,50.693115,52.323830,57.883730,46.763930,55.103780,49.543880
2024-02-26,52.824099,2023-11-14,2023-09-30,0.920000,2.071006,25.506494,29.712343,5.287774,39.632418,50.583429,61.534439,72.485450,83.436460,,,,,,,,,,52.509414,58.238300,58.878967,50.715080,52.509414,57.861888,47.156939,55.185651,49.833176
2024-02-27,51.640667,2023-11-14,2023-09-30,0.920000,2.071006,24.935065,29.760541,5.216582,40.027111,50.830683,61.634256,72.437829,83.241402,,,,,,,,,,52.592792,57.969338,59.009862,50.732114,52.592792,57.829614,47.355969,55.211203,49.974380
2024-02-29,53.039268,2023-11-14,2023-09-30,0.920000,2.071006,25.610390,29.798502,5.169058,40.302574,51.007724,61.712874,72.418024,83.123174,,,,,,,,,,52.708445,57.768514,59.122647,50.759458,52.708445,57.873370,47.543521,55.290908,50.125983
2024-03-01,52.071006,2023-11-14,2023-09-30,0.920000,2.071006,25.142857,29.817659,5.147282,40.432446,51.092497,61.752548,72.412599,83.072650,,,,,,,,,,52.770307,57.542586,59.199390,50.780975,52.770307,57.869916,47.670698,55.320111,50.220502
2024-03-04,51.371705,2023-11-14,2023-09-30,0.920000,2.071006,24.805195,29.827503,5.136454,40.497681,51.135309,61.772936,72.410564,83.048191,,,,,,,,,,52.818720,57.291555,59.258114,50.801372,52.818720,57.841525,47.795914,55.330122,50.307317
2024-03-05,51.586875,2023-11-14,2023-09-30,0.920000,2.071006,24.909091,29.842036,5.119886,40.596405,51.199719,61.803034,72.406348,83.009663,,,,,,,,,,52.937063,57.057558,59.325802,50.821768,52.937063,57.708080,48.166046,55.322571,50.551555
2024-03-06,51.102743,2023-11-14,2023-09-30,0.920000,2.071006,24.675325,29.853666,5.106423,40.676255,51.251686,61.827118,72.402550,82.977982,,,,,,,,,,53.041958,56.828940,59.387664,50.843733,53.041958,57.532994,48.550922,55.287476,50.796440
2024-03-07,50.564820,2023-11-14,2023-09-30,0.920000,2.071006,24.415584,29.865997,5.091341,40.764264,51.308461,61.852657,72.396854,82.941050,,,,,,,,,,53.071544,56.577909,59.450421,50.874216,53.071544,57.484575,48.658513,55.278059,50.865028
2024-03-08,48.951049,2023-11-14,2023-09-30,0.920000,2.071006,23.636364,29.857501,5.100950,40.706865,51.270963,61.835061,72.399158,82.963256,,,,,,,,,,53.076923,56.304465,59.472835,50.899408,53.076923,57.468464,48.685382,55.272693,50.881153
2024-03-11,49.488973,2023-11-14,2023-09-30,0.920000,2.071006,23.896104,29.850213,5.108897,40.658854,51.239411,61.819967,72.400524,82.981081,,,,,,,,,,53.093061,56.080330,59.497938,50.932042,53.093061,57.426075,48.760046,55.259568,50.926554
2024-03-12,50.080689,2023-11-14,2023-09-30,0.920000,2.071006,24.181818,29.838616,5.120253,40.587801,51.191876,61.795951,72.400026,83.004102,,,,,,,,,,52.934373,55.875022,59.515420,50.968935,52.934373,57.470219,48.398527,55.202296,50.666450
2024-03-13,47.660032,2023-11-14,2023-09-30,0.920000,2.071006,23.012987,29.821102,5.140104,40.469309,51.114494,61.759679,72.404865,83.050050,,,,,,,,,,52.560516,55.656267,59.519903,51.000762,52.560516,57.542526,47.578507,55.051521,50.069512
2024-03-14,49.488973,2023-11-14,2023-09-30,0.920000,2.071006,23.896104,29.815726,5.146007,40.433723,51.091134,61.748545,72.405955,83.063366,,,,,,,,,,52.331899,55.414201,59.548592,51.024072,52.331899,57.441923,47.221875,54.886911,49.776887
2024-03-15,48.413125,2023-11-14,2023-09-30,0.920000,2.071006,23.376623,29.803153,5.159978,40.349818,51.036162,61.722507,72.408851,83.095196,,,,,,,,,,52.009145,55.095930,59.562937,51.033934,52.009145,57.258188,46.760102,54.633666,49.384623
2024-03-18,48.735880,2023-11-14,2023-09-30,0.920000,2.071006,23.532468,29.790924,5.173179,40.269809,50.983494,61.697180,72.410865,83.124550,,,,,,,,,,51.648736,54.818899,59.578178,51.050520,51.648736,56.747900,46.549572,54.198318,49.099154
2024-03-19,48.682087,2023-11-14,2023-09-30,0.920000,2.071006,23.506494,29.776567,5.188314,40.177387,50.922416,61.667446,72.412475,83.157504,,,,,,,,,,51.299086,54.545455,59.589385,51.067778,51.299086,56.190568,46.407603,53.744827,48.853344
2024-03-20,48.197956,2023-11-14,2023-09-30,0.920000,2.071006,23.272727,29.755483,5.209695,40.045165,50.834473,61.623782,72.413090,83.202398,,,,,,,,,,50.925229,54.263941,59.587592,51.082123,50.925229,55.543807,46.306650,53.234518,48.615939
2024-03-21,48.090371,2023-11-14,2023-09-30,0.920000,2.071006,23.220779,29.733011,5.232157,39.905586,50.741414,61.577242,72.413070,83.248897,,,,,,,,,,50.572889,54.007531,59.583109,51.094226,50.572889,54.904817,46.240961,52.738853,48.406925
2024-03-22,48.574502,2023-11-14,2023-09-30,0.920000,2.071006,23.454545,29.708664,5.254658,39.761965,50.644393,61.526820,72.409247,83.291674,,,,,,,,,,50.231307,53.772638,59.575489,51.108347,50.231307,53.999215,46.463400,52.115261,48.347353
2024-03-25,49.596557,2023-11-14,2023-09-30,0.920000,2.071006,23.948052,29.687475,5.272838,39.642776,50.562856,61.482935,72.403015,83.323094,,,,,,,,,,50.008069,53.563744,59.574592,51.131209,50.008069,53.322266,46.693872,51.665167,48.350970
2024-03-26,49.112426,2023-11-14,2023-09-30,0.920000,2.071006,23.714286,29.666248,5.291839,39.520116,50.479546,61.438975,72.398405,83.357835,,,,,,,,,,49.822485,53.346781,59.573247,51.150260,49.822485,52.878346,46.766625,51.350416,48.294555
2024-03-27,49.273803,2023-11-14,2023-09-30,0.920000,2.071006,23.792208,29.642804,5.311707,39.389268,50.389845,61.390422,72.390999,83.391576,,,,,,,,,,49.704142,53.145957,59.567868,51.169087,49.704142,52.644676,46.763608,51.174409,48.233875
2024-03-28,49.650350,2023-11-14,2023-09-30,0.920000,2.071006,23.974026,29.622786,5.328621,39.277755,50.313360,61.348966,72.384571,83.420176,,,,,,,,,,49.534696,52.951408,59.569213,51.190380,49.534696,52.021614,47.047779,50.778155,48.291237
2024-03-29,48.951049,2023-11-14,2023-09-30,0.920000,2.071006,23.636364,29.598999,5.349051,39.143868,50.221785,61.299702,72.377619,83.455537,,,,,,,,,,49.378698,52.745204,59.562937,51.190828,49.378698,51.569525,47.187872,50.474111,48.283285
2024-04-01,49.004841,2024-03-31,2023-12-31,0.550000,2.157074,22.718204,29.566605,5.379020,40.571463,52.174404,63.777346,75.380287,86.983229,,,,,,,,,,49.260355,52.539896,59.555316,51.201363,49.260355,51.243774,47.276936,50.252064,48.268646
2024-04-02,49.273803,2024-03-31,2023-12-31,0.550000,2.157074,22.842893,29.529516,5.410078,40.357466,52.027404,63.697342,75.367280,87.037217,,,,,,,,,,49.144701,52.343554,59.539179,51.212121,49.144701,50.799439,47.489964,49.972070,48.317333
2024-04-03,48.682087,2024-03-31,2023-12-31,0.550000,2.157074,22.568579,29.493963,5.441860,40.143668,51.882160,63.620653,75.359145,87.097638,,,,,,,,,,49.023669,52.128384,59.525282,51.220414,49.023669,50.407282,47.640055,49.715476,48.331862
2024-04-08,49.112426,2024-03-31,2023-12-31,0.550000,2.157074,22.768080,29.455295,5.473200,39.925050,51.731146,63.537243,75.343339,87.149435,,,,,,,,,,48.951049,51.929353,59.506007,51.225121,48.951049,50.131646,47.770452,49.541348,48.360750
2024-04-09,49.327595,2024-03-31,2023-12-31,0.550000,2.157074,22.867830,29.412680,5.504589,39.697710,51.571514,63.445319,75.319123,87.192928,,,,,,,,,,48.969876,51.720459,59.479559,51.231621,48.969876,50.162423,47.777330,49.566150,48.373603
2024-04-10,49.381388,2024-03-31,2023-12-31,0.550000,2.157074,22.892768,29.364539,5.536312,39.457010,51.399242,63.341474,75.283707,87.225939,,,,,,,,,,48.964497,51.543841,59.442801,51.238345,48.964497,50.148122,47.780872,49.556310,48.372685
2024-04-11,48.520710,2024-03-31,2023-12-31,0.550000,2.157074,22.493766,29.305427,5.571670,39.176960,51.195463,63.213966,75.232469,87.250973,,,,,,,,,,48.886498,51.411153,59.384526,51.237000,48.886498,49.960986,47.812011,49.423742,48.349254
2024-04-12,48.466918,2024-03-31,2023-12-31,0.550000,2.157074,22.468828,29.222216,5.598748,38.880651,50.957562,63.034474,75.111386,87.188298,,,,,,,,,,48.926842,51.237224,59.280975,51.241707,48.926842,49.858537,47.995148,49.392690,48.460995
2024-04-15,47.606240,2024-03-31,2023-12-31,0.550000,2.157074,22.069825,29.108922,5.604827,38.610039,50.700065,62.790090,74.880116,86.970141,,,,,,,,,,48.832706,51.013089,59.120047,51.247310,48.832706,49.896367,47.769045,49.364536,48.300875
2024-04-16,44.755245,2024-03-31,2023-12-31,0.550000,2.157074,20.748130,28.955705,5.579718,38.387865,50.423728,62.459590,74.495452,86.531314,,,,,,,,,,48.649812,50.804196,58.881119,51.249103,48.649812,50.760170,46.539453,49.704991,47.594632
2024-04-17,46.315223,2024-03-31,2023-12-31,0.550000,2.157074,21.471322,28.776261,5.469271,38.477277,50.274896,62.072516,73.870136,85.667756,,,,,,,,,,48.528779,50.652681,58.594675,51.261879,48.528779,50.882033,46.175524,49.705406,47.352152
2024-04-18,45.669715,2024-03-31,2023-12-31,0.550000,2.157074,21.172070,28.609853,5.393156,38.446690,50.080126,61.713561,73.346997,84.980433,,,,,,,,,,48.378160,50.472476,58.331989,51.268379,48.378160,51.053648,45.702673,49.715904,47.040417
2024-04-19,44.378698,2024-03-31,2023-12-31,0.550000,2.157074,20.573566,28.457570,5.359544,38.263215,49.824146,61.385077,72.946007,84.506938,,,,,,,,,,48.187197,50.302134,58.094406,51.271293,48.187197,51.406726,44.967668,49.796962,46.577433
2024-04-22,43.840775,2024-03-31,2023-12-31,0.550000,2.157074,20.324190,28.274540,5.257324,38.309394,49.649830,60.990266,72.330703,83.671139,,,,,,,,,,47.974718,50.144343,57.798548,51.271069,47.974718,51.736424,44.213012,49.855571,46.093865
2024-04-23,44.593868,2024-03-31,2023-12-31,0.550000,2.157074,20.673317,28.114727,5.193562,38.239746,49.442642,60.645537,71.848433,83.051328,,,,,,,,,,47.775686,50.040344,57.547068,51.273982,47.775686,51.814776,43.736596,49.795231,45.756141
2024-04-24,45.400753,2024-03-31,2023-12-31,0.550000,2.157074,21.047382,27.946085,5.089857,38.323369,49.302567,60.281764,71.260962,82.240160,,,,,,,,,,47.565896,49.965932,57.279900,51.277569,47.565896,51.642457,43.489334,49.604176,45.527615
2024-04-25,44.540075,2024-03-31,2023-12-31,0.550000,2.157074,20.648379,27.778896,4.995671,38.369067,49.145097,59.921126,70.697156,81.473185,,,,,,,,,,47.337278,49.889726,57.014524,51.274879,47.337278,51.558919,43.115637,49.448099,45.226458
2024-04-26,44.916622,2024-03-31,2023-12-31,0.550000,2.157074,20.822943,27.619135,4.907512,38.404779,48.990645,59.576510,70.162375,80.748241,,,,,,,,,,47.119419,49.805451,56.763493,51.275551,47.119419,51.369890,42.868948,49.244654,44.994184
2024-04-29,46.207639,2024-03-31,2023-12-31,0.550000,2.157074,21.421446,27.467945,4.815016,38.477695,48.864039,59.250382,69.636726,80.023069,,,,,,,,,,46.947283,49.730142,56.529944,51.283396,46.947283,51.042184,42.852383,48.994734,44.899833
2024-04-30,45.293168,2024-03-31,2023-12-31,0.550000,2.157074,20.997506,27.298888,4.680087,38.695126,48.790419,58.885713,68.981007,79.076300,,,,,,,,,,46.764389,49.637798,56.261879,51.285637,46.764389,50.808906,42.719873,48.786648,44.742131
2024-05-02,45.185584,2024-03-31,2023-12-31,0.550000,2.157074,20.947631,27.142555,4.574237,38.814560,48.681526,58.548492,68.415457,78.282423,,,,,,,,,,46.573427,49.550834,56.017572,51.286534,46.573427,50.532286,42.614567,48.552856,44.593997
2024-05-03,44.809037,2024-03-31,2023-12-31,0.550000,2.157074,20.773067,26.978795,4.444674,39.020268,48.607758,58.195248,67.782739,77.370229,,,,,,,,,,46.350188,49.477318,55.758921,51.290344,46.350188,50.168951,42.531425,48.259570,44.440807
2024-05-06,44.809037,2024-03-31,2023-12-31,0.550000,2.157074,20.773067,26.844899,4.386730,38.981423,48.443924,57.906425,67.368926,76.831427,,,,,,,,,,46.156536,49.407387,55.556303,51.287879,46.156536,49.868717,42.444354,48.012627,44.300445
2024-05-07,44.540075,2024-03-31,2023-12-31,0.550000,2.157074,20.648379,26.726688,4.360695,38.838752,48.245094,57.651435,67.057776,76.464117,,,,,,,,,,45.927918,49.316837,55.382822,51.290568,45.927918,49.430901,42.424935,47.679410,44.176427
2024-05-08,44.916622,2024-03-31,2023-12-31,0.550000,2.157074,20.822943,26.613515,4.335940,38.701427,48.054370,57.407313,66.760256,76.113199,,,,,,,,,,45.707370,49.251390,55.219204,51.293930,45.707370,48.845549,42.569190,47.276459,44.138280
2024-05-09,44.593868,2024-03-31,2023-12-31,0.550000,2.157074,20.673317,26.495511,4.302909,38.589386,47.871078,57.152771,66.434463,75.716156,,,,,,,,,,45.467994,49.175184,55.046172,51.283396,45.467994,48.118684,42.817303,46.793339,44.142648
2024-05-10,44.647660,2024-03-31,2023-12-31,0.550000,2.157074,20.698254,26.376521,4.263644,38.502111,47.699106,56.896100,66.093095,75.290090,,,,,,,,,,45.274341,49.031737,54.871347,51.278465,45.274341,47.521122,43.027560,46.397731,44.150951
2024-05-13,44.217321,2024-03-31,2023-12-31,0.550000,2.157074,20.498753,26.261842,4.234786,38.379235,47.513981,56.648728,65.783474,74.918221,,,,,,,,,,45.061861,48.849740,54.704142,51.266362,45.061861,46.778645,43.345077,45.920253,44.203469
2024-05-14,46.584185,2024-03-31,2023-12-31,0.550000,2.157074,21.596010,26.150333,4.179179,38.378599,47.393397,56.408195,65.422993,74.437791,,,,,,,,,,45.010758,48.725121,54.545455,51.265017,45.010758,46.446489,43.575028,45.728624,44.292893
2024-05-15,45.777300,2024-05-15,2024-03-31,0.910000,2.237762,20.456731,26.025746,4.123377,39.785160,49.012296,58.239432,67.466569,76.693705,,,,,,,,,,45.061861,48.573606,54.373319,51.264793,45.061861,46.531652,43.592071,45.796756,44.326966
2024-05-16,45.777300,2024-05-15,2024-03-31,0.910000,2.237762,20.456731,25.916998,4.096421,39.662448,48.829264,57.996080,67.162896,76.329712,,,,,,,,,,45.034965,48.404160,54.176529,51.263672,45.034965,46.425748,43.644182,45.730356,44.339574
2024-05-17,47.068316,2024-05-15,2024-03-31,0.910000,2.237762,21.033654,25.798989,4.030344,39.694099,48.713051,57.732003,66.750955,75.769907,,,,,,,,,,45.104895,48.260714,53.961359,51.267034,45.104895,46.747846,43.461944,45.926371,44.283419
2024-05-20,46.422808,2024-05-15,2024-03-31,0.910000,2.237762,20.745192,25.662342,3.918941,39.886901,48.656560,57.426219,66.195878,74.965537,,,,,,,,,,45.207101,48.106509,53.707190,51.265914,45.207101,46.912956,43.501245,46.060029,44.354173
2024-05-21,47.122109,2024-05-15,2024-03-31,0.910000,2.237762,21.057692,25.538039,3.824547,40.031206,48.589632,57.148059,65.706485,74.264912,,,,,,,,,,45.371167,47.972925,53.479021,51.271293,45.371167,47.153200,43.589135,46.262183,44.480151
2024-05-22,47.122109,2024-05-15,2024-03-31,0.910000,2.237762,21.057692,25.436463,3.779693,40.004651,48.462704,56.920757,65.378810,73.836863,,,,,,,,,,45.497579,47.834857,53.297920,51.282051,45.497579,47.401939,43.593219,46.449759,44.545399
2024-05-23,46.315223,2024-05-15,2024-03-31,0.910000,2.237762,20.697115,25.331883,3.735129,39.970070,48.328401,56.686731,65.045061,73.403392,,,,,,,,,,45.543303,47.705756,53.110095,51.287655,45.543303,47.481487,43.605119,46.512395,44.574211
2024-05-24,47.229693,2024-05-15,2024-03-31,0.910000,2.237762,21.105769,25.228544,3.678173,39.993730,48.224606,56.455482,64.686358,72.917234,,,,,,,,,,45.677784,47.612516,52.925408,51.297965,45.677784,47.694524,43.661044,46.686154,44.669414
2024-05-27,49.704142,2024-05-15,2024-03-31,0.910000,2.237762,22.211538,25.140912,3.622868,40.045150,48.152267,56.259385,64.366502,72.473619,,,,,,,,,,45.917160,47.580240,52.774789,51.319482,45.917160,48.584923,43.249397,47.251041,44.583278
2024-05-28,48.628295,2024-05-15,2024-03-31,0.910000,2.237762,21.730769,25.060097,3.589441,40.013909,48.046224,56.078540,64.110855,72.143170,,,,,,,,,,46.038193,47.506724,52.637619,51.335620,46.038193,48.968199,43.108186,47.503196,44.573189
2024-05-29,48.843464,2024-05-15,2024-03-31,0.910000,2.237762,21.826923,24.977919,3.549075,40.010673,47.952659,55.894644,63.836630,71.778616,,,,,,,,,,46.215707,47.452932,52.497759,51.352654,46.215707,49.376744,43.054671,47.796226,44.635189
2024-05-30,48.090371,2024-05-15,2024-03-31,0.910000,2.237762,21.490385,24.889690,3.502382,40.022212,47.859710,55.697208,63.534706,71.372203,,,,,,,,,,46.360947,47.398243,52.344899,51.365654,46.360947,49.588918,43.132976,47.974932,44.746961
2024-05-31,47.928994,2024-05-15,2024-03-31,0.910000,2.237762,21.418269,24.804106,3.460079,40.020025,47.762858,55.505692,63.248525,70.991359,,,,,,,,,,46.516945,47.337278,52.197418,51.378878,46.516945,49.730655,43.303235,48.123800,44.910090
2024-06-03,47.337278,2024-05-15,2024-03-31,0.910000,2.237762,21.153846,24.719566,3.423807,39.993177,47.654844,55.316510,62.978177,70.639843,,,,,,,,,,46.643357,47.274520,52.051730,51.392326,46.643357,49.771971,43.514742,48.207664,45.079050
2024-06-04,46.960732,2024-05-15,2024-03-31,0.910000,2.237762,20.985577,24.630376,3.379867,39.990246,47.553586,55.116926,62.680265,70.243605,,,,,,,,,,46.764389,47.214452,51.896181,51.403308,46.764389,49.733637,43.795142,48.249013,45.279766
2024-06-05,46.960732,2024-05-15,2024-03-31,0.910000,2.237762,20.985577,24.542269,3.335261,39.992721,47.456242,54.919763,62.383283,69.846804,,,,,,,,,,46.866595,47.181280,51.742873,51.414291,46.866595,49.705921,44.027269,48.286258,45.446932
2024-06-06,45.723507,2024-05-15,2024-03-31,0.910000,2.237762,20.432692,24.459295,3.312344,39.909610,47.321848,54.734086,62.146324,69.558561,,,,,,,,,,46.923077,47.118523,51.599426,51.421911,46.923077,49.613057,44.233096,48.268067,45.578087
2024-06-07,46.153846,2024-05-15,2024-03-31,0.910000,2.237762,20.625000,24.380087,3.289168,39.836087,47.196463,54.556839,61.917215,69.277590,,,,,,,,,,46.998386,47.053075,51.464049,51.429532,46.998386,49.497723,44.499050,48.248054,45.748718
2024-06-11,46.046261,2024-05-15,2024-03-31,0.910000,2.237762,20.576923,24.306973,3.275235,39.734832,47.064029,54.393226,61.722423,69.051620,,,,,,,,,,47.089833,47.026179,51.341223,51.437601,47.089833,49.274792,44.904875,48.182312,45.997354
2024-06-12,45.615923,2024-05-15,2024-03-31,0.910000,2.237762,20.384615,24.219269,3.237655,39.706763,46.951865,54.196966,61.442067,68.687168,,,,,,,,,,47.041420,46.961628,51.187915,51.442980,47.041420,49.314677,44.768163,48.178049,45.904792
2024-06-13,45.400753,2024-05-15,2024-03-31,0.910000,2.237762,20.288462,24.116694,3.164140,39.806243,46.886835,53.967428,61.048021,68.128614,,,,,,,,,,47.022593,46.911422,51.003676,51.449256,47.022593,49.345624,44.699561,48.184109,45.861077
2024-06-14,45.884884,2024-05-15,2024-03-31,0.910000,2.237762,20.504808,24.024581,3.106039,39.860146,46.810723,53.761300,60.711877,67.662453,,,,,,,,,,47.027972,46.863905,50.841402,51.456652,47.027972,49.339331,44.716613,48.183652,45.872293
2024-06-17,46.369016,2024-05-15,2024-03-31,0.910000,2.237762,20.721154,23.935352,3.044748,39.934785,46.748207,53.561628,60.375049,67.188470,,,,,,,,,,46.993007,46.825354,50.685404,51.468756,46.993007,49.322879,44.663135,48.157943,45.828071
2024-06-18,45.239376,2024-05-15,2024-03-31,0.910000,2.237762,20.216346,23.841917,2.984305,39.996212,46.674377,53.352542,60.030707,66.708872,,,,,,,,,,46.933835,46.776044,50.519993,51.476152,46.933835,49.381800,44.485871,48.157818,45.709853
2024-06-19,45.346961,2024-05-15,2024-03-31,0.910000,2.237762,20.264423,23.755376,2.935414,40.021368,46.590126,53.158884,59.727641,66.296399,,,,,,,,,,46.845078,46.730321,50.368926,51.483100,46.845078,49.391063,44.299093,48.118071,45.572085
2024-06-20,45.615923,2024-05-15,2024-03-31,0.910000,2.237762,20.384615,23.673083,2.889599,40.042260,46.508496,52.974732,59.440968,65.907205,,,,,,,,,,46.769769,46.681011,50.226824,51.496907,46.769769,49.369782,44.169755,48.069775,45.469762
2024-06-21,45.669715,2024-05-15,2024-03-31,0.910000,2.237762,20.408654,23.593156,2.845436,40.061053,46.428463,52.795872,59.163282,65.530692,,,,,,,,,,46.737493,46.615564,50.089654,51.510221,46.737493,49.376991,44.097995,48.057242,45.417744
2024-06-24,44.755245,2024-05-15,2024-03-31,0.910000,2.237762,20.000000,23.509822,2.802331,40.067491,46.338442,52.609392,58.880343,65.151294,,,,,,,,,,46.613771,46.542944,49.944863,51.521696,46.613771,49.384821,43.842721,47.999296,45.228246
2024-06-25,44.701452,2024-05-15,2024-03-31,0.910000,2.237762,19.975962,23.429535,2.763830,40.060142,46.244935,52.429729,58.614523,64.799317,,,,,,,,,,46.363636,46.466738,49.806347,51.531872,46.363636,48.848501,43.878771,47.606069,45.121204
2024-06-26,44.701452,2024-05-15,2024-03-31,0.910000,2.237762,19.975962,23.349248,2.722398,40.065908,46.157987,52.250066,58.342145,64.434224,,,,,,,,,,46.167294,46.384257,49.667832,51.538999,46.167294,48.515521,43.819067,47.341408,44.993181
2024-06-27,44.755245,2024-05-15,2024-03-31,0.910000,2.237762,20.000000,23.269162,2.677652,40.086956,46.078904,52.070852,58.062800,64.054747,,,,,,,,,,45.962883,46.314327,49.529765,51.548323,45.962883,48.024494,43.901273,46.993689,44.932078
2024-06-28,45.239376,2024-05-15,2024-03-31,0.910000,2.237762,20.216346,23.190878,2.627555,40.135983,46.015827,51.895671,57.775515,63.655359,,,,,,,,,,45.820334,46.251569,49.395732,51.559844,45.820334,47.642968,43.997699,46.731651,44.909016
2024-07-01,45.400753,2024-05-15,2024-03-31,0.910000,2.237762,20.288462,23.114278,2.576138,40.194690,45.959474,51.724258,57.489042,63.253826,,,,,,,,,,45.693921,46.187018,49.265286,51.574368,45.693921,47.228744,44.159099,46.461333,44.926510
2024-07-02,44.647660,2024-05-15,2024-03-31,0.910000,2.237762,19.951923,23.032708,2.518904,40.268309,45.905017,51.541725,57.178432,62.815140,,,,,,,,,,45.559441,46.119778,49.124081,51.588085,45.559441,46.952794,44.166087,46.256117,44.862764
2024-07-03,44.593868,2024-05-15,2024-03-31,0.910000,2.237762,19.927885,22.953103,2.463763,40.336953,45.850270,51.363587,56.876904,62.390220,,,,,,,,,,45.441097,46.044468,48.986911,51.604268,45.441097,46.731583,44.150612,46.086340,44.795855
2024-07-04,44.701452,2024-05-15,2024-03-31,0.910000,2.237762,19.975962,22.870651,2.394931,40.460506,45.819793,51.179080,56.538367,61.897654,,,,,,,,,,45.328133,45.967366,48.843912,51.624664,45.328133,46.441970,44.214297,45.885052,44.771215
2024-07-05,46.046261,2024-05-15,2024-03-31,0.910000,2.237762,20.576923,22.800784,2.337366,40.561793,45.792263,51.022733,56.253203,61.483673,,,,,,,,,,45.344271,45.911781,48.727811,51.652815,45.344271,46.491091,44.197452,45.917681,44.770861
2024-07-08,45.077999,2024-05-15,2024-03-31,0.910000,2.237762,20.144231,22.741380,2.313217,40.536940,45.713370,50.889801,56.066231,61.242661,,,,,,,,,,45.290479,45.854402,48.632777,51.678904,45.290479,46.376737,44.204221,45.833608,44.747350
2024-07-09,44.540075,2024-05-15,2024-03-31,0.910000,2.237762,19.903846,22.670232,2.267264,40.583392,45.656991,50.730589,55.804188,60.877787,,,,,,,,,,45.215169,45.788955,48.513089,51.698449,45.215169,46.289586,44.140753,45.752378,44.677961
2024-07-10,47.606240,2024-05-15,2024-03-31,0.910000,2.237762,21.274038,22.601845,2.182294,40.810647,45.694101,50.577555,55.461009,60.344463,,,,,,,,,,45.314685,45.788955,48.401022,51.726107,45.314685,46.825475,43.803895,46.070080,44.559290
2024-07-11,47.552448,2024-05-15,2024-03-31,0.910000,2.237762,21.250000,22.548409,2.135342,40.901203,45.679590,50.457977,55.236364,60.014752,,,,,,,,,,45.422270,45.835575,48.319885,51.757486,45.422270,47.235118,43.609422,46.328694,44.515846
2024-07-12,47.552448,2024-05-15,2024-03-31,0.910000,2.237762,21.250000,22.502548,2.103129,40.942745,45.649049,50.355353,55.061656,59.767960,,,,,,,,,,45.505648,45.856195,48.254438,51.792451,45.505648,47.547067,43.464230,46.526357,44.484939
2024-07-15,47.660032,2024-05-15,2024-03-31,0.910000,2.237762,21.298077,22.452759,2.059522,41.026497,45.635217,50.243937,54.852657,59.461377,,,,,,,,,,45.570199,45.889367,48.180922,51.827147,45.570199,47.799559,43.340839,46.684879,44.455519
2024-07-16,47.660032,2024-05-15,2024-03-31,0.910000,2.237762,21.298077,22.410546,2.030396,41.062388,45.605931,50.149475,54.693018,59.236562,,,,,,,,,,45.691232,45.944056,48.123095,51.857899,45.691232,48.100543,43.281921,46.895887,44.486576
2024-07-17,49.004841,2024-05-15,2024-03-31,0.910000,2.237762,21.899038,22.378536,2.007612,41.092728,45.585286,50.077843,54.570401,59.062959,,,,,,,,,,45.874126,46.030124,48.087233,51.893536,45.874126,48.693801,43.054451,47.283963,44.464288
2024-07-18,47.982786,2024-05-15,2024-03-31,0.910000,2.237762,21.442308,22.352677,1.999435,41.071458,45.545717,50.019976,54.494235,58.968494,,,,,,,,,,45.992469,46.086606,48.063475,51.925811,45.992469,48.961249,43.023689,47.476859,44.508079
2024-07-19,45.938677,2024-05-15,2024-03-31,0.910000,2.237762,20.528846,22.323101,1.999949,41.002971,45.478382,49.953793,54.429203,58.904614,,,,,,,,,,46.005917,46.095571,48.030751,51.950466,46.005917,48.970976,43.040858,47.488447,44.523388
2024-07-22,44.970414,2024-05-15,2024-03-31,0.910000,2.237762,20.096154,22.292950,2.006063,40.908135,45.397229,49.886322,54.375415,58.864508,,,,,,,,,,46.016676,46.102743,47.996235,51.974673,46.016676,48.964136,43.069215,47.490406,44.542945
2024-07-23,46.315223,2024-05-15,2024-03-31,0.910000,2.237762,20.697115,22.264344,2.004124,40.852804,45.337556,49.822308,54.307059,58.791811,,,,,,,,,,46.097364,46.126053,47.965752,52.006276,46.097364,48.980887,43.213841,47.539126,44.655603
2024-07-26,45.239376,2024-05-15,2024-03-31,0.910000,2.237762,20.216346,22.228701,2.002178,40.781749,45.262148,49.742547,54.222946,58.703346,,,,,,,,,,46.124260,46.109916,47.920029,52.036982,46.124260,48.962642,43.285878,47.543451,44.705069
2024-07-29,49.757934,2024-05-15,2024-03-31,0.910000,2.237762,22.235577,22.209452,1.990789,40.789647,45.244560,49.699472,54.154385,58.609298,,,,,,,,,,46.374395,46.184328,47.911063,52.089923,46.374395,49.564709,43.184081,47.969552,44.779238
2024-07-30,50.457235,2024-05-15,2024-03-31,0.910000,2.237762,22.548077,22.194539,1.981393,40.798326,45.232213,49.666100,54.099987,58.533875,,,,,,,,,,46.635288,46.272189,47.911512,52.150619,46.635288,50.258779,43.011797,48.447033,44.823542
2024-07-31,49.112426,2024-05-15,2024-03-31,0.910000,2.237762,21.947115,22.179379,1.976220,40.787558,45.209868,49.632177,54.054487,58.476797,,,,,,,,,,46.820871,46.343912,47.910615,52.202663,46.820871,50.556597,43.085146,48.688734,44.953009
2024-08-01,50.026896,2024-05-15,2024-03-31,0.910000,2.237762,22.355769,22.168491,1.971574,40.783983,45.195898,49.607812,54.019727,58.431642,,,,,,,,,,47.089833,46.430877,47.919132,52.256365,47.089833,50.939598,43.240069,49.014715,45.164951
2024-08-02,47.337278,2024-05-15,2024-03-31,0.910000,2.237762,21.153846,22.143691,1.965403,40.756106,45.154211,49.552315,53.950420,58.348524,,,,,,,,,,47.227004,46.477497,47.897167,52.305316,47.227004,50.893447,43.560561,49.060225,45.393782
2024-08-05,42.603550,2024-05-15,2024-03-31,0.910000,2.237762,19.038462,22.105808,1.981148,40.600865,45.034204,49.467542,53.900881,58.334219,,,,,,,,,,47.122109,46.438946,47.845168,52.335978,47.122109,51.190761,43.053456,49.156435,45.087782
2024-08-06,41.420118,2024-05-15,2024-03-31,0.910000,2.237762,18.509615,22.062219,2.002314,40.408597,44.889299,49.370001,53.850703,58.331405,,,,,,,,,,46.890802,46.386050,47.780617,52.368343,46.890802,51.679305,42.102298,49.285053,44.496550
2024-08-07,44.324906,2024-05-15,2024-03-31,0.910000,2.237762,19.807692,22.012998,1.984301,40.379068,44.819461,49.259855,53.700248,58.140642,,,,,,,,,,46.853147,46.380671,47.706204,52.411018,46.853147,51.712984,41.993310,49.283065,44.423228
2024-08-08,43.625605,2024-05-15,2024-03-31,0.910000,2.237762,19.495192,21.953596,1.951549,40.392721,44.759825,49.126928,53.494032,57.861136,,,,,,,,,,46.807423,46.370809,47.610274,52.455980,46.807423,51.774907,41.839940,49.291165,44.323682
2024-08-09,43.679398,2024-05-15,2024-03-31,0.910000,2.237762,19.519231,21.898724,1.926282,40.383017,44.693577,49.004137,53.314697,57.625257,,,,,,,,,,46.611081,46.322396,47.523758,52.498476,46.611081,51.752982,41.469181,49.182032,44.040131
2024-08-12,48.036579,2024-05-15,2024-03-31,0.910000,2.237762,21.466346,21.856831,1.879614,40.498131,44.704261,48.910391,53.116521,57.322650,,,,,,,,,,46.635288,46.360050,47.466828,52.557692,46.635288,51.800354,41.470221,49.217821,44.052755
2024-08-13,51.694459,2024-05-15,2024-03-31,0.910000,2.237762,23.100962,21.824231,1.822491,40.680836,44.759137,48.837439,52.915741,56.994043,,,,,,,,,,46.842388,46.458670,47.431415,52.630895,46.842388,52.473436,41.211341,49.657912,44.026865
2024-08-14,56.750941,2024-08-14,2024-06-30,1.480000,2.076385,27.331606,21.827968,1.833380,37.709663,41.516466,45.323269,49.130072,52.936875,,,,,,,,,,47.296934,46.620047,47.440380,52.726421,47.296934,54.464036,40.129831,50.880485,43.713383
2024-08-15,57.288865,2024-08-14,2024-06-30,1.480000,2.076385,27.590674,21.833864,1.850829,37.649444,41.492478,45.335512,49.178546,53.021580,,,,,,,,,,47.778375,46.801148,47.453828,52.824189,47.778375,56.227182,39.329569,52.002779,43.553972
2024-08-16,62.937063,2024-08-14,2024-06-30,1.480000,2.076385,30.310881,21.864594,1.958497,37.266128,41.332723,45.399318,49.465912,53.532507,,,,,,,,,,48.474987,47.064730,47.518827,52.946387,48.474987,59.310040,37.639933,53.892513,43.057460
2024-08-19,60.785368,2024-08-14,2024-06-30,1.480000,2.076385,29.274611,21.885605,2.023821,37.038483,41.240714,45.442945,49.645177,53.847408,,,,,,,,,,49.115116,47.292451,47.563654,53.056930,49.115116,61.261159,36.969072,55.188137,43.042094
2024-08-20,62.130178,2024-08-14,2024-06-30,1.480000,2.076385,29.922280,21.917425,2.118504,36.711357,41.110186,45.509016,49.907845,54.306674,,,,,,,,,,49.924691,47.556034,47.630895,53.176484,49.924691,63.277744,36.571638,56.601217,43.248164
2024-08-21,62.668101,2024-08-14,2024-06-30,1.480000,2.076385,30.181347,21.956382,2.225346,36.348554,40.969230,45.589906,50.210581,54.831257,,,,,,,,,,50.809575,47.813341,47.712928,53.295948,50.809575,65.093415,36.525736,57.951495,43.667655
2024-08-22,68.854223,2024-08-14,2024-06-30,1.480000,2.076385,33.160622,22.024928,2.434704,35.621467,40.676851,45.732234,50.787618,55.843001,,,,,,,,,,51.936525,48.132509,47.856374,53.433118,51.936525,68.153106,35.719944,60.044816,43.828234
2024-08-23,69.661108,2024-08-14,2024-06-30,1.480000,2.076385,33.549223,22.091085,2.632753,34.936385,40.402993,45.869601,51.336210,56.802818,,,,,,,,,,53.157612,48.483055,47.994890,53.558768,53.157612,70.860606,35.454617,62.009109,44.306114
2024-08-26,69.123185,2024-08-14,2024-06-30,1.480000,2.076385,33.290155,22.158979,2.811124,34.336624,40.173600,46.010576,51.847552,57.684527,,,,,,,,,,54.125874,48.821051,48.136991,53.668191,54.125874,73.117408,35.134340,63.621641,44.630107
2024-08-27,68.585261,2024-08-14,2024-06-30,1.480000,2.076385,33.031088,22.227528,2.971891,33.811330,39.982120,46.152910,52.323700,58.494490,,,,,,,,,,55.032275,49.162632,48.280438,53.769276,55.032275,74.992266,35.072285,65.012271,45.052280
2024-08-28,66.971490,2024-08-14,2024-06-30,1.480000,2.076385,32.253886,22.288735,3.100436,33.404601,39.842300,46.279999,52.717698,59.155397,,,,,,,,,,55.925229,49.480007,48.408643,53.867223,55.925229,76.362340,35.488117,66.143784,45.706673
2024-08-29,73.426573,2024-08-14,2024-06-30,1.480000,2.076385,35.362694,22.377797,3.315601,32.695993,39.580459,46.464924,53.349390,60.233856,,,,,,,,,,57.095212,49.914829,48.594675,53.991169,57.095212,78.753265,35.437160,67.924239,46.266186
2024-08-30,70.279720,2024-08-14,2024-06-30,1.480000,2.076385,33.847150,22.456393,3.472394,32.208068,39.418094,46.628121,53.838147,61.048174,,,,,,,,,,58.242335,50.303479,48.758965,54.104693,58.242335,80.153084,36.331585,69.197709,47.286960
2024-09-02,66.503497,2024-08-14,2024-06-30,1.480000,2.076385,32.028497,22.526327,3.579224,31.909636,39.341484,46.773332,54.205179,61.637027,,,,,,,,,,59.437332,50.629191,48.905236,54.189035,59.437332,80.340615,38.534049,69.888973,48.985691
2024-09-03,66.433566,2024-08-14,2024-06-30,1.480000,2.076385,31.994819,22.593817,3.680199,31.630444,39.271955,46.913465,54.554976,62.196487,,,,,,,,,,60.688004,50.974359,49.046441,54.272189,60.688004,79.983725,41.392283,70.335865,51.040144
2024-09-04,66.923077,2024-08-14,2024-06-30,1.480000,2.076385,32.230570,22.660890,3.781340,31.349698,39.201216,47.052735,54.904253,62.755771,,,,,,,,,,61.817913,51.320513,49.186794,54.351107,61.817913,79.671907,43.963919,70.744910,52.890916
2024-09-05,66.993007,2024-08-14,2024-06-30,1.480000,2.076385,32.264249,22.737983,3.881558,31.093592,39.153202,47.212811,55.272421,63.332030,,,,,,,,,,62.986283,51.669625,49.347902,54.433903,62.986283,78.765377,47.207189,70.875830,55.096736
2024-09-06,67.132867,2024-08-14,2024-06-30,1.480000,2.076385,32.331606,22.808279,3.977897,30.839480,39.099126,47.358772,55.618419,63.878065,,,,,,,,,,64.158956,52.028241,49.494935,54.521763,64.158956,77.133337,51.184576,70.646147,57.671766
2024-09-09,65.734266,2024-08-14,2024-06-30,1.480000,2.076385,31.658031,22.877291,4.058852,30.646586,39.074327,47.502067,55.929808,64.357549,,,,,,,,,,65.043841,52.367133,49.639277,54.601107,65.043841,75.571791,54.515890,70.307816,59.779866
2024-09-10,63.006993,2024-08-14,2024-06-30,1.480000,2.076385,30.344560,22.934058,4.115337,30.529889,39.074914,47.619938,56.164963,64.709988,,,,,,,,,,65.609467,52.652501,49.758203,54.668191,65.609467,74.144514,57.074421,69.876991,61.341944
2024-09-11,69.300699,2024-08-14,2024-06-30,1.480000,2.076385,33.375648,23.016301,4.224052,30.249189,39.019948,47.790706,56.561465,65.332224,,,,,,,,,,66.236955,53.034696,49.930025,54.759705,66.236955,73.822263,58.651648,70.029609,62.444302
2024-09-12,70.629371,2024-08-14,2024-06-30,1.480000,2.076385,34.015544,23.105825,4.341733,29.946371,38.961481,47.976592,56.991702,66.006813,,,,,,,,,,66.903981,53.457863,50.116954,54.852273,66.903981,73.451407,60.356554,70.177694,63.630267
2024-09-13,69.930070,2024-08-14,2024-06-30,1.480000,2.076385,33.678756,23.192975,4.447726,29.687165,38.922357,48.157548,57.392740,66.627931,,,,,,,,,,67.253631,53.867581,50.298951,54.941030,67.253631,73.654329,60.852933,70.453980,64.053282
2024-09-16,68.181818,2024-08-14,2024-06-30,1.480000,2.076385,32.836788,23.271160,4.533990,29.491273,38.905582,48.319891,57.734200,67.148509,,,,,,,,,,67.623453,54.243679,50.462345,55.018917,67.623453,73.259618,61.987289,70.441536,64.805371
2024-09-18,68.251748,2024-08-14,2024-06-30,1.480000,2.076385,32.870466,23.345513,4.617573,29.298558,38.886418,48.474278,58.062137,67.649997,,,,,,,,,,67.929532,54.620047,50.617805,55.096199,67.929532,72.939736,62.919328,70.434634,65.424430
2024-09-19,68.671329,2024-08-14,2024-06-30,1.480000,2.076385,33.072539,23.423499,4.702105,29.109445,38.872825,48.636205,58.399586,68.162966,,,,,,,,,,68.229693,55.018648,50.780796,55.177022,68.229693,72.589820,63.869567,70.409757,66.049630
2024-09-20,67.412587,2024-08-14,2024-06-30,1.480000,2.076385,32.466321,23.495783,4.773944,28.961202,38.873749,48.786295,58.698842,68.611389,,,,,,,,,,68.157612,55.397167,50.931953,55.249910,68.157612,72.521930,63.793293,70.339771,65.975452
2024-09-23,67.972028,2024-08-14,2024-06-30,1.480000,2.076385,32.735751,23.568798,4.847752,28.806301,38.872101,48.937901,59.003701,69.069501,,,,,,,,,,68.073158,55.785010,51.084633,55.326923,68.073158,72.379966,63.766349,70.226562,65.919753
2024-09-24,72.377622,2024-08-14,2024-06-30,1.480000,2.076385,34.857513,23.662307,4.956080,28.550603,38.841333,49.132063,59.422793,69.713524,,,,,,,,,,68.235880,56.245383,51.279855,55.421396,68.235880,72.937551,63.534208,70.586715,65.885044
2024-09-25,72.727273,2024-08-14,2024-06-30,1.480000,2.076385,35.025907,23.764871,5.062585,28.321274,38.833150,49.345026,59.856902,70.368778,,,,,,,,,,68.442980,56.703514,51.477542,55.516429,68.442980,73.556324,63.329636,70.999652,65.886308
2024-09-26,69.860140,2024-08-14,2024-06-30,1.480000,2.076385,33.645078,23.854890,5.141476,28.180570,38.856254,49.531938,60.207623,70.883307,,,,,,,,,,68.587413,57.111171,51.649094,55.594137,68.587413,73.688924,63.485902,71.138168,66.036657
2024-09-27,69.370629,2024-08-14,2024-06-30,1.480000,2.076385,33.409326,23.945229,5.213421,28.069378,38.894448,49.719518,60.544588,71.369659,,,,,,,,,,68.384615,57.523220,51.821499,55.673391,68.384615,72.972795,63.796435,70.678705,66.090525
2024-09-30,69.580420,2024-08-14,2024-06-30,1.480000,2.076385,33.510363,24.034748,5.284777,27.958927,38.932161,49.905394,60.878628,71.851861,,,,,,,,,,68.349650,57.939663,51.992066,55.749036,68.349650,72.887403,63.811897,70.618527,66.080774
2024-10-01,70.629371,2024-08-14,2024-06-30,1.480000,2.076385,34.015544,24.127646,5.361515,27.833147,38.965716,50.098285,61.230855,72.363424,,,,,,,,,,68.555944,58.371795,52.169580,55.824570,68.555944,73.115397,63.996491,70.835671,66.276218
2024-10-04,67.342657,2024-08-14,2024-06-30,1.480000,2.076385,32.432642,24.207145,5.413525,27.782229,39.022792,50.263356,61.503919,72.744483,,,,,,,,,,68.601399,58.726735,52.319258,55.881029,68.601399,73.089328,64.113470,70.845363,66.357434
2024-10-07,68.321678,2024-08-14,2024-06-30,1.480000,2.076385,32.904145,24.293898,5.468968,27.732122,39.087805,50.443489,61.799172,73.154856,,,,,,,,,,68.671329,59.114129,52.484266,55.934396,68.671329,73.092232,64.250425,70.881780,66.460877
2024-10-08,69.090909,2024-08-14,2024-06-30,1.480000,2.076385,33.274611,24.383946,5.527314,27.676798,39.153631,50.630464,62.107296,73.584129,,,,,,,,,,68.776224,59.523310,52.656132,55.968554,68.776224,73.128478,64.423969,70.952351,66.600097
2024-10-09,68.531469,2024-08-14,2024-06-30,1.480000,2.076385,33.005181,24.475074,5.578746,27.652428,39.236054,50.819680,62.403306,73.986932,,,,,,,,,,68.846154,59.872064,52.830509,55.975278,68.846154,73.131663,64.560645,70.988908,66.703399
2024-10-11,65.734266,2024-08-14,2024-06-30,1.480000,2.076385,31.658031,24.565990,5.606329,27.726661,39.367559,51.008457,62.649354,74.290252,,,,,,,,,,68.846154,60.175094,53.005334,55.943227,68.846154,73.131663,64.560645,70.988908,66.703399
2024-10-14,67.482517,2024-08-14,2024-06-30,1.480000,2.076385,32.500000,24.657896,5.645432,27.755105,39.477197,51.199288,62.921380,74.643471,,,,,,,,,,69.069930,60.507262,53.181729,55.888202,69.069930,72.441599,65.698261,70.755765,67.384095
2024-10-15,66.083916,2024-08-14,2024-06-30,1.480000,2.076385,31.826425,24.746682,5.673859,27.821409,39.602526,51.383643,63.164759,74.945876,,,,,,,,,,68.909091,60.814327,53.351847,55.841918,68.909091,72.531953,65.286229,70.720522,67.097660
2024-10-16,66.433566,2024-08-14,2024-06-30,1.480000,2.076385,31.994819,24.841859,5.699006,27.914603,39.747935,51.581267,63.414599,75.247931,,,,,,,,,,68.699301,61.127219,53.535637,55.815022,68.699301,72.388060,65.010541,70.543680,66.854921
2024-10-17,67.412587,2024-08-14,2024-06-30,1.480000,2.076385,32.466321,24.943043,5.725849,28.013228,39.902297,51.791365,63.680433,75.569502,,,,,,,,,,68.573427,61.434015,53.732069,55.765308,68.573427,72.257159,64.889694,70.415293,66.731561
2024-10-18,65.734266,2024-08-14,2024-06-30,1.480000,2.076385,31.658031,25.034583,5.744790,28.124640,40.053038,51.981436,63.909833,75.838231,,,,,,,,,,68.451049,61.729873,53.908239,55.727654,68.451049,72.346117,64.555981,70.398583,66.503515
2024-10-21,64.965035,2024-08-14,2024-06-30,1.480000,2.076385,31.287565,25.119917,5.761098,28.234107,40.196366,52.158624,64.120882,76.083140,,,,,,,,,,68.286713,62.046979,54.071275,55.675587,68.286713,72.482886,64.090541,70.384799,66.188627
2024-10-22,64.475524,2024-08-14,2024-06-30,1.480000,2.076385,31.051813,25.206613,5.771511,28.370877,40.354757,52.338637,64.322516,76.306396,,,,,,,,,,68.076923,62.372064,54.237404,55.625964,68.076923,72.599017,63.554829,70.337970,65.815876
2024-10-23,66.153846,2024-08-14,2024-06-30,1.480000,2.076385,31.860104,25.298589,5.788984,28.489295,40.509455,52.529615,64.549775,76.569935,,,,,,,,,,68.013986,62.702708,54.414380,55.588937,68.013986,72.609453,63.418519,70.311719,65.716253
2024-10-24,64.055944,2024-08-14,2024-06-30,1.480000,2.076385,30.849741,25.377158,5.799891,28.607138,40.649946,52.692755,64.735563,76.778371,,,,,,,,,,67.818182,63.016317,54.563116,55.546530,67.818182,72.743082,62.893282,70.280632,65.355732
2024-10-25,64.265734,2024-08-14,2024-06-30,1.480000,2.076385,30.950777,25.460102,5.807897,28.746116,40.805547,52.864978,64.924409,76.983840,,,,,,,,,,67.412587,63.258114,54.721221,55.491550,67.412587,72.086159,62.739016,69.749373,65.075802
2024-10-28,63.846154,2024-08-14,2024-06-30,1.480000,2.076385,30.748705,25.541778,5.812819,28.895267,40.964917,53.034568,65.104219,77.173870,,,,,,,,,,66.968531,63.481262,54.876726,55.447149,66.968531,71.180810,62.756252,69.074671,64.862392
2024-10-29,63.356643,2024-08-14,2024-06-30,1.480000,2.076385,30.512953,25.622944,5.813673,29.060252,41.131676,53.203099,65.274523,77.345947,,,,,,,,,,66.643357,63.718666,55.031289,55.395105,66.643357,70.919366,62.367347,68.781361,64.505352
2024-10-30,63.146853,2024-08-14,2024-06-30,1.480000,2.076385,30.411917,25.703267,5.812689,29.231121,41.300502,53.369883,65.439263,77.508644,,,,,,,,,,66.332168,63.937332,55.184104,55.370204,66.332168,70.677788,61.986548,68.504978,64.159358
2024-11-01,62.867133,2024-08-14,2024-06-30,1.480000,2.076385,30.277202,25.783507,5.808782,29.413956,41.475224,53.536492,65.597760,77.659028,,,,,,,,,,65.996503,64.196163,55.336830,55.359826,65.996503,70.322749,61.670258,68.159626,63.833381
2024-11-04,59.440559,2024-08-14,2024-06-30,1.480000,2.076385,28.626943,25.848541,5.796450,29.600199,41.635863,53.671526,65.707190,77.742854,,,,,,,,,,65.437063,64.476780,55.457863,55.338533,65.437063,70.119850,60.754276,67.778456,63.095669
2024-11-05,60.769231,2024-08-14,2024-06-30,1.480000,2.076385,29.266839,25.920153,5.785049,29.796243,41.808232,53.820222,65.832211,77.844201,,,,,,,,,,65.108392,64.799265,55.592657,55.319415,65.108392,70.137930,60.078853,67.623161,62.593622
2024-11-06,61.118881,2024-08-14,2024-06-30,1.480000,2.076385,29.435233,25.992962,5.773745,29.994363,41.982881,53.971400,65.959918,77.948436,,,,,,,,,,64.748252,65.079164,55.729918,55.300632,64.748252,69.840127,59.656376,67.294190,62.202314
2024-11-07,61.608392,2024-08-14,2024-06-30,1.480000,2.076385,29.670984,26.069397,5.761098,30.205591,42.167850,54.130109,66.092367,78.054626,,,,,,,,,,64.374126,65.378878,55.874843,55.289493,64.374126,69.215936,59.532316,66.795031,61.953221
2024-11-08,59.930070,2024-08-14,2024-06-30,1.480000,2.076385,28.862694,26.129953,5.751866,30.369668,42.312757,54.255846,66.198934,78.142023,,,,,,,,,,63.944056,65.649722,55.986059,55.265757,63.944056,68.758984,59.129128,66.351520,61.536592
2024-11-11,60.769231,2024-08-14,2024-06-30,1.480000,2.076385,29.266839,26.203370,5.735046,30.591962,42.500125,54.408289,66.316452,78.224616,,,,,,,,,,63.695804,65.861933,56.110992,55.242155,63.695804,68.632538,58.759071,66.164171,61.227437
2024-11-12,59.580420,2024-08-14,2024-06-30,1.480000,2.076385,28.694301,26.272017,5.714948,30.817961,42.684393,54.550825,66.417257,78.283690,,,,,,,,,,63.300699,65.993366,56.226018,55.201273,63.300699,68.226227,58.375172,65.763463,60.837936
2024-11-13,59.720280,2024-08-14,2024-06-30,1.480000,2.076385,28.761658,26.336417,5.698942,31.018148,42.851346,54.684544,66.517743,78.350941,,,,,,,,,,62.982517,66.042855,56.331451,55.146405,62.982517,67.972765,57.992270,65.477641,60.487394
2024-11-14,57.692308,2024-11-14,2024-09-30,1.460000,3.076923,18.750000,26.319790,5.718269,45.794622,63.389296,80.983969,98.578643,116.173317,,,,,,,,,,62.545455,66.049579,56.425363,55.066277,62.545455,67.787859,57.303050,65.166657,59.924253
2024-11-15,57.482517,2024-11-14,2024-09-30,1.460000,3.076923,18.681818,26.299991,5.740711,45.595599,63.259324,80.923049,98.586774,116.250499,,,,,,,,,,62.048951,65.958670,56.511700,54.995360,62.048951,67.231053,56.866850,64.640002,59.457900
2024-11-18,57.062937,2024-11-14,2024-09-30,1.460000,3.076923,18.545455,26.279056,5.764520,45.384661,63.121647,80.858633,98.595619,116.332605,,,,,,,,,,61.615385,65.896629,56.594540,54.946230,61.615385,66.948035,56.282734,64.281710,58.949059
2024-11-19,58.461538,2024-11-14,2024-09-30,1.460000,3.076923,19.000000,26.264913,5.780390,45.243485,63.029301,80.815117,98.600933,116.386749,,,,,,,,,,61.290210,65.835485,56.695759,54.902927,61.290210,66.555555,56.024864,63.922883,58.657537
2024-11-20,58.601399,2024-11-14,2024-09-30,1.460000,3.076923,19.045455,26.247744,5.798873,45.076915,62.919602,80.762289,98.604976,116.447663,,,,,,,,,,60.996503,65.767707,56.790524,54.857966,60.996503,66.168219,55.824788,63.582361,58.410646
2024-11-21,58.671329,2024-11-14,2024-09-30,1.460000,3.076923,19.068182,26.221549,5.824303,44.839827,62.760759,80.681690,98.602621,116.523552,,,,,,,,,,60.622378,65.597992,56.865250,54.820020,60.622378,65.280261,55.964495,62.951319,58.293436
2024-11-22,59.370629,2024-11-14,2024-09-30,1.460000,3.076923,19.295455,26.201255,5.844290,44.654382,62.636814,80.619246,98.601678,116.584110,,,,,,,,,,60.388112,65.426484,56.954770,54.796194,60.388112,64.782733,55.993491,62.585422,58.190801
2024-11-25,60.839161,2024-11-14,2024-09-30,1.460000,3.076923,19.772727,26.184137,5.860198,44.503820,62.535197,80.566574,98.597951,116.629328,,,,,,,,,,60.216783,65.288417,57.054734,54.776246,60.216783,64.225083,56.208484,62.220933,58.212633
2024-11-26,60.489510,2024-11-14,2024-09-30,1.460000,3.076923,19.659091,26.168876,5.874890,44.366452,62.443035,80.519618,98.596201,116.672784,,,,,,,,,,60.048951,65.153488,57.158060,54.751479,60.048951,63.680810,56.417092,61.864881,58.233021
2024-11-27,58.811189,2024-11-14,2024-09-30,1.460000,3.076923,19.113636,26.149671,5.894285,44.188002,62.324263,80.460525,98.596786,116.733047,,,,,,,,,,59.821678,65.017483,57.248745,54.723081,59.821678,63.137115,56.506241,61.479397,58.163960
2024-11-28,57.762238,2024-11-14,2024-09-30,1.460000,3.076923,18.772727,26.129828,5.915215,43.998147,62.198809,80.399470,98.600132,116.800794,,,,,,,,,,59.552448,64.756410,57.335620,54.693675,59.552448,62.594171,56.510724,61.073309,58.031586
2024-11-29,58.601399,2024-11-14,2024-09-30,1.460000,3.076923,19.045455,26.113660,5.932021,43.844978,62.097351,80.349724,98.602097,116.854470,,,,,,,,,,59.339161,64.561772,57.432625,54.664403,59.339161,61.973146,56.705176,60.656153,58.022168
2024-12-02,58.391608,2024-11-14,2024-09-30,1.460000,3.076923,18.977273,26.096924,5.949418,43.686425,61.992327,80.298229,98.604130,116.910032,,,,,,,,,,59.286713,64.426573,57.527882,54.635377,59.286713,61.953763,56.619664,60.620238,57.953189
2024-12-03,58.881119,2024-11-14,2024-09-30,1.460000,3.076923,19.136364,26.086122,5.960955,43.582189,61.923589,80.264990,98.606390,116.947790,,,,,,,,,,59.192308,64.300699,57.637529,54.618478,59.192308,61.770592,56.614023,60.481450,57.903165
2024-12-04,59.020979,2024-11-14,2024-09-30,1.460000,3.076923,19.181818,26.074095,5.973508,43.467933,61.847959,80.227985,98.608011,116.988036,,,,,,,,,,59.087413,64.168998,57.744755,54.604402,59.087413,61.501123,56.673703,60.294268,57.880558
2024-12-05,58.601399,2024-11-14,2024-09-30,1.460000,3.076923,19.045455,26.061333,5.986972,43.345809,61.767263,80.188716,98.610170,117.031624,,,,,,,,,,58.937063,64.029138,57.849381,54.595302,58.937063,61.044806,56.829320,59.990934,57.883192
2024-12-06,58.741259,2024-11-14,2024-09-30,1.460000,3.076923,19.090909,26.050552,5.998434,43.242102,61.698823,80.155544,98.612266,117.068987,,,,,,,,,,58.877622,63.889277,57.958759,54.573337,58.877622,60.933877,56.821368,59.905750,57.849495
2024-12-09,57.692308,2024-11-14,2024-09-30,1.460000,3.076923,18.750000,26.037731,6.012481,43.116214,61.616156,80.116097,98.616038,117.115979,,,,,,,,,,58.723776,63.755245,58.061189,54.532432,58.723776,60.639763,56.807789,59.681770,57.765783
2024-12-10,57.342657,2024-11-14,2024-09-30,1.460000,3.076923,18.636364,26.022161,6.029325,42.964646,61.516417,80.068188,98.619959,117.171729,,,,,,,,,,58.611888,63.660839,58.156670,54.499036,58.611888,60.577945,56.645831,59.594917,57.628860
2024-12-11,56.923077,2024-11-14,2024-09-30,1.460000,3.076923,18.500000,26.003651,6.049113,42.785925,61.398580,80.011235,98.623890,117.236545,,,,,,,,,,58.472028,63.454545,58.244621,54.465013,58.472028,60.502993,56.441063,59.487510,57.456545
2024-12-12,56.363636,2024-11-14,2024-09-30,1.460000,3.076923,18.318182,25.987833,6.066829,42.628230,61.295397,79.962564,98.629732,117.296899,,,,,,,,,,58.405594,63.216783,58.337323,54.428658,58.405594,60.622371,56.188818,59.513983,57.297206
2024-12-13,55.384615,2024-11-14,2024-09-30,1.460000,3.076923,18.000000,25.968963,6.088265,42.438258,61.171380,79.904502,98.637624,117.370747,,,,,,,,,,58.300699,62.974359,58.420970,54.394948,58.300699,60.871636,55.729762,59.586168,57.015231
2024-12-16,54.685315,2024-11-14,2024-09-30,1.460000,3.076923,17.772727,25.947197,6.113015,42.218976,61.028253,79.837531,98.646808,117.456086,,,,,,,,,,58.181818,62.749417,58.496548,54.361686,58.181818,61.178394,55.185243,59.680106,56.683531
2024-12-17,55.314685,2024-11-14,2024-09-30,1.460000,3.076923,17.977273,25.926936,6.135515,42.018173,60.896680,79.775188,98.653695,117.532202,,,,,,,,,,58.024476,62.533800,58.576923,54.333289,58.024476,61.278607,54.770344,59.651541,56.397410
2024-12-18,54.965035,2024-11-14,2024-09-30,1.460000,3.076923,17.863636,25.909133,6.155923,41.837808,60.779108,79.720409,98.661710,117.603010,,,,,,,,,,57.842657,62.305361,58.662005,54.303434,57.842657,61.357010,54.328305,59.599834,56.085481
2024-12-19,53.916084,2024-11-14,2024-09-30,1.460000,3.076923,17.522727,25.888689,6.179819,41.627848,60.642677,79.657506,98.672334,117.687163,,,,,,,,,,57.604895,62.080420,58.738793,54.272570,57.604895,61.505404,53.704386,59.555150,55.654640
2024-12-20,54.125874,2024-11-14,2024-09-30,1.460000,3.076923,17.590909,25.868814,6.202788,41.425346,60.510848,79.596350,98.681853,117.767355,,,,,,,,,,57.342657,61.849650,58.817330,54.242581,57.342657,61.443409,53.241906,59.393033,55.292282
2024-12-23,54.475524,2024-11-14,2024-09-30,1.460000,3.076923,17.704545,25.849685,6.224541,41.232628,60.385060,79.537493,98.689925,117.842357,,,,,,,,,,57.024476,61.551282,58.898332,54.214049,57.024476,60.967408,53.081543,58.995942,55.053010
2024-12-24,55.594406,2024-11-14,2024-09-30,1.460000,3.076923,18.068182,25.831784,6.243937,41.058187,60.270299,79.482412,98.694524,117.906637,,,,,,,,,,56.779720,61.265734,58.984624,54.190178,56.779720,60.412536,53.146904,58.596128,54.963312
2024-12-25,55.244755,2024-11-14,2024-09-30,1.460000,3.076923,17.954545,25.812334,6.264948,40.869040,60.145804,79.422568,98.699331,117.976095,,,,,,,,,,56.601399,61.022145,59.066658,54.165972,56.601399,60.163796,53.039001,58.382597,54.820200
2024-12-26,54.825175,2024-11-14,2024-09-30,1.460000,3.076923,17.818182,25.794553,6.284718,40.692670,60.030263,79.367856,98.705449,118.043043,,,,,,,,,,56.454545,60.779720,59.151470,54.137776,56.454545,60.057375,52.851716,58.255960,54.653131
2024-12-27,55.034965,2024-11-14,2024-09-30,1.460000,3.076923,17.886364,25.777541,6.303468,40.524940,59.920225,79.315510,98.710794,118.106079,,,,,,,,,,56.276224,60.537296,59.238479,54.112695,56.276224,59.783421,52.769026,58.029823,54.522625
2024-12-30,56.083916,2024-11-14,2024-09-30,1.460000,3.076923,18.227273,25.762968,6.318995,40.384551,59.827611,79.270671,98.713731,118.156792,,,,,,,,,,56.160839,60.294872,59.333333,54.088623,56.160839,59.523887,52.797792,57.842363,54.479315
2024-12-31,56.503497,2024-11-14,2024-09-30,1.460000,3.076923,18.363636,25.744524,6.337462,40.214154,59.714037,79.213920,98.713804,118.213687,,,,,,,,,,56.041958,60.114219,59.420477,54.074144,56.041958,59.159236,52.924680,57.600597,54.483319
2025-01-02,56.433566,2024-11-14,2024-09-30,1.460000,3.076923,18.340909,25.729496,6.352972,40.072467,59.620074,79.167681,98.715289,118.262896,,,,,,,,,,55.912587,59.916084,59.515107,54.073942,55.912587,58.707388,53.117787,57.309988,54.515187
2025-01-03,55.594406,2024-11-14,2024-09-30,1.460000,3.076923,18.068182,25.714199,6.369307,39.924879,59.522746,79.120613,98.718480,118.316347,,,,,,,,,,55.762238,59.691142,59.607226,54.060158,55.762238,58.255228,53.269248,57.008733,54.515743
2025-01-06,55.664336,2024-11-14,2024-09-30,1.460000,3.076923,18.090909,25.687673,6.394532,39.688026,59.363510,79.038994,98.714479,118.389963,,,,,,,,,,55.608392,59.476690,59.674377,54.037699,55.608392,57.669709,53.547074,56.639050,54.577733
2025-01-07,55.384615,2024-11-14,2024-09-30,1.460000,3.076923,18.000000,25.660590,6.420316,39.446023,59.200842,78.955661,98.710480,118.465299,,,,,,,,,,55.493007,59.304196,59.739645,54.029765,55.493007,57.306639,53.679375,56.399823,54.586191
2025-01-08,55.944056,2024-11-14,2024-09-30,1.460000,3.076923,18.181818,25.635022,6.444094,39.221028,59.049009,78.876990,98.704970,118.532951,,,,,,,,,,55.423077,59.111888,59.809575,54.032006,55.423077,57.032812,53.813342,56.227945,54.618209
2025-01-09,55.174825,2024-11-14,2024-09-30,1.460000,3.076923,17.931818,25.606969,6.470405,38.972799,58.881737,78.790675,98.699614,118.608552,,,,,,,,,,55.335664,58.930070,59.872198,54.026560,55.335664,56.784238,53.887091,56.059951,54.611378
2025-01-10,56.223776,2024-11-14,2024-09-30,1.460000,3.076923,18.272727,25.581758,6.493189,38.755016,58.734059,78.713102,98.692146,118.671189,,,,,,,,,,55.328671,58.759907,59.943563,54.033329,55.328671,56.757567,53.899776,56.043119,54.614224
2025-01-13,54.545455,2024-11-14,2024-09-30,1.460000,3.076923,17.727273,25.546994,6.524166,38.457419,58.531777,78.606134,98.680491,118.754849,,,,,,,,,,55.286713,58.545455,59.989735,54.038484,55.286713,56.757364,53.816063,56.022039,54.551388
2025-01-14,54.895105,2024-11-14,2024-09-30,1.460000,3.076923,17.840909,25.516982,6.551433,38.197279,58.355535,78.513790,98.672046,118.830301,,,,,,,,,,55.297203,58.364802,60.047337,54.055406,55.297203,56.752707,53.841699,56.024955,54.569451
2025-01-15,56.713287,2024-11-14,2024-09-30,1.460000,3.076923,18.431818,25.499507,6.567627,38.043855,58.251938,78.460020,98.668103,118.876186,,,,,,,,,,55.367133,58.227273,60.137126,54.083938,55.367133,56.954585,53.779681,56.160859,54.573407
2025-01-16,56.083916,2024-11-14,2024-09-30,1.460000,3.076923,18.227273,25.483933,6.582746,37.902893,58.157497,78.412100,98.666704,118.921308,,,,,,,,,,55.423077,58.087413,60.229738,54.112986,55.423077,57.029611,53.816543,56.226344,54.619810
2025-01-17,55.734266,2024-11-14,2024-09-30,1.460000,3.076923,18.113636,25.462404,6.602727,37.713688,58.029773,78.345857,98.661942,118.978026,,,,,,,,,,55.513986,57.913753,60.308230,54.136991,55.513986,56.959126,54.068846,56.236556,54.791416
2025-01-20,55.524476,2024-11-14,2024-09-30,1.460000,3.076923,18.045455,25.444313,6.620173,37.550668,57.920431,78.290193,98.659956,119.029719,,,,,,,,,,55.583916,57.771562,60.393939,54.156984,55.583916,56.873183,54.294649,56.228550,54.939283
2025-01-21,55.734266,2024-11-14,2024-09-30,1.460000,3.076923,18.113636,25.409963,6.647598,37.276205,57.730354,78.184503,98.638652,119.092801,,,,,,,,,,55.646853,57.629371,60.443742,54.177403,55.646853,56.826536,54.467170,56.236695,55.057012
2025-01-22,55.524476,2024-11-14,2024-09-30,1.460000,3.076923,18.045455,25.372442,6.676532,36.982699,57.525875,78.069051,98.612227,119.155403,,,,,,,,,,55.643357,57.490676,60.485969,54.198740,55.643357,56.824108,54.462605,56.233732,55.052981
2025-02-03,55.244755,2024-11-14,2024-09-30,1.460000,3.076923,17.954545,25.339170,6.703638,36.713518,57.340098,77.966677,98.593257,119.219836,,,,,,,,,,55.643357,57.355478,60.537072,54.223843,55.643357,56.824108,54.462605,56.233732,55.052981
2025-02-04,55.104895,2024-11-14,2024-09-30,1.460000,3.076923,17.909091,25.302114,6.732496,36.421915,57.137287,77.852660,98.568032,119.283405,,,,,,,,,,55.657343,57.221445,60.579389,54.249260,55.657343,56.803406,54.511280,56.230374,55.084311
2025-02-05,55.874126,2024-11-14,2024-09-30,1.460000,3.076923,18.159091,25.277158,6.753520,36.215748,56.995810,77.775871,98.555933,119.335994,,,,,,,,,,55.699301,57.104895,60.650529,54.273848,55.699301,56.810333,54.588268,56.254817,55.143784
2025-02-06,55.734266,2024-11-14,2024-09-30,1.460000,3.076923,18.113636,25.269451,6.761222,36.144635,56.948396,77.752158,98.555919,119.359681,,,,,,,,,,55.681818,57.043124,60.759952,54.302560,55.681818,56.778276,54.585360,56.230047,55.133589
2025-02-07,56.293706,2024-11-14,2024-09-30,1.460000,3.076923,18.295455,25.267667,6.763050,36.127898,56.937282,77.746666,98.556051,119.365435,,,,,,,,,,55.671329,56.968531,60.883898,54.332257,55.671329,56.738307,54.604351,56.204818,55.137840
2025-02-10,56.503497,2024-11-14,2024-09-30,1.460000,3.076923,18.363636,25.255633,6.774122,36.022733,56.866186,77.709639,98.553093,119.396546,,,,,,,,,,55.674825,56.891608,60.985386,54.345795,55.674825,56.752723,54.596927,56.213774,55.135876
2025-02-11,62.097902,2024-11-14,2024-09-30,1.460000,3.076923,20.181818,25.261355,6.769504,36.068758,56.898002,77.727245,98.556489,119.385732,,,,,,,,,,56.000000,56.899767,61.139322,54.374798,56.000000,59.066063,52.933937,57.533032,54.466968
2025-02-12,64.335664,2024-11-14,2024-09-30,1.460000,3.076923,20.909091,25.272937,6.760781,36.158079,56.960481,77.762883,98.565284,119.367686,,,,,,,,,,56.433566,56.973193,61.311458,54.417608,56.433566,61.251615,51.615518,58.842591,54.024542
2025-02-13,63.286713,2024-11-14,2024-09-30,1.460000,3.076923,20.568182,25.265452,6.765526,36.105849,56.922851,77.739853,98.556855,119.373857,,,,,,,,,,56.828671,57.015152,61.438542,54.452685,56.828671,62.504246,51.153096,59.666459,53.990884
2025-02-14,62.167832,2024-11-14,2024-09-30,1.460000,3.076923,20.204545,25.241315,6.778467,35.951943,56.808764,77.665586,98.522407,119.379228,,,,,,,,,,57.139860,57.058275,61.525820,54.478618,57.139860,63.275091,51.004629,60.207476,54.072244
2025-02-17,62.097902,2024-11-14,2024-09-30,1.460000,3.076923,20.181818,25.181734,6.791350,35.689337,56.585797,77.482258,98.378718,119.275179,,,,,,,,,,57.486014,57.097902,61.570378,54.505379,57.486014,63.927972,51.044056,60.706993,54.265035
2025-02-18,62.867133,2024-11-14,2024-09-30,1.460000,3.076923,20.431818,25.122077,6.801446,35.443643,56.371170,77.298697,98.226224,119.153751,,,,,,,,,,57.818182,57.184149,61.616864,54.535346,57.818182,64.658864,50.977500,61.238523,54.397841
2025-02-19,62.657343,2024-11-14,2024-09-30,1.460000,3.076923,20.363636,25.039183,6.798292,35.208000,56.125820,77.043640,97.961460,118.879280,,,,,,,,,,58.223776,57.270396,61.614533,54.566680,58.223776,65.207856,51.239697,61.715816,54.731736
2025-02-20,63.846154,2024-11-14,2024-09-30,1.460000,3.076923,20.750000,24.968145,6.798200,34.989980,55.907520,76.825060,97.742600,118.660140,,,,,,,,,,58.671329,57.383450,61.640039,54.601847,58.671329,65.900182,51.442475,62.285755,55.056902
2025-02-21,65.454545,2024-11-14,2024-09-30,1.460000,3.076923,21.272727,24.896065,6.791082,34.812000,55.707638,76.603277,97.498915,118.394553,,,,,,,,,,59.108392,57.500000,61.667743,54.649319,59.108392,66.875734,51.341049,62.992063,55.224720
2025-02-24,65.384615,2024-11-14,2024-09-30,1.460000,3.076923,21.250000,24.821637,6.781606,34.641305,55.507787,76.374268,97.240749,118.107230,,,,,,,,,,59.573427,57.613054,61.690380,54.701654,59.573427,67.684414,51.462440,63.628920,55.517933
2025-02-25,64.055944,2024-11-14,2024-09-30,1.460000,3.076923,20.818182,24.718783,6.747581,34.534221,55.296008,76.057795,96.819582,117.581369,,,,,,,,,,59.989510,57.702797,61.650394,54.753384,59.989510,68.125005,51.854016,64.057258,55.921763
2025-02-26,63.916084,2024-11-14,2024-09-30,1.460000,3.076923,20.772727,24.612313,6.707757,34.451690,55.090941,75.730193,96.369444,117.008695,,,,,,,,,,60.409091,57.778555,61.602519,54.798705,60.409091,68.439891,52.378291,64.424491,56.393691
2025-02-27,62.727273,2024-11-14,2024-09-30,1.460000,3.076923,20.386364,24.504781,6.670802,34.348238,54.873782,75.399326,95.924870,116.450414,,,,,,,,,,60.758741,57.810023,61.549220,54.843106,60.758741,68.537527,52.979955,64.648134,56.869348
2025-03-03,62.237762,2024-11-14,2024-09-30,1.460000,3.076923,20.227273,24.398083,6.635583,34.236664,54.653843,75.071023,95.488203,115.905383,,,,,,,,,,61.094406,57.839161,61.496324,54.888381,61.094406,68.492225,53.696586,64.793315,57.395496
2025-03-04,63.706294,2024-11-14,2024-09-30,1.460000,3.076923,20.704545,24.301838,6.604367,34.132627,54.453757,74.774886,95.096016,115.417145,,,,,,,,,,61.517483,57.920746,61.469114,54.938878,61.517483,68.460565,54.574400,64.989024,58.045941
2025-03-05,63.146853,2024-11-14,2024-09-30,1.460000,3.076923,20.522727,24.178172,6.534077,34.184667,54.289520,74.394374,94.499228,114.604082,,,,,,,,,,61.919580,58.010490,61.383450,54.989062,61.919580,68.198707,55.640454,65.059144,58.780017
2025-03-06,63.776224,2024-11-14,2024-09-30,1.460000,3.076923,20.727273,24.068839,6.480476,34.178117,54.118042,74.057967,93.997892,113.937817,,,,,,,,,,62.314685,58.096737,61.329254,55.044110,62.314685,67.953979,56.675392,65.134332,59.495039
2025-03-07,62.027972,2024-11-14,2024-09-30,1.460000,3.076923,20.159091,23.969928,6.448469,34.070739,53.912181,73.753623,93.595066,113.436508,,,,,,,,,,62.629371,58.157343,61.291958,55.098597,62.629371,67.350153,57.908588,64.989762,60.268979
2025-03-10,61.468531,2024-11-14,2024-09-30,1.460000,3.076923,19.977273,23.869781,6.416029,33.962225,53.703853,73.445481,93.187109,112.928737,,,,,,,,,,62.888112,58.200466,61.250583,55.148512,62.888112,66.607916,59.168308,64.748014,61.028210
2025-03-11,59.160839,2024-11-14,2024-09-30,1.460000,3.076923,19.227273,23.761421,6.383360,33.829847,53.470955,73.112063,92.753171,112.394279,,,,,,,,,,63.020979,58.202797,61.185897,55.186346,63.020979,65.868014,60.173944,64.444496,61.597462
2025-03-12,60.000000,2024-11-14,2024-09-30,1.460000,3.076923,19.500000,23.655052,6.346726,33.727999,53.256387,72.784775,92.313163,111.841551,,,,,,,,,,62.916084,58.226107,61.127622,55.237762,62.916084,66.046775,59.785393,64.481429,61.350738
2025-03-13,60.139860,2024-11-14,2024-09-30,1.460000,3.076923,19.545455,23.548501,6.307042,33.644358,53.050641,72.456925,91.863208,111.269491,,,,,,,,,,62.706294,58.249417,61.069347,55.282141,62.706294,65.994800,59.417788,64.350547,61.062041
2025-03-14,60.349650,2024-11-14,2024-09-30,1.460000,3.076923,19.613636,23.448131,6.272646,33.547195,52.847645,72.148094,91.448544,110.748993,,,,,,,,,,62.559441,58.293706,61.024476,55.331876,62.559441,65.997719,59.121162,64.278580,60.840301
2025-03-17,62.447552,2024-11-14,2024-09-30,1.460000,3.076923,20.295455,23.364388,6.246829,33.448401,52.669413,71.890425,91.111437,110.332449,,,,,,,,,,62.573427,58.378788,61.019814,55.389008,62.573427,66.007271,59.139582,64.290349,60.856504
2025-03-18,63.076923,2024-11-14,2024-09-30,1.460000,3.076923,20.500000,23.257091,6.183687,33.506824,52.533552,71.560280,90.587008,109.613736,,,,,,,,,,62.622378,58.481352,60.967949,55.448987,62.622378,66.055592,59.189163,64.338985,60.905770
2025-03-19,62.587413,2024-11-14,2024-09-30,1.460000,3.076923,20.340909,23.143136,6.109313,33.613875,52.411762,71.209648,90.007535,108.805421,,,,,,,,,,62.608392,58.585082,60.900932,55.508943,62.608392,66.039686,59.177097,64.324039,60.892744
2025-03-20,64.195804,2024-11-14,2024-09-30,1.460000,3.076923,20.863636,23.036343,6.035156,33.741636,52.311346,70.881055,89.450765,108.020475,,,,,,,,,,62.685315,58.731935,60.853147,55.576049,62.685315,66.189436,59.181193,64.437375,60.933254
2025-03-21,62.797203,2024-11-14,2024-09-30,1.460000,3.076923,20.409091,22.932779,5.971864,33.812464,52.187430,70.562397,88.937363,107.312329,,,,,,,,,,62.632867,58.867133,60.808275,55.635310,62.632867,66.094980,59.170754,64.363924,60.901811
2025-03-24,61.888112,2024-11-14,2024-09-30,1.460000,3.076923,20.113636,22.826472,5.906662,33.886610,52.060954,70.235298,88.409642,106.583986,,,,,,,,,,62.454545,58.976690,60.755245,55.686525,62.454545,65.662804,59.246287,64.058675,60.850416
2025-03-25,61.748252,2024-11-14,2024-09-30,1.460000,3.076923,20.068182,22.718102,5.835970,33.988193,51.945023,69.901853,87.858684,105.815514,,,,,,,,,,62.272727,59.089744,60.697552,55.739174,62.272727,65.179843,59.365612,63.726285,60.819170
2025-03-26,62.237762,2024-11-14,2024-09-30,1.460000,3.076923,20.227273,22.616110,5.770757,34.075680,51.831856,69.588032,87.344207,105.100383,,,,,,,,,,62.181818,59.228438,60.654429,55.793191,62.181818,64.965222,59.398415,63.573520,60.790116
2025-03-27,61.258741,2024-11-14,2024-09-30,1.460000,3.076923,19.909091,22.509221,5.700099,34.181609,51.720376,69.259143,86.797910,104.336677,,,,,,,,,,62.048951,59.347319,60.598485,55.841559,62.048951,64.735807,59.362096,63.392379,60.705523
2025-03-28,58.041958,2024-11-14,2024-09-30,1.460000,3.076923,18.863636,22.375939,5.594958,34.418533,51.633788,68.849043,86.064299,103.279554,,,,,,,,,,61.814685,59.406760,60.479021,55.879438,61.814685,65.019597,58.609774,63.417141,60.212230
2025-03-31,55.454545,2025-03-31,2024-12-31,0.790000,3.244755,17.090517,22.226478,5.492819,36.473772,54.296626,72.119480,89.942333,107.765187,,,,,,,,,,61.475524,59.404429,60.335082,55.906312,61.475524,65.749342,57.201707,63.612433,59.338616
2025-04-01,57.342657,2025-03-31,2024-12-31,0.790000,3.244755,17.672414,22.093372,5.406645,36.601105,54.144345,71.687585,89.230824,106.774064,,,,,,,,,,61.157343,59.439394,60.230769,55.939932,61.157343,65.672596,56.642090,63.414969,58.899716
2025-04-02,56.503497,2025-03-31,2024-12-31,0.790000,3.244755,17.413793,21.960076,5.321828,36.719011,53.987041,71.255071,88.523102,105.791132,,,,,,,,,,60.825175,59.467366,60.123543,55.972521,60.825175,65.688228,55.962122,63.256701,58.393648
2025-04-07,50.909091,2025-03-31,2024-12-31,0.790000,3.244755,15.689655,21.811570,5.244896,36.736397,53.754802,70.773206,87.791611,104.810015,,,,,,,,,,60.181818,59.398601,59.967949,55.980007,60.181818,66.567262,53.796375,63.374540,56.989096
2025-04-08,45.874126,2025-03-31,2024-12-31,0.790000,3.244755,14.137931,21.645923,5.169577,36.687699,53.461711,70.235723,87.009735,103.783747,,,,,,,,,,59.374126,59.228438,59.761655,55.965618,59.374126,68.341088,50.407164,63.857607,54.890645
2025-04-09,41.328671,2025-03-31,2024-12-31,0.790000,3.244755,12.737069,21.481793,5.136785,36.367944,53.035553,69.703162,86.370771,103.038380,,,,,,,,,,58.367133,58.975524,59.544872,55.932065,58.367133,70.357494,46.376772,64.362313,52.371952
2025-04-10,45.454545,2025-03-31,2024-12-31,0.790000,3.244755,14.008621,21.324331,5.072916,36.271490,52.731862,69.192234,85.652606,102.112978,,,,,,,,,,57.681818,58.792541,59.354312,55.919289,57.681818,70.976957,44.386679,64.329388,51.034249
2025-04-11,48.671329,2025-03-31,2024-12-31,0.790000,3.244755,15.000000,21.172042,4.984689,36.349902,52.523999,68.698095,84.872192,101.046288,,,,,,,,,,57.115385,58.677156,59.184149,55.920141,57.115385,70.949069,43.281700,64.032227,50.198542
2025-04-14,51.328671,2025-03-31,2024-12-31,0.790000,3.244755,15.818966,21.028824,4.887799,36.513963,52.373675,68.233386,84.093098,99.952810,,,,,,,,,,56.674825,58.604895,59.040793,55.935651,56.674825,70.663303,42.686347,63.669064,49.680586
2025-04-15,52.167832,2025-03-31,2024-12-31,0.790000,3.244755,16.077586,20.898987,4.809384,36.601549,52.206823,67.812097,83.417371,99.022645,,,,,,,,,,56.265734,58.551282,58.927739,55.966537,56.265734,70.280236,42.251233,63.272985,49.258483
2025-04-16,52.307692,2025-03-31,2024-12-31,0.790000,3.244755,16.120690,20.762493,4.708747,36.811742,52.090475,67.369207,82.647939,97.926671,,,,,,,,,,55.758741,58.490676,58.801282,55.991505,55.758741,69.563699,41.953783,62.661220,48.856262
2025-04-17,52.097902,2025-03-31,2024-12-31,0.790000,3.244755,16.056034,20.631073,4.616532,36.983751,51.963266,66.942781,81.922296,96.901811,,,,,,,,,,55.209790,58.439394,58.684732,56.018289,55.209790,68.658008,41.761573,61.933899,48.485681
2025-04-18,51.398601,2025-03-31,2024-12-31,0.790000,3.244755,15.840517,20.496453,4.516832,37.193943,51.849959,66.505975,81.161991,95.818007,,,,,,,,,,54.650350,58.358974,58.559441,56.047539,54.650350,67.732241,41.568458,61.191296,48.109404
2025-04-21,49.300699,2025-03-31,2024-12-31,0.790000,3.244755,15.193966,20.352517,4.406035,37.445929,51.742433,66.038937,80.335441,94.631945,,,,,,,,,,53.905594,58.271562,58.408508,56.070289,53.905594,66.381300,41.429889,60.143447,47.667742
2025-04-22,49.020979,2025-03-31,2024-12-31,0.790000,3.244755,15.107759,20.214598,4.307092,37.640504,51.615964,65.591424,79.566883,93.542343,,,,,,,,,,53.216783,58.173660,58.269231,56.088735,53.216783,65.134173,41.299393,59.175478,47.258088
2025-04-23,50.769231,2025-03-31,2024-12-31,0.790000,3.244755,15.646552,20.084256,4.204631,37.882498,51.525497,65.168496,78.811495,92.454495,,,,,,,,,,52.660839,58.074592,58.150932,56.111104,52.660839,63.892674,41.429005,58.276756,47.044922
2025-04-24,50.349650,2025-03-31,2024-12-31,0.790000,3.244755,15.517241,19.954802,4.102009,38.128415,51.438431,64.748447,78.058464,91.368480,,,,,,,,,,52.090909,57.979021,58.033217,56.135310,52.090909,62.508466,41.673352,57.299688,46.882131
2025-04-25,51.958042,2025-03-31,2024-12-31,0.790000,3.244755,16.012931,19.822742,3.968426,38.566801,51.443374,64.319946,77.196518,90.073090,,,,,,,,,,51.576923,57.916084,57.914918,56.164649,51.576923,60.836587,42.317260,56.206755,46.947091
2025-04-28,52.237762,2025-03-31,2024-12-31,0.790000,3.244755,16.099138,19.699820,3.850699,38.931945,51.426520,63.921095,76.415670,88.910245,,,,,,,,,,51.125874,57.861305,57.816434,56.189775,51.125874,59.203155,43.048593,55.164515,47.087234
2025-04-29,53.426573,2025-03-31,2024-12-31,0.790000,3.244755,16.465517,19.579110,3.719860,39.389346,51.459382,63.529419,75.599456,87.669492,,,,,,,,,,50.895105,57.822844,57.726107,56.223664,50.895105,58.382605,43.407605,54.638855,47.151355
2025-04-30,52.587413,2025-03-31,2024-12-31,0.790000,3.244755,16.206897,19.457928,3.587438,39.855496,51.495855,63.136214,74.776573,86.416931,,,,,,,,,,50.751748,57.773893,57.632284,56.254505,50.751748,57.976880,43.526617,54.364314,47.139182
2025-05-02,53.916084,2025-03-31,2024-12-31,0.790000,3.244755,16.616379,19.342123,3.449208,40.376784,51.568620,62.760456,73.952292,85.144128,,,,,,,,,,50.580420,57.751748,57.553613,56.292451,50.580420,57.291728,43.869111,53.936074,47.224766
2025-05-05,53.566434,2025-03-31,2024-12-31,0.790000,3.244755,16.508621,19.226262,3.304727,40.938458,51.661487,62.384516,73.107544,83.830573,,,,,,,,,,50.433566,57.726107,57.473776,56.328940,50.433566,56.713861,44.153272,53.573714,47.293419
2025-05-06,54.195804,2025-03-31,2024-12-31,0.790000,3.244755,16.702586,19.113141,3.152077,41.562028,51.789746,62.017463,72.245181,82.472898,,,,,,,,,,50.597902,57.698135,57.401515,56.369172,50.597902,57.098723,44.097081,53.848312,47.347492
2025-05-07,54.195804,2025-03-31,2024-12-31,0.790000,3.244755,16.702586,19.013771,3.035433,41.996560,51.845797,61.695033,71.544269,81.393506,,,,,,,,,,51.013986,57.672494,57.357809,56.407836,51.013986,57.303602,44.724371,54.158794,47.869178
2025-05-08,56.713287,2025-03-31,2024-12-31,0.790000,3.244755,17.478448,18.915534,2.887996,42.634598,52.005438,61.376279,70.747120,80.117961,,,,,,,,,,51.783217,57.679487,57.324009,56.458333,51.783217,56.698261,46.868172,54.240739,49.325695
2025-05-09,57.202797,2025-03-31,2024-12-31,0.790000,3.244755,17.629310,18.817152,2.722997,43.386133,52.221592,61.057052,69.892511,78.727971,,,,,,,,,,52.370629,57.691142,57.291375,56.510646,52.370629,56.893497,47.847761,54.632063,50.109195
2025-05-12,57.202797,2025-03-31,2024-12-31,0.790000,3.244755,17.629310,18.716804,2.535045,44.280249,52.505849,60.731449,68.957049,77.182650,,,,,,,,,,52.797203,57.609557,57.254662,56.564753,52.797203,57.458201,48.136204,55.127702,50.466704
2025-05-13,56.573427,2025-03-31,2024-12-31,0.790000,3.244755,17.435345,18.621576,2.359253,45.112063,52.767260,60.422458,68.077656,75.732853,,,,,,,,,,53.059441,57.480186,57.226690,56.606374,53.059441,57.956727,48.162154,55.508084,50.610797
2025-05-14,56.503497,2025-03-31,2024-12-31,0.790000,3.244755,17.413793,18.522801,2.148537,46.159004,53.130480,60.101956,67.073432,74.044908,,,,,,,,,,53.276224,57.367133,57.191142,56.651067,53.276224,58.386541,48.165907,55.831382,50.721065
2025-05-15,55.664336,2025-05-15,2025-03-31,1.450000,3.622378,15.366795,18.411739,1.953987,52.538111,59.616190,66.694270,73.772349,80.850429,,,,,,,,,,53.444056,57.258741,57.158508,56.692263,53.444056,58.640199,48.247913,56.042128,50.845984
2025-05-16,56.643357,2025-05-15,2025-03-31,1.450000,3.622378,15.637066,18.302367,1.723521,53.811598,60.054841,66.298084,72.541328,78.784571,,,,,,,,,,53.671329,57.167832,57.132867,56.732159,53.671329,59.015088,48.327569,56.343208,50.999449
2025-05-19,55.454545,2025-05-15,2025-03-31,1.450000,3.622378,15.308880,18.273691,1.744509,53.555665,59.874937,66.194209,72.513481,78.832753,,,,,,,,,,53.874126,57.044289,57.114219,56.769791,53.874126,59.162284,48.585968,56.518205,51.230047
2025-05-20,55.174825,2025-05-15,2025-03-31,1.450000,3.622378,15.231660,18.244940,1.766025,53.295642,59.692852,66.090061,72.487270,78.884480,,,,,,,,,,54.167832,56.919580,57.094988,56.803344,54.167832,59.021095,49.314570,56.594463,51.741201
2025-05-21,56.083916,2025-05-15,2025-03-31,1.450000,3.622378,15.482625,18.219416,1.783690,53.075209,59.536407,65.997605,72.458803,78.920001,,,,,,,,,,54.520979,56.790210,57.086830,56.840685,54.520979,58.790067,50.251891,56.655523,52.386435
2025-05-22,55.454545,2025-05-15,2025-03-31,1.450000,3.622378,15.308880,18.188657,1.801849,52.832225,59.359204,65.886183,72.413162,78.940142,,,,,,,,,,54.755245,56.623543,57.061772,56.878765,54.755245,58.655787,50.854702,56.705516,52.804974
2025-05-23,55.664336,2025-05-15,2025-03-31,1.450000,3.622378,15.366795,18.158001,1.818367,52.601510,59.188324,65.775137,72.361951,78.948764,,,,,,,,,,55.020979,56.461538,57.037296,56.913910,55.020979,58.338317,51.703641,56.679648,53.362310
2025-05-26,55.944056,2025-05-15,2025-03-31,1.450000,3.622378,15.444015,18.127800,1.833160,52.384941,59.025339,65.665737,72.306134,78.946532,,,,,,,,,,55.220280,56.326340,57.014569,56.939909,55.220280,58.227238,52.213321,56.723759,53.716800
2025-05-27,56.013986,2025-05-15,2025-03-31,1.450000,3.622378,15.463320,18.095865,1.845982,52.176371,58.863214,65.550058,72.236901,78.923745,,,,,,,,,,55.409091,56.194639,56.986597,56.970683,55.409091,58.083339,52.734843,56.746215,54.071967
2025-05-28,56.293706,2025-05-15,2025-03-31,1.450000,3.622378,15.540541,18.060597,1.854087,51.989900,58.706101,65.422303,72.138505,78.854706,,,,,,,,,,55.552448,56.087413,56.948718,57.001726,55.552448,58.082738,53.022157,56.817593,54.287302
2025-05-29,55.874126,2025-05-15,2025-03-31,1.450000,3.622378,15.424710,18.025311,1.863678,51.792592,58.543537,65.294482,72.045427,78.796372,,,,,,,,,,55.716783,55.981352,56.910256,57.034158,55.716783,57.828564,53.605002,56.772674,54.660893
2025-06-02,54.965035,2025-05-15,2025-03-31,1.450000,3.622378,15.173745,17.992478,1.878985,51.562762,58.369156,65.175551,71.981945,78.788339,,,,,,,,,,55.769231,55.835664,56.878205,57.063475,55.769231,57.740112,53.798349,56.754672,54.783790
2025-06-03,55.804196,2025-05-15,2025-03-31,1.450000,3.622378,15.405405,17.964417,1.892332,51.364423,58.219163,65.073903,71.928643,78.783383,,,,,,,,,,55.881119,55.713287,56.861888,57.098754,55.881119,57.557538,54.204700,56.719328,55.042909
2025-06-04,55.664336,2025-05-15,2025-03-31,1.450000,3.622378,15.366795,17.933762,1.904430,51.165727,58.064292,64.962857,71.861422,78.759987,,,,,,,,,,55.954545,55.578089,56.837413,57.135019,55.954545,57.437657,54.471434,56.696101,55.212990
2025-06-05,55.454545,2025-05-15,2025-03-31,1.450000,3.622378,15.308880,17.903192,1.916940,50.964358,57.908240,64.852121,71.796003,78.739885,,,,,,,,,,56.017483,55.468531,56.812937,57.170410,56.017483,57.276203,54.758762,56.646843,55.388122
2025-06-06,55.524476,2025-05-15,2025-03-31,1.450000,3.622378,15.328185,17.871457,1.927845,50.770403,57.753784,64.737166,71.720547,78.703929,,,,,,,,,,55.958042,55.369464,56.784965,57.211247,55.958042,57.190416,54.725668,56.574229,55.341855
2025-06-09,55.664336,2025-05-15,2025-03-31,1.450000,3.622378,15.366795,17.839665,1.937487,50.585388,57.603696,64.622004,71.640312,78.658620,,,,,,,,,,55.881119,55.311189,56.756993,57.250874,55.881119,56.970063,54.792175,56.425591,55.336647
2025-06-10,55.874126,2025-05-15,2025-03-31,1.450000,3.622378,15.424710,17.809492,1.946722,50.409182,57.460944,64.512706,71.564469,78.616231,,,,,,,,,,55.814685,55.242424,56.734266,57.291824,55.814685,56.708818,54.920553,56.261752,55.367619
2025-06-11,61.398601,2025-05-15,2025-03-31,1.450000,3.622378,16.949807,17.791650,1.944690,50.359274,57.403674,64.448074,71.492474,78.536874,,,,,,,,,,56.055944,55.263403,56.756410,57.357585,56.055944,58.701210,53.410678,57.378577,54.733311
2025-06-12,60.489510,2025-05-15,2025-03-31,1.450000,3.622378,16.698842,17.774557,1.945210,50.293589,57.339873,64.386157,71.432441,78.478725,,,,,,,,,,56.255245,55.265734,56.779720,57.420455,56.255245,59.560730,52.949760,57.907987,54.602502
2025-06-13,62.517483,2025-05-15,2025-03-31,1.450000,3.622378,17.258687,17.763076,1.944146,50.259709,57.302139,64.344569,71.387000,78.429430,,,,,,,,,,56.597902,55.266900,56.822844,57.489757,56.597902,60.912328,52.283477,58.755115,54.440689
2025-06-16,61.678322,2025-05-15,2025-03-31,1.450000,3.622378,17.027027,17.750801,1.944104,50.215549,57.257827,64.300106,71.342384,78.384663,,,,,,,,,,56.849650,55.243590,56.862471,57.553546,56.849650,61.726207,51.973094,59.287929,54.411372
2025-06-17,61.328671,2025-05-15,2025-03-31,1.450000,3.622378,16.930502,17.739237,1.944828,50.168416,57.213316,64.258216,71.303116,78.348017,,,,,,,,,,57.143357,55.222611,56.903846,57.620585,57.143357,62.361722,51.924991,59.752539,54.534174
2025-06-18,60.139860,2025-05-15,2025-03-31,1.450000,3.622378,16.602317,17.727590,1.947436,50.107325,57.161675,64.216025,71.270375,78.324725,,,,,,,,,,57.391608,55.155012,56.943473,57.682222,57.391608,62.687490,52.095727,60.039549,54.743668
2025-06-19,59.090909,2025-05-15,2025-03-31,1.450000,3.622378,16.312741,17.715423,1.951708,50.032307,57.102130,64.171953,71.241776,78.311600,,,,,,,,,,57.541958,55.093240,56.980186,57.738367,57.541958,62.852239,52.231677,60.197099,54.886817
2025-06-20,58.601399,2025-05-15,2025-03-31,1.450000,3.622378,16.177606,17.700426,1.956587,49.942632,57.030130,64.117628,71.205126,78.292624,,,,,,,,,,57.699301,55.038462,57.007576,57.792249,57.699301,62.935122,52.463480,60.317211,55.081390
2025-06-23,57.832168,2025-05-15,2025-03-31,1.450000,3.622378,15.965251,17.684606,1.962921,49.839440,56.949881,64.060322,71.170763,78.281204,,,,,,,,,,57.807692,54.973193,57.031469,57.846737,57.807692,62.955145,52.660240,60.381418,55.233966
2025-06-24,59.160839,2025-05-15,2025-03-31,1.450000,3.622378,16.332046,17.674684,1.966752,49.775745,56.900062,64.024380,71.148697,78.273015,,,,,,,,,,57.968531,54.921911,57.075175,57.906984,57.968531,63.071631,52.865432,60.520081,55.416982
2025-06-25,59.860140,2025-05-15,2025-03-31,1.450000,3.622378,16.525097,17.665802,1.969538,49.723387,56.857797,63.992207,71.126617,78.261026,,,,,,,,,,58.160839,54.898601,57.122960,57.970145,58.160839,63.243649,53.078030,60.702244,55.619434
2025-06-26,60.769231,2025-05-15,2025-03-31,1.450000,3.622378,16.776062,17.658065,1.971207,49.683263,56.823721,63.964179,71.104637,78.245095,,,,,,,,,,58.384615,54.944056,57.175408,58.036870,58.384615,63.515164,53.254066,60.949890,55.819341
2025-06-27,60.909091,2025-05-15,2025-03-31,1.450000,3.622378,16.814672,17.647619,1.972337,49.637242,56.781791,63.926340,71.070889,78.215438,,,,,,,,,,58.636364,55.034965,57.219697,58.102161,58.636364,63.742292,53.530435,61.189328,56.083399
2025-06-30,60.769231,2025-05-15,2025-03-31,1.450000,3.622378,16.776062,17.637798,1.973729,49.591580,56.741173,63.890766,71.040358,78.189951,,,,,,,,,,58.926573,55.092075,57.265734,58.166196,58.926573,63.808785,54.044362,61.367679,56.485468
2025-07-01,61.188811,2025-05-15,2025-03-31,1.450000,3.622378,16.891892,17.630079,1.974829,49.555652,56.709228,63.862804,71.016380,78.169956,,,,,,,,,,59.195804,55.170163,57.318765,58.235117,59.195804,63.945091,54.446517,61.570448,56.821161
2025-07-02,61.888112,2025-05-15,2025-03-31,1.450000,3.622378,17.084942,17.623401,1.975310,49.527975,56.683293,63.838612,70.993931,78.149249,,,,,,,,,,59.506993,55.353147,57.375874,58.307177,59.506993,64.094853,54.919133,61.800923,57.213063
2025-07-03,63.496503,2025-05-15,2025-03-31,1.450000,3.622378,17.528958,17.617581,1.974544,49.512441,56.664987,63.817532,70.970078,78.122624,,,,,,,,,,59.909091,55.646853,57.437646,58.385490,59.909091,64.410328,55.407854,62.159710,57.658472
2025-07-04,64.195804,2025-05-15,2025-03-31,1.450000,3.622378,17.722008,17.612234,1.973376,49.501540,56.649852,63.798164,70.946476,78.094787,,,,,,,,,,60.342657,56.027972,57.501748,58.461113,60.342657,64.734800,55.950514,62.538729,58.146586
2025-07-07,65.664336,2025-05-15,2025-03-31,1.450000,3.622378,18.127413,17.610455,1.972809,49.499199,56.645459,63.791719,70.937980,78.084240,,,,,,,,,,60.842657,56.364802,57.578671,58.546889,60.842657,65.269024,56.416291,63.055841,58.629474
2025-07-08,72.027972,2025-05-15,2025-03-31,1.450000,3.622378,19.884170,17.625589,1.983287,49.478106,56.662322,63.846538,71.030753,78.214969,,,,,,,,,,61.650350,56.754079,57.715618,58.661422,61.650350,67.813791,55.486908,64.732070,58.568629
2025-07-09,70.279720,2025-05-15,2025-03-31,1.450000,3.622378,19.401544,17.636511,1.989471,49.472874,56.679487,63.886101,71.092715,78.299328,,,,,,,,,,62.094406,57.069930,57.837413,58.755895,62.094406,69.362244,54.826567,65.728325,58.460486
2025-07-10,64.545455,2025-05-15,2025-03-31,1.450000,3.622378,17.818533,17.634998,1.989261,49.468915,56.674769,63.880623,71.086477,78.292332,,,,,,,,,,62.297203,57.276224,57.913753,58.826699,62.297203,69.602737,54.991669,65.949970,58.644436
2025-07-11,65.034965,2025-05-15,2025-03-31,1.450000,3.622378,17.953668,17.633097,1.988843,49.465056,56.669396,63.873736,71.078076,78.282416,,,,,,,,,,62.423077,57.488345,57.989510,58.899543,62.423077,69.830631,55.015522,66.126854,58.719300
2025-07-14,63.846154,2025-05-15,2025-03-31,1.450000,3.622378,17.625483,17.630544,1.988653,49.457186,56.660837,63.864489,71.068140,78.271792,,,,,,,,,,62.531469,57.684149,58.061772,58.966985,62.531469,69.956559,55.106378,66.244014,58.818923
2025-07-15,64.825175,2025-05-15,2025-03-31,1.450000,3.622378,17.895753,17.627403,1.987927,49.451061,56.652085,63.853109,71.054133,78.255157,,,,,,,,,,62.706294,57.907925,58.133450,59.038506,62.706294,70.176656,55.235932,66.441475,58.971113
2025-07-16,66.853147,2025-05-15,2025-03-31,1.450000,3.622378,18.455598,17.633472,1.989346,49.462768,56.668932,63.875095,71.081258,78.287422,,,,,,,,,,63.041958,58.200466,58.236014,59.112874,63.041958,70.629154,55.454762,66.835556,59.248360
2025-07-17,67.272727,2025-05-15,2025-03-31,1.450000,3.622378,18.571429,17.639560,1.991103,49.472090,56.684619,63.897147,71.109675,78.322203,,,,,,,,,,63.451049,58.504662,58.339161,59.193249,63.451049,71.023546,55.878552,67.237297,59.664801
2025-07-18,66.993007,2025-05-15,2025-03-31,1.450000,3.622378,18.494208,17.640080,1.991320,49.472403,56.685717,63.899030,71.112343,78.325657,,,,,,,,,,63.870629,58.775058,58.424825,59.280975,63.870629,71.238887,56.502372,67.554758,60.186501
2025-07-21,67.552448,2025-05-15,2025-03-31,1.450000,3.622378,18.648649,17.643591,1.992735,49.474871,56.693310,63.911750,71.130190,78.348629,,,,,,,,,,64.356643,59.061772,58.520396,59.375067,64.356643,71.318976,57.394311,67.837810,60.875477
2025-07-22,65.594406,2025-05-15,2025-03-31,1.450000,3.622378,18.108108,17.643545,1.992724,49.474783,56.693183,63.911583,71.129983,78.348383,,,,,,,,,,64.678322,59.289044,58.602564,59.455397,64.678322,71.211121,58.145522,67.944721,61.411922
2025-07-23,66.293706,2025-05-15,2025-03-31,1.450000,3.622378,18.301158,17.645676,1.993294,49.478372,56.698837,63.919302,71.139767,78.360232,,,,,,,,,,65.000000,59.523310,58.692308,59.543124,65.000000,71.156606,58.843394,68.078303,61.921697
2025-07-24,67.412587,2025-05-15,2025-03-31,1.450000,3.622378,18.610039,17.649813,1.994788,49.482534,56.708410,63.934287,71.160163,78.386039,,,,,,,,,,65.332168,59.756410,58.789627,59.616685,65.332168,71.239478,59.424858,68.285823,62.378513
2025-07-25,66.643357,2025-05-15,2025-03-31,1.450000,3.622378,18.397683,17.652748,1.995634,49.487037,56.715978,63.944919,71.173860,78.402801,,,,,,,,,,65.618881,59.990676,58.882284,59.684127,65.618881,71.168068,60.069694,68.393475,62.844288
2025-07-28,70.279720,2025-05-15,2025-03-31,1.450000,3.622378,19.401544,17.664806,2.001835,49.485793,56.737196,63.988599,71.240002,78.491405,,,,,,,,,,66.094406,60.263403,59.007576,59.772324,66.094406,71.522420,60.666391,68.808413,63.380399
2025-07-29,70.629371,2025-05-15,2025-03-31,1.450000,3.622378,19.498069,17.678048,2.008708,49.483966,56.760265,64.036565,71.312864,78.589163,,,,,,,,,,66.566434,60.547786,59.136946,59.858167,66.566434,71.837920,61.294947,69.202177,63.930690
2025-07-30,70.629371,2025-05-15,2025-03-31,1.450000,3.622378,19.498069,17.689206,2.015111,49.477994,56.777489,64.076984,71.376478,78.675973,,,,,,,,,,67.003497,60.821678,59.259907,59.955218,67.003497,72.087962,61.919031,69.545729,64.461264
2025-07-31,70.629371,2025-05-15,2025-03-31,1.450000,3.622378,19.498069,17.700743,2.021515,49.473395,56.796085,64.118775,71.441464,78.764154,,,,,,,,,,67.360140,61.095571,59.384033,60.071992,67.360140,72.409372,62.310907,69.884756,64.835524
2025-08-01,70.979021,2025-05-15,2025-03-31,1.450000,3.622378,19.594595,17.711569,2.028194,49.464221,56.811106,64.157991,71.504876,78.851762,,,,,,,,,,67.699301,61.333333,59.506410,60.195154,67.699301,72.764824,62.633778,70.232062,65.166539
2025-08-04,73.076923,2025-05-15,2025-03-31,1.450000,3.622378,20.173745,17.726653,2.039783,49.434907,56.823769,64.212632,71.601495,78.990357,,,,,,,,,,68.069930,61.597902,59.644522,60.314954,68.069930,73.574247,62.565613,70.822089,65.317772
2025-08-05,74.475524,2025-05-15,2025-03-31,1.450000,3.622378,20.559846,17.729803,2.043894,49.416532,56.820288,64.224043,71.627799,79.031555,,,,,,,,,,68.192308,61.885781,59.747669,60.443496,68.192308,74.156749,62.227866,71.174528,65.210087
2025-08-06,77.272727,2025-05-15,2025-03-31,1.450000,3.622378,21.332046,17.733328,2.049779,49.386665,56.811738,64.236811,71.661884,79.086957,,,,,,,,,,68.541958,62.230769,59.855478,60.583468,68.541958,75.718393,61.365523,72.130176,64.953741
2025-08-07,80.069930,2025-05-15,2025-03-31,1.450000,3.622378,22.104247,17.746129,2.072303,49.269849,56.776514,64.283179,71.789844,79.296509,,,,,,,,,,69.318182,62.623543,59.995338,60.716940,69.318182,77.896029,60.740335,73.607105,65.029258
2025-08-08,81.468531,2025-05-15,2025-03-31,1.450000,3.622378,22.490347,17.765177,2.105333,49.099559,56.725869,64.352180,71.978490,79.604800,,,,,,,,,,70.139860,63.053613,60.156177,60.840999,70.139860,80.037062,60.242658,75.088461,65.191259
2025-08-11,82.517483,2025-05-15,2025-03-31,1.450000,3.622378,22.779923,17.786828,2.143409,48.902135,56.666371,64.430607,72.194844,79.959080,,,,,,,,,,71.073427,63.484848,60.326340,60.948359,71.073427,81.945392,60.201461,76.509409,65.637444
2025-08-12,77.622378,2025-05-15,2025-03-31,1.450000,3.622378,21.428571,17.795134,2.155641,48.843601,56.652148,64.460696,72.269243,80.077791,,,,,,,,,,71.713287,63.854312,60.449301,61.033082,71.713287,82.543147,60.883426,77.128217,66.298356
2025-08-13,76.573427,2025-05-15,2025-03-31,1.450000,3.622378,21.138996,17.801595,2.164549,48.802476,56.643289,64.484101,72.324914,80.165726,,,,,,,,,,72.199301,64.210956,60.565268,61.089900,72.199301,82.983146,61.415456,77.591223,66.807378
2025-08-14,76.923077,2025-08-14,2025-06-30,0.280000,2.783217,27.638191,17.858997,2.328518,36.743921,43.224691,49.705460,56.186230,62.666999,,,,,,,,,,72.681818,64.558275,60.674242,61.157141,72.681818,83.400913,61.962723,78.041366,67.322271
2025-08-15,77.972028,2025-08-14,2025-06-30,0.280000,2.783217,28.015075,17.915183,2.487500,36.015337,42.938588,49.861839,56.785090,63.708340,,,,,,,,,,73.230769,64.933566,60.778555,61.223149,73.230769,83.847211,62.614327,78.538990,67.922548
2025-08-18,76.573427,2025-08-14,2025-06-30,0.280000,2.783217,27.512563,17.967371,2.620207,35.421881,42.714485,50.007089,57.299694,64.592298,,,,,,,,,,73.681818,65.282051,60.871795,61.281088,73.681818,84.046009,63.317628,78.863914,68.499723
2025-08-19,71.328671,2025-08-14,2025-06-30,0.280000,2.783217,25.628141,18.007454,2.699767,35.090576,42.604612,50.118649,57.632686,65.146722,,,,,,,,,,73.968531,65.538462,60.932401,61.291398,73.968531,83.687911,64.249152,78.828221,69.108842
2025-08-20,69.790210,2025-08-14,2025-06-30,0.280000,2.783217,25.075377,18.043310,2.764594,34.829513,42.523977,50.218442,57.912907,65.607372,,,,,,,,,,74.143357,65.768065,60.981352,61.291936,74.143357,83.396058,64.890656,78.769707,69.517006
2025-08-21,74.125874,2025-08-14,2025-06-30,0.280000,2.783217,26.633166,18.095366,2.866036,34.409729,42.386528,50.363328,58.340127,66.316926,,,,,,,,,,74.479021,66.065268,61.076340,61.312780,74.479021,83.173882,65.784160,78.826451,70.131590
2025-08-22,72.727273,2025-08-14,2025-06-30,0.280000,2.783217,26.130653,18.144561,2.952304,34.066444,42.283346,50.500247,58.717149,66.934051,,,,,,,,,,74.783217,66.346154,61.163753,61.330039,74.783217,82.716135,66.850298,78.749676,70.816758
2025-08-25,67.132867,2025-08-14,2025-06-30,0.280000,2.783217,24.120603,18.173028,2.993379,33.917031,42.248254,50.579478,58.910701,67.241924,,,,,,,,,,74.625874,66.548951,61.192308,61.330711,74.625874,83.044830,66.206918,78.835352,70.416396
2025-08-26,66.503497,2025-08-14,2025-06-30,0.280000,2.783217,23.894472,18.201126,3.031206,33.784672,42.221176,50.657680,59.094184,67.530688,,,,,,,,,,74.419580,66.727273,61.220280,61.301865,74.419580,83.432136,65.407025,78.925858,69.913303
2025-08-27,69.440559,2025-08-14,2025-06-30,0.280000,2.783217,24.949749,18.236314,3.084811,33.584219,42.169916,50.755614,59.341312,67.927009,,,,,,,,,,74.360140,66.956876,61.267483,61.298368,74.360140,83.492829,65.227451,78.926484,69.793795
2025-08-28,70.454545,2025-08-14,2025-06-30,0.280000,2.783217,25.314070,18.279272,3.147077,33.357181,42.116178,50.875176,59.634173,68.393171,,,,,,,,,,74.351399,67.206876,61.337704,61.314831,74.351399,83.499445,65.203353,78.925422,69.777376
2025-08-29,70.454545,2025-08-14,2025-06-30,0.280000,2.783217,25.314070,18.323745,3.208386,33.139689,42.069322,50.998955,59.928588,68.858221,,,,,,,,,,74.325175,67.455711,61.412587,61.331585,74.325175,83.516828,65.133522,78.921001,69.729348
2025-09-01,67.545455,2025-08-14,2025-06-30,0.280000,2.783217,24.268844,18.365758,3.253015,33.008192,42.062039,51.115886,60.169733,69.223580,,,,,,,,,,74.048601,67.653730,61.482459,61.334178,74.048601,83.718821,64.378382,78.883711,69.213492
2025-09-02,66.272727,2025-08-14,2025-06-30,0.280000,2.783217,23.811558,18.401688,3.289257,32.906455,42.061171,51.215886,60.370602,69.525318,,,,,,,,,,73.638462,67.827040,61.534732,61.331177,73.638462,83.909577,63.367346,78.774019,68.502904
2025-09-03,67.090909,2025-08-14,2025-06-30,0.280000,2.783217,24.105528,18.439688,3.328687,32.792736,42.057193,51.321650,60.586107,69.850565,,,,,,,,,,73.129371,67.921911,61.592657,61.331002,73.129371,83.648368,62.610373,78.388869,67.869872
2025-09-04,68.454545,2025-08-14,2025-06-30,0.280000,2.783217,24.595477,18.481204,3.374207,32.654898,42.046047,51.437196,60.828346,70.219495,,,,,,,,,,72.548601,68.054662,61.660198,61.342337,72.548601,82.731362,62.365840,77.639982,67.457221
2025-09-05,69.818182,2025-08-14,2025-06-30,0.280000,2.783217,25.085427,18.521120,3.423817,32.489841,42.019067,51.548293,61.077518,70.606744,,,,,,,,,,71.966084,68.176340,61.721620,61.370717,71.966084,81.297688,62.634480,76.631886,67.300282
2025-09-08,72.545455,2025-08-14,2025-06-30,0.280000,2.783217,26.065327,18.567498,3.487940,32.261985,41.969678,51.677372,61.385065,71.092759,,,,,,,,,,71.467483,68.357459,61.800524,61.384237,71.467483,79.383569,63.551396,75.425526,67.509439
2025-09-09,77.727273,2025-08-14,2025-06-30,0.280000,2.783217,27.927136,18.630716,3.587677,31.882758,41.868040,51.853323,61.838605,71.823888,,,,,,,,,,71.472727,68.630769,61.926690,61.413811,71.472727,79.406104,63.539350,75.439416,67.506039
2025-09-10,76.818182,2025-08-14,2025-06-30,0.280000,2.783217,27.600503,18.686857,3.674569,31.555329,41.782451,52.009574,62.236697,72.463819,,,,,,,,,,71.484965,68.908741,62.031876,61.442512,71.484965,79.452154,63.517776,75.468560,67.501370
2025-09-11,73.909091,2025-08-14,2025-06-30,0.280000,2.783217,26.555276,18.738075,3.741010,31.328041,41.740083,52.152125,62.564168,72.976210,,,,,,,,,,71.334266,69.155711,62.124476,61.466375,71.334266,78.975712,63.692819,75.154989,67.513542
2025-09-12,74.636364,2025-08-14,2025-06-30,0.280000,2.783217,26.816583,18.793933,3.811107,31.093319,41.700454,52.307590,62.914726,73.521861,,,,,,,,,,71.167483,69.422960,62.230711,61.492978,71.167483,78.329491,64.005474,74.748487,67.586478
2025-09-15,74.272727,2025-08-14,2025-06-30,0.280000,2.783217,26.685930,18.849081,3.877011,30.879955,41.670517,52.461079,63.251640,74.042202,,,,,,,,,,71.052448,69.696970,62.335082,61.516317,71.052448,77.916571,64.188324,74.484509,67.620386
2025-09-16,73.636364,2025-08-14,2025-06-30,0.280000,2.783217,26.457286,18.900998,3.936872,30.691238,41.648406,52.605574,63.562742,74.519910,,,,,,,,,,71.167832,69.938228,62.430070,61.542249,71.167832,78.128412,64.207252,74.648122,67.687542
2025-09-17,72.727273,2025-08-14,2025-06-30,0.280000,2.783217,26.130653,18.952844,3.990857,30.535036,41.642455,52.749874,63.857293,74.964712,,,,,,,,,,71.314685,70.152681,62.525641,61.562063,71.314685,78.276818,64.352553,74.795752,67.833619
2025-09-18,71.818182,2025-08-14,2025-06-30,0.280000,2.783217,25.804020,19.010681,4.039547,30.424977,41.667911,52.910846,64.153780,75.396714,,,,,,,,,,71.199301,70.336830,62.640443,61.559732,71.199301,78.040709,64.357893,74.620005,67.778597
2025-09-19,71.090909,2025-08-14,2025-06-30,0.280000,2.783217,25.542714,19.081116,4.079277,30.399856,41.753369,53.106881,64.460394,75.813907,,,,,,,,,,71.117483,70.506527,62.770746,61.552914,71.117483,77.920984,64.313981,74.519233,67.715732
2025-09-22,71.727273,2025-08-14,2025-06-30,0.280000,2.783217,25.771357,19.148607,4.122543,30.346862,41.820793,53.294724,64.768655,76.242586,,,,,,,,,,71.347203,70.689161,62.890618,61.560693,71.347203,77.889462,64.804943,74.618333,68.076073
2025-09-23,71.000000,2025-08-14,2025-06-30,0.280000,2.783217,25.510050,19.216076,4.159994,30.326176,41.904340,53.482504,65.060669,76.638833,,,,,,,,,,71.572028,70.852681,63.011422,61.567483,71.572028,77.709980,65.434076,74.641004,68.503052
2025-09-24,71.363636,2025-08-14,2025-06-30,0.280000,2.783217,25.640704,19.299001,4.188194,30.400001,42.056652,53.713304,65.369955,77.026606,,,,,,,,,,71.668182,71.010606,63.181876,61.574913,71.668182,77.725261,65.611102,74.696722,68.639642
2025-09-25,70.454545,2025-08-14,2025-06-30,0.280000,2.783217,25.314070,19.392136,4.196716,30.611776,42.292146,53.972517,65.652888,77.333258,,,,,,,,,,71.668182,71.126573,63.386713,61.574184,71.668182,77.725261,65.611102,74.696722,68.639642
2025-09-26,68.272727,2025-08-14,2025-06-30,0.280000,2.783217,24.530151,19.490411,4.177600,30.991705,42.618872,54.246040,65.873207,77.500374,,,,,,,,,,71.559091,71.194522,63.611247,61.578059,71.559091,77.784458,65.333724,74.671775,68.446407
2025-09-30,69.363636,2025-08-14,2025-06-30,0.280000,2.783217,24.922111,19.581357,4.176052,31.253445,42.876303,54.499161,66.122019,77.744877,,,,,,,,,,71.650000,71.256177,63.810490,61.582401,71.650000,77.678575,65.621425,74.664287,68.635713
2025-10-01,67.272727,2025-08-14,2025-06-30,0.280000,2.783217,24.170854,19.657781,4.175422,31.469657,43.090761,54.711865,66.332970,77.954074,,,,,,,,,,71.700000,71.176923,63.965501,61.574825,71.700000,77.554878,65.845122,74.627439,68.772561
2025-10-02,66.909091,2025-08-14,2025-06-30,0.280000,2.783217,24.040201,19.726291,4.179350,31.638468,43.270506,54.902544,66.534583,78.166621,,,,,,,,,,71.690909,71.120746,64.095338,61.568065,71.690909,77.576405,65.805413,74.633657,68.748161
2025-10-03,66.818182,2025-08-14,2025-06-30,0.280000,2.783217,24.007538,19.792374,4.183864,31.797266,43.441867,55.086467,66.731068,78.375668,,,,,,,,,,71.609091,71.158625,64.217424,61.572582,71.609091,77.725008,65.493174,74.667049,68.551133
2025-10-07,66.363636,2025-08-14,2025-06-30,0.280000,2.783217,23.844221,19.856737,4.186313,31.962771,43.614187,55.265603,66.917019,78.568435,,,,,,,,,,71.436364,71.180769,64.334557,61.567920,71.436364,77.947598,64.925129,74.691981,68.180746
2025-10-08,65.727273,2025-08-14,2025-06-30,0.280000,2.783217,23.615578,19.919733,4.185517,32.142532,43.791734,55.440935,67.090136,78.739338,,,,,,,,,,71.095455,71.212121,64.448135,61.566434,71.095455,78.060345,64.130564,74.577900,67.613009
2025-10-09,65.181818,2025-08-14,2025-06-30,0.280000,2.783217,23.419598,19.982892,4.180626,32.345544,43.981132,55.616720,67.252308,78.887896,,,,,,,,,,70.468182,71.218065,64.562995,61.561218,70.468182,77.173117,63.763247,73.820649,67.115714
2025-10-13,64.636364,2025-08-14,2025-06-30,0.280000,2.783217,23.223618,20.049806,4.167571,32.604447,44.203701,55.802956,67.402210,79.001465,,,,,,,,,,69.859091,71.181119,64.690793,61.549650,69.859091,76.344857,63.373325,73.101974,66.616208
2025-10-14,63.636364,2025-08-14,2025-06-30,0.280000,2.783217,22.864322,20.114444,4.150393,32.879970,44.431414,55.982857,67.534301,79.085745,,,,,,,,,,69.345455,71.120513,64.812587,61.540909,69.345455,76.102173,62.588736,72.723814,65.967095
2025-10-15,65.090909,2025-08-14,2025-06-30,0.280000,2.783217,23.386935,20.178947,4.140509,33.114518,44.638451,56.162384,67.686317,79.210250,,,,,,,,,,68.868182,71.088811,64.931935,61.541434,68.868182,75.395929,62.340435,72.132055,65.604308
2025-10-16,65.272727,2025-08-14,2025-06-30,0.280000,2.783217,23.452261,20.245072,4.128780,33.363846,44.855135,56.346424,67.837714,79.329003,,,,,,,,,,68.418182,71.050816,65.056294,61.544755,68.418182,74.609393,62.226970,71.513788,65.322576
2025-10-17,64.181818,2025-08-14,2025-06-30,0.280000,2.783217,23.060302,20.303800,4.118183,33.586284,45.048081,56.509877,67.971674,79.433471,,,,,,,,,,67.945455,71.027273,65.158159,61.536538,67.945455,73.898263,61.992646,70.921859,64.969050
2025-10-20,63.636364,2025-08-14,2025-06-30,0.280000,2.783217,22.864322,20.360177,4.106429,33.808622,45.237704,56.666786,68.095867,79.524949,,,,,,,,,,67.490909,70.982984,65.253147,61.534790,67.490909,73.292740,61.689078,70.391825,64.589994
2025-10-21,63.909091,2025-08-14,2025-06-30,0.280000,2.783217,22.962312,20.414317,4.097467,34.009190,45.413329,56.817469,68.221608,79.625748,,,,,,,,,,67.095455,70.924592,65.340501,61.533304,67.095455,72.731193,61.459716,69.913324,64.277585
2025-10-22,64.090909,2025-08-14,2025-06-30,0.280000,2.783217,23.027638,20.471156,4.085904,34.231753,45.603709,56.975665,68.347622,79.719578,,,,,,,,,,66.745455,70.882051,65.436364,61.534324,66.745455,72.203061,61.287848,69.474258,64.016651
2025-10-23,63.818182,2025-08-14,2025-06-30,0.280000,2.783217,22.929648,20.523767,4.076487,34.430600,45.776346,57.122092,68.467838,79.813584,,,,,,,,,,66.350000,70.774359,65.518881,61.536247,66.350000,71.420113,61.279887,68.885057,63.814943
2025-10-27,65.181818,2025-08-14,2025-06-30,0.280000,2.783217,23.419598,20.581358,4.068095,34.637604,45.959993,57.282382,68.604771,79.927160,,,,,,,,,,66.059091,70.683566,65.615676,61.544726,66.059091,70.650921,61.467261,68.355006,63.763176
2025-10-28,63.909091,2025-08-14,2025-06-30,0.280000,2.783217,22.962312,20.633523,4.058061,34.838639,46.133103,57.427566,68.722030,80.016494,,,,,,,,,,65.686364,70.571562,65.696620,61.549068,65.686364,69.629621,61.743106,67.657993,63.714735
2025-10-29,63.090909,2025-08-14,2025-06-30,0.280000,2.783217,22.668342,20.683237,4.046024,35.044009,46.304971,57.565933,68.826895,80.087857,,,,,,,,,,65.318182,70.445921,65.770746,61.564277,65.318182,68.725566,61.910798,67.021874,63.614490
2025-10-30,63.000000,2025-08-14,2025-06-30,0.280000,2.783217,22.635678,20.726214,4.039081,35.202272,46.443910,57.685547,68.927185,80.168822,,,,,,,,,,65.054545,70.312937,65.823135,61.573572,65.054545,68.312033,61.797058,66.683289,63.425802
2025-10-31,63.090909,2025-08-14,2025-06-30,0.280000,2.783217,22.668342,20.768206,4.032803,35.354092,46.578256,57.802420,69.026584,80.250748,,,,,,,,,,64.740909,70.146503,65.872203,61.581789,64.740909,67.405434,62.076384,66.073172,63.408646
2025-11-03,63.636364,2025-08-14,2025-06-30,0.280000,2.783217,22.864322,20.811831,4.026873,35.508518,46.716178,57.923838,69.131498,80.339158,,,,,,,,,,64.559091,69.965851,65.925816,61.590239,64.559091,66.981457,62.136725,65.770274,63.347908
2025-11-04,62.272727,2025-08-14,2025-06-30,0.280000,2.783217,22.374372,20.852990,4.017301,35.676351,46.857371,58.038391,69.219411,80.400431,,,,,,,,,,64.327273,69.715851,65.973310,61.600000,64.327273,66.689363,61.965183,65.508318,63.146228
2025-11-05,61.454545,2025-08-14,2025-06-30,0.280000,2.783217,22.080402,20.891878,4.006301,35.845817,46.996221,58.146626,69.297030,80.447435,,,,,,,,,,64.059091,69.405594,66.014569,61.602855,64.059091,66.448188,61.669994,65.253640,62.864542
2025-11-06,61.818182,2025-08-14,2025-06-30,0.280000,2.783217,22.211055,20.948914,3.975584,36.175545,47.240457,58.305368,69.370280,80.435191,,,,,,,,,,63.831818,69.078089,66.065851,61.612179,63.831818,66.161926,61.501710,64.996872,62.666764
2025-11-07,61.090909,2025-08-14,2025-06-30,0.280000,2.783217,21.949749,21.001519,3.946364,36.484610,47.468195,58.451781,69.435367,80.418952,,,,,,,,,,63.600000,68.720979,66.102914,61.617890,63.600000,66.055272,61.144728,64.827636,62.372364
2025-11-10,60.363636,2025-08-14,2025-06-30,0.280000,2.783217,21.688442,21.054682,3.911851,36.824685,47.712215,58.599745,69.487276,80.374806,,,,,,,,,,63.359091,68.433333,66.143823,61.629021,63.359091,66.090810,60.627372,64.724950,61.993231
2025-11-11,59.818182,2025-08-14,2025-06-30,0.280000,2.783217,21.492462,21.106856,3.875114,37.174390,47.959673,58.744955,69.530237,80.315520,,,,,,,,,,63.118182,68.154079,66.182517,61.638753,63.118182,66.202667,60.033697,64.660424,61.575939
2025-11-12,61.272727,2025-08-14,2025-06-30,0.280000,2.783217,22.015075,21.161293,3.841177,37.514811,48.205638,58.896465,69.587292,80.278119,,,,,,,,,,63.000000,67.893240,66.225758,61.656294,63.000000,66.180519,59.819481,64.590260,61.409740
2025-11-13,62.727273,2025-08-14,2025-06-30,0.280000,2.783217,22.537688,21.221533,3.805138,37.883078,48.473602,59.064126,69.654651,80.245175,,,,,,,,,,62.881818,67.639161,66.286364,61.674068,62.881818,65.907071,59.856566,64.394444,61.369192
2025-11-14,69.000000,2025-11-14,2025-09-30,1.810000,3.936364,17.528868,21.239550,3.782233,53.830105,68.718349,83.606593,98.494837,113.383081,,,,,,,,,,63.068182,67.512937,66.397494,61.717395,63.068182,67.028347,59.108017,65.048264,61.088099
2025-11-17,69.818182,2025-11-14,2025-09-30,1.810000,3.936364,17.736721,21.258656,3.758427,54.092732,68.887266,83.681800,98.476335,113.270869,,,,,,,,,,63.350000,67.487762,66.513112,61.763840,63.350000,68.317848,58.382152,65.833924,60.866076
2025-11-18,65.545455,2025-11-14,2025-09-30,1.810000,3.936364,16.651270,21.268556,3.744573,54.240770,68.980769,83.720769,98.460768,113.200768,,,,,,,,,,63.445455,67.417016,66.592541,61.789569,63.445455,68.508914,58.381995,65.977184,60.913725
2025-11-19,63.181818,2025-11-14,2025-09-30,1.810000,3.936364,16.050808,21.272808,3.738298,54.306908,69.022207,83.737507,98.452807,113.168107,,,,,,,,,,63.409091,67.234615,66.649942,61.799330,63.409091,68.468976,58.349206,65.939033,60.879148
2025-11-20,63.545455,2025-11-14,2025-09-30,1.810000,3.936364,16.143187,21.278795,3.729418,54.400388,69.080732,83.761075,98.441419,113.121763,,,,,,,,,,63.381818,67.081585,66.713869,61.812063,63.381818,68.432100,58.331536,65.906959,60.856677
2025-11-21,62.545455,2025-11-14,2025-09-30,1.810000,3.936364,15.889145,21.284757,3.720137,54.496922,69.140732,83.784543,98.428353,113.072163,,,,,,,,,,63.318182,67.005128,66.777040,61.827622,63.318182,68.377379,58.258985,65.847780,60.788583
2025-11-24,60.727273,2025-11-14,2025-09-30,1.810000,3.936364,15.427252,21.284939,3.719847,54.499919,69.142589,83.785259,98.427930,113.070600,,,,,,,,,,63.095455,66.908858,66.818065,61.839977,63.095455,68.201200,57.989709,65.648327,60.542582
2025-11-25,62.000000,2025-11-14,2025-09-30,1.810000,3.936364,15.750577,21.288137,3.714878,54.551630,69.174739,83.797848,98.420958,113.044067,,,,,,,,,,63.000000,66.784848,66.870862,61.854138,63.000000,68.113075,57.886925,65.556538,60.443462
2025-11-26,62.000000,2025-11-14,2025-09-30,1.810000,3.936364,15.750577,21.291818,3.709118,54.611464,69.211901,83.812337,98.412774,113.013211,,,,,,,,,,62.945455,66.643939,66.925408,61.869172,62.945455,68.077686,57.813223,65.511570,60.379339
2025-11-27,62.818182,2025-11-14,2025-09-30,1.810000,3.936364,15.958430,21.297070,3.701040,54.695734,69.264373,83.833011,98.401650,112.970289,,,,,,,,,,62.936364,66.516667,66.986189,61.885577,62.936364,68.068832,57.803895,65.502598,60.370129
2025-11-28,63.363636,2025-11-14,2025-09-30,1.810000,3.936364,16.096998,21.303155,3.691797,54.792457,69.324711,83.856964,98.389218,112.921471,,,,,,,,,,62.950000,66.446970,67.050350,61.903671,62.950000,68.085646,57.814354,65.517823,60.382177
2025-12-01,63.636364,2025-11-14,2025-09-30,1.810000,3.936364,16.166282,21.309335,3.682483,54.890108,69.385699,83.881290,98.376881,112.872472,,,,,,,,,,62.950000,66.403030,67.115035,61.924650,62.950000,68.085646,57.814354,65.517823,60.382177
2025-12-02,62.545455,2025-11-14,2025-09-30,1.810000,3.936364,15.889145,21.300496,3.694289,54.762371,69.304434,83.846497,98.388560,112.930623,,,,,,,,,,62.963636,66.327273,67.124592,61.940501,62.963636,68.093155,57.834118,65.528396,60.398877
2025-12-03,62.636364,2025-11-14,2025-09-30,1.810000,3.936364,15.912240,21.293941,3.703209,54.666338,69.243516,83.820694,98.397873,112.975051,,,,,,,,,,63.022727,66.230303,67.142483,61.961101,63.022727,68.106069,57.939385,65.564398,60.481056
2025-12-04,62.636364,2025-11-14,2025-09-30,1.810000,3.936364,15.912240,21.282720,3.717551,54.509265,69.142896,83.776527,98.410157,113.043788,,,,,,,,,,63.063636,66.110606,67.143473,61.983159,63.063636,68.119256,58.008017,65.591446,60.535827
2025-12-05,62.272727,2025-11-14,2025-09-30,1.810000,3.936364,15.819861,21.272661,3.730773,54.365570,69.051249,83.736928,98.422607,113.108286,,,,,,,,,,63.122727,65.939394,67.148427,62.005449,63.122727,68.108405,58.137050,65.615566,60.629888
2025-12-08,61.545455,2025-11-14,2025-09-30,1.810000,3.936364,15.635104,21.261866,3.745288,54.208800,68.951618,83.694435,98.437252,113.180070,,,,,,,,,,63.181818,65.669697,67.150233,62.027040,63.181818,68.056587,58.307049,65.619203,60.744434
2025-12-09,61.090909,2025-11-14,2025-09-30,1.810000,3.936364,15.519630,21.252843,3.757891,54.074072,68.866496,83.658920,98.451343,113.243767,,,,,,,,,,63.245455,65.407576,67.158159,62.050816,63.245455,67.966135,58.524775,65.605795,60.885115
2025-12-10,60.454545,2025-11-14,2025-09-30,1.810000,3.936364,15.357968,21.244887,3.769431,53.951898,68.789749,83.627600,98.465451,113.303302,,,,,,,,,,63.204545,65.183333,67.169522,62.074854,63.204545,68.010615,58.398476,65.607580,60.801511
2025-12-11,60.818182,2025-11-14,2025-09-30,1.810000,3.936364,15.450346,21.238826,3.778221,53.858840,68.731292,83.603744,98.476196,113.348647,,,,,,,,,,63.109091,64.953030,67.187995,62.097786,63.109091,68.029546,58.188636,65.569318,60.648864
2025-12-12,61.181818,2025-11-14,2025-09-30,1.810000,3.936364,15.542725,21.235305,3.783370,53.804441,68.697162,83.589884,98.482605,113.375326,,,,,,,,,,62.718182,64.734848,67.215909,62.123689,62.718182,66.846569,58.589794,64.782376,60.653988
2025-12-15,61.000000,2025-11-14,2025-09-30,1.810000,3.936364,15.496536,21.228343,3.793226,53.699446,68.630961,83.562476,98.493992,113.425507,,,,,,,,,,62.277273,64.524242,67.231235,62.153205,62.277273,64.774056,59.780489,63.525664,61.028881
2025-12-16,60.545455,2025-11-14,2025-09-30,1.810000,3.936364,15.381062,21.218809,3.806560,53.556940,68.540944,83.524949,98.508953,113.492957,,,,,,,,,,62.027273,64.321212,67.236946,62.179953,62.027273,64.113788,59.940758,63.070530,60.984015
2025-12-17,61.181818,2025-11-14,2025-09-30,1.810000,3.936364,15.542725,21.208531,3.820297,53.408339,68.446415,83.484491,98.522568,113.560644,,,,,,,,,,61.927273,64.143939,67.240385,62.207896,61.927273,63.972095,59.882451,62.949684,60.904862
2025-12-18,61.636364,2025-11-14,2025-09-30,1.810000,3.936364,15.658199,21.198894,3.832912,53.271087,68.358821,83.446556,98.534290,113.622024,,,,,,,,,,61.831818,63.986364,67.246445,62.233071,61.831818,63.731682,59.931954,62.781750,60.881886
2025-12-19,62.272727,2025-11-14,2025-09-30,1.810000,3.936364,15.819861,21.190926,3.843164,53.159008,68.287099,83.415189,98.543280,113.671371,,,,,,,,,,61.818182,63.828788,67.258974,62.262354,61.818182,63.700311,59.936053,62.759246,60.877117
2025-12-22,62.363636,2025-11-14,2025-09-30,1.810000,3.936364,15.842956,21.182185,3.854201,53.037707,68.209244,83.380781,98.552318,113.723856,,,,,,,,,,61.900000,63.684848,67.268765,62.293765,61.900000,63.723819,60.076181,62.811910,60.988090
2025-12-23,62.181818,2025-11-14,2025-09-30,1.810000,3.936364,15.796767,21.171450,3.867480,52.890911,68.114718,83.338525,98.562332,113.786139,,,,,,,,,,61.909091,63.531818,67.271212,62.323543,61.909091,63.736817,60.081365,62.822954,60.995228
2025-12-24,61.818182,2025-11-14,2025-09-30,1.810000,3.936364,15.704388,21.156245,3.885465,52.689466,67.984070,83.278674,98.573277,113.867881,,,,,,,,,,61.900000,63.387879,67.257226,62.347436,61.900000,63.727631,60.072369,62.813815,60.986185
2025-12-26,61.090909,2025-11-14,2025-09-30,1.810000,3.936364,15.519630,21.137892,3.906965,52.447957,67.827193,83.206429,98.585665,113.964901,,,,,,,,,,61.813636,63.268182,67.231352,62.366550,61.813636,63.621718,60.005554,62.717677,60.909595
2025-12-29,61.454545,2025-11-14,2025-09-30,1.810000,3.936364,15.612009,21.116930,3.929933,52.184624,67.654270,83.123916,98.593562,114.063208,,,,,,,,,,61.718182,63.136364,67.196270,62.387471,61.718182,63.377143,60.059220,62.547663,60.888701
2025-12-30,60.727273,2025-11-14,2025-09-30,1.810000,3.936364,15.427252,21.079789,3.962607,51.781195,67.379456,82.977716,98.575976,114.174236,,,,,,,,,,61.572727,63.027273,67.102098,62.408858,61.572727,63.020198,60.125256,62.296463,60.848992
2025-12-31,60.454545,2025-11-14,2025-09-30,1.810000,3.936364,15.357968,21.046093,3.994065,51.400888,67.122981,82.845074,98.567167,114.289260,,,,,,,,,,61.468182,62.919697,67.020221,62.428817,61.468182,62.921860,60.014504,62.195021,60.741343
2026-01-02,61.545455,2025-11-14,2025-09-30,1.810000,3.936364,15.635104,21.027897,4.013817,51.173767,66.973609,82.773451,98.573293,114.373135,,,,,,,,,,61.413636,62.831818,66.995221,62.454487,61.413636,62.760713,60.066560,62.087175,60.740098
2026-01-05,60.454545,2025-11-14,2025-09-30,1.810000,3.936364,15.357968,21.006267,4.037448,50.902578,66.795441,82.688304,98.581167,114.474030,,,,,,,,,,61.304545,62.733333,66.957051,62.473281,61.304545,62.586501,60.022590,61.945523,60.663568
2026-01-06,60.727273,2025-11-14,2025-09-30,1.810000,3.936364,15.427252,20.987948,4.057851,50.669839,66.643017,82.616196,98.589374,114.562552,,,,,,,,,,61.227273,62.650000,66.931061,62.496416,61.227273,62.448372,60.006174,61.837822,60.616723
2026-01-07,61.181818,2025-11-14,2025-09-30,1.810000,3.936364,15.542725,20.968340,4.078552,50.429685,66.484347,82.539009,98.593671,114.648333,,,,,,,,,,61.209091,62.583333,66.900699,62.517075,61.209091,62.421037,59.997145,61.815064,60.603118
2026-01-08,60.636364,2025-11-14,2025-09-30,1.810000,3.936364,15.404157,20.942911,4.103784,50.130941,66.284927,82.438913,98.592898,114.746884,,,,,,,,,,61.186364,62.516667,66.848893,62.542453,61.186364,62.424408,59.948319,61.805386,60.567342
2026-01-09,61.272727,2025-11-14,2025-09-30,1.810000,3.936364,15.565820,20.917864,4.127483,49.845771,66.093045,82.340320,98.587594,114.834868,,,,,,,,,,61.227273,62.477273,66.798893,62.569027,61.227273,62.416612,60.037933,61.821942,60.632603
2026-01-12,60.090909,2025-11-14,2025-09-30,1.810000,3.936364,15.265589,20.890959,4.153853,49.532257,65.883334,82.234411,98.585488,114.936565,,,,,,,,,,61.190909,62.393939,66.741375,62.583100,61.190909,62.473713,59.908106,61.832311,60.549507
2026-01-13,59.181818,2025-11-14,2025-09-30,1.810000,3.936364,15.034642,20.860842,4.183245,49.182316,65.649088,82.115861,98.582633,115.049405,,,,,,,,,,61.090909,62.292424,66.671620,62.596008,61.090909,62.657191,59.524627,61.874050,60.307768
2026-01-14,60.000000,2025-11-14,2025-09-30,1.810000,3.936364,15.242494,20.836962,4.207201,48.899711,65.460785,82.021860,98.582934,115.144009,,,,,,,,,,61.040909,62.222727,66.625000,62.613782,61.040909,62.681494,59.400324,61.861201,60.220617
2026-01-15,59.454545,2025-11-14,2025-09-30,1.810000,3.936364,15.103926,20.810318,4.233437,48.588284,65.252633,81.916981,98.581329,115.245677,,,,,,,,,,60.986364,62.153030,66.568007,62.630157,60.986364,62.763190,59.209537,61.874777,60.097950
2026-01-16,59.363636,2025-11-14,2025-09-30,1.810000,3.936364,15.080831,20.780908,4.261020,48.255362,65.028287,81.801212,98.574137,115.347062,,,,,,,,,,60.895455,62.077273,66.500932,62.645280,60.895455,62.810824,58.980086,61.853139,59.937770
2026-01-19,59.818182,2025-11-14,2025-09-30,1.810000,3.936364,15.196305,20.754230,4.286015,47.953567,64.824882,81.696197,98.567513,115.438828,,,,,,,,,,60.804545,62.006061,66.444056,62.663170,60.804545,62.744286,58.864805,61.774416,59.834675
2026-01-20,60.000000,2025-11-14,2025-09-30,1.810000,3.936364,15.242494,20.719572,4.313772,47.598617,64.579193,81.559768,98.540343,115.520918,,,,,,,,,,60.690909,61.942424,66.358392,62.682984,60.690909,62.532292,58.849526,61.611601,59.770218
2026-01-21,59.000000,2025-11-14,2025-09-30,1.810000,3.936364,14.988453,20.681991,4.344040,47.212399,64.312119,81.411839,98.511559,115.611278,,,,,,,,,,60.522727,61.839394,66.261480,62.699213,60.522727,62.335038,58.710416,61.428883,59.616572
2026-01-22,60.000000,2025-11-14,2025-09-30,1.810000,3.936364,15.242494,20.646528,4.371072,46.859982,64.066113,81.272243,98.478373,115.684504,,,,,,,,,,60.413636,61.774242,66.172902,62.716404,60.413636,62.060572,58.766701,61.237104,59.590169
2026-01-23,59.636364,2025-11-14,2025-09-30,1.810000,3.936364,15.150115,20.610295,4.398606,46.500590,63.815104,81.129617,98.444130,115.758644,,,,,,,,,,60.304545,61.716667,66.081294,62.732663,60.304545,61.845377,58.763714,61.074961,59.534130
2026-01-26,59.818182,2025-11-14,2025-09-30,1.810000,3.936364,15.196305,20.573643,4.425384,46.145497,63.565418,80.985340,98.405261,115.825183,,,,,,,,,,60.240909,61.663636,65.988287,62.747348,60.240909,61.749792,58.732026,60.995351,59.486467
2026-01-27,58.727273,2025-11-14,2025-09-30,1.810000,3.936364,14.919169,20.529855,4.455270,45.737849,63.275411,80.812974,98.350536,115.888098,,,,,,,,,,60.104545,61.590909,65.868706,62.756614,60.104545,61.644248,58.564843,60.874397,59.334694
2026-01-28,58.181818,2025-11-14,2025-09-30,1.810000,3.936364,14.780600,20.481694,4.486073,45.305771,62.964584,80.623397,98.282210,115.941023,,,,,,,,,,59.977273,61.500000,65.732925,62.740297,59.977273,61.709072,58.245473,60.843173,59.111373
2026-01-29,57.727273,2025-11-14,2025-09-30,1.810000,3.936364,14.665127,20.426137,4.516632,44.846490,62.625596,80.404702,98.183808,115.962914,,,,,,,,,,59.840909,61.424242,65.570047,62.712762,59.840909,61.825517,57.856301,60.833213,58.848605
2026-01-30,57.090909,2025-11-14,2025-09-30,1.810000,3.936364,14.503464,20.362797,4.546100,44.365165,62.260269,80.155373,98.050477,115.945581,,,,,,,,,,59.618182,61.351515,65.378555,62.686946,59.618182,61.788486,57.447877,60.703334,58.533030
2026-02-02,55.909091,2025-11-14,2025-09-30,1.810000,3.936364,14.203233,20.293738,4.576353,43.855152,61.869341,79.883531,97.897720,115.911910,,,,,,,,,,59.390909,61.253030,65.165559,62.660868,59.390909,62.081960,56.699858,60.736435,58.045383
2026-02-03,56.000000,2025-11-14,2025-09-30,1.810000,3.936364,14.226328,20.222458,4.603835,43.358209,61.480578,79.602947,97.725316,115.847685,,,,,,,,,,59.154545,61.168182,64.944580,62.635460,59.154545,62.163073,56.146018,60.658809,57.650282
2026-02-04,56.909091,2025-11-14,2025-09-30,1.810000,3.936364,14.457275,20.164363,4.632383,42.904777,61.139522,79.374267,97.609012,115.843758,,,,,,,,,,58.940909,61.110606,64.771970,62.610635,58.940909,61.950116,55.931702,60.445513,57.436305
2026-02-05,57.545455,2025-11-14,2025-09-30,1.810000,3.936364,14.618938,20.110030,4.659016,42.481224,60.820807,79.160389,97.499972,115.839555,,,,,,,,,,58.786364,61.072727,64.613403,62.589336,58.786364,61.746017,55.826710,60.266190,57.306537
2026-02-06,56.818182,2025-11-14,2025-09-30,1.810000,3.936364,14.434180,19.999996,4.635590,42.232521,60.479889,78.727258,96.974626,115.221995,,,,,,,,,,58.563636,60.998485,64.445862,62.560052,58.563636,61.403482,55.723791,59.983559,57.143713
2026-02-09,56.000000,2025-11-14,2025-09-30,1.810000,3.936364,14.226328,19.885090,4.606047,42.012797,60.143871,78.274945,96.406019,114.537094,,,,,,,,,,58.359091,60.886364,64.262762,62.520659,58.359091,61.322387,55.395795,59.840739,56.877443
2026-02-10,55.909091,2025-11-14,2025-09-30,1.810000,3.936364,14.203233,19.774179,4.581010,41.773313,59.805836,77.838359,95.870882,113.903405,,,,,,,,,,58.195455,60.668182,64.090559,62.481177,58.195455,61.324282,55.066627,59.759868,56.631041
2026-02-11,56.181818,2025-11-14,2025-09-30,1.810000,3.936364,14.272517,19.679549,4.576353,41.437480,59.451670,77.465860,95.480050,113.494240,,,,,,,,,,58.004545,60.440909,63.964336,62.448368,58.004545,61.135707,54.873383,59.570126,56.438964
2026-02-23,56.818182,2025-11-14,2025-09-30,1.810000,3.936364,14.434180,19.590872,4.574016,41.106814,59.111805,77.116796,95.121788,113.126779,,,,,,,,,,57.872727,60.295455,63.856235,62.418794,57.872727,60.968642,54.776812,59.420685,56.324770
2026-02-24,56.636364,2025-11-14,2025-09-30,1.810000,3.936364,14.387991,19.488829,4.552126,40.877475,58.796296,76.715118,94.633939,112.552761,,,,,,,,,,57.736364,60.186364,63.710490,62.393415,57.736364,60.795815,54.676912,59.266089,56.206638
2026-02-25,57.363636,2025-11-14,2025-09-30,1.810000,3.936364,14.572748,19.392513,4.532646,40.651698,58.493841,76.335983,94.178126,112.020269,,,,,,,,,,57.613636,60.083333,63.582459,62.373106,57.613636,60.514267,54.713006,59.063952,56.163321
2026-02-26,57.909091,2025-11-14,2025-09-30,1.810000,3.936364,14.711316,19.314102,4.531553,40.351650,58.189490,76.027330,93.865170,111.703010,,,,,,,,,,57.509091,60.006061,63.505594,62.348951,57.509091,60.189972,54.828210,58.849532,56.168650
2026-03-02,57.363636,2025-11-14,2025-09-30,1.810000,3.936364,14.572748,19.236421,4.532273,40.040202,57.880875,75.721549,93.562223,111.402897,,,,,,,,,,57.427273,59.950000,63.429429,62.324854,57.427273,60.014826,54.839719,58.721049,56.133496
2026-03-03,57.363636,2025-11-14,2025-09-30,1.810000,3.936364,14.572748,19.149946,4.521330,39.785955,57.583554,75.381152,93.178751,110.976350,,,,,,,,,,57.295455,59.872727,63.328788,62.298135,57.295455,59.582301,55.008608,58.438878,56.152031
2026-03-04,55.363636,2025-11-14,2025-09-30,1.810000,3.936364,14.064665,19.056201,4.509055,39.513578,57.262858,75.012138,92.761418,110.510698,,,,,,,,,,57.081818,59.762121,63.203030,62.270367,57.081818,59.242723,54.920914,58.162270,56.001366
2026-03-05,56.636364,2025-11-14,2025-09-30,1.810000,3.936364,14.387991,18.965151,4.491911,39.290142,56.971936,74.653729,92.335523,110.017316,,,,,,,,,,56.922727,59.659091,63.087879,62.250233,56.922727,58.662946,55.182509,57.792836,56.052618
2026-03-06,56.636364,2025-11-14,2025-09-30,1.810000,3.936364,14.387991,18.882810,4.484428,39.024926,56.677266,74.329607,91.981948,109.634289,,,,,,,,,,56.818182,59.546970,62.996970,62.239714,56.818182,58.339382,55.296982,57.578782,56.057582
2026-03-09,55.090909,2025-11-14,2025-09-30,1.810000,3.936364,13.995381,18.801009,4.483296,38.711841,56.359724,74.007607,91.655490,109.303373,,,,,,,,,,56.663636,59.404545,62.903788,62.219260,56.663636,58.228919,55.098354,57.446278,55.880995
2026-03-10,55.727273,2025-11-14,2025-09-30,1.810000,3.936364,14.157044,18.718105,4.476359,38.440114,56.060690,73.681267,91.301843,108.922419,,,,,,,,,,56.563636,59.290909,62.809091,62.200874,56.563636,58.098047,55.029226,57.330842,55.796431
2026-03-11,57.272727,2025-11-14,2025-09-30,1.810000,3.936364,14.549654,18.634389,4.459423,38.243909,55.797821,73.351733,90.905645,108.459557,,,,,,,,,,56.572727,59.201515,62.715909,62.188054,56.572727,58.122370,55.023085,57.347549,55.797906
2026-03-12,58.000000,2025-11-14,2025-09-30,1.810000,3.936364,14.734411,18.548131,4.433628,38.107447,55.559818,73.012188,90.464559,107.916929,,,,,,,,,,56.677273,59.124242,62.617424,62.169522,56.677273,58.317857,55.036688,57.497565,55.856980
2026-03-13,57.181818,2025-11-14,2025-09-30,1.810000,3.936364,14.526559,18.451975,4.394176,38.039536,55.336609,72.633682,89.930755,107.227828,,,,,,,,,,56.736364,59.039394,62.489394,62.144959,56.736364,58.359275,55.113452,57.547819,55.924908
2026-03-16,58.545455,2025-11-14,2025-09-30,1.810000,3.936364,14.872979,18.343190,4.318570,38.206546,55.206006,72.205466,89.204926,106.204386,,,,,,,,,,56.818182,58.989394,62.329545,62.128118,56.818182,58.631573,55.004791,57.724877,55.911486
2026-03-17,58.636364,2025-11-14,2025-09-30,1.810000,3.936364,14.896074,18.237320,4.244814,38.370461,55.079591,71.788722,88.497853,105.206984,,,,,,,,,,56.872727,58.948485,62.178030,62.104953,56.872727,58.837533,54.907922,57.855130,55.890324
2026-03-18,58.636364,2025-11-14,2025-09-30,1.810000,3.936364,14.896074,18.140160,4.185848,38.452225,54.929245,71.406265,87.883285,104.360305,,,,,,,,,,56.963636,58.918182,62.050758,62.087617,56.963636,59.080205,54.847068,58.021920,55.905352
2026-03-19,57.909091,2025-11-14,2025-09-30,1.810000,3.936364,14.711316,18.039282,4.120346,38.570814,54.789995,71.009176,87.228357,103.447538,,,,,,,,,,57.059091,58.869697,61.911364,62.071037,57.059091,59.164842,54.953340,58.111967,56.006215
2026-03-20,57.181818,2025-11-14,2025-09-30,1.810000,3.936364,14.526559,17.937954,4.054913,38.687090,54.648701,70.610311,86.571922,102.533533,,,,,,,,,,57.122727,58.803030,61.768939,62.052010,57.122727,59.157890,55.087564,58.140309,56.105146
2026-03-23,55.454545,2025-11-14,2025-09-30,1.810000,3.936364,14.087760,17.834875,3.993278,38.766568,54.485561,70.204553,85.923546,101.642539,,,,,,,,,,57.086364,58.710606,61.617424,62.023747,57.086364,59.216105,54.956622,58.151234,56.021493
2026-03-24,55.727273,2025-11-14,2025-09-30,1.810000,3.936364,14.157044,17.735095,3.933392,38.845258,54.328520,69.811783,85.295045,100.778308,,,,,,,,,,57.031818,58.630303,61.475758,62.000699,57.031818,59.244735,54.818902,58.138276,55.925360
2026-03-25,56.181818,2025-11-14,2025-09-30,1.810000,3.936364,14.272517,17.638999,3.875035,38.926425,54.179970,69.433515,84.687059,99.940604,,,,,,,,,,57.009091,58.546970,61.345455,61.992949,57.009091,59.248289,54.769893,58.128690,55.889492
2026-03-26,55.454545,2025-11-14,2025-09-30,1.810000,3.936364,14.087760,17.543541,3.819389,38.988748,54.023253,69.057757,84.092262,99.126767,,,,,,,,,,56.913636,58.443939,61.215152,61.992949,56.913636,59.249859,54.577413,58.081748,55.745525
2026-03-27,55.454545,2025-11-14,2025-09-30,1.810000,3.936364,14.087760,17.446178,3.756281,39.102322,53.888411,68.674500,83.460589,98.246678,,,,,,,,,,56.790909,58.330303,61.079545,61.985082,56.790909,59.164535,54.417283,57.977722,55.604096
2026-03-30,54.636364,2025-11-14,2025-09-30,1.810000,3.936364,13.879908,17.349260,3.696027,39.195183,53.744089,68.292996,82.841903,97.390809,,,,,,,,,,56.654545,58.201515,60.943182,61.977302,56.654545,59.196991,54.112100,57.925768,55.383323
2026-03-31,54.090909,2026-03-31,2025-12-31,1.060000,4.181818,12.934783,17.243377,3.638043,41.681399,56.895034,72.108669,87.322303,102.535938,,,,,,,,,,56.490909,58.066667,60.799242,61.990559,56.490909,59.252984,53.728834,57.871946,55.109872
2026-04-01,54.727273,2026-03-31,2025-12-31,1.060000,4.181818,13.086957,17.141485,3.580880,41.733394,56.707983,71.682572,86.657161,101.631750,,,,,,,,,,56.459091,57.948485,60.668182,62.027448,56.459091,59.289655,53.628527,57.874373,55.043809
2026-04-02,60.181818,2026-03-31,2025-12-31,1.060000,4.181818,14.391304,17.056994,3.524245,41.853746,56.591498,71.329249,86.067000,100.804751,,,,,,,,,,56.636364,57.933333,60.600758,62.106002,56.636364,59.921296,53.351432,58.278830,54.993898
2026-04-07,57.181818,2026-03-31,2025-12-31,1.060000,4.181818,13.673913,16.963259,3.462338,41.979526,56.458396,70.937266,85.416136,99.895006,,,,,,,,,,56.663636,57.862121,60.499242,62.154866,56.663636,59.957613,53.369660,58.310625,55.016648
2026-04-08,58.000000,2026-03-31,2025-12-31,1.060000,4.181818,13.869565,16.877415,3.409433,42.063022,56.320652,70.578282,84.835912,99.093542,,,,,,,,,,56.809091,57.816667,60.421970,62.193735,56.809091,60.067379,53.550803,58.438235,55.179947
2026-04-09,58.181818,2026-03-31,2025-12-31,1.060000,4.181818,13.913043,16.793022,3.355556,42.160712,56.193039,70.225366,84.257693,98.290020,,,,,,,,,,56.931818,57.778788,60.349242,62.222290,56.931818,60.203416,53.660221,58.567617,55.296020
2026-04-10,58.000000,2026-03-31,2025-12-31,1.060000,4.181818,13.869565,16.708539,3.299544,42.275883,56.073978,69.872073,83.670168,97.468262,,,,,,,,,,56.968182,57.719697,60.275758,62.246591,56.968182,60.271745,53.664619,58.619963,55.316400
2026-04-13,57.090909,2026-03-31,2025-12-31,1.060000,4.181818,13.652174,16.623605,3.245048,42.376495,55.946695,69.516895,83.087096,96.657296,,,,,,,,,,56.922727,57.663636,60.198485,62.266521,56.922727,60.191345,53.654109,58.557036,55.288418
2026-04-14,57.363636,2026-03-31,2025-12-31,1.060000,4.181818,13.717391,16.541121,3.191180,42.482090,55.827024,69.171959,82.516893,95.861827,,,,,,,,,,56.931818,57.607576,60.128788,62.288462,56.931818,60.204479,53.659157,58.568149,55.295488
2026-04-15,57.636364,2026-03-31,2025-12-31,1.060000,4.181818,13.782609,16.460812,3.137432,42.595786,55.715955,68.836124,81.956293,95.076463,,,,,,,,,,56.886364,57.548485,60.065909,62.314452,56.886364,60.089165,53.683562,58.487764,55.284963
2026-04-16,58.000000,2026-03-31,2025-12-31,1.060000,4.181818,13.869565,16.382862,3.083739,42.718882,55.614516,68.510150,81.405784,94.301418,,,,,,,,,,56.854545,57.504545,60.010606,62.350699,56.854545,59.996206,53.712885,58.425376,55.283715
2026-04-17,59.000000,2026-03-31,2025-12-31,1.060000,4.181818,14.108696,16.309898,3.032246,42.844426,55.524727,68.205029,80.885331,93.565633,,,,,,,,,,56.872727,57.466667,59.971970,62.392279,56.872727,60.061660,53.683795,58.467194,55.278261
2026-04-20,57.909091,2026-03-31,2025-12-31,1.060000,4.181818,13.847826,16.230406,2.969546,43.036399,55.454503,67.872606,80.290709,92.708812,,,,,,,,,,56.872727,57.430303,59.912121,62.422028,56.872727,60.061660,53.683795,58.467194,55.278261
2026-04-21,57.545455,2026-03-31,2025-12-31,1.060000,4.181818,13.760870,16.149644,2.902516,43.259288,55.397082,67.534875,79.672669,91.810463,,,,,,,,,,56.890909,57.403030,59.847727,62.452010,56.890909,60.091388,53.690431,58.491148,55.290670
2026-04-22,59.272727,2026-03-31,2025-12-31,1.060000,4.181818,14.173913,16.075591,2.837349,43.494641,55.359920,67.225198,79.090477,90.955755,,,,,,,,,,57.081818,57.390909,59.806818,62.482488,57.081818,60.375689,53.787947,58.728754,55.434883
2026-04-23,59.181818,2026-03-31,2025-12-31,1.060000,4.181818,14.152174,16.002990,2.772912,43.729968,55.325781,66.921593,78.517406,90.113218,,,,,,,,,,57.254545,57.386364,59.769697,62.511422,57.254545,60.611049,53.898042,58.932797,55.576294
2026-04-24,57.909091,2026-03-31,2025-12-31,1.060000,4.181818,13.847826,15.927036,2.704674,43.983060,55.293513,66.603967,77.914421,89.224875,,,,,,,,,,57.340909,57.362121,59.719697,62.530099,57.340909,60.669970,54.011848,59.005439,55.676379
2026-04-27,58.272727,2026-03-31,2025-12-31,1.060000,4.181818,13.934783,15.851262,2.630425,44.287173,55.287134,66.287095,77.287056,88.287017,,,,,,,,,,57.481818,57.336364,59.671212,62.553788,57.481818,60.711789,54.251848,59.096803,55.866833
2026-04-28,58.090909,2026-03-31,2025-12-31,1.060000,4.181818,13.891304,15.775942,2.554341,44.608539,55.290331,65.972122,76.653914,87.335705,,,,,,,,,,57.613636,57.304545,59.623485,62.571183,57.613636,60.707570,54.519703,59.160603,56.066670
2026-04-29,58.272727,2026-03-31,2025-12-31,1.060000,4.181818,13.934783,15.696902,2.460869,45.059777,55.350684,65.641591,75.932498,86.223404,,,,,,,,,,57.795455,57.292424,59.565909,62.590793,57.795455,60.562863,55.028047,59.179159,56.411751
2026-04-30,57.272727,2026-03-31,2025-12-31,1.060000,4.181818,13.695652,15.619680,2.374855,45.456237,55.387449,65.318662,75.249874,85.181087,,,,,,,,,,57.954545,57.246970,59.510606,62.603613,57.954545,60.127174,55.781917,59.040860,56.868231
2026-05-04,57.909091,2026-03-31,2025-12-31,1.060000,4.181818,13.847826,15.546176,2.289839,45.859902,55.435591,65.011280,74.586969,84.162659,,,,,,,,,,58.113636,57.218182,59.467424,62.619085,58.113636,59.669749,56.557523,58.891693,57.335580
2026-05-05,58.000000,2026-03-31,2025-12-31,1.060000,4.181818,13.869565,15.473125,2.199827,46.307238,55.506516,64.705794,73.905073,83.104351,,,,,,,,,,58.004545,57.187879,59.425758,62.624446,58.004545,59.218464,56.790627,58.611505,57.397586
2026-05-06,59.181818,2026-03-31,2025-12-31,1.060000,4.181818,14.152174,15.402157,2.100898,46.837871,55.623445,64.409019,73.194593,81.980167,,,,,,,,,,58.104545,57.195455,59.393182,62.632692,58.104545,59.361834,56.847257,58.733190,57.475901
2026-05-07,59.363636,2026-03-31,2025-12-31,1.060000,4.181818,14.195652,15.329918,1.988168,47.478616,55.792773,64.106929,72.421085,80.735241,,,,,,,,,,58.172727,57.215152,59.357576,62.641696,58.172727,59.548463,56.796991,58.860595,57.484859
2026-05-08,58.090909,2026-03-31,2025-12-31,1.060000,4.181818,13.891304,15.259226,1.883654,48.057110,55.934208,63.811307,71.688405,79.565504,,,,,,,,,,58.168182,57.221212,59.322727,62.648019,58.168182,59.544392,56.791972,58.856287,57.480077
2026-05-11,63.818182,2026-03-31,2025-12-31,1.060000,4.181818,15.260870,15.202396,1.775922,48.720488,56.147072,63.573656,71.000241,78.426825,,,,,,,,,,58.459091,57.333333,59.342424,62.678497,58.459091,61.331755,55.586427,59.895423,57.022759
2026-05-12,64.454545,2026-03-31,2025-12-31,1.060000,4.181818,15.413043,15.145746,1.654767,49.496889,56.416823,63.336756,70.256690,77.176623,,,,,,,,,,58.827273,57.475758,59.364394,62.715122,58.827273,62.681466,54.973079,60.754369,56.900176
2026-05-13,64.636364,2026-03-31,2025-12-31,1.060000,4.181818,15.456522,15.091636,1.532019,50.297225,56.703851,63.110477,69.517103,75.923729,,,,,,,,,,59.190909,57.619697,59.393939,62.748427,59.190909,63.768176,54.613642,61.479542,56.902276
2026-05-14,62.727273,2026-03-31,2025-12-31,1.060000,4.181818,15.000000,15.035899,1.406529,51.113696,56.995545,62.877395,68.759244,74.641094,,,,,,,,,,59.445455,57.716667,59.413636,62.778730,59.445455,64.220662,54.670247,61.833058,57.057851
2026-05-15,60.818182,2026-05-15,2026-03-31,0.830000,3.618182,16.809045,14.996870,1.285650,44.957971,49.609687,54.261403,58.913119,63.564835,,,,,,,,,,59.586364,57.771212,59.421970,62.802244,59.586364,64.348281,54.824446,61.967322,57.205405
2026-05-18,60.272727,2026-05-15,2026-03-31,0.830000,3.618182,16.658291,14.952230,1.122575,45.976531,50.038210,54.099888,58.161567,62.223246,,,,,,,,,,59.650000,57.828788,59.413636,62.819697,59.650000,64.412941,54.887059,62.031470,57.268530
2026-05-19,59.636364,2026-05-15,2026-03-31,0.830000,3.618182,16.482412,14.901770,0.890932,47.470206,50.693759,53.917313,57.140866,60.364419,,,,,,,,,,59.736364,57.889394,59.387879,62.837121,59.736364,64.428504,55.044223,62.082434,57.390293
2026-05-20,60.000000,2026-05-15,2026-03-31,0.830000,3.618182,16.582915,14.893887,0.871464,47.582559,50.735675,53.888791,57.041906,60.195022,,,,,,,,,,59.859091,57.957576,59.312879,62.855186,59.859091,64.436956,55.281226,62.148024,57.570158
2026-05-21,61.272727,2026-05-15,2026-03-31,0.830000,3.618182,16.934673,14.887203,0.852344,47.696739,50.780673,53.864608,56.948542,60.032476,,,,,,,,,,59.959091,58.042424,59.241667,62.877389,59.959091,64.570281,55.347901,62.264686,57.653496
2026-05-22,63.363636,2026-05-15,2026-03-31,0.830000,3.618182,17.512563,14.894381,0.870751,47.589506,50.740041,53.890577,57.041112,60.191648,,,,,,,,,,60.168182,58.151515,59.223485,62.908013,60.168182,65.004709,55.331654,62.586445,57.749918
2026-05-25,62.818182,2026-05-15,2026-03-31,0.830000,3.618182,17.361809,14.905306,0.893314,47.465759,50.697932,53.930106,57.162279,60.394452,,,,,,,,,,60.413636,58.254545,59.220455,62.935198,60.413636,65.265680,55.561593,62.839658,57.987615
2026-05-26,62.363636,2026-05-15,2026-03-31,0.830000,3.618182,17.236181,14.914414,0.911430,47.367621,50.665341,53.963061,57.260781,60.558501,,,,,,,,,,60.618182,58.337879,59.210606,62.962238,60.618182,65.435000,55.801363,63.026591,58.209773
2026-05-27,61.181818,2026-05-15,2026-03-31,0.830000,3.618182,16.909548,14.922917,0.925256,47.298341,50.646084,53.993828,57.341571,60.689315,,,,,,,,,,60.772727,58.392424,59.199242,62.988141,60.772727,65.444280,56.101175,63.108503,58.436951
2026-05-28,61.181818,2026-05-15,2026-03-31,0.830000,3.618182,16.909548,14.935270,0.941792,47.223371,50.630946,54.038521,57.446096,60.853671,,,,,,,,,,60.918182,58.456061,59.203030,63.010548,60.918182,65.440765,56.395598,63.179474,58.656890
2026-05-29,62.181818,2026-05-15,2026-03-31,0.830000,3.618182,17.185930,14.947231,0.961150,47.126569,50.604184,54.081799,57.559414,61.037030,,,,,,,,,,61.163636,58.536364,59.204545,63.037704,61.163636,65.375346,56.951927,63.269491,59.057782
2026-06-01,65.090909,2026-05-15,2026-03-31,0.830000,3.618182,17.989950,14.965892,0.997915,46.928044,50.538682,54.149320,57.759957,61.370595,,,,,,,,,,61.522727,58.698485,59.230303,63.077855,61.522727,65.790361,57.255093,63.656544,59.388910
2026-06-02,64.454545,2026-05-15,2026-03-31,0.830000,3.618182,17.814070,14.981356,1.027367,46.770866,50.488068,54.205270,57.922472,61.639674,,,,,,,,,,61.845455,58.828788,59.243939,63.115064,61.845455,65.965067,57.725842,63.905261,59.785648
2026-06-03,70.818182,2026-05-15,2026-03-31,0.830000,3.618182,19.572864,15.010322,1.105141,46.312867,50.311470,54.310073,58.308675,62.307278,,,,,,,,,,62.427273,59.065152,59.306061,63.178205,62.427273,67.995186,56.859360,65.211229,59.643316
2026-06-04,73.272727,2026-05-15,2026-03-31,0.830000,3.618182,20.251256,15.044363,1.199899,45.750332,50.091787,54.433241,58.774695,63.116149,,,,,,,,,,63.122727,59.368182,59.386364,63.250699,63.122727,70.316624,55.928830,66.719676,59.525779
2026-06-05,69.181818,2026-05-15,2026-03-31,0.830000,3.618182,19.120603,15.071292,1.254057,45.455864,49.993269,54.530674,59.068079,63.605485,,,,,,,,,,63.677273,59.592424,59.441667,63.283129,63.677273,70.947482,56.407064,67.312377,60.042168
2026-06-08,64.363636,2026-05-15,2026-03-31,0.830000,3.618182,17.788945,15.086931,1.276140,45.352648,49.969954,54.587260,59.204566,63.821872,,,,,,,,,,63.704545,59.710606,59.456061,63.299272,63.704545,70.981070,56.428021,67.342808,60.066283
2026-06-09,64.454545,2026-05-15,2026-03-31,0.830000,3.618182,17.814070,15.102780,1.298096,45.251106,49.947854,54.644603,59.341351,64.038100,,,,,,,,,,63.704545,59.818182,59.471212,63.307343,63.704545,70.981070,56.428021,67.342808,60.066283
2026-06-10,62.363636,2026-05-15,2026-03-31,0.830000,3.618182,17.236181,15.114582,1.311045,45.200107,49.943707,54.687307,59.430907,64.174507,,,,,,,,,,63.590909,59.904545,59.471970,63.310198,63.590909,70.877141,56.304678,67.234025,59.947793
2026-06-11,61.818182,2026-05-15,2026-03-31,0.830000,3.618182,17.085427,15.126668,1.322519,45.160809,49.945923,54.731036,59.516150,64.301264,,,,,,,,,,63.545455,59.959091,59.474242,63.312238,63.545455,70.865635,56.225274,67.205545,59.885364
2026-06-12,62.727273,2026-05-15,2026-03-31,0.830000,3.618182,17.336683,15.141810,1.337375,45.108095,49.946959,54.785823,59.624687,64.463552,,,,,,,,,,63.640909,60.027273,59.487879,63.323019,63.640909,70.860445,56.421373,67.250677,60.031141
2026-06-15,62.363636,2026-05-15,2026-03-31,0.830000,3.618182,17.236181,15.157462,1.350848,45.067224,49.954839,54.842454,59.730069,64.617684,,,,,,,,,,63.745455,60.089394,59.503788,63.336655,63.745455,70.818700,56.672209,67.282077,60.208832
2026-06-16,61.454545,2026-05-15,2026-03-31,0.830000,3.618182,16.984925,15.170250,1.360871,45.040967,49.964846,54.888724,59.812602,64.736481,,,,,,,,,,63.836364,60.148485,59.509091,63.348543,63.836364,70.731742,56.940986,67.284053,60.388675
2026-06-17,61.454545,2026-05-15,2026-03-31,0.830000,3.618182,16.984925,15.182269,1.370522,45.014613,49.973411,54.932209,59.891007,64.849805,,,,,,,,,,63.909091,60.219697,59.511364,63.363636,63.909091,70.663337,57.154845,67.286214,60.531968
2026-06-18,61.727273,2026-05-15,2026-03-31,0.830000,3.618182,17.060302,15.195300,1.380930,44.986445,49.982902,54.979359,59.975815,64.972272,,,,,,,,,,63.931818,60.324242,59.517424,63.374330,63.931818,70.651683,57.211953,67.291751,60.571886
2026-06-22,62.181818,2026-05-15,2026-03-31,0.830000,3.618182,17.185930,15.210341,1.392749,44.955341,49.994559,55.033778,60.072997,65.112215,,,,,,,,,,63.872727,60.431818,59.531061,63.384003,63.872727,70.634285,57.111170,67.253506,60.491949
2026-06-23,61.090909,2026-05-15,2026-03-31,0.830000,3.618182,16.884422,15.221521,1.400802,44.937521,50.005877,55.074232,60.142588,65.210943,,,,,,,,,,63.786364,60.513636,59.530303,63.385344,63.786364,70.648018,56.924710,67.217191,60.355537
2026-06-24,61.181818,2026-05-15,2026-03-31,0.830000,3.618182,16.909548,15.231949,1.408715,44.917987,50.014975,55.111962,60.208950,65.305938,,,,,,,,,,63.727273,60.609091,59.526515,63.386480,63.727273,70.660497,56.794049,67.193885,60.260661
2026-06-25,60.909091,2026-05-15,2026-03-31,0.830000,3.618182,16.834171,15.240402,1.415300,44.900919,50.021732,55.142545,60.263358,65.384171,,,,,,,,,,63.713636,60.700000,59.515152,63.387063,63.713636,70.668978,56.758295,67.191307,60.235966
2026-06-26,58.727273,2026-05-15,2026-03-31,0.830000,3.618182,16.231156,15.243637,1.417131,44.899372,50.026811,55.154250,60.281689,65.409128,,,,,,,,,,63.590909,60.768182,59.484848,63.376807,63.590909,70.815751,56.366067,67.203330,59.978488
2026-06-29,59.727273,2026-05-15,2026-03-31,0.830000,3.618182,16.507538,15.249560,1.420943,44.893221,50.034451,55.175681,60.316911,65.458141,,,,,,,,,,63.468182,60.862121,59.464394,63.367803,63.468182,70.874908,56.061456,67.171545,59.764819
2026-06-30,60.909091,2026-05-15,2026-03-31,0.830000,3.618182,16.834171,15.258975,1.427709,44.878327,50.044036,55.209746,60.375455,65.541164,,,,,,,,,,63.259091,60.965152,59.456818,63.357022,63.259091,70.708914,55.809267,66.984003,59.534179
2026-07-01,61.454545,2026-05-15,2026-03-31,0.830000,3.618182,16.984925,15.271186,1.436198,44.861079,50.057503,55.253926,60.450350,65.646774,,,,,,,,,,63.109091,60.986364,59.459848,63.345600,63.109091,70.578349,55.639832,66.843720,59.374462
2026-07-02,61.545455,2026-05-15,2026-03-31,0.830000,3.618182,17.010050,15.282836,1.444631,44.842203,50.069141,55.296079,60.523018,65.749956,,,,,,,,,,62.645455,61.059091,59.460606,63.328438,62.645455,69.194337,56.096572,65.919896,59.371013
2026-07-03,61.909091,2026-05-15,2026-03-31,0.830000,3.618182,17.110553,15.296864,1.454186,44.823814,50.085324,55.346833,60.608343,65.869853,,,,,,,,,,62.077273,61.124242,59.470455,63.286276,62.077273,66.304106,57.850440,64.190689,59.963856
2026-07-06,65.090909,2026-05-15,2026-03-31,0.830000,3.618182,17.989950,15.318797,1.474818,44.753873,50.090032,55.426192,60.762351,66.098511,,,,,,,,,,61.872727,61.239394,59.509091,63.264656,61.872727,64.868679,58.876775,63.370703,60.374751
2026-07-07,62.818182,2026-05-15,2026-03-31,0.830000,3.618182,17.361809,15.333186,1.486309,44.722785,50.100520,55.478255,60.855989,66.233724,,,,,,,,,,61.795455,61.319697,59.519697,63.257459,61.795455,64.594121,58.996788,63.194788,60.396121
2026-07-08,62.181818,2026-05-15,2026-03-31,0.830000,3.618182,17.185930,15.348419,1.495901,44.708486,50.120928,55.533370,60.945812,66.358254,,,,,,,,,,61.681818,61.404545,59.534091,63.245571,61.681818,64.195980,59.167656,62.938899,60.424737
2026-07-09,61.818182,2026-05-15,2026-03-31,0.830000,3.618182,17.085427,15.362237,1.504271,44.697918,50.140643,55.583367,61.026091,66.468815,,,,,,,,,,61.654545,61.478788,59.543182,63.237121,61.654545,64.149325,59.159766,62.901935,60.407156
2026-07-13,63.000000,2026-05-15,2026-03-31,0.830000,3.618182,17.412060,15.377815,1.515790,44.670920,50.155325,55.639730,61.124135,66.608540,,,,,,,,,,61.713636,61.568182,59.558333,63.229516,61.713636,64.279701,59.147571,62.996669,60.430604
2026-07-14,62.727273,2026-05-15,2026-03-31,0.830000,3.618182,17.336683,15.393919,1.526302,44.653122,50.175560,55.697999,61.220437,66.742876,,,,,,,,,,61.713636,61.646970,59.575758,63.212325,61.713636,64.279701,59.147571,62.996669,60.430604
2026-07-15,63.636364,2026-05-15,2026-03-31,0.830000,3.618182,17.587940,15.410770,1.539323,44.619869,50.189419,55.758969,61.328519,66.898069,,,,,,,,,,61.777273,61.724242,59.595455,63.197174,61.777273,64.471151,59.083394,63.124212,60.430333
2026-07-16,64.363636,2026-05-15,2026-03-31,0.830000,3.618182,17.788945,15.431798,1.554483,44.586244,50.210648,55.835052,61.459456,67.083860,,,,,,,,,,61.922727,61.831818,59.631061,63.186218,61.922727,64.847491,58.997964,63.385109,60.460346
2026-07-17,61.000000,2026-05-15,2026-03-31,0.830000,3.618182,16.859296,15.447004,1.559482,44.605089,50.247578,55.890068,61.532557,67.175047,,,,,,,,,,61.900000,61.889394,59.646212,63.158916,61.900000,64.847061,58.952939,63.373530,60.426470
2026-07-20,62.000000,2026-05-15,2026-03-31,0.830000,3.618182,17.135678,15.462780,1.566954,44.608101,50.277625,55.947150,61.616675,67.286200,,,,,,,,,,61.913636,61.934848,59.662879,63.143939,61.913636,64.859856,58.967417,63.386746,60.440527
2026-07-21,64.363636,2026-05-15,2026-03-31,0.830000,3.618182,17.788945,15.485155,1.580895,44.588177,50.308142,56.028108,61.748073,67.468039,,,,,,,,,,62.022727,62.021212,59.703788,63.135897,62.022727,65.165758,58.879696,63.594243,60.451212
2026-07-22,64.909091,2026-05-15,2026-03-31,0.830000,3.618182,17.939698,15.508979,1.596218,44.563494,50.338901,56.114307,61.889713,67.665119,,,,,,,,,,62.213636,62.137879,59.750000,63.125466,62.213636,65.574634,58.852639,63.894135,60.533138
2026-07-23,64.454545,2026-05-15,2026-03-31,0.830000,3.618182,17.814070,15.530794,1.609739,44.544577,50.368907,56.193236,62.017566,67.841895,,,,,,,,,,62.377273,62.240909,59.788636,63.116346,62.377273,65.843772,58.910774,64.110522,60.644023
2026-07-24,64.727273,2026-05-15,2026-03-31,0.830000,3.618182,17.889447,15.552852,1.623829,44.522427,50.397736,56.273046,62.148355,68.023665,,,,,,,,,,62.568182,62.351515,59.828030,63.093211,62.568182,66.113882,59.022482,64.341032,60.795332
2026-07-27,64.272727,2026-05-15,2026-03-31,0.830000,3.618182,17.763819,15.575980,1.635446,44.522045,50.439386,56.356727,62.274069,68.191410,,,,,,,,,,62.845455,62.451515,59.871970,63.066725,62.845455,65.968619,59.722290,64.407037,61.283872
2026-07-28,62.181818,2026-05-15,2026-03-31,0.830000,3.618182,17.185930,15.592175,1.641727,44.535195,50.475260,56.415325,62.355390,68.295455,,,,,,,,,,62.968182,62.533333,59.890152,63.031527,62.968182,65.749637,60.186726,64.358910,61.577454
2026-07-29,61.727273,2026-05-15,2026-03-31,0.830000,3.618182,17.060302,15.608093,1.646657,44.557108,50.515014,56.472920,62.430826,68.388732,,,,,,,,,,63.009091,62.596970,59.907576,62.994435,63.009091,65.685100,60.333081,64.347096,61.671086
2026-07-30,61.545455,2026-05-15,2026-03-31,0.830000,3.618182,17.010050,15.623208,1.651164,44.579185,50.553396,56.527607,62.501818,68.476029,,,,,,,,,,63.013636,62.656061,59.921970,62.955128,63.013636,65.678815,60.348458,64.346226,61.681047
2026-07-31,63.909091,2026-05-15,2026-03-31,0.830000,3.618182,17.663317,15.646076,1.660309,44.595751,50.603049,56.610347,62.617646,68.624944,,,,,,,,,,63.131818,62.734848,59.965152,62.916929,63.131818,65.731698,60.531939,64.431758,61.831878
2026-08-03,64.272727,2026-05-15,2026-03-31,0.830000,3.618182,17.763819,15.670936,1.669549,44.618831,50.659563,56.700296,62.741029,68.781761,,,,,,,,,,63.250000,62.816667,60.015909,62.874417,63.250000,65.830669,60.669331,64.540334,61.959666
2026-08-04,64.454545,2026-05-15,2026-03-31,0.830000,3.618182,17.814070,15.697177,1.678331,44.650226,50.722734,56.795241,62.867749,68.940257,,,,,,,,,,63.218182,62.922727,60.071970,62.821008,63.218182,65.717699,60.718665,64.467940,61.968423
2026-08-05,64.181818,2026-05-15,2026-03-31,0.830000,3.618182,17.738693,15.724138,1.684966,44.699759,50.796273,56.892788,62.989303,69.085818,,,,,,,,,,63.286364,62.928788,60.131061,62.754808,63.286364,65.814173,60.758554,64.550268,62.022459
2026-08-06,65.272727,2026-05-15,2026-03-31,0.830000,3.618182,18.040201,15.756112,1.692253,44.762722,50.885600,57.008479,63.131357,69.254236,,,,,,,,,,63.440909,62.942424,60.209091,62.687325,63.440909,66.060655,60.821163,64.750782,62.131036
2026-08-07,65.454545,2026-05-15,2026-03-31,0.830000,3.618182,18.090452,15.788313,1.699647,44.825726,50.975357,57.124988,63.274619,69.424250,,,,,,,,,,63.622727,62.956061,60.287879,62.616230,63.622727,66.272848,60.972606,64.947788,62.297667
2026-08-10,69.181818,2026-05-15,2026-03-31,0.830000,3.618182,19.120603,15.827174,1.722121,44.803701,51.034648,57.265594,63.496541,69.727488,,,,,,,,,,63.931818,63.063636,60.390152,62.581061,63.931818,67.543637,60.319999,65.737728,62.125909
2026-08-11,69.090909,2026-05-15,2026-03-31,0.830000,3.618182,19.095477,15.864479,1.744074,44.779818,51.090193,57.400569,63.710944,70.021320,,,,,,,,,,64.250000,63.201515,60.486364,62.549883,64.250000,68.482838,60.017162,66.366419,62.133581
2026-08-12,71.363636,2026-05-15,2026-03-31,0.830000,3.618182,19.723618,15.908557,1.774202,44.721282,51.140667,57.560053,63.979439,70.398825,,,,,,,,,,64.636364,63.386364,60.607576,62.526719,64.636364,69.914862,59.357865,67.275613,61.997114
2026-08-13,73.909091,2026-05-15,2026-03-31,0.830000,3.618182,20.427136,15.960231,1.814634,44.615667,51.181342,57.747017,64.312692,70.878368,,,,,,,,,,65.113636,63.624242,60.756818,62.509790,65.113636,71.821062,58.406211,68.467349,61.759923
2026-08-14,73.636364,2026-08-14,2026-06-30,2.220000,5.381818,13.682432,15.955891,1.819488,66.287400,76.079552,85.871704,95.663855,105.456007,,,,,,,,,,65.745455,63.851515,60.904545,62.497552,65.745455,73.164227,58.326682,69.454841,62.036068
2026-08-17,80.090909,2026-08-14,2026-06-30,2.220000,5.381818,14.881757,15.960968,1.815597,66.356603,76.127815,85.899027,95.670239,105.441451,,,,,,,,,,66.650000,64.165152,61.103788,62.534062,66.650000,76.239808,57.060192,71.444904,61.855096
2026-08-18,77.090909,2026-08-14,2026-06-30,2.220000,5.381818,14.324324,15.960052,1.816401,66.343024,76.118562,85.894100,95.669638,105.445176,,,,,,,,,,67.286364,64.393939,61.272727,62.564481,67.286364,77.874509,56.698218,72.580436,61.992291
2026-08-19,75.090909,2026-08-14,2026-06-30,2.220000,5.381818,13.952703,15.956425,1.819998,66.284786,76.079682,85.874578,95.669474,105.464370,,,,,,,,,,67.795455,64.598485,61.426515,62.568502,67.795455,78.870253,56.720656,73.332854,62.258056
2026-08-20,74.636364,2026-08-14,2026-06-30,2.220000,5.381818,13.868243,15.950554,1.825626,66.192607,76.017795,85.842982,95.668170,105.493357,,,,,,,,,,68.304545,64.803030,61.570455,62.576457,68.304545,79.665104,56.943987,73.984825,62.624266
2026-08-21,73.454545,2026-08-14,2026-06-30,2.220000,5.381818,13.648649,15.941699,1.834245,66.052180,75.923752,85.795323,95.666895,105.538466,,,,,,,,,,68.740909,65.007576,61.700000,62.602797,68.740909,80.192990,57.288828,74.466949,63.014869
2026-08-24,67.818182,2026-08-14,2026-06-30,2.220000,5.381818,12.601351,15.925270,1.855316,65.736962,75.721936,85.706909,95.691882,105.676856,,,,,,,,,,68.918182,65.118182,61.787121,62.608275,68.918182,80.187343,57.649020,74.552762,63.283601
2026-08-25,68.272727,2026-08-14,2026-06-30,2.220000,5.381818,12.685811,15.909546,1.874770,65.442943,75.532613,85.622283,95.711952,105.801622,,,,,,,,,,69.222727,65.219697,61.878030,62.603409,69.222727,80.045749,58.399706,74.634238,63.811216
2026-08-26,68.181818,2026-08-14,2026-06-30,2.220000,5.381818,12.668919,15.897915,1.890575,65.210227,75.384956,85.559686,95.734415,105.909144,,,,,,,,,,69.545455,65.271212,61.984848,62.593939,69.545455,79.797265,59.293645,74.671360,64.419550
2026-08-27,69.818182,2026-08-14,2026-06-30,2.220000,5.381818,12.972973,15.886123,1.904434,64.997594,75.246909,85.496224,95.745539,105.994854,,,,,,,,,,69.959091,65.360606,62.094697,62.591288,69.959091,79.494351,60.423831,74.726721,65.191461
2026-08-28,67.600000,2026-08-14,2026-06-30,2.220000,5.381818,12.560811,15.870896,1.923719,64.708067,75.061172,85.414278,95.767384,106.120489,,,,,,,,,,70.143636,65.306970,62.186061,62.591515,70.143636,79.322070,60.965203,74.732853,65.554420
2026-08-31,66.000000,2026-08-14,2026-06-30,2.220000,5.381818,12.263514,15.856464,1.944294,64.408930,74.872768,85.336606,95.800444,106.264282,,,,,,,,,,70.230000,65.185758,62.276970,62.590379,70.230000,79.206112,61.253888,74.718056,65.741944
2026-09-01,66.900000,2026-08-14,2026-06-30,2.220000,5.381818,12.430743,15.842078,1.963268,64.127284,74.693234,85.259184,95.825135,106.391085,,,,,,,,,,70.352273,65.147727,62.370076,62.589583,70.352273,79.059732,61.644813,74.706002,65.998543
2026-09-02,67.500000,2026-08-14,2026-06-30,2.220000,5.381818,12.542230,15.825350,1.982828,63.826718,74.497936,85.169154,95.840373,106.511591,,,,,,,,,,70.518182,65.200000,62.455303,62.585606,70.518182,78.848908,62.187456,74.683545,66.352819
2026-09-03,66.000000,2026-08-14,2026-06-30,2.220000,5.381818,12.263514,15.804759,2.006935,63.456421,74.257380,85.058338,95.859297,106.660256,,,,,,,,,,70.554545,65.225758,62.521970,62.569697,70.554545,78.794722,62.314369,74.674634,66.434457
2026-09-04,67.400000,2026-08-14,2026-06-30,2.220000,5.381818,12.523649,15.788068,2.025894,63.162528,74.065519,84.968511,95.871503,106.774494,,,,,,,,,,70.651818,65.309697,62.607121,62.548258,70.651818,78.681754,62.621883,74.666786,66.636850
2026-09-07,66.200000,2026-08-14,2026-06-30,2.220000,5.381818,12.300676,15.766632,2.049133,62.797025,73.825086,84.853147,95.881208,106.909269,,,,,,,,,,70.502727,65.382727,62.670909,62.500227,70.502727,78.755224,62.250231,74.628976,66.376479
2026-09-08,65.700000,2026-08-14,2026-06-30,2.220000,5.381818,12.207770,15.744230,2.073283,62.416512,73.574547,84.732581,95.890615,107.048649,,,,,,,,,,70.333182,65.432273,62.729773,62.453902,70.333182,78.843122,61.823242,74.588152,66.078212
2026-09-09,65.600000,2026-08-14,2026-06-30,2.220000,5.381818,12.189189,15.721672,2.097177,62.037934,73.324557,84.611181,95.897805,107.184428,,,,,,,,,,70.045000,65.486212,62.787803,62.419280,70.045000,78.794987,61.295013,74.419994,65.670006
2026-09-10,63.300000,2026-08-14,2026-06-30,2.220000,5.381818,11.761824,15.697093,2.126201,61.593247,73.036074,84.478901,95.921728,107.364555,,,,,,,,,,69.514545,65.516970,62.832727,62.372045,69.514545,78.559544,60.469547,74.037045,64.992046
2026-09-11,62.000000,2026-08-14,2026-06-30,2.220000,5.381818,11.520270,15.672041,2.157588,61.120577,72.732325,84.344073,95.955822,107.567570,,,,,,,,,,68.932727,65.526061,62.872879,62.320909,68.932727,78.350692,59.514763,73.641710,64.223745
2026-09-14,64.600000,2026-08-14,2026-06-30,2.220000,5.381818,12.003378,15.654671,2.178737,60.799464,72.525028,84.250592,95.976156,107.701720,,,,,,,,,,68.158182,65.573939,62.949091,62.283258,68.158182,76.152718,60.163646,72.155450,64.160914
2026-09-15,64.000000,2026-08-14,2026-06-30,2.220000,5.381818,11.891892,15.635795,2.201514,60.452705,72.300854,84.149003,95.997152,107.845302,,,,,,,,,,67.503636,65.604242,63.018030,62.246894,67.503636,74.500073,60.507199,71.001855,64.005418
2026-09-16,64.000000,2026-08-14,2026-06-30,2.220000,5.381818,11.891892,15.615956,2.224509,60.098435,72.070335,84.042236,96.014136,107.986037,,,,,,,,,,66.949091,65.652727,63.083182,62.214318,66.949091,73.123256,60.774926,70.036173,63.862009
2026-09-17,65.000000,2026-08-14,2026-06-30,2.220000,5.381818,12.077703,15.599206,2.243598,59.802810,71.877449,83.952088,96.026727,108.101366,,,,,,,,,,66.467273,65.716364,63.162727,62.188939,66.467273,71.517198,61.417347,68.992235,63.942310
2026-09-18,64.600000,2026-08-14,2026-06-30,2.220000,5.381818,12.003378,15.581836,2.263380,59.496410,71.677508,83.858606,96.039705,108.220803,,,,,,,,,,66.024545,65.777879,63.238939,62.159242,66.024545,69.914556,62.134535,67.969551,64.079540
2026-09-21,67.500000,2026-08-14,2026-06-30,2.220000,5.381818,12.542230,15.570688,2.275096,59.310307,71.554460,83.798614,96.042767,108.286920,,,,,,,,,,66.008636,65.924091,63.346136,62.144659,66.008636,69.870260,62.147013,67.939448,64.077825
2026-09-22,67.500000,2026-08-14,2026-06-30,2.220000,5.381818,12.542230,15.567417,2.279196,59.248566,71.514787,83.781008,96.047229,108.313450,,,,,,,,,,65.970000,66.053636,63.457879,62.128561,65.970000,69.750862,62.189138,67.860431,64.079569
2026-09-23,66.300000,2026-08-14,2026-06-30,2.220000,5.381818,12.319257,15.561020,2.287281,59.127122,71.436850,83.746578,96.056306,108.366034,,,,,,,,,,65.875909,66.143485,63.554318,62.111250,65.875909,69.516052,62.235766,67.695981,64.055838
2026-09-24,65.700000,2026-08-14,2026-06-30,2.220000,5.381818,12.207770,15.542823,2.305279,58.835467,71.242059,83.648650,96.055241,108.461832,,,,,,,,,,65.670000,66.214242,63.600303,62.100530,65.670000,68.801571,62.538429,67.235785,64.104215
2026-09-29,64.900000,2026-08-14,2026-06-30,2.220000,5.381818,12.059122,15.529367,2.320940,58.594479,71.085354,83.576229,96.067104,108.557979,,,,,,,,,,65.535000,66.270152,63.664621,62.081932,65.535000,68.546749,62.523251,67.040874,64.029126
2026-09-30,65.000000,2026-08-14,2026-06-30,2.220000,5.381818,12.077703,15.514435,2.337414,58.336796,70.916331,83.495867,96.075402,108.654938,,,,,,,,,,65.485000,66.321667,63.722955,62.072462,65.485000,68.497448,62.472552,66.991224,63.978776
2026-10-01,64.900000,2026-08-14,2026-06-30,2.220000,5.381818,12.059122,15.498985,2.354154,58.073463,70.743092,83.412721,96.082350,108.751979,,,,,,,,,,65.385000,66.318485,63.778939,62.064091,65.385000,68.331738,62.438262,66.858369,63.911631
2026-10-02,65.500000,2026-08-14,2026-06-30,2.220000,5.381818,12.170608,15.484827,2.369097,57.836425,70.586475,83.336525,96.086576,108.836626,,,,,,,,,,65.285000,66.363182,63.841439,62.058598,65.285000,68.060286,62.509714,66.672643,63.897357
