# chart-version: skill-stock-dynamic-valuation-box@1.10.0; font: noto-sans-cjk-tc-v1; Updated: 2026-10-04 06:47 CST (1.10.0)
date,close,available_date,period_end,eps,ttm_eps,pe,pe_mean,pe_std,price_m2,price_m1,price_mean,price_p1,price_p2,forward_eps,forward_pe,forward_pe_mean,forward_pe_std,forward_price_m2,forward_price_m1,forward_price_mean,forward_price_p1,forward_price_p2,sma20,sma60,sma120,sma240,bband_mid,bband_upper2,bband_lower2,bband_upper1,bband_lower1
2023-10-02,231.500000,2023-08-14,2023-06-30,6.600000,26.440000,8.755673,9.112577,0.628739,207.688790,224.312659,240.936528,257.560397,274.184265,,,,,,,,,,229.325000,222.600000,221.791667,205.393750,229.325000,237.805783,220.844217,233.565392,225.084608
2023-10-03,228.000000,2023-08-14,2023-06-30,6.600000,26.440000,8.623298,9.101809,0.625933,207.552515,224.102174,240.651832,257.201490,273.751148,,,,,,,,,,229.700000,222.675000,221.933333,205.700000,229.700000,237.136751,222.263249,233.418375,225.981625
2023-10-04,226.000000,2023-08-14,2023-06-30,6.600000,26.440000,8.547655,9.089236,0.621736,207.442017,223.880712,240.319407,256.758102,273.196796,,,,,,,,,,229.850000,222.691667,222.033333,205.991667,229.850000,236.824389,222.875611,233.337195,226.362805
2023-10-05,223.000000,2023-08-14,2023-06-30,6.600000,26.440000,8.434191,9.074739,0.616493,207.335964,223.636031,239.936097,256.236163,272.536230,,,,,,,,,,229.725000,222.716667,222.087500,206.272917,229.725000,237.105451,222.344549,233.415225,226.034775
2023-10-06,221.000000,2023-08-14,2023-06-30,6.600000,26.440000,8.358548,9.059611,0.611548,207.197472,223.366796,239.536120,255.705445,271.874769,,,,,,,,,,229.250000,222.741667,222.125000,206.552083,229.250000,237.581930,220.918070,233.415965,225.084035
2023-10-11,222.500000,2023-08-14,2023-06-30,6.600000,26.440000,8.415280,9.046523,0.608356,207.020216,223.105138,239.190060,255.274982,271.359904,,,,,,,,,,228.875000,223.000000,222.208333,206.879167,228.875000,237.723877,220.026123,233.299439,224.450561
2023-10-12,238.500000,2023-08-14,2023-06-30,6.600000,26.440000,9.020424,9.039456,0.603635,207.082996,223.043107,239.003218,254.963329,270.923440,,,,,,,,,,229.150000,223.466667,222.445833,207.262500,229.150000,238.840473,219.459527,233.995236,224.304764
2023-10-13,238.000000,2023-08-14,2023-06-30,6.600000,26.440000,9.001513,9.031644,0.597936,207.177825,222.987252,238.796678,254.606104,270.415531,,,,,,,,,,229.950000,223.966667,222.666667,207.670833,229.950000,239.795651,220.104349,234.872825,225.027175
2023-10-16,239.000000,2023-08-14,2023-06-30,6.600000,26.440000,9.039334,9.024735,0.592955,207.258536,222.936270,238.614003,254.291736,269.969469,,,,,,,,,,230.500000,224.475000,222.908333,208.062500,230.500000,241.087977,219.912023,235.793989,225.206011
2023-10-17,238.500000,2023-08-14,2023-06-30,6.600000,26.440000,9.020424,9.016885,0.586639,207.384982,222.895717,238.406453,253.917188,269.427923,,,,,,,,,,230.650000,224.958333,223.129167,208.460417,230.650000,241.614536,219.685464,236.132268,225.167732
2023-10-18,235.000000,2023-08-14,2023-06-30,6.600000,26.440000,8.888048,9.006758,0.578153,207.565920,222.852297,238.138674,253.425051,268.711427,,,,,,,,,,230.575000,225.316667,223.295833,208.839583,230.575000,241.390559,219.759441,235.982779,225.167221
2023-10-19,235.000000,2023-08-14,2023-06-30,6.600000,26.440000,8.888048,8.997609,0.571173,207.693137,222.794959,237.896780,252.998601,268.100423,,,,,,,,,,230.700000,225.666667,223.483333,209.214583,230.700000,241.665976,219.734024,236.182988,225.217012
2023-10-20,238.500000,2023-08-14,2023-06-30,6.600000,26.440000,9.020424,8.988584,0.562037,207.937630,222.797899,237.658168,252.518437,267.378706,,,,,,,,,,230.900000,226.100000,223.679167,209.600000,230.900000,242.295290,219.504710,236.597645,225.202355
2023-10-23,237.000000,2023-08-14,2023-06-30,6.600000,26.440000,8.963691,8.978891,0.552185,208.202343,222.802111,237.401879,252.001647,266.601415,,,,,,,,,,231.250000,226.533333,223.858333,209.989583,231.250000,242.954700,219.545300,237.102350,225.397650
2023-10-24,238.000000,2023-08-14,2023-06-30,6.600000,26.440000,9.001513,8.969121,0.541125,208.528874,222.836222,237.143569,251.450916,265.758263,,,,,,,,,,231.725000,226.966667,224.037500,210.389583,231.725000,243.727083,219.722917,237.726042,225.723958
2023-10-25,236.500000,2023-08-14,2023-06-30,6.600000,26.440000,8.944781,8.958487,0.528716,208.903913,222.883159,236.862405,250.841651,264.820896,,,,,,,,,,232.075000,227.333333,224.195833,210.791667,232.075000,244.211396,219.938604,238.143198,226.006802
2023-10-26,237.000000,2023-08-14,2023-06-30,6.600000,26.440000,8.963691,8.948011,0.515789,209.310481,222.947944,236.585408,250.222871,263.860335,,,,,,,,,,232.425000,227.683333,224.358333,211.189583,232.425000,244.712242,220.137758,238.568621,226.281379
2023-10-27,242.000000,2023-08-14,2023-06-30,6.600000,26.440000,9.152799,8.938131,0.500048,209.881632,223.102912,236.324192,249.545472,262.766752,,,,,,,,,,233.125000,228.041667,224.541667,211.597917,233.125000,245.934844,220.315156,239.529922,226.720078
2023-10-30,241.000000,2023-08-14,2023-06-30,6.600000,26.440000,9.114977,8.926566,0.479169,210.679954,223.349179,236.018404,248.687630,261.356855,,,,,,,,,,233.675000,228.358333,224.687500,212.008333,233.675000,246.859021,220.490979,240.267011,227.082989
2023-10-31,240.000000,2023-08-14,2023-06-30,6.600000,26.440000,9.077156,8.914881,0.457597,211.511747,223.610603,235.709460,247.808317,259.907173,,,,,,,,,,234.300000,228.675000,224.829167,212.404167,234.300000,247.436530,221.163470,240.868265,227.731735
2023-11-01,245.000000,2023-08-14,2023-06-30,6.600000,26.440000,9.266263,8.904381,0.434166,212.473142,223.952485,235.431828,246.911172,258.390515,,,,,,,,,,234.975000,229.000000,225.004167,212.818750,234.975000,248.871137,221.078863,241.923069,228.026931
2023-11-02,249.000000,2023-08-14,2023-06-30,6.600000,26.440000,9.417549,8.894162,0.406427,213.669803,224.415724,235.161645,245.907566,256.653487,,,,,,,,,,236.025000,229.250000,225.191667,213.243750,236.025000,250.844884,221.205116,243.434942,228.615058
2023-11-03,247.000000,2023-08-14,2023-06-30,6.600000,26.440000,9.341906,8.883900,0.378243,214.888851,224.889589,234.890326,244.891064,254.891802,,,,,,,,,,237.075000,229.500000,225.375000,213.654167,237.075000,251.879960,222.270040,244.477480,229.672520
2023-11-06,249.000000,2023-08-14,2023-06-30,6.600000,26.440000,9.417549,8.873486,0.344419,216.402086,225.508526,234.614966,243.721406,252.827846,,,,,,,,,,238.375000,229.891667,225.558333,214.070833,238.375000,252.527831,224.222169,245.451416,231.298584
2023-11-07,247.000000,2023-08-14,2023-06-30,6.600000,26.440000,9.341906,8.875145,0.346202,216.351662,225.505243,234.658823,243.812404,252.965984,,,,,,,,,,239.675000,230.208333,225.750000,214.468750,239.675000,251.728717,227.621283,245.701859,233.648141
2023-11-08,243.000000,2023-08-14,2023-06-30,6.600000,26.440000,9.190620,8.876393,0.347073,216.338589,225.515210,234.691830,243.868450,253.045071,,,,,,,,,,240.700000,230.533333,225.929167,214.852083,240.700000,249.705262,231.694738,245.202631,236.197369
2023-11-09,244.500000,2023-08-14,2023-06-30,6.600000,26.440000,9.247352,8.878284,0.348480,216.314201,225.528017,234.741833,243.955649,253.169465,,,,,,,,,,241.000000,230.883333,226.125000,215.225000,241.000000,250.095979,231.904021,245.547990,236.452010
2023-11-10,246.000000,2023-08-14,2023-06-30,6.600000,26.440000,9.304085,8.880988,0.350526,216.277521,225.545426,234.813330,244.081234,253.349139,,,,,,,,,,241.400000,231.258333,226.341667,215.591667,241.400000,250.642920,232.157080,246.021460,236.778540
2023-11-13,246.000000,2023-08-14,2023-06-30,6.600000,26.440000,9.304085,8.884033,0.352612,216.247693,225.570756,234.893820,244.216883,253.539947,,,,,,,,,,241.750000,231.608333,226.566667,215.941667,241.750000,251.139244,232.360756,246.444622,237.055378
2023-11-14,243.000000,2023-11-14,2023-09-30,6.970000,24.940000,9.743384,8.890397,0.361142,203.712756,212.719634,221.726512,230.733391,239.740269,,,,,,,,,,241.975000,231.816667,226.758333,216.258333,241.975000,251.251314,232.698686,246.613157,237.336843
2023-11-15,242.000000,2023-11-14,2023-09-30,6.970000,24.940000,9.703288,8.894898,0.367873,203.489265,212.664006,221.838747,231.013488,240.188229,,,,,,,,,,242.325000,232.100000,226.904167,216.550000,242.325000,251.002102,233.647898,246.663551,237.986449
2023-11-16,242.500000,2023-11-14,2023-09-30,6.970000,24.940000,9.723336,8.900075,0.375113,203.257227,212.612550,221.967873,231.323196,240.678519,,,,,,,,,,242.700000,232.433333,227.066667,216.837500,242.700000,250.663073,234.736927,246.681536,238.718464
2023-11-17,242.000000,2023-11-14,2023-09-30,6.970000,24.940000,9.703288,8.903895,0.380943,203.061713,212.562427,222.063142,231.563856,241.064571,,,,,,,,,,242.875000,232.825000,227.195833,217.116667,242.875000,250.599704,235.150296,246.737352,239.012648
2023-11-20,243.000000,2023-11-14,2023-09-30,6.970000,24.940000,9.743384,8.908729,0.387880,202.836264,212.509987,222.183710,231.857433,241.531156,,,,,,,,,,243.175000,233.191667,227.350000,217.410417,243.175000,250.388109,235.961891,246.781555,239.568445
2023-11-21,245.500000,2023-11-14,2023-09-30,6.970000,24.940000,9.843625,8.913379,0.395701,202.562083,212.430873,222.299662,232.168451,242.037241,,,,,,,,,,243.550000,233.641667,227.500000,217.710417,243.550000,250.401047,236.698953,246.975523,240.124477
2023-11-22,242.500000,2023-11-14,2023-09-30,6.970000,24.940000,9.723336,8.917025,0.401141,202.381711,212.386163,222.390614,232.395066,242.399518,,,,,,,,,,243.850000,234.016667,227.625000,217.989583,243.850000,249.877132,237.822868,246.863566,240.836434
2023-11-23,243.000000,2023-11-14,2023-09-30,6.970000,24.940000,9.743384,8.920329,0.406310,202.206244,212.339627,222.473009,232.606392,242.739774,,,,,,,,,,244.150000,234.500000,227.741667,218.272917,244.150000,249.270650,239.029350,246.710325,241.589675
2023-11-24,244.500000,2023-11-14,2023-09-30,6.970000,24.940000,9.803528,8.924134,0.412431,201.995855,212.281879,222.567904,232.853928,243.139952,,,,,,,,,,244.275000,234.958333,227.870833,218.560417,244.275000,249.295746,239.254254,246.785373,241.764627
2023-11-27,246.500000,2023-11-14,2023-09-30,6.970000,24.940000,9.883721,8.930138,0.421094,201.713469,212.215554,222.717638,233.219723,243.721807,,,,,,,,,,244.550000,235.458333,228.054167,218.860417,244.550000,249.415561,239.684439,246.982781,242.117219
2023-11-28,247.500000,2023-11-14,2023-09-30,6.970000,24.940000,9.923817,8.936816,0.430421,201.414811,212.149500,222.884189,233.618878,244.353567,,,,,,,,,,244.925000,235.958333,228.254167,219.158333,244.925000,249.458791,240.391209,247.191896,242.658104
2023-11-29,248.000000,2023-11-14,2023-09-30,6.970000,24.940000,9.943865,8.944511,0.440075,201.125192,212.100653,223.076114,234.051576,245.027037,,,,,,,,,,245.075000,236.458333,228.479167,219.458333,245.075000,249.813143,240.336857,247.444072,242.705928
2023-11-30,244.500000,2023-11-14,2023-09-30,6.970000,24.940000,9.803528,8.950187,0.446730,200.934752,212.076209,223.217666,234.359122,245.500579,,,,,,,,,,244.850000,236.858333,228.654167,219.731250,244.850000,249.216138,240.483862,247.033069,242.666931
2023-12-01,248.000000,2023-11-14,2023-09-30,6.970000,24.940000,9.943865,8.957032,0.455597,200.663190,212.025787,223.388383,234.750980,246.113577,,,,,,,,,,244.900000,237.275000,228.858333,220.014583,244.900000,249.390927,240.409073,247.145463,242.654537
2023-12-04,249.000000,2023-11-14,2023-09-30,6.970000,24.940000,9.983962,8.963191,0.464431,200.376157,211.959071,223.541985,235.124899,246.707814,,,,,,,,,,244.900000,237.666667,229.045833,220.295833,244.900000,249.390927,240.409073,247.145463,242.654537
2023-12-05,245.500000,2023-11-14,2023-09-30,6.970000,24.940000,9.843625,8.967160,0.469917,200.201521,211.921246,223.640972,235.360697,247.080422,,,,,,,,,,244.825000,237.916667,229.179167,220.539583,244.825000,249.217278,240.432722,247.021139,242.628861
2023-12-06,250.000000,2023-11-14,2023-09-30,6.970000,24.940000,10.024058,8.971442,0.477192,199.945440,211.846604,223.747768,235.648931,247.550095,,,,,,,,,,245.175000,238.250000,229.320833,220.804167,245.175000,250.044616,240.305384,247.609808,242.740192
2023-12-07,247.500000,2023-11-14,2023-09-30,6.970000,24.940000,9.923817,8.973698,0.481066,199.808459,211.806250,223.804040,235.801830,247.799620,,,,,,,,,,245.325000,238.491667,229.412500,221.056250,245.325000,250.290937,240.359063,247.807968,242.842032
2023-12-08,249.500000,2023-11-14,2023-09-30,6.970000,24.940000,10.004010,8.977303,0.487165,199.594156,211.744050,223.893944,236.043839,248.193733,,,,,,,,,,245.500000,238.950000,229.537500,221.306250,245.500000,250.801440,240.198560,248.150720,242.849280
2023-12-11,254.000000,2023-11-14,2023-09-30,6.970000,24.940000,10.184443,8.987344,0.499473,199.230641,211.687497,224.144353,236.601209,249.058065,,,,,,,,,,245.900000,239.383333,229.820833,221.579167,245.900000,252.426061,239.373939,249.163031,242.636969
2023-12-12,270.000000,2023-11-14,2023-09-30,6.970000,24.940000,10.825982,9.003581,0.526796,198.272698,211.411000,224.549302,237.687604,250.825906,,,,,,,,,,247.250000,239.958333,230.258333,221.916667,247.250000,259.716798,234.783202,253.483399,241.016601
2023-12-13,276.000000,2023-11-14,2023-09-30,6.970000,24.940000,11.066560,9.023183,0.558737,197.168365,211.103274,225.038183,238.973091,252.908000,,,,,,,,,,248.950000,240.616667,230.779167,222.320833,248.950000,266.598319,231.301681,257.774159,240.125841
2023-12-14,282.500000,2023-11-14,2023-09-30,6.970000,24.940000,11.327185,9.043597,0.596823,195.777772,210.662535,225.547298,240.432061,255.316824,,,,,,,,,,250.950000,241.450000,231.320833,222.739583,250.950000,273.815511,228.084489,262.382755,239.517245
2023-12-15,273.000000,2023-11-14,2023-09-30,6.970000,24.940000,10.946271,9.061006,0.621306,194.990735,210.486112,225.981489,241.476865,256.972242,,,,,,,,,,252.500000,242.091667,231.787500,223.110417,252.500000,276.958343,228.041657,264.729171,240.270829
2023-12-18,273.000000,2023-11-14,2023-09-30,6.970000,24.940000,10.946271,9.077905,0.644538,194.253374,210.328165,226.402955,242.477745,258.552535,,,,,,,,,,254.000000,242.808333,232.241667,223.472917,254.000000,279.655614,228.344386,266.827807,241.172193
2023-12-19,269.500000,2023-11-14,2023-09-30,6.970000,24.940000,10.805934,9.093125,0.663482,193.688053,210.235291,226.782529,243.329768,259.877006,,,,,,,,,,255.200000,243.491667,232.654167,223.812500,255.200000,281.420522,228.979478,268.310261,242.089739
2023-12-20,272.000000,2023-11-14,2023-09-30,6.970000,24.940000,10.906175,9.109860,0.683541,193.104859,210.152381,227.199904,244.247426,261.294948,,,,,,,,,,256.675000,244.200000,233.104167,224.179167,256.675000,283.204576,230.145424,269.939788,243.410212
2023-12-21,270.500000,2023-11-14,2023-09-30,6.970000,24.940000,10.846030,9.126094,0.701367,192.620583,210.112680,227.604778,245.096875,262.588972,,,,,,,,,,258.050000,244.875000,233.541667,224.535417,258.050000,284.445574,231.654426,271.247787,244.852213
2023-12-22,272.500000,2023-11-14,2023-09-30,6.970000,24.940000,10.926223,9.142316,0.720209,192.085328,210.047340,228.009353,245.971365,263.933377,,,,,,,,,,259.450000,245.616667,233.979167,224.893750,259.450000,285.789684,233.110316,272.619842,246.280158
2023-12-25,267.000000,2023-11-14,2023-09-30,6.970000,24.940000,10.705694,9.155679,0.734198,191.720861,210.031753,228.342645,246.653537,264.964429,,,,,,,,,,260.475000,246.233333,234.345833,225.247917,260.475000,286.282945,234.667055,273.378972,247.571028
2023-12-26,268.000000,2023-11-14,2023-09-30,6.970000,24.940000,10.745790,9.168697,0.748409,191.336653,210.001979,228.667305,247.332631,265.997957,,,,,,,,,,261.500000,246.908333,234.704167,225.610417,261.500000,286.760745,236.239255,274.130373,248.869627
2023-12-27,263.000000,2023-11-14,2023-09-30,6.970000,24.940000,10.545309,9.179874,0.758884,191.092929,210.019493,228.946057,247.872621,266.799185,,,,,,,,,,262.250000,247.433333,235.016667,225.954167,262.250000,286.700810,237.799190,274.475405,250.024595
2023-12-28,262.000000,2023-11-14,2023-09-30,6.970000,24.940000,10.505213,9.191397,0.768442,190.903531,210.068486,229.233441,248.398396,267.563351,,,,,,,,,,263.125000,248.000000,235.337500,226.306250,263.125000,286.109835,240.140165,274.617417,251.632583
2023-12-29,264.500000,2023-11-14,2023-09-30,6.970000,24.940000,10.605453,9.203245,0.779208,190.662051,210.095492,229.528934,248.962376,268.395818,,,,,,,,,,263.950000,248.641667,235.666667,226.668750,263.950000,285.805747,242.094253,274.877874,253.022126
2024-01-02,265.500000,2023-11-14,2023-09-30,6.970000,24.940000,10.645549,9.216618,0.790091,190.452714,210.157583,229.862451,249.567320,269.272188,,,,,,,,,,264.775000,249.350000,236.033333,227.012500,264.775000,285.469456,244.080544,275.122228,254.427772
2024-01-03,267.500000,2023-11-14,2023-09-30,6.970000,24.940000,10.725742,9.231339,0.801627,190.244424,210.237012,230.229601,250.222189,270.214778,,,,,,,,,,265.875000,250.125000,236.433333,227.360417,265.875000,284.489864,247.260136,275.182432,256.567568
2024-01-04,273.000000,2023-11-14,2023-09-30,6.970000,24.940000,10.946271,9.252150,0.813474,190.172523,210.460572,230.748621,251.036671,271.324720,,,,,,,,,,267.025000,250.966667,236.983333,227.729167,267.025000,284.304361,249.745639,275.664680,258.385320
2024-01-05,271.000000,2023-11-14,2023-09-30,6.970000,24.940000,10.866079,9.271102,0.824380,190.101190,210.661237,231.221285,251.781332,272.341379,,,,,,,,,,268.200000,251.508333,237.487500,228.097917,268.200000,282.891208,253.508792,275.545604,260.854396
2024-01-08,270.000000,2023-11-14,2023-09-30,6.970000,24.940000,10.825982,9.290570,0.833311,190.141260,210.924041,231.706822,252.489603,273.272384,,,,,,,,,,269.225000,252.041667,238.004167,228.456250,269.225000,280.992372,257.457628,275.108686,263.341314
2024-01-09,274.000000,2023-11-14,2023-09-30,6.970000,24.940000,10.986367,9.311205,0.844409,190.102331,211.161891,232.221451,253.281011,274.340571,,,,,,,,,,270.225000,252.625000,238.550000,228.810417,270.225000,279.725554,260.724446,274.975277,265.474723
2024-01-10,276.500000,2023-11-14,2023-09-30,6.970000,24.940000,11.086608,9.332335,0.856859,190.008284,211.378357,232.748431,254.118504,275.488578,,,,,,,,,,270.550000,253.258333,239.108333,229.179167,270.550000,280.454279,260.645721,275.502139,265.597861
2024-01-11,274.500000,2023-11-14,2023-09-30,6.970000,24.940000,11.006415,9.351436,0.868436,189.907228,211.566020,233.224812,254.883604,276.542396,,,,,,,,,,270.475000,253.916667,239.616667,229.502083,270.475000,280.227058,260.722942,275.351029,265.598971
2024-01-12,272.000000,2023-11-14,2023-09-30,6.970000,24.940000,10.906175,9.369532,0.878047,189.879118,211.777618,233.676118,255.574618,277.473118,,,,,,,,,,269.950000,254.533333,240.100000,229.806250,269.950000,277.949342,261.950658,273.949671,265.950329
2024-01-15,277.000000,2023-11-14,2023-09-30,6.970000,24.940000,11.106656,9.389808,0.889853,189.795929,211.988872,234.181815,256.374758,278.567702,,,,,,,,,,270.150000,255.175000,240.637500,230.145833,270.150000,278.654488,261.645512,274.402244,265.897756
2024-01-16,279.000000,2023-11-14,2023-09-30,6.970000,24.940000,11.186848,9.411263,0.901904,189.729912,212.223408,234.716904,257.210400,279.703895,,,,,,,,,,270.450000,255.875000,241.204167,230.489583,270.450000,279.762696,261.137304,275.106348,265.793652
2024-01-17,275.500000,2023-11-14,2023-09-30,6.970000,24.940000,11.046512,9.431209,0.911411,189.753149,212.483746,235.214342,257.944939,280.675535,,,,,,,,,,270.750000,256.500000,241.733333,230.814583,270.750000,280.316939,261.183061,275.533469,265.966531
2024-01-18,278.000000,2023-11-14,2023-09-30,6.970000,24.940000,11.146752,9.451139,0.922584,189.692940,212.702173,235.711407,258.720641,281.729874,,,,,,,,,,271.050000,257.191667,242.262500,231.120833,271.050000,281.143771,260.956229,276.096885,266.003115
2024-01-19,275.000000,2023-11-14,2023-09-30,6.970000,24.940000,11.026464,9.469557,0.931819,189.691631,212.931189,236.170747,259.410305,282.649863,,,,,,,,,,271.275000,257.825000,242.754167,231.408333,271.275000,281.516685,261.033315,276.395842,266.154158
2024-01-22,280.000000,2023-11-14,2023-09-30,6.970000,24.940000,11.226945,9.488115,0.944478,189.523009,213.078295,236.633580,260.188866,283.744152,,,,,,,,,,271.650000,258.458333,243.250000,231.697917,271.650000,282.604932,260.695068,277.127466,266.172534
2024-01-23,276.000000,2023-11-14,2023-09-30,6.970000,24.940000,11.066560,9.504826,0.954549,189.437475,213.243916,237.050356,260.856796,284.663237,,,,,,,,,,272.100000,259.041667,243.700000,231.970833,272.100000,282.989879,261.210121,277.544940,266.655060
2024-01-24,271.500000,2023-11-14,2023-09-30,6.970000,24.940000,10.886127,9.520373,0.961759,189.465566,213.451840,237.438114,261.424389,285.410663,,,,,,,,,,272.275000,259.566667,244.120833,232.235417,272.275000,282.998683,261.551317,277.636841,266.913159
2024-01-25,273.000000,2023-11-14,2023-09-30,6.970000,24.940000,10.946271,9.534892,0.970058,189.413692,213.606946,237.800200,261.993454,286.186708,,,,,,,,,,272.775000,260.033333,244.516667,232.493750,272.775000,282.570138,262.979862,277.672569,267.877431
2024-01-26,274.500000,2023-11-14,2023-09-30,6.970000,24.940000,11.006415,9.547020,0.979316,189.254416,213.678548,238.102679,262.526811,286.950942,,,,,,,,,,273.400000,260.458333,244.854167,232.752083,273.400000,281.795488,265.004512,277.597744,269.202256
2024-01-29,281.000000,2023-11-14,2023-09-30,6.970000,24.940000,11.267041,9.562000,0.991788,189.005911,213.741101,238.476291,263.211482,287.946672,,,,,,,,,,274.225000,261.025000,245.262500,233.029167,274.225000,282.168716,266.281284,278.196858,270.253142
2024-01-30,277.500000,2023-11-14,2023-09-30,6.970000,24.940000,11.126704,9.578022,1.001440,188.924056,213.899966,238.875876,263.851786,288.827697,,,,,,,,,,274.825000,261.500000,245.695833,233.291667,274.825000,281.740086,267.909914,278.282543,271.367457
2024-01-31,277.000000,2023-11-14,2023-09-30,6.970000,24.940000,11.106656,9.593027,1.010777,188.832539,214.041313,239.250087,264.458862,289.667636,,,,,,,,,,275.300000,262.000000,246.104167,233.568750,275.300000,281.347183,269.252817,278.323591,272.276409
2024-02-01,274.000000,2023-11-14,2023-09-30,6.970000,24.940000,10.986367,9.608559,1.017782,188.870512,214.253992,239.637472,265.020951,290.404431,,,,,,,,,,275.350000,262.516667,246.525000,233.802083,275.350000,281.333310,269.366690,278.341655,272.358345
2024-02-02,278.000000,2023-11-14,2023-09-30,6.970000,24.940000,11.146752,9.631006,1.021780,189.230893,214.714098,240.197302,265.680507,291.163711,,,,,,,,,,275.700000,263.075000,246.979167,234.043750,275.700000,281.425290,269.974710,278.562645,272.837355
2024-02-05,280.000000,2023-11-14,2023-09-30,6.970000,24.940000,11.226945,9.654122,1.026275,189.583195,215.178497,240.773799,266.369101,291.964403,,,,,,,,,,276.200000,263.641667,247.450000,234.310417,276.200000,281.564601,270.835399,278.882301,273.517699
2024-02-15,292.000000,2023-11-14,2023-09-30,6.970000,24.940000,11.708099,9.680774,1.037773,189.674375,215.556440,241.438505,267.320571,293.202636,,,,,,,,,,277.100000,264.408333,248.008333,234.612500,277.100000,285.869565,268.330435,281.484782,272.715218
2024-02-16,282.000000,2023-11-14,2023-09-30,6.970000,24.940000,11.307137,9.702351,1.044480,189.877959,215.927302,241.976645,268.025988,294.075331,,,,,,,,,,277.375000,265.058333,248.437500,234.879167,277.375000,286.406378,268.343622,281.890689,272.859311
2024-02-19,281.000000,2023-11-14,2023-09-30,6.970000,24.940000,11.267041,9.725328,1.048346,190.258165,216.403925,242.549685,268.695445,294.841205,,,,,,,,,,277.700000,265.708333,248.904167,235.133333,277.700000,286.763519,268.636481,282.231759,273.168241
2024-02-20,283.000000,2023-11-14,2023-09-30,6.970000,24.940000,11.347233,9.749761,1.051719,190.699322,216.929182,243.159042,269.388903,295.618763,,,,,,,,,,278.250000,266.383333,249.408333,235.383333,278.250000,287.191329,269.308671,282.720665,273.779335
2024-02-21,285.000000,2023-11-14,2023-09-30,6.970000,24.940000,11.427426,9.776123,1.053809,191.252541,217.534525,243.816509,270.098493,296.380477,,,,,,,,,,278.650000,267.100000,249.962500,235.639583,278.650000,288.059402,269.240598,283.354701,273.945299
2024-02-22,288.000000,2023-11-14,2023-09-30,6.970000,24.940000,11.547715,9.802699,1.057964,191.708084,218.093704,244.479324,270.864944,297.250565,,,,,,,,,,279.100000,267.850000,250.520833,235.902083,279.100000,289.398697,268.801303,284.249348,273.950652
2024-02-23,289.000000,2023-11-14,2023-09-30,6.970000,24.940000,11.587811,9.830398,1.060847,192.255074,218.712599,245.170124,271.627649,298.085174,,,,,,,,,,279.775000,268.575000,251.108333,236.166667,279.775000,290.822624,268.727376,285.298812,274.251188
2024-02-26,290.500000,2023-11-14,2023-09-30,6.970000,24.940000,11.647955,9.858125,1.064533,192.762748,219.312191,245.861633,272.411076,298.960519,,,,,,,,,,280.400000,269.375000,251.695833,236.420833,280.400000,292.398245,268.401755,286.399123,274.400877
2024-02-27,295.000000,2023-11-14,2023-09-30,6.970000,24.940000,11.828388,9.889246,1.067106,193.410544,220.024175,246.637806,273.251437,299.865068,,,,,,,,,,281.400000,270.241667,252.370833,236.691667,281.400000,294.759798,268.040202,288.079899,274.720101
2024-02-29,293.500000,2023-11-14,2023-09-30,6.970000,24.940000,11.768244,9.918921,1.069450,194.033731,220.705814,247.377896,274.049979,300.722062,,,,,,,,,,282.075000,271.058333,253.008333,236.958333,282.075000,296.461671,267.688329,289.268336,274.881664
2024-03-01,297.000000,2023-11-14,2023-09-30,6.970000,24.940000,11.908581,9.949923,1.072779,194.640889,221.395987,248.151084,274.906182,301.661279,,,,,,,,,,283.125000,271.900000,253.679167,237.225000,283.125000,298.664000,267.586000,290.894500,275.355500
2024-03-04,303.500000,2023-11-14,2023-09-30,6.970000,24.940000,12.169206,9.982782,1.079900,195.105157,222.037867,248.970578,275.903289,302.836000,,,,,,,,,,284.725000,272.833333,254.395833,237.510417,284.725000,301.743488,267.706512,293.234244,276.215756
2024-03-05,309.500000,2023-11-14,2023-09-30,6.970000,24.940000,12.409783,10.017488,1.090456,195.444210,222.640176,249.836142,277.032107,304.228073,,,,,,,,,,286.550000,273.858333,255.158333,237.827083,286.550000,305.937734,267.162266,296.243867,276.856133
2024-03-06,326.000000,2023-11-14,2023-09-30,6.970000,24.940000,13.071371,10.056919,1.114558,195.225384,223.022469,250.819554,278.616638,306.413723,,,,,,,,,,289.125000,275.216667,256.037500,238.208333,289.125000,314.522627,263.727373,301.823814,276.426186
2024-03-07,358.500000,2023-11-14,2023-09-30,6.970000,24.940000,14.374499,10.106421,1.172302,193.579717,222.816933,252.054148,281.291363,310.528578,,,,,,,,,,293.000000,277.058333,257.166667,238.750000,293.000000,332.763776,253.236224,312.881888,273.118112
2024-03-08,389.500000,2023-11-14,2023-09-30,6.970000,24.940000,15.617482,10.165494,1.266918,190.333539,221.930481,253.527424,285.124366,316.721309,,,,,,,,,,298.600000,279.400000,258.533333,239.418750,298.600000,356.556971,240.643029,327.578486,269.621514
2024-03-11,385.500000,2023-11-14,2023-09-30,6.970000,24.940000,15.457097,10.221655,1.348923,187.643773,221.285918,254.928064,288.570209,322.212354,,,,,,,,,,304.025000,281.733333,259.825000,240.091667,304.025000,372.775866,235.274134,338.400433,269.649567
2024-03-12,398.000000,2023-11-14,2023-09-30,6.970000,24.940000,15.958300,10.282149,1.439780,184.620581,220.528690,256.436800,292.344910,328.253020,,,,,,,,,,310.225000,284.200000,261.225000,240.816667,310.225000,389.182334,231.267666,349.703667,270.746333
2024-03-13,419.500000,2023-11-14,2023-09-30,6.970000,24.940000,16.820369,10.348882,1.552273,180.673730,219.387426,258.101122,296.814818,335.528514,,,,,,,,,,317.300000,287.066667,262.779167,241.643750,317.300000,408.507340,226.092660,362.903670,271.696330
2024-03-14,378.000000,2023-11-14,2023-09-30,6.970000,24.940000,15.156375,10.405216,1.602665,179.565156,219.535616,259.506077,299.476537,339.446997,,,,,,,,,,322.200000,289.208333,264.079167,242.268750,322.200000,415.476273,228.923727,368.838137,275.561863
2024-03-15,342.500000,2023-11-14,2023-09-30,6.970000,24.940000,13.732959,10.447796,1.622677,179.628895,220.098465,260.568035,301.037604,341.507174,,,,,,,,,,324.725000,290.683333,265.033333,242.710417,324.725000,417.290468,232.159532,371.007734,278.442266
2024-03-18,376.500000,2023-11-14,2023-09-30,6.970000,24.940000,15.096231,10.499373,1.670936,178.508084,220.181228,261.854372,303.527515,345.200659,,,,,,,,,,329.450000,292.458333,266.208333,243.283333,329.450000,422.479084,236.420916,375.964542,282.935458
2024-03-19,414.000000,2023-11-14,2023-09-30,6.970000,24.940000,16.599840,10.563166,1.755093,175.901309,219.673329,263.445348,307.217367,350.989387,,,,,,,,,,336.100000,294.758333,267.687500,244.014583,336.100000,433.460210,238.739790,384.780105,287.419895
2024-03-20,413.000000,2023-11-14,2023-09-30,6.970000,24.940000,16.559743,10.627884,1.830843,173.736977,219.398205,265.059433,310.720661,356.381889,,,,,,,,,,342.600000,296.933333,269.191667,244.743750,342.600000,442.362138,242.837862,392.481069,292.718931
2024-03-21,409.500000,2023-11-14,2023-09-30,6.970000,24.940000,16.419407,10.690803,1.898385,171.937199,219.282915,266.628631,313.974347,361.320062,,,,,,,,,,348.825000,299.208333,270.650000,245.556250,348.825000,448.990271,248.659729,398.907636,298.742364
2024-03-22,380.500000,2023-11-14,2023-09-30,6.970000,24.940000,15.256616,10.745450,1.934605,171.493460,219.742497,267.991534,316.240571,364.489608,,,,,,,,,,353.450000,301.000000,271.904167,246.270833,353.450000,450.276432,256.623568,401.863216,305.036784
2024-03-25,380.500000,2023-11-14,2023-09-30,6.970000,24.940000,15.256616,10.800571,1.968114,171.196722,220.281475,269.366229,318.450982,367.535735,,,,,,,,,,358.025000,302.850000,273.170833,247.004167,358.025000,450.581938,265.468062,404.303469,311.746531
2024-03-26,377.500000,2023-11-14,2023-09-30,6.970000,24.940000,15.136327,10.854373,1.997683,171.063629,220.885846,270.708062,320.530279,370.352496,,,,,,,,,,362.375000,304.608333,274.404167,247.714583,362.375000,449.593344,275.156656,405.984172,318.765828
2024-03-27,400.000000,2023-11-14,2023-09-30,6.970000,24.940000,16.038492,10.915536,2.042980,170.329645,221.281555,272.233466,323.185376,374.137287,,,,,,,,,,367.625000,306.766667,275.820833,248.504167,367.625000,450.289111,284.960889,408.957056,326.292944
2024-03-28,388.500000,2023-11-14,2023-09-30,6.970000,24.940000,15.577386,10.973487,2.075778,170.138957,221.908857,273.678757,325.448657,377.218556,,,,,,,,,,372.375000,308.700000,277.158333,249.241667,372.375000,447.696679,297.053321,410.035839,334.714161
2024-03-29,393.000000,2023-11-14,2023-09-30,6.970000,24.940000,15.757819,11.032311,2.110507,169.873728,222.509777,275.145827,327.781877,380.417926,,,,,,,,,,377.175000,310.800000,278.516667,250.004167,377.175000,444.031701,310.318299,410.603350,343.746650
2024-04-01,390.000000,2024-03-31,2023-12-31,5.250000,24.830000,15.706806,11.091497,2.141213,169.069246,222.235564,275.401882,328.568200,381.734518,,,,,,,,,,381.500000,312.833333,279.870833,250.752083,381.500000,438.797010,324.202990,410.148505,352.851495
2024-04-02,406.500000,2024-03-31,2023-12-31,5.250000,24.830000,16.371325,11.154961,2.183836,168.528398,222.753042,276.977687,331.202332,385.426976,,,,,,,,,,386.350000,315.225000,281.329167,251.560417,386.350000,433.510532,339.189468,409.930266,362.769734
2024-04-03,398.000000,2024-03-31,2023-12-31,5.250000,24.830000,16.028997,11.216675,2.216094,168.458842,223.484446,278.510050,333.535653,388.561257,,,,,,,,,,389.950000,317.491667,282.745833,252.339583,389.950000,427.783291,352.116709,408.866645,371.033355
2024-04-08,394.500000,2024-03-31,2023-12-31,5.250000,24.830000,15.888039,11.277845,2.242947,168.644164,224.336531,280.028897,335.721264,391.413630,,,,,,,,,,391.750000,319.658333,284.150000,253.091667,391.750000,426.590237,356.909763,409.170118,374.329882
2024-04-09,399.500000,2024-03-31,2023-12-31,5.250000,24.830000,16.089408,11.341639,2.270088,168.880306,225.246598,281.612889,337.979181,394.345473,,,,,,,,,,392.250000,321.891667,285.620833,253.854167,392.250000,427.240976,357.259024,409.745488,374.754512
2024-04-10,404.500000,2024-03-31,2023-12-31,5.250000,24.830000,16.290777,11.407741,2.297813,169.144789,226.199495,283.254200,340.308905,397.363611,,,,,,,,,,393.200000,324.175000,287.150000,254.637500,393.200000,428.450084,357.949916,410.825042,375.574958
2024-04-11,401.500000,2024-03-31,2023-12-31,5.250000,24.830000,16.169956,11.472363,2.321866,169.554906,227.206839,284.858772,342.510704,400.162637,,,,,,,,,,393.375000,326.316667,288.641667,255.425000,393.375000,428.759914,357.990086,411.067457,375.682543
2024-04-12,415.500000,2024-03-31,2023-12-31,5.250000,24.830000,16.733790,11.536641,2.359873,169.263496,227.859146,286.454796,345.050446,403.646096,,,,,,,,,,393.175000,328.725000,290.116667,256.281250,393.175000,427.978622,358.371378,410.576811,375.773189
2024-04-15,416.000000,2024-03-31,2023-12-31,5.250000,24.830000,16.753927,11.601244,2.395731,169.086916,228.572907,288.058899,347.544891,407.030883,,,,,,,,,,395.075000,331.158333,291.600000,257.133333,395.075000,430.533315,359.616685,412.804158,377.345842
2024-04-16,407.500000,2024-03-31,2023-12-31,5.250000,24.830000,16.411599,11.662680,2.423843,169.216305,229.400324,289.584344,349.768363,409.952382,,,,,,,,,,398.325000,333.383333,293.004167,257.956250,398.325000,424.081501,372.568499,411.203251,385.446749
2024-04-17,432.000000,2024-03-31,2023-12-31,5.250000,24.830000,17.398308,11.732496,2.467363,168.788622,230.053245,291.317868,352.582490,413.847113,,,,,,,,,,401.100000,335.975000,294.616667,258.872917,401.100000,428.838630,373.361370,414.969315,387.230685
2024-04-18,418.000000,2024-03-31,2023-12-31,5.250000,24.830000,16.834474,11.798716,2.496840,168.969055,230.965586,292.962116,354.958646,416.955176,,,,,,,,,,401.300000,338.366667,296.141667,259.718750,401.300000,429.484355,373.115645,415.392178,387.207822
2024-04-19,399.500000,2024-03-31,2023-12-31,5.250000,24.830000,16.089408,11.858727,2.512785,169.667279,232.059738,294.452197,356.844656,419.237115,,,,,,,,,,400.625000,340.491667,297.512500,260.497917,400.625000,428.271024,372.978976,414.448012,386.801988
2024-04-22,394.500000,2024-03-31,2023-12-31,5.250000,24.830000,15.888039,11.915957,2.525771,170.443410,233.158316,295.873221,358.588126,421.303032,,,,,,,,,,399.875000,342.450000,298.812500,261.245833,399.875000,427.320400,372.429600,413.597700,386.152300
2024-04-23,401.500000,2024-03-31,2023-12-31,5.250000,24.830000,16.169956,11.976010,2.540613,171.197482,234.280900,297.364317,360.447734,423.531152,,,,,,,,,,400.925000,344.491667,300.183333,262.020833,400.925000,426.811951,375.038049,413.868475,387.981525
2024-04-24,412.500000,2024-03-31,2023-12-31,5.250000,24.830000,16.612968,12.039438,2.560662,171.776771,235.358012,298.939254,362.520496,426.101738,,,,,,,,,,402.525000,346.775000,301.637500,262.837500,402.525000,427.014471,378.035529,414.769736,390.280264
2024-04-25,408.000000,2024-03-31,2023-12-31,5.250000,24.830000,16.431736,12.101830,2.575793,172.574573,236.531501,300.488430,364.445358,428.402287,,,,,,,,,,404.050000,348.941667,303.066667,263.631250,404.050000,425.600186,382.499814,414.825093,393.274907
2024-04-26,408.000000,2024-03-31,2023-12-31,5.250000,24.830000,16.431736,12.164063,2.589516,173.438330,237.736011,302.033693,366.331374,430.629056,,,,,,,,,,404.450000,351.158333,304.491667,264.425000,404.450000,425.980639,382.919361,415.215320,393.684680
2024-04-29,405.500000,2024-03-31,2023-12-31,5.250000,24.830000,16.331051,12.223882,2.602249,174.291311,238.905152,303.518993,368.132834,432.746675,,,,,,,,,,405.300000,353.250000,305.854167,265.197917,405.300000,425.479197,385.120803,415.389599,395.210401
2024-04-30,395.000000,2024-03-31,2023-12-31,5.250000,24.830000,15.908176,12.280492,2.607933,175.414668,240.169643,304.924619,369.679594,434.434570,,,,,,,,,,405.400000,355.233333,307.137500,265.912500,405.400000,425.340966,385.459034,415.370483,395.429517
2024-05-02,390.500000,2024-03-31,2023-12-31,5.250000,24.830000,15.726943,12.335907,2.609943,176.690795,241.495683,306.300571,371.105458,435.910346,,,,,,,,,,405.425000,357.216667,308.391667,266.610417,405.425000,425.285765,385.564235,415.355383,395.494617
2024-05-03,394.500000,2024-03-31,2023-12-31,5.250000,24.830000,15.888039,12.391088,2.614494,177.834937,242.752832,307.670726,372.588621,437.506515,,,,,,,,,,404.825000,359.241667,309.637500,267.320833,404.825000,425.265607,384.384393,415.045304,394.604696
2024-05-06,389.000000,2024-03-31,2023-12-31,5.250000,24.830000,15.666532,12.443163,2.617002,179.003422,243.983584,308.963745,373.943907,438.924068,,,,,,,,,,404.375000,361.150000,310.804167,267.997917,404.375000,425.819850,382.930150,415.097425,393.652575
2024-05-07,387.000000,2024-03-31,2023-12-31,5.250000,24.830000,15.585985,12.495197,2.616897,180.300638,245.278194,310.255749,375.233304,440.210860,,,,,,,,,,404.000000,362.916667,311.970833,268.672917,404.000000,426.412403,381.587597,415.206201,392.793799
2024-05-08,383.000000,2024-03-31,2023-12-31,5.250000,24.830000,15.424889,12.545258,2.614986,181.638540,246.568654,311.498768,376.428882,441.358996,,,,,,,,,,403.175000,364.675000,313.087500,269.322917,403.175000,427.424308,378.925692,415.299654,391.050346
2024-05-09,383.500000,2024-03-31,2023-12-31,5.250000,24.830000,15.445026,12.596118,2.611508,183.074100,247.917852,312.761605,377.605358,442.449110,,,,,,,,,,402.125000,366.450000,314.225000,269.987500,402.125000,427.903153,376.346847,415.014076,389.235924
2024-05-10,375.000000,2024-03-31,2023-12-31,5.250000,24.830000,15.102698,12.645385,2.602474,184.746073,249.365493,313.984912,378.604332,443.223752,,,,,,,,,,400.800000,368.133333,315.325000,270.627083,400.800000,429.294505,372.305495,415.047253,386.552747
2024-05-13,355.000000,2024-03-31,2023-12-31,5.250000,24.830000,14.297221,12.687467,2.587853,186.517048,250.773431,315.029814,379.286198,443.542581,,,,,,,,,,397.775000,369.416667,316.245833,271.185417,397.775000,431.973299,363.576701,414.874150,380.675850
2024-05-14,361.500000,2024-03-31,2023-12-31,5.250000,24.830000,14.559001,12.731258,2.574546,188.265198,252.191171,316.117144,380.043117,443.969091,,,,,,,,,,395.050000,370.775000,317.208333,271.775000,395.050000,431.729121,358.370879,413.389560,376.710440
2024-05-15,365.000000,2024-05-15,2024-03-31,6.790000,25.610000,14.252245,12.772493,2.558771,196.043283,261.573414,327.103546,392.633677,458.163808,,,,,,,,,,392.925000,371.991667,318.200000,272.383333,392.925000,431.445364,354.404636,412.185182,373.664818
2024-05-16,362.500000,2024-05-15,2024-03-31,6.790000,25.610000,14.154627,12.809253,2.546546,197.610904,262.827941,328.044978,393.262016,458.479053,,,,,,,,,,389.450000,373.333333,319.195833,272.977083,389.450000,425.594301,353.305699,407.522151,371.377849
2024-05-17,353.000000,2024-05-15,2024-03-31,6.790000,25.610000,13.783678,12.843257,2.531924,199.230635,264.073218,328.915802,393.758385,458.600968,,,,,,,,,,386.200000,374.533333,320.120833,273.512500,386.200000,423.214080,349.185920,404.707040,367.692960
2024-05-20,346.000000,2024-05-15,2024-03-31,6.790000,25.610000,13.510348,12.874815,2.516263,200.841029,265.282521,329.724013,394.165505,458.606997,,,,,,,,,,383.525000,375.583333,320.983333,274.025000,383.525000,424.057605,342.992395,403.791303,363.258697
2024-05-21,351.500000,2024-05-15,2024-03-31,6.790000,25.610000,13.725107,12.908330,2.500399,202.511893,266.547115,330.582336,394.617558,458.652780,,,,,,,,,,381.375000,376.691667,321.895833,274.545833,381.375000,423.965924,338.784076,402.670462,360.079538
2024-05-22,361.000000,2024-05-15,2024-03-31,6.790000,25.610000,14.096056,12.944602,2.485628,204.197387,267.854328,331.511269,395.168210,458.825152,,,,,,,,,,379.350000,377.908333,322.879167,275.114583,379.350000,421.762883,336.937117,400.556441,358.143559
2024-05-23,355.500000,2024-05-15,2024-03-31,6.790000,25.610000,13.881296,12.978250,2.470581,205.829798,269.101387,332.372976,395.644564,458.916153,,,,,,,,,,376.500000,379.016667,323.795833,275.647917,376.500000,417.157750,335.842250,396.828875,356.171125
2024-05-24,354.500000,2024-05-15,2024-03-31,6.790000,25.610000,13.842249,13.012574,2.453534,207.582018,270.417019,333.252020,396.087021,458.922023,,,,,,,,,,373.825000,380.083333,324.729167,276.177083,373.825000,412.759865,334.890135,393.292432,354.357568
2024-05-27,352.000000,2024-05-15,2024-03-31,6.790000,25.610000,13.744631,13.045918,2.435857,209.341364,271.723659,334.105953,396.488248,458.870542,,,,,,,,,,371.025000,381.033333,325.637500,276.689583,371.025000,407.594293,334.455707,389.309646,352.740354
2024-05-28,352.500000,2024-05-15,2024-03-31,6.790000,25.610000,13.764155,13.078923,2.418324,211.084673,273.017945,334.951217,396.884489,458.817761,,,,,,,,,,368.375000,382.016667,326.537500,277.204167,368.375000,401.987145,334.762855,385.181073,351.568927
2024-05-29,353.000000,2024-05-15,2024-03-31,6.790000,25.610000,13.783678,13.111423,2.401168,212.795726,274.289629,335.783533,397.277436,458.771339,,,,,,,,,,366.275000,382.950000,327.425000,277.739583,366.275000,398.082770,334.467230,382.178885,350.371115
2024-05-30,358.000000,2024-05-15,2024-03-31,6.790000,25.610000,13.978914,13.145215,2.384406,214.519669,275.584313,336.648958,397.713603,458.778247,,,,,,,,,,364.650000,383.858333,328.345833,278.300000,364.650000,394.507733,334.792267,379.578866,349.721134
2024-05-31,365.500000,2024-05-15,2024-03-31,6.790000,25.610000,14.271769,13.181281,2.368253,216.270673,276.921639,337.572605,398.223571,458.874536,,,,,,,,,,363.200000,384.791667,329.325000,278.902083,363.200000,389.566646,336.833354,376.383323,350.016677
2024-06-03,364.000000,2024-05-15,2024-03-31,6.790000,25.610000,14.213198,13.218028,2.349539,218.170305,278.342003,338.513702,398.685400,458.857099,,,,,,,,,,361.950000,385.425000,330.320833,279.487500,361.950000,385.372661,338.527339,373.661331,350.238669
2024-06-04,364.000000,2024-05-15,2024-03-31,6.790000,25.610000,14.213198,13.253606,2.331801,219.990010,279.707429,339.424848,399.142268,458.859687,,,,,,,,,,360.800000,385.516667,331.287500,280.072917,360.800000,381.093634,340.506366,370.946817,350.653183
2024-06-05,354.500000,2024-05-15,2024-03-31,6.790000,25.610000,13.842249,13.285758,2.312861,221.783513,281.015892,340.248271,399.480651,458.713030,,,,,,,,,,359.375000,384.933333,332.166667,280.606250,359.375000,376.921555,341.828445,368.148277,350.601723
2024-06-06,351.000000,2024-05-15,2024-03-31,6.790000,25.610000,13.705584,13.317941,2.291331,223.710491,282.391484,341.072478,399.753471,458.434464,,,,,,,,,,357.750000,384.358333,333.045833,281.112500,357.750000,371.497727,344.002273,364.623864,350.876136
2024-06-07,351.500000,2024-05-15,2024-03-31,6.790000,25.610000,13.725107,13.348783,2.271444,225.518967,283.690655,341.862343,400.034032,458.205720,,,,,,,,,,356.575000,383.583333,333.891667,281.606250,356.575000,367.922501,345.227499,362.248751,350.901249
2024-06-11,360.000000,2024-05-15,2024-03-31,6.790000,25.610000,14.057009,13.383227,2.250312,227.483467,285.113951,342.744435,400.374920,458.005404,,,,,,,,,,356.825000,382.591667,334.829167,282.120833,356.825000,368.246471,345.403529,362.535736,351.114264
2024-06-12,360.000000,2024-05-15,2024-03-31,6.790000,25.610000,14.057009,13.417002,2.229486,229.415129,286.512271,343.609413,400.706555,457.803697,,,,,,,,,,356.750000,382.291667,335.750000,282.643750,356.750000,368.061382,345.438618,362.405691,351.094309
2024-06-13,358.000000,2024-05-15,2024-03-31,6.790000,25.610000,13.978914,13.448622,2.210078,231.219036,287.819126,344.419217,401.019307,457.619397,,,,,,,,,,356.400000,382.550000,336.616667,283.218750,356.400000,367.050426,345.749574,361.725213,351.074787
2024-06-14,355.500000,2024-05-15,2024-03-31,6.790000,25.610000,13.881296,13.474083,2.197172,232.532147,288.801709,345.071272,401.340834,457.610396,,,,,,,,,,356.050000,382.200000,337.329167,283.793750,356.050000,366.309271,345.790729,361.179635,350.920365
2024-06-17,360.000000,2024-05-15,2024-03-31,6.790000,25.610000,14.057009,13.499004,2.186569,233.713413,289.711448,345.709483,401.707519,457.705554,,,,,,,,,,356.400000,381.300000,338.029167,284.404167,356.400000,366.698697,346.101303,361.549348,351.250652
2024-06-18,360.000000,2024-05-15,2024-03-31,6.790000,25.610000,14.057009,13.521752,2.177967,234.736579,290.514326,346.292073,402.069820,457.847567,,,,,,,,,,357.100000,380.416667,338.675000,284.997917,357.100000,366.262854,347.937146,361.681427,352.518573
2024-06-19,367.500000,2024-05-15,2024-03-31,6.790000,25.610000,14.349863,13.550115,2.166276,236.061779,291.540118,347.018456,402.496795,457.975134,,,,,,,,,,357.900000,379.716667,339.462500,285.625000,357.900000,367.770744,348.029256,362.835372,352.964628
2024-06-20,365.500000,2024-05-15,2024-03-31,6.790000,25.610000,14.271769,13.577828,2.153922,237.404282,292.566227,347.728173,402.890119,458.052064,,,,,,,,,,358.125000,379.466667,340.233333,286.237500,358.125000,368.486238,347.763762,363.305619,352.944381
2024-06-21,356.000000,2024-05-15,2024-03-31,6.790000,25.610000,13.900820,13.603619,2.138930,238.832696,293.610685,348.388673,403.166662,457.944651,,,,,,,,,,358.150000,379.058333,340.954167,286.804167,358.150000,368.486955,347.813045,363.318477,352.981523
2024-06-24,361.500000,2024-05-15,2024-03-31,6.790000,25.610000,14.115580,13.630364,2.124937,240.234346,294.653980,349.073614,403.493248,457.912881,,,,,,,,,,358.500000,378.791667,341.700000,287.402083,358.500000,368.790517,348.209483,363.645258,353.354742
2024-06-25,357.500000,2024-05-15,2024-03-31,6.790000,25.610000,13.959391,13.656308,2.109607,241.684000,295.711028,349.738057,403.765085,457.792114,,,,,,,,,,358.775000,378.083333,342.425000,287.983333,358.775000,368.618379,348.931621,363.696689,353.853311
2024-06-26,363.500000,2024-05-15,2024-03-31,6.790000,25.610000,14.193674,13.683537,2.095110,243.123848,296.779617,350.435385,404.091154,457.746923,,,,,,,,,,359.325000,377.666667,343.183333,288.581250,359.325000,368.918172,349.731828,364.121586,354.528414
2024-06-27,364.000000,2024-05-15,2024-03-31,6.790000,25.610000,14.213198,13.712766,2.077610,244.768741,297.976343,351.183945,404.391547,457.599149,,,,,,,,,,359.875000,377.183333,343.991667,289.168750,359.875000,369.198852,350.551148,364.536926,355.213074
2024-06-28,366.000000,2024-05-15,2024-03-31,6.790000,25.610000,14.291292,13.742312,2.060200,246.417186,299.178900,351.940615,404.702329,457.464043,,,,,,,,,,360.275000,376.783333,344.808333,289.756250,360.275000,369.940321,350.609679,365.107660,355.442340
2024-07-01,373.500000,2024-05-15,2024-03-31,6.790000,25.610000,14.584147,13.775969,2.040428,248.291847,300.547208,352.802570,405.057932,457.313293,,,,,,,,,,360.675000,376.233333,345.729167,290.372917,360.675000,371.802373,349.547627,366.238686,355.111314
2024-07-02,366.000000,2024-05-15,2024-03-31,6.790000,25.610000,14.291292,13.807520,2.018583,250.218773,301.914678,353.610583,405.306487,457.002392,,,,,,,,,,360.775000,375.700000,346.595833,290.966667,360.775000,372.062977,349.487023,366.418988,355.131012
2024-07-03,380.500000,2024-05-15,2024-03-31,6.790000,25.610000,14.857478,13.842953,1.999128,252.122701,303.320368,354.518035,405.715703,456.913370,,,,,,,,,,361.600000,375.466667,347.562500,291.614583,361.600000,375.892435,347.307565,368.746217,354.453783
2024-07-04,388.500000,2024-05-15,2024-03-31,6.790000,25.610000,15.169856,13.880656,1.980900,254.021912,304.752755,355.483598,406.214441,456.945284,,,,,,,,,,363.300000,375.283333,348.587500,292.310417,363.300000,381.571059,345.028941,372.435529,354.164471
2024-07-05,386.000000,2024-05-15,2024-03-31,6.790000,25.610000,15.072237,13.916877,1.962379,255.898179,306.154696,356.411212,406.667729,456.924246,,,,,,,,,,365.050000,374.975000,349.575000,293.004167,365.050000,384.989118,345.110882,375.019559,355.080441
2024-07-08,382.000000,2024-05-15,2024-03-31,6.790000,25.610000,14.916048,13.949958,1.945266,257.621898,307.440164,357.258429,407.076694,456.894960,,,,,,,,,,366.575000,374.650000,350.483333,293.733333,366.575000,386.813772,346.336228,376.694386,356.455614
2024-07-09,380.500000,2024-05-15,2024-03-31,6.790000,25.610000,14.857478,13.983220,1.926122,259.454278,308.782269,358.110260,407.438251,456.766243,,,,,,,,,,367.600000,374.066667,351.395833,294.441667,367.600000,388.502279,346.697721,378.051139,357.148861
2024-07-10,376.500000,2024-05-15,2024-03-31,6.790000,25.610000,14.701289,14.015514,1.905115,261.357336,310.147326,358.937315,407.727305,456.517294,,,,,,,,,,368.425000,373.408333,352.283333,295.143750,368.425000,389.366711,347.483289,378.895856,357.954144
2024-07-11,373.000000,2024-05-15,2024-03-31,6.790000,25.610000,14.564623,14.045333,1.885204,263.140848,311.420911,359.700975,407.981038,456.261101,,,,,,,,,,369.175000,372.833333,353.108333,295.829167,369.175000,389.613032,348.736968,379.394016,358.955984
2024-07-12,332.500000,2024-05-15,2024-03-31,6.790000,25.610000,12.983210,14.061138,1.868062,264.423587,312.264664,360.105741,407.946818,455.787895,,,,,,,,,,368.025000,371.175000,353.575000,296.341667,368.025000,393.636418,342.413582,380.830709,355.219291
2024-07-15,331.500000,2024-05-15,2024-03-31,6.790000,25.610000,12.944162,14.077286,1.849720,265.776633,313.147961,360.519288,407.890616,455.261944,,,,,,,,,,366.600000,369.733333,354.050000,296.833333,366.600000,396.843921,336.356079,381.721960,351.478040
2024-07-16,330.500000,2024-05-15,2024-03-31,6.790000,25.610000,12.905115,14.093944,1.829816,267.222723,314.084309,360.945896,407.807482,454.669068,,,,,,,,,,365.125000,368.583333,354.537500,297.318750,365.125000,399.340840,330.909160,382.232920,348.017080
2024-07-17,328.500000,2024-05-15,2024-03-31,6.790000,25.610000,12.827021,14.108280,1.812875,268.457580,314.885315,361.313050,407.740785,454.168520,,,,,,,,,,363.175000,367.483333,354.966667,297.802083,363.175000,401.068584,325.281416,382.121792,344.228208
2024-07-18,326.000000,2024-05-15,2024-03-31,6.790000,25.610000,12.729403,14.121135,1.797389,269.580000,315.611129,361.642257,407.673385,453.704514,,,,,,,,,,361.200000,366.225000,355.358333,298.281250,361.200000,402.543745,319.856255,381.871873,340.528127
2024-07-19,321.500000,2024-05-15,2024-03-31,6.790000,25.610000,12.553690,14.133694,1.780914,270.745507,316.354710,361.963914,407.573117,453.182321,,,,,,,,,,359.475000,364.708333,355.741667,298.737500,359.475000,404.451573,314.498427,381.963286,336.986714
2024-07-22,321.000000,2024-05-15,2024-03-31,6.790000,25.610000,12.534166,14.145256,1.765799,271.815789,317.037900,362.260011,407.482122,452.704233,,,,,,,,,,357.450000,363.258333,356.100000,299.181250,357.450000,405.579103,309.320897,381.514551,333.385449
2024-07-23,330.500000,2024-05-15,2024-03-31,6.790000,25.610000,12.905115,14.160912,1.746134,273.223958,317.942452,362.660947,407.379441,452.097936,,,,,,,,,,356.100000,361.966667,356.562500,299.658333,356.100000,405.714938,306.485062,380.907469,331.292531
2024-07-26,327.000000,2024-05-15,2024-03-31,6.790000,25.610000,12.768450,14.173758,1.729964,274.381193,318.685561,362.989930,407.294298,451.598666,,,,,,,,,,354.275000,360.658333,356.954167,300.102083,354.275000,405.405869,303.144131,379.840435,328.709565
2024-07-29,334.000000,2024-05-15,2024-03-31,6.790000,25.610000,13.041781,14.190218,1.709426,275.854679,319.633077,363.411475,407.189873,450.968271,,,,,,,,,,352.775000,359.641667,357.437500,300.568750,352.775000,404.461784,301.088216,378.618392,326.931608
2024-07-30,334.000000,2024-05-15,2024-03-31,6.790000,25.610000,13.041781,14.208181,1.685573,277.536495,320.704011,363.871527,407.039043,450.206559,,,,,,,,,,351.175000,358.700000,357.958333,301.039583,351.175000,403.118568,299.231432,377.146784,325.203216
2024-07-31,341.000000,2024-05-15,2024-03-31,6.790000,25.610000,13.315111,14.227922,1.660738,279.314052,321.845565,364.377077,406.908590,449.440102,,,,,,,,,,349.550000,357.808333,358.525000,301.520833,349.550000,400.578269,298.521731,375.064134,324.035866
2024-08-01,340.000000,2024-05-15,2024-03-31,6.790000,25.610000,13.276064,14.246836,1.636488,281.040522,322.950990,364.861458,406.771926,448.682395,,,,,,,,,,348.250000,356.991667,359.070833,301.962500,348.250000,398.836559,297.663441,373.543280,322.956720
2024-08-02,337.000000,2024-05-15,2024-03-31,6.790000,25.610000,13.158922,14.262601,1.616532,282.466466,323.865841,365.265217,406.664593,448.063968,,,,,,,,,,346.075000,356.158333,359.537500,302.400000,346.075000,394.518429,297.631571,370.296714,321.853286
2024-08-05,308.500000,2024-05-15,2024-03-31,6.790000,25.610000,12.046076,14.270263,1.603672,283.321351,324.391389,365.461426,406.531464,447.601501,,,,,,,,,,342.075000,354.916667,359.795833,302.745833,342.075000,388.954773,295.195227,365.514887,318.635113
2024-08-06,303.000000,2024-05-15,2024-03-31,6.790000,25.610000,11.831316,14.276301,1.592988,284.023254,324.819667,365.616081,406.412494,447.208908,,,,,,,,,,337.925000,353.575000,360.012500,303.058333,337.925000,383.096340,292.753660,360.510670,315.339330
2024-08-07,328.000000,2024-05-15,2024-03-31,6.790000,25.610000,12.807497,14.291478,1.569889,285.595025,325.799883,366.004740,406.209598,446.414455,,,,,,,,,,335.225000,352.791667,360.462500,303.493750,335.225000,375.493147,294.956853,355.359074,315.090926
2024-08-08,316.000000,2024-05-15,2024-03-31,6.790000,25.610000,12.338930,14.301412,1.553508,286.688510,326.473841,366.259171,406.044501,445.829831,,,,,,,,,,332.000000,352.141667,360.779167,303.879167,332.000000,366.985711,297.014289,349.492856,314.507144
2024-08-09,319.500000,2024-05-15,2024-03-31,6.790000,25.610000,12.475595,14.311818,1.536834,287.809016,327.167335,366.525654,405.883972,445.242291,,,,,,,,,,329.150000,351.441667,361.108333,304.279167,329.150000,357.536617,300.763383,343.343308,314.956692
2024-08-12,325.500000,2024-05-15,2024-03-31,6.790000,25.610000,12.709879,14.320166,1.525249,288.616206,327.677828,366.739450,405.801072,444.862694,,,,,,,,,,326.775000,350.783333,361.387500,304.697917,326.775000,346.269871,307.280129,336.522436,317.027564
2024-08-13,334.000000,2024-05-15,2024-03-31,6.790000,25.610000,13.041781,14.334621,1.504532,290.047499,328.578575,367.109652,405.640729,444.171805,,,,,,,,,,326.850000,350.308333,361.820833,305.129167,326.850000,346.448872,307.251128,336.649436,317.050564
2024-08-14,336.000000,2024-08-14,2024-06-30,6.360000,25.370000,13.243989,14.351096,1.481305,288.925898,326.506600,364.087303,401.668005,439.248707,,,,,,,,,,327.075000,350.025000,362.279167,305.591667,327.075000,346.999264,307.150736,337.037132,317.112868
2024-08-15,332.500000,2024-08-14,2024-06-30,6.360000,25.370000,13.106031,14.365753,1.459880,290.384843,327.421993,364.459142,401.496291,438.533440,,,,,,,,,,327.175000,349.800000,362.691667,306.050000,327.175000,347.191506,307.158494,337.183253,317.166747
2024-08-16,332.000000,2024-08-14,2024-06-30,6.360000,25.370000,13.086322,14.379577,1.439534,291.767884,328.288872,364.809860,401.330848,437.851836,,,,,,,,,,327.350000,349.475000,363.083333,306.522917,327.350000,347.476181,307.223819,337.413090,317.286910
2024-08-19,337.500000,2024-08-14,2024-06-30,6.360000,25.370000,13.303114,14.394205,1.419292,293.166086,329.173533,365.180981,401.188428,437.195876,,,,,,,,,,327.925000,349.083333,363.495833,307.008333,327.925000,348.539954,307.310046,338.232477,317.617523
2024-08-20,338.000000,2024-08-14,2024-06-30,6.360000,25.370000,13.322822,14.408663,1.399158,294.554528,330.051160,365.547791,401.044423,436.541054,,,,,,,,,,328.750000,348.791667,363.904167,307.506250,328.750000,349.601606,307.898394,339.175803,318.324197
2024-08-21,341.500000,2024-08-14,2024-06-30,6.360000,25.370000,13.460780,14.423770,1.378737,295.973929,330.952491,365.931053,400.909615,435.888176,,,,,,,,,,329.775000,348.575000,364.329167,308.012500,329.775000,351.033992,308.516008,340.404496,319.145504
2024-08-22,337.500000,2024-08-14,2024-06-30,6.360000,25.370000,13.303114,14.436060,1.361878,297.141133,331.691984,366.242834,400.793685,435.344535,,,,,,,,,,330.125000,348.333333,364.683333,308.527083,330.125000,351.662910,308.587090,340.893955,319.356045
2024-08-23,341.500000,2024-08-14,2024-06-30,6.360000,25.370000,13.460780,14.450164,1.342645,298.474851,332.537758,366.600665,400.663572,434.726479,,,,,,,,,,330.850000,348.150000,365.083333,309.045833,330.850000,352.914737,308.785263,341.882369,319.817631
2024-08-26,343.500000,2024-08-14,2024-06-30,6.360000,25.370000,13.539614,14.463756,1.324837,299.723242,333.334367,366.945492,400.556617,434.167742,,,,,,,,,,331.325000,347.991667,365.470833,309.575000,331.325000,354.073684,308.576316,342.699342,319.950658
2024-08-27,344.000000,2024-08-14,2024-06-30,6.360000,25.370000,13.559322,14.475340,1.310607,300.739212,333.989299,367.239386,400.489473,433.739560,,,,,,,,,,331.825000,347.758333,365.808333,310.102083,331.825000,355.250751,308.399249,343.537875,320.112125
2024-08-28,343.500000,2024-08-14,2024-06-30,6.360000,25.370000,13.539614,14.484756,1.299656,301.533725,334.505988,367.478251,400.450514,433.422777,,,,,,,,,,331.950000,347.391667,366.091667,310.625000,331.950000,355.607423,308.292577,343.778712,320.121288
2024-08-29,342.500000,2024-08-14,2024-06-30,6.360000,25.370000,13.500197,14.488329,1.296322,301.793534,334.681223,367.568912,400.456601,433.344289,,,,,,,,,,332.075000,347.033333,366.229167,311.133333,332.075000,355.937049,308.212951,344.006024,320.143976
2024-08-30,344.500000,2024-08-14,2024-06-30,6.360000,25.370000,13.579030,14.481700,1.298940,301.492512,334.446624,367.400737,400.354849,433.308961,,,,,,,,,,332.450000,346.708333,366.112500,311.639583,332.450000,356.867207,308.032793,344.658604,320.241396
2024-09-02,345.000000,2024-08-14,2024-06-30,6.360000,25.370000,13.598739,14.464877,1.297178,301.155118,334.064529,366.973941,399.883352,432.792763,,,,,,,,,,334.275000,346.550000,365.741667,312.137500,334.275000,356.514072,312.035928,345.394536,323.155464
2024-09-03,348.000000,2024-08-14,2024-06-30,6.360000,25.370000,13.716989,14.450377,1.295719,300.861295,333.733674,366.606053,399.478431,432.350810,,,,,,,,,,336.525000,346.500000,365.429167,312.627083,336.525000,354.046340,319.003660,345.285670,327.764330
2024-09-04,346.000000,2024-08-14,2024-06-30,6.360000,25.370000,13.638155,14.431042,1.290328,300.644311,333.379923,366.115535,398.851147,431.586759,,,,,,,,,,337.425000,346.408333,364.995833,313.110417,337.425000,354.951746,319.898254,346.188373,328.661627
2024-09-05,339.500000,2024-08-14,2024-06-30,6.360000,25.370000,13.381947,14.402388,1.274909,300.699724,333.044160,365.388596,397.733032,430.077467,,,,,,,,,,338.600000,346.066667,364.329167,313.554167,338.600000,352.940227,324.259773,345.770113,331.429887
2024-09-06,348.000000,2024-08-14,2024-06-30,6.360000,25.370000,13.716989,14.390394,1.274526,300.414813,332.749549,365.084285,397.419022,429.753758,,,,,,,,,,340.025000,345.866667,364.079167,314.079167,340.025000,351.810249,328.239751,345.917625,334.132375
2024-09-09,346.000000,2024-08-14,2024-06-30,6.360000,25.370000,13.638155,14.389604,1.274967,300.372431,332.718337,365.064242,397.410148,429.756053,,,,,,,,,,341.050000,345.666667,364.108333,314.570833,341.050000,350.927673,331.172327,345.988836,336.111164
2024-09-10,341.500000,2024-08-14,2024-06-30,6.360000,25.370000,13.460780,14.375975,1.276090,299.969658,332.344069,364.718481,397.092892,429.467304,,,,,,,,,,341.425000,345.433333,363.816667,315.012500,341.425000,350.728508,332.121492,346.076754,336.773246
2024-09-11,340.000000,2024-08-14,2024-06-30,6.360000,25.370000,13.401655,14.349323,1.262580,299.979026,332.010678,364.042331,396.073984,428.105637,,,,,,,,,,341.625000,345.100000,363.200000,315.443750,341.625000,350.603776,332.646224,346.114388,337.135612
2024-09-12,338.000000,2024-08-14,2024-06-30,6.360000,25.370000,13.322822,14.322349,1.249468,299.959980,331.658986,363.357992,395.056998,426.756004,,,,,,,,,,341.900000,344.733333,362.575000,315.883333,341.900000,349.995483,333.804517,345.947741,337.852259
2024-09-13,329.500000,2024-08-14,2024-06-30,6.360000,25.370000,12.987781,14.293752,1.240306,299.699386,331.165938,362.632489,394.099041,425.565593,,,,,,,,,,341.775000,344.100000,361.908333,316.279167,341.775000,350.561802,332.988198,346.168401,337.381599
2024-09-16,320.500000,2024-08-14,2024-06-30,6.360000,25.370000,12.633031,14.271889,1.246299,298.840604,330.459212,362.077820,393.696428,425.315036,,,,,,,,,,340.925000,343.350000,361.408333,316.656250,340.925000,353.793873,328.056127,347.359437,334.490563
2024-09-18,323.500000,2024-08-14,2024-06-30,6.360000,25.370000,12.751281,14.251011,1.250641,298.090606,329.819378,361.548150,393.276923,425.005695,,,,,,,,,,340.200000,342.808333,360.933333,317.052083,340.200000,355.217183,325.182817,347.708592,332.691408
2024-09-19,323.500000,2024-08-14,2024-06-30,6.360000,25.370000,12.751281,14.231136,1.255396,297.345103,329.194507,361.043912,392.893316,424.742721,,,,,,,,,,339.300000,342.175000,360.483333,317.443750,339.300000,356.047034,322.552966,347.673517,330.926483
2024-09-20,321.500000,2024-08-14,2024-06-30,6.360000,25.370000,12.672448,14.203085,1.252275,296.791842,328.562058,360.332274,392.102490,423.872706,,,,,,,,,,338.500000,341.575000,359.829167,317.825000,338.500000,357.041561,319.958439,347.770780,329.229220
2024-09-23,320.500000,2024-08-14,2024-06-30,6.360000,25.370000,12.633031,14.178549,1.253965,296.083590,327.896689,359.709788,391.522888,423.335987,,,,,,,,,,337.450000,340.858333,359.262500,318.210417,337.450000,357.586116,317.313884,347.518058,327.381942
2024-09-24,320.500000,2024-08-14,2024-06-30,6.360000,25.370000,12.633031,14.152509,1.253339,295.454731,327.251943,359.049156,390.846369,422.643582,,,,,,,,,,336.300000,340.133333,358.658333,318.587500,336.300000,357.576129,315.023871,346.938065,325.661935
2024-09-25,324.000000,2024-08-14,2024-06-30,6.360000,25.370000,12.770989,14.128044,1.251396,294.932626,326.680551,358.428475,390.176400,421.924325,,,,,,,,,,335.300000,339.433333,358.108333,318.989583,335.300000,356.929415,313.670585,346.114707,324.485293
2024-09-26,330.000000,2024-08-14,2024-06-30,6.360000,25.370000,13.007489,14.100012,1.238331,294.884389,326.300847,357.717305,389.133762,420.550220,,,,,,,,,,334.625000,338.708333,357.470833,319.400000,334.625000,356.018248,313.231752,345.321624,323.928376
2024-09-27,323.500000,2024-08-14,2024-06-30,6.360000,25.370000,12.751281,14.072698,1.231555,294.535216,325.779778,357.024341,388.268903,419.513466,,,,,,,,,,333.675000,338.000000,356.850000,319.797917,333.675000,355.282199,312.067801,344.478600,322.871400
2024-09-30,319.000000,2024-08-14,2024-06-30,6.360000,25.370000,12.573906,14.045080,1.227658,294.032316,325.177997,356.323678,387.469359,418.615039,,,,,,,,,,332.400000,336.975000,356.220833,320.185417,332.400000,354.324752,310.475248,343.362376,321.437624
2024-10-01,312.000000,2024-08-14,2024-06-30,6.360000,25.370000,12.297990,14.013485,1.223383,293.447633,324.484871,355.522109,386.559347,417.596585,,,,,,,,,,330.750000,335.700000,355.491667,320.556250,330.750000,353.628397,307.871603,342.189199,319.310801
2024-10-04,318.500000,2024-08-14,2024-06-30,6.360000,25.370000,12.554198,13.982347,1.212437,293.213067,323.972601,354.732134,385.491667,416.251200,,,,,,,,,,329.275000,334.575000,354.775000,320.962500,329.275000,351.256990,307.293010,340.265995,318.284005
2024-10-07,328.000000,2024-08-14,2024-06-30,6.360000,25.370000,12.928656,13.955336,1.199326,293.193066,323.619968,354.046869,384.473770,414.900672,,,,,,,,,,328.375000,333.675000,354.162500,321.402083,328.375000,348.899376,307.850624,338.637188,318.112812
2024-10-08,329.000000,2024-08-14,2024-06-30,6.360000,25.370000,12.968073,13.923955,1.175035,293.629437,323.440085,353.250733,383.061382,412.872030,,,,,,,,,,327.850000,332.816667,353.441667,321.779167,327.850000,347.702350,307.997650,337.776175,317.923825
2024-10-09,326.500000,2024-08-14,2024-06-30,6.360000,25.370000,12.869531,13.891585,1.149650,294.096287,323.262897,352.429507,381.596118,410.762728,,,,,,,,,,326.775000,331.983333,352.695833,322.147917,326.775000,344.215048,309.334952,335.495024,318.054976
2024-10-11,334.000000,2024-08-14,2024-06-30,6.360000,25.370000,13.165156,13.864531,1.127841,294.516504,323.129829,351.743155,380.356481,408.969807,,,,,,,,,,326.175000,331.333333,352.083333,322.543750,326.175000,341.531380,310.818620,333.853190,318.496810
2024-10-14,329.000000,2024-08-14,2024-06-30,6.360000,25.370000,12.968073,13.827613,1.082805,295.865009,323.335769,350.806530,378.277290,405.748050,,,,,,,,,,325.550000,331.275000,351.225000,322.920833,325.550000,339.203224,311.896776,332.376612,318.723388
2024-10-15,340.500000,2024-08-14,2024-06-30,6.360000,25.370000,13.421364,13.799170,1.047407,296.939522,323.512232,350.084941,376.657651,403.230360,,,,,,,,,,325.575000,331.425000,350.579167,323.360417,325.575000,339.340995,311.809005,332.457998,318.692002
2024-10-16,342.000000,2024-08-14,2024-06-30,6.360000,25.370000,13.480489,13.777429,1.026334,297.457210,323.495291,349.533372,375.571453,401.609534,,,,,,,,,,325.775000,331.616667,350.100000,323.806250,325.775000,340.391051,311.158949,333.083026,318.466974
2024-10-17,334.500000,2024-08-14,2024-06-30,6.360000,25.370000,13.184864,13.754902,1.009141,297.758070,323.359973,348.961876,374.563779,400.165682,,,,,,,,,,326.025000,331.716667,349.600000,324.206250,326.025000,341.073955,310.976045,333.549478,318.500522
2024-10-18,338.000000,2024-08-14,2024-06-30,6.360000,25.370000,13.322822,13.731176,0.985065,298.377723,323.368834,348.359944,373.351055,398.342166,,,,,,,,,,326.900000,331.916667,349.070833,324.627083,326.900000,342.616569,311.183431,334.758284,319.041716
2024-10-21,341.500000,2024-08-14,2024-06-30,6.360000,25.370000,13.460780,13.704908,0.948939,299.544362,323.618941,347.693519,371.768098,395.842677,,,,,,,,,,327.800000,332.250000,348.479167,325.058333,327.800000,344.712779,310.887221,336.256390,319.343610
2024-10-22,347.000000,2024-08-14,2024-06-30,6.360000,25.370000,13.677572,13.681957,0.915137,300.677182,323.894212,347.111243,370.328274,393.545305,,,,,,,,,,328.975000,332.683333,347.970833,325.518750,328.975000,347.788419,310.161581,338.381710,319.568290
2024-10-23,347.000000,2024-08-14,2024-06-30,6.360000,25.370000,13.677572,13.659005,0.879434,301.906466,324.217716,346.528967,368.840218,391.151469,,,,,,,,,,330.250000,332.958333,347.462500,325.977083,330.250000,350.343204,310.156796,340.296602,320.203398
2024-10-24,347.000000,2024-08-14,2024-06-30,6.360000,25.370000,13.677572,13.636893,0.844344,303.125982,324.546980,345.967977,367.388975,388.809972,,,,,,,,,,331.575000,333.291667,346.975000,326.414583,331.575000,352.441178,310.708822,342.008089,321.141911
2024-10-25,343.500000,2024-08-14,2024-06-30,6.360000,25.370000,13.539614,13.617155,0.818078,303.957929,324.712576,345.467224,366.221872,386.976519,,,,,,,,,,332.725000,333.450000,346.545833,326.841667,332.725000,353.556340,311.893660,343.140670,322.309330
2024-10-28,343.500000,2024-08-14,2024-06-30,6.360000,25.370000,13.539614,13.598927,0.794709,304.681246,324.843016,345.004786,365.166556,385.328326,,,,,,,,,,333.700000,333.608333,346.154167,327.272917,333.700000,354.636998,312.763002,344.168499,323.231501
2024-10-29,345.000000,2024-08-14,2024-06-30,6.360000,25.370000,13.598739,13.579850,0.766265,305.640516,325.080653,344.520790,363.960927,383.401064,,,,,,,,,,334.450000,333.675000,345.741667,327.689583,334.450000,355.897365,313.002635,345.173683,323.726317
2024-10-30,338.000000,2024-08-14,2024-06-30,6.360000,25.370000,13.322822,13.560319,0.742120,306.370129,325.197710,344.025290,362.852871,381.680452,,,,,,,,,,335.175000,333.641667,345.316667,328.060417,335.175000,356.036132,314.313868,345.605566,324.744434
2024-11-01,345.000000,2024-08-14,2024-06-30,6.360000,25.370000,13.598739,13.543759,0.718329,307.157158,325.381156,343.605154,361.829151,380.053149,,,,,,,,,,336.475000,333.775000,344.966667,328.468750,336.475000,356.307124,316.642876,346.391062,326.558938
2024-11-04,342.500000,2024-08-14,2024-06-30,6.360000,25.370000,13.500197,13.527719,0.697148,307.824928,325.511585,343.198242,360.884898,378.571555,,,,,,,,,,338.000000,334.341667,344.629167,328.858333,338.000000,354.280437,321.719563,346.140219,329.859781
2024-11-05,340.500000,2024-08-14,2024-06-30,6.360000,25.370000,13.421364,13.510856,0.674487,308.546926,325.658666,342.770406,359.882146,376.993886,,,,,,,,,,339.100000,334.966667,344.270833,329.247917,339.100000,352.561837,325.638163,345.830918,332.369082
2024-11-06,342.500000,2024-08-14,2024-06-30,6.360000,25.370000,13.500197,13.497501,0.658377,309.025561,325.728586,342.431610,359.134635,375.837659,,,,,,,,,,339.825000,335.208333,344.000000,329.662500,339.825000,352.295069,327.354931,346.060035,333.589965
2024-11-07,349.000000,2024-08-14,2024-06-30,6.360000,25.370000,13.756405,13.492995,0.654697,309.097926,325.707599,342.317273,358.926946,375.536619,,,,,,,,,,340.825000,335.758333,343.950000,330.097917,340.825000,352.839355,328.810645,346.832178,334.817822
2024-11-08,346.500000,2024-08-14,2024-06-30,6.360000,25.370000,13.657864,13.485485,0.647496,309.272816,325.699786,342.126757,358.553728,374.980698,,,,,,,,,,341.825000,336.208333,343.825000,330.516667,341.825000,352.008966,331.641034,346.916983,336.733017
2024-11-11,346.000000,2024-08-14,2024-06-30,6.360000,25.370000,13.638155,13.480368,0.643801,309.330460,325.663694,341.996928,358.330162,374.663397,,,,,,,,,,342.425000,336.550000,343.666667,330.933333,342.425000,352.067423,332.782577,347.246211,337.603789
2024-11-12,345.000000,2024-08-14,2024-06-30,6.360000,25.370000,13.598739,13.475735,0.640902,309.360028,325.619716,341.879404,358.139092,374.398780,,,,,,,,,,343.225000,336.733333,343.520833,331.358333,343.225000,350.555362,335.894638,346.890181,339.559819
2024-11-13,378.000000,2024-08-14,2024-06-30,6.360000,25.370000,14.899488,13.485034,0.653380,308.962792,325.539048,342.115305,358.691561,375.267818,,,,,,,,,,345.100000,337.433333,343.729167,331.925000,345.100000,362.186775,328.013225,353.643388,336.556612
2024-11-14,378.000000,2024-11-14,2024-09-30,9.260000,27.660000,13.665944,13.486330,0.653585,336.875561,354.953729,373.031897,391.110065,409.188233,,,,,,,,,,346.900000,338.191667,343.995833,332.489583,346.900000,369.353695,324.446305,358.126848,335.673152
2024-11-15,378.000000,2024-11-14,2024-09-30,9.260000,27.660000,13.665944,13.485837,0.653426,336.870738,354.944499,373.018260,391.092020,409.165781,,,,,,,,,,349.075000,338.958333,344.216667,333.056250,349.075000,374.677786,323.472214,361.876393,336.273607
2024-11-18,384.000000,2024-11-14,2024-09-30,9.260000,27.660000,13.882863,13.484061,0.652041,336.898200,354.933659,372.969119,391.004578,409.040038,,,,,,,,,,351.375000,339.733333,344.408333,333.643750,351.375000,380.772234,321.977766,366.073617,336.676383
2024-11-19,393.000000,2024-11-14,2024-09-30,9.260000,27.660000,14.208243,13.486785,0.654394,336.843414,354.943947,373.044480,391.145013,409.245546,,,,,,,,,,353.950000,340.650000,344.720833,334.258333,353.950000,388.308635,319.591365,371.129317,336.770683
2024-11-20,403.500000,2024-11-14,2024-09-30,9.260000,27.660000,14.587852,13.492999,0.661300,336.633198,354.924770,373.216342,391.507913,409.799485,,,,,,,,,,356.775000,341.683333,345.129167,334.929167,356.775000,397.439837,316.110163,377.107418,336.442582
2024-11-21,412.000000,2024-11-14,2024-09-30,9.260000,27.660000,14.895155,13.502586,0.673212,336.239427,354.860482,373.481537,392.102592,410.723647,,,,,,,,,,360.025000,342.925000,345.629167,335.633333,360.025000,407.259549,312.790451,383.642275,336.407725
2024-11-22,408.500000,2024-11-14,2024-09-30,9.260000,27.660000,14.768619,13.510957,0.682670,335.947752,354.830409,373.713066,392.595724,411.478381,,,,,,,,,,363.100000,344.041667,346.095833,336.316667,363.100000,414.580809,311.619191,388.840404,337.359596
2024-11-25,399.500000,2024-11-14,2024-09-30,9.260000,27.660000,14.443239,13.516453,0.687522,335.831363,354.848229,373.865095,392.881961,411.898828,,,,,,,,,,365.900000,344.975000,346.483333,336.954167,365.900000,418.959649,312.840351,392.429824,339.370176
2024-11-26,405.000000,2024-11-14,2024-09-30,9.260000,27.660000,14.642082,13.521980,0.693907,335.631047,354.824501,374.017955,393.211410,412.404864,,,,,,,,,,368.975000,345.991667,346.875000,337.610417,368.975000,423.671748,314.278252,396.323374,341.626626
2024-11-27,410.000000,2024-11-14,2024-09-30,9.260000,27.660000,14.822849,13.526572,0.700701,335.382218,354.763599,374.144979,393.526360,412.907741,,,,,,,,,,372.225000,347.100000,347.245833,338.285417,372.225000,428.621598,315.828402,400.423299,344.026701
2024-11-28,413.000000,2024-11-14,2024-09-30,9.260000,27.660000,14.931309,13.532556,0.709624,335.054123,354.682313,374.310504,393.938695,413.566885,,,,,,,,,,375.975000,348.275000,347.654167,338.987500,375.975000,432.762207,319.187793,404.368603,347.581397
2024-11-29,428.500000,2024-11-14,2024-09-30,9.260000,27.660000,15.491685,13.543210,0.729254,334.262845,354.434020,374.605195,394.776370,414.947545,,,,,,,,,,380.150000,349.675000,348.191667,339.739583,380.150000,439.565663,320.734337,409.857832,350.442168
2024-12-02,441.000000,2024-11-14,2024-09-30,9.260000,27.660000,15.943601,13.560722,0.761032,332.989244,354.039400,375.089557,396.139713,417.189869,,,,,,,,,,385.075000,351.275000,348.912500,340.539583,385.075000,447.598490,322.551510,416.336745,353.813255
2024-12-03,441.000000,2024-11-14,2024-09-30,9.260000,27.660000,15.943601,13.579372,0.791428,331.823616,353.714518,375.605420,397.496321,419.387223,,,,,,,,,,390.100000,352.825000,349.662500,341.354167,390.100000,453.684672,326.515328,421.892336,358.307664
2024-12-04,450.000000,2024-11-14,2024-09-30,9.260000,27.660000,16.268980,13.600571,0.828563,330.355676,353.273729,376.191782,399.109836,422.027889,,,,,,,,,,395.475000,354.558333,350.483333,342.187500,395.475000,460.280356,330.669644,427.877678,363.072322
2024-12-05,458.000000,2024-11-14,2024-09-30,9.260000,27.660000,16.558207,13.621414,0.870538,328.610120,352.689215,376.768309,400.847403,424.926497,,,,,,,,,,400.925000,356.533333,351.300000,343.064583,400.925000,467.580655,334.269345,434.252827,367.597173
2024-12-06,456.500000,2024-11-14,2024-09-30,9.260000,27.660000,16.503977,13.641805,0.908652,327.065708,352.199021,377.332335,402.465648,427.598961,,,,,,,,,,406.425000,358.341667,352.104167,343.927083,406.425000,472.320671,340.529329,439.372836,373.477164
2024-12-09,458.500000,2024-11-14,2024-09-30,9.260000,27.660000,16.576283,13.663450,0.946881,325.549570,351.740299,377.931028,404.121757,430.312487,,,,,,,,,,412.050000,360.216667,352.941667,344.779167,412.050000,475.384451,348.715549,443.717225,380.382775
2024-12-10,456.000000,2024-11-14,2024-09-30,9.260000,27.660000,16.485900,13.685155,0.981149,324.254240,351.392815,378.531389,405.669964,432.808539,,,,,,,,,,417.600000,362.125000,353.779167,345.554167,417.600000,475.407849,359.792151,446.503924,388.696076
2024-12-11,448.000000,2024-11-14,2024-09-30,9.260000,27.660000,16.196674,13.702986,1.007063,323.313842,351.169212,379.024582,406.879952,434.735322,,,,,,,,,,421.100000,363.925000,354.512500,346.270833,421.100000,477.265732,364.934268,449.182866,393.017134
2024-12-12,457.000000,2024-11-14,2024-09-30,9.260000,27.660000,16.522054,13.723528,1.038980,322.116376,350.854575,379.592775,408.330974,437.069174,,,,,,,,,,425.050000,365.908333,355.320833,346.997917,425.050000,479.539883,370.560117,452.294942,397.805058
2024-12-13,463.000000,2024-11-14,2024-09-30,9.260000,27.660000,16.738973,13.743437,1.073404,320.762782,350.453123,380.143465,409.833806,439.524147,,,,,,,,,,429.300000,368.133333,356.116667,347.789583,429.300000,481.551819,377.048181,455.425910,403.174090
2024-12-16,462.500000,2024-11-14,2024-09-30,9.260000,27.660000,16.720897,13.763846,1.106313,319.506779,350.107384,380.707989,411.308593,441.909198,,,,,,,,,,433.225000,370.500000,356.925000,348.579167,433.225000,482.877980,383.572020,458.051490,408.398510
2024-12-17,474.000000,2024-11-14,2024-09-30,9.260000,27.660000,17.136659,13.790812,1.148317,317.928950,349.691400,381.453850,413.216299,444.978749,,,,,,,,,,437.275000,373.008333,357.908333,349.431250,437.275000,486.323284,388.226716,461.799142,412.750858
2024-12-18,477.000000,2024-11-14,2024-09-30,9.260000,27.660000,17.245119,13.816891,1.190517,316.315806,349.245507,382.175208,415.104910,448.034611,,,,,,,,,,440.950000,375.566667,358.870833,350.285417,440.950000,490.355838,391.544162,465.652919,416.247081
2024-12-19,465.000000,2024-11-14,2024-09-30,9.260000,27.660000,16.811280,13.840657,1.221449,315.261998,349.047283,382.832569,416.617854,450.403140,,,,,,,,,,443.600000,377.958333,359.766667,351.095833,443.600000,492.145800,395.054200,467.872900,419.327100
2024-12-20,461.000000,2024-11-14,2024-09-30,9.260000,27.660000,16.666667,13.861265,1.248028,314.361666,348.882130,383.402594,417.923057,452.443521,,,,,,,,,,446.225000,380.300000,360.579167,351.881250,446.225000,492.399127,400.050873,469.312063,423.137937
2024-12-23,457.000000,2024-11-14,2024-09-30,9.260000,27.660000,16.522054,13.880506,1.271084,313.618415,348.776600,383.934785,419.092970,454.251155,,,,,,,,,,449.100000,382.575000,361.354167,352.672917,449.100000,489.868409,408.331591,469.484204,428.715796
2024-12-24,445.500000,2024-11-14,2024-09-30,9.260000,27.660000,16.106291,13.895631,1.286716,313.172031,348.762586,384.353142,419.943697,455.534253,,,,,,,,,,451.125000,384.600000,362.016667,353.412500,451.125000,486.311533,415.938467,468.718267,433.531733
2024-12-25,451.500000,2024-11-14,2024-09-30,9.260000,27.660000,16.323210,13.910123,1.304210,312.605093,348.679545,384.753996,420.828447,456.902899,,,,,,,,,,453.200000,386.625000,362.666667,354.197917,453.200000,482.592803,423.807197,467.896401,438.503599
2024-12-26,448.500000,2024-11-14,2024-09-30,9.260000,27.660000,16.214751,13.926152,1.320650,312.138987,348.668170,385.197353,421.726536,458.255720,,,,,,,,,,454.975000,388.708333,363.354167,354.975000,454.975000,477.670873,432.279127,466.322936,443.627064
2024-12-27,446.500000,2024-11-14,2024-09-30,9.260000,27.660000,16.142444,13.936860,1.333413,311.729150,348.611344,385.493538,422.375732,459.257926,,,,,,,,,,455.875000,390.833333,363.904167,355.733333,455.875000,475.349342,436.400658,465.612171,446.137829
2024-12-30,461.000000,2024-11-14,2024-09-30,9.260000,27.660000,16.666667,13.949333,1.351916,311.050547,348.444550,385.838553,423.232556,460.626559,,,,,,,,,,456.875000,393.316667,364.508333,356.547917,456.875000,475.150307,438.599693,466.012653,447.737347
2024-12-31,482.000000,2024-11-14,2024-09-30,9.260000,27.660000,17.425886,13.968947,1.385013,309.762166,348.071617,386.381069,424.690520,462.999972,,,,,,,,,,458.925000,396.041667,365.308333,357.441667,458.925000,478.828121,439.021879,468.876560,448.973440
2025-01-02,456.000000,2024-11-14,2024-09-30,9.260000,27.660000,16.485900,13.982029,1.401351,309.220164,347.981542,386.742920,425.504297,464.265675,,,,,,,,,,459.225000,398.175000,365.925000,358.204167,459.225000,478.738760,439.711240,468.981880,449.468120
2025-01-03,473.000000,2024-11-14,2024-09-30,9.260000,27.660000,17.100506,14.000721,1.427836,308.272069,347.766004,387.259938,426.753872,466.247806,,,,,,,,,,459.975000,400.575000,366.695833,359.045833,459.975000,480.421271,439.528729,470.198136,449.751864
2025-01-06,487.500000,2024-11-14,2024-09-30,9.260000,27.660000,17.624729,14.025083,1.464362,306.925271,347.429531,387.933791,428.438051,468.942311,,,,,,,,,,461.525000,403.258333,367.620833,359.952083,461.525000,485.292459,437.757541,473.408729,449.641271
2025-01-07,511.000000,2024-11-14,2024-09-30,9.260000,27.660000,18.474331,14.057664,1.518944,304.806985,346.820982,388.834978,430.848975,472.862972,,,,,,,,,,464.150000,406.208333,368.770833,360.939583,464.150000,496.542494,431.757506,480.346247,447.953753
2025-01-08,505.000000,2024-11-14,2024-09-30,9.260000,27.660000,18.257411,14.101615,1.563253,303.571530,346.811106,390.050682,433.290258,476.529834,,,,,,,,,,466.600000,409.141667,370.208333,361.891667,466.600000,503.496156,429.703844,485.048078,448.151922
2025-01-09,496.000000,2024-11-14,2024-09-30,9.260000,27.660000,17.932032,14.143181,1.598141,302.791230,346.995808,391.200386,435.404964,479.609542,,,,,,,,,,469.000000,411.733333,371.579167,362.814583,469.000000,507.029075,430.970925,488.014537,449.985463
2025-01-10,493.000000,2024-11-14,2024-09-30,9.260000,27.660000,17.823572,14.184168,1.628897,302.223507,347.278799,392.334090,437.389382,482.444673,,,,,,,,,,470.800000,414.250000,372.933333,363.735417,470.800000,509.832240,431.767760,490.316120,451.283880
2025-01-13,489.000000,2024-11-14,2024-09-30,9.260000,27.660000,17.678959,14.224601,1.654936,301.901385,347.676924,393.452462,439.228000,485.003538,,,,,,,,,,472.100000,416.825000,374.270833,364.618750,472.100000,511.765178,432.434822,491.932589,452.267411
2025-01-14,488.000000,2024-11-14,2024-09-30,9.260000,27.660000,17.642805,14.265546,1.678250,301.744216,348.164608,394.585001,441.005394,487.425787,,,,,,,,,,473.375000,419.325000,375.620833,365.489583,473.375000,513.378783,433.371217,493.376891,453.373109
2025-01-15,481.000000,2024-11-14,2024-09-30,9.260000,27.660000,17.389732,14.305846,1.694780,301.944455,348.822082,395.699709,442.577336,489.454963,,,,,,,,,,473.725000,421.650000,376.950000,366.345833,473.725000,513.874032,433.575968,493.799516,453.650484
2025-01-16,486.000000,2024-11-14,2024-09-30,9.260000,27.660000,17.570499,14.347816,1.712802,302.108384,349.484484,396.860584,444.236684,491.612784,,,,,,,,,,474.175000,423.966667,378.325000,367.212500,474.175000,514.678769,433.671231,494.426884,453.923116
2025-01-17,510.000000,2024-11-14,2024-09-30,9.260000,27.660000,18.438178,14.393925,1.747757,301.450063,349.793009,398.135955,446.478901,494.821846,,,,,,,,,,476.425000,426.683333,379.820833,368.191667,476.425000,519.688300,433.161700,498.056650,454.793350
2025-01-20,515.000000,2024-11-14,2024-09-30,9.260000,27.660000,18.618944,14.442679,1.783272,300.833878,350.159186,399.484494,448.809801,498.135109,,,,,,,,,,479.125000,429.483333,381.387500,369.170833,479.125000,524.996531,433.253469,502.060766,456.189234
2025-01-21,515.000000,2024-11-14,2024-09-30,9.260000,27.660000,18.618944,14.489155,1.818778,300.155218,350.462624,400.770030,451.077436,501.384842,,,,,,,,,,482.025000,432.341667,382.895833,370.166667,482.025000,529.318568,434.731432,505.671784,458.378216
2025-01-22,512.000000,2024-11-14,2024-09-30,9.260000,27.660000,18.510484,14.534728,1.850445,299.663939,350.847253,402.030566,453.213880,504.397193,,,,,,,,,,485.350000,435.150000,384.379167,371.168750,485.350000,531.158641,439.541359,508.254320,462.445680
2025-02-03,495.000000,2024-11-14,2024-09-30,9.260000,27.660000,17.895879,14.572901,1.872195,299.516610,351.301522,403.086433,454.871344,506.656256,,,,,,,,,,487.525000,437.650000,385.662500,372.093750,487.525000,530.616671,444.433329,509.070835,465.979165
2025-02-04,490.000000,2024-11-14,2024-09-30,9.260000,27.660000,17.715112,14.609893,1.890125,299.547930,351.828782,404.109634,456.390485,508.671337,,,,,,,,,,489.600000,440.183333,386.912500,372.991667,489.600000,528.579887,450.620113,509.089943,470.110057
2025-02-05,493.000000,2024-11-14,2024-09-30,9.260000,27.660000,17.823572,14.648765,1.907916,299.638915,352.411875,405.184835,457.957796,510.730756,,,,,,,,,,491.925000,442.650000,388.212500,373.875000,491.925000,525.212069,458.637931,508.568534,475.281466
2025-02-06,489.000000,2024-11-14,2024-09-30,9.260000,27.660000,17.678959,14.695706,1.912631,300.676458,353.579836,406.483215,459.386593,512.289972,,,,,,,,,,493.325000,445.091667,389.716667,374.756250,493.325000,523.328991,463.321009,508.326995,478.323005
2025-02-07,489.000000,2024-11-14,2024-09-30,9.260000,27.660000,17.678959,14.744436,1.913532,301.974511,354.902804,407.831096,460.759389,513.687682,,,,,,,,,,493.675000,447.566667,391.266667,375.639583,493.675000,523.283454,464.066546,508.479227,478.870773
2025-02-10,475.500000,2024-11-14,2024-09-30,9.260000,27.660000,17.190889,14.780964,1.918079,302.733340,355.787404,408.841468,461.895533,514.949597,,,,,,,,,,494.650000,449.783333,392.495833,376.479167,494.650000,520.014916,469.285084,507.332458,481.967542
2025-02-11,468.500000,2024-11-14,2024-09-30,9.260000,27.660000,16.937816,14.819288,1.914817,303.973827,356.937669,409.901512,462.865354,515.829196,,,,,,,,,,494.425000,451.775000,393.766667,377.272917,494.425000,520.663331,468.186669,507.544165,481.305835
2025-02-12,467.000000,2024-11-14,2024-09-30,9.260000,27.660000,16.883586,14.856021,1.911757,305.159158,358.038356,410.917554,463.796751,516.675949,,,,,,,,,,493.400000,453.783333,394.995833,378.052083,493.400000,522.249154,464.550846,507.824577,478.975423
2025-02-13,468.000000,2024-11-14,2024-09-30,9.260000,27.660000,16.919740,14.891104,1.910669,306.189693,359.038810,411.887927,464.737043,517.586160,,,,,,,,,,491.250000,455.816667,396.183333,378.785417,491.250000,520.972400,461.527600,506.111200,476.388800
2025-02-14,448.000000,2024-11-14,2024-09-30,9.260000,27.660000,16.196674,14.917394,1.906710,307.135906,359.875517,412.615129,465.354741,518.094353,,,,,,,,,,488.400000,457.533333,397.133333,379.477083,488.400000,523.087477,453.712523,505.743738,471.056262
2025-02-17,463.000000,2024-11-14,2024-09-30,9.260000,27.660000,16.738973,14.946519,1.907627,307.890790,360.655757,413.420723,466.185690,518.950656,,,,,,,,,,486.750000,458.950000,398.191667,380.235417,486.750000,523.018734,450.481266,504.884367,468.615633
2025-02-18,453.000000,2024-11-14,2024-09-30,9.260000,27.660000,16.377440,14.973781,1.904477,308.819118,361.496951,414.174783,466.852616,519.530448,,,,,,,,,,484.750000,460.200000,399.195833,380.943750,484.750000,523.867233,445.632767,504.308616,465.191384
2025-02-19,453.000000,2024-11-14,2024-09-30,9.260000,27.660000,16.377440,15.001207,1.900761,309.783267,362.358326,414.933386,467.508445,520.083505,,,,,,,,,,482.950000,461.450000,400.204167,381.643750,482.950000,524.482359,441.417641,503.716179,462.183821
2025-02-20,446.000000,2024-11-14,2024-09-30,9.260000,27.660000,16.124367,15.024717,1.897026,310.640232,363.111958,415.583685,468.055411,520.527138,,,,,,,,,,480.850000,462.483333,401.108333,382.302083,480.850000,525.441833,436.258167,503.145917,458.554083
2025-02-21,442.000000,2024-11-14,2024-09-30,9.260000,27.660000,15.979754,15.046859,1.892495,311.503299,363.849703,416.196108,468.542512,520.888916,,,,,,,,,,478.900000,463.300000,401.975000,382.939583,478.900000,526.755704,431.044296,502.827852,454.972148
2025-02-24,450.000000,2024-11-14,2024-09-30,9.260000,27.660000,16.268980,15.070260,1.890078,312.284276,364.563837,416.843398,469.122959,521.402520,,,,,,,,,,477.100000,464.075000,402.879167,383.604167,477.100000,526.514040,427.685960,501.807020,452.392980
2025-02-25,444.000000,2024-11-14,2024-09-30,9.260000,27.660000,16.052061,15.093168,1.885132,313.191503,365.334266,417.477030,469.619793,521.762557,,,,,,,,,,473.800000,464.608333,403.766667,384.225000,473.800000,522.776256,424.823744,498.288128,449.311872
2025-02-26,435.000000,2024-11-14,2024-09-30,9.260000,27.660000,15.726681,15.112051,1.879985,313.998529,365.998924,417.999320,469.999716,522.000112,,,,,,,,,,469.800000,465.050000,404.545833,384.814583,469.800000,517.663182,421.936818,493.731591,445.868409
2025-02-27,434.500000,2024-11-14,2024-09-30,9.260000,27.660000,15.708604,15.130126,1.875161,314.765372,366.632322,418.499272,470.366223,522.233173,,,,,,,,,,465.775000,465.633333,405.304167,385.387500,465.775000,511.105918,420.444082,488.440459,443.109541
2025-03-03,424.000000,2024-11-14,2024-09-30,9.260000,27.660000,15.328995,15.144873,1.869654,315.477913,367.192547,418.907182,470.621817,522.336451,,,,,,,,,,461.375000,465.950000,405.970833,385.889583,461.375000,504.859873,417.890127,483.117437,439.632563
2025-03-04,457.500000,2024-11-14,2024-09-30,9.260000,27.660000,16.540130,15.169877,1.868069,316.257233,367.928017,419.598801,471.269585,522.940369,,,,,,,,,,459.500000,466.741667,406.920833,386.506250,459.500000,500.012506,418.987494,479.756253,439.243747
2025-03-05,452.500000,2024-11-14,2024-09-30,9.260000,27.660000,16.359364,15.193704,1.864825,317.095734,368.676787,420.257839,471.838891,523.419944,,,,,,,,,,457.625000,467.400000,407.837500,387.033333,457.625000,495.584639,419.665361,476.604820,438.645180
2025-03-06,448.000000,2024-11-14,2024-09-30,9.260000,27.660000,16.196674,15.215517,1.861085,317.906006,369.383606,420.861206,472.338806,523.816405,,,,,,,,,,455.375000,467.725000,408.700000,387.406250,455.375000,489.663060,421.086940,472.519030,438.230970
2025-03-07,439.500000,2024-11-14,2024-09-30,9.260000,27.660000,15.889371,15.234606,1.856103,318.709583,370.049390,421.389197,472.729003,524.068810,,,,,,,,,,452.900000,467.700000,409.487500,387.614583,452.900000,483.962924,421.837076,468.431462,437.368538
2025-03-10,429.500000,2024-11-14,2024-09-30,9.260000,27.660000,15.527838,15.249696,1.851015,319.408446,370.607521,421.806597,473.005673,524.204749,,,,,,,,,,449.925000,467.508333,410.166667,387.797917,449.925000,477.647829,422.202171,463.786415,436.063585
2025-03-11,420.500000,2024-11-14,2024-09-30,9.260000,27.660000,15.202458,15.262732,1.845069,320.097947,371.132558,422.167169,473.201781,524.236392,,,,,,,,,,447.175000,467.016667,410.787500,387.891667,447.175000,475.126603,419.223397,461.150801,433.199199
2025-03-12,417.500000,2024-11-14,2024-09-30,9.260000,27.660000,15.093999,15.276999,1.837005,320.938666,371.750232,422.561797,473.373363,524.184928,,,,,,,,,,444.625000,466.341667,411.437500,387.883333,444.625000,473.669204,415.580796,459.147102,430.102898
2025-03-13,424.000000,2024-11-14,2024-09-30,9.260000,27.660000,15.328995,15.290433,1.831387,321.621035,372.277200,422.933365,473.589529,524.245694,,,,,,,,,,442.475000,465.800000,412.070833,388.075000,442.475000,470.904923,414.045077,456.689962,428.260038
2025-03-14,413.500000,2024-11-14,2024-09-30,9.260000,27.660000,14.949385,15.301359,1.825348,322.257371,372.746487,423.235603,473.724719,524.213835,,,,,,,,,,439.750000,465.050000,412.633333,388.370833,439.750000,468.325846,411.174154,454.037923,425.462077
2025-03-17,409.000000,2024-11-14,2024-09-30,9.260000,27.660000,14.786696,15.312409,1.818111,322.963313,373.252270,423.541227,473.830183,524.119140,,,,,,,,,,437.800000,464.266667,413.195833,388.506250,437.800000,469.189573,406.410427,453.494786,422.105214
2025-03-18,429.000000,2024-11-14,2024-09-30,9.260000,27.660000,15.509761,15.329976,1.809659,323.916834,373.971989,424.027145,474.082301,524.137456,,,,,,,,,,436.100000,463.950000,413.937500,388.568750,436.100000,465.353160,406.846840,450.726580,421.473420
2025-03-19,427.000000,2024-11-14,2024-09-30,9.260000,27.660000,15.437455,15.347598,1.800220,324.926372,374.720470,424.514568,474.308665,524.102763,,,,,,,,,,434.800000,463.450000,414.679167,388.627083,434.800000,463.189027,406.410973,448.994513,420.605487
2025-03-20,435.500000,2024-11-14,2024-09-30,9.260000,27.660000,15.744758,15.370573,1.787398,326.271206,375.710629,425.150051,474.589473,524.028895,,,,,,,,,,433.925000,462.991667,415.562500,388.735417,433.925000,461.000479,406.849521,447.462740,420.387260
2025-03-21,437.500000,2024-11-14,2024-09-30,9.260000,27.660000,15.817064,15.397107,1.769966,327.969444,376.926707,425.883971,474.841234,523.798498,,,,,,,,,,433.500000,462.575000,416.537500,388.972917,433.500000,460.038949,406.961051,446.769474,420.230526
2025-03-24,433.500000,2024-11-14,2024-09-30,9.260000,27.660000,15.672451,15.421450,1.753281,329.565818,378.061559,426.557300,475.053042,523.548783,,,,,,,,,,433.075000,461.900000,417.454167,389.193750,433.075000,459.311325,406.838675,446.193162,419.956838
2025-03-25,454.500000,2024-11-14,2024-09-30,9.260000,27.660000,16.431670,15.452120,1.738306,331.242570,379.324100,427.405630,475.487160,523.568690,,,,,,,,,,433.300000,461.525000,418.545833,389.514583,433.300000,460.215853,406.384147,446.757927,419.842073
2025-03-26,456.500000,2024-11-14,2024-09-30,9.260000,27.660000,16.503977,15.484049,1.721931,333.031576,380.660187,428.288797,475.917408,523.546019,,,,,,,,,,433.925000,461.383333,419.670833,389.750000,433.925000,462.421122,405.428878,448.173061,419.676939
2025-03-27,457.000000,2024-11-14,2024-09-30,9.260000,27.660000,16.522054,15.516458,1.704329,334.901754,382.043486,429.185217,476.326949,523.468680,,,,,,,,,,435.025000,461.316667,420.808333,390.035417,435.025000,465.336497,404.713503,450.180748,419.869252
2025-03-28,453.000000,2024-11-14,2024-09-30,9.260000,27.660000,16.377440,15.547661,1.685265,336.819462,383.433883,430.048303,476.662724,523.277145,,,,,,,,,,435.950000,461.250000,421.912500,390.285417,435.950000,467.305181,404.594819,451.627590,420.272410
2025-03-31,456.500000,2025-03-31,2024-12-31,10.480000,32.890000,13.879599,15.556899,1.672909,401.622486,456.644454,511.666422,566.688390,621.710358,,,,,,,,,,437.575000,461.433333,423.016667,390.562500,437.575000,469.682181,405.467819,453.628590,421.521410
2025-04-01,457.500000,2025-03-31,2024-12-31,10.480000,32.890000,13.910003,15.564420,1.663352,402.498467,457.206126,511.913786,566.621446,621.329105,,,,,,,,,,437.575000,461.533333,424.079167,390.775000,437.575000,469.682181,405.467819,453.628590,421.521410
2025-04-02,457.500000,2025-03-31,2024-12-31,10.480000,32.890000,13.910003,15.574076,1.650196,403.681500,457.956436,512.231372,566.506308,620.781244,,,,,,,,,,437.825000,461.683333,425.195833,391.022917,437.825000,470.494437,405.155563,454.159718,421.490282
2025-04-07,412.000000,2025-03-31,2024-12-31,10.480000,32.890000,12.526604,15.573682,1.650924,403.620636,457.919522,512.218407,566.517293,620.816179,,,,,,,,,,436.025000,461.108333,425.970833,391.095833,436.025000,470.263290,401.786710,453.144145,418.905855
2025-04-08,424.000000,2025-03-31,2024-12-31,10.480000,32.890000,12.891456,15.578628,1.641893,404.377356,458.379211,512.381067,566.382922,620.384778,,,,,,,,,,435.250000,460.491667,426.904167,391.197917,435.250000,469.856814,400.643186,452.553407,417.946593
2025-04-09,418.000000,2025-03-31,2024-12-31,10.480000,32.890000,12.709030,15.579918,1.639555,404.573555,458.498529,512.423504,566.348478,620.273452,,,,,,,,,,434.675000,459.425000,427.733333,391.254167,434.675000,470.057534,399.292466,452.366267,416.983733
2025-04-10,459.500000,2025-03-31,2024-12-31,10.480000,32.890000,13.970812,15.588603,1.628114,405.611808,459.160475,512.709141,566.257808,619.806474,,,,,,,,,,436.625000,459.483333,428.829167,391.495833,436.625000,473.002950,400.247050,454.813975,418.436025
2025-04-11,445.500000,2025-03-31,2024-12-31,10.480000,32.890000,13.545151,15.593412,1.621146,406.228330,459.547819,512.867309,566.186798,619.506287,,,,,,,,,,438.025000,459.025000,429.800000,391.620833,438.025000,473.446485,402.603515,455.735742,420.314258
2025-04-14,433.000000,2025-03-31,2024-12-31,10.480000,32.890000,13.165096,15.595875,1.617192,406.569402,459.758860,512.948318,566.137776,619.327234,,,,,,,,,,438.475000,458.116667,430.687500,391.691667,438.475000,473.371049,403.578951,455.923024,421.026976
2025-04-15,450.000000,2025-03-31,2024-12-31,10.480000,32.890000,13.681970,15.600181,1.611342,407.095873,460.092921,513.089968,566.087016,619.084064,,,,,,,,,,440.300000,457.100000,431.654167,391.868750,440.300000,473.471643,407.128357,456.885821,423.714179
2025-04-16,446.500000,2025-03-31,2024-12-31,10.480000,32.890000,13.575555,15.605244,1.603941,407.749246,460.502857,513.256469,566.010081,618.763693,,,,,,,,,,442.175000,456.125000,432.633333,391.929167,442.175000,471.964216,412.385784,457.069608,427.280392
2025-04-17,458.500000,2025-03-31,2024-12-31,10.480000,32.890000,13.940407,15.609569,1.598693,408.236688,460.817709,513.398730,565.979751,618.560773,,,,,,,,,,443.650000,455.500000,433.616667,392.097917,443.650000,473.613311,413.686689,458.631655,428.668345
2025-04-18,458.000000,2025-03-31,2024-12-31,10.480000,32.890000,13.925205,15.613275,1.594226,408.652465,461.086542,513.520620,565.954697,618.388774,,,,,,,,,,445.200000,454.916667,434.583333,392.341667,445.200000,474.741051,415.658949,459.970525,430.429475
2025-04-21,454.500000,2025-03-31,2024-12-31,10.480000,32.890000,13.818790,15.618558,1.587146,409.291933,461.493151,513.694368,565.895586,618.096803,,,,,,,,,,446.150000,454.341667,435.583333,392.591667,446.150000,475.599511,416.700489,460.874755,431.425245
2025-04-22,442.000000,2025-03-31,2024-12-31,10.480000,32.890000,13.438735,15.619524,1.585771,409.414102,461.570120,513.726138,565.882156,618.038175,,,,,,,,,,446.375000,453.575000,436.450000,392.760417,446.375000,475.614258,417.135742,460.994629,431.755371
2025-04-23,469.000000,2025-03-31,2024-12-31,10.480000,32.890000,14.259653,15.626181,1.578292,410.125067,462.035081,513.945096,565.855110,617.765124,,,,,,,,,,448.150000,453.375000,437.512500,392.995833,448.150000,478.391310,417.908690,463.270655,433.029345
2025-04-24,460.500000,2025-03-31,2024-12-31,10.480000,32.890000,14.001216,15.628878,1.575207,410.416659,462.225230,514.033801,565.842373,617.650944,,,,,,,,,,448.450000,452.950000,438.458333,393.214583,448.450000,479.073177,417.826823,463.761588,433.138412
2025-04-25,454.000000,2025-03-31,2024-12-31,10.480000,32.890000,13.803588,15.629928,1.573937,410.534758,462.301549,514.068340,565.835131,617.601922,,,,,,,,,,448.325000,452.016667,439.350000,393.406250,448.325000,478.830004,417.819996,463.577502,433.072498
2025-04-28,454.500000,2025-03-31,2024-12-31,10.480000,32.890000,13.818790,15.631105,1.572517,410.666863,462.386954,514.107046,565.827137,617.547229,,,,,,,,,,448.200000,451.008333,440.245833,393.610417,448.200000,478.575544,417.824456,463.387772,433.012228
2025-04-29,462.000000,2025-03-31,2024-12-31,10.480000,32.890000,14.046823,15.635332,1.567522,411.134464,462.690264,514.246063,565.801863,617.357662,,,,,,,,,,448.650000,450.125000,441.233333,393.889583,448.650000,479.586437,417.713563,464.118219,433.181781
2025-04-30,442.000000,2025-03-31,2024-12-31,10.480000,32.890000,13.438735,15.634491,1.568682,411.030511,462.624463,514.218414,565.812365,617.406317,,,,,,,,,,447.925000,448.958333,442.054167,394.104167,447.925000,478.766317,417.083683,463.345659,432.504341
2025-05-02,438.500000,2025-03-31,2024-12-31,10.480000,32.890000,13.332320,15.632271,1.571773,410.754171,462.449782,514.145393,565.841004,617.536615,,,,,,,,,,446.975000,448.016667,442.833333,394.287500,446.975000,477.744902,416.205098,462.359951,431.590049
2025-05-05,429.500000,2025-03-31,2024-12-31,10.480000,32.890000,13.058680,15.630070,1.575216,410.455318,462.264157,514.072996,565.881835,617.690674,,,,,,,,,,445.575000,447.008333,443.595833,394.456250,445.575000,476.872007,414.277993,461.223503,429.926497
2025-05-06,434.000000,2025-03-31,2024-12-31,10.480000,32.890000,13.195500,15.626709,1.580008,410.029543,461.996009,513.962475,565.928941,617.895408,,,,,,,,,,446.675000,446.025000,444.337500,394.652083,446.675000,474.338913,419.011087,460.506957,432.843043
2025-05-07,434.000000,2025-03-31,2024-12-31,10.480000,32.890000,13.195500,15.624170,1.583695,409.703523,461.791243,513.878963,565.966683,618.054403,,,,,,,,,,447.175000,445.108333,445.100000,394.864583,447.175000,473.439395,420.910605,460.307197,434.042803
2025-05-08,442.000000,2025-03-31,2024-12-31,10.480000,32.890000,13.438735,15.624315,1.583492,409.721589,461.802657,513.883724,565.964792,618.045859,,,,,,,,,,448.375000,444.325000,445.945833,395.108333,448.375000,470.962549,425.787451,459.668774,437.081226
2025-05-09,453.000000,2025-03-31,2024-12-31,10.480000,32.890000,13.773183,15.626590,1.580609,409.986103,461.972324,513.958545,565.944766,617.930987,,,,,,,,,,448.050000,443.950000,446.866667,395.433333,448.050000,470.145248,425.954752,459.097624,437.002376
2025-05-12,454.000000,2025-03-31,2024-12-31,10.480000,32.890000,13.803588,15.626983,1.580145,410.029513,462.000495,513.971477,565.942459,617.913441,,,,,,,,,,448.475000,443.708333,447.741667,395.845833,448.475000,470.690393,426.259607,459.582696,437.367304
2025-05-13,455.000000,2025-03-31,2024-12-31,10.480000,32.890000,13.833992,15.628451,1.578382,410.193796,462.106773,514.019751,565.932728,617.845706,,,,,,,,,,449.575000,443.508333,448.645833,396.235417,449.575000,470.716814,428.433186,460.145907,439.004093
2025-05-14,463.000000,2025-03-31,2024-12-31,10.480000,32.890000,14.077227,15.632110,1.574233,410.587067,462.363580,514.140093,565.916606,617.693119,,,,,,,,,,450.225000,443.425000,449.620833,396.643750,450.225000,472.204596,428.245404,461.214798,439.235202
2025-05-15,509.000000,2025-05-15,2025-03-31,10.550000,36.650000,13.888131,15.634521,1.571310,457.828152,515.416682,573.005211,630.593741,688.182271,,,,,,,,,,453.350000,444.441667,450.987500,397.254167,453.350000,487.501520,419.198480,470.425760,436.274240
2025-05-16,540.000000,2025-05-15,2025-03-31,10.550000,36.650000,14.733970,15.633142,1.572034,457.724596,515.339628,572.954660,630.569692,688.184724,,,,,,,,,,457.425000,445.725000,452.337500,398.033333,457.425000,509.111581,405.738419,483.268290,431.581710
2025-05-19,550.000000,2025-05-15,2025-03-31,10.550000,36.650000,15.006821,15.644316,1.562671,458.820410,516.092298,573.364186,630.636074,687.907963,,,,,,,,,,462.025000,447.341667,453.770833,398.883333,462.025000,528.256234,395.793766,495.140617,428.909383
2025-05-20,542.000000,2025-05-15,2025-03-31,10.550000,36.650000,14.788540,15.653671,1.554064,459.794132,516.750589,573.707046,630.663503,687.619960,,,,,,,,,,466.400000,448.825000,455.137500,399.677083,466.400000,541.503858,391.296142,503.951929,428.848071
2025-05-21,555.000000,2025-05-15,2025-03-31,10.550000,36.650000,15.143247,15.664174,1.546235,460.752953,517.422470,574.091988,630.761505,687.431023,,,,,,,,,,472.050000,450.641667,456.562500,400.485417,472.050000,555.915745,388.184255,513.982872,430.117128
2025-05-22,556.000000,2025-05-15,2025-03-31,10.550000,36.650000,15.170532,15.672193,1.541108,461.422690,517.904288,574.385887,630.867486,687.349084,,,,,,,,,,476.400000,452.541667,457.920833,401.320833,476.400000,568.245179,384.554821,522.322589,430.477411
2025-05-23,542.000000,2025-05-15,2025-03-31,10.550000,36.650000,14.788540,15.673866,1.540030,461.563007,518.005094,574.447180,630.889267,687.331354,,,,,,,,,,480.475000,454.075000,459.075000,402.102083,480.475000,576.487321,384.462679,528.481161,432.468839
2025-05-26,540.000000,2025-05-15,2025-03-31,10.550000,36.650000,14.733970,15.672523,1.540785,461.458436,517.928194,574.397952,630.867709,687.337467,,,,,,,,,,484.775000,455.675000,460.141667,402.885417,484.775000,583.460825,386.089175,534.117913,435.432087
2025-05-27,536.000000,2025-05-15,2025-03-31,10.550000,36.650000,14.624829,15.671324,1.541549,461.358477,517.856256,574.354036,630.851816,687.349595,,,,,,,,,,488.850000,457.358333,461.204167,403.650000,488.850000,588.992057,388.707943,538.921028,438.778972
2025-05-28,546.000000,2025-05-15,2025-03-31,10.550000,36.650000,14.897681,15.675111,1.539063,461.679503,518.086166,574.492830,630.899494,687.306157,,,,,,,,,,493.050000,459.216667,462.425000,404.454167,493.050000,595.470650,390.629350,544.260325,441.839675
2025-05-29,559.000000,2025-05-15,2025-03-31,10.550000,36.650000,15.252387,15.680197,1.536627,462.044451,518.361839,574.679227,630.996615,687.314003,,,,,,,,,,498.900000,461.466667,463.708333,405.291667,498.900000,602.403165,395.396835,550.651583,447.148417
2025-06-02,553.000000,2025-05-15,2025-03-31,10.550000,36.650000,15.088677,15.682412,1.535572,462.202979,518.481697,574.760416,631.039134,687.317852,,,,,,,,,,504.625000,463.058333,464.900000,406.072917,504.625000,606.718288,402.531712,555.671644,453.578356
2025-06-03,554.000000,2025-05-15,2025-03-31,10.550000,36.650000,15.115962,15.683951,1.534906,462.308238,518.562525,574.816812,631.071098,687.325385,,,,,,,,,,510.850000,464.750000,466.075000,406.864583,510.850000,608.752798,412.947202,559.801399,461.898601
2025-06-04,556.000000,2025-05-15,2025-03-31,10.550000,36.650000,15.170532,15.681275,1.535523,462.164860,518.441793,574.718726,630.995659,687.272592,,,,,,,,,,516.950000,466.550000,467.137500,407.664583,516.950000,609.762148,424.137852,563.356074,470.543926
2025-06-05,556.000000,2025-05-15,2025-03-31,10.550000,36.650000,15.170532,15.674833,1.536035,461.891239,518.186928,574.482618,630.778308,687.073998,,,,,,,,,,523.050000,468.491667,468.095833,408.504167,523.050000,608.664743,437.435257,565.857371,480.242629
2025-06-06,557.000000,2025-05-15,2025-03-31,10.550000,36.650000,15.197817,15.668618,1.536447,461.633257,517.944050,574.254843,630.565636,686.876430,,,,,,,,,,528.800000,470.616667,469.062500,409.362500,528.800000,606.584047,451.015953,567.692023,489.907977
2025-06-09,554.000000,2025-05-15,2025-03-31,10.550000,36.650000,15.115962,15.659009,1.536267,461.294354,517.598523,573.902692,630.206861,686.511031,,,,,,,,,,533.850000,472.841667,469.929167,410.206250,533.850000,603.614340,464.085660,568.732170,498.967830
2025-06-10,567.000000,2025-05-15,2025-03-31,10.550000,36.650000,15.470668,15.649947,1.534124,461.119271,517.344906,573.570540,629.796174,686.021809,,,,,,,,,,539.500000,475.333333,470.837500,411.068750,539.500000,599.680430,479.319570,569.590215,509.409785
2025-06-11,591.000000,2025-05-15,2025-03-31,10.550000,36.650000,16.125512,15.646793,1.532742,461.104988,517.279969,573.454950,629.629932,685.804913,,,,,,,,,,546.300000,478.116667,471.958333,412.031250,546.300000,596.121154,496.478846,571.210577,521.389423
2025-06-12,591.000000,2025-05-15,2025-03-31,10.550000,36.650000,16.125512,15.643036,1.530996,461.095278,517.206278,573.317277,629.428277,685.539276,,,,,,,,,,552.700000,481.075000,473.062500,413.002083,552.700000,588.330265,517.069735,570.515133,534.884867
2025-06-13,564.000000,2025-05-15,2025-03-31,10.550000,36.650000,15.388813,15.633894,1.529195,460.892215,516.937212,572.982208,629.027205,685.072201,,,,,,,,,,555.450000,483.658333,473.962500,413.870833,555.450000,584.818619,526.081381,570.134310,540.765690
2025-06-16,561.000000,2025-05-15,2025-03-31,10.550000,36.650000,15.306958,15.626480,1.528600,460.664079,516.687277,572.710474,628.733672,684.756869,,,,,,,,,,556.500000,485.858333,474.904167,414.708333,556.500000,585.032530,527.967470,570.766265,542.233735
2025-06-17,575.000000,2025-05-15,2025-03-31,10.550000,36.650000,15.688950,15.619537,1.526389,460.571730,516.513880,572.456030,628.398181,684.340331,,,,,,,,,,557.750000,488.325000,475.887500,415.604167,557.750000,587.257359,528.242641,572.503679,542.996321
2025-06-18,582.000000,2025-05-15,2025-03-31,10.550000,36.650000,15.879945,15.612378,1.523106,460.550034,516.371852,572.193669,628.015487,683.837304,,,,,,,,,,559.750000,490.766667,476.879167,416.497917,559.750000,590.170734,529.329266,574.960367,544.539633
2025-06-19,592.000000,2025-05-15,2025-03-31,10.550000,36.650000,16.152797,15.607644,1.520512,460.566652,516.293407,572.020162,627.746917,683.473671,,,,,,,,,,561.600000,493.341667,477.958333,417.441667,561.600000,595.144315,528.055685,578.372157,544.827843
2025-06-20,611.000000,2025-05-15,2025-03-31,10.550000,36.650000,16.671214,15.603766,1.517169,460.669554,516.273781,571.878007,627.482234,683.086460,,,,,,,,,,564.350000,496.300000,479.100000,418.504167,564.350000,604.356710,524.343290,584.353355,544.346645
2025-06-23,612.000000,2025-05-15,2025-03-31,10.550000,36.650000,16.698499,15.599210,1.513014,460.807134,516.259097,571.711060,627.163023,682.614986,,,,,,,,,,567.850000,498.925000,480.225000,419.547917,567.850000,611.688339,524.011661,589.769170,545.930830
2025-06-24,643.000000,2025-05-15,2025-03-31,10.550000,36.650000,17.544338,15.605319,1.519415,460.561815,516.248382,571.934949,627.621516,683.308083,,,,,,,,,,573.000000,502.033333,481.708333,420.737500,573.000000,626.252131,519.747869,599.626066,546.373934
2025-06-25,636.000000,2025-05-15,2025-03-31,10.550000,36.650000,17.353342,15.611041,1.524730,460.381983,516.263327,572.144671,628.026014,683.907358,,,,,,,,,,578.000000,505.016667,483.166667,421.872917,578.000000,635.252902,520.747098,606.626451,549.373549
2025-06-26,622.000000,2025-05-15,2025-03-31,10.550000,36.650000,16.971351,15.614786,1.527535,460.313603,516.297748,572.281894,628.266039,684.250185,,,,,,,,,,581.800000,507.833333,484.541667,422.947917,581.800000,640.187454,523.412546,610.993727,552.606273
2025-06-27,610.000000,2025-05-15,2025-03-31,10.550000,36.650000,16.643929,15.619266,1.529775,460.313575,516.379836,572.446097,628.512358,684.578619,,,,,,,,,,584.350000,510.391667,485.912500,423.964583,584.350000,642.998911,525.701089,613.674455,555.025545
2025-06-30,623.000000,2025-05-15,2025-03-31,10.550000,36.650000,16.998636,15.624895,1.533625,460.237692,516.445038,572.652383,628.859729,685.067075,,,,,,,,,,587.850000,513.150000,487.341667,425.004167,587.850000,646.974401,528.725599,617.412200,558.287800
2025-07-01,626.000000,2025-05-15,2025-03-31,10.550000,36.650000,17.080491,15.632109,1.538452,460.148295,516.532545,572.916795,629.301045,685.685295,,,,,,,,,,591.450000,515.958333,488.820833,426.087500,591.450000,650.664063,532.235937,621.057032,561.842968
2025-07-02,638.000000,2025-05-15,2025-03-31,10.550000,36.650000,17.407913,15.642655,1.546296,459.959770,516.631530,573.303290,629.975050,686.646811,,,,,,,,,,595.550000,519.725000,490.416667,427.160417,595.550000,655.775803,535.324197,625.662902,565.437098
2025-07-03,648.000000,2025-05-15,2025-03-31,10.550000,36.650000,17.680764,15.651105,1.554688,459.654373,516.633693,573.613013,630.592332,687.571652,,,,,,,,,,600.150000,523.458333,491.975000,428.241667,600.150000,661.695961,538.604039,630.922980,569.377020
2025-07-04,652.000000,2025-05-15,2025-03-31,10.550000,36.650000,17.789905,15.654139,1.558531,459.483901,516.604046,573.724190,630.844334,687.964479,,,,,,,,,,604.900000,527.358333,493.391667,429.350000,604.900000,667.084446,542.715554,635.992223,573.807777
2025-07-07,667.000000,2025-05-15,2025-03-31,10.550000,36.650000,18.199181,15.668416,1.573985,458.874353,516.560904,574.247455,631.934005,689.620556,,,,,,,,,,610.550000,530.816667,495.150000,430.537500,610.550000,673.787148,547.312852,642.168574,578.931426
2025-07-08,684.000000,2025-05-15,2025-03-31,10.550000,36.650000,18.663029,15.681437,1.592288,458.009934,516.367304,574.724675,633.082046,691.439416,,,,,,,,,,616.400000,534.791667,496.908333,431.802083,616.400000,684.159326,548.640674,650.279663,582.520337
2025-07-09,710.000000,2025-05-15,2025-03-31,10.550000,36.650000,19.372442,15.696002,1.617998,456.659202,515.958829,575.258456,634.558082,693.857709,,,,,,,,,,622.350000,539.408333,498.762500,433.191667,622.350000,700.777372,543.922628,661.563686,583.136314
2025-07-10,715.000000,2025-05-15,2025-03-31,10.550000,36.650000,19.508868,15.704623,1.635587,455.685919,515.630170,575.574420,635.518671,695.462922,,,,,,,,,,628.550000,543.825000,500.462500,434.616667,628.550000,715.666317,541.433683,672.108158,584.991842
2025-07-11,734.000000,2025-05-15,2025-03-31,10.550000,36.650000,20.027285,15.719372,1.666488,453.961401,515.038185,576.114969,637.191753,698.268538,,,,,,,,,,637.050000,548.616667,502.370833,436.289583,637.050000,730.585189,543.514811,683.817594,590.282406
2025-07-14,723.000000,2025-05-15,2025-03-31,10.550000,36.650000,19.727149,15.734331,1.694341,452.468023,514.565625,576.663228,638.760831,700.858433,,,,,,,,,,645.150000,553.025000,504.262500,437.920833,645.150000,739.012778,551.287222,692.081389,598.218611
2025-07-15,741.000000,2025-05-15,2025-03-31,10.550000,36.650000,20.218281,15.754287,1.732820,450.378875,513.886744,577.394612,640.902480,704.410349,,,,,,,,,,653.450000,557.741667,506.329167,439.631250,653.450000,750.497953,556.402047,701.973977,604.926023
2025-07-16,725.000000,2025-05-15,2025-03-31,10.550000,36.650000,19.781719,15.771810,1.762819,448.822169,513.429500,578.036830,642.644160,707.251491,,,,,,,,,,660.600000,562.250000,508.295833,441.283333,660.600000,756.548232,564.651768,708.574116,612.625884
2025-07-17,736.000000,2025-05-15,2025-03-31,10.550000,36.650000,20.081855,15.792135,1.798278,446.967984,512.874870,578.781757,644.688643,710.595529,,,,,,,,,,667.800000,567.150000,510.362500,442.991667,667.800000,763.685019,571.914981,715.742509,619.857491
2025-07-18,759.000000,2025-05-15,2025-03-31,10.550000,36.650000,20.709413,15.819799,1.847911,444.343789,512.069716,579.795642,647.521569,715.247495,,,,,,,,,,675.200000,571.983333,512.679167,444.814583,675.200000,775.375845,575.024155,725.287923,625.112077
2025-07-21,765.000000,2025-05-15,2025-03-31,10.550000,36.650000,20.873124,15.847321,1.898116,441.672438,511.238379,580.804319,650.370260,719.936200,,,,,,,,,,682.850000,577.058333,515.004167,446.664583,682.850000,786.027466,579.672534,734.438733,631.261267
2025-07-22,746.000000,2025-05-15,2025-03-31,10.550000,36.650000,20.354707,15.863292,1.927928,440.072559,510.731109,581.389659,652.048209,722.706759,,,,,,,,,,688.000000,581.925000,516.970833,448.395833,688.000000,793.067397,582.932603,740.533698,635.466302
2025-07-23,739.000000,2025-05-15,2025-03-31,10.550000,36.650000,20.163711,15.876165,1.951495,438.816838,510.339147,581.861456,653.383765,724.906074,,,,,,,,,,693.150000,586.666667,518.837500,450.112500,693.150000,797.580838,588.719162,745.365419,640.934581
2025-07-24,758.000000,2025-05-15,2025-03-31,10.550000,36.650000,20.682128,15.893358,1.984670,437.015292,509.753440,582.491587,655.229735,727.967882,,,,,,,,,,699.950000,591.600000,520.862500,451.879167,699.950000,802.569327,597.330673,751.259664,648.640336
2025-07-25,788.000000,2025-05-15,2025-03-31,10.550000,36.650000,21.500682,15.918277,2.035915,434.172279,508.788561,583.404843,658.021126,732.637408,,,,,,,,,,708.850000,597.366667,523.162500,453.770833,708.850000,809.478080,608.221920,759.164040,658.535960
2025-07-28,786.000000,2025-05-15,2025-03-31,10.550000,36.650000,21.446112,15.947862,2.089972,431.294189,507.891666,584.489144,661.086621,737.684099,,,,,,,,,,717.000000,603.158333,525.587500,455.625000,717.000000,814.712791,619.287209,765.856395,668.143605
2025-07-29,783.000000,2025-05-15,2025-03-31,10.550000,36.650000,21.364256,15.978272,2.141807,428.609189,507.106421,585.603653,664.100886,742.598118,,,,,,,,,,724.850000,609.050000,528.029167,457.470833,724.850000,816.839187,632.860813,770.844594,678.855406
2025-07-30,779.000000,2025-05-15,2025-03-31,10.550000,36.650000,21.255116,16.006868,2.189039,426.195157,506.423431,586.651704,666.879977,747.108251,,,,,,,,,,731.900000,614.800000,530.412500,459.312500,731.900000,817.235005,646.564995,774.567503,689.232497
2025-07-31,790.000000,2025-05-15,2025-03-31,10.550000,36.650000,21.555252,16.039170,2.241883,423.505590,505.670589,587.835589,670.000588,752.165587,,,,,,,,,,739.000000,620.733333,532.920833,461.318750,739.000000,818.363255,659.636745,778.681628,699.318372
2025-08-01,820.000000,2025-05-15,2025-03-31,10.550000,36.650000,22.373806,16.078294,2.310650,419.898799,504.584136,589.269473,673.954811,758.640148,,,,,,,,,,747.400000,627.033333,535.679167,463.472917,747.400000,823.486931,671.313069,785.443465,709.356535
2025-08-04,823.000000,2025-05-15,2025-03-31,10.550000,36.650000,22.455662,16.122167,2.380868,416.359780,503.618601,590.877423,678.136244,765.395065,,,,,,,,,,755.200000,633.200000,538.575000,465.535417,755.200000,828.517191,681.882809,791.858596,718.541404
2025-08-05,815.000000,2025-05-15,2025-03-31,10.550000,36.650000,22.237381,16.166330,2.444428,413.319445,502.907721,592.495998,682.084274,771.672551,,,,,,,,,,761.750000,639.216667,541.462500,467.614583,761.750000,831.609634,691.890366,796.679817,726.820183
2025-08-06,828.000000,2025-05-15,2025-03-31,10.550000,36.650000,22.592087,16.213901,2.513086,410.030290,502.134880,594.239469,686.344059,778.448649,,,,,,,,,,767.650000,645.433333,544.470833,469.733333,767.650000,839.022337,696.277663,803.336169,731.963831
2025-08-07,910.000000,2025-05-15,2025-03-31,10.550000,36.650000,24.829468,16.279815,2.632641,403.682678,500.168955,596.655232,693.141509,789.627786,,,,,,,,,,777.400000,652.883333,548.154167,472.168750,777.400000,868.921410,685.878590,823.160705,731.639295
2025-08-08,965.000000,2025-05-15,2025-03-31,10.550000,36.650000,26.330150,16.364261,2.787896,395.397385,497.573775,599.750165,701.926555,804.102945,,,,,,,,,,788.950000,660.483333,552.462500,474.797917,788.950000,910.716774,667.183226,849.833387,728.066613
2025-08-11,970.000000,2025-05-15,2025-03-31,10.550000,36.650000,26.466576,16.445324,2.936355,387.486351,495.103744,602.721136,710.338529,817.955922,,,,,,,,,,801.300000,667.650000,556.687500,477.439583,801.300000,943.321644,659.278356,872.310822,730.289178
2025-08-12,985.000000,2025-05-15,2025-03-31,10.550000,36.650000,26.875853,16.532811,3.086855,379.661073,492.794300,605.927527,719.060753,832.193980,,,,,,,,,,813.500000,674.900000,561.120833,480.158333,813.500000,974.379818,652.620182,893.939909,733.060091
2025-08-13,1050.000000,2025-05-15,2025-03-31,10.550000,36.650000,28.649386,16.635077,3.278968,369.327216,489.501400,609.675583,729.849767,850.023951,,,,,,,,,,829.750000,683.366667,566.095833,483.150000,829.750000,1016.556824,642.943176,923.153412,736.346588
2025-08-14,1065.000000,2025-08-14,2025-06-30,7.410000,37.700000,28.249337,16.736119,3.445676,371.147702,501.049689,630.951676,760.853662,890.755649,,,,,,,,,,846.200000,691.866667,571.254167,486.181250,846.200000,1054.905887,637.494113,950.552944,741.847056
2025-08-15,1090.000000,2025-08-14,2025-06-30,7.410000,37.700000,28.912467,16.843891,3.619679,362.090920,498.552812,635.014703,771.476594,907.938486,,,,,,,,,,862.750000,700.766667,576.654167,489.314583,862.750000,1093.655654,631.844346,978.202827,747.297173
2025-08-18,1105.000000,2025-08-14,2025-06-30,7.410000,37.700000,29.310345,16.952569,3.793860,353.054816,496.083341,639.111865,782.140389,925.168914,,,,,,,,,,879.750000,710.150000,582.112500,492.495833,879.750000,1129.637448,629.862552,1004.693724,754.806276
2025-08-19,1075.000000,2025-08-14,2025-06-30,7.410000,37.700000,28.514589,17.056424,3.936883,346.186203,494.606690,643.027176,791.447662,939.868149,,,,,,,,,,896.200000,719.066667,587.370833,495.568750,896.200000,1152.254764,640.145236,1024.227382,768.172618
2025-08-20,1035.000000,2025-08-14,2025-06-30,7.410000,37.700000,27.453581,17.154148,4.047588,341.523241,494.117309,646.711377,799.305445,951.899513,,,,,,,,,,911.000000,727.383333,592.370833,498.458333,911.000000,1162.982456,659.017544,1036.991228,785.008772
2025-08-21,1060.000000,2025-08-14,2025-06-30,7.410000,37.700000,28.116711,17.257549,4.167076,336.412038,493.510814,650.609590,807.708367,964.807143,,,,,,,,,,926.100000,735.950000,597.583333,501.443750,926.100000,1175.661215,676.538785,1050.880607,801.319393
2025-08-22,1080.000000,2025-08-14,2025-06-30,7.410000,37.700000,28.647215,17.368534,4.290801,331.267359,493.030545,654.793731,816.556917,978.320104,,,,,,,,,,940.700000,744.633333,603.050000,504.510417,940.700000,1190.408967,690.991033,1065.554484,815.845516
2025-08-25,1120.000000,2025-08-14,2025-06-30,7.410000,37.700000,29.708223,17.478268,4.435383,324.502820,491.716763,658.930707,826.144650,993.358594,,,,,,,,,,957.400000,754.083333,608.570833,507.745833,957.400000,1208.218785,706.581215,1082.809393,831.990607
2025-08-26,1165.000000,2025-08-14,2025-06-30,7.410000,37.700000,30.901857,17.599456,4.600165,316.647035,490.073254,663.499473,836.925692,1010.351911,,,,,,,,,,976.500000,764.266667,614.508333,511.172917,976.500000,1229.569161,723.430839,1103.034580,849.965420
2025-08-27,1190.000000,2025-08-14,2025-06-30,7.410000,37.700000,31.564987,17.727525,4.771520,308.555098,488.441391,668.327685,848.213979,1028.100272,,,,,,,,,,997.050000,774.833333,620.691667,514.695833,997.050000,1249.340121,744.759879,1123.195061,870.904939
2025-08-28,1190.000000,2025-08-14,2025-06-30,7.410000,37.700000,31.564987,17.858155,4.932630,301.332159,487.292300,673.252441,859.212582,1045.172723,,,,,,,,,,1017.050000,785.400000,626.945833,518.216667,1017.050000,1263.583418,770.516582,1140.316709,893.783291
2025-08-29,1230.000000,2025-08-14,2025-06-30,7.410000,37.700000,32.625995,18.000640,5.108563,293.438493,486.031303,678.624112,871.216921,1063.809730,,,,,,,,,,1037.550000,796.616667,633.616667,521.891667,1037.550000,1283.276827,791.823173,1160.413414,914.686586
2025-09-01,1215.000000,2025-08-14,2025-06-30,7.410000,37.700000,32.228117,18.142520,5.264250,287.048519,485.510762,683.973006,882.435250,1080.897494,,,,,,,,,,1057.150000,807.633333,640.237500,525.512500,1057.150000,1293.163626,821.136374,1175.156813,939.143187
2025-09-02,1095.000000,2025-08-14,2025-06-30,7.410000,37.700000,29.045093,18.258779,5.349718,284.987244,486.671610,688.355975,890.040340,1091.724706,,,,,,,,,,1071.150000,816.433333,645.883333,528.660417,1071.150000,1278.114299,864.185701,1174.632149,967.667851
2025-09-03,1060.000000,2025-08-14,2025-06-30,7.410000,37.700000,28.116711,18.365343,5.417797,283.871532,488.122490,692.373449,896.624408,1100.875366,,,,,,,,,,1082.750000,824.250000,651.183333,531.627083,1082.750000,1255.513148,909.986852,1169.131574,996.368426
2025-09-04,1035.000000,2025-08-14,2025-06-30,7.410000,37.700000,27.453581,18.469545,5.471527,283.748726,490.025288,696.301851,902.578413,1108.854975,,,,,,,,,,1089.000000,831.650000,656.362500,534.497917,1089.000000,1243.531550,934.468450,1166.265775,1011.734225
2025-09-05,1035.000000,2025-08-14,2025-06-30,7.410000,37.700000,27.453581,18.575102,5.521834,283.935073,492.108218,700.281364,908.454509,1116.627655,,,,,,,,,,1092.500000,839.500000,661.579167,537.387500,1092.500000,1238.120270,946.879730,1165.310135,1019.689865
2025-09-08,1055.000000,2025-08-14,2025-06-30,7.410000,37.700000,27.984085,18.679055,5.580747,283.412071,493.806226,704.200380,914.594535,1124.988690,,,,,,,,,,1096.750000,847.733333,666.795833,540.366667,1096.750000,1231.901961,961.598039,1164.325981,1029.174019
2025-09-09,1065.000000,2025-08-14,2025-06-30,7.410000,37.700000,28.249337,18.785821,5.640444,282.935997,495.580722,708.225447,920.870171,1133.514896,,,,,,,,,,1100.750000,855.900000,672.112500,543.395833,1100.750000,1226.375802,975.124198,1163.562901,1037.937099
2025-09-10,1055.000000,2025-08-14,2025-06-30,7.410000,37.700000,27.984085,18.887815,5.695383,282.638732,497.354684,712.070635,926.786587,1141.502538,,,,,,,,,,1101.000000,863.783333,677.275000,546.418750,1101.000000,1226.219807,975.780193,1163.609903,1038.390097
2025-09-11,1080.000000,2025-08-14,2025-06-30,7.410000,37.700000,28.647215,18.994733,5.757344,281.997704,499.049573,716.101441,933.153309,1150.205177,,,,,,,,,,1101.750000,871.916667,682.629167,549.583333,1101.750000,1226.239484,977.260516,1163.994742,1039.505258
2025-09-12,1065.000000,2025-08-14,2025-06-30,7.410000,37.700000,28.249337,19.099541,5.810586,281.934501,500.993590,720.052679,939.111768,1158.170857,,,,,,,,,,1100.500000,879.483333,687.891667,552.672917,1100.500000,1225.984325,975.015675,1163.242162,1037.757838
2025-09-15,1030.000000,2025-08-14,2025-06-30,7.410000,37.700000,27.320955,19.190285,5.853443,282.124153,502.798941,723.473729,944.148518,1164.823306,,,,,,,,,,1096.750000,886.450000,692.687500,555.616667,1096.750000,1226.091449,967.408551,1161.420725,1032.079275
2025-09-16,1040.000000,2025-08-14,2025-06-30,7.410000,37.700000,27.586207,19.282637,5.897959,282.249320,504.602358,726.955397,949.308435,1171.661473,,,,,,,,,,1095.000000,893.066667,697.550000,558.610417,1095.000000,1226.509455,963.490545,1160.754728,1029.245272
2025-09-17,982.000000,2025-08-14,2025-06-30,7.410000,37.700000,26.047745,19.362017,5.924535,283.238114,506.593083,729.948051,953.303020,1176.657988,,,,,,,,,,1092.350000,898.833333,701.925000,561.366667,1092.350000,1230.897769,953.802231,1161.623884,1023.076116
2025-09-18,985.000000,2025-08-14,2025-06-30,7.410000,37.700000,26.127321,19.443266,5.950060,284.376581,508.693860,733.011139,957.328418,1181.645697,,,,,,,,,,1088.600000,904.883333,706.358333,564.135417,1088.600000,1234.689230,942.510770,1161.644615,1015.555385
2025-09-19,1010.000000,2025-08-14,2025-06-30,7.410000,37.700000,26.790451,19.550857,5.965320,287.282135,512.174717,737.067298,961.959880,1186.852462,,,,,,,,,,1085.100000,911.550000,710.970833,566.993750,1085.100000,1235.351579,934.848421,1160.225789,1009.974211
2025-09-22,985.000000,2025-08-14,2025-06-30,7.410000,37.700000,26.127321,19.652668,5.972491,290.579733,515.742653,740.905572,966.068492,1191.231412,,,,,,,,,,1078.350000,917.583333,715.366667,569.722917,1078.350000,1234.031558,922.668442,1156.190779,1000.509221
2025-09-23,987.000000,2025-08-14,2025-06-30,7.410000,37.700000,26.180371,19.754921,5.978382,293.990485,519.375499,744.760513,970.145527,1195.530541,,,,,,,,,,1069.450000,923.600000,719.779167,572.487500,1069.450000,1224.625249,914.274751,1147.037624,991.862376
2025-09-24,964.000000,2025-08-14,2025-06-30,7.410000,37.700000,25.570292,19.863618,5.964417,299.141385,523.999895,748.858405,973.716915,1198.575425,,,,,,,,,,1058.150000,929.033333,724.379167,575.175000,1058.150000,1209.223736,907.076264,1133.686868,982.613132
2025-09-25,950.000000,2025-08-14,2025-06-30,7.410000,37.700000,25.198939,19.966181,5.949317,304.146520,528.435763,752.725006,977.014249,1201.303492,,,,,,,,,,1046.150000,934.066667,728.762500,577.833333,1046.150000,1191.130979,901.169021,1118.640489,973.659511
2025-09-26,901.000000,2025-08-14,2025-06-30,7.410000,37.700000,23.899204,20.059432,5.922248,309.703115,532.971850,756.240586,979.509321,1202.778056,,,,,,,,,,1029.700000,938.216667,732.787500,580.260417,1029.700000,1160.847326,898.552674,1095.273663,964.126337
2025-09-30,896.000000,2025-08-14,2025-06-30,7.410000,37.700000,23.766578,20.141063,5.905105,314.073201,536.695645,759.318089,981.940533,1204.562977,,,,,,,,,,1013.750000,942.033333,736.425000,582.627083,1013.750000,1126.280464,901.219536,1070.015232,957.484768
2025-10-01,913.000000,2025-08-14,2025-06-30,7.410000,37.700000,24.217507,20.230000,5.885264,318.922102,540.796545,762.670987,984.545430,1206.419872,,,,,,,,,,1004.650000,945.850000,740.320833,585.060417,1004.650000,1118.937311,890.362689,1061.793656,947.506344
2025-10-02,890.000000,2025-08-14,2025-06-30,7.410000,37.700000,23.607427,20.317019,5.857057,324.329536,545.140578,765.951620,986.762662,1207.573704,,,,,,,,,,996.150000,948.850000,744.129167,587.408333,996.150000,1118.132354,874.167646,1057.141177,935.158823
2025-10-03,886.000000,2025-08-14,2025-06-30,7.410000,37.700000,23.501326,20.398847,5.832120,329.294694,549.165614,769.036534,988.907454,1208.778374,,,,,,,,,,988.700000,951.700000,747.762500,589.708333,988.700000,1118.632938,858.767062,1053.666469,923.733531
2025-10-07,875.000000,2025-08-14,2025-06-30,7.410000,37.700000,23.209549,20.479130,5.803643,334.468533,553.265874,772.063214,990.860554,1209.657895,,,,,,,,,,980.700000,954.050000,751.333333,591.983333,980.700000,1118.116922,843.283078,1049.408461,911.991539
2025-10-08,860.000000,2025-08-14,2025-06-30,7.410000,37.700000,22.811671,20.553058,5.776088,339.333209,557.091739,774.850269,992.608799,1210.367329,,,,,,,,,,970.950000,956.333333,754.679167,594.147917,970.950000,1113.736517,828.163483,1042.343259,899.556741
2025-10-09,876.000000,2025-08-14,2025-06-30,7.410000,37.700000,23.236074,20.630648,5.748780,344.317423,561.046429,777.775434,994.504440,1211.233445,,,,,,,,,,961.500000,958.583333,758.162500,596.372917,961.500000,1103.090217,819.909783,1032.295108,890.704892
2025-10-13,851.000000,2025-08-14,2025-06-30,7.410000,37.700000,22.572944,20.703599,5.717069,349.458690,564.992194,780.525698,996.059201,1211.592705,,,,,,,,,,951.300000,960.683333,761.466667,598.525000,951.300000,1093.917781,808.682219,1022.608891,879.991109
2025-10-14,841.000000,2025-08-14,2025-06-30,7.410000,37.700000,22.307692,20.777507,5.679567,355.072695,569.192362,783.312028,997.431695,1211.551361,,,,,,,,,,939.350000,962.433333,764.791667,600.620833,939.350000,1076.509569,802.190431,1007.929785,870.770215
2025-10-15,893.000000,2025-08-14,2025-06-30,7.410000,37.700000,23.687003,20.856069,5.653795,359.977661,573.125724,786.273787,999.421850,1212.569914,,,,,,,,,,930.750000,964.666667,768.325000,602.918750,930.750000,1055.769367,805.730633,993.259683,868.240317
2025-10-16,884.000000,2025-08-14,2025-06-30,7.410000,37.700000,23.448276,20.934794,5.623233,365.249987,577.245863,789.241738,1001.237614,1213.233489,,,,,,,,,,923.450000,966.650000,771.854167,605.156250,923.450000,1040.888405,806.011595,982.169202,864.730798
2025-10-17,862.000000,2025-08-14,2025-06-30,7.410000,37.700000,22.864721,21.010304,5.587392,370.799076,581.443760,792.088445,1002.733129,1213.377813,,,,,,,,,,914.550000,968.583333,775.254167,607.302083,914.550000,1021.290167,807.809833,967.920083,861.179917
2025-10-20,851.000000,2025-08-14,2025-06-30,7.410000,37.700000,22.572944,21.083255,5.549730,376.389085,585.613897,794.838708,1004.063520,1213.288331,,,,,,,,,,908.000000,970.450000,778.558333,609.402083,908.000000,1013.381512,802.618488,960.690756,855.309244
2025-10-21,848.000000,2025-08-14,2025-06-30,7.410000,37.700000,22.493369,21.153643,5.513180,381.798574,589.645452,797.492331,1005.339210,1213.186089,,,,,,,,,,901.150000,971.950000,781.775000,611.504167,901.150000,1003.215562,799.084438,952.182781,850.117219
2025-10-22,842.000000,2025-08-14,2025-06-30,7.410000,37.700000,22.334218,21.227772,5.468195,387.985095,594.136045,800.286995,1006.437946,1212.588896,,,,,,,,,,892.750000,972.850000,785.108333,613.581250,892.750000,984.196562,801.303438,938.473281,847.026719
2025-10-23,830.000000,2025-08-14,2025-06-30,7.410000,37.700000,22.015915,21.300135,5.420078,394.341210,598.678151,803.015091,1007.352032,1211.688973,,,,,,,,,,885.000000,973.583333,788.370833,615.602083,885.000000,969.539620,800.460380,927.269810,842.730190
2025-10-27,827.000000,2025-08-14,2025-06-30,7.410000,37.700000,21.936340,21.374116,5.366969,401.134679,603.469418,805.804156,1008.138894,1210.473633,,,,,,,,,,877.000000,974.316667,791.683333,617.639583,877.000000,950.453172,803.546828,913.726586,840.273414
2025-10-28,852.000000,2025-08-14,2025-06-30,7.410000,37.700000,22.599469,21.452482,5.314949,408.011406,608.384988,808.758570,1009.132152,1209.505734,,,,,,,,,,871.400000,975.533333,795.166667,619.752083,871.400000,933.055751,809.744249,902.227875,840.572125
2025-10-29,858.000000,2025-08-14,2025-06-30,7.410000,37.700000,22.758621,21.532175,5.261530,415.043651,613.403317,811.762983,1010.122649,1208.482315,,,,,,,,,,866.800000,976.666667,798.700000,621.900000,866.800000,916.292583,817.307417,891.546292,842.053708
2025-10-30,869.000000,2025-08-14,2025-06-30,7.410000,37.700000,23.050398,21.612272,5.210196,421.933870,618.358259,814.782647,1011.207036,1207.631425,,,,,,,,,,865.200000,977.483333,802.258333,624.102083,865.200000,912.034985,818.365015,888.617492,841.782508
2025-10-31,862.000000,2025-08-14,2025-06-30,7.410000,37.700000,22.864721,21.688035,5.161118,428.490614,623.064760,817.638906,1012.213052,1206.787197,,,,,,,,,,863.500000,978.133333,805.666667,626.266667,863.500000,908.039752,818.960248,885.769876,841.230124
2025-11-03,842.000000,2025-08-14,2025-06-30,7.410000,37.700000,22.334218,21.759123,5.110104,435.017123,627.668034,820.318945,1012.969856,1205.620767,,,,,,,,,,859.950000,978.583333,808.900000,628.320833,859.950000,898.837016,821.062984,879.393508,840.506492
2025-11-04,842.000000,2025-08-14,2025-06-30,7.410000,37.700000,22.334218,21.829958,5.057972,441.618320,632.303877,822.989433,1013.674989,1204.360545,,,,,,,,,,857.550000,978.816667,812.125000,630.385417,857.550000,894.505022,820.594978,876.027511,839.072489
2025-11-05,825.000000,2025-08-14,2025-06-30,7.410000,37.700000,21.883289,21.895009,5.007370,447.886112,636.663974,825.441837,1014.219700,1202.997563,,,,,,,,,,854.500000,977.400000,815.141667,632.381250,854.500000,891.637015,817.362985,873.068508,835.931492
2025-11-06,817.000000,2025-08-14,2025-06-30,7.410000,37.700000,21.671088,21.959867,4.952898,454.438485,641.162734,827.886983,1014.611232,1201.335481,,,,,,,,,,851.600000,974.933333,817.708333,634.347917,851.600000,890.986880,812.213120,871.293440,831.906560
2025-11-07,800.000000,2025-08-14,2025-06-30,7.410000,37.700000,21.220159,22.013918,4.908572,459.818396,644.871561,829.924727,1014.977893,1200.031058,,,,,,,,,,848.600000,972.100000,819.875000,636.106250,848.600000,893.977481,803.222519,871.288741,825.911259
2025-11-10,795.000000,2025-08-14,2025-06-30,7.410000,37.700000,21.087533,22.064591,4.866837,464.875580,648.355332,831.835084,1015.314836,1198.794589,,,,,,,,,,844.550000,968.933333,821.916667,637.843750,844.550000,893.914274,795.185726,869.232137,819.867863
2025-11-11,746.000000,2025-08-14,2025-06-30,7.410000,37.700000,19.787798,22.106252,4.825249,469.581885,651.493785,833.405684,1015.317584,1197.229484,,,,,,,,,,839.300000,963.866667,823.616667,639.377083,839.300000,905.305103,773.294897,872.302552,806.297448
2025-11-12,747.000000,2025-08-14,2025-06-30,7.410000,37.700000,19.814324,22.145177,4.787298,473.910916,654.392048,834.873181,1015.354314,1195.835446,,,,,,,,,,834.600000,958.566667,825.216667,640.889583,834.600000,912.424093,756.775907,873.512047,795.687953
2025-11-13,821.000000,2025-08-14,2025-06-30,7.410000,37.700000,21.777188,22.200233,4.744209,479.235439,658.092106,836.948772,1015.805439,1194.662105,,,,,,,,,,831.000000,954.083333,827.425000,642.672917,831.000000,903.958532,758.041468,867.479266,794.520734
2025-11-14,781.000000,2025-11-14,2025-09-30,16.110000,44.550000,17.530864,22.223085,4.714720,569.956905,779.997680,990.038454,1200.079228,1410.120002,,,,,,,,,,825.850000,948.683333,829.416667,644.245833,825.850000,897.587166,754.112834,861.718583,789.981417
2025-11-17,792.000000,2025-11-14,2025-09-30,16.110000,44.550000,17.777778,22.248450,4.682166,573.987517,782.577992,991.168467,1199.758943,1408.349418,,,,,,,,,,822.350000,943.966667,831.516667,645.829167,822.350000,893.488930,751.211070,857.919465,786.780535
2025-11-18,762.000000,2025-11-14,2025-09-30,16.110000,44.550000,17.104377,22.269113,4.653623,577.451169,784.770084,992.089000,1199.407915,1406.726830,,,,,,,,,,817.900000,939.416667,833.400000,647.302083,817.900000,892.541318,743.258682,855.220659,780.579341
2025-11-19,777.000000,2025-11-14,2025-09-30,16.110000,44.550000,17.441077,22.290308,4.625475,580.903442,786.968339,993.033236,1199.098132,1405.163029,,,,,,,,,,814.350000,934.700000,835.325000,648.875000,814.350000,889.713749,738.986251,852.031875,776.668125
2025-11-20,790.000000,2025-11-14,2025-09-30,16.110000,44.550000,17.732884,22.310979,4.599227,584.163025,789.058573,993.954120,1198.849667,1403.745215,,,,,,,,,,811.750000,929.866667,837.250000,650.479167,811.750000,886.684006,736.815994,849.217003,774.282997
2025-11-21,751.000000,2025-11-14,2025-09-30,16.110000,44.550000,16.857464,22.325719,4.578674,586.650921,790.630851,994.610782,1198.590713,1402.570644,,,,,,,,,,807.800000,923.716667,838.900000,651.900000,807.800000,886.896477,728.703523,847.348238,768.251762
2025-11-24,770.000000,2025-11-14,2025-09-30,16.110000,44.550000,17.283951,22.343786,4.554199,589.636560,792.526104,995.415648,1198.305192,1401.194736,,,,,,,,,,804.950000,917.133333,840.700000,653.387500,804.950000,885.232331,724.667669,845.091165,764.808835
2025-11-25,780.000000,2025-11-14,2025-09-30,16.110000,44.550000,17.508418,22.363268,4.528181,592.822703,794.553145,996.283588,1198.014030,1399.744473,,,,,,,,,,801.350000,910.300000,842.566667,654.852083,801.350000,879.168344,723.531656,840.259172,762.440828
2025-11-26,799.000000,2025-11-14,2025-09-30,16.110000,44.550000,17.934905,22.386304,4.498214,596.519032,796.914446,997.309861,1197.705276,1398.100691,,,,,,,,,,798.400000,903.783333,844.591667,656.343750,798.400000,871.506699,725.293301,834.953350,761.846650
2025-11-27,791.000000,2025-11-14,2025-09-30,16.110000,44.550000,17.755331,22.407617,4.469837,599.996821,799.128080,998.259338,1197.390597,1396.521855,,,,,,,,,,794.500000,896.466667,846.541667,657.802083,794.500000,859.636294,729.363706,827.068147,761.931853
2025-11-28,801.000000,2025-11-14,2025-09-30,16.110000,44.550000,17.979798,22.431482,4.438111,603.886806,801.604672,999.322537,1197.040403,1394.758269,,,,,,,,,,791.450000,889.566667,848.600000,659.264583,791.450000,848.487292,734.412708,819.968646,762.931354
2025-12-01,782.000000,2025-11-14,2025-09-30,16.110000,44.550000,17.553311,22.448838,4.414672,606.748399,803.422059,1000.095718,1196.769378,1393.443038,,,,,,,,,,788.450000,884.350000,850.391667,660.614583,788.450000,840.374946,736.525054,814.412473,762.487527
2025-12-02,775.000000,2025-11-14,2025-09-30,16.110000,44.550000,17.396184,22.459427,4.400880,608.449011,804.508233,1000.567456,1196.626678,1392.685900,,,,,,,,,,785.100000,879.600000,851.925000,661.941667,785.100000,830.743470,739.456530,807.921735,762.278265
2025-12-03,801.000000,2025-11-14,2025-09-30,16.110000,44.550000,17.979798,22.474879,4.381667,610.849302,806.052581,1001.255859,1196.459138,1391.662417,,,,,,,,,,783.900000,875.700000,853.675000,663.368750,783.900000,826.271291,741.528709,805.085646,762.714354
2025-12-04,805.000000,2025-11-14,2025-09-30,16.110000,44.550000,18.069585,22.497219,4.351969,614.490664,808.370880,1002.251096,1196.131312,1390.011528,,,,,,,,,,783.300000,871.866667,855.683333,664.822917,783.300000,824.004843,742.595157,803.652421,762.947579
2025-12-05,793.000000,2025-11-14,2025-09-30,16.110000,44.550000,17.800224,22.517996,4.323209,617.978773,810.577747,1003.176721,1195.775695,1388.374670,,,,,,,,,,782.950000,867.500000,857.616667,666.260417,782.950000,823.167697,742.732303,803.058849,762.841151
2025-12-08,810.000000,2025-11-14,2025-09-30,16.110000,44.550000,18.181818,22.538770,4.296022,621.326597,812.714398,1004.102199,1195.490000,1386.877800,,,,,,,,,,783.700000,863.250000,859.575000,667.731250,783.700000,825.396144,742.003856,804.548072,762.851928
2025-12-09,830.000000,2025-11-14,2025-09-30,16.110000,44.550000,18.630752,22.561693,4.267437,624.894828,815.009132,1005.123436,1195.237739,1385.352043,,,,,,,,,,787.900000,859.500000,861.641667,669.260417,787.900000,830.518997,745.281003,809.209499,766.590501
2025-12-10,877.000000,2025-11-14,2025-09-30,16.110000,44.550000,19.685746,22.591135,4.234913,629.104304,817.769674,1006.435043,1195.100413,1383.765782,,,,,,,,,,794.400000,856.116667,864.016667,670.987500,794.400000,848.784208,740.015792,821.592104,767.207896
2025-12-11,897.000000,2025-11-14,2025-09-30,16.110000,44.550000,20.134680,22.619997,4.205931,632.972411,820.346633,1007.720855,1195.095077,1382.469299,,,,,,,,,,798.200000,853.316667,866.400000,672.750000,798.200000,868.655959,727.744041,833.427979,762.972021
2025-12-12,946.000000,2025-11-14,2025-09-30,16.110000,44.550000,21.234568,22.657797,4.172516,637.633725,823.519298,1009.404870,1195.290443,1381.176015,,,,,,,,,,806.450000,851.916667,869.183333,674.704167,806.450000,902.440076,710.459924,854.445038,758.454962
2025-12-15,925.000000,2025-11-14,2025-09-30,16.110000,44.550000,20.763187,22.684621,4.149650,640.866011,825.732940,1010.599868,1195.466797,1380.333725,,,,,,,,,,813.100000,850.000000,871.533333,676.620833,813.100000,922.382637,703.817363,867.741318,758.458682
2025-12-16,945.000000,2025-11-14,2025-09-30,16.110000,44.550000,21.212121,22.716778,4.122855,644.686072,828.359256,1012.032440,1195.705623,1379.378807,,,,,,,,,,822.250000,849.383333,874.108333,678.637500,822.250000,943.506362,700.993638,882.878181,761.621819
2025-12-17,957.000000,2025-11-14,2025-09-30,16.110000,44.550000,21.481481,22.754362,4.090469,649.246040,831.476433,1013.706826,1195.937219,1378.167612,,,,,,,,,,831.250000,848.916667,876.900000,680.720833,831.250000,964.492754,698.007246,897.871377,764.628623
2025-12-18,952.000000,2025-11-14,2025-09-30,16.110000,44.550000,21.369248,22.793740,4.053731,654.273664,834.867382,1015.461100,1196.054819,1376.648537,,,,,,,,,,839.350000,847.950000,879.750000,682.831250,839.350000,981.437112,697.262888,910.393556,768.306444
2025-12-19,983.000000,2025-11-14,2025-09-30,16.110000,44.550000,22.065095,22.835960,4.019103,659.239963,838.290993,1017.342024,1196.393054,1375.444084,,,,,,,,,,850.950000,847.916667,882.750000,685.045833,850.950000,1000.359328,701.540672,925.654664,776.245336
2025-12-22,932.000000,2025-11-14,2025-09-30,16.110000,44.550000,20.920314,22.867959,3.988061,663.431353,841.099456,1018.767558,1196.435660,1374.103762,,,,,,,,,,859.050000,847.000000,885.300000,687.060417,859.050000,1007.543452,710.556548,933.296726,784.803274
2025-12-23,954.000000,2025-11-14,2025-09-30,16.110000,44.550000,21.414141,22.901344,3.958629,667.541030,843.897950,1020.254870,1196.611790,1372.968710,,,,,,,,,,867.750000,846.833333,887.933333,689.175000,867.750000,1017.128890,718.371110,942.439445,793.060555
2025-12-24,925.000000,2025-11-14,2025-09-30,16.110000,44.550000,20.763187,22.927031,3.934395,670.844597,846.121908,1021.399220,1196.676532,1371.953844,,,,,,,,,,874.050000,846.416667,890.241667,691.108333,874.050000,1021.840000,726.260000,947.945000,800.155000
2025-12-26,941.000000,2025-11-14,2025-09-30,16.110000,44.550000,21.122334,22.954801,3.909513,674.298766,848.467575,1022.636385,1196.805194,1370.974003,,,,,,,,,,881.550000,847.083333,892.650000,693.020833,881.550000,1026.796759,736.303241,954.173380,808.926620
2025-12-29,922.000000,2025-11-14,2025-09-30,16.110000,44.550000,20.695847,22.975607,3.890590,676.911734,850.237503,1023.563272,1196.889041,1370.214810,,,,,,,,,,887.600000,847.516667,894.775000,694.962500,887.600000,1028.741810,746.458190,958.170905,817.029095
2025-12-30,908.000000,2025-11-14,2025-09-30,16.110000,44.550000,20.381594,22.989928,3.877723,678.696144,851.448716,1024.201289,1196.953862,1369.706435,,,,,,,,,,893.900000,847.433333,896.641667,696.775000,893.900000,1026.164329,761.635671,960.032164,827.767836
2025-12-31,949.000000,2025-11-14,2025-09-30,16.110000,44.550000,21.301908,23.006007,3.866582,680.405177,852.661390,1024.917603,1197.173817,1369.430030,,,,,,,,,,902.600000,848.416667,898.633333,698.697917,902.600000,1024.411589,780.788411,963.505794,841.694206
2026-01-02,960.000000,2025-11-14,2025-09-30,16.110000,44.550000,21.548822,23.023006,3.855546,682.145810,853.910373,1025.674936,1197.439499,1369.204062,,,,,,,,,,910.550000,849.650000,900.675000,700.568750,910.550000,1024.972072,796.127928,967.761036,853.338964
2026-01-05,992.000000,2025-11-14,2025-09-30,16.110000,44.550000,22.267116,23.041672,3.846332,683.798309,855.152391,1026.506473,1197.860556,1369.214638,,,,,,,,,,919.900000,851.600000,902.825000,702.597917,919.900000,1028.415146,811.384854,974.157573,865.642427
2026-01-06,1020.000000,2025-11-14,2025-09-30,16.110000,44.550000,22.895623,23.068076,3.834244,686.051655,856.867212,1027.682769,1198.498327,1369.313884,,,,,,,,,,931.250000,854.266667,905.300000,704.781250,931.250000,1031.011558,831.488442,981.130779,881.369221
2026-01-07,1000.000000,2025-11-14,2025-09-30,16.110000,44.550000,22.446689,23.086646,3.825712,687.639092,858.074579,1028.510066,1198.945553,1369.381040,,,,,,,,,,940.750000,856.333333,907.458333,706.893750,940.750000,1027.192862,854.307138,983.971431,897.528569
2026-01-08,1010.000000,2025-11-14,2025-09-30,16.110000,44.550000,22.671156,23.110724,3.813811,689.772198,859.677484,1029.582769,1199.488055,1369.393341,,,,,,,,,,949.750000,858.983333,909.833333,709.064583,949.750000,1024.306584,875.193416,987.028292,912.471708
2026-01-09,994.000000,2025-11-14,2025-09-30,16.110000,44.550000,22.312009,23.129309,3.804349,691.443174,860.926944,1030.410714,1199.894484,1369.378254,,,,,,,,,,955.600000,861.533333,911.983333,711.172917,955.600000,1024.248303,886.951697,989.924151,921.275849
2026-01-12,982.000000,2025-11-14,2025-09-30,16.110000,44.550000,22.042649,23.140419,3.799166,692.399963,861.652820,1030.905678,1200.158535,1369.411392,,,,,,,,,,959.850000,863.016667,913.841667,713.260417,959.850000,1023.570690,896.129310,991.710345,927.989655
2026-01-13,1080.000000,2025-11-14,2025-09-30,16.110000,44.550000,24.242424,23.168497,3.794717,694.047259,863.101895,1032.156530,1201.211166,1370.265802,,,,,,,,,,966.550000,866.283333,916.466667,715.735417,966.550000,1049.436035,883.663965,1007.993017,925.106983
2026-01-14,1150.000000,2025-11-14,2025-09-30,16.110000,44.550000,25.813692,23.213988,3.793423,696.189225,865.186202,1034.183179,1203.180156,1372.177133,,,,,,,,,,977.800000,871.083333,919.833333,718.402083,977.800000,1092.075015,863.524985,1034.937507,920.662493
2026-01-15,1150.000000,2025-11-14,2025-09-30,16.110000,44.550000,25.813692,23.261071,3.790307,698.564384,867.422559,1036.280734,1205.138910,1373.997085,,,,,,,,,,988.050000,876.066667,923.258333,721.047917,988.050000,1124.551359,851.548641,1056.300680,919.799320
2026-01-16,1100.000000,2025-11-14,2025-09-30,16.110000,44.550000,24.691358,23.294482,3.785050,700.521225,869.145193,1037.769161,1206.393129,1375.017097,,,,,,,,,,995.200000,880.266667,926.108333,723.485417,995.200000,1139.605278,850.794722,1067.402639,922.997361
2026-01-19,1095.000000,2025-11-14,2025-09-30,16.110000,44.550000,24.579125,23.320135,3.783222,701.826976,870.369504,1038.912033,1207.454561,1375.997089,,,,,,,,,,1002.350000,884.483333,928.666667,725.914583,1002.350000,1151.821032,852.878968,1077.085516,927.614484
2026-01-20,1080.000000,2025-11-14,2025-09-30,16.110000,44.550000,24.242424,23.343438,3.780192,703.135017,871.542591,1039.950164,1208.357737,1376.765310,,,,,,,,,,1007.200000,888.650000,931.116667,728.352083,1007.200000,1160.278721,854.121279,1083.739360,930.660640
2026-01-21,1010.000000,2025-11-14,2025-09-30,16.110000,44.550000,22.671156,23.354329,3.776323,703.964964,872.200157,1040.435350,1208.670543,1376.905736,,,,,,,,,,1011.100000,891.700000,933.008333,730.518750,1011.100000,1160.030079,862.169921,1085.565039,936.634961
2026-01-22,990.000000,2025-11-14,2025-09-30,16.110000,44.550000,22.222222,23.362388,3.772836,704.634722,872.714555,1040.794388,1208.874222,1376.954055,,,,,,,,,,1012.900000,894.000000,934.766667,732.589583,1012.900000,1159.780402,866.019598,1086.340201,939.459799
2026-01-23,985.000000,2025-11-14,2025-09-30,16.110000,44.550000,22.109989,23.367011,3.770942,705.009377,873.004856,1041.000334,1208.995813,1376.991291,,,,,,,,,,1015.900000,896.116667,936.391667,734.656250,1015.900000,1157.579995,874.220005,1086.739998,945.060002
2026-01-26,951.000000,2025-11-14,2025-09-30,16.110000,44.550000,21.346801,23.358452,3.774379,704.321870,872.470465,1040.619059,1208.767653,1376.916247,,,,,,,,,,1016.400000,897.483333,937.483333,736.581250,1016.400000,1157.033754,875.766246,1086.716877,946.083123
2026-01-27,940.000000,2025-11-14,2025-09-30,16.110000,44.550000,21.099888,23.347154,3.779130,703.395201,871.755464,1040.115728,1208.475991,1376.836254,,,,,,,,,,1017.300000,898.783333,938.458333,738.516667,1017.300000,1155.601121,878.998879,1086.450560,948.149440
2026-01-28,953.000000,2025-11-14,2025-09-30,16.110000,44.550000,21.391695,23.340107,3.782005,702.825136,871.313451,1039.801767,1208.290082,1376.778398,,,,,,,,,,1019.550000,900.633333,939.608333,740.535417,1019.550000,1151.691033,887.408967,1085.620517,953.479483
2026-01-29,950.000000,2025-11-14,2025-09-30,16.110000,44.550000,21.324355,23.329543,3.785880,702.009169,870.670145,1039.331121,1207.992097,1376.653073,,,,,,,,,,1019.600000,902.433333,940.625000,742.547917,1019.600000,1151.629343,887.570657,1085.614671,953.585329
2026-01-30,908.000000,2025-11-14,2025-09-30,16.110000,44.550000,20.381594,23.292477,3.792839,699.737882,868.708865,1037.679848,1206.650830,1375.621813,,,,,,,,,,1017.000000,903.816667,940.608333,744.381250,1017.000000,1155.843342,878.156658,1086.421671,947.578329
2026-02-02,914.000000,2025-11-14,2025-09-30,16.110000,44.550000,20.516274,23.244028,3.790843,697.757376,866.639411,1035.521446,1204.403481,1373.285516,,,,,,,,,,1013.100000,905.433333,940.183333,746.322917,1013.100000,1159.097693,867.102307,1086.098846,940.101154
2026-02-03,936.000000,2025-11-14,2025-09-30,16.110000,44.550000,21.010101,23.198557,3.784583,696.289352,864.892541,1033.495730,1202.098919,1370.702108,,,,,,,,,,1008.900000,907.700000,939.900000,748.293750,1008.900000,1158.841603,858.958397,1083.870801,933.929199
2026-02-04,933.000000,2025-11-14,2025-09-30,16.110000,44.550000,20.942761,23.149115,3.774882,694.951094,863.122082,1031.293070,1199.464057,1367.635045,,,,,,,,,,1005.550000,910.000000,939.466667,750.293750,1005.550000,1159.274942,851.825058,1082.412471,928.687529
2026-02-05,931.000000,2025-11-14,2025-09-30,16.110000,44.550000,20.897868,23.084519,3.746183,694.630403,861.522861,1028.415318,1195.307776,1362.200234,,,,,,,,,,1001.600000,913.083333,938.475000,752.285417,1001.600000,1158.862637,844.337363,1080.231318,922.968682
2026-02-06,907.000000,2025-11-14,2025-09-30,16.110000,44.550000,20.359147,23.018767,3.723947,693.682387,859.584236,1025.486085,1191.387935,1357.289784,,,,,,,,,,997.250000,915.750000,937.158333,754.206250,997.250000,1160.111097,834.388903,1078.680548,915.819452
2026-02-09,898.000000,2025-11-14,2025-09-30,16.110000,44.550000,20.157127,22.945806,3.693147,693.176284,857.705975,1022.235665,1186.765356,1351.295046,,,,,,,,,,993.050000,917.033333,935.558333,756.106250,993.050000,1161.793312,824.306688,1077.421656,908.678344
2026-02-10,908.000000,2025-11-14,2025-09-30,16.110000,44.550000,20.381594,22.871400,3.653574,693.387383,856.154125,1018.920866,1181.687608,1344.454350,,,,,,,,,,984.450000,919.150000,933.916667,758.014583,984.450000,1152.062931,816.837069,1068.256466,900.643534
2026-02-11,923.000000,2025-11-14,2025-09-30,16.110000,44.550000,20.718294,22.806431,3.621560,693.345497,854.685994,1016.026492,1177.366990,1338.707487,,,,,,,,,,973.100000,921.333333,932.650000,760.010417,973.100000,1123.355782,822.844218,1048.227891,897.972109
2026-02-23,963.000000,2025-11-14,2025-09-30,16.110000,44.550000,21.616162,22.757786,3.597741,693.300669,853.580010,1013.859350,1174.138690,1334.418031,,,,,,,,,,963.750000,924.683333,932.050000,762.210417,963.750000,1088.818192,838.681808,1026.284096,901.215904
2026-02-24,980.000000,2025-11-14,2025-09-30,16.110000,44.550000,21.997755,22.706794,3.564357,694.003481,852.795584,1011.587688,1170.379791,1329.171895,,,,,,,,,,957.750000,928.066667,931.383333,764.483333,957.750000,1065.628831,849.871169,1011.689415,903.810585
2026-02-25,1035.000000,2025-11-14,2025-09-30,16.110000,44.550000,23.232323,22.661670,3.522551,695.718117,852.647763,1009.577409,1166.507056,1323.436702,,,,,,,,,,954.750000,932.150000,931.008333,767.029167,954.750000,1049.039308,860.460692,1001.894654,907.605346
2026-02-26,1130.000000,2025-11-14,2025-09-30,16.110000,44.550000,25.364759,22.625475,3.471482,698.655877,853.310388,1007.964898,1162.619409,1317.273920,,,,,,,,,,957.250000,938.466667,931.091667,769.831250,957.250000,1066.919120,847.580880,1012.084560,902.415440
2026-03-02,1075.000000,2025-11-14,2025-09-30,16.110000,44.550000,24.130191,22.569044,3.389894,703.411338,854.431128,1005.450917,1156.470707,1307.490497,,,,,,,,,,960.500000,943.550000,930.341667,772.425000,960.500000,1080.149488,840.850512,1020.324744,900.675256
2026-03-03,1015.000000,2025-11-14,2025-09-30,16.110000,44.550000,22.783389,22.495864,3.287295,709.292740,855.741745,1002.190749,1148.639754,1295.088759,,,,,,,,,,961.750000,947.466667,928.883333,774.787500,961.750000,1083.205862,840.294138,1022.477931,901.022069
2026-03-04,1000.000000,2025-11-14,2025-09-30,16.110000,44.550000,22.446689,22.419878,3.179519,715.510450,857.158015,998.805581,1140.453147,1282.100713,,,,,,,,,,962.500000,950.816667,927.300000,777.122917,962.500000,1084.743071,840.256929,1023.621536,901.378464
2026-03-05,1100.000000,2025-11-14,2025-09-30,16.110000,44.550000,24.691358,22.353756,3.045153,724.536741,860.198294,995.859847,1131.521401,1267.182954,,,,,,,,,,969.950000,955.966667,926.216667,779.916667,969.950000,1106.559278,833.340722,1038.254639,901.645361
2026-03-06,1100.000000,2025-11-14,2025-09-30,16.110000,44.550000,24.691358,22.290950,2.914712,733.361025,863.211425,993.061826,1122.912226,1252.762627,,,,,,,,,,977.950000,960.950000,925.258333,782.747917,977.950000,1125.477660,830.422340,1051.713830,904.186170
2026-03-09,1070.000000,2025-11-14,2025-09-30,16.110000,44.550000,24.017957,22.249057,2.852278,737.057544,864.126523,991.195502,1118.264481,1245.333459,,,,,,,,,,983.800000,965.750000,925.050000,785.466667,983.800000,1136.355219,831.244781,1060.077609,907.522391
2026-03-10,1040.000000,2025-11-14,2025-09-30,16.110000,44.550000,23.344557,22.209289,2.802616,739.710746,864.567293,989.423840,1114.280386,1239.136933,,,,,,,,,,988.300000,970.166667,924.883333,788.033333,988.300000,1141.962789,834.637211,1065.131394,911.468606
2026-03-11,1085.000000,2025-11-14,2025-09-30,16.110000,44.550000,24.354658,22.183465,2.767950,741.649014,864.961189,988.273364,1111.585539,1234.897715,,,,,,,,,,997.150000,974.900000,925.300000,790.831250,997.150000,1151.725514,842.574486,1074.437757,919.862243
2026-03-12,1065.000000,2025-11-14,2025-09-30,16.110000,44.550000,23.905724,22.153899,2.729871,743.724712,865.340467,986.956222,1108.571978,1230.187733,,,,,,,,,,1004.700000,979.233333,925.550000,793.564583,1004.700000,1156.907753,852.492247,1080.803876,928.596124
2026-03-13,1010.000000,2025-11-14,2025-09-30,16.110000,44.550000,22.671156,22.109625,2.677093,746.454786,865.719292,984.983798,1104.248303,1223.512809,,,,,,,,,,1008.400000,982.850000,925.175000,795.985417,1008.400000,1157.134168,859.665832,1082.767084,934.032916
2026-03-16,964.000000,2025-11-14,2025-09-30,16.110000,44.550000,21.638608,22.054536,2.617032,749.351974,865.940769,982.529565,1099.118360,1215.707155,,,,,,,,,,1009.950000,985.416667,924.333333,798.222917,1009.950000,1155.997541,863.902459,1082.973770,936.926230
2026-03-17,929.000000,2025-11-14,2025-09-30,16.110000,44.550000,20.852974,21.995110,2.561635,751.640501,865.761320,979.882140,1094.002959,1208.123779,,,,,,,,,,1009.850000,987.066667,923.283333,800.279167,1009.850000,1156.127710,863.572290,1082.988855,936.711145
2026-03-18,938.000000,2025-11-14,2025-09-30,16.110000,44.550000,21.054994,21.931841,2.488676,755.322480,866.193004,977.063528,1087.934052,1198.804576,,,,,,,,,,1011.400000,988.083333,922.100000,802.364583,1011.400000,1153.691620,869.108380,1082.545810,940.254190
2026-03-19,915.000000,2025-11-14,2025-09-30,16.110000,44.550000,20.538721,21.867586,2.422864,758.323772,866.262367,974.200962,1082.139557,1190.078151,,,,,,,,,,1012.250000,988.383333,920.850000,804.370833,1012.250000,1151.867334,872.632666,1082.058667,942.441333
2026-03-20,930.000000,2025-11-14,2025-09-30,16.110000,44.550000,20.875421,21.813873,2.371861,760.475258,866.141657,971.808057,1077.474457,1183.140856,,,,,,,,,,1013.350000,988.116667,920.016667,806.352083,1013.350000,1149.820201,876.879799,1081.585101,945.114899
2026-03-23,915.000000,2025-11-14,2025-09-30,16.110000,44.550000,20.538721,21.755144,2.314284,762.988961,866.090320,969.191678,1072.293036,1175.394394,,,,,,,,,,1012.950000,987.950000,918.975000,808.262500,1012.950000,1150.577223,875.322777,1081.763612,944.136388
2026-03-24,935.000000,2025-11-14,2025-09-30,16.110000,44.550000,20.987654,21.712977,2.281277,764.051352,865.682235,967.313119,1068.944002,1170.574886,,,,,,,,,,1011.550000,987.783333,918.583333,810.254167,1011.550000,1151.860145,871.239855,1081.705073,941.394927
2026-03-25,943.000000,2025-11-14,2025-09-30,16.110000,44.550000,21.167228,21.671643,2.245273,765.417827,865.444756,965.471684,1065.498613,1165.525542,,,,,,,,,,1009.700000,987.550000,918.233333,812.295833,1009.700000,1152.711372,866.688628,1081.205686,938.194314
2026-03-26,905.000000,2025-11-14,2025-09-30,16.110000,44.550000,20.314254,21.617674,2.198548,767.176793,865.122094,963.067396,1061.012698,1158.958000,,,,,,,,,,1003.200000,986.766667,917.358333,814.164583,1003.200000,1153.024599,853.375401,1078.112300,928.287700
2026-03-27,880.000000,2025-11-14,2025-09-30,16.110000,44.550000,19.753086,21.564556,2.165429,767.761206,864.231084,960.700962,1057.170839,1153.640717,,,,,,,,,,990.700000,985.050000,916.483333,815.925000,990.700000,1137.669528,843.730472,1064.184764,917.215236
2026-03-30,836.000000,2025-11-14,2025-09-30,16.110000,44.550000,18.765432,21.502765,2.138232,767.431711,862.689938,957.948165,1053.206392,1148.464619,,,,,,,,,,978.750000,983.450000,915.225000,817.502083,978.750000,1135.405673,822.094327,1057.077837,900.422163
2026-03-31,821.000000,2026-03-31,2025-12-31,14.010000,48.080000,17.075707,21.431976,2.143046,824.374115,927.411771,1030.449428,1133.487084,1236.524740,,,,,,,,,,969.050000,981.233333,914.033333,819.206250,969.050000,1139.658169,798.441831,1054.354085,883.745915
2026-04-01,834.000000,2026-03-31,2025-12-31,14.010000,48.080000,17.346090,21.366536,2.146945,820.852795,924.077924,1027.303053,1130.528182,1233.753311,,,,,,,,,,960.750000,979.716667,913.066667,820.914583,960.750000,1140.903005,780.596995,1050.826503,870.673497
2026-04-02,829.000000,2026-03-31,2025-12-31,14.010000,48.080000,17.242097,21.311060,2.166868,816.269730,920.452751,1024.635772,1128.818792,1233.001813,,,,,,,,,,947.200000,977.850000,912.466667,822.627083,947.200000,1123.988425,770.411575,1035.594213,858.805787
2026-04-07,855.000000,2026-03-31,2025-12-31,14.010000,48.080000,17.782862,21.261196,2.178703,812.734184,917.486240,1022.238296,1126.990352,1231.742408,,,,,,,,,,934.950000,976.733333,912.125000,824.275000,934.950000,1100.771051,769.128949,1017.860526,852.039474
2026-04-08,904.000000,2026-03-31,2025-12-31,14.010000,48.080000,18.801997,21.216067,2.173033,811.109646,915.589064,1020.068482,1124.547899,1229.027317,,,,,,,,,,926.650000,976.666667,912.050000,826.185417,926.650000,1080.170477,773.129523,1003.410238,849.889762
2026-04-09,907.000000,2026-03-31,2025-12-31,14.010000,48.080000,18.864393,21.176541,2.172306,809.279137,913.723621,1018.168106,1122.612590,1227.057075,,,,,,,,,,920.000000,975.966667,912.191667,828.160417,920.000000,1064.078926,775.921074,992.039463,847.960537
2026-04-10,926.000000,2026-03-31,2025-12-31,14.010000,48.080000,19.259567,21.141193,2.168667,807.929523,912.199049,1016.468574,1120.738100,1225.007626,,,,,,,,,,912.050000,975.400000,912.525000,830.143750,912.050000,1033.576215,790.523785,972.813108,851.286892
2026-04-13,932.000000,2026-03-31,2025-12-31,14.010000,48.080000,19.384359,21.109317,2.166121,806.641765,910.788857,1014.935948,1119.083040,1223.230132,,,,,,,,,,905.400000,974.400000,913.000000,832.166667,905.400000,1004.097624,806.702376,954.748812,856.051188
2026-04-14,915.000000,2026-03-31,2025-12-31,14.010000,48.080000,19.030782,21.077809,2.168647,804.883958,909.152515,1013.421072,1117.689630,1221.958187,,,,,,,,,,900.650000,972.650000,913.458333,834.068750,900.650000,986.453386,814.846614,943.551693,857.748307
2026-04-15,910.000000,2026-03-31,2025-12-31,14.010000,48.080000,18.926789,21.041899,2.168287,803.192020,907.443253,1011.694485,1115.945718,1220.196950,,,,,,,,,,897.950000,971.150000,913.741667,835.952083,897.950000,978.603841,817.296159,938.276921,857.623079
2026-04-16,935.000000,2026-03-31,2025-12-31,14.010000,48.080000,19.446755,21.015847,2.168517,801.917299,906.179612,1010.441925,1114.704239,1218.966552,,,,,,,,,,898.250000,969.900000,914.441667,837.954167,898.250000,979.433029,817.066971,938.841515,857.658485
2026-04-17,1025.000000,2026-03-31,2025-12-31,14.010000,48.080000,21.318636,21.007605,2.165443,801.816603,905.931123,1010.045643,1114.160164,1218.274684,,,,,,,,,,902.600000,970.416667,915.975000,840.383333,902.600000,1000.378267,804.821733,951.489133,853.710867
2026-04-20,1025.000000,2026-03-31,2025-12-31,14.010000,48.080000,21.318636,20.987869,2.151566,802.202132,905.649425,1009.096718,1112.544011,1215.991304,,,,,,,,,,908.100000,971.133333,917.075000,842.700000,908.100000,1020.148674,796.051326,964.124337,852.075663
2026-04-21,1000.000000,2026-03-31,2025-12-31,14.010000,48.080000,20.798669,20.965788,2.139667,802.284732,905.159920,1008.035108,1110.910297,1213.785485,,,,,,,,,,911.600000,969.800000,918.041667,844.947917,911.600000,1030.681396,792.518604,971.140698,852.059302
2026-04-22,1000.000000,2026-03-31,2025-12-31,14.010000,48.080000,20.798669,20.948571,2.132559,802.140423,904.673867,1007.207310,1109.740754,1212.274197,,,,,,,,,,915.850000,967.300000,919.191667,847.222917,915.850000,1041.337303,790.362697,978.593651,853.106349
2026-04-23,975.000000,2026-03-31,2025-12-31,14.010000,48.080000,20.278702,20.929453,2.128154,801.644835,903.966459,1006.288084,1108.609708,1210.931333,,,,,,,,,,917.850000,964.383333,920.225000,849.391667,917.850000,1045.871832,789.828168,981.860916,853.839084
2026-04-24,989.000000,2026-03-31,2025-12-31,14.010000,48.080000,20.569884,20.913424,2.123514,801.320298,903.418853,1005.517407,1107.615962,1209.714517,,,,,,,,,,920.150000,962.533333,921.400000,851.587500,920.150000,1051.679104,788.620896,985.914552,854.385448
2026-04-27,969.000000,2026-03-31,2025-12-31,14.010000,48.080000,20.153910,20.895254,2.120581,800.728779,902.686305,1004.643831,1106.601357,1208.558883,,,,,,,,,,923.350000,960.433333,922.458333,853.783333,923.350000,1056.432127,790.267873,989.891064,856.808936
2026-04-28,969.000000,2026-03-31,2025-12-31,14.010000,48.080000,20.153910,20.879738,2.119124,800.122857,902.010323,1003.897788,1105.785253,1207.672718,,,,,,,,,,927.800000,958.583333,923.616667,855.993750,927.800000,1060.730690,794.869310,994.265345,861.334655
2026-04-29,959.000000,2026-03-31,2025-12-31,14.010000,48.080000,19.945923,20.863151,2.118574,799.378263,901.239278,1003.100294,1104.961310,1206.822326,,,,,,,,,,933.950000,957.733333,924.716667,858.200000,933.950000,1060.212008,807.687992,997.081004,870.818996
2026-04-30,950.000000,2026-03-31,2025-12-31,14.010000,48.080000,19.758735,20.839478,2.114877,798.595548,900.278828,1001.962107,1103.645386,1205.328665,,,,,,,,,,940.400000,957.066667,925.533333,860.350000,940.400000,1055.009451,825.790549,997.704726,883.095274
2026-05-04,978.000000,2026-03-31,2025-12-31,14.010000,48.080000,20.341098,20.819332,2.107945,798.293507,899.643496,1000.993486,1102.343476,1203.693465,,,,,,,,,,947.600000,956.950000,926.533333,862.616667,947.600000,1051.673658,843.526342,999.636829,895.563171
2026-05-05,977.000000,2026-03-31,2025-12-31,14.010000,48.080000,20.320300,20.796581,2.098374,798.119985,899.009806,999.899627,1100.789447,1201.679268,,,,,,,,,,955.000000,957.383333,927.433333,864.845833,955.000000,1043.439096,866.560904,999.219548,910.780452
2026-05-06,984.000000,2026-03-31,2025-12-31,14.010000,48.080000,20.465890,20.776591,2.089915,797.972229,898.455362,998.938495,1099.421628,1199.904761,,,,,,,,,,961.450000,958.116667,928.450000,867.058333,961.450000,1037.068085,885.831915,999.259042,923.640958
2026-05-07,997.000000,2026-03-31,2025-12-31,14.010000,48.080000,20.736273,20.763275,2.084992,797.805388,898.051820,998.298252,1098.544683,1198.791115,,,,,,,,,,966.100000,958.850000,929.741667,869.320833,966.100000,1038.199055,894.000945,1002.149527,930.050473
2026-05-08,1015.000000,2026-03-31,2025-12-31,14.010000,48.080000,21.110649,20.753078,2.080232,797.772929,897.790469,997.808009,1097.825548,1197.843088,,,,,,,,,,971.500000,959.933333,931.183333,871.654167,971.500000,1041.095826,901.904174,1006.297913,936.702087
2026-05-11,1025.000000,2026-03-31,2025-12-31,14.010000,48.080000,21.318636,20.748373,2.078291,797.733269,897.657520,997.581771,1097.506022,1197.430273,,,,,,,,,,976.450000,961.883333,932.850000,873.995833,976.450000,1046.501034,906.398966,1011.475517,941.424483
2026-05-12,993.000000,2026-03-31,2025-12-31,14.010000,48.080000,20.653078,20.739890,2.076570,797.490887,897.332388,997.173888,1097.015389,1196.856890,,,,,,,,,,979.500000,963.200000,934.316667,876.012500,979.500000,1046.654182,912.345818,1013.077091,945.922909
2026-05-13,1025.000000,2026-03-31,2025-12-31,14.010000,48.080000,21.318636,20.740710,2.076781,797.510069,897.361707,997.213345,1097.064983,1196.916621,,,,,,,,,,985.000000,964.683333,936.191667,878.033333,985.000000,1047.787863,922.212137,1016.393932,953.606068
2026-05-14,1050.000000,2026-03-31,2025-12-31,14.010000,48.080000,21.838602,20.746969,2.078966,797.600922,897.557597,997.514273,1097.470949,1197.427624,,,,,,,,,,992.000000,966.633333,938.316667,880.116667,992.000000,1050.662281,933.337719,1021.331140,962.668860
2026-05-15,1000.000000,2026-05-15,2026-03-31,16.310000,53.840000,18.573551,20.736850,2.086614,891.785382,1004.128702,1116.472023,1228.815343,1341.158663,,,,,,,,,,995.250000,967.783333,940.433333,882.025000,995.250000,1047.463630,943.036370,1021.356815,969.143185
2026-05-18,1005.000000,2026-05-15,2026-03-31,16.310000,53.840000,18.666419,20.727284,2.093499,890.529018,1003.243007,1115.956996,1228.670985,1341.384974,,,,,,,,,,994.250000,969.416667,942.583333,883.900000,994.250000,1044.804296,943.695704,1019.527148,968.972852
2026-05-19,1030.000000,2026-05-15,2026-03-31,16.310000,53.840000,19.130758,20.705231,2.096283,889.041833,1001.905732,1114.769631,1227.633530,1340.497428,,,,,,,,,,994.500000,971.616667,944.325000,885.875000,994.500000,1045.739376,943.260624,1020.119688,968.880312
2026-05-20,1025.000000,2026-05-15,2026-03-31,16.310000,53.840000,19.037890,20.717789,2.081569,891.302438,1003.374111,1115.445783,1227.517456,1339.589128,,,,,,,,,,995.750000,973.566667,946.358333,887.887500,995.750000,1048.744041,942.755959,1022.247021,969.252979
2026-05-21,1100.000000,2026-05-15,2026-03-31,16.310000,53.840000,20.430906,20.739899,2.064096,894.374301,1005.505227,1116.636154,1227.767080,1338.898006,,,,,,,,,,1000.750000,976.516667,948.925000,890.220833,1000.750000,1071.370930,930.129070,1036.060465,965.439535
2026-05-22,1155.000000,2026-05-15,2026-03-31,16.310000,53.840000,21.452452,20.776133,2.037736,899.163592,1008.875291,1118.586990,1228.298689,1338.010388,,,,,,,,,,1009.750000,979.716667,952.200000,892.800000,1009.750000,1107.298638,912.201362,1058.524319,960.975681
2026-05-25,1245.000000,2026-05-15,2026-03-31,16.310000,53.840000,23.124071,20.823491,2.025578,903.022559,1012.079659,1121.136760,1230.193860,1339.250961,,,,,,,,,,1022.550000,984.133333,956.100000,895.712500,1022.550000,1165.330619,879.769381,1093.940310,951.159690
2026-05-26,1265.000000,2026-05-15,2026-03-31,16.310000,53.840000,23.495542,20.871513,2.019993,906.209459,1014.965866,1123.722272,1232.478678,1341.235085,,,,,,,,,,1037.350000,987.966667,960.058333,898.654167,1037.350000,1214.085634,860.614366,1125.717817,948.982183
2026-05-27,1235.000000,2026-05-15,2026-03-31,16.310000,53.840000,22.938336,20.922187,1.994562,911.676104,1019.063330,1126.450557,1233.837783,1341.225009,,,,,,,,,,1050.650000,989.716667,964.091667,901.495833,1050.650000,1244.895937,856.404063,1147.772969,953.527031
2026-05-28,1160.000000,2026-05-15,2026-03-31,16.310000,53.840000,21.545319,20.957699,1.966987,916.557377,1022.459934,1128.362491,1234.265048,1340.167605,,,,,,,,,,1060.700000,991.133333,967.341667,904.020833,1060.700000,1255.777421,865.622579,1158.238710,963.161290
2026-05-29,1155.000000,2026-05-15,2026-03-31,16.310000,53.840000,21.452452,20.990566,1.941655,921.054627,1025.593337,1130.132048,1234.670758,1339.209469,,,,,,,,,,1070.950000,993.466667,970.466667,906.516667,1070.950000,1263.056851,878.843149,1167.003425,974.896575
2026-06-01,1175.000000,2026-05-15,2026-03-31,16.310000,53.840000,21.823923,21.022974,1.922586,924.852811,1028.364866,1131.876920,1235.388975,1338.901030,,,,,,,,,,1080.800000,996.383333,973.600000,909.095833,1080.800000,1273.041734,888.558266,1176.920867,984.679133
2026-06-02,1150.000000,2026-05-15,2026-03-31,16.310000,53.840000,21.359584,21.053009,1.899119,928.996857,1031.245443,1133.494029,1235.742614,1337.991200,,,,,,,,,,1089.450000,997.216667,976.591667,911.566667,1089.450000,1277.550169,901.349831,1183.500085,995.399915
2026-06-03,1155.000000,2026-05-15,2026-03-31,16.310000,53.840000,21.452452,21.081948,1.878240,932.803253,1033.927673,1135.052093,1236.176512,1337.300932,,,,,,,,,,1098.000000,998.133333,979.541667,914.070833,1098.000000,1281.405217,914.594783,1189.702609,1006.297391
2026-06-04,1230.000000,2026-05-15,2026-03-31,16.310000,53.840000,22.845468,21.126050,1.856697,937.497351,1037.461929,1137.426507,1237.391085,1337.355663,,,,,,,,,,1109.650000,1000.800000,983.275000,916.833333,1109.650000,1295.624843,923.675157,1202.637421,1016.662579
2026-06-05,1205.000000,2026-05-15,2026-03-31,16.310000,53.840000,22.381129,21.167591,1.828091,942.814301,1041.238693,1139.663086,1238.087478,1336.511871,,,,,,,,,,1119.150000,1003.550000,986.858333,919.391667,1119.150000,1304.176058,934.123942,1211.663029,1026.636971
2026-06-08,1110.000000,2026-05-15,2026-03-31,16.310000,53.840000,20.616642,21.189564,1.805155,946.467088,1043.656619,1140.846150,1238.035681,1335.225212,,,,,,,,,,1123.400000,1003.966667,989.433333,921.554167,1123.400000,1303.150002,943.649998,1213.275001,1033.524999
2026-06-09,1190.000000,2026-05-15,2026-03-31,16.310000,53.840000,22.102526,21.223172,1.783998,950.554711,1046.605153,1142.655596,1238.706039,1334.756481,,,,,,,,,,1133.250000,1006.050000,992.641667,924.162500,1133.250000,1304.292469,962.207531,1218.771235,1047.728765
2026-06-10,1150.000000,2026-05-15,2026-03-31,16.310000,53.840000,21.359584,21.252834,1.755978,955.168849,1049.710705,1144.252562,1238.794419,1333.336276,,,,,,,,,,1139.500000,1008.383333,995.616667,926.616667,1139.500000,1302.849802,976.150198,1221.174901,1057.825099
2026-06-11,1195.000000,2026-05-15,2026-03-31,16.310000,53.840000,22.195394,21.286280,1.735092,959.218645,1052.635982,1146.053320,1239.470657,1332.887994,,,,,,,,,,1146.750000,1012.233333,998.825000,929.200000,1146.750000,1306.198886,987.301114,1226.474443,1067.025557
2026-06-12,1310.000000,2026-05-15,2026-03-31,16.310000,53.840000,24.331352,21.333785,1.739807,961.268573,1054.939781,1148.610989,1242.282197,1335.953404,,,,,,,,,,1162.250000,1018.583333,1002.825000,932.233333,1162.250000,1321.903407,1002.596593,1242.076704,1082.423296
2026-06-15,1380.000000,2026-05-15,2026-03-31,16.310000,53.840000,25.631501,21.383333,1.776750,959.958167,1055.618409,1151.278651,1246.938893,1342.599134,,,,,,,,,,1181.000000,1025.950000,1007.016667,935.516667,1181.000000,1350.662203,1011.337797,1265.831102,1096.168898
2026-06-16,1245.000000,2026-05-15,2026-03-31,16.310000,53.840000,23.124071,21.408245,1.780050,960.944112,1056.782001,1152.619891,1248.457781,1344.295670,,,,,,,,,,1191.750000,1031.450000,1009.916667,938.158333,1191.750000,1347.829433,1035.670567,1269.789717,1113.710283
2026-06-17,1280.000000,2026-05-15,2026-03-31,16.310000,53.840000,23.774146,21.429408,1.793017,960.687230,1057.223272,1153.759315,1250.295357,1346.831400,,,,,,,,,,1204.500000,1037.283333,1012.700000,940.941667,1204.500000,1344.006650,1064.993350,1274.253325,1134.746675
2026-06-18,1265.000000,2026-05-15,2026-03-31,16.310000,53.840000,23.495542,21.452177,1.801813,960.965980,1057.975606,1154.985231,1251.994857,1349.004483,,,,,,,,,,1212.750000,1043.116667,1015.533333,943.533333,1212.750000,1345.592408,1079.907592,1279.171204,1146.328796
2026-06-22,1280.000000,2026-05-15,2026-03-31,16.310000,53.840000,23.774146,21.473528,1.814082,960.794358,1058.464542,1156.134726,1253.804910,1351.475094,,,,,,,,,,1219.000000,1048.866667,1018.325000,946.216667,1219.000000,1352.163927,1085.836073,1285.581964,1152.418036
2026-06-23,1260.000000,2026-05-15,2026-03-31,16.310000,53.840000,23.402675,21.489538,1.822611,960.738000,1058.867351,1156.996702,1255.126052,1353.255403,,,,,,,,,,1219.750000,1054.150000,1020.850000,948.875000,1219.750000,1353.697162,1085.802838,1286.723581,1152.776419
2026-06-24,1255.000000,2026-05-15,2026-03-31,16.310000,53.840000,23.309807,21.505709,1.830128,960.799216,1059.333291,1157.867366,1256.401440,1354.935515,,,,,,,,,,1219.250000,1059.983333,1023.375000,951.562500,1219.250000,1352.559099,1085.940901,1285.904549,1152.595451
2026-06-25,1365.000000,2026-05-15,2026-03-31,16.310000,53.840000,25.352897,21.533107,1.862890,958.746536,1059.044514,1159.342493,1259.640471,1359.938450,,,,,,,,,,1225.750000,1068.066667,1026.558333,954.654167,1225.750000,1374.119205,1077.380795,1299.934603,1151.565397
2026-06-26,1340.000000,2026-05-15,2026-03-31,16.310000,53.840000,24.888559,21.566176,1.886985,957.932338,1059.527625,1161.122912,1262.718199,1364.313486,,,,,,,,,,1234.750000,1076.466667,1029.958333,957.629167,1234.750000,1388.080568,1081.419432,1311.415284,1158.084716
2026-06-29,1360.000000,2026-05-15,2026-03-31,16.310000,53.840000,25.260030,21.598225,1.916806,956.446811,1059.647623,1162.848434,1266.049245,1369.250056,,,,,,,,,,1245.000000,1085.450000,1033.341667,960.637500,1245.000000,1403.213713,1086.786287,1324.106856,1165.893144
2026-06-30,1320.000000,2026-05-15,2026-03-31,16.310000,53.840000,24.517088,21.629507,1.933621,956.320330,1060.426507,1164.532684,1268.638861,1372.745038,,,,,,,,,,1252.250000,1093.550000,1036.633333,963.437500,1252.250000,1410.246502,1094.253498,1331.248251,1173.251749
2026-07-01,1300.000000,2026-05-15,2026-03-31,16.310000,53.840000,24.145617,21.654702,1.946610,956.278173,1061.083651,1165.889130,1270.694608,1375.500086,,,,,,,,,,1259.750000,1101.400000,1039.625000,966.137500,1259.750000,1411.423992,1108.076008,1335.586996,1183.913004
2026-07-02,1385.000000,2026-05-15,2026-03-31,16.310000,53.840000,25.724368,21.696606,1.979639,954.977707,1061.561483,1168.145259,1274.729035,1381.312811,,,,,,,,,,1271.250000,1110.233333,1043.483333,969.129167,1271.250000,1424.353852,1118.146148,1347.801926,1194.698074
2026-07-03,1350.000000,2026-05-15,2026-03-31,16.310000,53.840000,25.074294,21.735712,1.999692,954.923835,1062.587277,1170.250718,1277.914159,1385.577600,,,,,,,,,,1277.250000,1117.666667,1047.166667,971.904167,1277.250000,1432.931017,1121.568983,1355.090508,1199.409492
2026-07-06,1320.000000,2026-05-15,2026-03-31,16.310000,53.840000,24.517088,21.762505,2.015310,954.684707,1063.188984,1171.693262,1280.197539,1388.701816,,,,,,,,,,1283.000000,1124.550000,1050.258333,974.445833,1283.000000,1435.915525,1130.084475,1359.457763,1206.542237
2026-07-07,1260.000000,2026-05-15,2026-03-31,16.310000,53.840000,23.402675,21.777954,2.020756,954.930002,1063.727513,1172.525024,1281.322535,1390.120045,,,,,,,,,,1290.500000,1130.116667,1052.758333,976.716667,1290.500000,1420.718440,1160.281560,1355.609220,1225.390780
2026-07-08,1200.000000,2026-05-15,2026-03-31,16.310000,53.840000,22.288262,21.778130,2.020800,954.934758,1063.734635,1172.534511,1281.334388,1390.134264,,,,,,,,,,1291.000000,1134.583333,1054.491667,978.658333,1291.000000,1419.661122,1162.338878,1355.330561,1226.669439
2026-07-09,1215.000000,2026-05-15,2026-03-31,16.310000,53.840000,22.566865,21.775390,2.019495,954.927812,1063.657410,1172.387008,1281.116607,1389.846205,,,,,,,,,,1294.250000,1139.583333,1056.116667,980.708333,1294.250000,1410.610375,1177.889625,1352.430187,1236.069813
2026-07-13,1230.000000,2026-05-15,2026-03-31,16.310000,53.840000,22.845468,21.778713,2.020936,954.951508,1063.758717,1172.565927,1281.373137,1390.180347,,,,,,,,,,1296.000000,1144.916667,1058.033333,982.745833,1296.000000,1407.004979,1184.995021,1351.502489,1240.497511
2026-07-14,1185.000000,2026-05-15,2026-03-31,16.310000,53.840000,22.009658,21.773201,2.019383,954.821962,1063.545549,1172.269135,1280.992722,1389.716308,,,,,,,,,,1289.750000,1149.083333,1059.491667,984.662500,1289.750000,1411.035874,1168.464126,1350.392937,1229.107063
2026-07-15,1285.000000,2026-05-15,2026-03-31,16.310000,53.840000,23.867013,21.786159,2.027841,954.608873,1063.787843,1172.966814,1282.145784,1391.324755,,,,,,,,,,1285.000000,1153.416667,1061.916667,986.950000,1285.000000,1398.601334,1171.398666,1341.800667,1228.199333
2026-07-16,1250.000000,2026-05-15,2026-03-31,16.310000,53.840000,23.216939,21.795945,2.031919,954.696680,1064.095179,1173.493679,1282.892178,1392.290678,,,,,,,,,,1285.250000,1157.166667,1064.150000,988.995833,1285.250000,1398.502164,1171.997836,1341.876082,1228.623918
2026-07-17,1160.000000,2026-05-15,2026-03-31,16.310000,53.840000,21.545319,21.773469,2.019509,954.822879,1063.553228,1172.283578,1281.013927,1389.744277,,,,,,,,,,1279.250000,1159.833333,1064.816667,990.641667,1279.250000,1405.627671,1152.872329,1342.438836,1216.061164
2026-07-20,1135.000000,2026-05-15,2026-03-31,16.310000,53.840000,21.080981,21.734030,1.985876,956.320993,1063.240580,1170.160168,1277.079755,1383.999342,,,,,,,,,,1272.750000,1162.083333,1064.691667,992.262500,1272.750000,1414.634868,1130.865132,1343.692434,1201.807566
2026-07-21,1150.000000,2026-05-15,2026-03-31,16.310000,53.840000,21.359584,21.696912,1.950290,958.154517,1063.158137,1168.161758,1273.165378,1378.168999,,,,,,,,,,1266.250000,1165.000000,1064.691667,993.975000,1266.250000,1418.284449,1114.215551,1342.267225,1190.232775
2026-07-22,1175.000000,2026-05-15,2026-03-31,16.310000,53.840000,21.823923,21.673017,1.930762,958.970811,1062.923023,1166.875235,1270.827447,1374.779659,,,,,,,,,,1262.000000,1168.100000,1065.316667,995.712500,1262.000000,1419.426675,1104.573325,1340.713337,1183.286663
2026-07-23,1165.000000,2026-05-15,2026-03-31,16.310000,53.840000,21.638187,21.648509,1.912139,959.656618,1062.606176,1165.555735,1268.505293,1371.454851,,,,,,,,,,1257.500000,1171.366667,1065.900000,997.283333,1257.500000,1420.804688,1094.195312,1339.152344,1175.847656
2026-07-24,1120.000000,2026-05-15,2026-03-31,16.310000,53.840000,20.802377,21.619842,1.898663,959.564257,1061.788278,1164.012300,1266.236322,1368.460344,,,,,,,,,,1245.250000,1173.883333,1066.233333,998.675000,1245.250000,1411.334157,1079.165843,1328.292079,1162.207921
2026-07-27,1115.000000,2026-05-15,2026-03-31,16.310000,53.840000,20.709510,21.603495,1.897980,958.757687,1060.944931,1163.132175,1265.319419,1367.506663,,,,,,,,,,1234.000000,1176.483333,1067.108333,1000.058333,1234.000000,1403.507025,1064.492975,1318.753513,1149.246487
2026-07-28,1010.000000,2026-05-15,2026-03-31,16.310000,53.840000,18.759287,21.574637,1.914746,955.398670,1058.488571,1161.578471,1264.668372,1367.758272,,,,,,,,,,1216.500000,1177.483333,1067.275000,1001.020833,1216.500000,1402.683271,1030.316729,1309.591636,1123.408364
2026-07-29,1015.000000,2026-05-15,2026-03-31,16.310000,53.840000,18.852155,21.547489,1.930125,952.280892,1056.198841,1160.116789,1264.034738,1367.952687,,,,,,,,,,1201.250000,1178.100000,1067.525000,1001.958333,1201.250000,1401.194071,1001.305929,1301.222036,1101.277964
2026-07-30,1010.000000,2026-05-15,2026-03-31,16.310000,53.840000,18.759287,21.525926,1.946768,949.327901,1054.141880,1158.955858,1263.769836,1368.583815,,,,,,,,,,1186.750000,1178.650000,1068.016667,1002.750000,1186.750000,1398.267699,975.232301,1292.508849,1080.991151
2026-07-31,1100.000000,2026-05-15,2026-03-31,16.310000,53.840000,20.430906,21.520351,1.948955,948.792266,1053.723987,1158.655708,1263.587430,1368.519151,,,,,,,,,,1172.500000,1180.583333,1069.350000,1003.904167,1172.500000,1365.359371,979.640629,1268.929685,1076.070315
2026-08-03,1105.000000,2026-05-15,2026-03-31,16.310000,53.840000,20.523774,21.513119,1.951045,948.177722,1053.222012,1158.266301,1263.310591,1368.354880,,,,,,,,,,1160.250000,1182.383333,1070.616667,1005.112500,1160.250000,1336.003266,984.496734,1248.126633,1072.373367
2026-08-04,1110.000000,2026-05-15,2026-03-31,16.310000,53.840000,20.616642,21.507221,1.952690,947.683134,1052.815954,1157.948774,1263.081594,1368.214415,,,,,,,,,,1149.750000,1183.966667,1071.950000,1006.287500,1149.750000,1309.699828,989.800172,1229.724914,1069.775086
2026-08-05,1115.000000,2026-05-15,2026-03-31,16.310000,53.840000,20.709510,21.509954,1.951330,947.976648,1053.036274,1158.095899,1263.155524,1368.215150,,,,,,,,,,1142.500000,1185.466667,1073.675000,1007.141667,1142.500000,1294.348262,990.651738,1218.424131,1066.575869
2026-08-06,1170.000000,2026-05-15,2026-03-31,16.310000,53.840000,21.731055,21.520077,1.949282,948.742252,1053.691591,1158.640931,1263.590270,1368.539610,,,,,,,,,,1141.000000,1188.416667,1075.808333,1007.995833,1141.000000,1291.038592,990.961408,1216.019296,1065.980704
2026-08-07,1150.000000,2026-05-15,2026-03-31,16.310000,53.840000,21.359584,21.522989,1.948775,948.953683,1053.875707,1158.797732,1263.719757,1368.641782,,,,,,,,,,1137.750000,1190.500000,1077.591667,1008.745833,1137.750000,1283.802442,991.697558,1210.776221,1064.723779
2026-08-10,1150.000000,2026-05-15,2026-03-31,16.310000,53.840000,21.359584,21.526463,1.948103,949.213008,1054.098878,1158.984747,1263.870616,1368.756485,,,,,,,,,,1133.750000,1192.166667,1079.400000,1009.433333,1133.750000,1273.406534,994.093466,1203.578267,1063.921733
2026-08-11,1150.000000,2026-05-15,2026-03-31,16.310000,53.840000,21.359584,21.530310,1.947307,949.505895,1054.348899,1159.191904,1264.034908,1368.877912,,,,,,,,,,1132.000000,1194.666667,1081.225000,1009.850000,1132.000000,1269.817576,994.182424,1200.908788,1063.091212
2026-08-12,1135.000000,2026-05-15,2026-03-31,16.310000,53.840000,21.080981,21.536326,1.944772,950.102718,1054.809242,1159.515766,1264.222290,1368.928814,,,,,,,,,,1124.500000,1196.833333,1083.125000,1010.141667,1124.500000,1242.103258,1006.896742,1183.301629,1065.698371
2026-08-13,1130.000000,2026-05-15,2026-03-31,16.310000,53.840000,20.988113,21.543250,1.941296,950.849840,1055.369221,1159.888602,1264.407983,1368.927364,,,,,,,,,,1118.500000,1198.500000,1085.058333,1010.308333,1118.500000,1220.330613,1016.669387,1169.415306,1067.584694
2026-08-14,1125.000000,2026-08-14,2026-06-30,19.920000,66.350000,16.955539,21.514700,1.983264,1164.321246,1295.910794,1427.500342,1559.089890,1690.679438,,,,,,,,,,1116.750000,1200.166667,1086.866667,1010.391667,1116.750000,1216.764473,1016.735527,1166.757236,1066.742764
2026-08-17,1155.000000,2026-08-14,2026-06-30,19.920000,66.350000,17.407687,21.487112,2.017172,1157.991165,1291.830508,1425.669852,1559.509195,1693.348539,,,,,,,,,,1117.750000,1201.083333,1088.800000,1010.725000,1117.750000,1218.925980,1016.574020,1168.337990,1067.162010
2026-08-18,1115.000000,2026-08-14,2026-06-30,19.920000,66.350000,16.804823,21.447017,2.061906,1149.394714,1286.202148,1423.009582,1559.817016,1696.624451,,,,,,,,,,1116.000000,1200.416667,1090.066667,1011.058333,1116.000000,1216.031574,1015.968426,1166.015787,1065.984213
2026-08-19,1095.000000,2026-08-14,2026-06-30,19.920000,66.350000,16.503391,21.401231,2.110015,1139.972609,1279.972133,1419.971657,1559.971181,1699.970705,,,,,,,,,,1112.000000,1197.916667,1091.025000,1011.204167,1112.000000,1208.431050,1015.568950,1160.215525,1063.784475
2026-08-20,1075.000000,2026-08-14,2026-06-30,19.920000,66.350000,16.201959,21.342644,2.155851,1130.003086,1273.043769,1416.084451,1559.125134,1702.165817,,,,,,,,,,1107.500000,1194.750000,1091.358333,1011.183333,1107.500000,1201.895584,1013.104416,1154.697792,1060.302208
2026-08-21,1060.000000,2026-08-14,2026-06-30,19.920000,66.350000,15.975885,21.264404,2.178901,1121.753061,1266.323124,1410.893187,1555.463250,1700.033313,,,,,,,,,,1104.500000,1191.833333,1090.775000,1010.933333,1104.500000,1201.012884,1007.987116,1152.756442,1056.243558
2026-08-24,1065.000000,2026-08-14,2026-06-30,19.920000,66.350000,16.051243,21.197079,2.214137,1112.610255,1259.518228,1406.426202,1553.334176,1700.242150,,,,,,,,,,1102.000000,1190.250000,1090.691667,1010.516667,1102.000000,1199.947354,1004.052646,1150.973677,1053.026323
2026-08-25,1070.000000,2026-08-14,2026-06-30,19.920000,66.350000,16.126601,21.141606,2.257034,1103.237195,1252.991374,1402.745553,1552.499733,1702.253912,,,,,,,,,,1105.000000,1188.833333,1091.150000,1010.016667,1105.000000,1194.383856,1015.616144,1149.691928,1060.308072
2026-08-26,1080.000000,2026-08-14,2026-06-30,19.920000,66.350000,16.277317,21.090194,2.296967,1094.526900,1246.930652,1399.334405,1551.738157,1704.141910,,,,,,,,,,1108.250000,1187.250000,1091.816667,1009.558333,1108.250000,1188.070522,1028.429478,1148.160261,1068.339739
2026-08-27,1075.000000,2026-08-14,2026-06-30,19.920000,66.350000,16.201959,21.019450,2.315778,1087.336699,1240.988587,1394.640475,1548.292362,1701.944250,,,,,,,,,,1111.500000,1186.000000,1091.608333,1008.912500,1111.500000,1178.785722,1044.214278,1145.142861,1077.857139
2026-08-28,1075.000000,2026-08-14,2026-06-30,19.920000,66.350000,16.201959,20.948705,2.332275,1080.453635,1235.200090,1389.946545,1544.692999,1699.439454,,,,,,,,,,1110.250000,1184.666667,1091.400000,1008.329167,1110.250000,1179.339949,1041.160051,1144.794974,1075.705026
2026-08-31,1060.000000,2026-08-14,2026-06-30,19.920000,66.350000,15.975885,20.881687,2.358733,1072.496061,1228.998005,1385.499949,1542.001893,1698.503837,,,,,,,,,,1108.000000,1181.833333,1091.316667,1008.183333,1108.000000,1180.649121,1035.350879,1144.324560,1071.675440
2026-09-01,1100.000000,2026-08-14,2026-06-30,19.920000,66.350000,16.578749,20.825306,2.380133,1065.915333,1223.837177,1381.759021,1539.680865,1697.602710,,,,,,,,,,1107.500000,1180.083333,1091.816667,1008.350000,1107.500000,1180.228768,1034.771232,1143.864384,1071.135616
2026-09-02,1025.000000,2026-08-14,2026-06-30,19.920000,66.350000,15.448380,20.751087,2.407853,1057.312470,1217.073531,1376.834592,1536.595653,1696.356713,,,,,,,,,,1103.000000,1178.666667,1091.316667,1008.308333,1103.000000,1184.395720,1021.604280,1143.697860,1062.302140
2026-09-03,1035.000000,2026-08-14,2026-06-30,19.920000,66.350000,15.599096,20.681865,2.435641,1049.032143,1210.636931,1372.241719,1533.846506,1695.451294,,,,,,,,,,1096.250000,1176.083333,1091.066667,1008.308333,1096.250000,1176.635584,1015.864416,1136.442792,1056.057208
2026-09-04,1070.000000,2026-08-14,2026-06-30,19.920000,66.350000,16.126601,20.627327,2.463832,1041.672647,1205.147886,1368.623125,1532.098365,1695.573604,,,,,,,,,,1092.250000,1174.750000,1091.566667,1008.370833,1092.250000,1169.265036,1015.234964,1130.757518,1053.742482
2026-09-07,1080.000000,2026-08-14,2026-06-30,19.920000,66.350000,16.277317,20.582649,2.493767,1034.735906,1200.197342,1365.658778,1531.120214,1696.581650,,,,,,,,,,1088.750000,1172.833333,1092.533333,1008.433333,1088.750000,1160.924861,1016.575139,1124.837430,1052.662570
2026-09-08,1055.000000,2026-08-14,2026-06-30,19.920000,66.350000,15.900528,20.541379,2.529973,1027.193092,1195.056790,1362.920488,1530.784186,1698.647884,,,,,,,,,,1084.000000,1168.583333,1093.583333,1008.433333,1084.000000,1151.558941,1016.441059,1117.779471,1050.220529
2026-09-09,1065.000000,2026-08-14,2026-06-30,19.920000,66.350000,16.051243,20.499681,2.562463,1020.115026,1190.134428,1360.153830,1530.173233,1700.192635,,,,,,,,,,1080.500000,1163.333333,1094.641667,1008.370833,1080.500000,1144.069274,1016.930726,1112.284637,1048.715363
2026-09-10,1060.000000,2026-08-14,2026-06-30,19.920000,66.350000,15.975885,20.461657,2.595519,1013.205640,1185.418301,1357.630963,1529.843624,1702.056286,,,,,,,,,,1077.000000,1160.250000,1095.850000,1008.350000,1077.000000,1136.683375,1017.316625,1106.841688,1047.158312
2026-09-11,1005.000000,2026-08-14,2026-06-30,19.920000,66.350000,15.146948,20.413920,2.640141,1004.116927,1179.290261,1354.463595,1529.636929,1704.810263,,,,,,,,,,1071.000000,1155.666667,1096.475000,1008.245833,1071.000000,1134.378562,1007.621438,1102.689281,1039.310719
2026-09-14,1015.000000,2026-08-14,2026-06-30,19.920000,66.350000,15.297664,20.370245,2.681092,995.784792,1173.675260,1351.565727,1529.456195,1707.346662,,,,,,,,,,1064.000000,1151.500000,1097.308333,1008.141667,1064.000000,1118.637562,1009.362438,1091.318781,1036.681219
2026-09-15,1035.000000,2026-08-14,2026-06-30,19.920000,66.350000,15.599096,20.325340,2.715568,988.230379,1168.408341,1348.586303,1528.764266,1708.942228,,,,,,,,,,1060.000000,1147.416667,1098.141667,1008.362500,1060.000000,1110.471461,1009.528539,1085.235731,1034.764269
2026-09-16,1035.000000,2026-08-14,2026-06-30,19.920000,66.350000,15.599096,20.278939,2.748435,980.790301,1163.148945,1345.507590,1527.866235,1710.224880,,,,,,,,,,1057.000000,1143.666667,1098.908333,1008.570833,1057.000000,1105.817598,1008.182402,1081.408799,1032.591201
2026-09-17,1030.000000,2026-08-14,2026-06-30,19.920000,66.350000,15.523738,20.239018,2.782497,973.621418,1158.240126,1342.858834,1527.477542,1712.096250,,,,,,,,,,1054.750000,1139.916667,1099.950000,1008.654167,1054.750000,1104.218225,1005.281775,1079.484112,1030.015888
2026-09-18,1125.000000,2026-08-14,2026-06-30,19.920000,66.350000,16.955539,20.215705,2.798278,969.980563,1155.646293,1341.312023,1526.977754,1712.643484,,,,,,,,,,1058.000000,1135.916667,1101.991667,1009.237500,1058.000000,1116.615608,999.384392,1087.307804,1028.692196
2026-09-21,1130.000000,2026-08-14,2026-06-30,19.920000,66.350000,17.030897,20.201250,2.810286,967.427994,1153.890482,1340.352970,1526.815458,1713.277946,,,,,,,,,,1061.250000,1132.416667,1104.441667,1009.833333,1061.250000,1128.125769,994.374231,1094.687884,1027.812116
2026-09-22,1140.000000,2026-08-14,2026-06-30,19.920000,66.350000,17.181613,20.202133,2.809313,967.615713,1154.013620,1340.411527,1526.809434,1713.207341,,,,,,,,,,1064.750000,1128.750000,1107.100000,1010.566667,1064.750000,1140.316283,989.183717,1102.533142,1026.966858
2026-09-23,1250.000000,2026-08-14,2026-06-30,19.920000,66.350000,18.839488,20.214578,2.799846,969.697636,1155.467444,1341.237251,1527.007059,1712.776867,,,,,,,,,,1073.250000,1127.583333,1110.566667,1011.816667,1073.250000,1185.418811,961.081189,1129.334405,1017.165595
2026-09-24,1285.000000,2026-08-14,2026-06-30,19.920000,66.350000,19.366993,20.232285,2.787582,972.500058,1157.456100,1342.412142,1527.368184,1712.324227,,,,,,,,,,1083.750000,1127.333333,1114.366667,1013.416667,1083.750000,1230.571589,936.928411,1157.160794,1010.339206
2026-09-29,1220.000000,2026-08-14,2026-06-30,19.920000,66.350000,18.387340,20.237323,2.783662,973.354472,1158.050420,1342.746368,1527.442316,1712.138264,,,,,,,,,,1091.000000,1124.583333,1117.408333,1014.766667,1091.000000,1249.831258,932.168742,1170.415629,1011.584371
2026-09-30,1290.000000,2026-08-14,2026-06-30,19.920000,66.350000,19.442351,20.242659,2.781500,973.995393,1158.547912,1343.100431,1527.652950,1712.205469,,,,,,,,,,1102.500000,1123.583333,1120.625000,1016.337500,1102.500000,1283.622233,921.377767,1193.061116,1011.938884
2026-10-01,1305.000000,2026-08-14,2026-06-30,19.920000,66.350000,19.668425,20.249359,2.779119,974.755859,1159.150426,1343.544994,1527.939561,1712.334129,,,,,,,,,,1112.750000,1123.333333,1123.941667,1018.066667,1112.750000,1315.220921,910.279079,1213.985460,1011.514540
2026-10-02,1285.000000,2026-08-14,2026-06-30,19.920000,66.350000,19.366993,20.250255,2.778815,974.855627,1159.230009,1343.604391,1527.978773,1712.353155,,,,,,,,,,1125.750000,1123.750000,1126.933333,1019.729167,1125.750000,1337.665450,913.834550,1231.707725,1019.792275
