# chart-version: skill-stock-dynamic-valuation-box@1.10.0; font: noto-sans-cjk-tc-v1; Updated: 2026-10-04 06:47 CST (1.10.0)
date,close,available_date,period_end,eps,ttm_eps,pe,pe_mean,pe_std,price_m2,price_m1,price_mean,price_p1,price_p2,forward_eps,forward_pe,forward_pe_mean,forward_pe_std,forward_price_m2,forward_price_m1,forward_price_mean,forward_price_p1,forward_price_p2,sma20,sma60,sma120,sma240,bband_mid,bband_upper2,bband_lower2,bband_upper1,bband_lower1
2023-10-02,16.050000,2023-08-14,2023-06-30,-0.630000,-4.490000,-3.574610,-4.684108,1.260817,32.353785,26.692716,21.031646,15.370576,9.709506,,,,,,,,,,16.740000,18.234167,18.185833,17.594375,16.740000,17.444572,16.035428,17.092286,16.387714
2023-10-03,16.200000,2023-08-14,2023-06-30,-0.630000,-4.490000,-3.608018,-4.651591,1.237423,31.997707,26.441676,20.885645,15.329614,9.773583,,,,,,,,,,16.677500,18.197500,18.165000,17.596042,16.677500,17.337225,16.017775,17.007362,16.347638
2023-10-04,15.800000,2023-08-14,2023-06-30,-0.630000,-4.490000,-3.518931,-4.617997,1.212541,31.623424,26.179116,20.734808,15.290501,9.846193,,,,,,,,,,16.590000,18.150833,18.140000,17.598958,16.590000,17.226272,15.953728,16.908136,16.271864
2023-10-05,15.950000,2023-08-14,2023-06-30,-0.630000,-4.490000,-3.552339,-4.584515,1.185506,31.230312,25.907391,20.584470,15.261549,9.938628,,,,,,,,,,16.545000,18.095833,18.115833,17.602708,16.545000,17.229336,15.860664,16.887168,16.202832
2023-10-06,15.700000,2023-08-14,2023-06-30,-0.630000,-4.490000,-3.496659,-4.549731,1.155037,30.800528,25.614410,20.428292,15.242174,10.056056,,,,,,,,,,16.507500,18.040000,18.087500,17.606875,16.507500,17.289047,15.725953,16.898274,16.116726
2023-10-11,15.600000,2023-08-14,2023-06-30,-0.630000,-4.490000,-3.474388,-4.514762,1.122829,30.354282,25.312781,20.271281,15.229781,10.188280,,,,,,,,,,16.460000,17.982500,18.058333,17.603333,16.460000,17.339952,15.580048,16.899976,16.020024
2023-10-12,16.000000,2023-08-14,2023-06-30,-0.630000,-4.490000,-3.563474,-4.481707,1.091256,29.922344,25.022603,20.122862,15.223122,10.323381,,,,,,,,,,16.425000,17.930833,18.035417,17.601458,16.425000,17.320309,15.529691,16.872655,15.977345
2023-10-13,16.100000,2023-08-14,2023-06-30,-0.630000,-4.490000,-3.585746,-4.450510,1.062291,29.522166,24.752478,19.982790,15.213103,10.443415,,,,,,,,,,16.387500,17.875000,18.017500,17.598542,16.387500,17.270602,15.504398,16.829051,15.945949
2023-10-16,15.750000,2023-08-14,2023-06-30,-0.630000,-4.490000,-3.507795,-4.419166,1.033529,29.123142,24.482599,19.842056,15.201513,10.560970,,,,,,,,,,16.337500,17.820833,17.997917,17.592708,16.337500,17.247026,15.427974,16.792263,15.882737
2023-10-17,15.700000,2023-08-14,2023-06-30,-0.630000,-4.490000,-3.496659,-4.387227,1.001567,28.692720,24.195685,19.698651,15.201616,10.704581,,,,,,,,,,16.275000,17.768333,17.976667,17.583125,16.275000,17.179084,15.370916,16.727042,15.822958
2023-10-18,15.700000,2023-08-14,2023-06-30,-0.630000,-4.490000,-3.496659,-4.354954,0.966443,28.232403,23.893073,19.553743,15.214412,10.875082,,,,,,,,,,16.210000,17.710833,17.954583,17.572708,16.210000,17.080934,15.339066,16.645467,15.774533
2023-10-19,15.400000,2023-08-14,2023-06-30,-0.630000,-4.490000,-3.429844,-4.323462,0.933682,27.796809,23.604577,19.412345,15.220113,11.027881,,,,,,,,,,16.130000,17.647500,17.933333,17.561250,16.130000,16.989253,15.270747,16.559627,15.700373
2023-10-20,15.300000,2023-08-14,2023-06-30,-0.630000,-4.490000,-3.407572,-4.291952,0.899344,27.346973,23.308919,19.270866,15.232813,11.194759,,,,,,,,,,16.052500,17.587500,17.911667,17.547083,16.052500,16.917902,15.187098,16.485201,15.619799
2023-10-23,15.000000,2023-08-14,2023-06-30,-0.630000,-4.490000,-3.340757,-4.260555,0.865314,26.900410,23.015151,19.129892,15.244633,11.359374,,,,,,,,,,15.967500,17.518333,17.889167,17.535000,15.967500,16.896719,15.038281,16.432109,15.502891
2023-10-24,15.200000,2023-08-14,2023-06-30,-0.630000,-4.490000,-3.385301,-4.231872,0.836070,26.509010,22.755057,19.001104,15.247150,11.493197,,,,,,,,,,15.902500,17.441667,17.874167,17.527083,15.902500,16.856425,14.948575,16.379463,15.425537
2023-10-25,15.750000,2023-08-14,2023-06-30,-0.630000,-4.490000,-3.507795,-4.203205,0.800378,26.059784,22.466087,18.872390,15.278694,11.684997,,,,,,,,,,15.857500,17.347500,17.861250,17.522500,15.857500,16.745594,14.969406,16.301547,15.413453
2023-10-26,15.500000,2023-08-14,2023-06-30,-0.630000,-4.490000,-3.452116,-4.174911,0.765365,25.618332,22.181841,18.745351,15.308860,11.872369,,,,,,,,,,15.797500,17.251667,17.848333,17.515625,15.797500,16.604362,14.990638,16.200931,15.394069
2023-10-27,15.350000,2023-08-14,2023-06-30,-0.630000,-4.490000,-3.418708,-4.146171,0.727209,25.146649,21.881479,18.616309,15.351140,12.085970,,,,,,,,,,15.742500,17.162500,17.833750,17.507083,15.742500,16.511145,14.973855,16.126823,15.358177
2023-10-30,15.650000,2023-08-14,2023-06-30,-0.630000,-4.490000,-3.485523,-4.117319,0.682424,24.614934,21.550848,18.486763,15.422678,12.358592,,,,,,,,,,15.705000,17.074167,17.820000,17.500625,15.705000,16.409048,15.000952,16.057024,15.352976
2023-10-31,15.600000,2023-08-14,2023-06-30,-0.630000,-4.490000,-3.474388,-4.088541,0.634010,24.050965,21.204258,18.357551,15.510844,12.664137,,,,,,,,,,15.665000,16.992500,17.806250,17.495208,15.665000,16.289163,15.040837,15.977081,15.352919
2023-11-01,15.200000,2023-08-14,2023-06-30,-0.630000,-4.490000,-3.385301,-4.057515,0.573165,23.365264,20.791754,18.218244,15.644734,13.071224,,,,,,,,,,15.622500,16.898333,17.785417,17.485625,15.622500,16.252015,14.992985,15.937258,15.307742
2023-11-02,15.900000,2023-08-14,2023-06-30,-0.630000,-4.490000,-3.541203,-4.028290,0.504714,22.619352,20.353188,18.087024,15.820860,13.554696,,,,,,,,,,15.607500,16.823333,17.771667,17.476667,15.607500,16.191745,15.023255,15.899622,15.315378
2023-11-03,16.250000,2023-08-14,2023-06-30,-0.630000,-4.490000,-3.619154,-4.001221,0.433203,21.855643,19.910563,17.965483,16.020403,14.075323,,,,,,,,,,15.630000,16.754167,17.764583,17.471042,15.630000,16.276773,14.983227,15.953387,15.306613
2023-11-06,16.300000,2023-08-14,2023-06-30,-0.630000,-4.490000,-3.630290,-3.974747,0.349211,20.982531,19.414572,17.846612,16.278653,14.710694,,,,,,,,,,15.647500,16.685833,17.759167,17.464375,15.647500,16.347481,14.947519,15.997491,15.297509
2023-11-07,15.950000,2023-08-14,2023-06-30,-0.630000,-4.490000,-3.552339,-3.972421,0.351098,20.989032,19.412600,17.836169,16.259737,14.683305,,,,,,,,,,15.660000,16.635833,17.750000,17.456667,15.660000,16.372741,14.947259,16.016371,15.303629
2023-11-08,15.900000,2023-08-14,2023-06-30,-0.630000,-4.490000,-3.541203,-3.970002,0.353072,20.995894,19.410601,17.825308,16.240015,14.654722,,,,,,,,,,15.675000,16.592500,17.740417,17.449167,15.675000,16.395015,14.954985,16.035007,15.314993
2023-11-09,16.000000,2023-08-14,2023-06-30,-0.630000,-4.490000,-3.563474,-3.967394,0.354920,21.000779,19.407189,17.813599,16.220009,14.626419,,,,,,,,,,15.675000,16.557500,17.730000,17.441250,15.675000,16.395015,14.954985,16.035007,15.314993
2023-11-10,15.800000,2023-08-14,2023-06-30,-0.630000,-4.490000,-3.518931,-3.964415,0.357183,21.007726,19.403975,17.800224,16.196473,14.592721,,,,,,,,,,15.660000,16.512500,17.717917,17.434792,15.660000,16.354793,14.965207,16.007396,15.312604
2023-11-13,15.900000,2023-08-14,2023-06-30,-0.630000,-4.490000,-3.541203,-3.961341,0.359236,21.012359,19.399390,17.786420,16.173451,14.560482,,,,,,,,,,15.667500,16.476667,17.705417,17.427292,15.667500,16.369583,14.965417,16.018542,15.316458
2023-11-14,15.900000,2023-11-14,2023-09-30,-0.130000,-3.390000,-4.690265,-3.967093,0.365335,15.925415,14.686930,13.448445,12.209961,10.971476,,,,,,,,,,15.677500,16.443333,17.689583,17.418750,15.677500,16.387189,14.967811,16.032344,15.322656
2023-11-15,16.350000,2023-11-14,2023-09-30,-0.130000,-3.390000,-4.823009,-3.974326,0.373593,16.005926,14.739445,13.472965,12.206485,10.940005,,,,,,,,,,15.710000,16.421667,17.679167,17.411458,15.710000,16.480919,14.939081,16.095459,15.324541
2023-11-16,16.500000,2023-11-14,2023-09-30,-0.130000,-3.390000,-4.867257,-3.981834,0.382380,16.090955,14.794686,13.498417,12.202149,10.905880,,,,,,,,,,15.765000,16.400000,17.669583,17.407083,15.765000,16.597308,14.932692,16.181154,15.348846
2023-11-17,16.600000,2023-11-14,2023-09-30,-0.130000,-3.390000,-4.896755,-3.989869,0.391361,16.179082,14.852369,13.525655,12.198942,10.872228,,,,,,,,,,15.830000,16.381667,17.662083,17.405208,15.830000,16.711028,14.948972,16.270514,15.389486
2023-11-20,16.400000,2023-11-14,2023-09-30,-0.130000,-3.390000,-4.837758,-3.997599,0.398862,16.256146,14.904004,13.551861,12.199719,10.847576,,,,,,,,,,15.900000,16.358333,17.653750,17.403958,15.900000,16.723983,15.076017,16.311991,15.488009
2023-11-21,16.550000,2023-11-14,2023-09-30,-0.130000,-3.390000,-4.882006,-4.005230,0.406936,16.336756,14.957243,13.577730,12.198217,10.818704,,,,,,,,,,15.967500,16.335833,17.644583,17.404792,15.967500,16.770963,15.164037,16.369231,15.565769
2023-11-22,16.300000,2023-11-14,2023-09-30,-0.130000,-3.390000,-4.808260,-4.012340,0.413453,16.405047,15.003440,13.601833,12.200226,10.798619,,,,,,,,,,15.995000,16.312500,17.633750,17.405833,15.995000,16.804743,15.185257,16.399872,15.590128
2023-11-23,16.350000,2023-11-14,2023-09-30,-0.130000,-3.390000,-4.823009,-4.019573,0.419983,16.473839,15.050096,13.626353,12.202609,10.778866,,,,,,,,,,16.037500,16.290000,17.623333,17.405208,16.037500,16.826820,15.248180,16.432160,15.642840
2023-11-24,16.450000,2023-11-14,2023-09-30,-0.130000,-3.390000,-4.852507,-4.027052,0.426761,16.545143,15.098424,13.651706,12.204987,10.758269,,,,,,,,,,16.092500,16.268333,17.613750,17.405833,16.092500,16.831828,15.353172,16.462164,15.722836
2023-11-27,16.300000,2023-11-14,2023-09-30,-0.130000,-3.390000,-4.808260,-4.033881,0.432659,16.608284,15.141570,13.674857,12.208143,10.741429,,,,,,,,,,16.125000,16.244167,17.601667,17.405833,16.125000,16.839143,15.410857,16.482071,15.767929
2023-11-28,16.700000,2023-11-14,2023-09-30,-0.130000,-3.390000,-4.926254,-4.040289,0.440132,16.680674,15.188627,13.696579,12.204532,10.712484,,,,,,,,,,16.180000,16.225833,17.586667,17.408750,16.180000,16.893332,15.466668,16.536666,15.823334
2023-11-29,16.500000,2023-11-14,2023-09-30,-0.130000,-3.390000,-4.867257,-4.045831,0.446331,16.741492,15.228429,13.715366,12.202303,10.689240,,,,,,,,,,16.245000,16.202500,17.568333,17.410208,16.245000,16.802154,15.687846,16.523577,15.966423
2023-11-30,16.350000,2023-11-14,2023-09-30,-0.130000,-3.390000,-4.823009,-4.051285,0.451808,16.797115,15.265485,13.733855,12.202224,10.670594,,,,,,,,,,16.267500,16.184167,17.550000,17.411250,16.267500,16.801871,15.733129,16.534686,16.000314
2023-12-01,16.450000,2023-11-14,2023-09-30,-0.130000,-3.390000,-4.852507,-4.057546,0.457673,16.858107,15.306594,13.755081,12.203568,10.652055,,,,,,,,,,16.277500,16.165833,17.535000,17.411667,16.277500,16.817943,15.737057,16.547722,16.007278
2023-12-04,16.850000,2023-11-14,2023-09-30,-0.130000,-3.390000,-4.970501,-4.064791,0.465188,16.933618,15.356630,13.779641,12.202653,10.625664,,,,,,,,,,16.305000,16.165833,17.523333,17.413958,16.305000,16.903155,15.706845,16.604078,16.005922
2023-12-05,17.050000,2023-11-14,2023-09-30,-0.130000,-3.390000,-5.029499,-4.072153,0.473403,17.014273,15.409435,13.804598,12.199761,10.594923,,,,,,,,,,16.360000,16.175833,17.511667,17.416042,16.360000,17.019825,15.700175,16.689912,16.030088
2023-12-06,16.650000,2023-11-14,2023-09-30,-0.130000,-3.390000,-4.911504,-4.078344,0.479494,17.076554,15.451071,13.825587,12.200103,10.574619,,,,,,,,,,16.397500,16.177500,17.495833,17.418750,16.397500,17.032012,15.762988,16.714756,16.080244
2023-12-07,16.650000,2023-11-14,2023-09-30,-0.130000,-3.390000,-4.911504,-4.084910,0.485476,17.139372,15.493608,13.847845,12.202082,10.556319,,,,,,,,,,16.430000,16.176667,17.481667,17.422917,16.430000,17.045074,15.814926,16.737537,16.122463
2023-12-08,16.600000,2023-11-14,2023-09-30,-0.130000,-3.390000,-4.896755,-4.091259,0.491084,17.198921,15.534145,13.869370,12.204594,10.539818,,,,,,,,,,16.470000,16.172500,17.466667,17.426875,16.470000,17.012315,15.927685,16.741157,16.198843
2023-12-11,16.600000,2023-11-14,2023-09-30,-0.130000,-3.390000,-4.896755,-4.097141,0.496485,17.255477,15.572392,13.889307,12.206222,10.523137,,,,,,,,,,16.505000,16.170000,17.449583,17.430625,16.505000,16.978398,16.031602,16.741699,16.268301
2023-12-12,16.200000,2023-11-14,2023-09-30,-0.130000,-3.390000,-4.778761,-4.099136,0.498753,17.277618,15.586844,13.896071,12.205298,10.514524,,,,,,,,,,16.520000,16.157500,17.416250,17.432708,16.520000,16.927043,16.112957,16.723522,16.316478
2023-12-13,16.200000,2023-11-14,2023-09-30,-0.130000,-3.390000,-4.778761,-4.102255,0.501839,17.309115,15.607880,13.906644,12.205408,10.504173,,,,,,,,,,16.512500,16.144167,17.387917,17.435833,16.512500,16.937848,16.087152,16.725174,16.299826
2023-12-14,16.250000,2023-11-14,2023-09-30,-0.130000,-3.390000,-4.793510,-4.104560,0.504389,17.334218,15.624339,13.914460,12.204580,10.494701,,,,,,,,,,16.500000,16.131667,17.355833,17.437917,16.500000,16.941290,16.058710,16.720645,16.279355
2023-12-15,16.300000,2023-11-14,2023-09-30,-0.130000,-3.390000,-4.808260,-4.107738,0.507628,17.366948,15.646089,13.925231,12.204373,10.483514,,,,,,,,,,16.485000,16.122500,17.327500,17.441250,16.485000,16.932331,16.037669,16.708666,16.261334
2023-12-18,16.300000,2023-11-14,2023-09-30,-0.130000,-3.390000,-4.808260,-4.112507,0.511516,17.409478,15.675438,13.941399,12.207359,10.473320,,,,,,,,,,16.480000,16.115833,17.306250,17.446458,16.480000,16.933524,16.026476,16.706762,16.253238
2023-12-19,16.000000,2023-11-14,2023-09-30,-0.130000,-3.390000,-4.719764,-4.116820,0.514452,17.444005,15.700012,13.956019,12.212025,10.468032,,,,,,,,,,16.452500,16.107500,17.283750,17.450833,16.452500,16.952474,15.952526,16.702487,16.202513
2023-12-20,16.500000,2023-11-14,2023-09-30,-0.130000,-3.390000,-4.867257,-4.122268,0.518927,17.492812,15.733650,13.974488,12.215326,10.456164,,,,,,,,,,16.462500,16.105000,17.265000,17.457917,16.462500,16.957608,15.967392,16.710054,16.214946
2023-12-21,16.600000,2023-11-14,2023-09-30,-0.130000,-3.390000,-4.896755,-4.128243,0.523700,17.545429,15.770086,13.994742,12.219399,10.444055,,,,,,,,,,16.475000,16.103333,17.248333,17.466042,16.475000,16.970772,15.979228,16.722886,16.227114
2023-12-22,17.000000,2023-11-14,2023-09-30,-0.130000,-3.390000,-5.014749,-4.135294,0.529908,17.611422,15.815035,14.018648,12.222260,10.425873,,,,,,,,,,16.502500,16.112500,17.235417,17.473125,16.502500,17.050679,15.954321,16.776589,16.228411
2023-12-25,17.150000,2023-11-14,2023-09-30,-0.130000,-3.390000,-5.058997,-4.142340,0.536536,17.680247,15.861390,14.042533,12.223677,10.404820,,,,,,,,,,16.545000,16.125000,17.222083,17.480417,16.545000,17.155349,15.934651,16.850175,16.239825
2023-12-26,18.000000,2023-11-14,2023-09-30,-0.130000,-3.390000,-5.309735,-4.151663,0.547006,17.782837,15.928487,14.074137,12.219788,10.365438,,,,,,,,,,16.610000,16.151667,17.216667,17.490833,16.610000,17.501834,15.718166,17.055917,16.164083
2023-12-27,17.950000,2023-11-14,2023-09-30,-0.130000,-3.390000,-5.294985,-4.160395,0.556818,17.878966,15.991352,14.103738,12.216124,10.328510,,,,,,,,,,16.682500,16.183333,17.208750,17.501042,16.682500,17.754279,15.610721,17.218390,16.146610
2023-12-28,18.100000,2023-11-14,2023-09-30,-0.130000,-3.390000,-5.339233,-4.170431,0.567113,17.982789,16.060276,14.137762,12.215248,10.292735,,,,,,,,,,16.770000,16.215000,17.206250,17.513333,16.770000,18.001345,15.538655,17.385673,16.154327
2023-12-29,18.150000,2023-11-14,2023-09-30,-0.130000,-3.390000,-5.353982,-4.180216,0.577314,18.085122,16.128028,14.170933,12.213839,10.256745,,,,,,,,,,16.855000,16.254167,17.202500,17.526042,16.855000,18.220708,15.489292,17.537854,16.172146
2024-01-02,18.350000,2023-11-14,2023-09-30,-0.130000,-3.390000,-5.412979,-4.189276,0.588049,18.188614,16.195129,14.201645,12.208160,10.214676,,,,,,,,,,16.930000,16.294167,17.195000,17.540000,16.930000,18.450526,15.409474,17.690263,16.169737
2024-01-03,17.750000,2023-11-14,2023-09-30,-0.130000,-3.390000,-5.235988,-4.197235,0.595713,18.267557,16.248092,14.228626,12.209161,10.189695,,,,,,,,,,16.965000,16.328333,17.184167,17.549583,16.965000,18.528767,15.401233,17.746884,16.183116
2024-01-04,17.950000,2023-11-14,2023-09-30,-0.130000,-3.390000,-5.294985,-4.205686,0.604044,18.352692,16.304983,14.257274,12.209565,10.161856,,,,,,,,,,17.030000,16.367500,17.175000,17.558958,17.030000,18.645843,15.414157,17.837921,16.222079
2024-01-05,18.800000,2023-11-14,2023-09-30,-0.130000,-3.390000,-5.545723,-4.216132,0.616268,18.470985,16.381836,14.292688,12.203540,10.114391,,,,,,,,,,17.137500,16.414167,17.172500,17.572500,17.137500,18.923962,15.351038,18.030731,16.244269
2024-01-08,19.200000,2023-11-14,2023-09-30,-0.130000,-3.390000,-5.663717,-4.226907,0.630141,18.601568,16.465390,14.329213,12.193036,10.056859,,,,,,,,,,17.267500,16.465833,17.170417,17.586042,17.267500,19.256225,15.278775,18.261862,16.273138
2024-01-09,18.800000,2023-11-14,2023-09-30,-0.130000,-3.390000,-5.545723,-4.237540,0.641532,18.714851,16.540057,14.365262,12.190467,10.015673,,,,,,,,,,17.377500,16.516667,17.168750,17.597500,17.377500,19.452280,15.302720,18.414890,16.340110
2024-01-10,18.350000,2023-11-14,2023-09-30,-0.130000,-3.390000,-5.412979,-4.247349,0.650444,18.808523,16.603518,14.398513,12.193508,9.988503,,,,,,,,,,17.485000,16.560833,17.164583,17.607292,17.485000,19.525408,15.444592,18.505204,16.464796
2024-01-11,18.300000,2023-11-14,2023-09-30,-0.130000,-3.390000,-5.398230,-4.256473,0.658861,18.896518,16.662980,14.429443,12.195905,9.962367,,,,,,,,,,17.590000,16.604167,17.157500,17.616458,17.590000,19.567132,15.612868,18.578566,16.601434
2024-01-12,18.250000,2023-11-14,2023-09-30,-0.130000,-3.390000,-5.383481,-4.265380,0.666830,18.980747,16.720193,14.459638,12.199084,9.938529,,,,,,,,,,17.690000,16.651667,17.149583,17.626042,17.690000,19.582256,15.797744,18.636128,16.743872
2024-01-15,18.050000,2023-11-14,2023-09-30,-0.130000,-3.390000,-5.324484,-4.274357,0.673799,19.058426,16.774249,14.490072,12.205895,9.921717,,,,,,,,,,17.777500,16.697500,17.142500,17.635000,17.777500,19.557646,15.997354,18.667573,16.887427
2024-01-16,18.450000,2023-11-14,2023-09-30,-0.130000,-3.390000,-5.442478,-4.283850,0.682183,19.147449,16.834851,14.522252,12.209653,9.897054,,,,,,,,,,17.885000,16.755000,17.136667,17.645625,17.885000,19.545089,16.224911,18.715044,17.054956
2024-01-17,18.100000,2023-11-14,2023-09-30,-0.130000,-3.390000,-5.339233,-4.291265,0.688801,19.217461,16.882424,14.547388,12.212352,9.877316,,,,,,,,,,17.990000,16.803333,17.122500,17.655000,17.990000,19.393979,16.586021,18.691990,17.288010
2024-01-18,18.250000,2023-11-14,2023-09-30,-0.130000,-3.390000,-5.383481,-4.296052,0.694404,19.271674,16.917646,14.563618,12.209590,9.855562,,,,,,,,,,18.077500,16.845000,17.096250,17.661667,18.077500,19.296419,16.858581,18.686959,17.468041
2024-01-19,18.300000,2023-11-14,2023-09-30,-0.130000,-3.390000,-5.398230,-4.301244,0.700320,19.329383,16.955299,14.581216,12.207133,9.833049,,,,,,,,,,18.162500,16.891667,17.071667,17.668125,18.162500,19.165587,17.159413,18.664044,17.660956
2024-01-22,18.350000,2023-11-14,2023-09-30,-0.130000,-3.390000,-5.412979,-4.307588,0.706938,19.395761,16.999242,14.602723,12.206203,9.809684,,,,,,,,,,18.230000,16.941667,17.052083,17.675208,18.230000,19.072553,17.387447,18.651276,17.808724
2024-01-23,19.200000,2023-11-14,2023-09-30,-0.130000,-3.390000,-5.663717,-4.315553,0.716802,19.489644,17.059685,14.629725,12.199766,9.769807,,,,,,,,,,18.332500,17.000833,17.037500,17.685208,18.332500,19.118747,17.546253,18.725623,17.939377
2024-01-24,18.950000,2023-11-14,2023-09-30,-0.130000,-3.390000,-5.589971,-4.323747,0.725723,19.577901,17.117701,14.657502,12.197302,9.737103,,,,,,,,,,18.380000,17.056667,17.024583,17.695417,18.380000,19.195895,17.564105,18.787947,17.972053
2024-01-25,18.950000,2023-11-14,2023-09-30,-0.130000,-3.390000,-5.589971,-4.331285,0.734160,19.660657,17.171857,14.683056,12.194255,9.705455,,,,,,,,,,18.430000,17.119167,17.008750,17.705625,18.430000,19.257425,17.602575,18.843712,18.016288
2024-01-26,19.000000,2023-11-14,2023-09-30,-0.130000,-3.390000,-5.604720,-4.339789,0.742971,19.749230,17.230557,14.711884,12.193210,9.674537,,,,,,,,,,18.475000,17.170833,16.997083,17.713958,18.475000,19.324458,17.625542,18.899729,18.050271
2024-01-29,18.900000,2023-11-14,2023-09-30,-0.130000,-3.390000,-5.575221,-4.348047,0.751173,19.832834,17.286356,14.739878,12.193400,9.646922,,,,,,,,,,18.512500,17.215000,16.984583,17.718958,18.512500,19.367747,17.657253,18.940123,18.084877
2024-01-30,18.500000,2023-11-14,2023-09-30,-0.130000,-3.390000,-5.457227,-4.355321,0.757679,19.901604,17.333072,14.764539,12.196007,9.627474,,,,,,,,,,18.520000,17.251667,16.968750,17.722500,18.520000,19.371871,17.668129,18.945936,18.094064
2024-01-31,18.400000,2023-11-14,2023-09-30,-0.130000,-3.390000,-5.427729,-4.365065,0.763916,19.976922,17.387247,14.797572,12.207897,9.618222,,,,,,,,,,18.552500,17.292500,16.964167,17.727708,18.552500,19.326740,17.778260,18.939620,18.165380
2024-02-01,17.800000,2023-11-14,2023-09-30,-0.130000,-3.390000,-5.250737,-4.374177,0.767928,20.035010,17.431736,14.828461,12.225187,9.621912,,,,,,,,,,18.545000,17.324167,16.958333,17.732917,18.545000,19.346249,17.743751,18.945625,18.144375
2024-02-02,18.050000,2023-11-14,2023-09-30,-0.130000,-3.390000,-5.324484,-4.384955,0.772137,20.100088,17.482542,14.864997,12.247452,9.629907,,,,,,,,,,18.507500,17.358333,16.957917,17.736667,18.507500,19.328459,17.686541,18.917980,18.097020
2024-02-05,18.050000,2023-11-14,2023-09-30,-0.130000,-3.390000,-5.324484,-4.394990,0.776481,20.163560,17.531288,14.899016,12.266744,9.634472,,,,,,,,,,18.450000,17.395833,16.954167,17.740000,18.450000,19.226632,17.673368,18.838316,18.061684
2024-02-15,17.850000,2023-11-14,2023-09-30,-0.130000,-3.390000,-5.265487,-4.405369,0.779744,20.220866,17.577533,14.934200,12.290867,9.647534,,,,,,,,,,18.402500,17.428333,16.952500,17.739583,18.402500,19.204783,17.600217,18.803641,18.001359
2024-02-16,17.900000,2023-11-14,2023-09-30,-0.130000,-3.390000,-5.280236,-4.416149,0.782843,20.278417,17.624580,14.970744,12.316908,9.663072,,,,,,,,,,18.380000,17.461667,16.952500,17.738333,18.380000,19.213130,17.546870,18.796565,17.963435
2024-02-19,18.250000,2023-11-14,2023-09-30,-0.130000,-3.390000,-5.383481,-4.428253,0.786498,20.344237,17.678008,15.011778,12.345548,9.679319,,,,,,,,,,18.377500,17.493333,16.957500,17.735833,18.377500,19.211940,17.543060,18.794720,17.960280
2024-02-20,18.100000,2023-11-14,2023-09-30,-0.130000,-3.390000,-5.339233,-4.439710,0.789692,20.404727,17.727673,15.050618,12.373563,9.696509,,,,,,,,,,18.370000,17.520000,16.960000,17.733750,18.370000,19.211928,17.528072,18.790964,17.949036
2024-02-21,17.900000,2023-11-14,2023-09-30,-0.130000,-3.390000,-5.280236,-4.450862,0.792050,20.458521,17.773471,15.088421,12.403371,9.718321,,,,,,,,,,18.362500,17.541667,16.961667,17.730208,18.362500,19.218977,17.506023,18.790738,17.934262
2024-02-22,17.800000,2023-11-14,2023-09-30,-0.130000,-3.390000,-5.250737,-4.461581,0.794113,20.508845,17.816803,15.124761,12.432718,9.740676,,,,,,,,,,18.330000,17.565000,16.961667,17.728125,18.330000,19.221126,17.438874,18.775563,17.884437
2024-02-23,17.850000,2023-11-14,2023-09-30,-0.130000,-3.390000,-5.265487,-4.472238,0.796264,20.559556,17.860222,15.160888,12.461554,9.762220,,,,,,,,,,18.317500,17.586667,16.961250,17.725000,18.317500,19.228991,17.406009,18.773245,17.861755
2024-02-26,17.550000,2023-11-14,2023-09-30,-0.130000,-3.390000,-5.176991,-4.482529,0.797334,20.601696,17.898735,15.195774,12.492813,9.789851,,,,,,,,,,18.282500,17.607500,16.960000,17.720417,18.282500,19.256518,17.308482,18.769509,17.795491
2024-02-27,17.250000,2023-11-14,2023-09-30,-0.130000,-3.390000,-5.088496,-4.492083,0.797672,20.636375,17.932267,15.228160,12.524052,9.819945,,,,,,,,,,18.230000,17.622500,16.956250,17.716250,18.230000,19.307717,17.152283,18.768858,17.691142
2024-02-29,17.500000,2023-11-14,2023-09-30,-0.130000,-3.390000,-5.162242,-4.502158,0.798443,20.675761,17.969038,15.262314,12.555591,9.848868,,,,,,,,,,18.187500,17.640000,16.954167,17.710208,18.187500,19.311344,17.063656,18.749422,17.625578
2024-03-01,17.100000,2023-11-14,2023-09-30,-0.130000,-3.390000,-5.044248,-4.511249,0.798352,20.705962,17.999549,15.293136,12.586722,9.880309,,,,,,,,,,18.082500,17.653333,16.948750,17.701250,18.082500,19.200428,16.964572,18.641464,17.523536
2024-03-04,17.300000,2023-11-14,2023-09-30,-0.130000,-3.390000,-5.103245,-4.520740,0.798565,20.739583,18.032446,15.325309,12.618172,9.911035,,,,,,,,,,18.000000,17.663333,16.944583,17.693542,18.000000,19.091595,16.908405,18.545797,17.454203
2024-03-05,17.100000,2023-11-14,2023-09-30,-0.130000,-3.390000,-5.044248,-4.529554,0.798457,20.768728,18.061957,15.355187,12.648416,9.941645,,,,,,,,,,17.907500,17.673333,16.937917,17.684583,17.907500,18.973370,16.841630,18.440435,17.374565
2024-03-06,17.100000,2023-11-14,2023-09-30,-0.130000,-3.390000,-5.044248,-4.539202,0.797616,20.795729,18.091812,15.387895,12.683978,9.980061,,,,,,,,,,17.812500,17.685833,16.935000,17.678750,17.812500,18.804508,16.820492,18.308504,17.316496
2024-03-07,16.900000,2023-11-14,2023-09-30,-0.130000,-3.390000,-4.985251,-4.548174,0.796518,20.818699,18.118504,15.418308,12.718113,10.017917,,,,,,,,,,17.712500,17.693333,16.929583,17.673542,17.712500,18.644321,16.780679,18.178410,17.246590
2024-03-08,16.750000,2023-11-14,2023-09-30,-0.130000,-3.390000,-4.941003,-4.558075,0.793928,20.834710,18.143293,15.451875,12.760458,10.069041,,,,,,,,,,17.625000,17.691667,16.928750,17.667292,17.625000,18.573961,16.676039,18.099480,17.150520
2024-03-11,17.550000,2023-11-14,2023-09-30,-0.130000,-3.390000,-5.176991,-4.570686,0.791618,20.861795,18.178211,15.494626,12.811041,10.127457,,,,,,,,,,17.582500,17.700000,16.937917,17.666875,17.582500,18.458661,16.706339,18.020580,17.144420
2024-03-12,18.000000,2023-11-14,2023-09-30,-0.130000,-3.390000,-5.309735,-4.584218,0.790245,20.898356,18.219427,15.540497,12.861568,10.182639,,,,,,,,,,17.592500,17.722500,16.950000,17.669167,17.592500,18.483552,16.701448,18.038026,17.146974
2024-03-13,18.000000,2023-11-14,2023-09-30,-0.130000,-3.390000,-5.309735,-4.597471,0.788953,20.934529,18.259977,15.585425,12.910873,10.236321,,,,,,,,,,17.590000,17.745000,16.960833,17.670208,17.590000,18.475913,16.704087,18.032957,17.147043
2024-03-14,18.150000,2023-11-14,2023-09-30,-0.130000,-3.390000,-5.353982,-4.610814,0.788087,20.973891,18.302275,15.630659,12.959043,10.287427,,,,,,,,,,17.595000,17.770833,16.971667,17.670833,17.595000,18.492892,16.697108,18.043946,17.146054
2024-03-15,18.350000,2023-11-14,2023-09-30,-0.130000,-3.390000,-5.412979,-4.624834,0.787260,21.015813,18.347001,15.678189,13.009377,10.340565,,,,,,,,,,17.620000,17.800000,16.985000,17.672292,17.620000,18.573884,16.666116,18.096942,17.143058
2024-03-18,17.850000,2023-11-14,2023-09-30,-0.130000,-3.390000,-5.265487,-4.637255,0.785496,21.045955,18.383124,15.720293,13.057462,10.394631,,,,,,,,,,17.617500,17.827500,16.992500,17.670625,17.617500,18.568552,16.666448,18.093026,17.141974
2024-03-19,17.800000,2023-11-14,2023-09-30,-0.130000,-3.390000,-5.250737,-4.649459,0.783537,21.074045,18.417856,15.761667,13.105477,10.449288,,,,,,,,,,17.595000,17.854167,16.999167,17.669167,17.595000,18.503382,16.686618,18.049191,17.140809
2024-03-20,17.850000,2023-11-14,2023-09-30,-0.130000,-3.390000,-5.265487,-4.661787,0.781475,21.101856,18.452657,15.803457,13.154257,10.505057,,,,,,,,,,17.582500,17.880833,17.006250,17.668125,17.582500,18.468220,16.696780,18.025360,17.139640
2024-03-21,18.200000,2023-11-14,2023-09-30,-0.130000,-3.390000,-5.368732,-4.675253,0.779600,21.134796,18.491952,15.849107,13.206263,10.563419,,,,,,,,,,17.597500,17.912500,17.017500,17.666875,17.597500,18.515435,16.679565,18.056468,17.138532
2024-03-22,18.400000,2023-11-14,2023-09-30,-0.130000,-3.390000,-5.427729,-4.689489,0.777594,21.169453,18.533411,15.897368,13.261326,10.625283,,,,,,,,,,17.627500,17.947500,17.031667,17.666667,17.627500,18.610232,16.644768,18.118866,17.136134
2024-03-25,18.400000,2023-11-14,2023-09-30,-0.130000,-3.390000,-5.427729,-4.704097,0.774832,21.200250,18.573569,15.946888,13.320206,10.693525,,,,,,,,,,17.655000,17.987500,17.047500,17.667708,17.655000,18.693166,16.616834,18.174083,17.135917
2024-03-26,18.100000,2023-11-14,2023-09-30,-0.130000,-3.390000,-5.339233,-4.717688,0.771515,21.223832,18.608398,15.992963,13.377528,10.762094,,,,,,,,,,17.682500,18.014167,17.059583,17.666042,17.682500,18.737950,16.627050,18.210225,17.154775
2024-03-27,18.050000,2023-11-14,2023-09-30,-0.130000,-3.390000,-5.324484,-4.731064,0.767967,21.245125,18.641716,16.038307,13.434899,10.831490,,,,,,,,,,17.722500,18.038333,17.070833,17.664792,17.722500,18.769538,16.675462,18.246019,17.198981
2024-03-28,18.100000,2023-11-14,2023-09-30,-0.130000,-3.390000,-5.339233,-4.745027,0.763617,21.262966,18.674304,16.085641,13.496979,10.908316,,,,,,,,,,17.752500,18.056667,17.084583,17.663542,17.752500,18.807052,16.697948,18.279776,17.225224
2024-03-29,17.900000,2023-11-14,2023-09-30,-0.130000,-3.390000,-5.280236,-4.758591,0.758488,21.274170,18.702897,16.131623,13.560349,10.989076,,,,,,,,,,17.792500,18.069167,17.097083,17.660625,17.792500,18.802594,16.782406,18.297547,17.287453
2024-04-01,18.200000,2024-03-31,2023-12-31,-0.190000,-2.370000,-7.679325,-4.792147,0.797229,15.136257,13.246823,11.357389,9.467955,7.578521,,,,,,,,,,17.837500,18.072500,17.112083,17.659375,17.837500,18.835327,16.839673,18.336413,17.338587
2024-04-02,18.050000,2024-03-31,2023-12-31,-0.190000,-2.370000,-7.616034,-4.825826,0.830051,15.371650,13.404429,11.437207,9.469985,7.502764,,,,,,,,,,17.885000,18.074167,17.128750,17.657292,17.885000,18.823700,16.946300,18.354350,17.415650
2024-04-03,17.700000,2024-03-31,2023-12-31,-0.190000,-2.370000,-7.468354,-4.857995,0.856831,15.574827,13.544138,11.513449,9.482759,7.452070,,,,,,,,,,17.915000,18.067500,17.141250,17.653125,17.915000,18.783816,17.046184,18.349408,17.480592
2024-04-08,18.150000,2024-03-31,2023-12-31,-0.190000,-2.370000,-7.658228,-4.892489,0.885316,15.791598,13.693399,11.595200,9.497001,7.398801,,,,,,,,,,17.977500,18.067500,17.160833,17.650417,17.977500,18.707659,17.247341,18.342579,17.612421
2024-04-09,18.900000,2024-03-31,2023-12-31,-0.190000,-2.370000,-7.974684,-4.929342,0.920410,16.045283,13.863912,11.682541,9.501170,7.319799,,,,,,,,,,18.085000,18.076667,17.185417,17.650625,18.085000,18.673575,17.496425,18.379288,17.790712
2024-04-10,18.700000,2024-03-31,2023-12-31,-0.190000,-2.370000,-7.890295,-4.965956,0.949857,16.271636,14.020476,11.769315,9.518155,7.266994,,,,,,,,,,18.142500,18.092500,17.210417,17.648958,18.142500,18.735685,17.549315,18.439092,17.845908
2024-04-11,18.150000,2024-03-31,2023-12-31,-0.190000,-2.370000,-7.658228,-5.000821,0.971193,16.455403,14.153675,11.851946,9.550218,7.248489,,,,,,,,,,18.150000,18.095833,17.231667,17.645000,18.150000,18.739380,17.560620,18.444690,17.855310
2024-04-12,17.900000,2024-03-31,2023-12-31,-0.190000,-2.370000,-7.552743,-5.034065,0.989680,16.621818,14.276276,11.930734,9.585193,7.239651,,,,,,,,,,18.145000,18.080833,17.247500,17.641458,18.145000,18.741393,17.548607,18.443196,17.846804
2024-04-15,17.900000,2024-03-31,2023-12-31,-0.190000,-2.370000,-7.552743,-5.067123,1.006999,16.782256,14.395669,12.009083,9.622496,7.235909,,,,,,,,,,18.132500,18.059167,17.262500,17.640000,18.132500,18.738848,17.526152,18.435674,17.829326
2024-04-16,17.600000,2024-03-31,2023-12-31,-0.190000,-2.370000,-7.426160,-5.099776,1.019462,16.918721,14.502596,12.086470,9.670345,7.254219,,,,,,,,,,18.095000,18.039167,17.277917,17.637917,18.095000,18.736462,17.453538,18.415731,17.774269
2024-04-17,17.550000,2024-03-31,2023-12-31,-0.190000,-2.370000,-7.405063,-5.132347,1.030192,17.046771,14.605216,12.163661,9.722106,7.280552,,,,,,,,,,18.080000,18.025833,17.293333,17.635000,18.080000,18.758543,17.401457,18.419272,17.740728
2024-04-18,17.650000,2024-03-31,2023-12-31,-0.190000,-2.370000,-7.447257,-5.165268,1.040553,17.173909,14.707797,12.241686,9.775574,7.309462,,,,,,,,,,18.072500,18.015000,17.309583,17.632083,18.072500,18.767198,17.377802,18.419849,17.725151
2024-04-19,17.150000,2024-03-31,2023-12-31,-0.190000,-2.370000,-7.236287,-5.196989,1.045214,17.271175,14.794019,12.316863,9.839707,7.362550,,,,,,,,,,18.037500,17.996667,17.324167,17.628750,18.037500,18.841356,17.233644,18.439428,17.635572
2024-04-22,16.850000,2024-03-31,2023-12-31,-0.190000,-2.370000,-7.109705,-5.227840,1.046589,17.350810,14.870395,12.389980,9.909565,7.429150,,,,,,,,,,17.970000,17.976667,17.337083,17.624375,17.970000,18.928288,17.011712,18.449144,17.490856
2024-04-23,17.350000,2024-03-31,2023-12-31,-0.190000,-2.370000,-7.320675,-5.261006,1.049343,17.442467,14.955525,12.468583,9.981641,7.494700,,,,,,,,,,17.917500,17.958333,17.356667,17.622917,17.917500,18.891518,16.943482,18.404509,17.430491
2024-04-24,17.250000,2024-03-31,2023-12-31,-0.190000,-2.370000,-7.278481,-5.293449,1.051045,17.527429,15.036451,12.545474,10.054496,7.563518,,,,,,,,,,17.860000,17.944167,17.373750,17.623958,17.860000,18.849737,16.870263,18.354868,17.365132
2024-04-25,17.450000,2024-03-31,2023-12-31,-0.190000,-2.370000,-7.362869,-5.325574,1.054916,17.621915,15.121763,12.621611,10.121460,7.621308,,,,,,,,,,17.827500,17.930833,17.387917,17.624583,17.827500,18.826697,16.828303,18.327099,17.327901
2024-04-26,18.250000,2024-03-31,2023-12-31,-0.190000,-2.370000,-7.700422,-5.360977,1.062772,17.743054,15.224285,12.705515,10.186746,7.667976,,,,,,,,,,17.837500,17.930000,17.410833,17.629583,17.837500,18.849988,16.825012,18.343744,17.331256
2024-04-29,18.400000,2024-03-31,2023-12-31,-0.190000,-2.370000,-7.763713,-5.397185,1.070035,17.863296,15.327312,12.791329,10.255346,7.719363,,,,,,,,,,17.852500,17.930833,17.436250,17.635000,17.852500,18.889944,16.815056,18.371222,17.333778
2024-04-30,18.300000,2024-03-31,2023-12-31,-0.190000,-2.370000,-7.721519,-5.432485,1.076294,17.976622,15.425806,12.874990,10.324174,7.773358,,,,,,,,,,17.872500,17.915833,17.458333,17.639167,17.872500,18.929046,16.815954,18.400773,17.344227
2024-05-02,17.900000,2024-03-31,2023-12-31,-0.190000,-2.370000,-7.552743,-5.466472,1.078333,18.066834,15.511186,12.955538,10.399890,7.844242,,,,,,,,,,17.857500,17.898333,17.477500,17.641875,17.857500,18.902929,16.812071,18.380214,17.334786
2024-05-03,18.250000,2024-03-31,2023-12-31,-0.190000,-2.370000,-7.700422,-5.502431,1.080295,18.161359,15.601060,13.040761,10.480462,7.920163,,,,,,,,,,17.867500,17.886667,17.502917,17.644167,17.867500,18.924444,16.810556,18.395972,17.339028
2024-05-06,18.000000,2024-03-31,2023-12-31,-0.190000,-2.370000,-7.594937,-5.536212,1.081831,18.248701,15.684762,13.120823,10.556883,7.992944,,,,,,,,,,17.882500,17.870000,17.520417,17.646042,17.882500,18.937950,16.827050,18.410225,17.354775
2024-05-07,17.850000,2024-03-31,2023-12-31,-0.190000,-2.370000,-7.531646,-5.568816,1.082526,18.329269,15.763681,13.198094,10.632507,8.066920,,,,,,,,,,17.867500,17.852500,17.533750,17.649167,17.867500,18.915443,16.819557,18.391471,17.343529
2024-05-08,17.700000,2024-03-31,2023-12-31,-0.190000,-2.370000,-7.468354,-5.600800,1.081468,18.400057,15.836976,13.273896,10.710816,8.147735,,,,,,,,,,17.807500,17.839167,17.545417,17.652292,17.807500,18.737285,16.877715,18.272392,17.342608
2024-05-09,17.500000,2024-03-31,2023-12-31,-0.190000,-2.370000,-7.383966,-5.632730,1.077035,18.454715,15.902143,13.349571,10.796998,8.244426,,,,,,,,,,17.747500,17.824167,17.558333,17.654167,17.747500,18.585087,16.909913,18.166294,17.328706
2024-05-10,17.500000,2024-03-31,2023-12-31,-0.190000,-2.370000,-7.383966,-5.664753,1.071439,18.504085,15.964775,13.425465,10.886155,8.346845,,,,,,,,,,17.715000,17.819167,17.571667,17.656042,17.715000,18.537128,16.892872,18.126064,17.303936
2024-05-13,17.750000,2024-03-31,2023-12-31,-0.190000,-2.370000,-7.489451,-5.697470,1.066666,18.559001,16.031002,13.503003,10.975004,8.447005,,,,,,,,,,17.707500,17.814167,17.586250,17.658125,17.707500,18.525247,16.889753,18.116374,17.298626
2024-05-14,17.750000,2024-03-31,2023-12-31,-0.190000,-2.370000,-7.489451,-5.730557,1.060083,18.606213,16.093817,13.581421,11.069025,8.556629,,,,,,,,,,17.700000,17.809167,17.602500,17.660208,17.700000,18.513051,16.886949,18.106526,17.293474
2024-05-15,18.150000,2024-05-15,2024-03-31,-0.460000,-1.410000,-12.872340,-5.808317,1.227197,11.650422,9.920074,8.189727,6.459379,4.729032,,,,,,,,,,17.727500,17.814167,17.621250,17.663333,17.727500,18.563200,16.891800,18.145350,17.309650
2024-05-16,18.600000,2024-05-15,2024-03-31,-0.460000,-1.410000,-13.191489,-5.879160,1.395896,12.226042,10.257829,8.289616,6.321404,4.353191,,,,,,,,,,17.780000,17.825833,17.643750,17.666667,17.780000,18.696745,16.863255,18.238372,17.321628
2024-05-17,18.100000,2024-05-15,2024-03-31,-0.460000,-1.410000,-12.836879,-5.945943,1.530183,12.698894,10.541337,8.383779,6.226222,4.068664,,,,,,,,,,17.802500,17.823333,17.658333,17.668750,17.802500,18.727859,16.877141,18.265180,17.339820
2024-05-20,18.200000,2024-05-15,2024-03-31,-0.460000,-1.410000,-12.907801,-6.012947,1.653615,13.141451,10.809853,8.478256,6.146658,3.815061,,,,,,,,,,17.855000,17.825000,17.672500,17.671042,17.855000,18.742871,16.967129,18.298936,17.411064
2024-05-21,17.900000,2024-05-15,2024-03-31,-0.460000,-1.410000,-12.695035,-6.077933,1.759241,13.530944,11.050415,8.569885,6.089356,3.608827,,,,,,,,,,17.907500,17.825000,17.683333,17.672708,17.907500,18.658832,17.156168,18.283166,17.531834
2024-05-22,18.400000,2024-05-15,2024-03-31,-0.460000,-1.410000,-13.049645,-6.146365,1.867009,13.931342,11.298858,8.666375,6.033892,3.401408,,,,,,,,,,17.960000,17.835000,17.700000,17.676875,17.960000,18.693844,17.226156,18.326922,17.593078
2024-05-23,18.000000,2024-05-15,2024-03-31,-0.460000,-1.410000,-12.765957,-6.212065,1.958613,14.282300,11.520656,8.759011,5.997367,3.235723,,,,,,,,,,17.997500,17.837500,17.712083,17.678333,17.997500,18.650811,17.344189,18.324156,17.670844
2024-05-24,18.200000,2024-05-15,2024-03-31,-0.460000,-1.410000,-12.907801,-6.279561,2.047378,14.627788,11.740984,8.854181,5.967378,3.080575,,,,,,,,,,18.035000,17.848333,17.727917,17.680833,18.035000,18.640327,17.429673,18.337664,17.732336
2024-05-27,18.350000,2024-05-15,2024-03-31,-0.460000,-1.410000,-13.014184,-6.347821,2.133159,14.965935,11.958181,8.950427,5.942673,2.934920,,,,,,,,,,18.040000,17.866667,17.744583,17.683958,18.040000,18.654389,17.425611,18.347194,17.732806
2024-05-28,18.300000,2024-05-15,2024-03-31,-0.460000,-1.410000,-12.978723,-6.415539,2.212790,15.285978,12.165944,9.045910,5.925877,2.805843,,,,,,,,,,18.035000,17.880000,17.760000,17.686875,18.035000,18.638586,17.431414,18.336793,17.733207
2024-05-29,17.950000,2024-05-15,2024-03-31,-0.460000,-1.410000,-12.730496,-6.481558,2.281546,15.572955,12.355976,9.138997,5.922018,2.705038,,,,,,,,,,18.017500,17.894167,17.773750,17.687708,18.017500,18.608908,17.426092,18.313204,17.721796
2024-05-30,18.000000,2024-05-15,2024-03-31,-0.460000,-1.410000,-12.765957,-6.546889,2.347914,15.852230,12.541671,9.231113,5.920555,2.609997,,,,,,,,,,18.022500,17.905833,17.784583,17.685625,18.022500,18.611411,17.433589,18.316955,17.728045
2024-05-31,17.800000,2024-05-15,2024-03-31,-0.460000,-1.410000,-12.624113,-6.611529,2.407309,16.110867,12.716562,9.322256,5.927951,2.533645,,,,,,,,,,18.000000,17.917500,17.795417,17.681875,18.000000,18.586695,17.413305,18.293347,17.706653
2024-06-03,17.800000,2024-05-15,2024-03-31,-0.460000,-1.410000,-12.624113,-6.676539,2.463287,16.360390,12.887155,9.413919,5.940684,2.467449,,,,,,,,,,17.990000,17.929167,17.807500,17.678750,17.990000,18.583473,17.396527,18.286737,17.693263
2024-06-04,17.500000,2024-05-15,2024-03-31,-0.460000,-1.410000,-12.411348,-6.739529,2.512408,16.587727,13.045231,9.502736,5.960240,2.417745,,,,,,,,,,17.972500,17.939167,17.816250,17.675625,17.972500,18.602851,17.342149,18.287675,17.657325
2024-06-05,17.500000,2024-05-15,2024-03-31,-0.460000,-1.410000,-12.411348,-6.801536,2.559756,16.808678,13.199422,9.590166,5.980909,2.371653,,,,,,,,,,17.962500,17.951667,17.821667,17.672500,17.962500,18.616938,17.308062,18.289719,17.635281
2024-06-06,17.450000,2024-05-15,2024-03-31,-0.460000,-1.410000,-12.375887,-6.862756,2.604478,17.021114,13.348800,9.676486,6.004172,2.331858,,,,,,,,,,17.960000,17.950000,17.825000,17.668333,17.960000,18.622213,17.297787,18.291107,17.628893
2024-06-07,18.050000,2024-05-15,2024-03-31,-0.460000,-1.410000,-12.801418,-6.928505,2.653925,17.253261,13.511227,9.769192,6.027158,2.285123,,,,,,,,,,17.987500,17.950833,17.836667,17.666250,17.987500,18.613998,17.361002,18.300749,17.674251
2024-06-11,17.950000,2024-05-15,2024-03-31,-0.460000,-1.410000,-12.730496,-6.993663,2.699580,17.473882,13.667474,9.861065,6.054657,2.248249,,,,,,,,,,17.997500,17.950000,17.847500,17.664583,17.997500,18.614347,17.380653,18.305923,17.689077
2024-06-12,17.650000,2024-05-15,2024-03-31,-0.460000,-1.410000,-12.517730,-7.057171,2.739187,17.675120,13.812866,9.950612,6.088357,2.226103,,,,,,,,,,17.992500,17.941667,17.856250,17.661458,17.992500,18.619334,17.365666,18.305917,17.679083
2024-06-13,17.950000,2024-05-15,2024-03-31,-0.460000,-1.410000,-12.730496,-7.122453,2.780307,17.883123,13.962890,10.042658,6.122426,2.202194,,,,,,,,,,17.982500,17.935000,17.867500,17.658542,17.982500,18.605122,17.359878,18.293811,17.671189
2024-06-14,18.300000,2024-05-15,2024-03-31,-0.460000,-1.410000,-12.978723,-7.190786,2.822665,18.098923,14.118966,10.139008,6.159050,2.179092,,,,,,,,,,17.967500,17.942500,17.885000,17.650625,17.967500,18.539914,17.395086,18.253707,17.681293
2024-06-17,18.550000,2024-05-15,2024-03-31,-0.460000,-1.410000,-13.156028,-7.260596,2.865774,18.318923,14.278182,10.237441,6.196699,2.155958,,,,,,,,,,17.990000,17.955000,17.904583,17.646250,17.990000,18.617107,17.362893,18.303553,17.676447
2024-06-18,18.450000,2024-05-15,2024-03-31,-0.460000,-1.410000,-13.085106,-7.329693,2.905474,18.528305,14.431586,10.334867,6.238148,2.141429,,,,,,,,,,18.002500,17.965000,17.922917,17.639375,18.002500,18.656617,17.348383,18.329558,17.675442
2024-06-19,18.250000,2024-05-15,2024-03-31,-0.460000,-1.410000,-12.943262,-7.397485,2.940838,18.723617,14.577035,10.430453,6.283871,2.137289,,,,,,,,,,18.020000,17.965833,17.939167,17.633333,18.020000,18.681259,17.358741,18.350629,17.689371
2024-06-20,18.150000,2024-05-15,2024-03-31,-0.460000,-1.410000,-12.872340,-7.464685,2.973133,18.909442,14.717324,10.525206,6.333088,2.140970,,,,,,,,,,18.007500,17.961667,17.954583,17.630417,18.007500,18.647627,17.367373,18.327564,17.687436
2024-06-21,18.850000,2024-05-15,2024-03-31,-0.460000,-1.410000,-13.368794,-7.536760,3.010631,19.116811,14.871821,10.626832,6.381843,2.136854,,,,,,,,,,18.050000,17.969167,17.978333,17.631042,18.050000,18.792684,17.307316,18.421342,17.678658
2024-06-24,18.350000,2024-05-15,2024-03-31,-0.460000,-1.410000,-13.014184,-7.604652,3.041625,19.299941,15.011250,10.722559,6.433867,2.145176,,,,,,,,,,18.057500,17.973333,17.993750,17.629375,18.057500,18.809532,17.305468,18.433516,17.681484
2024-06-25,17.950000,2024-05-15,2024-03-31,-0.460000,-1.410000,-12.730496,-7.669933,3.066979,19.463485,15.139045,10.814605,6.490165,2.165725,,,,,,,,,,18.037500,17.971667,18.005000,17.626667,18.037500,18.777966,17.297034,18.407733,17.667267
2024-06-26,17.700000,2024-05-15,2024-03-31,-0.460000,-1.410000,-12.553191,-7.732753,3.089259,19.614893,15.259038,10.903182,6.547326,2.191470,,,,,,,,,,18.007500,17.965000,18.010833,17.623125,18.007500,18.751794,17.263206,18.379647,17.635353
2024-06-27,17.700000,2024-05-15,2024-03-31,-0.460000,-1.410000,-12.553191,-7.795205,3.110431,19.762654,15.376946,10.991239,6.605531,2.219823,,,,,,,,,,17.995000,17.961667,18.015417,17.618750,17.995000,18.751655,17.238345,18.373327,17.616673
2024-06-28,17.800000,2024-05-15,2024-03-31,-0.460000,-1.410000,-12.624113,-7.856158,3.132902,19.911966,15.494574,11.077183,6.659791,2.242399,,,,,,,,,,17.985000,17.955000,18.013750,17.615208,17.985000,18.746646,17.223354,18.365823,17.604177
2024-07-01,17.700000,2024-05-15,2024-03-31,-0.460000,-1.410000,-12.553191,-7.916643,3.153040,20.054038,15.608252,11.162466,6.716681,2.270895,,,,,,,,,,17.980000,17.949167,18.011667,17.610208,17.980000,18.748046,17.211954,18.364023,17.595977
2024-07-02,17.600000,2024-05-15,2024-03-31,-0.460000,-1.410000,-12.482270,-7.976168,3.171345,20.189590,15.717994,11.246397,6.774801,2.303204,,,,,,,,,,17.970000,17.947500,18.007500,17.606875,17.970000,18.752977,17.187023,18.361488,17.578512
2024-07-03,17.850000,2024-05-15,2024-03-31,-0.460000,-1.410000,-12.659574,-8.037048,3.190648,20.329865,15.831051,11.332238,6.833424,2.334611,,,,,,,,,,17.987500,17.942500,18.005000,17.603750,17.987500,18.741350,17.233650,18.364425,17.610575
2024-07-04,18.000000,2024-05-15,2024-03-31,-0.460000,-1.410000,-12.765957,-8.098323,3.210375,20.471892,15.945264,11.418635,6.892007,2.365379,,,,,,,,,,18.012500,17.927500,18.002083,17.598542,18.012500,18.730593,17.294407,18.371547,17.653453
2024-07-05,18.450000,2024-05-15,2024-03-31,-0.460000,-1.410000,-13.085106,-8.163732,3.231457,20.623573,16.067218,11.510863,6.954507,2.398152,,,,,,,,,,18.062500,17.923333,18.007917,17.596042,18.062500,18.754465,17.370535,18.408483,17.716517
2024-07-08,18.400000,2024-05-15,2024-03-31,-0.460000,-1.410000,-13.049645,-8.228354,3.251085,20.770040,16.186010,11.601980,7.017950,2.433919,,,,,,,,,,18.080000,17.927500,18.011667,17.593333,18.080000,18.788148,17.371852,18.434074,17.725926
2024-07-09,18.250000,2024-05-15,2024-03-31,-0.460000,-1.410000,-12.943262,-8.290001,3.269871,20.909938,16.299419,11.688901,7.078382,2.467864,,,,,,,,,,18.095000,17.933333,18.007083,17.589792,18.095000,18.804262,17.385738,18.449631,17.740369
2024-07-10,18.650000,2024-05-15,2024-03-31,-0.460000,-1.410000,-13.226950,-8.353028,3.291642,21.060201,16.418985,11.777769,7.136553,2.495337,,,,,,,,,,18.145000,17.945833,18.002500,17.586458,18.145000,18.863112,17.426888,18.504056,17.785944
2024-07-11,18.900000,2024-05-15,2024-03-31,-0.460000,-1.410000,-13.404255,-8.418515,3.313423,21.213959,16.542033,11.870107,7.198181,2.526255,,,,,,,,,,18.192500,17.967500,18.003333,17.586042,18.192500,18.978747,17.406253,18.585623,17.799377
2024-07-12,19.750000,2024-05-15,2024-03-31,-0.460000,-1.410000,-14.007092,-8.490133,3.340680,21.391805,16.681446,11.971087,7.260728,2.550370,,,,,,,,,,18.265000,18.004167,18.015000,17.589792,18.265000,19.315864,17.214136,18.790432,17.739568
2024-07-15,19.100000,2024-05-15,2024-03-31,-0.460000,-1.410000,-13.546099,-8.558032,3.360055,21.542181,16.804503,12.066825,7.329147,2.591468,,,,,,,,,,18.292500,18.028333,18.021667,17.589583,18.292500,19.401921,17.183079,18.847211,17.737789
2024-07-16,18.900000,2024-05-15,2024-03-31,-0.460000,-1.410000,-13.404255,-8.624872,3.376113,21.681708,16.921389,12.161069,7.400749,2.640430,,,,,,,,,,18.315000,18.057500,18.027083,17.588333,18.315000,19.455683,17.174317,18.885342,17.744658
2024-07-17,19.200000,2024-05-15,2024-03-31,-0.460000,-1.410000,-13.617021,-8.693976,3.392818,21.826254,17.042380,12.258506,7.474632,2.690759,,,,,,,,,,18.362500,18.096667,18.036667,17.589583,18.362500,19.569006,17.155994,18.965753,17.759247
2024-07-18,19.150000,2024-05-15,2024-03-31,-0.460000,-1.410000,-13.581560,-8.761802,3.408589,21.966361,17.160251,12.354141,7.548030,2.741920,,,,,,,,,,18.412500,18.126667,18.042500,17.589583,18.412500,19.663973,17.161027,19.038236,17.786764
2024-07-19,19.000000,2024-05-15,2024-03-31,-0.460000,-1.410000,-13.475177,-8.829601,3.420832,22.096485,17.273112,12.449738,7.626364,2.802990,,,,,,,,,,18.420000,18.155833,18.050000,17.586250,18.420000,19.684245,17.155755,19.052123,17.787877
2024-07-22,18.400000,2024-05-15,2024-03-31,-0.460000,-1.410000,-13.049645,-8.893486,3.427512,22.205398,17.372607,12.539815,7.707024,2.874232,,,,,,,,,,18.422500,18.171667,18.051250,17.573750,18.422500,19.686360,17.158640,19.054430,17.790570
2024-07-23,17.900000,2024-05-15,2024-03-31,-0.460000,-1.410000,-12.695035,-8.954293,3.429707,22.297326,17.461439,12.625553,7.789666,2.953780,,,,,,,,,,18.420000,18.165833,18.047917,17.559792,18.420000,19.687986,17.152014,19.053993,17.786007
2024-07-26,18.050000,2024-05-15,2024-03-31,-0.460000,-1.410000,-12.801418,-9.015863,3.431917,22.390372,17.551370,12.712367,7.873364,3.034361,,,,,,,,,,18.437500,18.160000,18.045417,17.548750,18.437500,19.672888,17.202112,19.055194,17.819806
2024-07-29,17.800000,2024-05-15,2024-03-31,-0.460000,-1.410000,-12.624113,-9.073866,3.433605,22.476917,17.635534,12.794152,7.952769,3.111387,,,,,,,,,,18.442500,18.151667,18.033750,17.535625,18.442500,19.666073,17.218927,19.054287,17.830713
2024-07-30,18.200000,2024-05-15,2024-03-31,-0.460000,-1.410000,-12.907801,-9.134848,3.436192,22.570198,17.725167,12.880136,8.035105,3.190075,,,,,,,,,,18.462500,18.156667,18.027500,17.526042,18.462500,19.654524,17.270476,19.058512,17.866488
2024-07-31,17.850000,2024-05-15,2024-03-31,-0.460000,-1.410000,-12.659574,-9.193762,3.435509,22.651338,17.807271,12.963204,8.119137,3.275070,,,,,,,,,,18.470000,18.150000,18.018333,17.513542,18.470000,19.643569,17.296431,19.056784,17.883216
2024-08-01,17.850000,2024-05-15,2024-03-31,-0.460000,-1.410000,-12.659574,-9.252552,3.433938,22.729803,17.887951,13.046098,8.204246,3.362394,,,,,,,,,,18.482500,18.147500,18.008750,17.502917,18.482500,19.621879,17.343121,19.052189,17.912811
2024-08-02,17.750000,2024-05-15,2024-03-31,-0.460000,-1.410000,-12.588652,-9.310997,3.430506,22.802534,17.965520,13.128506,8.291493,3.454479,,,,,,,,,,18.477500,18.145833,17.999167,17.491875,18.477500,19.629375,17.325625,19.053437,17.901563
2024-08-05,15.300000,2024-05-15,2024-03-31,-0.460000,-1.410000,-10.851064,-9.355946,3.414888,22.821869,18.006877,13.191884,8.376891,3.561898,,,,,,,,,,18.342500,18.105833,17.972500,17.470625,18.342500,20.166687,16.518313,19.254593,17.430407
2024-08-06,14.750000,2024-05-15,2024-03-31,-0.460000,-1.410000,-10.460993,-9.397890,3.397099,22.830843,18.040934,13.251025,8.461116,3.671207,,,,,,,,,,18.157500,18.060000,17.942083,17.453125,18.157500,20.586118,15.728882,19.371809,16.943191
2024-08-07,14.950000,2024-05-15,2024-03-31,-0.460000,-1.410000,-10.602837,-9.442491,3.377269,22.837810,18.075861,13.313912,8.551963,3.790013,,,,,,,,,,17.985000,18.017500,17.918333,17.438333,17.985000,20.800390,15.169610,19.392695,16.577305
2024-08-08,15.050000,2024-05-15,2024-03-31,-0.460000,-1.410000,-10.673759,-9.487068,3.357704,22.845492,18.111129,13.376766,8.642403,3.908040,,,,,,,,,,17.825000,17.972500,17.893333,17.425625,17.825000,20.926188,14.723812,19.375594,16.274406
2024-08-09,15.450000,2024-05-15,2024-03-31,-0.460000,-1.410000,-10.957447,-9.534009,3.338341,22.857074,18.150013,13.442953,8.735893,4.028833,,,,,,,,,,17.665000,17.934167,17.871667,17.412917,17.665000,20.913660,14.416340,19.289330,16.040670
2024-08-12,15.550000,2024-05-15,2024-03-31,-0.460000,-1.410000,-11.028369,-9.582033,3.317807,22.866884,18.188776,13.510667,8.832559,4.154450,,,,,,,,,,17.497500,17.890833,17.852500,17.402500,17.497500,20.822600,14.172400,19.160050,15.834950
2024-08-13,15.500000,2024-05-15,2024-03-31,-0.460000,-1.410000,-10.992908,-9.629639,3.296480,22.873865,18.225828,13.577791,8.929754,4.281717,,,,,,,,,,17.285000,17.839167,17.832500,17.392500,17.285000,20.546595,14.023405,18.915797,15.654203
2024-08-14,15.750000,2024-08-14,2024-06-30,-0.030000,-0.810000,-19.444444,-9.746814,3.392775,13.391215,10.643067,7.894919,5.146771,2.398623,,,,,,,,,,17.117500,17.800000,17.811667,17.384583,17.117500,20.330348,13.904652,18.723924,15.511076
2024-08-15,15.850000,2024-08-14,2024-06-30,-0.030000,-0.810000,-19.567901,-9.865386,3.484829,13.636385,10.813674,7.990963,5.168251,2.345540,,,,,,,,,,16.965000,17.760833,17.792917,17.376458,16.965000,20.110439,13.819561,18.537720,15.392280
2024-08-16,16.600000,2024-08-14,2024-06-30,-0.030000,-0.810000,-20.493827,-9.992166,3.591717,13.912235,11.002945,8.093654,5.184364,2.275073,,,,,,,,,,16.835000,17.739167,17.782083,17.371875,16.835000,19.801320,13.868680,18.318160,15.351840
2024-08-19,16.700000,2024-08-14,2024-06-30,-0.030000,-0.810000,-20.617284,-10.120220,3.693732,14.181225,11.189302,8.197379,5.205455,2.213532,,,,,,,,,,16.712500,17.710833,17.772917,17.367292,16.712500,19.471385,13.953615,18.091943,15.333057
2024-08-20,16.450000,2024-08-14,2024-06-30,-0.030000,-0.810000,-20.308642,-10.245580,3.781806,14.425446,11.362183,8.298920,5.235657,2.172394,,,,,,,,,,16.585000,17.685000,17.761250,17.361250,16.585000,19.125845,14.044155,17.855423,15.314577
2024-08-21,16.200000,2024-08-14,2024-06-30,-0.030000,-0.810000,-20.000000,-10.369105,3.856210,14.646035,11.522505,8.398975,5.275445,2.151915,,,,,,,,,,16.475000,17.651667,17.750000,17.355000,16.475000,18.871379,14.078621,17.673189,15.276811
2024-08-22,16.850000,2024-08-14,2024-06-30,-0.030000,-0.810000,-20.802469,-10.500055,3.941254,14.889876,11.697460,8.505044,5.312629,2.120213,,,,,,,,,,16.422500,17.626667,17.746667,17.351458,16.422500,18.731857,14.113143,17.577179,15.267821
2024-08-23,16.900000,2024-08-14,2024-06-30,-0.030000,-0.810000,-20.864198,-10.630905,4.022367,15.127268,11.869150,8.611033,5.352915,2.094798,,,,,,,,,,16.365000,17.603333,17.741667,17.347917,16.365000,18.558075,14.171925,17.461538,15.268462
2024-08-26,16.900000,2024-08-14,2024-06-30,-0.030000,-0.810000,-20.864198,-10.762737,4.096296,15.353817,12.035817,8.717817,5.399818,2.081818,,,,,,,,,,16.320000,17.585833,17.740000,17.344375,16.320000,18.424231,14.215769,17.372116,15.267884
2024-08-27,16.900000,2024-08-14,2024-06-30,-0.030000,-0.810000,-20.864198,-10.894079,4.165400,15.572152,12.198178,8.824204,5.450229,2.076255,,,,,,,,,,16.255000,17.567500,17.736667,17.340625,16.255000,18.188064,14.321936,17.221532,15.288468
2024-08-28,16.750000,2024-08-14,2024-06-30,-0.030000,-0.810000,-20.679012,-11.024368,4.224980,15.774206,12.351972,8.929738,5.507505,2.085271,,,,,,,,,,16.200000,17.550000,17.733750,17.335833,16.200000,18.000000,14.400000,17.100000,15.300000
2024-08-29,16.750000,2024-08-14,2024-06-30,-0.030000,-0.810000,-20.679012,-11.154658,4.279733,15.968440,12.501857,9.035273,5.568690,2.102106,,,,,,,,,,16.145000,17.532500,17.730833,17.332917,16.145000,17.793572,14.496428,16.969286,15.320714
2024-08-30,16.450000,2024-08-14,2024-06-30,-0.030000,-0.810000,-20.308642,-11.282353,4.322498,16.141152,12.639929,9.138706,5.637483,2.136260,,,,,,,,,,16.080000,17.515000,17.727083,17.328333,16.080000,17.555555,14.604445,16.817778,15.342222
2024-09-02,16.350000,2024-08-14,2024-06-30,-0.030000,-0.810000,-20.185185,-11.409388,4.358422,16.302248,12.771926,9.241604,5.711282,2.180960,,,,,,,,,,16.132500,17.495833,17.723750,17.326250,16.132500,17.565302,14.699698,16.848901,15.416099
2024-09-03,16.100000,2024-08-14,2024-06-30,-0.030000,-0.810000,-19.876543,-11.531884,4.388253,16.449796,12.895311,9.340826,5.786341,2.231856,,,,,,,,,,16.200000,17.473333,17.711667,17.324792,16.200000,17.477333,14.922667,16.838666,15.561334
2024-09-04,15.550000,2024-08-14,2024-06-30,-0.030000,-0.810000,-19.197531,-11.647616,4.405873,16.572084,13.003326,9.434569,5.865811,2.297054,,,,,,,,,,16.230000,17.431667,17.691250,17.320625,16.230000,17.408045,15.051955,16.819022,15.640978
2024-09-05,15.400000,2024-08-14,2024-06-30,-0.030000,-0.810000,-19.012346,-11.761804,4.417783,16.683871,13.105466,9.527061,5.948657,2.370252,,,,,,,,,,16.247500,17.389167,17.669583,17.315208,16.247500,17.360332,15.134668,16.803916,15.691084
2024-09-06,15.650000,2024-08-14,2024-06-30,-0.030000,-0.810000,-19.320988,-11.878196,4.431510,16.800386,13.210862,9.621339,6.031815,2.442292,,,,,,,,,,16.257500,17.355833,17.648750,17.310208,16.257500,17.343427,15.171573,16.800463,15.714537
2024-09-09,15.600000,2024-08-14,2024-06-30,-0.030000,-0.810000,-19.259259,-11.993582,4.442007,16.910852,13.312826,9.714801,6.116776,2.518750,,,,,,,,,,16.260000,17.316667,17.625833,17.305417,16.260000,17.339279,15.180721,16.799639,15.720361
2024-09-10,15.400000,2024-08-14,2024-06-30,-0.030000,-0.810000,-19.012346,-12.108139,4.444296,17.007352,13.407472,9.807592,6.207713,2.607833,,,,,,,,,,16.255000,17.268333,17.605417,17.298958,16.255000,17.349916,15.160084,16.802458,15.707542
2024-09-11,15.850000,2024-08-14,2024-06-30,-0.030000,-0.810000,-19.567901,-12.227448,4.450830,17.114577,13.509405,9.904233,6.299061,2.693889,,,,,,,,,,16.260000,17.223333,17.589167,17.294167,16.260000,17.346084,15.173916,16.803042,15.716958
2024-09-12,16.250000,2024-08-14,2024-06-30,-0.030000,-0.810000,-20.061728,-12.350750,4.461280,17.231381,13.617744,10.004108,6.390471,2.776835,,,,,,,,,,16.280000,17.186667,17.575833,17.291042,16.280000,17.348890,15.211110,16.814445,15.745555
2024-09-13,16.250000,2024-08-14,2024-06-30,-0.030000,-0.810000,-20.061728,-12.473192,4.469665,17.344142,13.723714,10.103286,6.482857,2.862429,,,,,,,,,,16.262500,17.153333,17.559583,17.288542,16.262500,17.320738,15.204262,16.791619,15.733381
2024-09-16,17.050000,2024-08-14,2024-06-30,-0.030000,-0.810000,-21.049383,-12.603373,4.490185,17.482831,13.845781,10.208732,6.571682,2.934633,,,,,,,,,,16.280000,17.135000,17.548333,17.290000,16.280000,17.379474,15.180526,16.829737,15.730263
2024-09-18,16.650000,2024-08-14,2024-06-30,-0.030000,-0.810000,-20.555556,-12.729438,4.499383,17.599846,13.955345,10.310845,6.666344,3.021844,,,,,,,,,,16.290000,17.098333,17.533750,17.290625,16.290000,17.399576,15.180424,16.844788,15.735212
2024-09-19,16.750000,2024-08-14,2024-06-30,-0.030000,-0.810000,-20.679012,-12.857269,4.505561,17.713397,14.063892,10.414388,6.764884,3.115380,,,,,,,,,,16.317500,17.071667,17.522500,17.291042,16.317500,17.444805,15.190195,16.881152,15.753848
2024-09-20,17.050000,2024-08-14,2024-06-30,-0.030000,-0.810000,-21.049383,-12.988310,4.513301,17.832079,14.176305,10.520531,6.864757,3.208983,,,,,,,,,,16.327500,17.056667,17.514167,17.292500,16.327500,17.478003,15.176997,16.902752,15.752248
2024-09-23,16.900000,2024-08-14,2024-06-30,-0.030000,-0.810000,-20.864198,-13.117685,4.514709,17.939153,14.282239,10.625325,6.968410,3.311496,,,,,,,,,,16.327500,17.043333,17.504167,17.294375,16.327500,17.478003,15.176997,16.902752,15.752248
2024-09-24,16.900000,2024-08-14,2024-06-30,-0.030000,-0.810000,-20.864198,-13.247551,4.511506,18.039155,14.384836,10.730516,7.076197,3.421877,,,,,,,,,,16.327500,17.030000,17.495833,17.296458,16.327500,17.478003,15.176997,16.902752,15.752248
2024-09-25,16.950000,2024-08-14,2024-06-30,-0.030000,-0.810000,-20.925926,-13.357939,4.536109,18.168428,14.494180,10.819931,7.145682,3.471434,,,,,,,,,,16.330000,17.015833,17.485417,17.298750,16.330000,17.485946,15.174054,16.907973,15.752027
2024-09-26,17.100000,2024-08-14,2024-06-30,-0.030000,-0.810000,-21.111111,-13.470398,4.559783,18.297871,14.604447,10.911023,7.217599,3.524174,,,,,,,,,,16.347500,17.005833,17.477500,17.303125,16.347500,17.540230,15.154770,16.943865,15.751135
2024-09-27,17.200000,2024-08-14,2024-06-30,-0.030000,-0.810000,-21.234568,-13.585117,4.580633,18.424570,14.714257,11.003945,7.293632,3.583320,,,,,,,,,,16.370000,16.999167,17.473333,17.307292,16.370000,17.610713,15.129287,16.990356,15.749644
2024-09-30,17.050000,2024-08-14,2024-06-30,-0.030000,-0.810000,-21.049383,-13.696710,4.598113,18.543278,14.818806,11.094335,7.369864,3.645392,,,,,,,,,,16.400000,16.985833,17.464167,17.312500,16.400000,17.677333,15.122667,17.038666,15.761334
2024-10-01,17.000000,2024-08-14,2024-06-30,-0.030000,-0.810000,-20.987654,-13.805151,4.615447,18.659196,14.920684,11.182173,7.443661,3.705149,,,,,,,,,,16.432500,16.969167,17.448333,17.316875,16.432500,17.737258,15.127742,17.084879,15.780121
2024-10-04,16.900000,2024-08-14,2024-06-30,-0.030000,-0.810000,-20.864198,-13.913267,4.627667,18.766568,15.018157,11.269746,7.521336,3.772925,,,,,,,,,,16.472500,16.943333,17.433333,17.321875,16.472500,17.783376,15.161624,17.127938,15.817062
2024-10-07,17.100000,2024-08-14,2024-06-30,-0.030000,-0.810000,-21.111111,-14.025375,4.637803,18.873794,15.117174,11.360553,7.603933,3.847313,,,,,,,,,,16.550000,16.921667,17.424583,17.328125,16.550000,17.813662,15.286338,17.181831,15.918169
2024-10-08,16.750000,2024-08-14,2024-06-30,-0.030000,-0.810000,-20.679012,-14.134760,4.638654,18.963776,15.206466,11.449156,7.691846,3.934535,,,,,,,,,,16.617500,16.896667,17.415000,17.331250,16.617500,17.761029,15.473971,17.189264,16.045736
2024-10-09,16.600000,2024-08-14,2024-06-30,-0.030000,-0.810000,-20.493827,-14.242602,4.634775,19.044844,15.290676,11.536508,7.782340,4.028172,,,,,,,,,,16.665000,16.862500,17.404167,17.333333,16.665000,17.714361,15.615639,17.189680,16.140320
2024-10-11,16.650000,2024-08-14,2024-06-30,-0.030000,-0.810000,-20.555556,-14.352014,4.627474,19.121640,15.373386,11.625131,7.876877,4.128623,,,,,,,,,,16.717500,16.825000,17.396250,17.337083,16.717500,17.639897,15.795103,17.178698,16.256302
2024-10-14,16.950000,2024-08-14,2024-06-30,-0.030000,-0.810000,-20.925926,-14.464688,4.621508,19.203240,15.459818,11.716397,7.972976,4.229555,,,,,,,,,,16.795000,16.778333,17.391250,17.342292,16.795000,17.481639,16.108361,17.138320,16.451680
2024-10-15,17.000000,2024-08-14,2024-06-30,-0.030000,-0.810000,-20.987654,-14.577525,4.614025,19.282516,15.545156,11.807795,8.070434,4.333074,,,,,,,,,,16.852500,16.743333,17.385833,17.347708,16.852500,17.380131,16.324869,17.116316,16.588684
2024-10-16,16.850000,2024-08-14,2024-06-30,-0.030000,-0.810000,-20.802469,-14.690576,4.598813,19.349444,15.624405,11.899367,8.174328,4.449289,,,,,,,,,,16.882500,16.709167,17.383333,17.353750,16.882500,17.327679,16.437321,17.105089,16.659911
2024-10-17,17.050000,2024-08-14,2024-06-30,-0.030000,-0.810000,-21.049383,-14.806740,4.581738,19.415875,15.704667,11.993459,8.282252,4.571044,,,,,,,,,,16.922500,16.673333,17.385000,17.361042,16.922500,17.258850,16.586150,17.090675,16.754325
2024-10-18,17.150000,2024-08-14,2024-06-30,-0.030000,-0.810000,-21.172840,-14.922175,4.566018,19.483910,15.785436,12.086962,8.388487,4.690013,,,,,,,,,,16.927500,16.640000,17.383333,17.370000,16.927500,17.274631,16.580369,17.101066,16.753934
2024-10-21,17.000000,2024-08-14,2024-06-30,-0.030000,-0.810000,-20.987654,-15.036418,4.544617,19.541778,15.860638,12.179498,8.498359,4.817219,,,,,,,,,,16.945000,16.606667,17.381250,17.377500,16.945000,17.267653,16.622347,17.106327,16.783673
2024-10-22,17.400000,2024-08-14,2024-06-30,-0.030000,-0.810000,-21.481481,-15.154073,4.527011,19.608557,15.941678,12.274799,8.607920,4.941041,,,,,,,,,,16.977500,16.590000,17.380833,17.384375,16.977500,17.345246,16.609754,17.161373,16.793627
2024-10-23,17.150000,2024-08-14,2024-06-30,-0.030000,-0.810000,-21.172840,-15.266343,4.507624,19.668088,16.016913,12.365738,8.714563,5.063388,,,,,,,,,,16.982500,16.577500,17.371667,17.391250,16.982500,17.357052,16.607948,17.169776,16.795224
2024-10-24,17.050000,2024-08-14,2024-06-30,-0.030000,-0.810000,-21.049383,-15.377057,4.484900,19.720954,16.088185,12.455416,8.822647,5.189878,,,,,,,,,,16.990000,16.560833,17.360417,17.398333,16.990000,17.363603,16.616397,17.176801,16.803199
2024-10-25,17.300000,2024-08-14,2024-06-30,-0.030000,-0.810000,-21.358025,-15.490695,4.461996,19.775897,16.161680,12.547463,8.933245,5.319028,,,,,,,,,,17.010000,16.552500,17.352083,17.405208,17.010000,17.405501,16.614499,17.207751,16.812249
2024-10-28,17.100000,2024-08-14,2024-06-30,-0.030000,-0.810000,-21.111111,-15.603681,4.430856,19.816969,16.227975,12.638982,9.049988,5.460994,,,,,,,,,,17.017500,16.534167,17.345417,17.411458,17.017500,17.413898,16.621102,17.215699,16.819301
2024-10-29,16.800000,2024-08-14,2024-06-30,-0.030000,-0.810000,-20.740741,-15.712350,4.395163,19.847167,16.287085,12.727004,9.166922,5.606840,,,,,,,,,,17.002500,16.516667,17.333333,17.418125,17.002500,17.408345,16.596655,17.205423,16.799577
2024-10-30,16.600000,2024-08-14,2024-06-30,-0.030000,-0.810000,-20.493827,-15.819841,4.352494,19.865112,16.339592,12.814071,9.288551,5.763031,,,,,,,,,,16.972500,16.495833,17.321667,17.421042,16.972500,17.404722,16.540278,17.188611,16.756389
2024-11-01,16.350000,2024-08-14,2024-06-30,-0.030000,-0.810000,-20.185185,-15.925287,4.303007,19.870354,16.384918,12.899483,9.414047,5.928611,,,,,,,,,,16.937500,16.472500,17.309167,17.421458,16.937500,17.449334,16.425666,17.193417,16.681583
2024-11-04,16.050000,2024-08-14,2024-06-30,-0.030000,-0.810000,-19.814815,-16.028174,4.246330,19.861876,16.422348,12.982821,9.543294,6.103767,,,,,,,,,,16.890000,16.485000,17.295417,17.420417,16.890000,17.536122,16.243878,17.213061,16.566939
2024-11-05,16.450000,2024-08-14,2024-06-30,-0.030000,-0.810000,-20.308642,-16.135880,4.188755,19.855846,16.462955,13.070063,9.677171,6.284279,,,,,,,,,,16.867500,16.513333,17.286667,17.422500,16.867500,17.542836,16.192164,17.205168,16.529832
2024-11-06,16.250000,2024-08-14,2024-06-30,-0.030000,-0.810000,-20.061728,-16.241528,4.125563,19.839049,16.497343,13.155638,9.813932,6.472226,,,,,,,,,,16.825000,16.535000,17.276250,17.423958,16.825000,17.544283,16.105717,17.184642,16.465358
2024-11-07,16.950000,2024-08-14,2024-06-30,-0.030000,-0.810000,-20.925926,-16.353499,4.067965,19.836437,16.541385,13.246334,9.951283,6.656231,,,,,,,,,,16.835000,16.566667,17.269583,17.427917,16.835000,17.555453,16.114547,17.195227,16.474773
2024-11-08,16.400000,2024-08-14,2024-06-30,-0.030000,-0.810000,-20.246914,-16.459811,4.000507,19.813269,16.572858,13.332447,10.092036,6.851625,,,,,,,,,,16.825000,16.582500,17.258333,17.430417,16.825000,17.564488,16.085512,17.194744,16.455256
2024-11-11,16.200000,2024-08-14,2024-06-30,-0.030000,-0.810000,-20.000000,-16.519208,3.999709,19.860087,16.620323,13.380559,10.140795,6.901031,,,,,,,,,,16.802500,16.593333,17.242083,17.431667,16.802500,17.590218,16.014782,17.196359,16.408641
2024-11-12,15.900000,2024-08-14,2024-06-30,-0.030000,-0.810000,-19.629630,-16.572859,3.997876,19.900575,16.662295,13.424016,10.185737,6.947457,,,,,,,,,,16.750000,16.600000,17.219583,17.431667,16.750000,17.630789,15.869211,17.190395,16.309605
2024-11-13,15.850000,2024-08-14,2024-06-30,-0.030000,-0.810000,-19.567901,-16.628951,3.992233,19.936869,16.703159,13.469450,10.235741,7.002032,,,,,,,,,,16.692500,16.601667,17.200833,17.429583,16.692500,17.651268,15.733732,17.171884,16.213116
2024-11-14,15.550000,2024-11-14,2024-09-30,-0.120000,-0.800000,-19.437500,-16.683365,3.985582,19.723624,16.535158,13.346692,10.158226,6.969760,,,,,,,,,,16.627500,16.596667,17.178750,17.425625,16.627500,17.709640,15.545360,17.168570,16.086430
2024-11-15,15.950000,2024-11-14,2024-09-30,-0.120000,-0.800000,-19.937500,-16.743719,3.979511,19.762193,16.578584,13.394975,10.211366,7.027757,,,,,,,,,,16.572500,16.585833,17.162500,17.422917,16.572500,17.675832,15.469168,17.124166,16.020834
2024-11-18,15.850000,2024-11-14,2024-09-30,-0.120000,-0.800000,-19.812500,-16.800076,3.974641,19.799486,16.619774,13.440061,10.260348,7.080635,,,,,,,,,,16.507500,16.571667,17.141250,17.420625,16.507500,17.620710,15.394290,17.064105,15.950895
2024-11-19,15.950000,2024-11-14,2024-09-30,-0.120000,-0.800000,-19.937500,-16.859839,3.967383,19.835684,16.661778,13.487871,10.313965,7.140058,,,,,,,,,,16.455000,16.563333,17.124167,17.418125,16.455000,17.569451,15.340549,17.012225,15.897775
2024-11-20,15.700000,2024-11-14,2024-09-30,-0.120000,-0.800000,-19.625000,-16.915816,3.958532,19.866304,16.699478,13.532653,10.365827,7.199002,,,,,,,,,,16.370000,16.555000,17.103333,17.415625,16.370000,17.439383,15.300617,16.904691,15.835309
2024-11-21,15.700000,2024-11-14,2024-09-30,-0.120000,-0.800000,-19.625000,-16.970906,3.949768,19.896354,16.736539,13.576725,10.416910,7.257095,,,,,,,,,,16.297500,16.535833,17.081250,17.412917,16.297500,17.340509,15.254491,16.819005,15.775995
2024-11-22,15.800000,2024-11-14,2024-09-30,-0.120000,-0.800000,-19.750000,-17.027333,3.940613,19.926848,16.774357,13.621867,10.469376,7.316885,,,,,,,,,,16.235000,16.517500,17.060417,17.410208,16.235000,17.237156,15.232844,16.736078,15.733922
2024-11-25,15.900000,2024-11-14,2024-09-30,-0.120000,-0.800000,-19.875000,-17.086871,3.929103,19.956062,16.812779,13.669497,10.526214,7.382931,,,,,,,,,,16.165000,16.500833,17.043333,17.408542,16.165000,17.041656,15.288344,16.603328,15.726672
2024-11-26,15.850000,2024-11-14,2024-09-30,-0.120000,-0.800000,-19.812500,-17.145592,3.916620,19.983065,16.849769,13.716473,10.583178,7.449882,,,,,,,,,,16.102500,16.483333,17.025417,17.405000,16.102500,16.869912,15.335088,16.486206,15.718794
2024-11-27,15.600000,2024-11-14,2024-09-30,-0.120000,-0.800000,-19.500000,-17.202891,3.900178,20.002597,16.882455,13.762313,10.642171,7.522028,,,,,,,,,,16.042500,16.464167,17.007083,17.401250,16.042500,16.766724,15.318276,16.404612,15.680388
2024-11-28,15.450000,2024-11-14,2024-09-30,-0.120000,-0.800000,-19.312500,-17.258627,3.881942,20.018009,16.912456,13.806902,10.701348,7.595795,,,,,,,,,,15.985000,16.442500,16.987500,17.397500,15.985000,16.705453,15.264547,16.345227,15.624773
2024-11-29,15.600000,2024-11-14,2024-09-30,-0.120000,-0.800000,-19.500000,-17.317700,3.861441,20.032465,16.943312,13.854160,10.765007,7.675854,,,,,,,,,,15.947500,16.428333,16.971667,17.393958,15.947500,16.666033,15.228967,16.306766,15.588234
2024-12-02,15.650000,2024-11-14,2024-09-30,-0.120000,-0.800000,-19.562500,-17.377293,3.840209,20.046168,16.974001,13.901834,10.829667,7.757500,,,,,,,,,,15.927500,16.416667,16.956250,17.388958,15.927500,16.656216,15.198784,16.291858,15.563142
2024-12-03,16.000000,2024-11-14,2024-09-30,-0.120000,-0.800000,-20.000000,-17.440827,3.819782,20.064312,17.008487,13.952661,10.896836,7.841011,,,,,,,,,,15.905000,16.415000,16.944167,17.384583,15.905000,16.592405,15.217595,16.248703,15.561297
2024-12-04,15.800000,2024-11-14,2024-09-30,-0.120000,-0.800000,-19.750000,-17.498732,3.801485,20.081361,17.040173,13.998985,10.957798,7.916610,,,,,,,,,,15.882500,16.419167,16.925417,17.381042,15.882500,16.551572,15.213428,16.217036,15.547964
2024-12-05,15.700000,2024-11-14,2024-09-30,-0.120000,-0.800000,-19.625000,-17.556186,3.780858,20.094322,17.069635,14.044949,11.020262,7.995576,,,,,,,,,,15.820000,16.424167,16.906667,17.377083,15.820000,16.265327,15.374673,16.042663,15.597337
2024-12-06,15.800000,2024-11-14,2024-09-30,-0.120000,-0.800000,-19.750000,-17.616455,3.757438,20.105065,17.099114,14.093164,11.087213,8.081263,,,,,,,,,,15.790000,16.426667,16.891250,17.373750,15.790000,16.141837,15.438163,15.965919,15.614081
2024-12-09,15.550000,2024-11-14,2024-09-30,-0.120000,-0.800000,-19.437500,-17.672346,3.733959,20.112211,17.125044,14.137877,11.150710,8.163543,,,,,,,,,,15.757500,16.425833,16.871250,17.369375,15.757500,16.067466,15.447534,15.912483,15.602517
2024-12-10,15.600000,2024-11-14,2024-09-30,-0.120000,-0.800000,-19.500000,-17.726690,3.712467,20.121300,17.151326,14.181352,11.211378,8.241405,,,,,,,,,,15.742500,16.429167,16.848750,17.366875,15.742500,16.052466,15.432534,15.897483,15.587517
2024-12-11,15.750000,2024-11-14,2024-09-30,-0.120000,-0.800000,-19.687500,-17.781119,3.692720,20.133248,17.179072,14.224895,11.270719,8.316543,,,,,,,,,,15.737500,16.427500,16.825417,17.365000,15.737500,16.043364,15.431636,15.890432,15.584568
2024-12-12,16.050000,2024-11-14,2024-09-30,-0.120000,-0.800000,-20.062500,-17.839264,3.673036,20.148269,17.209840,14.271411,11.332983,8.394554,,,,,,,,,,15.762500,16.424167,16.805417,17.364167,15.762500,16.085113,15.439887,15.923806,15.601194
2024-12-13,15.750000,2024-11-14,2024-09-30,-0.120000,-0.800000,-19.687500,-17.895466,3.649011,20.154790,17.235582,14.316373,11.397165,8.477956,,,,,,,,,,15.752500,16.415833,16.784583,17.361875,15.752500,16.062805,15.442195,15.907653,15.597347
2024-12-16,15.500000,2024-11-14,2024-09-30,-0.120000,-0.800000,-19.375000,-17.949655,3.621972,20.154879,17.257302,14.359724,11.462147,8.564569,,,,,,,,,,15.735000,16.390000,16.762500,17.358542,15.735000,16.061222,15.408778,15.898111,15.571889
2024-12-17,15.150000,2024-11-14,2024-09-30,-0.120000,-0.800000,-18.937500,-17.996061,3.598384,20.154264,17.275556,14.396849,11.518141,8.639434,,,,,,,,,,15.695000,16.365000,16.731667,17.355000,15.695000,16.097492,15.292508,15.896246,15.493754
2024-12-18,15.200000,2024-11-14,2024-09-30,-0.120000,-0.800000,-19.000000,-18.045943,3.570122,20.148949,17.292851,14.436754,11.580657,8.724560,,,,,,,,,,15.670000,16.339167,16.705417,17.349583,15.670000,16.129290,15.210710,15.899645,15.440355
2024-12-19,14.900000,2024-11-14,2024-09-30,-0.120000,-0.800000,-18.625000,-18.095064,3.536767,20.134879,17.305465,14.476051,11.646637,8.817223,,,,,,,,,,15.630000,16.303333,16.680000,17.342500,15.630000,16.203448,15.056552,15.916724,15.343276
2024-12-20,14.400000,2024-11-14,2024-09-30,-0.120000,-0.800000,-18.000000,-18.140454,3.499805,20.112051,17.312207,14.512363,11.712519,8.912675,,,,,,,,,,15.560000,16.261667,16.652500,17.331667,15.560000,16.347802,14.772198,15.953901,15.166099
2024-12-23,15.350000,2024-11-14,2024-09-30,-0.120000,-0.800000,-19.187500,-18.195740,3.463009,20.097407,17.326999,14.556592,11.786184,9.015777,,,,,,,,,,15.532500,16.235833,16.632917,17.324167,15.532500,16.308641,14.756359,15.920570,15.144430
2024-12-24,15.200000,2024-11-14,2024-09-30,-0.120000,-0.800000,-19.000000,-18.248872,3.425516,20.079923,17.339510,14.599098,11.858685,9.118273,,,,,,,,,,15.500000,16.206667,16.611250,17.312500,15.500000,16.274597,14.725403,15.887298,15.112702
2024-12-25,15.150000,2024-11-14,2024-09-30,-0.120000,-0.800000,-18.937500,-18.302075,3.385657,20.058712,17.350186,14.641660,11.933134,9.224608,,,,,,,,,,15.477500,16.174167,16.590000,17.300833,15.477500,16.265886,14.689114,15.871693,15.083307
2024-12-26,15.150000,2024-11-14,2024-09-30,-0.120000,-0.800000,-18.937500,-18.355868,3.343431,20.034183,17.359439,14.684695,12.009950,9.335206,,,,,,,,,,15.462500,16.140000,16.569583,17.288542,15.462500,16.264389,14.660611,15.863445,15.061555
2024-12-27,15.100000,2024-11-14,2024-09-30,-0.120000,-0.800000,-18.875000,-18.407663,3.302335,20.009867,17.367999,14.726131,12.084263,9.442395,,,,,,,,,,15.437500,16.107500,16.546667,17.275833,15.437500,16.252410,14.622590,15.844955,15.030045
2024-12-30,14.850000,2024-11-14,2024-09-30,-0.120000,-0.800000,-18.562500,-18.455968,3.261257,19.982785,17.373780,14.764774,12.155769,9.546763,,,,,,,,,,15.397500,16.071667,16.520417,17.261250,15.397500,16.246323,14.548677,15.821911,14.973089
2024-12-31,14.650000,2024-11-14,2024-09-30,-0.120000,-0.800000,-18.312500,-18.499530,3.223608,19.957397,17.378510,14.799624,12.220737,9.641850,,,,,,,,,,15.330000,16.034167,16.488750,17.248333,15.330000,16.191700,14.468300,15.760850,14.899150
2025-01-02,14.400000,2024-11-14,2024-09-30,-0.120000,-0.800000,-18.000000,-18.540782,3.184720,19.928178,17.380402,14.832626,12.284850,9.737074,,,,,,,,,,15.260000,15.989167,16.455417,17.233542,15.260000,16.185999,14.334001,15.722999,14.797001
2025-01-03,14.300000,2024-11-14,2024-09-30,-0.120000,-0.800000,-17.875000,-18.581880,3.143432,19.894996,17.380250,14.865504,12.350758,9.836012,,,,,,,,,,15.190000,15.948333,16.422500,17.214792,15.190000,16.185040,14.194960,15.687520,14.692480
2025-01-06,14.500000,2024-11-14,2024-09-30,-0.120000,-0.800000,-18.125000,-18.622697,3.104879,19.865964,17.382061,14.898158,12.414255,9.930352,,,,,,,,,,15.125000,15.913333,16.387917,17.195208,15.125000,16.122101,14.127899,15.623551,14.626449
2025-01-07,14.700000,2024-11-14,2024-09-30,-0.120000,-0.800000,-18.375000,-18.664120,3.067608,19.839468,17.385382,14.931296,12.477210,10.023124,,,,,,,,,,15.082500,15.880833,16.352917,17.178125,15.082500,16.075780,14.089220,15.579140,14.585860
2025-01-08,14.600000,2024-11-14,2024-09-30,-0.120000,-0.800000,-18.250000,-18.699478,3.037786,19.820040,17.389811,14.959582,12.529353,10.099124,,,,,,,,,,15.032500,15.841667,16.310000,17.162500,15.032500,16.016731,14.048269,15.524615,14.540385
2025-01-09,14.100000,2024-11-14,2024-09-30,-0.120000,-0.800000,-17.625000,-18.733469,3.002251,19.790377,17.388576,14.986775,12.584974,10.183173,,,,,,,,,,14.950000,15.793333,16.268333,17.145000,14.950000,15.957341,13.942659,15.453671,14.446329
2025-01-10,13.800000,2024-11-14,2024-09-30,-0.120000,-0.800000,-17.250000,-18.765517,2.965183,19.756706,17.384559,15.012413,12.640267,10.268121,,,,,,,,,,14.837500,15.742500,16.225833,17.126458,14.837500,15.830038,13.844962,15.333769,14.341231
2025-01-13,13.400000,2024-11-14,2024-09-30,-0.120000,-0.800000,-16.750000,-18.791625,2.933089,19.726242,17.379771,15.033300,12.686829,10.340357,,,,,,,,,,14.720000,15.681667,16.177500,17.107083,14.720000,15.809375,13.630625,15.264687,14.175313
2025-01-14,13.400000,2024-11-14,2024-09-30,-0.120000,-0.800000,-16.750000,-18.818028,2.899867,19.694210,17.374316,15.054423,12.734529,10.414636,,,,,,,,,,14.615000,15.619167,16.129583,17.086042,14.615000,15.789331,13.440669,15.202165,14.027835
2025-01-15,13.800000,2024-11-14,2024-09-30,-0.120000,-0.800000,-17.250000,-18.849485,2.861644,19.658219,17.368904,15.079588,12.790273,10.500957,,,,,,,,,,14.547500,15.565833,16.086250,17.068125,14.547500,15.747270,13.347730,15.147385,13.947615
2025-01-16,13.700000,2024-11-14,2024-09-30,-0.120000,-0.800000,-17.125000,-18.883446,2.816054,19.612444,17.359601,15.106757,12.853914,10.601070,,,,,,,,,,14.472500,15.504167,16.047083,17.049167,14.472500,15.687960,13.257040,15.080230,13.864770
2025-01-17,13.800000,2024-11-14,2024-09-30,-0.120000,-0.800000,-17.250000,-18.921405,2.762121,19.556517,17.346820,15.137124,12.927427,10.717730,,,,,,,,,,14.417500,15.448333,16.012917,17.030417,14.417500,15.650927,13.184073,15.034213,13.800787
2025-01-20,13.850000,2024-11-14,2024-09-30,-0.120000,-0.800000,-17.312500,-18.958997,2.708302,19.500480,17.333839,15.167197,13.000556,10.833915,,,,,,,,,,14.390000,15.395000,15.977917,17.011667,14.390000,15.649323,13.130677,15.019662,13.760338
2025-01-21,13.750000,2024-11-14,2024-09-30,-0.120000,-0.800000,-17.187500,-18.997025,2.650015,19.437644,17.317632,15.197620,13.077608,10.957596,,,,,,,,,,14.310000,15.335833,15.944167,16.988958,14.310000,15.514640,13.105360,14.912320,13.707680
2025-01-22,14.150000,2024-11-14,2024-09-30,-0.120000,-0.800000,-17.687500,-19.036856,2.593030,19.378332,17.303909,15.229485,13.155061,11.080637,,,,,,,,,,14.257500,15.286667,15.910417,16.968958,14.257500,15.388068,13.126932,14.822784,13.692216
2025-02-03,13.750000,2024-11-14,2024-09-30,-0.120000,-0.800000,-17.187500,-19.074589,2.531669,19.310341,17.285006,15.259671,13.234336,11.209001,,,,,,,,,,14.187500,15.235833,15.876250,16.947292,14.187500,15.257116,13.117884,14.722308,13.652692
2025-02-04,13.500000,2024-11-14,2024-09-30,-0.120000,-0.800000,-16.875000,-19.109717,2.470413,19.240435,17.264104,15.287774,13.311443,11.335113,,,,,,,,,,14.105000,15.184167,15.840000,16.924375,14.105000,15.114898,13.095102,14.609949,13.600051
2025-02-05,13.950000,2024-11-14,2024-09-30,-0.120000,-0.800000,-17.437500,-19.150124,2.401551,19.162580,17.241340,15.320099,13.398859,11.477618,,,,,,,,,,14.047500,15.144167,15.808333,16.903750,14.047500,14.943382,13.151618,14.495441,13.599559
2025-02-06,13.750000,2024-11-14,2024-09-30,-0.120000,-0.800000,-17.187500,-19.202928,2.284344,19.017292,17.189817,15.362342,13.534867,11.707392,,,,,,,,,,13.992500,15.105833,15.795417,16.883958,13.992500,14.812818,13.172182,14.402659,13.582341
2025-02-07,13.800000,2024-11-14,2024-09-30,-0.120000,-0.800000,-17.250000,-19.259503,2.145892,18.841029,17.124316,15.407602,13.690889,11.974176,,,,,,,,,,13.950000,15.061667,15.787500,16.864792,13.950000,14.712958,13.187042,14.331479,13.568521
2025-02-10,13.550000,2024-11-14,2024-09-30,-0.120000,-0.800000,-16.937500,-19.312292,2.004400,18.656874,17.053353,15.449833,13.846313,12.242793,,,,,,,,,,13.907500,15.016667,15.775833,16.847083,13.907500,14.659532,13.155468,14.283516,13.531484
2025-02-11,13.500000,2024-11-14,2024-09-30,-0.120000,-0.800000,-16.875000,-19.363969,1.854117,18.457763,16.974469,15.491175,14.007881,12.524587,,,,,,,,,,13.867500,14.959167,15.762917,16.828125,13.867500,14.616728,13.118272,14.242114,13.492886
2025-02-12,13.650000,2024-11-14,2024-09-30,-0.120000,-0.800000,-17.062500,-19.414844,1.698761,18.249893,16.890884,15.531875,14.172866,12.813857,,,,,,,,,,13.825000,14.913333,15.747917,16.809792,13.825000,14.517440,13.132560,14.171220,13.478780
2025-02-13,14.050000,2024-11-14,2024-09-30,-0.120000,-0.800000,-17.562500,-19.469295,1.523352,18.012799,16.794118,15.575436,14.356755,13.138074,,,,,,,,,,13.792500,14.877500,15.735417,16.793958,13.792500,14.362149,13.222851,14.077325,13.507675
2025-02-14,14.350000,2024-11-14,2024-09-30,-0.120000,-0.800000,-17.937500,-19.527167,1.316498,17.728130,16.674932,15.621734,14.568535,13.515337,,,,,,,,,,13.780000,14.851667,15.725833,16.779167,13.780000,14.281996,13.278004,14.030998,13.529002
2025-02-17,14.450000,2024-11-14,2024-09-30,-0.120000,-0.800000,-18.062500,-19.515651,1.323254,17.729728,16.671124,15.612521,14.553917,13.495314,,,,,,,,,,13.797500,14.828333,15.715000,16.763333,13.797500,14.366409,13.228591,14.081955,13.513045
2025-02-18,14.400000,2024-11-14,2024-09-30,-0.120000,-0.800000,-18.000000,-19.502585,1.330455,17.730796,16.666432,15.602068,14.537704,13.473340,,,,,,,,,,13.827500,14.809167,15.702917,16.747917,13.827500,14.457015,13.197985,14.142258,13.512742
2025-02-19,15.000000,2024-11-14,2024-09-30,-0.120000,-0.800000,-18.750000,-19.488053,1.329060,17.716939,16.653691,15.590442,14.527194,13.463946,,,,,,,,,,13.907500,14.793333,15.689583,16.735833,13.907500,14.695085,13.119915,14.301292,13.513708
2025-02-20,15.000000,2024-11-14,2024-09-30,-0.120000,-0.800000,-18.750000,-19.472492,1.326657,17.700645,16.639319,15.577994,14.516668,13.455343,,,,,,,,,,13.987500,14.779167,15.675417,16.724167,13.987500,14.876541,13.098459,14.432021,13.542979
2025-02-21,15.100000,2024-11-14,2024-09-30,-0.120000,-0.800000,-18.875000,-19.460545,1.325519,17.689266,16.628851,15.568436,14.508021,13.447607,,,,,,,,,,14.052500,14.765000,15.664167,16.712708,14.052500,15.065300,13.039700,14.558900,13.546100
2025-02-24,15.050000,2024-11-14,2024-09-30,-0.120000,-0.800000,-18.812500,-19.450649,1.325890,17.681944,16.621232,15.560520,14.499808,13.439096,,,,,,,,,,14.120000,14.754167,15.654583,16.702292,14.120000,15.210823,13.029177,14.665411,13.574589
2025-02-25,15.100000,2024-11-14,2024-09-30,-0.120000,-0.800000,-18.875000,-19.434587,1.321042,17.661337,16.604503,15.547670,14.490836,13.434002,,,,,,,,,,14.185000,14.744167,15.640000,16.693333,14.185000,15.348072,13.021928,14.766536,13.603464
2025-02-26,15.150000,2024-11-14,2024-09-30,-0.120000,-0.800000,-18.937500,-19.418531,1.315216,17.639171,16.586998,15.534825,14.482652,13.430479,,,,,,,,,,14.250000,14.733333,15.625417,16.683542,14.250000,15.477749,13.022251,14.863875,13.636125
2025-02-27,15.250000,2024-11-14,2024-09-30,-0.120000,-0.800000,-19.062500,-19.403517,1.308843,17.616962,16.569888,15.522814,14.475740,13.428665,,,,,,,,,,14.325000,14.722500,15.611667,16.675833,14.325000,15.606241,13.043759,14.965621,13.684379
2025-03-03,14.800000,2024-11-14,2024-09-30,-0.120000,-0.800000,-18.500000,-19.383816,1.304457,17.594184,16.550618,15.507052,14.463487,13.419921,,,,,,,,,,14.357500,14.705000,15.594167,16.665417,14.357500,15.652947,13.062053,15.005224,13.709776
2025-03-04,14.700000,2024-11-14,2024-09-30,-0.120000,-0.800000,-18.375000,-19.364615,1.302187,17.575192,16.533442,15.491692,14.449942,13.408192,,,,,,,,,,14.405000,14.690000,15.577083,16.655417,14.405000,15.676096,13.133904,15.040548,13.769452
2025-03-05,15.200000,2024-11-14,2024-09-30,-0.120000,-0.800000,-19.000000,-19.350624,1.296956,17.555628,16.518064,15.480499,14.442934,13.405370,,,,,,,,,,14.490000,14.685833,15.564167,16.647500,14.490000,15.733340,13.246660,15.111670,13.868330
2025-03-06,15.050000,2024-11-14,2024-09-30,-0.120000,-0.800000,-18.812500,-19.338156,1.294858,17.542298,16.506411,15.470525,14.434638,13.398751,,,,,,,,,,14.545000,14.676667,15.552500,16.639792,14.545000,15.785076,13.304924,15.165038,13.924962
2025-03-07,15.000000,2024-11-14,2024-09-30,-0.120000,-0.800000,-18.750000,-19.326196,1.293596,17.530711,16.495834,15.460957,14.426080,13.391202,,,,,,,,,,14.607500,14.665833,15.541250,16.632500,14.607500,15.804107,13.410893,15.205804,14.009196
2025-03-10,15.000000,2024-11-14,2024-09-30,-0.120000,-0.800000,-18.750000,-19.316808,1.293657,17.523297,16.488372,15.453447,14.418521,13.383596,,,,,,,,,,14.667500,14.649167,15.532083,16.621875,14.667500,15.812868,13.522132,15.240184,14.094816
2025-03-11,15.100000,2024-11-14,2024-09-30,-0.120000,-0.800000,-18.875000,-19.314120,1.294241,17.522083,16.486689,15.451296,14.415903,13.380510,,,,,,,,,,14.745000,14.637500,15.528333,16.609792,14.745000,15.776044,13.713956,15.260522,14.229478
2025-03-12,15.250000,2024-11-14,2024-09-30,-0.120000,-0.800000,-19.062500,-19.314538,1.294151,17.522273,16.486952,15.451631,14.416310,13.380989,,,,,,,,,,14.832500,14.630000,15.527083,16.598333,14.832500,15.703238,13.961762,15.267869,14.397131
2025-03-13,14.900000,2024-11-14,2024-09-30,-0.120000,-0.800000,-18.625000,-19.308738,1.295681,17.520080,16.483535,15.446991,14.410446,13.373901,,,,,,,,,,14.895000,14.615000,15.520833,16.584792,14.895000,15.564564,14.225436,15.229782,14.560218
2025-03-14,15.300000,2024-11-14,2024-09-30,-0.120000,-0.800000,-19.125000,-19.307620,1.295782,17.519347,16.482721,15.446096,14.409470,13.372845,,,,,,,,,,14.957500,14.610833,15.518333,16.572083,14.957500,15.519709,14.395291,15.238604,14.676396
2025-03-17,15.400000,2024-11-14,2024-09-30,-0.120000,-0.800000,-19.250000,-19.309600,1.295508,17.520493,16.484087,15.447680,14.411273,13.374867,,,,,,,,,,15.010000,14.607500,15.518333,16.561875,15.010000,15.527687,14.492313,15.268844,14.751156
2025-03-18,15.350000,2024-11-14,2024-09-30,-0.120000,-0.800000,-19.187500,-19.306430,1.295336,17.517682,16.481413,15.445144,14.408875,13.372606,,,,,,,,,,15.055000,14.600833,15.514167,16.551667,15.055000,15.521679,14.588321,15.288340,14.821660
2025-03-19,15.400000,2024-11-14,2024-09-30,-0.120000,-0.800000,-19.250000,-19.299666,1.293477,17.509296,16.474514,15.439733,14.404951,13.370169,,,,,,,,,,15.105000,14.590000,15.507083,16.541458,15.105000,15.481829,14.728171,15.293414,14.916586
2025-03-20,15.350000,2024-11-14,2024-09-30,-0.120000,-0.800000,-19.187500,-19.292380,1.291610,17.500480,16.467192,15.433904,14.400617,13.367329,,,,,,,,,,15.122500,14.583333,15.499583,16.529583,15.122500,15.511121,14.733879,15.316811,14.928189
2025-03-21,15.050000,2024-11-14,2024-09-30,-0.120000,-0.800000,-18.812500,-19.273740,1.282146,17.470425,16.444709,15.418992,14.393275,13.367558,,,,,,,,,,15.125000,14.575833,15.482917,16.515625,15.125000,15.510937,14.739063,15.317969,14.932031
2025-03-24,15.250000,2024-11-14,2024-09-30,-0.120000,-0.800000,-19.062500,-19.261298,1.276836,17.451976,16.430507,15.409038,14.387569,13.366101,,,,,,,,,,15.132500,14.577500,15.471250,16.502500,15.132500,15.522203,14.742797,15.327351,14.937649
2025-03-25,14.700000,2024-11-14,2024-09-30,-0.120000,-0.800000,-18.375000,-19.242097,1.272654,17.429925,16.411802,15.393678,14.375554,13.357431,,,,,,,,,,15.115000,14.569167,15.454167,16.488333,15.115000,15.549196,14.680804,15.332098,14.897902
2025-03-26,15.150000,2024-11-14,2024-09-30,-0.120000,-0.800000,-18.937500,-19.224498,1.262010,17.398815,16.389207,15.379599,14.369991,13.360383,,,,,,,,,,15.117500,14.573333,15.438333,16.476250,15.117500,15.551908,14.683092,15.334704,14.900296
2025-03-27,14.900000,2024-11-14,2024-09-30,-0.120000,-0.800000,-18.625000,-19.205838,1.254091,17.371217,16.367944,15.364671,14.361398,13.358125,,,,,,,,,,15.105000,14.581667,15.421667,16.462917,15.105000,15.549735,14.660265,15.327368,14.882632
2025-03-28,14.300000,2024-11-14,2024-09-30,-0.120000,-0.800000,-17.875000,-19.180928,1.250557,17.345633,16.345188,15.344743,14.344298,13.343852,,,,,,,,,,15.057500,14.564167,15.400000,16.447917,15.057500,15.623441,14.491559,15.340471,14.774529
2025-03-31,13.450000,2025-03-31,2024-12-31,0.210000,-0.400000,-33.625000,-19.286754,1.811136,9.163610,8.439156,7.714702,6.990247,6.265793,,,,,,,,,,14.990000,14.535000,15.370833,16.428125,14.990000,15.901679,14.078321,15.445839,14.534161
2025-04-01,13.800000,2025-03-31,2024-12-31,0.210000,-0.400000,-34.500000,-19.398328,2.276969,9.580907,8.670119,7.759331,6.848544,5.937756,,,,,,,,,,14.945000,14.512500,15.343333,16.410417,14.945000,15.995263,13.894737,15.470132,14.419868
2025-04-02,14.250000,2025-03-31,2024-12-31,0.210000,-0.400000,-35.625000,-19.518248,2.711900,9.976819,8.892059,7.807299,6.722540,5.637780,,,,,,,,,,14.897500,14.497500,15.318750,16.396042,14.897500,15.984492,13.810508,15.440996,14.354004
2025-04-07,12.850000,2025-03-31,2024-12-31,0.210000,-0.400000,-32.125000,-19.610545,2.943069,10.198673,9.021446,7.844218,6.666990,5.489763,,,,,,,,,,14.787500,14.460000,15.283750,16.373958,14.787500,16.204641,13.370359,15.496071,14.078929
2025-04-08,11.750000,2025-03-31,2024-12-31,0.210000,-0.400000,-29.375000,-19.680440,3.072785,10.330404,9.101290,7.872176,6.643062,5.413948,,,,,,,,,,14.625000,14.408333,15.240000,16.344167,14.625000,16.582039,12.667961,15.603519,13.646481
2025-04-09,10.600000,2025-03-31,2024-12-31,0.210000,-0.400000,-26.500000,-19.727405,3.133499,10.397762,9.144362,7.890962,6.637562,5.384162,,,,,,,,,,14.405000,14.340833,15.187500,16.310417,14.405000,17.052124,11.757876,15.728562,13.081438
2025-04-10,11.650000,2025-03-31,2024-12-31,0.210000,-0.400000,-29.125000,-19.794187,3.246594,10.514950,9.216313,7.917675,6.619037,5.320400,,,,,,,,,,14.232500,14.295000,15.142083,16.283333,14.232500,17.127009,11.337991,15.679755,12.785245
2025-04-11,11.850000,2025-03-31,2024-12-31,0.210000,-0.400000,-29.625000,-19.868737,3.367541,10.641528,9.294511,7.947495,6.600479,5.253462,,,,,,,,,,14.062500,14.254167,15.101250,16.258125,14.062500,17.101176,11.023824,15.581838,12.543162
2025-04-14,12.350000,2025-03-31,2024-12-31,0.210000,-0.400000,-30.875000,-19.955247,3.513896,10.793216,9.387657,7.982099,6.576540,5.170982,,,,,,,,,,13.935000,14.218333,15.065833,16.235000,13.935000,17.039004,10.830996,15.487002,12.382998
2025-04-15,12.850000,2025-03-31,2024-12-31,0.210000,-0.400000,-32.125000,-20.051659,3.685054,10.968707,9.494685,8.020664,6.546642,5.072620,,,,,,,,,,13.812500,14.187500,15.034167,16.215208,13.812500,16.882881,10.742119,15.347690,12.277310
2025-04-16,12.400000,2025-03-31,2024-12-31,0.210000,-0.400000,-31.000000,-20.135610,3.817509,11.108251,9.581247,8.054244,6.527240,5.000237,,,,,,,,,,13.662500,14.150833,14.996250,16.193750,13.662500,16.699270,10.625730,15.180885,12.144115
2025-04-17,12.300000,2025-03-31,2024-12-31,0.210000,-0.400000,-30.750000,-20.216962,3.937940,11.237137,9.661961,8.086785,6.511609,4.936433,,,,,,,,,,13.510000,14.120833,14.957083,16.171458,13.510000,16.495861,10.524139,15.002931,12.017069
2025-04-18,12.300000,2025-03-31,2024-12-31,0.210000,-0.400000,-30.750000,-20.299859,4.053377,11.362645,9.741294,8.119943,6.498593,4.877242,,,,,,,,,,13.355000,14.095833,14.919167,16.151250,13.355000,16.248168,10.461832,14.801584,11.908416
2025-04-21,12.200000,2025-03-31,2024-12-31,0.210000,-0.400000,-30.500000,-20.378614,4.158510,11.478253,9.814849,8.151445,6.488042,4.824638,,,,,,,,,,13.197500,14.075833,14.878750,16.131875,13.197500,15.973994,10.421006,14.585747,11.809253
2025-04-22,12.100000,2025-03-31,2024-12-31,0.210000,-0.400000,-30.250000,-20.454257,4.254526,11.585323,9.883513,8.181703,6.479892,4.778082,,,,,,,,,,13.050000,14.054167,14.836667,16.110000,13.050000,15.723653,10.376347,14.386827,11.713173
2025-04-23,12.400000,2025-03-31,2024-12-31,0.210000,-0.400000,-31.000000,-20.537693,4.361896,11.704594,9.959836,8.215077,6.470319,4.725560,,,,,,,,,,12.907500,14.030833,14.798333,16.089792,12.907500,15.383974,10.431026,14.145737,11.669263
2025-04-24,12.050000,2025-03-31,2024-12-31,0.210000,-0.400000,-30.125000,-20.609722,4.448127,11.802390,10.023140,8.243889,6.464638,4.685388,,,,,,,,,,12.775000,14.003333,14.753750,16.067292,12.775000,15.128161,10.421839,13.951581,11.598419
2025-04-25,12.300000,2025-03-31,2024-12-31,0.210000,-0.400000,-30.750000,-20.689532,4.543217,11.910386,10.093100,8.275813,6.458526,4.641239,,,,,,,,,,12.632500,13.978333,14.713333,16.042500,12.632500,14.709004,10.555996,13.670752,11.594248
2025-04-28,12.300000,2025-03-31,2024-12-31,0.210000,-0.400000,-30.750000,-20.770370,4.635048,12.016187,10.162167,8.308148,6.454129,4.600110,,,,,,,,,,12.502500,13.952500,14.673750,16.017083,12.502500,14.286191,10.718809,13.394345,11.610655
2025-04-29,12.450000,2025-03-31,2024-12-31,0.210000,-0.400000,-31.125000,-20.851762,4.730231,12.124889,10.232797,8.340705,6.448612,4.556520,,,,,,,,,,12.410000,13.930833,14.633333,15.992708,12.410000,13.980317,10.839683,13.195158,11.624842
2025-04-30,12.300000,2025-03-31,2024-12-31,0.210000,-0.400000,-30.750000,-20.932086,4.815738,12.225425,10.299130,8.372834,6.446539,4.520244,,,,,,,,,,12.352500,13.900000,14.593333,15.969375,12.352500,13.844752,10.860248,13.098626,11.606374
2025-05-02,13.150000,2025-03-31,2024-12-31,0.210000,-0.400000,-32.875000,-21.033205,4.937541,12.363315,10.388298,8.413282,6.438265,4.463249,,,,,,,,,,12.320000,13.890000,14.562917,15.948125,12.320000,13.703892,10.936108,13.011946,11.628054
2025-05-05,13.250000,2025-03-31,2024-12-31,0.210000,-0.400000,-33.125000,-21.138465,5.059087,12.502656,10.479021,8.455386,6.431751,4.408116,,,,,,,,,,12.270000,13.885833,14.535000,15.928333,12.270000,13.411283,11.128717,12.840641,11.699359
2025-05-06,13.450000,2025-03-31,2024-12-31,0.210000,-0.400000,-33.625000,-21.250463,5.185005,12.648189,10.574187,8.500185,6.426183,4.352181,,,,,,,,,,12.300000,13.877500,14.510833,15.910000,12.300000,13.533310,11.066690,12.916655,11.683345
2025-05-07,13.550000,2025-03-31,2024-12-31,0.210000,-0.400000,-33.875000,-21.367631,5.309654,12.794776,10.670914,8.547052,6.423191,4.299329,,,,,,,,,,12.390000,13.874167,14.490000,15.892708,12.390000,13.713711,11.066289,13.051855,11.728145
2025-05-08,13.400000,2025-03-31,2024-12-31,0.210000,-0.400000,-33.500000,-21.477559,5.422891,12.929337,10.760180,8.591024,6.421867,4.252711,,,,,,,,,,12.530000,13.867500,14.464583,15.875625,12.530000,13.629952,11.430048,13.079976,11.980024
2025-05-09,13.500000,2025-03-31,2024-12-31,0.210000,-0.400000,-33.750000,-21.591628,5.535651,13.065172,10.850912,8.636651,6.422391,4.208130,,,,,,,,,,12.622500,13.866667,14.441667,15.858958,12.622500,13.722009,11.522991,13.172255,12.072745
2025-05-12,13.600000,2025-03-31,2024-12-31,0.210000,-0.400000,-34.000000,-21.700579,5.649919,13.200167,10.940199,8.680231,6.420264,4.160296,,,,,,,,,,12.710000,13.868333,14.413750,15.841667,12.710000,13.829022,11.590978,13.269511,12.150489
2025-05-13,13.500000,2025-03-31,2024-12-31,0.210000,-0.400000,-33.750000,-21.813104,5.754228,13.328624,11.026933,8.725242,6.423551,4.121860,,,,,,,,,,12.767500,13.865833,14.389583,15.823958,12.767500,13.926118,11.608882,13.346809,12.188191
2025-05-14,13.700000,2025-03-31,2024-12-31,0.210000,-0.400000,-34.250000,-21.931854,5.862516,13.462754,11.117748,8.772742,6.427735,4.082729,,,,,,,,,,12.810000,13.860000,14.368750,15.805417,12.810000,14.041430,11.578570,13.425715,12.194285
2025-05-15,13.650000,2025-05-15,2025-03-31,0.430000,0.490000,27.857143,-21.536131,7.416071,-17.820454,-14.186579,-10.552704,-6.918830,-3.284955,,,,,,,,,,12.872500,13.848333,14.350000,15.784792,12.872500,14.142591,11.602409,13.507546,12.237454
2025-05-16,13.700000,2025-05-15,2025-03-31,0.430000,0.490000,27.959184,-21.140072,8.682961,-18.867937,-14.613286,-10.358635,-6.103985,-1.849334,,,,,,,,,,12.942500,13.835833,14.332083,15.766458,12.942500,14.233878,11.651122,13.588189,12.296811
2025-05-19,13.500000,2025-05-15,2025-03-31,0.430000,0.490000,27.551020,-20.748501,9.753856,-19.725545,-14.946155,-10.166766,-5.387376,-0.607987,,,,,,,,,,13.002500,13.820833,14.315000,15.746875,13.002500,14.279616,11.725384,13.641058,12.363942
2025-05-20,13.750000,2025-05-15,2025-03-31,0.430000,0.490000,28.061224,-20.348512,10.723382,-20.479685,-15.225228,-9.970771,-4.716314,0.538144,,,,,,,,,,13.080000,13.800000,14.296667,15.729583,13.080000,14.340075,11.819925,13.710038,12.449962
2025-05-21,13.700000,2025-05-15,2025-03-31,0.430000,0.490000,27.959184,-19.950415,11.594786,-21.138593,-15.457148,-9.775703,-4.094258,1.587187,,,,,,,,,,13.160000,13.778333,14.278750,15.710000,13.160000,14.359825,11.960175,13.759912,12.560088
2025-05-22,13.650000,2025-05-15,2025-03-31,0.430000,0.490000,27.857143,-19.552126,12.388927,-21.721690,-15.651116,-9.580542,-3.509968,2.560606,,,,,,,,,,13.222500,13.754167,14.259583,15.691875,13.222500,14.385289,12.059711,13.803895,12.641105
2025-05-23,13.600000,2025-05-15,2025-03-31,0.430000,0.490000,27.755102,-19.157292,13.120014,-22.244686,-15.815880,-9.387073,-2.958266,3.470540,,,,,,,,,,13.300000,13.730000,14.242083,15.672708,13.300000,14.333135,12.266865,13.816568,12.783432
2025-05-26,13.450000,2025-05-15,2025-03-31,0.430000,0.490000,27.448980,-18.765009,13.792427,-22.711433,-15.953144,-9.194854,-2.436565,4.321725,,,,,,,,,,13.357500,13.702500,14.223333,15.652292,13.357500,14.278183,12.436817,13.817842,12.897158
2025-05-27,13.250000,2025-05-15,2025-03-31,0.430000,0.490000,27.040816,-18.375085,14.411846,-23.127400,-16.065596,-9.003792,-1.941987,5.119817,,,,,,,,,,13.405000,13.670833,14.202083,15.631250,13.405000,14.182919,12.627081,13.793959,13.016041
2025-05-28,13.200000,2025-05-15,2025-03-31,0.430000,0.490000,26.938776,-17.984970,14.992796,-23.505575,-16.159105,-8.812635,-1.466165,5.880305,,,,,,,,,,13.442500,13.636667,14.179583,15.611458,13.442500,14.087542,12.797458,13.765021,13.119979
2025-05-29,12.850000,2025-05-15,2025-03-31,0.430000,0.490000,26.224490,-17.601329,15.525193,-23.839340,-16.231996,-8.624651,-1.017307,6.590038,,,,,,,,,,13.470000,13.604167,14.154583,15.590000,13.470000,13.930435,13.009565,13.700217,13.239783
2025-06-02,12.450000,2025-05-15,2025-03-31,0.430000,0.490000,25.408163,-17.227094,16.012644,-24.133667,-16.287472,-8.441276,-0.595080,7.251115,,,,,,,,,,13.435000,13.566667,14.128333,15.567708,13.435000,14.070858,12.799142,13.752929,13.117071
2025-06-03,12.500000,2025-05-15,2025-03-31,0.430000,0.490000,25.510204,-16.853571,16.479565,-24.408224,-16.333237,-8.258250,-0.183263,7.891724,,,,,,,,,,13.397500,13.521667,14.103750,15.545625,13.397500,14.155944,12.639056,13.776722,13.018278
2025-06-04,12.600000,2025-05-15,2025-03-31,0.430000,0.490000,25.714286,-16.476786,16.929298,-24.664337,-16.368981,-8.073625,0.221731,8.517087,,,,,,,,,,13.355000,13.480833,14.078750,15.525208,13.355000,14.192226,12.517774,13.773613,12.936387
2025-06-05,13.100000,2025-05-15,2025-03-31,0.430000,0.490000,26.734694,-16.090976,17.379932,-24.916912,-16.400745,-7.884578,0.631589,9.147756,,,,,,,,,,13.332500,13.449167,14.057500,15.506875,13.332500,14.171845,12.493155,13.752172,12.912828
2025-06-06,13.100000,2025-05-15,2025-03-31,0.430000,0.490000,26.734694,-15.701520,17.809907,-25.147453,-16.420599,-7.693745,1.033109,9.759964,,,,,,,,,,13.317500,13.417500,14.033333,15.488750,13.317500,14.162470,12.472530,13.739985,12.895015
2025-06-09,12.650000,2025-05-15,2025-03-31,0.430000,0.490000,25.816327,-15.321801,18.204252,-25.347849,-16.427766,-7.507682,1.412401,10.332485,,,,,,,,,,13.275000,13.376667,14.007083,15.466250,13.275000,14.165594,12.384406,13.720297,12.829703
2025-06-10,12.750000,2025-05-15,2025-03-31,0.430000,0.490000,26.020408,-14.941422,18.586450,-25.536018,-16.428657,-7.321297,1.786063,10.893424,,,,,,,,,,13.232500,13.335000,13.982500,15.444583,13.232500,14.138779,12.326221,13.685640,12.779360
2025-06-11,12.750000,2025-05-15,2025-03-31,0.430000,0.490000,26.020408,-14.560002,18.952965,-25.708306,-16.421354,-7.134401,2.152552,11.439504,,,,,,,,,,13.195000,13.299167,13.957083,15.424167,13.195000,14.116612,12.273388,13.655806,12.734194
2025-06-12,12.650000,2025-05-15,2025-03-31,0.430000,0.490000,25.816327,-14.182887,19.302101,-25.865673,-16.407644,-6.949615,2.508415,11.966444,,,,,,,,,,13.142500,13.255000,13.932917,15.402083,13.142500,14.062612,12.222388,13.602556,12.682444
2025-06-13,12.700000,2025-05-15,2025-03-31,0.430000,0.490000,25.918367,-13.804401,19.639313,-26.010683,-16.387419,-6.764156,2.859107,12.482370,,,,,,,,,,13.095000,13.210000,13.908750,15.378750,13.095000,14.002802,12.187198,13.548901,12.641099
2025-06-16,12.650000,2025-05-15,2025-03-31,0.430000,0.490000,25.816327,-13.425202,19.961422,-26.140543,-16.359446,-6.578349,3.202748,12.983845,,,,,,,,,,13.042500,13.165000,13.882917,15.354167,13.042500,13.924051,12.160949,13.483275,12.601725
2025-06-17,12.650000,2025-05-15,2025-03-31,0.430000,0.490000,25.816327,-13.042878,20.270202,-26.255808,-16.323409,-6.391010,3.541389,13.473787,,,,,,,,,,13.000000,13.119167,13.854583,15.330000,13.000000,13.870572,12.129428,13.435286,12.564714
2025-06-18,12.750000,2025-05-15,2025-03-31,0.430000,0.490000,26.020408,-12.661979,20.571504,-26.364444,-16.284407,-6.204370,3.875667,13.955705,,,,,,,,,,12.950000,13.075833,13.829583,15.307083,12.950000,13.751315,12.148685,13.350657,12.549343
2025-06-19,12.400000,2025-05-15,2025-03-31,0.430000,0.490000,25.306122,-12.289636,20.851436,-26.456329,-16.239126,-6.021922,4.195282,14.412485,,,,,,,,,,12.885000,13.031667,13.803750,15.283125,12.885000,13.639705,12.130295,13.262352,12.507648
2025-06-20,11.950000,2025-05-15,2025-03-31,0.430000,0.490000,24.387755,-11.928593,21.108861,-26.531694,-16.188352,-5.845010,4.498332,14.841674,,,,,,,,,,12.800000,12.976667,13.777083,15.254375,12.800000,13.574597,12.025403,13.187298,12.412702
2025-06-23,12.050000,2025-05-15,2025-03-31,0.430000,0.490000,24.591837,-11.565327,21.359744,-26.599559,-16.133285,-5.667010,4.799264,15.265539,,,,,,,,,,12.722500,12.932500,13.750833,15.228125,12.722500,13.469758,11.975242,13.096129,12.348871
2025-06-24,12.250000,2025-05-15,2025-03-31,0.430000,0.490000,25.000000,-11.201786,21.608379,-26.665087,-16.076981,-5.488875,5.099231,15.687337,,,,,,,,,,12.662500,12.884167,13.728750,15.204375,12.662500,13.354465,11.970535,13.008483,12.316517
2025-06-25,12.350000,2025-05-15,2025-03-31,0.430000,0.490000,25.204082,-10.841752,21.852704,-26.728108,-16.020283,-5.312458,5.395367,16.103192,,,,,,,,,,12.617500,12.841667,13.711667,15.182083,12.617500,13.264172,11.970828,12.940836,12.294164
2025-06-26,12.450000,2025-05-15,2025-03-31,0.430000,0.490000,25.408163,-10.470121,22.087521,-26.776130,-15.953245,-5.130359,5.692526,16.515411,,,,,,,,,,12.580000,12.810833,13.687500,15.160208,12.580000,13.168844,11.991156,12.874422,12.285578
2025-06-27,12.700000,2025-05-15,2025-03-31,0.430000,0.490000,25.918367,-10.095801,22.321133,-26.821653,-15.884298,-4.946943,5.990412,16.927767,,,,,,,,,,12.572500,12.798333,13.666667,15.138958,12.572500,13.150587,11.994413,12.861543,12.283457
2025-06-30,12.350000,2025-05-15,2025-03-31,0.430000,0.490000,25.204082,-9.727955,22.536878,-26.852838,-15.809768,-4.766698,6.276372,17.319442,,,,,,,,,,12.567500,12.774167,13.643333,15.116667,12.567500,13.151745,11.983255,12.859622,12.275378
2025-07-01,12.250000,2025-05-15,2025-03-31,0.430000,0.490000,25.000000,-9.361809,22.741980,-26.874426,-15.730856,-4.587286,6.556284,17.699854,,,,,,,,,,12.555000,12.740833,13.619167,15.094375,12.555000,13.155789,11.954211,12.855394,12.254606
2025-07-02,12.400000,2025-05-15,2025-03-31,0.430000,0.490000,25.306122,-8.993633,22.943412,-26.891424,-15.649152,-4.406880,6.835392,18.077663,,,,,,,,,,12.545000,12.733333,13.596667,15.071667,12.545000,13.149283,11.940717,12.847141,12.242859
2025-07-03,12.800000,2025-05-15,2025-03-31,0.430000,0.490000,26.122449,-8.621259,23.148507,-26.909954,-15.567185,-4.224417,7.118352,18.461120,,,,,,,,,,12.530000,12.750833,13.579583,15.050000,12.530000,13.089511,11.970489,12.809756,12.250244
2025-07-04,12.600000,2025-05-15,2025-03-31,0.430000,0.490000,25.714286,-8.254369,23.341709,-26.919515,-15.482078,-4.044641,7.392797,18.830234,,,,,,,,,,12.505000,12.784167,13.562500,15.025625,12.505000,12.998004,12.011996,12.751502,12.258498
2025-07-07,12.500000,2025-05-15,2025-03-31,0.430000,0.490000,25.510204,-7.891784,23.526260,-26.922708,-15.394841,-3.866974,7.660893,19.188761,,,,,,,,,,12.497500,12.798333,13.546667,15.001042,12.497500,12.985757,12.009243,12.741628,12.253372
2025-07-08,12.400000,2025-05-15,2025-03-31,0.430000,0.490000,25.306122,-7.531941,23.701860,-26.918474,-15.304562,-3.690651,7.923260,19.537172,,,,,,,,,,12.480000,12.807500,13.530833,14.976667,12.480000,12.955062,12.004938,12.717531,12.242469
2025-07-09,12.500000,2025-05-15,2025-03-31,0.430000,0.490000,25.510204,-7.168314,23.872086,-26.907119,-15.209796,-3.512474,8.184848,19.882171,,,,,,,,,,12.467500,12.810000,13.514167,14.951042,12.467500,12.925499,12.009501,12.696500,12.238500
2025-07-10,12.250000,2025-05-15,2025-03-31,0.430000,0.490000,25.000000,-6.806856,24.028841,-26.883623,-15.109491,-3.335359,8.438773,20.212904,,,,,,,,,,12.447500,12.800000,13.493750,14.923333,12.447500,12.906876,11.988124,12.677188,12.217812
2025-07-11,12.200000,2025-05-15,2025-03-31,0.430000,0.490000,24.897959,-6.447290,24.178533,-26.854134,-15.006653,-3.159172,8.688309,20.535790,,,,,,,,,,12.422500,12.796667,13.473750,14.891875,12.422500,12.878426,11.966574,12.650463,12.194537
2025-07-14,12.200000,2025-05-15,2025-03-31,0.430000,0.490000,24.897959,-6.092932,24.324502,-26.823549,-14.904542,-2.985536,8.933470,20.852476,,,,,,,,,,12.400000,12.795000,13.457917,14.863125,12.400000,12.853060,11.946940,12.626530,12.173470
2025-07-15,12.150000,2025-05-15,2025-03-31,0.430000,0.490000,24.795918,-5.742549,24.464860,-26.789412,-14.801630,-2.813849,9.173932,21.161714,,,,,,,,,,12.375000,12.792500,13.444167,14.835000,12.375000,12.825146,11.924854,12.600073,12.149927
2025-07-16,12.050000,2025-05-15,2025-03-31,0.430000,0.490000,24.591837,-5.398034,24.599270,-26.752321,-14.698679,-2.645036,9.408606,21.462248,,,,,,,,,,12.340000,12.790000,13.432917,14.805208,12.340000,12.776011,11.903989,12.558005,12.121995
2025-07-17,12.300000,2025-05-15,2025-03-31,0.430000,0.490000,25.102041,-5.049267,24.733292,-26.712767,-14.593454,-2.474141,9.645173,21.764486,,,,,,,,,,12.335000,12.793333,13.423750,14.776667,12.335000,12.770407,11.899593,12.552703,12.117297
2025-07-18,12.150000,2025-05-15,2025-03-31,0.430000,0.490000,24.795918,-4.698884,24.856512,-26.661835,-14.482144,-2.302453,9.877238,22.056929,,,,,,,,,,12.345000,12.789167,13.410000,14.748125,12.345000,12.751396,11.938604,12.548198,12.141802
2025-07-21,12.000000,2025-05-15,2025-03-31,0.430000,0.490000,24.489796,-4.352094,24.971722,-26.604813,-14.368670,-2.132526,10.103618,22.339761,,,,,,,,,,12.342500,12.788333,13.395833,14.721458,12.342500,12.757070,11.927930,12.549785,12.135215
2025-07-22,11.700000,2025-05-15,2025-03-31,0.430000,0.490000,23.877551,-4.009364,25.075231,-26.538315,-14.251452,-1.964589,10.322275,22.609138,,,,,,,,,,12.315000,12.778333,13.378333,14.695625,12.315000,12.818775,11.811225,12.566888,12.063112
2025-07-23,12.100000,2025-05-15,2025-03-31,0.430000,0.490000,24.693878,-3.659311,25.180941,-26.470385,-14.131724,-1.793062,10.545599,22.884260,,,,,,,,,,12.302500,12.775000,13.363750,14.670833,12.302500,12.814950,11.790050,12.558725,12.046275
2025-07-24,12.050000,2025-05-15,2025-03-31,0.430000,0.490000,24.591837,-3.311150,25.280954,-26.397798,-14.010131,-1.622464,10.765204,23.152871,,,,,,,,,,12.282500,12.768333,13.349583,14.646875,12.282500,12.801887,11.763113,12.542194,12.022806
2025-07-25,12.200000,2025-05-15,2025-03-31,0.430000,0.490000,24.897959,-2.956271,25.376166,-26.317216,-13.882894,-1.448573,10.985749,23.420070,,,,,,,,,,12.257500,12.766667,13.333333,14.621875,12.257500,12.739027,11.775973,12.498264,12.016736
2025-07-28,12.400000,2025-05-15,2025-03-31,0.430000,0.490000,25.306122,-2.602158,25.472215,-26.237828,-13.756443,-1.275057,11.206328,23.687714,,,,,,,,,,12.260000,12.754167,13.322083,14.599167,12.260000,12.744062,11.775938,12.502031,12.017969
2025-07-29,12.450000,2025-05-15,2025-03-31,0.430000,0.490000,25.408163,-2.249798,25.565402,-26.156495,-13.629448,-1.102401,11.424646,23.951693,,,,,,,,,,12.270000,12.740833,13.313333,14.576667,12.270000,12.761400,11.778600,12.515700,12.024300
2025-07-30,12.600000,2025-05-15,2025-03-31,0.430000,0.490000,25.714286,-1.890200,25.653310,-26.066442,-13.496320,-0.926198,11.643924,24.214046,,,,,,,,,,12.280000,12.726667,13.302083,14.555208,12.280000,12.790315,11.769685,12.535157,12.024843
2025-07-31,12.000000,2025-05-15,2025-03-31,0.430000,0.490000,24.489796,-1.542889,25.726488,-25.967974,-13.361995,-0.756016,11.849963,24.455943,,,,,,,,,,12.240000,12.700833,13.287500,14.541458,12.240000,12.701804,11.778196,12.470902,12.009098
2025-08-01,11.900000,2025-05-15,2025-03-31,0.430000,0.490000,24.285714,-1.196758,25.792716,-25.863273,-13.224842,-0.586411,12.052019,24.690450,,,,,,,,,,12.205000,12.675833,13.271667,14.529583,12.205000,12.657944,11.752056,12.431472,11.978528
2025-08-04,12.000000,2025-05-15,2025-03-31,0.430000,0.490000,24.489796,-0.851531,25.857425,-25.757526,-13.087388,-0.417250,12.252888,24.923026,,,,,,,,,,12.180000,12.650833,13.258750,14.517292,12.180000,12.619378,11.740622,12.399689,11.960311
2025-08-05,12.050000,2025-05-15,2025-03-31,0.430000,0.490000,24.591837,-0.505974,25.918497,-25.648054,-12.947990,-0.247927,12.452136,25.152200,,,,,,,,,,12.162500,12.625000,13.246667,14.504792,12.162500,12.592769,11.732231,12.377635,11.947365
2025-08-06,12.100000,2025-05-15,2025-03-31,0.430000,0.490000,24.693878,-0.158004,25.974589,-25.532519,-12.804970,-0.077422,12.650127,25.377675,,,,,,,,,,12.142500,12.601667,13.233750,14.490833,12.142500,12.542862,11.742138,12.342681,11.942319
2025-08-07,12.050000,2025-05-15,2025-03-31,0.430000,0.490000,24.591837,0.193282,26.022237,-25.407084,-12.656188,0.094708,12.845604,25.596501,,,,,,,,,,12.132500,12.574167,13.217083,14.476250,12.132500,12.531545,11.733455,12.332022,11.932978
2025-08-08,11.900000,2025-05-15,2025-03-31,0.430000,0.490000,24.285714,0.545142,26.060454,-25.272125,-12.502503,0.267120,13.036742,25.806365,,,,,,,,,,12.117500,12.545000,13.196667,14.461250,12.117500,12.528244,11.706756,12.322872,11.912128
2025-08-11,11.950000,2025-05-15,2025-03-31,0.430000,0.490000,24.387755,0.898895,26.093841,-25.131505,-12.345524,0.440458,13.226440,26.012422,,,,,,,,,,12.105000,12.515833,13.175833,14.445417,12.105000,12.520363,11.689637,12.312681,11.897319
2025-08-12,12.050000,2025-05-15,2025-03-31,0.430000,0.490000,24.591837,1.253827,26.124267,-24.987407,-12.186516,0.614375,13.415266,26.216157,,,,,,,,,,12.100000,12.491667,13.156250,14.429583,12.100000,12.515490,11.684510,12.307745,11.892255
2025-08-13,12.050000,2025-05-15,2025-03-31,0.430000,0.490000,24.591837,1.615009,26.144983,-24.830730,-12.019688,0.791354,13.602396,26.413438,,,,,,,,,,12.100000,12.463333,13.131667,14.410625,12.100000,12.515490,11.684510,12.307745,11.892255
2025-08-14,12.250000,2025-08-14,2025-06-30,0.260000,0.780000,15.705128,1.902135,26.108623,-39.245787,-18.881061,1.483665,21.848391,42.213117,,,,,,,,,,12.097500,12.439167,13.108750,14.392083,12.097500,12.508500,11.686500,12.303000,11.892000
2025-08-15,12.400000,2025-08-14,2025-06-30,0.260000,0.780000,15.897436,2.191905,26.069021,-38.957986,-18.624150,1.709686,22.043522,42.377358,,,,,,,,,,12.110000,12.418333,13.086250,14.375208,12.110000,12.542374,11.677626,12.326187,11.893813
2025-08-18,12.550000,2025-08-14,2025-06-30,0.260000,0.780000,16.089744,2.482757,26.027374,-38.666153,-18.364801,1.936550,22.237902,42.539254,,,,,,,,,,12.137500,12.400833,13.065417,14.360000,12.137500,12.608641,11.666359,12.373070,11.901930
2025-08-19,12.650000,2025-08-14,2025-06-30,0.260000,0.780000,16.217949,2.775198,25.982496,-38.368039,-18.101692,2.164655,22.431001,42.697348,,,,,,,,,,12.185000,12.387500,13.045000,14.342500,12.185000,12.661942,11.708058,12.423471,11.946529
2025-08-20,12.450000,2025-08-14,2025-06-30,0.260000,0.780000,15.961538,3.066023,25.932687,-38.063494,-17.835998,2.391498,22.618994,42.846490,,,,,,,,,,12.202500,12.374167,13.022500,14.323958,12.202500,12.691834,11.713166,12.447167,11.957833
2025-08-21,13.000000,2025-08-14,2025-06-30,0.260000,0.780000,16.666667,3.363767,25.881546,-37.751474,-17.563868,2.623738,22.811344,42.998950,,,,,,,,,,12.250000,12.370833,13.003750,14.307708,12.250000,12.849122,11.650878,12.549561,11.950439
2025-08-22,12.650000,2025-08-14,2025-06-30,0.260000,0.780000,16.217949,3.653083,25.829082,-37.443964,-17.297280,2.849405,22.996089,43.142773,,,,,,,,,,12.272500,12.367500,12.985833,14.290000,12.272500,12.896979,11.648021,12.584739,11.960261
2025-08-25,12.700000,2025-08-14,2025-06-30,0.260000,0.780000,16.282051,3.941892,25.774406,-37.133398,-17.029362,3.074675,23.178712,43.282749,,,,,,,,,,12.287500,12.371667,12.969167,14.273125,12.287500,12.938713,11.636287,12.613107,11.961893
2025-08-26,13.000000,2025-08-14,2025-06-30,0.260000,0.780000,16.666667,4.239114,25.713200,-36.806084,-16.749787,3.306509,23.362805,43.419101,,,,,,,,,,12.315000,12.380000,12.950833,14.257500,12.315000,13.037641,11.592359,12.676321,11.953679
2025-08-27,12.700000,2025-08-14,2025-06-30,0.260000,0.780000,16.282051,4.531568,25.648310,-36.476741,-16.471059,3.534623,23.540305,43.545987,,,,,,,,,,12.320000,12.381667,12.931250,14.241875,12.320000,13.052264,11.587736,12.686132,11.953868
2025-08-28,13.050000,2025-08-14,2025-06-30,0.260000,0.780000,16.730769,4.827241,25.582091,-36.142813,-16.188783,3.765248,23.719279,43.673310,,,,,,,,,,12.372500,12.380833,12.915000,14.228125,12.372500,13.156870,11.588130,12.764685,11.980315
2025-08-29,12.850000,2025-08-14,2025-06-30,0.260000,0.780000,16.474359,5.120778,25.511275,-35.803382,-15.904588,3.994207,23.893001,43.791795,,,,,,,,,,12.420000,12.376667,12.897083,14.214583,12.420000,13.198933,11.641067,12.809467,12.030533
2025-09-01,12.550000,2025-08-14,2025-06-30,0.260000,0.780000,16.089744,5.412151,25.434464,-35.456287,-15.617405,4.221477,24.060359,43.899241,,,,,,,,,,12.447500,12.375000,12.875833,14.202083,12.447500,13.202466,11.692534,12.824983,12.070017
2025-09-02,12.300000,2025-08-14,2025-06-30,0.260000,0.780000,15.769231,5.702415,25.351425,-35.100339,-15.326228,4.447884,24.221995,43.996106,,,,,,,,,,12.460000,12.367500,12.851250,14.189167,12.460000,13.195277,11.724723,12.827638,12.092362
2025-09-03,12.250000,2025-08-14,2025-06-30,0.260000,0.780000,15.705128,5.988499,25.268156,-34.747293,-15.038132,4.671030,24.380191,44.089353,,,,,,,,,,12.467500,12.359167,12.829167,14.175000,12.467500,13.190269,11.744731,12.828884,12.106116
2025-09-04,12.300000,2025-08-14,2025-06-30,0.260000,0.780000,15.769231,6.279285,25.177339,-34.378807,-14.740483,4.897842,24.536167,44.174492,,,,,,,,,,12.480000,12.353333,12.804167,14.161250,12.480000,13.180676,11.779324,12.830338,12.129662
2025-09-05,12.300000,2025-08-14,2025-06-30,0.260000,0.780000,15.769231,6.571112,25.081716,-34.002010,-14.438272,5.125467,24.689206,44.252945,,,,,,,,,,12.500000,12.346667,12.778333,14.148333,12.500000,13.152122,11.847878,12.826061,12.173939
2025-09-08,12.500000,2025-08-14,2025-06-30,0.260000,0.780000,16.025641,6.864554,24.983617,-33.620091,-14.132869,5.354352,24.841574,44.328796,,,,,,,,,,12.527500,12.344167,12.754583,14.134375,12.527500,13.126161,11.928839,12.826830,12.228170
2025-09-09,12.450000,2025-08-14,2025-06-30,0.260000,0.780000,15.961538,7.157984,24.880894,-33.230968,-13.823870,5.583227,24.990325,44.397423,,,,,,,,,,12.547500,12.340833,12.730000,14.118542,12.547500,13.104253,11.990747,12.825876,12.269124
2025-09-10,12.550000,2025-08-14,2025-06-30,0.260000,0.780000,16.089744,7.451961,24.775179,-32.836750,-13.512110,5.812530,25.137169,44.461809,,,,,,,,,,12.572500,12.337500,12.706667,14.103125,12.572500,13.077710,12.067290,12.825105,12.319895
2025-09-11,12.300000,2025-08-14,2025-06-30,0.260000,0.780000,15.769231,7.740142,24.668000,-32.444770,-13.203730,6.037311,25.278351,44.519392,,,,,,,,,,12.575000,12.335833,12.683750,14.083333,12.575000,13.073946,12.076054,12.824473,12.325527
2025-09-12,12.550000,2025-08-14,2025-06-30,0.260000,0.780000,16.089744,8.033077,24.555503,-32.040785,-12.887492,6.265800,25.419093,44.572386,,,,,,,,,,12.582500,12.345833,12.661250,14.066250,12.582500,13.074836,12.090164,12.828668,12.336332
2025-09-15,12.500000,2025-08-14,2025-06-30,0.260000,0.780000,16.025641,8.319749,24.445169,-31.645059,-12.577827,6.489405,25.556636,44.623868,,,,,,,,,,12.580000,12.353333,12.642917,14.048542,12.580000,13.073537,12.086463,12.826769,12.333231
2025-09-16,12.700000,2025-08-14,2025-06-30,0.260000,0.780000,16.282051,8.613246,24.326300,-31.230696,-12.256182,6.718332,25.692845,44.667359,,,,,,,,,,12.582500,12.360833,12.622500,14.030417,12.582500,13.078033,12.086967,12.830266,12.334734
2025-09-17,13.500000,2025-08-14,2025-06-30,0.260000,0.780000,17.307692,8.912685,24.209069,-30.814254,-11.931180,6.951894,25.834968,44.718042,,,,,,,,,,12.635000,12.380000,12.610833,14.016250,12.635000,13.273337,11.996663,12.954168,12.315832
2025-09-18,13.700000,2025-08-14,2025-06-30,0.260000,0.780000,17.564103,9.208011,24.095434,-30.406629,-11.612191,7.182248,25.976687,44.771126,,,,,,,,,,12.670000,12.400833,12.605833,14.002917,12.670000,13.452977,11.887023,13.061488,12.278512
2025-09-19,13.550000,2025-08-14,2025-06-30,0.260000,0.780000,17.371795,9.632984,23.781306,-29.585111,-11.035692,7.513727,26.063147,44.612566,,,,,,,,,,12.715000,12.415000,12.606667,13.988750,12.715000,13.591056,11.838944,13.153028,12.276972
2025-09-22,13.500000,2025-08-14,2025-06-30,0.260000,0.780000,17.307692,10.064715,23.441206,-28.717804,-10.433663,7.850477,26.134618,44.418759,,,,,,,,,,12.755000,12.434167,12.604167,13.973750,12.755000,13.698621,11.811379,13.226811,12.283189
2025-09-23,13.700000,2025-08-14,2025-06-30,0.260000,0.780000,17.564103,10.507957,23.069942,-27.792902,-9.798348,8.196207,26.190761,44.185316,,,,,,,,,,12.790000,12.458333,12.599583,13.959167,12.790000,13.819870,11.760130,13.304935,12.275065
2025-09-24,13.600000,2025-08-14,2025-06-30,0.260000,0.780000,17.435897,10.920965,22.741588,-26.958525,-9.220086,8.518352,26.256791,43.995230,,,,,,,,,,12.835000,12.478333,12.605833,13.944792,12.835000,13.925196,11.744804,13.380098,12.289902
2025-09-25,14.100000,2025-08-14,2025-06-30,0.260000,0.780000,18.076923,11.316397,22.445654,-26.188431,-8.680820,8.826790,26.334400,43.842011,,,,,,,,,,12.887500,12.500000,12.625417,13.932708,12.887500,14.113909,11.661091,13.500704,12.274296
2025-09-26,13.650000,2025-08-14,2025-06-30,0.260000,0.780000,17.500000,11.683064,22.180524,-25.488828,-8.188019,9.112790,26.413599,43.714408,,,,,,,,,,12.927500,12.517500,12.650833,13.919167,12.927500,14.200075,11.654925,13.563788,12.291212
2025-09-30,13.650000,2025-08-14,2025-06-30,0.260000,0.780000,17.500000,12.071606,21.865811,-24.694812,-7.639480,9.415852,26.471185,43.526517,,,,,,,,,,12.982500,12.536667,12.667500,13.904792,12.982500,14.281194,11.683806,13.631847,12.333153
2025-10-01,13.750000,2025-08-14,2025-06-30,0.260000,0.780000,17.628205,12.465382,21.531526,-23.866183,-7.071592,9.722998,26.517589,43.312179,,,,,,,,,,13.055000,12.559167,12.683333,13.892292,13.055000,14.355162,11.754838,13.705081,12.404919
2025-10-02,13.800000,2025-08-14,2025-06-30,0.260000,0.780000,17.692308,12.870110,21.163323,-22.976098,-6.468706,10.038686,26.546078,43.053470,,,,,,,,,,13.132500,12.580833,12.695417,13.880625,13.132500,14.415291,11.849709,13.773895,12.491105
2025-10-03,13.800000,2025-08-14,2025-06-30,0.260000,0.780000,17.692308,13.285254,20.758005,-22.019989,-5.828745,10.362498,26.553742,42.744986,,,,,,,,,,13.207500,12.606667,12.703333,13.868750,13.207500,14.460402,11.954598,13.833951,12.581049
2025-10-07,14.000000,2025-08-14,2025-06-30,0.260000,0.780000,17.948718,13.693160,20.357534,-21.077088,-5.198212,10.680665,26.559542,42.438418,,,,,,,,,,13.292500,12.636667,12.716667,13.856458,13.292500,14.516503,12.068497,13.904502,12.680498
2025-10-08,14.100000,2025-08-14,2025-06-30,0.260000,0.780000,18.076923,14.100051,19.945562,-20.117037,-4.559499,10.998040,26.555579,42.113117,,,,,,,,,,13.372500,12.668333,12.731667,13.844375,13.372500,14.587527,12.157473,13.980013,12.764987
2025-10-09,14.000000,2025-08-14,2025-06-30,0.260000,0.780000,17.948718,14.505874,19.516154,-19.130619,-3.908018,11.314582,26.537182,41.759782,,,,,,,,,,13.450000,12.699167,12.745833,13.832500,13.450000,14.613932,12.286068,14.031966,12.868034
2025-10-13,13.550000,2025-08-14,2025-06-30,0.260000,0.780000,17.371795,14.904806,19.072691,-18.127650,-3.250951,11.625748,26.502448,41.379147,,,,,,,,,,13.500000,12.724167,12.757083,13.817917,13.500000,14.584338,12.415662,14.042169,12.957831
2025-10-14,13.200000,2025-08-14,2025-06-30,0.260000,0.780000,16.923077,15.297914,18.614829,-17.106760,-2.587193,11.932373,26.451940,40.971507,,,,,,,,,,13.545000,12.739167,12.766250,13.801458,13.545000,14.484709,12.605291,14.014854,13.075146
2025-10-15,13.150000,2025-08-14,2025-06-30,0.260000,0.780000,16.858974,15.696739,18.120689,-16.024818,-1.890681,12.243457,26.377594,40.511731,,,,,,,,,,13.575000,12.755833,12.772500,13.785417,13.575000,14.413859,12.736141,13.994429,13.155571
2025-10-16,13.250000,2025-08-14,2025-06-30,0.260000,0.780000,16.987179,16.089341,17.623109,-14.942364,-1.196339,12.549686,26.295711,40.041735,,,,,,,,,,13.612500,12.776667,12.782500,13.768125,13.612500,14.302942,12.922058,13.957721,13.267279
2025-10-17,13.200000,2025-08-14,2025-06-30,0.260000,0.780000,16.923077,16.486616,17.087549,-13.797015,-0.468727,12.859561,26.187849,39.516136,,,,,,,,,,13.637500,12.801667,12.790000,13.751667,13.637500,14.215951,13.059049,13.926725,13.348275
2025-10-20,13.250000,2025-08-14,2025-06-30,0.260000,0.780000,16.987179,16.884426,16.525024,-12.609186,0.280333,13.169852,26.059372,38.948891,,,,,,,,,,13.625000,12.820833,12.797917,13.735833,13.625000,14.226314,13.023686,13.925657,13.324343
2025-10-21,13.050000,2025-08-14,2025-06-30,0.260000,0.780000,16.730769,17.283224,15.923169,-11.359228,1.060843,13.480915,25.900987,38.321058,,,,,,,,,,13.592500,12.837500,12.802917,13.718125,13.592500,14.244844,12.940156,13.918672,13.266328
2025-10-22,13.150000,2025-08-14,2025-06-30,0.260000,0.780000,16.858974,17.679966,15.297122,-10.073137,1.858618,13.790373,25.722128,37.653883,,,,,,,,,,13.572500,12.853333,12.810000,13.701667,13.572500,14.254197,12.890803,13.913348,13.231652
2025-10-23,13.200000,2025-08-14,2025-06-30,0.260000,0.780000,16.923077,18.094950,14.572431,-8.618931,2.747565,14.114061,25.480557,36.847053,,,,,,,,,,13.557500,12.866667,12.810417,13.686667,13.557500,14.258833,12.856167,13.908167,13.206833
2025-10-27,13.200000,2025-08-14,2025-06-30,0.260000,0.780000,16.923077,18.512017,13.789336,-7.071991,3.683691,14.439373,25.195056,35.950738,,,,,,,,,,13.532500,12.879167,12.810000,13.672500,13.532500,14.247950,12.817050,13.890225,13.174775
2025-10-28,13.100000,2025-08-14,2025-06-30,0.260000,0.780000,16.794872,18.932183,12.928649,-5.401590,4.682756,14.767102,24.851449,34.935795,,,,,,,,,,13.507500,12.887500,12.807083,13.658958,13.507500,14.247539,12.767461,13.877520,13.137480
2025-10-29,13.050000,2025-08-14,2025-06-30,0.260000,0.780000,16.730769,19.353897,11.982393,-3.596493,5.749773,15.096040,24.442307,33.788573,,,,,,,,,,13.455000,12.905000,12.802917,13.646458,13.455000,14.166485,12.743515,13.810742,13.099258
2025-10-30,12.800000,2025-08-14,2025-06-30,0.260000,0.780000,16.410256,19.769816,10.954499,-1.668561,6.875948,15.420457,23.964966,32.509474,,,,,,,,,,13.412500,12.920000,12.797917,13.631250,13.412500,14.174682,12.650318,13.793591,13.031409
2025-10-31,12.150000,2025-08-14,2025-06-30,0.260000,0.780000,15.576923,20.180874,9.793265,0.463588,8.102335,15.741082,23.379828,31.018575,,,,,,,,,,13.337500,12.922500,12.786667,13.614167,13.337500,14.276074,12.398926,13.806787,12.868213
2025-11-03,11.900000,2025-08-14,2025-06-30,0.260000,0.780000,15.256410,20.591344,8.442351,2.891180,9.476214,16.061248,22.646282,29.231316,,,,,,,,,,13.245000,12.920000,12.772500,13.593125,13.245000,14.360395,12.129605,13.802697,12.687303
2025-11-04,11.650000,2025-08-14,2025-06-30,0.260000,0.780000,14.935897,20.997060,6.823570,5.732937,11.055322,16.377707,21.700091,27.022476,,,,,,,,,,13.137500,12.912500,12.757083,13.573333,13.137500,14.428308,11.846692,13.782904,12.492096
2025-11-05,11.800000,2025-08-14,2025-06-30,0.260000,0.780000,15.128205,21.408545,4.585930,9.544615,13.121640,16.698665,20.275690,23.852715,,,,,,,,,,13.037500,12.908333,12.741250,13.555000,13.037500,14.418909,11.656091,13.728204,12.346796
2025-11-06,11.850000,2025-08-14,2025-06-30,0.260000,0.780000,15.192308,21.303005,4.582007,9.468413,13.042378,16.616344,20.190309,23.764274,,,,,,,,,,12.930000,12.907500,12.726250,13.538125,12.930000,14.330526,11.529474,13.630263,12.229737
2025-11-07,12.000000,2025-08-14,2025-06-30,0.260000,0.780000,15.384615,21.198216,4.572281,9.401850,12.968230,16.534609,20.100988,23.667367,,,,,,,,,,12.825000,12.908333,12.712083,13.522083,12.825000,14.169971,11.480029,13.497486,12.152514
2025-11-10,11.900000,2025-08-14,2025-06-30,0.260000,0.780000,15.256410,21.095761,4.566476,9.330991,12.892842,16.454694,20.016545,23.578397,,,,,,,,,,12.720000,12.905833,12.698750,13.506875,12.720000,14.005302,11.434698,13.362651,12.077349
2025-11-11,11.700000,2025-08-14,2025-06-30,0.260000,0.780000,15.000000,20.986918,4.554701,9.264462,12.817129,16.369796,19.922463,23.475130,,,,,,,,,,12.627500,12.900000,12.681667,13.489167,12.627500,13.927490,11.327510,13.277495,11.977505
2025-11-12,11.850000,2025-08-14,2025-06-30,0.260000,0.780000,15.192308,20.880527,4.539553,9.205108,12.745960,16.286811,19.827663,23.368514,,,,,,,,,,12.560000,12.893333,12.666250,13.472500,12.560000,13.874934,11.245066,13.217467,11.902533
2025-11-13,12.000000,2025-08-14,2025-06-30,0.260000,0.780000,15.384615,20.776589,4.521223,9.152632,12.679186,16.205740,19.732294,23.258847,,,,,,,,,,12.502500,12.886667,12.652500,13.456042,12.502500,13.809354,11.195646,13.155927,11.849073
2025-11-14,11.700000,2025-11-14,2025-09-30,-0.170000,0.730000,16.027397,20.678859,4.495789,8.531715,11.813641,15.095567,18.377493,21.659419,,,,,,,,,,12.425000,12.872500,12.636667,13.439375,12.425000,13.729042,11.120958,13.077021,11.772979
2025-11-17,11.550000,2025-11-14,2025-09-30,-0.170000,0.730000,15.821918,20.581966,4.473894,8.492951,11.758893,15.024835,18.290778,21.556720,,,,,,,,,,12.342500,12.854167,12.620833,13.422083,12.342500,13.648871,11.036129,12.995686,11.689314
2025-11-18,11.150000,2025-11-14,2025-09-30,-0.170000,0.730000,15.273973,20.483909,4.460071,8.441551,11.697402,14.953254,18.209105,21.464957,,,,,,,,,,12.237500,12.832500,12.603333,13.402708,12.237500,13.573982,10.901018,12.905741,11.569259
2025-11-19,11.000000,2025-11-14,2025-09-30,-0.170000,0.730000,15.068493,20.384990,4.447322,8.387952,11.634498,14.881043,18.127588,21.374134,,,,,,,,,,12.135000,12.799167,12.585000,13.382292,12.135000,13.522576,10.747424,12.828788,11.441212
2025-11-20,11.150000,2025-11-14,2025-09-30,-0.170000,0.730000,15.273973,20.293736,4.438834,8.333730,11.574079,14.814427,18.054776,21.295124,,,,,,,,,,12.035000,12.774167,12.570833,13.362708,12.035000,13.402710,10.667290,12.718855,11.351145
2025-11-21,10.800000,2025-11-14,2025-09-30,-0.170000,0.730000,14.794521,20.205289,4.441810,8.264819,11.507340,14.749861,17.992382,21.234903,,,,,,,,,,11.915000,12.742500,12.557083,13.342708,11.915000,13.273443,10.556557,12.594222,11.235778
2025-11-24,10.850000,2025-11-14,2025-09-30,-0.170000,0.730000,14.863014,20.116562,4.441292,8.200804,11.442947,14.685091,17.927234,21.169378,,,,,,,,,,11.797500,12.706667,12.543333,13.323542,11.797500,13.093029,10.501971,12.445264,11.149736
2025-11-25,11.050000,2025-11-14,2025-09-30,-0.170000,0.730000,15.136986,20.028418,4.434219,8.146785,11.383765,14.620745,17.857725,21.094705,,,,,,,,,,11.695000,12.679167,12.530417,13.304583,11.695000,12.875945,10.514055,12.285473,11.104527
2025-11-26,11.300000,2025-11-14,2025-09-30,-0.170000,0.730000,15.479452,19.934625,4.410146,8.113463,11.332869,14.552276,17.771682,20.991089,,,,,,,,,,11.607500,12.650000,12.515417,13.286458,11.607500,12.611846,10.603154,12.109673,11.105327
2025-11-27,11.500000,2025-11-14,2025-09-30,-0.170000,0.730000,15.753425,19.843114,4.381698,8.088195,11.286834,14.485473,17.684113,20.882752,,,,,,,,,,11.542500,12.627500,12.502083,13.267708,11.542500,12.375551,10.709449,11.959025,11.125975
2025-11-28,11.600000,2025-11-14,2025-09-30,-0.170000,0.730000,15.890411,19.760398,4.361633,8.057107,11.241099,14.425091,17.609083,20.793075,,,,,,,,,,11.515000,12.611667,12.493333,13.250208,11.515000,12.298447,10.731553,11.906724,11.123276
2025-12-01,11.350000,2025-11-14,2025-09-30,-0.170000,0.730000,15.547945,19.673128,4.340042,8.024921,11.193152,14.361383,17.529614,20.697845,,,,,,,,,,11.487500,12.595833,12.481667,13.232083,11.487500,12.252439,10.722561,11.869969,11.105031
2025-12-02,11.350000,2025-11-14,2025-09-30,-0.170000,0.730000,15.547945,19.585857,4.316565,7.995490,11.146583,14.297676,17.448768,20.599861,,,,,,,,,,11.472500,12.580833,12.470000,13.213542,11.472500,12.235786,10.709214,11.854143,11.090857
2025-12-03,11.650000,2025-11-14,2025-09-30,-0.170000,0.730000,15.958904,19.503712,4.290719,7.973260,11.105485,14.237710,17.369934,20.502159,,,,,,,,,,11.465000,12.570000,12.461667,13.197292,11.465000,12.217609,10.712391,11.841305,11.088695
2025-12-04,11.850000,2025-11-14,2025-09-30,-0.170000,0.730000,16.232877,19.422999,4.260026,7.959152,11.068971,14.178790,17.288608,20.398427,,,,,,,,,,11.465000,12.562500,12.454583,13.181667,11.465000,12.217609,10.712391,11.841305,11.088695
2025-12-05,11.650000,2025-11-14,2025-09-30,-0.170000,0.730000,15.958904,19.340854,4.230647,7.942079,11.030452,14.118824,17.207196,20.295568,,,,,,,,,,11.447500,12.548333,12.446250,13.164583,11.447500,12.163097,10.731903,11.805298,11.089702
2025-12-08,11.600000,2025-11-14,2025-09-30,-0.170000,0.730000,15.890411,19.258138,4.199899,7.926588,10.992515,14.058441,17.124367,20.190293,,,,,,,,,,11.432500,12.534167,12.437500,13.146042,11.432500,12.120193,10.744807,11.776346,11.088654
2025-12-09,11.300000,2025-11-14,2025-09-30,-0.170000,0.730000,15.479452,19.170297,4.167384,7.909937,10.952127,13.994317,17.036507,20.078697,,,,,,,,,,11.412500,12.513333,12.425417,13.127500,11.412500,12.090636,10.734364,11.751568,11.073432
2025-12-10,11.600000,2025-11-14,2025-09-30,-0.170000,0.730000,15.890411,19.091833,4.139433,7.893466,10.915252,13.937038,16.958824,19.980610,,,,,,,,,,11.400000,12.501667,12.418750,13.111250,11.400000,12.052929,10.747071,11.726464,11.073536
2025-12-11,11.400000,2025-11-14,2025-09-30,-0.170000,0.730000,15.616438,19.018738,4.122539,7.864772,10.874225,13.883679,16.893133,19.902586,,,,,,,,,,11.370000,12.482500,12.414167,13.095625,11.370000,11.958844,10.781156,11.664422,11.075578
2025-12-12,11.350000,2025-11-14,2025-09-30,-0.170000,0.730000,15.547945,18.943373,4.102417,7.839133,10.833897,13.828662,16.823427,19.818191,,,,,,,,,,11.352500,12.463333,12.408333,13.079583,11.352500,11.920484,10.784516,11.636492,11.068508
2025-12-15,11.450000,2025-11-14,2025-09-30,-0.170000,0.730000,15.684932,18.865747,4.074888,7.822658,10.797327,13.771995,16.746664,19.721332,,,,,,,,,,11.347500,12.442500,12.401667,13.065208,11.347500,11.909896,10.785104,11.628698,11.066302
2025-12-16,11.300000,2025-11-14,2025-09-30,-0.170000,0.730000,15.479452,18.784708,4.044361,7.808071,10.760454,13.712837,16.665221,19.617604,,,,,,,,,,11.355000,12.405833,12.392917,13.052292,11.355000,11.910262,10.799738,11.632631,11.077369
2025-12-17,11.300000,2025-11-14,2025-09-30,-0.170000,0.730000,15.479452,18.701969,4.009127,7.799112,10.725775,13.652438,16.579100,19.505763,,,,,,,,,,11.370000,12.365833,12.383333,13.035417,11.370000,11.900541,10.839459,11.635270,11.104730
2025-12-18,11.150000,2025-11-14,2025-09-30,-0.170000,0.730000,15.273973,18.613266,3.965639,7.797851,10.692767,13.587684,16.482601,19.377518,,,,,,,,,,11.370000,12.325833,12.370417,13.018542,11.370000,11.900541,10.839459,11.635270,11.104730
2025-12-19,11.250000,2025-11-14,2025-09-30,-0.170000,0.730000,15.410959,18.531657,3.929468,7.791085,10.659597,13.528109,16.396621,19.265133,,,,,,,,,,11.392500,12.288333,12.361250,13.002292,11.392500,11.855073,10.929927,11.623786,11.161214
2025-12-22,11.250000,2025-11-14,2025-09-30,-0.170000,0.730000,15.410959,18.451748,3.894166,7.784294,10.627035,13.469776,16.312517,19.155258,,,,,,,,,,11.412500,12.247500,12.352917,12.986042,11.412500,11.805699,11.019301,11.609099,11.215901
2025-12-23,11.300000,2025-11-14,2025-09-30,-0.170000,0.730000,15.479452,18.369859,3.851908,7.786211,10.598104,13.409997,16.221890,19.033783,,,,,,,,,,11.425000,12.209167,12.343750,12.970208,11.425000,11.784092,11.065908,11.604546,11.245454
2025-12-24,11.450000,2025-11-14,2025-09-30,-0.170000,0.730000,15.684932,18.282880,3.792767,7.809062,10.577782,13.346502,16.115222,18.883942,,,,,,,,,,11.432500,12.165000,12.332500,12.956042,11.432500,11.786834,11.078166,11.609667,11.255333
2025-12-26,11.400000,2025-11-14,2025-09-30,-0.170000,0.730000,15.616438,18.198731,3.738129,7.827406,10.556240,13.285074,16.013908,18.742741,,,,,,,,,,11.427500,12.127500,12.322500,12.942500,11.427500,11.780644,11.074356,11.604072,11.250928
2025-12-29,11.800000,2025-11-14,2025-09-30,-0.170000,0.730000,16.164384,18.120849,3.681446,7.853309,10.540764,13.228220,15.915675,18.603131,,,,,,,,,,11.437500,12.096667,12.316667,12.931667,11.437500,11.821215,11.053785,11.629357,11.245643
2025-12-30,12.050000,2025-11-14,2025-09-30,-0.170000,0.730000,16.506849,18.047522,3.624315,7.883190,10.528941,13.174691,15.820441,18.466191,,,,,,,,,,11.472500,12.068333,12.313750,12.922292,11.472500,11.940952,11.004048,11.706726,11.238274
2025-12-31,12.250000,2025-11-14,2025-09-30,-0.170000,0.730000,16.780822,17.974777,3.560311,7.923534,10.522560,13.121587,15.720614,18.319641,,,,,,,,,,11.517500,12.042500,12.311667,12.912917,11.517500,12.096315,10.938685,11.806907,11.228093
2026-01-02,12.600000,2025-11-14,2025-09-30,-0.170000,0.730000,17.260274,17.910279,3.501595,7.962175,10.518339,13.074504,15.630668,18.186833,,,,,,,,,,11.565000,12.022500,12.314583,12.904167,11.565000,12.319007,10.810993,11.942003,11.187997
2026-01-05,13.850000,2025-11-14,2025-09-30,-0.170000,0.730000,18.972603,17.860901,3.443527,8.010909,10.524683,13.038458,15.552233,18.066007,,,,,,,,,,11.665000,12.020000,12.328333,12.901042,11.665000,12.933277,10.396723,12.299138,11.030862
2026-01-06,15.200000,2025-11-14,2025-09-30,-0.170000,0.730000,20.821918,17.826934,3.393266,8.059493,10.536578,13.013662,15.490746,17.967831,,,,,,,,,,11.842500,12.038333,12.353333,12.905625,11.842500,13.868976,9.816024,12.855738,10.829262
2026-01-07,16.700000,2025-11-14,2025-09-30,-0.170000,0.730000,22.876712,17.810941,3.364545,8.089751,10.545869,13.001987,15.458105,17.914222,,,,,,,,,,12.097500,12.083333,12.391250,12.917708,12.097500,15.061934,9.133066,13.579717,10.615283
2026-01-08,15.650000,2025-11-14,2025-09-30,-0.170000,0.730000,21.438356,17.784662,3.323198,8.130934,10.556868,12.982803,15.408738,17.834673,,,,,,,,,,12.315000,12.118333,12.421250,12.927083,12.315000,15.648419,8.981581,13.981710,10.648290
2026-01-09,14.500000,2025-11-14,2025-09-30,-0.170000,0.730000,19.863014,17.741003,3.260073,8.191226,10.571079,12.950932,15.330786,17.710639,,,,,,,,,,12.460000,12.140000,12.439583,12.931667,12.460000,15.912627,9.007373,14.186313,10.733687
2026-01-12,15.300000,2025-11-14,2025-09-30,-0.170000,0.730000,20.958904,17.709028,3.208708,8.242877,10.585234,12.927591,15.269948,17.612305,,,,,,,,,,12.655000,12.175833,12.465833,12.937917,12.655000,16.291207,9.018793,14.473103,10.836897
2026-01-13,15.150000,2025-11-14,2025-09-30,-0.170000,0.730000,20.753425,17.677892,3.160117,8.291090,10.597976,12.904861,15.211746,17.518632,,,,,,,,,,12.845000,12.207500,12.492083,12.943958,12.845000,16.589596,9.100404,14.717298,10.972702
2026-01-14,15.150000,2025-11-14,2025-09-30,-0.170000,0.730000,20.753425,17.651857,3.121242,8.328842,10.607349,12.885856,15.164363,17.442870,,,,,,,,,,13.030000,12.240000,12.520833,12.949583,13.030000,16.849259,9.210741,14.939629,11.120371
2026-01-15,15.250000,2025-11-14,2025-09-30,-0.170000,0.730000,20.890411,17.620162,3.067988,8.383455,10.623087,12.862718,15.102350,17.341981,,,,,,,,,,13.227500,12.273333,12.547083,12.955417,13.227500,17.078470,9.376530,15.152985,11.302015
2026-01-16,15.700000,2025-11-14,2025-09-30,-0.170000,0.730000,21.506849,17.594454,3.021654,8.432337,10.638144,12.843951,15.049758,17.255566,,,,,,,,,,13.447500,12.317500,12.577500,12.963542,13.447500,17.337362,9.557638,15.392431,11.502569
2026-01-19,17.250000,2025-11-14,2025-09-30,-0.170000,0.730000,23.630137,17.583888,2.998027,8.459120,10.647679,12.836239,15.024798,17.213357,,,,,,,,,,13.752500,12.385833,12.619583,12.976458,13.752500,17.835646,9.669354,15.794073,11.710927
2026-01-20,16.600000,2025-11-14,2025-09-30,-0.170000,0.730000,22.739726,17.562502,2.951266,8.511778,10.666202,12.820626,14.975050,17.129474,,,,,,,,,,14.020000,12.442500,12.654583,12.988333,14.020000,18.113821,9.926179,16.066910,11.973090
2026-01-21,15.900000,2025-11-14,2025-09-30,-0.170000,0.730000,21.780822,17.532274,2.888134,8.581885,10.690222,12.798560,14.906897,17.015235,,,,,,,,,,14.252500,12.487500,12.683333,12.998333,14.252500,18.209835,10.295165,16.231167,12.273833
2026-01-22,15.350000,2025-11-14,2025-09-30,-0.170000,0.730000,21.027397,17.493217,2.807110,8.671668,10.720858,12.770048,14.819238,16.868429,,,,,,,,,,14.455000,12.525000,12.706250,13.004167,14.455000,18.184103,10.725897,16.319552,12.590448
2026-01-23,15.050000,2025-11-14,2025-09-30,-0.170000,0.730000,20.616438,17.460939,2.747621,8.734958,10.740721,12.746485,14.752249,16.758012,,,,,,,,,,14.635000,12.558333,12.731667,13.009583,14.635000,18.090903,11.179097,16.362951,12.907049
2026-01-26,15.250000,2025-11-14,2025-09-30,-0.170000,0.730000,20.890411,17.432644,2.693704,8.793022,10.759426,12.725830,14.692234,16.658639,,,,,,,,,,14.827500,12.599167,12.759583,13.015625,14.827500,17.936142,11.718858,16.381821,13.273179
2026-01-27,14.450000,2025-11-14,2025-09-30,-0.170000,0.730000,19.794521,17.393517,2.623521,8.866927,10.782097,12.697267,14.612438,16.527608,,,,,,,,,,14.960000,12.637500,12.780000,13.019375,14.960000,17.733104,12.186896,16.346552,13.573448
2026-01-28,14.100000,2025-11-14,2025-09-30,-0.170000,0.730000,19.315068,17.349544,2.544899,8.949614,10.807391,12.665167,14.522944,16.380720,,,,,,,,,,15.062500,12.674167,12.797083,13.021875,15.062500,17.515827,12.609173,16.289164,13.835836
2026-01-29,13.800000,2025-11-14,2025-09-30,-0.170000,0.730000,18.904110,17.301296,2.457886,9.041433,10.835689,12.629946,14.424203,16.218459,,,,,,,,,,15.140000,12.710000,12.811250,13.022500,15.140000,17.299581,12.980419,16.219790,14.060210
2026-01-30,13.750000,2025-11-14,2025-09-30,-0.170000,0.730000,18.835616,17.253327,2.368968,9.136236,10.865582,12.594929,14.324276,16.053622,,,,,,,,,,15.197500,12.742500,12.825417,13.021250,15.197500,17.120621,13.274379,16.159061,14.235939
2026-02-02,13.350000,2025-11-14,2025-09-30,-0.170000,0.730000,18.287671,17.203344,2.280986,9.228202,10.893321,12.558441,14.223561,15.888680,,,,,,,,,,15.172500,12.767500,12.837500,13.017083,15.172500,17.180504,13.164496,16.176502,14.168498
2026-02-03,13.800000,2025-11-14,2025-09-30,-0.170000,0.730000,18.904110,17.157647,2.188916,9.329265,10.927174,12.525082,14.122991,15.720899,,,,,,,,,,15.102500,12.797500,12.852917,13.014375,15.102500,17.201992,13.003008,16.152246,14.052754
2026-02-04,15.150000,2025-11-14,2025-09-30,-0.170000,0.730000,20.753425,17.125660,2.105835,9.427212,10.964472,12.501732,14.038992,15.576251,,,,,,,,,,15.025000,12.851667,12.878750,13.017500,15.025000,16.986068,13.063932,16.005534,14.044466
2026-02-05,15.600000,2025-11-14,2025-09-30,-0.170000,0.730000,21.369863,17.098810,2.028978,9.519823,11.000977,12.482131,13.963285,15.444440,,,,,,,,,,15.022500,12.916667,12.908333,13.020000,15.022500,16.980338,13.064662,16.001419,14.043581
2026-02-06,15.200000,2025-11-14,2025-09-30,-0.170000,0.730000,20.821918,17.141450,2.053066,9.515782,11.014520,12.513259,14.011997,15.510735,,,,,,,,,,15.057500,12.972500,12.932917,13.020833,15.057500,17.000984,13.114016,16.029242,14.085758
2026-02-09,15.000000,2025-11-14,2025-09-30,-0.170000,0.730000,20.547945,17.180204,2.073180,9.514706,11.028128,12.541549,14.054971,15.568392,,,,,,,,,,15.042500,13.022500,12.954583,13.020417,15.042500,16.982732,13.102268,16.012616,14.072384
2026-02-10,14.750000,2025-11-14,2025-09-30,-0.170000,0.730000,20.205479,17.214502,2.088973,9.516687,11.041637,12.566587,14.091537,15.616487,,,,,,,,,,15.022500,13.073333,12.972917,13.019167,15.022500,16.966309,13.078691,15.994405,14.050595
2026-02-11,16.150000,2025-11-14,2025-09-30,-0.170000,0.730000,22.123288,17.263713,2.134364,9.486340,11.044425,12.602511,14.160596,15.718681,,,,,,,,,,15.072500,13.150000,13.002083,13.023542,15.072500,17.080504,13.064496,16.076502,14.068498
2026-02-23,15.950000,2025-11-14,2025-09-30,-0.170000,0.730000,21.849315,17.312778,2.171528,9.467897,11.053112,12.638328,14.223544,15.808759,,,,,,,,,,15.107500,13.230000,13.031250,13.026875,15.107500,17.152590,13.062410,16.130045,14.084955
2026-02-24,16.350000,2025-11-14,2025-09-30,-0.170000,0.730000,22.397260,17.360533,2.219678,9.432459,11.052824,12.673189,14.293554,15.913919,,,,,,,,,,15.140000,13.319167,13.059167,13.031458,15.140000,17.244531,13.035469,16.192266,14.087734
2026-02-25,16.100000,2025-11-14,2025-09-30,-0.170000,0.730000,22.054795,17.409173,2.258050,9.411943,11.060320,12.708697,14.357073,16.005450,,,,,,,,,,15.082500,13.401667,13.087917,13.036875,15.082500,16.998712,13.166288,16.040606,14.124394
2026-02-26,16.600000,2025-11-14,2025-09-30,-0.170000,0.730000,22.739726,17.462987,2.307374,9.379215,11.063598,12.747981,14.432364,16.116747,,,,,,,,,,15.082500,13.498333,13.120417,13.044792,15.082500,16.998712,13.166288,16.040606,14.124394
2026-03-02,16.850000,2025-11-14,2025-09-30,-0.170000,0.730000,23.082192,17.516450,2.362436,9.337852,11.062430,12.787009,14.511587,16.236165,,,,,,,,,,15.130000,13.598333,13.152500,13.051667,15.130000,17.174350,13.085650,16.152175,14.107825
2026-03-03,15.750000,2025-11-14,2025-09-30,-0.170000,0.730000,21.575342,17.560561,2.388468,9.332046,11.075628,12.819209,14.562791,16.306373,,,,,,,,,,15.150000,13.676667,13.177917,13.054583,15.150000,17.211170,13.088830,16.180585,14.119415
2026-03-04,14.950000,2025-11-14,2025-09-30,-0.170000,0.730000,20.479452,17.591800,2.402000,9.335094,11.088554,12.842014,14.595474,16.348934,,,,,,,,,,15.145000,13.737500,13.193750,13.054375,15.145000,17.207676,13.082324,16.176338,14.113662
2026-03-05,15.300000,2025-11-14,2025-09-30,-0.170000,0.730000,20.958904,17.629171,2.419292,9.337128,11.103211,12.869295,14.635378,16.401462,,,,,,,,,,15.147500,13.800833,13.214167,13.055625,15.147500,17.210833,13.084167,16.179166,14.115834
2026-03-06,15.850000,2025-11-14,2025-09-30,-0.170000,0.730000,21.712329,17.676026,2.443553,9.335912,11.119705,12.903499,14.687292,16.471086,,,,,,,,,,15.217500,13.871667,13.241667,13.058750,15.217500,17.276185,13.158815,16.246843,14.188157
2026-03-09,15.600000,2025-11-14,2025-09-30,-0.170000,0.730000,21.369863,17.722698,2.460256,9.345596,11.141583,12.937569,14.733556,16.529543,,,,,,,,,,15.292500,13.942500,13.269167,13.060208,15.292500,17.288094,13.296906,16.290297,14.294703
2026-03-10,15.700000,2025-11-14,2025-09-30,-0.170000,0.730000,21.506849,17.771046,2.477222,9.356119,11.164491,12.972863,14.781235,16.589608,,,,,,,,,,15.387500,14.015000,13.297917,13.063542,15.387500,17.261105,13.513895,16.324302,14.450698
2026-03-11,16.650000,2025-11-14,2025-09-30,-0.170000,0.730000,22.808219,17.829704,2.512510,9.347420,11.181552,13.015684,14.849816,16.683948,,,,,,,,,,15.532500,14.098333,13.334167,13.069167,15.532500,17.319375,13.745625,16.425937,14.639063
2026-03-12,17.250000,2025-11-14,2025-09-30,-0.170000,0.730000,23.630137,17.895211,2.560358,9.325382,11.194443,13.063504,14.932565,16.801627,,,,,,,,,,15.727500,14.188333,13.375417,13.076875,15.727500,17.355697,14.099303,16.541599,14.913401
2026-03-13,16.550000,2025-11-14,2025-09-30,-0.170000,0.730000,22.671233,17.950591,2.591264,9.320686,11.212309,13.103932,14.995555,16.887178,,,,,,,,,,15.865000,14.270000,13.409167,13.081875,15.865000,17.254850,14.475150,16.559925,15.170075
2026-03-16,15.700000,2025-11-14,2025-09-30,-0.170000,0.730000,21.506849,17.996802,2.604905,9.334505,11.236085,13.137666,15.039246,16.940826,,,,,,,,,,15.892500,14.338333,13.436250,13.083125,15.892500,17.244020,14.540980,16.568260,15.216740
2026-03-17,15.900000,2025-11-14,2025-09-30,-0.170000,0.730000,21.780822,18.044228,2.621645,9.344684,11.258485,13.172286,15.086087,16.999888,,,,,,,,,,15.907500,14.415000,13.464167,13.085417,15.907500,17.251992,14.563008,16.579746,15.235254
2026-03-18,16.200000,2025-11-14,2025-09-30,-0.170000,0.730000,22.191781,18.097749,2.640303,9.356515,11.283936,13.211357,15.138778,17.066199,,,,,,,,,,15.957500,14.491667,13.496667,13.090208,15.957500,17.265079,14.649921,16.611290,15.303710
2026-03-19,15.750000,2025-11-14,2025-09-30,-0.170000,0.730000,21.575342,18.143462,2.652704,9.371780,11.308254,13.244728,15.181201,17.117675,,,,,,,,,,15.995000,14.564167,13.523333,13.092292,15.995000,17.227840,14.762160,16.611420,15.378580
2026-03-20,15.600000,2025-11-14,2025-09-30,-0.170000,0.730000,21.369863,18.187998,2.661695,9.391163,11.334201,13.277238,15.220276,17.163313,,,,,,,,,,16.037500,14.635000,13.549167,13.096042,16.037500,17.141500,14.933500,16.589500,15.485500
2026-03-23,14.850000,2025-11-14,2025-09-30,-0.170000,0.730000,20.342466,18.221834,2.663071,9.413855,11.357897,13.301939,15.245981,17.190023,,,,,,,,,,15.972500,14.691667,13.567083,13.094792,15.972500,17.195299,14.749701,16.583899,15.361101
2026-03-24,14.650000,2025-11-14,2025-09-30,-0.170000,0.730000,20.068493,18.244841,2.667030,9.424871,11.371802,13.318734,15.265666,17.212597,,,,,,,,,,15.907500,14.747500,13.576667,13.093750,15.907500,17.266011,14.548989,16.586756,15.228244
2026-03-25,15.000000,2025-11-14,2025-09-30,-0.170000,0.730000,20.547945,18.269706,2.674529,9.432074,11.384480,13.336886,15.289292,17.241698,,,,,,,,,,15.840000,14.809167,13.587500,13.096667,15.840000,17.239474,14.440526,16.539737,15.140263
2026-03-26,14.800000,2025-11-14,2025-09-30,-0.170000,0.730000,20.273973,18.293891,2.679458,9.442532,11.398536,13.354541,15.310545,17.266550,,,,,,,,,,15.775000,14.870000,13.597917,13.102292,15.775000,17.242723,14.307277,16.508861,15.041139
2026-03-27,14.400000,2025-11-14,2025-09-30,-0.170000,0.730000,19.726027,18.314044,2.681072,9.454887,11.412069,13.369252,15.326435,17.283618,,,,,,,,,,15.665000,14.922500,13.605417,13.104792,15.665000,17.200578,14.129422,16.432789,14.897211
2026-03-30,14.300000,2025-11-14,2025-09-30,-0.170000,0.730000,19.589041,18.330919,2.682685,9.464851,11.423211,13.381571,15.339930,17.298290,,,,,,,,,,15.537500,14.973333,13.610417,13.105000,15.537500,17.082228,13.992772,16.309864,14.765136
2026-03-31,14.500000,2026-03-31,2025-12-31,0.380000,0.900000,16.111111,18.319879,2.689117,11.647480,14.067686,16.487891,18.908096,21.328301,,,,,,,,,,15.475000,15.026667,13.617917,13.111875,15.475000,17.083366,13.866634,16.279183,14.670817
2026-04-01,15.950000,2026-03-31,2025-12-31,0.380000,0.900000,17.722222,18.316923,2.689581,11.643985,14.064608,16.485231,18.905853,21.326476,,,,,,,,,,15.525000,15.101667,13.633333,13.129375,15.525000,17.126808,13.923192,16.325904,14.724096
2026-04-02,16.850000,2026-03-31,2025-12-31,0.380000,0.900000,18.722222,18.327108,2.688776,11.654601,14.074499,16.494397,18.914295,21.334193,,,,,,,,,,15.602500,15.192500,13.660000,13.155417,15.602500,17.305276,13.899724,16.453888,14.751112
2026-04-07,16.250000,2026-03-31,2025-12-31,0.380000,0.900000,18.055556,18.331738,2.687818,11.660492,14.079528,16.498564,18.917600,21.336635,,,,,,,,,,15.622500,15.266667,13.681667,13.174583,15.622500,17.346777,13.898223,16.484639,14.760361
2026-04-08,17.050000,2026-03-31,2025-12-31,0.380000,0.900000,18.944444,18.342706,2.687608,11.670741,14.089588,16.508436,18.927283,21.346130,,,,,,,,,,15.695000,15.350000,13.709167,13.196250,15.695000,17.533449,13.856551,16.614225,14.775775
2026-04-09,18.750000,2026-03-31,2025-12-31,0.380000,0.900000,20.833333,18.368881,2.696501,11.678291,14.105142,16.531993,18.958845,21.385696,,,,,,,,,,15.847500,15.458333,13.750417,13.222917,15.847500,18.138093,13.556907,16.992796,14.702204
2026-04-10,18.150000,2026-03-31,2025-12-31,0.380000,0.900000,20.166667,18.389501,2.700741,11.689216,14.119884,16.550551,18.981218,21.411886,,,,,,,,,,15.922500,15.550833,13.786667,13.245000,15.922500,18.413214,13.431786,17.167857,14.677143
2026-04-13,18.000000,2026-03-31,2025-12-31,0.380000,0.900000,20.000000,18.406595,2.704417,11.697985,14.131960,16.565936,18.999911,21.433887,,,,,,,,,,15.960000,15.620000,13.820000,13.268333,15.960000,18.555259,13.364741,17.257629,14.662371
2026-04-14,19.800000,2026-03-31,2025-12-31,0.380000,0.900000,22.000000,18.439287,2.724039,11.692088,14.143723,16.595359,19.046994,21.498630,,,,,,,,,,16.122500,15.696667,13.867500,13.299583,16.122500,19.229788,13.015212,17.676144,14.568856
2026-04-15,20.050000,2026-03-31,2025-12-31,0.380000,0.900000,22.277778,18.475363,2.746065,11.684910,14.156368,16.627827,19.099285,21.570743,,,,,,,,,,16.340000,15.752500,13.917917,13.331875,16.340000,19.898918,12.781082,18.119459,14.560541
2026-04-16,20.700000,2026-03-31,2025-12-31,0.380000,0.900000,23.000000,18.522265,2.774969,11.675093,14.172566,16.670038,19.167511,21.664983,,,,,,,,,,16.580000,15.836667,13.977500,13.367292,16.580000,20.627793,12.532207,18.603897,14.556103
2026-04-17,19.850000,2026-03-31,2025-12-31,0.380000,0.900000,22.055556,18.565035,2.789629,11.687200,14.197866,16.708532,19.219198,21.729863,,,,,,,,,,16.762500,15.925833,14.032917,13.399583,16.762500,21.059607,12.465393,18.911054,14.613946
2026-04-20,19.250000,2026-03-31,2025-12-31,0.380000,0.900000,21.388889,18.602785,2.796988,11.707928,14.225217,16.742506,19.259795,21.777085,,,,,,,,,,16.937500,15.991667,14.083750,13.428125,16.937500,21.344656,12.530344,19.141078,14.733922
2026-04-21,18.900000,2026-03-31,2025-12-31,0.380000,0.900000,21.000000,18.636225,2.801494,11.729912,14.251257,16.772602,19.293947,21.815292,,,,,,,,,,17.102500,16.054167,14.130833,13.456667,17.102500,21.545765,12.659235,19.324133,14.880867
2026-04-22,18.550000,2026-03-31,2025-12-31,0.380000,0.900000,20.611111,18.666958,2.802772,11.755273,14.277768,16.800263,19.322757,21.845252,,,,,,,,,,17.287500,16.110833,14.175417,13.482708,17.287500,21.643123,12.931877,19.465311,15.109689
2026-04-23,17.750000,2026-03-31,2025-12-31,0.380000,0.900000,19.722222,18.689750,2.800117,11.780566,14.300670,16.820775,19.340880,21.860985,,,,,,,,,,17.442500,16.152500,14.212917,13.505417,17.442500,21.619917,13.265083,19.531209,15.353791
2026-04-24,17.200000,2026-03-31,2025-12-31,0.380000,0.900000,19.111111,18.709587,2.794548,11.808441,14.323535,16.838628,19.353721,21.868815,,,,,,,,,,17.552500,16.177500,14.247500,13.525208,17.552500,21.571989,13.533011,19.562244,15.542756
2026-04-27,17.350000,2026-03-31,2025-12-31,0.380000,0.900000,19.277778,18.729743,2.789807,11.835116,14.345943,16.856769,19.367595,21.878422,,,,,,,,,,17.680000,16.179167,14.282500,13.546250,17.680000,21.488080,13.871920,19.584040,15.775960
2026-04-28,17.200000,2026-03-31,2025-12-31,0.380000,0.900000,19.111111,18.747977,2.785046,11.860096,14.366638,16.873179,19.379721,21.886262,,,,,,,,,,17.820000,16.189167,14.315833,13.563125,17.820000,21.313211,14.326789,19.566606,16.073394
2026-04-29,17.300000,2026-03-31,2025-12-31,0.380000,0.900000,19.222222,18.767136,2.780291,11.885900,14.388161,16.890423,19.392684,21.894946,,,,,,,,,,17.970000,16.212500,14.350000,13.580000,17.970000,21.061312,14.878688,19.515656,16.424344
2026-04-30,17.200000,2026-03-31,2025-12-31,0.380000,0.900000,19.111111,18.786438,2.774517,11.913663,14.410729,16.907795,19.404860,21.901926,,,,,,,,,,18.105000,16.243333,14.384167,13.595625,18.105000,20.763828,15.446172,19.434414,16.775586
2026-05-04,16.950000,2026-03-31,2025-12-31,0.380000,0.900000,18.833333,18.803960,2.768058,11.941060,14.432312,16.923564,19.414816,21.906068,,,,,,,,,,18.155000,16.275000,14.416667,13.609792,18.155000,20.677301,15.632699,19.416150,16.893850
2026-05-05,17.850000,2026-03-31,2025-12-31,0.380000,0.900000,19.833333,18.832485,2.760811,11.979777,14.464507,16.949237,19.433967,21.918697,,,,,,,,,,18.205000,16.318333,14.458750,13.628333,18.205000,20.657045,15.752955,19.431023,16.978977
2026-05-06,18.050000,2026-03-31,2025-12-31,0.380000,0.900000,20.055556,18.869807,2.746667,12.038826,14.510826,16.982827,19.454827,21.926827,,,,,,,,,,18.295000,16.378333,14.507917,13.647292,18.295000,20.570707,16.019293,19.432853,17.157147
2026-05-07,18.350000,2026-03-31,2025-12-31,0.380000,0.900000,20.388889,18.912578,2.729836,12.107615,14.564467,17.021320,19.478173,21.935026,,,,,,,,,,18.360000,16.449167,14.561667,13.667083,18.360000,20.558947,16.161053,19.459474,17.260526
2026-05-08,17.850000,2026-03-31,2025-12-31,0.380000,0.900000,19.833333,18.953390,2.706393,12.186544,14.622298,17.058051,19.493804,21.929558,,,,,,,,,,18.315000,16.516667,14.613333,13.685208,18.315000,20.517176,16.112824,19.416088,17.213912
2026-05-11,18.850000,2026-03-31,2025-12-31,0.380000,0.900000,20.944444,19.001859,2.689340,12.260862,14.681267,17.101673,19.522078,21.942484,,,,,,,,,,18.350000,16.601667,14.672083,13.706667,18.350000,20.563357,16.136643,19.456678,17.243322
2026-05-12,20.700000,2026-03-31,2025-12-31,0.380000,0.900000,23.000000,19.066923,2.690846,12.316708,14.738469,17.160231,19.581992,22.003753,,,,,,,,,,18.485000,16.724167,14.745833,13.736042,18.485000,20.926117,16.043883,19.705559,17.264441
2026-05-13,20.200000,2026-03-31,2025-12-31,0.380000,0.900000,22.444444,19.125755,2.686835,12.376877,14.795028,17.213179,19.631330,22.049481,,,,,,,,,,18.505000,16.830833,14.814167,13.763125,18.505000,20.997494,16.012506,19.751247,17.258753
2026-05-14,19.550000,2026-03-31,2025-12-31,0.380000,0.900000,21.722222,19.179636,2.673386,12.449579,14.855626,17.261673,19.667720,22.073767,,,,,,,,,,18.480000,16.904167,14.877917,13.788333,18.480000,20.916650,16.043350,19.698325,17.261675
2026-05-15,19.050000,2026-05-15,2026-03-31,-0.150000,0.320000,59.531250,19.550730,4.532562,3.355394,4.805814,6.256234,7.706653,9.157073,,,,,,,,,,18.397500,16.961667,14.939167,13.810417,18.397500,20.619987,16.175013,19.508743,17.286257
2026-05-18,19.250000,2026-05-15,2026-03-31,-0.150000,0.320000,60.156250,19.925430,5.839387,2.638930,4.507534,6.376138,8.244741,10.113345,,,,,,,,,,18.367500,17.029167,15.000833,13.833542,18.367500,20.522610,16.212390,19.445055,17.289945
2026-05-19,19.150000,2026-05-15,2026-03-31,-0.150000,0.320000,59.843750,20.295923,6.868572,2.098809,4.296752,6.494695,8.692638,10.890581,,,,,,,,,,18.362500,17.098333,15.060417,13.856458,18.362500,20.509438,16.215562,19.435969,17.289031
2026-05-20,18.750000,2026-05-15,2026-03-31,-0.150000,0.320000,58.593750,20.650642,7.695628,1.683004,4.145605,6.608205,9.070806,11.533407,,,,,,,,,,18.355000,17.165000,15.119167,13.877917,18.355000,20.495069,16.214931,19.425034,17.284966
2026-05-21,20.200000,2026-05-15,2026-03-31,-0.150000,0.320000,63.125000,21.044834,8.604087,1.227731,3.981039,6.734347,9.487655,12.240963,,,,,,,,,,18.437500,17.232500,15.191250,13.906042,18.437500,20.730940,16.144060,19.584220,17.290780
2026-05-22,22.200000,2026-05-15,2026-03-31,-0.150000,0.320000,69.375000,21.495676,9.652674,0.700905,3.789761,6.878616,9.967472,13.056328,,,,,,,,,,18.660000,17.336667,15.283333,13.943333,18.660000,21.476418,15.843582,20.068209,17.251791
2026-05-25,24.400000,2026-05-15,2026-03-31,-0.150000,0.320000,76.250000,22.005522,10.851656,0.096707,3.569237,7.041767,10.514297,13.986827,,,,,,,,,,19.020000,17.470833,15.395000,13.990000,19.020000,22.744796,15.295204,20.882398,17.157602
2026-05-26,22.000000,2026-05-15,2026-03-31,-0.150000,0.320000,68.750000,22.451156,11.642127,-0.266591,3.458889,7.184370,10.909850,14.635331,,,,,,,,,,19.252500,17.569167,15.485417,14.028125,19.252500,23.116296,15.388704,21.184398,17.320602
2026-05-27,21.800000,2026-05-15,2026-03-31,-0.150000,0.320000,68.125000,22.895576,12.344131,-0.573659,3.376463,7.326584,11.276706,15.226828,,,,,,,,,,19.482500,17.655833,15.577083,14.067083,19.482500,23.379364,15.585636,21.430932,17.534068
2026-05-28,21.200000,2026-05-15,2026-03-31,-0.150000,0.320000,66.250000,23.323801,12.940072,-0.818029,3.322794,7.463616,11.604439,15.745262,,,,,,,,,,19.677500,17.728333,15.663333,14.103333,19.677500,23.504203,15.850797,21.590852,17.764148
2026-05-29,23.000000,2026-05-15,2026-03-31,-0.150000,0.320000,71.875000,23.796618,13.655232,-1.124430,3.245244,7.614918,11.984592,16.354266,,,,,,,,,,19.967500,17.849167,15.762917,14.146667,19.967500,23.881749,16.053251,21.924624,18.010376
2026-06-01,23.800000,2026-05-15,2026-03-31,-0.150000,0.320000,74.375000,24.287414,14.392303,-1.439101,3.166436,7.771973,12.377510,16.983047,,,,,,,,,,20.310000,17.996667,15.867083,14.191250,20.310000,24.310342,16.309658,22.310171,18.309829
2026-06-02,26.150000,2026-05-15,2026-03-31,-0.150000,0.320000,81.718750,24.837125,15.295063,-1.840960,3.053460,7.947880,12.842300,17.736721,,,,,,,,,,20.725000,18.177500,15.989167,14.245625,20.725000,25.327574,16.122426,23.026287,18.423713
2026-06-03,28.750000,2026-05-15,2026-03-31,-0.150000,0.320000,89.843750,25.453403,16.382758,-2.339876,2.902606,8.145089,13.387572,18.630054,,,,,,,,,,21.260000,18.392500,16.132083,14.312708,21.260000,26.919515,15.600485,24.089757,18.430243
2026-06-04,29.250000,2026-05-15,2026-03-31,-0.150000,0.320000,91.406250,26.085556,17.427565,-2.806264,2.770557,8.347378,13.924199,19.501020,,,,,,,,,,21.805000,18.620000,16.281250,14.381458,21.805000,28.319349,15.290651,25.062174,18.547826
2026-06-05,27.100000,2026-05-15,2026-03-31,-0.150000,0.320000,84.687500,26.661719,18.201947,-3.117496,2.707127,8.531750,14.356373,20.180996,,,,,,,,,,22.267500,18.810000,16.412500,14.441250,22.267500,28.911712,15.623288,25.589606,18.945394
2026-06-08,24.400000,2026-05-15,2026-03-31,-0.150000,0.320000,76.250000,27.164145,18.728523,-3.293728,2.699399,8.692526,14.685654,20.678781,,,,,,,,,,22.545000,18.939167,16.518750,14.490208,22.545000,29.050374,16.039626,25.797687,19.292313
2026-06-09,24.000000,2026-05-15,2026-03-31,-0.150000,0.320000,75.000000,27.653871,19.202623,-3.440440,2.704399,8.849239,14.994078,21.138917,,,,,,,,,,22.710000,19.051667,16.620000,14.537292,22.710000,29.185671,16.234329,25.947836,19.472164
2026-06-10,22.950000,2026-05-15,2026-03-31,-0.150000,0.320000,71.718750,28.118536,19.588021,-3.538402,2.729765,8.997932,15.266098,21.534265,,,,,,,,,,22.847500,19.158333,16.714167,14.580208,22.847500,29.214642,16.480358,26.031071,19.663929
2026-06-11,23.150000,2026-05-15,2026-03-31,-0.150000,0.320000,72.343750,28.588980,19.966140,-3.629856,2.759309,9.148474,15.537639,21.926803,,,,,,,,,,23.027500,19.282500,16.810417,14.623958,23.027500,29.202788,16.852212,26.115144,19.939856
2026-06-12,23.500000,2026-05-15,2026-03-31,-0.150000,0.320000,73.437500,29.071964,20.343789,-3.716996,2.793016,9.303029,15.813041,22.323053,,,,,,,,,,23.250000,19.409167,16.912083,14.668750,23.250000,29.135754,17.364246,26.192877,20.307123
2026-06-15,24.100000,2026-05-15,2026-03-31,-0.150000,0.320000,75.312500,29.567148,20.739584,-3.811846,2.824821,9.461487,16.098154,22.734821,,,,,,,,,,23.492500,19.540833,17.016250,14.717500,23.492500,29.076243,17.908757,26.284371,20.700629
2026-06-16,23.900000,2026-05-15,2026-03-31,-0.150000,0.320000,74.687500,30.059407,21.103517,-3.887241,2.865885,9.619010,16.372136,23.125261,,,,,,,,,,23.730000,19.676667,17.120417,14.767292,23.730000,28.926699,18.533301,26.328350,21.131650
2026-06-17,26.250000,2026-05-15,2026-03-31,-0.150000,0.320000,82.031250,30.613435,21.586510,-4.019067,2.888616,9.796299,16.703982,23.611665,,,,,,,,,,24.105000,19.854167,17.244583,14.826458,24.105000,28.851511,19.358489,26.478256,21.731744
2026-06-18,28.150000,2026-05-15,2026-03-31,-0.150000,0.320000,87.968750,31.215800,22.167154,-4.197922,2.895567,9.989056,17.082545,24.176034,,,,,,,,,,24.502500,20.075833,17.383750,14.892708,24.502500,29.203393,19.801607,26.852946,22.152054
2026-06-22,30.950000,2026-05-15,2026-03-31,-0.150000,0.320000,96.718750,31.892794,22.910595,-4.457087,2.874304,10.205694,17.537084,24.868475,,,,,,,,,,24.940000,20.347500,17.547500,14.970208,24.940000,30.318476,19.561524,27.629238,22.250762
2026-06-23,29.050000,2026-05-15,2026-03-31,-0.150000,0.320000,90.781250,32.520309,23.481397,-4.621595,2.892452,10.406499,17.920546,25.434593,,,,,,,,,,25.172500,20.581667,17.695417,15.039375,25.172500,30.846585,19.498415,28.009542,22.335458
2026-06-24,30.500000,2026-05-15,2026-03-31,-0.150000,0.320000,95.312500,33.187297,24.115580,-4.814037,2.902949,10.619935,18.336921,26.053906,,,,,,,,,,25.597500,20.843333,17.856667,15.113542,25.597500,31.538125,19.656875,28.567813,22.627187
2026-06-25,30.400000,2026-05-15,2026-03-31,-0.150000,0.320000,95.000000,33.850539,24.709711,-4.982043,2.925065,10.832172,18.739280,26.646388,,,,,,,,,,26.027500,21.110000,18.016250,15.188750,26.027500,32.055110,19.999890,29.041305,23.013695
2026-06-26,27.950000,2026-05-15,2026-03-31,-0.150000,0.320000,87.343750,34.449979,25.127607,-5.057675,2.983159,11.023993,19.064827,27.105661,,,,,,,,,,26.365000,21.337500,18.155417,15.254167,26.365000,31.997434,20.732566,29.181217,23.548783
2026-06-29,30.600000,2026-05-15,2026-03-31,-0.150000,0.320000,95.625000,35.117858,25.678224,-5.196349,3.020683,11.237715,19.454746,27.671778,,,,,,,,,,26.745000,21.605833,18.316250,15.330000,26.745000,32.446606,21.043394,29.595803,23.894197
2026-06-30,32.700000,2026-05-15,2026-03-31,-0.150000,0.320000,102.187500,35.838713,26.333912,-5.385315,3.041536,11.468388,19.895240,28.322092,,,,,,,,,,27.190000,21.885000,18.493333,15.412917,27.190000,33.298544,21.081456,30.244272,24.135728
2026-07-01,30.650000,2026-05-15,2026-03-31,-0.150000,0.320000,95.781250,36.506753,26.828764,-5.488248,3.096956,11.682161,20.267365,28.852570,,,,,,,,,,27.415000,22.115000,18.653750,15.488125,27.415000,33.691447,21.138553,30.553224,24.276776
2026-07-02,30.500000,2026-05-15,2026-03-31,-0.150000,0.320000,95.312500,37.166321,27.293338,-5.574514,3.159355,11.893223,20.627091,29.360959,,,,,,,,,,27.502500,22.352500,18.809583,15.563125,27.502500,33.904841,21.100159,30.703671,24.301329
2026-07-03,30.000000,2026-05-15,2026-03-31,-0.150000,0.320000,93.750000,37.810014,27.709690,-5.634998,3.232103,12.099204,20.966305,29.833406,,,,,,,,,,27.540000,22.568333,18.959167,15.636458,27.540000,33.994015,21.085985,30.767008,24.312992
2026-07-06,31.700000,2026-05-15,2026-03-31,-0.150000,0.320000,99.062500,38.495694,28.198669,-5.728526,3.295048,12.318622,21.342196,30.365770,,,,,,,,,,27.770000,22.784167,19.121250,15.716458,27.770000,34.480746,21.059254,31.125373,24.414627
2026-07-07,29.350000,2026-05-15,2026-03-31,-0.150000,0.320000,91.718750,39.116182,28.544551,-5.751335,3.382922,12.517178,21.651434,30.785691,,,,,,,,,,28.017500,22.970833,19.260833,15.787708,28.017500,34.568135,21.466865,31.292817,24.742183
2026-07-08,29.550000,2026-05-15,2026-03-31,-0.150000,0.320000,92.343750,39.727608,28.893128,-5.778767,3.467034,12.712834,21.958635,31.204436,,,,,,,,,,28.295000,23.163333,19.391667,15.860000,28.295000,34.594449,21.995551,31.444724,25.145276
2026-07-09,31.450000,2026-05-15,2026-03-31,-0.150000,0.320000,98.281250,40.373102,29.329171,-5.851277,3.534058,12.919393,22.304727,31.690062,,,,,,,,,,28.720000,23.357500,19.527083,15.940208,28.720000,34.636382,22.803618,31.678191,25.761809
2026-07-13,29.250000,2026-05-15,2026-03-31,-0.150000,0.320000,91.406250,40.944182,29.651045,-5.874531,3.613804,13.102138,22.590473,32.078807,,,,,,,,,,29.025000,23.510833,19.631667,16.011458,29.025000,34.329665,23.720335,31.677333,26.372667
2026-07-14,27.550000,2026-05-15,2026-03-31,-0.150000,0.320000,86.093750,41.482977,29.880170,-5.848756,3.712898,13.274553,22.836207,32.397861,,,,,,,,,,29.227500,23.625000,19.730833,16.076042,29.227500,33.917745,24.537255,31.572622,26.882378
2026-07-15,28.300000,2026-05-15,2026-03-31,-0.150000,0.320000,88.437500,42.054431,30.118009,-5.818108,3.819655,13.457418,23.095181,32.732944,,,,,,,,,,29.437500,23.765833,19.845833,16.142708,29.437500,33.494447,25.380553,31.465973,27.409027
2026-07-16,27.650000,2026-05-15,2026-03-31,-0.150000,0.320000,86.406250,42.599825,30.324659,-5.775838,3.928053,13.631944,23.335835,33.039726,,,,,,,,,,29.625000,23.905833,19.948750,16.207292,29.625000,32.869672,26.380328,31.247336,28.002664
2026-07-17,25.800000,2026-05-15,2026-03-31,-0.150000,0.320000,80.625000,43.098755,30.454455,-5.699250,4.046176,13.791602,23.537027,33.282453,,,,,,,,,,29.602500,24.020833,20.037500,16.264792,29.602500,32.950315,26.254685,31.276408,27.928592
2026-07-20,25.400000,2026-05-15,2026-03-31,-0.150000,0.320000,79.375000,43.587268,30.562981,-5.612382,4.167772,13.947926,23.728080,33.508234,,,,,,,,,,29.465000,24.135000,20.122917,16.321875,29.465000,33.260024,25.669976,31.362512,27.567488
2026-07-21,25.600000,2026-05-15,2026-03-31,-0.150000,0.320000,80.000000,44.079848,30.670247,-5.523407,4.291072,14.105551,23.920031,33.734510,,,,,,,,,,29.197500,24.265833,20.209167,16.378125,29.197500,33.294029,25.100971,31.245765,27.149235
2026-07-22,25.800000,2026-05-15,2026-03-31,-0.150000,0.320000,80.625000,44.572499,30.779223,-5.435503,4.413848,14.263200,24.112551,33.961903,,,,,,,,,,29.035000,24.409167,20.293333,16.435417,29.035000,33.404885,24.665115,31.219942,26.850058
2026-07-23,26.250000,2026-05-15,2026-03-31,-0.150000,0.320000,82.031250,45.059175,30.906753,-5.361386,4.528775,14.418936,24.309097,34.199258,,,,,,,,,,28.822500,24.557500,20.368333,16.493958,28.822500,33.304332,24.340668,31.063416,26.581584
2026-07-24,25.500000,2026-05-15,2026-03-31,-0.150000,0.320000,79.687500,45.533740,30.998238,-5.268075,4.651361,14.570797,24.490233,34.409669,,,,,,,,,,28.577500,24.695833,20.442500,16.548542,28.577500,33.228756,23.926244,30.903128,26.251872
2026-07-27,23.900000,2026-05-15,2026-03-31,-0.150000,0.320000,74.687500,45.974629,31.033787,-5.149742,4.781070,14.711881,24.642693,34.573505,,,,,,,,,,28.375000,24.805833,20.509167,16.596250,28.375000,33.472523,23.277477,30.923761,25.826239
2026-07-28,23.900000,2026-05-15,2026-03-31,-0.150000,0.320000,74.687500,46.421797,31.057886,-5.022072,4.916451,14.854975,24.793498,34.732022,,,,,,,,,,28.040000,24.917500,20.580417,16.643333,28.040000,33.395921,22.684079,30.717961,25.362039
2026-07-29,23.650000,2026-05-15,2026-03-31,-0.150000,0.320000,73.906250,46.865878,31.066789,-4.885664,5.055709,14.997081,24.938453,34.879826,,,,,,,,,,27.587500,25.029167,20.652083,16.691875,27.587500,32.813334,22.361666,30.200417,24.974583
2026-07-30,22.200000,2026-05-15,2026-03-31,-0.150000,0.320000,69.375000,47.269917,31.041399,-4.740122,5.193126,15.126373,25.059621,34.992868,,,,,,,,,,27.165000,25.101667,20.710000,16.734792,27.165000,32.705198,21.624802,29.935099,24.394901
2026-07-31,24.200000,2026-05-15,2026-03-31,-0.150000,0.320000,75.625000,47.735171,31.044530,-4.593245,5.341005,15.275255,25.209504,35.143754,,,,,,,,,,26.850000,25.204167,20.791250,16.785625,26.850000,32.307588,21.392412,29.578794,24.121206
2026-08-03,23.900000,2026-05-15,2026-03-31,-0.150000,0.320000,74.687500,48.196607,31.030069,-4.436330,5.493292,15.422914,25.352536,35.282158,,,,,,,,,,26.545000,25.296667,20.872917,16.835000,26.545000,31.942846,21.147154,29.243923,23.846077
2026-08-04,24.450000,2026-05-15,2026-03-31,-0.150000,0.320000,76.406250,48.675792,31.017904,-4.275205,5.650524,15.576253,25.501983,35.427712,,,,,,,,,,26.182500,25.406667,20.961667,16.886458,26.182500,31.072584,21.292416,28.627542,23.737458
2026-08-05,24.450000,2026-05-15,2026-03-31,-0.150000,0.320000,76.406250,49.155547,30.997704,-4.108755,5.810510,15.729775,25.649040,35.568305,,,,,,,,,,25.937500,25.500000,21.050833,16.938125,25.937500,30.647051,21.227949,28.292275,23.582725
2026-08-06,24.550000,2026-05-15,2026-03-31,-0.150000,0.320000,76.718750,49.642473,30.967659,-3.933710,5.975941,15.885591,25.795242,35.704893,,,,,,,,,,25.687500,25.564167,21.144167,16.990833,25.687500,30.111820,21.263180,27.899660,23.475340
2026-08-07,24.550000,2026-05-15,2026-03-31,-0.150000,0.320000,76.718750,50.124262,30.935136,-3.758723,6.140520,16.039764,25.939007,35.838251,,,,,,,,,,25.342500,25.636667,21.233750,17.043333,25.342500,28.857472,21.827528,27.099986,23.585014
2026-08-10,27.000000,2026-05-15,2026-03-31,-0.150000,0.320000,84.375000,50.654441,30.972700,-3.613107,6.298157,16.209421,26.120685,36.031949,,,,,,,,,,25.230000,25.760833,21.332500,17.105625,25.230000,28.338968,22.121032,26.784484,23.675516
2026-08-11,26.100000,2026-05-15,2026-03-31,-0.150000,0.320000,81.562500,51.156047,30.981859,-3.458455,6.455740,16.369935,26.284130,36.198325,,,,,,,,,,25.157500,25.878333,21.420000,17.164167,25.157500,28.101946,22.213054,26.629723,23.685277
2026-08-12,26.250000,2026-05-15,2026-03-31,-0.150000,0.320000,82.031250,51.666124,30.982117,-3.295395,6.618882,16.533160,26.447437,36.361715,,,,,,,,,,25.055000,25.995000,21.512083,17.222500,25.055000,27.662257,22.447743,26.358629,23.751371
2026-08-13,25.750000,2026-05-15,2026-03-31,-0.150000,0.320000,80.468750,52.165464,30.959234,-3.120961,6.785994,16.692949,26.599903,36.506858,,,,,,,,,,24.960000,26.105000,21.601667,17.278125,24.960000,27.293193,22.626807,26.126596,23.793404
2026-08-14,25.800000,2026-08-14,2026-06-30,0.180000,0.240000,107.500000,52.892919,31.226388,-2.294366,5.199967,12.694301,20.188634,27.682967,,,,,,,,,,24.960000,26.222500,21.693750,17.333333,24.960000,27.293193,22.626807,26.126596,23.793404
2026-08-17,27.250000,2026-08-14,2026-06-30,0.180000,0.240000,113.541667,53.654739,31.582525,-2.282475,5.297331,12.877137,20.456943,28.036749,,,,,,,,,,25.052500,26.340000,21.786250,17.394167,25.052500,27.596321,22.508679,26.324411,23.780589
2026-08-18,26.350000,2026-08-14,2026-06-30,0.180000,0.240000,109.791667,54.387592,31.857425,-2.238542,5.407240,13.053022,20.698804,28.344586,,,,,,,,,,25.090000,26.409167,21.872917,17.452083,25.090000,27.689312,22.490688,26.389656,23.790344
2026-08-19,26.150000,2026-08-14,2026-06-30,0.180000,0.240000,108.958333,55.108934,32.106011,-2.184741,5.520702,13.226144,20.931587,28.637029,,,,,,,,,,25.107500,26.438333,21.954583,17.506875,25.107500,27.731534,22.483466,26.419517,23.795483
2026-08-20,25.800000,2026-08-14,2026-06-30,0.180000,0.240000,107.500000,55.820977,32.313605,-2.113496,5.641769,13.397035,21.152300,28.907565,,,,,,,,,,25.085000,26.501667,22.035417,17.561667,25.085000,27.675285,22.494715,26.380143,23.789857
2026-08-21,25.600000,2026-08-14,2026-06-30,0.180000,0.240000,106.666667,56.520368,32.499300,-2.034776,5.765056,13.564888,21.364720,29.164553,,,,,,,,,,25.090000,26.565000,22.110417,17.615417,25.090000,27.684042,22.495958,26.387021,23.792979
2026-08-24,25.250000,2026-08-14,2026-06-30,0.180000,0.240000,105.208333,57.204753,32.653585,-1.944580,5.892280,13.729141,21.566001,29.402862,,,,,,,,,,25.157500,26.632500,22.180417,17.666458,25.157500,27.690706,22.624294,26.424103,23.890897
2026-08-25,25.650000,2026-08-14,2026-06-30,0.180000,0.240000,106.875000,57.915583,32.799567,-1.844052,6.027844,13.899740,21.771636,29.643532,,,,,,,,,,25.245000,26.676667,22.262917,17.720417,25.245000,27.715436,22.774564,26.480218,24.009782
2026-08-26,25.500000,2026-08-14,2026-06-30,0.180000,0.240000,106.250000,58.630338,32.911267,-1.726127,6.172577,14.071281,21.969985,29.868689,,,,,,,,,,25.337500,26.705000,22.350833,17.772292,25.337500,27.692310,22.982690,26.514905,24.160095
2026-08-27,25.250000,2026-08-14,2026-06-30,0.180000,0.240000,105.208333,59.332417,32.999396,-1.599930,6.319925,14.239780,22.159635,30.079490,,,,,,,,,,25.490000,26.690000,22.433750,17.823958,25.490000,27.327504,23.652496,26.408752,24.571248
2026-08-28,25.850000,2026-08-14,2026-06-30,0.180000,0.240000,107.708333,60.049050,33.109138,-1.480614,6.465579,14.411772,22.357965,30.304158,,,,,,,,,,25.572500,26.641667,22.517083,17.879375,25.572500,27.311669,23.833331,26.442085,24.702915
2026-08-31,26.650000,2026-08-14,2026-06-30,0.180000,0.240000,111.041667,60.796315,33.240497,-1.364323,6.613396,14.591116,22.568835,30.546554,,,,,,,,,,25.710000,26.598333,22.609167,17.939167,25.710000,27.322647,24.097353,26.516324,24.903676
2026-09-01,26.400000,2026-08-14,2026-06-30,0.180000,0.240000,110.000000,61.533758,33.342988,-1.236532,6.765785,14.768102,22.770419,30.772736,,,,,,,,,,25.807500,26.586667,22.698333,17.998125,25.807500,27.332821,24.282179,26.570161,25.044839
2026-09-02,26.400000,2026-08-14,2026-06-30,0.180000,0.240000,110.000000,62.260356,33.441882,-1.109618,6.916434,14.942485,22.968537,30.994589,,,,,,,,,,25.905000,26.620000,22.779583,18.056875,25.905000,27.309467,24.500533,26.607233,25.202767
2026-09-03,26.550000,2026-08-14,2026-06-30,0.180000,0.240000,110.625000,62.985313,33.540213,-0.982827,7.066824,15.116475,23.166126,31.215777,,,,,,,,,,26.005000,26.662500,22.857083,18.116250,26.005000,27.282292,24.727708,26.643646,25.366354
2026-09-04,26.800000,2026-08-14,2026-06-30,0.180000,0.240000,111.666667,63.726942,33.625121,-0.845592,7.224437,15.294466,23.364495,31.434524,,,,,,,,,,26.117500,26.726667,22.942500,18.175833,26.117500,27.242468,24.992532,26.679984,25.555016
2026-09-07,28.700000,2026-08-14,2026-06-30,0.180000,0.240000,119.583333,64.544246,33.781857,-0.724672,7.382973,15.490619,23.598265,31.705910,,,,,,,,,,26.202500,26.819167,23.050833,18.243542,26.202500,27.775789,24.629211,26.989144,25.415856
2026-09-08,29.600000,2026-08-14,2026-06-30,0.180000,0.240000,123.333333,65.390517,33.973043,-0.613337,7.540194,15.693724,23.847254,32.000785,,,,,,,,,,26.377500,26.920833,23.165000,18.314583,26.377500,28.562491,24.192509,27.469995,25.285005
2026-09-09,30.500000,2026-08-14,2026-06-30,0.180000,0.240000,127.083333,66.264613,34.200858,-0.512904,7.695301,15.903507,24.111713,32.319919,,,,,,,,,,26.590000,27.027500,23.284167,18.390417,26.590000,29.446313,23.733687,28.018157,25.161843
2026-09-10,31.200000,2026-08-14,2026-06-30,0.180000,0.240000,130.000000,67.168152,34.441674,-0.411647,7.854355,16.120356,24.386358,32.652360,,,,,,,,,,26.862500,27.149167,23.412917,18.468125,26.862500,30.351260,23.373740,28.606880,25.118120
2026-09-11,30.200000,2026-08-14,2026-06-30,0.180000,0.240000,125.833333,68.038681,34.594217,-0.275941,8.026671,16.329283,24.631896,32.934508,,,,,,,,,,27.082500,27.215000,23.534583,18.541875,27.082500,30.834170,23.330830,28.958335,25.206665
2026-09-14,28.700000,2026-08-14,2026-06-30,0.180000,0.240000,119.583333,68.865688,34.630617,-0.094931,8.216417,16.527765,24.839113,33.150461,,,,,,,,,,27.155000,27.224167,23.650000,18.608542,27.155000,30.975705,23.334295,29.065353,25.244647
2026-09-15,27.900000,2026-08-14,2026-06-30,0.180000,0.240000,116.250000,69.667201,34.604766,0.109840,8.414984,16.720128,25.025272,33.330416,,,,,,,,,,27.232500,27.173333,23.760417,18.668542,27.232500,31.047329,23.417671,29.139915,25.325085
2026-09-16,29.400000,2026-08-14,2026-06-30,0.180000,0.240000,122.500000,70.516801,34.640200,0.296736,8.610384,16.924032,25.237680,33.551328,,,,,,,,,,27.395000,27.179167,23.880417,18.733958,27.395000,31.291679,23.498321,29.343339,25.446661
2026-09-17,30.000000,2026-08-14,2026-06-30,0.180000,0.240000,125.000000,71.389518,34.682953,0.485667,8.809576,17.133484,25.457393,33.781302,,,,,,,,,,27.605000,27.170833,24.007083,18.802500,27.605000,31.591411,23.618589,29.598206,25.611794
2026-09-18,30.350000,2026-08-14,2026-06-30,0.180000,0.240000,126.458333,72.278954,34.715468,0.683524,9.015237,17.346949,25.678661,34.010374,,,,,,,,,,27.842500,27.170000,24.140000,18.872708,27.842500,31.891447,23.793553,29.866974,25.818026
2026-09-21,33.350000,2026-08-14,2026-06-30,0.180000,0.240000,138.958333,73.273698,34.902704,0.832389,9.209038,17.585687,25.962337,34.338986,,,,,,,,,,28.247500,27.260000,24.298750,18.954583,28.247500,32.794387,23.700613,30.520944,25.974056
2026-09-22,36.650000,2026-08-14,2026-06-30,0.180000,0.240000,152.708333,74.412008,35.248513,0.939596,9.399239,17.858882,26.318525,34.778168,,,,,,,,,,28.797500,27.360833,24.483333,19.050625,28.797500,34.528439,23.066561,31.662969,25.932031
2026-09-23,34.700000,2026-08-14,2026-06-30,0.180000,0.240000,144.583333,75.469184,35.435897,1.103374,9.607989,18.112604,26.617219,35.121835,,,,,,,,,,29.257500,27.394167,24.639583,19.136458,29.257500,35.340113,23.174887,32.298807,26.216193
2026-09-24,34.200000,2026-08-14,2026-06-30,0.180000,0.240000,142.500000,76.500666,35.571430,1.285873,9.823016,18.360160,26.897303,35.434446,,,,,,,,,,29.705000,27.453333,24.784167,19.222083,29.705000,35.862657,23.547343,32.783828,26.626172
2026-09-29,35.050000,2026-08-14,2026-06-30,0.180000,0.240000,146.041667,77.567216,35.722729,1.469222,10.042677,18.616132,27.189587,35.763042,,,,,,,,,,30.165000,27.529167,24.940833,19.311250,30.165000,36.482569,23.847431,33.323785,27.006215
2026-09-30,38.550000,2026-08-14,2026-06-30,0.180000,0.240000,160.625000,78.747888,36.108168,1.567572,10.233533,18.899493,27.565453,36.231414,,,,,,,,,,30.760000,27.671667,25.120000,19.414583,30.760000,37.874892,23.645108,34.317446,27.202554
2026-10-01,38.300000,2026-08-14,2026-06-30,0.180000,0.240000,159.583333,79.904138,36.457875,1.677213,10.427103,19.176993,27.926883,36.676773,,,,,,,,,,31.355000,27.781667,25.282917,19.516667,31.355000,38.911308,23.798692,35.133154,27.576846
2026-10-02,40.450000,2026-08-14,2026-06-30,0.180000,0.240000,168.541667,81.140596,36.927889,1.748357,10.611050,19.473743,28.336436,37.199130,,,,,,,,,,32.057500,27.966667,25.468750,19.627708,32.057500,40.259058,23.855942,36.158279,27.956721
