# chart-version: skill-stock-dynamic-valuation-box@1.21.0; font: noto-sans-cjk-tc-v1; Updated: 2026-10-06 07:04 CST (1.21.0)
date,close,available_date,period_end,eps,ttm_eps,pe,pe_mean,pe_std,price_m2,price_m1,price_mean,price_p1,price_p2,forward_eps,forward_pe,forward_pe_mean,forward_pe_std,forward_price_m2,forward_price_m1,forward_price_mean,forward_price_p1,forward_price_p2,sma20,sma60,sma120,sma240,bband_mid,bband_upper2,bband_lower2,bband_upper1,bband_lower1
2023-10-05,45.400000,2023-08-14,2023-06-30,0.630000,2.540000,17.874016,14.793099,3.866911,17.930562,27.752517,37.574471,47.396425,57.218380,,,,,,,,,,45.550000,48.880833,41.852083,35.723125,45.550000,47.756211,43.343789,46.653106,44.446894
2023-10-06,46.000000,2023-08-14,2023-06-30,0.630000,2.540000,18.110236,14.860182,3.853919,18.166952,27.955907,37.744862,47.533818,57.322773,,,,,,,,,,45.535000,48.945000,41.957083,35.817708,45.535000,47.723751,43.346249,46.629376,44.440624
2023-10-11,47.000000,2023-08-14,2023-06-30,0.630000,2.540000,18.503937,14.931425,3.841476,18.411119,28.168469,37.925819,47.683169,57.440519,,,,,,,,,,45.580000,48.991667,42.073333,35.917708,45.580000,47.853046,43.306954,46.716523,44.443477
2023-10-12,48.300000,2023-08-14,2023-06-30,0.630000,2.540000,19.015748,15.007309,3.831370,18.655204,28.386884,38.118565,47.850245,57.581925,,,,,,,,,,45.752500,49.068333,42.201667,36.023958,45.752500,48.299423,43.205577,47.025961,44.479039
2023-10-13,49.650000,2023-08-14,2023-06-30,0.630000,2.540000,19.547244,15.086995,3.825471,18.887574,28.604271,38.320967,48.037663,57.754359,,,,,,,,,,46.035000,49.125833,42.339167,36.139375,46.035000,48.984951,43.085049,47.509975,44.560025
2023-10-16,50.000000,2023-08-14,2023-06-30,0.630000,2.540000,19.685039,15.169210,3.817315,19.137833,28.833812,38.529792,48.225772,57.921752,,,,,,,,,,46.312500,49.173333,42.484167,36.253333,46.312500,49.652981,42.972019,47.982741,44.642259
2023-10-17,47.450000,2023-08-14,2023-06-30,0.630000,2.540000,18.681102,15.244815,3.796040,19.437947,29.079889,38.721830,48.363772,58.005714,,,,,,,,,,46.427500,49.170000,42.613750,36.357708,46.427500,49.757819,43.097181,48.092660,44.762340
2023-10-18,45.050000,2023-08-14,2023-06-30,0.630000,2.540000,17.736220,15.313676,3.765281,19.769111,29.332924,38.896737,48.460551,58.024364,,,,,,,,,,46.365000,49.137500,42.727083,36.451042,46.365000,49.751832,42.978168,48.058416,44.671584
2023-10-19,44.900000,2023-08-14,2023-06-30,0.630000,2.540000,17.677165,15.381920,3.732879,20.107052,29.588564,39.070076,48.551588,58.033099,,,,,,,,,,46.262500,49.044167,42.838750,36.543333,46.262500,49.698513,42.826487,47.980506,44.544494
2023-10-20,44.800000,2023-08-14,2023-06-30,0.630000,2.540000,17.637795,15.450337,3.697906,20.458495,29.851176,39.243856,48.636536,58.029217,,,,,,,,,,46.127500,48.892500,42.951250,36.634792,46.127500,49.570949,42.684051,47.849225,44.405775
2023-10-23,46.150000,2023-08-14,2023-06-30,0.630000,2.540000,18.169291,15.523936,3.662942,20.823052,30.126926,39.430799,48.734672,58.038545,,,,,,,,,,46.050000,48.675000,43.077500,36.732500,46.050000,49.413269,42.686731,47.731635,44.368365
2023-10-24,47.150000,2023-08-14,2023-06-30,0.630000,2.540000,18.562992,15.600691,3.628877,21.191058,30.408407,39.625756,48.843105,58.060454,,,,,,,,,,46.097500,48.547500,43.211667,36.832917,46.097500,49.496335,42.698665,47.796917,44.398083
2023-10-25,47.650000,2023-08-14,2023-06-30,0.630000,2.540000,18.759843,15.679965,3.592637,21.576514,30.701813,39.827111,48.952410,58.077709,,,,,,,,,,46.185000,48.420000,43.352917,36.935000,46.185000,49.651851,42.718149,47.918425,44.451575
2023-10-26,46.300000,2023-08-14,2023-06-30,0.630000,2.540000,18.228346,15.756316,3.547981,21.997301,31.009172,40.021042,49.032913,58.044783,,,,,,,,,,46.250000,48.286667,43.487917,37.026042,46.250000,49.671757,42.828243,47.960879,44.539121
2023-10-27,44.400000,2023-08-14,2023-06-30,0.630000,2.540000,17.480315,15.826558,3.497194,22.433714,31.316586,40.199458,49.082330,57.965202,,,,,,,,,,46.275000,48.113333,43.607500,37.107500,46.275000,49.631141,42.918859,47.953071,44.596929
2023-10-30,44.400000,2023-08-14,2023-06-30,0.630000,2.540000,17.480315,15.897428,3.442949,22.889286,31.634377,40.379468,49.124559,57.869650,,,,,,,,,,46.280000,47.953333,43.729167,37.192500,46.280000,49.624028,42.935972,47.952014,44.607986
2023-10-31,43.500000,2023-08-14,2023-06-30,0.630000,2.540000,17.125984,15.965346,3.385166,23.355336,31.953657,40.551978,49.150300,57.748621,,,,,,,,,,46.240000,47.823333,43.843333,37.272500,46.240000,49.700849,42.779151,47.970424,44.509576
2023-11-01,43.500000,2023-08-14,2023-06-30,0.630000,2.540000,17.125984,16.035522,3.320048,23.864385,32.297306,40.730226,49.163147,57.596068,,,,,,,,,,46.125000,47.688333,43.965000,37.352708,46.125000,49.794002,42.455998,47.959501,44.290499
2023-11-02,44.650000,2023-08-14,2023-06-30,0.630000,2.540000,17.578740,16.109346,3.253843,24.388215,32.652977,40.917739,49.182501,57.447263,,,,,,,,,,46.067500,47.539167,44.095833,37.436250,46.067500,49.793550,42.341450,47.930525,44.204475
2023-11-03,44.550000,2023-08-14,2023-06-30,0.630000,2.540000,17.539370,16.183595,3.182605,24.938699,33.022515,41.106331,49.190147,57.273962,,,,,,,,,,46.040000,47.385000,44.228333,37.518125,46.040000,49.804040,42.275960,47.922020,44.157980
2023-11-06,45.000000,2023-08-14,2023-06-30,0.630000,2.540000,17.716535,16.259571,3.107980,25.510774,33.405042,41.299310,49.193578,57.087846,,,,,,,,,,46.020000,47.251667,44.365417,37.603333,46.020000,49.802564,42.237436,47.911282,44.128718
2023-11-07,44.400000,2023-08-14,2023-06-30,0.630000,2.540000,17.480315,16.325989,3.047096,25.988762,33.728387,41.468012,49.207637,56.947263,,,,,,,,,,45.940000,47.145000,44.500833,37.675833,45.940000,49.791398,42.088602,47.865699,44.014301
2023-11-08,44.750000,2023-08-14,2023-06-30,0.630000,2.540000,17.618110,16.393556,2.983930,26.481267,34.060449,41.639631,49.218813,56.797995,,,,,,,,,,45.827500,46.999167,44.639167,37.748125,45.827500,49.679974,41.975026,47.753737,43.901263
2023-11-09,45.450000,2023-08-14,2023-06-30,0.630000,2.540000,17.893701,16.464122,2.917145,26.999776,34.409324,41.818871,49.228419,56.637966,,,,,,,,,,45.685000,46.901667,44.785417,37.822917,45.685000,49.359106,42.010894,47.522053,43.847947
2023-11-10,45.500000,2023-08-14,2023-06-30,0.630000,2.540000,17.913386,16.534009,2.849221,27.522339,34.759361,41.996382,49.233404,56.470425,,,,,,,,,,45.477500,46.790000,44.929583,37.896875,45.477500,48.642186,42.312814,47.059843,43.895157
2023-11-13,44.900000,2023-08-14,2023-06-30,0.630000,2.540000,17.677165,16.602912,2.774460,28.077142,35.124269,42.171396,49.218524,56.265651,,,,,,,,,,45.222500,46.660000,45.071667,37.967708,45.222500,47.568936,42.876064,46.395718,44.049282
2023-11-14,45.700000,2023-11-14,2023-09-30,0.860000,1.900000,24.052632,16.723959,2.780015,21.211465,26.493493,31.775521,37.057550,42.339578,,,,,,,,,,45.135000,46.515000,45.217500,38.041875,45.135000,47.250880,43.019120,46.192940,44.077060
2023-11-15,45.800000,2023-11-14,2023-09-30,0.860000,1.900000,24.105263,16.845162,2.782145,21.433657,26.719733,32.005809,37.291885,42.577960,,,,,,,,,,45.172500,46.410000,45.363333,38.119167,45.172500,47.308526,43.036474,46.240513,44.104487
2023-11-16,45.400000,2023-11-14,2023-09-30,0.860000,1.900000,23.894737,16.964753,2.774087,21.691498,26.962264,32.233030,37.503796,42.774561,,,,,,,,,,45.197500,46.303333,45.506250,38.192917,45.197500,47.331800,43.063200,46.264650,44.130350
2023-11-17,44.950000,2023-11-14,2023-09-30,0.860000,1.900000,23.657895,17.081947,2.757118,21.978649,27.217174,32.455699,37.694224,42.932748,,,,,,,,,,45.205000,46.185833,45.644167,38.266042,45.205000,47.334467,43.075533,46.269734,44.140266
2023-11-20,45.100000,2023-11-14,2023-09-30,0.860000,1.900000,23.736842,17.191916,2.757189,22.187322,27.425981,32.664640,37.903299,43.141959,,,,,,,,,,45.152500,46.070833,45.760000,38.340833,45.152500,47.235129,43.069871,46.193814,44.111186
2023-11-21,45.000000,2023-11-14,2023-09-30,0.860000,1.900000,23.684211,17.292719,2.771666,22.323836,27.590001,32.856166,38.122331,43.388497,,,,,,,,,,45.045000,45.942500,45.849167,38.414375,45.045000,46.903381,43.186619,45.974190,44.115810
2023-11-22,44.900000,2023-11-14,2023-09-30,0.860000,1.900000,23.631579,17.392943,2.781687,22.476180,27.761386,33.046591,38.331797,43.617003,,,,,,,,,,44.907500,45.855833,45.937083,38.488542,44.907500,46.303839,43.511161,45.605670,44.209330
2023-11-23,45.000000,2023-11-14,2023-09-30,0.860000,1.900000,23.684211,17.494027,2.788116,22.643810,27.941231,33.238652,38.536073,43.833494,,,,,,,,,,44.842500,45.820000,46.027083,38.563333,44.842500,46.077633,43.607367,45.460066,44.224934
2023-11-24,44.850000,2023-11-14,2023-09-30,0.860000,1.900000,23.605263,17.593187,2.792133,22.816952,28.122004,33.427056,38.732108,44.037159,,,,,,,,,,44.865000,45.784167,46.112083,38.635417,44.865000,46.082461,43.647539,45.473730,44.256270
2023-11-27,44.350000,2023-11-14,2023-09-30,0.860000,1.900000,23.342105,17.680441,2.806906,22.926596,28.259717,33.592838,38.925960,44.259081,,,,,,,,,,44.862500,45.727500,46.164167,38.706250,44.862500,46.084179,43.640821,45.473340,44.251660
2023-11-28,44.250000,2023-11-14,2023-09-30,0.860000,1.900000,23.289474,17.767398,2.817762,23.050560,28.404307,33.758055,39.111803,44.465551,,,,,,,,,,44.900000,45.665000,46.215833,38.775208,44.900000,45.983853,43.816147,45.441926,44.358074
2023-11-29,44.950000,2023-11-14,2023-09-30,0.860000,1.900000,23.657895,17.856016,2.834491,23.155364,28.540897,33.926431,39.311964,44.697498,,,,,,,,,,44.972500,45.615833,46.269167,38.846875,44.972500,45.833023,44.111977,45.402762,44.542238
2023-11-30,45.750000,2023-11-14,2023-09-30,0.860000,1.900000,24.078947,17.946595,2.858331,23.236875,28.667703,34.098531,39.529359,44.960187,,,,,,,,,,45.027500,45.595000,46.324583,38.920833,45.027500,45.940260,44.114740,45.483880,44.571120
2023-12-01,45.400000,2023-11-14,2023-09-30,0.860000,1.900000,23.894737,18.036765,2.873966,23.348783,28.809319,34.269854,39.730390,45.190926,,,,,,,,,,45.070000,45.570000,46.380417,38.992917,45.070000,45.968185,44.171815,45.519093,44.620907
2023-12-04,45.500000,2023-11-14,2023-09-30,0.860000,1.900000,23.947368,18.124981,2.891665,23.449138,28.943301,34.437464,39.931627,45.425790,,,,,,,,,,45.095000,45.555000,46.430000,39.067083,45.095000,46.012606,44.177394,45.553803,44.636197
2023-12-05,45.300000,2023-11-14,2023-09-30,0.860000,1.900000,23.842105,18.210630,2.907610,23.551278,29.075738,34.600198,40.124658,45.649117,,,,,,,,,,45.140000,45.538333,46.472917,39.139583,45.140000,46.000600,44.279400,45.570300,44.709700
2023-12-06,49.800000,2023-11-14,2023-09-30,0.860000,1.900000,26.210526,18.315453,2.967277,23.523708,29.161535,34.799362,40.437188,46.075015,,,,,,,,,,45.392500,45.600000,46.551667,39.231667,45.392500,47.631220,43.153780,46.511860,44.273140
2023-12-07,47.850000,2023-11-14,2023-09-30,0.860000,1.900000,25.184211,18.410739,3.002814,23.569709,29.275056,34.980403,40.685750,46.391097,,,,,,,,,,45.512500,45.650000,46.611250,39.317500,45.512500,48.006888,43.018112,46.759694,44.265306
2023-12-08,47.200000,2023-11-14,2023-09-30,0.860000,1.900000,24.842105,18.502328,3.030071,23.640155,29.397289,35.154424,40.911558,46.668692,,,,,,,,,,45.597500,45.703333,46.662917,39.400625,45.597500,48.203460,42.991540,46.900480,44.294520
2023-12-11,48.350000,2023-11-14,2023-09-30,0.860000,1.900000,25.447368,18.600651,3.062505,23.703718,29.522477,35.341237,41.159996,46.978755,,,,,,,,,,45.770000,45.768333,46.729167,39.486667,45.770000,48.626277,42.913723,47.198138,44.341862
2023-12-12,48.100000,2023-11-14,2023-09-30,0.860000,1.900000,25.315789,18.698440,3.088122,23.792174,29.659605,35.527036,41.394467,47.261898,,,,,,,,,,45.890000,45.817500,46.795000,39.572083,45.890000,48.929668,42.850332,47.409834,44.370166
2023-12-13,52.400000,2023-11-14,2023-09-30,0.860000,1.900000,27.578947,18.817482,3.152692,23.772984,29.763100,35.753216,41.743331,47.733447,,,,,,,,,,46.220000,45.919167,46.903750,39.671875,46.220000,50.427312,42.012688,48.323656,44.116344
2023-12-14,51.200000,2023-11-14,2023-09-30,0.860000,1.900000,26.947368,18.927179,3.204658,23.783940,29.872790,35.961639,42.050489,48.139338,,,,,,,,,,46.510000,45.990000,46.990417,39.760208,46.510000,51.245710,41.774290,48.877855,44.142145
2023-12-15,51.800000,2023-11-14,2023-09-30,0.860000,1.900000,27.263158,19.042463,3.253665,23.816751,29.998715,36.180679,42.362643,48.544607,,,,,,,,,,46.852500,46.061667,47.090833,39.850625,46.852500,52.078596,41.626404,49.465548,44.239452
2023-12-18,50.400000,2023-11-14,2023-09-30,0.860000,1.900000,26.526316,19.152029,3.282574,23.915073,30.151964,36.388855,42.625746,48.862636,,,,,,,,,,47.117500,46.106667,47.180833,39.937708,47.117500,52.504451,41.730549,49.810975,44.424025
2023-12-19,50.300000,2023-11-14,2023-09-30,0.860000,1.900000,26.473684,19.261156,3.306605,24.031100,30.313649,36.596197,42.878746,49.161294,,,,,,,,,,47.382500,46.175000,47.270000,40.023958,47.382500,52.851674,41.913326,50.117087,44.647913
2023-12-20,51.200000,2023-11-14,2023-09-30,0.860000,1.900000,26.947368,19.371275,3.340817,24.110319,30.457871,36.805423,43.152975,49.500527,,,,,,,,,,47.697500,46.263333,47.357917,40.116042,47.697500,53.288986,42.106014,50.493243,44.901757
2023-12-21,51.100000,2023-11-14,2023-09-30,0.860000,1.900000,26.894737,19.480955,3.370081,24.207509,30.610662,37.013815,43.416969,49.820122,,,,,,,,,,48.002500,46.365000,47.445000,40.208333,48.002500,53.639733,42.365267,50.821116,45.183884
2023-12-22,50.500000,2023-11-14,2023-09-30,0.860000,1.900000,26.578947,19.587019,3.391629,24.327144,30.771240,37.215336,43.659432,50.103527,,,,,,,,,,48.285000,46.475000,47.524167,40.300208,48.285000,53.822442,42.747558,51.053721,45.516279
2023-12-25,49.700000,2023-11-14,2023-09-30,0.860000,1.900000,26.157895,19.686195,3.408417,24.451787,30.927779,37.403770,43.879762,50.355754,,,,,,,,,,48.552500,46.565000,47.586667,40.388125,48.552500,53.798799,43.306201,51.175650,45.929350
2023-12-26,49.700000,2023-11-14,2023-09-30,0.860000,1.900000,26.157895,19.785934,3.421302,24.592328,31.092802,37.593275,44.093748,50.594221,,,,,,,,,,48.825000,46.655000,47.650833,40.477083,48.825000,53.682062,43.967938,51.253531,46.396469
2023-12-27,49.300000,2023-11-14,2023-09-30,0.860000,1.900000,25.947368,19.880400,3.433704,24.724683,31.248721,37.772760,44.296798,50.820837,,,,,,,,,,49.042500,46.713333,47.701250,40.561042,49.042500,53.545630,44.539370,51.294065,46.790935
2023-12-28,49.000000,2023-11-14,2023-09-30,0.860000,1.900000,25.789474,19.975661,3.437780,24.890193,31.421974,37.953756,44.485538,51.017320,,,,,,,,,,49.205000,46.766667,47.755417,40.643750,49.205000,53.434085,44.975915,51.319542,47.090458
2023-12-29,48.000000,2023-11-14,2023-09-30,0.860000,1.900000,25.263158,20.069633,3.426796,25.110477,31.621391,38.132304,44.643217,51.154130,,,,,,,,,,49.335000,46.815000,47.810417,40.716667,49.335000,53.217227,45.452773,51.276113,47.393887
2024-01-02,48.400000,2023-11-14,2023-09-30,0.860000,1.900000,25.473684,20.166768,3.413262,25.346464,31.831662,38.316859,44.802056,51.287253,,,,,,,,,,49.480000,46.865000,47.872917,40.789167,49.480000,52.954327,46.005673,51.217163,47.742837
2024-01-03,48.150000,2023-11-14,2023-09-30,0.860000,1.900000,25.342105,20.259286,3.401706,25.566160,32.029402,38.492644,44.955886,51.419128,,,,,,,,,,49.622500,46.900833,47.922917,40.861458,49.622500,52.568590,46.676410,51.095545,48.149455
2024-01-04,47.050000,2023-11-14,2023-09-30,0.860000,1.900000,24.763158,20.341209,3.390701,25.763635,32.205966,38.648297,45.090628,51.532959,,,,,,,,,,49.485000,46.901667,47.946667,40.930000,49.485000,52.645130,46.324870,51.065065,47.904935
2024-01-05,47.000000,2023-11-14,2023-09-30,0.860000,1.900000,24.736842,20.424320,3.375028,25.981101,32.393654,38.806208,45.218762,51.631316,,,,,,,,,,49.442500,46.880000,47.974167,40.999583,49.442500,52.716042,46.168958,51.079271,47.805729
2024-01-08,46.600000,2023-11-14,2023-09-30,0.860000,1.900000,24.526316,20.498639,3.366262,26.155617,32.551515,38.947413,45.343312,51.739210,,,,,,,,,,49.412500,46.829167,47.977500,41.067292,49.412500,52.782160,46.042840,51.097330,47.727670
2024-01-09,46.000000,2023-11-14,2023-09-30,0.860000,1.900000,24.210526,20.567651,3.356669,26.323193,32.700865,39.078537,45.456209,51.833881,,,,,,,,,,49.295000,46.762500,47.967917,41.130000,49.295000,52.970652,45.619348,51.132826,47.457174
2024-01-10,45.150000,2023-11-14,2023-09-30,0.860000,1.900000,23.763158,20.631527,3.343806,26.493437,32.846670,39.199902,45.553134,51.906367,,,,,,,,,,49.147500,46.724167,47.947083,41.193333,49.147500,53.238372,45.056628,51.192936,47.102064
2024-01-11,45.100000,2023-11-14,2023-09-30,0.860000,1.900000,23.736842,20.697015,3.326845,26.682316,33.003322,39.324328,45.645333,51.966339,,,,,,,,,,48.782500,46.725000,47.931250,41.257292,48.782500,52.953361,44.611639,50.867930,46.697070
2024-01-12,43.600000,2023-11-14,2023-09-30,0.860000,1.900000,22.947368,20.746069,3.316160,26.816123,33.116827,39.417532,45.718236,52.018940,,,,,,,,,,48.402500,46.703333,47.873750,41.316458,48.402500,53.008157,43.796843,50.705329,46.099671
2024-01-15,44.450000,2023-11-14,2023-09-30,0.860000,1.900000,23.394737,20.789280,3.316612,26.896505,33.198068,39.499632,45.801195,52.102759,,,,,,,,,,48.035000,46.697500,47.795000,41.380833,48.035000,52.672048,43.397952,50.353524,45.716476
2024-01-16,43.850000,2023-11-14,2023-09-30,0.860000,1.900000,23.078947,20.814938,3.322360,26.923415,33.235898,39.548382,45.860865,52.173349,,,,,,,,,,47.707500,46.659167,47.667083,41.438542,47.707500,52.561394,42.853606,50.134447,45.280553
2024-01-17,43.600000,2023-11-14,2023-09-30,0.860000,1.900000,22.947368,20.851887,3.321205,26.998006,33.308295,39.618585,45.928874,52.239163,,,,,,,,,,47.372500,46.600000,47.573750,41.496667,47.372500,52.394921,42.350079,49.883710,44.861290
2024-01-18,42.750000,2023-11-14,2023-09-30,0.860000,1.900000,22.500000,20.883700,3.318532,27.068607,33.373818,39.679029,45.984240,52.289452,,,,,,,,,,46.950000,46.518333,47.469167,41.548333,46.950000,52.037963,41.862037,49.493982,44.406018
2024-01-19,43.350000,2023-11-14,2023-09-30,0.860000,1.900000,22.815789,20.920960,3.314883,27.153268,33.451546,39.749823,46.048101,52.346378,,,,,,,,,,46.562500,46.469167,47.377917,41.602292,46.562500,51.497858,41.627142,49.030179,44.094821
2024-01-22,44.700000,2023-11-14,2023-09-30,0.860000,1.900000,23.526316,20.962733,3.315875,27.228869,33.529031,39.829193,46.129355,52.429517,,,,,,,,,,46.272500,46.474167,47.293750,41.659792,46.272500,50.906070,41.638930,48.589285,43.955715
2024-01-23,45.500000,2023-11-14,2023-09-30,0.860000,1.900000,23.947368,21.010267,3.317447,27.313208,33.616358,39.919508,46.222658,52.525808,,,,,,,,,,46.062500,46.492500,47.222917,41.722083,46.062500,50.414133,41.710867,48.238317,43.886683
2024-01-24,45.150000,2023-11-14,2023-09-30,0.860000,1.900000,23.763158,21.063868,3.309455,27.445420,33.733385,40.021349,46.309314,52.597278,,,,,,,,,,45.835000,46.520000,47.171667,41.780417,45.835000,49.848543,41.821457,47.841771,43.828229
2024-01-25,44.500000,2023-11-14,2023-09-30,0.860000,1.900000,23.421053,21.113773,3.299372,27.578556,33.847363,40.116169,46.384975,52.653782,,,,,,,,,,45.595000,46.536667,47.112500,41.836042,45.595000,49.298185,41.891815,47.446592,43.743408
2024-01-26,44.300000,2023-11-14,2023-09-30,0.860000,1.900000,23.315789,21.157171,3.293750,27.682376,33.940500,40.198624,46.456748,52.714872,,,,,,,,,,45.360000,46.530833,47.035000,41.877917,45.360000,48.735391,41.984609,47.047695,43.672305
2024-01-29,44.600000,2023-11-14,2023-09-30,0.860000,1.900000,23.473684,21.201321,3.288953,27.784486,34.033498,40.282509,46.531521,52.780532,,,,,,,,,,45.190000,46.531667,46.958333,41.910625,45.190000,48.340539,42.039461,46.765269,43.614731
2024-01-30,44.450000,2023-11-14,2023-09-30,0.860000,1.900000,23.394737,21.247065,3.280891,27.902037,34.135730,40.369424,46.603117,52.836810,,,,,,,,,,44.992500,46.522500,46.887083,41.944167,44.992500,47.768767,42.216233,46.380633,43.604367
2024-01-31,44.000000,2023-11-14,2023-09-30,0.860000,1.900000,23.157895,21.297029,3.263769,28.062032,34.263194,40.464356,46.665518,52.866680,,,,,,,,,,44.785000,46.515833,46.830417,41.979583,44.785000,47.158782,42.411218,45.971891,43.598109
2024-02-01,43.750000,2023-11-14,2023-09-30,0.860000,1.900000,23.026316,21.338296,3.253971,28.177673,34.360217,40.542762,46.725307,52.907852,,,,,,,,,,44.620000,46.499167,46.749167,42.019792,44.620000,46.780019,42.459981,45.700010,43.539990
2024-02-02,44.200000,2023-11-14,2023-09-30,0.860000,1.900000,23.263158,21.363849,3.256970,28.214825,34.403069,40.591312,46.779556,52.967800,,,,,,,,,,44.480000,46.478333,46.690000,42.062083,44.480000,46.331429,42.628571,45.405715,43.554285
2024-02-05,43.900000,2023-11-14,2023-09-30,0.860000,1.900000,23.105263,21.385133,3.259959,28.243908,34.437830,40.631752,46.825674,53.019596,,,,,,,,,,44.345000,46.451667,46.620833,42.103958,44.345000,45.918431,42.771569,45.131715,43.558285
2024-02-15,46.200000,2023-11-14,2023-09-30,0.860000,1.900000,24.315789,21.414864,3.270352,28.260903,34.474572,40.688241,46.901911,53.115580,,,,,,,,,,44.355000,46.473333,46.566667,42.153958,44.355000,45.974584,42.735416,45.164792,43.545208
2024-02-16,49.850000,2023-11-14,2023-09-30,0.860000,1.900000,26.236842,21.455027,3.299844,28.225145,34.494848,40.764551,47.034254,53.303957,,,,,,,,,,44.590000,46.542500,46.528750,42.218750,44.590000,47.525015,41.654985,46.057508,43.122492
2024-02-19,48.600000,2023-11-14,2023-09-30,0.860000,1.900000,25.578947,21.497253,3.320031,28.228661,34.536721,40.844780,47.152840,53.460899,,,,,,,,,,44.765000,46.589167,46.499583,42.278750,44.765000,48.202426,41.327574,46.483713,43.046287
2024-02-20,48.550000,2023-11-14,2023-09-30,0.860000,1.900000,25.552632,21.540244,3.338969,28.238382,34.582422,40.926463,47.270504,53.614545,,,,,,,,,,45.012500,46.641667,46.472500,42.338333,45.012500,48.792485,41.232515,46.902493,43.122507
2024-02-21,48.400000,2023-11-14,2023-09-30,0.860000,1.900000,25.473684,21.581921,3.356694,28.250212,34.627931,41.005650,47.383369,53.761088,,,,,,,,,,45.210000,46.699167,46.442500,42.399167,45.210000,49.268727,41.151273,47.239363,43.180637
2024-02-22,48.400000,2023-11-14,2023-09-30,0.860000,1.900000,25.473684,21.623598,3.373807,28.264368,34.674602,41.084836,47.495070,53.905304,,,,,,,,,,45.437500,46.754167,46.412500,42.455833,45.437500,49.681117,41.193883,47.559309,43.315691
2024-02-23,47.900000,2023-11-14,2023-09-30,0.860000,1.900000,25.210526,21.660785,3.388637,28.278673,34.717083,41.155492,47.593902,54.032311,,,,,,,,,,45.652500,46.802500,46.372500,42.507917,45.652500,49.939626,41.365374,47.796063,43.508937
2024-02-26,47.350000,2023-11-14,2023-09-30,0.860000,1.900000,24.921053,21.704091,3.396878,28.329636,34.783704,41.237772,47.691840,54.145909,,,,,,,,,,45.882500,46.843333,46.349583,42.559375,45.882500,50.004364,41.760636,47.943432,43.821568
2024-02-27,46.900000,2023-11-14,2023-09-30,0.860000,1.900000,24.684211,21.755101,3.395273,28.432656,34.883674,41.334692,47.785709,54.236727,,,,,,,,,,46.060000,46.875000,46.347500,42.608125,46.060000,50.025456,42.094544,48.042728,44.077272
2024-02-29,48.800000,2023-11-14,2023-09-30,0.860000,1.900000,25.684211,21.814936,3.400760,28.525490,34.986935,41.448379,47.909824,54.371269,,,,,,,,,,46.265000,46.940833,46.362500,42.665000,46.265000,50.356339,42.173661,48.310669,44.219331
2024-03-01,47.700000,2023-11-14,2023-09-30,0.860000,1.900000,25.105263,21.867487,3.402490,28.618763,35.083494,41.548225,48.012956,54.477687,,,,,,,,,,46.375000,46.996667,46.362083,42.717500,46.375000,50.497914,42.252086,48.436457,44.313543
2024-03-04,47.200000,2023-11-14,2023-09-30,0.860000,1.900000,24.842105,21.917024,3.402161,28.714133,35.178239,41.642346,48.106452,54.570559,,,,,,,,,,46.477500,47.045833,46.355417,42.769167,46.477500,50.574029,42.380971,48.525765,44.429235
2024-03-05,47.500000,2023-11-14,2023-09-30,0.860000,1.900000,25.000000,21.968205,3.401957,28.812154,35.275872,41.739590,48.203308,54.667026,,,,,,,,,,46.627500,47.088333,46.352083,42.825000,46.627500,50.637944,42.617056,48.632722,44.622278
2024-03-06,47.050000,2023-11-14,2023-09-30,0.860000,1.900000,24.763158,22.020365,3.396375,28.932470,35.385582,41.838694,48.291806,54.744919,,,,,,,,,,46.765000,47.110000,46.352500,42.878333,46.765000,50.625202,42.904798,48.695101,44.834899
2024-03-07,47.100000,2023-11-14,2023-09-30,0.860000,1.900000,24.789474,22.073073,3.389801,29.057597,35.498218,41.938839,48.379460,54.820081,,,,,,,,,,46.890000,47.138333,46.354167,42.937292,46.890000,50.614542,43.165458,48.752271,45.027729
2024-03-08,45.750000,2023-11-14,2023-09-30,0.860000,1.900000,24.078947,22.121500,3.376464,29.200288,35.615569,42.030850,48.446131,54.861412,,,,,,,,,,46.955000,47.142500,46.348750,42.993333,46.955000,50.543124,43.366876,48.749062,45.160938
2024-03-11,44.600000,2023-11-14,2023-09-30,0.860000,1.900000,23.473684,22.165211,3.359550,29.347610,35.730755,42.113901,48.497046,54.880192,,,,,,,,,,46.985000,47.130833,46.334583,43.048750,46.985000,50.477865,43.492135,48.731432,45.238568
2024-03-12,45.300000,2023-11-14,2023-09-30,0.860000,1.900000,23.842105,22.212649,3.342519,29.502459,35.853246,42.204032,48.554819,54.905605,,,,,,,,,,47.062500,47.055833,46.327917,43.105417,47.062500,50.313552,43.811448,48.688026,45.436974
2024-03-13,45.000000,2023-11-14,2023-09-30,0.860000,1.900000,23.684211,22.262871,3.318693,29.688423,35.993939,42.299455,48.604972,54.910488,,,,,,,,,,47.102500,47.008333,46.329167,43.161042,47.102500,50.222297,43.982703,48.662398,45.542602
2024-03-14,44.350000,2023-11-14,2023-09-30,0.860000,1.900000,23.342105,22.313032,3.288753,29.897499,36.146130,42.394760,48.643391,54.892022,,,,,,,,,,47.125000,46.960833,46.332083,43.212083,47.125000,50.152679,44.097321,48.638840,45.611160
2024-03-15,43.450000,2023-11-14,2023-09-30,0.860000,1.900000,22.868421,22.357769,3.259111,30.095138,36.287449,42.479760,48.672072,54.864383,,,,,,,,,,46.987500,46.879167,46.323750,43.258333,46.987500,50.415385,43.559615,48.701442,45.273558
2024-03-18,44.150000,2023-11-14,2023-09-30,0.860000,1.900000,23.236842,22.403279,3.232610,30.282311,36.424270,42.566230,48.708190,54.850150,,,,,,,,,,46.702500,46.813333,46.315417,43.305208,46.702500,50.075688,43.329312,48.389094,45.015906
2024-03-19,43.800000,2023-11-14,2023-09-30,0.860000,1.900000,23.052632,22.443481,3.210173,30.443956,36.543286,42.642615,48.741944,54.841273,,,,,,,,,,46.462500,46.670000,46.294583,43.349167,46.462500,49.948393,42.976607,48.205446,44.719554
2024-03-20,43.350000,2023-11-14,2023-09-30,0.860000,1.900000,22.815789,22.479578,3.189567,30.590843,36.651020,42.711198,48.771375,54.831552,,,,,,,,,,46.202500,46.539167,46.264583,43.393125,46.202500,49.806515,42.598485,48.004507,44.400493
2024-03-21,43.900000,2023-11-14,2023-09-30,0.860000,1.900000,23.105263,22.516282,3.171005,30.731115,36.756025,42.780935,48.805845,54.830755,,,,,,,,,,45.977500,46.407500,46.234583,43.442500,45.977500,49.565708,42.389292,47.771604,44.183396
2024-03-22,43.800000,2023-11-14,2023-09-30,0.860000,1.900000,23.052632,22.551891,3.152630,30.868600,36.858596,42.848593,48.838589,54.828585,,,,,,,,,,45.747500,46.297500,46.202083,43.491250,45.747500,49.271026,42.223974,47.509263,43.985737
2024-03-25,43.850000,2023-11-14,2023-09-30,0.860000,1.900000,23.078947,22.592641,3.127263,31.042416,36.984217,42.926017,48.867817,54.809618,,,,,,,,,,45.545000,46.190000,46.182500,43.541875,45.545000,49.012731,42.077269,47.278865,43.811135
2024-03-26,43.800000,2023-11-14,2023-09-30,0.860000,1.900000,23.052632,22.634155,3.099677,31.226123,37.115509,43.004895,48.894281,54.783667,,,,,,,,,,45.367500,46.066667,46.165000,43.592083,45.367500,48.809543,41.925457,47.088521,43.646479
2024-03-27,43.650000,2023-11-14,2023-09-30,0.860000,1.900000,22.973684,22.677965,3.066564,31.435192,37.261662,43.088133,48.914604,54.741075,,,,,,,,,,45.205000,45.942500,46.153750,43.640417,45.205000,48.649278,41.760722,46.927139,43.482861
2024-03-28,43.800000,2023-11-14,2023-09-30,0.860000,1.900000,23.052632,22.726041,3.026238,31.679773,37.429626,43.179478,48.929331,54.679184,,,,,,,,,,44.955000,45.830833,46.152917,43.690000,44.955000,48.003710,41.906290,46.479355,43.430645
2024-03-29,43.800000,2023-11-14,2023-09-30,0.860000,1.900000,23.052632,22.772805,2.986986,31.917784,37.593057,43.268330,48.943603,54.618876,,,,,,,,,,44.760000,45.732500,46.148750,43.738750,44.760000,47.558044,41.961956,46.159022,43.360978
2024-04-01,44.900000,2024-03-31,2023-12-31,-0.160000,1.680000,26.726190,22.850182,2.967910,28.416130,33.402218,38.388306,43.374395,48.360483,,,,,,,,,,44.645000,45.652500,46.153750,43.792500,44.645000,47.199233,42.090767,45.922116,43.367884
2024-04-02,45.100000,2024-03-31,2023-12-31,-0.160000,1.680000,26.845238,22.923630,2.956695,28.577203,33.544451,38.511699,43.478946,48.446194,,,,,,,,,,44.525000,45.582500,46.147917,43.844583,44.525000,46.713847,42.336153,45.619424,43.430576
2024-04-03,44.900000,2024-03-31,2023-12-31,-0.160000,1.680000,26.726190,22.996086,2.942302,28.747289,33.690357,38.633424,43.576492,48.519560,,,,,,,,,,44.417500,45.514167,46.140417,43.895417,44.417500,46.269462,42.565538,45.343481,43.491519
2024-04-08,45.300000,2024-03-31,2023-12-31,-0.160000,1.680000,26.964286,23.072822,2.924513,28.935978,33.849160,38.762342,43.675524,48.588706,,,,,,,,,,44.327500,45.469167,46.142083,43.946042,44.327500,45.757434,42.897566,45.042467,43.612533
2024-04-09,45.500000,2024-03-31,2023-12-31,-0.160000,1.680000,27.083333,23.149567,2.907727,29.121309,34.006291,38.891272,43.776254,48.661235,,,,,,,,,,44.315000,45.420833,46.142917,43.997500,44.315000,45.696113,42.933887,45.005557,43.624443
2024-04-10,45.600000,2024-03-31,2023-12-31,-0.160000,1.680000,27.142857,23.224839,2.893054,29.297066,34.157397,39.017729,43.878060,48.738392,,,,,,,,,,44.365000,45.378333,46.139583,44.048333,44.365000,45.857472,42.872528,45.111236,43.618764
2024-04-11,45.700000,2024-03-31,2023-12-31,-0.160000,1.680000,27.202381,23.297326,2.882729,29.453536,34.296522,39.139507,43.982492,48.825478,,,,,,,,,,44.385000,45.355833,46.128750,44.101042,44.385000,45.939653,42.830347,45.162327,43.607673
2024-04-12,45.100000,2024-03-31,2023-12-31,-0.160000,1.680000,26.845238,23.362571,2.873598,29.593831,34.421475,39.249120,44.076765,48.904409,,,,,,,,,,44.390000,45.324167,46.102083,44.151875,44.390000,45.953599,42.826401,45.171800,43.608200
2024-04-15,43.750000,2024-03-31,2023-12-31,-0.160000,1.680000,26.041667,23.416692,2.862272,29.722808,34.531425,39.340042,44.148659,48.957276,,,,,,,,,,44.360000,45.276667,46.052917,44.196042,44.360000,45.949637,42.770363,45.154819,43.565181
2024-04-16,41.350000,2024-03-31,2023-12-31,-0.160000,1.680000,24.613095,23.457759,2.843574,29.854627,34.631831,39.409035,44.186238,48.963442,,,,,,,,,,44.255000,45.199167,45.980833,44.232500,44.255000,46.307700,42.202300,45.281350,43.228650
2024-04-17,41.150000,2024-03-31,2023-12-31,-0.160000,1.680000,24.494048,23.506200,2.810842,30.045986,34.768201,39.490416,44.212631,48.934846,,,,,,,,,,44.105000,45.132500,45.928333,44.271042,44.105000,46.584155,41.625845,45.344578,42.865422
2024-04-18,39.800000,2024-03-31,2023-12-31,-0.160000,1.680000,23.690476,23.555819,2.760229,30.299405,34.936590,39.573775,44.210961,48.848146,,,,,,,,,,43.905000,45.044167,45.884583,44.305833,43.905000,47.045047,40.764953,45.475023,42.334977
2024-04-19,37.500000,2024-03-31,2023-12-31,-0.160000,1.680000,22.321429,23.594521,2.709198,30.535891,35.087343,39.638795,44.190247,48.741699,,,,,,,,,,43.612500,44.942500,45.822917,44.330833,43.612500,47.863553,39.361447,45.738026,41.486974
2024-04-22,37.700000,2024-03-31,2023-12-31,-0.160000,1.680000,22.440476,23.634543,2.655401,30.783885,35.244959,39.706033,44.167107,48.628181,,,,,,,,,,43.302500,44.830000,45.763750,44.357500,43.302500,48.303392,38.301608,45.802946,40.802054
2024-04-23,37.900000,2024-03-31,2023-12-31,-0.160000,1.680000,22.559524,23.671129,2.609314,31.000202,35.383849,39.767496,44.151143,48.534790,,,,,,,,,,43.007500,44.730833,45.695000,44.386250,43.007500,48.551418,37.463582,45.779459,40.235541
2024-04-24,38.150000,2024-03-31,2023-12-31,-0.160000,1.680000,22.708333,23.705673,2.568236,31.196259,35.510895,39.825531,44.140167,48.454803,,,,,,,,,,42.722500,44.640000,45.620000,44.415833,42.722500,48.656388,36.788612,45.689444,39.755556
2024-04-25,37.650000,2024-03-31,2023-12-31,-0.160000,1.680000,22.410714,23.736097,2.530501,31.374159,35.625401,39.876643,44.127885,48.379127,,,,,,,,,,42.415000,44.555000,45.536667,44.444792,42.415000,48.738398,36.091602,45.576699,39.253301
2024-04-26,37.250000,2024-03-31,2023-12-31,-0.160000,1.680000,22.172619,23.768966,2.483540,31.587169,35.759516,39.931863,44.104210,48.276556,,,,,,,,,,42.095000,44.453333,45.461250,44.474583,42.095000,48.791967,35.398033,45.443484,38.746516
2024-04-29,37.400000,2024-03-31,2023-12-31,-0.160000,1.680000,22.261905,23.808813,2.419323,31.869878,35.934342,39.998805,44.063268,48.127732,,,,,,,,,,41.775000,44.331667,45.402917,44.505208,41.775000,48.735377,34.814623,45.255188,38.294812
2024-04-30,37.700000,2024-03-31,2023-12-31,-0.160000,1.680000,22.440476,23.850147,2.351719,32.166471,36.117359,40.068247,44.019136,47.970024,,,,,,,,,,41.470000,44.201667,45.347083,44.538125,41.470000,48.589536,34.350464,45.029768,37.910232
2024-05-02,37.350000,2024-03-31,2023-12-31,-0.160000,1.680000,22.232143,23.892699,2.273940,32.499294,36.319514,40.139733,43.959953,47.780173,,,,,,,,,,41.092500,44.071667,45.295833,44.569583,41.092500,48.246834,33.938166,44.669667,37.515333
2024-05-03,37.350000,2024-03-31,2023-12-31,-0.160000,1.680000,22.232143,23.935250,2.192572,32.844176,36.527698,40.211220,43.894741,47.578263,,,,,,,,,,40.705000,43.952500,45.244583,44.604792,40.705000,47.784541,33.625459,44.244770,37.165230
2024-05-06,37.650000,2024-03-31,2023-12-31,-0.160000,1.680000,22.410714,23.975516,2.117954,33.162541,36.720704,40.278867,43.837030,47.395194,,,,,,,,,,40.342500,43.841667,45.186250,44.641042,40.342500,47.258178,33.426822,43.800339,36.884661
2024-05-07,38.650000,2024-03-31,2023-12-31,-0.160000,1.680000,23.005952,24.021071,2.035543,33.515974,36.935687,40.355400,43.775112,47.194825,,,,,,,,,,40.010000,43.742500,45.137083,44.682708,40.010000,46.551415,33.468585,43.280707,36.739293
2024-05-08,38.750000,2024-03-31,2023-12-31,-0.160000,1.680000,23.065476,24.065646,1.953227,33.867441,37.148863,40.430285,43.711706,46.993128,,,,,,,,,,39.672500,43.647500,45.085000,44.725208,39.672500,45.697402,33.647598,42.684951,36.660049
2024-05-09,38.550000,2024-03-31,2023-12-31,-0.160000,1.680000,22.946429,24.111197,1.859867,34.257657,37.382233,40.506810,43.631387,46.755964,,,,,,,,,,39.320000,43.556667,45.036250,44.768542,39.320000,44.672068,33.967932,41.996034,36.643966
2024-05-10,38.650000,2024-03-31,2023-12-31,-0.160000,1.680000,23.005952,24.156095,1.764384,34.653910,37.618075,40.582240,43.546405,46.510570,,,,,,,,,,38.967500,43.471667,44.985417,44.812292,38.967500,43.399949,34.535051,41.183725,36.751275
2024-05-13,38.000000,2024-03-31,2023-12-31,-0.160000,1.680000,22.619048,24.195473,1.673852,35.024252,37.836323,40.648395,43.460466,46.272538,,,,,,,,,,38.612500,43.368333,44.923333,44.854375,38.612500,41.988246,35.236754,40.300373,36.924627
2024-05-14,37.450000,2024-03-31,2023-12-31,-0.160000,1.680000,22.291667,24.231959,1.580905,35.397850,38.053770,40.709691,43.365611,46.021532,,,,,,,,,,38.297500,43.260833,44.856250,44.892917,38.297500,40.686174,35.908826,39.491837,37.103163
2024-05-15,37.100000,2024-05-15,2024-03-31,0.340000,1.670000,22.215569,24.269779,1.473408,35.609347,38.069939,40.530531,42.991123,45.451714,,,,,,,,,,38.085000,43.109167,44.791250,44.931458,38.085000,40.048643,36.121357,39.066822,37.103178
2024-05-16,37.100000,2024-05-15,2024-03-31,0.340000,1.670000,22.215569,24.254470,1.485180,35.544464,38.024714,40.504965,42.985216,45.465466,,,,,,,,,,37.882500,42.896667,44.719583,44.968542,37.882500,39.264442,36.500558,38.573471,37.191529
2024-05-17,37.100000,2024-05-15,2024-03-31,0.340000,1.670000,22.215569,24.238723,1.496749,35.479526,37.979096,40.478667,42.978237,45.477807,,,,,,,,,,37.747500,42.705000,44.647083,45.005208,37.747500,38.837394,36.657606,38.292447,37.202553
2024-05-20,37.150000,2024-05-15,2024-03-31,0.340000,1.670000,22.245509,24.224979,1.507467,35.420775,37.938245,40.455715,42.973185,45.490655,,,,,,,,,,37.730000,42.515000,44.578333,45.042292,37.730000,38.847516,36.612484,38.288758,37.171242
2024-05-21,37.400000,2024-05-15,2024-03-31,0.340000,1.670000,22.395210,24.214457,1.515842,35.375229,37.906686,40.438143,42.969599,45.501056,,,,,,,,,,37.715000,42.331667,44.515417,45.079792,37.715000,38.842223,36.587777,38.278611,37.151389
2024-05-22,37.900000,2024-05-15,2024-03-31,0.340000,1.670000,22.694611,24.205771,1.521577,35.341571,37.882605,40.423638,42.964672,45.505705,,,,,,,,,,37.715000,42.156667,44.455417,45.107708,37.715000,38.842223,36.587777,38.278611,37.151389
2024-05-23,37.500000,2024-05-15,2024-03-31,0.340000,1.670000,22.455090,24.195529,1.529235,35.298888,37.852710,40.406533,42.960356,45.514178,,,,,,,,,,37.682500,41.983333,44.392917,45.121042,37.682500,38.794291,36.570709,38.238395,37.126605
2024-05-24,37.300000,2024-05-15,2024-03-31,0.340000,1.670000,22.335329,24.184727,1.537806,35.252220,37.820357,40.388493,42.956630,45.524766,,,,,,,,,,37.665000,41.815833,44.329583,45.133333,37.665000,38.789886,36.540114,38.227443,37.102557
2024-05-27,37.800000,2024-05-15,2024-03-31,0.340000,1.670000,22.634731,24.175981,1.543650,35.218098,37.795993,40.373888,42.951783,45.529679,,,,,,,,,,37.692500,41.664167,44.269583,45.148333,37.692500,38.801447,36.583553,38.246973,37.138027
2024-05-28,37.900000,2024-05-15,2024-03-31,0.340000,1.670000,22.694611,24.168392,1.548709,35.188526,37.774870,40.361215,42.947559,45.533904,,,,,,,,,,37.717500,41.482500,44.211667,45.161875,37.717500,38.821214,36.613786,38.269357,37.165643
2024-05-29,38.100000,2024-05-15,2024-03-31,0.340000,1.670000,22.814371,24.163994,1.551822,35.170787,37.762329,40.353871,42.945413,45.536955,,,,,,,,,,37.737500,41.322500,44.159583,45.161875,37.737500,38.854298,36.620702,38.295899,37.179101
2024-05-30,39.450000,2024-05-15,2024-03-31,0.340000,1.670000,23.622754,24.166772,1.550541,35.179702,37.769105,40.358509,42.947912,45.537316,,,,,,,,,,37.842500,41.193333,44.119583,45.167708,37.842500,39.179140,36.505860,38.510820,37.174180
2024-05-31,39.900000,2024-05-15,2024-03-31,0.340000,1.670000,23.892216,24.168724,1.550042,35.184629,37.773199,40.361770,42.950340,45.538911,,,,,,,,,,37.970000,41.066667,44.077500,45.173333,37.970000,39.569474,36.370526,38.769737,37.170263
2024-06-03,43.850000,2024-05-15,2024-03-31,0.340000,1.670000,26.257485,24.186879,1.561696,35.176024,37.784056,40.392088,43.000120,45.608152,,,,,,,,,,38.280000,41.013333,44.061667,45.193125,38.280000,41.347727,35.212273,39.813863,36.746137
2024-06-04,42.300000,2024-05-15,2024-03-31,0.340000,1.670000,25.329341,24.198834,1.564928,35.185192,37.798622,40.412053,43.025483,45.638913,,,,,,,,,,38.462500,40.933333,44.035833,45.208125,38.462500,42.018351,34.906649,40.240426,36.684574
2024-06-05,40.700000,2024-05-15,2024-03-31,0.340000,1.670000,24.371257,24.202366,1.564834,35.191405,37.804678,40.417952,43.031225,45.644499,,,,,,,,,,38.560000,40.849167,43.995833,45.212917,38.560000,42.253323,34.866677,40.406661,36.713339
2024-06-06,39.900000,2024-05-15,2024-03-31,0.340000,1.670000,23.892216,24.202784,1.564744,35.192404,37.805526,40.418649,43.031772,45.644894,,,,,,,,,,38.627500,40.770833,43.950833,45.211875,38.627500,42.369084,34.885916,40.498292,36.756708
2024-06-07,40.600000,2024-05-15,2024-03-31,0.340000,1.670000,24.311377,24.186958,1.553833,35.202418,37.797318,40.392219,42.987120,45.582021,,,,,,,,,,38.725000,40.692500,43.874167,45.212917,38.725000,42.569271,34.880729,40.647136,36.802864
2024-06-11,39.150000,2024-05-15,2024-03-31,0.340000,1.670000,23.443114,24.172449,1.552571,35.182402,37.775196,40.367989,42.960783,45.553576,,,,,,,,,,38.782500,40.595000,43.801667,45.206458,38.782500,42.615497,34.949503,40.698999,36.866001
2024-06-12,39.000000,2024-05-15,2024-03-31,0.340000,1.670000,23.353293,24.160042,1.553123,35.159838,37.753554,40.347270,42.940986,45.534701,,,,,,,,,,38.860000,40.505833,43.733333,45.198125,38.860000,42.641896,35.078104,40.750948,36.969052
2024-06-13,38.400000,2024-05-15,2024-03-31,0.340000,1.670000,22.994012,24.139597,1.552182,35.128839,37.720983,40.313127,42.905271,45.497416,,,,,,,,,,38.925000,40.421667,43.650417,45.189792,38.925000,42.623293,35.226707,40.774146,37.075854
2024-06-14,38.200000,2024-05-15,2024-03-31,0.340000,1.670000,22.874251,24.119251,1.552637,35.093342,37.686246,40.279149,42.872053,45.464956,,,,,,,,,,38.980000,40.322500,43.567917,45.181458,38.980000,42.595813,35.364187,40.787907,37.172093
2024-06-17,37.900000,2024-05-15,2024-03-31,0.340000,1.670000,22.694611,24.078548,1.524953,35.117832,37.664504,40.211175,42.757847,45.304519,,,,,,,,,,39.020000,40.224167,43.447083,45.175417,39.020000,42.565256,35.474744,40.792628,37.247372
2024-06-18,38.000000,2024-05-15,2024-03-31,0.340000,1.670000,22.754491,24.043608,1.506593,35.120804,37.636814,40.152825,42.668835,45.184845,,,,,,,,,,39.062500,40.135000,43.337083,45.163750,39.062500,42.532958,35.592042,40.797729,37.327271
2024-06-19,38.050000,2024-05-15,2024-03-31,0.340000,1.670000,22.784431,24.006285,1.481430,35.142518,37.616507,40.090496,42.564485,45.038473,,,,,,,,,,39.095000,40.037500,43.222500,45.156667,39.095000,42.511662,35.678338,40.803331,37.386669
2024-06-20,38.400000,2024-05-15,2024-03-31,0.340000,1.670000,22.994012,23.976849,1.465949,35.145067,37.593202,40.041338,42.489473,44.937608,,,,,,,,,,39.120000,39.947500,43.122500,45.151667,39.120000,42.507034,35.732966,40.813517,37.426483
2024-06-21,38.150000,2024-05-15,2024-03-31,0.340000,1.670000,22.844311,23.946604,1.451370,35.143253,37.567041,39.990829,42.414617,44.838405,,,,,,,,,,39.152500,39.852500,43.021250,45.145625,39.152500,42.486136,35.818864,40.819318,37.485682
2024-06-24,38.250000,2024-05-15,2024-03-31,0.340000,1.670000,22.904192,23.912911,1.427863,35.165499,37.550030,39.934561,42.319093,44.703624,,,,,,,,,,39.200000,39.760000,42.913333,45.135625,39.200000,42.448481,35.951519,40.824241,37.575759
2024-06-25,38.450000,2024-05-15,2024-03-31,0.340000,1.670000,23.023952,23.880654,1.403449,35.193175,37.536934,39.880693,42.224452,44.568211,,,,,,,,,,39.232500,39.673333,42.807917,45.126458,39.232500,42.434683,36.030317,40.833591,37.631409
2024-06-26,38.000000,2024-05-15,2024-03-31,0.340000,1.670000,22.754491,23.848784,1.384961,35.201698,37.514584,39.827469,42.140355,44.453240,,,,,,,,,,39.237500,39.576667,42.703750,45.113958,39.237500,42.431223,36.043777,40.834362,37.640638
2024-06-27,38.000000,2024-05-15,2024-03-31,0.340000,1.670000,22.754491,23.820422,1.372065,35.197407,37.488756,39.780105,42.071454,44.362803,,,,,,,,,,39.232500,39.480000,42.606250,45.096458,39.232500,42.434025,36.030975,40.833263,37.631737
2024-06-28,38.050000,2024-05-15,2024-03-31,0.340000,1.670000,22.784431,23.792310,1.358260,35.196568,37.464863,39.733158,42.001453,44.269748,,,,,,,,,,39.162500,39.365833,42.509167,45.080000,39.162500,42.404961,35.920039,40.783730,37.541270
2024-07-01,37.900000,2024-05-15,2024-03-31,0.340000,1.670000,22.694611,23.765204,1.347304,35.187895,37.437892,39.687890,41.937888,44.187886,,,,,,,,,,39.062500,39.245833,42.414167,45.057708,39.062500,42.332439,35.792561,40.697469,37.427531
2024-07-02,37.800000,2024-05-15,2024-03-31,0.340000,1.670000,22.634731,23.738914,1.338221,35.174327,37.409157,39.643987,41.878817,44.113646,,,,,,,,,,38.760000,39.127500,42.320833,45.038125,38.760000,41.171944,36.348056,39.965972,37.554028
2024-07-03,37.650000,2024-05-15,2024-03-31,0.340000,1.670000,22.544910,23.716262,1.335206,35.146569,37.376364,39.606158,41.835952,44.065747,,,,,,,,,,38.527500,39.000000,42.234583,45.022500,38.527500,40.319434,36.735566,39.423467,37.631533
2024-07-04,37.300000,2024-05-15,2024-03-31,0.340000,1.670000,22.335329,23.690109,1.331224,35.116195,37.339339,39.562482,41.785626,44.008770,,,,,,,,,,38.357500,38.863333,42.142083,45.007500,38.357500,39.910858,36.804142,39.134179,37.580821
2024-07-05,38.000000,2024-05-15,2024-03-31,0.340000,1.670000,22.754491,23.668546,1.325183,35.100360,37.313416,39.526471,41.739527,43.952583,,,,,,,,,,38.262500,38.736667,42.057500,44.990208,38.262500,39.641239,36.883761,38.951869,37.573131
2024-07-08,38.000000,2024-05-15,2024-03-31,0.340000,1.670000,22.754491,23.651807,1.323926,35.076604,37.287561,39.498518,41.709474,43.920431,,,,,,,,,,38.132500,38.608333,41.982083,44.964375,38.132500,38.965551,37.299449,38.549025,37.715975
2024-07-09,37.500000,2024-05-15,2024-03-31,0.340000,1.670000,22.455090,23.632792,1.324597,35.042609,37.254686,39.466763,41.678840,43.890917,,,,,,,,,,38.050000,38.481667,41.902917,44.938542,38.050000,38.779095,37.320905,38.414547,37.685453
2024-07-10,37.250000,2024-05-15,2024-03-31,0.340000,1.670000,22.305389,23.614285,1.327520,35.001939,37.218897,39.435855,41.652814,43.869772,,,,,,,,,,37.962500,38.373333,41.825000,44.901250,37.962500,38.628892,37.296108,38.295696,37.629304
2024-07-11,36.000000,2024-05-15,2024-03-31,0.340000,1.670000,21.556886,23.592171,1.339552,34.924822,37.161874,39.398925,41.635977,43.873029,,,,,,,,,,37.842500,38.284167,41.741667,44.854792,37.842500,38.916732,36.768268,38.379616,37.305384
2024-07-12,36.000000,2024-05-15,2024-03-31,0.340000,1.670000,21.556886,23.573785,1.352266,34.851654,37.109938,39.368221,41.626505,43.884789,,,,,,,,,,37.732500,38.198333,41.665417,44.806250,37.732500,39.070714,36.394286,38.401607,37.063393
2024-07-15,36.750000,2024-05-15,2024-03-31,0.340000,1.670000,22.005988,23.559362,1.359722,34.802661,37.073398,39.344134,41.614870,43.885606,,,,,,,,,,37.675000,38.147500,41.595833,44.763542,37.675000,39.080066,36.269934,38.377533,36.972467
2024-07-16,37.000000,2024-05-15,2024-03-31,0.340000,1.670000,22.155689,23.552764,1.364628,34.775257,37.054187,39.333116,41.612046,43.890975,,,,,,,,,,37.625000,38.139167,41.540833,44.707292,37.625000,39.052364,36.197636,38.338682,36.911318
2024-07-17,36.700000,2024-05-15,2024-03-31,0.340000,1.670000,21.976048,23.540942,1.372134,34.730446,37.021910,39.313373,41.604836,43.896299,,,,,,,,,,37.557500,38.122500,41.476250,44.635625,37.557500,39.027292,36.087708,38.292396,36.822604
2024-07-18,36.400000,2024-05-15,2024-03-31,0.340000,1.670000,21.796407,23.530254,1.380731,34.683884,36.989704,39.295524,41.601344,43.907164,,,,,,,,,,37.457500,38.097500,41.414167,44.540625,37.457500,38.957772,35.957228,38.207636,36.707364
2024-07-19,35.200000,2024-05-15,2024-03-31,0.340000,1.670000,21.077844,23.514675,1.397805,34.600839,36.935173,39.269507,41.603840,43.938174,,,,,,,,,,37.310000,38.048333,41.344167,44.458958,37.310000,39.079508,35.540492,38.194754,36.425246
2024-07-22,33.650000,2024-05-15,2024-03-31,0.340000,1.670000,20.149701,23.495089,1.428275,34.466359,36.851578,39.236798,41.622018,44.007238,,,,,,,,,,37.080000,37.981667,41.268333,44.368750,37.080000,39.434257,34.725743,38.257129,35.902871
2024-07-23,33.850000,2024-05-15,2024-03-31,0.340000,1.670000,20.269461,23.473869,1.457077,34.334725,36.768043,39.201362,41.634680,44.067999,,,,,,,,,,36.850000,37.925000,41.189167,44.283542,36.850000,39.518530,34.181470,38.184265,35.515735
2024-07-26,33.000000,2024-05-15,2024-03-31,0.340000,1.670000,19.760479,23.442487,1.495972,34.152407,36.650680,39.148954,41.647228,44.145501,,,,,,,,,,36.600000,37.851667,41.091667,44.192708,36.600000,39.714482,33.485518,38.157241,35.042759
2024-07-29,32.900000,2024-05-15,2024-03-31,0.340000,1.670000,19.700599,23.407098,1.533685,33.967345,36.528599,39.089853,41.651107,44.212361,,,,,,,,,,36.345000,37.771667,40.986667,44.104792,36.345000,39.794012,32.895988,38.069506,34.620494
2024-07-30,33.350000,2024-05-15,2024-03-31,0.340000,1.670000,19.970060,23.375488,1.565052,33.809792,36.423429,39.037066,41.650702,44.264339,,,,,,,,,,36.110000,37.705000,40.888333,44.030000,36.110000,39.707163,32.512837,37.908581,34.311419
2024-07-31,33.250000,2024-05-15,2024-03-31,0.340000,1.670000,19.910180,23.346231,1.596690,33.655263,36.321735,38.988206,41.654678,44.321149,,,,,,,,,,35.877500,37.636667,40.794583,43.953542,35.877500,39.586873,32.168127,37.732186,34.022814
2024-08-01,33.500000,2024-05-15,2024-03-31,0.340000,1.670000,20.059880,23.319099,1.624631,33.516629,36.229762,38.942895,41.656028,44.369161,,,,,,,,,,35.662500,37.567500,40.704583,43.869792,35.662500,39.401044,31.923956,37.531772,33.793228
2024-08-02,32.300000,2024-05-15,2024-03-31,0.340000,1.670000,19.341317,23.284662,1.664630,33.325523,36.105454,38.885386,41.665318,44.445249,,,,,,,,,,35.395000,37.461667,40.602083,43.780208,35.395000,39.296808,31.493192,37.345904,33.444096
2024-08-05,29.100000,2024-05-15,2024-03-31,0.340000,1.670000,17.425150,23.234916,1.748404,32.962641,35.882475,38.802309,41.722143,44.641977,,,,,,,,,,34.985000,37.300833,40.474167,43.680625,34.985000,39.685515,30.284485,37.335258,32.634742
2024-08-06,28.250000,2024-05-15,2024-03-31,0.340000,1.670000,16.916168,23.182901,1.841101,32.566167,35.640806,38.715445,41.790084,44.864724,,,,,,,,,,34.497500,37.129167,40.342917,43.586667,34.497500,39.857535,29.137465,37.177517,31.817483
2024-08-07,30.300000,2024-05-15,2024-03-31,0.340000,1.670000,18.143713,23.142213,1.897675,32.309263,35.478379,38.647496,41.816612,44.985729,,,,,,,,,,34.112500,36.990000,40.230833,43.490000,34.112500,39.519209,28.705791,36.815854,31.409146
2024-08-08,29.600000,2024-05-15,2024-03-31,0.340000,1.670000,17.724551,23.096058,1.961006,32.020656,35.295536,38.570417,41.845297,45.120177,,,,,,,,,,33.717500,36.850000,40.109167,43.399583,33.717500,39.235344,28.199656,36.476422,30.958578
2024-08-09,29.300000,2024-05-15,2024-03-31,0.340000,1.670000,17.544910,23.049722,2.025421,31.728128,35.110582,38.493035,41.875489,45.257942,,,,,,,,,,33.320000,36.714167,39.987500,43.304167,33.320000,38.911290,27.728710,36.115645,30.524355
2024-08-12,30.150000,2024-05-15,2024-03-31,0.340000,1.670000,18.053892,22.997539,2.072643,31.483263,34.944577,38.405890,41.867204,45.328518,,,,,,,,,,33.027500,36.598333,39.853750,43.210208,33.027500,38.640499,27.414501,35.834000,30.221000
2024-08-13,29.950000,2024-05-15,2024-03-31,0.340000,1.670000,17.934132,22.928350,2.101973,31.269754,34.780049,38.290344,41.800639,45.310934,,,,,,,,,,32.725000,36.479167,39.687917,43.108333,32.725000,38.315547,27.134453,35.520273,29.929727
2024-08-14,29.900000,2024-08-14,2024-06-30,0.100000,1.140000,26.228070,22.933759,2.109673,21.334432,23.739459,26.144486,28.549512,30.954539,,,,,,,,,,32.382500,36.359167,39.532083,43.015833,32.382500,37.770428,26.994572,35.076464,29.688536
2024-08-15,29.800000,2024-08-14,2024-06-30,0.100000,1.140000,26.140351,22.938657,2.116475,21.324506,23.737288,26.150069,28.562850,30.975631,,,,,,,,,,32.022500,36.236667,39.375833,42.924167,32.022500,37.062286,26.982714,34.542393,29.502607
2024-08-16,30.000000,2024-08-14,2024-06-30,0.100000,1.140000,26.315789,22.945674,2.126324,21.310050,23.734060,26.158069,28.582078,31.006087,,,,,,,,,,31.687500,36.113333,39.222500,42.832500,31.687500,36.289888,27.085112,33.988694,29.386306
2024-08-19,30.000000,2024-08-14,2024-06-30,0.100000,1.140000,26.315789,22.952692,2.136104,21.295751,23.730910,26.166069,28.601228,31.036387,,,,,,,,,,31.367500,35.981667,39.069167,42.740833,31.367500,35.451007,27.283993,33.409253,29.325747
2024-08-20,30.150000,2024-08-14,2024-06-30,0.100000,1.140000,26.447368,22.962999,2.150029,21.275753,23.726786,26.177819,28.628852,31.079885,,,,,,,,,,31.115000,35.859167,38.921250,42.646875,31.115000,34.806398,27.423602,32.960699,29.269301
2024-08-21,29.800000,2024-08-14,2024-06-30,0.100000,1.140000,26.140351,22.973160,2.162207,21.259571,23.724486,26.189402,28.654318,31.119234,,,,,,,,,,30.922500,35.734167,38.775000,42.562292,30.922500,34.455424,27.389576,32.688962,29.156038
2024-08-22,29.650000,2024-08-14,2024-06-30,0.100000,1.140000,26.008772,22.984198,2.174362,21.244440,23.723213,26.201986,28.680758,31.159531,,,,,,,,,,30.712500,35.598333,38.631250,42.489375,30.712500,34.003776,27.421224,32.358138,29.066862
2024-08-23,29.650000,2024-08-14,2024-06-30,0.100000,1.140000,26.008772,22.986903,2.177948,21.239348,23.722209,26.205069,28.687929,31.170789,,,,,,,,,,30.545000,35.460833,38.471667,42.417083,30.545000,33.683538,27.406462,32.114269,28.975731
2024-08-26,32.600000,2024-08-14,2024-06-30,0.100000,1.140000,28.596491,23.015996,2.229198,21.155663,23.696949,26.238236,28.779522,31.320808,,,,,,,,,,30.530000,35.369167,38.345833,42.353958,30.530000,33.623695,27.436305,32.076847,28.983153
2024-08-27,35.850000,2024-08-14,2024-06-30,0.100000,1.140000,31.447368,23.071040,2.352791,20.936622,23.618804,26.300986,28.983167,31.665349,,,,,,,,,,30.655000,35.309167,38.251250,42.303333,30.655000,34.368404,26.941596,32.511702,28.798298
2024-08-28,39.400000,2024-08-14,2024-06-30,0.100000,1.140000,34.561404,23.150718,2.570494,20.531093,23.461456,26.391819,29.322182,32.252545,,,,,,,,,,30.962500,35.300833,38.183750,42.267917,30.962500,36.260948,25.664052,33.611724,28.313276
2024-08-29,43.300000,2024-08-14,2024-06-30,0.100000,1.140000,37.982456,23.260879,2.902056,19.900715,23.209059,26.517402,29.825746,33.134089,,,,,,,,,,31.452500,35.291667,38.152500,42.252500,31.452500,39.051979,23.853021,35.252239,27.652761
2024-08-30,43.100000,2024-08-14,2024-06-30,0.100000,1.140000,37.807018,23.369359,3.188808,19.370587,23.005828,26.641069,30.276310,33.911550,,,,,,,,,,31.992500,35.305000,38.119167,42.236667,31.992500,41.208463,22.776537,36.600481,27.384519
2024-09-02,43.000000,2024-08-14,2024-06-30,0.100000,1.140000,37.719298,23.483028,3.446978,18.911541,22.841097,26.770652,30.700208,34.629763,,,,,,,,,,32.687500,35.343333,38.096250,42.222500,32.687500,43.014515,22.360485,37.851007,27.523993
2024-09-03,41.250000,2024-08-14,2024-06-30,0.100000,1.140000,36.184211,23.588949,3.636754,18.599604,22.745503,26.891402,31.037301,35.183200,,,,,,,,,,33.337500,35.365833,38.068333,42.201458,33.337500,44.115151,22.559849,38.726326,27.948674
2024-09-04,39.150000,2024-08-14,2024-06-30,0.100000,1.140000,34.342105,23.676449,3.766882,18.402661,22.696907,26.991152,31.285398,35.579644,,,,,,,,,,33.780000,35.341667,38.017083,42.172500,33.780000,44.757412,22.802588,39.268706,28.291294
2024-09-05,38.850000,2024-08-14,2024-06-30,0.100000,1.140000,34.078947,23.763072,3.884737,18.232703,22.661302,27.089902,31.518502,35.947102,,,,,,,,,,34.242500,35.336667,37.965833,42.147500,34.242500,45.257766,23.227234,39.750133,28.734867
2024-09-06,39.250000,2024-08-14,2024-06-30,0.100000,1.140000,34.429825,23.855470,4.004649,18.064636,22.629936,27.195236,31.760535,36.325835,,,,,,,,,,34.740000,35.340833,37.923333,42.127708,34.740000,45.714065,23.765935,40.227033,29.252967
2024-09-09,38.100000,2024-08-14,2024-06-30,0.100000,1.140000,33.421053,23.943408,4.097577,17.953010,22.624248,27.295486,31.966723,36.637961,,,,,,,,,,35.137500,35.335833,37.878750,42.101250,35.137500,45.986748,24.288252,40.562124,29.712876
2024-09-10,37.800000,2024-08-14,2024-06-30,0.100000,1.140000,33.157895,24.026084,4.182410,17.853841,22.621788,27.389736,32.157683,36.925630,,,,,,,,,,35.530000,35.329167,37.825833,42.070625,35.530000,46.154718,24.905282,40.842359,30.217641
2024-09-11,38.900000,2024-08-14,2024-06-30,0.100000,1.140000,34.122807,24.118335,4.281668,17.732700,22.613801,27.494902,32.376003,37.257104,,,,,,,,,,35.980000,35.345833,37.785000,42.039792,35.980000,46.360265,25.599735,41.170132,30.789868
2024-09-12,39.450000,2024-08-14,2024-06-30,0.100000,1.140000,34.605263,24.216581,4.385527,17.607900,22.607401,27.606902,32.606404,37.605905,,,,,,,,,,36.462500,35.370000,37.752500,42.008542,36.462500,46.525505,26.399495,41.494003,31.430997
2024-09-13,40.450000,2024-08-14,2024-06-30,0.100000,1.140000,35.482456,24.319724,4.503143,17.457319,22.590902,27.724486,32.858069,37.991652,,,,,,,,,,36.985000,35.410000,37.723750,41.979167,36.985000,46.714829,27.255171,41.849915,32.120085
2024-09-16,40.200000,2024-08-14,2024-06-30,0.100000,1.140000,35.263158,24.421479,4.610937,17.327549,22.584017,27.840486,33.096954,38.353422,,,,,,,,,,37.495000,35.440000,37.693750,41.947917,37.495000,46.740477,28.249523,42.117738,32.872262
2024-09-18,40.700000,2024-08-14,2024-06-30,0.100000,1.140000,35.701754,24.526669,4.722682,17.192688,22.576545,27.960402,33.344259,38.728116,,,,,,,,,,38.022500,35.482500,37.667500,41.925000,38.022500,46.689223,29.355777,42.355861,33.689139
2024-09-19,44.750000,2024-08-14,2024-06-30,0.100000,1.140000,39.254386,24.661683,4.908138,16.923765,22.519042,28.114319,33.709596,39.304873,,,,,,,,,,38.770000,35.590833,37.675417,41.920208,38.770000,47.019491,30.520509,42.894746,34.645254
2024-09-20,49.200000,2024-08-14,2024-06-30,0.100000,1.140000,43.157895,24.829885,5.187699,16.478116,22.392093,28.306069,34.220045,40.134021,,,,,,,,,,39.747500,35.770000,37.721667,41.937708,39.747500,48.079523,31.415477,43.913511,35.581489
2024-09-23,45.400000,2024-08-14,2024-06-30,0.100000,1.140000,39.824561,24.969651,5.362405,16.239119,22.352260,28.465402,34.578544,40.691686,,,,,,,,,,40.535000,35.893333,37.735000,41.943958,40.535000,47.751144,33.318856,44.143072,36.926928
2024-09-24,46.100000,2024-08-14,2024-06-30,0.100000,1.140000,40.438596,25.114534,5.542036,15.994726,22.312648,28.630569,34.948490,41.266411,,,,,,,,,,41.210000,36.028333,37.754167,41.951458,41.210000,47.799274,34.620726,44.504637,37.915363
2024-09-25,45.850000,2024-08-14,2024-06-30,0.100000,1.140000,40.219298,25.226977,5.709365,15.741401,22.250077,28.758753,35.267429,41.776105,,,,,,,,,,41.710000,36.158333,37.762083,41.957917,41.710000,48.101409,35.318591,44.905704,38.514296
2024-09-26,44.100000,2024-08-14,2024-06-30,0.100000,1.140000,38.684211,25.325635,5.838395,15.559684,22.215454,28.871224,35.526993,42.182763,,,,,,,,,,41.945000,36.261667,37.753750,41.950833,41.945000,48.324399,35.565601,45.134700,38.755300
2024-09-27,44.100000,2024-08-14,2024-06-30,0.100000,1.140000,38.684211,25.425285,5.963216,15.388692,22.186758,28.984825,35.782891,42.580958,,,,,,,,,,41.985000,36.366667,37.747083,41.943750,41.985000,48.410041,35.559959,45.197521,38.772479
2024-09-30,43.200000,2024-08-14,2024-06-30,0.100000,1.140000,37.894737,25.516372,6.069456,15.250305,22.169485,29.088664,36.007844,42.927023,,,,,,,,,,41.990000,36.459167,37.729583,41.935833,41.990000,48.418849,35.561151,45.204425,38.775575
2024-10-01,43.750000,2024-08-14,2024-06-30,0.100000,1.140000,38.377193,25.610488,6.180505,15.104403,22.150180,29.195956,36.241732,43.287508,,,,,,,,,,42.027500,36.566667,37.715000,41.928958,42.027500,48.489818,35.565182,45.258659,38.796341
2024-10-04,46.600000,2024-08-14,2024-06-30,0.100000,1.140000,40.877193,25.724940,6.334374,14.884059,22.105245,29.326432,36.547619,43.768805,,,,,,,,,,42.295000,36.710000,37.723333,41.931458,42.295000,49.057738,35.532262,45.676369,38.913631
2024-10-07,51.200000,2024-08-14,2024-06-30,0.100000,1.140000,44.912281,25.872523,6.570976,14.512851,22.003764,29.494676,36.985588,44.476501,,,,,,,,,,42.897500,36.930000,37.769167,41.948958,42.897500,50.566815,35.228185,46.732158,39.062842
2024-10-08,48.000000,2024-08-14,2024-06-30,0.100000,1.140000,42.105263,25.999690,6.735560,14.282570,21.961108,29.639646,37.318184,44.996722,,,,,,,,,,43.355000,37.105000,37.793333,41.947708,43.355000,51.098989,35.611011,47.226995,39.483005
2024-10-09,46.900000,2024-08-14,2024-06-30,0.100000,1.140000,41.140351,26.125512,6.875912,14.106004,21.944544,29.783084,37.621624,45.460164,,,,,,,,,,43.737500,37.265833,37.819583,41.936250,43.737500,51.382855,36.092145,47.560177,39.914823
2024-10-11,43.400000,2024-08-14,2024-06-30,0.100000,1.140000,38.070175,26.237654,6.960260,14.041534,21.976230,29.910926,37.845622,45.780318,,,,,,,,,,44.002500,37.389167,37.836667,41.908750,44.002500,51.178078,36.826922,47.590289,40.414711
2024-10-14,44.250000,2024-08-14,2024-06-30,0.100000,1.140000,38.815789,26.357002,7.052290,13.967761,22.007372,30.046983,38.086593,46.126204,,,,,,,,,,44.325000,37.526667,37.862500,41.895417,44.325000,50.879749,37.770251,47.602375,41.047625
2024-10-15,43.800000,2024-08-14,2024-06-30,0.100000,1.140000,38.421053,26.479757,7.133224,13.923172,22.055048,30.186923,38.318798,46.450674,,,,,,,,,,44.570000,37.644167,37.895833,41.890208,44.570000,50.617653,38.522347,47.593826,41.546174
2024-10-16,44.700000,2024-08-14,2024-06-30,0.100000,1.140000,39.210526,26.620500,7.216617,13.893484,22.120427,30.347369,38.574312,46.801255,,,,,,,,,,44.832500,37.772500,37.955833,41.889375,44.832500,50.379455,39.285545,47.605978,42.059022
2024-10-17,44.500000,2024-08-14,2024-06-30,0.100000,1.140000,39.035088,26.758788,7.294422,13.873737,22.189378,30.505018,38.820659,47.136299,,,,,,,,,,45.035000,37.902500,38.012500,41.888125,45.035000,50.190181,39.879819,47.612591,42.457409
2024-10-18,43.200000,2024-08-14,2024-06-30,0.100000,1.140000,37.894737,26.886581,7.354320,13.882852,22.266778,30.650703,39.034628,47.418553,,,,,,,,,,45.185000,38.015833,38.056667,41.875833,45.185000,49.903954,40.466046,47.544477,42.825523
2024-10-21,44.100000,2024-08-14,2024-06-30,0.100000,1.140000,38.684211,27.019714,7.422336,13.879548,22.341011,30.802474,39.263936,47.725399,,,,,,,,,,45.355000,38.164167,38.106250,41.863125,45.355000,49.616443,41.093557,47.485721,43.224279
2024-10-22,43.950000,2024-08-14,2024-06-30,0.100000,1.140000,38.552632,27.154230,7.484118,13.892033,22.423927,30.955822,39.487716,48.019611,,,,,,,,,,45.315000,38.335833,38.158750,41.847708,45.315000,49.615196,41.014804,47.465098,43.164902
2024-10-23,43.900000,2024-08-14,2024-06-30,0.100000,1.140000,38.508772,27.290364,7.541101,13.917305,22.514160,31.111015,39.707870,48.304725,,,,,,,,,,45.050000,38.503333,38.214167,41.837708,45.050000,48.979377,41.120623,47.014688,43.085312
2024-10-24,42.400000,2024-08-14,2024-06-30,0.100000,1.140000,37.192982,27.414790,7.580512,13.969294,22.611077,31.252861,39.894644,48.536427,,,,,,,,,,44.900000,38.660000,38.255833,41.829375,44.900000,48.998523,40.801477,46.949262,42.850738
2024-10-25,42.700000,2024-08-14,2024-06-30,0.100000,1.140000,37.456140,27.539920,7.621531,14.018418,22.706964,31.395509,40.084055,48.772600,,,,,,,,,,44.730000,38.823333,38.297500,41.822292,44.730000,48.900372,40.559628,46.815186,42.644814
2024-10-28,42.300000,2024-08-14,2024-06-30,0.100000,1.140000,37.105263,27.663863,7.655349,14.082607,22.809706,31.536804,40.263902,48.991001,,,,,,,,,,44.552500,38.972500,38.338750,41.817292,44.552500,48.823143,40.281857,46.687822,42.417178
2024-10-29,43.150000,2024-08-14,2024-06-30,0.100000,1.140000,37.850877,27.794019,7.694896,14.140819,22.913001,31.685182,40.457363,49.229545,,,,,,,,,,44.505000,39.137500,38.387083,41.815833,44.505000,48.817760,40.192240,46.661380,42.348620
2024-10-30,45.000000,2024-08-14,2024-06-30,0.100000,1.140000,39.473684,27.936211,7.752022,14.172670,23.009975,31.847280,40.684585,49.521891,,,,,,,,,,44.550000,39.329167,38.448333,41.817292,44.550000,48.863748,40.236252,46.706874,42.393126
2024-11-01,44.350000,2024-08-14,2024-06-30,0.100000,1.140000,38.903509,28.068690,7.802734,14.208074,23.103190,31.998307,40.893423,49.788540,,,,,,,,,,44.607500,39.530000,38.495833,41.816458,44.607500,48.875900,40.339100,46.741700,42.473300
2024-11-04,43.200000,2024-08-14,2024-06-30,0.100000,1.140000,37.894737,28.192267,7.840169,14.263599,23.201392,32.139185,41.076978,50.014771,,,,,,,,,,44.580000,39.765000,38.532917,41.808958,44.580000,48.878641,40.281359,46.729321,42.430679
2024-11-05,42.150000,2024-08-14,2024-06-30,0.100000,1.140000,36.973684,28.309161,7.865827,14.338358,23.305401,32.272444,41.239487,50.206530,,,,,,,,,,44.357500,39.996667,38.562917,41.799583,44.357500,48.676525,40.038475,46.517012,42.197988
2024-11-06,44.500000,2024-08-14,2024-06-30,0.100000,1.140000,39.035088,28.442737,7.910985,14.387676,23.406198,32.424721,41.443243,50.461765,,,,,,,,,,44.022500,40.233333,38.611667,41.798542,44.022500,46.908487,41.136513,45.465494,42.579506
2024-11-07,44.850000,2024-08-14,2024-06-30,0.100000,1.140000,39.342105,28.582096,7.954708,14.446856,23.515223,32.583590,41.651957,50.720323,,,,,,,,,,43.865000,40.487500,38.668750,41.796042,43.865000,46.109549,41.620451,44.987274,42.742726
2024-11-08,43.450000,2024-08-14,2024-06-30,0.100000,1.140000,38.114035,28.713949,7.980654,14.538011,23.635957,32.733902,41.831848,50.929793,,,,,,,,,,43.692500,40.723333,38.718750,41.787500,43.692500,45.427367,41.957633,44.559933,42.825067
2024-11-11,44.000000,2024-08-14,2024-06-30,0.100000,1.140000,38.596491,28.850457,8.008614,14.629882,23.759701,32.889521,42.019341,51.149160,,,,,,,,,,43.722500,40.954167,38.776250,41.783750,43.722500,45.456821,41.988179,44.589660,42.855340
2024-11-12,44.000000,2024-08-14,2024-06-30,0.100000,1.140000,38.596491,28.986965,8.034138,14.727306,23.886223,33.045140,42.204057,51.362974,,,,,,,,,,43.710000,41.188333,38.833750,41.776667,43.710000,45.431872,41.988128,44.570936,42.849064
2024-11-13,43.050000,2024-08-14,2024-06-30,0.100000,1.140000,37.763158,29.116528,8.049371,14.840276,24.016559,33.192842,42.369125,51.545407,,,,,,,,,,43.672500,41.407500,38.883333,41.765208,43.672500,45.418616,41.926384,44.545558,42.799442
2024-11-14,41.500000,2024-11-14,2024-09-30,-0.160000,0.120000,345.833333,31.813093,30.000006,-3.382430,0.217570,3.817571,7.417572,11.017573,,,,,,,,,,43.512500,41.602500,38.919583,41.748958,43.512500,45.439285,41.585715,44.475892,42.549108
2024-11-15,41.450000,2024-11-14,2024-09-30,-0.160000,0.120000,345.416667,34.504939,41.453530,-5.808255,-0.833831,4.140593,9.115016,14.089440,,,,,,,,,,43.360000,41.793333,38.953333,41.734375,43.360000,45.434811,41.285189,44.397406,42.322594
2024-11-18,41.300000,2024-11-14,2024-09-30,-0.160000,0.120000,344.166667,37.183872,50.157627,-7.575766,-1.556851,4.462065,10.480980,16.499895,,,,,,,,,,43.265000,41.981667,38.981667,41.718542,43.265000,45.535428,40.994572,44.400214,42.129786
2024-11-19,41.200000,2024-11-14,2024-09-30,-0.160000,0.120000,343.333333,39.857858,57.396692,-8.992263,-2.104660,4.782943,11.670546,18.558149,,,,,,,,,,43.120000,42.165833,39.012500,41.702708,43.120000,45.531900,40.708100,44.325950,41.914050
2024-11-20,40.450000,2024-11-14,2024-09-30,-0.160000,0.120000,337.083333,42.480758,63.460545,-10.132840,-2.517574,5.097691,12.712956,20.328222,,,,,,,,,,42.945000,42.343333,39.038750,41.684167,42.945000,45.599073,40.290927,44.272037,41.617963
2024-11-21,40.950000,2024-11-14,2024-09-30,-0.160000,0.120000,341.250000,45.135885,69.042970,-11.154007,-2.868850,5.416306,13.701463,21.986619,,,,,,,,,,42.797500,42.531667,39.065000,41.667292,42.797500,45.554019,40.040981,44.175759,41.419241
2024-11-22,40.100000,2024-11-14,2024-09-30,-0.160000,0.120000,334.166667,47.731485,73.877687,-12.002867,-3.137544,5.727778,14.593101,23.458423,,,,,,,,,,42.682500,42.705833,39.083333,41.647500,42.682500,45.689382,39.675618,44.185941,41.179059
2024-11-25,39.350000,2024-11-14,2024-09-30,-0.160000,0.120000,327.916667,50.274005,78.140078,-12.720738,-3.343929,6.032881,15.409690,24.786499,,,,,,,,,,42.515000,42.818333,39.093750,41.626667,42.515000,45.870765,39.159235,44.192882,40.837118
2024-11-26,39.550000,2024-11-14,2024-09-30,-0.160000,0.120000,329.583333,52.823676,82.151840,-13.377601,-3.519380,6.338841,16.197062,26.055283,,,,,,,,,,42.377500,42.880000,39.094583,41.607083,42.377500,45.986185,38.768815,44.181842,40.573158
2024-11-27,38.450000,2024-11-14,2024-09-30,-0.160000,0.120000,320.416667,55.294713,85.659003,-13.922795,-3.643715,6.635366,16.914446,27.193526,,,,,,,,,,42.142500,42.864167,39.082500,41.580000,42.142500,46.131468,38.153532,44.136984,40.148016
2024-11-28,37.850000,2024-11-14,2024-09-30,-0.160000,0.120000,315.416667,57.704373,88.843258,-14.397857,-3.736666,6.924525,17.585716,28.246907,,,,,,,,,,41.785000,42.773333,39.032500,41.547083,41.785000,45.972337,37.597663,43.878668,39.691332
2024-11-29,37.900000,2024-11-14,2024-09-30,-0.160000,0.120000,315.833333,60.125240,91.860369,-14.831460,-3.808215,7.215029,18.238273,29.261517,,,,,,,,,,41.462500,42.686667,38.995833,41.515833,41.462500,45.808566,37.116434,43.635533,39.289467
2024-12-02,37.450000,2024-11-14,2024-09-30,-0.160000,0.120000,312.083333,62.522840,94.632224,-15.208993,-3.853126,7.502741,18.858608,30.214474,,,,,,,,,,41.175000,42.594167,38.968750,41.482292,41.175000,45.789565,36.560435,43.482283,38.867717
2024-12-03,37.800000,2024-11-14,2024-09-30,-0.160000,0.120000,315.000000,64.948738,97.326526,-15.564518,-3.885334,7.793849,19.473032,31.152215,,,,,,,,,,40.957500,42.536667,38.951250,41.451042,40.957500,45.783774,36.131226,43.370637,38.544363
2024-12-04,38.350000,2024-11-14,2024-09-30,-0.160000,0.120000,319.583333,67.409338,99.986667,-15.907680,-3.909279,8.089121,20.087521,32.085921,,,,,,,,,,40.650000,42.523333,38.932500,41.403333,40.650000,45.306631,35.993369,42.978315,38.321685
2024-12-05,39.000000,2024-11-14,2024-09-30,-0.160000,0.120000,325.000000,69.922312,102.627040,-16.239812,-3.924567,8.390677,20.705922,33.021167,,,,,,,,,,40.357500,42.525833,38.931250,41.366458,40.357500,44.621705,36.093295,42.489603,38.225397
2024-12-06,39.600000,2024-11-14,2024-09-30,-0.160000,0.120000,330.000000,72.477701,105.242136,-16.560788,-3.931732,8.697324,21.326380,33.955437,,,,,,,,,,40.165000,42.531667,38.936250,41.334792,40.165000,44.181820,36.148180,42.173410,38.156590
2024-12-09,38.300000,2024-11-14,2024-09-30,-0.160000,0.120000,319.166667,74.945807,107.520128,-16.811334,-3.908919,8.993497,21.895912,34.798327,,,,,,,,,,39.880000,42.535000,38.935417,41.292917,39.880000,43.544538,36.215462,41.712269,38.047731
2024-12-10,38.100000,2024-11-14,2024-09-30,-0.160000,0.120000,317.500000,77.401021,109.663599,-17.031141,-3.871509,9.288123,22.447754,35.607386,,,,,,,,,,39.585000,42.540000,38.934583,41.251250,39.585000,42.771831,36.398169,41.178416,37.991584
2024-12-11,36.700000,2024-11-14,2024-09-30,-0.160000,0.120000,305.833333,79.760511,111.507130,-17.190450,-3.809594,9.571261,22.952117,36.332972,,,,,,,,,,39.267500,42.503333,38.924583,41.185833,39.267500,42.260171,36.274829,40.763835,37.771165
2024-12-12,36.800000,2024-11-14,2024-09-30,-0.160000,0.120000,306.666667,82.126446,113.285241,-17.333284,-3.739055,9.855173,23.449402,37.043631,,,,,,,,,,39.032500,42.459167,38.914583,41.125833,39.032500,42.025171,36.039829,40.528835,37.536165
2024-12-13,35.650000,2024-11-14,2024-09-30,-0.160000,0.120000,297.083333,84.412270,114.834552,-17.430820,-3.650674,10.129472,23.909619,37.689765,,,,,,,,,,38.742500,42.379167,38.894583,41.058542,38.742500,41.869845,35.615155,40.306173,37.178827
2024-12-16,35.650000,2024-11-14,2024-09-30,-0.160000,0.120000,297.083333,86.696347,116.318914,-17.512978,-3.554708,10.403562,24.361831,38.320101,,,,,,,,,,38.460000,42.303333,38.871667,40.997083,38.460000,41.635001,35.284999,40.047501,36.872499
2024-12-17,35.650000,2024-11-14,2024-09-30,-0.160000,0.120000,297.083333,88.981673,117.739192,-17.579605,-3.450902,10.677801,24.806504,38.935207,,,,,,,,,,38.182500,42.219167,38.850833,40.936042,38.182500,41.319088,35.045912,39.750794,36.614206
2024-12-18,35.150000,2024-11-14,2024-09-30,-0.160000,0.120000,292.916667,91.231777,119.038700,-17.621475,-3.336831,10.947813,25.232457,39.517101,,,,,,,,,,37.917500,42.059167,38.825000,40.869167,37.917500,41.141795,34.693205,39.529648,36.305352
2024-12-19,34.400000,2024-11-14,2024-09-30,-0.160000,0.120000,286.666667,93.428799,120.196566,-17.635720,-3.212132,11.211456,25.635044,40.058632,,,,,,,,,,37.590000,41.812500,38.791250,40.799583,37.590000,40.847800,34.332200,39.218900,35.961100
2024-12-20,33.650000,2024-11-14,2024-09-30,-0.160000,0.120000,280.416667,95.575984,121.220504,-17.623803,-3.077342,11.469118,26.015579,40.562039,,,,,,,,,,37.267500,41.616667,38.755000,40.729375,37.267500,40.748467,33.786533,39.007984,35.527016
2024-12-23,33.650000,2024-11-14,2024-09-30,-0.160000,0.120000,280.416667,97.723169,122.197826,-17.600698,-2.936959,11.726780,26.390519,41.054258,,,,,,,,,,36.982500,41.409167,38.718750,40.662500,36.982500,40.672640,33.292360,38.827570,35.137430
2024-12-24,34.100000,2024-11-14,2024-09-30,-0.160000,0.120000,284.166667,99.901354,123.176472,-17.574191,-2.793014,11.988162,26.769339,41.550516,,,,,,,,,,36.710000,41.213333,38.685833,40.597500,36.710000,40.406741,33.013259,38.558371,34.861629
2024-12-25,34.800000,2024-11-14,2024-09-30,-0.160000,0.120000,290.000000,102.128899,124.181418,-17.548072,-2.646302,12.255468,27.157238,42.059008,,,,,,,,,,36.527500,41.058333,38.660000,40.537083,36.527500,40.222942,32.832058,38.375221,34.679779
2024-12-26,34.600000,2024-11-14,2024-09-30,-0.160000,0.120000,288.333333,104.343054,125.117303,-17.506986,-2.492910,12.521166,27.535243,42.549319,,,,,,,,,,36.365000,40.900000,38.633333,40.477083,36.365000,40.101182,32.628818,38.233091,34.496909
2024-12-27,34.500000,2024-11-14,2024-09-30,-0.160000,0.120000,287.500000,106.551013,125.996429,-17.453021,-2.333450,12.786122,27.905693,43.025265,,,,,,,,,,36.195000,40.755000,38.607083,40.420833,36.195000,39.946477,32.443523,38.070738,34.319262
2024-12-30,33.750000,2024-11-14,2024-09-30,-0.160000,0.120000,281.250000,108.708635,126.756756,-17.376585,-2.165774,13.045036,28.255847,43.466658,,,,,,,,,,36.010000,40.588333,38.577500,40.359792,36.010000,39.864403,32.155597,37.937201,34.082799
2024-12-31,33.800000,2024-11-14,2024-09-30,-0.160000,0.120000,281.666667,110.866237,127.482853,-17.291936,-1.993994,13.303948,28.601891,43.899833,,,,,,,,,,35.810000,40.375000,38.542500,40.300000,35.810000,39.688361,31.931639,37.749181,33.870819
2025-01-02,33.550000,2024-11-14,2024-09-30,-0.160000,0.120000,279.583333,113.006477,128.145321,-17.194100,-1.816661,13.560777,28.938216,44.315654,,,,,,,,,,35.570000,40.080833,38.505417,40.243750,35.570000,39.380015,31.759985,37.475007,33.664993
2025-01-03,32.900000,2024-11-14,2024-09-30,-0.160000,0.120000,274.166667,115.104074,128.709517,-17.077795,-1.632653,13.812489,29.257631,44.702773,,,,,,,,,,35.265000,39.829167,38.467083,40.185000,35.265000,38.891090,31.638910,37.078045,33.451955
2025-01-06,34.000000,2024-11-14,2024-09-30,-0.160000,0.120000,283.333333,117.279307,129.332232,-16.966219,-1.446351,14.073517,29.593385,45.113253,,,,,,,,,,34.985000,39.614167,38.440000,40.132500,34.985000,38.017994,31.952006,36.501497,33.468503
2025-01-07,36.550000,2024-11-14,2024-09-30,-0.160000,0.120000,304.583333,119.637860,130.150037,-16.879466,-1.261461,14.356543,29.974548,45.592552,,,,,,,,,,34.897500,39.500000,38.444583,40.093125,34.897500,37.612076,32.182924,36.254788,33.540212
2025-01-08,36.200000,2024-11-14,2024-09-30,-0.160000,0.120000,301.666667,121.972108,130.885978,-16.775982,-1.069664,14.636653,30.342970,46.049288,,,,,,,,,,34.802500,39.365833,38.446250,40.055833,34.802500,37.153866,32.451134,35.978183,33.626817
2025-01-09,35.550000,2024-11-14,2024-09-30,-0.160000,0.120000,296.250000,124.257475,131.518551,-16.653555,-0.871329,14.910897,30.693123,46.475349,,,,,,,,,,34.745000,39.228333,38.436250,40.016042,34.745000,36.952857,32.537143,35.848928,33.641072
2025-01-10,35.400000,2024-11-14,2024-09-30,-0.160000,0.120000,295.000000,126.531178,132.095784,-16.519247,-0.667753,15.183741,31.035235,46.886730,,,,,,,,,,34.675000,39.073333,38.422917,39.981875,34.675000,36.688768,32.661232,35.681884,33.668116
2025-01-13,35.150000,2024-11-14,2024-09-30,-0.160000,0.120000,292.916667,128.789016,132.608189,-16.371283,-0.458301,15.454682,31.367665,47.280647,,,,,,,,,,34.650000,38.917500,38.410000,39.943125,34.650000,36.624842,32.675158,35.637421,33.662579
2025-01-14,35.300000,2024-11-14,2024-09-30,-0.160000,0.120000,294.166667,131.058768,133.091584,-16.214928,-0.243938,15.727052,31.698042,47.669032,,,,,,,,,,34.632500,38.785833,38.400833,39.907500,34.632500,36.575984,32.689016,35.604242,33.660758
2025-01-15,34.650000,2024-11-14,2024-09-30,-0.160000,0.120000,288.750000,133.289370,133.475351,-16.039360,-0.022318,15.994724,32.011767,48.028809,,,,,,,,,,34.582500,38.628333,38.396250,39.870208,34.582500,36.466302,32.698698,35.524401,33.640599
2025-01-16,35.100000,2024-11-14,2024-09-30,-0.160000,0.120000,292.500000,135.558956,133.850348,-15.857009,0.205033,16.267075,32.329116,48.391158,,,,,,,,,,34.580000,38.480833,38.408333,39.838333,34.580000,36.460761,32.699239,35.520381,33.639619
2025-01-17,34.300000,2024-11-14,2024-09-30,-0.160000,0.120000,285.833333,137.771988,134.123266,-15.656945,0.437847,16.532639,32.627430,48.722222,,,,,,,,,,34.575000,38.320833,38.412083,39.800625,34.575000,36.458306,32.691694,35.516653,33.633347
2025-01-20,34.750000,2024-11-14,2024-09-30,-0.160000,0.120000,289.583333,140.020512,134.389696,-15.451066,0.675698,16.802461,32.929225,49.055988,,,,,,,,,,34.630000,38.193333,38.426667,39.759167,34.630000,36.463145,32.796855,35.546573,33.713427
2025-01-21,34.250000,2024-11-14,2024-09-30,-0.160000,0.120000,285.416667,142.234812,134.579490,-15.230900,0.918639,17.068177,33.217716,49.367255,,,,,,,,,,34.660000,38.052500,38.437917,39.712292,34.660000,36.444613,32.875387,35.552306,33.767694
2025-01-22,34.900000,2024-11-14,2024-09-30,-0.160000,0.120000,290.833333,144.492006,134.782941,-15.008865,1.165088,17.339041,33.512994,49.686947,,,,,,,,,,34.700000,37.929167,38.450833,39.669583,34.700000,36.467544,32.932456,35.583772,33.816228
2025-02-03,33.200000,2024-11-14,2024-09-30,-0.160000,0.120000,276.666667,146.631644,134.826582,-14.762582,1.416607,17.595797,33.774987,49.954177,,,,,,,,,,34.620000,37.763333,38.450417,39.622500,34.620000,36.509138,32.730862,35.564569,33.675431
2025-02-04,34.500000,2024-11-14,2024-09-30,-0.160000,0.120000,287.500000,148.860311,134.927123,-14.519272,1.671983,17.863237,34.054492,50.245747,,,,,,,,,,34.615000,37.588333,38.458750,39.581667,34.615000,36.504890,32.725110,35.559945,33.670055
2025-02-05,35.100000,2024-11-14,2024-09-30,-0.160000,0.120000,292.500000,151.136634,135.027837,-14.270285,1.933056,18.136396,34.339736,50.543077,,,,,,,,,,34.645000,37.434167,38.482083,39.542083,34.645000,36.546218,32.743782,35.595609,33.694391
2025-02-06,35.150000,2024-11-14,2024-09-30,-0.160000,0.120000,292.916667,153.432396,135.077315,-14.006668,2.202610,18.411888,34.621165,50.830443,,,,,,,,,,34.715000,37.300000,38.532500,39.503333,34.715000,36.580222,32.849778,35.647611,33.782389
2025-02-07,35.200000,2024-11-14,2024-09-30,-0.160000,0.120000,293.333333,155.735873,135.086611,-13.732482,2.477911,18.688305,34.898698,51.109091,,,,,,,,,,34.785000,37.184167,38.590417,39.466667,34.785000,36.610290,32.959710,35.697645,33.872355
2025-02-10,34.900000,2024-11-14,2024-09-30,-0.160000,0.120000,290.833333,158.008286,135.046172,-13.450087,2.755454,18.960994,35.166535,51.372076,,,,,,,,,,34.852500,37.024167,38.628750,39.429792,34.852500,36.582871,33.122129,35.717686,33.987314
2025-02-11,34.950000,2024-11-14,2024-09-30,-0.160000,0.120000,291.250000,160.287665,134.966822,-13.157518,3.038501,19.234520,35.430538,51.626557,,,,,,,,,,34.955000,36.859167,38.673333,39.391250,34.955000,36.421072,33.488928,35.688036,34.221964
2025-02-12,34.950000,2024-11-14,2024-09-30,-0.160000,0.120000,291.250000,162.568541,134.846956,-12.855045,3.326590,19.508225,35.689860,51.871494,,,,,,,,,,35.002500,36.717500,38.720417,39.353958,35.002500,36.398161,33.606839,35.700330,34.304670
2025-02-13,34.950000,2024-11-14,2024-09-30,-0.160000,0.120000,291.250000,164.845175,134.692708,-12.544829,3.618296,19.781421,35.944546,52.107671,,,,,,,,,,34.922500,36.566667,38.760417,39.307083,34.922500,36.113022,33.731978,35.517761,34.327239
2025-02-14,35.100000,2024-11-14,2024-09-30,-0.160000,0.120000,292.500000,167.133224,134.508056,-12.225947,3.915020,20.055987,36.196954,52.337920,,,,,,,,,,34.867500,36.418333,38.803333,39.245625,34.867500,35.900775,33.834225,35.384138,34.350862
2025-02-17,37.200000,2024-11-14,2024-09-30,-0.160000,0.120000,310.000000,169.497990,134.504482,-11.941317,4.199221,20.339759,36.480297,52.620834,,,,,,,,,,34.950000,36.320833,38.864167,39.198125,34.950000,36.394408,33.505592,35.672204,34.227796
2025-02-18,36.950000,2024-11-14,2024-09-30,-0.160000,0.120000,307.916667,171.846126,134.440324,-11.644143,4.488696,20.621535,36.754374,52.887213,,,,,,,,,,35.027500,36.245000,38.923750,39.149792,35.027500,36.718801,33.336199,35.873151,34.181849
2025-02-19,37.850000,2024-11-14,2024-09-30,-0.160000,0.120000,315.416667,174.255300,134.400844,-11.345567,4.782535,20.910636,37.038737,53.166838,,,,,,,,,,35.162500,36.185000,38.989167,39.105833,35.162500,37.273842,33.051158,36.218171,34.106829
2025-02-20,38.000000,2024-11-14,2024-09-30,-0.160000,0.120000,316.666667,176.674890,134.328682,-11.037897,5.081545,21.200987,37.320429,53.439871,,,,,,,,,,35.297500,36.130000,39.055833,39.062500,35.297500,37.761659,32.833341,36.529579,34.065421
2025-02-21,37.650000,2024-11-14,2024-09-30,-0.160000,0.120000,313.750000,179.069079,134.188899,-10.717046,5.385622,21.488289,37.590957,53.693625,,,,,,,,,,35.447500,36.070833,39.118333,39.019792,35.447500,38.103471,32.791529,36.775486,34.119514
2025-02-24,37.400000,2024-11-14,2024-09-30,-0.160000,0.120000,311.666667,181.448465,133.985706,-10.382754,5.695531,21.773816,37.852101,53.930385,,,,,,,,,,35.562500,36.020000,39.181667,38.978333,35.562500,38.350987,32.774013,36.956743,34.168257
2025-02-25,36.500000,2024-11-14,2024-09-30,-0.160000,0.120000,304.166667,183.766447,133.679714,-10.031158,6.010408,22.051974,38.093539,54.135105,,,,,,,,,,35.672500,35.945833,39.238750,38.935000,35.672500,38.424624,32.920376,37.048562,34.296438
2025-02-26,36.850000,2024-11-14,2024-09-30,-0.160000,0.120000,307.083333,186.108735,133.354360,-9.671998,6.330525,22.333048,38.335572,54.338095,,,,,,,,,,35.777500,35.891667,39.298750,38.885208,35.777500,38.541645,33.013355,37.159573,34.395427
2025-02-27,36.550000,2024-11-14,2024-09-30,-0.160000,0.120000,304.583333,188.408626,132.994416,-9.309625,6.649705,22.609035,38.568365,54.527695,,,,,,,,,,35.892500,35.845000,39.331667,38.838750,35.892500,38.579364,33.205636,37.235932,34.549068
2025-03-03,37.500000,2024-11-14,2024-09-30,-0.160000,0.120000,312.500000,190.750731,132.681391,-8.953446,6.968321,22.890088,38.811855,54.733622,,,,,,,,,,36.022500,35.810833,39.345417,38.798333,36.022500,38.758320,33.286680,37.390410,34.654590
2025-03-04,37.250000,2024-11-14,2024-09-30,-0.160000,0.120000,310.416667,193.049525,132.341820,-8.596094,7.284925,23.165943,39.046961,54.927980,,,,,,,,,,36.225000,35.790833,39.327500,38.755625,36.225000,38.664694,33.785306,37.444847,35.005153
2025-03-05,37.000000,2024-11-14,2024-09-30,-0.160000,0.120000,308.333333,195.302449,131.980518,-8.239031,7.598632,23.436294,39.273956,55.111618,,,,,,,,,,36.350000,35.776667,39.275000,38.713750,36.350000,38.670844,34.029156,37.510422,35.189578
2025-03-06,36.550000,2024-11-14,2024-09-30,-0.160000,0.120000,304.583333,197.525585,131.551454,-7.869279,7.916896,23.703070,39.489245,55.275419,,,,,,,,,,36.422500,35.754167,39.220417,38.669792,36.422500,38.668309,34.176691,37.545404,35.299596
2025-03-07,36.100000,2024-11-14,2024-09-30,-0.160000,0.120000,300.833333,199.718202,131.057302,-7.487568,8.239308,23.966184,39.693060,55.419937,,,,,,,,,,36.470000,35.731667,39.162917,38.629583,36.470000,38.641441,34.298559,37.555721,35.384279
2025-03-10,35.200000,2024-11-14,2024-09-30,-0.160000,0.120000,293.333333,201.861111,130.461860,-7.087513,8.567910,24.223333,39.878757,55.534180,,,,,,,,,,36.470000,35.688333,39.112500,38.590417,36.470000,38.641441,34.298559,37.555721,35.384279
2025-03-11,35.250000,2024-11-14,2024-09-30,-0.160000,0.120000,293.750000,204.022844,129.810318,-6.671735,8.905503,24.482741,40.059979,55.637218,,,,,,,,,,36.487500,35.636667,39.080000,38.548542,36.487500,38.610773,34.364227,37.549137,35.425863
2025-03-12,35.000000,2024-11-14,2024-09-30,-0.160000,0.120000,291.666667,206.169408,129.104319,-6.244708,9.247811,24.740329,40.232847,55.725366,,,,,,,,,,36.490000,35.570000,39.047917,38.506875,36.490000,38.605755,34.374245,37.547878,35.432122
2025-03-13,35.050000,2024-11-14,2024-09-30,-0.160000,0.120000,292.083333,208.316520,128.364522,-5.809503,9.594240,24.997982,40.401725,55.805468,,,,,,,,,,36.495000,35.494167,39.012917,38.468125,36.495000,38.595852,34.394148,37.545426,35.444574
2025-03-14,35.000000,2024-11-14,2024-09-30,-0.160000,0.120000,291.666667,210.468567,127.570039,-5.360581,9.947823,25.256228,40.564633,55.873038,,,,,,,,,,36.497500,35.439167,38.987083,38.432917,36.497500,38.590716,34.404284,37.544108,35.450892
2025-03-17,35.200000,2024-11-14,2024-09-30,-0.160000,0.120000,293.333333,212.636696,126.739430,-4.901060,10.307672,25.516404,40.725135,55.933867,,,,,,,,,,36.502500,35.390833,38.965417,38.395625,36.502500,38.582094,34.422906,37.542297,35.462703
2025-03-18,35.450000,2024-11-14,2024-09-30,-0.160000,0.120000,295.416667,214.814145,125.888421,-4.435524,10.671087,25.777697,40.884308,55.990918,,,,,,,,,,36.415000,35.370000,38.936667,38.360833,36.415000,38.518156,34.311844,37.466578,35.363422
2025-03-19,35.000000,2024-11-14,2024-09-30,-0.160000,0.120000,291.666667,216.956323,124.979993,-3.960440,11.037160,26.034759,41.032358,56.029957,,,,,,,,,,36.317500,35.340000,38.899583,38.326042,36.317500,38.495687,34.139313,37.406594,35.228406
2025-03-20,35.950000,2024-11-14,2024-09-30,-0.160000,0.120000,299.583333,219.157164,124.079571,-3.480237,11.409311,26.298860,41.188408,56.077957,,,,,,,,,,36.222500,35.345000,38.862083,38.292917,36.222500,38.281747,34.163253,37.252124,35.192876
2025-03-21,36.700000,2024-11-14,2024-09-30,-0.160000,0.120000,305.833333,221.411915,123.164805,-2.990123,11.789653,26.569430,41.349206,56.128983,,,,,,,,,,36.157500,35.362500,38.832917,38.263333,36.157500,38.056329,34.258671,37.106915,35.208085
2025-03-24,36.600000,2024-11-14,2024-09-30,-0.160000,0.120000,305.000000,223.656067,122.202240,-2.489809,12.174459,26.838728,41.502997,56.167266,,,,,,,,,,36.105000,35.378333,38.798750,38.233125,36.105000,37.884385,34.325615,36.994692,35.215308
2025-03-25,36.250000,2024-11-14,2024-09-30,-0.160000,0.120000,302.083333,225.846308,121.220831,-1.991442,12.555057,27.101557,41.648057,56.194556,,,,,,,,,,36.047500,35.396667,38.727917,38.201667,36.047500,37.721913,34.373087,36.884706,35.210294
2025-03-26,35.950000,2024-11-14,2024-09-30,-0.160000,0.120000,299.583333,227.983187,120.229418,-1.497078,12.930452,27.357982,41.785513,56.213043,,,,,,,,,,36.020000,35.422500,38.617500,38.169583,36.020000,37.681135,34.358865,36.850567,35.189433
2025-03-27,36.200000,2024-11-14,2024-09-30,-0.160000,0.120000,301.666667,230.165205,119.157148,-0.977891,13.320967,27.619825,41.918682,56.217540,,,,,,,,,,35.987500,35.465000,38.540833,38.137917,35.987500,37.605125,34.369875,36.796312,35.178688
2025-03-28,35.400000,2024-11-14,2024-09-30,-0.160000,0.120000,295.000000,232.286550,118.011537,-0.448383,13.713001,27.874386,42.035770,56.197155,,,,,,,,,,35.930000,35.494167,38.451667,38.102917,35.930000,37.545191,34.314809,36.737596,35.122404
2025-03-31,33.750000,2025-03-31,2024-12-31,0.770000,1.050000,32.142857,232.219246,118.124246,-4.230708,119.799750,243.830208,367.860666,491.891124,,,,,,,,,,35.742500,35.488333,38.350833,38.056458,35.742500,37.457841,34.027159,36.600170,34.884830
2025-04-01,34.700000,2025-03-31,2024-12-31,0.770000,1.050000,33.047619,232.172274,118.202945,-4.445297,119.667796,243.780888,367.893981,492.007073,,,,,,,,,,35.615000,35.486667,38.272500,38.013125,35.615000,37.234974,33.995026,36.424987,34.805013
2025-04-02,34.600000,2025-03-31,2024-12-31,0.770000,1.050000,32.952381,232.124509,118.282921,-4.663399,119.533668,243.730735,367.927802,492.124869,,,,,,,,,,35.495000,35.486667,38.193333,37.970208,35.495000,37.036667,33.953333,36.265833,34.724167
2025-04-07,31.150000,2025-03-31,2024-12-31,0.770000,1.050000,29.666667,232.055942,118.398788,-4.978716,119.340012,243.658739,367.977466,492.296194,,,,,,,,,,35.225000,35.430833,38.092917,37.911250,35.225000,37.635394,32.814606,36.430197,34.019803
2025-04-08,28.050000,2025-03-31,2024-12-31,0.770000,1.050000,26.714286,231.958751,118.563782,-5.427255,119.064717,243.556689,368.048660,492.540632,,,,,,,,,,34.822500,35.335833,37.962083,37.838542,34.822500,38.798014,30.846986,36.810257,32.834743
2025-04-09,25.250000,2025-03-31,2024-12-31,0.770000,1.050000,24.047619,231.818505,118.801423,-6.073559,118.667935,243.409430,368.150924,492.892419,,,,,,,,,,34.325000,35.193333,37.784167,37.753750,34.325000,40.157982,28.492018,37.241491,31.408509
2025-04-10,27.750000,2025-03-31,2024-12-31,0.770000,1.050000,26.428571,231.664474,119.057498,-6.773048,118.237325,243.247697,368.258070,493.268443,,,,,,,,,,33.950000,35.096667,37.588750,37.678958,33.950000,40.457890,27.442110,37.203945,30.696055
2025-04-11,28.950000,2025-03-31,2024-12-31,0.770000,1.050000,27.571429,231.543358,119.259176,-7.323742,117.898392,243.120526,368.342661,493.564795,,,,,,,,,,33.647500,35.030833,37.430000,37.611667,33.647500,40.503038,26.791962,37.075269,30.219731
2025-04-14,31.800000,2025-03-31,2024-12-31,0.770000,1.050000,30.285714,231.452903,119.408828,-7.732991,117.646279,243.025548,368.404818,493.784087,,,,,,,,,,33.485000,34.994167,37.304167,37.561875,33.485000,40.354620,26.615380,36.919810,30.050190
2025-04-15,32.950000,2025-03-31,2024-12-31,0.770000,1.050000,31.380952,231.397160,119.501389,-7.985899,117.490559,242.967018,368.443476,493.919934,,,,,,,,,,33.382500,34.934167,37.217083,37.526875,33.382500,40.218032,26.546968,36.800266,29.964734
2025-04-16,32.800000,2025-03-31,2024-12-31,0.770000,1.050000,31.238095,231.334012,119.605965,-8.271814,117.314449,242.900713,368.486976,494.073239,,,,,,,,,,33.262500,34.877500,37.121667,37.492083,33.262500,40.047768,26.477232,36.655134,29.869866
2025-04-17,33.750000,2025-03-31,2024-12-31,0.770000,1.050000,32.142857,231.281694,119.692400,-8.508262,117.168758,242.845779,368.522799,494.199819,,,,,,,,,,33.177500,34.847500,37.037917,37.466875,33.177500,39.889585,26.465415,36.533542,29.821458
2025-04-18,35.450000,2025-03-31,2024-12-31,0.770000,1.050000,33.761905,231.236289,119.766885,-8.712355,117.042874,242.798103,368.553332,494.308562,,,,,,,,,,33.200000,34.848333,36.960833,37.458333,33.200000,39.940764,26.459236,36.570382,29.829618
2025-04-21,35.700000,2025-03-31,2024-12-31,0.770000,1.050000,34.000000,231.194330,119.835649,-8.900816,116.926615,242.754046,368.581477,494.408908,,,,,,,,,,33.187500,34.857500,36.887500,37.450000,33.187500,39.907688,26.467312,36.547594,29.827406
2025-04-22,35.250000,2025-03-31,2024-12-31,0.770000,1.050000,33.571429,231.158302,119.894886,-9.063044,116.826587,242.716217,368.605848,494.495478,,,,,,,,,,33.115000,34.856667,36.821250,37.438958,33.115000,39.705671,26.524329,36.410336,29.819664
2025-04-23,35.550000,2025-03-31,2024-12-31,0.770000,1.050000,33.857143,231.118076,119.960797,-9.243693,116.715143,242.673980,368.632817,494.591654,,,,,,,,,,33.062500,34.871667,36.750000,37.428125,33.062500,39.552239,26.572761,36.307369,29.817631
2025-04-24,36.000000,2025-03-31,2024-12-31,0.770000,1.050000,34.285714,231.082519,120.018973,-9.403199,116.616723,242.636645,368.656567,494.676489,,,,,,,,,,33.050000,34.886667,36.683750,37.421250,33.050000,39.514803,26.585197,36.282402,29.817598
2025-04-25,36.150000,2025-03-31,2024-12-31,0.770000,1.050000,34.428571,231.048517,120.074553,-9.555619,116.522662,242.600943,368.679224,494.757505,,,,,,,,,,33.060000,34.917500,36.619167,37.416667,33.060000,39.544281,26.575719,36.302140,29.817860
2025-04-28,36.300000,2025-03-31,2024-12-31,0.770000,1.050000,34.571429,231.026671,120.110353,-9.653737,116.462134,242.578004,368.693875,494.809746,,,,,,,,,,33.065000,34.943333,36.568333,37.412083,33.065000,39.559621,26.570379,36.312311,29.817689
2025-04-29,36.050000,2025-03-31,2024-12-31,0.770000,1.050000,34.333333,231.000647,120.152976,-9.770569,116.390055,242.550680,368.711304,494.871928,,,,,,,,,,33.097500,34.973333,36.512917,37.405208,33.097500,39.647588,26.547412,36.372544,29.822456
2025-04-30,35.500000,2025-03-31,2024-12-31,0.770000,1.050000,33.809524,230.973183,120.198037,-9.894035,116.313904,242.521842,368.729781,494.937719,,,,,,,,,,33.185000,34.983333,36.456250,37.397500,33.185000,39.818019,26.551981,36.501510,29.868490
2025-05-02,37.100000,2025-03-31,2024-12-31,0.770000,1.050000,35.333333,230.952203,120.232243,-9.987896,116.255959,242.499814,368.743668,494.987523,,,,,,,,,,33.305000,35.048333,36.405833,37.396458,33.305000,40.137269,26.472731,36.721134,29.888866
2025-05-05,35.750000,2025-03-31,2024-12-31,0.770000,1.050000,34.047619,230.906986,120.305857,-10.189965,116.131185,242.452336,368.773486,495.094636,,,,,,,,,,33.362500,35.069167,36.328750,37.388542,33.362500,40.259706,26.465294,36.811103,29.913897
2025-05-06,36.800000,2025-03-31,2024-12-31,0.770000,1.050000,35.047619,230.874854,120.358074,-10.333359,116.042619,242.418596,368.794574,495.170552,,,,,,,,,,33.645000,35.097500,36.265833,37.380833,33.645000,40.623003,26.666997,37.134002,30.155998
2025-05-07,35.250000,2025-03-31,2024-12-31,0.770000,1.050000,33.571429,230.838826,120.416958,-10.494844,115.942962,242.380768,368.818573,495.256379,,,,,,,,,,34.005000,35.099167,36.199583,37.366250,34.005000,40.493362,27.516638,37.249181,30.760819
2025-05-08,35.200000,2025-03-31,2024-12-31,0.770000,1.050000,33.523810,230.810077,120.464034,-10.623890,115.863346,242.350581,368.837817,495.325052,,,,,,,,,,34.502500,35.099167,36.141667,37.352292,34.502500,39.524502,29.480498,37.013501,31.991499
2025-05-09,35.200000,2025-03-31,2024-12-31,0.770000,1.050000,33.523810,230.764150,120.538791,-10.829103,115.736627,242.302357,368.868088,495.433818,,,,,,,,,,34.875000,35.104167,36.064167,37.337917,34.875000,38.765948,30.984052,36.820474,32.929526
2025-05-12,38.700000,2025-03-31,2024-12-31,0.770000,1.050000,36.857143,230.743442,120.572161,-10.920924,115.679845,242.280614,368.881383,495.482152,,,,,,,,,,35.362500,35.166667,36.012917,37.340833,35.362500,38.497510,32.227490,36.930005,33.794995
2025-05-13,39.500000,2025-03-31,2024-12-31,0.770000,1.050000,37.619048,230.739317,120.578815,-10.939228,115.668527,242.276283,368.884038,495.491794,,,,,,,,,,35.747500,35.242500,35.980000,37.349375,35.747500,38.931254,32.563746,37.339377,34.155623
2025-05-14,39.550000,2025-03-31,2024-12-31,0.770000,1.050000,37.666667,230.731569,120.591295,-10.973573,115.647287,242.268147,368.889007,495.509867,,,,,,,,,,36.077500,35.319167,35.942917,37.359583,36.077500,39.405290,32.749710,37.741395,34.413605
2025-05-15,38.550000,2025-05-15,2025-03-31,0.330000,1.040000,37.067308,230.718825,120.611848,-10.925066,114.511256,239.947578,365.383901,490.820223,,,,,,,,,,36.365000,35.376667,35.897500,37.365625,36.365000,39.487769,33.242231,37.926384,34.803616
2025-05-16,38.300000,2025-05-15,2025-03-31,0.330000,1.040000,36.826923,230.711023,120.624464,-10.959422,114.490021,239.939464,365.388907,490.838350,,,,,,,,,,36.592500,35.395000,35.857917,37.370625,36.592500,39.572835,33.612165,38.082667,35.102333
2025-05-19,37.300000,2025-05-15,2025-03-31,0.330000,1.040000,35.865385,228.127957,121.454495,-15.372273,110.940401,237.253075,363.565750,489.878424,,,,,,,,,,36.685000,35.400833,35.822917,37.371250,36.685000,39.630666,33.739334,38.157833,35.212167
2025-05-20,37.150000,2025-05-15,2025-03-31,0.330000,1.040000,35.721154,225.547161,122.229176,-19.667638,107.450705,234.569048,361.687390,488.805733,,,,,,,,,,36.757500,35.389167,35.787083,37.370208,36.757500,39.672303,33.842697,38.214902,35.300098
2025-05-21,37.100000,2025-05-15,2025-03-31,0.330000,1.040000,35.673077,222.976381,122.955382,-23.851759,104.021839,231.895437,359.769034,487.642632,,,,,,,,,,36.850000,35.374167,35.752083,37.366875,36.850000,39.679543,34.020457,38.264772,35.435228
2025-05-22,38.450000,2025-05-15,2025-03-31,0.330000,1.040000,36.971154,220.423363,123.614170,-27.877176,100.681561,229.240298,357.799035,486.357772,,,,,,,,,,36.995000,35.387500,35.729167,37.370833,36.995000,39.841216,34.148784,38.418108,35.571892
2025-05-23,38.550000,2025-05-15,2025-03-31,0.330000,1.040000,37.067308,217.923230,124.267092,-31.835393,97.402383,226.640159,355.877935,485.115711,,,,,,,,,,37.122500,35.406667,35.713333,37.376042,37.122500,40.009216,34.235784,38.565858,35.679142
2025-05-26,38.750000,2025-05-15,2025-03-31,0.330000,1.040000,37.259615,215.389976,124.829116,-35.638986,94.183295,224.005575,353.827856,483.650137,,,,,,,,,,37.252500,35.444167,35.695000,37.380000,37.252500,40.188569,34.316431,38.720534,35.784466
2025-05-27,38.700000,2025-05-15,2025-03-31,0.330000,1.040000,37.211538,212.915350,125.396832,-39.393446,91.019259,221.431964,351.844669,482.257374,,,,,,,,,,37.372500,35.475000,35.683333,37.383333,37.372500,40.340660,34.404340,38.856580,35.888420
2025-05-28,38.300000,2025-05-15,2025-03-31,0.330000,1.040000,36.826923,210.489602,125.967690,-43.103608,87.902789,218.909187,349.915584,480.921981,,,,,,,,,,37.485000,35.504167,35.674583,37.384167,37.485000,40.412384,34.557616,38.948692,36.021308
2025-05-29,38.250000,2025-05-15,2025-03-31,0.330000,1.040000,36.778846,208.049565,126.476253,-46.699058,84.836245,216.371548,347.906851,479.442154,,,,,,,,,,37.622500,35.516667,35.663750,37.379167,37.622500,40.412421,34.832579,39.017460,36.227540
2025-06-02,37.750000,2025-05-15,2025-03-31,0.330000,1.040000,36.298077,205.681910,127.013278,-50.278433,81.815377,213.909187,346.002996,478.096806,,,,,,,,,,37.655000,35.525000,35.657917,37.370208,37.655000,40.434417,34.875583,39.044708,36.265292
2025-06-03,37.550000,2025-05-15,2025-03-31,0.330000,1.040000,36.105769,203.354319,127.543586,-53.802168,78.843162,211.488492,344.133822,476.779152,,,,,,,,,,37.745000,35.534167,35.655417,37.343958,37.745000,40.377369,35.112631,39.061185,36.428815
2025-06-04,38.100000,2025-05-15,2025-03-31,0.330000,1.040000,36.634615,201.027663,128.020184,-57.213213,75.927778,209.068770,342.209761,475.350753,,,,,,,,,,37.810000,35.560000,35.657083,37.326458,37.810000,40.408096,35.211904,39.109048,36.510952
2025-06-05,38.250000,2025-05-15,2025-03-31,0.330000,1.040000,36.778846,198.733459,128.479264,-60.554072,73.064363,206.682798,340.301233,473.919667,,,,,,,,,,37.960000,35.595833,35.663750,37.316250,37.960000,40.265737,35.654263,39.112868,36.807132
2025-06-06,38.000000,2025-05-15,2025-03-31,0.330000,1.040000,36.538462,196.412946,128.875772,-63.792141,70.238662,204.269464,338.300267,472.331069,,,,,,,,,,38.100000,35.642500,35.665417,37.308333,38.100000,40.005394,36.194606,39.052697,37.147303
2025-06-09,37.850000,2025-05-15,2025-03-31,0.330000,1.040000,36.394231,194.053037,129.193800,-66.907946,67.453607,201.815159,336.176711,470.538263,,,,,,,,,,38.232500,35.685833,35.661250,37.296875,38.232500,39.573856,36.891144,38.903178,37.561822
2025-06-10,38.050000,2025-05-15,2025-03-31,0.330000,1.040000,36.586538,191.649592,129.419808,-69.877626,64.718975,199.315575,333.912176,468.508777,,,,,,,,,,38.200000,35.736667,35.653333,37.292292,38.200000,39.525062,36.874938,38.862531,37.537469
2025-06-11,38.700000,2025-05-15,2025-03-31,0.330000,1.040000,37.211538,189.209688,129.549472,-72.684827,62.046624,196.778075,331.509527,466.240978,,,,,,,,,,38.160000,35.797500,35.645833,37.291042,38.160000,39.362454,36.957546,38.761227,37.558773
2025-06-12,38.500000,2025-05-15,2025-03-31,0.330000,1.040000,37.019231,186.858459,129.731285,-75.508275,59.412261,194.332798,329.253334,464.173871,,,,,,,,,,38.107500,35.855833,35.647500,37.291458,38.107500,39.133106,37.081894,38.620303,37.594697
2025-06-13,38.000000,2025-05-15,2025-03-31,0.330000,1.040000,36.538462,184.517113,129.888951,-78.271221,56.813288,191.897798,326.982307,462.066816,,,,,,,,,,38.080000,35.902500,35.646667,37.290625,38.080000,39.084935,37.075065,38.582468,37.577532
2025-06-16,38.200000,2025-05-15,2025-03-31,0.330000,1.040000,36.730769,182.274592,130.099681,-81.041762,54.261907,189.565575,324.869244,460.172913,,,,,,,,,,38.075000,35.948333,35.659167,37.291875,38.075000,39.076315,37.073685,38.575657,37.574343
2025-06-17,38.400000,2025-05-15,2025-03-31,0.330000,1.040000,36.923077,180.026728,130.262587,-83.718384,51.754707,187.227798,322.700888,458.173979,,,,,,,,,,38.130000,36.005000,35.672500,37.293542,38.130000,39.071108,37.188892,38.600554,37.659446
2025-06-18,38.450000,2025-05-15,2025-03-31,0.330000,1.040000,36.971154,177.859127,130.462380,-86.388259,49.292617,184.973492,320.654367,456.335243,,,,,,,,,,38.195000,36.046667,35.695833,37.295208,38.195000,39.024013,37.365987,38.609507,37.780493
2025-06-19,38.100000,2025-05-15,2025-03-31,0.330000,1.040000,36.634615,175.688721,130.628608,-88.991235,46.862518,182.716270,318.570022,454.423775,,,,,,,,,,38.245000,36.070000,35.716250,37.293958,38.245000,38.897848,37.592152,38.571424,37.918576
2025-06-20,37.600000,2025-05-15,2025-03-31,0.330000,1.040000,36.153846,173.514309,130.762538,-91.531198,44.461842,180.454881,316.447920,452.440960,,,,,,,,,,38.202500,36.086667,35.732500,37.291667,38.202500,38.907725,37.497275,38.555112,37.849888
2025-06-23,36.550000,2025-05-15,2025-03-31,0.330000,1.040000,35.144231,171.366205,130.901777,-94.054843,42.083005,178.220853,314.358701,450.496549,,,,,,,,,,38.102500,36.091667,35.744167,37.284583,38.102500,39.104852,37.100148,38.603676,37.601324
2025-06-24,37.500000,2025-05-15,2025-03-31,0.330000,1.040000,36.057692,169.277797,131.045844,-96.526447,39.761231,176.048909,312.336586,448.624264,,,,,,,,,,38.040000,36.117500,35.770000,37.280625,38.040000,39.028140,37.051860,38.534070,37.545930
2025-06-25,37.350000,2025-05-15,2025-03-31,0.330000,1.040000,35.913462,167.240270,131.204010,-98.974461,37.477710,173.929881,310.382052,446.834223,,,,,,,,,,37.972500,36.136667,35.800833,37.277917,37.972500,38.955232,36.989768,38.463866,37.481134
2025-06-26,36.900000,2025-05-15,2025-03-31,0.330000,1.040000,35.480769,165.199138,131.333699,-101.366990,35.220056,171.807103,308.394150,444.981197,,,,,,,,,,37.902500,36.161667,35.827917,37.273333,37.902500,38.981718,36.823282,38.442109,37.362891
2025-06-27,37.350000,2025-05-15,2025-03-31,0.330000,1.040000,35.913462,163.130361,131.399201,-103.654762,33.000407,169.655575,306.310744,442.965913,,,,,,,,,,37.857500,36.221667,35.855000,37.270417,37.857500,38.950673,36.764327,38.404086,37.310914
2025-06-30,37.100000,2025-05-15,2025-03-31,0.330000,1.040000,35.673077,161.010970,131.386743,-105.833017,30.809196,167.451409,304.093622,440.735835,,,,,,,,,,37.825000,36.261667,35.874167,37.267083,37.825000,38.969092,36.680908,38.397046,37.252954
2025-07-01,36.950000,2025-05-15,2025-03-31,0.330000,1.040000,35.528846,158.904266,131.354830,-107.957610,28.651413,165.260437,301.869460,438.478483,,,,,,,,,,37.795000,36.300833,35.893750,37.263542,37.795000,38.999334,36.590666,38.397167,37.192833
2025-07-02,36.800000,2025-05-15,2025-03-31,0.330000,1.040000,35.384615,156.803304,131.296938,-110.022195,26.526621,163.075437,299.624252,436.173068,,,,,,,,,,37.730000,36.395000,35.912917,37.260000,37.730000,39.003371,36.456629,38.366685,37.093315
2025-07-03,36.800000,2025-05-15,2025-03-31,0.330000,1.040000,35.384615,154.754426,131.256987,-112.069930,24.437337,160.944603,297.451870,433.959136,,,,,,,,,,37.657500,36.540833,35.938333,37.257917,37.657500,38.970702,36.344298,38.314101,37.000899
2025-07-04,34.900000,2025-05-15,2025-03-31,0.330000,1.040000,33.557692,152.686851,131.195157,-114.091602,22.351362,158.794325,295.237289,431.680253,,,,,,,,,,37.502500,36.701667,35.947500,37.245000,37.502500,39.291200,35.713800,38.396850,36.608150
2025-07-07,34.300000,2025-05-15,2025-03-31,0.330000,1.040000,32.980769,150.631830,131.122119,-116.076905,20.290099,156.657103,293.024107,429.391111,,,,,,,,,,37.325000,36.810833,35.953750,37.229583,37.325000,39.605466,35.044534,38.465233,36.184767
2025-07-08,33.600000,2025-05-15,2025-03-31,0.330000,1.040000,32.307692,148.616339,131.066103,-118.056503,18.252245,154.560992,290.869739,427.178487,,,,,,,,,,37.102500,36.888333,35.959583,37.213333,37.102500,39.895814,34.309186,38.499157,35.705843
2025-07-09,33.600000,2025-05-15,2025-03-31,0.330000,1.040000,32.307692,146.524458,130.901028,-119.888701,16.248368,152.385437,288.522505,424.659574,,,,,,,,,,36.847500,36.918333,35.956250,37.198125,36.847500,39.941718,33.753282,38.394609,35.300391
2025-07-10,33.950000,2025-05-15,2025-03-31,0.330000,1.040000,32.644231,144.258299,130.494993,-121.400955,14.313838,150.028631,285.743424,421.458217,,,,,,,,,,36.620000,36.935000,35.934583,37.189583,36.620000,39.867898,33.372102,38.243949,34.996051
2025-07-11,34.600000,2025-05-15,2025-03-31,0.330000,1.040000,33.269231,142.021654,130.073835,-122.851057,12.425731,147.702520,282.979309,418.256097,,,,,,,,,,36.450000,36.965000,35.921250,37.183750,36.450000,39.749282,33.150718,38.099641,34.800359
2025-07-14,34.150000,2025-05-15,2025-03-31,0.330000,1.040000,32.836538,139.826542,129.671268,-124.296635,10.561484,145.419603,280.277722,415.135841,,,,,,,,,,36.247500,36.971667,35.909583,37.172917,36.247500,39.591383,32.903617,37.919441,34.575559
2025-07-15,34.950000,2025-05-15,2025-03-31,0.330000,1.040000,33.605769,137.648256,129.237471,-125.659754,8.747216,143.154187,277.561157,411.968127,,,,,,,,,,36.075000,36.963333,35.905833,37.164375,36.075000,39.305366,32.844634,37.690183,34.459817
2025-07-16,34.450000,2025-05-15,2025-03-31,0.330000,1.040000,33.125000,135.483326,128.789808,-126.980143,6.961258,140.902659,274.844060,408.785460,,,,,,,,,,35.875000,36.942500,35.900000,37.155000,35.875000,38.979072,32.770928,37.427036,34.322964
2025-07-17,35.250000,2025-05-15,2025-03-31,0.330000,1.040000,33.894231,133.314389,128.285605,-128.187094,5.229935,138.646964,272.063994,405.481023,,,,,,,,,,35.732500,36.942500,35.899583,37.150208,35.732500,38.663330,32.801670,37.197915,34.267085
2025-07-18,34.800000,2025-05-15,2025-03-31,0.330000,1.040000,33.461538,131.186985,127.802159,-129.394027,3.520218,136.434464,269.348710,402.262956,,,,,,,,,,35.592500,36.930000,35.900833,37.148542,35.592500,38.413152,32.771848,37.002826,34.182174
2025-07-21,35.500000,2025-05-15,2025-03-31,0.330000,1.040000,34.134615,129.033940,127.236782,-130.457209,1.869044,134.195298,266.521551,398.847804,,,,,,,,,,35.540000,36.921667,35.904167,37.156250,35.540000,38.324468,32.755532,36.932234,34.147766
2025-07-22,34.050000,2025-05-15,2025-03-31,0.330000,1.040000,32.740385,126.924832,126.712380,-131.559925,0.220950,132.001825,263.782701,395.563576,,,,,,,,,,35.367500,36.886667,35.902083,37.157083,35.367500,38.066871,32.668129,36.717186,34.017814
2025-07-23,34.500000,2025-05-15,2025-03-31,0.330000,1.040000,33.173077,124.788080,126.106896,-132.522741,-1.371569,129.779603,260.930775,392.081947,,,,,,,,,,35.225000,36.856667,35.900000,37.163333,35.225000,37.780798,32.669202,36.502899,33.947101
2025-07-24,35.300000,2025-05-15,2025-03-31,0.330000,1.040000,33.942308,122.692460,125.503202,-133.446501,-2.923171,127.600159,258.123488,388.646818,,,,,,,,,,35.145000,36.844167,35.908750,37.173333,35.145000,37.577218,32.712782,36.361109,33.928891
2025-07-25,34.700000,2025-05-15,2025-03-31,0.330000,1.040000,33.365385,120.546894,124.803406,-134.222315,-4.426773,125.368770,255.164312,384.959855,,,,,,,,,,35.012500,36.830833,35.907083,37.178958,35.012500,37.217011,32.807989,36.114755,33.910245
2025-07-28,34.700000,2025-05-15,2025-03-31,0.330000,1.040000,33.365385,118.519383,124.220760,-135.119022,-5.929432,123.260159,252.449749,381.639340,,,,,,,,,,34.892500,36.790833,35.919583,37.185000,34.892500,36.867948,32.917052,35.880224,33.904776
2025-07-29,34.650000,2025-05-15,2025-03-31,0.330000,1.040000,33.317308,116.401194,123.480050,-135.781262,-7.362010,121.057242,249.476494,377.895746,,,,,,,,,,34.777500,36.772500,35.920833,37.189792,34.777500,36.500250,33.054750,35.638875,33.916125
2025-07-30,34.850000,2025-05-15,2025-03-31,0.330000,1.040000,33.509615,114.242941,122.636741,-136.271763,-8.729552,118.812659,246.354870,373.897081,,,,,,,,,,34.680000,36.740000,35.918750,37.200417,34.680000,36.117981,33.242019,35.398991,33.961009
2025-07-31,34.700000,2025-05-15,2025-03-31,0.330000,1.040000,33.365385,112.080014,121.744607,-136.665567,-10.051177,116.563214,243.177605,369.791996,,,,,,,,,,34.575000,36.730833,35.915000,37.223750,34.575000,35.611949,33.538051,35.093474,34.056526
2025-08-01,35.600000,2025-05-15,2025-03-31,0.330000,1.040000,34.230769,109.920826,120.796949,-136.939995,-11.311168,114.317659,239.946486,365.575313,,,,,,,,,,34.610000,36.737500,35.918333,37.254375,34.610000,35.736522,33.483478,35.173261,34.046739
2025-08-04,35.150000,2025-05-15,2025-03-31,0.330000,1.040000,33.798077,107.778865,119.837117,-137.171184,-12.540582,112.090020,236.720622,361.351224,,,,,,,,,,34.652500,36.736667,35.920417,37.274583,34.652500,35.793817,33.511183,35.223159,34.081841
2025-08-05,35.350000,2025-05-15,2025-03-31,0.330000,1.040000,33.990385,105.635035,118.824169,-137.293834,-13.716699,109.860437,233.437572,357.014707,,,,,,,,,,34.740000,36.680833,35.923750,37.298542,34.740000,35.807511,33.672489,35.273755,34.206245
2025-08-06,35.100000,2025-05-15,2025-03-31,0.330000,1.040000,33.750000,103.489202,117.764356,-137.321090,-14.846160,107.628770,230.103700,352.578630,,,,,,,,,,34.815000,36.607500,35.925000,37.322708,34.815000,35.747512,33.882488,35.281256,34.348744
2025-08-07,34.700000,2025-05-15,2025-03-31,0.330000,1.040000,33.365385,101.340163,116.656999,-137.252789,-15.929510,105.393770,226.717049,348.040329,,,,,,,,,,34.852500,36.526667,35.922917,37.341667,34.852500,35.694474,34.010526,35.273487,34.431513
2025-08-08,34.700000,2025-05-15,2025-03-31,0.330000,1.040000,33.365385,99.180708,115.481189,-137.052937,-16.952500,103.147937,223.248373,343.348810,,,,,,,,,,34.857500,36.462500,35.919583,37.361458,34.857500,35.694333,34.020667,35.275917,34.439083
2025-08-11,35.750000,2025-05-15,2025-03-31,0.330000,1.040000,34.375000,96.883833,113.984174,-136.327895,-17.784354,100.759187,219.302727,337.846268,,,,,,,,,,34.937500,36.420000,35.907500,37.385833,34.937500,35.795205,34.079795,35.366353,34.508647
2025-08-12,36.200000,2025-05-15,2025-03-31,0.330000,1.040000,34.807692,94.607925,112.451358,-135.506583,-18.557171,98.392242,215.341655,332.291068,,,,,,,,,,35.000000,36.401667,35.901250,37.412500,35.000000,36.027004,33.972996,35.513502,34.486498
2025-08-13,36.850000,2025-05-15,2025-03-31,0.330000,1.040000,35.432692,92.274725,110.722744,-134.337593,-19.185940,95.965714,211.117368,326.269022,,,,,,,,,,35.120000,36.396667,35.892917,37.441042,35.120000,36.404892,33.835108,35.762446,34.477554
2025-08-14,37.000000,2025-08-14,2025-06-30,-1.750000,-0.810000,-45.679012,89.255178,109.485772,105.070256,16.386781,-72.296694,-160.980169,-249.663644,,,,,,,,,,35.207500,36.395000,35.884583,37.470208,35.207500,36.743481,33.671519,35.975490,34.439510
2025-08-15,36.700000,2025-08-14,2025-06-30,-1.750000,-0.810000,-45.308642,86.263023,108.197769,105.407338,17.767145,-69.873048,-157.513241,-245.153434,,,,,,,,,,35.302500,36.365833,35.876667,37.497500,35.302500,36.962391,33.642609,36.132445,34.472555
2025-08-18,36.700000,2025-08-14,2025-06-30,-1.750000,-0.810000,-45.308642,83.288228,106.847354,105.629248,19.082891,-67.463465,-154.009821,-240.556178,,,,,,,,,,35.362500,36.335000,35.870833,37.526250,35.362500,37.135358,33.589642,36.248929,34.476071
2025-08-19,36.200000,2025-08-14,2025-06-30,-1.750000,-0.810000,-44.691358,80.381078,105.524850,105.841584,20.366455,-65.108673,-150.583802,-236.058931,,,,,,,,,,35.470000,36.292500,35.868333,37.553542,35.470000,37.166870,33.773130,36.318435,34.621565
2025-08-20,35.300000,2025-08-14,2025-06-30,-1.750000,-0.810000,-43.580247,77.458882,104.039084,105.801621,21.529964,-62.741694,-147.013352,-231.285010,,,,,,,,,,35.510000,36.235833,35.855417,37.577083,35.510000,37.147263,33.872737,36.328632,34.691368
2025-08-21,35.550000,2025-08-14,2025-06-30,-1.750000,-0.810000,-43.888889,74.554946,102.498182,105.657548,22.634021,-60.389507,-143.413034,-226.436562,,,,,,,,,,35.522500,36.190000,35.847083,37.589375,35.522500,37.156827,33.888173,36.339664,34.705336
2025-08-22,34.600000,2025-08-14,2025-06-30,-1.750000,-0.810000,-42.716049,71.594813,100.681817,105.112744,23.560473,-57.991798,-139.544070,-221.096341,,,,,,,,,,35.517500,36.129167,35.822917,37.584167,35.517500,37.162996,33.872004,36.340248,34.694752
2025-08-25,34.350000,2025-08-14,2025-06-30,-1.750000,-0.810000,-42.407407,68.654612,98.782752,104.417822,24.403793,-55.610236,-135.624265,-215.638293,,,,,,,,,,35.500000,36.072500,35.798750,37.563125,35.500000,37.188974,33.811026,36.344487,34.655513
2025-08-26,34.200000,2025-08-14,2025-06-30,-1.750000,-0.810000,-42.222222,65.733316,96.798739,103.569972,25.162993,-53.243986,-131.650965,-210.057943,,,,,,,,,,35.477500,36.016667,35.775417,37.525208,35.477500,37.225122,33.729878,36.351311,34.603689
2025-08-27,34.250000,2025-08-14,2025-06-30,-1.750000,-0.810000,-42.283951,62.842755,94.763982,102.615020,25.856194,-50.902632,-127.661457,-204.420283,,,,,,,,,,35.447500,35.952500,35.756250,37.488333,35.447500,37.259877,33.635123,36.353689,34.541311
2025-08-28,34.100000,2025-08-14,2025-06-30,-1.750000,-0.810000,-42.098765,59.984988,92.674476,101.544811,26.478486,-48.587840,-123.654165,-198.720491,,,,,,,,,,35.417500,35.883333,35.739583,37.451250,35.417500,37.300464,33.534536,36.358982,34.476018
2025-08-29,33.500000,2025-08-14,2025-06-30,-1.750000,-0.810000,-41.358025,57.195893,90.605986,100.453025,27.062176,-46.328673,-119.719522,-193.110371,,,,,,,,,,35.312500,35.808333,35.725417,37.418958,35.312500,37.377974,33.247026,36.345237,34.279763
2025-09-01,32.250000,2025-08-14,2025-06-30,-1.750000,-0.810000,-39.814815,54.416186,88.377055,99.093718,27.508303,-44.077111,-115.662525,-187.247939,,,,,,,,,,35.167500,35.715000,35.700417,37.390208,35.167500,37.646735,32.688265,36.407117,33.927883
2025-09-02,32.000000,2025-08-14,2025-06-30,-1.750000,-0.810000,-39.506173,51.656413,86.046187,97.553129,27.855717,-41.841694,-111.539105,-181.236517,,,,,,,,,,35.000000,35.614167,35.675417,37.361667,35.000000,37.851961,32.148039,36.425981,33.574019
2025-09-03,32.000000,2025-08-14,2025-06-30,-1.750000,-0.810000,-39.506173,48.893167,83.548348,95.744859,28.070697,-39.603465,-107.277627,-174.951789,,,,,,,,,,34.845000,35.502500,35.650000,37.331458,34.845000,37.995422,31.694578,36.420211,33.269789
2025-09-04,32.150000,2025-08-14,2025-06-30,-1.750000,-0.810000,-39.691358,46.131850,80.890637,93.676033,28.154617,-37.366798,-102.888214,-168.409630,,,,,,,,,,34.717500,35.396667,35.626250,37.306667,34.717500,38.091124,31.343876,36.404312,33.030688
2025-09-05,32.000000,2025-08-14,2025-06-30,-1.750000,-0.810000,-39.506173,43.358187,77.997750,91.236223,28.058046,-35.120132,-98.298309,-161.476486,,,,,,,,,,34.582500,35.296667,35.599583,37.282500,34.582500,38.168478,30.996522,36.375489,32.789511
2025-09-08,32.350000,2025-08-14,2025-06-30,-1.750000,-0.810000,-39.938272,40.563563,74.834375,88.375202,27.759358,-32.856486,-93.472330,-154.088174,,,,,,,,,,34.412500,35.199167,35.573750,37.255208,34.412500,38.086717,30.738283,36.249608,32.575392
2025-09-09,32.800000,2025-08-14,2025-06-30,-1.750000,-0.810000,-40.493827,37.795559,71.538905,85.278623,27.332110,-30.614402,-88.560915,-146.507428,,,,,,,,,,34.242500,35.105833,35.555417,37.227500,34.242500,37.882956,30.602044,36.062728,32.422272
2025-09-10,31.950000,2025-08-14,2025-06-30,-1.750000,-0.810000,-39.444444,34.970327,67.705201,81.356461,26.515248,-28.325965,-83.167178,-138.008391,,,,,,,,,,33.997500,34.997500,35.522083,37.192083,33.997500,37.557730,30.437270,35.777615,32.217385
2025-09-11,32.000000,2025-08-14,2025-06-30,-1.750000,-0.810000,-39.506173,32.092498,63.290810,76.536189,25.270633,-25.994923,-77.260480,-128.526036,,,,,,,,,,33.747500,34.895833,35.482917,37.157917,33.747500,37.117097,30.377903,35.432299,32.062701
2025-09-12,32.400000,2025-08-14,2025-06-30,-1.750000,-0.810000,-40.000000,29.217498,58.439685,71.006117,23.669972,-23.666173,-71.002318,-118.338463,,,,,,,,,,33.532500,34.809167,35.447917,37.123333,33.532500,36.648043,30.416957,35.090271,31.974729
2025-09-15,32.250000,2025-08-14,2025-06-30,-1.750000,-0.810000,-39.814815,26.368347,53.116646,64.690606,21.666123,-21.358361,-64.382844,-107.407328,,,,,,,,,,33.310000,34.737500,35.414583,37.071250,33.310000,36.090685,30.529315,34.700343,31.919657
2025-09-16,32.150000,2025-08-14,2025-06-30,-1.750000,-0.810000,-39.691358,23.541058,47.145602,57.307618,19.119681,-19.068257,-57.256194,-95.444132,,,,,,,,,,33.107500,34.648333,35.382917,37.000208,33.107500,35.574178,30.640822,34.340839,31.874161
2025-09-17,32.300000,2025-08-14,2025-06-30,-1.750000,-0.810000,-39.876543,20.694864,39.978783,48.002788,15.619974,-16.762840,-49.145654,-81.528468,,,,,,,,,,32.957500,34.564167,35.350417,36.945625,32.957500,35.219142,30.695858,34.088321,31.826679
2025-09-18,32.950000,2025-08-14,2025-06-30,-1.750000,-0.810000,-40.679012,17.897539,31.460594,36.469155,10.986074,-14.497007,-39.980088,-65.463168,,,,,,,,,,32.827500,34.498333,35.330000,36.890833,32.827500,34.732473,30.922527,33.779986,31.875014
2025-09-19,33.000000,2025-08-14,2025-06-30,-1.750000,-0.810000,-40.740741,17.290176,31.883949,37.646955,11.820956,-14.005042,-39.831041,-65.657040,,,,,,,,,,32.747500,34.425833,35.323750,36.837292,32.747500,34.464129,31.030871,33.605815,31.889185
2025-09-22,32.400000,2025-08-14,2025-06-30,-1.750000,-0.810000,-40.000000,16.681446,32.275489,38.774322,12.631175,-13.511971,-39.655117,-65.798264,,,,,,,,,,32.650000,34.347500,35.304583,36.788542,32.650000,34.196473,31.103527,33.423237,31.876763
2025-09-23,31.900000,2025-08-14,2025-06-30,-1.750000,-0.810000,-39.382716,16.078653,32.642448,39.857057,13.416674,-13.023709,-39.464092,-65.904475,,,,,,,,,,32.535000,34.263333,35.282083,36.737708,32.535000,33.930896,31.139104,33.232948,31.837052
2025-09-24,31.200000,2025-08-14,2025-06-30,-1.750000,-0.810000,-38.518519,15.510443,32.995477,40.889213,14.162877,-12.563459,-39.289795,-66.016131,,,,,,,,,,32.382500,34.170000,35.282500,36.687708,32.382500,33.650019,31.114981,33.016260,31.748740
2025-09-25,31.200000,2025-08-14,2025-06-30,-1.750000,-0.810000,-38.518519,14.966837,33.344852,41.895522,14.886192,-12.123138,-39.132468,-66.141797,,,,,,,,,,32.237500,34.076667,35.308750,36.635417,32.237500,33.329034,31.145966,32.783267,31.691733
2025-09-26,30.500000,2025-08-14,2025-06-30,-1.750000,-0.810000,-37.654321,14.452654,33.677713,42.851246,15.572298,-11.706649,-38.985597,-66.264545,,,,,,,,,,32.087500,34.003333,35.352500,36.568333,32.087500,33.269325,30.905675,32.678413,31.496587
2025-09-30,30.600000,2025-08-14,2025-06-30,-1.750000,-0.810000,-37.777778,13.917601,33.994396,43.797665,16.262204,-11.273257,-38.808718,-66.344179,,,,,,,,,,32.005000,33.941667,35.376250,36.482500,32.005000,33.357152,30.652848,32.681076,31.328924
2025-10-01,30.800000,2025-08-14,2025-06-30,-1.750000,-0.810000,-38.024691,13.370966,34.299028,44.733943,16.951730,-10.830483,-38.612696,-66.394908,,,,,,,,,,31.945000,33.895000,35.391667,36.410833,31.945000,33.400624,30.489376,32.672812,31.217188
2025-10-02,30.900000,2025-08-14,2025-06-30,-1.750000,-0.810000,-38.148148,12.800684,34.583167,45.656177,17.643811,-10.368554,-38.380920,-66.393285,,,,,,,,,,31.890000,33.850000,35.384167,36.344167,31.890000,33.418191,30.361809,32.654096,31.125904
2025-10-03,30.200000,2025-08-14,2025-06-30,-1.750000,-0.810000,-37.283951,12.228477,34.840261,46.536157,18.315546,-9.905066,-38.125678,-66.346290,,,,,,,,,,31.792500,33.787500,35.361250,36.289167,31.792500,33.490262,30.094738,32.641381,30.943619
2025-10-07,31.900000,2025-08-14,2025-06-30,-1.750000,-0.810000,-39.382716,11.639970,35.111850,47.452822,19.012223,-9.428376,-37.868975,-66.309573,,,,,,,,,,31.787500,33.742500,35.353750,36.237708,31.787500,33.483276,30.091724,32.635388,30.939612
2025-10-08,31.650000,2025-08-14,2025-06-30,-1.750000,-0.810000,-39.074074,11.046496,35.363358,48.340979,19.696659,-8.947661,-37.591981,-66.236301,,,,,,,,,,31.752500,33.700833,35.336250,36.187083,31.752500,33.428170,30.076830,32.590335,30.914665
2025-10-09,32.800000,2025-08-14,2025-06-30,-1.750000,-0.810000,-40.493827,10.427698,35.611341,49.243938,20.398751,-8.446435,-37.291622,-66.136808,,,,,,,,,,31.752500,33.665000,35.314167,36.137500,31.752500,33.428170,30.076830,32.590335,30.914665
2025-10-13,31.200000,2025-08-14,2025-06-30,-1.750000,-0.810000,-38.518519,9.823377,35.822649,50.075757,21.059411,-7.956935,-36.973281,-65.989627,,,,,,,,,,31.715000,33.610833,35.276667,36.082083,31.715000,33.405562,30.024438,32.560281,30.869719
2025-10-14,30.450000,2025-08-14,2025-06-30,-1.750000,-0.810000,-37.592593,9.230343,36.014738,50.867298,21.695360,-7.476578,-36.648516,-65.820454,,,,,,,,,,31.637500,33.530833,35.236667,36.028958,31.637500,33.413028,29.861972,32.525264,30.749736
2025-10-15,30.100000,2025-08-14,2025-06-30,-1.750000,-0.810000,-37.160494,8.638530,36.189732,51.630157,22.316474,-6.997209,-36.310892,-65.624575,,,,,,,,,,31.522500,33.452500,35.191250,35.970625,31.522500,33.385852,29.659148,32.454176,30.590824
2025-10-16,30.300000,2025-08-14,2025-06-30,-1.750000,-0.810000,-37.407407,8.041087,36.354178,52.380488,22.933604,-6.513280,-35.960165,-65.407049,,,,,,,,,,31.425000,33.365833,35.143750,35.913750,31.425000,33.331637,29.518363,32.378318,30.471682
2025-10-17,29.600000,2025-08-14,2025-06-30,-1.750000,-0.810000,-36.543210,7.449655,36.498303,53.093030,23.529405,-6.034221,-35.597846,-65.161472,,,,,,,,,,31.297500,33.291667,35.089167,35.854167,31.297500,33.336456,29.258544,32.316978,30.278022
2025-10-20,29.600000,2025-08-14,2025-06-30,-1.750000,-0.810000,-36.543210,6.857033,36.631328,53.788554,24.117178,-5.554197,-35.225573,-64.896948,,,,,,,,,,31.162500,33.210000,35.033333,35.800833,31.162500,33.278075,29.046925,32.220288,30.104712
2025-10-21,30.250000,2025-08-14,2025-06-30,-1.750000,-0.810000,-37.345679,6.259708,36.763697,54.486826,24.708231,-5.070364,-34.848959,-64.627553,,,,,,,,,,31.027500,33.125833,34.985000,35.748958,31.027500,33.002735,29.052265,32.015117,30.039883
2025-10-22,30.850000,2025-08-14,2025-06-30,-1.750000,-0.810000,-38.086420,5.660576,36.896548,55.187342,25.301138,-4.585066,-34.471270,-64.357474,,,,,,,,,,30.920000,33.061667,34.946250,35.701250,30.920000,32.663680,29.176320,31.791840,30.048160
2025-10-23,30.350000,2025-08-14,2025-06-30,-1.750000,-0.810000,-37.469136,5.053888,37.002930,55.851098,25.878724,-4.093649,-34.066023,-64.038397,,,,,,,,,,30.817500,32.989167,34.890000,35.647917,30.817500,32.431020,29.203980,31.624260,30.010740
2025-10-27,30.550000,2025-08-14,2025-06-30,-1.750000,-0.810000,-37.716049,4.455858,37.110161,56.509216,26.449986,-3.609245,-33.668475,-63.727705,,,,,,,,,,30.750000,32.920833,34.846667,35.587708,30.750000,32.283829,29.216171,31.516915,29.983085
2025-10-28,30.150000,2025-08-14,2025-06-30,-1.750000,-0.810000,-37.222222,3.853609,37.195848,57.135851,27.007214,-3.121423,-33.250060,-63.378697,,,,,,,,,,30.697500,32.842500,34.791250,35.528542,30.697500,32.238339,29.156661,31.467919,29.927081
2025-10-29,29.950000,2025-08-14,2025-06-30,-1.750000,-0.810000,-36.975309,3.265720,37.279614,57.747741,27.551254,-2.645233,-32.841720,-63.038207,,,,,,,,,,30.635000,32.763333,34.747083,35.473333,30.635000,32.191345,29.078655,31.413173,29.856827
2025-10-30,29.800000,2025-08-14,2025-06-30,-1.750000,-0.810000,-36.790123,2.679770,37.352545,58.340509,28.084947,-2.170614,-32.426175,-62.681736,,,,,,,,,,30.600000,32.666667,34.702083,35.421875,30.600000,32.200000,29.000000,31.400000,29.800000
2025-10-31,29.200000,2025-08-14,2025-06-30,-1.750000,-0.810000,-36.049383,2.099993,37.409673,58.902676,28.600841,-1.700995,-32.002830,-62.304665,,,,,,,,,,30.530000,32.567500,34.652083,35.358125,30.530000,32.248139,28.811861,31.389069,29.670931
2025-11-03,30.000000,2025-08-14,2025-06-30,-1.750000,-0.810000,-37.037037,1.484209,37.440900,59.452049,29.124920,-1.202209,-31.529338,-61.856467,,,,,,,,,,30.490000,32.478333,34.579583,35.296250,30.490000,32.218888,28.761112,31.354444,29.625556
2025-11-04,29.350000,2025-08-14,2025-06-30,-1.750000,-0.810000,-36.234568,0.868762,37.448926,59.963563,29.629933,-0.703697,-31.037327,-61.370957,,,,,,,,,,30.412500,32.382500,34.495000,35.237500,30.412500,32.201906,28.623094,31.307203,29.517797
2025-11-05,28.850000,2025-08-14,2025-06-30,-1.750000,-0.810000,-35.617284,0.258062,37.441340,60.445940,30.118455,-0.209030,-30.536516,-60.864001,,,,,,,,,,30.345000,32.285000,34.405833,35.174375,30.345000,32.265225,28.424775,31.305112,29.384888
2025-11-06,29.000000,2025-08-14,2025-06-30,-1.750000,-0.810000,-35.802469,-0.349186,37.430250,60.919845,30.601343,0.282841,-30.035662,-60.354164,,,,,,,,,,30.200000,32.190000,34.326250,35.111875,30.200000,32.062935,28.337065,31.131467,29.268533
2025-11-07,28.300000,2025-08-14,2025-06-30,-1.750000,-0.810000,-34.938272,-0.947229,37.404582,61.362679,31.064967,0.767256,-29.530456,-59.828168,,,,,,,,,,30.032500,32.065833,34.242917,35.050417,30.032500,31.948163,28.116837,30.990331,29.074669
2025-11-10,29.250000,2025-08-14,2025-06-30,-1.750000,-0.810000,-36.111111,-1.547033,37.386398,61.819062,31.536080,1.253097,-29.029886,-59.312868,,,,,,,,,,29.855000,31.950000,34.175833,34.999375,29.855000,31.288031,28.421969,30.571516,29.138484
2025-11-11,28.850000,2025-08-14,2025-06-30,-1.750000,-0.810000,-35.617284,-2.141520,37.355980,62.251320,31.992976,1.734631,-28.523713,-58.782057,,,,,,,,,,29.737500,31.816667,34.106667,34.946875,29.737500,31.089253,28.385747,30.413377,29.061623
2025-11-12,29.600000,2025-08-14,2025-06-30,-1.750000,-0.810000,-36.543210,-2.743323,37.323356,62.685928,32.454010,2.222091,-28.009827,-58.241746,,,,,,,,,,29.695000,31.693333,34.044167,34.898125,29.695000,31.005243,28.384757,30.350122,29.039878
2025-11-13,29.400000,2025-08-14,2025-06-30,-1.750000,-0.810000,-36.296296,-3.353885,37.267458,63.089928,32.903287,2.716647,-27.469994,-57.656635,,,,,,,,,,29.660000,31.571667,33.968750,34.848958,29.660000,30.962063,28.357937,30.311032,29.008968
2025-11-14,29.000000,2025-11-14,2025-09-30,0.470000,-0.180000,-161.111111,-5.005372,39.768334,15.217567,8.059267,0.900967,-6.257333,-13.415633,,,,,,,,,,29.595000,31.443333,33.889167,34.801250,29.595000,30.892325,28.297675,30.243663,28.946337
2025-11-17,28.600000,2025-11-14,2025-09-30,0.470000,-0.180000,-158.888889,-6.639942,41.985803,16.310079,8.752634,1.195190,-6.362255,-13.919700,,,,,,,,,,29.545000,31.316667,33.804583,34.749792,29.545000,30.916476,28.173524,30.230738,28.859262
2025-11-18,27.950000,2025-11-14,2025-09-30,0.470000,-0.180000,-155.277778,-8.244020,43.928475,17.298175,9.391049,1.483924,-6.423202,-14.330327,,,,,,,,,,29.462500,31.194167,33.715000,34.699167,29.462500,31.007569,27.917431,30.235034,28.689966
2025-11-19,27.100000,2025-11-14,2025-09-30,0.470000,-0.180000,-150.555556,-9.805541,45.611087,18.184989,9.974993,1.764997,-6.444998,-14.654994,,,,,,,,,,29.305000,31.053333,33.621667,34.648125,29.305000,31.129079,27.480921,30.217039,28.392961
2025-11-20,27.700000,2025-11-14,2025-09-30,0.470000,-0.180000,-153.888889,-11.394439,47.265666,19.066639,10.558819,2.050999,-6.456821,-14.964641,,,,,,,,,,29.147500,30.938333,33.533750,34.598750,29.147500,30.953768,27.341232,30.050634,28.244366
2025-11-21,26.850000,2025-11-14,2025-09-30,0.470000,-0.180000,-149.166667,-12.939978,48.703450,19.862438,11.095817,2.329196,-6.437425,-15.204046,,,,,,,,,,28.972500,30.813333,33.442917,34.550417,28.972500,30.957569,26.987431,29.965035,27.979965
2025-11-24,27.250000,2025-11-14,2025-09-30,0.470000,-0.180000,-151.388889,-14.502434,50.104158,20.647935,11.629186,2.610438,-6.408310,-15.427059,,,,,,,,,,28.807500,30.697500,33.357083,34.506250,28.807500,30.789066,26.825934,29.798283,27.816717
2025-11-25,28.200000,2025-11-14,2025-09-30,0.470000,-0.180000,-156.666667,-16.113278,51.533220,21.452349,12.176370,2.900390,-6.375590,-15.651569,,,,,,,,,,28.710000,30.596667,33.274583,34.465833,28.710000,30.603368,26.816632,29.656684,27.763316
2025-11-26,28.550000,2025-11-14,2025-09-30,0.470000,-0.180000,-158.611111,-17.741527,52.916215,22.243312,12.718394,3.193475,-6.331444,-15.856363,,,,,,,,,,28.640000,30.504167,33.193750,34.428750,28.640000,30.441637,26.838363,29.540818,27.739182
2025-11-27,28.550000,2025-11-14,2025-09-30,0.470000,-0.180000,-158.611111,-19.367774,54.216771,23.004237,13.245218,3.486199,-6.272820,-16.031838,,,,,,,,,,28.577500,30.421667,33.115000,34.390208,28.577500,30.294436,26.860564,29.435968,27.719032
2025-11-28,28.650000,2025-11-14,2025-09-30,0.470000,-0.180000,-159.166667,-20.997448,55.451634,23.742129,13.760835,3.779541,-6.201754,-16.183048,,,,,,,,,,28.550000,30.361667,33.038333,34.349792,28.550000,30.242398,26.857602,29.396199,27.703801
2025-12-01,28.800000,2025-11-14,2025-09-30,0.470000,-0.180000,-160.000000,-22.635669,56.627554,24.460340,14.267380,4.074420,-6.118539,-16.311499,,,,,,,,,,28.490000,30.308333,32.961250,34.307292,28.490000,30.045500,26.934500,29.267750,27.712250
2025-12-02,28.450000,2025-11-14,2025-09-30,0.470000,-0.180000,-158.055556,-24.262895,57.688967,25.135349,14.751335,4.367321,-6.016693,-16.400707,,,,,,,,,,28.445000,30.249167,32.875833,34.260833,28.445000,29.946894,26.943106,29.195947,27.694053
2025-12-03,28.700000,2025-11-14,2025-09-30,0.470000,-0.180000,-159.444444,-25.900092,58.713871,25.799010,15.230513,4.662017,-5.906480,-16.474977,,,,,,,,,,28.437500,30.191667,32.794167,34.220833,28.437500,29.932360,26.942640,29.184930,27.690070
2025-12-04,29.150000,2025-11-14,2025-09-30,0.470000,-0.180000,-161.944444,-27.554116,59.727119,26.461504,15.710622,4.959741,-5.791140,-16.542022,,,,,,,,,,28.445000,30.144167,32.720417,34.183542,28.445000,29.953188,26.936812,29.199094,27.690906
2025-12-05,28.500000,2025-11-14,2025-09-30,0.470000,-0.180000,-158.333333,-29.179650,60.610736,27.072202,16.162270,5.252337,-5.657595,-16.567528,,,,,,,,,,28.455000,30.080000,32.639583,34.149375,28.455000,29.961792,26.948208,29.208396,27.701604
2025-12-08,28.500000,2025-11-14,2025-09-30,0.470000,-0.180000,-158.333333,-30.806787,61.436521,27.662369,16.603795,5.545222,-5.513352,-16.571926,,,,,,,,,,28.417500,30.008333,32.557083,34.114792,28.417500,29.877592,26.957408,29.147546,27.687454
2025-12-09,28.700000,2025-11-14,2025-09-30,0.470000,-0.180000,-159.444444,-32.443584,62.226976,28.241557,17.040701,5.839845,-5.361011,-16.561866,,,,,,,,,,28.410000,29.954167,32.475833,34.085833,28.410000,29.862258,26.957742,29.136129,27.683871
2025-12-10,28.500000,2025-11-14,2025-09-30,0.470000,-0.180000,-158.333333,-34.068317,62.949296,28.794044,17.463170,6.132297,-5.198576,-16.529450,,,,,,,,,,28.355000,29.895833,32.395833,34.056042,28.355000,29.696602,27.013398,29.025801,27.684199
2025-12-11,30.500000,2025-11-14,2025-09-30,0.470000,-0.180000,-169.444444,-35.781636,63.813959,29.413720,17.927207,6.440694,-5.045818,-16.532331,,,,,,,,,,28.410000,29.864167,32.336667,34.034583,28.410000,29.999306,26.820694,29.204653,27.615347
2025-12-12,30.900000,2025-11-14,2025-09-30,0.470000,-0.180000,-171.666667,-37.505060,64.669306,30.031861,18.391386,6.750911,-4.889564,-16.530039,,,,,,,,,,28.505000,29.841667,32.289583,34.016875,28.505000,30.433703,26.576297,29.469351,27.540649
2025-12-15,30.150000,2025-11-14,2025-09-30,0.470000,-0.180000,-167.500000,-39.201374,65.389209,30.596363,18.826305,7.056247,-4.713810,-16.483868,,,,,,,,,,28.582500,29.808333,32.228333,33.999167,28.582500,30.647057,26.517943,29.614778,27.550222
2025-12-16,29.000000,2025-11-14,2025-09-30,0.470000,-0.180000,-161.111111,-40.843245,65.958374,31.096799,19.224292,7.351784,-4.520723,-16.393230,,,,,,,,,,28.635000,29.753333,32.158750,33.979792,28.635000,30.685186,26.584814,29.660093,27.609907
2025-12-17,29.000000,2025-11-14,2025-09-30,0.470000,-0.180000,-161.111111,-42.481511,66.486069,31.581657,19.614164,7.646672,-4.320820,-16.288313,,,,,,,,,,28.730000,29.687500,32.092917,33.960417,28.730000,30.652827,26.807173,29.691413,27.768587
2025-12-18,29.100000,2025-11-14,2025-09-30,0.470000,-0.180000,-161.666667,-44.128012,66.973047,32.053339,19.998191,7.943042,-4.112106,-16.167255,,,,,,,,,,28.800000,29.622500,32.024167,33.939583,28.800000,30.666040,26.933960,29.733020,27.866980
2025-12-19,29.850000,2025-11-14,2025-09-30,0.470000,-0.180000,-165.833333,-45.807232,67.479651,32.537976,20.391639,8.245302,-3.901035,-16.047373,,,,,,,,,,28.950000,29.580000,31.963750,33.918958,28.950000,30.628972,27.271028,29.789486,28.110514
2025-12-22,30.050000,2025-11-14,2025-09-30,0.470000,-0.180000,-166.944444,-47.494510,67.958460,33.014058,20.781535,8.549012,-3.683511,-15.916034,,,,,,,,,,29.090000,29.549167,31.906250,33.900000,29.090000,30.633612,27.546388,29.861806,28.318194
2025-12-23,30.900000,2025-11-14,2025-09-30,0.470000,-0.180000,-171.666667,-49.219937,68.463107,33.506307,21.182948,8.859589,-3.463771,-15.787130,,,,,,,,,,29.225000,29.544167,31.857083,33.885000,29.225000,30.906947,27.543053,30.065974,28.384026
2025-12-24,30.650000,2025-11-14,2025-09-30,0.470000,-0.180000,-170.277778,-50.933790,68.900187,33.972149,21.570116,9.168082,-3.233951,-15.635985,,,,,,,,,,29.330000,29.535000,31.805833,33.872083,29.330000,31.094683,27.565317,30.212341,28.447659
2025-12-26,30.300000,2025-11-14,2025-09-30,0.470000,-0.180000,-168.333333,-52.616216,69.283562,34.413001,21.941960,9.470919,-3.000122,-15.471164,,,,,,,,,,29.417500,29.531667,31.767500,33.857500,29.417500,31.192850,27.642150,30.305175,28.529825
2025-12-29,30.650000,2025-11-14,2025-09-30,0.470000,-0.180000,-170.277778,-54.310037,69.656923,34.852299,22.314053,9.775807,-2.762439,-15.300686,,,,,,,,,,29.517500,29.532500,31.737083,33.845417,29.517500,31.335618,27.699382,30.426559,28.608441
2025-12-30,30.350000,2025-11-14,2025-09-30,0.470000,-0.180000,-168.611111,-55.984360,69.971425,35.266898,22.672041,10.077185,-2.517672,-15.112528,,,,,,,,,,29.595000,29.525000,31.710000,33.834792,29.595000,31.416480,27.773520,30.505740,28.684260
2025-12-31,30.450000,2025-11-14,2025-09-30,0.470000,-0.180000,-169.166667,-57.663313,70.251680,35.670001,23.024699,10.379396,-2.265906,-14.911208,,,,,,,,,,29.695000,29.517500,31.683750,33.820000,29.695000,31.470832,27.919168,30.582916,28.807084
2026-01-02,31.700000,2025-11-14,2025-09-30,0.470000,-0.180000,-176.111111,-59.402941,70.580534,36.101521,23.397025,10.692529,-2.011967,-14.716463,,,,,,,,,,29.845000,29.542500,31.665000,33.799792,29.845000,31.767690,27.922310,30.806345,28.883655
2026-01-05,30.950000,2025-11-14,2025-09-30,0.470000,-0.180000,-171.944444,-61.113055,70.802027,36.489080,23.744715,11.000350,-1.744015,-14.488380,,,,,,,,,,29.935000,29.526667,31.634583,33.777917,29.935000,31.888970,27.981030,30.911985,28.958015
2026-01-06,30.300000,2025-11-14,2025-09-30,0.470000,-0.180000,-168.333333,-62.789471,70.940307,36.840615,24.071360,11.302105,-1.467151,-14.236406,,,,,,,,,,30.025000,29.504167,31.602500,33.756042,30.025000,31.863048,28.186952,30.944024,29.105976
2026-01-07,30.350000,2025-11-14,2025-09-30,0.470000,-0.180000,-168.611111,-64.474611,71.032963,37.177297,24.391363,11.605430,-1.180503,-13.966437,,,,,,,,,,30.117500,29.463333,31.564167,33.735000,30.117500,31.813090,28.421910,30.965295,29.269705
2026-01-08,29.650000,2025-11-14,2025-09-30,0.470000,-0.180000,-164.722222,-66.123338,71.044657,37.478277,24.690239,11.902201,-0.885837,-13.673876,,,,,,,,,,30.165000,29.437500,31.524167,33.712083,30.165000,31.742506,28.587494,30.953753,29.376247
2026-01-09,30.050000,2025-11-14,2025-09-30,0.470000,-0.180000,-166.944444,-67.796994,71.034321,37.775814,24.989637,12.203459,-0.582719,-13.368897,,,,,,,,,,30.242500,29.430833,31.480833,33.690208,30.242500,31.614504,28.870496,30.928502,29.556498
2026-01-12,31.500000,2025-11-14,2025-09-30,0.470000,-0.180000,-175.000000,-69.534173,71.086180,38.107176,25.311664,12.516151,-0.279361,-13.074874,,,,,,,,,,30.292500,29.454167,31.453333,33.677083,30.292500,31.772640,28.812360,31.032570,29.552430
2026-01-13,31.050000,2025-11-14,2025-09-30,0.470000,-0.180000,-172.500000,-71.256128,71.056557,38.406464,25.616283,12.826103,0.035923,-12.754257,,,,,,,,,,30.300000,29.466667,31.416250,33.660208,30.300000,31.794552,28.805448,31.047276,29.552724
2026-01-14,31.350000,2025-11-14,2025-09-30,0.470000,-0.180000,-174.166667,-72.980354,71.022167,38.704444,25.920454,13.136464,0.352474,-12.431516,,,,,,,,,,30.360000,29.495833,31.393750,33.647917,30.360000,31.923936,28.796064,31.141968,29.578032
2026-01-15,31.500000,2025-11-14,2025-09-30,0.470000,-0.180000,-175.000000,-74.715129,70.949855,38.990671,26.219697,13.448723,0.677749,-12.093225,,,,,,,,,,30.485000,29.527500,31.368750,33.634375,30.485000,31.989764,28.980236,31.237382,29.732618
2026-01-16,30.950000,2025-11-14,2025-09-30,0.470000,-0.180000,-171.944444,-76.430852,70.789415,39.241743,26.499648,13.757553,1.015459,-11.726636,,,,,,,,,,30.582500,29.539167,31.332500,33.620625,30.582500,31.926209,29.238791,31.254354,29.910646
2026-01-19,33.150000,2025-11-14,2025-09-30,0.470000,-0.180000,-184.166667,-78.243619,70.739389,39.550031,26.816941,14.083851,1.350762,-11.382328,,,,,,,,,,30.785000,29.577500,31.319583,33.613333,30.785000,32.384375,29.185625,31.584687,29.985313
2026-01-20,31.550000,2025-11-14,2025-09-30,0.470000,-0.180000,-175.277778,-79.982312,70.536930,39.790111,27.093464,14.396816,1.700169,-10.996479,,,,,,,,,,30.870000,29.597500,31.293333,33.606458,30.870000,32.440585,29.299415,31.655292,30.084708
2026-01-21,31.000000,2025-11-14,2025-09-30,0.470000,-0.180000,-172.222222,-81.695142,70.257564,39.997848,27.351487,14.705126,2.058764,-10.587597,,,,,,,,,,30.917500,29.605000,31.262917,33.591875,30.917500,32.440404,29.394596,31.678952,30.156048
2026-01-22,31.000000,2025-11-14,2025-09-30,0.470000,-0.180000,-172.222222,-83.409574,69.932092,40.189277,27.601500,15.013723,2.425947,-10.161830,,,,,,,,,,30.922500,29.619167,31.230833,33.574792,30.922500,32.445819,29.399181,31.684159,30.160841
2026-01-23,30.600000,2025-11-14,2025-09-30,0.470000,-0.180000,-170.000000,-85.104285,69.541480,40.353704,27.836238,15.318771,2.801305,-9.716161,,,,,,,,,,30.920000,29.630000,31.196667,33.555833,30.920000,32.445364,29.394636,31.682682,30.157318
2026-01-26,30.500000,2025-11-14,2025-09-30,0.470000,-0.180000,-169.444444,-86.801579,69.088470,40.496133,28.060209,15.624284,3.188360,-9.247565,,,,,,,,,,30.930000,29.641667,31.154167,33.536250,30.930000,32.440803,29.419197,31.685402,30.174598
2026-01-27,30.400000,2025-11-14,2025-09-30,0.470000,-0.180000,-168.888889,-88.490637,68.591133,40.621123,28.274719,15.928315,3.581911,-8.764493,,,,,,,,,,30.917500,29.661667,31.114583,33.517500,30.917500,32.442131,29.392869,31.679816,30.155184
2026-01-28,30.150000,2025-11-14,2025-09-30,0.470000,-0.180000,-167.500000,-90.169723,68.031570,40.721915,28.476233,16.230550,3.984868,-8.260815,,,,,,,,,,30.907500,29.664167,31.071250,33.497500,30.907500,32.450319,29.364681,31.678909,30.136091
2026-01-29,29.350000,2025-11-14,2025-09-30,0.470000,-0.180000,-163.055556,-91.809770,67.388284,40.785541,28.655650,16.525759,4.395867,-7.734024,,,,,,,,,,30.852500,29.664167,31.023333,33.474167,30.852500,32.536004,29.168996,31.694252,30.010748
2026-01-30,28.550000,2025-11-14,2025-09-30,0.470000,-0.180000,-158.611111,-93.409574,66.666547,40.813680,28.813702,16.813723,4.813745,-7.186234,,,,,,,,,,30.695000,29.659167,30.972083,33.447500,30.695000,32.617142,28.772858,31.656071,29.733929
2026-02-02,28.150000,2025-11-14,2025-09-30,0.470000,-0.180000,-156.388889,-94.990859,65.880044,40.815171,28.956763,17.098355,5.239947,-6.618461,,,,,,,,,,30.555000,29.645000,30.917500,33.418542,30.555000,32.782555,28.327445,31.668777,29.441223
2026-02-03,28.700000,2025-11-14,2025-09-30,0.470000,-0.180000,-159.444444,-96.606021,65.052476,40.807975,29.098530,17.389084,5.679638,-6.029807,,,,,,,,,,30.475000,29.651667,30.858750,33.383125,30.475000,32.851087,28.098913,31.663044,29.286956
2026-02-04,29.200000,2025-11-14,2025-09-30,0.470000,-0.180000,-162.222222,-98.247937,64.188506,40.792491,29.238560,17.684629,6.130698,-5.423233,,,,,,,,,,30.417500,29.650833,30.800417,33.350833,30.417500,32.861025,27.973975,31.639263,29.195737
2026-02-05,28.700000,2025-11-14,2025-09-30,0.470000,-0.180000,-159.444444,-99.871914,63.236090,40.741937,29.359441,17.976944,6.594448,-4.788048,,,,,,,,,,30.370000,29.648333,30.732500,33.312708,30.370000,32.911322,27.828678,31.640661,29.099339
2026-02-06,28.000000,2025-11-14,2025-09-30,0.470000,-0.180000,-155.555556,-100.787551,63.240289,40.908263,29.525011,18.141759,6.758507,-4.624745,,,,,,,,,,30.267500,29.621667,30.657500,33.271042,30.267500,33.019777,27.515223,31.643638,28.891362
2026-02-09,28.200000,2025-11-14,2025-09-30,0.470000,-0.180000,-156.666667,-101.715535,63.236384,41.073895,29.691345,18.308796,6.926247,-4.456302,,,,,,,,,,30.102500,29.601667,30.586667,33.231667,30.102500,32.938078,27.266922,31.520289,28.684711
2026-02-10,28.500000,2025-11-14,2025-09-30,0.470000,-0.180000,-158.333333,-102.657407,63.230894,41.241455,29.859894,18.478333,7.096772,-4.284789,,,,,,,,,,29.975000,29.593333,30.518333,33.194583,29.975000,32.860080,27.089920,31.417540,28.532460
2026-02-11,27.200000,2025-11-14,2025-09-30,0.470000,-0.180000,-151.111111,-103.544239,63.157313,41.374596,30.006279,18.637963,7.269647,-4.098670,,,,,,,,,,29.767500,29.570000,30.443333,33.155833,29.767500,32.827819,26.707181,31.297660,28.237340
2026-02-23,28.100000,2025-11-14,2025-09-30,0.470000,-0.180000,-156.111111,-104.481996,63.094884,41.520918,30.163838,18.806759,7.449680,-3.907399,,,,,,,,,,29.597500,29.572500,30.383333,33.119375,29.597500,32.630212,26.564788,31.113856,28.081144
2026-02-24,28.100000,2025-11-14,2025-09-30,0.470000,-0.180000,-156.111111,-105.417181,63.020862,41.662603,30.318848,18.975093,7.631337,-3.712418,,,,,,,,,,29.455000,29.589167,30.321250,33.084167,29.455000,32.487959,26.422041,30.971480,27.938520
2026-02-25,28.050000,2025-11-14,2025-09-30,0.470000,-0.180000,-155.833333,-106.359825,62.921025,41.796337,30.470553,19.144769,7.818984,-3.506800,,,,,,,,,,29.200000,29.595000,30.266667,33.044792,29.200000,31.742895,26.657105,30.471448,27.928552
2026-02-26,28.300000,2025-11-14,2025-09-30,0.470000,-0.180000,-157.222222,-107.316615,62.813235,41.929755,30.623373,19.316991,8.010608,-3.295774,,,,,,,,,,29.037500,29.619167,30.216250,33.007500,29.037500,31.353321,26.721679,30.195410,27.879590
2026-03-02,28.000000,2025-11-14,2025-09-30,0.470000,-0.180000,-155.555556,-108.261060,62.678148,42.051124,30.769057,19.486991,8.204924,-3.077143,,,,,,,,,,28.887500,29.631667,30.164583,32.970000,28.887500,31.051773,26.723227,29.969637,27.805363
2026-03-03,27.600000,2025-11-14,2025-09-30,0.470000,-0.180000,-153.333333,-109.186471,62.515426,42.159118,30.906342,19.653565,8.400788,-2.851989,,,,,,,,,,28.717500,29.621667,30.109167,32.932708,28.717500,30.710455,26.724545,29.713977,27.721023
2026-03-04,26.000000,2025-11-14,2025-09-30,0.470000,-0.180000,-144.444444,-110.039352,62.290207,42.231558,31.019321,19.807083,8.594846,-2.617391,,,,,,,,,,28.487500,29.579167,30.041667,32.890625,28.487500,30.622392,26.352608,29.554946,27.420054
2026-03-05,26.700000,2025-11-14,2025-09-30,0.470000,-0.180000,-148.333333,-110.930813,62.064094,42.310620,31.139083,19.967546,8.796009,-2.375528,,,,,,,,,,28.297500,29.548333,29.985000,32.855208,28.297500,30.353166,26.241834,29.325333,27.269667
2026-03-06,27.000000,2025-11-14,2025-09-30,0.470000,-0.180000,-150.000000,-111.849023,61.817705,42.387198,31.260011,20.132824,9.005637,-2.121550,,,,,,,,,,28.127500,29.520833,29.941250,32.820833,28.127500,30.005762,26.249238,29.066631,27.188369
2026-03-09,25.200000,2025-11-14,2025-09-30,0.470000,-0.180000,-140.000000,-112.686471,61.509365,42.426936,31.355251,20.283565,9.211879,-1.859807,,,,,,,,,,27.880000,29.460833,29.884583,32.780000,27.880000,29.932572,25.827428,28.906286,26.853714
2026-03-10,25.700000,2025-11-14,2025-09-30,0.470000,-0.180000,-142.777778,-113.547068,61.198540,42.469947,31.454209,20.438472,9.422735,-1.593002,,,,,,,,,,27.697500,29.415000,29.832083,32.741042,27.697500,29.846545,25.548455,28.772023,26.622977
2026-03-11,28.250000,2025-11-14,2025-09-30,0.470000,-0.180000,-156.944444,-114.524177,60.944953,42.554535,31.584443,20.614352,9.644260,-1.325831,,,,,,,,,,27.682500,29.407500,29.799583,32.712917,27.682500,29.810577,25.554423,28.746538,26.618462
2026-03-12,31.050000,2025-11-14,2025-09-30,0.470000,-0.180000,-172.500000,-115.632459,60.778306,42.694033,31.753938,20.813843,9.873748,-1.066347,,,,,,,,,,27.827500,29.439167,29.791667,32.695625,27.827500,30.431641,25.223359,29.129571,26.525429
2026-03-13,30.650000,2025-11-14,2025-09-30,0.470000,-0.180000,-170.277778,-116.718621,60.578529,42.817622,31.913487,21.009352,10.105217,-0.798918,,,,,,,,,,27.925000,29.475000,29.777500,32.675625,27.925000,30.798747,25.051253,29.361873,26.488127
2026-03-16,31.050000,2025-11-14,2025-09-30,0.470000,-0.180000,-172.500000,-117.818673,60.380958,42.944506,32.075934,21.207361,10.338789,-0.529784,,,,,,,,,,28.017500,29.517500,29.762917,32.659167,28.017500,31.169655,24.865345,29.593577,26.441423
2026-03-17,31.100000,2025-11-14,2025-09-30,0.470000,-0.180000,-172.777778,-118.929784,60.152969,43.062430,32.234896,21.407361,10.579827,-0.247708,,,,,,,,,,28.137500,29.557500,29.755833,32.638958,28.137500,31.569375,24.705625,29.853437,26.421563
2026-03-18,30.950000,2025-11-14,2025-09-30,0.470000,-0.180000,-171.944444,-120.033436,59.897915,43.169268,32.387643,21.606019,10.824394,0.042769,,,,,,,,,,28.285000,29.598333,29.747083,32.615000,28.285000,31.938419,24.631581,30.111710,26.458290
2026-03-19,31.000000,2025-11-14,2025-09-30,0.470000,-0.180000,-172.222222,-121.135288,59.628830,43.270731,32.537541,21.804352,11.071162,0.337973,,,,,,,,,,28.425000,29.606667,29.735417,32.591667,28.425000,32.274060,24.575940,30.349530,26.500470
2026-03-20,30.650000,2025-11-14,2025-09-30,0.470000,-0.180000,-170.277778,-122.222479,59.322238,43.356052,32.678049,22.000046,11.322044,0.644041,,,,,,,,,,28.532500,29.602500,29.722083,32.568333,28.532500,32.508385,24.556615,30.520442,26.544558
2026-03-23,29.300000,2025-11-14,2025-09-30,0.470000,-0.180000,-162.777778,-123.248200,58.946159,43.405293,32.794985,22.184676,11.574367,0.964059,,,,,,,,,,28.637500,29.588333,29.698333,32.540625,28.637500,32.575957,24.699043,30.606729,26.668271
2026-03-24,29.450000,2025-11-14,2025-09-30,0.470000,-0.180000,-163.611111,-124.279321,58.556448,43.450599,32.910438,22.370278,11.830117,1.289956,,,,,,,,,,28.705000,29.595833,29.674583,32.512500,28.705000,32.650937,24.759063,30.677969,26.732031
2026-03-25,29.150000,2025-11-14,2025-09-30,0.470000,-0.180000,-161.944444,-125.289866,58.146523,43.484924,33.018550,22.552176,12.085802,1.619427,,,,,,,,,,28.757500,29.598333,29.642917,32.486458,28.757500,32.697481,24.817519,30.727490,26.787510
2026-03-26,28.500000,2025-11-14,2025-09-30,0.470000,-0.180000,-158.333333,-126.269805,57.698816,43.500138,33.114352,22.728565,12.342778,1.956991,,,,,,,,,,28.780000,29.588333,29.605417,32.464583,28.780000,32.708090,24.851910,30.744045,26.815955
2026-03-27,28.100000,2025-11-14,2025-09-30,0.470000,-0.180000,-156.111111,-127.237397,57.211455,43.498855,33.200793,22.902731,12.604670,2.306608,,,,,,,,,,28.770000,29.559167,29.569583,32.437083,28.770000,32.704249,24.835751,30.737125,26.802875
2026-03-30,27.300000,2025-11-14,2025-09-30,0.470000,-0.180000,-151.666667,-128.173097,56.678231,43.475321,33.273239,23.071157,12.869076,2.666994,,,,,,,,,,28.735000,29.513333,29.531250,32.406667,28.735000,32.710332,24.759668,30.722666,26.747334
2026-03-31,26.250000,2026-03-31,2025-12-31,0.630000,-0.320000,-82.031250,-128.535703,56.237309,77.123302,59.127364,41.131425,23.135486,5.139547,,,,,,,,,,28.667500,29.435833,29.490000,32.386250,28.667500,32.767856,24.567144,30.717678,26.617322
2026-04-01,26.650000,2026-03-31,2025-12-31,0.630000,-0.320000,-83.281250,-128.908726,55.781817,76.951155,59.100974,41.250792,23.400611,5.550429,,,,,,,,,,28.700000,29.369167,29.452083,32.380417,28.700000,32.720867,24.679133,30.710433,26.689567
2026-04-02,26.000000,2026-03-31,2025-12-31,0.630000,-0.320000,-81.250000,-129.272023,55.322574,76.773495,59.070271,41.367047,23.663824,5.960600,,,,,,,,,,28.665000,29.297500,29.414583,32.383542,28.665000,32.770465,24.559535,30.717732,26.612268
2026-04-07,26.200000,2026-03-31,2025-12-31,0.630000,-0.320000,-81.875000,-129.639500,54.854196,76.591325,59.037983,41.484640,23.931297,6.377955,,,,,,,,,,28.625000,29.223333,29.377917,32.377083,28.625000,32.813518,24.436482,30.719259,26.530741
2026-04-08,27.000000,2026-03-31,2025-12-31,0.630000,-0.320000,-84.375000,-130.025752,54.364677,76.401634,59.004937,41.608241,24.211544,6.814848,,,,,,,,,,28.715000,29.167500,29.346250,32.368958,28.715000,32.664164,24.765836,30.689582,26.740418
2026-04-09,26.700000,2026-03-31,2025-12-31,0.630000,-0.320000,-83.437500,-130.403164,53.876495,76.209969,58.969491,41.729012,24.488534,7.248056,,,,,,,,,,28.765000,29.105000,29.311250,32.347708,28.765000,32.576354,24.953646,30.670677,26.859323
2026-04-10,26.800000,2026-03-31,2025-12-31,0.630000,-0.320000,-83.750000,-130.790381,53.366173,76.007273,58.930097,41.852922,24.775746,7.698571,,,,,,,,,,28.692500,29.023333,29.282917,32.322083,28.692500,32.599077,24.785923,30.645788,26.739212
2026-04-13,29.450000,2026-03-31,2025-12-31,0.630000,-0.320000,-92.031250,-131.229118,52.822016,75.799408,58.896363,41.993318,25.090273,8.187228,,,,,,,,,,28.612500,28.998333,29.262500,32.308125,28.612500,32.378815,24.846185,30.495658,26.729342
2026-04-14,30.300000,2026-03-31,2025-12-31,0.630000,-0.320000,-94.687500,-131.692564,52.247523,75.580035,58.860828,42.141620,25.422413,8.703205,,,,,,,,,,28.595000,28.998333,29.251250,32.293750,28.595000,32.324527,24.865473,30.459763,26.730237
2026-04-15,31.300000,2026-03-31,2025-12-31,0.630000,-0.320000,-97.812500,-132.170219,51.665530,75.360409,58.827440,42.294470,25.761501,9.228531,,,,,,,,,,28.607500,29.014167,29.238750,32.276458,28.607500,32.373173,24.841827,30.490336,26.724664
2026-04-16,31.050000,2026-03-31,2025-12-31,0.630000,-0.320000,-97.031250,-132.657825,51.046649,75.120360,58.785432,42.450504,26.115576,9.780649,,,,,,,,,,28.605000,29.037500,29.237500,32.257083,28.605000,32.363765,24.846235,30.484383,26.725617
2026-04-17,30.200000,2026-03-31,2025-12-31,0.630000,-0.320000,-94.375000,-133.131012,50.417317,74.869007,58.735465,42.601924,26.468382,10.334841,,,,,,,,,,28.567500,29.040000,29.235417,32.236042,28.567500,32.241774,24.893226,30.404637,26.730363
2026-04-20,30.000000,2026-03-31,2025-12-31,0.630000,-0.320000,-93.750000,-133.602591,49.772645,74.607322,58.680076,42.752829,26.825583,10.898336,,,,,,,,,,28.517500,29.015000,29.234583,32.212917,28.517500,32.077848,24.957152,30.297674,26.737326
2026-04-21,31.200000,2026-03-31,2025-12-31,0.630000,-0.320000,-97.500000,-134.103363,49.094355,74.333463,58.623270,42.913076,27.202883,11.492689,,,,,,,,,,28.545000,29.017500,29.242083,32.192917,28.545000,32.182365,24.907635,30.363682,26.726318
2026-04-22,30.750000,2026-03-31,2025-12-31,0.630000,-0.320000,-96.093750,-134.599617,48.395918,74.045265,58.558571,43.071878,27.585184,12.098490,,,,,,,,,,28.617500,29.007500,29.251667,32.170417,28.617500,32.374077,24.860923,30.495788,26.739212
2026-04-23,29.700000,2026-03-31,2025-12-31,0.630000,-0.320000,-92.812500,-135.068528,47.705534,73.753471,58.487700,43.221929,27.956158,12.690387,,,,,,,,,,28.630000,28.977500,29.252500,32.142917,28.630000,32.399881,24.860119,30.514940,26.745060
2026-04-24,29.600000,2026-03-31,2025-12-31,0.630000,-0.320000,-92.500000,-135.528148,47.016831,73.459779,58.414393,43.369007,28.323621,13.278235,,,,,,,,,,28.652500,28.955000,29.247083,32.116042,28.652500,32.440775,24.864225,30.546637,26.758363
2026-04-27,29.500000,2026-03-31,2025-12-31,0.630000,-0.320000,-92.187500,-135.978990,46.328970,73.163817,58.338547,43.513277,28.688006,13.862736,,,,,,,,,,28.702500,28.894167,29.235833,32.091042,28.702500,32.508655,24.896345,30.605577,26.799423
2026-04-28,30.000000,2026-03-31,2025-12-31,0.630000,-0.320000,-93.750000,-136.447997,45.602515,72.848969,58.256164,43.663359,29.070554,14.477749,,,,,,,,,,28.797500,28.868333,29.232917,32.061458,28.797500,32.635053,24.959947,30.716277,26.878723
2026-04-29,29.850000,2026-03-31,2025-12-31,0.630000,-0.320000,-93.281250,-136.911040,44.867759,72.526899,58.169216,43.811533,29.453850,15.096167,,,,,,,,,,28.925000,28.849167,29.227083,32.036875,28.925000,32.722298,25.127702,30.823649,27.026351
2026-04-30,30.300000,2026-03-31,2025-12-31,0.630000,-0.320000,-94.687500,-137.389918,44.094840,72.185471,58.075122,43.964774,29.854425,15.744076,,,,,,,,,,29.127500,28.837500,29.228333,32.009792,29.127500,32.752192,25.502808,30.939846,27.315154
2026-05-04,30.850000,2026-03-31,2025-12-31,0.630000,-0.320000,-96.406250,-137.885176,43.283836,71.824911,57.974084,44.123256,30.272429,16.421601,,,,,,,,,,29.337500,28.841667,29.235833,31.991458,29.337500,32.842515,25.832485,31.090008,27.584992
2026-05-05,32.250000,2026-03-31,2025-12-31,0.630000,-0.320000,-100.781250,-138.418435,42.413306,71.438415,57.866157,44.293899,30.721641,17.149383,,,,,,,,,,29.650000,28.870833,29.256250,31.979167,29.650000,33.013739,26.286261,31.331869,27.968131
2026-05-06,31.550000,2026-03-31,2025-12-31,0.630000,-0.320000,-98.593750,-138.939638,41.519634,71.033250,57.746967,44.460684,31.174401,17.888119,,,,,,,,,,29.917500,28.890000,29.275833,31.963958,29.917500,32.961783,26.873217,31.439641,28.395359
2026-05-07,31.000000,2026-03-31,2025-12-31,0.630000,-0.320000,-96.875000,-139.438288,40.635412,70.626916,57.623584,44.620252,31.616920,18.613588,,,,,,,,,,30.117500,28.904167,29.284167,31.931875,30.117500,32.865949,27.369051,31.491725,28.743275
2026-05-08,30.850000,2026-03-31,2025-12-31,0.630000,-0.320000,-96.406250,-139.939718,39.711962,70.196365,57.488538,44.780710,32.072882,19.365054,,,,,,,,,,30.325000,28.929167,29.296667,31.895833,30.325000,32.567062,28.082938,31.446031,29.203969
2026-05-11,32.900000,2026-03-31,2025-12-31,0.630000,-0.320000,-102.812500,-140.499678,38.689171,69.720967,57.340432,44.959897,32.579362,20.198828,,,,,,,,,,30.630000,29.001667,29.330417,31.868125,30.630000,32.478015,28.781985,31.554007,29.705993
2026-05-12,34.000000,2026-03-31,2025-12-31,0.630000,-0.320000,-106.250000,-141.086741,37.606494,69.215913,57.181835,45.147757,33.113679,21.079601,,,,,,,,,,30.857500,29.099167,29.372083,31.849167,30.857500,33.158592,28.556408,32.008046,29.706954
2026-05-13,33.600000,2026-03-31,2025-12-31,0.630000,-0.320000,-105.000000,-141.670589,36.471401,68.676285,57.005437,45.334588,33.663740,21.992892,,,,,,,,,,31.022500,29.180833,29.416250,31.829583,31.022500,33.610626,28.434374,32.316563,29.728437
2026-05-14,35.200000,2026-03-31,2025-12-31,0.630000,-0.320000,-110.000000,-142.286330,35.278500,68.109866,56.820746,45.531626,34.242505,22.953385,,,,,,,,,,31.217500,29.280833,29.465833,31.820833,31.217500,34.410630,28.024370,32.814065,29.620935
2026-05-15,34.600000,2026-05-15,2026-03-31,0.620000,-0.030000,-1153.333333,-151.600630,98.242161,10.442549,7.495284,4.548019,1.600754,-1.346511,,,,,,,,,,31.395000,29.379167,29.513750,31.810208,31.395000,34.925752,27.864248,33.160376,29.629624
2026-05-18,34.350000,2026-05-15,2026-03-31,0.620000,-0.030000,-1145.000000,-160.837770,133.217970,12.818211,8.821672,4.825133,0.828594,-3.167945,,,,,,,,,,31.602500,29.485000,29.553333,31.798750,31.602500,35.320376,27.884624,33.461438,29.743562
2026-05-19,32.500000,2026-05-15,2026-03-31,0.620000,-0.030000,-1083.333333,-169.563079,157.134210,14.514945,9.800919,5.086892,0.372866,-4.341160,,,,,,,,,,31.727500,29.556667,29.579167,31.773958,31.727500,35.386156,28.068844,33.556828,29.898172
2026-05-20,32.650000,2026-05-15,2026-03-31,0.620000,-0.030000,-1088.333333,-177.289931,178.112203,16.005430,10.662064,5.318698,-0.024668,-5.368034,,,,,,,,,,31.800000,29.625833,29.609583,31.749375,31.800000,35.472085,28.127915,33.636043,29.963957
2026-05-21,34.050000,2026-05-15,2026-03-31,0.620000,-0.030000,-1135.000000,-185.424190,198.398650,17.466645,11.514685,5.562726,-0.389234,-6.341193,,,,,,,,,,31.965000,29.740000,29.655000,31.729792,31.965000,35.733722,28.196278,33.849361,30.080639
2026-05-22,34.700000,2026-05-15,2026-03-31,0.620000,-0.030000,-1156.666667,-193.769097,217.281283,18.849950,12.331511,5.813073,-0.705366,-7.223804,,,,,,,,,,32.215000,29.850000,29.711250,31.713125,32.215000,36.014321,28.415679,34.114661,30.315339
2026-05-25,35.000000,2026-05-15,2026-03-31,0.620000,-0.030000,-1166.666667,-202.236690,234.685304,20.148219,13.107660,6.067101,-0.973458,-8.014018,,,,,,,,,,32.485000,29.965000,29.777083,31.699375,32.485000,36.269331,28.700669,34.377165,30.592835
2026-05-26,34.900000,2026-05-15,2026-03-31,0.620000,-0.030000,-1163.333333,-210.648727,250.496374,21.349244,13.834353,6.319462,-1.195429,-8.710321,,,,,,,,,,32.755000,30.079167,29.837083,31.685417,32.755000,36.410983,29.099017,34.582991,30.927009
2026-05-27,36.500000,2026-05-15,2026-03-31,0.620000,-0.030000,-1216.666667,-219.544560,266.723968,22.589775,14.588056,6.586337,-1.415382,-9.417101,,,,,,,,,,33.080000,30.215833,29.917500,31.680208,33.080000,36.858387,29.301613,34.969194,31.190806
2026-05-28,34.600000,2026-05-15,2026-03-31,0.620000,-0.030000,-1153.333333,-227.894097,279.928110,23.632509,15.234666,6.836823,-1.561020,-9.958864,,,,,,,,,,33.317500,30.325833,29.978750,31.667917,33.317500,36.828726,29.806274,35.073113,31.561887
2026-05-29,35.600000,2026-05-15,2026-03-31,0.620000,-0.030000,-1186.666667,-236.477431,293.202263,24.686459,15.890391,7.094323,-1.701745,-10.497813,,,,,,,,,,33.582500,30.459167,30.040417,31.657500,33.582500,36.931070,30.233930,35.256785,31.908215
2026-06-01,36.700000,2026-05-15,2026-03-31,0.620000,-0.030000,-1223.333333,-245.350116,306.628658,25.758223,16.559363,7.360503,-1.838356,-11.037216,,,,,,,,,,33.875000,30.637500,30.108333,31.651042,33.875000,37.240537,30.509463,35.557769,32.192231
2026-06-02,36.050000,2026-05-15,2026-03-31,0.620000,-0.030000,-1201.666667,-254.042245,318.695691,26.743009,17.182138,7.621267,-1.939603,-11.500474,,,,,,,,,,34.065000,30.793333,30.170833,31.642917,34.065000,37.473055,30.656945,35.769028,32.360972
2026-06-03,36.450000,2026-05-15,2026-03-31,0.620000,-0.030000,-1215.000000,-262.840856,330.413731,27.710050,17.797638,7.885226,-2.027186,-11.939598,,,,,,,,,,34.310000,30.950833,30.235833,31.637083,34.310000,37.660821,30.959179,35.985410,32.634590
2026-06-04,35.750000,2026-05-15,2026-03-31,0.620000,-0.030000,-1191.666667,-271.438079,340.968548,28.601255,18.372199,8.143142,-2.085914,-12.314971,,,,,,,,,,34.547500,31.126667,30.293750,31.627500,34.547500,37.567517,31.527483,36.057508,33.037492
2026-06-05,35.450000,2026-05-15,2026-03-31,0.620000,-0.030000,-1181.666667,-279.968171,350.771245,29.445320,18.922182,8.399045,-2.124092,-12.647230,,,,,,,,,,34.777500,31.289167,30.352083,31.613958,34.777500,37.265677,32.289323,36.021589,33.533411
2026-06-08,33.200000,2026-05-15,2026-03-31,0.620000,-0.030000,-1106.666667,-287.861690,358.606582,30.152246,19.394048,8.635851,-2.122347,-12.880544,,,,,,,,,,34.792500,31.371667,30.389583,31.591875,34.792500,37.236241,32.348759,36.014370,33.570630
2026-06-09,34.300000,2026-05-15,2026-03-31,0.620000,-0.030000,-1143.333333,-296.039931,366.807640,30.889656,19.885427,8.881198,-2.123031,-13.127261,,,,,,,,,,34.807500,31.425833,30.432500,31.576458,34.807500,37.234383,32.380617,36.020942,33.594058
2026-06-10,33.150000,2026-05-15,2026-03-31,0.620000,-0.030000,-1105.000000,-303.928819,373.931854,31.553776,20.335820,9.117865,-2.100091,-13.318047,,,,,,,,,,34.785000,31.467500,30.471250,31.555417,34.785000,37.266744,32.303256,36.025872,33.544128
2026-06-11,36.450000,2026-05-15,2026-03-31,0.620000,-0.030000,-1215.000000,-312.734375,382.810557,32.350665,20.866348,9.382031,-2.102285,-13.586602,,,,,,,,,,34.847500,31.557500,30.537500,31.547292,34.847500,37.433998,32.261002,36.140749,33.554251
2026-06-12,35.950000,2026-05-15,2026-03-31,0.620000,-0.030000,-1198.333333,-321.391782,390.975084,33.100259,21.371006,9.641753,-2.087499,-13.816752,,,,,,,,,,34.915000,31.638333,30.597917,31.536875,34.915000,37.544409,32.285591,36.229704,33.600296
2026-06-15,38.350000,2026-05-15,2026-03-31,0.620000,-0.030000,-1278.333333,-330.725116,400.306775,33.940160,21.930957,9.921753,-2.087450,-14.096653,,,,,,,,,,35.115000,31.761667,30.680000,31.537917,35.115000,38.141914,32.088086,36.628457,33.601543
2026-06-16,39.500000,2026-05-15,2026-03-31,0.620000,-0.030000,-1316.666667,-340.285301,410.004282,34.808816,22.508687,10.208559,-2.091569,-14.391698,,,,,,,,,,35.465000,31.903333,30.755000,31.545833,35.465000,38.819824,32.110176,37.142412,33.787588
2026-06-17,41.250000,2026-05-15,2026-03-31,0.620000,-0.030000,-1375.000000,-350.313079,420.428486,35.735102,23.122247,10.509392,-2.103462,-14.716317,,,,,,,,,,35.895000,32.080000,30.841250,31.565417,35.895000,39.876655,31.913345,37.885828,33.904172
2026-06-18,39.400000,2026-05-15,2026-03-31,0.620000,-0.030000,-1313.333333,-359.861690,429.162753,36.545616,23.670733,10.795851,-2.079032,-14.953915,,,,,,,,,,36.162500,32.248333,30.918333,31.573333,36.162500,40.336464,31.988536,38.249482,34.075518
2026-06-22,39.350000,2026-05-15,2026-03-31,0.620000,-0.030000,-1311.666667,-369.449653,437.457312,37.330928,24.207209,11.083490,-2.040230,-15.163949,,,,,,,,,,36.395000,32.413333,31.004583,31.581667,36.395000,40.740463,32.049537,38.567732,34.222268
2026-06-23,39.350000,2026-05-15,2026-03-31,0.620000,-0.030000,-1311.666667,-379.037616,445.389410,38.094493,24.732811,11.371128,-1.990554,-15.352236,,,,,,,,,,36.612500,32.583333,31.090833,31.591875,36.612500,41.097196,32.127804,38.854848,34.370152
2026-06-24,38.500000,2026-05-15,2026-03-31,0.620000,-0.030000,-1283.333333,-388.384838,452.502395,38.801689,25.226617,11.651545,-1.923527,-15.498599,,,,,,,,,,36.792500,32.750000,31.169167,31.596667,36.792500,41.276774,32.308226,39.034637,34.550363
2026-06-25,42.350000,2026-05-15,2026-03-31,0.620000,-0.030000,-1411.666667,-398.766782,461.554680,39.656284,25.809644,11.963003,-1.883637,-15.730277,,,,,,,,,,37.085000,32.987500,31.273333,31.618542,37.085000,42.206790,31.963210,39.645895,34.524105
2026-06-26,39.450000,2026-05-15,2026-03-31,0.620000,-0.030000,-1315.000000,-408.333912,468.554474,40.363286,26.306652,12.250017,-1.806617,-15.863251,,,,,,,,,,37.327500,33.190000,31.351667,31.628958,37.327500,42.413029,32.241971,39.870265,34.784735
2026-06-29,41.100000,2026-05-15,2026-03-31,0.620000,-0.030000,-1370.000000,-418.320023,476.175906,41.120155,26.834878,12.549601,-1.735676,-16.020954,,,,,,,,,,37.602500,33.437500,31.436667,31.646875,37.602500,42.885688,32.319312,40.244094,34.960906
2026-06-30,45.200000,2026-05-15,2026-03-31,0.620000,-0.030000,-1506.666667,-429.456597,485.855102,42.035004,27.459351,12.883698,-1.691955,-16.267608,,,,,,,,,,38.027500,33.746667,31.557917,31.681875,38.027500,44.283064,31.771936,41.155282,34.899718
2026-07-01,43.550000,2026-05-15,2026-03-31,0.620000,-0.030000,-1451.666667,-440.151042,494.112989,42.851311,28.027921,13.204531,-1.618858,-16.442248,,,,,,,,,,38.402500,34.039167,31.668333,31.717917,38.402500,45.046094,31.758906,41.724297,35.080703
2026-07-02,42.150000,2026-05-15,2026-03-31,0.620000,-0.030000,-1405.000000,-450.440394,501.250263,43.588228,28.550720,13.513212,-1.524296,-16.561804,,,,,,,,,,38.687500,34.305000,31.764167,31.750625,38.687500,45.466094,31.908906,42.076797,35.298203
2026-07-03,42.350000,2026-05-15,2026-03-31,0.620000,-0.030000,-1411.666667,-460.799190,508.173687,44.314397,29.069186,13.823976,-1.421235,-16.666446,,,,,,,,,,39.017500,34.560833,31.864167,31.787083,39.017500,45.836458,32.198542,42.426979,35.608021
2026-07-06,41.600000,2026-05-15,2026-03-31,0.620000,-0.030000,-1386.666667,-470.945023,514.417738,44.993415,29.560883,14.128351,-1.304181,-16.736714,,,,,,,,,,39.325000,34.809167,31.957083,31.820417,39.325000,46.020128,32.629872,42.672564,35.977436
2026-07-07,39.900000,2026-05-15,2026-03-31,0.620000,-0.030000,-1330.000000,-480.560764,519.618480,45.593932,30.005377,14.416823,-1.171731,-16.760286,,,,,,,,,,39.660000,35.027500,32.025417,31.845208,39.660000,45.703491,33.616509,42.681746,36.638254
2026-07-08,39.650000,2026-05-15,2026-03-31,0.620000,-0.030000,-1321.666667,-490.141782,524.457303,46.171692,30.437973,14.704253,-1.029466,-16.763185,,,,,,,,,,39.927500,35.197500,32.097917,31.866250,39.927500,45.420603,34.434397,42.674052,37.180948
2026-07-09,40.050000,2026-05-15,2026-03-31,0.620000,-0.030000,-1335.000000,-499.864005,529.233489,46.749929,30.872925,14.995920,-0.881085,-16.758089,,,,,,,,,,40.272500,35.360000,32.179167,31.890833,40.272500,44.745280,35.799720,42.508890,38.036110
2026-07-13,44.050000,2026-05-15,2026-03-31,0.620000,-0.030000,-1468.333333,-510.695023,535.657996,47.460330,31.390591,15.320851,-0.748889,-16.818629,,,,,,,,,,40.652500,35.572500,32.293333,31.928750,40.652500,45.048608,36.256392,42.850554,38.454446
2026-07-14,44.250000,2026-05-15,2026-03-31,0.620000,-0.030000,-1475.000000,-521.614005,541.864888,48.160313,31.904367,15.648420,-0.607526,-16.863473,,,,,,,,,,41.067500,35.792500,32.415000,31.969583,41.067500,45.150362,36.984638,43.108931,39.026069
2026-07-15,44.350000,2026-05-15,2026-03-31,0.620000,-0.030000,-1478.333333,-532.542245,547.842824,48.846837,32.411552,15.976267,-0.459017,-16.894302,,,,,,,,,,41.367500,36.028333,32.534167,32.007500,41.367500,45.491151,37.243849,43.429326,39.305674
2026-07-16,43.350000,2026-05-15,2026-03-31,0.620000,-0.030000,-1445.000000,-543.125579,553.119353,49.480929,32.887348,16.293767,-0.299813,-16.893394,,,,,,,,,,41.560000,36.250833,32.632917,32.043125,41.560000,45.676028,37.443972,43.618014,39.501986
2026-07-17,41.250000,2026-05-15,2026-03-31,0.620000,-0.030000,-1375.000000,-553.146412,557.225894,50.027946,33.311169,16.594392,-0.122384,-16.839161,,,,,,,,,,41.560000,36.418333,32.717917,32.067083,41.560000,45.676028,37.443972,43.618014,39.501986
2026-07-20,41.600000,2026-05-15,2026-03-31,0.620000,-0.030000,-1386.666667,-563.250579,561.274525,50.573989,33.735753,16.897517,0.059282,-16.778954,,,,,,,,,,41.670000,36.599167,32.803333,32.098542,41.670000,45.658589,37.681411,43.664294,39.675706
2026-07-21,41.500000,2026-05-15,2026-03-31,0.620000,-0.030000,-1383.333333,-573.320023,565.076718,51.104204,34.151902,17.199601,0.247299,-16.705002,,,,,,,,,,41.777500,36.795833,32.886667,32.127708,41.777500,45.615876,37.939124,43.696688,39.858312
2026-07-22,45.150000,2026-05-15,2026-03-31,0.620000,-0.030000,-1505.000000,-584.428819,570.199792,51.744852,34.638858,17.532865,0.426871,-16.679123,,,,,,,,,,42.067500,37.055000,33.005000,32.168750,42.067500,46.008683,38.126317,44.038091,40.096909
2026-07-23,45.800000,2026-05-15,2026-03-31,0.620000,-0.030000,-1526.666667,-595.616319,575.426709,52.394092,35.131291,17.868490,0.605688,-16.657113,,,,,,,,,,42.432500,37.326667,33.110417,32.215000,42.432500,46.334493,38.530507,44.383497,40.481503
2026-07-24,46.850000,2026-05-15,2026-03-31,0.620000,-0.030000,-1561.666667,-607.169560,580.808935,53.063623,35.639355,18.215087,0.790819,-16.633449,,,,,,,,,,42.657500,37.607500,33.237917,32.265625,42.657500,47.030055,38.284945,44.843777,40.471223
2026-07-27,46.000000,2026-05-15,2026-03-31,0.620000,-0.030000,-1533.333333,-618.512153,585.514963,53.686262,36.120813,18.555365,0.989916,-16.575533,,,,,,,,,,42.985000,37.876667,33.362917,32.312917,42.985000,47.327095,38.642905,45.156048,40.813952
2026-07-28,43.300000,2026-05-15,2026-03-31,0.620000,-0.030000,-1443.333333,-629.104745,588.861569,54.204837,36.538989,18.873142,1.207295,-16.458552,,,,,,,,,,43.095000,38.093333,33.465417,32.348125,43.095000,47.346551,38.843449,45.220775,40.969225
2026-07-29,44.150000,2026-05-15,2026-03-31,0.620000,-0.030000,-1471.666667,-639.951968,592.312160,54.737289,36.967924,19.198559,1.429194,-16.340171,,,,,,,,,,43.042500,38.315000,33.578333,32.387500,43.042500,47.209700,38.875300,45.126100,40.958900
2026-07-30,42.700000,2026-05-15,2026-03-31,0.620000,-0.030000,-1423.333333,-650.401042,594.996058,55.211795,37.361913,19.512031,1.662150,-16.187732,,,,,,,,,,43.000000,38.489167,33.680000,32.417083,43.000000,47.162742,38.837258,45.081371,40.918629
2026-07-31,46.950000,2026-05-15,2026-03-31,0.620000,-0.030000,-1565.000000,-662.035301,599.136713,55.809262,37.835160,19.861059,1.886958,-16.087144,,,,,,,,,,43.240000,38.745833,33.817917,32.466250,43.240000,47.736502,38.743498,45.488251,40.991749
2026-08-03,48.300000,2026-05-15,2026-03-31,0.620000,-0.030000,-1610.000000,-674.056134,603.585528,56.436816,38.329250,20.221684,2.114118,-15.993448,,,,,,,,,,43.537500,39.034167,33.969167,32.520208,43.537500,48.544429,38.530571,46.040965,41.034035
2026-08-04,50.200000,2026-05-15,2026-03-31,0.620000,-0.030000,-1673.333333,-686.641782,608.566084,57.113218,38.856236,20.599253,2.342271,-15.914712,,,,,,,,,,43.967500,39.356667,34.142917,32.583125,43.967500,49.698604,38.236396,46.833052,41.101948
2026-08-05,49.100000,2026-05-15,2026-03-31,0.620000,-0.030000,-1636.666667,-698.958912,612.732509,57.732718,39.350743,20.968767,2.586792,-15.795183,,,,,,,,,,44.427500,39.626667,34.314167,32.643125,44.427500,50.259939,38.595061,47.343719,41.511281
2026-08-06,48.150000,2026-05-15,2026-03-31,0.620000,-0.030000,-1605.000000,-711.030671,616.213261,58.303716,39.817318,21.330920,2.844522,-15.641876,,,,,,,,,,44.852500,39.862500,34.480833,32.699167,44.852500,50.453296,39.251704,47.652898,42.052102
2026-08-07,52.900000,2026-05-15,2026-03-31,0.620000,-0.030000,-1763.333333,-724.396412,621.520172,59.023103,40.377498,21.731892,3.086287,-15.559318,,,,,,,,,,45.495000,40.184167,34.682500,32.770625,45.495000,51.692529,39.297471,48.593765,42.396235
2026-08-10,49.550000,2026-05-15,2026-03-31,0.620000,-0.030000,-1651.666667,-736.808449,625.061306,59.607932,40.856093,22.104253,3.352414,-15.399425,,,,,,,,,,45.770000,40.423333,34.852083,32.826250,45.770000,52.181946,39.358054,48.975973,42.564027
2026-08-11,45.950000,2026-05-15,2026-03-31,0.620000,-0.030000,-1531.666667,-748.243634,626.959138,60.064857,41.256083,22.447309,3.638535,-15.170239,,,,,,,,,,45.855000,40.612500,34.995833,32.864167,45.855000,52.227052,39.482948,49.041026,42.668974
2026-08-12,41.900000,2026-05-15,2026-03-31,0.620000,-0.030000,-1396.666667,-758.586227,627.336577,60.397781,41.577684,22.757587,3.937489,-14.882608,,,,,,,,,,45.732500,40.738333,35.111667,32.884583,45.732500,52.317033,39.147967,49.024767,42.440233
2026-08-13,41.950000,2026-05-15,2026-03-31,0.620000,-0.030000,-1398.333333,-768.933449,627.565069,60.721908,41.894956,23.068003,4.241051,-14.585901,,,,,,,,,,45.662500,40.895833,35.226250,32.906458,45.662500,52.382061,38.942939,49.022280,42.302720
2026-08-14,41.100000,2026-08-14,2026-06-30,0.060000,1.780000,23.089888,-767.421589,629.264651,-3606.192585,-2486.101507,-1366.010428,-245.919350,874.171729,,,,,,,,,,45.655000,41.036667,35.331250,32.924792,45.655000,52.395600,38.914400,49.025300,42.284700
2026-08-17,38.050000,2026-08-14,2026-06-30,0.060000,1.780000,21.376404,-765.984193,630.879217,-3609.381877,-2486.416870,-1363.451863,-240.486857,882.478150,,,,,,,,,,45.477500,41.103333,35.421667,32.932500,45.477500,52.827149,38.127851,49.152325,41.802675
2026-08-18,39.550000,2026-08-14,2026-06-30,0.060000,1.780000,22.219101,-764.498108,632.535754,-3612.633915,-2486.720273,-1360.806632,-234.892990,891.020651,,,,,,,,,,45.380000,41.184167,35.517083,32.950208,45.380000,52.998634,37.761366,49.189317,41.570683
2026-08-19,39.000000,2026-08-14,2026-06-30,0.060000,1.780000,21.910112,-763.014598,634.181237,-3615.851188,-2487.008586,-1358.165984,-229.323382,899.519220,,,,,,,,,,45.072500,41.250833,35.607917,32.964583,45.072500,53.209063,36.935937,49.140782,41.004218
2026-08-20,38.600000,2026-08-14,2026-06-30,0.060000,1.780000,21.685393,-761.535275,635.814422,-3619.032131,-2487.282460,-1355.532789,-223.783118,907.966553,,,,,,,,,,44.712500,41.312500,35.695833,32.981250,44.712500,53.336083,36.088917,49.024292,40.400708
2026-08-21,37.550000,2026-08-14,2026-06-30,0.060000,1.780000,21.095506,-760.049294,637.444934,-3622.191708,-2487.539725,-1352.887743,-218.235761,916.416222,,,,,,,,,,44.247500,41.330000,35.772917,32.994583,44.247500,53.374065,35.120935,48.810782,39.684218
2026-08-24,37.900000,2026-08-14,2026-06-30,0.060000,1.780000,21.292135,-758.575563,639.056620,-3625.306071,-2487.785287,-1350.264502,-212.743718,924.777066,,,,,,,,,,43.842500,41.385000,35.855417,33.010000,43.842500,53.352455,34.332545,48.597477,39.087523
2026-08-25,37.750000,2026-08-14,2026-06-30,0.060000,1.780000,21.207865,-757.121053,640.642407,-3628.362442,-2488.018958,-1347.675475,-207.331991,933.011493,,,,,,,,,,43.565000,41.420833,35.940000,33.024583,43.565000,53.457799,33.672201,48.511400,38.618600
2026-08-26,38.000000,2026-08-14,2026-06-30,0.060000,1.780000,21.348315,-755.739447,642.151801,-3631.276628,-2488.246421,-1345.216215,-202.186009,940.844197,,,,,,,,,,43.257500,41.442500,36.040000,33.040833,43.257500,53.451475,33.063525,48.354488,38.160512
2026-08-27,37.950000,2026-08-14,2026-06-30,0.060000,1.780000,21.320225,-754.325667,643.685248,-3634.219169,-2488.459428,-1342.699688,-196.939947,948.819794,,,,,,,,,,43.020000,41.474167,36.133750,33.059375,43.020000,53.486357,32.553643,48.253179,37.786821
2026-08-28,38.300000,2026-08-14,2026-06-30,0.060000,1.780000,21.516854,-752.896360,645.227014,-3637.163690,-2488.659605,-1340.155521,-191.651436,956.852648,,,,,,,,,,42.587500,41.505000,36.227917,33.084583,42.587500,53.084912,32.090088,47.836206,37.338794
2026-08-31,37.400000,2026-08-14,2026-06-30,0.060000,1.780000,21.011236,-751.554600,646.678033,-3639.940987,-2488.854087,-1337.767188,-186.680288,964.406612,,,,,,,,,,42.042500,41.532500,36.329583,33.107083,42.042500,52.422302,31.662698,47.232401,36.852599
2026-09-01,37.450000,2026-08-14,2026-06-30,0.060000,1.780000,21.039326,-750.189457,648.145211,-3642.734185,-2489.035709,-1335.337234,-181.638758,972.059717,,,,,,,,,,41.405000,41.565833,36.427500,33.129792,41.405000,51.226400,31.583600,46.315700,36.494300
2026-09-02,37.650000,2026-08-14,2026-06-30,0.060000,1.780000,21.151685,-748.705323,649.717047,-3645.688162,-2489.191818,-1332.695475,-176.199131,980.297213,,,,,,,,,,40.832500,41.640000,36.505833,33.152708,40.832500,50.083575,31.581425,45.458038,36.206962
2026-09-03,36.350000,2026-08-14,2026-06-30,0.060000,1.780000,20.421348,-747.097645,651.391335,-3648.786959,-2489.310383,-1329.833808,-170.357232,989.119343,,,,,,,,,,40.242500,41.674167,36.550000,33.170833,40.242500,49.021678,31.463322,44.632089,35.852911
2026-09-04,37.900000,2026-08-14,2026-06-30,0.060000,1.780000,21.292135,-745.501229,653.049509,-3651.848440,-2489.420314,-1326.992188,-164.564061,997.864065,,,,,,,,,,39.492500,41.753333,36.610417,33.193958,39.492500,45.983407,33.001593,42.737953,36.247047
2026-09-07,37.300000,2026-08-14,2026-06-30,0.060000,1.780000,20.955056,-743.889103,654.712578,-3654.899382,-2489.510993,-1324.122604,-158.734215,1006.654174,,,,,,,,,,38.880000,41.767500,36.662500,33.212708,38.880000,43.382093,34.377907,41.131047,36.628953
2026-09-08,37.200000,2026-08-14,2026-06-30,0.060000,1.780000,20.898876,-742.275131,656.368918,-3657.923080,-2489.586407,-1321.249734,-152.913061,1015.423613,,,,,,,,,,38.442500,41.788333,36.713333,33.234583,38.442500,41.530213,35.354787,39.986357,36.898643
2026-09-09,37.500000,2026-08-14,2026-06-30,0.060000,1.780000,21.067416,-740.666699,658.012687,-3660.911890,-2489.649308,-1318.386725,-147.124142,1024.138441,,,,,,,,,,38.222500,41.774167,36.767917,33.257500,38.222500,40.868346,35.576654,39.545423,36.899577
2026-09-10,37.300000,2026-08-14,2026-06-30,0.060000,1.780000,20.955056,-739.056889,659.649324,-3663.872855,-2489.697058,-1315.521262,-141.345465,1032.830332,,,,,,,,,,37.990000,41.737500,36.820417,33.277917,37.990000,39.996726,35.983274,38.993363,36.986637
2026-09-11,36.950000,2026-08-14,2026-06-30,0.060000,1.780000,20.758427,-737.464920,661.262073,-3666.780538,-2489.734048,-1312.687558,-135.641068,1041.405422,,,,,,,,,,37.782500,41.665833,36.872917,33.297500,37.782500,39.209781,36.355219,38.496141,37.068859
2026-09-14,36.300000,2026-08-14,2026-06-30,0.060000,1.780000,20.393258,-735.938495,662.809402,-3669.571992,-2489.771256,-1309.970521,-130.169785,1049.630950,,,,,,,,,,37.695000,41.614167,36.931250,33.314792,37.695000,39.261054,36.128946,38.478027,36.911973
2026-09-15,35.600000,2026-08-14,2026-06-30,0.060000,1.780000,20.000000,-734.408402,664.351858,-3672.339570,-2489.793263,-1307.246956,-124.700649,1057.845658,,,,,,,,,,37.497500,41.551667,36.982500,33.328542,37.497500,39.074798,35.920202,38.286149,36.708851
2026-09-16,36.200000,2026-08-14,2026-06-30,0.060000,1.780000,20.337079,-732.889390,665.878408,-3675.070244,-2489.806679,-1304.543113,-119.279548,1065.984017,,,,,,,,,,37.357500,41.499167,37.041250,33.342083,37.357500,38.868956,35.846044,38.113228,36.601772
2026-09-17,36.600000,2026-08-14,2026-06-30,0.060000,1.780000,20.561798,-731.398597,667.374133,-3677.741415,-2489.815458,-1301.889502,-113.963546,1073.962410,,,,,,,,,,37.257500,41.467500,37.108750,33.357083,37.257500,38.685150,35.829850,37.971325,36.543675
2026-09-18,37.000000,2026-08-14,2026-06-30,0.060000,1.780000,20.786517,-729.924450,668.849292,-3680.369001,-2489.817261,-1299.265521,-108.713781,1081.837959,,,,,,,,,,37.230000,41.378333,37.182917,33.376250,37.230000,38.655113,35.804887,37.942557,36.517443
2026-09-21,38.100000,2026-08-14,2026-06-30,0.060000,1.780000,21.404494,-728.482190,670.291729,-3682.936853,-2489.817576,-1296.698299,-103.579021,1089.540256,,,,,,,,,,37.240000,41.355833,37.272917,33.402083,37.240000,38.687539,35.792461,37.963769,36.516231
2026-09-22,37.200000,2026-08-14,2026-06-30,0.060000,1.780000,20.898876,-727.624439,671.191178,-3684.612095,-2489.891798,-1295.171502,-100.451205,1094.269092,,,,,,,,,,37.212500,41.290833,37.364167,33.427083,37.212500,38.640002,35.784998,37.926251,36.498749
2026-09-23,37.100000,2026-08-14,2026-06-30,0.060000,1.780000,20.842697,-726.756740,672.097861,-3686.295382,-2489.961189,-1293.626997,-97.292804,1099.041389,,,,,,,,,,37.167500,41.155833,37.451250,33.451667,37.167500,38.546392,35.788608,37.856946,36.478054
2026-09-24,36.950000,2026-08-14,2026-06-30,0.060000,1.780000,20.758427,-725.906669,672.985084,-3687.940771,-2490.027321,-1292.113872,-94.200422,1103.713028,,,,,,,,,,37.117500,41.045833,37.542500,33.478542,37.117500,38.448615,35.786385,37.783058,36.451942
2026-09-29,37.450000,2026-08-14,2026-06-30,0.060000,1.780000,21.039326,-725.049050,673.877686,-3689.591872,-2490.089590,-1290.587309,-91.085028,1108.417254,,,,,,,,,,37.075000,40.967500,37.636250,33.507083,37.075000,38.296948,35.853052,37.685974,36.464026
2026-09-30,37.500000,2026-08-14,2026-06-30,0.060000,1.780000,21.067416,-724.170363,674.788227,-3691.269336,-2490.146291,-1289.023247,-87.900202,1113.222843,,,,,,,,,,37.080000,40.886667,37.723750,33.535000,37.080000,38.308349,35.851651,37.694175,36.465825
2026-10-01,37.750000,2026-08-14,2026-06-30,0.060000,1.780000,21.207865,-723.298319,675.690235,-3692.928243,-2490.199625,-1287.471007,-84.742389,1117.986229,,,,,,,,,,37.095000,40.822500,37.815833,33.563542,37.095000,38.349424,35.840576,37.722212,36.467788
2026-10-02,38.000000,2026-08-14,2026-06-30,0.060000,1.780000,21.348315,-722.422499,676.593683,-3694.585560,-2490.248804,-1285.912049,-81.575293,1122.761463,,,,,,,,,,37.112500,40.790833,37.909167,33.596042,37.112500,38.408597,35.816403,37.760549,36.464451
2026-10-05,37.250000,2026-08-14,2026-06-30,0.060000,1.780000,20.926966,-721.481181,677.555985,-3696.335807,-2490.286155,-1284.236502,-78.186849,1127.862804,,,,,,,,,,37.157500,40.750833,37.974167,33.618333,37.157500,38.403663,35.911337,37.780581,36.534419
