# chart-version: skill-stock-dynamic-valuation-box@1.21.0; font: noto-sans-cjk-tc-v1; Updated: 2026-10-07 07:45 CST (1.21.0)
date,close,available_date,period_end,eps,ttm_eps,pe,pe_mean,pe_std,price_m2,price_m1,price_mean,price_p1,price_p2,forward_eps,forward_pe,forward_pe_mean,forward_pe_std,forward_price_m2,forward_price_m1,forward_price_mean,forward_price_p1,forward_price_p2,sma20,sma60,sma120,sma240,bband_mid,bband_upper2,bband_lower2,bband_upper1,bband_lower1
2023-10-06,22.750000,2023-08-14,2023-06-30,0.110000,0.370000,61.486486,47.072532,14.120822,6.967429,12.192133,17.416837,22.641541,27.866245,,,,,,,,,,22.887500,23.231667,23.425833,22.326250,22.887500,23.401386,22.373614,23.144443,22.630557
2023-10-11,22.800000,2023-08-14,2023-06-30,0.110000,0.370000,61.621622,47.423652,13.951972,7.222292,12.384522,17.546751,22.708981,27.871210,,,,,,,,,,22.875000,23.213333,23.425833,22.338125,22.875000,23.384386,22.365614,23.129693,22.620307
2023-10-12,22.700000,2023-08-14,2023-06-30,0.110000,0.370000,61.351351,47.772164,13.770505,7.485527,12.580614,17.675701,22.770787,27.865874,,,,,,,,,,22.840000,23.195000,23.424583,22.349375,22.840000,23.290263,22.389737,23.065132,22.614868
2023-10-13,23.150000,2023-08-14,2023-06-30,0.110000,0.370000,62.567568,48.131167,13.587249,7.753967,12.781250,17.808532,22.835814,27.863096,,,,,,,,,,22.847500,23.185000,23.427500,22.363750,22.847500,23.313700,22.381300,23.080600,22.614400
2023-10-16,22.950000,2023-08-14,2023-06-30,0.110000,0.370000,62.027027,48.486734,13.384762,8.035368,12.987730,17.940092,22.892454,27.844816,,,,,,,,,,22.835000,23.175000,23.430000,22.374792,22.835000,23.274018,22.395982,23.054509,22.615491
2023-10-17,22.750000,2023-08-14,2023-06-30,0.110000,0.370000,61.486486,48.838509,13.163421,8.329317,13.199783,18.070248,22.940714,27.811180,,,,,,,,,,22.807500,23.166667,23.431667,22.384583,22.807500,23.189014,22.425986,22.998257,22.616743
2023-10-18,22.850000,2023-08-14,2023-06-30,0.110000,0.370000,61.756757,49.193605,12.928331,8.634669,13.418151,18.201634,22.985116,27.768598,,,,,,,,,,22.805000,23.160000,23.435417,22.394583,22.805000,23.184612,22.425388,22.994806,22.615194
2023-10-19,22.800000,2023-08-14,2023-06-30,0.110000,0.370000,61.621622,49.548286,12.676048,8.952590,13.642728,18.332866,23.023004,27.713142,,,,,,,,,,22.790000,23.150000,23.439583,22.403958,22.790000,23.143330,22.436670,22.966665,22.613335
2023-10-20,22.550000,2023-08-14,2023-06-30,0.110000,0.370000,60.945946,49.895913,12.406773,9.280475,13.870982,18.461488,23.051994,27.642500,,,,,,,,,,22.762500,23.138333,23.440000,22.417917,22.762500,23.099476,22.425524,22.930988,22.594012
2023-10-23,22.500000,2023-08-14,2023-06-30,0.110000,0.370000,60.810811,50.242769,12.119558,9.621352,14.105588,18.589825,23.074061,27.558298,,,,,,,,,,22.742500,23.125000,23.440417,22.429167,22.742500,23.092350,22.392650,22.917425,22.567575
2023-10-24,22.600000,2023-08-14,2023-06-30,0.110000,0.370000,61.081081,50.593302,11.813267,9.977704,14.348613,18.719522,23.090431,27.461340,,,,,,,,,,22.727500,23.110000,23.443333,22.438542,22.727500,23.074631,22.380369,22.901066,22.553934
2023-10-25,22.800000,2023-08-14,2023-06-30,0.110000,0.370000,61.621622,50.948340,11.492153,10.346692,14.598789,18.850886,23.102983,27.355079,,,,,,,,,,22.717500,23.090833,23.447917,22.448333,22.717500,23.042389,22.392611,22.879944,22.555056
2023-10-26,22.450000,2023-08-14,2023-06-30,0.110000,0.370000,60.675676,51.295495,11.143388,10.733226,14.856280,18.979333,23.102387,27.225440,,,,,,,,,,22.702500,23.068333,23.449583,22.455625,22.702500,23.048112,22.356888,22.875306,22.529694
2023-10-27,22.800000,2023-08-14,2023-06-30,0.110000,0.370000,61.621622,51.649820,10.781253,11.132306,15.121370,19.110434,23.099497,27.088561,,,,,,,,,,22.702500,23.050000,23.453333,22.463750,22.702500,23.048112,22.356888,22.875306,22.529694
2023-10-30,22.800000,2023-08-14,2023-06-30,0.110000,0.370000,61.621622,52.004146,10.394351,11.549714,15.395624,19.241534,23.087444,26.933354,,,,,,,,,,22.712500,23.026667,23.457083,22.471875,22.712500,23.057197,22.367803,22.884848,22.540152
2023-10-31,22.650000,2023-08-14,2023-06-30,0.110000,0.370000,61.216216,52.354025,9.980292,11.985573,15.678281,19.370989,23.063697,26.756405,,,,,,,,,,22.710000,23.005833,23.458333,22.480000,22.710000,23.055802,22.364198,22.882901,22.537099
2023-11-01,22.500000,2023-08-14,2023-06-30,0.110000,0.370000,60.810811,52.700525,9.532386,12.445229,15.972211,19.499194,23.026177,26.553160,,,,,,,,,,22.702500,22.983333,23.458333,22.487500,22.702500,23.060087,22.344913,22.881293,22.523707
2023-11-02,22.550000,2023-08-14,2023-06-30,0.110000,0.370000,60.945946,53.048864,9.047295,12.933081,16.280580,19.628080,22.975579,26.323078,,,,,,,,,,22.702500,22.961667,23.459583,22.495625,22.702500,23.060087,22.344913,22.881293,22.523707
2023-11-03,22.800000,2023-08-14,2023-06-30,0.110000,0.370000,61.621622,53.403545,8.522691,13.452521,16.605916,19.759312,22.912707,26.066103,,,,,,,,,,22.720000,22.948333,23.463750,22.504792,22.720000,23.059349,22.380651,22.889675,22.550325
2023-11-06,23.350000,2023-08-14,2023-06-30,0.110000,0.370000,63.108108,53.769902,7.964290,14.001289,16.948077,19.894864,22.841651,25.788438,,,,,,,,,,22.755000,22.940000,23.471667,22.516875,22.755000,23.193778,22.316222,22.974389,22.535611
2023-11-07,23.300000,2023-08-14,2023-06-30,0.110000,0.370000,62.972973,53.937305,7.944664,14.077752,17.017277,19.956803,22.896328,25.835854,,,,,,,,,,22.782500,22.930833,23.480000,22.528125,22.782500,23.284365,22.280635,23.033432,22.531568
2023-11-08,23.450000,2023-08-14,2023-06-30,0.110000,0.370000,63.378378,54.103279,7.932006,14.148528,17.083371,20.018213,22.953055,25.887898,,,,,,,,,,22.815000,22.923333,23.487083,22.540000,22.815000,23.399087,22.230913,23.107044,22.522956
2023-11-09,23.550000,2023-08-14,2023-06-30,0.110000,0.370000,63.648649,54.259485,7.933890,14.204931,17.140470,20.076010,23.011549,25.947088,,,,,,,,,,22.857500,22.921667,23.488750,22.552083,22.857500,23.524208,22.190792,23.190854,22.524146
2023-11-10,23.400000,2023-08-14,2023-06-30,0.110000,0.370000,63.243243,54.409109,7.932588,14.261255,17.196313,20.131370,23.066428,26.001486,,,,,,,,,,22.870000,22.920000,23.487500,22.563750,22.870000,23.568419,22.171581,23.219210,22.520790
2023-11-13,23.650000,2023-08-14,2023-06-30,0.110000,0.370000,63.918919,54.566766,7.932018,14.320011,17.254857,20.189704,23.124550,26.059397,,,,,,,,,,22.905000,22.926667,23.489583,22.576875,22.905000,23.685621,22.124379,23.295310,22.514690
2023-11-14,23.850000,2023-11-14,2023-09-30,2.590000,1.960000,12.168367,54.288362,8.790090,71.948034,89.176611,106.405189,123.633766,140.862344,,,,,,,,,,22.960000,22.935000,23.490833,22.590208,22.960000,23.842938,22.077062,23.401469,22.518531
2023-11-15,24.200000,2023-11-14,2023-09-30,2.590000,1.960000,12.346939,54.010644,9.557531,68.395340,87.128101,105.860862,124.593623,143.326384,,,,,,,,,,23.027500,22.950000,23.494583,22.604167,23.027500,24.067477,21.987523,23.547489,22.507511
2023-11-16,24.350000,2023-11-14,2023-09-30,2.590000,1.960000,12.423469,53.729557,10.260680,65.088068,85.199000,105.309932,125.420865,145.531797,,,,,,,,,,23.105000,22.967500,23.497500,22.619375,23.105000,24.293940,21.916060,23.699470,22.510530
2023-11-17,24.350000,2023-11-14,2023-09-30,2.590000,1.960000,12.423469,53.450875,10.909687,61.997740,83.380727,104.763714,126.146702,147.529689,,,,,,,,,,23.195000,22.986667,23.501667,22.634583,23.195000,24.475995,21.914005,23.835497,22.554503
2023-11-20,24.800000,2023-11-14,2023-09-30,2.590000,1.960000,12.653061,53.176509,11.507017,59.118451,81.672204,104.225958,126.779712,149.333465,,,,,,,,,,23.310000,23.013333,23.510833,22.651458,23.310000,24.733339,21.886661,24.021670,22.598330
2023-11-21,25.750000,2023-11-14,2023-09-30,2.590000,1.960000,13.137755,52.906984,12.054541,56.443890,80.070789,103.697689,127.324588,150.951488,,,,,,,,,,23.467500,23.067500,23.528333,22.672708,23.467500,25.219274,21.715726,24.343387,22.591613
2023-11-22,25.850000,2023-11-14,2023-09-30,2.590000,1.960000,13.188776,52.637884,12.571082,53.891612,78.530933,103.170253,127.809573,152.448894,,,,,,,,,,23.620000,23.123333,23.546667,22.694792,23.620000,25.637920,21.602080,24.628960,22.611040
2023-11-23,25.850000,2023-11-14,2023-09-30,2.590000,1.960000,13.188776,52.363977,13.064079,51.422203,77.027799,102.633394,128.238989,153.844585,,,,,,,,,,23.790000,23.178333,23.562500,22.715833,23.790000,25.960035,21.619965,24.875018,22.704982
2023-11-24,25.850000,2023-11-14,2023-09-30,2.590000,1.960000,13.188776,52.092473,13.532441,49.054076,75.577661,102.101247,128.624832,155.148417,,,,,,,,,,23.942500,23.223333,23.579583,22.736667,23.942500,26.244278,21.640722,25.093389,22.791611
2023-11-27,25.900000,2023-11-14,2023-09-30,2.590000,1.960000,13.214286,51.815573,13.981530,46.750925,74.154724,101.558522,128.962321,156.366119,,,,,,,,,,24.097500,23.271667,23.594167,22.757708,24.097500,26.491016,21.703984,25.294258,22.900742
2023-11-28,26.050000,2023-11-14,2023-09-30,2.590000,1.960000,13.290816,51.537708,14.410123,44.526223,72.770065,101.013907,129.257749,157.501591,,,,,,,,,,24.267500,23.324167,23.609167,22.779583,24.267500,26.710594,21.824406,25.489047,23.045953
2023-11-29,26.000000,2023-11-14,2023-09-30,2.590000,1.960000,13.265306,51.264438,14.820022,42.383812,71.431055,100.478298,129.525540,158.572783,,,,,,,,,,24.442500,23.374167,23.626250,22.801042,24.442500,26.853718,22.031282,25.648109,23.236891
2023-11-30,26.000000,2023-11-14,2023-09-30,2.590000,1.960000,13.265306,50.985559,15.215643,40.286374,70.109035,99.931695,129.754356,159.577016,,,,,,,,,,24.615000,23.422500,23.640417,22.819583,24.615000,26.948531,22.281469,25.781766,23.448234
2023-12-01,26.350000,2023-11-14,2023-09-30,2.590000,1.960000,13.443878,50.712174,15.591520,38.277105,68.836483,99.395862,129.955241,160.514619,,,,,,,,,,24.792500,23.475833,23.659583,22.838542,24.792500,27.084425,22.500575,25.938463,23.646537
2023-12-04,26.800000,2023-11-14,2023-09-30,2.590000,1.960000,13.673469,50.438300,15.949976,36.335160,67.597113,98.859067,130.121021,161.382975,,,,,,,,,,24.965000,23.539167,23.681250,22.860625,24.965000,27.318296,22.611704,26.141648,23.788352
2023-12-05,26.900000,2023-11-14,2023-09-30,2.590000,1.960000,13.724490,50.164048,16.295129,34.444627,66.383081,98.321535,130.259989,162.198443,,,,,,,,,,25.145000,23.605000,23.703333,22.882292,25.145000,27.512744,22.777256,26.328872,23.961128
2023-12-06,27.050000,2023-11-14,2023-09-30,2.590000,1.960000,13.801020,49.887230,16.627759,32.598155,65.188563,97.778971,130.369379,162.959787,,,,,,,,,,25.325000,23.671667,23.725000,22.905208,25.325000,27.697540,22.952460,26.511270,24.138730
2023-12-07,26.850000,2023-11-14,2023-09-30,2.590000,1.960000,13.698980,49.605555,16.951679,30.776305,64.001596,97.226888,130.452179,163.677470,,,,,,,,,,25.490000,23.729167,23.742917,22.928125,25.490000,27.800981,23.179019,26.645490,24.334510
2023-12-08,27.350000,2023-11-14,2023-09-30,2.590000,1.960000,13.954082,49.326006,17.260483,29.017877,62.848424,96.678971,130.509518,164.340064,,,,,,,,,,25.687500,23.801667,23.765000,22.954167,25.687500,27.920241,23.454759,26.803870,24.571130
2023-12-11,28.100000,2023-11-14,2023-09-30,2.590000,1.960000,14.336735,49.048844,17.553047,27.327788,61.731761,96.135734,130.539707,164.943679,,,,,,,,,,25.910000,23.883333,23.792917,22.982292,25.910000,28.174509,23.645491,27.042254,24.777746
2023-12-12,28.150000,2023-11-14,2023-09-30,2.590000,1.960000,14.362245,48.771093,17.836110,25.673793,60.632568,95.591343,130.550117,165.508892,,,,,,,,,,26.125000,23.964167,23.820833,23.010208,26.125000,28.382502,23.867498,27.253751,24.996249
2023-12-13,28.000000,2023-11-14,2023-09-30,2.590000,1.960000,14.285714,48.491904,18.111701,24.046263,59.545197,95.044131,130.543065,166.041999,,,,,,,,,,26.315000,24.049167,23.847083,23.037292,26.315000,28.529569,24.100431,27.422284,25.207716
2023-12-14,27.600000,2023-11-14,2023-09-30,2.590000,1.960000,14.081633,48.209411,18.382089,22.432657,58.461551,94.490445,130.519339,166.548233,,,,,,,,,,26.477500,24.124167,23.869167,23.062083,26.477500,28.557853,24.397147,27.517676,25.437324
2023-12-15,28.150000,2023-11-14,2023-09-30,2.590000,1.960000,14.362245,47.932462,18.639952,20.879011,57.413318,93.947625,130.481932,167.016238,,,,,,,,,,26.667500,24.208333,23.897500,23.089792,26.667500,28.619901,24.715099,27.643700,25.691300
2023-12-18,28.300000,2023-11-14,2023-09-30,2.590000,1.960000,14.438776,47.656150,18.889071,19.360896,56.383475,93.406054,130.428634,167.451213,,,,,,,,,,26.842500,24.298333,23.927083,23.120000,26.842500,28.715936,24.969064,27.779218,25.905782
2023-12-19,28.100000,2023-11-14,2023-09-30,2.590000,1.960000,14.336735,47.380591,19.132412,17.866905,55.366431,92.865958,130.365485,167.865011,,,,,,,,,,26.960000,24.385000,23.955833,23.149583,26.960000,28.839698,25.080302,27.899849,26.020151
2023-12-20,28.000000,2023-11-14,2023-09-30,2.590000,1.960000,14.285714,47.104606,19.369469,16.396711,54.360870,92.325029,130.289187,168.253346,,,,,,,,,,27.067500,24.468333,23.983750,23.179583,27.067500,28.925704,25.209296,27.996602,26.138398
2023-12-21,27.800000,2023-11-14,2023-09-30,2.590000,1.960000,14.183673,46.828573,19.601189,14.947343,53.365673,91.784003,130.202333,168.620663,,,,,,,,,,27.165000,24.552500,24.010417,23.208750,27.165000,28.957705,25.372295,28.061352,26.268648
2023-12-22,27.600000,2023-11-14,2023-09-30,2.590000,1.960000,14.081633,46.550087,19.827659,13.513748,52.375959,91.238170,130.100381,168.962592,,,,,,,,,,27.252500,24.632500,24.034583,23.236458,27.252500,28.942867,25.562133,28.097684,26.407316
2023-12-25,27.500000,2023-11-14,2023-09-30,2.590000,1.960000,14.030612,46.270374,20.048308,12.100566,51.395249,90.689932,129.984616,169.279299,,,,,,,,,,27.332500,24.714167,24.057500,23.264375,27.332500,28.900360,25.764640,28.116430,26.548570
2023-12-26,27.800000,2023-11-14,2023-09-30,2.590000,1.960000,14.183673,45.992738,20.260700,10.723824,50.434795,90.145766,129.856737,169.567708,,,,,,,,,,27.420000,24.799167,24.083333,23.293333,27.420000,28.877973,25.962027,28.148986,26.691014
2023-12-27,27.850000,2023-11-14,2023-09-30,2.590000,1.960000,14.209184,45.717718,20.466954,9.376266,49.491497,89.606727,129.721958,169.837188,,,,,,,,,,27.512500,24.885833,24.110833,23.321458,27.512500,28.817904,26.207096,28.165202,26.859798
2023-12-28,27.750000,2023-11-14,2023-09-30,2.590000,1.960000,14.158163,45.445478,20.668356,8.053182,48.563160,89.073138,129.583115,170.093093,,,,,,,,,,27.600000,24.972500,24.139167,23.349583,27.600000,28.696406,26.503594,28.148203,27.051797
2023-12-29,27.750000,2023-11-14,2023-09-30,2.590000,1.960000,14.158163,45.175643,20.864407,6.755783,47.650021,88.544259,129.438498,170.332736,,,,,,,,,,27.670000,25.060833,24.168750,23.378542,27.670000,28.595885,26.744115,28.132943,27.207057
2024-01-02,27.650000,2023-11-14,2023-09-30,2.590000,1.960000,14.107143,44.906984,21.055891,5.478595,46.748142,88.017689,129.287236,170.556782,,,,,,,,,,27.712500,25.144167,24.198333,23.407500,27.712500,28.543400,26.881600,28.127950,27.297050
2024-01-03,27.400000,2023-11-14,2023-09-30,2.590000,1.960000,13.979592,44.638865,21.243890,4.216129,45.854153,87.492176,129.130200,170.768223,,,,,,,,,,27.737500,25.221667,24.226667,23.435208,27.737500,28.492048,26.982952,28.114774,27.360226
2024-01-04,27.300000,2023-11-14,2023-09-30,2.590000,1.960000,13.928571,44.371924,21.427592,2.972812,44.970891,86.968971,128.967050,170.965130,,,,,,,,,,27.750000,25.296667,24.255000,23.462292,27.750000,28.463774,27.036226,28.106887,27.393113
2024-01-05,27.300000,2023-11-14,2023-09-30,2.590000,1.960000,13.928571,44.106585,21.606538,1.751277,44.100092,86.448907,128.797722,171.146537,,,,,,,,,,27.772500,25.373333,24.284167,23.489375,27.772500,28.388493,27.156507,28.080496,27.464504
2024-01-08,27.350000,2023-11-14,2023-09-30,2.590000,1.960000,13.954082,43.842260,21.780531,0.551148,43.240989,85.930830,128.620671,171.310511,,,,,,,,,,27.772500,25.443333,24.314167,23.516875,27.772500,28.388493,27.156507,28.080496,27.464504
2024-01-09,27.500000,2023-11-14,2023-09-30,2.590000,1.960000,14.030612,43.581778,21.949348,-0.621160,42.399562,85.420285,128.441008,171.461730,,,,,,,,,,27.742500,25.519167,24.347083,23.543958,27.742500,28.349715,27.135285,28.046108,27.438892
2024-01-10,27.500000,2023-11-14,2023-09-30,2.590000,1.960000,14.030612,43.326104,22.114151,-1.768308,41.575428,84.919163,128.262899,171.606634,,,,,,,,,,27.710000,25.598333,24.382500,23.571458,27.710000,28.294538,27.125462,28.002269,27.417731
2024-01-11,27.750000,2023-11-14,2023-09-30,2.590000,1.960000,14.158163,43.071492,22.273380,-2.891527,40.764299,84.420125,128.075950,171.731776,,,,,,,,,,27.697500,25.680000,24.420000,23.600625,27.697500,28.266409,27.128591,27.981955,27.413045
2024-01-12,27.500000,2023-11-14,2023-09-30,2.590000,1.960000,14.030612,42.813414,22.429717,-4.010201,39.952045,83.914291,127.876538,171.838784,,,,,,,,,,27.692500,25.758333,24.454167,23.628542,27.692500,28.266750,27.118250,27.979625,27.405375
2024-01-15,27.400000,2023-11-14,2023-09-30,2.590000,1.960000,13.979592,42.557314,22.582787,-5.112189,39.150073,83.412336,127.674599,171.936862,,,,,,,,,,27.655000,25.839167,24.488750,23.656458,27.655000,28.200701,27.109299,27.927850,27.382150
2024-01-16,26.900000,2023-11-14,2023-09-30,2.590000,1.960000,13.724490,42.298288,22.734512,-6.214644,38.345000,82.904644,127.464288,172.023932,,,,,,,,,,27.585000,25.912500,24.518750,23.682500,27.585000,28.141398,27.028602,27.863199,27.306801
2024-01-17,26.500000,2023-11-14,2023-09-30,2.590000,1.960000,13.520408,42.034355,22.883986,-7.317887,37.534725,82.387336,127.239948,172.092560,,,,,,,,,,27.505000,25.977500,24.543750,23.706042,27.505000,28.193935,26.816065,27.849468,27.160532
2024-01-18,26.750000,2023-11-14,2023-09-30,2.590000,1.960000,13.647959,41.764274,23.026909,-8.407506,36.725236,81.857977,126.990719,172.123460,,,,,,,,,,27.442500,26.043333,24.567083,23.730417,27.442500,28.168176,26.716824,27.805338,27.079662
2024-01-19,27.050000,2023-11-14,2023-09-30,2.590000,1.960000,13.801020,41.497872,23.164696,-9.469778,35.933026,81.335830,126.738634,172.141438,,,,,,,,,,27.405000,26.120000,24.594167,23.755000,27.405000,28.130404,26.679596,27.767702,27.042298
2024-01-22,29.350000,2023-11-14,2023-09-30,2.590000,1.960000,14.974490,41.239647,23.286909,-10.454976,35.187366,80.829708,126.472050,172.114392,,,,,,,,,,27.492500,26.229167,24.639583,23.789167,27.492500,28.624929,26.360071,28.058714,26.926286
2024-01-23,29.100000,2023-11-14,2023-09-30,2.590000,1.960000,14.846939,40.975551,23.405714,-11.438318,34.436881,80.312080,126.187279,172.062478,,,,,,,,,,27.572500,26.334167,24.680417,23.820417,27.572500,28.913935,26.231065,28.243217,26.901783
2024-01-24,29.150000,2023-11-14,2023-09-30,2.590000,1.960000,14.872449,40.716475,23.521834,-12.401297,33.701497,79.804291,125.907085,172.009879,,,,,,,,,,27.640000,26.442500,24.724167,23.851250,27.640000,29.154352,26.125648,28.397176,26.882824
2024-01-25,29.150000,2023-11-14,2023-09-30,2.590000,1.960000,14.872449,40.458201,23.634706,-13.349974,32.974050,79.298073,125.622097,171.946121,,,,,,,,,,27.705000,26.553333,24.768333,23.882292,27.705000,29.362169,26.047831,28.533585,26.876415
2024-01-26,29.300000,2023-11-14,2023-09-30,2.590000,1.960000,14.948980,40.200564,23.743524,-14.281509,32.255798,78.793106,125.330413,171.867720,,,,,,,,,,27.782500,26.665833,24.813750,23.915000,27.782500,29.586961,25.978039,28.684730,26.880270
2024-01-29,29.800000,2023-11-14,2023-09-30,2.590000,1.960000,15.204082,39.949060,23.847766,-15.183086,31.558536,78.300157,125.041778,171.783399,,,,,,,,,,27.885000,26.782500,24.865417,23.950208,27.885000,29.902059,25.867941,28.893529,26.876471
2024-01-30,29.650000,2023-11-14,2023-09-30,2.590000,1.960000,15.127551,39.692911,23.948549,-16.080207,30.858949,77.798106,124.737262,171.676418,,,,,,,,,,27.985000,26.887500,24.913750,23.985000,27.985000,30.146164,25.823836,29.065582,26.904418
2024-01-31,29.550000,2023-11-14,2023-09-30,2.590000,1.960000,15.076531,39.436337,24.046593,-16.967422,30.163899,77.295221,124.426542,171.557864,,,,,,,,,,28.092500,26.991667,24.961250,24.019583,28.092500,30.343178,25.841822,29.217839,26.967161
2024-02-01,29.550000,2023-11-14,2023-09-30,2.590000,1.960000,15.076531,39.178962,24.141263,-17.842985,29.473891,76.790766,124.107641,171.424516,,,,,,,,,,28.205000,27.093333,25.008333,24.054167,28.205000,30.513086,25.896914,29.359043,27.050957
2024-02-02,29.700000,2023-11-14,2023-09-30,2.590000,1.960000,15.153061,38.772580,24.131751,-18.602208,28.696024,75.994257,123.292489,170.590722,,,,,,,,,,28.325000,27.195833,25.058750,24.089583,28.325000,30.683969,25.966031,29.504485,27.145515
2024-02-05,29.600000,2023-11-14,2023-09-30,2.590000,1.960000,15.102041,38.369151,24.119325,-19.344218,27.929659,75.203536,122.477413,169.751290,,,,,,,,,,28.437500,27.299167,25.109583,24.123958,28.437500,30.815220,26.059780,29.626360,27.248640
2024-02-15,29.750000,2023-11-14,2023-09-30,2.590000,1.960000,15.178571,37.971990,24.105412,-20.068115,27.178493,74.425101,121.671709,168.918317,,,,,,,,,,28.550000,27.400833,25.163750,24.158333,28.550000,30.953725,26.146275,29.751863,27.348137
2024-02-16,29.950000,2023-11-14,2023-09-30,2.590000,1.960000,15.280612,37.573428,24.081697,-20.756334,26.443792,73.643919,120.844045,168.044172,,,,,,,,,,28.672500,27.502500,25.218750,24.193333,28.672500,31.100511,26.244489,29.886505,27.458495
2024-02-19,30.200000,2023-11-14,2023-09-30,2.590000,1.960000,15.408163,37.177055,24.051548,-21.415041,25.725993,72.867027,120.008061,167.149095,,,,,,,,,,28.795000,27.602500,25.276250,24.229375,28.795000,31.273731,26.316269,30.034365,27.555635
2024-02-20,30.000000,2023-11-14,2023-09-30,2.590000,1.960000,15.306122,36.779831,24.015529,-22.052406,25.018031,72.088468,119.158906,166.229343,,,,,,,,,,28.920000,27.696667,25.332083,24.264583,28.920000,31.375799,26.464201,30.147899,27.692101
2024-02-21,30.200000,2023-11-14,2023-09-30,2.590000,1.960000,15.408163,36.385710,23.974574,-22.664340,24.325826,71.315991,118.306156,165.296322,,,,,,,,,,29.060000,27.794167,25.390417,24.301042,29.060000,31.469761,26.650239,30.264880,27.855120
2024-02-22,30.250000,2023-11-14,2023-09-30,2.590000,1.960000,15.433673,35.991801,23.926819,-23.249201,23.647365,70.543930,117.440496,164.337061,,,,,,,,,,29.227500,27.885000,25.449167,24.337292,29.227500,31.464621,26.990379,30.346061,28.108939
2024-02-23,31.400000,2023-11-14,2023-09-30,2.590000,1.960000,16.020408,35.618548,23.885719,-23.819667,22.996343,69.812354,116.628364,163.444374,,,,,,,,,,29.472500,27.979167,25.523333,24.377292,29.472500,31.516870,27.428130,30.494685,28.450315
2024-02-26,31.600000,2023-11-14,2023-09-30,2.590000,1.960000,16.122449,35.246145,23.837967,-24.362385,22.360029,69.082444,115.804858,162.527273,,,,,,,,,,29.715000,28.075000,25.599167,24.418542,29.715000,31.538271,27.891729,30.626635,28.803365
2024-02-27,31.200000,2023-11-14,2023-09-30,2.590000,1.960000,15.918367,34.870915,23.784356,-24.887683,21.729655,68.346993,114.964332,161.581670,,,,,,,,,,29.922500,28.164167,25.671250,24.457708,29.922500,31.375799,28.469201,30.649150,29.195850
2024-02-29,31.400000,2023-11-14,2023-09-30,2.590000,1.960000,16.020408,34.483022,23.708304,-25.349829,21.118447,67.586723,114.054999,160.523275,,,,,,,,,,30.025000,28.256667,25.740000,24.497500,30.025000,31.592935,28.457065,30.808968,29.241032
2024-03-01,31.100000,2023-11-14,2023-09-30,2.590000,1.960000,15.867347,34.097232,23.630650,-25.801574,20.514500,66.830574,113.146648,159.462722,,,,,,,,,,30.125000,28.343333,25.807500,24.535625,30.125000,31.699634,28.550366,30.912317,29.337683
2024-03-04,32.700000,2023-11-14,2023-09-30,2.590000,1.960000,16.683673,33.720497,23.544016,-26.200371,19.945901,66.092173,112.238446,158.384718,,,,,,,,,,30.302500,28.454167,25.889167,24.580208,30.302500,32.184681,28.420319,31.243590,29.361410
2024-03-05,32.900000,2023-11-14,2023-09-30,2.590000,1.960000,16.785714,33.342360,23.447575,-26.563469,19.393778,65.351025,111.308272,157.265519,,,,,,,,,,30.490000,28.569167,25.971667,24.624583,30.490000,32.619640,28.360360,31.554820,29.425180
2024-03-06,33.850000,2023-11-14,2023-09-30,2.590000,1.960000,17.270408,32.966009,23.338925,-26.875206,18.869086,64.613378,110.357671,156.101963,,,,,,,,,,30.717500,28.700000,26.061250,24.673125,30.717500,33.246547,28.188453,31.982024,29.452976
2024-03-07,34.000000,2023-11-14,2023-09-30,2.590000,1.960000,17.346939,32.589171,23.221731,-27.154410,18.360182,63.874775,109.389367,154.903960,,,,,,,,,,30.927500,28.827500,26.151667,24.723958,30.927500,33.808742,28.046258,32.368121,29.486879
2024-03-08,34.200000,2023-11-14,2023-09-30,2.590000,1.960000,17.448980,32.216561,23.101640,-27.413970,17.865245,63.144459,108.423674,153.702889,,,,,,,,,,31.155000,28.950833,26.245000,24.776458,31.155000,34.316429,27.993571,32.735714,29.574286
2024-03-11,34.850000,2023-11-14,2023-09-30,2.590000,1.960000,17.780612,31.847841,22.974598,-27.638656,17.391556,62.421768,107.451980,152.482192,,,,,,,,,,31.420000,29.083333,26.344167,24.831458,31.420000,34.888566,27.951434,33.154283,29.685717
2024-03-12,35.000000,2023-11-14,2023-09-30,2.590000,1.960000,17.857143,31.477506,22.837412,-27.826743,16.934585,61.695912,106.457240,151.218567,,,,,,,,,,31.692500,29.215833,26.443750,24.886667,31.692500,35.391188,27.993812,33.541844,29.843156
2024-03-13,36.250000,2023-11-14,2023-09-30,2.590000,1.960000,18.494898,31.104603,22.679154,-27.937260,16.513881,60.965023,105.416164,149.867305,,,,,,,,,,32.020000,29.372500,26.550833,24.947708,32.020000,36.114592,27.925408,34.067296,29.972704
2024-03-14,36.300000,2023-11-14,2023-09-30,2.590000,1.960000,18.520408,30.740922,22.526335,-28.051026,16.100591,60.252207,104.403824,148.555440,,,,,,,,,,32.355000,29.521667,26.661667,25.008542,32.355000,36.704338,28.005662,34.529669,30.180331
2024-03-15,35.050000,2023-11-14,2023-09-30,2.590000,1.960000,17.882653,30.367422,22.362915,-28.142480,15.688833,59.520146,103.351460,147.182773,,,,,,,,,,32.620000,29.637500,26.760417,25.064167,32.620000,36.946832,28.293168,34.783416,30.456584
2024-03-18,34.300000,2023-11-14,2023-09-30,2.590000,1.960000,17.500000,29.988480,22.190374,-28.208846,15.284288,58.777421,102.270555,145.763688,,,,,,,,,,32.837500,29.740000,26.852083,25.116875,32.837500,37.034601,28.640399,34.936051,30.738949
2024-03-19,34.550000,2023-11-14,2023-09-30,2.590000,1.960000,17.627551,29.619611,22.022859,-28.275169,14.889634,58.054437,101.219240,144.384043,,,,,,,,,,33.055000,29.849167,26.949167,25.169375,33.055000,37.125549,28.984451,35.090274,31.019726
2024-03-20,37.350000,2023-11-14,2023-09-30,2.590000,1.960000,19.056122,29.258141,21.834938,-28.246999,14.549479,57.345957,100.142435,142.938913,,,,,,,,,,33.422500,30.011667,27.067917,25.233333,33.422500,37.655637,29.189363,35.539068,31.305932
2024-03-21,38.450000,2023-11-14,2023-09-30,2.590000,1.960000,19.617347,28.901349,21.637213,-28.171233,14.237706,56.646644,99.055583,141.464521,,,,,,,,,,33.835000,30.183333,27.195833,25.301667,33.835000,38.344767,29.325233,36.089884,31.580116
2024-03-22,37.200000,2023-11-14,2023-09-30,2.590000,1.960000,18.979592,28.543747,21.441112,-28.103415,13.921164,55.945743,97.970322,139.994901,,,,,,,,,,34.182500,30.331667,27.315000,25.364583,34.182500,38.599247,29.765753,36.390874,31.974126
2024-03-25,37.450000,2023-11-14,2023-09-30,2.590000,1.960000,19.107143,28.187207,21.236667,-28.000810,13.623058,55.246926,96.870793,138.494661,,,,,,,,,,34.485000,30.487500,27.436250,25.429167,34.485000,38.927984,30.042016,36.706492,32.263508
2024-03-26,38.350000,2023-11-14,2023-09-30,2.590000,1.960000,19.566327,27.832242,21.018885,-27.842836,13.354179,54.551194,95.748208,136.945223,,,,,,,,,,34.822500,30.660000,27.564167,25.497708,34.822500,39.367072,30.277928,37.094786,32.550214
2024-03-27,39.250000,2023-11-14,2023-09-30,2.590000,1.960000,20.025510,27.486734,20.800663,-27.664601,13.104698,53.873998,94.643297,135.412596,,,,,,,,,,35.225000,30.850833,27.701667,25.569792,35.225000,39.844011,30.605989,37.534506,32.915494
2024-03-28,39.700000,2023-11-14,2023-09-30,2.590000,1.960000,20.255102,27.142013,20.571721,-27.442801,12.877772,53.198345,93.518917,133.839490,,,,,,,,,,35.640000,31.052500,27.842500,25.642708,35.640000,40.303249,30.976751,37.971625,33.308375
2024-03-29,40.450000,2023-11-14,2023-09-30,2.590000,1.960000,20.637755,26.804985,20.341022,-27.199034,12.669368,52.537770,92.406173,132.274575,,,,,,,,,,36.107500,31.268333,27.991250,25.718750,36.107500,40.728878,31.486122,38.418189,33.796811
2024-04-01,43.750000,2024-03-31,2023-12-31,-0.100000,2.220000,19.707207,26.457950,20.100499,-30.509566,14.113542,58.736650,103.359757,147.982865,,,,,,,,,,36.660000,31.534167,28.166667,25.806458,36.660000,42.130264,31.189736,39.395132,33.924868
2024-04-02,45.750000,2024-03-31,2023-12-31,-0.100000,2.220000,20.608108,26.119549,19.850686,-30.151647,13.916876,57.985400,102.053923,146.122446,,,,,,,,,,37.302500,31.832500,28.359167,25.900833,37.302500,43.829728,30.775272,40.566114,34.038886
2024-04-03,45.600000,2024-03-31,2023-12-31,-0.100000,2.220000,20.540541,25.782838,19.596038,-29.768510,13.734695,57.237900,100.741105,144.244310,,,,,,,,,,37.890000,32.130000,28.551250,25.994167,37.890000,45.179473,30.600527,41.534737,34.245263
2024-04-08,48.300000,2024-03-31,2023-12-31,-0.100000,2.220000,21.756757,25.458513,19.334003,-29.325075,13.596412,56.517900,99.439387,142.360874,,,,,,,,,,38.605000,32.472500,28.766667,26.098750,38.605000,47.008126,30.201874,42.806563,34.403437
2024-04-09,50.200000,2024-03-31,2023-12-31,-0.100000,2.220000,22.612613,25.136817,19.053156,-28.792277,13.505728,55.803733,98.101738,140.399743,,,,,,,,,,39.405000,32.848333,28.996250,26.211875,39.405000,49.003788,29.806212,44.204394,34.605606
2024-04-10,54.000000,2024-03-31,2023-12-31,-0.100000,2.220000,24.324324,24.827132,18.757085,-28.165223,13.475505,55.116233,96.756961,138.397689,,,,,,,,,,40.362500,33.291667,29.256667,26.341250,40.362500,51.709462,29.015538,46.035981,34.689019
2024-04-11,50.600000,2024-03-31,2023-12-31,-0.100000,2.220000,22.792793,24.503558,18.449408,-27.517472,13.440214,54.397900,95.355586,136.313272,,,,,,,,,,41.142500,33.680000,29.488333,26.457083,41.142500,53.067365,29.217635,47.104932,35.180068
2024-04-12,49.500000,2024-03-31,2023-12-31,-0.100000,2.220000,22.297297,24.178108,18.135738,-26.847279,13.414060,53.675400,93.936739,134.198078,,,,,,,,,,41.805000,34.050000,29.711667,26.568125,41.805000,54.053261,29.556739,47.929130,35.680870
2024-04-15,48.900000,2024-03-31,2023-12-31,-0.100000,2.220000,22.027027,23.840270,17.788883,-26.057239,13.434080,52.925400,92.416719,131.908038,,,,,,,,,,42.435000,34.409167,29.926250,26.676875,42.435000,54.786778,30.083222,48.610889,36.259111
2024-04-16,46.350000,2024-03-31,2023-12-31,-0.100000,2.220000,20.878378,23.497365,17.439767,-25.268415,13.447867,52.164150,90.880432,129.596715,,,,,,,,,,43.000000,34.723333,30.121250,26.775625,43.000000,54.956896,31.043104,48.978448,37.021552
2024-04-17,48.500000,2024-03-31,2023-12-31,-0.100000,2.220000,21.846847,23.167034,17.085983,-24.430949,13.499934,51.430816,89.361699,127.292581,,,,,,,,,,43.710000,35.073333,30.335833,26.883750,43.710000,55.167684,32.252316,49.438842,37.981158
2024-04-18,49.600000,2024-03-31,2023-12-31,-0.100000,2.220000,22.342342,22.838581,16.712682,-23.502659,13.599496,50.701650,87.803804,124.905958,,,,,,,,,,44.462500,35.437500,30.558750,26.997083,44.462500,55.349812,33.575188,49.906156,39.018844
2024-04-19,48.850000,2024-03-31,2023-12-31,-0.100000,2.220000,22.004505,22.508438,16.326971,-22.523018,13.722858,49.968733,86.214608,122.460484,,,,,,,,,,45.037500,35.793333,30.775833,27.107708,45.037500,55.551494,34.523506,50.294497,39.780503
2024-04-22,49.700000,2024-03-31,2023-12-31,-0.100000,2.220000,22.387387,22.187117,15.938962,-21.513591,13.870904,49.255400,84.639895,120.024391,,,,,,,,,,45.600000,36.165000,31.002083,27.221042,45.600000,55.829987,35.370013,50.714993,40.485007
2024-04-23,51.800000,2024-03-31,2023-12-31,-0.100000,2.220000,23.333333,21.874805,15.537926,-20.426325,14.067871,48.562066,83.056262,117.550457,,,,,,,,,,46.330000,36.580000,31.246250,27.343333,46.330000,56.109915,36.550085,51.219957,41.440043
2024-04-24,52.500000,2024-03-31,2023-12-31,-0.100000,2.220000,23.648649,21.562868,15.114178,-19.237385,14.316091,47.869566,81.423042,114.976518,,,,,,,,,,47.082500,37.013333,31.495417,27.469375,47.082500,56.284461,37.880539,51.683480,42.481520
2024-04-25,57.000000,2024-03-31,2023-12-31,-0.100000,2.220000,25.675676,21.263318,14.663054,-17.899391,14.652588,47.204566,79.756545,112.308524,,,,,,,,,,48.015000,37.517500,31.780417,27.614167,48.015000,57.270673,38.759327,52.642836,43.387164
2024-04-26,57.500000,2024-03-31,2023-12-31,-0.100000,2.220000,25.900901,20.973528,14.214358,-16.550515,15.005359,46.561233,78.117107,109.672981,,,,,,,,,,48.927500,38.025000,32.072500,27.761042,48.927500,58.143132,39.711868,53.535316,44.319684
2024-04-29,63.200000,2024-03-31,2023-12-31,-0.100000,2.220000,28.468468,20.697252,13.731658,-15.020663,15.463618,45.947900,76.432181,106.916463,,,,,,,,,,50.102500,38.589167,32.409167,27.931250,50.102500,60.304176,39.900824,55.203338,45.001662
2024-04-30,56.900000,2024-03-31,2023-12-31,-0.100000,2.220000,25.630631,20.397327,13.213564,-13.386157,15.947955,45.282066,74.616178,103.950290,,,,,,,,,,50.925000,39.052500,32.693333,28.075208,50.925000,60.482114,41.367886,55.703557,46.146443
2024-05-02,53.800000,2024-03-31,2023-12-31,-0.100000,2.220000,24.234234,20.089144,12.673779,-11.673680,16.462110,44.597900,72.733690,100.869480,,,,,,,,,,51.427500,39.463333,32.952917,28.205625,51.427500,60.437347,42.417653,55.932423,46.922577
2024-05-03,55.100000,2024-03-31,2023-12-31,-0.100000,2.220000,24.819820,19.789219,12.115574,-9.861080,17.035493,43.932066,70.828640,97.725213,,,,,,,,,,51.895000,39.895833,33.224583,28.341458,51.895000,60.630584,43.159416,56.262792,47.527208
2024-05-06,52.900000,2024-03-31,2023-12-31,-0.100000,2.220000,23.828829,19.479910,11.514926,-7.880872,17.682264,43.245400,68.808536,94.371671,,,,,,,,,,52.260000,40.289167,33.477500,28.468542,52.260000,60.483112,44.036888,56.371556,48.148444
2024-05-07,48.750000,2024-03-31,2023-12-31,-0.100000,2.220000,21.959459,19.149392,10.844874,-5.639592,18.436029,42.511650,66.587271,90.662891,,,,,,,,,,52.282500,40.605000,33.693750,28.578750,52.282500,60.462339,44.102661,56.372419,48.192581
2024-05-08,46.550000,2024-03-31,2023-12-31,-0.100000,2.220000,20.968468,18.798228,10.063616,-2.950387,19.390840,41.732066,64.073293,86.414520,,,,,,,,,,52.100000,40.886667,33.887083,28.679375,52.100000,60.630811,43.569189,56.365406,47.834594
2024-05-09,44.300000,2024-03-31,2023-12-31,-0.100000,2.220000,19.954955,18.439745,9.206499,0.059377,20.497805,40.936233,61.374661,81.813089,,,,,,,,,,51.615000,41.132500,34.062083,28.771042,51.615000,60.771022,42.458978,56.193011,47.036989
2024-05-10,42.650000,2024-03-31,2023-12-31,-0.100000,2.220000,19.211712,18.071689,8.225424,3.598266,21.858708,40.119150,58.379591,76.640033,,,,,,,,,,51.217500,41.350833,34.222083,28.854583,51.217500,61.211039,41.223961,56.214269,46.220731
2024-05-13,43.700000,2024-03-31,2023-12-31,-0.100000,2.220000,19.684685,17.705323,7.077299,7.882611,23.594214,39.305816,55.017419,70.729022,,,,,,,,,,50.927500,41.584167,34.390000,28.939375,50.927500,61.453332,40.401668,56.190416,45.664584
2024-05-14,42.300000,2024-03-31,2023-12-31,-0.100000,2.220000,19.054054,17.337079,5.704439,13.160605,25.824461,38.488316,51.152172,63.816028,,,,,,,,,,50.597500,41.795833,34.547500,29.017500,50.597500,61.784074,39.410926,56.190787,45.004213
2024-05-15,44.150000,2024-05-15,2024-03-31,0.040000,2.640000,16.723485,16.943784,3.762131,24.867539,34.799564,44.731590,54.663616,64.595642,,,,,,,,,,50.487500,42.035833,34.718333,29.103958,50.487500,61.891095,39.083905,56.189297,44.785703
2024-05-16,46.400000,2024-05-15,2024-03-31,0.040000,2.640000,17.575758,16.988846,3.736750,25.120511,34.985532,44.850553,54.715574,64.580594,,,,,,,,,,50.382500,42.310000,34.906250,29.198542,50.382500,61.901239,38.863761,56.141869,44.623131
2024-05-17,49.250000,2024-05-15,2024-03-31,0.040000,2.640000,18.655303,17.041415,3.715210,25.373030,35.181183,44.989337,54.797490,64.605644,,,,,,,,,,50.365000,42.627500,35.115000,29.304792,50.365000,61.889806,38.840194,56.127403,44.602597
2024-05-20,47.550000,2024-05-15,2024-03-31,0.040000,2.640000,18.011364,17.087981,3.691788,25.619631,35.365951,45.112270,54.858590,64.604910,,,,,,,,,,50.300000,42.920000,35.308333,29.402917,50.300000,61.875337,38.724663,56.087668,44.512332
2024-05-21,46.850000,2024-05-15,2024-03-31,0.040000,2.640000,17.746212,17.132337,3.667167,25.866727,35.548049,45.229371,54.910693,64.592014,,,,,,,,,,50.157500,43.197500,35.495833,29.498750,50.157500,61.833669,38.481331,55.995584,44.319416
2024-05-22,46.850000,2024-05-15,2024-03-31,0.040000,2.640000,17.746212,17.174780,3.644292,26.099560,35.720490,45.341420,54.962350,64.583280,,,,,,,,,,49.910000,43.474167,35.679583,29.595208,49.910000,61.649255,38.170745,55.779627,44.040373
2024-05-23,45.200000,2024-05-15,2024-03-31,0.040000,2.640000,17.121212,17.207976,3.625303,26.287457,35.858257,45.429056,54.999856,64.570655,,,,,,,,,,49.545000,43.704167,35.841667,29.685000,49.545000,61.398576,37.691424,55.471788,43.618212
2024-05-24,45.200000,2024-05-15,2024-03-31,0.040000,2.640000,17.121212,17.240746,3.606391,26.473827,35.994698,45.515570,55.036441,64.557312,,,,,,,,,,48.955000,43.930833,36.002917,29.774792,48.955000,60.414306,37.495694,54.684653,43.225347
2024-05-27,46.400000,2024-05-15,2024-03-31,0.040000,2.640000,17.575758,17.277304,3.587155,26.671907,36.141995,45.612083,55.082172,64.552260,,,,,,,,,,48.400000,44.184167,36.174167,29.868333,48.400000,59.171307,37.628693,53.785653,43.014347
2024-05-28,46.900000,2024-05-15,2024-03-31,0.040000,2.640000,17.765152,17.315441,3.567596,26.875857,36.294310,45.712764,55.131217,64.549670,,,,,,,,,,47.585000,44.442500,36.349583,29.964583,47.585000,55.805968,39.364032,51.695484,43.474516
2024-05-29,47.700000,2024-05-15,2024-03-31,0.040000,2.640000,18.068182,17.355890,3.548170,27.085210,36.452380,45.819549,55.186719,64.553888,,,,,,,,,,47.125000,44.719167,36.531250,30.062708,47.125000,54.084091,40.165909,50.604545,43.645455
2024-05-30,50.200000,2024-05-15,2024-03-31,0.040000,2.640000,19.015152,17.403593,3.531500,27.299167,36.622326,45.945485,55.268644,64.591802,,,,,,,,,,46.945000,45.010833,36.732500,30.170833,46.945000,53.340549,40.549451,50.142775,43.747225
2024-05-31,50.500000,2024-05-15,2024-03-31,0.040000,2.640000,19.128788,17.452455,3.514283,27.519070,36.796775,46.074481,55.352187,64.629893,,,,,,,,,,46.715000,45.304167,36.936667,30.281458,46.715000,52.131651,41.298349,49.423325,44.006675
2024-06-03,51.000000,2024-05-15,2024-03-31,0.040000,2.640000,19.318182,17.502896,3.497076,27.743085,36.975365,46.207645,55.439924,64.672204,,,,,,,,,,46.620000,45.590000,37.145000,30.392708,46.620000,51.631398,41.608602,49.125699,44.114301
2024-06-04,50.400000,2024-05-15,2024-03-31,0.040000,2.640000,19.090909,17.549954,3.479949,27.957748,37.144814,46.331879,55.518945,64.706010,,,,,,,,,,46.702500,45.863333,37.345417,30.502500,46.702500,51.911952,41.493048,49.307226,44.097774
2024-06-05,48.200000,2024-05-15,2024-03-31,0.040000,2.640000,18.257576,17.588155,3.462153,28.152562,37.292646,46.432730,55.572814,64.712897,,,,,,,,,,46.785000,46.096667,37.523750,30.602500,46.785000,52.036376,41.533624,49.410688,44.159312
2024-06-06,47.900000,2024-05-15,2024-03-31,0.040000,2.640000,18.143939,17.624984,3.444167,28.344755,37.437356,46.529957,55.622559,64.715160,,,,,,,,,,46.965000,46.314167,37.698750,30.701042,46.965000,52.103308,41.826692,49.534154,44.395846
2024-06-07,48.800000,2024-05-15,2024-03-31,0.040000,2.640000,18.484848,17.664016,3.426964,28.538631,37.585816,46.633002,55.680187,64.727373,,,,,,,,,,47.272500,46.544167,37.880000,30.802500,47.272500,52.046715,42.498285,49.659608,44.885392
2024-06-11,48.150000,2024-05-15,2024-03-31,0.040000,2.640000,18.238636,17.701846,3.407829,28.739534,37.736204,46.732874,55.729544,64.726214,,,,,,,,,,47.495000,46.742500,38.057500,30.900208,47.495000,51.973827,43.016173,49.734414,45.255586
2024-06-12,48.100000,2024-05-15,2024-03-31,0.040000,2.640000,18.219697,17.737393,3.390612,28.924286,37.875502,46.826718,55.777933,64.729149,,,,,,,,,,47.785000,46.939167,38.230417,30.997708,47.785000,51.540151,44.029849,49.662575,45.907425
2024-06-13,47.500000,2024-05-15,2024-03-31,0.040000,2.640000,17.992424,17.767857,3.376193,29.080843,37.993993,46.907143,55.820293,64.733443,,,,,,,,,,47.952500,47.146667,38.392083,31.092500,47.952500,51.301887,44.603113,49.627194,46.277806
2024-06-14,47.950000,2024-05-15,2024-03-31,0.040000,2.640000,18.162879,17.799529,3.361773,29.240597,38.115677,46.990757,55.865837,64.740917,,,,,,,,,,48.030000,47.374167,38.557083,31.188958,48.030000,51.298896,44.761104,49.664448,46.395552
2024-06-17,45.400000,2024-05-15,2024-03-31,0.040000,2.640000,17.196970,17.823790,3.346673,29.384373,38.219589,47.054804,55.890020,64.725236,,,,,,,,,,47.837500,47.555000,38.702083,31.274583,47.837500,51.254004,44.420996,49.545752,46.129248
2024-06-18,45.950000,2024-05-15,2024-03-31,0.040000,2.640000,17.405303,17.851487,3.329150,29.550015,38.338970,47.127925,55.916880,64.705836,,,,,,,,,,47.757500,47.698333,38.855000,31.362083,47.757500,51.275764,44.239236,49.516632,45.998368
2024-06-19,46.200000,2024-05-15,2024-03-31,0.040000,2.640000,17.500000,17.877635,3.313801,29.700087,38.448521,47.196956,55.945390,64.693825,,,,,,,,,,47.725000,47.827500,39.005417,31.451458,47.725000,51.290256,44.159744,49.507628,45.942372
2024-06-20,46.100000,2024-05-15,2024-03-31,0.040000,2.640000,17.462121,17.902829,3.298896,29.845301,38.554385,47.263469,55.972554,64.681638,,,,,,,,,,47.687500,47.975833,39.153750,31.540417,47.687500,51.306874,44.068126,49.497187,45.877813
2024-06-21,45.850000,2024-05-15,2024-03-31,0.040000,2.640000,17.367424,17.928085,3.282927,29.996288,38.663217,47.330145,55.997073,64.664001,,,,,,,,,,47.720000,48.115833,39.301667,31.628750,47.720000,51.256040,44.183960,49.488020,45.951980
2024-06-24,47.950000,2024-05-15,2024-03-31,0.040000,2.640000,18.162879,17.960395,3.265813,30.171948,38.793695,47.415442,56.037189,64.658936,,,,,,,,,,47.857500,48.275833,39.467917,31.725833,47.857500,51.188894,44.526106,49.523197,46.191803
2024-06-25,46.350000,2024-05-15,2024-03-31,0.040000,2.640000,17.556818,17.988504,3.247498,30.342860,38.916256,47.489651,56.063047,64.636443,,,,,,,,,,47.855000,48.394167,39.622500,31.816458,47.855000,51.191071,44.518929,49.523035,46.186965
2024-06-26,46.700000,2024-05-15,2024-03-31,0.040000,2.640000,17.689394,18.018569,3.227665,30.526952,39.047987,47.569022,56.090057,64.611092,,,,,,,,,,47.845000,48.510833,39.781667,31.908125,47.845000,51.194297,44.495703,49.519648,46.170352
2024-06-27,46.150000,2024-05-15,2024-03-31,0.040000,2.640000,17.481061,18.047323,3.207143,30.711215,39.178073,47.644932,56.111790,64.578649,,,,,,,,,,47.767500,48.605833,39.937083,31.997292,47.767500,51.201582,44.333418,49.484541,46.050459
2024-06-28,45.000000,2024-05-15,2024-03-31,0.040000,2.640000,17.045455,18.071171,3.188759,30.871242,39.289566,47.707891,56.126216,64.544541,,,,,,,,,,47.507500,48.626667,40.080417,32.081875,47.507500,50.953516,44.061484,49.230508,45.784492
2024-07-01,45.950000,2024-05-15,2024-03-31,0.040000,2.640000,17.405303,18.097805,3.169521,31.043137,39.410671,47.778206,56.145740,64.513275,,,,,,,,,,47.280000,48.630000,40.231250,32.171042,47.280000,50.486638,44.073362,48.883319,45.676681
2024-07-02,45.950000,2024-05-15,2024-03-31,0.040000,2.640000,17.405303,18.124865,3.149401,31.220806,39.535224,47.849643,56.164061,64.478480,,,,,,,,,,47.027500,48.635833,40.382917,32.261042,47.027500,49.761203,44.293797,48.394351,45.660649
2024-07-03,45.700000,2024-05-15,2024-03-31,0.040000,2.640000,17.310606,18.151135,3.129118,31.397256,39.658126,47.918997,56.179867,64.440738,,,,,,,,,,46.792500,48.592500,40.532500,32.350625,46.792500,49.076604,44.508396,47.934552,45.650448
2024-07-04,46.350000,2024-05-15,2024-03-31,0.040000,2.640000,17.556818,18.179882,3.107424,31.587690,39.791290,47.994889,56.198489,64.402089,,,,,,,,,,46.700000,48.528333,40.688333,32.443333,46.700000,48.892091,44.507909,47.796046,45.603954
2024-07-05,45.800000,2024-05-15,2024-03-31,0.040000,2.640000,17.348485,18.207956,3.084290,31.783956,39.926481,48.069005,56.211530,64.354054,,,,,,,,,,46.595000,48.391667,40.841667,32.534167,46.595000,48.745863,44.444137,47.670431,45.519569
2024-07-08,44.800000,2024-05-15,2024-03-31,0.040000,2.640000,16.969697,18.233299,3.061240,31.972565,40.054237,48.135910,56.217582,64.299255,,,,,,,,,,46.395000,48.295000,40.987500,32.621250,46.395000,48.422936,44.367064,47.408968,45.381032
2024-07-09,44.400000,2024-05-15,2024-03-31,0.040000,2.640000,16.818182,18.257379,3.038373,32.156871,40.178176,48.199481,56.220786,64.242091,,,,,,,,,,46.207500,48.210000,41.130000,32.707083,46.207500,48.245630,44.169370,47.226565,45.188435
2024-07-10,46.900000,2024-05-15,2024-03-31,0.040000,2.640000,17.765152,18.289138,3.012825,32.375610,40.329467,48.283325,56.237182,64.191040,,,,,,,,,,46.147500,48.176667,41.292917,32.803542,46.147500,48.014520,44.280480,47.081010,45.213990
2024-07-11,47.150000,2024-05-15,2024-03-31,0.040000,2.640000,17.859848,18.321048,2.987514,32.593494,40.480531,48.367568,56.254605,64.141642,,,,,,,,,,46.130000,48.190000,41.456667,32.901875,46.130000,47.949601,44.310399,47.039800,45.220200
2024-07-12,46.650000,2024-05-15,2024-03-31,0.040000,2.640000,17.670455,18.351381,2.961956,32.808519,40.628082,48.447645,56.267208,64.086770,,,,,,,,,,46.065000,48.159167,41.616250,32.999375,46.065000,47.693722,44.436278,46.879361,45.250639
2024-07-15,46.800000,2024-05-15,2024-03-31,0.040000,2.640000,17.727273,18.381123,2.937313,33.017154,40.771660,48.526165,56.280670,64.035176,,,,,,,,,,46.135000,48.112500,41.775000,33.097500,46.135000,47.763722,44.506278,46.949361,45.320639
2024-07-16,47.500000,2024-05-15,2024-03-31,0.040000,2.640000,17.992424,18.414138,2.910142,33.247775,40.930550,48.613325,56.296100,63.978874,,,,,,,,,,46.212500,48.090000,41.941667,33.197917,46.212500,47.948155,44.476845,47.080328,45.344672
2024-07-17,47.300000,2024-05-15,2024-03-31,0.040000,2.640000,17.916667,18.446947,2.881782,33.484132,41.092036,48.699940,56.307845,63.915749,,,,,,,,,,46.267500,48.050000,42.107500,33.298125,46.267500,48.069918,44.465082,47.168709,45.366291
2024-07-18,47.250000,2024-05-15,2024-03-31,0.040000,2.640000,17.897727,18.481724,2.849311,33.747390,41.269571,48.791752,56.313933,63.836114,,,,,,,,,,46.325000,47.974167,42.277083,33.397917,46.325000,48.177594,44.472406,47.251297,45.398703
2024-07-19,46.400000,2024-05-15,2024-03-31,0.040000,2.640000,17.575758,18.515519,2.813800,34.024103,41.452536,48.880969,56.309403,63.737836,,,,,,,,,,46.352500,47.872500,42.442917,33.493333,46.352500,48.191686,44.513314,47.272093,45.432907
2024-07-22,45.200000,2024-05-15,2024-03-31,0.040000,2.640000,17.121212,18.544462,2.780982,34.273794,41.615587,48.957381,56.299175,63.640968,,,,,,,,,,46.215000,47.675833,42.596667,33.581875,46.215000,47.960098,44.469902,47.087549,45.342451
2024-07-23,47.550000,2024-05-15,2024-03-31,0.040000,2.640000,18.011364,18.579549,2.746986,34.545922,41.797965,49.050009,56.302052,63.554095,,,,,,,,,,46.275000,47.510000,42.767500,33.680833,46.275000,48.119337,44.430663,47.197168,45.352832
2024-07-26,47.150000,2024-05-15,2024-03-31,0.040000,2.640000,17.859848,18.603593,2.727726,34.711094,41.912290,49.113486,56.314683,63.515879,,,,,,,,,,46.297500,47.242500,42.915833,33.777708,46.297500,48.174360,44.420640,47.235930,45.359070
2024-07-29,47.100000,2024-05-15,2024-03-31,0.040000,2.640000,17.840909,18.628543,2.706687,34.888044,42.033699,49.179354,56.325008,63.470663,,,,,,,,,,46.345000,47.079167,43.065833,33.873125,46.345000,48.253954,44.436046,47.299477,45.390523
2024-07-30,47.700000,2024-05-15,2024-03-31,0.040000,2.640000,18.068182,18.655174,2.685056,35.072567,42.161113,49.249660,56.338207,63.426753,,,,,,,,,,46.480000,46.977500,43.220417,33.972292,46.480000,48.370252,44.589748,47.425126,45.534874
2024-07-31,49.750000,2024-05-15,2024-03-31,0.040000,2.640000,18.844697,18.688276,2.662419,35.279476,42.308262,49.337049,56.365836,63.394623,,,,,,,,,,46.670000,46.888333,43.392083,34.080208,46.670000,49.039188,44.300812,47.854594,45.485406
2024-08-01,52.100000,2024-05-15,2024-03-31,0.040000,2.640000,19.734848,18.728158,2.641700,35.494163,42.468251,49.442338,56.416426,63.390514,,,,,,,,,,46.977500,46.875000,43.582083,34.197917,46.977500,50.341000,43.614000,48.659250,45.295750
2024-08-02,47.200000,2024-05-15,2024-03-31,0.040000,2.640000,17.878788,18.750448,2.622933,35.652096,42.576639,49.501182,56.425725,63.350268,,,,,,,,,,47.052500,46.849167,43.727083,34.296250,47.052500,50.362529,43.742471,48.707514,45.397486
2024-08-05,42.500000,2024-05-15,2024-03-31,0.040000,2.640000,16.098485,18.758539,2.613143,35.725150,42.623846,49.522543,56.421239,63.319935,,,,,,,,,,46.860000,46.781667,43.834167,34.373958,46.860000,50.740667,42.979333,48.800334,44.919666
2024-08-06,38.250000,2024-05-15,2024-03-31,0.040000,2.640000,14.488636,18.753640,2.620644,35.672609,42.591109,49.509609,56.428109,63.346609,,,,,,,,,,46.482500,46.680833,43.906667,34.433958,46.482500,51.944163,41.020837,49.213332,43.751668
2024-08-07,40.600000,2024-05-15,2024-03-31,0.040000,2.640000,15.378788,18.756159,2.617223,35.697321,42.606790,49.516259,56.425727,63.335196,,,,,,,,,,46.272500,46.646667,43.998750,34.503542,46.272500,52.300197,40.244803,49.286349,43.258651
2024-08-08,39.600000,2024-05-15,2024-03-31,0.040000,2.640000,15.000000,18.754883,2.619030,35.684411,42.598651,49.512891,56.427131,63.341372,,,,,,,,,,46.032500,46.578333,44.081250,34.570000,46.032500,52.720217,39.344783,49.376358,42.688642
2024-08-09,40.000000,2024-05-15,2024-03-31,0.040000,2.640000,15.151515,18.755295,2.618454,35.688540,42.601260,49.513980,56.426699,63.339419,,,,,,,,,,45.687500,46.540000,44.167917,34.638750,45.687500,52.879665,38.495335,49.283582,42.091418
2024-08-12,40.500000,2024-05-15,2024-03-31,0.040000,2.640000,15.340909,18.756648,2.616632,35.701733,42.609642,49.517551,56.425460,63.333369,,,,,,,,,,45.355000,46.479167,44.257500,34.710625,45.355000,52.870101,37.839899,49.112550,41.597450
2024-08-13,40.250000,2024-05-15,2024-03-31,0.040000,2.640000,15.246212,18.756361,2.617018,35.698938,42.607866,49.516794,56.425722,63.334650,,,,,,,,,,45.035000,46.376667,44.343333,34.781042,45.035000,52.856704,37.213296,48.945852,41.124148
2024-08-14,40.250000,2024-08-14,2024-06-30,0.030000,2.560000,15.722656,18.758982,2.613792,34.640377,41.331686,48.022994,54.714303,61.405612,,,,,,,,,,44.707500,46.226667,44.427083,34.851667,44.707500,52.763049,36.651951,48.735274,40.679726
2024-08-15,40.200000,2024-08-14,2024-06-30,0.030000,2.560000,15.703125,18.762291,2.609633,34.670142,41.350803,48.031464,54.712125,61.392786,,,,,,,,,,44.342500,46.104167,44.512083,34.922083,44.342500,52.525813,36.159187,48.434156,40.250844
2024-08-16,41.550000,2024-08-14,2024-06-30,0.030000,2.560000,16.230469,18.769143,2.601820,34.727689,41.388348,48.049006,54.709665,61.370323,,,,,,,,,,44.055000,46.015833,44.606667,34.998542,44.055000,52.204776,35.905224,48.129888,39.980112
2024-08-19,41.750000,2024-08-14,2024-06-30,0.030000,2.560000,16.308594,18.776434,2.593607,34.788403,41.428037,48.067671,54.707306,61.346940,,,,,,,,,,43.780000,45.930833,44.702500,35.075833,43.780000,51.846591,35.713409,47.813296,39.746704
2024-08-20,40.650000,2024-08-14,2024-06-30,0.030000,2.560000,15.878906,18.775255,2.594903,34.778751,41.421702,48.064653,54.707603,61.350554,,,,,,,,,,43.492500,45.855000,44.779583,35.151458,43.492500,51.575769,35.409231,47.534134,39.450866
2024-08-21,39.600000,2024-08-14,2024-06-30,0.030000,2.560000,15.468750,18.769807,2.601197,34.732579,41.391643,48.050707,54.709771,61.368836,,,,,,,,,,43.212500,45.761667,44.846250,35.222708,43.212500,51.433518,34.991482,47.323009,39.101991
2024-08-22,38.750000,2024-08-14,2024-06-30,0.030000,2.560000,15.136719,18.763294,2.609363,34.674092,41.354062,48.034032,54.714002,61.393971,,,,,,,,,,42.772500,45.634167,44.909167,35.290208,42.772500,50.957948,34.587052,46.865224,38.679776
2024-08-23,38.600000,2024-08-14,2024-06-30,0.030000,2.560000,15.078125,18.755441,2.619086,34.604207,41.309069,48.013930,54.718791,61.423652,,,,,,,,,,42.345000,45.495833,44.969167,35.354583,42.345000,50.460605,34.229395,46.402803,38.287197
2024-08-26,37.200000,2024-08-14,2024-06-30,0.030000,2.560000,14.531250,18.744307,2.634263,34.497998,41.241712,47.985426,54.729141,61.472855,,,,,,,,,,41.850000,45.320833,45.020000,35.413750,41.850000,49.952111,33.747889,45.901056,37.798944
2024-08-27,37.950000,2024-08-14,2024-06-30,0.030000,2.560000,14.824219,18.728812,2.651896,34.368049,41.156904,47.945758,54.734613,61.523467,,,,,,,,,,41.362500,45.116667,45.063750,35.476458,41.362500,49.149728,33.575272,45.256114,37.468886
2024-08-28,38.650000,2024-08-14,2024-06-30,0.030000,2.560000,15.097656,18.714745,2.666726,34.256109,41.082928,47.909746,54.736565,61.563383,,,,,,,,,,40.807500,44.919167,45.111667,35.541667,40.807500,47.595901,34.019099,44.201701,37.413299
2024-08-29,38.800000,2024-08-14,2024-06-30,0.030000,2.560000,15.156250,18.697127,2.683281,34.126248,40.995446,47.864644,54.733842,61.603041,,,,,,,,,,40.142500,44.715833,45.152917,35.607083,40.142500,44.411270,35.873730,42.276885,38.008115
2024-08-30,39.400000,2024-08-14,2024-06-30,0.030000,2.560000,15.390625,18.680824,2.697458,34.011923,40.917416,47.822909,54.728403,61.633896,,,,,,,,,,39.752500,44.532500,45.197917,35.674792,39.752500,42.438031,37.066969,41.095266,38.409734
2024-09-02,38.450000,2024-08-14,2024-06-30,0.030000,2.560000,15.019531,18.660579,2.715836,33.866002,40.818542,47.771081,54.723621,61.676160,,,,,,,,,,39.550000,44.370000,45.233333,35.739167,39.550000,41.959848,37.140152,40.754924,38.345076
2024-09-03,38.000000,2024-08-14,2024-06-30,0.030000,2.560000,14.843750,18.636105,2.736983,33.695077,40.701753,47.708428,54.715104,61.721779,,,,,,,,,,39.537500,44.205000,45.259583,35.801875,39.537500,41.978137,37.096863,40.757819,38.317181
2024-09-04,36.700000,2024-08-14,2024-06-30,0.030000,2.560000,14.335938,18.606761,2.764145,33.480887,40.557098,47.633309,54.709520,61.785731,,,,,,,,,,39.342500,44.003333,45.273750,35.858750,39.342500,42.035820,36.649180,40.689160,37.995840
2024-09-05,36.750000,2024-08-14,2024-06-30,0.030000,2.560000,14.355469,18.572266,2.791249,33.253807,40.399404,47.545001,54.690598,61.836195,,,,,,,,,,39.200000,43.813333,45.277917,35.914375,39.200000,42.127366,36.272634,40.663683,37.736317
2024-09-06,36.250000,2024-08-14,2024-06-30,0.030000,2.560000,14.160156,18.535931,2.820160,33.012764,40.232373,47.451983,54.671592,61.891201,,,,,,,,,,39.012500,43.615833,45.277500,35.969583,39.012500,42.193509,35.831491,40.603004,37.421996
2024-09-09,35.950000,2024-08-14,2024-06-30,0.030000,2.560000,14.042969,18.503933,2.849266,32.781825,40.075947,47.370069,54.664191,61.958314,,,,,,,,,,38.785000,43.423333,45.285000,36.022708,38.785000,42.162807,35.407193,40.473903,37.096097
2024-09-10,34.800000,2024-08-14,2024-06-30,0.030000,2.560000,13.593750,18.471381,2.882947,32.526045,39.906391,47.286736,54.667081,62.047426,,,,,,,,,,38.512500,43.204167,45.289167,36.070625,38.512500,42.252592,34.772408,40.382546,36.642454
2024-09-11,34.450000,2024-08-14,2024-06-30,0.030000,2.560000,13.457031,18.436627,2.918129,32.256946,39.727355,47.197765,54.668175,62.138584,,,,,,,,,,38.222500,43.021667,45.288333,36.118750,38.222500,42.281211,34.163789,40.251855,36.193145
2024-09-12,34.600000,2024-08-14,2024-06-30,0.030000,2.560000,13.515625,18.390456,2.951881,31.965939,39.522753,47.079568,54.636382,62.193196,,,,,,,,,,37.942500,42.832500,45.265417,36.166667,37.942500,42.194840,33.690160,40.068670,35.816330
2024-09-13,34.950000,2024-08-14,2024-06-30,0.030000,2.560000,13.652344,18.340748,2.981126,31.688950,39.320632,46.952314,54.583996,62.215678,,,,,,,,,,37.612500,42.645000,45.236250,36.216042,37.612500,41.707539,33.517461,39.660019,35.564981
2024-09-16,35.100000,2024-08-14,2024-06-30,0.030000,2.560000,13.710938,18.296842,3.010293,31.427215,39.133566,46.839916,54.546267,62.252617,,,,,,,,,,37.280000,42.461667,45.218750,36.266875,37.280000,41.025510,33.534490,39.152755,35.407245
2024-09-18,35.200000,2024-08-14,2024-06-30,0.030000,2.560000,13.750000,18.252199,3.037773,31.172231,38.948931,46.725631,54.502330,62.279030,,,,,,,,,,37.007500,42.284167,45.200000,36.318125,37.007500,40.505511,33.509489,38.756505,35.258495
2024-09-19,35.850000,2024-08-14,2024-06-30,0.030000,2.560000,14.003906,18.205846,3.059910,30.940224,38.773595,46.606966,54.440336,62.273707,,,,,,,,,,36.820000,42.082500,45.179167,36.371667,36.820000,40.129858,33.510142,38.474929,35.165071
2024-09-20,33.750000,2024-08-14,2024-06-30,0.030000,2.560000,13.183594,18.148830,3.089321,30.643679,38.552342,46.461005,54.369667,62.278330,,,,,,,,,,36.570000,41.872500,45.133333,36.417500,36.570000,40.018478,33.121522,38.294239,34.845761
2024-09-23,33.150000,2024-08-14,2024-06-30,0.030000,2.560000,12.949219,18.087948,3.119308,30.334290,38.319718,46.305146,54.290574,62.276002,,,,,,,,,,36.297500,41.646667,45.078750,36.460625,36.297500,39.927126,32.667874,38.112313,34.482687
2024-09-24,32.850000,2024-08-14,2024-06-30,0.030000,2.560000,12.832031,18.022900,3.146954,30.026219,38.082421,46.138624,54.194826,62.251029,,,,,,,,,,36.080000,41.425000,45.015417,36.503333,36.080000,39.992248,32.167752,38.036124,34.123876
2024-09-25,33.150000,2024-08-14,2024-06-30,0.030000,2.560000,12.949219,17.966583,3.176886,29.728798,37.861626,45.994453,54.127281,62.260109,,,,,,,,,,35.840000,41.227500,44.927083,36.546875,35.840000,39.856754,31.823246,37.848377,33.831623
2024-09-26,33.500000,2024-08-14,2024-06-30,0.030000,2.560000,13.085938,17.903899,3.198465,29.457839,37.645910,45.833980,54.022051,62.210122,,,,,,,,,,35.582500,41.020000,44.825000,36.592083,35.582500,39.499840,31.665160,37.541170,33.623830
2024-09-27,34.600000,2024-08-14,2024-06-30,0.030000,2.560000,13.515625,17.845358,3.214052,29.228171,37.456143,45.684115,53.912087,62.140060,,,,,,,,,,35.372500,40.830833,44.733333,36.642292,35.372500,39.003431,31.741569,37.187965,33.557035
2024-09-30,34.200000,2024-08-14,2024-06-30,0.030000,2.560000,13.359375,17.775379,3.219586,29.020690,37.262831,45.504971,53.747112,61.989253,,,,,,,,,,35.112500,40.639167,44.615833,36.691250,35.112500,38.238768,31.986232,36.675634,33.549366
2024-10-01,33.500000,2024-08-14,2024-06-30,0.030000,2.560000,13.085938,17.695990,3.216761,28.831922,37.066829,45.301736,53.536643,61.771550,,,,,,,,,,34.865000,40.425000,44.476667,36.736458,34.865000,37.643129,32.086871,36.254064,33.475936
2024-10-04,32.900000,2024-08-14,2024-06-30,0.030000,2.560000,12.851562,17.600384,3.188471,28.732014,36.894498,45.056983,53.219468,61.381953,,,,,,,,,,34.610000,40.210000,44.300833,36.778750,34.610000,37.097569,32.122431,35.853785,33.366215
2024-10-07,36.150000,2024-08-14,2024-06-30,0.030000,2.560000,14.121094,17.528120,3.168003,28.651813,36.761900,44.871987,52.982074,61.092161,,,,,,,,,,34.582500,40.065833,44.180417,36.834375,34.582500,36.983437,32.181563,35.782969,33.382031
2024-10-08,34.050000,2024-08-14,2024-06-30,0.030000,2.560000,13.300781,17.453149,3.160634,28.497613,36.588837,44.680061,52.771286,60.862510,,,,,,,,,,34.447500,39.893333,44.051667,36.881667,34.447500,36.628875,32.266125,35.538187,33.356813
2024-10-09,33.700000,2024-08-14,2024-06-30,0.030000,2.560000,13.164062,17.379291,3.156406,28.330186,36.410586,44.490985,52.571384,60.651783,,,,,,,,,,34.320000,39.673333,43.925000,36.925625,34.320000,36.350660,32.289340,35.335330,33.304670
2024-10-11,33.800000,2024-08-14,2024-06-30,0.030000,2.560000,13.203125,17.315331,3.162664,28.134407,36.230826,44.327246,52.423666,60.520086,,,,,,,,,,34.212500,39.450833,43.820417,36.970833,34.212500,36.102606,32.322394,35.157553,33.267447
2024-10-14,33.750000,2024-08-14,2024-06-30,0.030000,2.560000,13.183594,17.243137,3.157227,27.977427,36.059928,44.142430,52.224932,60.307433,,,,,,,,,,34.160000,39.235833,43.697500,37.016667,34.160000,36.039698,32.280302,35.099849,33.220151
2024-10-15,34.050000,2024-08-14,2024-06-30,0.030000,2.560000,13.300781,17.167790,3.142366,27.860631,35.905087,43.949543,51.993999,60.038456,,,,,,,,,,34.140000,39.023333,43.567917,37.063333,34.140000,36.015212,32.264788,35.077606,33.202394
2024-10-16,36.100000,2024-08-14,2024-06-30,0.030000,2.560000,14.101562,17.101933,3.122901,27.791696,35.786322,43.780947,51.775573,59.770198,,,,,,,,,,34.215000,38.833333,43.461667,37.118750,34.215000,36.278237,32.151763,35.246619,33.183381
2024-10-17,36.000000,2024-08-14,2024-06-30,0.030000,2.560000,14.062500,17.032558,3.096858,27.747437,35.675393,43.603350,51.531306,59.459263,,,,,,,,,,34.267500,38.645000,43.347500,37.174792,34.267500,36.458937,32.076063,35.363218,33.171782
2024-10-18,34.150000,2024-08-14,2024-06-30,0.030000,2.560000,13.339844,16.949279,3.060149,27.722191,35.556173,43.390155,51.224138,59.058120,,,,,,,,,,34.220000,38.426667,43.200417,37.223333,34.220000,36.376361,32.063639,35.298181,33.141819
2024-10-21,33.600000,2024-08-14,2024-06-30,0.030000,2.560000,13.125000,16.861582,3.017035,27.718429,35.442040,43.165651,50.889261,58.612872,,,,,,,,,,34.140000,38.213333,43.042917,37.269167,34.140000,36.261717,32.018283,35.200859,33.079141
2024-10-22,33.000000,2024-08-14,2024-06-30,0.030000,2.560000,12.890625,16.755040,2.927580,27.903696,35.398299,42.892903,50.387507,57.882110,,,,,,,,,,33.997500,38.010000,42.842917,37.311667,33.997500,36.015961,31.979039,35.006730,32.988270
2024-10-23,32.750000,2024-08-14,2024-06-30,0.030000,2.560000,12.792969,16.645807,2.826251,28.142864,35.378066,42.613267,49.848469,57.083670,,,,,,,,,,33.947500,37.763333,42.636667,37.354583,33.947500,36.039961,31.855039,34.993731,32.901269
2024-10-24,32.200000,2024-08-14,2024-06-30,0.030000,2.560000,12.578125,16.513388,2.633338,28.791582,35.532927,42.274273,49.015619,55.756964,,,,,,,,,,33.900000,37.514167,42.378333,37.393750,33.900000,36.108596,31.691404,35.004298,32.795702
2024-10-25,32.400000,2024-08-14,2024-06-30,0.030000,2.560000,12.656250,16.405268,2.519758,29.096325,35.546906,41.997486,48.448067,54.898648,,,,,,,,,,33.877500,37.269167,42.174167,37.433750,33.877500,36.139654,31.615346,35.008577,32.746423
2024-10-28,32.350000,2024-08-14,2024-06-30,0.030000,2.560000,12.636719,16.308622,2.438040,29.267305,35.508689,41.750073,47.991456,54.232840,,,,,,,,,,33.837500,37.013333,41.995417,37.474167,33.837500,36.180659,31.494341,35.009080,32.665920
2024-10-29,31.900000,2024-08-14,2024-06-30,0.030000,2.560000,12.460938,16.205631,2.334312,29.534741,35.510579,41.486417,47.462254,53.438092,,,,,,,,,,33.757500,36.715833,41.802083,37.513333,33.757500,36.253449,31.261551,35.005475,32.509525
2024-10-30,32.200000,2024-08-14,2024-06-30,0.030000,2.560000,12.578125,16.111876,2.249973,29.726539,35.486470,41.246402,47.006333,52.766264,,,,,,,,,,33.637500,36.384167,41.629583,37.553542,33.637500,36.192964,31.082036,34.915232,32.359768
2024-11-01,32.650000,2024-08-14,2024-06-30,0.030000,2.560000,12.753906,16.035163,2.205415,29.758293,35.404155,41.050016,46.695878,52.341740,,,,,,,,,,33.560000,36.141667,41.495417,37.594583,33.560000,36.137555,30.982445,34.848777,32.271223
2024-11-04,31.900000,2024-08-14,2024-06-30,0.030000,2.560000,12.460938,15.964267,2.182114,29.696098,35.282310,40.868522,46.454735,52.040947,,,,,,,,,,33.480000,35.965000,41.373333,37.630208,33.480000,36.162575,30.797425,34.821288,32.138712
2024-11-05,31.850000,2024-08-14,2024-06-30,0.030000,2.560000,12.441406,15.901654,2.174427,29.575169,35.141701,40.708233,46.274765,51.841297,,,,,,,,,,33.427500,35.858333,41.269583,37.665833,33.427500,36.197542,30.657458,34.812521,32.042479
2024-11-06,32.000000,2024-08-14,2024-06-30,0.030000,2.560000,12.500000,15.845723,2.174889,29.429618,34.997334,40.565050,46.132766,51.700482,,,,,,,,,,33.220000,35.715000,41.180833,37.701458,33.220000,35.741988,30.698012,34.480994,31.959006
2024-11-07,32.200000,2024-08-14,2024-06-30,0.030000,2.560000,12.578125,15.786501,2.166214,29.322426,34.867935,40.413444,45.958952,51.504461,,,,,,,,,,33.127500,35.591667,41.085000,37.737500,33.127500,35.657005,30.597995,34.392252,31.862748
2024-11-08,32.300000,2024-08-14,2024-06-30,0.030000,2.560000,12.617187,15.732861,2.164317,29.194819,34.735472,40.276124,45.816776,51.357428,,,,,,,,,,33.057500,35.463333,41.001667,37.774583,33.057500,35.597760,30.517240,34.327630,31.787370
2024-11-11,34.050000,2024-08-14,2024-06-30,0.030000,2.560000,13.300781,15.704338,2.173685,29.073837,34.638471,40.203106,45.767741,51.332375,,,,,,,,,,33.070000,35.355833,40.917500,37.817917,33.070000,35.628042,30.511958,34.349021,31.790979
2024-11-12,34.000000,2024-08-14,2024-06-30,0.030000,2.560000,13.281250,15.668551,2.177964,28.960316,34.535903,40.111490,45.687077,51.262664,,,,,,,,,,33.082500,35.251667,40.814167,37.860208,33.082500,35.656924,30.508076,34.369712,31.795288
2024-11-13,34.150000,2024-08-14,2024-06-30,0.030000,2.560000,13.339844,15.624255,2.170750,28.883856,34.440975,39.998093,45.555212,51.112331,,,,,,,,,,33.087500,35.150000,40.688333,37.901667,33.087500,35.670211,30.504789,34.378855,31.796145
2024-11-14,35.300000,2024-11-14,2024-09-30,1.260000,1.230000,28.699187,15.713320,2.468371,13.255191,16.291288,19.327384,22.363481,25.399577,,,,,,,,,,33.047500,35.068333,40.586250,37.947292,33.047500,35.452424,30.642576,34.249962,31.845038
2024-11-15,36.000000,2024-11-14,2024-09-30,1.260000,1.230000,29.268293,15.809338,2.755511,12.666928,16.056207,19.445485,22.834764,26.224043,,,,,,,,,,33.047500,34.975833,40.495833,37.995833,33.047500,35.452424,30.642576,34.249962,31.845038
2024-11-18,36.750000,2024-11-14,2024-09-30,1.260000,1.230000,29.878049,15.910436,3.035503,12.102500,15.836169,19.569837,23.303505,27.037173,,,,,,,,,,33.177500,34.892500,40.411667,38.045625,33.177500,36.065857,30.289143,34.621678,31.733322
2024-11-19,37.200000,2024-11-14,2024-09-30,1.260000,1.230000,30.243902,16.019792,3.303991,11.576528,15.640436,19.704344,23.768253,27.832161,,,,,,,,,,33.357500,34.835000,40.345000,38.093333,33.357500,36.759709,29.955291,35.058605,31.656395
2024-11-20,37.500000,2024-11-14,2024-09-30,1.260000,1.230000,30.487805,16.131180,3.557059,11.090987,15.466170,19.841352,24.216534,28.591717,,,,,,,,,,33.582500,34.800000,40.280833,38.141875,33.582500,37.448720,29.716280,35.515610,31.649390
2024-11-21,38.900000,2024-11-14,2024-09-30,1.260000,1.230000,31.626016,16.248266,3.826078,10.573216,15.279292,19.985367,24.691443,29.397518,,,,,,,,,,33.890000,34.802500,40.218333,38.196250,33.890000,38.401809,29.378191,36.145905,31.634095
2024-11-22,38.500000,2024-11-14,2024-09-30,1.260000,1.230000,31.300813,16.361063,4.063340,10.128292,15.126200,20.124108,25.122016,30.119924,,,,,,,,,,34.205000,34.800833,40.148333,38.248958,34.205000,39.084700,29.325300,36.644850,31.765150
2024-11-25,39.450000,2024-11-14,2024-09-30,1.260000,1.230000,32.073171,16.477771,4.306628,9.673353,14.970506,20.267659,25.564811,30.861964,,,,,,,,,,34.557500,34.838333,40.079583,38.305417,34.557500,39.886100,29.228900,37.221800,31.893200
2024-11-26,39.350000,2024-11-14,2024-09-30,1.260000,1.230000,31.991870,16.585911,4.528105,9.261532,14.831101,20.400670,25.970239,31.539808,,,,,,,,,,34.907500,34.861667,39.989167,38.360833,34.907500,40.536679,29.278321,37.722090,32.092910
2024-11-27,38.450000,2024-11-14,2024-09-30,1.260000,1.230000,31.260163,16.687005,4.716844,8.921581,14.723299,20.525017,26.326735,32.128452,,,,,,,,,,35.235000,34.858333,39.888750,38.412708,35.235000,40.889537,29.580463,38.062269,32.407731
2024-11-28,37.800000,2024-11-14,2024-09-30,1.260000,1.230000,30.731707,16.782118,4.882511,8.631029,14.636517,20.642005,26.647493,32.652981,,,,,,,,,,35.515000,34.841667,39.778750,38.461875,35.515000,41.090803,29.939197,38.302901,32.727099
2024-11-29,37.850000,2024-11-14,2024-09-30,1.260000,1.230000,30.772358,16.879464,5.042749,8.356576,14.559158,20.761740,26.964322,33.166904,,,,,,,,,,35.775000,34.815833,39.674167,38.509792,35.775000,41.272703,30.277297,38.523851,33.026149
2024-12-02,38.650000,2024-11-14,2024-09-30,1.260000,1.230000,31.422764,16.989173,5.213310,8.071941,14.484312,20.896683,27.309055,33.721426,,,,,,,,,,36.112500,34.819167,39.594583,38.559167,36.112500,41.434537,30.790463,38.773519,33.451481
2024-12-03,38.250000,2024-11-14,2024-09-30,1.260000,1.230000,31.097561,17.097120,5.369200,7.821227,14.425342,21.029458,27.633574,34.237689,,,,,,,,,,36.432500,34.823333,39.514167,38.606458,36.432500,41.435475,31.429525,38.933988,33.931012
2024-12-04,37.550000,2024-11-14,2024-09-30,1.260000,1.230000,30.528455,17.197484,5.506173,7.607720,14.380313,21.152905,27.925497,34.698090,,,,,,,,,,36.710000,34.837500,39.420417,38.650208,36.710000,41.274232,32.145768,38.992116,34.427884
2024-12-05,37.050000,2024-11-14,2024-09-30,1.260000,1.230000,30.121951,17.296511,5.630511,7.423652,14.349181,21.274709,28.200237,35.125765,,,,,,,,,,36.952500,34.842500,39.327917,38.692708,36.952500,40.993145,32.911855,38.972823,34.932177
2024-12-06,40.600000,2024-11-14,2024-09-30,1.260000,1.230000,33.008130,17.419748,5.809870,7.134011,14.280151,21.426290,28.572430,35.718570,,,,,,,,,,37.367500,34.915000,39.265417,38.747917,37.367500,41.088461,33.646539,39.227981,35.507019
2024-12-09,39.100000,2024-11-14,2024-09-30,1.260000,1.230000,31.788618,17.534717,5.955963,6.916032,14.241867,21.567701,28.893536,36.219371,,,,,,,,,,37.620000,34.967500,39.195417,38.793750,37.620000,41.068478,34.171522,39.344239,35.895761
2024-12-10,37.650000,2024-11-14,2024-09-30,1.260000,1.230000,30.609756,17.638441,6.074203,6.752742,14.224012,21.695282,29.166552,36.637821,,,,,,,,,,37.802500,35.015000,39.109583,38.833333,37.802500,40.801355,34.803645,39.301928,36.303072
2024-12-11,37.900000,2024-11-14,2024-09-30,1.260000,1.230000,30.813008,17.751908,6.191921,6.602720,14.218783,21.834846,29.450909,37.066972,,,,,,,,,,37.990000,35.072500,39.047083,38.874583,37.990000,40.447341,35.532659,39.218671,36.761329
2024-12-12,37.550000,2024-11-14,2024-09-30,1.260000,1.230000,30.528455,17.861267,6.300681,6.469683,14.219521,21.969359,29.719196,37.469034,,,,,,,,,,38.102500,35.121667,38.977083,38.916042,38.102500,40.224434,35.980566,39.163467,37.041533
2024-12-13,36.750000,2024-11-14,2024-09-30,1.260000,1.230000,29.878049,17.964418,6.395329,6.363725,14.229979,22.096234,29.962488,37.828742,,,,,,,,,,38.140000,35.151667,38.898333,38.951875,38.140000,40.127752,36.152248,39.133876,37.146124
2024-12-16,37.600000,2024-11-14,2024-09-30,1.260000,1.230000,30.569106,18.073642,6.497783,6.246033,14.238307,22.230580,30.222854,38.215127,,,,,,,,,,38.182500,35.193333,38.827500,38.990625,38.182500,40.079388,36.285612,39.130944,37.234056
2024-12-17,36.600000,2024-11-14,2024-09-30,1.260000,1.230000,29.756098,18.176881,6.584310,6.160162,14.258863,22.357564,30.456265,38.554967,,,,,,,,,,38.152500,35.216667,38.750417,39.026042,38.152500,40.131994,36.173006,39.142247,37.162753
2024-12-18,36.800000,2024-11-14,2024-09-30,1.260000,1.230000,29.918699,18.274847,6.670984,6.067440,14.272750,22.478061,30.683372,38.888683,,,,,,,,,,38.117500,35.232500,38.657500,39.062708,38.117500,40.169014,36.065986,39.143257,37.091743
2024-12-19,35.700000,2024-11-14,2024-09-30,1.260000,1.230000,29.024390,18.370410,6.742368,6.009379,14.302492,22.595604,30.888716,39.181828,,,,,,,,,,37.957500,35.265000,38.568750,39.095625,37.957500,40.238376,35.676624,39.097938,36.817062
2024-12-20,35.100000,2024-11-14,2024-09-30,1.260000,1.230000,28.536585,18.460803,6.805577,5.965068,14.335928,22.706788,31.077648,39.448508,,,,,,,,,,37.787500,35.297500,38.472083,39.126875,37.787500,40.383220,35.191780,39.085360,36.489640
2024-12-23,37.350000,2024-11-14,2024-09-30,1.260000,1.230000,30.365854,18.568176,6.891096,5.886761,14.362809,22.838857,31.314904,39.790952,,,,,,,,,,37.682500,35.372500,38.398750,39.167917,37.682500,40.162372,35.202628,38.922436,36.442564
2024-12-24,37.400000,2024-11-14,2024-09-30,1.260000,1.230000,30.406504,18.679518,6.973730,5.820431,14.398119,22.975807,31.553495,40.131183,,,,,,,,,,37.585000,35.443333,38.335417,39.207917,37.585000,39.938966,35.231034,38.761983,36.408017
2024-12-25,38.100000,2024-11-14,2024-09-30,1.260000,1.230000,30.975610,18.792604,7.062359,5.741501,14.428202,23.114903,31.801604,40.488305,,,,,,,,,,37.567500,35.520000,38.270000,39.250625,37.567500,39.899491,35.235509,38.733496,36.401504
2024-12-26,37.800000,2024-11-14,2024-09-30,1.260000,1.230000,30.731707,18.903658,7.144658,5.675641,14.463570,23.251499,32.039428,40.827356,,,,,,,,,,37.567500,35.573333,38.202083,39.292500,37.567500,39.899491,35.235509,38.733496,36.401504
2024-12-27,37.600000,2024-11-14,2024-09-30,1.260000,1.230000,30.569106,19.014145,7.221914,5.621489,14.504444,23.387398,32.270353,41.153308,,,,,,,,,,37.555000,35.630000,38.134583,39.333542,37.555000,39.883293,35.226707,38.719146,36.390854
2024-12-30,38.750000,2024-11-14,2024-09-30,1.260000,1.230000,31.504065,19.130372,7.309958,5.547861,14.539109,23.530358,32.521606,41.512854,,,,,,,,,,37.560000,35.717500,38.071250,39.379792,37.560000,39.898601,35.221399,38.729300,36.390700
2024-12-31,37.900000,2024-11-14,2024-09-30,1.260000,1.230000,30.813008,19.242576,7.385326,5.500468,14.584419,23.668369,32.752319,41.836270,,,,,,,,,,37.542500,35.800833,38.005417,39.423542,37.542500,39.864540,35.220460,38.703520,36.381480
2025-01-02,37.900000,2024-11-14,2024-09-30,1.260000,1.230000,30.813008,19.357937,7.457292,5.465325,14.637794,23.810263,32.982732,42.155201,,,,,,,,,,37.560000,35.830000,37.947917,39.467708,37.560000,39.887547,35.232453,38.723773,36.396227
2025-01-03,37.500000,2024-11-14,2024-09-30,1.260000,1.230000,30.487805,19.471851,7.522291,5.445540,14.697958,23.950377,33.202795,42.455214,,,,,,,,,,37.582500,35.887500,37.890417,39.510208,37.582500,39.897957,35.267043,38.740229,36.424771
2025-01-06,37.900000,2024-11-14,2024-09-30,1.260000,1.230000,30.813008,19.580583,7.591398,5.409278,14.746697,24.084117,33.421537,42.758956,,,,,,,,,,37.447500,35.957500,37.815417,39.554167,37.447500,39.288402,35.606598,38.367951,36.527049
2025-01-07,37.800000,2024-11-14,2024-09-30,1.260000,1.230000,30.731707,19.687848,7.657531,5.378528,14.797291,24.216054,33.634817,43.053579,,,,,,,,,,37.382500,36.024167,37.737500,39.597083,37.382500,39.062498,35.702502,38.222499,36.542501
2025-01-08,38.400000,2024-11-14,2024-09-30,1.260000,1.230000,31.219512,19.800757,7.727108,5.346246,14.850589,24.354931,33.859274,43.363617,,,,,,,,,,37.420000,36.101667,37.668750,39.642500,37.420000,39.157633,35.682367,38.288816,36.551184
2025-01-09,37.600000,2024-11-14,2024-09-30,1.260000,1.230000,30.569106,19.907773,7.786845,5.330923,14.908741,24.486560,34.064379,43.642198,,,,,,,,,,37.405000,36.160833,37.592083,39.683542,37.405000,39.130322,35.679678,38.267661,36.542339
2025-01-10,35.400000,2024-11-14,2024-09-30,1.260000,1.230000,28.780488,19.997673,7.826719,5.343410,14.970274,24.597138,34.224002,43.850866,,,,,,,,,,37.297500,36.149167,37.491250,39.716458,37.297500,39.239142,35.355858,38.268321,36.326679
2025-01-13,34.150000,2024-11-14,2024-09-30,1.260000,1.230000,27.764228,20.079736,7.856286,5.371612,15.034844,24.698075,34.361307,44.024539,,,,,,,,,,37.167500,36.118333,37.381667,39.744583,37.167500,39.559433,34.775567,38.363466,35.971534
2025-01-14,34.050000,2024-11-14,2024-09-30,1.260000,1.230000,27.682927,20.161279,7.884180,5.403290,15.100832,24.798374,34.495916,44.193457,,,,,,,,,,36.990000,36.116667,37.271667,39.774375,36.990000,39.745970,34.234030,38.367985,35.612015
2025-01-15,34.200000,2024-11-14,2024-09-30,1.260000,1.230000,27.804878,20.246522,7.911243,5.441565,15.172394,24.903222,34.634051,44.364879,,,,,,,,,,36.870000,36.126667,37.170000,39.806458,36.870000,39.893487,33.846513,38.381744,35.358256
2025-01-16,34.350000,2024-11-14,2024-09-30,1.260000,1.230000,27.926829,20.336569,7.936825,5.489390,15.251685,25.013980,34.776275,44.538570,,,,,,,,,,36.747500,36.149167,37.079583,39.838125,36.747500,39.974602,33.520398,38.361051,35.133949
2025-01-17,34.750000,2024-11-14,2024-09-30,1.260000,1.230000,28.252033,20.421908,7.966613,5.521078,15.320013,25.118947,34.917881,44.716815,,,,,,,,,,36.700000,36.182500,36.972917,39.870208,36.700000,40.018687,33.381313,38.359344,35.040656
2025-01-20,34.950000,2024-11-14,2024-09-30,1.260000,1.230000,28.414634,20.509864,7.996299,5.556237,15.391685,25.227133,35.062581,44.898029,,,,,,,,,,36.692500,36.228333,36.871250,39.893542,36.692500,40.027052,33.357948,38.359776,35.025224
2025-01-21,34.950000,2024-11-14,2024-09-30,1.260000,1.230000,28.414634,20.597979,8.024849,5.594386,15.464950,25.335514,35.206078,45.076642,,,,,,,,,,36.572500,36.270833,36.770000,39.917917,36.572500,39.979378,33.165622,38.275939,34.869061
2025-01-22,35.500000,2024-11-14,2024-09-30,1.260000,1.230000,28.861789,20.687925,8.056682,5.626710,15.536429,25.446148,35.355868,45.265587,,,,,,,,,,36.477500,36.323333,36.668333,39.944375,36.477500,39.893172,33.061828,38.185336,34.769664
2025-02-03,35.550000,2024-11-14,2024-09-30,1.260000,1.230000,28.902439,20.771740,8.089594,5.648838,15.599039,25.549240,35.499441,45.449643,,,,,,,,,,36.350000,36.384167,36.550000,39.971042,36.350000,39.700412,32.999588,38.025206,34.674794
2025-02-04,34.850000,2024-11-14,2024-09-30,1.260000,1.230000,28.333333,20.843394,8.118363,5.666203,15.651789,25.637375,35.622961,45.608547,,,,,,,,,,36.202500,36.428333,36.406250,39.994167,36.202500,39.543864,32.861136,37.873182,34.531818
2025-02-05,35.550000,2024-11-14,2024-09-30,1.260000,1.230000,28.902439,20.935258,8.146854,5.709107,15.729737,25.750367,35.770997,45.791628,,,,,,,,,,36.100000,36.476667,36.309167,40.018125,36.100000,39.386175,32.813825,37.743088,34.456912
2025-02-06,35.600000,2024-11-14,2024-09-30,1.260000,1.230000,28.943089,21.042296,8.167126,5.790894,15.836459,25.882024,35.927590,45.973155,,,,,,,,,,35.942500,36.538333,36.251667,40.042917,35.942500,38.986956,32.898044,37.464728,34.420272
2025-02-07,35.600000,2024-11-14,2024-09-30,1.260000,1.230000,28.943089,21.162750,8.176243,5.916624,15.973403,26.030182,36.086962,46.143741,,,,,,,,,,35.827500,36.600833,36.229583,40.068125,35.827500,38.731123,32.923877,37.279311,34.375689
2025-02-10,35.350000,2024-11-14,2024-09-30,1.260000,1.230000,28.739837,21.274092,8.187782,6.025189,16.096161,26.167133,36.238105,46.309078,,,,,,,,,,35.700000,36.656667,36.185833,40.092292,35.700000,38.439766,32.960234,37.069883,34.330117
2025-02-11,34.900000,2024-11-14,2024-09-30,1.260000,1.230000,28.373984,21.385542,8.192683,6.150215,16.227216,26.304217,36.381217,46.458218,,,,,,,,,,35.570000,36.701667,36.146667,40.113958,35.570000,38.194460,32.945540,36.882230,34.257770
2025-02-12,34.200000,2024-11-14,2024-09-30,1.260000,1.230000,27.804878,21.490987,8.193202,6.278637,16.356275,26.433914,36.511552,46.589190,,,,,,,,,,35.385000,36.733333,36.098333,40.133125,35.385000,37.833652,32.936348,36.609326,34.160674
2025-02-13,35.300000,2024-11-14,2024-09-30,1.260000,1.230000,28.699187,21.602306,8.199685,6.399610,16.485223,26.570836,36.656449,46.742061,,,,,,,,,,35.260000,36.754167,36.055000,40.156250,35.260000,37.428822,33.091178,36.344411,34.175589
2025-02-14,34.900000,2024-11-14,2024-09-30,1.260000,1.230000,28.373984,21.711704,8.201745,6.529104,16.617250,26.705396,36.793541,46.881687,,,,,,,,,,35.085000,36.769167,36.010417,40.176875,35.085000,36.674472,33.495528,35.879736,34.290264
2025-02-17,36.000000,2024-11-14,2024-09-30,1.260000,1.230000,29.268293,21.824584,8.211833,6.643130,16.743684,26.844238,36.944793,47.045347,,,,,,,,,,35.005000,36.800000,35.975000,40.201042,35.005000,36.164356,33.845644,35.584678,34.425322
2025-02-18,36.200000,2024-11-14,2024-09-30,1.260000,1.230000,29.430894,21.938982,8.221453,6.760173,16.872561,26.984948,37.097335,47.209723,,,,,,,,,,35.045000,36.815000,35.941667,40.226875,35.045000,36.311948,33.778052,35.678474,34.411526
2025-02-19,36.400000,2024-11-14,2024-09-30,1.260000,1.230000,29.593496,22.050341,8.233973,6.866345,16.994132,27.121919,37.249706,47.377493,,,,,,,,,,35.157500,36.821667,35.898750,40.252708,35.157500,36.487824,33.827176,35.822662,34.492338
2025-02-20,36.650000,2024-11-14,2024-09-30,1.260000,1.230000,29.796748,22.162742,8.246987,6.972585,17.116379,27.260173,37.403966,47.547760,,,,,,,,,,35.287500,36.820000,35.856250,40.279375,35.287500,36.669289,33.905711,35.978395,34.596605
2025-02-21,37.400000,2024-11-14,2024-09-30,1.260000,1.230000,30.406504,22.283805,8.260586,7.088039,17.248560,27.409080,37.569601,47.730122,,,,,,,,,,35.447500,36.823333,35.829167,40.304375,35.447500,37.026132,33.868868,36.236816,34.658184
2025-02-24,37.400000,2024-11-14,2024-09-30,1.260000,1.230000,30.406504,22.408286,8.269571,7.219048,17.390620,27.562192,37.733764,47.905336,,,,,,,,,,35.600000,36.821667,35.810833,40.328542,35.600000,37.315563,33.884437,36.457782,34.742218
2025-02-25,37.600000,2024-11-14,2024-09-30,1.260000,1.230000,30.569106,22.536890,8.275533,7.362563,17.541469,27.720374,37.899280,48.078185,,,,,,,,,,35.742500,36.800000,35.801250,40.355208,35.742500,37.626023,33.858977,36.684261,34.800739
2025-02-26,37.200000,2024-11-14,2024-09-30,1.260000,1.230000,30.243902,22.663271,8.276471,7.515704,17.695764,27.875824,38.055883,48.235943,,,,,,,,,,35.855000,36.778333,35.789583,40.379375,35.855000,37.806760,33.903240,36.830880,34.879120
2025-02-27,36.800000,2024-11-14,2024-09-30,1.260000,1.230000,29.918699,22.791500,8.268618,7.692744,17.863145,28.033545,38.203945,48.374345,,,,,,,,,,35.947500,36.734167,35.786250,40.403125,35.947500,37.894015,34.000985,36.920758,34.974242
2025-03-03,36.650000,2024-11-14,2024-09-30,1.260000,1.230000,29.796748,22.916271,8.260345,7.866564,18.026789,28.187013,38.347238,48.507463,,,,,,,,,,36.005000,36.689167,35.775417,40.419583,36.005000,37.963759,34.046241,36.984380,35.025620
2025-03-04,36.950000,2024-11-14,2024-09-30,1.260000,1.230000,30.040650,23.040796,8.254120,8.035045,18.187612,28.340179,38.492746,48.645313,,,,,,,,,,36.075000,36.664167,35.761250,40.436458,36.075000,38.065107,34.084893,37.070054,35.079946
2025-03-05,37.150000,2024-11-14,2024-09-30,1.260000,1.230000,30.203252,23.166188,8.247626,8.205251,18.349831,28.494411,38.638991,48.783570,,,,,,,,,,36.190000,36.653333,35.747500,40.450208,36.190000,38.147603,34.232397,37.168802,35.211198
2025-03-06,37.200000,2024-11-14,2024-09-30,1.260000,1.230000,30.243902,23.289965,8.241406,8.372797,18.509727,28.646657,38.783587,48.920516,,,,,,,,,,36.272500,36.642500,35.729167,40.463542,36.272500,38.255447,34.289553,37.263974,35.281026
2025-03-07,36.900000,2024-11-14,2024-09-30,1.260000,1.230000,30.000000,23.414802,8.228525,8.558034,18.679120,28.800207,38.921293,49.042379,,,,,,,,,,36.337500,36.613333,35.716250,40.474792,36.337500,38.312841,34.362159,37.325171,35.349829
2025-03-10,34.950000,2024-11-14,2024-09-30,1.260000,1.230000,28.414634,23.527893,8.202955,8.760039,18.849674,28.939308,39.028943,49.118577,,,,,,,,,,36.305000,36.558333,35.690833,40.475208,36.305000,38.351538,34.258462,37.328269,35.281731
2025-03-11,33.600000,2024-11-14,2024-09-30,1.260000,1.230000,27.317073,23.636069,8.166230,8.983440,19.027903,29.072365,39.116827,49.161289,,,,,,,,,,36.217500,36.492500,35.665000,40.469375,36.217500,38.563667,33.871333,37.390584,35.044416
2025-03-12,33.800000,2024-11-14,2024-09-30,1.260000,1.230000,27.479675,23.745437,8.128691,9.210309,19.208599,29.206888,39.205177,49.203467,,,,,,,,,,36.162500,36.438333,35.640417,40.459167,36.162500,38.683752,33.641248,37.423126,34.901874
2025-03-13,33.200000,2024-11-14,2024-09-30,1.260000,1.230000,26.991870,23.852368,8.085825,9.447284,19.392848,29.338413,39.283978,49.229542,,,,,,,,,,36.112500,36.315000,35.615000,40.446250,36.112500,38.829672,33.395328,37.471086,34.753914
2025-03-14,34.500000,2024-11-14,2024-09-30,1.260000,1.230000,28.048780,23.969083,8.044017,9.693692,19.587832,29.481973,39.376113,49.270253,,,,,,,,,,36.072500,36.238333,35.602917,40.443958,36.072500,38.862609,33.282391,37.467555,34.677445
2025-03-17,34.450000,2024-11-14,2024-09-30,1.260000,1.230000,28.008130,24.089203,7.995258,9.961387,19.795553,29.629720,39.463887,49.298054,,,,,,,,,,36.050000,36.185000,35.600000,40.444583,36.050000,38.886788,33.213212,37.468394,34.631606
2025-03-18,34.700000,2024-11-14,2024-09-30,1.260000,1.230000,28.211382,24.212156,7.943661,10.239546,20.010249,29.780952,39.551655,49.322358,,,,,,,,,,35.985000,36.131667,35.602083,40.445208,35.985000,38.885472,33.084528,37.435236,34.534764
2025-03-19,34.800000,2024-11-14,2024-09-30,1.260000,1.230000,28.292683,24.335298,7.890811,10.521021,20.226719,29.932417,39.638115,49.343813,,,,,,,,,,35.915000,36.085833,35.603750,40.434583,35.915000,38.860845,32.969155,37.387922,34.442078
2025-03-20,35.500000,2024-11-14,2024-09-30,1.260000,1.230000,28.861789,24.462044,7.839760,10.802503,20.445409,30.088314,39.731219,49.374124,,,,,,,,,,35.870000,36.065000,35.608333,40.422292,35.870000,38.812144,32.927856,37.341072,34.398928
2025-03-21,35.950000,2024-11-14,2024-09-30,1.260000,1.230000,29.227642,24.591350,7.788743,11.087052,20.667206,30.247360,39.827514,49.407668,,,,,,,,,,35.835000,36.037500,35.615417,40.417083,35.835000,38.754643,32.915357,37.294822,34.375178
2025-03-24,35.800000,2024-11-14,2024-09-30,1.260000,1.230000,29.105691,24.719314,7.735087,11.376442,20.890599,30.404756,39.918913,49.433070,,,,,,,,,,35.755000,36.024167,35.620417,40.410208,35.755000,38.580243,32.929757,37.167622,34.342378
2025-03-25,35.550000,2024-11-14,2024-09-30,1.260000,1.230000,28.902439,24.843468,7.681029,11.662136,21.109801,30.557466,40.005131,49.452796,,,,,,,,,,35.662500,36.003333,35.617917,40.398542,35.662500,38.380060,32.944940,37.021280,34.303720
2025-03-26,35.800000,2024-11-14,2024-09-30,1.260000,1.230000,29.105691,24.976152,7.615159,11.987376,21.354022,30.720667,40.087313,49.453959,,,,,,,,,,35.572500,36.005000,35.635000,40.384167,35.572500,38.134669,33.010331,36.853585,34.291415
2025-03-27,35.300000,2024-11-14,2024-09-30,1.260000,1.230000,28.699187,25.107402,7.541501,12.330013,21.606059,30.882104,40.158150,49.434196,,,,,,,,,,35.477500,36.008333,35.652917,40.365833,35.477500,37.923867,33.031133,36.700683,34.254317
2025-03-28,34.000000,2024-11-14,2024-09-30,1.260000,1.230000,27.642276,25.230821,7.459666,12.683132,21.858521,31.033910,40.209298,49.384687,,,,,,,,,,35.337500,35.952500,35.662500,40.338958,35.337500,37.785673,32.889327,36.561587,34.113413
2025-03-31,32.800000,2025-03-31,2024-12-31,3.520000,4.850000,6.762887,25.179268,7.565876,48.730455,85.424952,122.119450,158.813947,195.508445,,,,,,,,,,35.145000,35.875833,35.659583,40.293333,35.145000,37.758507,32.531493,36.451754,33.838246
2025-04-01,33.350000,2025-03-31,2024-12-31,3.520000,4.850000,6.876289,25.127521,7.669805,47.471365,84.669920,121.868476,159.067032,196.265588,,,,,,,,,,34.965000,35.796667,35.658333,40.241667,34.965000,37.550811,32.379189,36.257906,33.672094
2025-04-02,33.600000,2025-03-31,2024-12-31,3.520000,4.850000,6.927835,25.072623,7.776454,46.170619,83.886420,121.602220,159.318020,197.033820,,,,,,,,,,34.787500,35.726667,35.650000,40.191667,34.787500,37.224900,32.350100,36.006200,33.568800
2025-04-07,30.250000,2025-03-31,2024-12-31,3.520000,4.850000,6.237113,25.013270,7.892911,44.753121,83.033741,121.314362,159.594982,197.875603,,,,,,,,,,34.440000,35.604167,35.617083,40.116458,34.440000,37.362616,31.517384,35.901308,32.978692
2025-04-08,27.650000,2025-03-31,2024-12-31,3.520000,4.850000,5.701031,24.951730,8.014543,43.274822,82.145355,121.015888,159.886422,198.756955,,,,,,,,,,33.977500,35.419167,35.568333,40.022500,33.977500,37.986631,29.968369,35.982066,31.972934
2025-04-09,24.900000,2025-03-31,2024-12-31,3.520000,4.850000,5.134021,24.887417,8.142402,41.722674,81.213323,120.703971,160.194620,199.685268,,,,,,,,,,33.475000,35.202500,35.501667,39.901250,33.475000,39.145840,27.804160,36.310420,30.639580
2025-04-10,27.350000,2025-03-31,2024-12-31,3.520000,4.850000,5.639175,24.816734,8.272424,40.118644,80.239902,120.361160,160.482419,200.603677,,,,,,,,,,33.162500,35.026667,35.428333,39.804375,33.162500,39.458687,26.866313,36.310594,30.014406
2025-04-11,27.250000,2025-03-31,2024-12-31,3.520000,4.850000,5.618557,24.752716,8.391166,38.656358,79.353514,120.050670,160.747826,201.444982,,,,,,,,,,32.835000,34.855833,35.371667,39.711667,32.835000,39.651474,26.018526,36.243237,29.426763
2025-04-14,27.750000,2025-03-31,2024-12-31,3.520000,4.850000,5.721649,24.690695,8.504281,37.258352,78.504112,119.749873,160.995633,202.241394,,,,,,,,,,32.562500,34.686667,35.322083,39.623542,32.562500,39.743533,25.381467,36.153017,28.971983
2025-04-15,29.050000,2025-03-31,2024-12-31,3.520000,4.850000,5.989691,24.630583,8.610986,35.931761,77.695046,119.458330,161.221614,202.984898,,,,,,,,,,32.290000,34.540833,35.282500,39.551458,32.290000,39.574345,25.005655,35.932173,28.647827
2025-04-16,28.600000,2025-03-31,2024-12-31,3.520000,4.850000,5.896907,24.569861,8.717420,34.604852,76.884339,119.163826,161.443313,203.722800,,,,,,,,,,31.997500,34.377500,35.239583,39.468542,31.997500,39.385718,24.609282,35.691609,28.303391
2025-04-17,29.100000,2025-03-31,2024-12-31,3.520000,4.850000,6.000000,24.509021,8.821583,33.299395,76.084074,118.868753,161.653432,204.438111,,,,,,,,,,31.717500,34.235833,35.198333,39.383125,31.717500,39.098933,24.336067,35.408216,28.026784
2025-04-18,29.300000,2025-03-31,2024-12-31,3.520000,4.850000,6.041237,24.441852,8.931496,31.907475,75.225228,118.542982,161.860735,205.178488,,,,,,,,,,31.442500,34.134167,35.141667,39.301667,31.442500,38.749834,24.135166,35.096167,27.788833
2025-04-21,28.400000,2025-03-31,2024-12-31,3.520000,4.850000,5.855670,24.373462,9.042373,30.500275,74.355782,118.211289,162.066796,205.922303,,,,,,,,,,31.087500,34.038333,35.078333,39.212917,31.087500,38.253346,23.921654,34.670423,27.504577
2025-04-22,27.750000,2025-03-31,2024-12-31,3.520000,4.850000,5.721649,24.309977,9.146631,29.181069,73.542228,117.903387,162.264546,206.625705,,,,,,,,,,30.677500,33.933333,35.025000,39.112708,30.677500,37.606347,23.748653,34.141924,27.213076
2025-04-23,28.150000,2025-03-31,2024-12-31,3.520000,4.850000,5.804124,24.248969,9.245738,27.923839,72.765670,117.607501,162.449333,207.291164,,,,,,,,,,30.295000,33.832500,34.979583,39.011250,30.295000,36.868704,23.721296,33.581852,27.008148
2025-04-24,28.150000,2025-03-31,2024-12-31,3.520000,4.850000,5.804124,24.189915,9.341036,26.713039,72.017064,117.321089,162.625114,207.929139,,,,,,,,,,29.925000,33.729167,34.939167,38.891042,29.925000,36.072528,23.777472,32.998764,26.851236
2025-04-25,28.100000,2025-03-31,2024-12-31,3.520000,4.850000,5.793814,24.131589,9.434185,25.526613,71.282409,117.038206,162.794003,208.549800,,,,,,,,,,29.540000,33.618333,34.900417,38.768542,29.540000,35.071974,24.008026,32.305987,26.774013
2025-04-28,28.800000,2025-03-31,2024-12-31,3.520000,4.850000,5.938144,24.076256,9.521585,24.410466,70.590153,116.769840,162.949527,209.129214,,,,,,,,,,29.215000,33.515833,34.872083,38.625208,29.215000,34.040819,24.389181,31.627909,26.802091
2025-04-29,28.900000,2025-03-31,2024-12-31,3.520000,4.850000,5.958763,24.020443,9.608322,23.298427,69.898789,116.499150,163.099512,209.699873,,,,,,,,,,28.960000,33.415000,34.842917,38.508542,28.960000,33.227947,24.692053,31.093973,26.826027
2025-04-30,29.100000,2025-03-31,2024-12-31,3.520000,4.850000,6.000000,23.965137,9.693124,22.207610,69.219263,116.230916,163.242569,210.254222,,,,,,,,,,28.775000,33.308333,34.815833,38.405625,28.775000,32.644244,24.905756,30.709622,26.840378
2025-05-02,29.800000,2025-03-31,2024-12-31,3.520000,4.850000,6.144330,23.912499,9.772945,21.178052,68.576836,115.975620,163.374404,210.773188,,,,,,,,,,28.597500,33.212500,34.798333,38.300208,28.597500,31.861414,25.333586,30.229457,26.965543
2025-05-05,30.200000,2025-03-31,2024-12-31,3.520000,4.850000,6.226804,23.859571,9.851726,20.157179,67.938050,115.718921,163.499792,211.280663,,,,,,,,,,28.427500,33.135000,34.781667,38.205625,28.427500,30.836578,26.018422,29.632039,27.222961
2025-05-06,30.000000,2025-03-31,2024-12-31,3.520000,4.850000,6.185567,23.804835,9.931868,19.114327,67.283889,115.453450,163.623012,211.792574,,,,,,,,,,28.415000,33.042500,34.759583,38.127500,28.415000,30.786564,26.043436,29.600782,27.229218
2025-05-07,29.800000,2025-03-31,2024-12-31,3.520000,4.850000,6.144330,23.752197,10.008936,18.111479,66.654817,115.198154,163.741491,212.284829,,,,,,,,,,28.522500,32.945833,34.742083,38.057708,28.522500,30.942477,26.102523,29.732489,27.312511
2025-05-08,30.200000,2025-03-31,2024-12-31,3.520000,4.850000,6.226804,23.700408,10.083750,17.134606,66.040793,114.946981,163.853168,212.759355,,,,,,,,,,28.787500,32.855833,34.728333,37.998958,28.787500,30.628802,26.946198,29.708151,27.866849
2025-05-09,30.500000,2025-03-31,2024-12-31,3.520000,4.850000,6.288660,23.648647,10.157399,16.169168,65.432553,114.695939,163.959324,213.222710,,,,,,,,,,28.945000,32.775000,34.715833,37.948333,28.945000,30.807341,27.082659,29.876171,28.013829
2025-05-12,30.150000,2025-03-31,2024-12-31,3.520000,4.850000,6.216495,23.595634,10.231991,15.188506,64.813665,114.438823,164.063982,213.689140,,,,,,,,,,29.090000,32.695833,34.698750,37.891875,29.090000,30.845173,27.334827,29.967586,28.212414
2025-05-13,30.450000,2025-03-31,2024-12-31,3.520000,4.850000,6.278351,23.542810,10.305245,14.221750,64.202189,114.182628,164.163068,214.143507,,,,,,,,,,29.225000,32.633333,34.683333,37.842500,29.225000,30.961451,27.488549,30.093226,28.356774
2025-05-14,30.900000,2025-03-31,2024-12-31,3.520000,4.850000,6.371134,23.485063,10.382248,13.194746,63.548651,113.902555,164.256459,214.610364,,,,,,,,,,29.317500,32.560000,34.657083,37.787292,29.317500,31.205210,27.429790,30.261355,28.373645
2025-05-15,30.700000,2025-05-15,2025-03-31,-0.680000,4.130000,7.433414,23.436331,10.444085,10.523902,53.657975,96.792047,139.926119,183.060191,,,,,,,,,,29.422500,32.490000,34.629583,37.721875,29.422500,31.374685,27.470315,30.398593,28.446407
2025-05-16,30.000000,2025-05-15,2025-03-31,-0.680000,4.130000,7.263923,23.385698,10.507977,9.787047,53.184990,96.582934,139.980878,183.378821,,,,,,,,,,29.467500,32.390000,34.595000,37.641667,29.467500,31.429850,27.505150,30.448675,28.486325
2025-05-19,29.900000,2025-05-15,2025-03-31,-0.680000,4.130000,7.239709,23.206869,10.598998,8.296643,52.070506,95.844370,139.618234,183.392098,,,,,,,,,,29.497500,32.285000,34.550000,37.568125,29.497500,31.467398,27.527602,30.482449,28.512551
2025-05-20,30.150000,2025-05-15,2025-03-31,-0.680000,4.130000,7.300242,23.023802,10.682811,6.848284,50.968293,95.088303,139.208313,183.328322,,,,,,,,,,29.585000,32.180833,34.501250,37.498542,29.585000,31.504457,27.665543,30.544729,28.625271
2025-05-21,30.100000,2025-05-15,2025-03-31,-0.680000,4.130000,7.288136,22.835553,10.759772,5.435119,49.872976,94.310834,138.748691,183.186548,,,,,,,,,,29.702500,32.071667,34.445833,37.428750,29.702500,31.426777,27.978223,30.564639,28.840361
2025-05-22,29.950000,2025-05-15,2025-03-31,-0.680000,4.130000,7.251816,22.643952,10.831216,4.053678,48.786600,93.519523,138.252445,182.985367,,,,,,,,,,29.792500,31.947500,34.385417,37.365208,29.792500,31.355990,28.229010,30.574245,29.010755
2025-05-23,29.850000,2025-05-15,2025-03-31,-0.680000,4.130000,7.227603,22.450117,10.897592,2.704877,47.711931,92.718984,137.726037,182.733091,,,,,,,,,,29.877500,31.821667,34.321667,37.301250,29.877500,31.236476,28.518524,30.556988,29.198012
2025-05-26,30.150000,2025-05-15,2025-03-31,-0.680000,4.130000,7.300242,22.247402,10.951587,1.421665,46.651718,91.881772,137.111826,182.341879,,,,,,,,,,29.980000,31.697500,34.248750,37.233542,29.980000,31.053803,28.906197,30.516901,29.443099
2025-05-27,30.000000,2025-05-15,2025-03-31,-0.680000,4.130000,7.263923,22.047095,11.004300,0.158986,45.606744,91.054502,136.502260,181.950018,,,,,,,,,,30.040000,31.577500,34.177917,37.163125,30.040000,30.959153,29.120847,30.499576,29.580424
2025-05-28,29.950000,2025-05-15,2025-03-31,-0.680000,4.130000,7.251816,21.840250,11.047454,-1.051737,44.574249,90.200234,135.826219,181.452205,,,,,,,,,,30.092500,31.463333,34.098750,37.089167,30.092500,30.841728,29.343272,30.467114,29.717886
2025-05-29,29.950000,2025-05-15,2025-03-31,-0.680000,4.130000,7.251816,21.634083,11.087190,-2.231429,43.558667,89.348764,135.138860,180.928957,,,,,,,,,,30.135000,31.351667,34.020417,37.004792,30.135000,30.727142,29.542858,30.431071,29.838929
2025-06-02,29.000000,2025-05-15,2025-03-31,-0.680000,4.130000,7.021792,21.432097,11.131049,-3.427908,42.543326,88.514560,134.485794,180.457028,,,,,,,,,,30.095000,31.219167,33.941667,36.915208,30.095000,30.864073,29.325927,30.479537,29.710463
2025-06-03,28.700000,2025-05-15,2025-03-31,-0.680000,4.130000,6.949153,21.233909,11.175713,-4.615345,41.540349,87.696044,133.851738,180.007433,,,,,,,,,,30.020000,31.078333,33.865833,36.822292,30.020000,31.007501,29.032499,30.513750,29.526250
2025-06-04,29.050000,2025-05-15,2025-03-31,-0.680000,4.130000,7.033898,21.036088,11.215480,-5.760823,40.559111,86.879045,133.198979,179.518913,,,,,,,,,,29.972500,30.942500,33.792500,36.733333,29.972500,31.051230,28.893770,30.511865,29.433135
2025-06-05,28.900000,2025-05-15,2025-03-31,-0.680000,4.130000,6.997579,20.832545,11.246990,-6.861722,39.588345,86.038411,132.488478,178.938545,,,,,,,,,,29.927500,30.809167,33.711250,36.652917,29.927500,31.106918,28.748082,30.517209,29.337791
2025-06-06,28.900000,2025-05-15,2025-03-31,-0.680000,4.130000,6.997579,20.631712,11.277282,-7.941379,38.633796,85.208970,131.784145,178.359320,,,,,,,,,,29.862500,30.708333,33.633333,36.573750,29.862500,31.119428,28.605572,30.490964,29.234036
2025-06-09,28.800000,2025-05-15,2025-03-31,-0.680000,4.130000,6.973366,20.435420,11.308528,-9.010162,37.694060,84.398283,131.102505,177.806727,,,,,,,,,,29.777500,30.628333,33.560417,36.490417,29.777500,31.081936,28.473064,30.429718,29.125282
2025-06-10,28.800000,2025-05-15,2025-03-31,-0.680000,4.130000,6.973366,20.242515,11.339300,-10.061033,36.770276,83.601586,130.432895,177.264204,,,,,,,,,,29.710000,30.545000,33.491667,36.409792,29.710000,31.071733,28.348267,30.390866,29.029134
2025-06-11,28.500000,2025-05-15,2025-03-31,-0.680000,4.130000,6.900726,20.024953,11.342769,-10.988214,35.857421,82.703056,129.548691,176.394326,,,,,,,,,,29.612500,30.466667,33.390833,36.328125,29.612500,31.029270,28.195730,30.320885,28.904115
2025-06-12,28.400000,2025-05-15,2025-03-31,-0.680000,4.130000,6.876513,19.817352,11.353627,-11.935292,34.955186,81.845664,128.736142,175.626620,,,,,,,,,,29.487500,30.365000,33.301667,36.248542,29.487500,30.866621,28.108379,30.177060,28.797940
2025-06-13,28.450000,2025-05-15,2025-03-31,-0.680000,4.130000,6.888620,19.619676,11.370633,-12.892163,34.068549,81.029262,127.989974,174.950686,,,,,,,,,,29.375000,30.265000,33.225000,36.167292,29.375000,30.703830,28.046170,30.039415,28.710585
2025-06-16,28.050000,2025-05-15,2025-03-31,-0.680000,4.130000,6.791768,19.419499,11.383358,-13.824003,33.189264,80.202531,127.215798,174.229065,,,,,,,,,,29.277500,30.154167,33.142917,36.095000,29.277500,30.696349,27.858651,29.986924,28.568076
2025-06-17,27.900000,2025-05-15,2025-03-31,-0.680000,4.130000,6.755448,19.221391,11.395259,-14.740494,32.321925,79.384343,126.446761,173.509180,,,,,,,,,,29.177500,30.039167,33.062500,36.019792,29.177500,30.690418,27.664582,29.933959,28.421041
2025-06-18,27.800000,2025-05-15,2025-03-31,-0.680000,4.130000,6.731235,19.028500,11.409252,-15.652717,31.467495,78.587707,125.707919,172.828130,,,,,,,,,,29.060000,29.910833,32.987917,35.943125,29.060000,30.619217,27.500783,29.839609,28.280391
2025-06-19,27.400000,2025-05-15,2025-03-31,-0.680000,4.130000,6.634383,18.829044,11.415016,-16.524078,30.619938,77.763953,124.907969,172.051985,,,,,,,,,,28.925000,29.768333,32.902917,35.865208,28.925000,30.570248,27.279752,29.747624,28.102376
2025-06-20,27.050000,2025-05-15,2025-03-31,-0.680000,4.130000,6.549637,18.635657,11.424911,-17.404504,29.780380,76.965264,124.150149,171.335033,,,,,,,,,,28.780000,29.622500,32.823333,35.786875,28.780000,30.551232,27.008768,29.665616,27.894384
2025-06-23,26.750000,2025-05-15,2025-03-31,-0.680000,4.130000,6.476998,18.440310,11.430775,-18.259719,28.949380,76.158479,123.367578,170.576677,,,,,,,,,,28.625000,29.475833,32.739583,35.698542,28.625000,30.538800,26.711200,29.581900,27.668100
2025-06-24,27.400000,2025-05-15,2025-03-31,-0.680000,4.130000,6.634383,18.253726,11.439292,-19.100659,28.143615,75.387890,122.632164,169.876439,,,,,,,,,,28.487500,29.335833,32.670417,35.619583,28.487500,30.333940,26.641060,29.410720,27.564280
2025-06-25,27.200000,2025-05-15,2025-03-31,-0.680000,4.130000,6.585956,18.070804,11.448979,-19.936141,27.348141,74.632422,121.916704,169.200986,,,,,,,,,,28.347500,29.200833,32.604583,35.538333,28.347500,30.134728,26.560272,29.241114,27.453886
2025-06-26,27.650000,2025-05-15,2025-03-31,-0.680000,4.130000,6.694915,17.873547,11.439276,-20.670673,26.573537,73.817748,121.061958,168.306168,,,,,,,,,,28.232500,29.095000,32.523750,35.461250,28.232500,29.875756,26.589244,29.054128,27.410872
2025-06-27,27.800000,2025-05-15,2025-03-31,-0.680000,4.130000,6.731235,17.676253,11.425459,-21.371368,25.815778,73.002924,120.190070,167.377215,,,,,,,,,,28.125000,29.011667,32.443750,35.389583,28.125000,29.563749,26.686251,28.844375,27.405625
2025-06-30,27.250000,2025-05-15,2025-03-31,-0.680000,4.130000,6.598063,17.473106,11.403705,-22.030673,25.066628,72.163930,119.261231,166.358532,,,,,,,,,,28.037500,28.910000,32.353333,35.311667,28.037500,29.465002,26.609998,28.751251,27.323749
2025-07-01,28.300000,2025-05-15,2025-03-31,-0.680000,4.130000,6.852300,17.274111,11.378719,-22.646135,24.347973,71.342080,118.336188,165.330295,,,,,,,,,,28.017500,28.821667,32.274167,35.238125,28.017500,29.416851,26.618149,28.717176,27.317824
2025-07-02,29.400000,2025-05-15,2025-03-31,-0.680000,4.130000,7.118644,17.078691,11.349804,-23.214384,23.660305,70.534993,117.409682,164.284371,,,,,,,,,,28.035000,28.807500,32.205833,35.170208,28.035000,29.496110,26.573890,28.765555,27.304445
2025-07-03,29.300000,2025-05-15,2025-03-31,-0.680000,4.130000,7.094431,16.875277,11.307756,-23.707168,22.993864,69.694895,116.395927,163.096958,,,,,,,,,,28.055000,28.835000,32.127083,35.099167,28.055000,29.575699,26.534301,28.815350,27.294650
2025-07-04,28.650000,2025-05-15,2025-03-31,-0.680000,4.130000,6.937046,16.676311,11.270447,-24.220726,22.326219,68.873164,115.420109,161.967054,,,,,,,,,,28.042500,28.897500,32.050000,35.027708,28.042500,29.537852,26.547148,28.790176,27.294824
2025-07-07,28.200000,2025-05-15,2025-03-31,-0.680000,4.130000,6.828087,16.476437,11.230242,-24.714112,21.666786,68.047683,114.428581,160.809478,,,,,,,,,,28.012500,28.911667,31.969167,34.958542,28.012500,29.467392,26.557608,28.739946,27.285054
2025-07-08,27.900000,2025-05-15,2025-03-31,-0.680000,4.130000,6.755448,16.278667,11.190319,-25.201143,21.014876,67.230895,113.446913,159.662932,,,,,,,,,,27.967500,28.922500,31.889167,34.889792,27.967500,29.374728,26.560272,28.671114,27.263886
2025-07-09,27.700000,2025-05-15,2025-03-31,-0.680000,4.130000,6.707022,16.077784,11.143485,-25.643937,20.378655,66.401247,112.423839,158.446431,,,,,,,,,,27.927500,28.921667,31.804167,34.809792,27.927500,29.316356,26.538644,28.621928,27.233072
2025-07-10,27.550000,2025-05-15,2025-03-31,-0.680000,4.130000,6.670702,15.877275,11.093955,-26.062920,19.755114,65.573147,111.391181,157.209215,,,,,,,,,,27.885000,28.896667,31.718750,34.728125,27.885000,29.264969,26.505031,28.574985,27.195015
2025-07-11,27.500000,2025-05-15,2025-03-31,-0.680000,4.130000,6.658596,15.672601,11.034932,-26.420696,19.153573,64.727842,110.302112,155.876381,,,,,,,,,,27.837500,28.878333,31.627917,34.648333,27.837500,29.200884,26.474116,28.519192,27.155808
2025-07-14,28.000000,2025-05-15,2025-03-31,-0.680000,4.130000,6.779661,15.474356,10.978612,-26.774243,18.567423,63.909089,109.250755,154.592421,,,,,,,,,,27.835000,28.860000,31.547917,34.570000,27.835000,29.196926,26.473074,28.515963,27.154037
2025-07-15,27.850000,2025-05-15,2025-03-31,-0.680000,4.130000,6.743341,15.290713,10.938403,-27.200563,17.975040,63.150644,108.326247,153.501851,,,,,,,,,,27.832500,28.835833,31.485000,34.488125,27.832500,29.194107,26.470893,28.513304,27.151696
2025-07-16,27.800000,2025-05-15,2025-03-31,-0.680000,4.130000,6.731235,15.115438,10.905314,-27.651137,17.387810,62.426758,107.465706,152.504654,,,,,,,,,,27.832500,28.825833,31.432083,34.406875,27.832500,29.194107,26.470893,28.513304,27.151696
2025-07-17,28.250000,2025-05-15,2025-03-31,-0.680000,4.130000,6.840194,14.941748,10.869392,-28.071754,16.818833,61.709421,106.600009,151.490596,,,,,,,,,,27.875000,28.834167,31.383750,34.327708,27.875000,29.232823,26.517177,28.553912,27.196088
2025-07-18,28.200000,2025-05-15,2025-03-31,-0.680000,4.130000,6.828087,14.766942,10.829388,-28.463276,16.262097,60.987470,105.712842,150.438215,,,,,,,,,,27.932500,28.835000,31.333750,34.251875,27.932500,29.239677,26.625323,28.586088,27.278912
2025-07-21,28.000000,2025-05-15,2025-03-31,-0.680000,4.130000,6.779661,14.590715,10.785412,-28.827851,15.715902,60.259655,104.803408,149.347161,,,,,,,,,,27.995000,28.832500,31.280833,34.180208,27.995000,29.177727,26.812273,28.586363,27.403637
2025-07-22,27.450000,2025-05-15,2025-03-31,-0.680000,4.130000,6.646489,14.410669,10.735662,-29.160505,15.177780,59.516064,103.854348,148.192632,,,,,,,,,,27.997500,28.821667,31.220000,34.096458,27.997500,29.175131,26.819869,28.586316,27.408684
2025-07-23,27.800000,2025-05-15,2025-03-31,-0.680000,4.130000,6.731235,14.229974,10.680314,-29.449597,14.660098,58.769794,102.879489,146.989185,,,,,,,,,,28.027500,28.805000,31.160417,34.015833,28.027500,29.148813,26.906187,28.588156,27.466844
2025-07-24,27.600000,2025-05-15,2025-03-31,-0.680000,4.130000,6.682809,14.048876,10.621859,-29.714698,14.153579,58.021857,101.890134,145.758411,,,,,,,,,,28.025000,28.783333,31.099167,33.934583,28.025000,29.150073,26.899927,28.587537,27.462463
2025-07-25,27.600000,2025-05-15,2025-03-31,-0.680000,4.130000,6.682809,13.864051,10.554691,-29.923221,13.667655,57.258530,100.849406,144.440281,,,,,,,,,,28.015000,28.758333,31.033333,33.850833,28.015000,29.151986,26.878014,28.583493,27.446507
2025-07-28,27.600000,2025-05-15,2025-03-31,-0.680000,4.130000,6.682809,13.678887,10.483313,-30.098362,13.197721,56.493804,99.789888,143.085971,,,,,,,,,,28.032500,28.721667,30.967083,33.758542,28.032500,29.129997,26.935003,28.581249,27.483751
2025-07-29,27.350000,2025-05-15,2025-03-31,-0.680000,4.130000,6.622276,13.497962,10.415405,-30.284659,12.730962,55.746582,98.762203,141.777824,,,,,,,,,,27.985000,28.674167,30.904583,33.655417,27.985000,29.115487,26.854513,28.550243,27.419757
2025-07-30,27.300000,2025-05-15,2025-03-31,-0.680000,4.130000,6.610169,13.312193,10.336848,-30.403006,12.288176,54.979357,97.670538,140.361719,,,,,,,,,,27.880000,28.629167,30.835833,33.572500,27.880000,28.833332,26.926668,28.356666,27.403334
2025-07-31,26.900000,2025-05-15,2025-03-31,-0.680000,4.130000,6.513317,13.125278,10.254291,-30.493044,11.857177,54.207399,96.557620,138.907842,,,,,,,,,,27.760000,28.580833,30.763333,33.507500,27.760000,28.551135,26.968865,28.155568,27.364432
2025-08-01,26.800000,2025-05-15,2025-03-31,-0.680000,4.130000,6.489104,12.938162,10.167728,-30.550830,11.441889,53.434607,95.427326,137.420044,,,,,,,,,,27.667500,28.524167,30.690000,33.459792,27.667500,28.453077,26.881923,28.060289,27.274711
2025-08-04,26.750000,2025-05-15,2025-03-31,-0.680000,4.130000,6.476998,12.752638,10.079710,-30.590007,11.039194,52.668395,94.297595,135.926796,,,,,,,,,,27.595000,28.461667,30.618333,33.402083,27.595000,28.439113,26.750887,28.017056,27.172944
2025-08-05,26.850000,2025-05-15,2025-03-31,-0.680000,4.130000,6.501211,12.570365,9.992237,-30.620274,10.647666,51.915607,93.183547,134.451487,,,,,,,,,,27.542500,28.406667,30.551250,33.348958,27.542500,28.435912,26.649088,27.989206,27.095794
2025-08-06,26.950000,2025-05-15,2025-03-31,-0.680000,4.130000,6.525424,12.393036,9.908069,-30.657410,10.262915,51.183239,92.103563,133.023887,,,,,,,,,,27.505000,28.348333,30.490833,33.294583,27.505000,28.432872,26.577128,27.968936,27.041064
2025-08-07,26.900000,2025-05-15,2025-03-31,-0.680000,4.130000,6.513317,12.208154,9.807726,-30.592145,9.913765,50.419675,90.925585,131.431495,,,,,,,,,,27.472500,28.281667,30.420833,33.237917,27.472500,28.438487,26.506513,27.955494,26.989506
2025-08-08,26.900000,2025-05-15,2025-03-31,-0.680000,4.130000,6.513317,12.025982,9.707444,-30.516188,9.575558,49.667304,89.759049,129.850795,,,,,,,,,,27.442500,28.218333,30.354167,33.182292,27.442500,28.441592,26.443408,27.942046,26.942954
2025-08-11,26.900000,2025-05-15,2025-03-31,-0.680000,4.130000,6.513317,11.836357,9.589332,-30.323732,9.280211,48.884153,88.488096,128.092039,,,,,,,,,,27.387500,28.166667,30.278333,33.126667,27.387500,28.378446,26.396554,27.882973,26.892027
2025-08-12,27.000000,2025-05-15,2025-03-31,-0.680000,4.130000,6.537530,11.645579,9.463252,-30.070218,9.013011,48.096240,87.179469,126.262698,,,,,,,,,,27.345000,28.118333,30.201667,33.071667,27.345000,28.325279,26.364721,27.835140,26.854860
2025-08-13,27.200000,2025-05-15,2025-03-31,-0.680000,4.130000,6.585956,11.453849,9.328678,-29.750481,8.776958,47.304397,85.831837,124.359276,,,,,,,,,,27.315000,28.069167,30.125000,33.011875,27.315000,28.273123,26.356877,27.794062,26.835938
2025-08-14,27.500000,2025-08-14,2025-06-30,-0.090000,4.010000,6.857855,11.262692,9.183544,-28.488627,8.337384,45.163394,81.989404,118.815415,,,,,,,,,,27.277500,28.025833,30.048750,32.952500,27.277500,28.134960,26.420040,27.706230,26.848770
2025-08-15,27.700000,2025-08-14,2025-06-30,-0.090000,4.010000,6.907731,11.066869,9.021002,-27.970290,8.203927,44.378143,80.552360,116.726577,,,,,,,,,,27.252500,27.988333,29.967917,32.898542,27.252500,28.021282,26.483718,27.636891,26.868109
2025-08-18,28.300000,2025-08-14,2025-06-30,-0.090000,4.010000,7.057357,10.872292,8.850556,-27.383570,8.107161,43.597893,79.088624,114.579355,,,,,,,,,,27.267500,27.962500,29.892083,32.851458,27.267500,28.106218,26.428782,27.686859,26.848141
2025-08-19,28.150000,2025-08-14,2025-06-30,-0.090000,4.010000,7.019950,10.676049,8.669373,-26.717409,8.046775,42.810958,77.575142,112.339326,,,,,,,,,,27.302500,27.929167,29.813333,32.807292,27.302500,28.227290,26.377710,27.764895,26.840105
2025-08-20,27.500000,2025-08-14,2025-06-30,-0.090000,4.010000,6.857855,10.481166,8.486729,-26.034095,7.997690,42.029475,76.061259,110.093044,,,,,,,,,,27.287500,27.887500,29.732500,32.761042,27.287500,28.187719,26.387281,27.737610,26.837390
2025-08-21,27.700000,2025-08-14,2025-06-30,-0.090000,4.010000,6.907731,10.289408,8.301799,-25.319901,7.970312,41.260525,74.550738,107.840951,,,,,,,,,,27.292500,27.850000,29.656667,32.721458,27.292500,28.201099,26.383901,27.746800,26.838200
2025-08-22,27.600000,2025-08-14,2025-06-30,-0.090000,4.010000,6.882793,10.098458,8.110662,-24.552689,7.971064,40.494817,73.018570,105.542323,,,,,,,,,,27.292500,27.810833,29.581250,32.678333,27.292500,28.201099,26.383901,27.746800,26.838200
2025-08-25,25.350000,2025-08-14,2025-06-30,-0.090000,4.010000,6.321696,9.900800,7.907045,-23.712291,7.994959,39.702208,71.409458,103.116708,,,,,,,,,,27.180000,27.750000,29.484583,32.622917,27.180000,28.423679,25.936321,27.801839,26.558161
2025-08-26,24.900000,2025-08-14,2025-06-30,-0.090000,4.010000,6.209476,9.700852,7.689718,-22.771125,8.064646,38.900416,69.736187,100.571958,,,,,,,,,,27.057500,27.686667,29.382500,32.565000,27.057500,28.661205,25.453795,27.859352,26.255648
2025-08-27,24.650000,2025-08-14,2025-06-30,-0.090000,4.010000,6.147132,9.500046,7.459951,-21.733626,8.180779,38.095183,68.009587,97.923991,,,,,,,,,,26.925000,27.613333,29.277917,32.503542,26.925000,28.850043,24.999957,27.887521,25.962479
2025-08-28,24.150000,2025-08-14,2025-06-30,-0.090000,4.010000,6.022444,9.300233,7.223624,-20.639531,8.327201,37.293933,66.260664,95.227396,,,,,,,,,,26.787500,27.534167,29.171667,32.443958,26.787500,29.078185,24.496815,27.932842,25.642158
2025-08-29,23.850000,2025-08-14,2025-06-30,-0.090000,4.010000,5.947631,9.113008,7.012103,-19.693908,8.424626,36.543160,64.661694,92.780228,,,,,,,,,,26.640000,27.450000,29.079167,32.385000,26.640000,29.280494,23.999506,27.960247,25.319753
2025-09-01,23.400000,2025-08-14,2025-06-30,-0.090000,4.010000,5.835411,8.933994,6.814894,-18.830134,8.497591,35.825315,63.153039,90.480763,,,,,,,,,,26.472500,27.360000,28.994167,32.329583,26.472500,29.482741,23.462259,27.977621,24.967379
2025-09-02,23.700000,2025-08-14,2025-06-30,-0.090000,4.010000,5.910224,8.754248,6.602784,-17.849794,8.627371,35.104536,61.581700,88.058865,,,,,,,,,,26.315000,27.275000,28.910000,32.275208,26.315000,29.562363,23.067637,27.938682,24.691318
2025-09-03,23.550000,2025-08-14,2025-06-30,-0.090000,4.010000,5.872818,8.578256,6.390637,-16.854105,8.772351,34.398807,60.025264,85.651720,,,,,,,,,,26.145000,27.192500,28.829583,32.222292,26.145000,29.601634,22.688366,27.873317,24.416683
2025-09-04,25.500000,2025-08-14,2025-06-30,-0.090000,4.010000,6.359102,8.397509,6.137016,-15.544855,9.064578,33.674011,58.283443,82.892876,,,,,,,,,,26.075000,27.144167,28.754583,32.178750,26.075000,29.523951,22.626049,27.799476,24.350524
2025-09-05,25.200000,2025-08-14,2025-06-30,-0.090000,4.010000,6.284289,8.216477,5.868194,-14.114847,9.416613,32.948072,56.479532,80.010991,,,,,,,,,,25.990000,27.090000,28.677500,32.138750,25.990000,29.437135,22.542865,27.713567,24.266433
2025-09-08,25.700000,2025-08-14,2025-06-30,-0.090000,4.010000,6.408978,8.034790,5.574069,-12.484521,9.867494,32.219509,54.571523,76.923538,,,,,,,,,,25.930000,27.050833,28.602500,32.102292,25.930000,29.352126,22.507874,27.641063,24.218937
2025-09-09,26.000000,2025-08-14,2025-06-30,-0.090000,4.010000,6.483791,7.853049,5.254385,-10.649437,10.420646,31.490728,52.560810,73.630893,,,,,,,,,,25.880000,27.019167,28.529167,32.066458,25.880000,29.265324,22.494676,27.572662,24.187338
2025-09-10,25.550000,2025-08-14,2025-06-30,-0.090000,4.010000,6.371571,7.665631,4.886984,-8.454432,11.142374,30.739180,50.335986,69.932792,,,,,,,,,,25.797500,26.981667,28.446250,32.027292,25.797500,29.127345,22.467655,27.462423,24.132577
2025-09-11,25.150000,2025-08-14,2025-06-30,-0.090000,4.010000,6.271820,7.474332,4.467118,-5.854212,12.058930,29.972073,47.885215,65.798358,,,,,,,,,,25.680000,26.944167,28.356250,31.985833,25.680000,28.921572,22.438428,27.300786,24.059214
2025-09-12,25.700000,2025-08-14,2025-06-30,-0.090000,4.010000,6.408978,7.285193,3.999568,-2.862908,13.175358,29.213624,45.251890,61.290156,,,,,,,,,,25.580000,26.921667,28.272083,31.946250,25.580000,28.679474,22.480526,27.129737,24.030263
2025-09-15,25.250000,2025-08-14,2025-06-30,-0.090000,4.010000,6.296758,7.096812,3.470163,0.627512,14.542865,28.458218,42.373571,56.288924,,,,,,,,,,25.427500,26.896667,28.186250,31.902083,25.427500,28.251360,22.603640,26.839430,24.015570
2025-09-16,25.150000,2025-08-14,2025-06-30,-0.090000,4.010000,6.271820,6.906530,2.817930,5.095390,16.395288,27.695186,38.995084,50.294982,,,,,,,,,,25.277500,26.859167,28.097500,31.866250,25.277500,27.794490,22.760510,26.535995,24.019005
2025-09-17,25.450000,2025-08-14,2025-06-30,-0.090000,4.010000,6.346633,6.720259,1.979255,11.074614,19.011426,26.948238,34.885050,42.821862,,,,,,,,,,25.175000,26.830000,28.015417,31.834167,25.175000,27.467895,22.882105,26.321448,24.028552
2025-09-18,25.400000,2025-08-14,2025-06-30,-0.090000,4.010000,6.334165,6.542691,0.456615,22.574143,24.405167,26.236192,28.067217,29.898241,,,,,,,,,,25.060000,26.792500,27.943750,31.803125,25.060000,27.027258,23.092742,26.043629,24.076371
2025-09-19,24.950000,2025-08-14,2025-06-30,-0.090000,4.010000,6.221945,6.538183,0.457092,22.552234,24.385175,26.218116,28.051056,29.883997,,,,,,,,,,24.927500,26.745000,27.878333,31.768958,24.927500,26.489710,23.365290,25.708605,24.146395
2025-09-22,25.200000,2025-08-14,2025-06-30,-0.090000,4.010000,6.284289,6.533250,0.456607,22.536344,24.367339,26.198333,28.029327,29.860322,,,,,,,,,,24.920000,26.710833,27.810417,31.734375,24.920000,26.475093,23.364907,25.697547,24.142453
2025-09-23,25.050000,2025-08-14,2025-06-30,-0.090000,4.010000,6.246883,6.527576,0.455893,22.519317,24.347447,26.175578,28.003708,29.831839,,,,,,,,,,24.927500,26.656667,27.739167,31.694583,24.927500,26.483634,23.371366,25.705567,24.149433
2025-09-24,25.050000,2025-08-14,2025-06-30,-0.090000,4.010000,6.246883,6.527657,0.455841,22.520056,24.347980,26.175904,28.003828,29.831753,,,,,,,,,,24.947500,26.584167,27.695833,31.656458,24.947500,26.498892,23.396108,25.723196,24.171804
2025-09-25,25.300000,2025-08-14,2025-06-30,-0.090000,4.010000,6.309227,6.532725,0.449916,22.587902,24.392065,26.196228,28.000391,29.804554,,,,,,,,,,25.005000,26.517500,27.676250,31.622292,25.005000,26.516674,23.493326,25.760837,24.249163
2025-09-26,25.200000,2025-08-14,2025-06-30,-0.090000,4.010000,6.284289,6.542311,0.431753,22.772011,24.503339,26.234666,27.965994,29.697321,,,,,,,,,,25.072500,26.460000,27.678750,31.590208,25.072500,26.484283,23.660717,25.778392,24.366608
2025-09-30,25.400000,2025-08-14,2025-06-30,-0.090000,4.010000,6.334165,6.548102,0.424130,22.856368,24.557129,26.257891,27.958652,29.659413,,,,,,,,,,25.172500,26.413333,27.662500,31.545417,25.172500,26.349237,23.995763,25.760869,24.584131
2025-10-01,25.000000,2025-08-14,2025-06-30,-0.090000,4.010000,6.234414,6.553235,0.416444,22.938590,24.608530,26.278470,27.948411,29.618351,,,,,,,,,,25.237500,26.365000,27.643750,31.507708,25.237500,26.194950,24.280050,25.716225,24.758775
2025-10-02,24.600000,2025-08-14,2025-06-30,-0.090000,4.010000,6.134663,6.556676,0.411187,22.994552,24.643412,26.292272,27.941132,29.589992,,,,,,,,,,25.290000,26.313333,27.617500,31.469792,25.290000,25.915426,24.664574,25.602713,24.977287
2025-10-03,24.450000,2025-08-14,2025-06-30,-0.090000,4.010000,6.097257,6.557573,0.410056,23.007215,24.651541,26.295867,27.940192,29.584518,,,,,,,,,,25.237500,26.261667,27.579167,31.430833,25.237500,25.957789,24.517211,25.597644,24.877356
2025-10-07,24.100000,2025-08-14,2025-06-30,-0.090000,4.010000,6.009975,6.558515,0.408653,23.022248,24.660947,26.299645,27.938343,29.577041,,,,,,,,,,25.182500,26.205000,27.541667,31.390625,25.182500,26.064647,24.300353,25.623574,24.741426
2025-10-08,23.700000,2025-08-14,2025-06-30,-0.090000,4.010000,5.910224,6.557767,0.409765,23.010332,24.653489,26.296645,27.939801,29.582958,,,,,,,,,,25.082500,26.133333,27.496667,31.347500,25.082500,26.151329,24.013671,25.616914,24.548086
2025-10-09,23.700000,2025-08-14,2025-06-30,-0.090000,4.010000,5.910224,6.556675,0.411324,22.993448,24.642857,26.292267,27.941676,29.591086,,,,,,,,,,24.967500,26.064167,27.450000,31.295833,24.967500,26.112868,23.822132,25.540184,24.394816
2025-10-13,23.500000,2025-08-14,2025-06-30,-0.090000,4.010000,5.860349,6.556714,0.411257,22.994140,24.643282,26.292423,27.941565,29.590706,,,,,,,,,,24.865000,25.992500,27.409167,31.243750,24.865000,26.149359,23.580641,25.507180,24.222820
2025-10-14,23.050000,2025-08-14,2025-06-30,-0.090000,4.010000,5.748130,6.556935,0.410812,22.998594,24.645951,26.293308,27.940665,29.588023,,,,,,,,,,24.760000,25.905833,27.370000,31.197500,24.760000,26.269827,23.250173,25.514914,24.005086
2025-10-15,22.050000,2025-08-14,2025-06-30,-0.090000,4.010000,5.498753,6.554390,0.416422,22.943398,24.613251,26.283104,27.952957,29.622810,,,,,,,,,,24.577500,25.803333,27.319167,31.149375,24.577500,26.448181,22.706819,25.512840,23.642160
2025-10-16,23.700000,2025-08-14,2025-06-30,-0.090000,4.010000,5.910224,6.555274,0.414926,22.958945,24.622797,26.286649,27.950501,29.614354,,,,,,,,,,24.500000,25.731667,27.282083,31.110625,24.500000,26.381768,22.618232,25.440884,23.559116
2025-10-17,23.750000,2025-08-14,2025-06-30,-0.090000,4.010000,5.922693,6.556348,0.413101,22.977886,24.634421,26.290956,27.947491,29.604026,,,,,,,,,,24.430000,25.670000,27.245833,31.073125,24.430000,26.314116,22.545884,25.372058,23.487942
2025-10-20,23.800000,2025-08-14,2025-06-30,-0.090000,4.010000,5.935162,6.556323,0.413139,22.977485,24.634170,26.290856,27.947542,29.604228,,,,,,,,,,24.347500,25.603333,27.204167,31.038125,24.347500,26.187544,22.507456,25.267522,23.427478
2025-10-21,23.800000,2025-08-14,2025-06-30,-0.090000,4.010000,5.935162,6.556127,0.413431,22.974351,24.632209,26.290068,27.947926,29.605784,,,,,,,,,,24.267500,25.540000,27.161667,31.002292,24.267500,26.053196,22.481804,25.160348,23.374652
2025-10-22,23.850000,2025-08-14,2025-06-30,-0.090000,4.010000,5.947631,6.555690,0.414050,22.967636,24.627977,26.288318,27.948659,29.609000,,,,,,,,,,24.212500,25.477500,27.117917,30.966875,24.212500,25.977324,22.447676,25.094912,23.330088
2025-10-23,23.700000,2025-08-14,2025-06-30,-0.090000,4.010000,5.910224,6.553739,0.416549,22.939775,24.610135,26.280495,27.950854,29.621214,,,,,,,,,,24.137500,25.412500,27.067083,30.932708,24.137500,25.852411,22.422589,24.994956,23.280044
2025-10-27,24.600000,2025-08-14,2025-06-30,-0.090000,4.010000,6.134663,6.552971,0.417241,22.931145,24.604280,26.277415,27.950551,29.623686,,,,,,,,,,24.115000,25.366667,27.020417,30.901042,24.115000,25.790866,22.439134,24.952933,23.277067
2025-10-28,24.250000,2025-08-14,2025-06-30,-0.090000,4.010000,6.047382,6.551820,0.418452,22.916812,24.594805,26.272798,27.950791,29.628784,,,,,,,,,,24.075000,25.315833,26.972500,30.866042,24.075000,25.694129,22.455871,24.884565,23.265435
2025-10-29,25.000000,2025-08-14,2025-06-30,-0.090000,4.010000,6.234414,6.552571,0.417795,22.925090,24.600449,26.275808,27.951167,29.626526,,,,,,,,,,24.060000,25.284167,26.932500,30.837292,24.060000,25.636338,22.483662,24.848169,23.271831
2025-10-30,25.200000,2025-08-14,2025-06-30,-0.090000,4.010000,6.284289,6.553050,0.417451,22.929769,24.603749,26.277729,27.951709,29.625689,,,,,,,,,,24.060000,25.257500,26.890833,30.809583,24.060000,25.636338,22.483662,24.848169,23.271831
2025-10-31,27.250000,2025-08-14,2025-06-30,-0.090000,4.010000,6.795511,6.557273,0.417318,22.947776,24.621221,26.294666,27.968111,29.641556,,,,,,,,,,24.152500,25.265833,26.863750,30.789792,24.152500,26.205091,22.099909,25.178796,23.126204
2025-11-03,26.700000,2025-08-14,2025-06-30,-0.090000,4.010000,6.658354,6.560956,0.416234,22.971237,24.640334,26.309432,27.978529,29.647627,,,,,,,,,,24.237500,25.263333,26.835000,30.766875,24.237500,26.560809,21.914191,25.399154,23.075846
2025-11-04,25.350000,2025-08-14,2025-06-30,-0.090000,4.010000,6.321696,6.561317,0.416005,22.974518,24.642699,26.310880,27.979061,29.647242,,,,,,,,,,24.275000,25.236667,26.792500,30.737917,24.275000,26.646653,21.903347,25.460826,23.089174
2025-11-05,24.950000,2025-08-14,2025-06-30,-0.090000,4.010000,6.221945,6.560074,0.416801,22.963155,24.634525,26.305895,27.977265,29.648635,,,,,,,,,,24.300000,25.204167,26.742917,30.700000,24.300000,26.689891,21.910109,25.494945,23.105055
2025-11-06,25.400000,2025-08-14,2025-06-30,-0.090000,4.010000,6.334165,6.550913,0.409460,22.985292,24.627227,26.269162,27.911096,29.553031,,,,,,,,,,24.365000,25.179167,26.698750,30.664167,24.365000,26.802233,21.927767,25.583617,23.146383
2025-11-07,25.050000,2025-08-14,2025-06-30,-0.090000,4.010000,6.246883,6.542438,0.405080,22.986435,24.610805,26.235176,27.859546,29.483916,,,,,,,,,,24.432500,25.148333,26.657500,30.626250,24.432500,26.866962,21.998038,25.649731,23.215269
2025-11-10,25.200000,2025-08-14,2025-06-30,-0.090000,4.010000,6.284289,6.534476,0.400625,22.990238,24.596743,26.203249,27.809754,29.416259,,,,,,,,,,24.507500,25.118333,26.618333,30.584167,24.507500,26.939366,22.075634,25.723433,23.291567
2025-11-11,25.450000,2025-08-14,2025-06-30,-0.090000,4.010000,6.346633,6.526529,0.394722,23.005713,24.588548,26.171382,27.754217,29.337051,,,,,,,,,,24.605000,25.089167,26.579167,30.540208,24.605000,27.023111,22.186889,25.814056,23.395944
2025-11-12,26.250000,2025-08-14,2025-06-30,-0.090000,4.010000,6.546135,6.520346,0.388453,23.031195,24.588891,26.146587,27.704283,29.261979,,,,,,,,,,24.765000,25.068333,26.547083,30.496458,24.765000,27.173341,22.356659,25.969170,23.560830
2025-11-13,25.950000,2025-08-14,2025-06-30,-0.090000,4.010000,6.471322,6.513842,0.382592,23.052114,24.586310,26.120505,27.654701,29.188897,,,,,,,,,,24.960000,25.039167,26.513750,30.449583,24.960000,27.053750,22.866250,26.006875,23.913125
2025-11-14,25.650000,2025-11-14,2025-09-30,1.370000,4.120000,6.225728,6.505493,0.377787,23.689665,25.246147,26.802630,28.359113,29.915596,,,,,,,,,,25.057500,24.995000,26.478750,30.400208,25.057500,27.084755,23.030245,26.071128,24.043872
2025-11-17,25.950000,2025-11-14,2025-09-30,1.370000,4.120000,6.298544,6.497145,0.371086,23.710489,25.239364,26.768239,28.297114,29.825989,,,,,,,,,,25.167500,24.958333,26.443750,30.346250,25.167500,27.133869,23.201131,26.150684,24.184316
2025-11-18,25.050000,2025-11-14,2025-09-30,1.370000,4.120000,6.080097,6.487280,0.366234,23.709822,25.218708,26.727594,28.236480,29.745366,,,,,,,,,,25.230000,24.917500,26.402500,30.290208,25.230000,27.089938,23.370062,26.159969,24.300031
2025-11-19,24.900000,2025-11-14,2025-09-30,1.370000,4.120000,6.043689,6.477212,0.361617,23.706388,25.196251,26.686115,28.175979,29.665842,,,,,,,,,,25.285000,24.870833,26.360417,30.229583,25.285000,27.028288,23.541712,26.156644,24.413356
2025-11-20,25.400000,2025-11-14,2025-09-30,1.370000,4.120000,6.165049,6.468156,0.355614,23.718545,25.183674,26.648803,28.113932,29.579060,,,,,,,,,,25.362500,24.834167,26.322500,30.171458,25.362500,26.969680,23.755320,26.166090,24.558910
2025-11-21,25.100000,2025-11-14,2025-09-30,1.370000,4.120000,6.092233,6.460410,0.353571,23.703462,25.160175,26.616888,28.073600,29.530313,,,,,,,,,,25.432500,24.830000,26.290000,30.115833,25.432500,26.844954,24.020046,26.138727,24.726273
2025-11-24,25.450000,2025-11-14,2025-09-30,1.370000,4.120000,6.177184,6.453977,0.351621,23.693024,25.141704,26.590384,28.039063,29.487743,,,,,,,,,,25.475000,24.839167,26.262917,30.064375,25.475000,26.832048,24.117952,26.153524,24.796476
2025-11-25,27.450000,2025-11-14,2025-09-30,1.370000,4.120000,6.662621,6.450883,0.348091,23.709364,25.143500,26.577636,28.011773,29.445909,,,,,,,,,,25.635000,24.885833,26.249583,30.021042,25.635000,27.131346,24.138654,26.383173,24.886827
2025-11-26,27.550000,2025-11-14,2025-09-30,1.370000,4.120000,6.686893,6.448294,0.345134,23.723067,25.145018,26.566970,27.988921,29.410872,,,,,,,,,,25.762500,24.942500,26.238333,29.974792,25.762500,27.452992,24.072008,26.607746,24.917254
2025-11-27,28.800000,2025-11-14,2025-09-30,1.370000,4.120000,6.990291,6.448233,0.345037,23.723615,25.145167,26.566719,27.988271,29.409824,,,,,,,,,,25.942500,25.025000,26.237500,29.935417,25.942500,28.086592,23.798408,27.014546,24.870454
2025-11-28,28.000000,2025-11-14,2025-09-30,1.370000,4.120000,6.796117,6.446756,0.343144,23.733126,25.146880,26.560634,27.974388,29.388142,,,,,,,,,,25.980000,25.101667,26.230833,29.895625,25.980000,28.243300,23.716700,27.111650,24.848350
2025-12-01,27.950000,2025-11-14,2025-09-30,1.370000,4.120000,6.783981,6.445178,0.341131,23.743209,25.148670,26.554132,27.959593,29.365055,,,,,,,,,,26.042500,25.172500,26.223750,29.857708,26.042500,28.453718,23.631282,27.248109,24.836891
2025-12-02,28.950000,2025-11-14,2025-09-30,1.370000,4.120000,7.026699,6.446227,0.342735,23.734319,25.146388,26.558457,27.970525,29.382594,,,,,,,,,,26.222500,25.262500,26.227500,29.809167,26.222500,28.934748,23.510252,27.578624,24.866376
2025-12-03,29.100000,2025-11-14,2025-09-30,1.370000,4.120000,7.063107,6.447782,0.345119,23.721085,25.142974,26.564863,27.986752,29.408641,,,,,,,,,,26.430000,25.322500,26.233333,29.767500,26.430000,29.358696,23.501304,27.894348,24.965652
2025-12-04,29.350000,2025-11-14,2025-09-30,1.370000,4.120000,7.123786,6.449742,0.348296,23.702978,25.137957,26.572937,28.007917,29.442896,,,,,,,,,,26.627500,25.391667,26.240833,29.732917,26.627500,29.787359,23.467641,28.207430,25.047570
2025-12-05,29.150000,2025-11-14,2025-09-30,1.370000,4.120000,7.075243,6.452104,0.351581,23.685641,25.134155,26.582670,28.031184,29.479698,,,,,,,,,,26.832500,25.449167,26.250000,29.696458,26.832500,30.091863,23.573137,28.462182,25.202818
2025-12-08,28.850000,2025-11-14,2025-09-30,1.370000,4.120000,7.002427,6.454162,0.354086,23.673482,25.132316,26.591149,28.049983,29.508816,,,,,,,,,,27.015000,25.496667,26.257917,29.660208,27.015000,30.298147,23.731853,28.656573,25.373427
2025-12-09,29.400000,2025-11-14,2025-09-30,1.370000,4.120000,7.135922,6.457535,0.358645,23.649811,25.127427,26.605044,28.082660,29.560276,,,,,,,,,,27.212500,25.560833,26.271250,29.629583,27.212500,30.573558,23.851442,28.893029,25.531971
2025-12-10,29.650000,2025-11-14,2025-09-30,1.370000,4.120000,7.196602,6.462220,0.364597,23.620065,25.122206,26.624346,28.126487,29.628628,,,,,,,,,,27.382500,25.635833,26.290000,29.596458,27.382500,30.879758,23.885242,29.131129,25.633871
2025-12-11,28.950000,2025-11-14,2025-09-30,1.370000,4.120000,7.026699,6.466196,0.368142,23.607234,25.123980,26.640726,28.157471,29.674217,,,,,,,,,,27.532500,25.690000,26.305833,29.564583,27.532500,31.028404,24.036596,29.280452,25.784548
2025-12-12,28.900000,2025-11-14,2025-09-30,1.370000,4.120000,7.014563,6.470675,0.371530,23.597777,25.128479,26.659182,28.189885,29.720587,,,,,,,,,,27.695000,25.750833,26.323750,29.531667,27.695000,31.123963,24.266037,29.409482,25.980518
2025-12-15,28.250000,2025-11-14,2025-09-30,1.370000,4.120000,6.856796,6.472529,0.372906,23.594077,25.130447,26.666818,28.203189,29.739560,,,,,,,,,,27.810000,25.802500,26.330833,29.500625,27.810000,31.145550,24.474450,29.477775,26.142225
2025-12-16,28.450000,2025-11-14,2025-09-30,1.370000,4.120000,6.905340,6.475190,0.374857,23.588966,25.133375,26.677784,28.222193,29.766602,,,,,,,,,,27.980000,25.852500,26.341250,29.472917,27.980000,31.060055,24.899945,29.520027,26.439973
2025-12-17,28.100000,2025-11-14,2025-09-30,1.370000,4.120000,6.820388,6.476236,0.375649,23.586746,25.134419,26.682092,28.229765,29.777437,,,,,,,,,,28.140000,25.897500,26.345000,29.434375,28.140000,30.857507,25.422493,29.498753,26.781247
2025-12-18,28.350000,2025-11-14,2025-09-30,1.370000,4.120000,6.881068,6.477484,0.376751,23.582809,25.135022,26.687236,28.239449,29.791663,,,,,,,,,,28.287500,25.954167,26.349583,29.396667,28.287500,30.679565,25.895435,29.483532,27.091468
2025-12-19,28.400000,2025-11-14,2025-09-30,1.370000,4.120000,6.893204,6.479944,0.378504,23.578497,25.137933,26.697369,28.256805,29.816241,,,,,,,,,,28.452500,26.007500,26.359167,29.356250,28.452500,30.315569,26.589431,29.384035,27.520965
2025-12-22,28.700000,2025-11-14,2025-09-30,1.370000,4.120000,6.966019,6.480892,0.379585,23.573494,25.137384,26.701273,28.265163,29.829053,,,,,,,,,,28.615000,26.068333,26.362500,29.318333,28.615000,29.829431,27.400569,29.222215,28.007785
2025-12-23,28.300000,2025-11-14,2025-09-30,1.370000,4.120000,6.868932,6.478811,0.376733,23.588420,25.140560,26.692700,28.244840,29.796980,,,,,,,,,,28.657500,26.122500,26.353333,29.279583,28.657500,29.754038,27.560962,29.205769,28.109231
2025-12-24,29.000000,2025-11-14,2025-09-30,1.370000,4.120000,7.038835,6.478347,0.376003,23.592526,25.141659,26.690791,28.239924,29.789056,,,,,,,,,,28.730000,26.184167,26.350833,29.238958,28.730000,29.703004,27.756996,29.216502,28.243498
2025-12-26,29.100000,2025-11-14,2025-09-30,1.370000,4.120000,7.063107,6.479398,0.377469,23.584778,25.139949,26.695119,28.250290,29.805460,,,,,,,,,,28.745000,26.249167,26.354583,29.202292,28.745000,29.731701,27.758299,29.238351,28.251649
2025-12-29,29.000000,2025-11-14,2025-09-30,1.370000,4.120000,7.038835,6.481154,0.379589,23.574543,25.138449,26.702355,28.266261,29.830167,,,,,,,,,,28.795000,26.309167,26.361250,29.165208,28.795000,29.722305,27.867695,29.258653,28.331347
2025-12-30,29.100000,2025-11-14,2025-09-30,1.370000,4.120000,7.063107,6.483718,0.382485,23.561241,25.137080,26.712918,28.288756,29.864594,,,,,,,,,,28.852500,26.377500,26.371250,29.130208,28.852500,29.698217,28.006783,29.275358,28.429642
2025-12-31,29.050000,2025-11-14,2025-09-30,1.370000,4.120000,7.050971,6.486584,0.385450,23.548621,25.136674,26.724727,28.312780,29.900832,,,,,,,,,,28.857500,26.451667,26.382500,29.093333,28.857500,29.706819,28.008181,29.282159,28.432841
2026-01-02,29.250000,2025-11-14,2025-09-30,1.370000,4.120000,7.099515,6.490158,0.389141,23.532927,25.136188,26.739449,28.342710,29.945971,,,,,,,,,,28.865000,26.531667,26.396667,29.057708,28.865000,29.725905,28.004095,29.295453,28.434547
2026-01-05,28.450000,2025-11-14,2025-09-30,1.370000,4.120000,6.905340,6.492214,0.390687,23.528657,25.138289,26.747921,28.357553,29.967185,,,,,,,,,,28.820000,26.604167,26.404583,29.016250,28.820000,29.668156,27.971844,29.244078,28.395922
2026-01-06,29.150000,2025-11-14,2025-09-30,1.370000,4.120000,7.075243,6.494677,0.393437,23.516149,25.137109,26.758069,28.379029,29.999990,,,,,,,,,,28.820000,26.695000,26.414167,28.981042,28.820000,29.668156,27.971844,29.244078,28.395922
2026-01-07,29.100000,2025-11-14,2025-09-30,1.370000,4.120000,7.063107,6.497342,0.396208,23.504291,25.136669,26.769048,28.401426,30.033805,,,,,,,,,,28.832500,26.785000,26.424583,28.954792,28.832500,29.689837,27.975163,29.261168,28.403832
2026-01-08,29.100000,2025-11-14,2025-09-30,1.370000,4.120000,7.063107,6.500107,0.399003,23.492656,25.136549,26.780442,28.424335,30.068228,,,,,,,,,,28.817500,26.878333,26.435417,28.933750,28.817500,29.642934,27.992066,29.230217,28.404783
2026-01-09,29.300000,2025-11-14,2025-09-30,1.370000,4.120000,7.111650,6.502369,0.401708,23.479690,25.134726,26.789762,28.444798,30.099834,,,,,,,,,,28.800000,26.982500,26.444167,28.913958,28.800000,29.563648,28.036352,29.181824,28.418176
2026-01-12,32.200000,2025-11-14,2025-09-30,1.370000,4.120000,7.815534,6.510598,0.418211,23.377609,25.100637,26.823664,28.546692,30.269720,,,,,,,,,,28.962500,27.151667,26.477500,28.905625,28.962500,30.665709,27.259291,29.814105,28.110895
2026-01-13,31.950000,2025-11-14,2025-09-30,1.370000,4.120000,7.754854,6.518725,0.432707,23.291644,25.074395,26.857146,28.639897,30.422649,,,,,,,,,,29.115000,27.289167,26.510417,28.895625,29.115000,31.278598,26.951402,30.196799,28.033201
2026-01-14,30.700000,2025-11-14,2025-09-30,1.370000,4.120000,7.451456,6.525433,0.440867,23.252043,25.068413,26.884783,28.701153,30.517523,,,,,,,,,,29.237500,27.405000,26.537500,28.878750,29.237500,31.471184,27.003816,30.354342,28.120658
2026-01-15,30.200000,2025-11-14,2025-09-30,1.370000,4.120000,7.330097,6.530423,0.446568,23.225621,25.065483,26.905344,28.745206,30.585067,,,,,,,,,,29.325000,27.511667,26.557500,28.858958,29.325000,31.565888,27.084112,30.445444,28.204556
2026-01-16,30.900000,2025-11-14,2025-09-30,1.370000,4.120000,7.500000,6.537233,0.455062,23.183692,25.058547,26.933401,28.808256,30.683110,,,,,,,,,,29.465000,27.630000,26.585000,28.842083,29.465000,31.733340,27.196660,30.599170,28.330830
2026-01-19,30.250000,2025-11-14,2025-09-30,1.370000,4.120000,7.342233,6.542728,0.460780,23.159214,25.057628,26.956041,28.854455,30.752869,,,,,,,,,,29.560000,27.736667,26.607083,28.820208,29.560000,31.790553,27.329447,30.675277,28.444723
2026-01-20,29.600000,2025-11-14,2025-09-30,1.370000,4.120000,7.184466,6.546909,0.464324,23.147238,25.060251,26.973265,28.886278,30.799292,,,,,,,,,,29.620000,27.835000,26.623750,28.795417,29.620000,31.782698,27.457302,30.701349,28.538651
2026-01-21,29.050000,2025-11-14,2025-09-30,1.370000,4.120000,7.050971,6.550481,0.466552,23.143593,25.065788,26.987983,28.910179,30.832374,,,,,,,,,,29.637500,27.909167,26.637917,28.771250,29.637500,31.774363,27.500637,30.705932,28.569068
2026-01-22,29.550000,2025-11-14,2025-09-30,1.370000,4.120000,7.172330,6.555166,0.469966,23.134761,25.071023,27.007284,28.943546,30.879808,,,,,,,,,,29.700000,27.997500,26.656667,28.746250,29.700000,31.743217,27.656783,30.721609,28.678391
2026-01-23,30.050000,2025-11-14,2025-09-30,1.370000,4.120000,7.293689,6.561669,0.474757,23.122077,25.078077,27.034077,28.990077,30.946077,,,,,,,,,,29.752500,28.081667,26.682917,28.723125,29.752500,31.773827,27.731173,30.763164,28.741836
2026-01-26,29.900000,2025-11-14,2025-09-30,1.370000,4.120000,7.257282,6.568071,0.478931,23.114058,25.087255,27.060451,29.033648,31.006844,,,,,,,,,,29.792500,28.160000,26.708750,28.699375,29.792500,31.790993,27.794007,30.791746,28.793254
2026-01-27,29.500000,2025-11-14,2025-09-30,1.370000,4.120000,7.160194,6.573764,0.481891,23.113125,25.098517,27.083908,29.069299,31.054690,,,,,,,,,,29.817500,28.197500,26.731667,28.675000,29.817500,31.786543,27.848457,30.802022,28.832978
2026-01-28,29.800000,2025-11-14,2025-09-30,1.370000,4.120000,7.233010,6.579862,0.485581,23.107841,25.108437,27.109033,29.109628,31.110224,,,,,,,,,,29.852500,28.249167,26.756250,28.653750,29.852500,31.792515,27.912485,30.822507,28.882493
2026-01-29,29.350000,2025-11-14,2025-09-30,1.370000,4.120000,7.123786,6.584849,0.488084,23.107768,25.118672,27.129576,29.140481,31.151385,,,,,,,,,,29.867500,28.315833,26.776250,28.633542,29.867500,31.785908,27.949092,30.826704,28.908296
2026-01-30,28.900000,2025-11-14,2025-09-30,1.370000,4.120000,7.014563,6.589026,0.489609,23.112410,25.129598,27.146786,29.163974,31.181162,,,,,,,,,,29.850000,28.381667,26.792917,28.606875,29.850000,31.798279,27.901721,30.824139,28.875861
2026-02-02,28.000000,2025-11-14,2025-09-30,1.370000,4.120000,6.796117,6.591382,0.489922,23.119540,25.138018,27.156495,29.174973,31.193451,,,,,,,,,,29.827500,28.425000,26.802083,28.578125,29.827500,31.852729,27.802271,30.840115,28.814885
2026-02-03,28.550000,2025-11-14,2025-09-30,1.370000,4.120000,6.929612,6.594851,0.490837,23.126288,25.148538,27.170788,29.193038,31.215288,,,,,,,,,,29.797500,28.483333,26.815833,28.547083,29.797500,31.881897,27.713103,30.839698,28.755302
2026-02-04,28.750000,2025-11-14,2025-09-30,1.370000,4.120000,6.978155,6.598523,0.492052,23.131411,25.158664,27.185916,29.213169,31.240421,,,,,,,,,,29.780000,28.542500,26.830417,28.516042,29.780000,31.894710,27.665290,30.837355,28.722645
2026-02-05,28.450000,2025-11-14,2025-09-30,1.370000,4.120000,6.905340,6.601185,0.492846,23.135830,25.166356,27.196882,29.227408,31.257934,,,,,,,,,,29.747500,28.592500,26.840833,28.482917,29.747500,31.925252,27.569748,30.836376,28.658624
2026-02-06,27.850000,2025-11-14,2025-09-30,1.370000,4.120000,6.759709,6.600367,0.492498,23.135329,25.164421,27.193512,29.222604,31.251695,,,,,,,,,,29.675000,28.619167,26.843750,28.446250,29.675000,32.006591,27.343409,30.840795,28.509205
2026-02-09,29.150000,2025-11-14,2025-09-30,1.370000,4.120000,7.075243,6.601763,0.493613,23.131896,25.165579,27.199263,29.232947,31.266631,,,,,,,,,,29.522500,28.672500,26.855833,28.411875,29.522500,31.536000,27.509000,30.529250,28.515750
2026-02-10,30.150000,2025-11-14,2025-09-30,1.370000,4.120000,7.317961,6.603935,0.496200,23.119520,25.163865,27.208211,29.252556,31.296902,,,,,,,,,,29.432500,28.747500,26.871250,28.381667,29.432500,31.124361,27.740639,30.278431,28.586569
2026-02-11,29.500000,2025-11-14,2025-09-30,1.370000,4.120000,7.160194,6.605103,0.497352,23.114843,25.163934,27.213026,29.262117,31.311208,,,,,,,,,,29.372500,28.806667,26.882500,28.347917,29.372500,30.956790,27.788210,30.164645,28.580355
2026-02-23,29.900000,2025-11-14,2025-09-30,1.370000,4.120000,7.257282,6.608432,0.500385,23.103564,25.165152,27.226739,29.288327,31.349915,,,,,,,,,,29.357500,28.887500,26.902500,28.317500,29.357500,30.914243,27.800757,30.135871,28.579129
2026-02-24,30.850000,2025-11-14,2025-09-30,1.370000,4.120000,7.487864,6.613266,0.506071,23.076628,25.161643,27.246657,29.331672,31.416686,,,,,,,,,,29.355000,28.986667,26.928750,28.292708,29.355000,30.901439,27.808561,30.128220,28.581780
2026-02-25,31.100000,2025-11-14,2025-09-30,1.370000,4.120000,7.548544,6.618814,0.512657,23.045218,25.157366,27.269515,29.381663,31.493812,,,,,,,,,,29.397500,29.081667,26.957917,28.269583,29.397500,31.087556,27.707444,30.242528,28.552472
2026-02-26,32.350000,2025-11-14,2025-09-30,1.370000,4.120000,7.851942,6.631566,0.524109,23.003397,25.162725,27.322053,29.481381,31.640709,,,,,,,,,,29.535000,29.202500,27.016250,28.250417,29.535000,31.680522,27.389478,30.607761,28.462239
2026-03-02,32.100000,2025-11-14,2025-09-30,1.370000,4.120000,7.791262,6.644748,0.533216,22.982662,25.179511,27.376361,29.573211,31.770061,,,,,,,,,,29.687500,29.313333,27.076250,28.229375,29.687500,32.104300,27.270700,30.895900,28.479100
2026-03-03,31.450000,2025-11-14,2025-09-30,1.370000,4.120000,7.633495,6.657134,0.538794,22.987730,25.207562,27.427393,29.647224,31.867056,,,,,,,,,,29.782500,29.380000,27.132917,28.205417,29.782500,32.322760,27.242240,31.052630,28.512370
2026-03-04,29.800000,2025-11-14,2025-09-30,1.370000,4.120000,7.233010,6.667222,0.538143,23.034656,25.251806,27.468956,29.686106,31.903255,,,,,,,,,,29.770000,29.417500,27.180000,28.175833,29.770000,32.307176,27.232824,31.038588,28.501412
2026-03-05,30.700000,2025-11-14,2025-09-30,1.370000,4.120000,7.451456,6.679754,0.538755,23.081249,25.300918,27.520587,29.740256,31.959926,,,,,,,,,,29.810000,29.449167,27.237083,28.158125,29.810000,32.380808,27.239192,31.095404,28.524596
2026-03-06,30.500000,2025-11-14,2025-09-30,1.370000,4.120000,7.402913,6.692817,0.537111,23.148610,25.361507,27.574405,29.787302,32.000200,,,,,,,,,,29.860000,29.490833,27.296250,28.145208,29.860000,32.444284,27.275716,31.152142,28.567858
2026-03-09,29.150000,2025-11-14,2025-09-30,1.370000,4.120000,7.075243,6.702525,0.533363,23.219497,25.416950,27.614404,29.811857,32.009311,,,,,,,,,,29.827500,29.510833,27.341667,28.125833,29.827500,32.431237,27.223763,31.129369,28.525631
2026-03-10,29.800000,2025-11-14,2025-09-30,1.370000,4.120000,7.233010,6.713860,0.530024,23.293703,25.477403,27.661103,29.844804,32.028504,,,,,,,,,,29.850000,29.525000,27.393750,28.111667,29.850000,32.444123,27.255877,31.147061,28.552939
2026-03-11,29.850000,2025-11-14,2025-09-30,1.370000,4.120000,7.245146,6.721244,0.531211,23.314345,25.502935,27.691524,29.880114,32.068704,,,,,,,,,,29.897500,29.537500,27.430000,28.092292,29.897500,32.452881,27.342119,31.175191,28.619809
2026-03-12,29.100000,2025-11-14,2025-09-30,1.370000,4.120000,7.063107,6.727734,0.530585,23.346244,25.532254,27.718264,29.904274,32.090284,,,,,,,,,,29.952500,29.533333,27.462500,28.070000,29.952500,32.380077,27.524923,31.166289,28.738711
2026-03-13,29.000000,2025-11-14,2025-09-30,1.370000,4.120000,7.038835,6.732983,0.530521,23.368399,25.554144,27.739889,29.925634,32.111379,,,,,,,,,,29.975000,29.530833,27.490000,28.046250,29.975000,32.355734,27.594266,31.165367,28.784633
2026-03-16,29.500000,2025-11-14,2025-09-30,1.370000,4.120000,7.160194,6.738619,0.531443,23.384019,25.573566,27.763112,29.952658,32.142205,,,,,,,,,,30.012500,29.541667,27.519167,28.024167,30.012500,32.334902,27.690098,31.173701,28.851299
2026-03-17,30.350000,2025-11-14,2025-09-30,1.370000,4.120000,7.366505,6.746911,0.533426,23.401840,25.599556,27.797271,29.994987,32.192703,,,,,,,,,,30.107500,29.557500,27.559167,28.002708,30.107500,32.313300,27.901700,31.210400,29.004600
2026-03-18,30.650000,2025-11-14,2025-09-30,1.370000,4.120000,7.439320,6.756640,0.535332,23.426222,25.631789,27.837356,30.042922,32.248489,,,,,,,,,,30.247500,29.574167,27.605000,27.980625,30.247500,32.189684,28.305316,31.218592,29.276408
2026-03-19,29.800000,2025-11-14,2025-09-30,1.370000,4.120000,7.233010,6.763507,0.536119,23.448025,25.656836,27.865647,30.074458,32.283270,,,,,,,,,,30.280000,29.588333,27.639167,27.955625,30.280000,32.165792,28.394208,31.222896,29.337104
2026-03-20,29.800000,2025-11-14,2025-09-30,1.370000,4.120000,7.233010,6.771309,0.536082,23.480475,25.689133,27.897792,30.106450,32.315109,,,,,,,,,,30.262500,29.603333,27.677083,27.931667,30.262500,32.159832,28.365168,31.211166,29.313834
2026-03-23,29.050000,2025-11-14,2025-09-30,1.370000,4.120000,7.050971,6.777802,0.534698,23.518629,25.721586,27.924543,30.127500,32.330457,,,,,,,,,,30.240000,29.616667,27.709583,27.903542,30.240000,32.185467,28.294533,31.212734,29.267266
2026-03-24,28.800000,2025-11-14,2025-09-30,1.370000,4.120000,6.990291,6.783165,0.533564,23.550075,25.748358,27.946642,30.144925,32.343208,,,,,,,,,,30.185000,29.622500,27.737500,27.876458,30.185000,32.230560,28.139440,31.207780,29.162220
2026-03-25,29.450000,2025-11-14,2025-09-30,1.370000,4.120000,7.148058,6.789948,0.532981,23.582822,25.778703,27.974585,30.170467,32.366349,,,,,,,,,,30.115000,29.645000,27.771250,27.857500,30.115000,32.160560,28.069440,31.137780,29.092220
2026-03-26,29.500000,2025-11-14,2025-09-30,1.370000,4.120000,7.160194,6.797767,0.531458,23.627582,25.817190,28.006799,30.196407,32.386015,,,,,,,,,,30.035000,29.664167,27.809167,27.843750,30.035000,32.043168,28.026832,31.039084,29.030916
2026-03-27,29.450000,2025-11-14,2025-09-30,1.370000,4.120000,7.148058,6.804965,0.530294,23.666836,25.851645,28.036455,30.221264,32.406073,,,,,,,,,,29.890000,29.681667,27.844583,27.827500,29.890000,31.589412,28.190588,30.739706,29.040294
2026-03-30,29.400000,2025-11-14,2025-09-30,1.370000,4.120000,7.135922,6.812373,0.528639,23.710994,25.888986,28.066978,30.244970,32.422963,,,,,,,,,,29.755000,29.693333,27.880833,27.810000,29.755000,31.109097,28.400903,30.432049,29.077951
2026-03-31,28.950000,2026-03-31,2025-12-31,0.330000,0.930000,31.129032,7.019725,2.280860,2.285944,4.407144,6.528344,8.649544,10.770744,,,,,,,,,,29.630000,29.704167,27.913333,27.804583,29.630000,30.769898,28.490102,30.199949,29.060051
2026-04-01,30.200000,2026-03-31,2025-12-31,0.330000,0.930000,32.473118,7.237757,3.254915,0.676972,3.704043,6.731114,9.758185,12.785256,,,,,,,,,,29.650000,29.724167,27.954167,27.815208,29.650000,30.816190,28.483810,30.233095,29.066905
2026-04-02,29.600000,2026-03-31,2025-12-31,0.330000,0.930000,31.827957,7.450621,3.952527,-0.422622,3.253228,6.929077,10.604927,14.280777,,,,,,,,,,29.595000,29.732500,27.990833,27.834792,29.595000,30.651260,28.538740,30.123130,29.066870
2026-04-07,30.450000,2026-03-31,2025-12-31,0.330000,0.930000,32.741935,7.670686,4.575847,-1.377337,2.878200,7.133738,11.389275,15.644813,,,,,,,,,,29.592500,29.756667,28.032917,27.847708,29.592500,30.639940,28.545060,30.116220,29.068780
2026-04-08,30.950000,2026-03-31,2025-12-31,0.330000,0.930000,33.279570,7.896062,5.136231,-2.210052,2.566643,7.343338,12.120032,16.896727,,,,,,,,,,29.682500,29.787500,28.082500,27.863125,29.682500,30.869834,28.495166,30.276167,29.088833
2026-04-09,31.000000,2026-03-31,2025-12-31,0.330000,0.930000,33.333333,8.122718,5.633864,-2.924860,2.314634,7.554127,12.793621,18.033115,,,,,,,,,,29.742500,29.820000,28.135833,27.876667,29.742500,31.068068,28.416932,30.405284,29.079716
2026-04-10,33.000000,2026-03-31,2025-12-31,0.330000,0.930000,35.483871,8.367606,6.159262,-3.674354,2.053760,7.781874,13.509987,19.238101,,,,,,,,,,29.900000,29.882500,28.207083,27.893125,29.900000,31.870840,27.929160,30.885420,28.914580
2026-04-13,36.300000,2026-03-31,2025-12-31,0.330000,0.930000,39.032258,8.642792,6.761308,-4.538237,1.749779,8.037796,14.325813,20.613830,,,,,,,,,,30.260000,30.013333,28.308750,27.925208,30.260000,33.699033,26.820967,31.979516,28.540484
2026-04-14,37.700000,2026-03-31,2025-12-31,0.330000,0.930000,40.537634,8.931353,7.356436,-5.376813,1.464673,8.306159,15.147645,21.989130,,,,,,,,,,30.695000,30.155833,28.425417,27.961042,30.695000,35.422512,25.967488,33.058756,28.331244
2026-04-15,39.200000,2026-03-31,2025-12-31,0.330000,0.930000,42.150538,9.233356,7.951208,-6.202226,1.192397,8.587021,15.981645,23.376269,,,,,,,,,,31.180000,30.324167,28.554583,28.002292,31.180000,37.203847,25.156153,34.191924,28.168076
2026-04-16,39.700000,2026-03-31,2025-12-31,0.330000,0.930000,42.688172,9.540255,8.510956,-6.957942,0.957247,8.872437,16.787626,24.702816,,,,,,,,,,31.647500,30.500833,28.689583,28.049375,31.647500,38.754093,24.540907,35.200796,28.094204
2026-04-17,36.700000,2026-03-31,2025-12-31,0.330000,0.930000,39.462366,9.821207,8.930831,-7.477624,0.828049,9.133722,17.439395,25.745068,,,,,,,,,,31.950000,30.624167,28.803333,28.086667,31.950000,39.385264,24.514736,35.667632,28.232368
2026-04-20,36.200000,2026-03-31,2025-12-31,0.330000,0.930000,38.924731,10.099756,9.308183,-7.920447,0.736163,9.392773,18.049384,26.705994,,,,,,,,,,32.270000,30.690833,28.921250,28.120208,32.270000,39.864832,24.675168,36.067416,28.472584
2026-04-21,36.250000,2026-03-31,2025-12-31,0.330000,0.930000,38.978495,10.375325,9.665736,-8.329216,0.659918,9.649053,18.638187,27.627321,,,,,,,,,,32.592500,30.762500,29.025833,28.153958,32.592500,40.292758,24.892242,36.442629,28.742371
2026-04-22,34.850000,2026-03-31,2025-12-31,0.330000,0.930000,37.473118,10.638246,9.967981,-8.646876,0.623346,9.893568,19.163790,28.434013,,,,,,,,,,32.882500,30.831667,29.118333,28.182083,32.882500,40.456852,25.308148,36.669676,29.095324
2026-04-23,34.150000,2026-03-31,2025-12-31,0.330000,0.930000,36.720430,10.894789,10.238410,-8.911288,0.610433,10.132154,19.653876,29.175597,,,,,,,,,,33.150000,30.897500,29.204583,28.204375,33.150000,40.491590,25.808410,36.820795,29.479205
2026-04-24,33.900000,2026-03-31,2025-12-31,0.330000,0.930000,36.451613,11.149093,10.490080,-9.142893,0.612882,10.368657,20.124431,29.880206,,,,,,,,,,33.372500,30.947500,29.288750,28.225208,33.372500,40.508803,26.236197,36.940651,29.804349
2026-04-27,34.950000,2026-03-31,2025-12-31,0.330000,0.930000,37.580645,11.412702,10.752450,-9.385744,0.614034,10.613813,20.613591,30.613369,,,,,,,,,,33.645000,31.025833,29.381250,28.249583,33.645000,40.571828,26.718172,37.108414,30.181586
2026-04-28,34.400000,2026-03-31,2025-12-31,0.330000,0.930000,36.989247,11.671694,10.990461,-9.587583,0.633546,10.854675,21.075804,31.296933,,,,,,,,,,33.892500,31.105833,29.470417,28.268750,33.892500,40.536157,27.248843,37.214329,30.570671
2026-04-29,34.550000,2026-03-31,2025-12-31,0.330000,0.930000,37.150538,11.930159,11.221429,-9.776809,0.659119,11.095048,21.530977,31.966905,,,,,,,,,,34.150000,31.197500,29.553333,28.286875,34.150000,40.450877,27.849123,37.300439,30.999561
2026-04-30,34.050000,2026-03-31,2025-12-31,0.330000,0.930000,36.612903,12.184872,11.431705,-9.931040,0.700446,11.331931,21.963416,32.594901,,,,,,,,,,34.405000,31.272500,29.635000,28.303750,34.405000,40.213333,28.596667,37.309167,31.500833
2026-05-04,34.850000,2026-03-31,2025-12-31,0.330000,0.930000,37.473118,12.445194,11.648687,-10.092526,0.740752,11.574031,22.407309,33.240588,,,,,,,,,,34.637500,31.352500,29.717083,28.324792,34.637500,40.099028,29.175972,37.368264,31.906736
2026-05-05,33.900000,2026-03-31,2025-12-31,0.330000,0.930000,36.451613,12.696589,11.838586,-10.211943,0.797942,11.807827,22.817713,33.827598,,,,,,,,,,34.852500,31.419167,29.789583,28.340208,34.852500,39.792719,29.912281,37.322609,32.382391
2026-05-06,33.900000,2026-03-31,2025-12-31,0.330000,0.930000,36.451613,12.943723,12.022476,-10.324144,0.856759,12.037662,23.218565,34.399468,,,,,,,,,,35.025000,31.492500,29.845000,28.354375,35.025000,39.540645,30.509355,37.282823,32.767177
2026-05-07,34.600000,2026-03-31,2025-12-31,0.330000,0.930000,37.204301,13.198272,12.210186,-10.436552,0.918921,12.274393,23.629866,34.985338,,,,,,,,,,35.207500,31.572500,29.910833,28.372917,35.207500,39.305417,31.109583,37.256458,33.158542
2026-05-08,34.650000,2026-03-31,2025-12-31,0.330000,0.930000,37.258065,13.456076,12.389057,-10.529495,0.992328,12.514150,24.035973,35.557795,,,,,,,,,,35.390000,31.660833,29.988333,28.390417,35.390000,38.994325,31.785675,37.192162,33.587838
2026-05-11,34.350000,2026-03-31,2025-12-31,0.330000,0.930000,36.935484,13.712022,12.554502,-10.599193,1.076493,12.752180,24.427867,36.103554,,,,,,,,,,35.457500,31.751667,30.066667,28.404792,35.457500,38.921188,31.993812,37.189344,33.725656
2026-05-12,33.700000,2026-03-31,2025-12-31,0.330000,0.930000,36.236559,13.961208,12.702715,-10.643126,1.170399,12.983924,24.797449,36.610974,,,,,,,,,,35.327500,31.846667,30.135833,28.417292,35.327500,38.852669,31.802331,37.090084,33.564916
2026-05-13,34.100000,2026-03-31,2025-12-31,0.330000,0.930000,36.666667,14.214706,12.850149,-10.681600,1.269038,13.219677,25.170316,37.120954,,,,,,,,,,35.147500,31.939167,30.211250,28.434375,35.147500,38.527234,31.767766,36.837367,33.457633
2026-05-14,33.350000,2026-03-31,2025-12-31,0.330000,0.930000,35.860215,14.461173,12.979745,-10.693435,1.377727,13.448890,25.520053,37.591216,,,,,,,,,,34.855000,32.015833,30.279167,28.448750,34.855000,37.733395,31.976605,36.294198,33.415802
2026-05-15,33.300000,2026-05-15,2026-03-31,3.450000,5.060000,6.581028,14.463126,12.978531,-58.159320,7.512048,73.183417,138.854785,204.526154,,,,,,,,,,34.535000,32.096667,30.344583,28.461875,34.535000,36.384637,32.685363,35.459819,33.610181
2026-05-18,33.650000,2026-05-15,2026-03-31,3.450000,5.060000,6.650198,14.463993,12.978001,-58.149569,7.519118,73.187805,138.856491,204.525178,,,,,,,,,,34.382500,32.193333,30.406250,28.476667,34.382500,35.964063,32.800937,35.173282,33.591718
2026-05-19,33.250000,2026-05-15,2026-03-31,3.450000,5.060000,6.571146,14.464825,12.977488,-58.140164,7.525925,73.192014,138.858103,204.524192,,,,,,,,,,34.235000,32.261667,30.467083,28.490417,34.235000,35.643657,32.826343,34.939329,33.530671
2026-05-20,33.000000,2026-05-15,2026-03-31,3.450000,5.060000,6.521739,14.467292,12.975937,-58.111984,7.546256,73.204496,138.862735,204.520975,,,,,,,,,,34.072500,32.309167,30.528333,28.503542,34.072500,35.229845,32.915155,34.651172,33.493828
2026-05-21,33.350000,2026-05-15,2026-03-31,3.450000,5.060000,6.590909,14.469728,12.974417,-58.084280,7.566272,73.216824,138.867376,204.517928,,,,,,,,,,33.997500,32.373333,30.590000,28.516875,33.997500,35.136971,32.858029,34.567236,33.427764
2026-05-22,33.550000,2026-05-15,2026-03-31,3.450000,5.060000,6.630435,14.474314,12.971524,-58.031792,7.604119,73.240030,138.875941,204.511851,,,,,,,,,,33.967500,32.434167,30.660833,28.531667,33.967500,35.121566,32.813434,34.544533,33.390467
2026-05-25,34.950000,2026-05-15,2026-03-31,3.450000,5.060000,6.907115,14.481509,12.967047,-57.950077,7.663180,73.276437,138.889695,204.502952,,,,,,,,,,34.020000,32.502500,30.744583,28.552500,34.020000,35.253907,32.786093,34.636953,33.403047
2026-05-26,35.150000,2026-05-15,2026-03-31,3.450000,5.060000,6.946640,14.488023,12.963030,-57.876470,7.716462,73.309395,138.902327,204.495260,,,,,,,,,,34.030000,32.570000,30.825833,28.574167,34.030000,35.298401,32.761599,34.664201,33.395799
2026-05-27,36.250000,2026-05-15,2026-03-31,3.450000,5.060000,7.164032,14.496954,12.957565,-57.775967,7.789311,73.354589,138.919867,204.485145,,,,,,,,,,34.122500,32.635000,30.918750,28.604375,34.122500,35.729221,32.515779,34.925861,33.319139
2026-05-28,36.750000,2026-05-15,2026-03-31,3.450000,5.060000,7.262846,14.506001,12.952085,-57.674731,7.862818,73.400368,138.937917,204.475466,,,,,,,,,,34.232500,32.712500,31.012917,28.637917,34.232500,36.218842,32.246158,35.225671,33.239329
2026-05-29,36.750000,2026-05-15,2026-03-31,3.450000,5.060000,7.262846,14.511003,12.949146,-57.619681,7.902998,73.425677,138.948356,204.471035,,,,,,,,,,34.367500,32.800833,31.090417,28.670000,34.367500,36.646991,32.088009,35.507245,33.227755
2026-06-01,36.750000,2026-05-15,2026-03-31,3.450000,5.060000,7.262846,14.515803,12.946328,-57.566877,7.941543,73.449963,138.958383,204.466803,,,,,,,,,,34.462500,32.916667,31.167083,28.702708,34.462500,36.973292,31.951708,35.717896,33.207104
2026-06-02,36.600000,2026-05-15,2026-03-31,3.450000,5.060000,7.233202,14.517827,12.945160,-57.544818,7.957694,73.460206,138.962718,204.465229,,,,,,,,,,34.597500,33.015000,31.232083,28.734792,34.597500,37.266321,31.928679,35.931910,33.263090
2026-06-03,37.250000,2026-05-15,2026-03-31,3.450000,5.060000,7.361660,14.522540,12.942428,-57.493321,7.995366,73.484053,138.972740,204.461427,,,,,,,,,,34.765000,33.127500,31.309167,28.770000,34.765000,37.660387,31.869613,36.212693,33.317307
2026-06-04,37.000000,2026-05-15,2026-03-31,3.450000,5.060000,7.312253,14.526942,12.939864,-57.445091,8.030619,73.506328,138.982038,204.457747,,,,,,,,,,34.885000,33.258333,31.384583,28.804167,34.885000,37.945805,31.824195,36.415402,33.354598
2026-06-05,36.350000,2026-05-15,2026-03-31,3.450000,5.060000,7.183794,14.528251,12.939106,-57.430803,8.041075,73.512952,138.984830,204.456708,,,,,,,,,,34.970000,33.367500,31.446250,28.836875,34.970000,38.097030,31.842970,36.533515,33.406485
2026-06-08,34.550000,2026-05-15,2026-03-31,3.450000,5.060000,6.828063,14.526293,12.940264,-57.452426,8.025308,73.503041,138.980775,204.458509,,,,,,,,,,34.980000,33.445833,31.491667,28.862500,34.980000,38.099953,31.860047,36.539976,33.420024
2026-06-09,35.050000,2026-05-15,2026-03-31,3.450000,5.060000,6.926877,14.524652,12.941223,-57.470434,8.012152,73.494738,138.977325,204.459911,,,,,,,,,,35.047500,33.545000,31.539167,28.890000,35.047500,38.108713,31.986287,36.578107,33.516893
2026-06-10,34.600000,2026-05-15,2026-03-31,3.450000,5.060000,6.837945,14.522674,12.942389,-57.492240,7.996246,73.484732,138.973218,204.461705,,,,,,,,,,35.072500,33.638333,31.584583,28.917292,35.072500,38.109201,32.035799,36.590850,33.554150
2026-06-11,34.600000,2026-05-15,2026-03-31,3.450000,5.060000,6.837945,14.521304,12.943200,-57.507391,7.985203,73.477797,138.970391,204.462985,,,,,,,,,,35.135000,33.723333,31.632500,28.945208,35.135000,38.072256,32.197744,36.603628,33.666372
2026-06-12,36.500000,2026-05-15,2026-03-31,3.450000,5.060000,7.213439,14.521950,12.942831,-57.500381,7.990342,73.481065,138.971788,204.462511,,,,,,,,,,35.295000,33.825833,31.691667,28.981458,35.295000,38.159097,32.430903,36.727049,33.862951
2026-06-15,39.150000,2026-05-15,2026-03-31,3.450000,5.060000,7.737154,14.526454,12.940354,-57.452519,8.025670,73.503859,138.982047,204.460236,,,,,,,,,,35.570000,33.967500,31.770833,29.030417,35.570000,38.801653,32.338347,37.185826,33.954174
2026-06-16,39.950000,2026-05-15,2026-03-31,3.450000,5.060000,7.895257,14.533692,12.936366,-57.375538,8.082472,73.540483,138.998493,204.456504,,,,,,,,,,35.905000,34.136667,31.862500,29.084167,35.905000,39.493417,32.316583,37.699209,34.110791
2026-06-17,38.900000,2026-05-15,2026-03-31,3.450000,5.060000,7.687747,14.539302,12.933223,-57.315350,8.126759,73.568869,139.010978,204.453088,,,,,,,,,,36.200000,34.288333,31.945833,29.134792,36.200000,39.752760,32.647240,37.976380,34.423620
2026-06-18,39.800000,2026-05-15,2026-03-31,3.450000,5.060000,7.865613,14.547709,12.928514,-57.225160,8.193124,73.611407,139.029691,204.447974,,,,,,,,,,36.522500,34.467500,32.042083,29.186458,36.522500,40.156039,32.888961,38.339269,34.705731
2026-06-22,39.250000,2026-05-15,2026-03-31,3.450000,5.060000,7.756917,14.554805,12.924517,-57.148801,8.249257,73.647315,139.045374,204.443432,,,,,,,,,,36.807500,34.641667,32.132083,29.236667,36.807500,40.352441,33.262559,38.579970,35.035030
2026-06-23,39.700000,2026-05-15,2026-03-31,3.450000,5.060000,7.845850,14.563351,12.919699,-57.056795,8.316880,73.690556,139.064231,204.437906,,,,,,,,,,37.045000,34.812500,32.228750,29.286875,37.045000,40.700695,33.389305,38.872847,35.217153
2026-06-24,39.700000,2026-05-15,2026-03-31,3.450000,5.060000,7.845850,14.571391,12.915177,-56.970357,8.380440,73.731237,139.082034,204.432831,,,,,,,,,,37.272500,34.982500,32.323333,29.336458,37.272500,40.997307,33.547693,39.134903,35.410097
2026-06-25,40.150000,2026-05-15,2026-03-31,3.450000,5.060000,7.934783,14.580071,12.910323,-56.877309,8.448924,73.775157,139.101390,204.427624,,,,,,,,,,37.467500,35.160833,32.421250,29.390208,37.467500,41.370977,33.564023,39.419238,35.515762
2026-06-26,40.350000,2026-05-15,2026-03-31,3.450000,5.060000,7.974308,14.588473,12.905653,-56.787535,8.515069,73.817673,139.120277,204.422881,,,,,,,,,,37.647500,35.343333,32.518333,29.440417,37.647500,41.739144,33.555856,39.693322,35.601678
2026-06-29,39.450000,2026-05-15,2026-03-31,3.450000,5.060000,7.796443,14.596202,12.901268,-56.704047,8.576368,73.856783,139.137199,204.417614,,,,,,,,,,37.782500,35.518333,32.611250,29.482292,37.782500,41.927284,33.637716,39.854892,35.710108
2026-06-30,40.700000,2026-05-15,2026-03-31,3.450000,5.060000,8.043478,14.604574,12.896648,-56.614927,8.642109,73.899146,139.156182,204.413219,,,,,,,,,,37.980000,35.693333,32.708750,29.529792,37.980000,42.290745,33.669255,40.135373,35.824627
2026-07-01,40.700000,2026-05-15,2026-03-31,3.450000,5.060000,8.043478,14.612744,12.892140,-56.527970,8.706258,73.940485,139.174712,204.408939,,,,,,,,,,38.185000,35.878333,32.805417,29.580000,38.185000,42.607919,33.762081,40.396459,35.973541
2026-07-02,41.000000,2026-05-15,2026-03-31,3.450000,5.060000,8.102767,14.621610,12.887252,-56.433645,8.775851,73.985347,139.194844,204.404340,,,,,,,,,,38.372500,36.054167,32.905417,29.633333,38.372500,42.943976,33.801024,40.658238,36.086762
2026-07-03,41.200000,2026-05-15,2026-03-31,3.450000,5.060000,8.142292,14.630603,12.882309,-56.338113,8.846370,74.030853,139.215336,204.399819,,,,,,,,,,38.582500,36.225000,33.006250,29.688750,38.582500,43.272834,33.892166,40.927667,36.237333
2026-07-06,42.600000,2026-05-15,2026-03-31,3.450000,5.060000,8.418972,14.642003,12.876149,-56.218090,8.935224,74.088537,139.241850,204.395164,,,,,,,,,,38.895000,36.418333,33.119167,29.750833,38.895000,43.787518,34.002482,41.341259,36.448741
2026-07-07,42.600000,2026-05-15,2026-03-31,3.450000,5.060000,8.418972,14.652999,12.870216,-56.102411,9.020882,74.144174,139.267467,204.390759,,,,,,,,,,39.297500,36.578333,33.230417,29.813542,39.297500,44.006000,34.589000,41.651750,36.943250
2026-07-08,41.300000,2026-05-15,2026-03-31,3.450000,5.060000,8.162055,14.663471,12.864369,-55.990244,9.103461,74.197166,139.290871,204.384576,,,,,,,,,,39.610000,36.661667,33.337500,29.871042,39.610000,43.946455,35.273545,41.778228,37.441772
2026-07-09,42.600000,2026-05-15,2026-03-31,3.450000,5.060000,8.418972,14.674669,12.858291,-55.872082,9.190872,74.253826,139.316780,204.379734,,,,,,,,,,40.010000,36.743333,33.449583,29.931875,40.010000,43.847845,36.172155,41.928922,38.091078
2026-07-13,45.650000,2026-05-15,2026-03-31,3.450000,5.060000,9.021739,14.690991,12.849789,-55.703445,9.316485,74.336415,139.356345,204.376275,,,,,,,,,,40.562500,36.850833,33.587500,30.006042,40.562500,44.301325,36.823675,42.431913,38.693087
2026-07-14,41.750000,2026-05-15,2026-03-31,3.450000,5.060000,8.250988,14.700890,12.844319,-55.598007,9.394249,74.386504,139.378760,204.371015,,,,,,,,,,40.825000,36.885000,33.692917,30.064167,40.825000,44.067075,37.582925,42.446038,39.203962
2026-07-15,45.050000,2026-05-15,2026-03-31,3.450000,5.060000,8.903162,14.715819,12.836463,-55.442957,9.509545,74.462046,139.414548,204.367049,,,,,,,,,,41.120000,37.024167,33.824167,30.134167,41.120000,44.768561,37.471439,42.944281,39.295719
2026-07-16,49.550000,2026-05-15,2026-03-31,3.450000,5.060000,9.792490,14.732294,12.828799,-55.282035,9.631687,74.545408,139.459129,204.372851,,,,,,,,,,41.600000,37.246667,33.968750,30.223125,41.600000,46.797570,36.402430,44.198785,39.001215
2026-07-17,48.100000,2026-05-15,2026-03-31,3.450000,5.060000,9.505929,14.746886,12.821789,-55.137264,9.740991,74.619245,139.497499,204.375753,,,,,,,,,,42.060000,37.444167,34.103333,30.306875,42.060000,47.846518,36.273482,44.953259,39.166741
2026-07-20,50.400000,2026-05-15,2026-03-31,3.450000,5.060000,9.960474,14.767795,12.811835,-54.930724,9.897159,74.725042,139.552925,204.380808,,,,,,,,,,42.590000,37.703333,34.267500,30.402500,42.590000,49.362670,35.817330,45.976335,39.203665
2026-07-21,50.500000,2026-05-15,2026-03-31,3.450000,5.060000,9.980237,14.789879,12.801186,-54.711210,10.062789,74.836789,139.610789,204.384789,,,,,,,,,,43.152500,37.975833,34.436667,30.497083,43.152500,50.592964,35.712036,46.872732,39.432268
2026-07-22,49.050000,2026-05-15,2026-03-31,3.450000,5.060000,9.693676,14.808160,12.792251,-54.528293,10.200498,74.929289,139.658081,204.386872,,,,,,,,,,43.620000,38.228333,34.587917,30.586458,43.620000,51.317600,35.922400,47.468800,39.771200
2026-07-23,48.700000,2026-05-15,2026-03-31,3.450000,5.060000,9.624506,14.827179,12.782751,-54.335915,10.344805,75.025525,139.706245,204.386966,,,,,,,,,,44.070000,38.457500,34.741667,30.674375,44.070000,51.854492,36.285508,47.962246,40.177754
2026-07-24,46.150000,2026-05-15,2026-03-31,3.450000,5.060000,9.120553,14.843313,12.774243,-54.168171,10.469496,75.107164,139.744831,204.382498,,,,,,,,,,44.370000,38.653333,34.879583,30.751667,44.370000,51.978887,36.761113,48.174443,40.565557
2026-07-27,46.750000,2026-05-15,2026-03-31,3.450000,5.060000,9.239130,14.861548,12.764584,-53.978158,10.610636,75.199431,139.788226,204.377020,,,,,,,,,,44.690000,38.856667,35.027083,30.832500,44.690000,52.123325,37.256675,48.406662,40.973338
2026-07-28,43.150000,2026-05-15,2026-03-31,3.450000,5.060000,8.527668,14.872842,12.758321,-53.857629,10.699476,75.256581,139.813686,204.370792,,,,,,,,,,44.875000,39.008333,35.140417,30.898542,44.875000,51.933962,37.816038,48.404481,41.345519
2026-07-29,41.650000,2026-05-15,2026-03-31,3.450000,5.060000,8.231225,14.880655,12.753927,-53.773630,10.761242,75.296114,139.830986,204.365858,,,,,,,,,,44.922500,39.121667,35.237083,30.960000,44.922500,51.875158,37.969842,48.398829,41.446171
2026-07-30,40.550000,2026-05-15,2026-03-31,3.450000,5.060000,8.013834,14.886960,12.750314,-53.705159,10.811428,75.328015,139.844602,204.361189,,,,,,,,,,44.915000,39.232500,35.325833,31.017292,44.915000,51.887132,37.942868,48.401066,41.428934
2026-07-31,44.550000,2026-05-15,2026-03-31,3.450000,5.060000,8.804348,14.900661,12.742822,-53.560015,10.918664,75.397344,139.876023,204.354702,,,,,,,,,,45.092500,39.410000,35.451250,31.091458,45.092500,51.821485,38.363515,48.456992,41.728008
2026-08-03,45.050000,2026-05-15,2026-03-31,3.450000,5.060000,8.903162,14.914579,12.735287,-53.413333,11.027218,75.467768,139.908319,204.348870,,,,,,,,,,45.285000,39.584167,35.578333,31.167292,45.285000,51.760630,38.809370,48.522815,42.047185
2026-08-04,42.550000,2026-05-15,2026-03-31,3.450000,5.060000,8.409091,14.925290,12.729218,-53.297724,11.112120,75.521965,139.931810,204.341655,,,,,,,,,,45.282500,39.715833,35.688333,31.232292,45.282500,51.762532,38.802468,48.522516,42.042484
2026-08-05,42.750000,2026-05-15,2026-03-31,3.450000,5.060000,8.448617,14.937240,12.722401,-53.168259,11.207088,75.582435,139.957781,204.333128,,,,,,,,,,45.290000,39.855833,35.803750,31.298333,45.290000,51.757294,38.822706,48.523647,42.056353
2026-08-06,45.950000,2026-05-15,2026-03-31,3.450000,5.060000,9.081028,14.956281,12.711819,-52.964829,11.356976,75.678782,140.000587,204.322392,,,,,,,,,,45.522500,40.060000,35.953333,31.377708,45.522500,51.714301,39.330699,48.618400,42.426600
2026-08-07,47.100000,2026-05-15,2026-03-31,3.450000,5.060000,9.308300,14.976103,12.701048,-52.755518,11.511782,75.779083,140.046384,204.313685,,,,,,,,,,45.747500,40.276667,36.107917,31.461875,45.747500,51.818005,39.676995,48.782752,42.712248
2026-08-10,47.600000,2026-05-15,2026-03-31,3.450000,5.060000,9.407115,14.996345,12.690125,-52.542562,11.669471,75.881504,140.093537,204.305571,,,,,,,,,,45.845000,40.514167,36.265000,31.547708,45.845000,51.971294,39.718706,48.908147,42.781853
2026-08-11,46.750000,2026-05-15,2026-03-31,3.450000,5.060000,9.239130,15.015793,12.679405,-52.335665,11.822124,75.979912,140.137701,204.295490,,,,,,,,,,46.095000,40.738333,36.417500,31.629167,46.095000,51.918265,40.271735,49.006633,43.183367
2026-08-12,46.350000,2026-05-15,2026-03-31,3.450000,5.060000,9.160079,15.035796,12.668159,-52.120641,11.980244,76.081128,140.182013,204.282897,,,,,,,,,,46.160000,40.950000,36.571667,31.707708,46.160000,51.963139,40.356861,49.061569,43.258431
2026-08-13,45.800000,2026-05-15,2026-03-31,3.450000,5.060000,9.051383,15.052264,12.659005,-51.944675,12.109890,76.164455,140.219020,204.273585,,,,,,,,,,45.972500,41.159167,36.710417,31.783125,45.972500,51.552490,40.392510,48.762495,43.182505
2026-08-14,44.400000,2026-08-14,2026-06-30,0.540000,5.690000,7.803163,15.056307,12.656591,-58.361618,13.654385,85.670388,157.686391,229.702394,,,,,,,,,,45.787500,41.349167,36.829167,31.850208,45.787500,51.315598,40.259402,48.551549,43.023451
2026-08-17,44.450000,2026-08-14,2026-06-30,0.540000,5.690000,7.811951,15.061739,12.653314,-58.293416,13.703938,85.701292,157.698646,229.696000,,,,,,,,,,45.490000,41.534167,36.953750,31.918125,45.490000,50.597332,40.382668,48.043666,42.936334
2026-08-18,44.500000,2026-08-14,2026-06-30,0.540000,5.690000,7.820738,15.066434,12.650497,-58.234650,13.746680,85.728010,157.709339,229.690669,,,,,,,,,,45.190000,41.716667,37.075417,31.988958,45.190000,49.731806,40.648194,47.460903,42.919097
2026-08-19,44.100000,2026-08-14,2026-06-30,0.540000,5.690000,7.750439,15.068622,12.649198,-58.207414,13.766523,85.740460,157.714397,229.688334,,,,,,,,,,44.942500,41.869167,37.185833,32.057292,44.942500,49.123821,40.761179,47.033161,42.851839
2026-08-20,44.150000,2026-08-14,2026-06-30,0.540000,5.690000,7.759227,15.070378,12.648160,-58.185612,13.782419,85.750450,157.718481,229.686512,,,,,,,,,,44.715000,42.019167,37.294583,32.126250,44.715000,48.513074,40.916926,46.614037,42.815963
2026-08-21,44.400000,2026-08-14,2026-06-30,0.540000,5.690000,7.803163,15.069971,12.648395,-58.190596,13.778770,85.748137,157.717504,229.686870,,,,,,,,,,44.627500,42.155000,37.395000,32.205625,44.627500,48.366551,40.888449,46.497025,42.757975
2026-08-24,42.800000,2026-08-14,2026-06-30,0.540000,5.690000,7.521968,15.067727,12.649721,-58.218456,13.758456,85.735368,157.712280,229.689192,,,,,,,,,,44.430000,42.255833,37.484167,32.280208,44.430000,48.113877,40.746123,46.271938,42.588062
2026-08-25,41.950000,2026-08-14,2026-06-30,0.540000,5.690000,7.372583,15.065553,12.651032,-58.245746,13.738625,85.722996,157.707368,229.691739,,,,,,,,,,44.370000,42.342500,37.571667,32.352292,44.370000,48.178633,40.561367,46.274316,42.465684
2026-08-26,42.700000,2026-08-14,2026-06-30,0.540000,5.690000,7.504394,15.067815,12.649644,-58.217085,13.759390,85.735865,157.712339,229.688814,,,,,,,,,,44.422500,42.441667,37.679167,32.429583,44.422500,48.099953,40.745047,46.261226,42.583774
2026-08-27,43.500000,2026-08-14,2026-06-30,0.540000,5.690000,7.644991,15.069427,12.648677,-58.196905,13.774068,85.745041,157.716014,229.686987,,,,,,,,,,44.570000,42.556667,37.785833,32.511458,44.570000,47.803281,41.336719,46.186640,42.953360
2026-08-28,43.900000,2026-08-14,2026-06-30,0.540000,5.690000,7.715290,15.072030,12.647118,-58.164351,13.797751,85.759853,157.721955,229.684058,,,,,,,,,,44.537500,42.667500,37.897500,32.596875,44.537500,47.784665,41.290335,46.161082,42.913918
2026-08-31,42.800000,2026-08-14,2026-06-30,0.540000,5.690000,7.521968,15.075753,12.644810,-58.116903,13.832066,85.781035,157.730004,229.678974,,,,,,,,,,44.425000,42.764167,38.011250,32.676458,44.425000,47.752319,41.097681,46.088660,42.761340
2026-09-01,43.950000,2026-08-14,2026-06-30,0.540000,5.690000,7.724077,15.079845,12.642330,-58.065393,13.869464,85.804320,157.739177,229.674033,,,,,,,,,,44.495000,42.890833,38.129167,32.761458,44.495000,47.713352,41.276648,46.104176,42.885824
2026-09-02,42.950000,2026-08-14,2026-06-30,0.540000,5.690000,7.548330,15.082372,12.640781,-58.033392,13.892652,85.818696,157.744741,229.670785,,,,,,,,,,44.505000,43.030833,38.238333,32.834167,44.505000,47.701692,41.308308,46.103346,42.906654
2026-09-03,43.200000,2026-08-14,2026-06-30,0.540000,5.690000,7.592267,15.086782,12.638052,-57.977245,13.933271,85.843787,157.754304,229.664820,,,,,,,,,,44.367500,43.166667,38.355833,32.909167,44.367500,47.538964,41.196036,45.953232,42.781768
2026-09-04,42.950000,2026-08-14,2026-06-30,0.540000,5.690000,7.548330,15.091027,12.635411,-57.923031,13.972458,85.867946,157.763434,229.658922,,,,,,,,,,44.160000,43.305833,38.472083,32.981042,44.160000,47.114319,41.205681,45.637159,42.682841
2026-09-07,43.400000,2026-08-14,2026-06-30,0.540000,5.690000,7.627417,15.094921,12.633018,-57.873649,14.008226,85.890100,157.771974,229.653849,,,,,,,,,,43.950000,43.452500,38.587917,33.053542,43.950000,46.434478,41.465522,45.192239,42.707761
2026-09-08,43.350000,2026-08-14,2026-06-30,0.540000,5.690000,7.618629,15.097022,12.631743,-57.847181,14.027437,85.902055,157.776673,229.651291,,,,,,,,,,43.780000,43.566667,38.696250,33.127708,43.780000,45.895706,41.664294,44.837853,42.722147
2026-09-09,44.000000,2026-08-14,2026-06-30,0.540000,5.690000,7.732865,15.099468,12.630276,-57.816567,14.049703,85.915974,157.782244,229.648515,,,,,,,,,,43.662500,43.647500,38.807500,33.206250,43.662500,45.405418,41.919582,44.533959,42.791041
2026-09-10,44.350000,2026-08-14,2026-06-30,0.540000,5.690000,7.794376,15.104146,12.627442,-57.757693,14.092449,85.942592,157.792734,229.642877,,,,,,,,,,43.590000,43.720833,38.928750,33.283958,43.590000,45.057400,42.122600,44.323700,42.856300
2026-09-11,43.450000,2026-08-14,2026-06-30,0.540000,5.690000,7.636204,15.107506,12.625383,-57.715149,14.123280,85.961710,157.800140,229.638569,,,,,,,,,,43.542500,43.796667,39.042500,33.359792,43.542500,44.960161,42.124839,44.251331,42.833669
2026-09-14,43.700000,2026-08-14,2026-06-30,0.540000,5.690000,7.680141,15.112749,12.622139,-57.648404,14.171570,85.991543,157.811517,229.631490,,,,,,,,,,43.505000,43.861667,39.164583,33.437083,43.505000,44.859874,42.150126,44.182437,42.827563
2026-09-15,42.500000,2026-08-14,2026-06-30,0.540000,5.690000,7.469244,15.116741,12.619625,-57.597078,14.208588,86.014254,157.819919,229.625585,,,,,,,,,,43.405000,43.915833,39.278750,33.508125,43.405000,44.745817,42.064183,44.075408,42.734592
2026-09-16,43.050000,2026-08-14,2026-06-30,0.540000,5.690000,7.565905,15.120223,12.617465,-57.552687,14.240690,86.034066,157.827443,229.620820,,,,,,,,,,43.352500,43.971667,39.392083,33.581667,43.352500,44.660562,42.044438,44.006531,42.698469
2026-09-17,43.750000,2026-08-14,2026-06-30,0.540000,5.690000,7.688928,15.124629,12.614754,-57.496765,14.281186,86.059137,157.837088,229.615039,,,,,,,,,,43.332500,44.039167,39.510833,33.660000,43.332500,44.600850,42.064150,43.966675,42.698325
2026-09-18,45.800000,2026-08-14,2026-06-30,0.540000,5.690000,8.049209,15.132138,12.610233,-57.402587,14.349640,86.101867,157.854093,229.606320,,,,,,,,,,43.402500,44.133333,39.647083,33.745833,43.402500,45.024219,41.780781,44.213360,42.591640
2026-09-21,46.900000,2026-08-14,2026-06-30,0.540000,5.690000,8.242531,15.141360,12.604740,-57.287602,14.433368,86.154338,157.875308,229.596278,,,,,,,,,,43.607500,44.242500,39.792917,33.836875,43.607500,45.832779,41.382221,44.720140,42.494860
2026-09-22,48.150000,2026-08-14,2026-06-30,0.540000,5.690000,8.462214,14.952470,12.532774,-57.543415,13.768070,85.079554,156.391038,227.702522,,,,,,,,,,43.917500,44.387500,39.952917,33.933125,43.917500,46.800714,41.034286,45.359107,42.475893
2026-09-23,48.400000,2026-08-14,2026-06-30,0.540000,5.690000,8.506151,14.752745,12.441857,-57.645208,13.148956,83.943120,154.737284,225.531447,,,,,,,,,,44.202500,44.515833,40.104583,34.029375,44.202500,47.650531,40.754469,45.926516,42.478484
2026-09-24,47.950000,2026-08-14,2026-06-30,0.540000,5.690000,8.427065,14.557738,12.355063,-57.767095,12.533216,82.833528,153.133839,223.434150,,,,,,,,,,44.425000,44.636667,40.257500,34.124167,44.425000,48.237238,40.612762,46.331119,42.518881
2026-09-29,48.350000,2026-08-14,2026-06-30,0.540000,5.690000,8.497364,14.355700,12.253015,-57.755378,11.964276,81.683931,151.403585,221.123240,,,,,,,,,,44.647500,44.759167,40.406667,34.219792,44.647500,48.831992,40.463008,46.739746,42.555254
2026-09-30,50.000000,2026-08-14,2026-06-30,0.540000,5.690000,8.787346,14.151598,12.138598,-57.614659,11.453966,80.522591,149.591216,218.659842,,,,,,,,,,45.007500,44.905833,40.565417,34.323958,45.007500,49.727366,40.287634,47.367433,42.647567
2026-10-01,49.100000,2026-08-14,2026-06-30,0.540000,5.690000,8.629174,13.945730,12.019450,-57.430144,10.960529,79.351202,147.741875,216.132548,,,,,,,,,,45.265000,45.014167,40.716250,34.426042,45.265000,50.293770,40.236230,47.779385,42.750615
2026-10-02,49.550000,2026-08-14,2026-06-30,0.540000,5.690000,8.708260,13.722600,11.863779,-56.928211,10.576690,78.081592,145.586494,213.091396,,,,,,,,,,45.595000,45.130000,40.854167,34.530625,45.595000,50.845454,40.344546,48.220227,42.969773
2026-10-05,51.800000,2026-08-14,2026-06-30,0.540000,5.690000,9.103691,13.473195,11.639707,-55.797391,10.432544,76.662479,142.892414,209.122349,,,,,,,,,,46.025000,45.305000,40.983333,34.646042,46.025000,51.829037,40.220963,48.927018,43.122982
2026-10-06,49.950000,2026-08-14,2026-06-30,0.540000,5.690000,8.778559,13.208536,11.377260,-54.316644,10.419963,75.156570,139.893177,204.629784,,,,,,,,,,46.375000,45.427500,41.085417,34.755417,46.375000,52.242170,40.507830,49.308585,43.441415
