# chart-version: skill-stock-dynamic-valuation-box@1.10.0; font: noto-sans-cjk-tc-v1; Updated: 2026-10-04 06:57 CST (1.10.0)
date,close,available_date,period_end,eps,ttm_eps,pe,pe_mean,pe_std,price_m2,price_m1,price_mean,price_p1,price_p2,forward_eps,forward_pe,forward_pe_mean,forward_pe_std,forward_price_m2,forward_price_m1,forward_price_mean,forward_price_p1,forward_price_p2,sma20,sma60,sma120,sma240,bband_mid,bband_upper2,bband_lower2,bband_upper1,bband_lower1
2023-10-02,13.950000,2023-08-14,2023-06-30,-0.070000,-0.270000,-51.666667,-32.011849,17.787299,18.248341,13.445770,8.643199,3.840628,-0.961943,,,,,,,,,,10.422500,10.099167,11.137917,8.831667,10.422500,22.779278,-1.934278,16.600889,4.244111
2023-10-03,0.000000,2023-08-14,2023-06-30,-0.070000,-0.270000,-0.000000,-32.011849,17.787299,18.248341,13.445770,8.643199,3.840628,-0.961943,,,,,,,,,,9.722500,9.860833,11.137917,8.771250,9.722500,22.791607,-3.346607,16.257053,3.187947
2023-10-04,0.000000,2023-08-14,2023-06-30,-0.070000,-0.270000,-0.000000,-31.823324,18.006189,18.315639,13.453968,8.592297,3.730627,-1.131044,,,,,,,,,,9.067500,9.622500,11.022917,8.711250,9.067500,22.723780,-4.588780,15.895640,2.239360
2023-10-05,0.000000,2023-08-14,2023-06-30,-0.070000,-0.270000,-0.000000,-31.621138,18.226669,18.380109,13.458908,8.537707,3.616507,-1.304694,,,,,,,,,,8.382500,9.382500,10.899583,8.650833,8.382500,22.429199,-5.664199,15.405850,1.359150
2023-10-06,13.900000,2023-08-14,2023-06-30,-0.070000,-0.270000,-51.481481,-32.050151,18.081426,18.417511,13.535526,8.653541,3.771556,-1.110429,,,,,,,,,,9.077500,9.375000,11.015417,8.648750,9.077500,22.748348,-4.593348,15.912924,2.242076
2023-10-11,0.000000,2023-08-14,2023-06-30,-0.070000,-0.270000,-0.000000,-31.850697,18.302360,18.482963,13.541325,8.599688,3.658051,-1.283586,,,,,,,,,,9.077500,9.136667,10.893750,8.589792,9.077500,22.748348,-4.593348,15.912924,2.242076
2023-10-12,13.400000,2023-08-14,2023-06-30,-0.070000,-0.270000,-49.629630,-32.073020,18.355303,18.571579,13.615647,8.659716,3.703784,-1.252148,,,,,,,,,,9.747500,9.121667,10.888750,8.645625,9.747500,22.846655,-3.351655,16.297078,3.197922
2023-10-13,13.000000,2023-08-14,2023-06-30,-0.070000,-0.270000,-48.148148,-32.284364,18.393449,18.649241,13.683010,8.716778,3.750547,-1.215684,,,,,,,,,,9.697500,9.100833,10.881250,8.699792,9.697500,22.735803,-3.340803,16.216651,3.178349
2023-10-16,13.500000,2023-08-14,2023-06-30,-0.070000,-0.270000,-50.000000,-32.522752,18.436439,18.736820,13.758982,8.781143,3.803305,-1.174534,,,,,,,,,,9.675000,9.088333,10.885000,8.696458,9.675000,22.683924,-3.333924,16.179462,3.170538
2023-10-17,0.000000,2023-08-14,2023-06-30,-0.070000,-0.270000,-0.000000,-32.522752,18.436439,18.736820,13.758982,8.781143,3.803305,-1.174534,,,,,,,,,,8.980000,8.850833,10.885000,8.637292,8.980000,22.513172,-4.553172,15.746586,2.213414
2023-10-18,13.000000,2023-08-14,2023-06-30,-0.070000,-0.270000,-48.148148,-32.923987,18.245634,18.742119,13.815798,8.889476,3.963155,-0.963166,,,,,,,,,,8.920000,8.830833,10.993333,8.633958,8.920000,22.366087,-4.526087,15.643044,2.196956
2023-10-19,0.000000,2023-08-14,2023-06-30,-0.070000,-0.270000,-0.000000,-32.746391,18.462050,18.811033,13.826279,8.841526,3.856772,-1.127982,,,,,,,,,,8.210000,8.592500,10.885000,8.633958,8.210000,21.977949,-5.557949,15.093975,1.326025
2023-10-20,0.000000,2023-08-14,2023-06-30,-0.070000,-0.270000,-0.000000,-32.568796,18.674256,18.877673,13.835624,8.793575,3.751526,-1.290524,,,,,,,,,,7.535000,8.354167,10.776667,8.575625,7.535000,21.532748,-6.462748,14.533874,0.536126
2023-10-23,13.000000,2023-08-14,2023-06-30,-0.070000,-0.270000,-48.148148,-32.970030,18.484898,18.883753,13.892831,8.901908,3.910986,-1.079937,,,,,,,,,,7.485000,8.570833,10.885000,8.629792,7.485000,21.392366,-6.422366,14.438683,0.531317
2023-10-24,13.400000,2023-08-14,2023-06-30,-0.070000,-0.270000,-49.629630,-33.206015,18.515545,18.964018,13.964821,8.965624,3.966427,-1.032770,,,,,,,,,,7.455000,8.557500,10.888333,8.685625,7.455000,21.305666,-6.395666,14.380333,0.529667
2023-10-25,14.000000,2023-08-14,2023-06-30,-0.070000,-0.270000,-51.851852,-33.468715,18.554884,19.056190,14.046372,9.036553,4.026734,-0.983084,,,,,,,,,,7.455000,8.554167,10.901667,8.685208,7.455000,21.305666,-6.395666,14.380333,0.529667
2023-10-26,14.000000,2023-08-14,2023-06-30,-0.070000,-0.270000,-51.851852,-33.716387,18.600578,19.147737,14.125581,9.103425,4.081268,-0.940888,,,,,,,,,,7.455000,8.787500,10.905833,8.743542,7.455000,21.305666,-6.395666,14.380333,0.529667
2023-10-27,0.000000,2023-08-14,2023-06-30,-0.070000,-0.270000,-0.000000,-33.526496,18.828017,19.219283,14.135719,9.052154,3.968589,-1.114975,,,,,,,,,,7.455000,8.537500,10.790000,8.685208,7.455000,21.305666,-6.395666,14.380333,0.529667
2023-10-30,13.300000,2023-08-14,2023-06-30,-0.070000,-0.270000,-49.259259,-33.740952,18.859671,19.294279,14.202168,9.110057,4.017946,-1.074165,,,,,,,,,,7.422500,8.517500,10.781250,8.681875,7.422500,21.211911,-6.366911,14.317206,0.527794
2023-10-31,0.000000,2023-08-14,2023-06-30,-0.070000,-0.270000,-0.000000,-33.541499,19.089415,19.364489,14.210347,9.056205,3.902063,-1.252080,,,,,,,,,,7.422500,8.275833,10.659583,8.681875,7.422500,21.211911,-6.366911,14.317206,0.527794
2023-11-01,0.000000,2023-08-14,2023-06-30,-0.070000,-0.270000,-0.000000,-33.350242,19.310111,19.432025,14.218295,9.004565,3.790835,-1.422895,,,,,,,,,,6.725000,8.275833,10.542917,8.681875,6.725000,20.535427,-7.085427,13.630214,-0.180214
2023-11-02,0.000000,2023-08-14,2023-06-30,-0.070000,-0.270000,-0.000000,-33.161717,19.524960,19.497142,14.225403,8.953664,3.681924,-1.589815,,,,,,,,,,6.725000,8.034167,10.427917,8.681875,6.725000,20.535427,-7.085427,13.630214,-0.180214
2023-11-03,0.000000,2023-08-14,2023-06-30,-0.070000,-0.270000,-0.000000,-32.972509,19.736015,19.560026,14.231302,8.902578,3.573853,-1.754871,,,,,,,,,,6.725000,7.792500,10.312500,8.681875,6.725000,20.535427,-7.085427,13.630214,-0.180214
2023-11-06,0.000000,2023-08-14,2023-06-30,-0.070000,-0.270000,-0.000000,-32.787400,19.940886,19.620677,14.236637,8.852598,3.468559,-1.915481,,,,,,,,,,6.725000,7.792500,10.199583,8.623125,6.725000,20.535427,-7.085427,13.630214,-0.180214
2023-11-07,0.000000,2023-08-14,2023-06-30,-0.070000,-0.270000,-0.000000,-32.455292,20.152964,19.645529,14.204229,8.762929,3.321629,-2.119671,,,,,,,,,,6.030000,7.551667,10.086667,8.564792,6.030000,19.718581,-7.658581,12.874291,-0.814291
2023-11-08,13.000000,2023-08-14,2023-06-30,-0.070000,-0.270000,-48.148148,-32.529321,20.194460,19.687925,14.235421,8.782917,3.330412,-2.122092,,,,,,,,,,6.680000,7.530833,10.083750,8.618958,6.680000,20.397542,-7.037542,13.538771,-0.178771
2023-11-09,13.150000,2023-08-14,2023-06-30,-0.070000,-0.270000,-48.703704,-32.615332,20.241524,19.736563,14.271351,8.806140,3.340928,-2.124283,,,,,,,,,,6.667500,7.750000,10.084583,8.673750,6.667500,20.359690,-7.024690,13.513595,-0.178595
2023-11-10,0.000000,2023-08-14,2023-06-30,-0.070000,-0.270000,-0.000000,-32.288126,20.449424,19.760483,14.239139,8.717794,3.196450,-2.324895,,,,,,,,,,6.017500,7.512500,9.973333,8.615833,6.017500,19.678173,-7.643173,12.847836,-0.812836
2023-11-13,13.500000,2023-08-14,2023-06-30,-0.070000,-0.270000,-50.000000,-32.370234,20.500960,19.810481,14.275222,8.739963,3.204704,-2.330555,,,,,,,,,,6.017500,7.737500,9.972083,8.672083,6.017500,19.678173,-7.643173,12.847836,-0.812836
2023-11-14,0.000000,2023-11-14,2023-09-30,0.110000,-0.110000,-0.000000,-32.038126,20.700554,8.078316,5.801255,3.524194,1.247133,-1.029928,,,,,,,,,,6.017500,7.504167,9.859167,8.615000,6.017500,19.678173,-7.643173,12.847836,-0.812836
2023-11-15,0.000000,2023-11-14,2023-09-30,0.110000,-0.110000,-0.000000,-31.701117,20.890921,8.083125,5.785124,3.487123,1.189122,-1.108880,,,,,,,,,,5.367500,7.504167,9.744583,8.556250,5.367500,18.865425,-8.130425,12.116462,-1.381462
2023-11-16,13.450000,2023-11-14,2023-09-30,0.110000,-0.110000,-122.272727,-32.383046,22.455608,8.502369,6.032252,3.562135,1.092018,-1.378099,,,,,,,,,,6.040000,7.728333,9.742083,8.553542,6.040000,19.750488,-7.670488,12.895244,-0.815244
2023-11-17,13.800000,2023-11-14,2023-09-30,0.110000,-0.110000,-125.454545,-33.093942,24.000638,8.920474,6.280404,3.640334,1.000263,-1.639807,,,,,,,,,,6.730000,7.958333,9.743333,8.611042,6.730000,20.549186,-7.089186,13.639593,-0.179593
2023-11-20,13.950000,2023-11-14,2023-09-30,0.110000,-0.110000,-126.818182,-33.823554,25.475300,9.325157,6.522874,3.720591,0.918308,-1.883975,,,,,,,,,,6.777500,8.190833,9.748333,8.610417,6.777500,20.693620,-7.138620,13.735560,-0.180560
2023-11-21,0.000000,2023-11-14,2023-09-30,0.110000,-0.110000,-0.000000,-33.504927,25.658112,9.330327,6.507934,3.685542,0.863150,-1.959243,,,,,,,,,,6.107500,7.954167,9.640000,8.610417,6.107500,19.971322,-7.756322,13.039411,-0.824411
2023-11-22,14.000000,2023-11-14,2023-09-30,0.110000,-0.110000,-127.272727,-34.240778,27.044914,9.716367,6.741426,3.766486,0.791545,-2.183395,,,,,,,,,,6.107500,7.963333,9.646250,8.668750,6.107500,19.971322,-7.756322,13.039411,-0.824411
2023-11-23,0.000000,2023-11-14,2023-09-30,0.110000,-0.110000,-0.000000,-33.916023,27.221046,9.719393,6.725078,3.730763,0.736447,-2.257868,,,,,,,,,,5.407500,7.963333,9.535833,8.668750,5.407500,19.004608,-8.189608,12.206054,-1.391054
2023-11-24,0.000000,2023-11-14,2023-09-30,0.110000,-0.110000,-0.000000,-33.591268,27.392164,9.721316,6.708178,3.695039,0.681901,-2.331237,,,,,,,,,,5.407500,7.963333,9.425417,8.611250,5.407500,19.004608,-8.189608,12.206054,-1.391054
2023-11-27,0.000000,2023-11-14,2023-09-30,0.110000,-0.110000,-0.000000,-33.591268,27.392164,9.721316,6.708178,3.695039,0.681901,-2.331237,,,,,,,,,,4.742500,7.750000,9.425417,8.553750,4.742500,18.011311,-8.526311,11.376905,-1.891905
2023-11-28,13.900000,2023-11-14,2023-09-30,0.110000,-0.110000,-126.363636,-34.318318,28.668211,10.082021,6.928518,3.775015,0.621512,-2.531991,,,,,,,,,,5.437500,7.756667,9.430417,8.611667,5.437500,19.110365,-8.235365,12.273932,-1.398932
2023-11-29,13.950000,2023-11-14,2023-09-30,0.110000,-0.110000,-126.818182,-35.049156,29.883694,10.429820,7.142613,3.855407,0.568201,-2.719006,,,,,,,,,,6.135000,7.760833,9.435833,8.669792,6.135000,20.060860,-7.790860,13.097930,-0.827930
2023-11-30,13.200000,2023-11-14,2023-09-30,0.110000,-0.110000,-120.000000,-35.726852,30.872408,10.721883,7.325919,3.929954,0.533989,-2.861976,,,,,,,,,,6.795000,7.747500,9.436250,8.668542,6.795000,20.747774,-7.157774,13.771387,-0.181387
2023-12-01,13.650000,2023-11-14,2023-09-30,0.110000,-0.110000,-124.090909,-36.438639,31.908255,11.028066,7.518158,4.008250,0.498342,-3.011566,,,,,,,,,,7.477500,7.756667,9.440417,8.669167,7.477500,21.366021,-6.411021,14.421761,0.533239
2023-12-04,0.000000,2023-11-14,2023-09-30,0.110000,-0.110000,-0.000000,-36.111433,32.079891,11.029834,7.501046,3.972258,0.443470,-3.085318,,,,,,,,,,7.477500,7.528333,9.329167,8.669167,7.477500,21.366021,-6.411021,14.421761,0.533239
2023-12-05,0.000000,2023-11-14,2023-09-30,0.110000,-0.110000,-0.000000,-35.791580,32.247964,11.031626,7.484350,3.937074,0.389798,-3.157478,,,,,,,,,,7.477500,7.528333,9.220417,8.612917,7.477500,21.366021,-6.411021,14.421761,0.533239
2023-12-06,13.700000,2023-11-14,2023-09-30,0.110000,-0.110000,-124.545455,-36.508380,33.249744,11.330866,7.673394,4.015922,0.358450,-3.299022,,,,,,,,,,7.512500,7.756667,9.225417,8.613750,7.512500,21.463009,-6.438009,14.487755,0.537245
2023-12-07,13.500000,2023-11-14,2023-09-30,0.110000,-0.110000,-122.727273,-37.211255,34.168492,11.610306,7.851772,4.093238,0.334704,-3.423830,,,,,,,,,,7.530000,7.981667,9.229167,8.613125,7.530000,21.511130,-6.451130,14.520565,0.539435
2023-12-08,0.000000,2023-11-14,2023-09-30,0.110000,-0.110000,-0.000000,-36.891402,34.336673,11.612122,7.835088,4.058054,0.281020,-3.496014,,,,,,,,,,7.530000,7.748333,9.120417,8.613125,7.530000,21.511130,-6.451130,14.520565,0.539435
2023-12-11,13.500000,2023-11-14,2023-09-30,0.110000,-0.110000,-122.727273,-37.594276,35.219376,11.883633,8.009502,4.135370,0.261239,-3.612892,,,,,,,,,,7.530000,7.740833,9.124167,8.669375,7.530000,21.511130,-6.451130,14.520565,0.539435
2023-12-12,13.500000,2023-11-14,2023-09-30,0.110000,-0.110000,-122.727273,-38.291023,36.066603,12.146665,8.179339,4.212013,0.244686,-3.722640,,,,,,,,,,8.205000,7.734167,9.125833,8.725625,8.205000,21.957087,-5.547087,15.081043,1.328957
2023-12-13,13.500000,2023-11-14,2023-09-30,0.110000,-0.110000,-122.727273,-38.992672,36.881086,12.403033,8.346113,4.289194,0.232274,-3.824645,,,,,,,,,,8.880000,7.722500,9.129167,8.724583,8.880000,22.256507,-4.496507,15.568254,2.191746
2023-12-14,13.600000,2023-11-14,2023-09-30,0.110000,-0.110000,-123.636364,-39.694543,37.681861,12.656409,8.511404,4.366400,0.221395,-3.923610,,,,,,,,,,8.887500,7.712500,9.130833,8.781250,8.887500,22.274960,-4.499960,15.581230,2.193770
2023-12-15,0.000000,2023-11-14,2023-09-30,0.110000,-0.110000,-0.000000,-39.371014,37.855667,12.659058,8.494935,4.330812,0.166688,-3.997435,,,,,,,,,,8.197500,7.487500,9.020833,8.781250,8.197500,21.936782,-5.541782,15.067141,1.327859
2023-12-18,0.000000,2023-11-14,2023-09-30,0.110000,-0.110000,-0.000000,-39.038906,38.025836,12.659964,8.477122,4.294280,0.111438,-4.071404,,,,,,,,,,7.500000,7.254167,8.907917,8.781250,7.500000,21.424798,-6.424798,14.462399,0.537601
2023-12-19,13.350000,2023-11-14,2023-09-30,0.110000,-0.110000,-121.363636,-39.718162,38.761398,12.896505,8.632752,4.368998,0.105244,-4.158510,,,,,,,,,,8.167500,7.243333,8.906250,8.836875,8.167500,21.856423,-5.521423,15.011961,1.323039
2023-12-20,13.500000,2023-11-14,2023-09-30,0.110000,-0.110000,-122.727273,-40.408781,39.495169,13.133903,8.789434,4.444966,0.100497,-4.243971,,,,,,,,,,8.142500,7.235000,8.905833,8.893125,8.142500,21.788331,-5.503331,14.965416,1.319584
2023-12-21,13.500000,2023-11-14,2023-09-30,0.110000,-0.110000,-122.727273,-41.101852,40.203506,13.365975,8.943589,4.521204,0.098818,-4.323568,,,,,,,,,,8.817500,7.226667,8.906250,8.949375,8.817500,22.098126,-4.463126,15.457813,2.177187
2023-12-22,13.550000,2023-11-14,2023-09-30,0.110000,-0.110000,-123.181818,-41.784004,40.895803,13.593317,9.094779,4.596240,0.097702,-4.400836,,,,,,,,,,9.495000,7.452500,8.902083,9.005833,9.495000,22.253894,-3.263894,15.874447,3.115553
2023-12-25,13.550000,2023-11-14,2023-09-30,0.110000,-0.110000,-123.181818,-42.457578,41.565416,13.814725,9.242529,4.670334,0.098138,-4.474058,,,,,,,,,,10.172500,7.445833,8.895000,9.062292,10.172500,22.228137,-1.883137,16.200319,4.144681
2023-12-26,0.000000,2023-11-14,2023-09-30,0.110000,-0.110000,-0.000000,-42.105863,41.745740,13.815708,9.223676,4.631645,0.039613,-4.552418,,,,,,,,,,9.477500,7.445833,8.775417,9.062292,9.477500,22.211891,-3.256891,15.844695,3.110305
2023-12-27,0.000000,2023-11-14,2023-09-30,0.110000,-0.110000,-0.000000,-41.755372,41.922324,13.816002,9.204547,4.593091,-0.018365,-4.629820,,,,,,,,,,8.780000,7.213333,8.656250,9.062292,8.780000,22.001768,-4.441768,15.390884,2.169116
2023-12-28,0.000000,2023-11-14,2023-09-30,0.110000,-0.110000,-0.000000,-41.404882,42.095225,13.815487,9.185012,4.554537,-0.075938,-4.706412,,,,,,,,,,8.120000,7.213333,8.537083,9.062292,8.120000,21.725046,-5.485046,14.922523,1.317477
2023-12-29,0.000000,2023-11-14,2023-09-30,0.110000,-0.110000,-0.000000,-41.054392,42.264488,13.814170,9.165077,4.515983,-0.133111,-4.782204,,,,,,,,,,7.437500,7.213333,8.417917,9.062292,7.437500,21.242529,-6.367529,14.340014,0.534986
2024-01-02,13.550000,2023-11-14,2023-09-30,0.110000,-0.110000,-123.181818,-41.727966,42.924296,14.033421,9.311749,4.590076,-0.131596,-4.853269,,,,,,,,,,8.115000,7.439167,8.410833,9.118750,8.115000,21.711559,-5.481559,14.913280,1.316720
2024-01-03,13.400000,2023-11-14,2023-09-30,0.110000,-0.110000,-121.818182,-42.391402,43.542534,14.242412,9.452733,4.663054,-0.126625,-4.916303,,,,,,,,,,8.785000,7.430833,8.402917,9.174583,8.785000,22.013482,-4.443482,15.399241,2.170759
2024-01-04,0.000000,2023-11-14,2023-09-30,0.110000,-0.110000,-0.000000,-42.040912,43.714169,14.241617,9.433059,4.624500,-0.184058,-4.992617,,,,,,,,,,8.100000,7.430833,8.283750,9.174583,8.100000,21.671254,-5.471254,14.885627,1.314373
2024-01-05,0.000000,2023-11-14,2023-09-30,0.110000,-0.110000,-0.000000,-41.690421,43.882310,14.240055,9.413000,4.585946,-0.241108,-5.068162,,,,,,,,,,7.425000,7.207500,8.164583,9.121250,7.425000,21.206662,-6.356662,14.315831,0.534169
2024-01-08,0.000000,2023-11-14,2023-09-30,0.110000,-0.110000,-0.000000,-41.341157,44.047015,14.237870,9.392699,4.547527,-0.297644,-5.142816,,,,,,,,,,7.425000,6.990833,8.045833,9.068750,7.425000,21.206662,-6.356662,14.315831,0.534169
2024-01-09,13.400000,2023-11-14,2023-09-30,0.110000,-0.110000,-121.818182,-42.007043,44.655509,14.444987,9.532881,4.620775,-0.291331,-5.203437,,,,,,,,,,7.420000,6.989167,8.038750,9.124583,7.420000,21.192452,-6.352452,14.306226,0.533774
2024-01-10,0.000000,2023-11-14,2023-09-30,0.110000,-0.110000,-0.000000,-41.657779,44.819860,14.442725,9.512540,4.582356,-0.347829,-5.278014,,,,,,,,,,6.745000,6.989167,7.920000,9.124583,6.745000,20.585897,-7.095897,13.665448,-0.175448
2024-01-11,13.400000,2023-11-14,2023-09-30,0.110000,-0.110000,-121.818182,-42.324891,45.413306,14.646665,9.651202,4.655738,-0.339726,-5.335189,,,,,,,,,,6.740000,6.995833,7.913333,9.180417,6.740000,20.570691,-7.090691,13.655345,-0.175345
2024-01-12,13.400000,2023-11-14,2023-09-30,0.110000,-0.110000,-121.818182,-42.989552,45.989398,14.846518,9.787684,4.728851,-0.329983,-5.388817,,,,,,,,,,6.730000,7.219167,7.905833,9.236250,6.730000,20.540080,-7.080080,13.635040,-0.175040
2024-01-15,13.400000,2023-11-14,2023-09-30,0.110000,-0.110000,-121.818182,-43.654214,46.548792,15.042698,9.922331,4.801964,-0.318404,-5.438771,,,,,,,,,,7.400000,7.442500,7.898333,9.292083,7.400000,21.135318,-6.335318,14.267659,0.532341
2024-01-16,13.400000,2023-11-14,2023-09-30,0.110000,-0.110000,-121.818182,-44.669365,46.915646,15.235072,10.074351,4.913630,-0.247091,-5.407812,,,,,,,,,,8.070000,7.449167,8.010000,9.291667,8.070000,21.591071,-5.451071,14.830536,1.309464
2024-01-17,13.400000,2023-11-14,2023-09-30,0.110000,-0.110000,-121.818182,-45.336478,47.440220,15.423861,10.205437,4.987013,-0.231412,-5.449836,,,,,,,,,,8.072500,7.449167,8.003333,9.293333,8.072500,21.597700,-5.452700,14.835100,1.309900
2024-01-18,13.400000,2023-11-14,2023-09-30,0.110000,-0.110000,-121.818182,-46.003590,47.949698,15.609328,10.334862,5.060395,-0.214072,-5.488539,,,,,,,,,,8.067500,7.439167,7.996667,9.349167,8.067500,21.584323,-5.449323,14.825911,1.309089
2024-01-19,13.400000,2023-11-14,2023-09-30,0.110000,-0.110000,-121.818182,-47.018741,48.256101,15.788404,10.480233,5.172062,-0.136110,-5.444281,,,,,,,,,,8.062500,7.429167,8.108333,9.405000,8.062500,21.570933,-5.445933,14.816717,1.308283
2024-01-22,0.000000,2023-11-14,2023-09-30,0.110000,-0.110000,-0.000000,-46.651094,48.446074,15.789757,10.460689,5.131620,-0.197448,-5.526516,,,,,,,,,,7.385000,7.429167,7.983333,9.349583,7.385000,21.092320,-6.322320,14.238660,0.531340
2024-01-23,0.000000,2023-11-14,2023-09-30,0.110000,-0.110000,-0.000000,-46.295702,48.631764,15.791515,10.442021,5.092527,-0.256967,-5.606461,,,,,,,,,,6.707500,7.207500,7.862500,9.349583,6.707500,20.471154,-7.056154,13.589327,-0.174327
2024-01-24,0.000000,2023-11-14,2023-09-30,0.110000,-0.110000,-0.000000,-45.940310,48.814138,15.792545,10.422989,5.053434,-0.316121,-5.685676,,,,,,,,,,6.707500,7.207500,7.741667,9.295417,6.707500,20.471154,-7.056154,13.589327,-0.174327
2024-01-25,12.350000,2023-11-14,2023-09-30,0.110000,-0.110000,-112.272727,-46.875916,49.001803,15.936747,10.546549,5.156351,-0.233848,-5.624046,,,,,,,,,,7.325000,7.413333,7.844583,9.346875,7.325000,20.928811,-6.278811,14.126906,0.523094
2024-01-26,13.000000,2023-11-14,2023-09-30,0.110000,-0.110000,-118.181818,-47.505372,49.430295,16.100256,10.662923,5.225591,-0.211741,-5.649074,,,,,,,,,,7.975000,7.630000,7.832083,9.345208,7.975000,21.345451,-5.395451,14.660225,1.289775
2024-01-29,0.000000,2023-11-14,2023-09-30,0.110000,-0.110000,-0.000000,-47.149980,49.618471,16.102562,10.644530,5.186498,-0.271534,-5.729566,,,,,,,,,,7.975000,7.630000,7.711250,9.345208,7.975000,21.345451,-5.395451,14.660225,1.289775
2024-01-30,13.500000,2023-11-14,2023-09-30,0.110000,-0.110000,-122.727273,-48.172707,49.902461,16.277539,10.788269,5.298998,-0.190273,-5.679544,,,,,,,,,,7.972500,7.855000,7.823750,9.401458,7.972500,21.338579,-5.393579,14.655540,1.289460
2024-01-31,0.000000,2023-11-14,2023-09-30,0.110000,-0.110000,-0.000000,-47.818541,50.093509,16.280611,10.770325,5.260039,-0.250247,-5.760533,,,,,,,,,,7.302500,7.855000,7.703333,9.345625,7.302500,20.865005,-6.260005,14.083753,0.521247
2024-02-01,12.750000,2023-11-14,2023-09-30,0.110000,-0.110000,-115.909091,-48.435185,50.474189,16.432192,10.880031,5.327870,-0.224290,-5.776451,,,,,,,,,,7.940000,7.850833,7.690833,9.342917,7.940000,21.253570,-5.373570,14.596785,1.283215
2024-02-02,12.750000,2023-11-14,2023-09-30,0.110000,-0.110000,-115.909091,-49.401094,50.648268,16.576739,11.005430,5.434120,-0.137189,-5.708499,,,,,,,,,,8.577500,7.844167,7.797083,9.396042,8.577500,21.505702,-4.350702,15.041601,2.113399
2024-02-05,13.250000,2023-11-14,2023-09-30,0.110000,-0.110000,-120.454545,-49.965067,51.061294,16.729642,11.112900,5.496157,-0.120585,-5.737327,,,,,,,,,,9.240000,8.065000,7.788750,9.395417,9.240000,21.665678,-3.185678,15.452839,3.027161
2024-02-15,13.400000,2023-11-14,2023-09-30,0.110000,-0.110000,-121.818182,-50.980219,51.270098,16.887246,11.247535,5.607824,-0.031887,-5.671597,,,,,,,,,,9.240000,8.063333,7.900417,9.451250,9.240000,21.665678,-3.185678,15.452839,3.027161
2024-02-16,13.400000,2023-11-14,2023-09-30,0.110000,-0.110000,-121.818182,-51.563272,51.676319,17.040750,11.356355,5.671960,-0.012435,-5.696830,,,,,,,,,,9.910000,8.286667,7.895417,9.451250,9.910000,21.664847,-1.844847,15.787423,4.032577
2024-02-19,14.000000,2023-11-14,2023-09-30,0.110000,-0.110000,-127.272727,-52.623878,51.914664,17.209853,11.499240,5.788627,0.078013,-5.632600,,,,,,,,,,9.940000,8.520000,8.012083,9.448333,9.940000,21.735343,-1.855343,15.837671,4.042329
2024-02-20,14.000000,2023-11-14,2023-09-30,0.110000,-0.110000,-127.272727,-53.684484,52.130166,17.373930,11.639611,5.905293,0.170975,-5.563343,,,,,,,,,,9.970000,8.529167,8.128750,9.443750,9.970000,21.805380,-1.865380,15.887690,4.052310
2024-02-21,15.000000,2023-11-14,2023-09-30,0.110000,-0.110000,-136.363636,-54.820847,52.435459,17.566094,11.798194,6.030293,0.262393,-5.505508,,,,,,,,,,10.050000,8.549167,8.253750,9.447917,10.050000,22.004035,-1.904035,16.027017,4.072983
2024-02-22,14.750000,2023-11-14,2023-09-30,0.110000,-0.110000,-134.090909,-55.938272,52.685557,17.744032,11.948621,6.153210,0.357799,-5.437613,,,,,,,,,,10.117500,8.562500,8.376667,9.509375,10.117500,22.166054,-1.931054,16.141777,4.093223
2024-02-23,15.000000,2023-11-14,2023-09-30,0.110000,-0.110000,-136.363636,-56.636364,53.193396,17.932547,12.081274,6.230000,0.378726,-5.472547,,,,,,,,,,10.197500,8.812500,8.383333,9.571875,10.197500,22.358545,-1.963545,16.278023,4.116977
2024-02-26,14.600000,2023-11-14,2023-09-30,0.110000,-0.110000,-132.727273,-57.327301,53.640647,18.106945,12.206474,6.306003,0.405532,-5.494939,,,,,,,,,,10.257500,8.822500,8.392917,9.574375,10.257500,22.496664,-1.981664,16.377082,4.137918
2024-02-27,14.450000,2023-11-14,2023-09-30,0.110000,-0.110000,-131.363636,-58.421998,53.801074,18.262656,12.344538,6.426420,0.508302,-5.409817,,,,,,,,,,10.310000,9.063333,8.513333,9.574792,10.310000,22.614753,-1.994753,16.462377,4.157623
2024-02-29,15.000000,2023-11-14,2023-09-30,0.110000,-0.110000,-136.363636,-59.558361,53.996493,18.430648,12.491034,6.551420,0.611806,-5.327809,,,,,,,,,,11.060000,9.313333,8.638333,9.582917,11.060000,22.518235,-0.398235,16.789118,5.330882
2024-03-01,15.000000,2023-11-14,2023-09-30,0.110000,-0.110000,-136.363636,-60.299663,54.437103,18.609126,12.621044,6.632963,0.644882,-5.343200,,,,,,,,,,11.810000,9.563333,8.656667,9.591458,11.810000,22.126905,1.493095,16.968452,6.651548
2024-03-04,14.950000,2023-11-14,2023-09-30,0.110000,-0.110000,-135.909091,-61.015572,54.863741,18.781736,12.746725,6.711713,0.676701,-5.358310,,,,,,,,,,12.557500,9.580833,8.668750,9.597500,12.557500,21.320957,3.794043,16.939229,8.175771
2024-03-05,14.750000,2023-11-14,2023-09-30,0.110000,-0.110000,-134.090909,-61.710157,55.258759,18.945044,12.866581,6.788117,0.709654,-5.368810,,,,,,,,,,12.677500,9.594167,8.677500,9.658958,12.677500,21.494557,3.860443,17.086029,8.268971
2024-03-06,15.100000,2023-11-14,2023-09-30,0.110000,-0.110000,-137.272727,-62.421998,55.679291,19.115864,12.991142,6.866420,0.741698,-5.383024,,,,,,,,,,12.782500,9.625833,8.686667,9.669375,12.782500,21.665498,3.899502,17.223999,8.341001
2024-03-07,14.800000,2023-11-14,2023-09-30,0.110000,-0.110000,-134.545455,-63.138889,56.051346,19.276574,13.110926,6.945278,0.779630,-5.386018,,,,,,,,,,13.522500,9.645000,8.700833,9.673333,13.522500,20.084550,6.960450,16.803525,10.241475
2024-03-08,14.800000,2023-11-14,2023-09-30,0.110000,-0.110000,-134.545455,-63.837262,56.416466,19.433721,13.227910,7.022099,0.816287,-5.389524,,,,,,,,,,13.587500,9.891667,8.710000,9.674583,13.587500,20.174319,7.000681,16.880909,10.294091
2024-03-11,14.800000,2023-11-14,2023-09-30,0.110000,-0.110000,-134.545455,-64.958474,56.474052,19.569723,13.357578,7.145432,0.933286,-5.278859,,,,,,,,,,14.327500,10.138333,8.833333,9.671250,14.327500,15.915771,12.739229,15.121636,13.533364
2024-03-12,14.800000,2023-11-14,2023-09-30,0.110000,-0.110000,-134.545455,-66.079686,56.509150,19.700778,13.484772,7.268765,1.052759,-5.163247,,,,,,,,,,14.430000,10.156667,8.956667,9.668125,14.430000,15.844734,13.015266,15.137367,13.722633
2024-03-13,15.200000,2023-11-14,2023-09-30,0.110000,-0.110000,-138.181818,-67.231201,56.559173,19.838450,13.616941,7.395432,1.173923,-5.047586,,,,,,,,,,14.552500,10.185000,9.083333,9.665208,14.552500,15.764491,13.340509,15.158495,13.946505
2024-03-14,15.500000,2023-11-14,2023-09-30,0.110000,-0.110000,-140.909091,-67.973345,56.938688,20.003579,13.740324,7.477068,1.213812,-5.049443,,,,,,,,,,14.665000,10.443333,9.095833,9.669375,14.665000,15.781904,13.548096,15.223452,14.106548
2024-03-15,15.800000,2023-11-14,2023-09-30,0.110000,-0.110000,-143.636364,-68.739759,57.334942,20.175061,13.868217,7.561373,1.254530,-5.052314,,,,,,,,,,14.785000,10.481667,9.111250,9.735208,14.785000,15.843847,13.726153,15.314424,14.255576
2024-03-18,17.150000,2023-11-14,2023-09-30,0.110000,-0.110000,-155.909091,-69.609989,57.860884,20.386493,14.021796,7.657099,1.292402,-5.072296,,,,,,,,,,14.972500,10.542500,9.138333,9.806667,14.972500,16.294172,13.650828,15.633336,14.311664
2024-03-19,18.850000,2023-11-14,2023-09-30,0.110000,-0.110000,-171.363636,-70.599747,58.578727,20.653292,14.209632,7.765972,1.322312,-5.121348,,,,,,,,,,15.215000,10.631667,9.177083,9.822917,15.215000,17.328142,13.101858,16.271571,14.158429
2024-03-20,18.850000,2023-11-14,2023-09-30,0.110000,-0.110000,-171.363636,-71.589506,59.271215,20.914513,14.394679,7.874846,1.355012,-5.164822,,,,,,,,,,15.457500,10.719167,9.215833,9.901458,15.457500,18.043754,12.871246,16.750627,14.164373
2024-03-21,19.050000,2023-11-14,2023-09-30,0.110000,-0.110000,-173.181818,-72.616021,59.956889,21.178278,14.583020,7.987762,1.392505,-5.202753,,,,,,,,,,15.660000,11.036667,9.262083,9.916458,15.660000,18.691345,12.628655,17.175673,14.144327
2024-03-22,18.100000,2023-11-14,2023-09-30,0.110000,-0.110000,-164.545455,-73.555135,60.508950,21.403034,14.747049,8.091065,1.435080,-5.220904,,,,,,,,,,15.827500,11.338333,9.296250,9.925833,15.827500,19.013402,12.641598,17.420451,14.234549
2024-03-25,18.400000,2023-11-14,2023-09-30,0.110000,-0.110000,-167.272727,-74.516975,61.075761,21.633535,14.915201,8.196867,1.478534,-5.239800,,,,,,,,,,15.997500,11.422500,9.332917,10.002500,15.997500,19.355675,12.639325,17.676588,14.318412
2024-03-26,18.700000,2023-11-14,2023-09-30,0.110000,-0.110000,-170.000000,-75.501543,61.656854,21.869678,15.087424,8.305170,1.522916,-5.259338,,,,,,,,,,16.202500,11.509167,9.372083,10.080417,16.202500,19.699186,12.705814,17.950843,14.454157
2024-03-27,19.000000,2023-11-14,2023-09-30,0.110000,-0.110000,-172.727273,-76.508838,62.251747,22.111357,15.263664,8.415972,1.568280,-5.279412,,,,,,,,,,16.430000,11.600833,9.413750,10.159583,16.430000,20.036923,12.823077,18.233462,14.626538
2024-03-28,18.950000,2023-11-14,2023-09-30,0.110000,-0.110000,-172.272727,-77.944444,62.458600,22.314781,15.444335,8.573889,1.703443,-5.167003,,,,,,,,,,16.627500,11.690833,9.571667,10.238542,16.627500,20.335880,12.919120,18.481690,14.773310
2024-03-29,19.000000,2023-11-14,2023-09-30,0.110000,-0.110000,-172.727273,-78.953283,63.005886,22.546156,15.615509,8.684861,1.754214,-5.176434,,,,,,,,,,16.827500,11.781667,9.613750,10.317708,16.827500,20.597251,13.057749,18.712376,14.942624
2024-04-01,19.050000,2024-03-31,2023-12-31,-0.070000,-0.060000,-317.500000,-81.599116,66.245668,12.845427,8.870687,4.895947,0.921207,-3.053533,,,,,,,,,,17.032500,12.099167,9.772500,10.397083,17.032500,20.818245,13.246755,18.925373,15.139627
2024-04-02,19.200000,2024-03-31,2023-12-31,-0.070000,-0.060000,-320.000000,-83.835227,69.667224,13.390181,9.210147,5.030114,0.850080,-3.329953,,,,,,,,,,17.255000,12.419167,9.816250,10.477083,17.255000,20.998753,13.511247,19.126876,15.383124
2024-04-03,19.200000,2024-03-31,2023-12-31,-0.070000,-0.060000,-320.000000,-86.501894,72.498117,13.889888,9.540001,5.190114,0.840227,-3.509660,,,,,,,,,,17.460000,12.739167,9.976250,10.557083,17.460000,21.155602,13.764398,19.307801,15.612199
2024-04-08,20.250000,2024-03-31,2023-12-31,-0.070000,-0.060000,-337.500000,-89.314394,75.594535,14.430208,9.894536,5.358864,0.823192,-3.712481,,,,,,,,,,17.732500,13.076667,10.145000,10.583958,17.732500,21.405914,14.059086,19.569207,15.895793
2024-04-09,20.400000,2024-03-31,2023-12-31,-0.070000,-0.060000,-340.000000,-92.147727,78.533426,14.952875,10.240869,5.528864,0.816858,-3.895148,,,,,,,,,,18.012500,13.190833,10.315000,10.607292,18.012500,21.597392,14.427608,19.804946,16.220054
2024-04-10,22.400000,2024-03-31,2023-12-31,-0.070000,-0.060000,-373.333333,-94.829826,82.527345,15.593071,10.641430,5.689790,0.738149,-4.213492,,,,,,,,,,18.392500,13.340833,10.385833,10.700625,18.392500,22.150618,14.634382,20.271559,16.513441
2024-04-11,24.600000,2024-03-31,2023-12-31,-0.070000,-0.060000,-410.000000,-98.246493,86.937602,16.327302,11.111046,5.894790,0.678533,-4.537723,,,,,,,,,,18.882500,13.750833,10.590833,10.742292,18.882500,23.184553,14.580447,21.033526,16.731474
2024-04-12,27.050000,2024-03-31,2023-12-31,-0.070000,-0.060000,-450.833333,-101.589857,92.583461,17.205407,11.650399,6.095391,0.540384,-5.014624,,,,,,,,,,19.475000,14.201667,10.704583,10.796667,19.475000,24.787101,14.162899,22.131051,16.818949
2024-04-15,29.750000,2024-03-31,2023-12-31,-0.070000,-0.060000,-495.833333,-105.320567,99.195660,18.222713,12.270974,6.319234,0.367494,-5.584245,,,,,,,,,,20.187500,14.697500,10.844167,10.862708,20.187500,26.894282,13.480718,23.540891,16.834109
2024-04-16,30.000000,2024-03-31,2023-12-31,-0.070000,-0.060000,-500.000000,-109.070567,105.398710,19.192079,12.868157,6.544234,0.220311,-6.103611,,,,,,,,,,20.897500,14.974167,10.981667,10.933333,20.897500,28.583610,13.211390,24.740555,17.054445
2024-04-17,29.000000,2024-03-31,2023-12-31,-0.070000,-0.060000,-483.333333,-113.098345,110.316091,20.023832,13.404866,6.785901,0.166935,-6.452030,,,,,,,,,,21.490000,15.457500,11.223333,11.054167,21.490000,29.764221,13.215779,25.627111,17.352889
2024-04-18,29.900000,2024-03-31,2023-12-31,-0.070000,-0.060000,-498.333333,-116.849888,115.616205,20.884938,13.947966,7.010993,0.074021,-6.862951,,,,,,,,,,22.042500,15.732500,11.364167,11.178750,22.042500,31.020266,13.064734,26.531383,17.553617
2024-04-19,29.500000,2024-03-31,2023-12-31,-0.070000,-0.060000,-491.666667,-120.947110,120.066683,21.664829,14.460828,7.256827,0.052826,-7.151175,,,,,,,,,,22.575000,16.000833,11.610000,11.247500,22.575000,32.007335,13.142665,27.291168,17.858832
2024-04-22,28.600000,2024-03-31,2023-12-31,-0.070000,-0.060000,-476.666667,-124.919332,123.856781,22.357974,14.926567,7.495160,0.063753,-7.367654,,,,,,,,,,23.052500,16.254167,11.848333,11.312500,23.052500,32.697978,13.407022,27.875239,18.229761
2024-04-23,29.200000,2024-03-31,2023-12-31,-0.070000,-0.060000,-486.666667,-128.573653,127.973362,23.071223,15.392821,7.714419,0.036017,-7.642384,,,,,,,,,,23.607500,16.517500,11.983333,11.434167,23.607500,33.330196,13.884804,28.468848,18.746152
2024-04-24,32.000000,2024-03-31,2023-12-31,-0.070000,-0.060000,-533.333333,-132.604517,132.985533,23.914535,15.935403,7.956271,-0.022861,-8.001993,,,,,,,,,,24.287500,16.827500,12.138333,11.513333,24.287500,34.372292,14.202708,29.329896,19.245104
2024-04-25,33.100000,2024-03-31,2023-12-31,-0.070000,-0.060000,-551.666667,-136.769641,138.161499,24.785558,16.495868,8.206178,-0.083512,-8.373201,,,,,,,,,,25.007500,17.155833,12.297500,11.599583,25.007500,35.462027,14.552973,30.234763,19.780237
2024-04-26,36.300000,2024-03-31,2023-12-31,-0.070000,-0.060000,-605.000000,-141.379209,144.391573,25.809741,17.146247,8.482753,-0.180742,-8.844236,,,,,,,,,,25.872500,17.537500,12.483333,11.694583,25.872500,37.070501,14.674499,31.471501,20.273499
2024-04-29,39.500000,2024-03-31,2023-12-31,-0.070000,-0.060000,-658.333333,-146.865320,151.315355,26.969762,17.890840,8.811919,-0.267002,-9.345923,,,,,,,,,,26.900000,18.195833,12.812500,11.801250,26.900000,39.145730,14.654270,33.022865,20.777135
2024-04-30,38.400000,2024-03-31,2023-12-31,-0.070000,-0.060000,-640.000000,-151.788159,157.592464,28.018385,18.562837,9.107290,-0.348258,-9.803806,,,,,,,,,,27.870000,18.835833,13.021667,11.901458,27.870000,40.546725,15.193275,34.208363,21.531637
2024-05-02,38.750000,2024-03-31,2023-12-31,-0.070000,-0.060000,-645.833333,-157.170104,163.290120,29.025021,19.227613,9.430206,-0.367201,-10.164608,,,,,,,,,,28.855000,19.481667,13.344583,12.002083,28.855000,41.706373,16.003627,35.280687,22.429313
2024-05-03,38.800000,2024-03-31,2023-12-31,-0.070000,-0.060000,-646.666667,-162.558993,168.642518,29.990642,19.872091,9.753540,-0.365012,-10.483563,,,,,,,,,,29.835000,19.922500,13.667917,12.105417,29.835000,42.575119,17.094881,36.205059,23.464941
2024-05-06,38.800000,2024-03-31,2023-12-31,-0.070000,-0.060000,-646.666667,-167.947882,173.661643,30.916270,20.496571,10.076873,-0.342826,-10.762524,,,,,,,,,,30.815000,20.352500,13.991250,12.209583,30.815000,43.118491,18.511509,36.966746,24.663254
2024-05-07,38.700000,2024-03-31,2023-12-31,-0.070000,-0.060000,-645.000000,-173.322882,178.338525,31.799996,21.099684,10.399373,-0.300939,-11.001250,,,,,,,,,,31.737500,20.997500,14.313750,12.313125,31.737500,43.458551,20.016449,37.598025,25.876975
2024-05-08,38.350000,2024-03-31,2023-12-31,-0.070000,-0.060000,-639.166667,-178.649270,182.612141,32.632413,21.675685,10.718956,-0.237772,-11.194501,,,,,,,,,,32.635000,21.411667,14.633333,12.416458,32.635000,43.411637,21.858363,38.023318,27.246682
2024-05-09,36.800000,2024-03-31,2023-12-31,-0.070000,-0.060000,-613.333333,-183.760382,186.119505,33.359963,22.192793,11.025623,-0.141547,-11.308718,,,,,,,,,,33.355000,22.025000,14.940000,12.513333,33.355000,43.130043,23.579957,38.242522,28.467478
2024-05-10,37.500000,2024-03-31,2023-12-31,-0.070000,-0.060000,-625.000000,-188.567480,189.996565,34.113637,22.713843,11.314049,-0.085745,-11.485539,,,,,,,,,,34.000000,22.437500,15.144167,12.613958,34.000000,43.015542,24.984458,38.507771,29.492229
2024-05-13,34.000000,2024-03-31,2023-12-31,-0.070000,-0.060000,-566.666667,-192.883838,192.657359,34.691913,23.132472,11.573030,0.013589,-11.545853,,,,,,,,,,34.347500,22.791667,15.317917,12.701250,34.347500,42.750036,25.944964,38.548768,30.146232
2024-05-14,30.600000,2024-03-31,2023-12-31,-0.070000,-0.060000,-510.000000,-197.133838,193.987288,35.106505,23.467268,11.828030,0.188793,-11.450444,,,,,,,,,,34.390000,23.080833,15.572917,12.773125,34.390000,42.702742,26.077258,38.546371,30.233629
2024-05-15,27.550000,2024-05-15,2024-03-31,-0.840000,-0.870000,-31.666667,-196.981061,194.111319,509.127218,340.250370,171.373523,2.496675,-166.380172,,,,,,,,,,34.267500,23.316667,15.690000,12.831042,34.267500,42.917981,25.617019,38.592740,29.942260
2024-05-16,28.400000,2024-05-15,2024-03-31,-0.840000,-0.870000,-32.643678,-197.253091,193.855652,508.919024,340.264607,171.610189,2.955772,-165.698645,,,,,,,,,,34.237500,23.566667,15.926667,12.892917,34.237500,42.968683,25.506317,38.603091,29.871909
2024-05-17,29.700000,2024-05-15,2024-03-31,-0.840000,-0.870000,-34.137931,-197.537574,193.588616,508.701881,340.279785,171.857689,3.435594,-164.986502,,,,,,,,,,34.227500,23.828333,16.174167,12.959375,34.227500,42.980032,25.474968,38.603766,29.851234
2024-05-20,31.800000,2024-05-15,2024-03-31,-0.840000,-0.870000,-36.551724,-196.823232,194.026337,508.842039,340.039126,171.236212,2.433299,-166.369615,,,,,,,,,,34.342500,24.125000,16.327083,13.034583,34.342500,42.891570,25.793430,38.617035,30.067965
2024-05-21,32.950000,2024-05-15,2024-03-31,-0.840000,-0.870000,-37.873563,-196.093391,194.461284,508.963884,339.782567,170.601250,1.419933,-167.761384,,,,,,,,,,34.560000,24.424167,16.486667,13.115000,34.560000,42.705751,26.414249,38.632876,30.487124
2024-05-22,32.850000,2024-05-15,2024-03-31,-0.840000,-0.870000,-37.758621,-195.351228,194.897354,509.076964,339.516266,169.955568,0.394870,-169.165828,,,,,,,,,,34.742500,24.725833,16.644167,13.196250,34.742500,42.538671,26.946329,38.640586,30.844414
2024-05-23,32.750000,2024-05-15,2024-03-31,-0.840000,-0.870000,-37.643678,-195.664925,194.610368,508.850524,339.539505,170.228485,0.917465,-168.393555,,,,,,,,,,34.780000,25.021667,16.917083,13.278542,34.780000,42.527692,27.032308,38.653846,30.906154
2024-05-24,31.900000,2024-05-15,2024-03-31,-0.840000,-0.870000,-36.666667,-194.909875,195.053209,508.964174,339.267883,169.571591,-0.124701,-169.820993,,,,,,,,,,34.720000,25.310000,17.066250,13.356250,34.720000,42.540715,26.899285,38.630357,30.809643
2024-05-27,33.700000,2024-05-15,2024-03-31,-0.840000,-0.870000,-38.735632,-195.232672,194.759770,508.734424,339.293424,169.852424,0.411424,-169.029576,,,,,,,,,,34.590000,25.630833,17.347083,13.441458,34.590000,42.386531,26.793469,38.488265,30.691735
2024-05-28,31.700000,2024-05-15,2024-03-31,-0.840000,-0.870000,-36.436782,-195.536311,194.481039,508.513599,339.315095,170.116591,0.918087,-168.280417,,,,,,,,,,34.200000,25.909167,17.611250,13.518333,34.200000,41.738463,26.661537,37.969231,30.430769
2024-05-29,31.700000,2024-05-15,2024-03-31,-0.840000,-0.870000,-36.436782,-195.839951,194.201429,508.291244,339.336001,170.380758,1.425514,-167.529729,,,,,,,,,,33.865000,26.187500,17.875417,13.650417,33.865000,41.210611,26.519389,37.537805,30.192195
2024-05-30,31.900000,2024-05-15,2024-03-31,-0.840000,-0.870000,-36.666667,-195.092476,194.643206,508.409633,339.070044,169.730455,0.390865,-168.948724,,,,,,,,,,33.522500,26.470000,18.025417,13.727917,33.522500,40.540558,26.504442,37.031529,30.013471
2024-05-31,31.500000,2024-05-15,2024-03-31,-0.840000,-0.870000,-36.206897,-194.337382,195.085548,508.522377,338.797950,169.073523,-0.650904,-170.375332,,,,,,,,,,33.157500,26.749167,18.171667,13.803750,33.157500,39.767323,26.547677,36.462412,29.852588
2024-06-03,31.500000,2024-05-15,2024-03-31,-0.840000,-0.870000,-36.206897,-193.639107,195.503377,508.641898,338.553961,168.466023,-1.621915,-171.709853,,,,,,,,,,32.792500,27.022500,18.324167,13.880208,32.792500,38.875632,26.709368,35.834066,29.750934
2024-06-04,32.000000,2024-05-15,2024-03-31,-0.840000,-0.870000,-36.781609,-192.911529,195.926385,508.744941,338.288986,167.833030,-2.622925,-173.078880,,,,,,,,,,32.457500,27.309167,18.477083,13.958750,32.457500,37.872030,27.042970,35.164765,29.750235
2024-06-05,32.500000,2024-05-15,2024-03-31,-0.840000,-0.870000,-37.356322,-193.222832,195.646775,508.529252,338.316558,168.103864,-2.108831,-172.321525,,,,,,,,,,32.165000,27.604167,18.747917,14.038542,32.165000,36.817685,27.512315,34.491342,29.838658
2024-06-06,32.650000,2024-05-15,2024-03-31,-0.840000,-0.870000,-37.528736,-193.535571,195.365106,508.311232,338.343590,168.375947,-1.591696,-171.559338,,,,,,,,,,31.957500,27.901667,19.020000,14.120208,31.957500,36.079747,27.835253,34.018624,29.896376
2024-06-07,32.500000,2024-05-15,2024-03-31,-0.840000,-0.870000,-37.356322,-192.808995,195.785520,508.410631,338.077228,167.743826,-2.589577,-172.922980,,,,,,,,,,31.707500,28.196667,19.176667,14.201042,31.707500,34.920676,28.494324,33.314088,30.100912
2024-06-11,33.000000,2024-05-15,2024-03-31,-0.840000,-0.870000,-37.931034,-192.102360,196.193187,508.505199,337.817126,167.129053,-3.559020,-174.247093,,,,,,,,,,31.657500,28.493333,19.339167,14.284167,31.657500,34.749302,28.565698,33.203401,30.111599
2024-06-12,33.200000,2024-05-15,2024-03-31,-0.840000,-0.870000,-38.160920,-192.420367,195.909917,508.288975,337.847347,167.405720,-3.035908,-173.477535,,,,,,,,,,31.787500,28.788333,19.615833,14.368125,31.787500,34.910568,28.664432,33.349034,30.225966
2024-06-13,33.300000,2024-05-15,2024-03-31,-0.840000,-0.870000,-38.275862,-191.716606,196.313647,508.379193,337.586320,166.793447,-3.999426,-174.792299,,,,,,,,,,32.075000,29.080000,19.780833,14.452500,32.075000,34.546203,29.603797,33.310601,30.839399
2024-06-14,35.000000,2024-05-15,2024-03-31,-0.840000,-0.870000,-40.229885,-191.029127,196.701341,508.455675,337.325508,166.195341,-4.934826,-176.064993,,,,,,,,,,32.405000,29.377500,19.960000,14.542917,32.405000,34.551208,30.258792,33.478104,31.331896
2024-06-17,34.500000,2024-05-15,2024-03-31,-0.840000,-0.870000,-39.655172,-190.336860,197.089540,508.528868,337.060968,165.593068,-5.874832,-177.342732,,,,,,,,,,32.645000,29.638333,20.135000,14.632083,32.645000,34.580785,30.709215,33.612892,31.677108
2024-06-18,34.500000,2024-05-15,2024-03-31,-0.840000,-0.870000,-39.655172,-189.637017,197.477099,508.594358,336.789281,164.984205,-6.820872,-178.625948,,,,,,,,,,32.780000,29.899167,20.309167,14.720000,32.780000,34.840250,30.719750,33.810125,31.749875
2024-06-19,34.450000,2024-05-15,2024-03-31,-0.840000,-0.870000,-39.597701,-189.966998,197.190432,508.382639,336.826964,165.271288,-6.284388,-177.840064,,,,,,,,,,32.855000,30.155833,20.596250,14.808542,32.855000,35.046347,30.663653,33.950673,31.759327
2024-06-20,34.450000,2024-05-15,2024-03-31,-0.840000,-0.870000,-39.597701,-190.296978,196.902789,508.169225,336.863798,165.558371,-5.747055,-177.052482,,,,,,,,,,32.935000,30.428333,20.883333,14.895625,32.935000,35.239481,30.630519,34.087240,31.782760
2024-06-21,34.600000,2024-05-15,2024-03-31,-0.840000,-0.870000,-39.770115,-189.617032,197.283343,508.239834,336.603326,164.966818,-6.669690,-178.306198,,,,,,,,,,33.027500,30.698333,21.060417,14.983333,33.027500,35.446389,30.608611,34.236945,31.818055
2024-06-24,32.900000,2024-05-15,2024-03-31,-0.840000,-0.870000,-37.816092,-188.909439,197.677153,508.309458,336.330335,164.351212,-7.627911,-179.607034,,,,,,,,,,33.077500,30.935000,21.222083,15.063958,33.077500,35.438917,30.716083,34.258208,31.896792
2024-06-25,33.350000,2024-05-15,2024-03-31,-0.840000,-0.870000,-38.333333,-188.206156,198.064337,508.371302,336.055329,163.739356,-8.576617,-180.892590,,,,,,,,,,33.060000,31.174167,21.387500,15.146875,33.060000,35.407137,30.712863,34.233569,31.886431
2024-06-26,33.300000,2024-05-15,2024-03-31,-0.840000,-0.870000,-38.275862,-187.498607,198.449857,508.426539,335.775163,163.123788,-9.527588,-182.178963,,,,,,,,,,33.140000,31.413333,21.552083,15.227083,33.140000,35.399390,30.880610,34.269695,32.010305
2024-06-27,32.500000,2024-05-15,2024-03-31,-0.840000,-0.870000,-37.356322,-186.783394,198.837880,508.479465,335.490509,162.501553,-10.487403,-183.476359,,,,,,,,,,33.180000,31.638333,21.710000,15.302500,33.180000,35.358942,31.001058,34.269471,32.090529
2024-06-28,32.500000,2024-05-15,2024-03-31,-0.840000,-0.870000,-37.356322,-187.094697,198.572058,508.287767,335.530077,162.772386,-9.985304,-182.742994,,,,,,,,,,33.210000,31.862500,21.980833,15.378125,33.210000,35.330477,31.089523,34.270238,32.149762
2024-07-01,32.500000,2024-05-15,2024-03-31,-0.840000,-0.870000,-37.356322,-187.406000,198.305386,508.094592,335.568906,163.043220,-9.482466,-182.008153,,,,,,,,,,33.260000,32.084167,22.251667,15.453958,33.260000,35.254097,31.265903,34.257048,32.262952
2024-07-02,31.900000,2024-05-15,2024-03-31,-0.840000,-0.870000,-36.666667,-187.711555,198.042272,507.902607,335.605830,163.309053,-8.987724,-181.284501,,,,,,,,,,33.280000,32.295833,22.517500,15.527292,33.280000,35.206655,31.353345,34.243328,32.316672
2024-07-03,32.300000,2024-05-15,2024-03-31,-0.840000,-0.870000,-37.126437,-188.020942,197.775380,507.707381,335.642801,163.578220,-8.486361,-180.550942,,,,,,,,,,33.295000,32.496667,22.786667,15.602292,33.295000,35.183999,31.406001,34.239499,32.350501
2024-07-04,32.450000,2024-05-15,2024-03-31,-0.840000,-0.870000,-37.298851,-187.305251,198.166991,507.766132,335.360850,162.955568,-9.449714,-181.854996,,,,,,,,,,33.292500,32.697500,22.944167,15.677500,33.292500,35.186056,31.398944,34.239278,32.345722
2024-07-05,32.200000,2024-05-15,2024-03-31,-0.840000,-0.870000,-37.011494,-186.598528,198.553346,507.823542,335.082131,162.340720,-10.400691,-183.142102,,,,,,,,,,33.270000,32.860833,23.100833,15.751875,33.270000,35.205921,31.334079,34.237960,32.302040
2024-07-08,31.600000,2024-05-15,2024-03-31,-0.840000,-0.870000,-36.321839,-186.901210,198.294014,507.635637,335.119845,162.604053,-9.911739,-182.427531,,,,,,,,,,33.225000,32.977500,23.364167,15.823958,33.225000,35.274775,31.175225,34.249888,32.200112
2024-07-09,31.600000,2024-05-15,2024-03-31,-0.840000,-0.870000,-36.321839,-187.203892,198.033875,507.446330,335.156858,162.867386,-9.422085,-181.711557,,,,,,,,,,33.155000,33.053333,23.627500,15.896042,33.155000,35.328985,30.981015,34.241992,32.068008
2024-07-10,31.600000,2024-05-15,2024-03-31,-0.840000,-0.870000,-36.321839,-187.506574,197.772928,507.255614,335.193167,163.130720,-8.931728,-180.994175,,,,,,,,,,33.075000,33.084167,23.890833,15.968333,33.075000,35.357081,30.792919,34.216041,31.933959
2024-07-11,32.000000,2024-05-15,2024-03-31,-0.840000,-0.870000,-36.781609,-186.797936,198.162237,507.316497,334.915351,162.514205,-9.886941,-182.288087,,,,,,,,,,33.010000,33.117500,24.045833,16.042292,33.010000,35.338677,30.681323,34.174339,31.845661
2024-07-12,32.000000,2024-05-15,2024-03-31,-0.840000,-0.870000,-36.781609,-187.104450,197.899145,507.125384,334.953128,162.780871,-9.391385,-181.563642,,,,,,,,,,32.860000,33.167500,24.312500,16.116250,32.860000,35.030035,30.689965,33.945018,31.774982
2024-07-15,35.150000,2024-05-15,2024-03-31,-0.840000,-0.870000,-40.402299,-186.425984,198.264074,507.170095,334.680350,162.190606,-10.299138,-182.788883,,,,,,,,,,32.892500,33.255000,24.493750,16.203542,32.892500,35.182128,30.602872,34.037314,31.747686
2024-07-16,37.000000,2024-05-15,2024-03-31,-0.840000,-0.870000,-42.528736,-185.765239,198.613014,507.202402,334.409080,161.615758,-11.177564,-183.970886,,,,,,,,,,33.017500,33.380000,24.690417,16.298125,33.017500,35.878357,30.156643,34.447928,31.587072
2024-07-17,35.200000,2024-05-15,2024-03-31,-0.840000,-0.870000,-40.459770,-185.087252,198.971677,507.236627,334.131268,161.025909,-12.079450,-185.184809,,,,,,,,,,33.055000,33.490000,24.872083,16.385208,33.055000,36.012933,30.097067,34.533967,31.576033
2024-07-18,35.000000,2024-05-15,2024-03-31,-0.840000,-0.870000,-40.229885,-184.407349,199.328766,507.266447,333.850420,160.434394,-12.981633,-186.397659,,,,,,,,,,33.082500,33.586667,25.052083,16.531042,33.082500,36.104572,30.060428,34.593536,31.571464
2024-07-19,33.150000,2024-05-15,2024-03-31,-0.840000,-0.870000,-38.103448,-183.709727,199.695817,507.298184,333.562823,159.827462,-13.907899,-187.643260,,,,,,,,,,33.010000,33.605833,25.216667,16.610000,33.010000,35.947167,30.072833,34.478583,31.541417
2024-07-22,34.300000,2024-05-15,2024-03-31,-0.840000,-0.870000,-39.425287,-183.023119,200.051732,507.320128,333.275121,159.230114,-14.814893,-188.859900,,,,,,,,,,33.080000,33.625833,25.390833,16.693750,33.080000,36.072341,30.087659,34.576171,31.583829
2024-07-23,36.000000,2024-05-15,2024-03-31,-0.840000,-0.870000,-41.379310,-182.352795,200.393013,507.330774,332.988853,158.646932,-15.694989,-190.036910,,,,,,,,,,33.212500,33.620833,25.579167,16.843750,33.212500,36.477445,29.947555,34.844973,31.580027
2024-07-26,35.000000,2024-05-15,2024-03-31,-0.840000,-0.870000,-40.229885,-182.688044,200.118844,507.145388,333.041993,158.938598,-15.164796,-189.268191,,,,,,,,,,33.297500,33.545833,25.870833,16.927083,33.297500,36.659122,29.935878,34.978311,31.616689
2024-07-29,36.000000,2024-05-15,2024-03-31,-0.840000,-0.870000,-41.379310,-183.032872,199.836859,506.954732,333.096665,159.238598,-14.619469,-188.477536,,,,,,,,,,33.472500,33.505833,26.170833,17.016667,33.472500,37.018658,29.926342,35.245579,31.699421
2024-07-30,36.000000,2024-05-15,2024-03-31,-0.840000,-0.870000,-41.379310,-183.377699,199.553874,506.762339,333.150469,159.538598,-14.073272,-187.685142,,,,,,,,,,33.647500,33.460000,26.470833,17.106250,33.647500,37.334244,29.960756,35.490872,31.804128
2024-07-31,36.100000,2024-05-15,2024-03-31,-0.840000,-0.870000,-41.494253,-182.787879,199.870154,506.799522,332.912488,159.025455,-14.861579,-188.748613,,,,,,,,,,33.827500,33.415000,26.668750,17.256667,33.827500,37.628120,30.026880,35.727810,31.927190
2024-08-01,39.600000,2024-05-15,2024-03-31,-0.840000,-0.870000,-45.517241,-182.182341,200.177371,506.807262,332.652949,158.498636,-15.655676,-189.809989,,,,,,,,,,34.212500,33.428333,26.890417,17.361250,34.212500,38.690619,29.734381,36.451560,31.973440
2024-08-02,38.450000,2024-05-15,2024-03-31,-0.840000,-0.870000,-44.195402,-182.550636,199.879802,506.609909,332.714481,158.819053,-15.076375,-188.971803,,,,,,,,,,34.520000,33.424167,27.210833,17.461042,34.520000,39.280849,29.759151,36.900425,32.139575
2024-08-05,34.650000,2024-05-15,2024-03-31,-0.840000,-0.870000,-39.827586,-181.859805,200.231254,506.620413,332.419222,158.218030,-15.983161,-190.184353,,,,,,,,,,34.630000,33.362500,27.387083,17.605417,34.630000,39.290066,29.969934,36.960033,32.299967
2024-08-06,33.700000,2024-05-15,2024-03-31,-0.840000,-0.870000,-38.735632,-182.182602,199.966659,506.440851,332.469857,158.498864,-15.472130,-189.443124,,,,,,,,,,34.705000,33.310833,27.667917,17.685625,34.705000,39.247188,30.162812,36.976094,32.433906
2024-08-07,35.000000,2024-05-15,2024-03-31,-0.840000,-0.870000,-40.229885,-181.551942,200.296498,506.466096,332.208143,157.950189,-16.307764,-190.565718,,,,,,,,,,34.875000,33.269167,27.853333,17.772083,34.875000,39.175979,30.574021,37.025490,32.724510
2024-08-08,35.000000,2024-05-15,2024-03-31,-0.840000,-0.870000,-40.229885,-180.921282,200.623796,506.486920,331.944218,157.401515,-17.141187,-191.683890,,,,,,,,,,35.045000,33.285833,28.038750,17.917917,35.045000,39.060221,31.029779,37.052611,33.037389
2024-08-09,37.000000,2024-05-15,2024-03-31,-0.840000,-0.870000,-42.528736,-180.271900,200.947015,506.484360,331.660457,156.836553,-17.987350,-192.811254,,,,,,,,,,35.315000,33.392500,28.236667,18.012708,35.315000,39.072813,31.557187,37.193906,33.436094
2024-08-12,37.500000,2024-05-15,2024-03-31,-0.840000,-0.870000,-43.103448,-179.615944,201.267650,506.471583,331.368727,156.265871,-18.836984,-193.939840,,,,,,,,,,35.590000,33.558333,28.437500,18.168958,35.590000,39.124730,32.055270,37.357365,33.822635
2024-08-13,38.100000,2024-05-15,2024-03-31,-0.840000,-0.870000,-43.793103,-178.965735,201.581727,506.452394,331.076291,155.700189,-19.675913,-195.052015,,,,,,,,,,35.895000,33.720000,28.643333,18.269375,35.895000,39.168482,32.621518,37.531741,34.258259
2024-08-14,37.450000,2024-08-14,2024-06-30,0.310000,-0.490000,-76.428571,-178.542034,201.744661,285.195364,186.340480,87.485596,-11.369287,-110.224171,,,,,,,,,,36.010000,33.849167,28.838750,18.425417,36.010000,39.334487,32.685513,37.672243,34.347757
2024-08-15,38.500000,2024-08-14,2024-06-30,0.310000,-0.490000,-78.571429,-178.136189,201.897592,285.146373,186.216553,87.286733,-11.643087,-110.572907,,,,,,,,,,36.085000,33.960833,29.042917,18.585833,36.085000,39.567452,32.602548,37.826226,34.343774
2024-08-16,39.000000,2024-08-14,2024-06-30,0.310000,-0.490000,-79.591837,-177.663091,202.062746,285.076406,186.065660,87.054915,-11.955831,-110.966577,,,,,,,,,,36.275000,34.061667,29.242917,18.748333,36.275000,39.962746,32.587254,38.118873,34.431127
2024-08-19,38.500000,2024-08-14,2024-06-30,0.310000,-0.490000,-78.571429,-177.200429,202.226847,285.010520,185.919365,86.828210,-12.262945,-111.354100,,,,,,,,,,36.450000,34.155833,29.440833,18.908750,36.450000,40.214376,32.685624,38.332188,34.567812
2024-08-20,38.500000,2024-08-14,2024-06-30,0.310000,-0.490000,-78.571429,-176.718827,202.393663,284.938015,185.765120,86.592225,-12.580670,-111.753565,,,,,,,,,,36.717500,34.251667,29.636667,19.010000,36.717500,40.247563,33.187437,38.482531,34.952469
2024-08-21,37.500000,2024-08-14,2024-06-30,0.310000,-0.490000,-76.530612,-176.250522,202.561253,284.872784,185.617770,86.362756,-12.892259,-112.147273,,,,,,,,,,36.877500,34.345000,29.827500,19.110208,36.877500,40.231912,33.523088,38.554706,35.200294
2024-08-22,38.450000,2024-08-14,2024-06-30,0.310000,-0.490000,-78.469388,-175.809736,202.717241,284.809667,185.478219,86.146771,-13.184678,-112.516126,,,,,,,,,,37.000000,34.424167,30.027500,19.270417,37.000000,40.398142,33.601858,38.699071,35.300929
2024-08-23,37.900000,2024-08-14,2024-06-30,0.310000,-0.490000,-77.346939,-175.317930,202.885264,284.733345,185.319565,85.905786,-13.507994,-112.921773,,,,,,,,,,37.145000,34.527500,30.218333,19.428333,37.145000,40.429397,33.860603,38.787198,35.502802
2024-08-26,37.600000,2024-08-14,2024-06-30,0.310000,-0.490000,-76.734694,-174.821023,203.054424,284.655637,185.158969,85.662301,-13.834367,-113.331035,,,,,,,,,,37.225000,34.625833,30.406667,19.531667,37.225000,40.469672,33.980328,38.847336,35.602664
2024-08-27,37.300000,2024-08-14,2024-06-30,0.310000,-0.490000,-76.122449,-174.322800,203.223979,284.577672,184.997922,85.418172,-14.161577,-113.741327,,,,,,,,,,37.290000,34.715833,30.592917,19.630833,37.290000,40.483019,34.096981,38.886509,35.693491
2024-08-28,36.900000,2024-08-14,2024-06-30,0.310000,-0.490000,-75.306122,-173.832927,203.392554,284.502837,184.840486,85.178134,-14.484217,-114.146568,,,,,,,,,,37.330000,34.805833,30.777500,19.727500,37.330000,40.480004,34.179996,38.905002,35.754998
2024-08-29,37.350000,2024-08-14,2024-06-30,0.310000,-0.490000,-76.224490,-173.324192,203.561047,284.418680,184.673767,84.928854,-14.816059,-114.560972,,,,,,,,,,37.217500,34.903333,30.962917,19.824792,37.217500,40.181366,34.253634,38.699433,35.735567
2024-08-30,37.000000,2024-08-14,2024-06-30,0.310000,-0.490000,-75.510204,-172.832232,203.726824,284.340081,184.513937,84.687793,-15.138350,-114.964494,,,,,,,,,,37.145000,34.986667,31.147917,19.924375,37.145000,40.052323,34.237677,38.598661,35.691339
2024-09-02,37.100000,2024-08-14,2024-06-30,0.310000,-0.490000,-75.714286,-172.341972,203.890455,284.260212,184.353889,84.447566,-15.458757,-115.365080,,,,,,,,,,37.267500,35.063333,31.333750,20.021875,37.267500,39.928184,34.606816,38.597842,35.937158
2024-09-03,37.900000,2024-08-14,2024-06-30,0.310000,-0.490000,-77.346939,-171.865317,204.046358,284.179436,184.196721,84.214006,-15.768710,-115.751425,,,,,,,,,,37.477500,35.150833,31.526250,20.179792,37.477500,39.550757,35.404243,38.514129,36.440871
2024-09-04,37.500000,2024-08-14,2024-06-30,0.310000,-0.490000,-76.530612,-171.381860,204.204192,284.097220,184.037166,83.977112,-16.082943,-116.142997,,,,,,,,,,37.602500,35.234167,31.715417,20.336042,37.602500,39.317289,35.887711,38.459894,36.745106
2024-09-05,37.500000,2024-08-14,2024-06-30,0.310000,-0.490000,-76.530612,-170.868100,204.365913,284.003964,183.864667,83.725369,-16.413928,-116.553226,,,,,,,,,,37.727500,35.309167,31.901250,20.492292,37.727500,38.932086,36.522914,38.329793,37.125207
2024-09-06,39.000000,2024-08-14,2024-06-30,0.310000,-0.490000,-79.591837,-170.357123,204.518049,283.902678,183.688834,83.474990,-16.738853,-116.952697,,,,,,,,,,37.827500,35.405833,32.097083,20.596458,37.827500,39.107498,36.547502,38.467499,37.187501
2024-09-09,38.500000,2024-08-14,2024-06-30,0.310000,-0.490000,-78.571429,-169.814916,204.675672,283.791467,183.500388,83.209309,-17.081771,-117.372850,,,,,,,,,,37.877500,35.492500,32.286250,20.698750,37.877500,39.181532,36.573468,38.529516,37.225484
2024-09-10,38.500000,2024-08-14,2024-06-30,0.310000,-0.490000,-78.571429,-169.170435,204.841520,283.638202,183.265858,82.893513,-17.478831,-117.851176,,,,,,,,,,37.897500,35.550833,32.464167,20.801250,37.897500,39.227904,36.567096,38.562702,37.232298
2024-09-11,37.600000,2024-08-14,2024-06-30,0.310000,-0.490000,-76.734694,-168.381860,205.015078,283.421888,182.964500,82.507112,-17.950276,-118.407664,,,,,,,,,,37.905000,35.602500,32.620417,20.898750,37.905000,39.226443,36.583557,38.565721,37.244279
2024-09-12,38.000000,2024-08-14,2024-06-30,0.310000,-0.490000,-77.551020,-167.600089,205.182409,283.202804,182.663424,82.124043,-18.415337,-118.954717,,,,,,,,,,37.880000,35.660833,32.780000,20.997917,37.880000,39.172651,36.587349,38.526326,37.233674
2024-09-13,0.000000,2024-08-14,2024-06-30,0.310000,-0.490000,-0.000000,-166.156907,205.751081,283.052944,182.234914,81.416884,-19.401145,-120.219175,,,,,,,,,,35.930000,35.086667,32.621250,20.941667,35.930000,52.885217,18.974783,44.407608,27.452392
2024-09-16,37.300000,2024-08-14,2024-06-30,0.310000,-0.490000,-76.122449,-165.420048,205.915170,282.852691,181.954257,81.055824,-19.842610,-120.741043,,,,,,,,,,35.870000,35.134167,32.781250,21.038750,35.870000,52.795390,18.944610,44.332695,27.407305
2024-09-18,39.450000,2024-08-14,2024-06-30,0.310000,-0.490000,-80.510204,-164.697027,206.060882,282.641207,181.671375,80.701543,-20.268289,-121.238120,,,,,,,,,,35.917500,35.215000,32.956667,21.144792,35.917500,52.879261,18.955739,44.398381,27.436619
2024-09-19,38.900000,2024-08-14,2024-06-30,0.310000,-0.490000,-79.387755,-163.941925,206.207256,282.414655,181.373099,80.331543,-20.710012,-121.751568,,,,,,,,,,35.987500,35.315000,33.125000,21.248542,35.987500,52.988270,18.986730,44.487885,27.487115
2024-09-20,37.050000,2024-08-14,2024-06-30,0.310000,-0.490000,-75.612245,-163.132634,206.363000,282.170730,181.052860,79.934990,-21.182879,-122.300749,,,,,,,,,,35.917500,35.376667,33.275417,21.344583,35.917500,52.887079,18.947921,44.402289,27.432711
2024-09-23,35.000000,2024-08-14,2024-06-30,0.310000,-0.490000,-71.428571,-162.292266,206.530730,281.923326,180.723268,79.523210,-21.676848,-122.876906,,,,,,,,,,35.772500,35.405000,33.409167,21.490417,35.772500,52.720298,18.824702,44.246399,27.298601
2024-09-24,33.500000,2024-08-14,2024-06-30,0.310000,-0.490000,-68.367347,-161.422599,206.706068,281.669020,180.383047,79.097074,-22.188899,-123.474873,,,,,,,,,,35.567500,35.421667,33.530000,21.571875,35.567500,52.521409,18.613591,44.044454,27.090546
2024-09-25,33.250000,2024-08-14,2024-06-30,0.310000,-0.490000,-67.857143,-159.342242,206.378037,280.328175,179.202937,78.077699,-23.047539,-124.172778,,,,,,,,,,35.365000,35.434167,33.648333,21.710417,35.365000,52.328524,18.401476,43.846762,26.883238
2024-09-26,32.500000,2024-08-14,2024-06-30,0.310000,-0.490000,-66.326531,-157.228297,206.017462,278.938978,177.990422,77.041865,-23.906691,-124.855247,,,,,,,,,,35.145000,35.434167,33.759167,21.787708,35.145000,52.138804,18.151196,43.641902,26.648098
2024-09-27,32.500000,2024-08-14,2024-06-30,0.310000,-0.490000,-66.326531,-155.114351,205.634342,277.527687,176.766860,76.006032,-24.754795,-125.515623,,,,,,,,,,34.902500,35.444167,33.870000,21.923125,34.902500,51.902236,17.902764,43.402368,26.402632
2024-09-30,32.050000,2024-08-14,2024-06-30,0.310000,-0.490000,-65.408163,-152.846919,205.105796,275.898671,175.396831,74.894990,-25.606850,-126.108690,,,,,,,,,,34.655000,35.440000,33.968333,22.056667,34.655000,51.670284,17.639716,43.162642,26.147358
2024-10-01,32.050000,2024-08-14,2024-06-30,0.310000,-0.490000,-65.408163,-150.558654,204.531214,274.214330,173.994035,73.773740,-26.446554,-126.666849,,,,,,,,,,34.402500,35.433333,34.065417,22.190208,34.402500,51.414894,17.390106,42.908697,25.896303
2024-10-04,32.300000,2024-08-14,2024-06-30,0.310000,-0.490000,-65.918367,-147.996863,203.640748,272.086396,172.302429,72.518463,-27.265504,-127.049470,,,,,,,,,,34.122500,35.435000,34.147917,22.266875,34.122500,51.076757,17.168243,42.599628,25.645372
2024-10-07,33.400000,2024-08-14,2024-06-30,0.310000,-0.490000,-68.163265,-145.148223,202.331597,269.407594,170.265112,71.122629,-28.019853,-127.162336,,,,,,,,,,33.917500,35.465000,34.221250,22.406042,33.917500,50.798797,17.036203,42.358148,25.476852
2024-10-08,33.700000,2024-08-14,2024-06-30,0.310000,-0.490000,-68.775510,-141.964408,200.478502,266.031492,167.797026,69.562560,-28.671906,-126.906372,,,,,,,,,,33.727500,35.500000,34.276667,22.490625,33.727500,50.524350,16.930650,42.125925,25.329075
2024-10-09,33.950000,2024-08-14,2024-06-30,0.310000,-0.490000,-69.285714,-138.409844,197.916601,261.779093,164.799958,67.820824,-29.158311,-126.137445,,,,,,,,,,33.475000,35.539167,34.311667,22.577917,33.475000,50.088961,16.861039,41.781980,25.168020
2024-10-11,35.500000,2024-08-14,2024-06-30,0.310000,-0.490000,-72.448980,-134.846919,195.182026,257.353376,161.714183,66.074990,-29.564203,-125.203396,,,,,,,,,,33.325000,35.597500,34.357500,22.669583,33.325000,49.801538,16.848462,41.563269,25.086731
2024-10-14,36.250000,2024-08-14,2024-06-30,0.310000,-0.490000,-73.979592,-131.435638,192.600349,253.151804,158.777633,64.403463,-29.970708,-124.344879,,,,,,,,,,33.212500,35.668333,34.417917,22.820625,33.212500,49.570562,16.854438,41.391531,25.033469
2024-10-15,36.500000,2024-08-14,2024-06-30,0.310000,-0.490000,-74.489796,-127.903609,189.679613,248.558789,155.615778,62.672768,-30.270242,-123.213252,,,,,,,,,,33.157500,35.690833,34.472917,22.918542,33.157500,49.460754,16.854246,41.309127,25.005873
2024-10-16,36.150000,2024-08-14,2024-06-30,0.310000,-0.490000,-73.775510,-124.421182,186.758625,243.989832,152.478106,60.966379,-30.545347,-122.057074,,,,,,,,,,33.065000,35.676667,34.528333,23.069167,33.065000,49.273286,16.856714,41.169143,24.960857
2024-10-17,36.000000,2024-08-14,2024-06-30,0.310000,-0.490000,-73.469388,-121.061205,183.974327,239.614830,149.467410,59.319990,-30.827430,-120.974850,,,,,,,,,,34.865000,35.690000,34.590000,23.219167,34.865000,39.416125,30.313875,37.140562,32.589438
2024-10-18,35.800000,2024-08-14,2024-06-30,0.310000,-0.490000,-73.061224,-117.614493,180.916222,234.928999,146.280050,57.631102,-31.017847,-119.666796,,,,,,,,,,34.790000,35.703333,34.645000,23.314167,34.790000,39.219993,30.360007,37.004997,32.575003
2024-10-21,35.400000,2024-08-14,2024-06-30,0.310000,-0.490000,-72.244898,-113.772089,176.863794,229.074842,142.411583,55.748324,-30.914936,-117.578195,,,,,,,,,,34.587500,35.740833,34.673333,23.405833,34.587500,38.455163,30.719837,36.521331,32.653669
2024-10-22,34.100000,2024-08-14,2024-06-30,0.310000,-0.490000,-69.591837,-109.754799,172.248575,222.583455,138.181653,53.779852,-30.621950,-115.023752,,,,,,,,,,34.347500,35.737500,34.681667,23.489583,34.347500,37.641590,31.053410,35.994545,32.700455
2024-10-23,33.700000,2024-08-14,2024-06-30,0.310000,-0.490000,-68.775510,-105.286262,166.139922,214.407392,132.998830,51.590268,-29.818294,-111.226855,,,,,,,,,,34.180000,35.699167,34.660000,23.571667,34.180000,37.226897,31.133103,35.703448,32.656552
2024-10-24,33.400000,2024-08-14,2024-06-30,0.310000,-0.490000,-68.163265,-100.368178,158.175228,204.192130,126.686269,49.180407,-28.325454,-105.831316,,,,,,,,,,34.100000,35.672500,34.609167,23.710833,34.100000,37.140256,31.059744,35.620128,32.579872
2024-10-25,0.000000,2024-08-14,2024-06-30,0.310000,-0.490000,-0.000000,-95.034844,150.427035,193.985568,120.276321,46.567074,-27.142173,-100.851420,,,,,,,,,,32.425000,35.072500,34.289167,23.655417,32.425000,47.986373,16.863627,40.205686,24.644314
2024-10-28,33.400000,2024-08-14,2024-06-30,0.310000,-0.490000,-68.163265,-90.220927,141.638939,183.014415,113.611334,44.208254,-25.194826,-94.597906,,,,,,,,,,32.432500,35.029167,34.244583,23.794583,32.432500,47.995691,16.869309,40.214096,24.650904
2024-10-29,0.000000,2024-08-14,2024-06-30,0.310000,-0.490000,-0.000000,-84.832038,132.282872,171.204914,106.386306,41.567699,-23.250909,-88.069516,,,,,,,,,,30.807500,34.427500,33.921250,23.794583,30.807500,52.080470,9.534530,41.443985,20.171015
2024-10-30,31.600000,2024-08-14,2024-06-30,0.310000,-0.490000,-64.489796,-79.980564,121.761700,158.516943,98.853710,39.190477,-20.472756,-80.135989,,,,,,,,,,30.762500,34.294167,33.861250,23.926250,30.762500,52.024200,9.500800,41.393350,20.131650
2024-11-01,31.600000,2024-08-14,2024-06-30,0.310000,-0.490000,-64.489796,-75.142979,110.098055,144.716153,90.768107,36.820060,-17.127987,-71.076034,,,,,,,,,,30.740000,34.180000,33.802083,24.057917,30.740000,51.996915,9.483085,41.368457,20.111543
2024-11-04,28.850000,2024-08-14,2024-06-30,0.310000,-0.490000,-58.877551,-70.307237,97.092347,129.601046,82.025796,34.450546,-13.124704,-60.699954,,,,,,,,,,30.580000,34.083333,33.722917,24.178125,30.580000,51.843569,9.316431,41.211785,19.948215
2024-11-05,29.900000,2024-08-14,2024-06-30,0.310000,-0.490000,-61.020408,-65.704629,83.236564,113.767101,72.981185,32.195268,-8.590648,-49.376565,,,,,,,,,,30.460000,34.020000,33.665417,24.302708,30.460000,51.709783,9.210217,41.084891,19.835109
2024-11-06,31.150000,2024-08-14,2024-06-30,0.310000,-0.490000,-63.571429,-61.026058,65.403551,93.998248,61.950508,29.902768,-2.144972,-34.192711,,,,,,,,,,30.347500,33.955833,33.612500,24.378333,30.347500,51.555529,9.139471,40.951515,19.743485
2024-11-07,33.000000,2024-08-14,2024-06-30,0.310000,-0.490000,-67.346939,-56.865060,45.956425,72.901176,50.382528,27.863879,5.345231,-17.173417,,,,,,,,,,30.312500,33.922500,33.604167,24.461042,30.312500,51.499534,9.125466,40.906017,19.718983
2024-11-08,32.250000,2024-08-14,2024-06-30,0.310000,-0.490000,-65.816327,-53.163529,19.322964,44.986634,35.518382,26.050129,16.581877,7.113624,,,,,,,,,,30.227500,33.843333,33.617917,24.595417,30.227500,51.366675,9.088325,40.797087,19.657913
2024-11-11,34.200000,2024-08-14,2024-06-30,0.310000,-0.490000,-69.795918,-53.481273,19.279951,45.100176,35.653000,26.205824,16.758648,7.311472,,,,,,,,,,30.162500,33.788333,33.673333,24.681667,30.162500,51.241321,9.083679,40.701911,19.623089
2024-11-12,34.500000,2024-08-14,2024-06-30,0.310000,-0.490000,-70.408163,-53.795977,19.245144,45.220270,35.790149,26.360029,16.929908,7.499787,,,,,,,,,,30.075000,33.728333,33.724167,24.825417,30.075000,51.061750,9.088250,40.568375,19.581625
2024-11-13,35.350000,2024-08-14,2024-06-30,0.310000,-0.490000,-72.142857,-54.112685,19.231632,45.362215,35.938715,26.515216,17.091716,7.668216,,,,,,,,,,30.017500,33.693333,33.771250,24.972708,30.017500,50.936322,9.098678,40.476911,19.558089
2024-11-14,35.000000,2024-11-14,2024-09-30,3.220000,2.620000,13.358779,-53.696764,20.133186,-246.183418,-193.434470,-140.685521,-87.936573,-35.187624,,,,,,,,,,29.960000,33.635000,33.797917,25.062500,29.960000,50.814069,9.105931,40.387035,19.532965
2024-11-15,38.500000,2024-11-14,2024-09-30,3.220000,2.620000,14.694656,-53.258695,21.032201,-249.746514,-194.642148,-139.537782,-84.433416,-29.329050,,,,,,,,,,30.085000,33.626667,33.844167,25.165417,30.085000,51.120686,9.049314,40.602843,19.567157
2024-11-18,38.300000,2024-11-14,2024-09-30,3.220000,2.620000,14.618321,-52.822221,21.882850,-253.060355,-195.727287,-138.394219,-81.061150,-23.728082,,,,,,,,,,30.210000,33.623333,33.889583,25.266875,30.210000,51.417685,9.002315,40.813842,19.606158
2024-11-19,38.400000,2024-11-14,2024-09-30,3.220000,2.620000,14.656489,-52.386386,22.693506,-256.166305,-196.709318,-137.252332,-77.795345,-18.338359,,,,,,,,,,30.360000,33.621667,33.936667,25.426875,30.360000,51.763777,8.956223,41.061889,19.658111
2024-11-20,37.750000,2024-11-14,2024-09-30,3.220000,2.620000,14.408397,-51.960761,23.456938,-259.051550,-197.594371,-136.137193,-74.680014,-13.222836,,,,,,,,,,30.542500,33.625833,33.985417,25.525833,30.542500,52.141898,8.943102,41.342199,19.742801
2024-11-21,37.650000,2024-11-14,2024-09-30,3.220000,2.620000,14.370229,-51.518212,24.197805,-261.774216,-198.375965,-134.977715,-71.579464,-8.181214,,,,,,,,,,30.740000,33.612500,34.018333,25.682708,30.740000,52.532336,8.947664,41.636168,19.843832
2024-11-22,37.200000,2024-11-14,2024-09-30,3.220000,2.620000,14.198473,-51.096251,24.894464,-264.319171,-199.095675,-133.872178,-68.648682,-3.425185,,,,,,,,,,30.930000,33.600833,34.064167,25.837708,30.930000,52.885635,8.974365,41.907817,19.952183
2024-11-25,37.300000,2024-11-14,2024-09-30,3.220000,2.620000,14.236641,-50.673973,25.565943,-266.731351,-199.748580,-132.765809,-65.783038,1.199734,,,,,,,,,,32.795000,33.595833,34.110833,25.993125,32.795000,49.364373,16.225627,41.079686,24.510314
2024-11-26,37.300000,2024-11-14,2024-09-30,3.220000,2.620000,14.236641,-50.249779,26.214382,-269.017783,-200.336101,-131.654420,-62.972738,5.708943,,,,,,,,,,32.990000,33.595833,34.155833,26.090625,32.990000,49.680703,16.299297,41.335352,24.644648
2024-11-27,37.300000,2024-11-14,2024-09-30,3.220000,2.620000,14.236641,-49.829416,26.838477,-271.186689,-200.869879,-130.553069,-60.236259,10.080550,,,,,,,,,,34.855000,33.602500,34.204167,26.187917,34.855000,41.077616,28.632384,37.966308,31.743692
2024-11-28,37.000000,2024-11-14,2024-09-30,3.220000,2.620000,14.122137,-49.410007,27.439663,-273.238053,-201.346136,-129.454219,-57.562302,14.329616,,,,,,,,,,35.125000,33.596667,34.250000,26.287083,35.125000,41.220253,29.029747,38.172626,32.077374
2024-11-29,37.200000,2024-11-14,2024-09-30,3.220000,2.620000,14.198473,-48.985173,28.025226,-275.193338,-201.767246,-128.341154,-54.915061,18.511031,,,,,,,,,,35.405000,33.600000,34.293333,26.385208,35.405000,41.330582,29.479418,38.367791,32.442209
2024-12-02,38.000000,2024-11-14,2024-09-30,3.220000,2.620000,14.503817,-48.553005,28.600022,-277.072990,-202.140932,-127.208874,-52.276816,22.655243,,,,,,,,,,35.862500,33.615000,34.339167,26.543542,35.862500,41.020312,30.704688,38.441406,33.283594
2024-12-03,38.000000,2024-11-14,2024-09-30,3.220000,2.620000,14.503817,-48.119401,29.157564,-278.858463,-202.465646,-126.072830,-49.680013,26.712803,,,,,,,,,,36.267500,33.616667,34.383750,26.701875,36.267500,40.670881,31.864119,38.469190,34.065810
2024-12-04,37.600000,2024-11-14,2024-09-30,3.220000,2.620000,14.351145,-47.688505,29.695075,-280.546079,-202.744981,-124.943883,-47.142786,30.658312,,,,,,,,,,36.590000,33.618333,34.426250,26.801458,36.590000,40.306478,32.873522,38.448239,34.731761
2024-12-05,38.000000,2024-11-14,2024-09-30,3.220000,2.620000,14.503817,-47.251548,30.220988,-282.157034,-202.978045,-123.799056,-44.620067,34.558923,,,,,,,,,,36.840000,33.626667,34.467917,26.903542,36.840000,40.194745,33.485255,38.517373,35.162627
2024-12-06,38.100000,2024-11-14,2024-09-30,3.220000,2.620000,14.541985,-46.812357,30.732831,-283.688411,-203.168393,-122.648376,-42.128358,38.391659,,,,,,,,,,37.132500,33.611667,34.508750,27.062292,37.132500,39.738823,34.526177,38.435662,35.829338
2024-12-09,38.100000,2024-11-14,2024-09-30,3.220000,2.620000,14.541985,-46.372208,31.230313,-285.142024,-203.318605,-121.495186,-39.671767,42.151652,,,,,,,,,,37.327500,33.605000,34.548750,27.164792,37.327500,39.567912,35.087088,38.447706,36.207294
2024-12-10,38.000000,2024-11-14,2024-09-30,3.220000,2.620000,14.503817,-45.916094,31.716676,-286.495548,-203.397858,-120.300167,-37.202476,45.895214,,,,,,,,,,37.502500,33.596667,34.573750,27.266875,37.502500,39.319807,35.685193,38.411154,36.593846
2024-12-11,37.500000,2024-11-14,2024-09-30,3.220000,2.620000,14.312977,-45.466360,32.185365,-287.773173,-203.447518,-119.121862,-34.796207,49.529449,,,,,,,,,,37.610000,33.595000,34.598750,27.366875,37.610000,39.119479,36.100521,38.364739,36.855261
2024-12-12,37.500000,2024-11-14,2024-09-30,3.220000,2.620000,14.312977,-45.016625,32.641078,-288.982805,-203.463181,-117.943558,-32.423934,53.095689,,,,,,,,,,37.735000,33.586667,34.623750,27.466458,37.735000,38.618831,36.851169,38.176916,37.293084
2024-12-13,37.350000,2024-11-14,2024-09-30,3.220000,2.620000,14.255725,-44.567847,33.083423,-290.124895,-203.446326,-116.767758,-30.089190,56.589379,,,,,,,,,,37.677500,34.209167,34.647917,27.622083,37.677500,38.499228,36.855772,38.088364,37.266636
2024-12-16,36.400000,2024-11-14,2024-09-30,3.220000,2.620000,13.893130,-44.122090,33.508581,-291.184837,-203.392356,-115.599875,-27.807394,59.985088,,,,,,,,,,37.582500,34.194167,34.664167,27.773750,37.582500,38.530781,36.634219,38.056640,37.108360
2024-12-17,36.200000,2024-11-14,2024-09-30,3.220000,2.620000,13.816794,-43.675532,33.921587,-292.179012,-203.304453,-114.429894,-25.555335,63.319224,,,,,,,,,,37.472500,34.140000,34.677500,27.868958,37.472500,38.526053,36.418947,37.999276,36.945724
2024-12-18,36.550000,2024-11-14,2024-09-30,3.220000,2.620000,13.950382,-43.244145,34.323510,-293.154852,-203.227256,-113.299659,-23.372063,66.555534,,,,,,,,,,37.412500,34.100833,34.707917,27.965000,37.412500,38.534000,36.291000,37.973250,36.851750
2024-12-19,0.000000,2024-11-14,2024-09-30,3.220000,2.620000,0.000000,-42.924700,34.547251,-293.490310,-202.976512,-112.462715,-21.948917,68.564880,,,,,,,,,,35.530000,33.483333,34.430000,27.908750,35.530000,52.292973,18.767027,43.911486,27.148514
2024-12-20,36.550000,2024-11-14,2024-09-30,3.220000,2.620000,13.950382,-42.489482,34.933121,-294.371994,-202.847218,-111.322442,-19.797666,71.727110,,,,,,,,,,35.497500,33.509167,34.457083,28.004583,35.497500,52.249357,18.745643,43.873428,27.121572
2024-12-23,37.600000,2024-11-14,2024-09-30,3.220000,2.620000,14.351145,-42.058586,35.313798,-295.237796,-202.715646,-110.193495,-17.671345,74.850805,,,,,,,,,,35.512500,33.577500,34.499583,28.104792,35.512500,52.271688,18.753312,43.892094,27.132906
2024-12-24,37.800000,2024-11-14,2024-09-30,3.220000,2.620000,14.427481,-41.627054,35.686176,-296.058442,-202.560662,-109.062882,-15.565103,77.932677,,,,,,,,,,35.537500,33.653333,34.543750,28.262292,35.537500,52.309402,18.765598,43.923451,27.151549
2024-12-25,38.000000,2024-11-14,2024-09-30,3.220000,2.620000,14.503817,-41.194887,36.050489,-296.835166,-202.382884,-107.930603,-13.478321,80.973961,,,,,,,,,,35.572500,33.745000,34.589583,28.420625,35.572500,52.362800,18.782200,43.967650,27.177350
2024-12-26,37.900000,2024-11-14,2024-09-30,3.220000,2.620000,14.465649,-40.768784,36.404901,-297.575893,-202.195053,-106.814214,-11.433374,83.947465,,,,,,,,,,35.617500,33.835000,34.639583,28.578542,35.617500,52.428720,18.806280,44.023110,27.211890
2024-12-27,37.900000,2024-11-14,2024-09-30,3.220000,2.620000,14.465649,-40.338850,36.751275,-298.264469,-201.976128,-105.687787,-9.399445,86.888896,,,,,,,,,,35.652500,33.932500,34.686250,28.736458,35.652500,52.480499,18.824501,44.066500,27.238500
2024-12-30,37.700000,2024-11-14,2024-09-30,3.220000,2.620000,14.389313,-39.908115,37.088556,-298.903296,-201.731279,-104.559262,-7.387245,89.784772,,,,,,,,,,35.637500,34.026667,34.730000,28.837083,35.637500,52.457221,18.817779,44.047361,27.227639
2024-12-31,38.000000,2024-11-14,2024-09-30,3.220000,2.620000,14.503817,-39.478821,37.419034,-299.510251,-201.472381,-103.434511,-5.396641,92.641229,,,,,,,,,,35.637500,34.121667,34.778333,28.939583,35.637500,52.457221,18.817779,44.047361,27.227639
2025-01-02,37.400000,2024-11-14,2024-09-30,3.220000,2.620000,14.274809,-39.057182,37.738604,-300.080101,-201.204959,-102.329817,-3.454675,95.420467,,,,,,,,,,35.627500,34.188333,34.826667,29.095417,35.627500,52.442546,18.812454,44.035023,27.219977
2025-01-03,0.000000,2024-11-14,2024-09-30,3.220000,2.620000,0.000000,-38.754500,37.906015,-300.164309,-200.850550,-101.536791,-2.223031,97.090728,,,,,,,,,,33.727500,33.626667,34.563333,29.095417,33.727500,56.826975,10.628025,45.277238,22.177762
2025-01-06,37.000000,2024-11-14,2024-09-30,3.220000,2.620000,14.122137,-38.334134,38.211691,-300.664692,-200.550061,-100.435430,-0.320800,99.793831,,,,,,,,,,33.672500,33.677500,34.608333,29.249583,33.672500,56.733346,10.611654,45.202923,22.142077
2025-01-07,36.950000,2024-11-14,2024-09-30,3.220000,2.620000,14.103053,-37.910095,38.510234,-301.118076,-200.221262,-99.324449,1.572365,102.469179,,,,,,,,,,33.615000,33.701667,34.649583,29.347708,33.615000,56.635062,10.594938,45.125031,22.104969
2025-01-08,37.100000,2024-11-14,2024-09-30,3.220000,2.620000,14.160305,-37.485579,38.802448,-301.537044,-199.874630,-98.212217,3.450197,105.112611,,,,,,,,,,33.570000,33.715833,34.692083,29.502292,33.570000,56.557466,10.582534,45.063733,22.076267
2025-01-09,37.100000,2024-11-14,2024-09-30,3.220000,2.620000,14.160305,-37.030891,39.086625,-301.834849,-199.427891,-97.020933,5.386025,107.792982,,,,,,,,,,33.550000,33.725833,34.708333,29.601042,33.550000,56.523761,10.576239,45.036880,22.063120
2025-01-10,37.200000,2024-11-14,2024-09-30,3.220000,2.620000,14.198473,-36.558164,39.361645,-302.037409,-198.909899,-95.782389,7.345121,110.472630,,,,,,,,,,33.535000,33.743333,34.710000,29.700208,33.535000,56.498291,10.571709,45.016646,22.053354
2025-01-13,35.850000,2024-11-14,2024-09-30,3.220000,2.620000,13.683206,-36.106972,39.625971,-302.240358,-198.420313,-94.600268,9.219778,113.039823,,,,,,,,,,33.460000,33.740833,34.715417,29.793750,33.460000,56.380586,10.539414,44.920293,21.999707
2025-01-14,36.050000,2024-11-14,2024-09-30,3.220000,2.620000,13.759542,-35.657060,39.884421,-302.415864,-197.918681,-93.421498,11.075684,115.572867,,,,,,,,,,33.442500,33.745000,34.724167,29.888125,33.442500,56.354167,10.530833,44.898334,21.986666
2025-01-15,36.700000,2024-11-14,2024-09-30,3.220000,2.620000,14.007634,-35.222801,40.140430,-302.619595,-197.451667,-92.283740,12.884188,118.052115,,,,,,,,,,33.467500,33.766667,34.753750,29.985208,33.467500,56.392923,10.542077,44.930212,22.004788
2025-01-16,36.400000,2024-11-14,2024-09-30,3.220000,2.620000,13.893130,-34.778481,40.387854,-302.751974,-196.935797,-91.119621,14.696555,120.512732,,,,,,,,,,33.460000,33.805000,34.771250,30.081042,33.460000,56.381275,10.538725,44.920637,21.999363
2025-01-17,36.450000,2024-11-14,2024-09-30,3.220000,2.620000,13.912214,-34.317719,40.626605,-302.795833,-196.354128,-89.912423,16.529283,122.970988,,,,,,,,,,35.282500,33.850833,34.775000,30.177083,35.282500,51.943304,18.621696,43.612902,26.952098
2025-01-20,35.650000,2024-11-14,2024-09-30,3.220000,2.620000,13.606870,-33.869079,40.857373,-302.829619,-195.783303,-88.736987,18.309329,125.355646,,,,,,,,,,35.237500,33.888333,34.780417,30.325625,35.237500,51.888749,18.586251,43.563124,26.911876
2025-01-21,37.350000,2024-11-14,2024-09-30,3.220000,2.620000,14.255725,-33.405454,41.086449,-302.815283,-195.168786,-87.522289,20.124209,127.770706,,,,,,,,,,35.225000,34.510833,34.791667,30.481250,35.225000,51.869155,18.580845,43.547077,26.902923
2025-01-22,37.000000,2024-11-14,2024-09-30,3.220000,2.620000,14.122137,-32.942942,41.307728,-302.763003,-194.536755,-86.310507,21.915741,130.141989,,,,,,,,,,35.185000,34.570833,34.800000,30.635417,35.185000,51.806929,18.563071,43.495965,26.874035
2025-02-03,36.950000,2024-11-14,2024-09-30,3.220000,2.620000,14.103053,-32.479631,41.522245,-302.673197,-193.884915,-85.096632,23.691650,132.479932,,,,,,,,,,35.132500,35.186667,34.807083,30.737917,35.132500,51.723597,18.541403,43.428049,26.836951
2025-02-04,37.000000,2024-11-14,2024-09-30,3.220000,2.620000,14.122137,-31.982636,41.721327,-302.414261,-193.104383,-83.794506,25.515371,134.825249,,,,,,,,,,35.087500,35.276667,34.785417,30.837917,35.087500,51.651852,18.523148,43.369676,26.805324
2025-02-05,37.000000,2024-11-14,2024-09-30,3.220000,2.620000,14.122137,-31.496656,41.917064,-302.166653,-192.343946,-82.521240,27.301467,137.124173,,,,,,,,,,35.042500,35.366667,34.773333,30.992083,35.042500,51.579549,18.505451,43.311024,26.773976
2025-02-06,36.500000,2024-11-14,2024-09-30,3.220000,2.620000,13.931298,-31.048666,42.114090,-302.025338,-191.686421,-81.347504,28.991413,139.330330,,,,,,,,,,34.982500,35.494167,34.788750,31.087917,34.982500,51.487628,18.477372,43.235064,26.729936
2025-02-07,36.500000,2024-11-14,2024-09-30,3.220000,2.620000,13.931298,-30.609775,42.307298,-301.887852,-191.042731,-80.197609,30.647512,141.492633,,,,,,,,,,34.907500,35.604167,34.812083,31.240000,34.907500,51.368467,18.446533,43.137984,26.677016
2025-02-10,36.000000,2024-11-14,2024-09-30,3.220000,2.620000,13.740458,-30.160022,42.490643,-301.670226,-190.344741,-79.019257,32.306227,143.631712,,,,,,,,,,34.837500,35.685000,34.820417,31.336875,34.837500,51.265713,18.409287,43.051607,26.623393
2025-02-11,35.950000,2024-11-14,2024-09-30,3.220000,2.620000,13.721374,-29.710428,42.668256,-301.422984,-189.632153,-77.841321,33.949510,145.740342,,,,,,,,,,36.635000,35.734167,34.828333,31.433542,36.635000,37.653306,35.616694,37.144153,36.125847
2025-02-12,35.150000,2024-11-14,2024-09-30,3.220000,2.620000,13.416031,-29.244222,42.832342,-301.061332,-188.840596,-76.619860,35.600875,147.821611,,,,,,,,,,36.542500,35.782500,34.812917,31.524792,36.542500,37.741304,35.343696,37.141902,35.943098
2025-02-13,35.300000,2024-11-14,2024-09-30,3.220000,2.620000,13.473282,-28.772749,42.989599,-300.650098,-188.017350,-75.384602,37.248146,149.880895,,,,,,,,,,36.460000,35.800833,34.794583,31.616042,36.460000,37.763275,35.156725,37.111638,35.808362
2025-02-14,35.200000,2024-11-14,2024-09-30,3.220000,2.620000,13.435115,-28.295847,43.138741,-300.182121,-187.158620,-74.135119,38.888382,151.911883,,,,,,,,,,36.365000,35.812500,34.770417,31.706875,36.365000,37.746494,34.983506,37.055747,35.674253
2025-02-17,35.400000,2024-11-14,2024-09-30,3.220000,2.620000,13.511450,-27.546347,43.076719,-297.893438,-185.032433,-72.171429,40.689576,153.550581,,,,,,,,,,36.280000,35.813333,34.753333,31.796042,36.280000,37.680150,34.879850,36.980075,35.579925
2025-02-18,35.400000,2024-11-14,2024-09-30,3.220000,2.620000,13.511450,-26.778989,42.980196,-295.377178,-182.769065,-70.160952,42.447160,155.055273,,,,,,,,,,36.190000,35.820000,34.727500,31.885208,36.190000,37.572446,34.807554,36.881223,35.498777
2025-02-19,36.900000,2024-11-14,2024-09-30,3.220000,2.620000,14.083969,-25.998358,42.863456,-292.720207,-180.417952,-68.115697,44.186557,156.488812,,,,,,,,,,36.242500,35.793333,34.710000,31.976458,36.242500,37.650102,34.834898,36.946301,35.538699
2025-02-20,35.150000,2024-11-14,2024-09-30,3.220000,2.620000,13.416031,-25.231796,42.737707,-290.052889,-178.080097,-66.107304,45.865488,157.838280,,,,,,,,,,36.197500,35.740833,34.682083,32.061458,36.197500,37.686221,34.708779,36.941860,35.453140
2025-02-21,35.150000,2024-11-14,2024-09-30,3.220000,2.620000,13.416031,-24.465233,42.597679,-287.310747,-175.704829,-64.098912,47.507006,159.112924,,,,,,,,,,36.120000,35.686667,34.654167,32.145417,36.120000,37.659104,34.580896,36.889552,35.350448
2025-02-24,35.150000,2024-11-14,2024-09-30,3.220000,2.620000,13.416031,-23.715678,42.464980,-284.651572,-173.393325,-62.135077,49.123171,160.381419,,,,,,,,,,36.057500,35.643333,34.634583,32.231042,36.057500,37.649346,34.465654,36.853423,35.261577
2025-02-25,0.000000,2024-11-14,2024-09-30,3.220000,2.620000,0.000000,-23.061767,42.218203,-281.645212,-171.033520,-60.421828,50.189864,160.801555,,,,,,,,,,34.235000,35.015833,34.314167,32.170833,34.235000,50.428537,18.041463,42.331768,26.138232
2025-02-26,35.800000,2024-11-14,2024-09-30,3.220000,2.620000,13.664122,-22.303341,42.051960,-278.787021,-168.610887,-58.434753,51.741381,161.917514,,,,,,,,,,34.242500,34.992500,34.296667,32.257500,34.242500,50.438935,18.046065,42.340717,26.144283
2025-02-27,35.000000,2024-11-14,2024-09-30,3.220000,2.620000,13.358779,-21.552562,41.875875,-275.897299,-166.182506,-56.467713,53.247081,162.961874,,,,,,,,,,34.125000,34.954167,34.275000,32.340833,34.125000,50.260495,17.989505,42.192748,26.057252
2025-03-03,34.300000,2024-11-14,2024-09-30,3.220000,2.620000,13.091603,-20.809112,41.690446,-272.977810,-163.748841,-54.519872,54.709096,163.938065,,,,,,,,,,33.990000,34.904167,34.250000,32.421458,33.990000,50.069297,17.910703,42.029648,25.950352
2025-03-04,0.000000,2024-11-14,2024-09-30,3.220000,2.620000,0.000000,-20.181561,41.429188,-269.964635,-161.420162,-52.875689,55.668784,164.213258,,,,,,,,,,32.142500,34.282500,33.942500,32.360000,32.142500,54.177765,10.107235,43.160133,21.124867
2025-03-05,33.950000,2024-11-14,2024-09-30,3.220000,2.620000,12.958015,-19.438373,41.214756,-266.893861,-158.911199,-50.928537,57.054124,165.036786,,,,,,,,,,31.990000,34.231667,33.914167,32.438542,31.990000,53.925710,10.054290,42.957855,21.022145
2025-03-06,33.900000,2024-11-14,2024-09-30,3.220000,2.620000,12.938931,-18.701297,40.993864,-263.805244,-156.401321,-48.997398,58.406525,165.810448,,,,,,,,,,31.835000,34.176667,33.888333,32.518125,31.835000,53.665208,10.004792,42.750104,20.919896
2025-03-07,34.000000,2024-11-14,2024-09-30,3.220000,2.620000,12.977099,-17.962202,40.756153,-260.623210,-153.842090,-47.060969,59.720151,166.501272,,,,,,,,,,31.710000,34.110000,33.862500,32.598125,31.710000,53.456206,9.963794,42.583103,20.836897
2025-03-10,34.000000,2024-11-14,2024-09-30,3.220000,2.620000,12.977099,-17.209502,40.483353,-257.221664,-151.155279,-45.088895,60.977490,167.043875,,,,,,,,,,31.585000,34.043333,33.830000,32.678125,31.585000,53.243840,9.926160,42.414420,20.755580
2025-03-11,31.450000,2024-11-14,2024-09-30,3.220000,2.620000,12.003817,-16.471715,40.198920,-253.798233,-148.477063,-43.155893,62.165277,167.486447,,,,,,,,,,31.357500,33.940833,33.779583,32.747500,31.357500,52.916435,9.798565,42.136967,20.578033
2025-03-12,30.550000,2024-11-14,2024-09-30,3.220000,2.620000,11.660305,-15.736791,39.896710,-250.289153,-145.759772,-41.230391,63.298990,167.828371,,,,,,,,,,31.087500,33.816667,33.721667,32.811458,31.087500,52.539254,9.635746,41.813377,20.361623
2025-03-13,30.600000,2024-11-14,2024-09-30,3.220000,2.620000,11.679389,-14.976197,39.537527,-246.414279,-142.825958,-39.237636,64.350685,167.939007,,,,,,,,,,30.860000,33.691667,33.651667,32.874375,30.860000,52.226688,9.493312,41.543344,20.176656
2025-03-14,30.600000,2024-11-14,2024-09-30,3.220000,2.620000,11.679389,-14.224107,39.174357,-242.540792,-139.903976,-37.267160,65.369656,168.006472,,,,,,,,,,30.625000,33.566667,33.585833,32.936042,30.625000,51.889215,9.360785,41.257108,19.992892
2025-03-17,30.500000,2024-11-14,2024-09-30,3.220000,2.620000,11.641221,-13.472335,38.792880,-238.572210,-136.934863,-35.297517,66.339829,167.977176,,,,,,,,,,30.390000,33.441667,33.519167,32.991667,30.390000,51.544932,9.235068,40.967466,19.812534
2025-03-18,30.300000,2024-11-14,2024-09-30,3.220000,2.620000,11.564885,-12.736505,38.418459,-234.682369,-134.026006,-33.369643,67.286720,167.943083,,,,,,,,,,30.135000,33.321667,33.458333,33.039375,30.135000,51.158198,9.111802,40.646599,19.623401
2025-03-19,30.300000,2024-11-14,2024-09-30,3.220000,2.620000,11.564885,-11.993872,38.014243,-230.618579,-131.021262,-31.423946,68.173371,167.770688,,,,,,,,,,29.880000,33.201667,33.394167,33.087083,29.880000,50.757523,9.002477,40.318761,19.441239
2025-03-20,31.500000,2024-11-14,2024-09-30,3.220000,2.620000,12.022901,-11.893682,38.061934,-230.605979,-130.883712,-31.161446,68.560821,168.283088,,,,,,,,,,29.610000,33.104167,33.656667,33.138958,29.610000,50.243509,8.976491,39.926754,19.293246
2025-03-21,31.800000,2024-11-14,2024-09-30,3.220000,2.620000,12.137405,-11.158183,37.661008,-226.578120,-127.906279,-29.234439,69.437402,168.109242,,,,,,,,,,29.442500,33.027500,33.610833,33.196042,29.442500,49.940594,8.944406,39.691547,19.193453
2025-03-24,31.750000,2024-11-14,2024-09-30,3.220000,2.620000,12.118321,-10.386278,37.173726,-222.002373,-124.607211,-27.212049,70.183113,167.578275,,,,,,,,,,29.272500,32.953333,33.546667,33.251667,29.272500,49.627183,8.917817,39.449842,19.095158
2025-03-25,31.500000,2024-11-14,2024-09-30,3.220000,2.620000,12.022901,-9.624523,36.681202,-217.425747,-121.320999,-25.216250,70.888499,166.993247,,,,,,,,,,29.090000,32.869167,33.485000,33.305000,29.090000,49.287644,8.892356,39.188822,18.991178
2025-03-26,31.450000,2024-11-14,2024-09-30,3.220000,2.620000,12.003817,-8.894389,36.225854,-213.126777,-118.215038,-23.303299,71.608439,166.520178,,,,,,,,,,30.662500,33.393333,33.438333,33.356875,30.662500,45.513510,15.811490,38.088005,23.236995
2025-03-27,0.000000,2024-11-14,2024-09-30,3.220000,2.620000,0.000000,-8.299151,35.773712,-209.198028,-115.470902,-21.743776,71.983351,165.710477,,,,,,,,,,28.872500,32.784167,33.146667,33.277917,28.872500,48.858481,8.886519,38.865491,18.879509
2025-03-28,0.000000,2024-11-14,2024-09-30,3.220000,2.620000,0.000000,-7.729423,35.350941,-205.490021,-112.870555,-20.251088,72.368378,164.987844,,,,,,,,,,27.122500,32.157500,32.867500,33.198750,27.122500,50.662667,3.582333,38.892583,15.352417
2025-03-31,0.000000,2025-03-31,2024-12-31,0.280000,2.970000,0.000000,-7.163947,34.921163,-228.708630,-124.992776,-21.276922,82.438932,186.154786,,,,,,,,,,25.407500,31.527500,32.590417,33.119375,25.407500,51.594887,-0.779887,38.501193,12.313807
2025-04-01,30.450000,2025-03-31,2024-12-31,0.280000,2.970000,10.252525,-6.525788,34.528429,-224.480461,-121.931026,-19.381591,83.167845,185.717280,,,,,,,,,,26.930000,31.401667,32.573333,33.166250,26.930000,50.285274,3.574726,38.607637,15.252363
2025-04-02,0.000000,2025-03-31,2024-12-31,0.280000,2.970000,0.000000,-5.973067,34.091212,-220.241808,-118.990908,-17.740009,83.510890,184.761790,,,,,,,,,,25.232500,30.770000,32.302500,33.086250,25.232500,51.225582,-0.760582,38.229041,12.235959
2025-04-07,27.000000,2025-03-31,2024-12-31,0.280000,2.970000,9.090909,-5.352241,33.675568,-215.929028,-115.912593,-15.896157,84.120279,184.136715,,,,,,,,,,24.887500,30.588333,32.260417,33.114375,24.887500,50.577594,-0.802594,37.732547,12.042453
2025-04-08,24.300000,2025-03-31,2024-12-31,0.280000,2.970000,8.181818,-4.738992,33.239966,-211.520204,-112.797504,-14.074805,84.647895,183.370594,,,,,,,,,,24.402500,30.365000,32.195833,33.130625,24.402500,49.731960,-0.926960,37.067230,11.737770
2025-04-09,21.900000,2025-03-31,2024-12-31,0.280000,2.970000,7.373737,-4.128224,32.776501,-206.953242,-109.607034,-12.260825,85.085383,182.431591,,,,,,,,,,23.797500,30.096667,32.109167,33.128542,23.797500,48.736763,-1.141763,36.267131,11.327869
2025-04-10,24.050000,2025-03-31,2024-12-31,0.280000,2.970000,8.097643,-3.492716,32.259727,-201.996144,-106.184756,-10.373368,85.438020,181.249408,,,,,,,,,,23.427500,29.874167,32.031250,33.126250,23.427500,48.106950,-1.251950,35.767225,11.087775
2025-04-11,25.950000,2025-03-31,2024-12-31,0.280000,2.970000,8.737374,-2.846776,31.712968,-196.829954,-102.642439,-8.454924,85.732591,179.920106,,,,,,,,,,23.197500,30.306667,31.966667,33.121667,23.197500,47.682436,-1.287436,35.439968,10.955032
2025-04-14,25.900000,2025-03-31,2024-12-31,0.280000,2.970000,8.720539,-2.196724,31.133857,-191.459381,-98.991825,-6.524269,85.943287,178.410842,,,,,,,,,,22.962500,30.121667,31.899583,33.105625,22.962500,47.237609,-1.312609,35.100055,10.824945
2025-04-15,26.100000,2025-03-31,2024-12-31,0.280000,2.970000,8.787879,-1.519750,30.469577,-185.502942,-95.008300,-4.513657,85.980986,176.475628,,,,,,,,,,22.737500,29.940833,31.821250,33.089375,22.737500,46.797007,-1.322007,34.767253,10.707747
2025-04-16,24.450000,2025-03-31,2024-12-31,0.280000,2.970000,8.232323,-0.834651,29.742221,-179.147707,-90.813309,-2.478912,85.855485,174.189883,,,,,,,,,,22.435000,29.730000,31.722917,33.070417,22.435000,46.234295,-1.364295,34.334647,10.535353
2025-04-17,25.850000,2025-03-31,2024-12-31,0.280000,2.970000,8.703704,-0.141371,28.970514,-172.504726,-86.462300,-0.419873,85.622554,171.664981,,,,,,,,,,22.212500,29.542500,31.634167,33.053542,22.212500,45.784314,-1.359314,33.998407,10.426593
2025-04-18,24.000000,2025-03-31,2024-12-31,0.280000,2.970000,8.080808,0.540765,28.174930,-165.753011,-82.073470,1.606071,85.285612,168.965153,,,,,,,,,,21.897500,29.322500,31.532917,33.030625,21.897500,45.180868,-1.385868,33.539184,10.255816
2025-04-21,22.450000,2025-03-31,2024-12-31,0.280000,2.970000,7.558923,1.216001,27.345043,-158.818031,-77.603255,3.611522,84.826298,166.041074,,,,,,,,,,21.445000,29.099167,31.420000,33.005000,21.445000,44.290244,-1.400244,32.867622,10.022378
2025-04-22,21.800000,2025-03-31,2024-12-31,0.280000,2.970000,7.340067,1.886011,26.481155,-151.696609,-73.047578,5.601454,84.250485,162.899516,,,,,,,,,,20.945000,28.861667,31.303333,32.974167,20.945000,43.267750,-1.377750,32.106375,9.783625
2025-04-23,21.800000,2025-03-31,2024-12-31,0.280000,2.970000,7.340067,2.549219,25.590589,-144.436919,-68.432869,7.571182,83.575232,159.579282,,,,,,,,,,20.447500,28.613333,31.190000,32.931667,20.447500,42.192348,-1.297348,31.319924,9.575076
2025-04-24,21.800000,2025-03-31,2024-12-31,0.280000,2.970000,7.340067,3.190319,24.716852,-137.342857,-63.933805,9.475246,82.884298,156.293349,,,,,,,,,,19.962500,28.370000,31.087500,32.884583,19.962500,41.093417,-1.168417,30.527959,9.397041
2025-04-25,23.150000,2025-03-31,2024-12-31,0.280000,2.970000,7.794613,3.828403,23.815303,-130.092546,-59.361095,11.370357,82.101808,152.833259,,,,,,,,,,19.547500,28.148333,30.999583,32.829792,19.547500,40.045009,-0.950009,29.796254,9.298746
2025-04-28,23.100000,2025-03-31,2024-12-31,0.280000,2.970000,7.777778,4.461245,22.876690,-122.637642,-54.693872,13.249898,81.193667,149.137437,,,,,,,,,,20.702500,27.939167,30.913750,32.761458,20.702500,39.053105,2.351895,29.877803,11.527197
2025-04-29,24.000000,2025-03-31,2024-12-31,0.280000,2.970000,8.080808,4.528585,22.875341,-122.429628,-54.489865,13.449898,81.389660,149.329423,,,,,,,,,,21.902500,27.716667,31.113750,32.701458,21.902500,37.482632,6.322368,29.692566,14.112434
2025-04-30,24.800000,2025-03-31,2024-12-31,0.280000,2.970000,8.350168,5.166197,21.876694,-114.603958,-49.630176,15.343605,80.317386,145.291168,,,,,,,,,,23.142500,27.513333,31.042083,32.643333,23.142500,34.848921,11.436079,28.995710,17.289290
2025-05-02,25.250000,2025-03-31,2024-12-31,0.280000,2.970000,8.501684,5.237044,21.873589,-114.375096,-49.410537,15.554022,80.518581,145.483139,,,,,,,,,,22.882500,27.318333,31.252500,32.586875,22.882500,34.127442,11.637558,28.504971,17.260029
2025-05-05,25.500000,2025-03-31,2024-12-31,0.280000,2.970000,8.585859,5.846008,20.912160,-106.855587,-44.746472,17.362644,79.471760,141.580876,,,,,,,,,,24.157500,27.126667,31.201667,32.531458,24.157500,27.445801,20.869199,25.801650,22.513350
2025-05-06,0.000000,2025-03-31,2024-12-31,0.280000,2.970000,0.000000,6.383423,19.893263,-99.207215,-40.124224,18.958767,78.041758,137.124749,,,,,,,,,,22.807500,26.510000,30.938333,32.370208,22.807500,33.956410,11.658590,28.381955,17.233045
2025-05-07,25.500000,2025-03-31,2024-12-31,0.280000,2.970000,8.585859,6.945618,18.965075,-92.024062,-35.697788,20.628486,76.954760,133.281033,,,,,,,,,,22.867500,26.326667,30.910417,32.316667,22.867500,34.063048,11.671952,28.465274,17.269726
2025-05-08,25.500000,2025-03-31,2024-12-31,0.280000,2.970000,8.585859,7.525670,17.903605,-83.996174,-30.822466,22.351241,75.524948,128.698656,,,,,,,,,,23.047500,26.143333,30.873750,32.269583,23.047500,34.293200,11.801800,28.670350,17.424650
2025-05-09,0.000000,2025-03-31,2024-12-31,0.280000,2.970000,0.000000,8.055432,16.680969,-75.160319,-25.617843,23.924634,73.467111,123.009587,,,,,,,,,,21.845000,25.543333,30.614167,32.113333,21.845000,37.076370,6.613630,29.460685,14.229315
2025-05-12,26.100000,2025-03-31,2024-12-31,0.280000,2.970000,8.787879,8.689889,15.168251,-64.290441,-19.240735,25.808971,70.858677,115.908383,,,,,,,,,,21.852500,25.379167,30.556667,32.080417,21.852500,37.092526,6.612474,29.472513,14.232487
2025-05-13,0.000000,2025-03-31,2024-12-31,0.280000,2.970000,0.000000,9.238358,13.555756,-53.083268,-12.822672,27.437925,67.698521,107.959118,,,,,,,,,,20.557500,24.793333,30.287917,31.952917,20.557500,38.509696,2.605304,29.533598,11.581402
2025-05-14,0.000000,2025-03-31,2024-12-31,0.280000,2.970000,0.000000,9.819991,11.473609,-38.987862,-4.911244,29.165374,63.241992,97.318609,,,,,,,,,,19.252500,24.205000,30.002917,31.838125,19.252500,39.192765,-0.687765,29.222633,9.282367
2025-05-15,25.750000,2025-05-15,2025-03-31,-0.040000,3.770000,6.830239,10.463644,8.787055,-26.806452,6.320744,39.447940,72.575135,105.702331,,,,,,,,,,19.317500,24.047500,29.930000,31.827083,19.317500,39.337418,-0.702418,29.327459,9.307541
2025-05-16,0.000000,2025-05-15,2025-03-31,-0.040000,3.770000,0.000000,11.064835,4.519379,7.638313,24.676370,41.714428,58.752485,75.790543,,,,,,,,,,18.025000,23.457500,29.635417,31.703333,18.025000,39.550346,-3.500346,28.787673,7.262327
2025-05-19,25.650000,2025-05-15,2025-03-31,-0.040000,3.770000,6.803714,11.010209,4.531019,7.344605,24.426547,41.508490,58.590432,75.672374,,,,,,,,,,18.107500,23.295000,29.557500,31.677708,18.107500,39.741642,-3.526642,28.924571,7.290429
2025-05-20,25.500000,2025-05-15,2025-03-31,-0.040000,3.770000,6.763926,10.944120,4.534664,7.067969,24.163651,41.259332,58.355014,75.450696,,,,,,,,,,18.260000,23.105000,29.449167,31.646667,18.260000,40.065349,-3.545349,29.162675,7.357325
2025-05-21,25.750000,2025-05-15,2025-03-31,-0.040000,3.770000,6.830239,10.879219,4.537367,6.802907,23.908782,41.014657,58.120532,75.226406,,,,,,,,,,18.457500,22.948333,29.344583,31.617083,18.457500,40.468437,-3.553437,29.462968,7.452032
2025-05-22,25.200000,2025-05-15,2025-03-31,-0.040000,3.770000,6.684350,10.812785,4.539959,6.532908,23.648553,40.764199,57.879844,74.995490,,,,,,,,,,18.627500,22.782500,29.234583,31.585625,18.627500,40.799067,-3.544067,29.713284,7.541716
2025-05-23,25.000000,2025-05-15,2025-03-31,-0.040000,3.770000,6.631300,10.747976,4.543708,6.260311,23.390090,40.519868,57.649647,74.779426,,,,,,,,,,18.787500,22.613333,29.128333,31.556875,18.787500,41.101194,-3.526194,29.944347,7.630653
2025-05-26,25.000000,2025-05-15,2025-03-31,-0.040000,3.770000,6.631300,10.683485,4.546784,5.993989,23.135363,40.276737,57.418111,74.559485,,,,,,,,,,18.880000,23.030000,29.022917,31.520625,18.880000,41.284990,-3.524990,30.082495,7.677505
2025-05-27,24.050000,2025-05-15,2025-03-31,-0.040000,3.770000,6.379310,10.618325,4.552012,5.708913,22.869999,40.031085,57.192171,74.353256,,,,,,,,,,18.927500,22.834167,28.913333,31.488750,18.927500,41.374150,-3.519150,30.150825,7.704175
2025-05-28,24.700000,2025-05-15,2025-03-31,-0.040000,3.770000,6.551724,10.554284,4.554737,5.446934,22.618292,39.789650,56.961009,74.132367,,,,,,,,,,18.962500,22.662500,28.808333,31.459583,18.962500,41.444607,-3.519607,30.203553,7.721447
2025-05-29,0.000000,2025-05-15,2025-03-31,-0.040000,3.770000,0.000000,10.435645,4.642581,4.337319,21.839851,39.342383,56.844915,74.347447,,,,,,,,,,17.722500,22.090833,28.497500,31.326667,17.722500,41.544703,-6.099703,29.633601,5.811399
2025-06-02,24.800000,2025-05-15,2025-03-31,-0.040000,3.770000,6.578249,10.371825,4.642530,4.097105,21.599443,39.101782,56.604120,74.106458,,,,,,,,,,17.700000,22.504167,28.393333,31.298750,17.700000,41.493099,-6.093099,29.596550,5.803450
2025-06-03,24.750000,2025-05-15,2025-03-31,-0.040000,3.770000,6.564987,10.308849,4.642486,3.860017,21.362189,38.864361,56.366533,73.868705,,,,,,,,,,17.662500,22.350833,28.291250,31.270625,17.662500,41.406150,-6.081150,29.534325,5.790675
2025-06-04,25.900000,2025-05-15,2025-03-31,-0.040000,3.770000,6.870027,10.247779,4.639090,3.655390,21.144758,38.634126,56.123494,73.612861,,,,,,,,,,18.957500,22.217500,28.197083,31.245208,18.957500,41.436573,-3.521573,30.197036,7.717964
2025-06-05,0.000000,2025-05-15,2025-03-31,-0.040000,3.770000,0.000000,10.126914,4.715581,2.622987,20.400726,38.178464,55.956203,73.733941,,,,,,,,,,17.682500,21.650833,27.880417,31.109792,17.682500,41.454604,-6.089604,29.568552,5.796448
2025-06-06,25.650000,2025-05-15,2025-03-31,-0.040000,3.770000,6.803714,10.062746,4.707905,2.438952,20.187752,37.936553,55.685353,73.434153,,,,,,,,,,17.690000,21.511667,27.777500,31.080625,17.690000,41.472581,-6.092581,29.581290,5.798710
2025-06-09,0.000000,2025-05-15,2025-03-31,-0.040000,3.770000,0.000000,9.943153,4.779782,1.446130,19.465909,37.485687,55.505466,73.525245,,,,,,,,,,17.690000,20.987500,27.464167,30.945208,17.690000,41.472581,-6.092581,29.581290,5.798710
2025-06-10,0.000000,2025-05-15,2025-03-31,-0.040000,3.770000,0.000000,9.822288,4.846402,0.488158,18.759092,37.030026,55.300960,73.571894,,,,,,,,,,16.385000,20.478333,27.147500,30.807708,16.385000,41.071670,-8.301670,28.728335,4.041665
2025-06-11,0.000000,2025-05-15,2025-03-31,-0.040000,3.770000,0.000000,9.701105,4.908803,-0.439207,18.066979,36.573165,55.079351,73.585537,,,,,,,,,,16.385000,19.968333,26.830000,30.669375,16.385000,41.071670,-8.301670,28.728335,4.041665
2025-06-12,24.800000,2025-05-15,2025-03-31,-0.040000,3.770000,6.578249,9.634740,4.896624,-0.597576,17.862698,36.322971,54.783244,73.243518,,,,,,,,,,17.625000,19.871667,26.719167,30.633958,17.625000,41.317737,-6.067737,29.471369,5.778631
2025-06-13,0.000000,2025-05-15,2025-03-31,-0.040000,3.770000,0.000000,9.513875,4.954093,-1.486554,17.190378,35.867310,54.544241,73.221173,,,,,,,,,,16.337500,19.363333,26.402500,30.488125,16.337500,40.951849,-8.276849,28.644675,4.030325
2025-06-16,0.000000,2025-05-15,2025-03-31,-0.040000,3.770000,0.000000,9.394600,5.009568,-2.354501,16.531571,35.417643,54.303716,73.189788,,,,,,,,,,16.337500,18.858333,26.090000,30.344375,16.337500,40.951849,-8.276849,28.644675,4.030325
2025-06-17,24.600000,2025-05-15,2025-03-31,-0.040000,3.770000,6.525199,9.329702,4.995742,-2.494915,16.339031,35.172977,54.006923,72.840869,,,,,,,,,,16.285000,18.763333,25.982500,30.303125,16.285000,40.820068,-8.250068,28.552534,4.017466
2025-06-18,23.000000,2025-05-15,2025-03-31,-0.040000,3.770000,6.100796,9.261744,4.983621,-2.659724,16.128526,34.916777,53.705027,72.493278,,,,,,,,,,16.160000,18.621667,25.862917,30.255417,16.160000,40.522257,-8.202257,28.341129,3.978871
2025-06-19,23.200000,2025-05-15,2025-03-31,-0.040000,3.770000,6.153846,9.197250,4.973248,-2.824659,15.924488,34.673634,53.422781,72.171928,,,,,,,,,,16.032500,18.478333,25.752917,30.208542,16.032500,40.209420,-8.144420,28.120960,3.944040
2025-06-20,23.200000,2025-05-15,2025-03-31,-0.040000,3.770000,6.153846,9.133393,4.962620,-2.985262,15.723814,34.432890,53.141966,71.851042,,,,,,,,,,15.932500,18.335833,25.644583,30.161042,15.932500,39.965882,-8.100882,27.949191,3.915809
2025-06-23,23.000000,2025-05-15,2025-03-31,-0.040000,3.770000,6.100796,9.067979,4.950311,-3.139060,15.523611,34.186282,52.848953,71.511624,,,,,,,,,,15.832500,18.194167,25.531667,30.119792,15.832500,39.723244,-8.058244,27.777872,3.887128
2025-06-24,23.250000,2025-05-15,2025-03-31,-0.040000,3.770000,6.167109,9.119372,4.886986,-2.467843,15.956095,34.380032,52.803970,71.227907,,,,,,,,,,15.745000,18.057500,25.725417,30.077708,15.745000,39.506842,-8.016842,27.625921,3.864079
2025-06-25,24.300000,2025-05-15,2025-03-31,-0.040000,3.770000,6.445623,9.056832,4.872642,-2.595463,15.774397,34.144258,52.514118,70.883979,,,,,,,,,,15.757500,18.462500,25.623333,30.040208,15.757500,39.537993,-8.022993,27.647747,3.867253
2025-06-26,23.750000,2025-05-15,2025-03-31,-0.040000,3.770000,6.299735,8.989737,4.854527,-2.711827,15.589741,33.891309,52.192877,70.494445,,,,,,,,,,15.710000,18.858333,25.507917,30.003750,15.710000,39.418972,-7.998972,27.564486,3.855514
2025-06-27,24.200000,2025-05-15,2025-03-31,-0.040000,3.770000,6.419098,8.923001,4.834149,-2.809770,15.414971,33.639713,51.864454,70.089195,,,,,,,,,,16.920000,19.261667,25.394583,29.969167,16.920000,39.705231,-5.865231,28.312615,5.527385
2025-06-30,24.400000,2025-05-15,2025-03-31,-0.040000,3.770000,6.472149,8.856070,4.811780,-2.893438,15.246973,33.387384,51.527795,69.668206,,,,,,,,,,16.900000,19.160833,25.281250,29.935417,16.900000,39.656792,-5.856792,28.278396,5.521604
2025-07-01,24.750000,2025-05-15,2025-03-31,-0.040000,3.770000,6.564987,8.790231,4.788375,-2.965175,15.086998,33.139172,51.191345,69.243519,,,,,,,,,,16.900000,19.573333,25.171667,29.905625,16.900000,39.656792,-5.856792,28.278396,5.521604
2025-07-02,24.850000,2025-05-15,2025-03-31,-0.040000,3.770000,6.591512,8.724613,4.763837,-3.027538,14.932127,32.891793,50.851458,68.811123,,,,,,,,,,16.847500,19.537500,25.062917,29.874583,16.847500,39.521563,-5.826563,28.184531,5.510469
2025-07-03,25.600000,2025-05-15,2025-03-31,-0.040000,3.770000,6.790451,8.661290,4.738342,-3.074034,14.789514,32.653062,50.516610,68.380158,,,,,,,,,,18.127500,19.559167,24.962083,29.846042,18.127500,39.658566,-3.403566,28.893033,7.361967
2025-07-04,24.850000,2025-05-15,2025-03-31,-0.040000,3.770000,6.591512,8.595354,4.711332,-3.118959,14.642762,32.404483,50.166205,67.927926,,,,,,,,,,18.087500,19.608333,24.852500,29.815417,18.087500,39.562623,-3.387623,28.825062,7.349938
2025-07-07,24.850000,2025-05-15,2025-03-31,-0.040000,3.770000,6.591512,8.531326,4.685637,-3.166604,14.498248,32.163100,49.827952,67.492804,,,,,,,,,,19.330000,19.621667,24.747917,29.787292,19.330000,39.215499,-0.555499,29.272749,9.387251
2025-07-08,25.700000,2025-05-15,2025-03-31,-0.040000,3.770000,6.816976,8.588134,4.622230,-2.474350,14.951458,32.377267,49.803075,67.228883,,,,,,,,,,20.615000,19.617500,24.962083,29.762708,20.615000,38.457648,2.772352,29.536324,11.693676
2025-07-09,25.450000,2025-05-15,2025-03-31,-0.040000,3.770000,6.750663,8.526705,4.596980,-2.515550,14.815065,32.145679,49.476294,66.806909,,,,,,,,,,21.887500,19.610000,24.865833,29.737083,21.887500,36.953840,6.821160,29.420670,14.354330
2025-07-10,25.250000,2025-05-15,2025-03-31,-0.040000,3.770000,6.697613,8.464993,4.571126,-2.553263,14.679881,31.913025,49.146169,66.379314,,,,,,,,,,21.910000,19.595833,24.768333,29.708958,21.910000,36.995985,6.824015,29.452993,14.367007
2025-07-11,23.850000,2025-05-15,2025-03-31,-0.040000,3.770000,6.326260,8.399710,4.544970,-2.602171,14.532367,31.666906,48.801444,65.935982,,,,,,,,,,23.102500,19.585833,24.657917,29.675000,23.102500,34.117441,12.087559,28.609970,17.595030
2025-07-14,23.500000,2025-05-15,2025-03-31,-0.040000,3.770000,6.233422,8.333652,4.518067,-2.648356,14.384757,31.417869,48.450982,65.484094,,,,,,,,,,24.277500,19.546667,24.544583,29.626458,24.277500,26.062371,22.492629,25.169935,23.385065
2025-07-15,24.300000,2025-05-15,2025-03-31,-0.040000,3.770000,6.445623,8.269045,4.488834,-2.671509,14.251396,31.174301,48.097205,65.020110,,,,,,,,,,24.262500,19.551667,24.437083,29.573542,24.262500,26.040990,22.484010,25.151745,23.373255
2025-07-16,0.000000,2025-05-15,2025-03-31,-0.040000,3.770000,0.000000,8.155019,4.523803,-3.365051,13.689684,30.744420,47.799155,64.853891,,,,,,,,,,23.112500,19.177500,24.138333,29.426875,23.112500,34.121103,12.103897,28.616802,17.608198
2025-07-17,23.900000,2025-05-15,2025-03-31,-0.040000,3.770000,6.339523,8.093185,4.497185,-3.397470,13.556919,30.511308,47.465697,64.420085,,,,,,,,,,23.147500,19.212500,24.037083,29.380625,23.147500,34.161724,12.133276,28.654612,17.640388
2025-07-18,23.700000,2025-05-15,2025-03-31,-0.040000,3.770000,6.286472,8.028842,4.466987,-3.412351,13.428192,30.268734,47.109277,63.949819,,,,,,,,,,23.172500,19.244167,23.928750,29.341250,23.172500,34.189495,12.155505,28.680998,17.664002
2025-07-21,23.050000,2025-05-15,2025-03-31,-0.040000,3.770000,6.114058,7.964016,4.437517,-3.434537,13.294902,30.024342,46.753782,63.483221,,,,,,,,,,23.175000,19.265000,23.817500,29.294375,23.175000,34.191853,12.158147,28.683427,17.666573
2025-07-22,22.000000,2025-05-15,2025-03-31,-0.040000,3.770000,5.835544,7.896711,4.407691,-3.463391,13.153604,29.770600,46.387595,63.004591,,,,,,,,,,23.112500,19.245833,23.697083,29.236042,23.112500,34.141737,12.083263,28.627119,17.597881
2025-07-23,22.200000,2025-05-15,2025-03-31,-0.040000,3.770000,5.888594,7.832392,4.379892,-3.496271,13.015923,29.528117,46.040311,62.552506,,,,,,,,,,23.007500,19.230833,23.585000,29.182708,23.007500,34.029119,11.985881,28.518309,17.496691
2025-07-24,22.800000,2025-05-15,2025-03-31,-0.040000,3.770000,6.047745,7.763992,4.342671,-3.473486,12.898382,29.270250,45.642118,62.013986,,,,,,,,,,22.960000,19.210833,23.463750,29.127708,22.960000,33.976332,11.943668,28.468166,17.451834
2025-07-25,23.900000,2025-05-15,2025-03-31,-0.040000,3.770000,6.339523,7.699137,4.304867,-3.432953,12.796396,29.025746,45.255096,61.484446,,,,,,,,,,22.945000,19.195833,23.354583,29.077292,22.945000,33.955038,11.934962,28.450019,17.439981
2025-07-28,22.950000,2025-05-15,2025-03-31,-0.040000,3.770000,6.087533,7.632341,4.266683,-3.396867,12.688529,28.773925,44.859321,60.944717,,,,,,,,,,22.872500,19.157500,23.237917,29.022500,22.872500,33.861273,11.883727,28.366886,17.378114
2025-07-29,23.650000,2025-05-15,2025-03-31,-0.040000,3.770000,6.273210,7.566933,4.226330,-3.339192,12.594073,28.527338,44.460603,60.393868,,,,,,,,,,22.817500,19.126667,23.126667,28.956042,22.817500,33.777680,11.857320,28.297590,17.337410
2025-07-30,23.450000,2025-05-15,2025-03-31,-0.040000,3.770000,6.220159,7.501083,4.184691,-3.273485,12.502800,28.279084,44.055369,59.831654,,,,,,,,,,22.747500,19.517500,23.013750,28.893542,22.747500,33.670844,11.824156,28.209172,17.285828
2025-07-31,0.000000,2025-05-15,2025-03-31,-0.040000,3.770000,0.000000,7.384989,4.198025,-3.811698,12.014855,27.841409,43.667963,59.494517,,,,,,,,,,21.467500,19.092500,22.709583,28.749167,21.467500,36.287908,6.647092,28.877704,14.057296
2025-08-01,23.850000,2025-05-15,2025-03-31,-0.040000,3.770000,6.326260,7.321614,4.155558,-3.730424,11.936030,27.602484,43.268939,58.935393,,,,,,,,,,21.417500,19.065000,22.604167,28.708125,21.417500,36.196549,6.638451,28.807025,14.027975
2025-08-04,22.800000,2025-05-15,2025-03-31,-0.040000,3.770000,6.047745,7.257508,4.114842,-3.665103,11.847851,27.360805,42.873759,58.386713,,,,,,,,,,21.315000,19.445000,22.494167,28.657292,21.315000,36.022073,6.607927,28.668537,13.961463
2025-08-05,22.200000,2025-05-15,2025-03-31,-0.040000,3.770000,5.888594,7.192235,4.073361,-3.598416,11.758154,27.114725,42.471296,57.827867,,,,,,,,,,21.140000,19.380000,22.379583,28.603958,21.140000,35.710034,6.569966,28.425017,13.854983
2025-08-06,22.000000,2025-05-15,2025-03-31,-0.040000,3.770000,5.835544,7.129064,4.034626,-3.544505,11.666033,26.876572,42.087110,57.297648,,,,,,,,,,20.967500,19.746667,22.270000,28.541458,20.967500,35.403758,6.531242,28.185629,13.749371
2025-08-07,22.500000,2025-05-15,2025-03-31,-0.040000,3.770000,5.968170,7.066521,3.993414,-3.469556,11.585615,26.640786,41.695957,56.751128,,,,,,,,,,20.830000,20.121667,22.163333,28.478958,20.830000,35.146402,6.513598,27.988201,13.671799
2025-08-08,0.000000,2025-05-15,2025-03-31,-0.040000,3.770000,0.000000,6.954562,4.001689,-3.954033,11.132333,26.218699,41.305066,56.391432,,,,,,,,,,19.637500,19.692500,21.870000,28.320208,19.637500,36.619747,2.655253,28.128623,11.146377
2025-08-11,22.000000,2025-05-15,2025-03-31,-0.040000,3.770000,5.835544,6.890596,3.957098,-3.858971,11.059289,25.977548,40.895808,55.814067,,,,,,,,,,19.562500,20.059167,21.758333,28.255833,19.562500,36.486070,2.638930,28.024285,11.100715
2025-08-12,22.400000,2025-05-15,2025-03-31,-0.040000,3.770000,5.941645,6.827515,3.910730,-3.747177,10.996276,25.739730,40.483184,55.226637,,,,,,,,,,19.467500,20.005000,21.650000,28.188750,19.467500,36.300184,2.634816,27.883842,11.051158
2025-08-13,22.000000,2025-05-15,2025-03-31,-0.040000,3.770000,5.835544,6.758778,3.854196,-3.580047,10.950272,25.480592,40.010911,54.541231,,,,,,,,,,20.567500,19.946667,21.525833,28.117917,20.567500,34.702871,6.432129,27.635185,13.499815
2025-08-14,0.000000,2025-08-14,2025-06-30,-0.060000,3.400000,0.000000,6.646977,3.854046,-3.607789,9.495967,22.599723,35.703479,48.807235,,,,,,,,,,19.372500,19.517500,21.232917,27.957500,19.372500,36.121089,2.623911,27.746795,10.998205
2025-08-15,22.450000,2025-08-14,2025-06-30,-0.060000,3.400000,6.602941,6.590202,3.803340,-3.456024,9.475331,22.406686,35.338041,48.269396,,,,,,,,,,19.310000,19.471667,21.127083,27.890625,19.310000,35.999820,2.620180,27.654910,10.965090
2025-08-18,22.100000,2025-08-14,2025-06-30,-0.060000,3.400000,6.500000,6.532568,3.751078,-3.296595,9.457068,22.210732,34.964395,47.718059,,,,,,,,,,19.262500,19.423333,21.018333,27.826458,19.262500,35.912864,2.612136,27.587682,10.937318
2025-08-19,20.550000,2025-08-14,2025-06-30,-0.060000,3.400000,6.044118,6.582936,3.702894,-2.797694,9.792144,22.381982,34.971820,47.561658,,,,,,,,,,19.190000,19.349167,21.189583,27.751875,19.190000,35.802760,2.577240,27.496380,10.883620
2025-08-20,20.650000,2025-08-14,2025-06-30,-0.060000,3.400000,6.073529,6.519681,3.645298,-2.621109,9.772903,22.166915,34.560927,46.954939,,,,,,,,,,19.112500,19.292500,21.063333,27.680000,19.112500,35.680538,2.544462,27.396519,10.828481
2025-08-21,19.300000,2025-08-14,2025-06-30,-0.060000,3.400000,5.676471,6.455662,3.591237,-2.471163,9.739043,21.949249,34.159456,46.369662,,,,,,,,,,18.937500,19.202500,20.932500,27.603750,18.937500,35.415232,2.459768,27.176366,10.698634
2025-08-22,20.400000,2025-08-14,2025-06-30,-0.060000,3.400000,6.000000,6.396565,3.539090,-2.317492,9.715414,21.748321,33.781227,45.814134,,,,,,,,,,18.762500,19.542500,20.816667,27.533333,18.762500,35.091998,2.433002,26.927249,10.597751
2025-08-25,19.000000,2025-08-14,2025-06-30,-0.060000,3.400000,5.588235,6.443134,3.490649,-1.829759,10.038447,21.906654,33.774861,45.643067,,,,,,,,,,18.565000,19.445833,20.975000,27.458750,18.565000,34.776370,2.353630,26.670685,10.459315
2025-08-26,18.800000,2025-08-14,2025-06-30,-0.060000,3.400000,5.529412,6.381229,3.439638,-1.693364,10.001406,21.696177,33.390948,45.085718,,,,,,,,,,18.322500,19.346667,20.848750,27.381458,18.322500,34.357740,2.287260,26.340120,10.304880
2025-08-27,19.000000,2025-08-14,2025-06-30,-0.060000,3.400000,5.588235,6.319973,3.386922,-1.543161,9.972373,21.487907,33.003441,44.518975,,,,,,,,,,18.100000,19.231667,20.724583,27.306458,18.100000,33.958187,2.241813,26.029094,10.170906
2025-08-28,18.750000,2025-08-14,2025-06-30,-0.060000,3.400000,5.514706,6.257786,3.331722,-1.379240,9.948616,21.276473,32.604329,43.932185,,,,,,,,,,19.037500,19.544167,20.597500,27.230000,19.037500,32.412846,5.662154,25.725173,12.349827
2025-08-29,19.300000,2025-08-14,2025-06-30,-0.060000,3.400000,5.676471,6.196948,3.274153,-1.194618,9.937502,21.069622,32.201741,43.333861,,,,,,,,,,18.810000,19.438333,20.475000,27.152500,18.810000,31.994105,5.625895,25.402053,12.217947
2025-09-01,0.000000,2025-08-14,2025-06-30,-0.060000,3.400000,0.000000,6.096916,3.278618,-1.565087,9.582213,20.729513,31.876814,43.024114,,,,,,,,,,17.670000,19.438333,20.212917,26.996250,17.670000,33.145291,2.194709,25.407646,9.932354
2025-09-02,19.200000,2025-08-14,2025-06-30,-0.060000,3.400000,5.647059,6.046805,3.238581,-1.463214,9.547962,20.559138,31.570314,42.581490,,,,,,,,,,17.520000,19.758333,20.118333,26.920000,17.520000,32.868046,2.171954,25.194023,9.845977
2025-09-03,19.100000,2025-08-14,2025-06-30,-0.060000,3.400000,5.617647,5.996291,3.196995,-1.352178,9.517606,20.387389,31.257172,42.126955,,,,,,,,,,17.375000,20.076667,20.022500,26.837083,17.375000,32.599133,2.150867,24.987066,9.762934
2025-09-04,21.000000,2025-08-14,2025-06-30,-0.060000,3.400000,6.176471,5.950433,3.153969,-1.215517,9.507978,20.231473,30.954968,41.678463,,,,,,,,,,17.300000,20.013333,19.942500,26.764167,17.300000,32.432329,2.167671,24.866164,9.733836
2025-09-05,20.000000,2025-08-14,2025-06-30,-0.060000,3.400000,5.882353,5.902443,3.110160,-1.080782,9.493761,20.068305,30.642848,41.217392,,,,,,,,,,18.300000,20.346667,19.855000,26.687083,18.300000,31.079012,5.520988,24.689506,11.910494
2025-09-08,20.000000,2025-08-14,2025-06-30,-0.060000,3.400000,5.882353,5.855088,3.066170,-0.942655,9.482322,19.907300,30.332277,40.757254,,,,,,,,,,18.200000,20.680000,19.769167,26.613750,18.200000,30.888080,5.511920,24.544040,11.855960
2025-09-09,19.950000,2025-08-14,2025-06-30,-0.060000,3.400000,5.867647,5.807611,3.020788,-0.795481,9.475198,19.745878,30.016558,40.287237,,,,,,,,,,18.077500,20.602500,19.682917,26.538542,18.077500,30.641545,5.513455,24.359523,11.795477
2025-09-10,19.600000,2025-08-14,2025-06-30,-0.060000,3.400000,5.764706,5.755460,2.966111,-0.600991,9.483786,19.568562,29.653339,39.738116,,,,,,,,,,17.957500,20.545833,19.583750,26.620208,17.957500,30.409144,5.505856,24.183322,11.731678
2025-09-11,19.600000,2025-08-14,2025-06-30,-0.060000,3.400000,5.764706,5.702354,2.907354,-0.382005,9.502999,19.388003,29.273006,39.158010,,,,,,,,,,18.937500,20.485833,19.482083,26.546458,18.937500,28.085113,9.789887,23.511306,14.363694
2025-09-12,18.750000,2025-08-14,2025-06-30,-0.060000,3.400000,5.514706,5.647324,2.846758,-0.157051,9.521924,19.200900,28.879876,38.558852,,,,,,,,,,18.752500,20.411667,19.373750,26.460208,18.752500,27.749428,9.755572,23.250964,14.254036
2025-09-15,19.000000,2025-08-14,2025-06-30,-0.060000,3.400000,5.588235,5.593701,2.785602,0.076491,9.547538,19.018585,28.489632,37.960679,,,,,,,,,,18.597500,20.345000,19.269583,26.377292,18.597500,27.457373,9.737627,23.027436,14.167564
2025-09-16,19.250000,2025-08-14,2025-06-30,-0.060000,3.400000,5.661765,5.540851,2.722409,0.326512,9.582703,18.838893,28.095084,37.351274,,,,,,,,,,18.532500,20.278333,19.167917,26.303125,18.532500,27.351038,9.713962,22.941769,14.123231
2025-09-17,0.000000,2025-08-14,2025-06-30,-0.060000,3.400000,0.000000,5.540851,2.722409,0.326512,9.582703,18.838893,28.095084,37.351274,,,,,,,,,,17.500000,19.873333,19.167917,26.157292,17.500000,29.526637,5.473363,23.513319,11.486681
2025-09-18,19.200000,2025-08-14,2025-06-30,-0.060000,3.400000,5.647059,5.587910,2.674206,0.814289,9.906591,18.998893,28.091195,37.183497,,,,,,,,,,17.495000,19.797500,19.327917,26.097708,17.495000,29.518569,5.471431,23.506784,11.483216
2025-09-19,19.150000,2025-08-14,2025-06-30,-0.060000,3.400000,5.632353,5.634846,2.624268,1.313454,10.235965,19.158477,28.080988,37.003499,,,,,,,,,,17.432500,19.713333,19.487500,26.038958,17.432500,29.405376,5.459624,23.418938,11.446062
2025-09-22,19.750000,2025-08-14,2025-06-30,-0.060000,3.400000,5.808824,5.597815,2.589685,1.422712,10.227642,19.032572,27.837501,36.642431,,,,,,,,,,17.470000,19.635833,19.398333,25.985833,17.470000,29.468219,5.471781,23.469110,11.470890
2025-09-23,19.000000,2025-08-14,2025-06-30,-0.060000,3.400000,5.588235,5.644384,2.537905,1.933154,10.562029,19.190905,27.819781,36.448656,,,,,,,,,,17.480000,19.540000,19.556667,25.929583,17.480000,29.483219,5.476781,23.481609,11.478391
2025-09-24,0.000000,2025-08-14,2025-06-30,-0.060000,3.400000,0.000000,5.568626,2.569645,1.459743,10.196536,18.933329,27.670123,36.406916,,,,,,,,,,16.530000,19.125833,19.331667,25.796042,16.530000,30.816961,2.243039,23.673481,9.386519
2025-09-25,19.000000,2025-08-14,2025-06-30,-0.060000,3.400000,5.588235,5.547013,2.558363,1.462973,10.161409,18.859844,27.558280,36.256716,,,,,,,,,,16.542500,19.015833,19.287500,25.741667,16.542500,30.838074,2.246926,23.690287,9.394713
2025-09-26,19.100000,2025-08-14,2025-06-30,-0.060000,3.400000,5.617647,5.532379,2.552843,1.450755,10.130422,18.810088,27.489755,36.169422,,,,,,,,,,16.532500,18.920000,19.264167,25.686667,16.532500,30.820230,2.244770,23.676365,9.388635
2025-09-30,19.100000,2025-08-14,2025-06-30,-0.060000,3.400000,5.617647,5.511712,2.541916,1.454790,10.097306,18.739822,27.382338,36.024854,,,,,,,,,,17.487500,18.824167,19.222917,25.627083,17.487500,29.493546,5.481454,23.490523,11.484477
2025-10-01,18.900000,2025-08-14,2025-06-30,-0.060000,3.400000,5.558824,5.485224,2.524523,1.483009,10.066386,18.649763,27.233140,35.816517,,,,,,,,,,17.472500,18.710833,19.164167,25.565417,17.472500,29.470284,5.474716,23.471392,11.473608
2025-10-02,19.000000,2025-08-14,2025-06-30,-0.060000,3.400000,5.588235,5.459122,2.506922,1.513947,10.037481,18.561014,27.084548,35.608082,,,,,,,,,,17.467500,18.603333,19.106667,25.503125,17.467500,29.462511,5.472489,23.465006,11.469994
2025-10-03,18.150000,2025-08-14,2025-06-30,-0.060000,3.400000,5.338235,5.430375,2.488138,1.543935,10.003605,18.463275,26.922944,35.382614,,,,,,,,,,17.325000,18.485000,19.040417,25.430833,17.325000,29.210529,5.439471,23.267764,11.382236
2025-10-07,18.150000,2025-08-14,2025-06-30,-0.060000,3.400000,5.338235,5.406257,2.474741,1.553038,9.967157,18.381275,26.795394,35.209513,,,,,,,,,,17.232500,18.390000,18.987917,25.355417,17.232500,29.059021,5.405979,23.145761,11.319239
2025-10-08,18.100000,2025-08-14,2025-06-30,-0.060000,3.400000,5.323529,5.378089,2.456060,1.584299,9.934901,18.285504,26.636106,34.986709,,,,,,,,,,17.137500,18.300000,18.923333,25.278750,17.137500,28.900774,5.374226,23.019137,11.255863
2025-10-09,18.100000,2025-08-14,2025-06-30,-0.060000,3.400000,5.323529,5.355112,2.443427,1.592075,9.899728,18.207381,26.515034,34.822687,,,,,,,,,,17.045000,18.196667,18.874167,25.203542,17.045000,28.744073,5.345927,22.894537,11.195463
2025-10-13,18.750000,2025-08-14,2025-06-30,-0.060000,3.400000,5.514706,5.338077,2.435045,1.591154,9.870308,18.149461,26.428615,34.707769,,,,,,,,,,17.002500,18.509167,18.843333,25.131667,17.002500,28.668622,5.336378,22.835561,11.169439
2025-10-14,0.000000,2025-08-14,2025-06-30,-0.060000,3.400000,0.000000,5.276910,2.476176,1.103498,9.522495,17.941493,26.360490,34.779488,,,,,,,,,,16.022500,18.110833,18.661667,24.982500,16.022500,29.860642,2.184358,22.941571,9.103429
2025-10-15,17.800000,2025-08-14,2025-06-30,-0.060000,3.400000,5.235294,5.259370,2.468883,1.093456,9.487657,17.881858,26.276058,34.670259,,,,,,,,,,15.975000,18.012500,18.628333,24.909167,15.975000,29.780205,2.169795,22.877602,9.072398
2025-10-16,18.900000,2025-08-14,2025-06-30,-0.060000,3.400000,5.558824,5.244526,2.461612,1.092430,9.461910,17.831389,26.200868,34.570348,,,,,,,,,,15.970000,17.943333,18.604167,24.845833,15.970000,29.770664,2.169336,22.870332,9.069668
2025-10-17,18.800000,2025-08-14,2025-06-30,-0.060000,3.400000,5.529412,5.225649,2.450553,1.103451,9.435330,17.767208,26.099087,34.430965,,,,,,,,,,15.947500,17.890000,18.567917,24.783750,15.947500,29.727099,2.167901,22.837299,9.057701
2025-10-20,19.400000,2025-08-14,2025-06-30,-0.060000,3.400000,5.705882,5.208384,2.439695,1.118580,9.413542,17.708505,26.003467,34.298430,,,,,,,,,,16.917500,17.843333,18.537083,24.725417,16.917500,28.531433,5.303567,22.724467,11.110533
2025-10-21,18.450000,2025-08-14,2025-06-30,-0.060000,3.400000,5.426471,5.186264,2.425424,1.140414,9.386856,17.633298,25.879741,34.126183,,,,,,,,,,16.880000,17.770833,18.490833,24.802292,16.880000,28.467716,5.292284,22.673858,11.086142
2025-10-22,18.400000,2025-08-14,2025-06-30,-0.060000,3.400000,5.411765,5.161778,2.407984,1.175755,9.362899,17.550044,25.737188,33.924332,,,,,,,,,,16.842500,17.679167,18.437500,24.739792,16.842500,28.404110,5.280890,22.623305,11.061695
2025-10-23,18.500000,2025-08-14,2025-06-30,-0.060000,3.400000,5.441176,5.136273,2.388440,1.221937,9.342633,17.463329,25.584025,33.704722,,,,,,,,,,16.780000,17.605000,18.381250,24.816875,16.780000,28.288825,5.271175,22.534412,11.025588
2025-10-27,18.450000,2025-08-14,2025-06-30,-0.060000,3.400000,5.426471,5.109945,2.367416,1.275386,9.324599,17.373813,25.423027,33.472241,,,,,,,,,,16.752500,17.518333,18.322500,24.762083,16.752500,28.241601,5.263399,22.497051,11.007949
2025-10-28,18.450000,2025-08-14,2025-06-30,-0.060000,3.400000,5.426471,5.155166,2.320348,1.749200,9.638381,17.527563,25.416745,33.305927,,,,,,,,,,17.675000,17.435000,18.476250,24.707292,17.675000,26.037982,9.312018,21.856491,13.493509
2025-10-29,18.500000,2025-08-14,2025-06-30,-0.060000,3.400000,5.441176,5.128960,2.298935,1.805704,9.622084,17.438464,25.254844,33.071223,,,,,,,,,,17.650000,17.743333,18.417917,24.664167,17.650000,25.999283,9.300717,21.824641,13.475359
2025-10-30,0.000000,2025-08-14,2025-06-30,-0.060000,3.400000,0.000000,5.057411,2.323915,1.392577,9.293887,17.195198,25.096508,32.997819,,,,,,,,,,16.695000,17.345833,18.205417,24.539583,16.695000,28.141024,5.248976,22.418012,10.971988
2025-10-31,18.400000,2025-08-14,2025-06-30,-0.060000,3.400000,5.411765,5.102509,2.276982,1.865052,9.606792,17.348531,25.090271,32.832011,,,,,,,,,,16.660000,17.272500,18.358750,24.486458,16.660000,28.079310,5.240690,22.369655,10.950345
2025-11-03,0.000000,2025-08-14,2025-06-30,-0.060000,3.400000,0.000000,5.029277,2.298672,1.468572,9.284057,17.099541,24.915026,32.730511,,,,,,,,,,15.715000,16.902500,18.141250,24.348958,15.715000,29.280285,2.149715,22.497642,8.932358
2025-11-04,18.400000,2025-08-14,2025-06-30,-0.060000,3.400000,5.411765,5.074375,2.251781,1.940761,9.596818,17.252875,24.908932,32.564989,,,,,,,,,,15.685000,16.842500,18.294583,24.291250,15.685000,29.222321,2.147679,22.453660,8.916340
2025-11-05,18.400000,2025-08-14,2025-06-30,-0.060000,3.400000,5.411765,5.119473,2.202963,2.426061,9.916135,17.406208,24.896281,32.386355,,,,,,,,,,15.697500,16.774167,18.447917,24.225417,15.697500,29.244862,2.150138,22.471181,8.923819
2025-11-06,18.300000,2025-08-14,2025-06-30,-0.060000,3.400000,5.382353,5.107407,2.197472,2.422373,9.893779,17.365185,24.836590,32.307996,,,,,,,,,,15.705000,17.079167,18.385833,24.157917,15.705000,29.258244,2.151756,22.481622,8.928378
2025-11-07,18.300000,2025-08-14,2025-06-30,-0.060000,3.400000,5.382353,5.152260,2.146691,2.920183,10.218934,17.517685,24.816436,32.115187,,,,,,,,,,15.715000,17.017500,18.538333,24.086875,15.715000,29.275977,2.154023,22.495489,8.934511
2025-11-10,18.350000,2025-08-14,2025-06-30,-0.060000,3.400000,5.397059,5.140538,2.141432,2.916092,10.196961,17.477829,24.758698,32.039567,,,,,,,,,,15.727500,16.950000,18.477500,24.017500,15.727500,29.298191,2.156809,22.512846,8.942154
2025-11-11,18.450000,2025-08-14,2025-06-30,-0.060000,3.400000,5.426471,5.129393,2.136386,2.912508,10.176221,17.439935,24.703648,31.967362,,,,,,,,,,15.712500,16.890833,18.418750,23.933958,15.712500,29.269781,2.155219,22.491141,8.933859
2025-11-12,0.000000,2025-08-14,2025-06-30,-0.060000,3.400000,0.000000,5.072474,2.181208,2.414198,9.830305,17.246411,24.662518,32.078625,,,,,,,,,,15.712500,16.890833,18.204167,23.774375,15.712500,29.269781,2.155219,22.491141,8.933859
2025-11-13,18.450000,2025-08-14,2025-06-30,-0.060000,3.400000,5.426471,5.061992,2.176414,2.411158,9.810965,17.210771,24.610578,32.010385,,,,,,,,,,15.745000,16.824167,18.147917,23.691250,15.745000,29.326446,2.163554,22.535723,8.954277
2025-11-14,0.000000,2025-11-14,2025-09-30,-0.260000,-0.080000,-0.000000,5.006731,2.219984,-0.045341,-0.222940,-0.400538,-0.578137,-0.755736,,,,,,,,,,14.800000,16.455833,17.939583,23.533958,14.800000,29.991791,-0.391791,22.395896,7.204104
2025-11-17,18.350000,2025-11-14,2025-09-30,-0.260000,-0.080000,-229.375000,3.040012,21.509128,3.198260,1.477529,-0.243201,-1.963931,-3.684661,,,,,,,,,,14.777500,16.419167,17.884167,23.453542,14.777500,29.945662,-0.390662,22.361581,7.193419
2025-11-18,18.800000,2025-11-14,2025-09-30,-0.260000,-0.080000,-235.000000,1.028517,30.571700,4.809191,2.363455,-0.082281,-2.528017,-4.973753,,,,,,,,,,14.747500,16.388333,17.840417,23.376875,14.747500,29.879497,-0.384497,22.313499,7.181501
2025-11-19,18.500000,2025-11-14,2025-09-30,-0.260000,-0.080000,-231.250000,-0.953164,37.199484,6.028170,3.052212,0.076253,-2.899706,-5.875664,,,,,,,,,,14.750000,16.375000,17.788750,23.298542,14.750000,29.884589,-0.384589,22.317295,7.182705
2025-11-20,18.700000,2025-11-14,2025-09-30,-0.260000,-0.080000,-233.750000,-2.901080,42.841365,7.086705,3.659396,0.232086,-3.195223,-6.622532,,,,,,,,,,14.765000,16.346667,17.944583,23.221042,14.765000,29.915407,-0.385407,22.340204,7.189796
2025-11-21,17.700000,2025-11-14,2025-09-30,-0.260000,-0.080000,-221.250000,-4.799649,47.240167,7.942399,4.163185,0.383972,-3.395241,-7.174455,,,,,,,,,,14.725000,16.325000,17.885417,23.139375,14.725000,29.838065,-0.388065,22.281533,7.168467
2025-11-24,18.200000,2025-11-14,2025-09-30,-0.260000,-0.080000,-227.500000,-6.750191,51.414783,8.766380,4.653198,0.540015,-3.573167,-7.686350,,,,,,,,,,14.712500,16.315000,17.830833,23.061042,14.712500,29.813001,-0.388001,22.262751,7.162249
2025-11-25,18.800000,2025-11-14,2025-09-30,-0.260000,-0.080000,-235.000000,-8.765774,55.458294,9.574589,5.137925,0.701262,-3.735402,-8.172065,,,,,,,,,,14.730000,16.311667,17.771667,22.984375,14.730000,29.849538,-0.389538,22.289769,7.170231
2025-11-26,0.000000,2025-11-14,2025-09-30,-0.260000,-0.080000,-0.000000,-8.765774,55.458294,9.574589,5.137925,0.701262,-3.735402,-8.172065,,,,,,,,,,13.805000,15.999167,17.771667,22.826042,13.805000,30.166055,-2.556055,21.985527,5.624473
2025-11-27,19.300000,2025-11-14,2025-09-30,-0.260000,-0.080000,-241.250000,-10.832888,59.358816,10.364042,5.615336,0.866631,-3.882074,-8.630779,,,,,,,,,,14.770000,15.999167,17.718750,22.748125,14.770000,29.935695,-0.395695,22.352848,7.187152
2025-11-28,19.100000,2025-11-14,2025-09-30,-0.260000,-0.080000,-238.750000,-12.822472,62.888901,11.088022,6.056910,1.025798,-4.005314,-9.036426,,,,,,,,,,14.805000,16.317500,17.877917,22.671042,14.805000,30.009151,-0.399151,22.407076,7.202924
2025-12-01,18.900000,2025-11-14,2025-09-30,-0.260000,-0.080000,-236.250000,-14.791222,66.100063,11.759308,6.471303,1.183298,-4.104707,-9.392712,,,,,,,,,,15.750000,16.312500,18.035417,22.591458,15.750000,29.343807,2.156193,22.546903,8.953097
2025-12-02,19.900000,2025-11-14,2025-09-30,-0.260000,-0.080000,-248.750000,-16.864138,69.447960,12.460805,6.904968,1.349131,-4.206706,-9.762543,,,,,,,,,,15.825000,16.325833,18.201250,22.515625,15.825000,29.496696,2.153304,22.660848,8.989152
2025-12-03,0.000000,2025-11-14,2025-09-30,-0.260000,-0.080000,-0.000000,-16.918957,69.431895,12.462620,6.908068,1.353517,-4.201035,-9.755587,,,,,,,,,,14.905000,15.975833,17.994583,22.356875,14.905000,30.224197,-0.414197,22.564598,7.245402
2025-12-04,19.850000,2025-11-14,2025-09-30,-0.260000,-0.080000,-248.125000,-18.986666,72.548489,13.126691,7.322812,1.518933,-4.284946,-10.088825,,,,,,,,,,14.982500,15.973333,18.160000,22.281250,14.982500,30.389446,-0.424446,22.685973,7.279027
2025-12-05,0.000000,2025-11-14,2025-09-30,-0.260000,-0.080000,-0.000000,-18.986666,72.548489,13.126691,7.322812,1.518933,-4.284946,-10.088825,,,,,,,,,,14.067500,15.640000,18.160000,22.125000,14.067500,30.764499,-2.629499,22.415999,5.719001
2025-12-08,0.000000,2025-11-14,2025-09-30,-0.260000,-0.080000,-0.000000,-19.041042,72.531650,13.128347,7.325815,1.523283,-4.279249,-10.081781,,,,,,,,,,13.150000,15.307500,17.955000,21.968750,13.150000,30.843115,-4.543115,21.996557,4.303443
2025-12-09,19.850000,2025-11-14,2025-09-30,-0.260000,-0.080000,-248.125000,-21.159591,75.445386,13.764029,7.728398,1.692767,-4.342864,-10.378495,,,,,,,,,,13.220000,15.311667,17.928750,21.895833,13.220000,31.012204,-4.572204,22.116102,4.323898
2025-12-10,0.000000,2025-11-14,2025-09-30,-0.260000,-0.080000,-0.000000,-21.210873,75.428754,13.765470,7.731170,1.696870,-4.337431,-10.371731,,,,,,,,,,13.220000,14.985000,17.735417,21.744167,13.220000,31.012204,-4.572204,22.116102,4.323898
2025-12-11,19.250000,2025-11-14,2025-09-30,-0.260000,-0.080000,-240.625000,-23.267363,77.996788,14.340875,8.101132,1.861389,-4.378354,-10.618097,,,,,,,,,,13.260000,14.993333,17.702500,21.673542,13.260000,31.105229,-4.585229,22.182615,4.337385
2025-12-12,18.950000,2025-11-14,2025-09-30,-0.260000,-0.080000,-236.875000,-25.292161,80.346420,14.878800,8.451087,2.023373,-4.404341,-10.832054,,,,,,,,,,14.207500,14.992500,17.668750,21.600208,14.207500,31.073794,-2.658794,22.640647,5.774353
2025-12-15,19.150000,2025-11-14,2025-09-30,-0.260000,-0.080000,-239.375000,-27.338345,82.632602,15.408284,8.797676,2.187068,-4.423540,-11.034149,,,,,,,,,,14.247500,14.990833,17.634583,21.680000,14.247500,31.158894,-2.663894,22.703197,5.791803
2025-12-16,0.000000,2025-11-14,2025-09-30,-0.260000,-0.080000,-0.000000,-27.392059,82.612549,15.409373,8.800369,2.191365,-4.417639,-11.026643,,,,,,,,,,13.307500,14.990833,17.432083,21.527708,13.307500,31.214108,-4.599108,22.260804,4.354196
2025-12-17,0.000000,2025-11-14,2025-09-30,-0.260000,-0.080000,-0.000000,-27.444557,82.592958,15.410438,8.803001,2.195565,-4.411872,-11.019309,,,,,,,,,,12.382500,14.670833,17.234167,21.371042,12.382500,31.054665,-6.289665,21.718583,3.046417
2025-12-18,18.450000,2025-11-14,2025-09-30,-0.260000,-0.080000,-230.625000,-29.419924,84.586851,15.887490,9.120542,2.353594,-4.413354,-11.180302,,,,,,,,,,12.370000,14.659167,17.186250,21.290417,12.370000,31.024685,-6.284685,21.697342,3.042658
2025-12-19,18.500000,2025-11-14,2025-09-30,-0.260000,-0.080000,-231.250000,-31.400942,86.501252,16.352276,9.432176,2.512075,-4.408025,-11.328125,,,,,,,,,,12.410000,14.638333,17.137083,21.209167,12.410000,31.116166,-6.296166,21.763083,3.056917
2025-12-22,19.950000,2025-11-14,2025-09-30,-0.260000,-0.080000,-249.375000,-33.533775,88.685021,16.872305,9.777504,2.682702,-4.412100,-11.506901,,,,,,,,,,12.497500,14.654167,17.097083,21.134375,12.497500,31.333621,-6.338621,21.915560,3.079440
2025-12-23,20.900000,2025-11-14,2025-09-30,-0.260000,-0.080000,-261.250000,-35.765788,91.006775,17.422347,10.141805,2.861263,-4.419279,-11.699821,,,,,,,,,,12.602500,15.002500,17.064167,21.063542,12.602500,31.609188,-6.404188,22.105844,3.099156
2025-12-24,20.950000,2025-11-14,2025-09-30,-0.260000,-0.080000,-261.875000,-38.004667,93.228668,17.956960,10.498667,3.040373,-4.417920,-11.876214,,,,,,,,,,13.650000,15.035000,17.025417,20.993750,13.650000,32.031169,-4.731169,22.840584,4.459416
2025-12-26,22.000000,2025-11-14,2025-09-30,-0.260000,-0.080000,-275.000000,-40.351263,95.610192,18.525732,10.876916,3.228101,-4.420714,-12.069530,,,,,,,,,,13.785000,15.083333,17.001667,20.927083,13.785000,32.379314,-4.809314,23.082157,4.487843
2025-12-29,20.600000,2025-11-14,2025-09-30,-0.260000,-0.080000,-257.500000,-42.552025,97.540532,19.010647,11.207405,3.404162,-4.399081,-12.202323,,,,,,,,,,13.860000,15.108333,16.966250,20.857083,13.860000,32.556400,-4.836400,23.208200,4.511800
2025-12-30,21.200000,2025-11-14,2025-09-30,-0.260000,-0.080000,-265.000000,-44.817167,99.520472,19.508649,11.547011,3.585373,-4.376264,-12.337902,,,,,,,,,,13.975000,15.146667,16.928750,20.945417,13.975000,32.829554,-4.879554,23.402277,4.547723
2025-12-31,21.000000,2025-11-14,2025-09-30,-0.260000,-0.080000,-262.500000,-47.060922,101.366174,19.983462,11.874168,3.764874,-4.344420,-12.453714,,,,,,,,,,14.030000,15.180000,16.891667,20.878750,14.030000,32.963579,-4.903579,23.496790,4.563210
2026-01-02,21.750000,2025-11-14,2025-09-30,-0.260000,-0.080000,-271.875000,-49.382361,103.296170,20.477976,12.214282,3.950589,-4.313105,-12.576798,,,,,,,,,,15.117500,15.240000,16.862500,20.815417,15.117500,33.134371,-2.899371,24.125936,6.109064
2026-01-05,21.000000,2025-11-14,2025-09-30,-0.260000,-0.080000,-262.500000,-51.622580,104.979197,20.926478,12.528142,4.129806,-4.268529,-12.666865,,,,,,,,,,15.175000,15.287500,16.838750,20.748333,15.175000,33.262667,-2.912667,24.218833,6.131167
2026-01-06,20.000000,2025-11-14,2025-09-30,-0.260000,-0.080000,-250.000000,-53.757858,106.388946,21.322860,12.811744,4.300629,-4.210487,-12.721603,,,,,,,,,,16.175000,15.319167,16.809583,20.677083,16.175000,32.889491,-0.539491,24.532246,7.817754
2026-01-07,20.100000,2025-11-14,2025-09-30,-0.260000,-0.080000,-251.250000,-55.905322,107.755545,21.713313,13.092869,4.472426,-4.148018,-12.768461,,,,,,,,,,17.180000,15.352500,16.774583,20.605833,17.180000,32.122712,2.237288,24.651356,9.708644
2026-01-08,19.050000,2025-11-14,2025-09-30,-0.260000,-0.080000,-238.125000,-57.889697,108.903848,22.055791,13.343484,4.631176,-4.081132,-12.793440,,,,,,,,,,17.140000,15.357500,16.933333,20.535833,17.140000,32.056878,2.223122,24.598439,9.681561
2026-01-09,20.300000,2025-11-14,2025-09-30,-0.260000,-0.080000,-253.750000,-60.057109,110.195314,22.435819,13.620194,4.804569,-4.011056,-12.826681,,,,,,,,,,18.155000,15.695833,16.903333,20.470208,18.155000,30.741873,5.568127,24.448436,11.861564
2026-01-12,21.000000,2025-11-14,2025-09-30,-0.260000,-0.080000,-262.500000,-62.296997,111.558760,22.833161,13.908460,4.983760,-3.940941,-12.865642,,,,,,,,,,18.242500,15.749167,16.880833,20.404792,18.242500,30.885629,5.599371,24.564064,11.920936
2026-01-13,20.350000,2025-11-14,2025-09-30,-0.260000,-0.080000,-254.375000,-64.467739,112.744446,23.196530,14.176975,5.157419,-3.862137,-12.881692,,,,,,,,,,18.312500,15.773333,16.858333,20.337917,18.312500,30.987584,5.637416,24.650042,11.974958
2026-01-14,20.350000,2025-11-14,2025-09-30,-0.260000,-0.080000,-254.375000,-66.636160,113.877565,23.551303,14.441098,5.330893,-3.779312,-12.889518,,,,,,,,,,18.372500,15.799167,16.844583,20.270833,18.372500,31.075607,5.669393,24.724053,12.020947
2026-01-15,20.300000,2025-11-14,2025-09-30,-0.260000,-0.080000,-253.750000,-68.799815,114.949527,23.895909,14.699947,5.503985,-3.691977,-12.887939,,,,,,,,,,19.387500,15.814167,16.828750,20.206875,19.387500,28.701489,10.073511,24.044495,14.730505
2026-01-16,20.350000,2025-11-14,2025-09-30,-0.260000,-0.080000,-254.375000,-70.970004,115.978289,24.234127,14.955864,5.677600,-3.600663,-12.878926,,,,,,,,,,20.405000,15.845833,16.808333,20.136042,20.405000,22.263664,18.546336,21.334332,19.475668
2026-01-19,19.800000,2025-11-14,2025-09-30,-0.260000,-0.080000,-247.500000,-73.085334,116.867870,24.545686,15.196256,5.846827,-3.502603,-12.852033,,,,,,,,,,20.472500,15.869167,16.774167,20.064375,20.472500,22.118060,18.826940,21.295280,19.649720
2026-01-20,0.000000,2025-11-14,2025-09-30,-0.260000,-0.080000,-0.000000,-73.136063,116.834531,24.544410,15.197648,5.850885,-3.495877,-12.842640,,,,,,,,,,19.547500,15.560833,16.582917,19.910417,19.547500,28.849253,10.245747,24.198376,14.896624
2026-01-21,0.000000,2025-11-14,2025-09-30,-0.260000,-0.080000,-0.000000,-73.188340,116.800100,24.543083,15.199075,5.855067,-3.488941,-12.832949,,,,,,,,,,18.550000,15.253333,16.385833,19.756250,18.550000,31.307041,5.792959,24.928521,12.171479
2026-01-22,19.800000,2025-11-14,2025-09-30,-0.260000,-0.080000,-247.500000,-75.302675,117.643948,24.847246,15.435730,6.024214,-3.387302,-12.798818,,,,,,,,,,18.495000,15.275833,16.355417,19.684583,18.495000,31.218823,5.771177,24.856912,12.133088
2026-01-23,0.000000,2025-11-14,2025-09-30,-0.260000,-0.080000,-0.000000,-75.302675,117.643948,24.847246,15.435730,6.024214,-3.387302,-12.798818,,,,,,,,,,17.447500,14.967500,16.355417,19.532500,17.447500,32.547848,2.347152,24.997674,9.897326
2026-01-26,19.700000,2025-11-14,2025-09-30,-0.260000,-0.080000,-246.250000,-77.407477,118.428073,25.141090,15.666844,6.192598,-3.281648,-12.755894,,,,,,,,,,17.332500,15.295833,16.320833,19.462500,17.332500,32.321488,2.343512,24.826994,9.838006
2026-01-27,19.700000,2025-11-14,2025-09-30,-0.260000,-0.080000,-246.250000,-79.509958,119.171241,25.428195,15.894496,6.360797,-3.172903,-12.706602,,,,,,,,,,17.287500,15.317500,16.295000,19.394583,17.287500,32.240545,2.334455,24.764022,9.810978
2026-01-28,0.000000,2025-11-14,2025-09-30,-0.260000,-0.080000,-0.000000,-79.559030,119.136988,25.426640,15.895681,6.364722,-3.166237,-12.697196,,,,,,,,,,16.227500,15.317500,16.110000,19.244792,16.227500,32.917537,-0.462537,24.572519,7.882481
2026-01-29,0.000000,2025-11-14,2025-09-30,-0.260000,-0.080000,-0.000000,-79.607659,119.103025,25.425097,15.896855,6.368613,-3.159629,-12.687871,,,,,,,,,,15.177500,15.010833,15.926667,19.098333,15.177500,33.193004,-2.838004,24.185252,6.169748
2026-01-30,19.400000,2025-11-14,2025-09-30,-0.260000,-0.080000,-242.500000,-81.678227,119.760768,25.695981,16.115120,6.534258,-3.046603,-12.627465,,,,,,,,,,15.060000,15.027500,15.900833,19.032083,15.060000,32.925038,-2.805038,23.992519,6.127481
2026-02-02,18.050000,2025-11-14,2025-09-30,-0.260000,-0.080000,-225.625000,-83.558436,120.237841,25.922729,16.303702,6.684675,-2.934352,-12.553380,,,,,,,,,,14.912500,15.023333,16.051250,18.960625,14.912500,32.619052,-2.794052,23.765776,6.059224
2026-02-03,18.950000,2025-11-14,2025-09-30,-0.260000,-0.080000,-236.875000,-85.581023,120.761702,26.168354,16.507418,6.846482,-2.814454,-12.475390,,,,,,,,,,14.860000,15.034167,16.025833,18.892083,14.860000,32.509172,-2.789172,23.684586,6.035414
2026-02-04,20.000000,2025-11-14,2025-09-30,-0.260000,-0.080000,-250.000000,-87.713870,121.390216,26.439544,16.728327,7.017110,-2.694108,-12.405325,,,,,,,,,,14.855000,15.061667,16.005833,18.827917,14.855000,32.497977,-2.787977,23.676488,6.033512
2026-02-05,0.000000,2025-11-14,2025-09-30,-0.260000,-0.080000,-0.000000,-87.762500,121.353589,26.437574,16.729287,7.021000,-2.687287,-12.395574,,,,,,,,,,13.902500,14.754167,15.822500,18.674167,13.902500,32.616314,-4.811314,23.259407,4.545593
2026-02-06,0.000000,2025-11-14,2025-09-30,-0.260000,-0.080000,-0.000000,-87.762500,121.353589,26.437574,16.729287,7.021000,-2.687287,-12.395574,,,,,,,,,,12.887500,14.754167,15.822500,18.527708,12.887500,32.328257,-6.553257,22.607878,3.167122
2026-02-09,0.000000,2025-11-14,2025-09-30,-0.260000,-0.080000,-0.000000,-87.817525,121.311931,26.435311,16.730356,7.025402,-2.679553,-12.384507,,,,,,,,,,11.837500,14.446667,15.635417,18.381250,11.837500,31.697295,-8.022295,21.767397,1.907603
2026-02-10,0.000000,2025-11-14,2025-09-30,-0.260000,-0.080000,-0.000000,-87.871691,121.270908,26.433081,16.731408,7.029735,-2.671937,-12.373610,,,,,,,,,,10.820000,14.446667,15.451250,18.234792,10.820000,30.927145,-9.287145,20.873572,0.766428
2026-02-11,0.000000,2025-11-14,2025-09-30,-0.260000,-0.080000,-0.000000,-87.922059,121.232823,26.431016,16.732391,7.033765,-2.664861,-12.363487,,,,,,,,,,9.802500,14.140833,15.280000,18.234792,9.802500,29.938654,-10.333654,19.870577,-0.265577
2026-02-23,19.850000,2025-11-14,2025-09-30,-0.260000,-0.080000,-248.125000,-90.040380,121.796139,26.690613,16.946922,7.203230,-2.540461,-12.284152,,,,,,,,,,9.780000,14.158333,15.273333,18.168333,9.780000,29.867713,-10.307713,19.823856,-0.263856
2026-02-24,19.750000,2025-11-14,2025-09-30,-0.260000,-0.080000,-246.875000,-92.144975,122.309207,26.941071,17.156335,7.371598,-2.413138,-12.197875,,,,,,,,,,9.750000,14.179167,15.277083,18.104792,9.750000,29.772934,-10.272934,19.761467,-0.261467
2026-02-25,19.750000,2025-11-14,2025-09-30,-0.260000,-0.080000,-246.875000,-94.252267,122.781543,27.185228,17.362705,7.540181,-2.282342,-12.104865,,,,,,,,,,9.747500,14.196667,15.271667,18.044167,9.747500,29.765163,-10.270163,19.756331,-0.261331
2026-02-26,19.450000,2025-11-14,2025-09-30,-0.260000,-0.080000,-243.125000,-96.324877,123.180575,27.414882,17.560436,7.705990,-2.148456,-12.002902,,,,,,,,,,10.720000,14.225833,15.275417,18.125208,10.720000,30.633323,-9.193323,20.676661,0.763339
2026-03-02,0.000000,2025-11-14,2025-09-30,-0.260000,-0.080000,-0.000000,-96.370956,123.143183,27.412586,17.561131,7.709676,-2.141778,-11.993233,,,,,,,,,,10.720000,13.922500,15.118750,17.983750,10.720000,30.633323,-9.193323,20.676661,0.763339
2026-03-03,19.150000,2025-11-14,2025-09-30,-0.260000,-0.080000,-239.375000,-98.412316,123.468752,27.627986,17.750485,7.872985,-2.004515,-11.882015,,,,,,,,,,10.687500,13.928333,15.120000,17.922292,10.687500,30.540456,-9.165456,20.613978,0.761022
2026-03-04,20.300000,2025-11-14,2025-09-30,-0.260000,-0.080000,-253.750000,-100.572855,123.902517,27.870231,17.958030,8.045828,-1.866373,-11.778574,,,,,,,,,,11.702500,14.266667,15.132917,17.865208,11.702500,31.329213,-7.924213,21.515857,1.889143
2026-03-05,19.250000,2025-11-14,2025-09-30,-0.260000,-0.080000,-240.625000,-102.625368,124.167424,28.076817,18.143423,8.210029,-1.723365,-11.656758,,,,,,,,,,11.680000,14.265833,15.132500,17.803750,11.680000,31.269105,-7.909105,21.474553,1.885447
2026-03-06,18.750000,2025-11-14,2025-09-30,-0.260000,-0.080000,-234.375000,-104.578493,124.382731,28.267516,18.316898,8.366279,-1.584339,-11.534958,,,,,,,,,,11.632500,14.260000,15.288750,17.750833,11.632500,31.144177,-7.879177,21.388339,1.876661
2026-03-09,19.450000,2025-11-14,2025-09-30,-0.260000,-0.080000,-243.125000,-106.651593,124.603112,28.468625,18.500376,8.532127,-1.436122,-11.404370,,,,,,,,,,12.605000,14.269167,15.290833,17.704583,12.605000,31.607684,-6.397684,22.106342,3.103658
2026-03-10,18.850000,2025-11-14,2025-09-30,-0.260000,-0.080000,-235.625000,-108.661949,124.722586,28.648570,18.670763,8.692956,-1.284851,-11.262658,,,,,,,,,,13.547500,14.251667,15.288750,17.655625,13.547500,31.771731,-4.676731,22.659616,4.435384
2026-03-11,18.900000,2025-11-14,2025-09-30,-0.260000,-0.080000,-236.250000,-110.682169,124.810182,28.824203,18.839388,8.854574,-1.130241,-11.115056,,,,,,,,,,13.522500,14.566667,15.271250,17.606875,13.522500,31.714270,-4.669270,22.618385,4.426615
2026-03-12,19.400000,2025-11-14,2025-09-30,-0.260000,-0.080000,-242.500000,-112.752022,124.920369,29.007421,19.013791,9.020162,-0.973468,-10.967097,,,,,,,,,,13.590000,14.559167,15.266250,17.560625,13.590000,31.862343,-4.682343,22.726172,4.453828
2026-03-13,18.650000,2025-11-14,2025-09-30,-0.260000,-0.080000,-233.125000,-114.743750,124.918334,29.166433,19.172967,9.179500,-0.813967,-10.807433,,,,,,,,,,13.575000,14.870000,15.255000,17.512083,13.575000,31.829300,-4.679300,22.702150,4.447850
2026-03-16,19.300000,2025-11-14,2025-09-30,-0.260000,-0.080000,-241.250000,-116.803064,124.950211,29.336279,19.340262,9.344245,-0.651772,-10.647789,,,,,,,,,,13.540000,15.191667,15.249583,17.466250,13.540000,31.745048,-4.665048,22.642524,4.437476
2026-03-17,19.600000,2025-11-14,2025-09-30,-0.260000,-0.080000,-245.000000,-118.892770,124.980053,29.508230,19.509826,9.511422,-0.486983,-10.485387,,,,,,,,,,14.520000,15.187500,15.249583,17.416667,14.520000,31.739615,-2.699615,23.129808,5.910192
2026-03-18,19.500000,2025-11-14,2025-09-30,-0.260000,-0.080000,-243.750000,-120.972059,124.964286,29.672050,19.674908,9.677765,-0.319378,-10.316521,,,,,,,,,,15.495000,15.512500,15.248750,17.365417,15.495000,31.411919,-0.421919,23.453460,7.536540
2026-03-19,19.800000,2025-11-14,2025-09-30,-0.260000,-0.080000,-247.500000,-123.080515,124.946698,29.837913,19.842177,9.846441,-0.149295,-10.145031,,,,,,,,,,16.485000,15.521667,15.257500,17.315625,16.485000,30.717953,2.252047,23.601476,9.368524
2026-03-20,20.450000,2025-11-14,2025-09-30,-0.260000,-0.080000,-255.625000,-125.257292,124.961621,30.014443,20.017513,10.020583,0.023654,-9.973276,,,,,,,,,,17.507500,15.546667,15.269583,17.269583,17.507500,29.518866,5.496134,23.513183,11.501817
2026-03-23,20.400000,2025-11-14,2025-09-30,-0.260000,-0.080000,-255.000000,-127.429473,124.932270,30.183521,20.188939,10.194358,0.199776,-9.794805,,,,,,,,,,18.527500,15.567500,15.279167,17.223542,18.527500,27.309568,9.745432,22.918534,14.136466
2026-03-24,19.800000,2025-11-14,2025-09-30,-0.260000,-0.080000,-247.500000,-129.491973,124.853822,30.335969,20.347664,10.359358,0.371052,-9.617254,,,,,,,,,,18.525000,15.897500,15.444167,17.306042,18.525000,27.305511,9.744489,22.915255,14.134745
2026-03-25,19.350000,2025-11-14,2025-09-30,-0.260000,-0.080000,-241.875000,-131.554657,124.646916,30.467879,20.496126,10.524373,0.552619,-9.419134,,,,,,,,,,18.505000,16.220000,15.445417,17.386667,18.505000,27.275579,9.734421,22.890289,14.119711
2026-03-26,20.000000,2025-11-14,2025-09-30,-0.260000,-0.080000,-250.000000,-133.684926,124.466932,30.609503,20.652149,10.694794,0.737440,-9.219915,,,,,,,,,,18.517500,16.245833,15.452500,17.470000,18.517500,27.296259,9.738741,22.906879,14.128121
2026-03-27,18.800000,2025-11-14,2025-09-30,-0.260000,-0.080000,-235.000000,-135.691667,124.139832,30.717706,20.786520,10.855333,0.924147,-9.007040,,,,,,,,,,18.485000,16.250833,15.444583,17.421458,18.485000,27.254030,9.715970,22.869515,14.100485
2026-03-30,18.500000,2025-11-14,2025-09-30,-0.260000,-0.080000,-231.250000,-137.665319,123.756911,30.814331,20.913778,11.013225,1.112673,-8.787880,,,,,,,,,,19.410000,16.226667,15.440417,17.498542,19.410000,20.575107,18.244893,19.992553,18.827447
2026-03-31,18.650000,2026-03-31,2025-12-31,0.150000,-0.210000,-88.809524,-138.405398,123.190991,80.805350,54.935242,29.065134,3.195025,-22.675083,,,,,,,,,,19.385000,16.189167,15.595833,17.463750,19.385000,20.594219,18.175781,19.989609,18.780391
2026-04-01,18.450000,2026-03-31,2025-12-31,0.150000,-0.210000,-87.857143,-139.184109,122.566895,80.706759,54.967711,29.228663,3.489615,-22.249433,,,,,,,,,,19.292500,16.147500,15.591250,17.439375,19.292500,20.489986,18.095014,19.891243,18.693757
2026-04-02,18.550000,2026-03-31,2025-12-31,0.150000,-0.210000,-88.333333,-139.967034,121.932593,80.604766,54.998922,29.393077,3.787233,-21.818612,,,,,,,,,,19.257500,16.090000,15.586667,17.425417,19.257500,20.500279,18.014721,19.878890,18.636110
2026-04-07,18.500000,2026-03-31,2025-12-31,0.150000,-0.210000,-88.095238,-140.747975,121.290744,80.499187,55.028131,29.557075,4.086019,-21.385038,,,,,,,,,,19.245000,16.055000,15.581667,17.402292,19.245000,20.514024,17.975976,19.879512,18.610488
2026-04-08,18.050000,2026-03-31,2025-12-31,0.150000,-0.210000,-85.952381,-141.510568,120.649120,80.389850,55.053534,29.717219,4.380904,-20.955411,,,,,,,,,,19.175000,16.002500,15.574583,17.369375,19.175000,20.546707,17.803293,19.860853,18.489147
2026-04-09,17.650000,2026-03-31,2025-12-31,0.150000,-0.210000,-84.047619,-142.257534,120.006511,80.276817,55.075450,29.874082,4.672715,-20.528653,,,,,,,,,,19.115000,15.946667,15.563333,17.335000,19.115000,20.642675,17.587325,19.878837,18.351163
2026-04-10,18.200000,2026-03-31,2025-12-31,0.150000,-0.210000,-86.666667,-143.024241,119.347711,80.161129,55.098110,30.035091,4.972071,-20.090948,,,,,,,,,,19.080000,15.887500,15.563750,17.302083,19.080000,20.659607,17.500393,19.869803,18.290197
2026-04-13,18.700000,2026-03-31,2025-12-31,0.150000,-0.210000,-89.047619,-143.810790,118.670828,80.042014,55.121140,30.200266,5.279392,-19.641482,,,,,,,,,,19.045000,15.849167,15.568333,17.278125,19.045000,20.625773,17.464227,19.835386,18.254614
2026-04-14,17.950000,2026-03-31,2025-12-31,0.150000,-0.210000,-85.476190,-144.567454,117.999510,79.918960,55.139063,30.359165,5.579268,-19.200629,,,,,,,,,,19.010000,15.815000,15.567083,17.245208,19.010000,20.657199,17.362801,19.833599,18.186401
2026-04-15,17.300000,2026-03-31,2025-12-31,0.150000,-0.210000,-82.380952,-145.298325,117.333039,79.792525,55.152586,30.512648,5.872710,-18.767228,,,,,,,,,,18.910000,15.768333,15.560417,17.217292,18.910000,20.718052,17.101948,19.814026,18.005974
2026-04-16,18.000000,2026-03-31,2025-12-31,0.150000,-0.210000,-85.714286,-146.058567,116.641170,79.661590,55.166945,30.672299,6.177653,-18.316992,,,,,,,,,,18.830000,15.750833,15.554167,17.198750,18.830000,20.651047,17.008953,19.740523,17.919477
2026-04-17,17.450000,2026-03-31,2025-12-31,0.150000,-0.210000,-83.095238,-146.751027,116.011738,79.542646,55.180181,30.817716,6.455251,-17.907214,,,,,,,,,,18.727500,15.703333,15.699583,17.180625,18.727500,20.619165,16.835835,19.673332,17.781668
2026-04-20,16.850000,2026-03-31,2025-12-31,0.150000,-0.210000,-80.238095,-147.463305,115.331139,79.406372,55.186833,30.967294,6.747755,-17.471784,,,,,,,,,,18.580000,15.634167,15.691667,17.160000,18.580000,20.576681,16.583319,19.578341,17.581659
2026-04-21,17.200000,2026-03-31,2025-12-31,0.150000,-0.210000,-81.904762,-148.192169,114.630195,79.265037,55.192696,31.120355,7.048014,-17.024327,,,,,,,,,,18.417500,15.581667,15.677500,17.140833,18.417500,20.299066,16.535934,19.358283,17.476717
2026-04-22,16.950000,2026-03-31,2025-12-31,0.150000,-0.210000,-80.714286,-148.910866,113.926509,79.120416,55.195849,31.271282,7.346715,-16.577852,,,,,,,,,,18.245000,15.525000,15.662083,17.115000,18.245000,19.988831,16.501169,19.116916,17.373084
2026-04-23,16.500000,2026-03-31,2025-12-31,0.150000,-0.210000,-78.571429,-149.613177,113.222945,78.972404,55.195586,31.418767,7.641949,-16.134870,,,,,,,,,,18.080000,15.461667,15.637917,17.087500,18.080000,19.828804,16.331196,18.954402,17.205598
2026-04-24,16.100000,2026-03-31,2025-12-31,0.150000,-0.210000,-76.666667,-150.297286,112.524153,78.822575,55.192502,31.562430,7.932358,-15.697714,,,,,,,,,,17.917500,15.390833,15.618333,17.054583,17.917500,19.770314,16.064686,18.843907,16.991093
2026-04-27,15.750000,2026-03-31,2025-12-31,0.150000,-0.210000,-75.000000,-150.967384,111.826359,78.670222,55.186686,31.703151,8.219615,-15.263920,,,,,,,,,,17.705000,15.323333,15.596250,17.016875,17.705000,19.526769,15.883231,18.615884,16.794116
2026-04-28,16.000000,2026-03-31,2025-12-31,0.150000,-0.210000,-76.190476,-151.647648,111.112912,78.513429,55.179718,31.846006,8.512295,-14.821417,,,,,,,,,,17.565000,15.590000,15.575417,16.978333,17.565000,19.461284,15.668716,18.513142,16.616858
2026-04-29,0.000000,2026-03-31,2025-12-31,0.150000,-0.210000,-0.000000,-151.692869,111.049535,78.496307,55.175905,31.855502,8.535100,-14.785302,,,,,,,,,,16.640000,15.590000,15.421667,16.872083,16.640000,24.687530,8.592470,20.663765,12.616235
2026-04-30,15.800000,2026-03-31,2025-12-31,0.150000,-0.210000,-75.238095,-152.365074,110.332292,78.336228,55.166447,31.996665,8.826884,-14.342897,,,,,,,,,,16.497500,15.523333,15.399583,16.937917,16.497500,24.495952,8.499048,20.496726,12.498274
2026-05-04,14.900000,2026-03-31,2025-12-31,0.150000,-0.210000,-70.952381,-153.001687,109.632278,78.175911,55.153132,32.130354,9.107576,-13.915202,,,,,,,,,,16.320000,15.771667,15.369583,16.893750,16.320000,24.293535,8.346465,20.306768,12.333232
2026-05-05,14.800000,2026-03-31,2025-12-31,0.150000,-0.210000,-70.476190,-153.588988,108.992663,78.030606,55.142147,32.253688,9.365228,-13.523231,,,,,,,,,,16.132500,15.690000,15.492917,16.849167,16.132500,24.061479,8.203521,20.096990,12.168010
2026-05-06,14.350000,2026-03-31,2025-12-31,0.150000,-0.210000,-68.333333,-154.203531,108.294286,77.866342,55.124542,32.382741,9.640941,-13.100859,,,,,,,,,,15.925000,15.600833,15.459167,16.908958,15.925000,23.810196,8.039804,19.867598,11.982402
2026-05-07,14.350000,2026-03-31,2025-12-31,0.150000,-0.210000,-68.333333,-154.772975,107.654391,77.717169,55.109747,32.502325,9.894903,-12.712520,,,,,,,,,,15.740000,15.840000,15.578750,16.860000,15.740000,23.588808,7.891192,19.664404,11.815596
2026-05-08,14.150000,2026-03-31,2025-12-31,0.150000,-0.210000,-67.380952,-155.379581,106.946965,77.547437,55.088575,32.629712,10.170849,-12.288013,,,,,,,,,,15.565000,16.075833,15.543333,16.918958,15.565000,23.390538,7.739462,19.477769,11.652231
2026-05-11,14.050000,2026-03-31,2025-12-31,0.150000,-0.210000,-66.904762,-155.982219,106.234682,77.374832,55.065549,32.756266,10.446983,-11.862300,,,,,,,,,,15.357500,15.986667,15.507083,16.977500,15.357500,23.108580,7.606420,19.233040,11.481960
2026-05-12,13.900000,2026-03-31,2025-12-31,0.150000,-0.210000,-66.190476,-156.578659,105.519621,77.199759,55.040639,32.881518,10.722398,-11.436722,,,,,,,,,,15.117500,15.917500,15.470417,16.928125,15.117500,22.728799,7.506201,18.923149,11.311851
2026-05-13,13.800000,2026-03-31,2025-12-31,0.150000,-0.210000,-65.714286,-157.171131,104.799741,77.021829,55.013883,33.005938,10.997992,-11.009954,,,,,,,,,,14.910000,15.831667,15.432917,16.985625,14.910000,22.421787,7.398213,18.665894,11.154106
2026-05-14,14.250000,2026-03-31,2025-12-31,0.150000,-0.210000,-67.857143,-157.781583,104.055542,76.837460,54.985796,33.134132,11.282469,-10.569195,,,,,,,,,,14.757500,15.735833,15.398750,16.938125,14.757500,22.188394,7.326606,18.472947,11.042053
2026-05-15,14.450000,2026-05-15,2026-03-31,-0.430000,-0.600000,-24.083333,-158.027498,103.700856,219.257526,157.037012,94.816499,32.595985,-29.624529,,,,,,,,,,14.580000,15.976667,15.365417,16.892083,14.580000,21.852689,7.307311,18.216344,10.943656
2026-05-18,0.000000,2026-05-15,2026-03-31,-0.430000,-0.600000,-0.000000,-158.027498,103.700856,219.257526,157.037012,94.816499,32.595985,-29.624529,,,,,,,,,,13.707500,15.976667,15.365417,16.784792,13.707500,23.335872,4.079128,18.521686,8.893314
2026-05-19,14.000000,2026-05-15,2026-03-31,-0.430000,-0.600000,-23.333333,-158.267163,103.352569,218.983380,156.971839,94.960298,32.948756,-29.062785,,,,,,,,,,13.565000,16.210000,15.328333,16.738125,13.565000,23.081252,4.048748,18.323126,8.806874
2026-05-20,0.000000,2026-05-15,2026-03-31,-0.430000,-0.600000,-0.000000,-158.267163,103.352569,218.983380,156.971839,94.960298,32.948756,-29.062785,,,,,,,,,,12.705000,16.210000,15.328333,16.633958,12.705000,23.813645,1.596355,18.259323,7.150677
2026-05-21,13.900000,2026-05-15,2026-03-31,-0.430000,-0.600000,-23.166667,-156.548760,103.873312,218.577231,156.253243,93.929256,31.605269,-30.718719,,,,,,,,,,12.552500,16.441667,15.291250,16.587708,12.552500,23.498322,1.606678,18.025411,7.079589
2026-05-22,13.950000,2026-05-15,2026-03-31,-0.430000,-0.600000,-23.250000,-154.784177,104.326993,218.062897,155.466702,92.870506,30.274310,-32.321885,,,,,,,,,,12.425000,16.343333,15.250833,16.545625,12.425000,23.235789,1.614211,17.830394,7.019606
2026-05-25,14.100000,2026-05-15,2026-03-31,-0.430000,-0.600000,-23.500000,-153.052927,104.770229,217.556030,154.693893,91.831756,28.969619,-33.892518,,,,,,,,,,12.325000,16.249167,15.214167,16.501458,12.325000,23.029131,1.620869,17.677066,6.972934
2026-05-26,0.000000,2026-05-15,2026-03-31,-0.430000,-0.600000,-0.000000,-151.105010,105.428185,217.176827,153.919917,90.663006,27.406095,-35.850816,,,,,,,,,,11.537500,15.920000,15.058333,16.501458,11.537500,23.431943,-0.356943,17.484721,5.590279
2026-05-27,13.800000,2026-05-15,2026-03-31,-0.430000,-0.600000,-23.000000,-149.452927,105.872136,216.718319,153.195038,89.671756,26.148474,-37.374808,,,,,,,,,,11.427500,15.825833,15.025833,16.455625,11.427500,23.188116,-0.333116,17.307808,5.547192
2026-05-28,13.800000,2026-05-15,2026-03-31,-0.430000,-0.600000,-23.000000,-147.748760,106.250485,216.149838,152.399547,88.649256,24.898965,-38.851326,,,,,,,,,,12.117500,16.055833,14.989167,16.410000,12.117500,22.605602,1.629398,17.361551,6.873449
2026-05-29,13.100000,2026-05-15,2026-03-31,-0.430000,-0.600000,-21.833333,-145.972371,106.560984,215.456603,151.520013,87.583423,23.646833,-40.289758,,,,,,,,,,11.982500,15.955000,14.941667,16.356667,11.982500,22.339713,1.625287,17.161107,6.803893
2026-06-01,13.050000,2026-05-15,2026-03-31,-0.430000,-0.600000,-21.750000,-146.153621,106.328857,215.286801,151.489487,87.692173,23.894859,-39.902455,,,,,,,,,,11.890000,15.834167,15.050417,16.411042,11.890000,22.170262,1.609738,17.030131,6.749869
2026-06-02,0.000000,2026-05-15,2026-03-31,-0.430000,-0.600000,-0.000000,-144.143204,106.795407,214.640411,150.563167,86.485923,22.408679,-41.668566,,,,,,,,,,11.150000,15.513333,14.889583,16.304167,11.150000,22.611147,-0.311147,16.880574,5.419426
2026-06-03,13.500000,2026-05-15,2026-03-31,-0.430000,-0.600000,-22.500000,-142.341121,107.009885,213.816534,149.610603,85.404673,21.198742,-43.007189,,,,,,,,,,11.107500,15.425833,14.842917,16.360417,11.107500,22.524905,-0.309905,16.816202,5.398798
2026-06-04,13.000000,2026-05-15,2026-03-31,-0.430000,-0.600000,-21.666667,-140.552927,107.220125,212.995906,148.663831,84.331756,19.999681,-44.332394,,,,,,,,,,11.040000,15.318333,14.793750,16.414583,11.040000,22.392468,-0.312468,16.716234,5.363766
2026-06-05,12.300000,2026-05-15,2026-03-31,-0.430000,-0.600000,-20.500000,-138.650843,107.309120,211.961449,147.575978,83.190506,18.805034,-45.580438,,,,,,,,,,10.947500,15.209167,14.730417,16.465833,10.947500,22.223160,-0.328160,16.585330,5.309670
2026-06-08,12.500000,2026-05-15,2026-03-31,-0.430000,-0.600000,-20.833333,-138.824454,107.099565,211.814151,147.554412,83.294673,19.034934,-45.224805,,,,,,,,,,10.870000,15.102500,14.834583,16.414583,10.870000,22.076972,-0.336972,16.473486,5.266514
2026-06-09,12.450000,2026-05-15,2026-03-31,-0.430000,-0.600000,-20.750000,-136.929663,107.160911,210.750891,146.454344,82.157798,17.861251,-46.435296,,,,,,,,,,10.797500,14.986667,14.772917,16.466458,10.797500,21.940516,-0.345516,16.369008,5.225992
2026-06-10,13.500000,2026-05-15,2026-03-31,-0.430000,-0.600000,-22.500000,-137.117163,106.938765,210.596816,146.433557,82.270298,18.107039,-46.056221,,,,,,,,,,10.782500,14.900833,14.885417,16.522708,10.782500,21.909294,-0.344294,16.345897,5.219103
2026-06-11,12.650000,2026-05-15,2026-03-31,-0.430000,-0.600000,-21.083333,-137.292857,106.728709,210.450165,146.412940,82.375714,18.338489,-45.698737,,,,,,,,,,10.702500,14.790000,14.990833,16.472917,10.702500,21.747026,-0.342026,16.224763,5.180237
2026-06-12,12.800000,2026-05-15,2026-03-31,-0.430000,-0.600000,-21.333333,-135.402927,106.757610,209.350888,145.296322,81.241756,17.187190,-46.867376,,,,,,,,,,10.620000,14.676667,14.932083,16.430417,10.620000,21.570914,-0.330914,16.095457,5.144543
2026-06-15,12.400000,2026-05-15,2026-03-31,-0.430000,-0.600000,-20.666667,-135.575149,106.553817,209.209670,145.277379,81.345089,17.412799,-46.519491,,,,,,,,,,11.240000,14.558333,15.035417,16.385417,11.240000,20.998430,1.481570,16.119215,6.360785
2026-06-16,12.600000,2026-05-15,2026-03-31,-0.430000,-0.600000,-21.000000,-133.744940,106.620438,208.191490,144.219227,80.246964,16.274701,-47.697562,,,,,,,,,,11.170000,14.438333,14.980000,16.341250,11.170000,20.864947,1.475053,16.017474,6.322526
2026-06-17,12.350000,2026-05-15,2026-03-31,-0.430000,-0.600000,-20.583333,-131.942510,106.690557,207.194174,143.179840,79.165506,15.151172,-48.863162,,,,,,,,,,11.787500,14.303333,14.925000,16.296875,11.787500,19.936886,3.638114,15.862193,7.712807
2026-06-18,12.350000,2026-05-15,2026-03-31,-0.430000,-0.600000,-20.583333,-130.119246,106.708679,206.121963,142.096755,78.071548,14.046340,-49.978868,,,,,,,,,,11.710000,14.169167,14.868333,16.251458,11.710000,19.804091,3.615909,15.757046,7.662954
2026-06-22,12.200000,2026-05-15,2026-03-31,-0.430000,-0.600000,-20.333333,-130.288690,106.516295,205.992768,142.082991,78.173214,14.263437,-49.646340,,,,,,,,,,11.622500,14.042500,14.970000,16.201042,11.622500,19.652213,3.592787,15.637356,7.607644
2026-06-23,11.950000,2026-05-15,2026-03-31,-0.430000,-0.600000,-19.916667,-130.454663,106.326924,205.865106,142.068952,78.272798,14.476643,-49.319511,,,,,,,,,,11.515000,13.919167,15.069583,16.151875,11.515000,19.462201,3.567799,15.488600,7.541400
2026-06-24,12.100000,2026-05-15,2026-03-31,-0.430000,-0.600000,-20.166667,-128.700843,106.396460,204.896257,141.058382,77.220506,13.382630,-50.455245,,,,,,,,,,12.120000,13.787500,15.016667,16.101458,12.120000,17.931549,6.308451,15.025775,9.214225
2026-06-25,12.100000,2026-05-15,2026-03-31,-0.430000,-0.600000,-20.166667,-126.941815,106.431681,203.883106,140.024098,76.165089,12.306081,-51.552928,,,,,,,,,,12.035000,13.675833,14.963333,16.050208,12.035000,17.792567,6.277433,14.913784,9.156216
2026-06-26,11.850000,2026-05-15,2026-03-31,-0.430000,-0.600000,-19.750000,-125.028274,106.276057,202.548232,138.782598,75.016964,11.251330,-52.514304,,,,,,,,,,11.937500,13.565000,14.895833,15.996458,11.937500,17.634949,6.240051,14.786224,9.088776
2026-06-29,12.150000,2026-05-15,2026-03-31,-0.430000,-0.600000,-20.250000,-123.019940,105.956847,200.960180,137.386072,73.811964,10.237856,-53.336252,,,,,,,,,,11.890000,13.456667,14.822917,15.943542,11.890000,17.562426,6.217574,14.726213,9.053787
2026-06-30,12.050000,2026-05-15,2026-03-31,-0.430000,-0.600000,-20.083333,-121.005010,105.592509,199.314016,135.958511,72.603006,9.247501,-54.108004,,,,,,,,,,11.840000,13.350000,14.748750,15.887083,11.840000,17.486946,6.193054,14.663473,9.016527
2026-07-01,12.050000,2026-05-15,2026-03-31,-0.430000,-0.600000,-20.083333,-118.880704,105.031119,197.365765,134.347094,71.328423,8.309751,-54.708920,,,,,,,,,,12.442500,13.241667,14.665833,15.833750,12.442500,13.367745,11.517255,12.905123,11.979877
2026-07-02,12.000000,2026-05-15,2026-03-31,-0.430000,-0.600000,-20.000000,-116.901538,104.634008,195.701733,132.921328,70.140923,7.360518,-55.419887,,,,,,,,,,12.367500,13.133333,14.594167,15.780208,12.367500,13.166364,11.568636,12.766932,11.968068
2026-07-03,11.500000,2026-05-15,2026-03-31,-0.430000,-0.600000,-19.166667,-114.852927,104.115326,193.850148,131.380952,68.911756,6.442560,-56.026636,,,,,,,,,,12.292500,13.024167,14.513333,15.721042,12.292500,13.122386,11.462614,12.707443,11.877557
2026-07-06,11.500000,2026-05-15,2026-03-31,-0.430000,-0.600000,-19.166667,-112.825149,103.583804,191.995654,129.845371,67.695089,5.544807,-56.605475,,,,,,,,,,12.252500,12.921667,14.434167,15.662917,12.252500,13.154822,11.350178,12.703661,11.801339
2026-07-07,11.800000,2026-05-15,2026-03-31,-0.430000,-0.600000,-19.666667,-110.723413,102.885859,189.897078,128.165563,66.434048,4.702532,-57.028983,,,,,,,,,,12.217500,12.815000,14.351250,15.606875,12.217500,13.133599,11.301401,12.675549,11.759451
2026-07-08,11.850000,2026-05-15,2026-03-31,-0.430000,-0.600000,-19.750000,-108.700496,102.261136,187.933661,126.576979,65.220298,3.863616,-57.493066,,,,,,,,,,12.187500,12.700833,14.275000,15.556875,12.187500,13.110809,11.264191,12.649155,11.725845
2026-07-09,0.000000,2026-05-15,2026-03-31,-0.430000,-0.600000,-0.000000,-106.617163,101.904259,186.255408,125.112853,63.970298,2.827742,-58.314813,,,,,,,,,,11.512500,12.401667,14.108333,15.458958,11.512500,16.975281,6.049719,14.243890,8.781110
2026-07-13,11.200000,2026-05-15,2026-03-31,-0.430000,-0.600000,-18.666667,-104.678968,101.340540,184.416030,123.611705,62.807381,2.003057,-58.801268,,,,,,,,,,11.440000,12.300000,14.034167,15.404375,11.440000,16.877647,6.002353,14.158823,8.721177
2026-07-14,11.150000,2026-05-15,2026-03-31,-0.430000,-0.600000,-18.583333,-102.849454,100.891891,182.779942,122.244807,61.709673,1.174538,-59.360597,,,,,,,,,,11.357500,12.185833,13.968333,15.450833,11.357500,16.758209,5.956791,14.057855,8.657145
2026-07-15,10.600000,2026-05-15,2026-03-31,-0.430000,-0.600000,-17.666667,-100.882093,100.224217,180.798316,120.663786,60.529256,0.394726,-59.739804,,,,,,,,,,11.267500,12.071667,13.887500,15.395417,11.267500,16.655037,5.879963,13.961268,8.573732
2026-07-16,10.650000,2026-05-15,2026-03-31,-0.430000,-0.600000,-17.750000,-98.842510,99.394543,178.578958,118.942232,59.305506,-0.331220,-59.967946,,,,,,,,,,11.170000,11.968333,13.801250,15.341042,11.170000,16.526491,5.813509,13.848246,8.491754
2026-07-17,10.650000,2026-05-15,2026-03-31,-0.430000,-0.600000,-17.750000,-96.870635,98.627250,176.475081,117.298731,58.122381,-1.053969,-60.230319,,,,,,,,,,11.085000,11.859167,13.720417,15.289375,11.085000,16.416545,5.753455,13.750772,8.419228
2026-07-20,11.700000,2026-05-15,2026-03-31,-0.430000,-0.600000,-19.500000,-94.913343,97.802393,174.310878,115.629442,56.948006,-1.733430,-60.414866,,,,,,,,,,11.052500,11.771667,13.648333,15.246458,11.052500,16.359444,5.745556,13.705972,8.399028
2026-07-21,12.250000,2026-05-15,2026-03-31,-0.430000,-0.600000,-20.416667,-92.968899,96.933601,172.101660,113.941500,55.781339,-2.378821,-60.538982,,,,,,,,,,11.055000,11.700833,13.581250,15.205000,11.055000,16.364267,5.745733,13.709633,8.400367
2026-07-22,12.150000,2026-05-15,2026-03-31,-0.430000,-0.600000,-20.250000,-91.017857,96.009364,169.821951,112.216333,54.610714,-2.994904,-60.600522,,,,,,,,,,11.065000,11.635000,13.512917,15.160625,11.065000,16.382112,5.747888,13.723556,8.406444
2026-07-23,11.550000,2026-05-15,2026-03-31,-0.430000,-0.600000,-19.250000,-89.115774,95.140223,167.637731,110.553598,53.469464,-3.614669,-60.698803,,,,,,,,,,11.037500,11.565000,13.444167,15.109167,11.037500,16.337736,5.737264,13.687618,8.387382
2026-07-24,11.850000,2026-05-15,2026-03-31,-0.430000,-0.600000,-19.750000,-89.280357,95.001747,167.570311,110.569263,53.568214,-3.432834,-60.433883,,,,,,,,,,11.025000,11.495833,13.542917,15.062917,11.025000,16.315856,5.734144,13.670428,8.379572
2026-07-27,0.000000,2026-05-15,2026-03-31,-0.430000,-0.600000,-0.000000,-89.280357,95.001747,167.570311,110.569263,53.568214,-3.432834,-60.433883,,,,,,,,,,10.432500,11.495833,13.542917,14.964375,10.432500,17.640922,3.224078,14.036711,6.828289
2026-07-28,11.500000,2026-05-15,2026-03-31,-0.430000,-0.600000,-19.166667,-87.377579,94.088396,165.332622,108.879585,52.426548,-4.026490,-60.479527,,,,,,,,,,10.400000,11.424167,13.473750,14.914583,10.400000,17.581629,3.218371,13.990814,6.809186
2026-07-29,10.400000,2026-05-15,2026-03-31,-0.430000,-0.600000,-17.333333,-87.522024,93.966352,165.272837,108.893026,52.513214,-3.866597,-60.246408,,,,,,,,,,10.317500,11.349167,13.560417,14.957917,10.317500,17.457106,3.177894,13.887303,6.747697
2026-07-30,10.650000,2026-05-15,2026-03-31,-0.430000,-0.600000,-17.750000,-85.617857,93.033374,163.010763,107.190739,51.370714,-4.449310,-60.269334,,,,,,,,,,10.247500,11.280000,13.485000,14.902917,10.247500,17.342901,3.152099,13.795200,6.699800
2026-07-31,0.000000,2026-05-15,2026-03-31,-0.430000,-0.600000,-0.000000,-83.565774,92.172301,160.746226,105.442845,50.139464,-5.163916,-60.467297,,,,,,,,,,9.647500,11.040833,13.320833,14.807917,9.647500,18.031412,1.263588,13.839456,5.455544
2026-08-03,10.600000,2026-05-15,2026-03-31,-0.430000,-0.600000,-17.666667,-83.712996,92.051734,160.689879,105.458838,50.227798,-5.003243,-60.234283,,,,,,,,,,9.602500,10.978333,13.409167,14.759583,9.602500,17.954145,1.250855,13.778322,5.426678
2026-08-04,0.000000,2026-05-15,2026-03-31,-0.430000,-0.600000,-0.000000,-83.712996,92.051734,160.689879,105.458838,50.227798,-5.003243,-60.234283,,,,,,,,,,9.027500,10.742500,13.409167,14.667917,9.027500,18.355527,-0.300527,13.691513,4.363487
2026-08-05,10.600000,2026-05-15,2026-03-31,-0.430000,-0.600000,-17.666667,-81.839385,91.075582,158.394330,103.748980,49.103631,-5.541719,-60.187068,,,,,,,,,,8.967500,10.685000,13.335833,14.618333,8.967500,18.235684,-0.300684,13.601592,4.333408
2026-08-06,11.000000,2026-05-15,2026-03-31,-0.430000,-0.600000,-18.333333,-80.111954,90.287928,156.412686,102.239929,48.067173,-6.105584,-60.278341,,,,,,,,,,8.925000,10.636667,13.277083,14.664167,8.925000,18.145201,-0.295201,13.535100,4.314900
2026-08-07,10.900000,2026-05-15,2026-03-31,-0.430000,-0.600000,-18.166667,-78.289385,89.298914,154.132328,100.552979,46.973631,-6.605718,-60.185066,,,,,,,,,,9.470000,10.588333,13.210000,14.617917,9.470000,17.704868,1.235132,13.587434,5.352566
2026-08-10,0.000000,2026-05-15,2026-03-31,-0.430000,-0.600000,-0.000000,-76.206052,88.168340,151.525639,98.624635,45.723631,-7.177373,-60.078378,,,,,,,,,,8.910000,10.350833,13.043333,14.524583,8.910000,18.115582,-0.295582,13.512791,4.307209
2026-08-11,0.000000,2026-05-15,2026-03-31,-0.430000,-0.600000,-0.000000,-76.206052,88.168340,151.525639,98.624635,45.723631,-7.177373,-60.078378,,,,,,,,,,8.352500,10.110000,13.043333,14.432917,8.352500,18.306948,-1.601948,13.329724,3.375276
2026-08-12,10.850000,2026-05-15,2026-03-31,-0.430000,-0.600000,-18.083333,-76.356746,88.052374,151.476897,98.645472,45.814048,-7.017377,-59.848802,,,,,,,,,,8.365000,10.290833,13.133750,14.478125,8.365000,18.331951,-1.601951,13.348475,3.381525
2026-08-13,10.750000,2026-05-15,2026-03-31,-0.430000,-0.600000,-17.916667,-76.506052,87.936927,151.427943,98.665787,45.903631,-6.858525,-59.620681,,,,,,,,,,8.370000,10.236667,13.223333,14.429375,8.370000,18.341876,-1.601876,13.355938,3.384062
2026-08-14,10.500000,2026-08-14,2026-06-30,0.330000,-0.210000,-50.000000,-76.922718,87.689484,52.983354,34.568563,16.153771,-2.261021,-20.675813,,,,,,,,,,8.362500,10.411667,13.310833,14.381042,8.362500,18.327379,-1.602379,13.344940,3.380060
2026-08-17,10.650000,2026-08-14,2026-06-30,0.330000,-0.210000,-50.714286,-77.345337,87.437487,52.966265,34.604393,16.242521,-2.119351,-20.481224,,,,,,,,,,8.310000,10.357500,13.399583,14.339792,8.310000,18.211706,-1.591706,13.260853,3.359147
2026-08-18,10.650000,2026-08-14,2026-06-30,0.330000,-0.210000,-50.714286,-75.700248,86.043332,52.035251,33.966152,15.897052,-2.172048,-20.241147,,,,,,,,,,8.230000,10.302500,13.322917,14.298125,8.230000,18.022930,-1.562930,13.126465,3.333535
2026-08-19,10.550000,2026-08-14,2026-06-30,0.330000,-0.210000,-50.238095,-74.061607,84.616607,51.091912,33.322425,15.552938,-2.216550,-19.986037,,,,,,,,,,8.150000,10.243333,13.246250,14.261667,8.150000,17.833627,-1.533627,12.991813,3.308187
2026-08-20,10.700000,2026-08-14,2026-06-30,0.330000,-0.210000,-50.952381,-72.428919,83.131269,50.125206,32.667639,15.210073,-2.247494,-19.705060,,,,,,,,,,8.107500,10.421667,13.170833,14.221250,8.107500,17.735599,-1.520599,12.921549,3.293451
2026-08-21,10.700000,2026-08-14,2026-06-30,0.330000,-0.210000,-50.952381,-70.827480,81.653216,49.168121,32.020946,14.873771,-2.273404,-19.420580,,,,,,,,,,8.050000,10.370000,13.097917,14.186667,8.050000,17.597389,-1.497389,12.823694,3.276306
2026-08-24,11.000000,2026-08-14,2026-06-30,0.330000,-0.210000,-52.380952,-71.263988,81.411051,49.158079,32.061758,14.965438,-2.130883,-19.227204,,,,,,,,,,8.600000,10.323333,13.189583,14.154167,8.600000,17.435634,-0.235634,13.017817,4.182183
2026-08-25,10.700000,2026-08-14,2026-06-30,0.330000,-0.210000,-50.952381,-69.693800,79.945293,48.212721,31.424209,14.635698,-2.152814,-18.941325,,,,,,,,,,8.560000,10.283333,13.119167,14.119583,8.560000,17.347467,-0.227467,12.953734,4.166266
2026-08-26,10.900000,2026-08-14,2026-06-30,0.330000,-0.210000,-51.904762,-68.011756,78.143318,47.102662,30.692565,14.282469,-2.127628,-18.537725,,,,,,,,,,8.585000,10.247500,13.040833,14.086875,8.585000,17.397318,-0.227318,12.991159,4.178841
2026-08-27,10.650000,2026-08-14,2026-06-30,0.330000,-0.210000,-50.714286,-66.429167,76.524413,46.090379,30.020252,13.950125,-2.120002,-18.190129,,,,,,,,,,8.585000,10.425000,12.969167,14.050833,8.585000,17.397318,-0.227318,12.991159,4.178841
2026-08-28,10.650000,2026-08-14,2026-06-30,0.330000,-0.210000,-50.714286,-64.898661,74.957824,45.111005,29.369862,13.628719,-2.112424,-17.853567,,,,,,,,,,9.117500,10.377500,12.901667,14.095208,9.117500,16.981627,1.253373,13.049564,5.185436
2026-08-31,10.800000,2026-08-14,2026-06-30,0.330000,-0.210000,-51.428571,-63.301190,73.148459,44.015603,28.654426,13.293250,-2.067926,-17.429103,,,,,,,,,,9.127500,10.340833,12.829583,14.060208,9.127500,17.000069,1.254931,13.063784,5.191216
2026-09-01,10.900000,2026-08-14,2026-06-30,0.330000,-0.210000,-51.904762,-61.770188,71.413464,42.965395,27.968567,12.971740,-2.025088,-17.021915,,,,,,,,,,9.672500,10.317500,12.763333,14.026042,9.672500,16.294352,3.050648,12.983426,6.361574
2026-09-02,10.400000,2026-08-14,2026-06-30,0.330000,-0.210000,-49.523810,-60.214137,69.590777,41.873095,27.259032,12.644969,-1.969094,-16.583158,,,,,,,,,,9.662500,10.282500,12.692500,13.981875,9.662500,16.279056,3.045944,12.970778,6.354222
2026-09-03,10.400000,2026-08-14,2026-06-30,0.330000,-0.210000,-49.523810,-58.606002,67.542585,40.675146,26.491203,12.307260,-1.876682,-16.060625,,,,,,,,,,9.632500,10.248333,12.617500,13.941875,9.632500,16.228932,3.036068,12.930716,6.334284
2026-09-04,0.000000,2026-08-14,2026-06-30,0.330000,-0.210000,-0.000000,-56.663294,65.811226,39.540007,25.719649,11.899292,-1.921066,-15.741423,,,,,,,,,,9.087500,10.023333,12.462083,13.858542,9.087500,16.927000,1.248000,13.007250,5.167750
2026-09-07,10.650000,2026-08-14,2026-06-30,0.330000,-0.210000,-50.714286,-55.075496,63.581060,38.269899,24.917877,11.565854,-1.786168,-15.138191,,,,,,,,,,9.620000,9.990000,12.390000,13.819792,9.620000,16.207260,3.032740,12.913630,6.326370
2026-09-08,10.700000,2026-08-14,2026-06-30,0.330000,-0.210000,-50.952381,-53.458433,61.130490,36.901077,24.063674,11.226271,-1.611132,-14.448535,,,,,,,,,,10.155000,9.955000,12.315833,13.782708,10.155000,14.945550,5.364450,12.550275,7.759725
2026-09-09,0.000000,2026-08-14,2026-06-30,0.330000,-0.210000,-0.000000,-51.427183,58.757963,35.478053,23.138881,10.799708,-1.539464,-13.878636,,,,,,,,,,9.612500,9.748333,12.153333,13.701042,9.612500,16.194203,3.030797,12.903352,6.321648
2026-09-10,0.000000,2026-08-14,2026-06-30,0.330000,-0.210000,-0.000000,-49.364683,56.101426,33.929182,22.147883,10.366583,-1.414716,-13.196016,,,,,,,,,,9.075000,9.538333,11.988333,13.622917,9.075000,16.903322,1.246678,12.989161,5.160839
2026-09-11,0.000000,2026-08-14,2026-06-30,0.330000,-0.210000,-0.000000,-47.234474,52.969473,32.166418,21.042829,9.919240,-1.204350,-12.327939,,,,,,,,,,8.550000,9.332500,11.817917,13.543750,8.550000,17.326824,-0.226824,12.938412,4.161588
2026-09-14,10.500000,2026-08-14,2026-06-30,0.330000,-0.210000,-50.000000,-45.526141,49.397800,30.307566,19.934028,9.560490,-0.813048,-11.186586,,,,,,,,,,8.542500,9.301667,11.735417,13.507292,8.542500,17.312021,-0.227021,12.927261,4.157739
2026-09-15,10.300000,2026-08-14,2026-06-30,0.330000,-0.210000,-49.047619,-43.872371,45.767749,28.435653,18.824425,9.213198,-0.398029,-10.009257,,,,,,,,,,8.525000,9.270000,11.656250,13.550208,8.525000,17.278195,-0.228195,12.901597,4.148403
2026-09-16,10.550000,2026-08-14,2026-06-30,0.330000,-0.210000,-50.238095,-42.275397,41.988112,26.512840,17.695337,8.877833,0.060330,-8.757174,,,,,,,,,,8.525000,9.246667,11.582917,13.514167,8.525000,17.278195,-0.228195,12.901597,4.148403
2026-09-17,10.750000,2026-08-14,2026-06-30,0.330000,-0.210000,-51.190476,-40.618651,37.393858,24.235337,16.382627,8.529917,0.677207,-7.175504,,,,,,,,,,8.527500,9.224167,11.505833,13.479167,8.527500,17.283339,-0.228339,12.905419,4.149581
2026-09-18,11.650000,2026-08-14,2026-06-30,0.330000,-0.210000,-55.476190,-39.122619,32.869213,22.020820,15.118285,8.215750,1.313215,-5.589320,,,,,,,,,,8.575000,9.216667,11.446250,13.445417,8.575000,17.390566,-0.240566,12.982783,4.167217
2026-09-21,11.850000,2026-08-14,2026-06-30,0.330000,-0.210000,-56.428571,-37.665774,27.759125,19.568645,13.739229,7.909813,2.080396,-3.749020,,,,,,,,,,8.617500,9.216667,11.390833,13.415625,8.617500,17.490301,-0.255301,13.053901,4.181099
2026-09-22,12.250000,2026-08-14,2026-06-30,0.330000,-0.210000,-58.333333,-37.411806,27.424677,19.374844,13.615661,7.856479,2.097297,-3.661885,,,,,,,,,,8.695000,9.218333,11.337500,13.466667,8.695000,17.670868,-0.280868,13.182934,4.207066
2026-09-23,12.300000,2026-08-14,2026-06-30,0.330000,-0.210000,-58.571429,-37.167758,27.100388,19.187392,13.496311,7.805229,2.114148,-3.576934,,,,,,,,,,8.765000,9.222500,11.286250,13.438750,8.765000,17.834620,-0.304620,13.299810,4.230190
2026-09-24,13.100000,2026-08-14,2026-06-30,0.330000,-0.210000,-62.380952,-36.951488,26.790420,19.011789,13.385801,7.759813,2.133824,-3.492164,,,,,,,,,,8.887500,9.240000,11.240833,13.413750,8.887500,18.128876,-0.353876,13.508188,4.266812
2026-09-29,0.000000,2026-08-14,2026-06-30,0.330000,-0.210000,-0.000000,-36.217361,26.583391,18.770670,13.188158,7.605646,2.023134,-3.559378,,,,,,,,,,8.355000,9.040000,11.086667,13.334167,8.355000,18.364201,-1.654201,13.359601,3.350399
2026-09-30,0.000000,2026-08-14,2026-06-30,0.330000,-0.210000,-0.000000,-35.501091,26.389309,18.538739,12.996984,7.455229,1.913474,-3.628281,,,,,,,,,,7.815000,8.848333,10.936250,13.255417,7.815000,18.416594,-2.786594,13.115797,2.514203
2026-10-01,11.800000,2026-08-14,2026-06-30,0.330000,-0.210000,-56.190476,-35.268948,26.079371,18.359815,12.883147,7.406479,1.929811,-3.546857,,,,,,,,,,7.860000,8.853333,10.887500,13.225417,7.860000,18.524185,-2.804185,13.192093,2.527907
2026-10-02,12.700000,2026-08-14,2026-06-30,0.330000,-0.210000,-60.476190,-35.050694,25.753170,18.176977,12.768811,7.360646,1.952480,-3.455685,,,,,,,,,,7.975000,8.868333,10.841667,13.202708,7.975000,18.802864,-2.852864,13.388932,2.561068
