# chart-version: skill-stock-dynamic-valuation-box@1.10.0; font: noto-sans-cjk-tc-v1; Updated: 2026-10-04 15:46 CST (1.10.0)
date,close,available_date,period_end,eps,ttm_eps,pe,pe_mean,pe_std,price_m2,price_m1,price_mean,price_p1,price_p2,forward_eps,forward_pe,forward_pe_mean,forward_pe_std,forward_price_m2,forward_price_m1,forward_price_mean,forward_price_p1,forward_price_p2,sma20,sma60,sma120,sma240,bband_mid,bband_upper2,bband_lower2,bband_upper1,bband_lower1
2023-10-02,41.800000,2023-08-14,2023-06-30,-0.040000,3.720000,11.236559,11.487575,1.274677,33.250184,37.991981,42.733779,47.475576,52.217373,,,,,,,,,,41.702500,44.965833,47.932083,45.194167,41.702500,43.344538,40.060462,42.523519,40.881481
2023-10-03,40.650000,2023-08-14,2023-06-30,-0.040000,3.720000,10.927419,11.480264,1.275358,33.217917,37.962249,42.706580,47.450912,52.195244,,,,,,,,,,41.635000,44.726667,47.736667,45.224167,41.635000,43.335495,39.934505,42.485248,40.784752
2023-10-04,40.800000,2023-08-14,2023-06-30,-0.040000,3.720000,10.967742,11.474362,1.276083,33.190568,37.937598,42.684628,47.431658,52.178688,,,,,,,,,,41.570000,44.518333,47.548333,45.252083,41.570000,43.294865,39.845135,42.432432,40.707568
2023-10-05,40.900000,2023-08-14,2023-06-30,-0.040000,3.720000,10.994624,11.469913,1.276823,33.168510,37.918293,42.668077,47.417860,52.167643,,,,,,,,,,41.442500,44.301667,47.367500,45.278958,41.442500,42.944875,39.940125,42.193688,40.691312
2023-10-06,42.100000,2023-08-14,2023-06-30,-0.040000,3.720000,11.317204,11.465543,1.276438,33.155122,37.903471,42.651820,47.400169,52.148518,,,,,,,,,,41.360000,44.125000,47.182500,45.308958,41.360000,42.454772,40.265228,41.907386,40.812614
2023-10-11,41.050000,2023-08-14,2023-06-30,-0.040000,3.720000,11.034946,11.462657,1.277021,33.140046,37.890566,42.641085,47.391605,52.142125,,,,,,,,,,41.277500,43.929167,47.009583,45.338958,41.277500,42.178654,40.376346,41.728077,40.826923
2023-10-12,44.950000,2023-08-14,2023-06-30,-0.040000,3.720000,12.083333,11.473573,1.276679,33.183198,37.932444,42.681691,47.430937,52.180183,,,,,,,,,,41.470000,43.760000,46.896667,45.383542,41.470000,43.337844,39.602156,42.403922,40.536078
2023-10-13,45.100000,2023-08-14,2023-06-30,-0.040000,3.720000,12.123656,11.483136,1.277219,33.214756,37.966011,42.717266,47.468521,52.219776,,,,,,,,,,41.675000,43.556667,46.775833,45.427083,41.675000,44.132534,39.217466,42.903767,40.446233
2023-10-16,43.700000,2023-08-14,2023-06-30,-0.040000,3.720000,11.747312,11.496469,1.271496,33.306938,38.036902,42.766866,47.496829,52.226793,,,,,,,,,,41.810000,43.391667,46.680833,45.463958,41.810000,44.404245,39.215755,43.107122,40.512878
2023-10-17,43.000000,2023-08-14,2023-06-30,-0.040000,3.720000,11.559140,11.512992,1.259158,33.460193,38.144261,42.828330,47.512398,52.196466,,,,,,,,,,41.865000,43.261667,46.605833,45.503958,41.865000,44.513356,39.216644,43.189178,40.540822
2023-10-18,42.050000,2023-08-14,2023-06-30,-0.040000,3.720000,11.303763,11.527540,1.246401,33.609222,38.245835,42.882448,47.519061,52.155675,,,,,,,,,,41.872500,43.110833,46.523750,45.539167,41.872500,44.522123,39.222877,43.197311,40.547689
2023-10-19,41.350000,2023-08-14,2023-06-30,-0.040000,3.720000,11.115591,11.542975,1.229480,33.792533,38.366200,42.939868,47.513535,52.087202,,,,,,,,,,41.830000,42.961667,46.449167,45.570417,41.830000,44.484767,39.175233,43.157384,40.502616
2023-10-20,40.800000,2023-08-14,2023-06-30,-0.040000,3.720000,10.967742,11.558790,1.209445,34.000425,38.499561,42.998698,47.497835,51.996972,,,,,,,,,,41.800000,42.831667,46.378750,45.601458,41.800000,44.488572,39.111428,43.144286,40.455714
2023-10-23,41.100000,2023-08-14,2023-06-30,-0.040000,3.720000,11.048387,11.574586,1.189980,34.204008,38.630734,43.057460,47.484185,51.910911,,,,,,,,,,41.800000,42.693333,46.307083,45.635417,41.800000,44.488572,39.111428,43.144286,40.455714
2023-10-24,41.000000,2023-08-14,2023-06-30,-0.040000,3.720000,11.021505,11.588163,1.174060,34.372962,38.740464,43.107966,47.475468,51.842970,,,,,,,,,,41.800000,42.560000,46.223750,45.664792,41.800000,44.488572,39.111428,43.144286,40.455714
2023-10-25,41.150000,2023-08-14,2023-06-30,-0.040000,3.720000,11.061828,11.604071,1.153538,34.584819,38.875982,43.167144,47.458307,51.749470,,,,,,,,,,41.797500,42.409167,46.152500,45.698750,41.797500,44.488513,39.106487,43.143007,40.451993
2023-10-26,41.500000,2023-08-14,2023-06-30,-0.040000,3.720000,11.155914,11.622605,1.127824,34.845082,39.040586,43.236090,47.431594,51.627098,,,,,,,,,,41.812500,42.259167,46.094167,45.734167,41.812500,44.492813,39.132187,43.152657,40.472343
2023-10-27,41.050000,2023-08-14,2023-06-30,-0.040000,3.720000,11.034946,11.637829,1.107097,35.055918,39.174320,43.292722,47.411124,51.529526,,,,,,,,,,41.817500,42.166667,46.019583,45.767708,41.817500,44.491404,39.143596,43.154452,40.480548
2023-10-30,41.000000,2023-08-14,2023-06-30,-0.040000,3.720000,11.021505,11.651406,1.089172,35.239787,39.291508,43.343229,47.394949,51.446670,,,,,,,,,,41.812500,42.084167,45.936250,45.799167,41.812500,44.492420,39.132580,43.152460,40.472540
2023-10-31,40.350000,2023-08-14,2023-06-30,-0.040000,3.720000,10.846774,11.664908,1.068710,35.442256,39.417856,43.393456,47.369057,51.344657,,,,,,,,,,41.770000,42.005000,45.855000,45.823333,41.770000,44.516941,39.023059,43.143470,40.396530
2023-11-01,40.150000,2023-08-14,2023-06-30,-0.040000,3.720000,10.793011,11.680110,1.042692,35.692381,39.571195,43.450010,47.328825,51.207640,,,,,,,,,,41.687500,41.910833,45.783750,45.848125,41.687500,44.528159,38.846841,43.107829,40.267171
2023-11-02,40.850000,2023-08-14,2023-06-30,-0.040000,3.720000,10.981183,11.696267,1.016160,35.949887,39.730000,43.510114,47.290228,51.070341,,,,,,,,,,41.697500,41.840000,45.715000,45.861667,41.697500,44.524154,38.870846,43.110827,40.284173
2023-11-03,40.300000,2023-08-14,2023-06-30,-0.040000,3.720000,10.833333,11.715336,0.977255,36.310268,39.945658,43.581048,47.216439,50.851829,,,,,,,,,,41.672500,41.758333,45.664167,45.875208,41.672500,44.541110,38.803890,43.106805,40.238195
2023-11-06,39.600000,2023-08-14,2023-06-30,-0.040000,3.720000,10.645161,11.731915,0.941118,36.640804,40.141764,43.642724,47.143685,50.644645,,,,,,,,,,41.607500,41.682500,45.602500,45.890000,41.607500,44.605793,38.609207,43.106647,40.108353
2023-11-07,40.050000,2023-08-14,2023-06-30,-0.040000,3.720000,10.766129,11.724032,0.945239,36.580822,40.097110,43.613397,47.129685,50.645973,,,,,,,,,,41.505000,41.624167,45.542917,45.901458,41.505000,44.571783,38.438217,43.038391,39.971609
2023-11-08,39.750000,2023-08-14,2023-06-30,-0.040000,3.720000,10.685484,11.714752,0.949950,36.511248,40.045063,43.578878,47.112694,50.646509,,,,,,,,,,41.440000,41.580833,45.477917,45.912292,41.440000,44.601046,38.278954,43.020523,39.859477
2023-11-09,39.500000,2023-08-14,2023-06-30,-0.040000,3.720000,10.618280,11.703982,0.955023,36.433442,39.986128,43.538814,47.091500,50.644186,,,,,,,,,,41.167500,41.550833,45.407083,45.918542,41.167500,43.974310,38.360690,42.570905,39.764095
2023-11-10,39.350000,2023-08-14,2023-06-30,-0.040000,3.720000,10.577957,11.692359,0.960198,36.351701,39.923639,43.495577,47.067515,50.639453,,,,,,,,,,40.880000,41.515833,45.332917,45.920000,40.880000,43.109326,38.650674,41.994663,39.765337
2023-11-13,39.250000,2023-08-14,2023-06-30,-0.040000,3.720000,10.551075,11.681340,0.965675,36.269960,39.862272,43.454583,47.046895,50.639207,,,,,,,,,,40.657500,41.465000,45.261250,45.915833,40.657500,42.567109,38.747891,41.612304,39.702696
2023-11-14,38.950000,2023-11-14,2023-09-30,-0.170000,1.850000,21.054054,11.756294,1.289914,16.976462,19.362803,21.749143,24.135484,26.521825,,,,,,,,,,40.455000,41.403333,45.180833,45.910625,40.455000,42.167462,38.742538,41.311231,39.598769
2023-11-15,38.900000,2023-11-14,2023-09-30,-0.170000,1.850000,21.027027,11.830196,1.542481,16.178681,19.032272,21.885862,24.739452,27.593042,,,,,,,,,,40.297500,41.365833,45.096667,45.905417,40.297500,41.971284,38.623716,41.134392,39.460608
2023-11-16,38.950000,2023-11-14,2023-09-30,-0.170000,1.850000,21.054054,11.904116,1.757169,15.521089,18.771852,22.022614,25.273377,28.524140,,,,,,,,,,40.177500,41.320833,45.012083,45.901250,40.177500,41.877492,38.477508,41.027496,39.327504
2023-11-17,39.450000,2023-11-14,2023-09-30,-0.170000,1.850000,21.324324,11.981632,1.956319,14.927641,18.546830,22.166020,25.785210,29.404400,,,,,,,,,,40.110000,41.290000,44.937083,45.902292,40.110000,41.813124,38.406876,40.961562,39.258438
2023-11-20,39.650000,2023-11-14,2023-09-30,-0.170000,1.850000,21.432432,12.063048,2.137805,14.406760,18.361700,22.316639,26.271579,30.226519,,,,,,,,,,40.037500,41.255833,44.875833,45.905208,40.037500,41.685745,38.389255,40.861622,39.213378
2023-11-21,40.450000,2023-11-14,2023-09-30,-0.170000,1.850000,21.864865,12.145586,2.317458,13.894741,18.182038,22.469335,26.756632,31.043929,,,,,,,,,,40.010000,41.240833,44.811250,45.909375,40.010000,41.608223,38.411777,40.809111,39.210889
2023-11-22,40.600000,2023-11-14,2023-09-30,-0.170000,1.850000,21.945946,12.228180,2.484099,13.430967,18.026550,22.622133,27.217715,31.813298,,,,,,,,,,39.982500,41.234167,44.745417,45.918750,39.982500,41.515737,38.449263,40.749119,39.215881
2023-11-23,39.650000,2023-11-14,2023-09-30,-0.170000,1.850000,21.432432,12.307528,2.622112,13.067114,17.918020,22.768926,27.619833,32.470739,,,,,,,,,,39.890000,41.204167,44.675833,45.923125,39.890000,41.251346,38.528654,40.570673,39.209327
2023-11-24,39.650000,2023-11-14,2023-09-30,-0.170000,1.850000,21.432432,12.386462,2.750976,12.736344,17.825649,22.914955,28.004261,33.093566,,,,,,,,,,39.820000,41.171667,44.604583,45.931458,39.820000,41.069589,38.570411,40.444795,39.195205
2023-11-27,39.500000,2023-11-14,2023-09-30,-0.170000,1.850000,21.351351,12.465341,2.869645,12.443196,17.752039,23.060881,28.369724,33.678567,,,,,,,,,,39.745000,41.120833,44.534583,45.937500,39.745000,40.870260,38.619740,40.307630,39.182370
2023-11-28,39.600000,2023-11-14,2023-09-30,-0.170000,1.850000,21.405405,12.544464,2.982884,12.170587,17.688923,23.207259,28.725595,34.243931,,,,,,,,,,39.707500,41.070000,44.464583,45.944792,39.707500,40.797297,38.617703,40.252399,39.162601
2023-11-29,40.400000,2023-11-14,2023-09-30,-0.170000,1.850000,21.837838,12.630292,3.099587,11.897570,17.631805,23.366041,29.100276,34.834511,,,,,,,,,,39.720000,41.036667,44.413750,45.950833,39.720000,40.836574,38.603426,40.278287,39.161713
2023-11-30,40.300000,2023-11-14,2023-09-30,-0.170000,1.850000,21.783784,12.715360,3.208564,11.651730,17.587573,23.523416,29.459259,35.395101,,,,,,,,,,39.692500,41.008333,44.360833,45.942292,39.692500,40.715023,38.669977,40.203761,39.181239
2023-12-01,39.950000,2023-11-14,2023-09-30,-0.170000,1.850000,21.594595,12.800919,3.306636,11.447146,17.564423,23.681699,29.798976,35.916253,,,,,,,,,,39.675000,40.972500,44.313333,45.935417,39.675000,40.665215,38.684785,40.170108,39.179892
2023-12-04,40.850000,2023-11-14,2023-09-30,-0.170000,1.850000,22.081081,12.891565,3.409959,11.232547,17.540971,23.849396,30.157820,36.466245,,,,,,,,,,39.737500,40.929167,44.277500,45.932083,39.737500,40.857122,38.617878,40.297311,39.177689
2023-12-05,40.450000,2023-11-14,2023-09-30,-0.170000,1.850000,21.864865,12.982375,3.502148,11.059444,17.538418,24.017393,30.496368,36.975342,,,,,,,,,,39.757500,40.874167,44.246250,45.927500,39.757500,40.914299,38.600701,40.335900,39.179100
2023-12-06,40.450000,2023-11-14,2023-09-30,-0.170000,1.850000,21.864865,13.069669,3.591525,10.890243,17.534565,24.178887,30.823209,37.467531,,,,,,,,,,39.792500,40.836667,44.200833,45.923333,39.792500,40.989986,38.595014,40.391243,39.193757
2023-12-07,40.450000,2023-11-14,2023-09-30,-0.170000,1.850000,21.864865,13.158617,3.675794,10.743002,17.543222,24.343441,31.143661,37.943881,,,,,,,,,,39.840000,40.825833,44.162083,45.919167,39.840000,41.063713,38.616287,40.451857,39.228143
2023-12-08,40.150000,2023-11-14,2023-09-30,-0.170000,1.850000,21.702703,13.247041,3.752485,10.622833,17.564929,24.507026,31.449123,38.391219,,,,,,,,,,39.880000,40.811667,44.124167,45.914167,39.880000,41.088479,38.671521,40.484239,39.275761
2023-12-11,39.800000,2023-11-14,2023-09-30,-0.170000,1.850000,21.513514,13.330994,3.823717,10.514586,17.588462,24.662338,31.736214,38.810090,,,,,,,,,,39.907500,40.791667,44.071667,45.907083,39.907500,41.080115,38.734885,40.493808,39.321192
2023-12-12,39.700000,2023-11-14,2023-09-30,-0.170000,1.850000,21.459459,13.415633,3.890275,10.424903,17.621912,24.818921,32.015930,39.212940,,,,,,,,,,39.945000,40.755000,44.022917,45.902708,39.945000,41.033650,38.856350,40.489325,39.400675
2023-12-13,39.200000,2023-11-14,2023-09-30,-0.170000,1.850000,21.189189,13.498744,3.948976,10.361464,17.667070,24.972676,32.278282,39.583888,,,,,,,,,,39.960000,40.710000,43.972917,45.895000,39.960000,40.994968,38.925032,40.477484,39.442516
2023-12-14,39.650000,2023-11-14,2023-09-30,-0.170000,1.850000,21.432432,13.580780,4.010721,10.284774,17.704609,25.124443,32.544278,39.964112,,,,,,,,,,39.995000,40.667500,43.914167,45.889375,39.995000,40.928528,39.061472,40.461764,39.528236
2023-12-15,38.550000,2023-11-14,2023-09-30,-0.170000,1.850000,20.837838,13.651761,4.063251,10.221729,17.738744,25.255758,32.772773,40.289788,,,,,,,,,,39.950000,40.620000,43.821667,45.850000,39.950000,41.063553,38.836447,40.506776,39.393224
2023-12-18,38.600000,2023-11-14,2023-09-30,-0.170000,1.850000,20.864865,13.721003,4.114888,10.158772,17.771314,25.383856,32.996398,40.608941,,,,,,,,,,39.897500,40.578333,43.721667,45.825417,39.897500,41.159693,38.635307,40.528597,39.266403
2023-12-19,37.800000,2023-11-14,2023-09-30,-0.170000,1.850000,20.432432,13.776302,4.160251,10.093233,17.789696,25.486160,33.182623,40.879086,,,,,,,,,,39.765000,40.525000,43.573333,45.810208,39.765000,41.308100,38.221900,40.536550,38.993450
2023-12-20,38.050000,2023-11-14,2023-09-30,-0.170000,1.850000,20.567568,13.830246,4.206123,10.023299,17.804628,25.585956,33.367284,41.148612,,,,,,,,,,39.637500,40.472500,43.417083,45.796458,39.637500,41.306371,37.968629,40.471936,38.803064
2023-12-21,38.150000,2023-11-14,2023-09-30,-0.170000,1.850000,20.621622,13.882573,4.251364,9.952714,17.817737,25.682760,33.547783,41.412806,,,,,,,,,,39.562500,40.421667,43.253333,45.780000,39.562500,41.358951,37.766049,40.460726,38.664274
2023-12-22,38.000000,2023-11-14,2023-09-30,-0.170000,1.850000,20.540541,13.928020,4.293289,9.881667,17.824253,25.766838,33.709423,41.652008,,,,,,,,,,39.480000,40.372500,43.063333,45.766042,39.480000,41.406382,37.553618,40.443191,38.516809
2023-12-25,37.600000,2023-11-14,2023-09-30,-0.170000,1.850000,20.324324,13.972493,4.331825,9.821360,17.835236,25.849112,33.862989,41.876865,,,,,,,,,,39.385000,40.314167,42.873333,45.752917,39.385000,41.486653,37.283347,40.435827,38.334173
2023-12-26,37.750000,2023-11-14,2023-09-30,-0.170000,1.850000,20.405405,14.027774,4.371389,9.777244,17.864313,25.951382,34.038451,42.125520,,,,,,,,,,39.292500,40.256667,42.725417,45.743333,39.292500,41.513755,37.071245,40.403127,38.181873
2023-12-27,37.650000,2023-11-14,2023-09-30,-0.170000,1.850000,20.351351,14.082604,4.409250,9.738592,17.895705,26.052818,34.209931,42.367044,,,,,,,,,,39.155000,40.187500,42.576667,45.733542,39.155000,41.427467,36.882533,40.291233,38.018767
2023-12-28,37.200000,2023-11-14,2023-09-30,-0.170000,1.850000,20.108108,14.136442,4.443205,9.712557,17.932487,26.152417,34.372347,42.592276,,,,,,,,,,39.000000,40.130000,42.428333,45.724167,39.000000,41.364652,36.635348,40.182326,37.817674
2023-12-29,37.650000,2023-11-14,2023-09-30,-0.170000,1.850000,20.351351,14.195821,4.478407,9.692163,17.977216,26.262269,34.547322,42.832375,,,,,,,,,,38.885000,40.077500,42.297917,45.716667,38.885000,41.278654,36.491346,40.081827,37.688173
2024-01-02,37.100000,2023-11-14,2023-09-30,-0.170000,1.850000,20.054054,14.251482,4.509516,9.680034,18.022638,26.365243,34.707847,43.050451,,,,,,,,,,38.697500,40.014167,42.157917,45.706667,38.697500,41.029762,36.365238,39.863631,37.531369
2024-01-03,37.050000,2023-11-14,2023-09-30,-0.170000,1.850000,20.027027,14.309400,4.538840,9.678682,18.075536,26.472390,34.869244,43.266098,,,,,,,,,,38.527500,39.930000,42.027500,45.690625,38.527500,40.817174,36.237826,39.672337,37.382663
2024-01-04,36.850000,2023-11-14,2023-09-30,-0.170000,1.850000,19.918919,14.366210,4.566178,9.682629,18.130059,26.577488,35.024918,43.472348,,,,,,,,,,38.347500,39.860000,41.894583,45.665000,38.347500,40.565720,36.129280,39.456610,37.238390
2024-01-05,36.700000,2023-11-14,2023-09-30,-0.170000,1.850000,19.837838,14.417588,4.592914,9.678755,18.175646,26.672538,35.169429,43.666321,,,,,,,,,,38.160000,39.722500,41.741250,45.641250,38.160000,40.260777,36.059223,39.210388,37.109612
2024-01-08,35.700000,2023-11-14,2023-09-30,-0.170000,1.850000,19.297297,14.459912,4.614414,9.677505,18.214171,26.750838,35.287505,43.824171,,,,,,,,,,37.937500,39.565833,41.561250,45.618333,37.937500,40.092757,35.782243,39.015128,36.859872
2024-01-09,34.450000,2023-11-14,2023-09-30,-0.170000,1.850000,18.621622,14.504257,4.628723,9.706599,18.269738,26.832876,35.396014,43.959153,,,,,,,,,,37.670000,39.411667,41.401667,45.591250,37.670000,40.154775,35.185225,38.912387,36.427613
2024-01-10,33.200000,2023-11-14,2023-09-30,-0.170000,1.850000,17.945946,14.548761,4.635982,9.762077,18.338642,26.915208,35.491774,44.068340,,,,,,,,,,37.345000,39.248333,41.255000,45.557708,37.345000,40.356364,34.333636,38.850682,35.839318
2024-01-11,34.000000,2023-11-14,2023-09-30,-0.170000,1.850000,18.378378,14.596249,4.645852,9.813406,18.408233,27.003060,35.597887,44.192714,,,,,,,,,,37.085000,39.114167,41.112500,45.526875,37.085000,40.312203,33.857797,38.698602,35.471398
2024-01-12,33.850000,2023-11-14,2023-09-30,-0.170000,1.850000,18.297297,14.644715,4.653934,9.873167,18.482945,27.092722,35.702499,44.312276,,,,,,,,,,36.795000,38.989167,40.975417,45.496042,36.795000,40.093309,33.496691,38.444154,35.145846
2024-01-15,33.800000,2023-11-14,2023-09-30,-0.170000,1.850000,18.270270,14.696470,4.659474,9.948417,18.568444,27.188470,35.808497,44.428524,,,,,,,,,,36.557500,38.872500,40.852083,45.464583,36.557500,40.004432,33.110568,38.280966,34.834034
2024-01-16,33.300000,2023-11-14,2023-09-30,-0.170000,1.850000,18.000000,14.744320,4.663704,10.021289,18.649140,27.276992,35.904844,44.532695,,,,,,,,,,36.292500,38.742500,40.717917,45.423958,36.292500,39.889908,32.695092,38.091204,34.493796
2024-01-17,32.000000,2023-11-14,2023-09-30,-0.170000,1.850000,17.297297,14.787141,4.663355,10.101798,18.729004,27.356210,35.983416,44.610623,,,,,,,,,,36.002500,38.592500,40.576250,45.378542,36.002500,40.000983,32.004017,38.001742,34.003258
2024-01-18,35.200000,2023-11-14,2023-09-30,-0.170000,1.850000,19.027027,14.841894,4.674321,10.162518,18.810011,27.457505,36.104998,44.752492,,,,,,,,,,35.860000,38.493333,40.451250,45.328750,35.860000,39.752990,31.967010,37.806495,33.913505
2024-01-19,38.700000,2023-11-14,2023-09-30,-0.170000,1.850000,20.918919,14.911794,4.702107,10.189022,18.887920,27.586818,36.285716,44.984614,,,,,,,,,,35.887500,38.446667,40.352917,45.284375,35.887500,39.855646,31.919354,37.871573,33.903427
2024-01-22,38.800000,2023-11-14,2023-09-30,-0.170000,1.850000,20.972973,14.990208,4.724205,10.252327,18.992106,27.731884,36.471663,45.211441,,,,,,,,,,35.927500,38.409167,40.287917,45.240625,35.927500,40.000062,31.854938,37.963781,33.891219
2024-01-23,38.050000,2023-11-14,2023-09-30,-0.170000,1.850000,20.567568,15.066588,4.739771,10.336033,19.104610,27.873187,36.641764,45.410341,,,,,,,,,,35.950000,38.360000,40.222083,45.196667,35.950000,40.066207,31.833793,38.008103,33.891897
2024-01-24,37.800000,2023-11-14,2023-09-30,-0.170000,1.850000,20.432432,15.143599,4.751335,10.435717,19.225688,28.015658,36.805629,45.595599,,,,,,,,,,35.952500,38.317500,40.161250,45.154167,35.952500,40.073368,31.831632,38.012934,33.892066
2024-01-25,38.000000,2023-11-14,2023-09-30,-0.170000,1.850000,20.540541,15.220064,4.763828,10.530953,19.344036,28.157118,36.970200,45.783283,,,,,,,,,,35.970000,38.281667,40.096250,45.111667,35.970000,40.124060,31.815940,38.047030,33.892970
2024-01-26,37.200000,2023-11-14,2023-09-30,-0.170000,1.850000,20.108108,15.294372,4.769996,10.645603,19.470096,28.294589,37.119082,45.943575,,,,,,,,,,35.970000,38.220833,40.030417,45.068333,35.970000,40.124060,31.815940,38.047030,33.892970
2024-01-29,37.950000,2023-11-14,2023-09-30,-0.170000,1.850000,20.513514,15.371853,4.778695,10.756754,19.597341,28.437928,37.278514,46.119101,,,,,,,,,,35.985000,38.181667,39.970000,45.027708,35.985000,40.166677,31.803323,38.075838,33.894162
2024-01-30,37.350000,2023-11-14,2023-09-30,-0.170000,1.850000,20.189189,15.448802,4.781324,10.889383,19.734833,28.580283,37.425733,46.271182,,,,,,,,,,35.997500,38.144167,39.913333,44.975625,35.997500,40.194676,31.800324,38.096088,33.898912
2024-01-31,37.300000,2023-11-14,2023-09-30,-0.170000,1.850000,20.162162,15.526766,4.781267,11.033829,19.879173,28.724517,37.569861,46.415205,,,,,,,,,,36.010000,38.098333,39.861250,44.933750,36.010000,40.221838,31.798162,38.115919,33.904081
2024-02-01,37.600000,2023-11-14,2023-09-30,-0.170000,1.850000,20.324324,15.608563,4.778659,11.194804,20.035323,28.875841,37.716360,46.556878,,,,,,,,,,36.047500,38.062500,39.821667,44.894792,36.047500,40.303947,31.791053,38.175724,33.919276
2024-02-02,37.300000,2023-11-14,2023-09-30,-0.170000,1.850000,20.162162,15.684063,4.778433,11.335314,20.175415,29.015516,37.855617,46.695719,,,,,,,,,,36.077500,38.025833,39.788333,44.861042,36.077500,40.361678,31.793322,38.219589,33.935411
2024-02-05,37.100000,2023-11-14,2023-09-30,-0.170000,1.850000,20.054054,15.758326,4.776506,11.479831,20.316367,29.152903,37.989439,46.825976,,,,,,,,,,36.147500,37.988333,39.752083,44.825417,36.147500,40.451412,31.843588,38.299456,33.995544
2024-02-15,36.850000,2023-11-14,2023-09-30,-0.170000,1.850000,19.918919,15.829559,4.774265,11.619904,20.452294,29.284684,38.117074,46.949464,,,,,,,,,,36.267500,37.948333,39.706667,44.783958,36.267500,40.505458,32.029542,38.386479,34.148521
2024-02-16,37.200000,2023-11-14,2023-09-30,-0.170000,1.850000,20.108108,15.901584,4.773063,11.757598,20.587765,29.417931,38.248098,47.078264,,,,,,,,,,36.467500,37.919167,39.661250,44.742917,36.467500,40.466747,32.468253,38.467123,34.467877
2024-02-19,37.200000,2023-11-14,2023-09-30,-0.170000,1.850000,20.108108,15.976970,4.767417,11.917953,20.737674,29.557395,38.377116,47.196836,,,,,,,,,,36.627500,37.890833,39.628333,44.704167,36.627500,40.463819,32.791181,38.545659,34.709341
2024-02-20,37.100000,2023-11-14,2023-09-30,-0.170000,1.850000,20.054054,16.050785,4.761343,12.076982,20.885467,29.693953,38.502438,47.310923,,,,,,,,,,36.790000,37.860000,39.590417,44.667917,36.790000,40.399578,33.180422,38.594789,34.985211
2024-02-21,37.150000,2023-11-14,2023-09-30,-0.170000,1.850000,20.081081,16.125610,4.753468,12.244548,21.038463,29.832378,38.626293,47.420208,,,,,,,,,,36.957500,37.821667,39.555833,44.632500,36.957500,40.282568,33.632432,38.620034,35.294966
2024-02-22,37.950000,2023-11-14,2023-09-30,-0.170000,1.850000,20.513514,16.203142,4.748485,12.406418,21.191115,29.975812,38.760509,47.545206,,,,,,,,,,37.190000,37.793333,39.524583,44.595208,37.190000,40.056981,34.323019,38.623490,35.756510
2024-02-23,37.500000,2023-11-14,2023-09-30,-0.170000,1.850000,20.270270,16.279431,4.739593,12.580454,21.348700,30.116947,38.885193,47.653439,,,,,,,,,,37.465000,37.744167,39.492500,44.559792,37.465000,38.965211,35.964789,38.215105,36.714895
2024-02-26,37.200000,2023-11-14,2023-09-30,-0.170000,1.850000,20.108108,16.355152,4.727454,12.765452,21.511242,30.257032,39.002822,47.748612,,,,,,,,,,37.565000,37.687500,39.460833,44.525208,37.565000,38.634235,36.495765,38.099617,37.030383
2024-02-27,36.300000,2023-11-14,2023-09-30,-0.170000,1.850000,19.621622,16.425812,4.712230,12.952500,21.670126,30.387752,39.105378,47.823004,,,,,,,,,,37.445000,37.631667,39.417917,44.487500,37.445000,38.516595,36.373405,37.980797,36.909203
2024-02-29,36.400000,2023-11-14,2023-09-30,-0.170000,1.850000,19.675676,16.496586,4.696575,13.141358,21.830021,30.518684,39.207347,47.896010,,,,,,,,,,37.325000,37.577500,39.374583,44.446667,37.325000,38.289911,36.360089,37.807455,36.842545
2024-03-01,36.100000,2023-11-14,2023-09-30,-0.170000,1.850000,19.513514,16.563880,4.681315,13.322313,21.982746,30.643179,39.303612,47.964045,,,,,,,,,,37.227500,37.520833,39.320833,44.390833,37.227500,38.274538,36.180462,37.751019,36.703981
2024-03-04,37.550000,2023-11-14,2023-09-30,-0.170000,1.850000,20.297297,16.637482,4.669894,13.500736,22.140039,30.779343,39.418646,48.057949,,,,,,,,,,37.215000,37.486667,39.278333,44.343958,37.215000,38.238976,36.191024,37.726988,36.703012
2024-03-05,38.650000,2023-11-14,2023-09-30,-0.170000,1.850000,20.891892,16.716599,4.660793,13.680775,22.303242,30.925709,39.548176,48.170643,,,,,,,,,,37.247500,37.457500,39.247083,44.308542,37.247500,38.408477,36.086523,37.827989,36.667011
2024-03-06,38.800000,2023-11-14,2023-09-30,-0.170000,1.850000,20.972973,16.797288,4.649864,13.870486,22.472735,31.074983,39.677232,48.279480,,,,,,,,,,37.327500,37.432500,39.220417,44.275625,37.327500,38.679487,35.975513,38.003493,36.651507
2024-03-07,37.700000,2023-11-14,2023-09-30,-0.170000,1.850000,20.378378,16.872798,4.633669,14.070101,22.642389,31.214676,39.786964,48.359252,,,,,,,,,,37.315000,37.395000,39.183750,44.243958,37.315000,38.647232,35.982768,37.981116,36.648884
2024-03-08,36.550000,2023-11-14,2023-09-30,-0.170000,1.850000,19.756757,16.940103,4.616235,14.259122,22.799157,31.339191,39.879226,48.419260,,,,,,,,,,37.275000,37.323333,39.126250,44.213125,37.275000,38.650155,35.899845,37.962578,36.587422
2024-03-11,38.300000,2023-11-14,2023-09-30,-0.170000,1.850000,20.702703,17.014620,4.604082,14.441945,22.959496,31.477046,39.994597,48.512148,,,,,,,,,,37.325000,37.287500,39.080833,44.191667,37.325000,38.774682,35.875318,38.049841,36.600159
2024-03-12,37.400000,2023-11-14,2023-09-30,-0.170000,1.850000,20.216216,17.087434,4.584845,14.647826,23.129789,31.611753,40.093716,48.575680,,,,,,,,,,37.315000,37.236667,39.036667,44.164167,37.315000,38.759445,35.870555,38.037222,36.592778
2024-03-13,36.600000,2023-11-14,2023-09-30,-0.170000,1.850000,19.783784,17.160229,4.557421,14.883966,23.315195,31.746424,40.177652,48.608881,,,,,,,,,,37.280000,37.172500,38.999167,44.142083,37.280000,38.759474,35.800526,38.019737,36.540263
2024-03-14,36.300000,2023-11-14,2023-09-30,-0.170000,1.850000,19.621622,17.231897,4.527598,15.126896,23.502952,31.879009,40.255065,48.631122,,,,,,,,,,37.240000,37.108333,38.960000,44.112292,37.240000,38.781906,35.698094,38.010953,36.469047
2024-03-15,35.800000,2023-11-14,2023-09-30,-0.170000,1.850000,19.351351,17.301312,4.495323,15.374733,23.691080,32.007427,40.323774,48.640121,,,,,,,,,,37.187500,37.041667,38.916667,44.081875,37.187500,38.851950,35.523050,38.019725,36.355275
2024-03-18,35.300000,2023-11-14,2023-09-30,-0.170000,1.850000,19.081081,17.366459,4.463621,15.612551,23.870250,32.127949,40.385648,48.643347,,,,,,,,,,37.092500,36.968333,38.861667,44.050000,37.092500,38.958618,35.226382,38.025559,36.159441
2024-03-19,34.000000,2023-11-14,2023-09-30,-0.170000,1.850000,18.378378,17.425750,4.428992,15.850366,24.044002,32.237638,40.431274,48.624910,,,,,,,,,,36.932500,36.881667,38.795833,44.010208,36.932500,39.253179,34.611821,38.092840,35.772160
2024-03-20,32.900000,2023-11-14,2023-09-30,-0.170000,1.850000,17.783784,17.479414,4.393556,16.080759,24.208838,32.336916,40.464995,48.593074,,,,,,,,,,36.722500,36.769167,38.718333,43.954792,36.722500,39.658031,33.786969,38.190265,35.254735
2024-03-21,33.250000,2023-11-14,2023-09-30,-0.170000,1.850000,17.972973,17.536447,4.354678,16.330120,24.386274,32.442427,40.498581,48.554734,,,,,,,,,,36.527500,36.680833,38.650417,43.900000,36.527500,39.837688,33.217312,38.182594,34.872406
2024-03-22,32.900000,2023-11-14,2023-09-30,-0.170000,1.850000,17.783784,17.592575,4.313562,16.586086,24.566175,32.546265,40.526354,48.506443,,,,,,,,,,36.275000,36.585833,38.582083,43.838125,36.275000,39.885147,32.664853,38.080073,34.469927
2024-03-25,32.950000,2023-11-14,2023-09-30,-0.170000,1.850000,17.810811,17.649153,4.270965,16.848364,24.749648,32.650933,40.552218,48.453502,,,,,,,,,,36.047500,36.505000,38.515000,43.756667,36.047500,39.898060,32.196940,37.972780,34.122220
2024-03-26,32.700000,2023-11-14,2023-09-30,-0.170000,1.850000,17.675676,17.704156,4.227876,17.109549,24.931119,32.752689,40.574260,48.395830,,,,,,,,,,35.822500,36.415833,38.444167,43.652500,35.822500,39.908223,31.736777,37.865361,33.779639
2024-03-27,32.600000,2023-11-14,2023-09-30,-0.170000,1.850000,17.621622,17.758709,4.183626,17.374195,25.113904,32.853612,40.593321,48.333030,,,,,,,,,,35.637500,36.323333,38.372500,43.540833,35.637500,39.960374,31.314626,37.798937,33.476063
2024-03-28,32.850000,2023-11-14,2023-09-30,-0.170000,1.850000,17.756757,17.814948,4.137220,17.649941,25.303798,32.957655,40.611511,48.265368,,,,,,,,,,35.460000,36.237500,38.305000,43.418125,35.460000,39.939732,30.980268,37.699866,33.220134
2024-03-29,32.750000,2023-11-14,2023-09-30,-0.170000,1.850000,17.702703,17.870401,4.090090,17.926910,25.493576,33.060242,40.626908,48.193574,,,,,,,,,,35.292500,36.156667,38.235417,43.292917,35.292500,39.919569,30.665431,37.606034,32.978966
2024-04-01,33.250000,2024-03-31,2023-12-31,-1.360000,-0.850000,-39.117647,17.452127,6.592076,-3.627778,-9.231043,-14.834308,-20.437572,-26.040837,,,,,,,,,,35.077500,36.081667,38.169167,43.143958,35.077500,39.662312,30.492688,37.369906,32.785094
2024-04-02,32.900000,2024-03-31,2023-12-31,-1.360000,-0.850000,-38.705882,17.035940,8.334148,-0.312498,-7.396523,-14.480549,-21.564574,-28.648600,,,,,,,,,,34.790000,36.002500,38.095000,43.013542,34.790000,39.147039,30.432961,36.968520,32.611480
2024-04-03,32.550000,2024-03-31,2023-12-31,-1.360000,-0.850000,-38.294118,16.625760,9.731442,2.411556,-5.860170,-14.131896,-22.403622,-30.675348,,,,,,,,,,34.477500,35.925000,38.027500,42.882083,34.477500,38.507842,30.447158,36.492671,32.462329
2024-04-08,32.550000,2024-03-31,2023-12-31,-1.360000,-0.850000,-38.294118,16.215245,10.936552,4.809181,-4.486889,-13.782958,-23.079027,-32.375097,,,,,,,,,,34.220000,35.840000,37.958750,42.753542,34.220000,38.035812,30.404188,36.127906,32.312094
2024-04-09,33.100000,2024-03-31,2023-12-31,-1.360000,-0.850000,-38.941176,15.799113,12.032019,7.025186,-3.202030,-13.429246,-23.656462,-33.883679,,,,,,,,,,34.047500,35.773333,37.893750,42.630625,34.047500,37.729387,30.365613,35.888443,32.206557
2024-04-10,33.100000,2024-03-31,2023-12-31,-1.360000,-0.850000,-38.941176,15.380293,13.023228,9.066238,-2.003506,-13.073249,-24.142993,-35.212737,,,,,,,,,,33.787500,35.707500,37.818750,42.500625,33.787500,36.894517,30.680483,35.341008,32.233992
2024-04-11,32.800000,2024-03-31,2023-12-31,-1.360000,-0.850000,-38.588235,14.966767,13.919375,10.941186,-0.890283,-12.721752,-24.553220,-36.384689,,,,,,,,,,33.557500,35.640000,37.750000,42.379792,33.557500,36.182135,30.932865,34.869818,32.245182
2024-04-12,32.550000,2024-03-31,2023-12-31,-1.360000,-0.850000,-38.294118,14.546955,14.742436,12.697229,0.166159,-12.364911,-24.895982,-37.427052,,,,,,,,,,33.355000,35.570833,37.646667,42.271667,33.355000,35.586804,31.123196,34.470902,32.239098
2024-04-15,31.850000,2024-03-31,2023-12-31,-1.360000,-0.850000,-37.470588,14.133669,15.487280,14.314757,1.150569,-12.013619,-25.177807,-38.341995,,,,,,,,,,33.132500,35.506667,37.536250,42.156042,33.132500,34.982756,31.282244,34.057628,32.207372
2024-04-16,30.400000,2024-03-31,2023-12-31,-1.360000,-0.850000,-35.764706,13.737736,16.142274,15.764790,2.043857,-11.677075,-25.398008,-39.118941,,,,,,,,,,32.862500,35.439167,37.425417,42.053125,32.862500,34.648668,31.076332,33.755584,31.969416
2024-04-17,32.400000,2024-03-31,2023-12-31,-1.360000,-0.850000,-38.117647,13.323763,16.821319,17.271044,2.972923,-11.325198,-25.623319,-39.921441,,,,,,,,,,32.717500,35.425833,37.337083,41.971458,32.717500,34.094482,31.340518,33.405991,32.029009
2024-04-18,31.100000,2024-03-31,2023-12-31,-1.360000,-0.850000,-36.588235,12.924663,17.426887,18.639744,3.826891,-10.985963,-25.798817,-40.611671,,,,,,,,,,32.572500,35.377500,37.245833,41.884792,32.572500,33.990978,31.154022,33.281739,31.863261
2024-04-19,30.050000,2024-03-31,2023-12-31,-1.360000,-0.850000,-35.352941,12.537425,17.975083,19.900830,4.622009,-10.656811,-25.935632,-41.214452,,,,,,,,,,32.430000,35.314167,37.151667,41.800417,32.430000,34.230994,30.629006,33.330497,31.529503
2024-04-22,29.600000,2024-03-31,2023-12-31,-1.360000,-0.850000,-34.823529,12.155831,18.487437,21.096186,5.381865,-10.332456,-26.046777,-41.761098,,,,,,,,,,32.247500,35.244167,37.058333,41.718542,32.247500,34.403392,30.091608,33.325446,31.169554
2024-04-23,29.650000,2024-03-31,2023-12-31,-1.360000,-0.850000,-34.882353,11.773075,18.979475,22.257994,6.125440,-10.007114,-26.139667,-42.272221,,,,,,,,,,32.085000,35.183333,36.962917,41.635000,32.085000,34.507287,29.662713,33.296143,30.873857
2024-04-24,30.550000,2024-03-31,2023-12-31,-1.360000,-0.850000,-35.941176,11.381719,19.472873,23.429423,6.877481,-9.674461,-26.226403,-42.778346,,,,,,,,,,31.965000,35.159167,36.875833,41.549792,31.965000,34.443985,29.486015,33.204493,30.725507
2024-04-25,29.900000,2024-03-31,2023-12-31,-1.360000,-0.850000,-35.176471,10.996400,19.931329,24.536320,7.594690,-9.346940,-26.288570,-43.230200,,,,,,,,,,31.825000,35.070833,36.782083,41.467292,31.825000,34.441647,29.208353,33.133324,30.516676
2024-04-26,30.400000,2024-03-31,2023-12-31,-1.360000,-0.850000,-35.764706,10.605395,20.383285,25.636999,8.311207,-9.014586,-26.340378,-43.666170,,,,,,,,,,31.715000,34.932500,36.689583,41.391875,31.715000,34.379010,29.050990,33.047005,30.382995
2024-04-29,30.600000,2024-03-31,2023-12-31,-1.360000,-0.850000,-36.000000,10.213437,20.822451,26.716745,9.017662,-8.681421,-26.380504,-44.079588,,,,,,,,,,31.602500,34.795833,36.602500,41.311042,31.602500,34.254704,28.950296,32.928602,30.276398
2024-04-30,30.300000,2024-03-31,2023-12-31,-1.360000,-0.850000,-35.647059,9.824532,21.238886,27.755254,9.702201,-8.350852,-26.403905,-44.456958,,,,,,,,,,31.480000,34.666667,36.513333,41.224792,31.480000,34.135362,28.824638,32.807681,30.152319
2024-05-02,30.500000,2024-03-31,2023-12-31,-1.360000,-0.850000,-35.882353,9.435123,21.644496,28.775789,10.377967,-8.019854,-26.417676,-44.815497,,,,,,,,,,31.342500,34.545000,36.431250,41.143125,31.342500,33.894749,28.790251,32.618624,30.066376
2024-05-03,30.300000,2024-03-31,2023-12-31,-1.360000,-0.850000,-35.647059,9.048122,22.031720,29.763021,11.036058,-7.690904,-26.417866,-45.144828,,,,,,,,,,31.212500,34.416667,36.349167,41.066458,31.212500,33.694620,28.730380,32.453560,29.971440
2024-05-06,30.700000,2024-03-31,2023-12-31,-1.360000,-0.850000,-36.117647,8.655632,22.413218,30.745184,11.693949,-7.357287,-26.408523,-45.459759,,,,,,,,,,31.120000,34.308333,36.264583,40.989792,31.120000,33.529062,28.710938,32.324531,29.915469
2024-05-07,30.450000,2024-03-31,2023-12-31,-1.360000,-0.850000,-35.823529,8.266825,22.776858,31.693857,12.333528,-7.026801,-26.387130,-45.747459,,,,,,,,,,31.015000,34.183333,36.182500,40.923333,31.015000,33.343338,28.686662,32.179169,29.850831
2024-05-08,30.100000,2024-03-31,2023-12-31,-1.360000,-0.850000,-35.411765,7.883017,23.121878,32.606629,12.953032,-6.700564,-26.354161,-46.007758,,,,,,,,,,30.865000,34.062500,36.103333,40.852917,30.865000,33.006839,28.723161,31.935919,29.794081
2024-05-09,30.100000,2024-03-31,2023-12-31,-1.360000,-0.850000,-35.411765,7.498201,23.455355,33.500632,13.563580,-6.373471,-26.310522,-46.247574,,,,,,,,,,30.715000,33.942500,36.020417,40.781667,30.715000,32.602940,28.827060,31.658970,29.771030
2024-05-10,29.950000,2024-03-31,2023-12-31,-1.360000,-0.850000,-35.235294,7.115528,23.775332,34.369866,14.160834,-6.048199,-26.257231,-46.466264,,,,,,,,,,30.572500,33.815000,35.938750,40.708333,30.572500,32.211651,28.933349,31.392075,29.752925
2024-05-13,29.900000,2024-03-31,2023-12-31,-1.360000,-0.850000,-35.176471,6.733905,24.084161,35.219255,14.747718,-5.723819,-26.195357,-46.666894,,,,,,,,,,30.440000,33.691667,35.858750,40.632917,30.440000,31.812896,29.067104,31.126448,29.753552
2024-05-14,29.900000,2024-03-31,2023-12-31,-1.360000,-0.850000,-35.176471,6.352618,24.383117,36.051573,15.325924,-5.399726,-26.125375,-46.851024,,,,,,,,,,30.342500,33.571667,35.780000,40.556458,30.342500,31.562196,29.122804,30.952348,29.732652
2024-05-15,29.900000,2024-05-15,2024-03-31,-0.350000,-1.920000,-15.572917,6.134918,24.461811,82.154312,35.187635,-11.779043,-58.745721,-105.712399,,,,,,,,,,30.317500,33.455833,35.702083,40.481667,30.317500,31.552633,29.082367,30.935066,29.699934
2024-05-16,30.150000,2024-05-15,2024-03-31,-0.350000,-1.920000,-15.703125,5.828609,24.503525,82.902608,35.855840,-11.190928,-58.237696,-105.284464,,,,,,,,,,30.205000,33.338333,35.628750,40.404792,30.205000,30.956770,29.453230,30.580885,29.829115
2024-05-17,30.200000,2024-05-15,2024-03-31,-0.350000,-1.920000,-15.729167,5.522307,24.541646,83.637091,36.517131,-10.602829,-57.722789,-104.842749,,,,,,,,,,30.160000,33.221667,35.556250,40.326458,30.160000,30.782896,29.537104,30.471448,29.848552
2024-05-20,30.600000,2024-05-15,2024-03-31,-0.350000,-1.920000,-15.937500,5.214044,24.577211,84.365527,37.177281,-10.010964,-57.199210,-104.387455,,,,,,,,,,30.187500,33.113333,35.486667,40.249375,30.187500,30.837905,29.537095,30.512702,29.862298
2024-05-21,30.550000,2024-05-15,2024-03-31,-0.350000,-1.920000,-15.911458,4.903746,24.607143,85.076239,37.830524,-9.415192,-56.660907,-103.906623,,,,,,,,,,30.235000,33.003333,35.412500,40.174792,30.235000,30.842064,29.627936,30.538532,29.931468
2024-05-22,30.650000,2024-05-15,2024-03-31,-0.350000,-1.920000,-15.963542,4.592113,24.632844,85.773264,38.478204,-8.816856,-56.111916,-103.406976,,,,,,,,,,30.285000,32.881667,35.337500,40.106667,30.285000,30.852636,29.717364,30.568818,30.001182
2024-05-23,30.400000,2024-05-15,2024-03-31,-0.350000,-1.920000,-15.833333,4.277961,24.651090,86.446499,39.116407,-8.213685,-55.543777,-102.873869,,,,,,,,,,30.277500,32.763333,35.253750,40.032500,30.277500,30.834253,29.720747,30.555876,29.999124
2024-05-24,30.200000,2024-05-15,2024-03-31,-0.350000,-1.920000,-15.729167,3.964002,24.664091,87.099226,39.744171,-7.610883,-54.965938,-102.320993,,,,,,,,,,30.292500,32.646667,35.167083,39.956250,30.292500,30.821924,29.763076,30.557212,30.027788
2024-05-27,30.250000,2024-05-15,2024-03-31,-0.350000,-1.920000,-15.755208,3.654105,24.676384,87.741433,40.362776,-7.015881,-54.394538,-101.773195,,,,,,,,,,30.285000,32.545833,35.088750,39.882292,30.285000,30.812257,29.757743,30.548629,30.021371
2024-05-28,33.250000,2024-05-15,2024-03-31,-0.350000,-1.920000,-17.317708,3.331187,24.695317,88.434137,41.019129,-6.395879,-53.810887,-101.225894,,,,,,,,,,30.417500,32.493333,35.035417,39.820000,30.417500,31.843674,28.991326,31.130587,29.704413
2024-05-29,36.550000,2024-05-15,2024-03-31,-0.350000,-1.920000,-19.036458,2.994622,24.722863,89.186119,41.718223,-5.749674,-53.217570,-100.685467,,,,,,,,,,30.730000,32.500833,35.010833,39.772708,30.730000,33.818246,27.641754,32.274123,29.185877
2024-05-30,33.800000,2024-05-15,2024-03-31,-0.350000,-1.920000,-17.604167,2.669542,24.735210,89.857687,42.366083,-5.125521,-52.617124,-100.108728,,,,,,,,,,30.895000,32.438333,34.962500,39.713542,30.895000,34.270749,27.519251,32.582875,29.207125
2024-05-31,33.800000,2024-05-15,2024-03-31,-0.350000,-1.920000,-17.604167,2.340859,24.740414,90.508740,43.007146,-4.494449,-51.996043,-99.497637,,,,,,,,,,31.070000,32.357500,34.907500,39.660625,31.070000,34.671228,27.468772,32.870614,29.269386
2024-06-03,33.200000,2024-05-15,2024-03-31,-0.350000,-1.920000,-17.291667,2.015230,24.739511,91.130481,43.630620,-3.869241,-51.369102,-98.868964,,,,,,,,,,31.195000,32.264167,34.848333,39.604583,31.195000,34.913786,27.476214,33.054393,29.335607
2024-06-04,33.100000,2024-05-15,2024-03-31,-0.350000,-1.920000,-17.239583,1.691612,24.735236,91.735410,44.243758,-3.247895,-50.739547,-98.231199,,,,,,,,,,31.327500,32.187500,34.791250,39.552292,31.327500,35.122576,27.532424,33.225038,29.429962
2024-06-05,32.650000,2024-05-15,2024-03-31,-0.350000,-1.920000,-17.005208,1.365893,24.721831,92.309318,44.843402,-2.622514,-50.088430,-97.554346,,,,,,,,,,31.455000,32.122500,34.722917,39.500208,31.455000,35.247777,27.662223,33.351389,29.558611
2024-06-06,32.450000,2024-05-15,2024-03-31,-0.350000,-1.920000,-16.901042,1.042843,24.704991,92.864906,45.431323,-2.002259,-49.435842,-96.869425,,,,,,,,,,31.572500,32.025000,34.656250,39.451250,31.572500,35.334005,27.810995,33.453253,29.691747
2024-06-07,32.550000,2024-05-15,2024-03-31,-0.350000,-1.920000,-16.953125,0.719360,24.684189,93.406115,46.012472,-1.381172,-48.774815,-96.168458,,,,,,,,,,31.702500,31.944167,34.590417,39.395625,31.702500,35.407188,27.997812,33.554844,29.850156
2024-06-11,31.800000,2024-05-15,2024-03-31,-0.350000,-1.920000,-16.562500,0.399132,24.656807,93.915806,46.574736,-0.766334,-48.107404,-95.448474,,,,,,,,,,31.797500,31.864167,34.518333,39.340208,31.797500,35.403704,28.191296,33.600602,29.994398
2024-06-12,31.700000,2024-05-15,2024-03-31,-0.350000,-1.920000,-16.510417,0.080689,24.626102,94.409307,47.127191,-0.154924,-47.437039,-94.719154,,,,,,,,,,31.887500,31.787500,34.447917,39.286042,31.887500,35.382440,28.392560,33.634970,30.140030
2024-06-13,31.750000,2024-05-15,2024-03-31,-0.350000,-1.920000,-16.536458,-0.236394,24.592757,94.890063,47.671969,0.453876,-46.764218,-93.982311,,,,,,,,,,31.980000,31.720000,34.380833,39.226250,31.980000,35.349117,28.610883,33.664558,30.295442
2024-06-14,31.850000,2024-05-15,2024-03-31,-0.350000,-1.920000,-16.588542,-0.553460,24.555932,95.357421,48.210032,1.062644,-46.084745,-93.232133,,,,,,,,,,32.065000,31.662500,34.315417,39.169167,32.065000,35.323689,28.806311,33.694344,30.435656
2024-06-17,32.450000,2024-05-15,2024-03-31,-0.350000,-1.920000,-16.901042,-0.870879,24.518672,95.823789,48.747938,1.672087,-45.403763,-92.479614,,,,,,,,,,32.177500,31.636667,34.259167,39.116042,32.177500,35.318314,29.036686,33.747907,30.607093
2024-06-18,32.700000,2024-05-15,2024-03-31,-0.350000,-1.920000,-17.031250,-1.191410,24.476032,96.275469,49.281488,2.287506,-44.706475,-91.700456,,,,,,,,,,32.282500,31.633333,34.201250,39.057708,32.282500,35.340582,29.224418,33.811541,30.753459
2024-06-19,32.050000,2024-05-15,2024-03-31,-0.350000,-1.920000,-16.692708,-1.504164,24.431920,96.706566,49.797281,2.887995,-44.021291,-90.930576,,,,,,,,,,32.357500,31.613333,34.147083,38.984375,32.357500,35.308374,29.406626,33.832937,30.882063
2024-06-20,32.850000,2024-05-15,2024-03-31,-0.350000,-1.920000,-17.109375,-1.820616,24.385637,97.136430,50.316006,3.495583,-43.324840,-90.145264,,,,,,,,,,32.467500,31.612500,34.099167,38.910417,32.467500,35.312491,29.622509,33.889995,31.045005
2024-06-21,32.800000,2024-05-15,2024-03-31,-0.350000,-1.920000,-17.083333,-2.133247,24.338385,97.555233,50.825534,4.095835,-42.633864,-89.363563,,,,,,,,,,32.587500,31.610000,34.057500,38.815417,32.587500,35.262703,29.912297,33.925101,31.249899
2024-06-24,32.650000,2024-05-15,2024-03-31,-0.350000,-1.920000,-17.005208,-2.446354,24.285515,97.953379,51.325189,4.697000,-41.931190,-88.559379,,,,,,,,,,32.710000,31.609167,34.012500,38.714792,32.710000,35.137821,30.282179,33.923911,31.496089
2024-06-25,32.600000,2024-05-15,2024-03-31,-0.350000,-1.920000,-16.979167,-2.759694,24.227884,98.333687,51.816150,5.298612,-41.218925,-87.736463,,,,,,,,,,32.827500,31.609167,33.966250,38.609792,32.827500,34.964018,30.690982,33.895759,31.759241
2024-06-26,34.200000,2024-05-15,2024-03-31,-0.350000,-1.920000,-17.812500,-3.079303,24.170835,98.728267,52.320264,5.912261,-40.495742,-86.903745,,,,,,,,,,32.875000,31.631667,33.934583,38.498958,32.875000,35.091802,30.658198,33.983401,31.766599
2024-06-27,34.150000,2024-05-15,2024-03-31,-0.350000,-1.920000,-17.786458,-3.396892,24.111044,99.108441,52.815237,6.522033,-39.771171,-86.064374,,,,,,,,,,32.755000,31.655000,33.905833,38.389583,32.755000,34.288795,31.221205,33.521897,31.988103
2024-06-28,34.150000,2024-05-15,2024-03-31,-0.350000,-1.920000,-17.786458,-3.715158,24.046192,99.470482,53.301792,7.133103,-39.035586,-85.204275,,,,,,,,,,32.772500,31.670000,33.875833,38.300625,32.772500,34.363420,31.181580,33.567960,31.977040
2024-07-01,33.500000,2024-05-15,2024-03-31,-0.350000,-1.920000,-17.447917,-4.030152,23.975756,99.804795,53.771343,7.737891,-38.295560,-84.329012,,,,,,,,,,32.757500,31.680000,33.841250,38.208958,32.757500,34.312890,31.202110,33.535195,31.979805
2024-07-02,33.400000,2024-05-15,2024-03-31,-0.350000,-1.920000,-17.395833,-4.342685,23.902789,100.124663,54.231309,8.337955,-37.555400,-83.448754,,,,,,,,,,32.767500,31.694167,33.809583,38.118958,32.767500,34.337373,31.197627,33.552436,31.982564
2024-07-03,33.650000,2024-05-15,2024-03-31,-0.350000,-1.920000,-17.526042,-4.658330,23.823917,100.427834,54.685914,8.943993,-36.797928,-82.539849,,,,,,,,,,32.795000,31.712500,33.776250,38.037083,32.795000,34.408072,31.181928,33.601536,31.988464
2024-07-04,34.350000,2024-05-15,2024-03-31,-0.350000,-1.920000,-17.890625,-4.974535,23.744844,100.731309,55.141208,9.551108,-36.038993,-81.629094,,,,,,,,,,32.880000,31.733333,33.753333,37.955625,32.880000,34.633913,31.126087,33.756956,32.003044
2024-07-05,34.650000,2024-05-15,2024-03-31,-0.350000,-1.920000,-18.046875,-5.291818,23.662193,101.023111,55.591700,10.160290,-35.271120,-80.702530,,,,,,,,,,32.990000,31.759167,33.733333,37.880417,32.990000,34.899423,31.080577,33.944711,32.035289
2024-07-08,34.950000,2024-05-15,2024-03-31,-0.350000,-1.920000,-18.203125,-5.609501,23.576629,101.304498,56.037371,10.770243,-34.496885,-79.764013,,,,,,,,,,33.110000,31.795000,33.717500,37.806042,33.110000,35.196447,31.023553,34.153224,32.066776
2024-07-09,33.650000,2024-05-15,2024-03-31,-0.350000,-1.920000,-17.526042,-5.920867,23.484276,101.547687,56.457876,11.368065,-33.721746,-78.811557,,,,,,,,,,33.202500,31.813333,33.692083,37.716667,33.202500,35.206831,31.198169,34.204665,32.200335
2024-07-10,33.900000,2024-05-15,2024-03-31,-0.350000,-1.920000,-17.656250,-6.228813,23.392921,101.788138,56.873730,11.959322,-32.955087,-77.869495,,,,,,,,,,33.312500,31.847500,33.677083,37.619167,33.312500,35.208167,31.416833,34.260333,32.364667
2024-07-11,33.700000,2024-05-15,2024-03-31,-0.350000,-1.920000,-17.552083,-6.530261,23.302899,102.021235,57.279668,12.538101,-32.203466,-76.945033,,,,,,,,,,33.410000,31.902500,33.670833,37.536250,33.410000,35.162472,31.657528,34.286236,32.533764
2024-07-12,34.050000,2024-05-15,2024-03-31,-0.350000,-1.920000,-17.734375,-6.827597,23.215437,102.256266,57.682626,13.108986,-31.464654,-76.038294,,,,,,,,,,33.520000,31.930000,33.677917,37.466458,33.520000,35.130623,31.909377,34.325311,32.714689
2024-07-15,33.750000,2024-05-15,2024-03-31,-0.350000,-1.920000,-17.578125,-7.127234,23.119217,102.462084,58.073187,13.684290,-30.704607,-75.093504,,,,,,,,,,33.585000,31.974167,33.675833,37.394167,33.585000,35.116803,32.053197,34.350902,32.819098
2024-07-16,33.650000,2024-05-15,2024-03-31,-0.350000,-1.920000,-17.526042,-7.425762,23.019232,102.651315,58.454389,14.257464,-29.939462,-74.136388,,,,,,,,,,33.632500,32.034167,33.674167,37.324792,33.632500,35.106583,32.158417,34.369542,32.895458
2024-07-17,33.800000,2024-05-15,2024-03-31,-0.350000,-1.920000,-17.604167,-7.724716,22.915429,102.826702,58.829078,14.831455,-29.166169,-73.163793,,,,,,,,,,33.720000,32.104167,33.674167,37.263125,33.720000,34.992544,32.447456,34.356272,33.083728
2024-07-18,35.300000,2024-05-15,2024-03-31,-0.350000,-1.920000,-18.385417,-8.027928,22.812676,103.014299,59.213960,15.413621,-28.386718,-72.187056,,,,,,,,,,33.842500,32.198333,33.690833,37.204375,33.842500,35.229005,32.455995,34.535752,33.149248
2024-07-19,33.600000,2024-05-15,2024-03-31,-0.350000,-1.920000,-17.500000,-8.317905,22.708979,103.172857,59.571618,15.970378,-27.630862,-71.232101,,,,,,,,,,33.882500,32.249167,33.704167,37.140208,33.882500,35.186048,32.578952,34.534274,33.230726
2024-07-22,33.250000,2024-05-15,2024-03-31,-0.350000,-1.920000,-17.317708,-8.620778,22.583230,103.271498,59.911696,16.551894,-26.807908,-70.167711,,,,,,,,,,33.912500,32.305000,33.687917,37.069583,33.912500,35.120750,32.704250,34.516625,33.308375
2024-07-23,34.050000,2024-05-15,2024-03-31,-0.350000,-1.920000,-17.734375,-8.942889,22.433522,103.315071,60.242709,17.170346,-25.902016,-68.974378,,,,,,,,,,33.985000,32.365833,33.649167,37.001042,33.985000,35.023775,32.946225,34.504387,33.465613
2024-07-26,33.700000,2024-05-15,2024-03-31,-0.350000,-1.920000,-17.552083,-9.263931,22.276920,103.330119,60.558433,17.786747,-24.984939,-67.756624,,,,,,,,,,33.960000,32.417500,33.606667,36.947292,33.960000,35.001052,32.918948,34.480526,33.439474
2024-07-29,33.200000,2024-05-15,2024-03-31,-0.350000,-1.920000,-17.291667,-9.579425,22.118409,103.327187,60.859841,18.392495,-24.074851,-66.542196,,,,,,,,,,33.912500,32.465833,33.566250,36.894167,33.912500,35.002587,32.822413,34.457543,33.367457
2024-07-30,34.800000,2024-05-15,2024-03-31,-0.350000,-1.920000,-18.125000,-9.900736,21.958246,103.329080,61.169247,19.009414,-23.150419,-65.310252,,,,,,,,,,33.945000,32.537500,33.541250,36.851250,33.945000,35.101628,32.788372,34.523314,33.366686
2024-07-31,34.200000,2024-05-15,2024-03-31,-0.350000,-1.920000,-17.812500,-10.220345,21.789916,103.296340,61.459701,19.623063,-22.213576,-64.050215,,,,,,,,,,33.980000,32.602500,33.509583,36.802917,33.980000,35.122205,32.837795,34.551102,33.408898
2024-08-01,34.750000,2024-05-15,2024-03-31,-0.350000,-1.920000,-18.098958,-10.538737,21.621524,103.261027,61.747701,20.234376,-21.278950,-62.792276,,,,,,,,,,34.047500,32.670000,33.489167,36.759792,34.047500,35.204845,32.890155,34.626172,33.468828
2024-08-02,33.950000,2024-05-15,2024-03-31,-0.350000,-1.920000,-17.682292,-10.857036,21.440944,103.178733,62.012121,20.845509,-20.321104,-61.487716,,,,,,,,,,34.062500,32.728333,33.455833,36.712917,34.062500,35.205845,32.919155,34.634172,33.490828
2024-08-05,30.600000,2024-05-15,2024-03-31,-0.350000,-1.920000,-15.937500,-11.158091,21.254173,103.039558,62.231547,21.423536,-19.384476,-60.192487,,,,,,,,,,33.875000,32.736667,33.399583,36.656458,33.875000,35.789625,31.960375,34.832313,32.917687
2024-08-06,30.200000,2024-05-15,2024-03-31,-0.350000,-1.920000,-15.729167,-11.457186,21.061384,102.873510,62.435653,21.997797,-18.440060,-58.877916,,,,,,,,,,33.652500,32.738333,33.340417,36.600833,33.652500,36.137291,31.167709,34.894895,32.410105
2024-08-07,31.400000,2024-05-15,2024-03-31,-0.350000,-1.920000,-16.354167,-11.762840,20.861478,102.692727,62.638690,22.584653,-17.469384,-57.523421,,,,,,,,,,33.475000,32.762500,33.288750,36.555208,33.475000,36.074089,30.875911,34.774544,32.175456
2024-08-08,31.450000,2024-05-15,2024-03-31,-0.350000,-1.920000,-16.380208,-12.067360,20.657254,102.493186,62.831258,23.169331,-16.492597,-56.154525,,,,,,,,,,33.365000,32.788333,33.240000,36.514167,33.365000,36.114756,30.615244,34.739878,31.990122
2024-08-09,31.600000,2024-05-15,2024-03-31,-0.350000,-1.920000,-16.458333,-12.371630,20.447991,102.273815,63.013672,23.753529,-15.506614,-54.766757,,,,,,,,,,33.250000,32.816667,33.194167,36.473125,33.250000,36.096235,30.403765,34.673117,31.826883
2024-08-12,31.450000,2024-05-15,2024-03-31,-0.350000,-1.920000,-16.380208,-12.674122,20.233662,102.031578,63.182947,24.334315,-14.514317,-53.362949,,,,,,,,,,33.137500,32.842500,33.149167,36.427917,33.137500,36.084912,30.190088,34.611206,31.663794
2024-08-13,31.000000,2024-05-15,2024-03-31,-0.350000,-1.920000,-16.145833,-12.976239,20.009484,101.750797,63.332588,24.914378,-13.503832,-51.922041,,,,,,,,,,32.985000,32.856667,33.097500,36.379375,32.985000,36.047008,29.922992,34.516004,31.453996
2024-08-14,31.050000,2024-08-14,2024-06-30,-0.200000,-2.080000,-14.927885,-13.268205,19.776941,109.869942,68.733904,27.597867,-13.538171,-54.674209,,,,,,,,,,32.850000,32.870833,33.046250,36.337292,32.850000,36.006614,29.693386,34.428307,31.271693
2024-08-15,34.150000,2024-08-14,2024-06-30,-0.200000,-2.080000,-16.418269,-13.572141,19.539365,109.513810,68.871932,28.230054,-12.411825,-53.053703,,,,,,,,,,32.875000,32.930000,33.021667,36.306042,32.875000,36.066024,29.683976,34.470512,31.279488
2024-08-16,35.800000,2024-08-14,2024-06-30,-0.200000,-2.080000,-17.211538,-13.882913,19.294651,109.142206,69.009332,28.876459,-11.256414,-51.389288,,,,,,,,,,32.975000,33.017500,33.010417,36.283125,32.975000,36.404516,29.545484,34.689758,31.260242
2024-08-19,38.050000,2024-08-14,2024-06-30,-0.200000,-2.080000,-18.293269,-14.206303,19.036791,108.742160,69.145635,29.549110,-10.047415,-49.643940,,,,,,,,,,33.112500,33.140833,33.011250,36.267917,33.112500,37.108271,29.116729,35.110385,31.114615
2024-08-20,38.750000,2024-08-14,2024-06-30,-0.200000,-2.080000,-18.629808,-14.530470,18.774167,108.323913,69.273645,30.223378,-8.826889,-47.877157,,,,,,,,,,33.370000,33.280000,33.021667,36.257083,33.370000,38.095229,28.644771,35.732615,31.007385
2024-08-21,39.200000,2024-08-14,2024-06-30,-0.200000,-2.080000,-18.846154,-14.855089,18.505053,107.879605,69.389095,30.898585,-7.591925,-46.082435,,,,,,,,,,33.667500,33.430000,33.038333,36.249583,33.667500,39.062651,28.272349,36.365076,30.969924
2024-08-22,38.400000,2024-08-14,2024-06-30,-0.200000,-2.080000,-18.461538,-15.172449,18.233379,107.409551,69.484122,31.558693,-6.366736,-44.292164,,,,,,,,,,33.885000,33.565833,33.055833,36.236875,33.885000,39.680924,28.089076,36.782962,30.987038
2024-08-23,38.000000,2024-08-14,2024-06-30,-0.200000,-2.080000,-18.269231,-15.488656,17.950791,106.891697,69.554051,32.216405,-5.121241,-42.458887,,,,,,,,,,34.100000,33.645000,33.069167,36.221875,34.100000,40.179127,28.020873,37.139564,31.060436
2024-08-26,37.300000,2024-08-14,2024-06-30,-0.200000,-2.080000,-17.932692,-15.800708,17.660337,106.332476,69.598974,32.865473,-3.868029,-40.601531,,,,,,,,,,34.305000,33.657500,33.079167,36.200000,34.305000,40.531083,28.078917,37.418041,31.191959
2024-08-27,38.500000,2024-08-14,2024-06-30,-0.200000,-2.080000,-18.509615,-16.124099,17.346284,105.698669,69.618397,33.538126,-2.542146,-38.622418,,,,,,,,,,34.490000,33.735833,33.087083,36.182708,34.490000,40.991789,27.988211,37.740895,31.239105
2024-08-28,39.300000,2024-08-14,2024-06-30,-0.200000,-2.080000,-18.894231,-16.455650,17.009793,104.988492,69.608122,34.227752,-1.152618,-36.532989,,,,,,,,,,34.745000,33.827500,33.092500,36.169792,34.745000,41.589891,27.900109,38.167445,31.322555
2024-08-29,40.800000,2024-08-14,2024-06-30,-0.200000,-2.080000,-19.615385,-16.793886,16.659211,104.233602,69.582443,34.931283,0.280124,-34.371035,,,,,,,,,,35.047500,33.954167,33.109167,36.164792,35.047500,42.408598,27.686402,38.728049,31.366951
2024-08-30,40.550000,2024-08-14,2024-06-30,-0.200000,-2.080000,-19.495192,-17.126166,16.305451,103.453101,69.537763,35.622425,1.707087,-32.208250,,,,,,,,,,35.377500,34.078333,33.132917,36.158333,35.377500,43.113640,27.641360,39.245570,31.509430
2024-09-02,41.200000,2024-08-14,2024-06-30,-0.200000,-2.080000,-19.807692,-17.455870,15.949515,102.658191,69.483200,36.308209,3.133218,-30.041773,,,,,,,,,,35.907500,34.220833,33.171667,36.148958,35.907500,43.717566,28.097434,39.812533,32.002467
2024-09-03,42.100000,2024-08-14,2024-06-30,-0.200000,-2.080000,-20.240385,-17.797062,15.559526,101.745517,69.381703,37.017889,4.654075,-27.709739,,,,,,,,,,36.502500,34.381667,33.203333,36.142083,36.502500,44.294904,28.710096,40.398702,32.606298
2024-09-04,41.000000,2024-08-14,2024-06-30,-0.200000,-2.080000,-19.711538,-18.129793,15.161632,100.782358,69.246164,37.709970,6.173776,-25.362417,,,,,,,,,,36.982500,34.522500,33.233333,36.135000,36.982500,44.632906,29.332094,40.807703,33.157297
2024-09-05,41.550000,2024-08-14,2024-06-30,-0.200000,-2.080000,-19.975962,-18.461125,14.755124,99.780456,69.089798,38.399139,7.708481,-22.982178,,,,,,,,,,37.487500,34.685000,33.274583,36.136875,37.487500,44.930821,30.044179,41.209160,33.765840
2024-09-06,41.150000,2024-08-14,2024-06-30,-0.200000,-2.080000,-19.783654,-18.789502,14.332909,98.707067,68.894616,39.082164,9.269712,-20.542739,,,,,,,,,,37.965000,34.842500,33.315000,36.137500,37.965000,45.033916,30.896084,41.499458,34.430542
2024-09-09,41.000000,2024-08-14,2024-06-30,-0.200000,-2.080000,-19.711538,-19.115026,13.896331,97.567989,68.663622,39.759254,10.854886,-18.049481,,,,,,,,,,38.442500,34.996667,33.358333,36.137500,38.442500,44.924238,31.960762,41.683369,35.201631
2024-09-10,38.650000,2024-08-14,2024-06-30,-0.200000,-2.080000,-18.581731,-19.428883,13.444368,96.340648,68.376362,40.412076,12.447790,-15.516496,,,,,,,,,,38.825000,35.110000,33.386250,36.123958,38.825000,44.278874,33.371126,41.551937,36.098063
2024-09-11,39.200000,2024-08-14,2024-06-30,-0.200000,-2.080000,-18.846154,-19.739087,12.986346,95.080501,68.068901,41.057301,14.045702,-12.965898,,,,,,,,,,39.232500,35.222500,33.429583,36.112708,39.232500,43.275854,35.189146,41.254177,37.210823
2024-09-12,41.000000,2024-08-14,2024-06-30,-0.200000,-2.080000,-19.711538,-20.051548,12.518590,93.784554,67.745887,41.707220,15.668553,-10.370114,,,,,,,,,,39.575000,35.360833,33.497083,36.107708,39.575000,42.902794,36.247206,41.238897,37.911103
2024-09-13,41.800000,2024-08-14,2024-06-30,-0.200000,-2.080000,-20.096154,-20.368791,12.019297,92.367361,67.367223,42.367085,17.366947,-7.633190,,,,,,,,,,39.875000,35.523333,33.568333,36.109375,39.875000,42.830904,36.919096,41.352952,38.397048
2024-09-16,42.350000,2024-08-14,2024-06-30,-0.200000,-2.080000,-20.360577,-20.686661,11.494761,90.846458,66.937356,43.028254,19.119152,-4.789950,,,,,,,,,,40.090000,35.681667,33.647083,36.114583,40.090000,43.111781,37.068219,41.600890,38.579110
2024-09-18,41.450000,2024-08-14,2024-06-30,-0.200000,-2.080000,-19.927885,-21.001150,10.935281,89.173162,66.427776,43.682391,20.937006,-1.808379,,,,,,,,,,40.225000,35.825833,33.717917,36.116458,40.225000,43.235945,37.214055,41.730472,38.719528
2024-09-19,42.200000,2024-08-14,2024-06-30,-0.200000,-2.080000,-20.288462,-21.317518,10.339882,87.354344,65.847390,44.340437,22.833483,1.326529,,,,,,,,,,40.375000,35.985000,33.797083,36.120625,40.375000,43.468712,37.281288,41.921856,38.828144
2024-09-20,42.450000,2024-08-14,2024-06-30,-0.200000,-2.080000,-20.408654,-21.634437,9.699338,85.348875,65.174251,44.999628,24.825004,4.650381,,,,,,,,,,40.577500,36.149167,33.879167,36.125833,40.577500,43.657055,37.497945,42.117277,39.037723
2024-09-23,42.100000,2024-08-14,2024-06-30,-0.200000,-2.080000,-20.240385,-21.951079,8.997398,83.087422,64.372834,45.658245,26.943657,8.229068,,,,,,,,,,40.782500,36.280833,33.956250,36.130625,40.782500,43.680099,37.884901,42.231299,39.333701
2024-09-24,40.400000,2024-08-14,2024-06-30,-0.200000,-2.080000,-19.423077,-22.260461,8.227802,80.529415,63.415587,46.301759,29.187930,12.074102,,,,,,,,,,40.937500,36.385000,34.020000,36.127708,40.937500,43.340103,38.534897,42.138801,39.736199
2024-09-25,40.450000,2024-08-14,2024-06-30,-0.200000,-2.080000,-19.447115,-22.096540,8.083823,79.589508,62.775156,45.960803,29.146450,12.332097,,,,,,,,,,41.035000,36.490000,34.080000,36.124583,41.035000,43.163775,38.906225,42.099388,39.970612
2024-09-26,40.000000,2024-08-14,2024-06-30,-0.200000,-2.080000,-19.230769,-21.934247,7.941815,78.661183,62.142208,45.623234,29.104260,12.585286,,,,,,,,,,41.070000,36.598333,34.139167,36.117083,41.070000,43.099363,39.040637,42.084682,40.055318
2024-09-27,40.000000,2024-08-14,2024-06-30,-0.200000,-2.080000,-19.230769,-21.775386,7.801235,77.745940,61.519371,45.292803,29.066234,12.839665,,,,,,,,,,41.030000,36.708333,34.201250,36.114375,41.030000,43.112610,38.947390,42.071305,39.988695
2024-09-30,40.350000,2024-08-14,2024-06-30,-0.200000,-2.080000,-19.399038,-21.617927,7.654326,76.807284,60.886286,44.965288,29.044290,13.123292,,,,,,,,,,41.020000,36.820000,34.266250,36.112500,41.020000,43.114203,38.925797,42.067101,39.972899
2024-10-01,40.600000,2024-08-14,2024-06-30,-0.200000,-2.080000,-19.519231,-21.456077,7.488491,75.780764,60.204702,44.628641,29.052580,13.476518,,,,,,,,,,40.990000,36.924167,34.328750,36.111250,40.990000,43.090526,38.889474,42.040263,39.939737
2024-10-04,40.500000,2024-08-14,2024-06-30,-0.200000,-2.080000,-19.471154,-21.293827,7.315389,74.723177,59.507169,44.291161,29.075152,13.859144,,,,,,,,,,40.910000,37.021667,34.390417,36.104583,40.910000,42.953629,38.866371,41.931815,39.888185
2024-10-07,42.500000,2024-08-14,2024-06-30,-0.200000,-2.080000,-20.432692,-21.142531,7.140353,73.680334,58.828399,43.976464,29.124530,14.272595,,,,,,,,,,40.985000,37.147500,34.471250,36.110625,40.985000,43.149085,38.820915,42.067042,39.902958
2024-10-08,42.950000,2024-08-14,2024-06-30,-0.200000,-2.080000,-20.649038,-20.995489,6.963678,72.639517,58.155067,43.670616,29.186166,14.701716,,,,,,,,,,41.055000,37.302500,34.557917,36.102292,41.055000,43.380579,38.729421,42.217789,39.892211
2024-10-09,47.200000,2024-08-14,2024-06-30,-0.200000,-2.080000,-22.692308,-20.872336,6.798588,71.696585,57.555522,43.414460,29.273397,15.132334,,,,,,,,,,41.357500,37.524167,34.685833,36.111042,41.357500,44.959002,37.755998,43.158251,39.556749
2024-10-11,44.350000,2024-08-14,2024-06-30,-0.200000,-2.080000,-21.322115,-20.751981,6.659142,70.866152,57.015136,43.164121,29.313106,15.462091,,,,,,,,,,41.525000,37.701667,34.802083,36.113750,41.525000,45.360499,37.689501,43.442750,39.607250
2024-10-14,48.750000,2024-08-14,2024-06-30,-0.200000,-2.080000,-23.437500,-20.629647,6.469584,69.823134,56.366400,42.909665,29.452931,15.996197,,,,,,,,,,42.030000,37.946667,34.938333,36.137708,42.030000,46.814008,37.245992,44.422004,39.637996
2024-10-15,50.400000,2024-08-14,2024-06-30,-0.200000,-2.080000,-24.230769,-20.526668,6.309806,68.944264,55.819867,42.695469,29.571072,16.446675,,,,,,,,,,42.590000,38.224167,35.099167,36.172500,42.590000,48.474645,36.705355,45.532323,39.647677
2024-10-16,50.100000,2024-08-14,2024-06-30,-0.200000,-2.080000,-24.086538,-20.432781,6.169607,68.165749,55.332967,42.500185,29.667403,16.834621,,,,,,,,,,43.045000,38.498333,35.266250,36.208958,43.045000,49.760567,36.329433,46.402784,39.687216
2024-10-17,50.900000,2024-08-14,2024-06-30,-0.200000,-2.080000,-24.471154,-20.346511,6.037657,67.437398,54.879071,42.320744,29.762417,17.204090,,,,,,,,,,43.500000,38.783333,35.443750,36.251042,43.500000,51.042581,35.957419,47.271290,39.728710
2024-10-18,49.950000,2024-08-14,2024-06-30,-0.200000,-2.080000,-24.014423,-20.255945,5.897672,66.666683,54.399525,42.132366,29.865208,17.598050,,,,,,,,,,43.880000,39.027500,35.612917,36.287917,43.880000,51.927517,35.832483,47.903758,39.856242
2024-10-21,54.900000,2024-08-14,2024-06-30,-0.200000,-2.080000,-26.394231,-20.176388,5.746767,65.873437,53.920162,41.966886,30.013610,18.060335,,,,,,,,,,44.552500,39.382500,35.815833,36.345833,44.552500,53.889606,35.215394,49.221053,39.883947
2024-10-22,58.400000,2024-08-14,2024-06-30,-0.200000,-2.080000,-28.076923,-20.117225,5.626327,65.249345,53.546586,41.843827,30.141068,18.438309,,,,,,,,,,45.362500,39.801667,36.053333,36.417708,45.362500,56.481089,34.243911,50.921795,39.803205
2024-10-23,64.200000,2024-08-14,2024-06-30,-0.200000,-2.080000,-30.865385,-20.076397,5.528756,64.758530,53.258718,41.758906,30.259094,18.759282,,,,,,,,,,46.450000,40.304167,36.335000,36.512292,46.450000,60.290634,32.609366,53.370317,39.529683
2024-10-24,70.600000,2024-08-14,2024-06-30,-0.200000,-2.080000,-33.942308,-20.059250,5.481946,64.528136,53.125688,41.723239,30.320790,18.918342,,,,,,,,,,47.875000,40.919167,36.668333,36.635417,47.875000,65.247771,30.502229,56.561385,39.188615
2024-10-25,77.600000,2024-08-14,2024-06-30,-0.200000,-2.080000,-37.307692,-20.073088,5.523565,64.730054,53.241039,41.752023,30.263008,18.773993,,,,,,,,,,49.735000,41.659167,37.062500,36.787917,49.735000,71.217529,28.252471,60.476265,38.993735
2024-10-28,81.400000,2024-08-14,2024-06-30,-0.200000,-2.080000,-39.134615,-20.100190,5.609104,65.142268,53.475332,41.808396,30.141460,18.474523,,,,,,,,,,51.782500,42.435833,37.486667,36.958958,51.782500,77.017131,26.547869,64.399816,39.165184
2024-10-29,80.600000,2024-08-14,2024-06-30,-0.200000,-2.080000,-38.750000,-20.126048,5.687975,65.524155,53.693167,41.862180,30.031193,18.200206,,,,,,,,,,53.812500,43.209167,37.905833,37.127500,53.812500,81.471854,26.153146,67.642177,39.982823
2024-10-30,79.200000,2024-08-14,2024-06-30,-0.200000,-2.080000,-38.076923,-20.142375,5.736866,65.761504,53.828822,41.896141,29.963459,18.030778,,,,,,,,,,55.772500,43.950000,38.310000,37.287292,55.772500,84.830871,26.714129,70.301685,41.243315
2024-11-01,82.600000,2024-08-14,2024-06-30,-0.200000,-2.080000,-39.711538,-20.174776,5.836290,66.242501,54.103017,41.963533,29.824049,17.684565,,,,,,,,,,57.885000,44.760833,38.744583,37.463542,57.885000,88.332385,27.437615,73.108693,42.661307
2024-11-04,84.200000,2024-08-14,2024-06-30,-0.200000,-2.080000,-40.480769,-20.217017,5.964436,66.863450,54.457423,42.051396,29.645369,17.239342,,,,,,,,,,60.065000,45.654167,39.195417,37.649375,60.065000,91.527979,28.602021,75.796490,44.333510
2024-11-05,80.600000,2024-08-14,2024-06-30,-0.200000,-2.080000,-38.750000,-20.244836,6.043167,67.248831,54.679045,42.109259,29.539472,16.969686,,,,,,,,,,62.070000,46.494167,39.616250,37.818333,62.070000,93.393816,30.746184,77.731908,46.408092
2024-11-06,88.600000,2024-08-14,2024-06-30,-0.200000,-2.080000,-42.596154,-20.306176,6.231042,68.157980,55.197413,42.236847,29.276280,16.315714,,,,,,,,,,64.375000,47.447500,40.105000,38.021875,64.375000,96.411846,32.338154,80.393423,48.356577
2024-11-07,92.100000,2024-08-14,2024-06-30,-0.200000,-2.080000,-44.278846,-20.382029,6.464611,69.287403,55.841012,42.394621,28.948230,15.501839,,,,,,,,,,66.832500,48.458333,40.623333,38.241042,66.832500,99.483981,34.181019,83.158241,50.506759
2024-11-08,92.100000,2024-08-14,2024-06-30,-0.200000,-2.080000,-44.278846,-20.457883,6.689164,70.379317,56.465856,42.552396,28.638935,14.725475,,,,,,,,,,69.077500,49.466667,41.141667,38.460833,69.077500,102.216052,35.938948,85.646776,52.508224
2024-11-11,98.900000,2024-08-14,2024-06-30,-0.200000,-2.080000,-47.548077,-20.724342,7.116167,72.709886,57.908259,43.106632,28.305005,13.503378,,,,,,,,,,71.805000,50.590833,41.716667,38.709375,71.805000,105.351274,38.258726,88.578137,55.031863
2024-11-12,98.400000,2024-08-14,2024-06-30,-0.200000,-2.080000,-47.307692,-20.987714,7.503096,74.867325,59.260885,43.654444,28.048004,12.441564,,,,,,,,,,74.287500,51.714167,42.285417,38.957083,74.287500,107.998124,40.576876,91.142812,57.432188
2024-11-13,100.000000,2024-08-14,2024-06-30,-0.200000,-2.080000,-48.076923,-21.257278,7.883997,77.012566,60.613852,44.215139,27.816426,11.417712,,,,,,,,,,76.767500,52.863333,42.867083,39.211667,76.767500,110.376526,43.158474,93.572013,59.962987
2024-11-14,90.000000,2024-11-14,2024-09-30,1.170000,-0.740000,-121.621622,-22.137979,12.074126,34.251811,25.316958,16.382105,7.447252,-1.487601,,,,,,,,,,78.762500,53.794167,43.362083,39.424375,78.762500,110.384559,47.140441,94.573529,62.951471
2024-11-15,90.000000,2024-11-14,2024-09-30,1.170000,-0.740000,-121.621622,-23.018897,15.094509,39.373857,28.203921,17.033984,5.864047,-5.305889,,,,,,,,,,80.717500,54.697500,43.857500,39.635000,80.717500,109.820968,51.614032,95.269234,66.165766
2024-11-18,91.200000,2024-11-14,2024-09-30,1.170000,-0.740000,-123.243243,-23.912895,17.636072,43.796929,30.746236,17.695542,4.644849,-8.405845,,,,,,,,,,82.780000,55.583333,44.362083,39.849792,82.780000,108.332719,57.227281,95.556360,70.003640
2024-11-19,100.000000,2024-11-14,2024-09-30,1.170000,-0.740000,-135.135135,-24.907077,20.333190,48.524357,33.477797,18.431237,3.384676,-11.661884,,,,,,,,,,85.035000,56.604167,44.942083,40.097917,85.035000,108.063611,62.006389,96.549306,73.520694
2024-11-20,90.000000,2024-11-14,2024-09-30,1.170000,-0.740000,-121.621622,-25.789514,22.148320,51.863753,35.473997,19.084240,2.694484,-13.695273,,,,,,,,,,86.615000,57.450833,45.440417,40.303750,86.615000,105.996519,67.233481,96.305759,76.924241
2024-11-21,81.000000,2024-11-14,2024-09-30,1.170000,-0.740000,-109.459459,-26.570382,23.407609,54.305344,36.983713,19.662083,2.340453,-14.981178,,,,,,,,,,87.455000,58.160833,45.863333,40.476042,87.455000,103.993882,70.916118,95.724441,79.185559
2024-11-22,79.800000,2024-11-14,2024-09-30,1.170000,-0.740000,-107.837838,-27.324717,24.538176,56.536790,38.378540,20.220290,2.062040,-16.096210,,,,,,,,,,87.915000,58.857500,46.251250,40.643333,87.915000,102.920722,72.909278,95.417861,80.412139
2024-11-25,81.200000,2024-11-14,2024-09-30,1.170000,-0.740000,-109.729730,-28.080494,25.652145,58.744740,39.762153,20.779566,1.796978,-17.185609,,,,,,,,,,88.095000,59.589167,46.623333,40.817083,88.095000,102.659625,73.530375,95.377313,80.812687
2024-11-26,79.700000,2024-11-14,2024-09-30,1.170000,-0.740000,-107.702703,-28.831315,26.642382,60.765899,41.050536,21.335173,1.619810,-18.095553,,,,,,,,,,88.010000,60.275833,47.005833,40.984167,88.010000,102.757831,73.262169,95.383916,80.636084
2024-11-27,71.800000,2024-11-14,2024-09-30,1.170000,-0.740000,-97.027027,-29.493172,27.338557,62.286012,42.055480,21.824948,1.594415,-18.636117,,,,,,,,,,87.570000,60.817500,47.322500,41.115000,87.570000,103.708232,71.431768,95.639116,79.500884
2024-11-28,71.300000,2024-11-14,2024-09-30,1.170000,-0.740000,-96.351351,-30.152003,27.986981,63.733214,43.022848,22.312482,1.602117,-19.108249,,,,,,,,,,87.175000,61.325833,47.640000,41.244167,87.175000,104.517600,69.832400,95.846300,78.503700
2024-11-29,72.100000,2024-11-14,2024-09-30,1.170000,-0.740000,-97.432432,-30.820277,28.626190,65.173767,43.990386,22.807005,1.623624,-19.559757,,,,,,,,,,86.650000,61.851667,47.965000,41.378125,86.650000,105.171396,68.128604,95.910698,77.389302
2024-12-02,73.400000,2024-11-14,2024-09-30,1.170000,-0.740000,-99.189189,-31.505143,29.268786,66.631610,44.972708,23.313806,1.654904,-20.003998,,,,,,,,,,86.110000,62.388333,48.304583,41.513750,86.110000,105.539646,66.680354,95.824823,76.395177
2024-12-03,71.500000,2024-11-14,2024-09-30,1.170000,-0.740000,-96.621622,-32.169482,29.833808,67.959452,45.882434,23.805416,1.728398,-20.348620,,,,,,,,,,85.655000,62.878333,48.630000,41.643125,85.655000,106.031093,65.278907,95.843046,75.466954
2024-12-04,73.200000,2024-11-14,2024-09-30,1.170000,-0.740000,-98.918919,-32.852530,30.415144,69.325286,46.818079,24.310872,1.803665,-20.703542,,,,,,,,,,84.885000,63.415000,48.968750,41.779583,84.885000,105.944942,63.825058,95.414971,74.355029
2024-12-05,72.800000,2024-11-14,2024-09-30,1.170000,-0.740000,-98.378378,-33.534329,30.959058,70.634809,47.725106,24.815403,1.905700,-21.004002,,,,,,,,,,83.920000,63.935833,49.310417,41.914375,83.920000,105.353334,62.486666,94.636667,73.203333
2024-12-06,68.600000,2024-11-14,2024-09-30,1.170000,-0.740000,-92.702703,-34.169265,31.385357,71.735584,48.510420,25.285256,2.060092,-21.165072,,,,,,,,,,82.745000,64.393333,49.617917,42.032917,82.745000,104.856057,60.633943,93.800529,71.689471
2024-12-09,66.000000,2024-11-14,2024-09-30,1.170000,-0.740000,-89.189189,-34.774704,31.741091,72.710095,49.221688,25.733281,2.244874,-21.243533,,,,,,,,,,81.100000,64.810000,49.903333,42.142083,81.100000,103.045195,59.154805,92.072597,70.127403
2024-12-10,64.400000,2024-11-14,2024-09-30,1.170000,-0.740000,-87.027027,-35.361691,32.051737,73.604222,49.885937,26.167652,2.449366,-21.268919,,,,,,,,,,79.400000,65.239167,50.174583,42.245000,79.400000,100.966836,57.833164,90.183418,68.616582
2024-12-11,60.800000,2024-11-14,2024-09-30,1.170000,-0.740000,-82.162162,-35.905534,32.288659,74.357311,50.463703,26.570095,2.676487,-21.217120,,,,,,,,,,77.440000,65.599167,50.410833,42.335000,77.440000,98.235384,56.644616,87.837692,67.042308
2024-12-12,66.800000,2024-11-14,2024-09-30,1.170000,-0.740000,-90.270270,-36.515859,32.619390,75.298433,51.160085,27.021736,2.883387,-21.254962,,,,,,,,,,76.280000,66.029167,50.695000,42.448125,76.280000,96.710483,55.849517,86.495241,66.064759
2024-12-13,62.700000,2024-11-14,2024-09-30,1.170000,-0.740000,-84.729730,-37.082834,32.862327,76.077542,51.759420,27.441297,3.123175,-21.194947,,,,,,,,,,74.915000,66.377500,50.950417,42.548750,74.915000,95.132686,54.697314,85.023843,64.806157
2024-12-16,58.800000,2024-11-14,2024-09-30,1.170000,-0.740000,-79.459459,-37.602418,33.036320,76.719544,52.272667,27.825790,3.378912,-21.067965,,,,,,,,,,73.295000,66.651667,51.166667,42.632917,73.295000,93.208442,53.381558,83.251721,63.338279
2024-12-17,60.400000,2024-11-14,2024-09-30,1.170000,-0.740000,-81.621622,-38.140237,33.224265,77.395688,52.809732,28.223776,3.637819,-20.948137,,,,,,,,,,71.315000,66.967500,51.396667,42.727083,71.315000,87.590946,55.039054,79.452973,63.177027
2024-12-18,59.000000,2024-11-14,2024-09-30,1.170000,-0.740000,-79.729730,-38.662942,33.381998,78.015934,53.313255,28.610577,3.907899,-20.794780,,,,,,,,,,69.765000,67.247500,51.616250,42.814375,69.765000,84.366986,55.163014,77.065993,62.464007
2024-12-19,62.000000,2024-11-14,2024-09-30,1.170000,-0.740000,-83.783784,-39.219647,33.573835,78.711815,53.867177,29.022539,4.177900,-20.666738,,,,,,,,,,68.815000,67.573333,51.861250,42.913750,68.815000,82.798490,54.831510,75.806745,61.823255
2024-12-20,62.700000,2024-11-14,2024-09-30,1.170000,-0.740000,-84.729730,-39.777291,33.770440,79.415447,54.425321,29.435195,4.445069,-20.545057,,,,,,,,,,67.960000,67.916667,52.098750,43.016667,67.960000,81.186035,54.733965,74.573017,61.346983
2024-12-23,64.900000,2024-11-14,2024-09-30,1.170000,-0.740000,-87.702703,-40.359926,33.990259,80.171928,55.019137,29.866345,4.713553,-20.439238,,,,,,,,,,67.145000,68.325000,52.355000,43.130417,67.145000,78.858146,55.431854,73.001573,61.288427
2024-12-24,63.100000,2024-11-14,2024-09-30,1.170000,-0.740000,-85.270270,-40.922291,34.171418,80.856195,55.569345,30.282495,4.995646,-20.291204,,,,,,,,,,66.315000,68.702500,52.596250,43.236042,66.315000,76.540309,56.089691,71.427655,61.202345
2024-12-25,65.600000,2024-11-14,2024-09-30,1.170000,-0.740000,-88.648649,-41.515630,34.377920,81.600889,56.161228,30.721567,5.281905,-20.157756,,,,,,,,,,66.005000,69.129167,52.863750,43.352500,66.005000,75.900767,56.109233,70.952884,61.057116
2024-12-26,66.100000,2024-11-14,2024-09-30,1.170000,-0.740000,-89.324324,-42.115035,34.580307,82.343980,56.754553,31.165126,5.575698,-20.013729,,,,,,,,,,65.745000,69.564167,53.136250,43.472917,65.745000,75.323149,56.166851,70.534075,60.955925
2024-12-27,66.600000,2024-11-14,2024-09-30,1.170000,-0.740000,-90.000000,-42.718984,34.779558,83.085794,57.348921,31.612048,5.875175,-19.861697,,,,,,,,,,65.470000,70.001667,53.410833,43.593542,65.470000,74.584500,56.355500,70.027250,60.912750
2024-12-30,64.000000,2024-11-14,2024-09-30,1.170000,-0.740000,-86.486486,-43.290616,34.931438,83.733584,57.884320,32.035056,6.185792,-19.663472,,,,,,,,,,65.000000,70.391667,53.657917,43.705625,65.000000,73.328265,56.671735,69.164133,60.835867
2024-12-31,63.300000,2024-11-14,2024-09-30,1.170000,-0.740000,-85.540541,-43.853064,35.064680,84.346994,58.399130,32.451267,6.503404,-19.444460,,,,,,,,,,64.590000,70.771667,53.896667,43.815000,64.590000,72.359549,56.820451,68.474775,60.705225
2025-01-02,62.200000,2024-11-14,2024-09-30,1.170000,-0.740000,-84.054054,-44.401821,35.174994,84.916339,58.886844,32.857348,6.827852,-19.201644,,,,,,,,,,64.040000,71.100000,54.123750,43.920625,64.040000,70.724908,57.355092,67.382454,60.697546
2025-01-03,60.800000,2024-11-14,2024-09-30,1.170000,-0.740000,-82.162162,-44.940456,35.254783,85.433016,59.344477,33.255937,7.167398,-18.921142,,,,,,,,,,63.440000,71.397500,54.350000,44.021042,63.440000,68.846195,58.033805,66.143098,60.736902
2025-01-06,63.300000,2024-11-14,2024-09-30,1.170000,-0.740000,-85.540541,-45.506158,35.357788,86.004083,59.839320,33.674557,7.509794,-18.654969,,,,,,,,,,63.175000,71.665833,54.595000,44.136042,63.175000,68.005114,58.344886,65.590057,60.759943
2025-01-07,62.200000,2024-11-14,2024-09-30,1.170000,-0.740000,-84.054054,-46.060341,35.437039,86.531470,60.308061,34.084652,7.861244,-18.362165,,,,,,,,,,62.985000,71.963333,54.832500,44.251667,62.985000,67.643111,58.326889,65.314056,60.655944
2025-01-08,60.700000,2024-11-14,2024-09-30,1.170000,-0.740000,-82.027027,-46.596113,35.491158,87.008038,60.744581,34.481124,8.217667,-18.045791,,,,,,,,,,62.800000,72.162500,55.054583,44.366250,62.800000,67.515038,58.084962,65.157519,60.442481
2025-01-09,59.200000,2024-11-14,2024-09-30,1.170000,-0.740000,-80.000000,-47.116296,35.519714,87.435236,61.150647,34.866059,8.581470,-17.703118,,,,,,,,,,62.720000,72.309167,55.266667,44.471250,62.720000,67.628253,57.811747,65.174126,60.265874
2025-01-10,53.300000,2024-11-14,2024-09-30,1.170000,-0.740000,-72.027027,-47.570470,35.486602,87.722319,61.462233,35.202148,8.942063,-17.318023,,,,,,,,,,62.045000,72.362500,55.430417,44.552292,62.045000,68.156413,55.933587,65.100706,58.989294
2025-01-13,50.700000,2024-11-14,2024-09-30,1.170000,-0.740000,-68.513514,-47.994715,35.429609,87.951910,61.734000,35.516089,9.298179,-16.919732,,,,,,,,,,61.445000,72.359167,55.571250,44.622708,61.445000,69.372162,53.517838,65.408581,57.481419
2025-01-14,52.200000,2024-11-14,2024-09-30,1.170000,-0.740000,-70.540541,-48.429341,35.383201,88.204850,62.021281,35.837712,9.654144,-16.529425,,,,,,,,,,61.115000,72.396667,55.712083,44.701458,61.115000,69.997692,52.232308,65.556346,56.673654
2025-01-15,50.800000,2024-11-14,2024-09-30,1.170000,-0.740000,-68.648649,-48.855580,35.315497,88.420064,62.286597,36.153129,10.019661,-16.113806,,,,,,,,,,60.635000,72.328333,55.855417,44.779792,60.635000,70.646210,50.623790,65.640605,55.629395
2025-01-16,51.800000,2024-11-14,2024-09-30,1.170000,-0.740000,-70.000000,-49.294599,35.247535,88.644354,62.561179,36.478003,10.394828,-15.688348,,,,,,,,,,60.275000,72.218333,56.010000,44.848958,60.275000,71.024370,49.525630,65.649685,54.900315
2025-01-17,50.600000,2024-11-14,2024-09-30,1.170000,-0.740000,-68.378378,-49.716632,35.169580,88.841286,62.815797,36.790308,10.764819,-15.260671,,,,,,,,,,59.705000,71.991667,56.147917,44.898542,59.705000,71.248871,48.161129,65.476935,53.933065
2025-01-20,51.200000,2024-11-14,2024-09-30,1.170000,-0.740000,-69.189189,-50.146941,35.088535,89.039768,63.074252,37.108737,11.143221,-14.822295,,,,,,,,,,59.130000,71.668333,56.293750,44.950208,59.130000,71.180263,47.079737,65.155132,53.104868
2025-01-21,51.600000,2024-11-14,2024-09-30,1.170000,-0.740000,-69.729730,-50.583925,35.002344,89.235574,63.333839,37.432105,11.530370,-14.371365,,,,,,,,,,58.465000,71.235000,56.447083,45.006667,58.465000,70.641816,46.288184,64.553408,52.376592
2025-01-22,52.900000,2024-11-14,2024-09-30,1.170000,-0.740000,-71.486486,-51.028604,34.925387,89.450740,63.605953,37.761167,11.916381,-13.928405,,,,,,,,,,57.955000,70.760000,56.597917,45.069583,57.955000,70.168793,45.741207,64.061896,51.848104
2025-02-03,53.000000,2024-11-14,2024-09-30,1.170000,-0.740000,-71.621622,-51.477014,34.840666,89.657176,63.875083,38.092990,12.310897,-13.471196,,,,,,,,,,57.325000,70.300000,56.754583,45.132083,57.325000,69.172785,45.477215,63.248892,51.401108
2025-02-04,53.700000,2024-11-14,2024-09-30,1.170000,-0.740000,-72.567568,-51.930919,34.756870,89.869048,64.148964,38.428880,12.708796,-13.011288,,,,,,,,,,56.705000,69.875000,56.912500,45.200833,56.705000,67.899073,45.510927,62.302036,51.107964
2025-02-05,55.300000,2024-11-14,2024-09-30,1.170000,-0.740000,-74.729730,-52.406314,34.674532,90.098980,64.439826,38.780672,13.121518,-12.537635,,,,,,,,,,56.140000,69.420000,57.090417,45.273125,56.140000,66.326555,45.953445,61.233277,51.046723
2025-02-06,55.300000,2024-11-14,2024-09-30,1.170000,-0.740000,-74.729730,-52.896249,34.570111,90.306989,64.725107,39.143224,13.561342,-12.020540,,,,,,,,,,55.705000,68.938333,57.296250,45.347917,55.705000,65.197706,46.212294,60.451353,50.958647
2025-02-07,54.600000,2024-11-14,2024-09-30,1.170000,-0.740000,-73.783784,-53.380038,34.451626,90.489634,64.995431,39.501228,14.007025,-11.487178,,,,,,,,,,55.270000,68.505000,57.499583,45.420000,55.270000,64.069306,46.470694,59.669653,50.870347
2025-02-10,59.800000,2024-11-14,2024-09-30,1.170000,-0.740000,-80.810811,-53.917176,34.371883,90.769098,65.333904,39.898711,14.463517,-10.971677,,,,,,,,,,55.150000,68.025000,57.736250,45.512500,55.150000,63.610310,46.689690,59.380155,50.919845
2025-02-11,65.700000,2024-11-14,2024-09-30,1.170000,-0.740000,-88.783784,-54.520540,34.342896,91.172686,65.758942,40.345199,14.931456,-10.482287,,,,,,,,,,55.395000,67.585000,58.021667,45.630833,55.395000,64.777733,46.012267,60.086367,50.703633
2025-02-12,67.200000,2024-11-14,2024-09-30,1.170000,-0.740000,-90.810811,-55.140144,34.321134,91.598985,66.201346,40.803706,15.406067,-9.991572,,,,,,,,,,55.590000,67.170000,58.318333,45.756250,55.590000,65.790908,45.389092,60.690454,50.489546
2025-02-13,64.500000,2024-11-14,2024-09-30,1.170000,-0.740000,-87.162162,-55.729993,34.257578,91.941411,66.590803,41.240195,15.889587,-9.461021,,,,,,,,,,55.705000,66.596667,58.593750,45.871458,55.705000,66.265198,45.144802,60.985099,50.424901
2025-02-14,64.100000,2024-11-14,2024-09-30,1.170000,-0.740000,-86.621622,-56.317291,34.177271,92.257156,66.965976,41.674796,16.383615,-8.907565,,,,,,,,,,55.875000,66.025000,58.869583,45.983542,55.875000,66.874115,44.875885,61.374557,50.375443
2025-02-17,61.400000,2024-11-14,2024-09-30,1.170000,-0.740000,-82.972973,-56.884334,34.049034,92.486978,67.290692,42.094407,16.898122,-8.298164,,,,,,,,,,55.985000,65.381667,59.122500,46.084375,55.985000,67.166616,44.803384,61.575808,50.394192
2025-02-18,65.800000,2024-11-14,2024-09-30,1.170000,-0.740000,-88.918919,-57.488506,33.968099,92.814281,67.677888,42.541494,17.405101,-7.731293,,,,,,,,,,56.610000,64.978333,59.386250,46.203958,56.610000,68.532539,44.687461,62.571270,50.648730
2025-02-19,68.300000,2024-11-14,2024-09-30,1.170000,-0.740000,-92.297297,-58.114221,33.911454,93.193475,68.098999,43.004523,17.910047,-7.184428,,,,,,,,,,57.490000,64.616667,59.657083,46.333750,57.490000,70.151072,44.828928,63.820536,51.159464
2025-02-20,65.200000,2024-11-14,2024-09-30,1.170000,-0.740000,-88.108108,-58.696011,33.821296,93.490566,68.462807,43.435048,18.407289,-6.620469,,,,,,,,,,58.140000,64.183333,59.883333,46.447292,58.140000,70.990951,45.289049,64.565476,51.714524
2025-02-21,66.800000,2024-11-14,2024-09-30,1.170000,-0.740000,-90.270270,-59.293015,33.740307,93.812485,68.844658,43.876831,18.909004,-6.058823,,,,,,,,,,58.940000,63.630000,60.117083,46.569375,58.940000,71.858921,46.021079,65.399461,52.480539
2025-02-24,66.900000,2024-11-14,2024-09-30,1.170000,-0.740000,-90.405405,-59.889342,33.651694,94.122621,69.220367,44.318113,19.415859,-5.486395,,,,,,,,,,59.695000,63.245000,60.347917,46.693125,59.695000,72.621916,46.768084,66.158458,53.231542
2025-02-25,65.500000,2024-11-14,2024-09-30,1.170000,-0.740000,-88.513514,-60.473108,33.534396,94.381007,69.565554,44.750100,19.934647,-4.880807,,,,,,,,,,60.440000,62.986667,60.573750,46.814792,60.440000,72.867711,48.012289,66.653855,54.226145
2025-02-26,69.200000,2024-11-14,2024-09-30,1.170000,-0.740000,-93.513514,-61.100144,33.441967,94.708218,69.961162,45.214107,20.467051,-4.280005,,,,,,,,,,61.340000,62.810000,60.833750,46.951458,61.340000,73.555504,49.124496,67.447752,55.232248
2025-02-27,68.800000,2024-11-14,2024-09-30,1.170000,-0.740000,-92.972973,-61.725480,33.329395,95.004359,70.340607,45.676855,21.013103,-3.650649,,,,,,,,,,62.200000,62.603333,61.096250,47.087708,62.200000,73.940887,50.459113,68.070443,56.329557
2025-03-03,68.800000,2024-11-14,2024-09-30,1.170000,-0.740000,-92.972973,-62.346008,33.211009,95.288339,70.712193,46.136046,21.559899,-3.016248,,,,,,,,,,62.995000,62.421667,61.348750,47.217917,62.995000,74.226624,51.763376,68.610812,57.379188
2025-03-04,69.800000,2024-11-14,2024-09-30,1.170000,-0.740000,-94.324324,-62.974592,33.095318,95.582268,71.091733,46.601198,22.110663,-2.379872,,,,,,,,,,63.835000,62.388333,61.602917,47.347708,63.835000,74.413086,53.256914,69.124043,58.545957
2025-03-05,76.700000,2024-11-14,2024-09-30,1.170000,-0.740000,-103.648649,-63.674869,33.059180,96.046990,71.583196,47.119403,22.655610,-1.808184,,,,,,,,,,64.985000,62.478333,61.902083,47.505625,64.985000,75.918729,54.051271,70.451864,59.518136
2025-03-06,73.700000,2024-11-14,2024-09-30,1.170000,-0.740000,-99.594595,-64.342364,32.968171,96.406242,72.009796,47.613349,23.216903,-1.179544,,,,,,,,,,65.905000,62.505000,62.178333,47.655625,65.905000,76.498638,55.311362,71.201819,60.608181
2025-03-07,72.500000,2024-11-14,2024-09-30,1.170000,-0.740000,-97.972973,-64.993741,32.852855,96.717594,72.406481,48.095369,23.784256,-0.526857,,,,,,,,,,66.765000,62.490000,62.439167,47.805417,66.765000,76.490772,57.039228,71.627886,61.902114
2025-03-10,71.000000,2024-11-14,2024-09-30,1.170000,-0.740000,-95.945946,-65.624621,32.712822,96.977196,72.769708,48.562220,24.354731,0.147243,,,,,,,,,,67.585000,62.481667,62.680000,47.941667,67.585000,75.608721,59.561279,71.596861,63.573139
2025-03-11,66.100000,2024-11-14,2024-09-30,1.170000,-0.740000,-89.324324,-66.204728,32.508383,97.103905,73.047702,48.991498,24.935295,0.879092,,,,,,,,,,67.900000,62.363333,62.889167,48.061250,67.900000,75.088002,60.711998,71.494001,64.305999
2025-03-12,65.500000,2024-11-14,2024-09-30,1.170000,-0.740000,-88.513514,-66.775874,32.290701,97.204384,73.309265,49.414147,25.519028,1.623909,,,,,,,,,,67.890000,62.241667,63.088750,48.181667,67.890000,75.091433,60.688567,71.490716,64.289284
2025-03-13,63.000000,2024-11-14,2024-09-30,1.170000,-0.740000,-85.135135,-67.320470,32.041627,97.238756,73.527952,49.817147,26.106343,2.395539,,,,,,,,,,67.680000,62.148333,63.270833,48.292917,67.680000,75.203885,60.156115,71.441942,63.918058
2025-03-14,64.600000,2024-11-14,2024-09-30,1.170000,-0.740000,-87.297297,-67.883684,31.790760,97.284251,73.759089,50.233926,26.708764,3.183602,,,,,,,,,,67.685000,62.125000,63.467500,48.412917,67.685000,75.200115,60.169885,71.442557,63.927443
2025-03-17,64.100000,2024-11-14,2024-09-30,1.170000,-0.740000,-86.621622,-68.450683,31.509567,97.287665,73.970585,50.653506,27.336426,4.019346,,,,,,,,,,67.685000,62.120000,63.679583,48.532917,67.685000,75.200115,60.169885,71.442557,63.927443
2025-03-18,68.900000,2024-11-14,2024-09-30,1.170000,-0.740000,-93.108108,-69.069533,31.255374,97.369408,74.240431,51.111454,27.982478,4.853501,,,,,,,,,,68.060000,62.255000,63.927083,48.678333,68.060000,74.979507,61.140493,71.519754,64.600246
2025-03-19,68.400000,2024-11-14,2024-09-30,1.170000,-0.740000,-92.432432,-69.675540,30.994233,97.431364,74.495632,51.559900,28.624168,5.688435,,,,,,,,,,68.190000,62.281667,64.155417,48.826250,68.190000,75.027944,61.352056,71.608972,64.771028
2025-03-20,67.000000,2024-11-14,2024-09-30,1.170000,-0.740000,-90.540541,-70.262577,30.713139,97.449753,74.722030,51.994307,29.266584,6.538861,,,,,,,,,,68.125000,62.353333,64.365417,48.966875,68.125000,74.983226,61.266774,71.554113,64.695887
2025-03-21,65.600000,2024-11-14,2024-09-30,1.170000,-0.740000,-88.648649,-70.831644,30.411921,97.425060,74.920238,52.415417,29.910595,7.405773,,,,,,,,,,68.145000,62.466667,64.559167,49.103125,68.145000,74.969561,61.320439,71.557280,64.732720
2025-03-24,63.300000,2024-11-14,2024-09-30,1.170000,-0.740000,-85.540541,-71.378416,30.077015,97.334010,75.077019,52.820028,30.563037,8.306046,,,,,,,,,,67.970000,62.515000,64.741250,49.229583,67.970000,75.111900,60.828100,71.540950,64.399050
2025-03-25,65.500000,2024-11-14,2024-09-30,1.170000,-0.740000,-88.513514,-71.946958,29.746158,97.265062,75.252906,53.240749,31.228593,9.216436,,,,,,,,,,67.900000,62.623333,64.935417,49.366250,67.900000,75.113146,60.686854,71.506573,64.293427
2025-03-26,65.800000,2024-11-14,2024-09-30,1.170000,-0.740000,-88.918919,-72.517877,29.404163,97.181390,75.422310,53.663229,31.904149,10.145068,,,,,,,,,,67.915000,62.686667,65.130000,49.504583,67.915000,75.108352,60.721648,71.511676,64.318324
2025-03-27,63.700000,2024-11-14,2024-09-30,1.170000,-0.740000,-86.081081,-73.066550,29.032417,97.037224,75.553236,54.069247,32.585258,11.101269,,,,,,,,,,67.640000,62.703333,65.310000,49.633125,67.640000,75.043953,60.236047,71.341977,63.938023
2025-03-28,59.000000,2024-11-14,2024-09-30,1.170000,-0.740000,-79.729730,-73.569105,28.614995,96.791331,75.616234,54.441138,33.266041,12.090945,,,,,,,,,,67.150000,62.605000,65.465000,49.742500,67.150000,75.471058,58.828942,71.310529,62.989471
2025-03-31,54.300000,2025-03-31,2024-12-31,0.580000,1.200000,45.250000,-73.029963,30.208414,-160.136149,-123.886052,-87.635955,-51.385858,-15.135761,,,,,,,,,,66.425000,62.458333,65.580417,49.830208,66.425000,76.485632,56.364368,71.455316,61.394684
2025-04-01,56.800000,2025-03-31,2024-12-31,0.580000,1.200000,47.333333,-72.475262,31.775115,-163.230590,-125.100452,-86.970314,-48.840176,-10.710038,,,,,,,,,,65.775000,62.311667,65.720417,49.929792,65.775000,76.570491,54.979509,71.172746,60.377254
2025-04-02,58.500000,2025-03-31,2024-12-31,0.580000,1.200000,48.750000,-71.908755,33.301698,-166.214582,-126.252544,-86.290506,-46.328468,-6.366431,,,,,,,,,,64.865000,62.185000,65.874583,50.037917,64.865000,74.818423,54.911577,69.841712,59.888288
2025-04-07,52.700000,2025-03-31,2024-12-31,0.580000,1.200000,43.916667,-71.381124,34.616290,-168.736446,-127.196898,-85.657349,-44.117801,-2.578252,,,,,,,,,,63.815000,61.953333,65.977500,50.121875,63.815000,74.262518,53.367482,69.038759,58.591241
2025-04-08,47.450000,2025-03-31,2024-12-31,0.580000,1.200000,39.541667,-70.888950,35.760802,-170.892666,-127.979703,-85.066740,-42.153778,0.759185,,,,,,,,,,62.562500,61.677500,66.034583,50.181667,62.562500,74.522736,50.602264,68.542618,56.582382
2025-04-09,42.750000,2025-03-31,2024-12-31,0.580000,1.200000,35.625000,-70.429816,36.766067,-172.754339,-128.635059,-84.515779,-40.396499,3.722782,,,,,,,,,,61.150000,61.335000,66.053333,50.221875,61.150000,75.373146,46.926854,68.261573,54.038427
2025-04-10,47.000000,2025-03-31,2024-12-31,0.580000,1.200000,39.166667,-69.933154,37.834177,-174.721811,-129.320798,-83.919785,-38.518772,6.882241,,,,,,,,,,60.195000,61.081667,66.090833,50.281042,60.195000,75.539428,44.850572,67.867214,52.522786
2025-04-11,45.600000,2025-03-31,2024-12-31,0.580000,1.200000,38.000000,-69.444412,38.841582,-176.553092,-129.943193,-83.333295,-36.723396,9.886502,,,,,,,,,,59.200000,60.828333,66.112917,50.335417,59.200000,75.637857,42.762143,67.418929,50.981071
2025-04-14,46.350000,2025-03-31,2024-12-31,0.580000,1.200000,38.625000,-68.933435,39.851980,-178.364874,-130.542498,-82.720122,-34.897746,12.924630,,,,,,,,,,58.367500,60.545833,66.105833,50.395833,58.367500,75.659338,41.075662,67.013419,49.721581
2025-04-15,49.300000,2025-03-31,2024-12-31,0.580000,1.200000,41.083333,-68.413389,40.872610,-180.190330,-131.143199,-82.096067,-33.048936,15.998196,,,,,,,,,,57.602500,60.330833,66.147083,50.474583,57.602500,75.086070,40.118930,66.344285,48.860715
2025-04-16,47.700000,2025-03-31,2024-12-31,0.580000,1.200000,39.750000,-67.886827,41.852188,-181.909443,-131.686818,-81.464192,-31.241567,18.981059,,,,,,,,,,56.782500,60.114167,66.138333,50.538333,56.782500,74.519475,39.045525,65.650988,47.914012
2025-04-17,47.850000,2025-03-31,2024-12-31,0.580000,1.200000,39.875000,-67.352612,42.812233,-183.572493,-132.197814,-80.823135,-29.448455,21.926224,,,,,,,,,,55.730000,59.925000,66.117083,50.608125,55.730000,72.929461,38.530539,64.329731,47.130269
2025-04-18,47.100000,2025-03-31,2024-12-31,0.580000,1.200000,39.250000,-66.824808,43.730681,-185.143403,-132.666586,-80.189769,-27.712952,24.763864,,,,,,,,,,54.665000,59.821667,66.092083,50.679167,54.665000,71.185580,38.144420,62.925290,46.404710
2025-04-21,44.200000,2025-03-31,2024-12-31,0.580000,1.200000,36.833333,-66.313937,44.579471,-186.567455,-133.072089,-79.576724,-26.081359,27.414006,,,,,,,,,,53.525000,59.713333,66.036250,50.740000,53.525000,69.602362,37.447638,61.563681,45.486319
2025-04-22,42.550000,2025-03-31,2024-12-31,0.580000,1.200000,35.458333,-65.818331,45.377136,-187.887123,-133.434560,-78.981997,-24.529434,29.923129,,,,,,,,,,52.372500,59.552500,65.974583,50.793750,52.372500,68.106254,36.638746,60.239377,44.505623
2025-04-23,46.800000,2025-03-31,2024-12-31,0.580000,1.200000,39.000000,-65.273379,46.239061,-189.301800,-133.814927,-78.328054,-22.841182,32.645691,,,,,,,,,,51.547500,59.485833,65.907083,50.861458,51.547500,66.583579,36.511421,59.065539,44.029461
2025-04-24,46.950000,2025-03-31,2024-12-31,0.580000,1.200000,39.125000,-64.713363,47.092422,-190.677848,-134.166941,-77.656035,-21.145129,35.365777,,,,,,,,,,50.620000,59.405000,65.811667,50.932500,50.620000,64.255534,36.984466,57.437767,43.802233
2025-04-25,47.450000,2025-03-31,2024-12-31,0.580000,1.200000,39.541667,-64.126637,47.948499,-192.028361,-134.490163,-76.951965,-19.413766,38.124432,,,,,,,,,,49.702500,59.352500,65.672083,51.003542,49.702500,61.363839,38.041161,55.533169,43.871831
2025-04-28,52.100000,2025-03-31,2024-12-31,0.580000,1.200000,43.416667,-63.481979,48.868935,-193.463818,-134.821097,-76.178375,-17.535653,41.107068,,,,,,,,,,49.122500,59.367500,65.517917,51.093125,49.122500,58.845261,39.399739,53.983880,44.261120
2025-04-29,52.100000,2025-03-31,2024-12-31,0.580000,1.200000,43.416667,-62.809276,49.779386,-194.841658,-135.106394,-75.371131,-15.635868,44.099395,,,,,,,,,,48.777500,59.375833,65.305417,51.183958,48.777500,57.458361,40.096639,53.117930,44.437070
2025-04-30,50.900000,2025-03-31,2024-12-31,0.580000,1.200000,42.416667,-62.129682,50.654296,-196.125930,-135.340774,-74.555619,-13.770463,47.014693,,,,,,,,,,48.607500,59.342500,65.051250,51.268958,48.607500,56.959952,40.255048,52.783726,44.431274
2025-05-02,51.200000,2025-03-31,2024-12-31,0.580000,1.200000,42.666667,-61.451210,51.508137,-197.360982,-135.551217,-73.741452,-11.931687,49.878078,,,,,,,,,,48.327500,59.312500,64.806250,51.356042,48.327500,55.858662,40.796338,52.093081,44.561919
2025-05-05,47.000000,2025-03-31,2024-12-31,0.580000,1.200000,39.166667,-60.807513,52.279579,-198.440007,-135.704511,-72.969016,-10.233521,52.501975,,,,,,,,,,47.752500,59.200833,64.537917,51.423958,47.752500,53.575908,41.929092,50.664204,44.840796
2025-05-06,48.100000,2025-03-31,2024-12-31,0.580000,1.200000,40.083333,-60.142556,53.051920,-199.495675,-135.833371,-72.171067,-8.508763,55.153541,,,,,,,,,,47.522500,59.080833,64.250417,51.497500,47.522500,52.866801,42.178199,50.194650,44.850350
2025-05-07,46.700000,2025-03-31,2024-12-31,0.580000,1.200000,38.916667,-59.480911,53.789182,-200.471129,-135.924111,-71.377093,-6.830075,57.716943,,,,,,,,,,47.485000,58.937500,63.937917,51.566667,47.485000,52.841953,42.128047,50.163477,44.806523
2025-05-08,51.300000,2025-03-31,2024-12-31,0.580000,1.200000,42.750000,-58.801744,54.562114,-201.511166,-136.036629,-70.562093,-5.087556,60.386980,,,,,,,,,,47.912500,58.882500,63.693750,51.655000,47.912500,53.038068,42.786932,50.475284,45.349716
2025-05-09,50.200000,2025-03-31,2024-12-31,0.580000,1.200000,41.833333,-58.098165,55.312047,-202.466711,-136.092254,-69.717798,-3.343342,63.031115,,,,,,,,,,48.072500,58.722500,63.373750,51.739375,48.072500,53.277303,42.867697,50.674901,45.470099
2025-05-12,51.200000,2025-03-31,2024-12-31,0.580000,1.200000,42.666667,-57.373619,56.059007,-203.389960,-136.119152,-68.848343,-1.577534,65.693275,,,,,,,,,,48.352500,58.480833,63.032917,51.828125,48.352500,53.599602,43.105398,50.976051,45.728949
2025-05-13,50.800000,2025-03-31,2024-12-31,0.580000,1.200000,42.333333,-56.651851,56.781932,-204.258859,-136.120540,-67.982221,0.156098,68.294417,,,,,,,,,,48.575000,58.207500,62.688750,51.915208,48.575000,53.841928,43.308072,51.208464,45.941536
2025-05-14,52.700000,2025-03-31,2024-12-31,0.580000,1.200000,43.916667,-55.889645,57.514323,-205.101949,-136.084761,-67.067574,1.949614,70.966802,,,,,,,,,,48.745000,58.010833,62.303750,52.010208,48.745000,54.320879,43.169121,51.532939,45.957061
2025-05-15,52.500000,2025-05-15,2025-03-31,0.340000,1.890000,27.777778,-55.263932,58.014732,-323.744521,-214.096677,-104.448832,5.199012,114.846856,,,,,,,,,,48.985000,57.817500,61.921250,52.103333,48.985000,54.780379,43.189621,51.882690,46.087310
2025-05-16,51.800000,2025-05-15,2025-03-31,0.340000,1.890000,27.407407,-54.634896,58.500507,-324.391870,-213.825912,-103.259954,7.306004,117.871962,,,,,,,,,,49.182500,57.657500,61.519583,52.193333,49.182500,55.083283,43.281717,52.132891,46.232109
2025-05-19,50.900000,2025-05-15,2025-03-31,0.340000,1.890000,26.931217,-53.396956,58.642681,-322.589580,-211.754913,-100.920247,9.914420,120.749086,,,,,,,,,,49.372500,57.409167,61.193750,52.277917,49.372500,55.235540,43.509460,52.304020,46.440980
2025-05-20,51.200000,2025-05-15,2025-03-31,0.340000,1.890000,27.089947,-52.157693,58.760013,-320.690890,-209.634465,-98.578040,12.478385,123.534811,,,,,,,,,,49.722500,57.124167,60.870417,52.363958,49.722500,55.101159,44.343841,52.411830,47.033170
2025-05-21,52.200000,2025-05-15,2025-03-31,0.340000,1.890000,27.619048,-50.900507,58.840153,-318.617738,-207.409848,-96.201959,15.005931,126.213820,,,,,,,,,,50.205000,56.907500,60.545417,52.453750,50.205000,54.495859,45.914141,52.350430,48.059570
2025-05-22,51.500000,2025-05-15,2025-03-31,0.340000,1.890000,27.248677,-49.547309,58.753835,-315.733908,-204.689161,-93.644414,17.400334,128.445081,,,,,,,,,,50.440000,56.652500,60.141250,52.541667,50.440000,54.451379,46.428621,52.445689,48.434311
2025-05-23,51.800000,2025-05-15,2025-03-31,0.340000,1.890000,27.407407,-48.305400,58.792599,-313.533232,-202.415219,-91.297206,19.820806,130.938819,,,,,,,,,,50.682500,56.400833,59.822917,52.631667,50.682500,54.379622,46.985378,52.531061,48.833939
2025-05-26,51.400000,2025-05-15,2025-03-31,0.340000,1.890000,27.195767,-47.166607,58.921453,-311.867980,-200.506433,-89.144887,22.216660,133.578207,,,,,,,,,,50.880000,56.165833,59.576250,52.719792,50.880000,54.258321,47.501679,52.569160,49.190840
2025-05-27,49.750000,2025-05-15,2025-03-31,0.340000,1.890000,26.322751,-46.048602,59.033282,-310.177663,-198.604760,-87.031857,24.541046,136.113949,,,,,,,,,,50.762500,55.841667,59.325833,52.788542,50.762500,54.125593,47.399407,52.444047,49.080953
2025-05-28,48.700000,2025-05-15,2025-03-31,0.340000,1.890000,25.767196,-44.919461,59.100804,-308.298822,-196.598301,-84.897781,26.802740,138.503260,,,,,,,,,,50.592500,55.506667,59.055000,52.839167,50.592500,54.014145,47.170855,52.303323,48.881677
2025-05-29,49.000000,2025-05-15,2025-03-31,0.340000,1.890000,25.925926,-43.805889,59.166780,-306.443558,-194.618344,-82.793130,29.032084,140.857298,,,,,,,,,,50.497500,55.176667,58.799167,52.902500,50.497500,53.988010,47.006990,52.242755,48.752245
2025-06-02,47.200000,2025-05-15,2025-03-31,0.340000,1.890000,24.973545,-42.789217,59.292631,-304.997767,-192.934694,-80.871621,31.191453,143.254526,,,,,,,,,,50.297500,54.800000,58.594167,52.958333,50.297500,54.065855,46.529145,52.181678,48.413322
2025-06-03,47.350000,2025-05-15,2025-03-31,0.340000,1.890000,25.052910,-41.777515,59.406670,-303.516718,-191.238111,-78.959504,33.319104,145.597711,,,,,,,,,,50.315000,54.310833,58.394583,53.017292,50.315000,54.021623,46.608377,52.168311,48.461689
2025-06-04,51.300000,2025-05-15,2025-03-31,0.340000,1.890000,27.142857,-40.739388,59.514307,-301.961522,-189.479482,-76.997443,35.484597,147.966636,,,,,,,,,,50.475000,53.937500,58.221250,53.093125,50.475000,54.053077,46.896923,52.264038,48.685962
2025-06-05,50.100000,2025-05-15,2025-03-31,0.340000,1.890000,26.507937,-39.691912,59.583042,-300.241612,-187.629663,-75.017713,37.594236,150.206186,,,,,,,,,,50.645000,53.564167,58.027083,53.165833,50.645000,53.761155,47.528845,52.203077,49.086923
2025-06-06,49.500000,2025-05-15,2025-03-31,0.340000,1.890000,26.190476,-38.668478,59.651673,-298.566748,-185.825085,-73.083423,39.658240,152.399903,,,,,,,,,,50.555000,53.205833,57.843750,53.236875,50.555000,53.695382,47.414618,52.125191,48.984809
2025-06-09,49.100000,2025-05-15,2025-03-31,0.340000,1.890000,25.978836,-37.627663,59.681191,-296.711184,-183.913734,-71.116283,41.681168,154.478618,,,,,,,,,,50.500000,52.922500,57.642917,53.305833,50.500000,53.704438,47.295562,52.102219,48.897781
2025-06-10,49.200000,2025-05-15,2025-03-31,0.340000,1.890000,26.031746,-36.590912,59.697584,-294.813693,-181.985258,-69.156823,43.671611,156.500046,,,,,,,,,,50.400000,52.650833,57.446250,53.378333,50.400000,53.637120,47.162880,52.018560,48.781440
2025-06-11,50.000000,2025-05-15,2025-03-31,0.340000,1.890000,26.455026,-35.597931,59.747390,-293.125224,-180.202657,-67.280089,45.642478,158.565045,,,,,,,,,,50.360000,52.434167,57.291250,53.454583,50.360000,53.596079,47.123921,51.978040,48.741960
2025-06-12,50.500000,2025-05-15,2025-03-31,0.340000,1.890000,26.719577,-34.632024,59.810613,-291.538642,-178.496584,-65.454526,47.587532,160.629589,,,,,,,,,,50.250000,52.199167,57.162083,53.532708,50.250000,53.295100,47.204900,51.772550,48.727450
2025-06-13,47.550000,2025-05-15,2025-03-31,0.340000,1.890000,25.158730,-33.697143,59.861509,-289.964105,-176.825853,-63.687601,49.450652,162.588904,,,,,,,,,,50.002500,51.923333,57.021667,53.598125,50.002500,53.082055,46.922945,51.542277,48.462723
2025-06-16,48.700000,2025-05-15,2025-03-31,0.340000,1.890000,25.767196,-32.797732,59.937973,-288.553251,-175.270482,-61.987713,51.295056,164.577824,,,,,,,,,,49.847500,51.586667,56.920833,53.665833,49.847500,52.857392,46.837608,51.352446,48.342554
2025-06-17,48.700000,2025-05-15,2025-03-31,0.340000,1.890000,25.767196,-31.830753,59.938993,-286.729517,-173.444820,-60.160123,53.124574,166.409270,,,,,,,,,,49.737500,51.258333,56.770000,53.732500,49.737500,52.746237,46.728763,51.241869,48.233131
2025-06-18,48.250000,2025-05-15,2025-03-31,0.340000,1.890000,25.529101,-30.911929,59.966364,-285.096400,-171.759973,-58.423546,54.912881,168.249308,,,,,,,,,,49.590000,50.945833,56.649583,53.800000,49.590000,52.586068,46.593932,51.088034,48.091966
2025-06-19,46.800000,2025-05-15,2025-03-31,0.340000,1.890000,24.761905,-30.043418,60.012044,-283.627585,-170.204823,-56.782060,56.640703,170.063465,,,,,,,,,,49.320000,50.632500,56.549583,53.858125,49.320000,52.298944,46.341056,50.809472,47.830528
2025-06-20,46.300000,2025-05-15,2025-03-31,0.340000,1.890000,24.497354,-29.159093,60.027483,-282.014571,-168.562628,-55.110686,58.341256,171.793198,,,,,,,,,,49.060000,50.349167,56.432083,53.914375,49.060000,52.143675,45.976325,50.601838,47.518162
2025-06-23,45.300000,2025-05-15,2025-03-31,0.340000,1.890000,23.968254,-28.294943,60.039767,-280.427761,-166.952602,-53.477443,59.997716,173.472875,,,,,,,,,,48.735000,50.012500,56.317917,53.967083,48.735000,51.969209,45.500791,50.352104,47.117896
2025-06-24,46.550000,2025-05-15,2025-03-31,0.340000,1.890000,24.629630,-27.391498,60.013452,-278.620779,-165.195355,-51.769932,61.655492,175.080916,,,,,,,,,,48.492500,49.691667,56.189167,54.025208,48.492500,51.610575,45.374425,50.051538,46.933462
2025-06-25,46.550000,2025-05-15,2025-03-31,0.340000,1.890000,24.629630,-26.480170,59.965745,-276.718037,-163.382779,-50.047522,63.287736,176.622993,,,,,,,,,,48.332500,49.405833,56.054583,54.076667,48.332500,51.506784,45.158216,49.919642,46.745358
2025-06-26,48.400000,2025-05-15,2025-03-31,0.340000,1.890000,25.608466,-25.535910,59.885676,-274.630725,-161.446798,-48.262871,64.921056,178.104984,,,,,,,,,,48.317500,49.229167,55.917083,54.136042,48.317500,51.487304,45.147696,49.902402,46.732598
2025-06-27,47.550000,2025-05-15,2025-03-31,0.340000,1.890000,25.158730,-24.615669,59.808457,-272.599583,-159.561598,-46.523614,66.514370,179.552355,,,,,,,,,,48.245000,49.116667,55.787500,54.191875,48.245000,51.415406,45.074594,49.830203,46.659797
2025-06-30,48.250000,2025-05-15,2025-03-31,0.340000,1.890000,25.529101,-23.664188,59.689306,-270.350891,-157.538103,-44.725314,68.087474,180.900262,,,,,,,,,,48.297500,48.974167,55.642917,54.253333,48.297500,51.429588,45.165412,49.863544,46.731456
2025-07-01,53.000000,2025-05-15,2025-03-31,0.340000,1.890000,28.042328,-22.686132,59.565817,-268.035576,-155.456183,-42.876790,69.702604,182.281997,,,,,,,,,,48.580000,48.882500,55.533750,54.335000,48.580000,52.313687,44.846313,50.446844,46.713156
2025-07-02,57.900000,2025-05-15,2025-03-31,0.340000,1.890000,30.634921,-21.680841,59.438055,-265.652636,-153.314713,-40.976790,71.361134,183.699057,,,,,,,,,,48.910000,48.969167,55.461250,54.436042,48.910000,54.406468,43.413532,51.658234,46.161766
2025-07-03,56.100000,2025-05-15,2025-03-31,0.340000,1.890000,29.682540,-20.712766,59.319599,-263.375212,-151.261170,-39.147128,72.966914,185.080956,,,,,,,,,,49.210000,49.113333,55.395417,54.526667,49.210000,55.567474,42.852526,52.388737,46.031263
2025-07-04,53.600000,2025-05-15,2025-03-31,0.340000,1.890000,28.359788,-19.763596,59.184679,-261.071286,-149.212242,-37.353197,74.505847,186.364891,,,,,,,,,,49.415000,49.294167,55.314583,54.605625,49.415000,56.069330,42.760670,52.742165,46.087835
2025-07-07,51.600000,2025-05-15,2025-03-31,0.340000,1.890000,27.301587,-18.835633,59.040996,-258.774310,-147.186828,-35.599346,75.988136,187.575618,,,,,,,,,,49.540000,49.370833,55.226250,54.675000,49.540000,56.262985,42.817015,52.901492,46.178508
2025-07-08,49.900000,2025-05-15,2025-03-31,0.340000,1.890000,26.402116,-17.930930,58.894069,-256.509038,-145.199249,-33.889459,77.420331,188.730121,,,,,,,,,,49.575000,49.442500,55.135417,54.742708,49.575000,56.297821,42.852179,52.936410,46.213590
2025-07-09,50.000000,2025-05-15,2025-03-31,0.340000,1.890000,26.455026,-16.997634,58.700735,-254.014306,-143.069917,-32.125528,78.818861,189.763250,,,,,,,,,,49.575000,49.503333,55.024583,54.809792,49.575000,56.297821,42.852179,52.936410,46.213590
2025-07-10,49.300000,2025-05-15,2025-03-31,0.340000,1.890000,26.084656,-16.079812,58.504170,-251.536606,-140.963725,-30.390844,80.182037,190.754919,,,,,,,,,,49.515000,49.503333,54.917083,54.874792,49.515000,56.224467,42.805533,52.869733,46.160267
2025-07-11,48.650000,2025-05-15,2025-03-31,0.340000,1.890000,25.740741,-15.181747,58.310164,-249.105921,-138.899711,-28.693501,81.512708,191.718918,,,,,,,,,,49.570000,49.519167,54.816667,54.935625,49.570000,56.229493,42.910507,52.899746,46.240254
2025-07-14,48.350000,2025-05-15,2025-03-31,0.340000,1.890000,25.582011,-14.301897,58.120155,-246.724769,-136.877677,-27.030585,82.816507,192.663600,,,,,,,,,,49.552500,49.527500,54.726250,54.996458,49.552500,56.223448,42.881552,52.887974,46.217026
2025-07-15,48.500000,2025-05-15,2025-03-31,0.340000,1.890000,25.661376,-13.487827,57.988820,-244.689730,-135.090861,-25.491992,84.106877,193.705745,,,,,,,,,,49.542500,49.550833,54.686250,55.058333,49.542500,56.219426,42.865574,52.880963,46.204037
2025-07-16,48.400000,2025-05-15,2025-03-31,0.340000,1.890000,25.608466,-12.703477,57.874723,-242.776026,-133.392798,-24.009571,85.373656,194.756883,,,,,,,,,,49.550000,49.620833,54.667083,55.119167,49.550000,56.221148,42.878852,52.885574,46.214426
2025-07-17,48.650000,2025-05-15,2025-03-31,0.340000,1.890000,25.740741,-11.901133,57.733387,-240.725343,-131.609242,-22.493141,86.622960,195.739061,,,,,,,,,,49.642500,49.722500,54.637500,55.174792,49.642500,56.203491,43.081509,52.922996,46.362004
2025-07-18,49.600000,2025-05-15,2025-03-31,0.340000,1.890000,26.243386,-11.110366,57.599298,-238.723938,-129.861265,-20.998591,87.864082,196.726755,,,,,,,,,,49.807500,49.769167,54.627500,55.241458,49.807500,56.177766,43.437234,52.992633,46.622367
2025-07-21,50.800000,2025-05-15,2025-03-31,0.340000,1.890000,26.878307,-10.303047,57.445682,-236.617435,-128.045097,-19.472758,89.099580,197.671919,,,,,,,,,,50.082500,49.833333,54.619167,55.314583,50.082500,56.098468,44.066532,53.090484,47.074516
2025-07-22,48.300000,2025-05-15,2025-03-31,0.340000,1.890000,25.555556,-9.520264,57.287446,-234.539843,-126.266571,-17.993299,90.279974,198.553246,,,,,,,,,,50.170000,49.847500,54.600000,55.373958,50.170000,56.018203,44.321797,53.094101,47.245899
2025-07-23,49.150000,2025-05-15,2025-03-31,0.340000,1.890000,26.005291,-8.726977,57.113074,-232.381407,-124.437696,-16.493986,91.449725,199.393435,,,,,,,,,,50.300000,49.798333,54.582917,55.438333,50.300000,55.920545,44.679455,53.110273,47.489727
2025-07-24,54.000000,2025-05-15,2025-03-31,0.340000,1.890000,28.571429,-7.907800,56.935449,-230.161740,-122.553741,-14.945742,92.662256,200.270255,,,,,,,,,,50.580000,49.830000,54.602917,55.525000,50.580000,56.357761,44.802239,53.468881,47.691119
2025-07-25,54.100000,2025-05-15,2025-03-31,0.340000,1.890000,28.624339,-7.073543,56.729094,-227.804973,-120.586985,-13.368997,93.848991,201.066980,,,,,,,,,,50.907500,49.883333,54.612917,55.605417,50.907500,56.704620,45.110380,53.806060,48.008940
2025-07-28,55.700000,2025-05-15,2025-03-31,0.340000,1.890000,29.470899,-6.231106,56.512697,-225.394784,-118.585787,-11.776790,95.032207,201.841205,,,,,,,,,,51.280000,49.958333,54.635417,55.695000,51.280000,57.310833,45.249167,54.295417,48.264583
2025-07-29,54.600000,2025-05-15,2025-03-31,0.340000,1.890000,28.888889,-5.385635,56.270327,-222.880687,-116.529769,-10.178851,96.172067,202.522985,,,,,,,,,,51.360000,50.085000,54.642917,55.777708,51.360000,57.527794,45.192206,54.443897,48.276103
2025-07-30,53.300000,2025-05-15,2025-03-31,0.340000,1.890000,28.201058,-4.527879,55.988203,-220.193098,-114.375394,-8.557691,97.260013,203.077717,,,,,,,,,,51.130000,50.171667,54.626250,55.858333,51.130000,56.571207,45.688793,53.850604,48.409396
2025-07-31,52.800000,2025-05-15,2025-03-31,0.340000,1.890000,27.936508,-3.672327,55.690063,-217.449134,-112.194916,-6.940697,98.313521,203.567740,,,,,,,,,,50.965000,50.273333,54.605417,55.950833,50.965000,55.952891,45.977109,53.458945,48.471055
2025-08-01,55.600000,2025-05-15,2025-03-31,0.340000,1.890000,29.417989,-2.812312,55.394323,-214.705808,-110.010539,-5.315269,99.380000,204.075270,,,,,,,,,,51.065000,50.345000,54.613750,56.056667,51.065000,56.346856,45.783144,53.705928,48.424072
2025-08-04,55.100000,2025-05-15,2025-03-31,0.340000,1.890000,29.153439,-1.895943,55.001334,-211.488374,-107.535853,-3.583332,100.369189,204.321710,,,,,,,,,,51.240000,50.426667,54.574583,56.155417,51.240000,56.820002,45.659998,54.030001,48.449999
2025-08-05,55.500000,2025-05-15,2025-03-31,0.340000,1.890000,29.365079,-0.911369,54.487983,-207.687062,-104.704775,-1.722488,101.259799,204.242086,,,,,,,,,,51.520000,50.498333,54.489583,56.255625,51.520000,57.372251,45.667749,54.446126,48.593874
2025-08-06,61.000000,2025-05-15,2025-03-31,0.340000,1.890000,32.275132,0.114347,53.937177,-203.666414,-101.725149,0.216116,102.157381,204.098646,,,,,,,,,,52.070000,50.668333,54.437917,56.378125,52.070000,59.239996,44.900004,55.654998,48.485002
2025-08-07,67.100000,2025-05-15,2025-03-31,0.340000,1.890000,35.502646,1.136554,53.429198,-199.814282,-98.833098,2.148086,103.129271,204.110455,,,,,,,,,,52.960000,50.908333,54.459583,56.526667,52.960000,62.656207,43.263793,57.808103,48.111897
2025-08-08,66.000000,2025-05-15,2025-03-31,0.340000,1.890000,34.920635,2.149406,52.901017,-195.903465,-95.920544,4.062377,104.045298,204.028219,,,,,,,,,,53.827500,51.133333,54.475417,56.672500,53.827500,64.906094,42.748906,59.366797,48.288203
2025-08-11,65.100000,2025-05-15,2025-03-31,0.340000,1.890000,34.444444,3.127884,52.396825,-192.148298,-93.118298,5.911701,104.941701,203.971701,,,,,,,,,,54.665000,51.355000,54.506250,56.814375,54.665000,66.506324,42.823676,60.585662,48.744338
2025-08-12,65.500000,2025-05-15,2025-03-31,0.340000,1.890000,34.656085,4.157676,51.783324,-187.882957,-90.012475,7.858008,105.728490,203.598972,,,,,,,,,,55.515000,51.598333,54.503750,56.945000,55.515000,67.920181,43.109819,61.717591,49.312409
2025-08-13,64.800000,2025-05-15,2025-03-31,0.340000,1.890000,34.285714,5.212534,51.086565,-183.255525,-86.701917,9.851690,106.405297,202.958905,,,,,,,,,,56.335000,51.825000,54.474583,57.065833,56.335000,68.926647,43.743353,62.630824,50.039176
2025-08-14,62.500000,2025-08-14,2025-06-30,-0.300000,1.790000,34.916201,6.237737,50.428255,-169.367602,-79.101027,11.165549,101.432125,191.698701,,,,,,,,,,57.027500,51.996667,54.452083,57.167708,57.027500,69.360318,44.694682,63.193909,50.861091
2025-08-15,63.000000,2025-08-14,2025-06-30,-0.300000,1.790000,35.195531,7.283285,49.705996,-164.910383,-75.936651,13.037081,102.010813,190.984545,,,,,,,,,,57.697500,52.188333,54.420417,57.268750,57.697500,69.784835,45.610165,63.741167,51.653833
2025-08-18,66.900000,2025-08-14,2025-06-30,-0.300000,1.790000,37.374302,8.348116,48.958734,-160.329140,-72.693006,14.943128,102.579262,190.215396,,,,,,,,,,58.502500,52.440000,54.420417,57.384167,58.502500,70.798348,46.206652,64.650424,52.354576
2025-08-19,66.200000,2025-08-14,2025-06-30,-0.300000,1.790000,36.983240,9.393923,48.206882,-155.765515,-69.475197,16.815121,103.105439,189.395757,,,,,,,,,,59.397500,52.686667,54.426250,57.500000,59.397500,71.160800,47.634200,65.279150,53.515850
2025-08-20,62.600000,2025-08-14,2025-06-30,-0.300000,1.790000,34.972067,10.464636,47.320758,-150.676614,-65.972458,18.731698,103.435854,188.140010,,,,,,,,,,60.070000,52.900833,54.371250,57.602500,60.070000,70.864560,49.275440,65.467280,54.672720
2025-08-21,68.800000,2025-08-14,2025-06-30,-0.300000,1.790000,38.435754,11.559708,46.418844,-145.487583,-62.397853,20.691878,103.781609,186.871340,,,,,,,,,,60.810000,53.235833,54.371250,57.733750,60.810000,71.878191,49.741809,66.344095,55.275905
2025-08-22,69.000000,2025-08-14,2025-06-30,-0.300000,1.790000,38.547486,12.655712,45.473004,-140.139628,-58.742951,22.653725,104.050401,185.447078,,,,,,,,,,61.555000,53.569167,54.372917,57.860833,61.555000,72.726858,50.383142,67.140929,55.969071
2025-08-25,75.900000,2025-08-14,2025-06-30,-0.300000,1.790000,42.402235,13.795100,44.471862,-134.516037,-54.911404,24.693229,104.297862,183.902495,,,,,,,,,,62.565000,54.047500,54.423750,58.013333,62.565000,75.079795,50.050205,68.822398,56.307602
2025-08-26,74.000000,2025-08-14,2025-06-30,-0.300000,1.790000,41.340782,15.003345,43.205818,-127.820840,-50.482426,26.855988,104.194403,181.532817,,,,,,,,,,63.535000,54.491667,54.401250,58.151667,63.535000,76.451293,50.618707,69.993147,57.076853
2025-08-27,76.600000,2025-08-14,2025-06-30,-0.300000,1.790000,42.793296,16.189911,41.969679,-121.271511,-46.145785,28.979941,104.105667,179.231393,,,,,,,,,,64.700000,54.913333,54.425417,58.301875,64.700000,77.928677,51.471323,71.314338,58.085662
2025-08-28,79.000000,2025-08-14,2025-06-30,-0.300000,1.790000,44.134078,17.374137,40.707240,-114.632215,-41.766255,31.099705,103.965665,176.831624,,,,,,,,,,66.010000,55.395000,54.479583,58.459375,66.010000,79.464000,52.556000,72.737000,59.283000
2025-08-29,77.500000,2025-08-14,2025-06-30,-0.300000,1.790000,43.296089,18.534487,39.413919,-107.925099,-37.374184,33.176732,103.727647,174.278562,,,,,,,,,,67.105000,55.861667,54.533750,58.606875,67.105000,80.556429,53.653571,73.830715,60.379285
2025-09-01,77.000000,2025-08-14,2025-06-30,-0.300000,1.790000,43.016760,19.637329,38.203490,-101.617675,-33.233428,35.150819,103.535067,171.919314,,,,,,,,,,68.200000,56.326667,54.624583,58.756875,68.200000,81.090470,55.309530,74.645235,61.754765
2025-09-02,77.600000,2025-08-14,2025-06-30,-0.300000,1.790000,43.351955,20.736208,36.942172,-95.135164,-29.008676,37.117813,103.244301,169.370790,,,,,,,,,,69.305000,56.800000,54.725417,58.907083,69.305000,81.374357,57.235643,75.339678,63.270322
2025-09-03,82.100000,2025-08-14,2025-06-30,-0.300000,1.790000,45.865922,21.827884,35.702072,-88.741507,-24.834798,39.071912,102.978621,166.885331,,,,,,,,,,70.360000,57.335000,54.884583,59.077708,70.360000,83.045740,57.674260,76.702870,64.017130
2025-09-04,78.800000,2025-08-14,2025-06-30,-0.300000,1.790000,44.022346,22.922214,34.314720,-81.815934,-20.392585,41.030763,102.454112,163.877460,,,,,,,,,,70.945000,57.806667,55.002917,59.235208,70.945000,84.069260,57.820740,77.507130,64.382870
2025-09-05,82.400000,2025-08-14,2025-06-30,-0.300000,1.790000,46.033520,24.027674,32.862092,-74.636755,-15.813609,43.009536,101.832681,160.655826,,,,,,,,,,71.765000,58.387500,55.155417,59.417500,71.765000,85.617497,57.912503,78.691249,64.838751
2025-09-08,74.200000,2025-08-14,2025-06-30,-0.300000,1.790000,41.452514,25.149012,31.078929,-66.245835,-10.614552,45.016732,100.648015,156.279298,,,,,,,,,,72.220000,58.812500,55.199583,59.563333,72.220000,85.744652,58.695348,78.982326,65.457674
2025-09-09,67.000000,2025-08-14,2025-06-30,-0.300000,1.790000,37.430168,26.231200,29.151441,-57.408311,-5.227231,46.953849,99.134928,151.316008,,,,,,,,,,72.295000,59.117500,55.187917,59.671667,72.295000,85.678647,58.911353,78.986823,65.603177
2025-09-10,67.500000,2025-08-14,2025-06-30,-0.300000,1.790000,37.709497,27.299951,27.114141,-48.201713,0.332599,48.866912,97.401224,145.935537,,,,,,,,,,72.430000,59.438333,55.192083,59.778750,72.430000,85.547140,59.312860,78.988570,65.871430
2025-09-11,65.400000,2025-08-14,2025-06-30,-0.300000,1.790000,36.536313,28.343159,24.936332,-38.537815,6.098219,50.734254,95.370289,140.006324,,,,,,,,,,72.575000,59.748333,55.190417,59.874792,72.575000,85.287841,59.862159,78.931420,66.218580
2025-09-12,65.300000,2025-08-14,2025-06-30,-0.300000,1.790000,36.480447,29.360000,22.635085,-28.479204,12.037598,52.554401,93.071203,133.588005,,,,,,,,,,72.690000,60.065000,55.207083,59.974167,72.690000,85.075543,60.304457,78.882772,66.497228
2025-09-15,65.500000,2025-08-14,2025-06-30,-0.300000,1.790000,36.592179,30.402548,19.872918,-16.724487,18.848037,54.420560,89.993084,125.565608,,,,,,,,,,72.620000,60.401667,55.207083,60.071250,72.620000,85.158211,60.081789,78.889106,66.350894
2025-09-16,66.300000,2025-08-14,2025-06-30,-0.300000,1.790000,37.039106,31.452198,16.569495,-3.019358,26.640038,56.299434,85.958831,115.618227,,,,,,,,,,72.625000,60.730833,55.211250,60.170625,72.625000,85.152507,60.097493,78.888753,66.361247
2025-09-17,65.100000,2025-08-14,2025-06-30,-0.300000,1.790000,36.368715,32.472613,12.554548,13.180697,35.653337,58.125977,80.598617,103.071257,,,,,,,,,,72.750000,61.040000,55.222917,60.266458,72.750000,84.900547,60.599453,78.825273,66.674727
2025-09-18,64.000000,2025-08-14,2025-06-30,-0.300000,1.790000,35.754190,33.434979,7.140045,34.287252,47.067932,59.848612,72.629292,85.409972,,,,,,,,,,72.510000,61.300000,55.264583,60.364792,72.510000,85.168078,59.851922,78.839039,66.180961
2025-09-19,69.000000,2025-08-14,2025-06-30,-0.300000,1.790000,38.547486,33.379125,7.072741,34.428219,47.088426,59.748633,72.408840,85.069047,,,,,,,,,,72.510000,61.657500,55.387083,60.483750,72.510000,85.168078,59.851922,78.839039,66.180961
2025-09-22,69.000000,2025-08-14,2025-06-30,-0.300000,1.790000,38.547486,33.305909,6.971831,34.658421,47.137999,59.617578,72.097156,84.576734,,,,,,,,,,72.165000,62.003333,55.488750,60.604583,72.165000,84.810161,59.519839,78.487581,65.842419
2025-09-23,67.100000,2025-08-14,2025-06-30,-0.300000,1.790000,37.486034,33.212043,6.836667,34.974289,47.211923,59.449557,71.687191,83.924825,,,,,,,,,,71.820000,62.238333,55.560417,60.717500,71.820000,84.629799,59.010201,78.224899,65.415101
2025-09-24,67.800000,2025-08-14,2025-06-30,-0.300000,1.790000,37.877095,33.161713,6.779189,35.089968,47.224717,59.359466,71.494215,83.628964,,,,,,,,,,71.380000,62.403333,55.686250,60.831875,71.380000,84.102727,58.657273,77.741364,65.018636
2025-09-25,67.600000,2025-08-14,2025-06-30,-0.300000,1.790000,37.765363,33.146911,6.767070,35.106859,47.219915,59.332970,71.446025,83.559081,,,,,,,,,,70.810000,62.595000,55.854167,60.944375,70.810000,83.109748,58.510252,76.959874,64.660126
2025-09-26,65.600000,2025-08-14,2025-06-30,-0.300000,1.790000,36.648045,33.155436,6.770862,35.108546,47.228388,59.348230,71.468073,83.587915,,,,,,,,,,70.215000,62.795000,56.044583,61.048958,70.215000,82.301578,58.128422,76.258289,64.171711
2025-09-30,68.700000,2025-08-14,2025-06-30,-0.300000,1.790000,38.379888,33.148879,6.765370,35.116468,47.226481,59.336494,71.446507,83.556520,,,,,,,,,,69.800000,63.080000,56.225417,61.158125,69.800000,81.468401,58.131599,75.634200,63.965800
2025-10-01,67.900000,2025-08-14,2025-06-30,-0.300000,1.790000,37.932961,33.148321,6.764969,35.116904,47.226199,59.335494,71.444789,83.554084,,,,,,,,,,69.315000,63.380000,56.411250,61.262083,69.315000,80.410618,58.219382,74.862809,63.767191
2025-10-02,70.000000,2025-08-14,2025-06-30,-0.300000,1.790000,39.106145,33.152330,6.768384,35.111856,47.227263,59.342671,71.458079,83.573487,,,,,,,,,,68.710000,63.713333,56.608333,61.357083,68.710000,78.051227,59.368773,73.380614,64.039386
2025-10-03,69.700000,2025-08-14,2025-06-30,-0.300000,1.790000,38.938547,33.134457,6.750072,35.145420,47.228049,59.310678,71.393307,83.475936,,,,,,,,,,68.255000,64.053333,56.778333,61.462708,68.255000,76.327168,60.182832,72.291084,64.218916
2025-10-07,64.500000,2025-08-14,2025-06-30,-0.300000,1.790000,36.033520,33.103486,6.727953,35.169168,47.212204,59.255241,71.298277,83.341313,,,,,,,,,,67.360000,64.317500,56.918333,61.528333,67.360000,72.117443,62.602557,69.738721,64.981279
2025-10-08,64.200000,2025-08-14,2025-06-30,-0.300000,1.790000,35.865922,33.070077,6.703957,35.195274,47.195356,59.195439,71.195521,83.195603,,,,,,,,,,66.860000,64.581667,57.054583,61.585833,66.860000,70.579310,63.140690,68.719655,65.000345
2025-10-09,62.100000,2025-08-14,2025-06-30,-0.300000,1.790000,34.692737,33.032100,6.681524,35.207602,47.167531,59.127459,71.087388,83.047317,,,,,,,,,,66.615000,64.808333,57.179583,61.635833,66.615000,70.898272,62.331728,68.756636,64.473364
2025-10-13,61.000000,2025-08-14,2025-06-30,-0.300000,1.790000,34.078212,33.009141,6.673081,35.196732,47.141547,59.086362,71.031177,82.975992,,,,,,,,,,66.290000,65.018333,57.319583,61.677917,66.290000,71.227035,61.352965,68.758518,63.821482
2025-10-14,58.200000,2025-08-14,2025-06-30,-0.300000,1.790000,32.513966,32.984605,6.669412,35.165947,47.104195,59.042442,70.980689,82.918937,,,,,,,,,,65.930000,65.177500,57.450000,61.712292,65.930000,72.048858,59.811142,68.989429,62.870571
2025-10-15,58.000000,2025-08-14,2025-06-30,-0.300000,1.790000,32.402235,32.929623,6.646562,35.149335,47.046680,58.944025,70.841371,82.738716,,,,,,,,,,65.565000,65.317500,57.543333,61.725208,65.565000,72.638531,58.491469,69.101766,62.028234
2025-10-16,58.600000,2025-08-14,2025-06-30,-0.300000,1.790000,32.737430,32.876393,6.622061,35.141766,46.995255,58.848744,70.702233,82.555722,,,,,,,,,,65.220000,65.447500,57.640417,61.726042,65.220000,72.949533,57.490467,69.084767,61.355233
2025-10-17,58.000000,2025-08-14,2025-06-30,-0.300000,1.790000,32.402235,32.816898,6.593685,35.136855,46.939551,58.742248,70.544944,82.347641,,,,,,,,,,64.805000,65.609167,57.728333,61.700208,64.805000,73.156609,56.453391,68.980804,60.629196
2025-10-20,58.700000,2025-08-14,2025-06-30,-0.300000,1.790000,32.793296,32.728370,6.521091,35.238277,46.911030,58.583782,70.256535,81.929288,,,,,,,,,,64.485000,65.768333,57.783333,61.650625,64.485000,73.268304,55.701696,68.876652,60.093348
2025-10-21,61.900000,2025-08-14,2025-06-30,-0.300000,1.790000,34.581006,32.654740,6.448876,35.365007,46.908495,58.451984,69.995472,81.538960,,,,,,,,,,64.380000,65.900000,57.865000,61.585208,64.380000,73.237610,55.522390,68.808805,59.951195
2025-10-22,62.000000,2025-08-14,2025-06-30,-0.300000,1.790000,34.636872,32.589908,6.388739,35.464251,46.900093,58.335935,69.771777,81.207619,,,,,,,,,,64.030000,66.031667,57.957500,61.504375,64.030000,72.669469,55.390531,68.349734,59.710266
2025-10-23,60.600000,2025-08-14,2025-06-30,-0.300000,1.790000,33.854749,32.516475,6.322239,35.570877,46.887684,58.204491,69.521298,80.838105,,,,,,,,,,63.610000,66.113333,58.035833,61.421042,63.610000,72.046487,55.173513,67.828244,59.391756
2025-10-27,61.900000,2025-08-14,2025-06-30,-0.300000,1.790000,34.581006,32.478261,6.295507,35.598173,46.867131,58.136088,69.405045,80.674002,,,,,,,,,,63.350000,66.235000,58.160000,61.348958,63.350000,71.653075,55.046925,67.501537,59.198463
2025-10-28,60.700000,2025-08-14,2025-06-30,-0.300000,1.790000,33.910615,32.426822,6.257951,35.640546,46.842279,58.044012,69.245744,80.447477,,,,,,,,,,62.995000,66.358333,58.265000,61.257708,62.995000,71.101781,54.888219,67.048390,58.941610
2025-10-29,60.400000,2025-08-14,2025-06-30,-0.300000,1.790000,33.743017,32.383708,6.230626,35.661196,46.814017,57.966838,69.119659,80.272480,,,,,,,,,,62.635000,66.485000,58.379167,61.158542,62.635000,70.517098,54.752902,66.576049,58.693951
2025-10-30,58.600000,2025-08-14,2025-06-30,-0.300000,1.790000,32.737430,32.300270,6.157248,35.774534,46.796009,57.817484,68.838958,79.860433,,,,,,,,,,62.285000,66.535000,58.440000,61.066875,62.285000,70.234121,54.335879,66.259561,58.310439
2025-10-31,58.700000,2025-08-14,2025-06-30,-0.300000,1.790000,32.793296,32.224937,6.094615,35.863914,46.773275,57.682637,68.591998,79.501360,,,,,,,,,,61.785000,66.595000,58.510833,60.942292,61.785000,69.280198,54.289802,65.532599,58.037401
2025-11-03,58.400000,2025-08-14,2025-06-30,-0.300000,1.790000,32.625698,32.141262,6.018506,35.986609,46.759734,57.532859,68.305984,79.079109,,,,,,,,,,61.310000,66.643333,58.570833,60.801875,61.310000,68.364644,54.255356,64.837322,57.782678
2025-11-04,57.400000,2025-08-14,2025-06-30,-0.300000,1.790000,32.067039,32.055709,5.944926,36.096884,46.738302,57.379720,68.021138,78.662556,,,,,,,,,,60.680000,66.583333,58.625833,60.657292,60.680000,66.631240,54.728760,63.655620,57.704380
2025-11-05,56.000000,2025-08-14,2025-06-30,-0.300000,1.790000,31.284916,31.950445,5.844122,36.269339,46.730318,57.191296,67.652275,78.113253,,,,,,,,,,59.995000,66.398333,58.653333,60.478542,59.995000,64.569287,55.420713,62.282144,57.707856
2025-11-06,56.000000,2025-08-14,2025-06-30,-0.300000,1.790000,31.284916,31.979671,5.831836,36.365638,46.804625,57.243611,67.682598,78.121584,,,,,,,,,,59.570000,66.231667,58.682500,60.301875,59.570000,63.957590,55.182410,61.763795,57.376205
2025-11-07,54.500000,2025-08-14,2025-06-30,-0.300000,1.790000,30.446927,32.005000,5.818396,36.459094,46.874022,57.288951,67.703879,78.118807,,,,,,,,,,59.085000,66.055000,58.705000,60.112292,59.085000,63.462106,54.707894,61.273553,56.896447
2025-11-10,56.400000,2025-08-14,2025-06-30,-0.300000,1.790000,31.508380,32.043143,5.799828,36.593842,46.975535,57.357227,67.738919,78.120611,,,,,,,,,,58.800000,65.903333,58.750833,59.972292,58.800000,63.091975,54.508025,60.945988,56.654012
2025-11-11,55.200000,2025-08-14,2025-06-30,-0.300000,1.790000,30.837989,32.074377,5.782997,36.710005,47.061570,57.413135,67.764700,78.116265,,,,,,,,,,58.510000,65.743333,58.784167,59.827292,58.510000,62.957069,54.062931,60.733534,56.286466
2025-11-12,54.800000,2025-08-14,2025-06-30,-0.300000,1.790000,30.614525,32.099339,5.770055,36.801022,47.129420,57.457817,67.786215,78.114613,,,,,,,,,,58.340000,65.615000,58.805833,59.675625,58.340000,63.086811,53.593189,60.713405,55.966595
2025-11-13,54.600000,2025-08-14,2025-06-30,-0.300000,1.790000,30.502793,32.126457,5.754693,36.904558,47.205458,57.506358,67.807258,78.108158,,,,,,,,,,58.170000,65.475000,58.831667,59.486458,58.170000,63.202986,53.137014,60.686493,55.653507
2025-11-14,54.900000,2025-11-14,2025-09-30,1.230000,1.850000,29.675676,32.145359,5.742775,38.220648,48.844781,59.468915,70.093048,80.717181,,,,,,,,,,57.985000,65.275000,58.857500,59.340208,57.985000,63.219410,52.750590,60.602205,55.367795
2025-11-17,53.500000,2025-11-14,2025-09-30,1.230000,1.850000,28.918919,32.159719,5.732440,38.285454,48.890467,59.495480,70.100493,80.705506,,,,,,,,,,57.760000,65.063333,58.875000,59.225625,57.760000,63.365411,52.154589,60.562705,54.957295
2025-11-18,51.000000,2025-11-14,2025-09-30,1.230000,1.850000,27.567568,32.170092,5.722907,38.339917,48.927294,59.514671,70.102048,80.689425,,,,,,,,,,57.375000,64.870000,58.885417,59.105625,57.375000,63.717795,51.032205,60.546398,54.203602
2025-11-19,50.200000,2025-11-14,2025-09-30,1.230000,1.850000,27.135135,32.181492,5.711396,38.403594,48.969677,59.535760,70.101843,80.667926,,,,,,,,,,56.790000,64.560000,58.897917,58.976458,56.790000,63.521825,50.058175,60.155913,53.424087
2025-11-20,51.300000,2025-11-14,2025-09-30,1.230000,1.850000,27.729730,32.196523,5.697150,38.484114,49.023841,59.563568,70.103296,80.643023,,,,,,,,,,56.255000,64.265000,58.917083,58.858125,56.255000,62.944025,49.565975,59.599512,52.910488
2025-11-21,49.600000,2025-11-14,2025-09-30,1.230000,1.850000,26.810811,32.211834,5.680019,38.575824,49.083858,59.591893,70.099928,80.607962,,,,,,,,,,55.705000,63.826667,58.937083,58.765625,55.705000,62.692048,48.717952,59.198524,52.211476
2025-11-24,50.400000,2025-11-14,2025-09-30,1.230000,1.850000,27.243243,32.230087,5.660305,38.682531,49.154096,59.625661,70.097225,80.568790,,,,,,,,,,55.130000,63.433333,58.962500,58.678542,55.130000,61.858447,48.401553,58.494224,51.765776
2025-11-25,52.200000,2025-11-14,2025-09-30,1.230000,1.850000,28.216216,32.239031,5.653042,38.725953,49.184080,59.642208,70.100336,80.558464,,,,,,,,,,54.705000,63.026667,58.970000,58.595625,54.705000,61.012715,48.397285,57.858857,51.551143
2025-11-26,51.300000,2025-11-14,2025-09-30,1.230000,1.850000,27.729730,32.249213,5.643726,38.779259,49.220152,59.661044,70.101937,80.542829,,,,,,,,,,54.250000,62.565000,58.980000,58.503542,54.250000,60.126089,48.373911,57.188044,51.311956
2025-11-27,51.600000,2025-11-14,2025-09-30,1.230000,1.850000,27.891892,32.263392,5.630498,38.854430,49.270852,59.687274,70.103696,80.520119,,,,,,,,,,53.900000,62.133333,58.997500,58.420625,53.900000,59.513142,48.286858,56.706571,51.093429
2025-11-28,51.600000,2025-11-14,2025-09-30,1.230000,1.850000,27.891892,32.279334,5.615243,38.940370,49.328569,59.716767,70.104966,80.493165,,,,,,,,,,53.545000,61.710000,59.018333,58.330625,53.545000,58.764185,48.325815,56.154593,50.935407
2025-12-01,51.400000,2025-11-14,2025-09-30,1.230000,1.850000,27.783784,32.293934,5.601122,39.019628,49.381703,59.743778,70.105853,80.467927,,,,,,,,,,53.195000,61.273333,59.036667,58.241458,53.195000,57.962643,48.427357,55.578822,50.811178
2025-12-02,51.500000,2025-11-14,2025-09-30,1.230000,1.850000,27.837838,32.305457,5.590420,39.080542,49.422819,59.765096,70.107374,80.449651,,,,,,,,,,52.900000,60.763333,59.049167,58.170208,52.900000,57.287062,48.512938,55.093531,50.706469
2025-12-03,51.900000,2025-11-14,2025-09-30,1.230000,1.850000,28.054054,32.316578,5.580534,39.137695,49.461682,59.785669,70.109657,80.433644,,,,,,,,,,52.695000,60.315000,59.060833,58.111458,52.695000,56.849123,48.540877,54.772061,50.617939
2025-12-04,52.300000,2025-11-14,2025-09-30,1.230000,1.850000,28.270270,32.342508,5.554162,39.283238,49.558439,59.833639,70.108839,80.384040,,,,,,,,,,52.510000,59.813333,59.100417,58.061042,52.510000,56.363037,48.656963,54.436519,50.583481
2025-12-05,51.200000,2025-11-14,2025-09-30,1.230000,1.850000,27.675676,32.358412,5.537885,39.372888,49.617975,59.863061,70.108148,80.353235,,,,,,,,,,52.345000,59.430000,59.121250,58.021042,52.345000,56.121088,48.568912,54.233044,50.456956
2025-12-08,48.900000,2025-11-14,2025-09-30,1.230000,1.850000,26.432432,32.363955,5.531561,39.406543,49.639930,59.873317,70.106704,80.340091,,,,,,,,,,51.970000,59.128333,59.122917,57.946458,51.970000,55.534208,48.405792,53.752104,50.187896
2025-12-09,49.100000,2025-11-14,2025-09-30,1.230000,1.850000,26.540541,32.372384,5.521820,39.458174,49.673542,59.888910,70.104278,80.319646,,,,,,,,,,51.665000,58.821667,59.130000,57.889792,51.665000,55.107322,48.222678,53.386161,49.943839
2025-12-10,48.050000,2025-11-14,2025-09-30,1.230000,1.850000,25.972973,32.382476,5.508885,39.524705,49.716143,59.907581,70.099019,80.290457,,,,,,,,,,51.327500,58.532500,59.140417,57.845000,51.327500,54.799110,47.855890,53.063305,49.591695
2025-12-11,48.200000,2025-11-14,2025-09-30,1.230000,1.850000,26.054054,32.395449,5.491968,39.611298,49.771439,59.931580,70.091721,80.251862,,,,,,,,,,51.007500,58.247500,59.156250,57.794167,51.007500,54.387671,47.627329,52.697585,49.317415
2025-12-12,48.200000,2025-11-14,2025-09-30,1.230000,1.850000,26.054054,32.412830,5.468322,39.730943,49.847339,59.963736,70.080133,80.196529,,,,,,,,,,50.672500,57.959167,59.180417,57.749167,50.672500,53.742126,47.602874,52.207313,49.137687
2025-12-15,48.300000,2025-11-14,2025-09-30,1.230000,1.850000,26.108108,32.425151,5.452281,39.813090,49.899810,59.986529,70.073249,80.159968,,,,,,,,,,50.412500,57.659167,59.195000,57.692083,50.412500,53.351865,47.473135,51.882183,48.942817
2025-12-16,47.300000,2025-11-14,2025-09-30,1.230000,1.850000,25.567568,32.432967,5.441674,39.866797,49.933893,60.000989,70.068085,80.135181,,,,,,,,,,50.227500,57.362500,59.201250,57.627917,50.227500,53.462095,46.992905,51.844798,48.610202
2025-12-17,47.700000,2025-11-14,2025-09-30,1.230000,1.850000,25.783784,32.434428,5.439849,39.876250,49.939971,60.003692,70.067413,80.131134,,,,,,,,,,50.102500,57.090833,59.195417,57.556250,50.102500,53.529095,46.675905,51.815797,48.389203
2025-12-18,46.600000,2025-11-14,2025-09-30,1.230000,1.850000,25.189189,32.434682,5.439508,39.877984,49.941073,60.004161,70.067250,80.130339,,,,,,,,,,49.867500,56.717500,59.187500,57.487500,49.867500,53.580957,46.154043,51.724229,48.010771
2025-12-19,46.700000,2025-11-14,2025-09-30,1.230000,1.850000,25.243243,32.432300,5.442619,39.862065,49.930910,59.999755,70.068599,80.137444,,,,,,,,,,49.722500,56.345833,59.174583,57.408750,49.722500,53.697219,45.747781,51.709860,47.735140
2025-12-22,47.850000,2025-11-14,2025-09-30,1.230000,1.850000,25.864865,32.414154,5.460977,39.760572,49.863378,59.966185,70.068992,80.171799,,,,,,,,,,49.595000,56.025000,59.131667,57.332708,49.595000,53.641168,45.548832,51.618084,47.571916
2025-12-23,50.200000,2025-11-14,2025-09-30,1.230000,1.850000,27.135135,32.384989,5.479871,39.636706,49.774468,59.912230,70.049993,80.187755,,,,,,,,,,49.495000,55.731667,59.067500,57.264375,49.495000,53.365115,45.624885,51.430057,47.559943
2025-12-24,53.500000,2025-11-14,2025-09-30,1.230000,1.850000,28.918919,32.378626,5.483478,39.611588,49.756023,59.900458,70.044893,80.189327,,,,,,,,,,49.605000,55.496667,59.045833,57.220625,49.605000,53.802355,45.407645,51.703678,47.506322
2025-12-26,52.500000,2025-11-14,2025-09-30,1.230000,1.850000,28.378378,32.378781,5.483364,39.612297,49.756521,59.900744,70.044968,80.189191,,,,,,,,,,49.650000,55.278333,59.036667,57.175625,49.650000,53.955321,45.344679,51.802661,47.497339
2025-12-29,51.200000,2025-11-14,2025-09-30,1.230000,1.850000,27.675676,32.381898,5.480559,39.628444,49.767478,59.906512,70.045546,80.184580,,,,,,,,,,49.630000,54.986667,59.033333,57.129792,49.630000,53.900757,45.359243,51.765379,47.494621
2025-12-30,51.400000,2025-11-14,2025-09-30,1.230000,1.850000,27.783784,32.393412,5.469331,39.691289,49.809551,59.927812,70.046074,80.164335,,,,,,,,,,49.630000,54.711667,59.045833,57.090625,49.630000,53.900757,45.359243,51.765379,47.494621
2025-12-31,53.300000,2025-11-14,2025-09-30,1.230000,1.850000,28.810811,32.413044,5.452037,39.791594,49.877863,59.964131,70.050399,80.136667,,,,,,,,,,49.720000,54.433333,59.073333,57.048958,49.720000,54.226066,45.213934,51.973033,47.466967
2026-01-02,52.500000,2025-11-14,2025-09-30,1.230000,1.850000,28.378378,32.432158,5.433653,39.894975,49.947233,59.999492,70.051751,80.104010,,,,,,,,,,49.750000,54.146667,59.100000,57.008542,49.750000,54.324644,45.175356,52.037322,47.462678
2026-01-05,50.200000,2025-11-14,2025-09-30,1.230000,1.850000,27.135135,32.443778,5.420699,39.964403,49.992696,60.020989,70.049282,80.077575,,,,,,,,,,49.645000,53.908333,59.112917,56.964792,49.645000,54.067062,45.222938,51.856031,47.433969
2026-01-06,49.400000,2025-11-14,2025-09-30,1.230000,1.850000,26.702703,32.453117,5.409732,40.022258,50.030262,60.038266,70.046271,80.054275,,,,,,,,,,49.555000,53.661667,59.121667,56.923958,49.555000,53.916663,45.193337,51.735832,47.374168
2026-01-07,49.300000,2025-11-14,2025-09-30,1.230000,1.850000,26.648649,32.461344,5.400058,40.073271,50.063379,60.053487,70.043595,80.033703,,,,,,,,,,49.575000,53.448333,59.128333,56.907292,49.575000,53.927676,45.222324,51.751338,47.398662
2026-01-08,48.000000,2025-11-14,2025-09-30,1.230000,1.850000,25.945946,32.464157,5.396546,40.091469,50.075079,60.058690,70.042300,80.025910,,,,,,,,,,49.520000,53.231667,59.125000,56.896042,49.520000,53.925427,45.114573,51.722714,47.317286
2026-01-09,48.000000,2025-11-14,2025-09-30,1.230000,1.850000,25.945946,32.465867,5.394430,40.102463,50.082158,60.061853,70.041548,80.021243,,,,,,,,,,49.517500,53.061667,59.119583,56.878542,49.517500,53.926495,45.108505,51.721997,47.313003
2026-01-12,47.550000,2025-11-14,2025-09-30,1.230000,1.850000,25.702703,32.461361,5.399894,40.073911,50.063714,60.053518,70.043321,80.033125,,,,,,,,,,49.485000,52.887500,59.102500,56.865000,49.485000,53.944183,45.025817,51.714592,47.255408
2026-01-13,46.500000,2025-11-14,2025-09-30,1.230000,1.850000,25.135135,32.446835,5.417356,39.982428,50.004536,60.026644,70.048752,80.070860,,,,,,,,,,49.400000,52.685833,59.066667,56.842917,49.400000,54.024079,44.775921,51.712039,47.087961
2026-01-14,47.050000,2025-11-14,2025-09-30,1.230000,1.850000,25.432432,32.445808,5.418683,39.975618,50.000182,60.024746,70.049310,80.073874,,,,,,,,,,49.337500,52.503333,59.056250,56.828125,49.337500,54.056986,44.618014,51.697243,46.977757
2026-01-15,46.600000,2025-11-14,2025-09-30,1.230000,1.850000,25.189189,32.439008,5.427340,39.931007,49.971586,60.012164,70.052743,80.093321,,,,,,,,,,49.302500,52.301667,59.035000,56.808958,49.302500,54.095420,44.509580,51.698960,46.906040
2026-01-16,46.450000,2025-11-14,2025-09-30,1.230000,1.850000,25.108108,32.410147,5.457206,39.767111,49.862941,59.958771,70.054601,80.150432,,,,,,,,,,49.240000,52.044167,58.972083,56.787500,49.240000,54.152026,44.327974,51.696013,46.783987
2026-01-19,46.450000,2025-11-14,2025-09-30,1.230000,1.850000,25.108108,32.380845,5.487062,39.602433,49.753498,59.904563,70.055628,80.206693,,,,,,,,,,49.232500,51.785000,58.908333,56.760625,49.232500,54.161926,44.303074,51.697213,46.767787
2026-01-20,46.700000,2025-11-14,2025-09-30,1.230000,1.850000,25.243243,32.345614,5.519380,39.417681,49.628534,59.839386,70.050239,80.261092,,,,,,,,,,49.232500,51.553333,58.833333,56.734375,49.232500,54.161926,44.303074,51.697213,46.767787
2026-01-21,46.150000,2025-11-14,2025-09-30,1.230000,1.850000,24.945946,32.312756,5.551773,39.237040,49.507820,59.778599,70.049379,80.320159,,,,,,,,,,49.147500,51.290833,58.762917,56.702917,49.147500,54.233443,44.061557,51.690471,46.604529
2026-01-22,46.350000,2025-11-14,2025-09-30,1.230000,1.850000,25.054054,32.286531,5.578726,39.088797,49.409440,59.730083,70.050726,80.371369,,,,,,,,,,48.955000,51.051667,58.705000,56.665625,48.955000,54.163182,43.746818,51.559091,46.350909
2026-01-23,47.300000,2025-11-14,2025-09-30,1.230000,1.850000,25.567568,32.266790,5.598405,38.979463,49.336512,59.693562,70.050611,80.407661,,,,,,,,,,48.645000,50.833333,58.659167,56.632292,48.645000,53.435440,43.854560,51.040220,46.249780
2026-01-26,47.000000,2025-11-14,2025-09-30,1.230000,1.850000,25.405405,32.233352,5.627471,38.810058,49.220879,59.631701,70.042523,80.453345,,,,,,,,,,48.370000,50.640000,58.587500,56.600625,48.370000,52.850061,43.889939,50.610031,46.129969
2026-01-27,46.450000,2025-11-14,2025-09-30,1.230000,1.850000,25.108108,32.199641,5.658110,38.634330,49.101833,59.569336,70.036838,80.504341,,,,,,,,,,48.132500,50.435833,58.515417,56.545000,48.132500,52.482609,43.782391,50.307554,45.957446
2026-01-28,46.800000,2025-11-14,2025-09-30,1.230000,1.850000,25.297297,32.165743,5.687344,38.463451,48.985037,59.506624,70.028211,80.549797,,,,,,,,,,47.902500,50.242500,58.442917,56.466250,47.902500,52.004550,43.800450,49.953525,45.851475
2026-01-29,48.100000,2025-11-14,2025-09-30,1.230000,1.850000,26.000000,32.113450,5.715111,38.263973,48.836928,59.409882,69.982837,80.555792,,,,,,,,,,47.642500,50.087500,58.335417,56.386667,47.642500,50.870058,44.414942,49.256279,46.028721
2026-01-30,44.450000,2025-11-14,2025-09-30,1.230000,1.850000,24.027027,32.017820,5.753802,37.943898,48.588433,59.232967,69.877501,80.522035,,,,,,,,,,47.240000,49.895000,58.146667,56.303125,47.240000,49.869308,44.610692,48.554654,45.925346
2026-02-02,42.800000,2025-11-14,2025-09-30,1.230000,1.850000,23.135135,31.919607,5.804201,37.575731,48.313502,59.051273,69.789045,80.526816,,,,,,,,,,46.870000,49.675000,57.953333,56.214375,46.870000,49.809817,43.930183,48.339909,45.400091
2026-02-03,43.000000,2025-11-14,2025-09-30,1.230000,1.850000,23.243243,31.826264,5.853118,37.222052,48.050320,58.878588,69.706856,80.535125,,,,,,,,,,46.550000,49.483333,57.769167,56.137708,46.550000,49.714940,43.385060,48.132470,44.967530
2026-02-04,43.700000,2025-11-14,2025-09-30,1.230000,1.850000,23.621622,31.734310,5.894816,36.897656,47.803065,58.708474,69.613883,80.519292,,,,,,,,,,46.270000,49.271667,57.587500,56.045625,46.270000,49.401235,43.138765,47.835617,44.704383
2026-02-05,43.700000,2025-11-14,2025-09-30,1.230000,1.850000,23.621622,31.645443,5.936266,36.579883,47.561976,58.544069,69.526162,80.508254,,,,,,,,,,46.055000,49.080000,57.411667,55.943125,46.055000,49.275314,42.834686,47.665157,44.444843
2026-02-06,42.200000,2025-11-14,2025-09-30,1.230000,1.850000,22.810811,31.544564,5.982891,36.220747,47.289096,58.357444,69.425793,80.494141,,,,,,,,,,45.765000,48.870000,57.242500,55.847292,45.765000,49.279047,42.250953,47.522023,44.007977
2026-02-09,40.900000,2025-11-14,2025-09-30,1.230000,1.850000,22.108108,31.435503,6.034838,35.826779,46.991229,58.155680,69.320130,80.484581,,,,,,,,,,45.432500,48.641667,57.058333,55.739375,45.432500,49.456804,41.408196,47.444652,43.420348
2026-02-10,40.650000,2025-11-14,2025-09-30,1.230000,1.850000,21.972973,31.307158,6.071138,35.455034,46.686638,57.918243,69.149847,80.381452,,,,,,,,,,45.140000,48.404167,56.839583,55.630000,45.140000,49.657754,40.622246,47.398877,42.881123
2026-02-11,40.350000,2025-11-14,2025-09-30,1.230000,1.850000,21.810811,31.180721,6.109801,35.078069,46.381202,57.684334,68.987467,80.290599,,,,,,,,,,44.805000,48.185000,56.624167,55.525208,44.805000,49.703969,39.906031,47.254484,42.355516
2026-02-23,41.350000,2025-11-14,2025-09-30,1.230000,1.850000,22.351351,31.075549,6.152466,34.725642,46.107704,57.489765,68.871826,80.253888,,,,,,,,,,44.542500,48.024167,56.447083,55.409167,44.542500,49.596657,39.488343,47.069578,42.015422
2026-02-24,41.400000,2025-11-14,2025-09-30,1.230000,1.850000,22.378378,30.941737,6.165645,34.429326,45.835770,57.242214,68.648657,80.055101,,,,,,,,,,44.290000,47.877500,56.218750,55.295000,44.290000,49.446457,39.133543,46.868229,41.711771
2026-02-25,40.900000,2025-11-14,2025-09-30,1.230000,1.850000,22.108108,30.804742,6.177854,34.130713,45.559743,56.988773,68.417804,79.846834,,,,,,,,,,44.012500,47.704167,55.984583,55.178750,44.012500,49.275766,38.749234,46.644133,41.380867
2026-02-26,41.400000,2025-11-14,2025-09-30,1.230000,1.850000,22.378378,30.637877,6.132227,33.990833,45.335452,56.680072,68.024692,79.369312,,,,,,,,,,43.747500,47.567500,55.697083,55.060417,43.747500,48.974603,38.520397,46.361051,41.133949
2026-03-02,42.050000,2025-11-14,2025-09-30,1.230000,1.850000,22.729730,30.482785,6.094495,33.843522,45.118337,56.393152,67.667967,78.942781,,,,,,,,,,43.542500,47.428333,55.430833,54.916042,43.542500,48.693920,38.391080,46.118210,40.966790
2026-03-03,42.000000,2025-11-14,2025-09-30,1.230000,1.850000,22.702703,30.315363,6.029074,33.775848,44.929635,56.083422,67.237209,78.390995,,,,,,,,,,43.325000,47.258333,55.142500,54.783958,43.325000,48.342915,38.307085,45.833958,40.816042
2026-03-04,39.600000,2025-11-14,2025-09-30,1.230000,1.850000,21.405405,30.125958,5.947772,33.726263,44.729642,55.733021,66.736400,77.739779,,,,,,,,,,42.940000,47.063333,54.814167,54.646875,42.940000,47.854276,38.025724,45.397138,40.482862
2026-03-05,40.400000,2025-11-14,2025-09-30,1.230000,1.850000,21.837838,29.947139,5.870555,33.681152,44.541679,55.402207,66.262734,77.123262,,,,,,,,,,42.610000,46.876667,54.505000,54.519375,42.610000,47.255383,37.964617,44.932691,40.287309
2026-03-06,40.000000,2025-11-14,2025-09-30,1.230000,1.850000,21.621622,29.768846,5.794689,33.632017,44.352191,55.072365,65.792539,76.512713,,,,,,,,,,42.287500,46.683333,54.196667,54.410625,42.287500,46.700146,37.874854,44.493823,40.081177
2026-03-09,38.250000,2025-11-14,2025-09-30,1.230000,1.850000,20.675676,29.579877,5.717239,33.568989,44.145881,54.722772,65.299664,75.876556,,,,,,,,,,41.860000,46.464167,53.868750,54.297083,41.860000,46.084565,37.635435,43.972282,39.747718
2026-03-10,41.000000,2025-11-14,2025-09-30,1.230000,1.850000,22.162162,29.382346,5.557066,33.796196,44.076768,54.357339,64.637911,74.918482,,,,,,,,,,41.505000,46.289167,53.526250,54.205417,41.505000,44.550428,38.459572,43.027714,39.982286
2026-03-11,42.350000,2025-11-14,2025-09-30,1.230000,1.850000,22.891892,29.206258,5.422418,33.968630,44.000104,54.031578,64.063052,74.094527,,,,,,,,,,41.400000,46.130000,53.222500,54.112708,41.400000,44.148205,38.651795,42.774103,40.025897
2026-03-12,41.550000,2025-11-14,2025-09-30,1.230000,1.850000,22.459459,29.009808,5.231324,34.312246,43.990195,53.668145,63.346094,73.024044,,,,,,,,,,41.337500,45.950833,52.882083,54.018750,41.337500,44.007386,38.667614,42.672443,40.002557
2026-03-13,42.600000,2025-11-14,2025-09-30,1.230000,1.850000,23.027027,28.856262,5.132519,34.393766,43.888926,53.384085,62.879245,72.374405,,,,,,,,,,41.317500,45.807500,52.618750,53.909167,41.317500,43.940531,38.694469,42.629015,40.005985
2026-03-16,42.000000,2025-11-14,2025-09-30,1.230000,1.850000,22.702703,28.733533,5.101766,34.280502,43.718770,53.157037,62.595304,72.033571,,,,,,,,,,41.232500,45.692500,52.410417,53.799167,41.232500,43.631025,38.833975,42.431762,40.033238
2026-03-17,42.450000,2025-11-14,2025-09-30,1.230000,1.850000,22.945946,28.610504,5.061343,34.202463,43.565948,52.929432,62.292917,71.656401,,,,,,,,,,41.170000,45.581667,52.201667,53.696875,41.170000,43.353286,38.986714,42.261643,40.078357
2026-03-18,42.600000,2025-11-14,2025-09-30,1.230000,1.850000,23.027027,28.497926,5.033736,34.096339,43.408751,52.721164,62.033576,71.345989,,,,,,,,,,41.190000,45.490833,52.011667,53.601042,41.190000,43.419845,38.960155,42.304923,40.075077
2026-03-19,41.450000,2025-11-14,2025-09-30,1.230000,1.850000,22.405405,28.380634,5.010098,33.966810,43.235492,52.504174,61.772856,71.041537,,,,,,,,,,41.217500,45.378333,51.812917,53.510000,41.217500,43.445852,38.989148,42.331676,40.103324
2026-03-20,40.800000,2025-11-14,2025-09-30,1.230000,1.850000,22.054054,28.259483,4.985579,33.833401,43.056723,52.280044,61.503366,70.726687,,,,,,,,,,41.225000,45.255000,51.607083,53.407083,41.225000,43.446308,39.003692,42.335654,40.114346
2026-03-23,39.200000,2025-11-14,2025-09-30,1.230000,1.850000,21.189189,28.127401,4.960921,33.680283,42.857987,52.035691,61.213395,70.391099,,,,,,,,,,41.167500,45.103333,51.381250,53.296250,41.167500,43.538659,38.796341,42.353079,39.981921
2026-03-24,39.050000,2025-11-14,2025-09-30,1.230000,1.850000,21.108108,28.000229,4.943452,33.509652,42.655038,51.800424,60.945810,70.091196,,,,,,,,,,41.052500,44.965833,51.164167,53.193542,41.052500,43.602727,38.502273,42.327614,39.777386
2026-03-25,39.350000,2025-11-14,2025-09-30,1.230000,1.850000,21.270270,27.879530,4.929340,33.338573,42.457851,51.577130,60.696408,69.815687,,,,,,,,,,40.950000,44.826667,50.958750,53.111667,40.950000,43.604093,38.295907,42.277047,39.622953
2026-03-26,39.500000,2025-11-14,2025-09-30,1.230000,1.850000,21.351351,27.736229,4.866155,33.307250,42.309636,51.312023,60.314409,69.316796,,,,,,,,,,40.880000,44.708333,50.712917,53.050000,40.880000,43.612340,38.147660,42.246170,39.513830
2026-03-27,39.900000,2025-11-14,2025-09-30,1.230000,1.850000,21.567568,27.594729,4.795501,33.306896,42.178573,51.050249,59.921926,68.793602,,,,,,,,,,40.805000,44.595000,50.470417,52.979583,40.805000,43.559499,38.050501,42.182249,39.427751
2026-03-30,39.750000,2025-11-14,2025-09-30,1.230000,1.850000,21.486486,27.461400,4.740282,33.264548,42.034068,50.803589,59.573110,68.342631,,,,,,,,,,40.690000,44.460000,50.242500,52.901458,40.690000,43.417559,37.962441,42.053780,39.326220
2026-03-31,37.700000,2026-03-31,2025-12-31,0.320000,1.590000,23.710692,27.343346,4.654329,28.675154,36.075537,43.475921,50.876304,58.276687,,,,,,,,,,40.475000,44.251667,49.991667,52.838958,40.475000,43.435708,37.514292,41.955354,38.994646
2026-04-01,38.700000,2026-03-31,2025-12-31,0.320000,1.590000,24.339623,27.231465,4.562150,28.790392,36.044211,43.298030,50.551848,57.805667,,,,,,,,,,40.430000,44.005000,49.750833,52.802500,40.430000,43.472921,37.387079,41.951461,38.908539
2026-04-02,37.400000,2026-03-31,2025-12-31,0.320000,1.590000,23.522013,27.122082,4.491285,28.841824,35.982967,43.124110,50.265252,57.406395,,,,,,,,,,40.280000,43.753333,49.515833,52.780208,40.280000,43.611255,36.948745,41.945628,38.614372
2026-04-07,37.550000,2026-03-31,2025-12-31,0.320000,1.590000,23.616352,26.999052,4.381167,28.996381,35.962437,42.928493,49.894549,56.860604,,,,,,,,,,40.157500,43.525833,49.256250,52.740833,40.157500,43.705261,36.609739,41.931380,38.383620
2026-04-08,38.900000,2026-03-31,2025-12-31,0.320000,1.590000,24.465409,26.886822,4.269806,29.172065,35.961056,42.750048,49.539039,56.328031,,,,,,,,,,40.190000,43.317500,49.014583,52.712917,40.190000,43.675549,36.704451,41.932775,38.447225
2026-04-09,38.100000,2026-03-31,2025-12-31,0.320000,1.590000,23.962264,26.760623,4.127025,29.425451,35.987421,42.549391,49.111361,55.673331,,,,,,,,,,40.045000,43.064167,48.748750,52.678542,40.045000,43.628574,36.461426,41.836787,38.253213
2026-04-10,37.600000,2026-03-31,2025-12-31,0.320000,1.590000,23.647799,26.633201,3.981351,29.686093,36.016441,42.346789,48.677137,55.007485,,,,,,,,,,39.807500,42.815833,48.481250,52.629792,39.807500,43.377444,36.237556,41.592472,38.022528
2026-04-13,38.600000,2026-03-31,2025-12-31,0.320000,1.590000,24.276730,26.535227,3.891731,29.815308,36.003160,42.191011,48.378863,54.566715,,,,,,,,,,39.660000,42.622500,48.265417,52.591875,39.660000,43.170076,36.149924,41.415038,37.904962
2026-04-14,38.900000,2026-03-31,2025-12-31,0.320000,1.590000,24.465409,26.440223,3.800113,29.955597,35.997776,42.039955,48.082134,54.124313,,,,,,,,,,39.475000,42.447500,48.054583,52.554583,39.475000,42.712039,36.237961,41.093519,37.856481
2026-04-15,39.800000,2026-03-31,2025-12-31,0.320000,1.590000,25.031447,26.359712,3.725412,30.065132,35.988538,41.911943,47.835348,53.758753,,,,,,,,,,39.365000,42.289167,47.868750,52.524167,39.365000,42.382859,36.347141,40.873930,37.856070
2026-04-16,39.500000,2026-03-31,2025-12-31,0.320000,1.590000,24.842767,26.282750,3.659430,30.152586,35.971080,41.789573,47.608066,53.426559,,,,,,,,,,39.217500,42.147500,47.689583,52.504583,39.217500,41.866288,36.568712,40.541894,37.893106
2026-04-17,39.350000,2026-03-31,2025-12-31,0.320000,1.590000,24.748428,26.218037,3.616725,30.185494,35.936087,41.686679,47.437272,53.187865,,,,,,,,,,39.055000,42.003333,47.532500,52.491250,39.055000,41.176296,36.933704,40.115648,37.994352
2026-04-20,38.750000,2026-03-31,2025-12-31,0.320000,1.590000,24.371069,26.151111,3.575398,30.210502,35.895384,41.580267,47.265149,52.950031,,,,,,,,,,38.920000,41.856667,47.372083,52.457708,38.920000,40.718654,37.121346,39.819327,38.020673
2026-04-21,39.550000,2026-03-31,2025-12-31,0.320000,1.590000,24.874214,26.085584,3.525380,30.265370,35.870724,41.476079,47.081433,52.686788,,,,,,,,,,38.857500,41.740833,47.213333,52.426875,38.857500,40.456932,37.258068,39.657216,38.057784
2026-04-22,39.850000,2026-03-31,2025-12-31,0.320000,1.590000,25.062893,26.024423,3.478222,30.318087,35.848460,41.378833,46.909206,52.439578,,,,,,,,,,38.890000,41.620833,47.062083,52.395208,38.890000,40.544213,37.235787,39.717107,38.062893
2026-04-23,37.950000,2026-03-31,2025-12-31,0.320000,1.590000,23.867925,25.950045,3.427318,30.361701,35.811136,41.260571,46.710007,52.159442,,,,,,,,,,38.835000,41.476667,46.889167,52.336250,38.835000,40.539205,37.130795,39.687103,37.982897
2026-04-24,37.750000,2026-03-31,2025-12-31,0.320000,1.590000,23.742138,25.859721,3.339648,30.496876,35.806916,41.116956,46.426997,51.737037,,,,,,,,,,38.755000,41.331667,46.687917,52.276458,38.755000,40.506961,37.003039,39.630981,37.879019
2026-04-27,36.650000,2026-03-31,2025-12-31,0.320000,1.590000,23.050314,25.763166,3.250045,30.628291,35.795863,40.963435,46.131006,51.298578,,,,,,,,,,38.612500,41.168333,46.476667,52.217083,38.612500,40.561825,36.663175,39.587163,37.637837
2026-04-28,37.050000,2026-03-31,2025-12-31,0.320000,1.590000,23.301887,25.675226,3.171073,30.739598,35.781604,40.823609,45.865615,50.907620,,,,,,,,,,38.470000,41.007500,46.280417,52.158125,38.470000,40.439611,36.500389,39.454806,37.485194
2026-04-29,37.600000,2026-03-31,2025-12-31,0.320000,1.590000,23.647799,25.584116,3.068449,30.921077,35.799911,40.678744,45.557578,50.436411,,,,,,,,,,38.362500,40.865000,46.077917,52.118958,38.362500,40.271723,36.453277,39.317111,37.407889
2026-04-30,37.400000,2026-03-31,2025-12-31,0.320000,1.590000,23.522013,25.497544,2.976734,31.075082,35.808089,40.541095,45.274102,50.007108,,,,,,,,,,38.347500,40.715833,45.883750,52.074375,38.347500,40.283169,36.411831,39.315335,37.379665
2026-05-04,39.150000,2026-03-31,2025-12-31,0.320000,1.590000,24.622642,25.421541,2.879275,31.264156,35.842203,40.420250,44.998298,49.576345,,,,,,,,,,38.370000,40.580000,45.706667,52.042917,38.370000,40.333188,36.406812,39.351594,37.388406
2026-05-05,39.000000,2026-03-31,2025-12-31,0.320000,1.590000,24.528302,25.353132,2.800436,31.406092,35.858786,40.311479,44.764173,49.216867,,,,,,,,,,38.450000,40.446667,45.543333,51.991667,38.450000,40.376819,36.523181,39.413410,37.486590
2026-05-06,38.400000,2026-03-31,2025-12-31,0.320000,1.590000,24.150943,25.281112,2.717385,31.555684,35.876326,40.196968,44.517610,48.838252,,,,,,,,,,38.492500,40.312500,45.374167,51.942500,38.492500,40.372667,36.612333,39.432583,37.552417
2026-05-07,39.200000,2026-03-31,2025-12-31,0.320000,1.590000,24.654088,25.214682,2.632439,31.720189,35.905767,40.091344,44.276922,48.462499,,,,,,,,,,38.507500,40.185833,45.214167,51.892500,38.507500,40.406052,36.608948,39.456776,37.558224
2026-05-08,39.400000,2026-03-31,2025-12-31,0.320000,1.590000,24.779874,25.153956,2.555978,31.866778,35.930784,39.994789,44.058795,48.122800,,,,,,,,,,38.572500,40.040833,45.064167,51.845000,38.572500,40.501087,36.643913,39.536793,37.608207
2026-05-11,38.400000,2026-03-31,2025-12-31,0.320000,1.590000,24.150943,25.094506,2.494402,31.968064,35.934164,39.900264,43.866364,47.832464,,,,,,,,,,38.612500,39.940000,44.917500,51.785417,38.612500,40.488631,36.736369,39.550566,37.674434
2026-05-12,38.700000,2026-03-31,2025-12-31,0.320000,1.590000,24.339623,25.036628,2.429285,32.083111,35.945675,39.808239,43.670803,47.533367,,,,,,,,,,38.617500,39.871667,44.773333,51.727917,38.617500,40.494024,36.740976,39.555762,37.679238
2026-05-13,37.800000,2026-03-31,2025-12-31,0.320000,1.590000,23.773585,24.981017,2.380281,32.150524,35.935171,39.719817,43.504464,47.289111,,,,,,,,,,38.562500,39.785000,44.634167,51.669583,38.562500,40.468412,36.656588,39.515456,37.609544
2026-05-14,36.300000,2026-03-31,2025-12-31,0.320000,1.590000,22.830189,24.908699,2.311125,32.255453,35.930142,39.604831,43.279521,46.954210,,,,,,,,,,38.387500,39.661667,44.466667,51.608750,38.387500,40.451190,36.323810,39.419345,37.355655
2026-05-15,36.250000,2026-05-15,2026-03-31,0.170000,1.420000,25.528169,24.864450,2.246579,28.927235,32.117377,35.307520,38.497662,41.687804,,,,,,,,,,38.225000,39.537500,44.308750,51.546458,38.225000,40.427033,36.022967,39.326016,37.123984
2026-05-18,36.100000,2026-05-15,2026-03-31,0.170000,1.420000,25.422535,24.821184,2.184034,29.043425,32.144753,35.246081,38.347409,41.448737,,,,,,,,,,38.062500,39.435833,44.152917,51.479375,38.062500,40.391013,35.733987,39.226757,36.898243
2026-05-19,35.300000,2026-05-15,2026-03-31,0.170000,1.420000,24.859155,24.774153,2.120500,29.157078,32.168188,35.179298,38.190408,41.201518,,,,,,,,,,37.890000,39.342500,43.992083,51.411875,37.890000,40.498407,35.281593,39.194204,36.585796
2026-05-20,36.300000,2026-05-15,2026-03-31,0.170000,1.420000,25.563380,24.739884,2.073326,29.242391,32.186513,35.130636,38.074758,41.018881,,,,,,,,,,37.727500,39.270000,43.837083,51.347292,37.727500,40.305234,35.149766,39.016367,36.438633
2026-05-21,37.900000,2026-05-15,2026-03-31,0.170000,1.420000,26.690141,24.721311,2.045369,29.295414,32.199838,35.104262,38.008686,40.913110,,,,,,,,,,37.630000,39.229167,43.707083,51.291042,37.630000,40.009606,35.250394,38.819803,36.440197
2026-05-22,38.050000,2026-05-15,2026-03-31,0.170000,1.420000,26.795775,24.714880,2.037542,29.308509,32.201819,35.095129,37.988439,40.881750,,,,,,,,,,37.635000,39.174167,43.599167,51.242292,37.635000,40.017855,35.252145,38.826428,36.443572
2026-05-25,38.000000,2026-05-15,2026-03-31,0.170000,1.420000,26.760563,24.711758,2.034088,29.313888,32.202292,35.090697,37.979101,40.867505,,,,,,,,,,37.647500,39.117500,43.497500,51.197708,37.647500,40.035513,35.259487,38.841506,36.453494
2026-05-26,37.300000,2026-05-15,2026-03-31,0.170000,1.420000,26.267606,24.699574,2.020189,29.336057,32.204726,35.073395,37.942064,40.810733,,,,,,,,,,37.680000,39.057500,43.380833,51.148958,37.680000,40.028213,35.331787,38.854107,36.505893
2026-05-27,36.050000,2026-05-15,2026-03-31,0.170000,1.420000,25.387324,24.687711,2.011850,29.342896,32.199723,35.056550,37.913378,40.770205,,,,,,,,,,37.630000,38.968333,43.267917,51.102500,37.630000,40.075275,35.184725,38.852637,36.407363
2026-05-28,36.650000,2026-05-15,2026-03-31,0.170000,1.420000,25.809859,24.675767,2.000775,29.357389,32.198489,35.039589,37.880688,40.721788,,,,,,,,,,37.582500,38.878333,43.153333,51.057917,37.582500,40.066825,35.098175,38.824662,36.340338
2026-05-29,36.900000,2026-05-15,2026-03-31,0.170000,1.420000,25.985915,24.657181,1.977837,29.396139,32.204668,35.013197,37.821726,40.630255,,,,,,,,,,37.557500,38.793333,43.025833,50.997917,37.557500,40.059557,35.055443,38.808529,36.306471
2026-06-01,38.600000,2026-05-15,2026-03-31,0.170000,1.420000,27.183099,24.652625,1.971320,29.408179,32.207454,35.006728,37.806003,40.605277,,,,,,,,,,37.530000,38.776667,42.920000,50.950000,37.530000,39.969672,35.090328,38.749836,36.310164
2026-06-02,40.400000,2026-05-15,2026-03-31,0.170000,1.420000,28.450704,24.657282,1.979679,29.391053,32.202197,35.013341,37.824484,40.635628,,,,,,,,,,37.600000,38.776667,42.826667,50.912083,37.600000,40.285242,34.914758,38.942621,36.257379
2026-06-03,42.700000,2026-05-15,2026-03-31,0.170000,1.420000,30.070423,24.675437,2.019185,29.304634,32.171877,35.039120,37.906363,40.773606,,,,,,,,,,37.815000,38.821667,42.752500,50.885417,37.815000,41.330245,34.299755,39.572622,36.057378
2026-06-04,40.500000,2026-05-15,2026-03-31,0.170000,1.420000,28.521127,24.681581,2.029818,29.283163,32.165504,35.047845,37.930186,40.812527,,,,,,,,,,37.880000,38.859167,42.661667,50.849167,37.880000,41.547840,34.212160,39.713920,36.046080
2026-06-05,41.000000,2026-05-15,2026-03-31,0.170000,1.420000,28.873239,24.690210,2.045487,29.250914,32.155506,35.060098,37.964689,40.869281,,,,,,,,,,37.960000,38.859167,42.574167,50.811667,37.960000,41.831570,34.088430,39.895785,36.024215
2026-06-08,38.800000,2026-05-15,2026-03-31,0.170000,1.420000,27.323944,24.684125,2.036463,29.267902,32.159680,35.051458,37.943236,40.835014,,,,,,,,,,37.980000,38.800000,42.465000,50.762917,37.980000,41.865249,34.094751,39.922624,36.037376
2026-06-09,42.650000,2026-05-15,2026-03-31,0.170000,1.420000,30.035211,24.698833,2.068699,29.197237,32.134790,35.072343,38.009896,40.947449,,,,,,,,,,38.177500,38.818333,42.384583,50.742500,38.177500,42.583534,33.771466,40.380517,35.974483
2026-06-10,39.100000,2026-05-15,2026-03-31,0.170000,1.420000,27.535211,24.697663,2.067040,29.200288,32.135484,35.070681,38.005877,40.941074,,,,,,,,,,38.242500,38.760000,42.283750,50.702500,38.242500,42.663416,33.821584,40.452958,36.032042
2026-06-11,38.550000,2026-05-15,2026-03-31,0.170000,1.420000,27.147887,24.703625,2.073109,29.191519,32.135333,35.079147,38.022961,40.966775,,,,,,,,,,38.355000,38.702500,42.197500,50.660208,38.355000,42.681284,34.028716,40.518142,36.191858
2026-06-12,39.350000,2026-05-15,2026-03-31,0.170000,1.420000,27.711268,24.713381,2.084549,29.172882,32.132941,35.093001,38.053060,41.013119,,,,,,,,,,38.510000,38.650833,42.116250,50.623125,38.510000,42.739794,34.280206,40.624897,36.395103
2026-06-15,39.600000,2026-05-15,2026-03-31,0.170000,1.420000,27.887324,24.729334,2.101526,29.147321,32.131488,35.115654,38.099820,41.083986,,,,,,,,,,38.685000,38.600833,42.045833,50.593125,38.685000,42.782509,34.587491,40.733754,36.636246
2026-06-16,39.000000,2026-05-15,2026-03-31,0.170000,1.420000,27.464789,24.741090,2.112913,29.131673,32.132010,35.132348,38.132685,41.133022,,,,,,,,,,38.870000,38.560000,41.969167,50.562708,38.870000,42.645461,35.094539,40.757730,36.982270
2026-06-17,40.150000,2026-05-15,2026-03-31,0.170000,1.420000,28.274648,24.759595,2.134127,29.097705,32.128165,35.158625,38.189084,41.219544,,,,,,,,,,39.062500,38.549167,41.902083,50.541250,39.062500,42.675324,35.449676,40.868912,37.256088
2026-06-18,40.200000,2026-05-15,2026-03-31,0.170000,1.420000,28.309859,24.777943,2.155179,29.063972,32.124325,35.184679,38.245032,41.305386,,,,,,,,,,39.177500,38.565833,41.834583,50.514792,39.177500,42.780930,35.574070,40.979215,37.375785
2026-06-22,39.400000,2026-05-15,2026-03-31,0.170000,1.420000,27.746479,24.796100,2.171008,29.044800,32.127631,35.210462,38.293293,41.376124,,,,,,,,,,39.245000,38.571667,41.768750,50.485000,39.245000,42.809872,35.680128,41.027436,37.462564
2026-06-23,38.000000,2026-05-15,2026-03-31,0.170000,1.420000,26.760563,24.804240,2.176566,29.040573,32.131297,35.222021,38.312745,41.403468,,,,,,,,,,39.245000,38.549167,41.687917,50.441667,39.245000,42.809872,35.680128,41.027436,37.462564
2026-06-24,39.400000,2026-05-15,2026-03-31,0.170000,1.420000,27.746479,24.825551,2.192825,29.024659,32.138470,35.252282,38.366094,41.479906,,,,,,,,,,39.350000,38.547500,41.627917,50.407708,39.350000,42.795363,35.904637,41.072682,37.627318
2026-06-25,38.350000,2026-05-15,2026-03-31,0.170000,1.420000,27.007042,24.840249,2.201542,29.020773,32.146964,35.273154,38.399344,41.525534,,,,,,,,,,39.465000,38.521667,41.558333,50.366458,39.465000,42.584733,36.345267,41.024867,37.905133
2026-06-26,36.600000,2026-05-15,2026-03-31,0.170000,1.420000,25.774648,24.839497,2.201205,29.020664,32.146375,35.272086,38.397797,41.523508,,,,,,,,,,39.462500,38.469167,41.464583,50.298125,39.462500,42.591797,36.333203,41.027149,37.897851
2026-06-29,36.050000,2026-05-15,2026-03-31,0.170000,1.420000,25.387324,24.824932,2.191649,29.027120,32.139262,35.251404,38.363546,41.475688,,,,,,,,,,39.420000,38.441667,41.346667,50.207083,39.420000,42.714557,36.125443,41.067278,37.772722
2026-06-30,36.950000,2026-05-15,2026-03-31,0.170000,1.420000,26.021127,24.800784,2.161924,29.077249,32.147181,35.217113,38.287046,41.356978,,,,,,,,,,39.337500,38.412500,41.208750,50.127292,39.337500,42.797022,35.877978,41.067261,37.607739
2026-07-01,36.250000,2026-05-15,2026-03-31,0.170000,1.420000,25.528169,24.777032,2.137811,29.112002,32.147694,35.183386,38.219078,41.254770,,,,,,,,,,39.130000,38.393333,41.073333,50.055000,39.130000,42.811876,35.448124,40.970938,37.289062
2026-07-02,36.700000,2026-05-15,2026-03-31,0.170000,1.420000,25.845070,24.761777,2.123436,29.131164,32.146444,35.161724,38.177003,41.192283,,,,,,,,,,38.830000,38.379167,40.952500,49.992917,38.830000,42.255969,35.404031,40.542984,37.117016
2026-07-03,37.800000,2026-05-15,2026-03-31,0.170000,1.420000,26.619718,24.752077,2.112144,29.149461,32.148705,35.147949,38.147193,41.146437,,,,,,,,,,38.695000,38.360833,40.839167,49.942500,38.695000,42.056062,35.333938,40.375531,37.014469
2026-07-06,37.500000,2026-05-15,2026-03-31,0.170000,1.420000,26.408451,24.732057,2.084555,29.199384,32.159452,35.119521,38.079590,41.039658,,,,,,,,,,38.520000,38.350833,40.707500,49.890417,38.520000,41.737125,35.302875,40.128563,36.911437
2026-07-07,36.200000,2026-05-15,2026-03-31,0.170000,1.420000,25.492958,24.708012,2.058622,29.238890,32.162133,35.085377,38.008620,40.931864,,,,,,,,,,38.390000,38.327500,40.571667,49.835833,38.390000,41.765703,35.014297,40.077851,36.702149
2026-07-08,36.300000,2026-05-15,2026-03-31,0.170000,1.420000,25.563380,24.694914,2.048023,29.250393,32.158586,35.066778,37.974970,40.883162,,,,,,,,,,38.072500,38.289167,40.455833,49.784375,38.072500,40.913270,35.231730,39.492885,36.652115
2026-07-09,37.050000,2026-05-15,2026-03-31,0.170000,1.420000,26.091549,24.689821,2.043743,29.255315,32.157430,35.059546,37.961661,40.863776,,,,,,,,,,37.970000,38.258333,40.352917,49.737292,37.970000,40.802592,35.137408,39.386296,36.553704
2026-07-13,35.750000,2026-05-15,2026-03-31,0.170000,1.420000,25.176056,24.677549,2.036290,29.259056,32.150588,35.042120,37.933652,40.825184,,,,,,,,,,37.830000,38.190833,40.240000,49.684167,37.830000,40.814592,34.845408,39.322296,36.337704
2026-07-14,32.550000,2026-05-15,2026-03-31,0.170000,1.420000,22.922535,24.652354,2.039167,29.215110,32.110726,35.006343,37.901960,40.797576,,,,,,,,,,37.490000,38.075000,40.111250,49.618125,37.490000,41.205345,33.774655,39.347673,35.632327
2026-07-15,33.000000,2026-05-15,2026-03-31,0.170000,1.420000,23.239437,24.629800,2.039706,29.181550,32.077933,34.974316,37.870699,40.767082,,,,,,,,,,37.160000,37.969167,39.986250,49.552917,37.160000,41.240712,33.079288,39.200356,35.119644
2026-07-16,32.500000,2026-05-15,2026-03-31,0.170000,1.420000,22.887324,24.606338,2.043450,29.137603,32.039302,34.941001,37.842700,40.744399,,,,,,,,,,36.835000,37.865000,39.860833,49.481667,36.835000,41.314556,32.355444,39.074778,34.595222
2026-07-17,30.250000,2026-05-15,2026-03-31,0.170000,1.420000,21.302817,24.574403,2.064950,29.031194,31.963423,34.895652,37.827880,40.760109,,,,,,,,,,36.340000,37.710000,39.725417,49.396042,36.340000,41.424300,31.255700,38.882150,33.797850
2026-07-20,30.300000,2026-05-15,2026-03-31,0.170000,1.420000,21.338028,24.540282,2.084388,28.927538,31.887370,34.847201,37.807033,40.766864,,,,,,,,,,35.845000,37.550833,39.585833,49.321042,35.845000,41.263671,30.426329,38.554336,33.135664
2026-07-21,30.100000,2026-05-15,2026-03-31,0.170000,1.420000,21.197183,24.507016,2.105692,28.819797,31.809880,34.799962,37.790045,40.780128,,,,,,,,,,35.380000,37.420000,39.448333,49.241667,35.380000,41.101833,29.658167,38.240916,32.519084
2026-07-22,30.200000,2026-05-15,2026-03-31,0.170000,1.420000,21.267606,24.475012,2.125571,28.717894,31.736205,34.754516,37.772827,40.791139,,,,,,,,,,34.990000,37.294167,39.312917,49.142500,34.990000,41.015175,28.964825,38.002588,31.977412
2026-07-23,30.050000,2026-05-15,2026-03-31,0.170000,1.420000,21.161972,24.442127,2.146120,28.612839,31.660330,34.707820,37.755311,40.802802,,,,,,,,,,34.522500,37.184167,39.176250,49.042292,34.522500,40.557876,28.487124,37.540188,31.504812
2026-07-24,29.450000,2026-05-15,2026-03-31,0.170000,1.420000,20.739437,24.404595,2.171227,28.488240,31.571383,34.654525,37.737668,40.820810,,,,,,,,,,34.077500,37.057500,39.032500,48.932917,34.077500,40.235804,27.919196,37.156652,30.998348
2026-07-27,29.450000,2026-05-15,2026-03-31,0.170000,1.420000,20.739437,24.369541,2.196227,28.367465,31.486107,34.604748,37.723390,40.842032,,,,,,,,,,33.720000,36.921667,38.893333,48.828125,33.720000,40.088293,27.351707,36.904147,30.535853
2026-07-28,27.800000,2026-05-15,2026-03-31,0.170000,1.420000,19.577465,24.323903,2.238381,28.182941,31.361442,34.539942,37.718443,40.896943,,,,,,,,,,33.307500,36.761667,38.738750,48.721875,33.307500,40.095281,26.519719,36.701391,29.913609
2026-07-29,26.700000,2026-05-15,2026-03-31,0.170000,1.420000,18.802817,24.267530,2.291353,27.952449,31.206171,34.459893,37.713614,40.967336,,,,,,,,,,32.795000,36.554167,38.567083,48.613125,32.795000,39.962022,25.627978,36.378511,29.211489
2026-07-30,25.750000,2026-05-15,2026-03-31,0.170000,1.420000,18.133803,24.206933,2.356241,27.682120,31.027982,34.373845,37.719708,41.065571,,,,,,,,,,32.270000,36.333333,38.390000,48.488750,32.270000,39.895056,24.644944,36.082528,28.457472
2026-07-31,27.050000,2026-05-15,2026-03-31,0.170000,1.420000,19.049296,24.156443,2.401253,27.482590,30.892369,34.302149,37.711929,41.121709,,,,,,,,,,31.787500,36.144167,38.228333,48.371875,31.787500,39.453411,24.121589,35.620455,27.954545
2026-08-03,26.800000,2026-05-15,2026-03-31,0.170000,1.420000,18.873239,24.102909,2.446783,27.277267,30.751699,34.226131,37.700563,41.174995,,,,,,,,,,31.237500,35.937500,38.061667,48.252292,31.237500,38.661705,23.813295,34.949602,27.525398
2026-08-04,27.400000,2026-05-15,2026-03-31,0.170000,1.420000,19.295775,24.047041,2.479425,27.105232,30.626015,34.146798,37.667581,41.188364,,,,,,,,,,30.732500,35.737500,37.889167,48.112292,30.732500,37.724546,23.740454,34.228523,27.236477
2026-08-05,27.650000,2026-05-15,2026-03-31,0.170000,1.420000,19.471831,24.009081,2.514357,26.952120,30.522507,34.092895,37.663282,41.233670,,,,,,,,,,30.305000,35.558333,37.749167,47.947917,30.305000,36.925137,23.684863,33.615068,26.994932
2026-08-06,28.350000,2026-05-15,2026-03-31,0.170000,1.420000,19.964789,23.982661,2.540142,26.841377,30.448378,34.055379,37.662380,41.269381,,,,,,,,,,29.907500,35.385833,37.628750,47.791042,29.907500,35.940678,23.874322,32.924089,26.890911
2026-08-07,28.250000,2026-05-15,2026-03-31,0.170000,1.420000,19.894366,23.954754,2.566592,26.726629,30.371190,34.015751,37.660311,41.304872,,,,,,,,,,29.467500,35.226667,37.505833,47.637500,29.467500,34.509563,24.425437,31.988531,26.946469
2026-08-10,27.400000,2026-05-15,2026-03-31,0.170000,1.420000,19.295775,23.918705,2.601453,26.576436,30.270499,33.964561,37.658624,41.352687,,,,,,,,,,29.050000,35.078333,37.370000,47.478750,29.050000,33.206795,24.893205,31.128398,26.971602
2026-08-11,27.150000,2026-05-15,2026-03-31,0.170000,1.420000,19.119718,23.881189,2.637978,26.419432,30.165361,33.911289,37.657217,41.403146,,,,,,,,,,28.780000,34.926667,37.232083,47.321875,28.780000,32.672692,24.887308,30.726346,26.833654
2026-08-12,27.600000,2026-05-15,2026-03-31,0.170000,1.420000,19.436620,23.853071,2.667303,26.296222,30.083791,33.871361,37.658931,41.446500,,,,,,,,,,28.510000,34.785000,37.110417,47.176458,28.510000,31.884923,25.135077,30.197462,26.822538
2026-08-13,27.850000,2026-05-15,2026-03-31,0.170000,1.420000,19.612676,23.832276,2.690647,26.200395,30.021113,33.841832,37.662550,41.483268,,,,,,,,,,28.277500,34.660833,37.001667,47.030000,28.277500,31.088657,25.466343,29.683079,26.871921
2026-08-14,27.100000,2026-08-14,2026-06-30,0.230000,1.950000,13.897436,23.764980,2.834675,35.286478,40.814094,46.341710,51.869327,57.396943,,,,,,,,,,28.120000,34.507500,36.888750,46.864167,28.120000,30.816469,25.423531,29.468235,26.771765
2026-08-17,27.100000,2026-08-14,2026-06-30,0.230000,1.950000,13.897436,23.699035,2.969365,34.632594,40.422856,46.213118,52.003380,57.793642,,,,,,,,,,27.960000,34.327500,36.778333,46.701250,27.960000,30.486200,25.433800,29.223100,26.696900
2026-08-18,26.550000,2026-08-14,2026-06-30,0.230000,1.950000,13.615385,23.626235,3.106602,33.955411,40.013285,46.071159,52.129033,58.186907,,,,,,,,,,27.782500,34.135833,36.655000,46.551042,27.782500,30.170689,25.394311,28.976595,26.588405
2026-08-19,26.900000,2026-08-14,2026-06-30,0.230000,1.950000,13.794872,23.554706,3.231867,33.327395,39.629536,45.931677,52.233817,58.535958,,,,,,,,,,27.617500,33.950833,36.534167,46.376458,27.617500,29.744092,25.490908,28.680796,26.554204
2026-08-20,27.300000,2026-08-14,2026-06-30,0.230000,1.950000,14.000000,23.487138,3.345137,32.753888,39.276904,45.799920,52.322936,58.845952,,,,,,,,,,27.480000,33.784167,36.420833,46.202708,27.480000,29.273966,25.686034,28.376983,26.583017
2026-08-21,27.450000,2026-08-14,2026-06-30,0.230000,1.950000,14.076923,23.417960,3.452379,32.200745,38.932883,45.665021,52.397159,59.129298,,,,,,,,,,27.380000,33.640833,36.304583,46.000833,27.380000,28.916024,25.843976,28.148012,26.611988
2026-08-24,27.450000,2026-08-14,2026-06-30,0.230000,1.950000,14.076923,23.345853,3.555690,31.657223,38.590818,45.524413,52.458008,59.391603,,,,,,,,,,27.280000,33.487500,36.182917,45.806875,27.280000,28.470046,26.089954,27.875023,26.684977
2026-08-25,26.950000,2026-08-14,2026-06-30,0.230000,1.950000,13.820513,23.271835,3.660107,31.105660,38.242869,45.380078,52.517286,59.654495,,,,,,,,,,27.237500,33.321667,36.057500,45.600000,27.237500,28.409936,26.065064,27.823718,26.651282
2026-08-26,27.450000,2026-08-14,2026-06-30,0.230000,1.950000,14.076923,23.210764,3.751509,30.630103,37.945547,45.260990,52.576433,59.891876,,,,,,,,,,27.275000,33.135833,35.956250,45.385208,27.275000,28.422767,26.127233,27.848883,26.701117
2026-08-27,27.600000,2026-08-14,2026-06-30,0.230000,1.950000,14.153846,23.146731,3.839682,30.161366,37.648745,45.136125,52.623505,60.110884,,,,,,,,,,27.367500,32.922500,35.849583,45.177292,27.367500,28.269705,26.465295,27.818602,26.916398
2026-08-28,28.700000,2026-08-14,2026-06-30,0.230000,1.950000,14.717949,23.089200,3.913730,29.760392,37.392166,45.023940,52.655714,60.287488,,,,,,,,,,27.450000,32.689167,35.755417,44.976042,27.450000,28.516721,26.383279,27.983361,26.916639
2026-08-31,30.150000,2026-08-14,2026-06-30,0.230000,1.950000,15.461538,23.045749,3.969301,29.458938,37.199074,44.939210,52.679347,60.419483,,,,,,,,,,27.617500,32.516667,35.687917,44.778333,27.617500,29.187708,26.047292,28.402604,26.832396
2026-09-01,29.700000,2026-08-14,2026-06-30,0.230000,1.950000,15.230769,22.987987,4.032202,29.100989,36.963782,44.826575,52.689368,60.552161,,,,,,,,,,27.732500,32.328333,35.593750,44.560000,27.732500,29.552643,25.912357,28.642572,26.822428
2026-09-02,29.750000,2026-08-14,2026-06-30,0.230000,1.950000,15.256410,22.924358,4.093509,28.737812,36.720155,44.702499,52.684842,60.667185,,,,,,,,,,27.837500,32.177500,35.488750,44.355625,27.837500,29.867764,25.807236,28.852632,26.822368
2026-09-03,28.250000,2026-08-14,2026-06-30,0.230000,1.950000,14.487179,22.857923,4.165184,28.328733,36.450841,44.572949,52.695057,60.817165,,,,,,,,,,27.832500,31.937500,35.377917,44.130000,27.832500,29.857937,25.807063,28.845218,26.819782
2026-09-04,28.950000,2026-08-14,2026-06-30,0.230000,1.950000,14.846154,22.789749,4.228856,27.947471,36.193740,44.440010,52.686280,60.932550,,,,,,,,,,27.867500,31.768333,35.264167,43.941458,27.867500,29.946790,25.788210,28.907145,26.827855
2026-09-07,28.850000,2026-08-14,2026-06-30,0.230000,1.950000,14.794872,22.723850,4.291376,27.575141,35.943324,44.311508,52.679691,61.047875,,,,,,,,,,27.940000,31.606667,35.154583,43.782500,27.940000,30.051522,25.828478,28.995761,26.884239
2026-09-08,28.100000,2026-08-14,2026-06-30,0.230000,1.950000,14.410256,22.652719,4.357889,27.177035,35.674919,44.172803,52.670687,61.168571,,,,,,,,,,27.987500,31.419167,35.035000,43.618333,27.987500,30.066689,25.908311,29.027094,26.947906
2026-09-09,27.500000,2026-08-14,2026-06-30,0.230000,1.950000,14.102564,22.578349,4.427050,26.762285,35.395033,44.027780,52.660528,61.293276,,,,,,,,,,27.982500,31.217500,34.909167,43.460417,27.982500,30.066089,25.898911,29.024294,26.940706
2026-09-10,27.050000,2026-08-14,2026-06-30,0.230000,1.950000,13.871795,22.507235,4.497825,26.347591,35.118350,43.889109,52.659868,61.430627,,,,,,,,,,27.942500,31.018333,34.789167,43.301042,27.942500,30.067111,25.817889,29.004806,26.880194
2026-09-11,26.850000,2026-08-14,2026-06-30,0.230000,1.950000,13.769231,22.438195,4.567879,25.939753,34.847117,43.754481,52.661845,61.569208,,,,,,,,,,27.930000,30.796667,34.672917,43.140000,27.930000,30.078292,25.781708,29.004146,26.855854
2026-09-14,27.350000,2026-08-14,2026-06-30,0.230000,1.950000,14.025641,22.378499,4.630716,25.578281,34.608177,43.638073,52.667969,61.697865,,,,,,,,,,27.942500,30.582500,34.574167,42.977708,27.942500,30.073296,25.811704,29.007898,26.877102
2026-09-15,26.800000,2026-08-14,2026-06-30,0.230000,1.950000,13.743590,22.317128,4.696034,25.203866,34.361133,43.518400,52.675666,61.832933,,,,,,,,,,27.955000,30.372500,34.472083,42.818125,27.955000,30.054098,25.855902,29.004549,26.905451
2026-09-16,27.400000,2026-08-14,2026-06-30,0.230000,1.950000,14.051282,22.256970,4.755421,24.854948,34.128020,43.401091,52.674163,61.947234,,,,,,,,,,27.980000,30.195833,34.372500,42.665625,27.980000,30.037694,25.922306,29.008847,26.951153
2026-09-17,27.450000,2026-08-14,2026-06-30,0.230000,1.950000,14.076923,22.196350,4.813079,24.511873,33.897378,43.282882,52.668386,62.053890,,,,,,,,,,27.987500,29.996667,34.272083,42.492500,27.987500,30.035831,25.939169,29.011665,26.963335
2026-09-18,28.450000,2026-08-14,2026-06-30,0.230000,1.950000,14.589744,22.138201,4.862635,24.205215,33.687354,43.169492,52.651630,62.133769,,,,,,,,,,28.037500,29.831667,34.176667,42.323542,28.037500,30.079397,25.995603,29.058448,27.016552
2026-09-21,29.000000,2026-08-14,2026-06-30,0.230000,1.950000,14.871795,22.083079,4.907371,23.923256,33.492630,43.062003,52.631377,62.200750,,,,,,,,,,28.115000,29.705000,34.087083,42.164792,28.115000,30.180532,26.049468,29.147766,27.082234
2026-09-22,27.800000,2026-08-14,2026-06-30,0.230000,1.950000,14.256410,22.004293,4.956665,23.577376,33.242874,42.908371,52.573869,62.239366,,,,,,,,,,28.157500,29.567500,34.004583,41.998125,28.157500,30.155993,26.159007,29.156746,27.158254
2026-09-23,27.900000,2026-08-14,2026-06-30,0.230000,1.950000,14.307692,21.920694,5.001345,23.240108,32.992730,42.745352,52.497975,62.250597,,,,,,,,,,28.180000,29.416667,33.914583,41.832708,28.180000,30.154948,26.205052,29.167474,27.192526
2026-09-24,27.300000,2026-08-14,2026-06-30,0.230000,1.950000,14.000000,21.841343,5.051015,22.891659,32.741140,42.590620,52.440100,62.289580,,,,,,,,,,28.165000,29.267500,33.830417,41.673125,28.165000,30.162920,26.167080,29.163960,27.166040
2026-09-29,27.150000,2026-08-14,2026-06-30,0.230000,1.950000,13.923077,21.760566,5.099665,22.544411,32.488757,42.433104,52.377451,62.321797,,,,,,,,,,28.087500,29.108333,33.743750,41.500000,28.087500,30.118024,26.056976,29.102762,27.072238
2026-09-30,27.550000,2026-08-14,2026-06-30,0.230000,1.950000,14.128205,21.674423,5.140733,22.216264,32.240694,42.265124,52.289554,62.313985,,,,,,,,,,27.957500,28.937500,33.649167,41.331875,27.957500,29.751136,26.163864,28.854318,27.060682
2026-10-01,27.650000,2026-08-14,2026-06-30,0.230000,1.950000,14.179487,21.592900,5.181554,21.898093,32.002124,42.106154,52.210185,62.314216,,,,,,,,,,27.855000,28.773333,33.562083,41.155417,27.855000,29.452992,26.257008,28.653996,27.056004
2026-10-02,27.750000,2026-08-14,2026-06-30,0.230000,1.950000,14.230769,21.514424,5.221329,21.589943,31.771535,41.953127,52.134720,62.316312,,,,,,,,,,27.755000,28.632500,33.480000,40.980625,27.755000,29.080817,26.429183,28.417908,27.092092
