# chart-version: skill-stock-dynamic-valuation-box@1.21.0; font: noto-sans-cjk-tc-v1; Updated: 2026-10-07 10:11 CST (1.21.0)
date,close,available_date,period_end,eps,ttm_eps,pe,pe_mean,pe_std,price_m2,price_m1,price_mean,price_p1,price_p2,forward_eps,forward_pe,forward_pe_mean,forward_pe_std,forward_price_m2,forward_price_m1,forward_price_mean,forward_price_p1,forward_price_p2,sma20,sma60,sma120,sma240,bband_mid,bband_upper2,bband_lower2,bband_upper1,bband_lower1
2023-10-06,62.800000,2023-08-14,2023-06-30,-0.090000,0.010000,6280.000000,1634.307243,2328.760862,-30.232145,-6.944536,16.343072,39.630681,62.918290,,,,,,,,,,55.532500,47.633333,42.805833,40.800625,55.532500,68.764092,42.300908,62.148296,48.916704
2023-10-11,61.700000,2023-08-14,2023-06-30,-0.090000,0.010000,6170.000000,1685.468227,2360.456679,-30.354451,-6.749885,16.854682,40.459249,64.063816,,,,,,,,,,56.395000,47.981667,42.982500,40.897083,56.395000,68.808443,43.981557,62.601722,50.188278
2023-10-12,61.600000,2023-08-14,2023-06-30,-0.090000,0.010000,6160.000000,1736.548720,2390.470954,-30.443932,-6.539222,17.365487,41.270197,65.174906,,,,,,,,,,57.232500,48.321667,43.162083,40.997083,57.232500,68.580779,45.884221,62.906640,51.558360
2023-10-13,61.000000,2023-08-14,2023-06-30,-0.090000,0.010000,6100.000000,1787.132684,2418.117724,-30.491028,-6.309850,17.871327,42.052504,66.233681,,,,,,,,,,58.100000,48.605000,43.341250,41.103542,58.100000,67.574398,48.625602,62.837199,53.362801
2023-10-16,59.600000,2023-08-14,2023-06-30,-0.090000,0.010000,5960.000000,1836.555033,2442.374013,-30.481930,-6.058190,18.365550,42.789290,67.213031,,,,,,,,,,58.740000,48.898333,43.515417,41.198958,58.740000,66.590551,50.889449,62.665276,54.814724
2023-10-17,58.800000,2023-08-14,2023-06-30,-0.090000,0.010000,5880.000000,1885.317028,2464.287755,-30.432585,-5.789707,18.853170,43.496048,68.138925,,,,,,,,,,59.120000,49.197500,43.691250,41.293125,59.120000,66.123939,52.116061,62.621969,55.618031
2023-10-18,57.000000,2023-08-14,2023-06-30,-0.090000,0.010000,5700.000000,1932.580601,2482.693847,-30.328071,-5.501132,19.325806,44.152744,68.979683,,,,,,,,,,59.270000,49.399167,43.854167,41.379792,59.270000,65.932416,52.607584,62.601208,55.938792
2023-10-19,56.200000,2023-08-14,2023-06-30,-0.090000,0.010000,5620.000000,1979.181927,2499.070258,-30.189586,-5.198883,19.791819,44.782522,69.773224,,,,,,,,,,59.390000,49.591667,44.016250,41.465208,59.390000,65.715521,53.064479,62.552760,56.227240
2023-10-20,55.500000,2023-08-14,2023-06-30,-0.090000,0.010000,5550.000000,2025.198972,2513.637178,-30.020754,-4.884382,20.251990,45.388362,70.524733,,,,,,,,,,59.490000,49.716667,44.171250,41.551042,59.490000,65.477672,53.502328,62.483836,56.496164
2023-10-23,56.200000,2023-08-14,2023-06-30,-0.090000,0.010000,5620.000000,2071.801245,2528.091485,-29.843817,-4.562902,20.718012,45.998927,71.279842,,,,,,,,,,59.695000,49.773333,44.334583,41.641458,59.695000,64.838611,54.551389,62.266806,57.123194
2023-10-24,58.500000,2023-08-14,2023-06-30,-0.090000,0.010000,5850.000000,2120.318290,2544.351708,-29.683851,-4.240334,21.203183,46.646700,72.090217,,,,,,,,,,59.755000,49.948333,44.514583,41.738542,59.755000,64.808180,54.701820,62.281590,57.228410
2023-10-25,61.100000,2023-08-14,2023-06-30,-0.090000,0.010000,6110.000000,2171.001687,2562.831981,-29.546623,-3.918303,21.710017,47.338337,72.966656,,,,,,,,,,59.885000,50.166667,44.715833,41.848542,59.885000,64.936013,54.833987,62.410507,57.359493
2023-10-26,59.800000,2023-08-14,2023-06-30,-0.090000,0.010000,5980.000000,2220.602066,2578.556396,-29.365107,-3.579543,22.206021,47.991585,73.777149,,,,,,,,,,59.905000,50.364167,44.906667,41.953958,59.905000,64.951093,54.858907,62.428046,57.381954
2023-10-27,58.900000,2023-08-14,2023-06-30,-0.090000,0.010000,5890.000000,2269.453707,2592.158753,-29.148638,-3.227050,22.694537,48.616125,74.537712,,,,,,,,,,59.940000,50.550833,45.091667,42.052917,59.940000,64.945849,54.934151,62.442925,57.437075
2023-10-30,59.400000,2023-08-14,2023-06-30,-0.090000,0.010000,5940.000000,2318.720753,2605.347564,-28.919744,-2.866268,23.187208,49.240683,75.294159,,,,,,,,,,59.960000,50.765833,45.279167,42.156875,59.960000,64.953216,54.966784,62.456608,57.463392
2023-10-31,57.800000,2023-08-14,2023-06-30,-0.090000,0.010000,5780.000000,2366.655096,2615.739766,-28.648244,-2.490847,23.666551,49.823949,75.981346,,,,,,,,,,59.900000,50.985833,45.454167,42.251458,59.900000,64.970036,54.829964,62.435018,57.364982
2023-11-01,60.300000,2023-08-14,2023-06-30,-0.090000,0.010000,6030.000000,2416.675929,2627.996406,-28.393169,-2.113205,24.166759,50.446723,76.726687,,,,,,,,,,59.805000,51.257500,45.654167,42.355208,59.805000,64.763555,54.846445,62.284277,57.325723
2023-11-02,61.000000,2023-08-14,2023-06-30,-0.090000,0.010000,6100.000000,2467.279780,2640.042420,-28.128051,-1.727626,24.672798,51.073222,77.473646,,,,,,,,,,59.655000,51.519167,45.859583,42.459583,59.655000,64.247202,55.062798,61.951101,57.358899
2023-11-03,60.700000,2023-08-14,2023-06-30,-0.090000,0.010000,6070.000000,2517.637419,2650.717012,-27.837966,-1.330796,25.176374,51.683544,78.190714,,,,,,,,,,59.555000,51.790000,46.067500,42.562708,59.555000,63.950919,55.159081,61.752960,57.357040
2023-11-06,61.400000,2023-08-14,2023-06-30,-0.090000,0.010000,6140.000000,2568.580601,2661.167505,-27.537544,-0.925869,25.685806,52.297481,78.909156,,,,,,,,,,59.465000,52.083333,46.284167,42.667917,59.465000,63.613443,55.316557,61.539221,57.390779
2023-11-07,59.900000,2023-08-14,2023-06-30,-0.090000,0.010000,5990.000000,2618.015710,2669.221477,-27.204272,-0.512058,26.180157,52.872372,79.564587,,,,,,,,,,59.320000,52.372500,46.489583,42.765625,59.320000,63.169593,55.470407,61.244797,57.395203
2023-11-08,58.600000,2023-08-14,2023-06-30,-0.090000,0.010000,5860.000000,2666.359973,2675.007733,-26.836555,-0.086478,26.663600,53.413677,80.163754,,,,,,,,,,59.165000,52.660000,46.679583,42.858958,59.165000,62.857539,55.472461,61.011269,57.318731
2023-11-09,57.900000,2023-08-14,2023-06-30,-0.090000,0.010000,5790.000000,2714.112705,2679.227540,-26.443424,0.348852,27.141127,53.933402,80.725678,,,,,,,,,,58.980000,52.948333,46.858750,42.946875,58.980000,62.526741,55.433259,60.753370,57.206630
2023-11-10,55.600000,2023-08-14,2023-06-30,-0.090000,0.010000,5560.000000,2759.946721,2680.485343,-26.010240,0.794614,27.599467,54.404321,81.209174,,,,,,,,,,58.710000,53.166667,47.017500,43.025417,58.710000,62.427328,54.992672,60.568664,56.851336
2023-11-13,57.300000,2023-08-14,2023-06-30,-0.090000,0.010000,5730.000000,2807.196721,2682.465309,-25.577339,1.247314,28.071967,54.896620,81.721273,,,,,,,,,,58.595000,53.413333,47.190000,43.110417,58.595000,62.338612,54.851388,60.466806,56.723194
2023-11-14,59.500000,2023-11-14,2023-09-30,-0.140000,-0.730000,-81.506849,2806.016815,2683.714655,1869.831122,-89.280576,-2048.392275,-4007.503973,-5966.615671,,,,,,,,,,58.630000,53.685833,47.380417,43.199375,58.630000,62.394711,54.865289,60.512356,56.747644
2023-11-15,56.100000,2023-11-14,2023-09-30,-0.140000,-0.730000,-76.849315,2804.868890,2684.927897,1872.440440,-87.556925,-2047.554290,-4007.551654,-5967.549019,,,,,,,,,,58.585000,53.917500,47.538333,43.275000,58.585000,62.451877,54.718123,60.518438,56.651562
2023-11-16,55.200000,2023-11-14,2023-09-30,-0.140000,-0.730000,-75.616438,2803.732605,2686.127581,1875.021466,-85.851668,-2046.724802,-4007.597936,-5968.471070,,,,,,,,,,58.535000,54.128333,47.689583,43.342917,58.535000,62.554571,54.515429,60.544785,56.525215
2023-11-17,55.700000,2023-11-14,2023-09-30,-0.140000,-0.730000,-76.301370,2802.596761,2687.326084,1877.600448,-84.147594,-2045.895635,-4007.643677,-5969.391718,,,,,,,,,,58.545000,54.349167,47.848750,43.412083,58.545000,62.533655,54.556345,60.539327,56.550673
2023-11-20,55.700000,2023-11-14,2023-09-30,-0.140000,-0.730000,-76.301370,2801.461599,2688.522867,1880.176419,-82.445274,-2045.066967,-4007.688660,-5970.310354,,,,,,,,,,58.520000,54.563333,48.008333,43.483750,58.520000,62.576236,54.463764,60.548118,56.491882
2023-11-21,56.800000,2023-11-14,2023-09-30,-0.140000,-0.730000,-77.808219,2800.305000,2689.741302,1882.799651,-80.711500,-2044.222650,-4007.733801,-5971.244951,,,,,,,,,,58.435000,54.819167,48.171667,43.560833,58.435000,62.563604,54.306396,60.499302,56.370698
2023-11-22,58.100000,2023-11-14,2023-09-30,-0.140000,-0.730000,-79.589041,2799.136294,2690.971884,1885.449456,-78.960019,-2043.369495,-4007.778970,-5972.188445,,,,,,,,,,58.285000,55.105833,48.347500,43.643333,58.285000,62.219343,54.350657,60.252171,56.317829
2023-11-23,58.800000,2023-11-14,2023-09-30,-0.140000,-0.730000,-80.547945,2797.935006,2692.235205,1888.170844,-77.160855,-2042.492555,-4007.824254,-5973.155953,,,,,,,,,,58.235000,55.416667,48.514167,43.727083,58.235000,62.113293,54.356707,60.174147,56.295853
2023-11-24,58.200000,2023-11-14,2023-09-30,-0.140000,-0.730000,-79.726027,2796.741251,2693.489316,1890.873288,-75.373913,-2041.621113,-4007.868314,-5974.115515,,,,,,,,,,58.200000,55.707500,48.676250,43.807500,58.200000,62.065638,54.334362,60.132819,56.267181
2023-11-27,56.700000,2023-11-14,2023-09-30,-0.140000,-0.730000,-77.671233,2795.567352,2694.721100,1893.528639,-73.617764,-2040.764167,-4007.910570,-5975.056973,,,,,,,,,,58.065000,55.965000,48.827500,43.881458,58.065000,61.942750,54.187250,60.003875,56.126125
2023-11-28,58.400000,2023-11-14,2023-09-30,-0.140000,-0.730000,-80.000000,2794.370630,2695.976150,1896.234619,-71.827970,-2039.890560,-4007.953150,-5976.015740,,,,,,,,,,58.095000,56.244167,48.990833,43.961667,58.095000,61.973402,54.216598,60.034201,56.155799
2023-11-29,58.800000,2023-11-14,2023-09-30,-0.140000,-0.730000,-80.547945,2793.174124,2697.230107,1898.938845,-70.039133,-2039.017111,-4007.995089,-5976.973066,,,,,,,,,,58.020000,56.512500,49.160417,44.043125,58.020000,61.774913,54.265087,59.897456,56.142544
2023-11-30,59.800000,2023-11-14,2023-09-30,-0.140000,-0.730000,-81.917808,2791.962104,2698.499381,1901.676760,-68.227788,-2038.132336,-4008.036884,-5977.941433,,,,,,,,,,57.960000,56.792500,49.335833,44.125417,57.960000,61.549106,54.370894,59.754553,56.165447
2023-12-01,62.700000,2023-11-14,2023-09-30,-0.140000,-0.730000,-85.890411,2790.722444,2699.797489,1904.476949,-66.375217,-2037.227384,-4008.079551,-5978.931717,,,,,,,,,,58.060000,57.111667,49.538750,44.219167,58.060000,62.058631,54.061369,60.059316,56.060684
2023-12-04,62.000000,2023-11-14,2023-09-30,-0.140000,-0.730000,-84.931507,2789.492140,2701.084431,1907.254007,-64.537628,-2036.329262,-4008.120897,-5979.912532,,,,,,,,,,58.090000,57.390000,49.736667,44.308125,58.090000,62.201550,53.978450,60.145775,56.034225
2023-12-05,61.500000,2023-11-14,2023-09-30,-0.140000,-0.730000,-84.246575,2788.268910,2702.362688,1910.013219,-62.711543,-2035.436305,-4008.161067,-5980.885829,,,,,,,,,,58.170000,57.674167,49.931250,44.395417,58.170000,62.486968,53.853032,60.328484,56.011516
2023-12-06,66.000000,2023-11-14,2023-09-30,-0.140000,-0.730000,-90.410959,2786.994311,2703.694854,1912.888639,-60.808604,-2034.505847,-4008.203090,-5981.900333,,,,,,,,,,58.540000,58.033333,50.163333,44.506042,58.540000,64.101295,52.978705,61.320647,55.759353
2023-12-07,64.600000,2023-11-14,2023-09-30,-0.140000,-0.730000,-88.493151,2785.730912,2705.013482,1915.736117,-58.923724,-2033.583566,-4008.243407,-5982.903249,,,,,,,,,,58.875000,58.362500,50.380833,44.614167,58.875000,65.047562,52.702438,61.961281,55.788719
2023-12-08,64.000000,2023-11-14,2023-09-30,-0.140000,-0.730000,-87.671233,2784.473679,2706.324234,1918.567596,-57.049095,-2032.665786,-4008.282476,-5983.899167,,,,,,,,,,59.295000,58.701667,50.592917,44.720000,59.295000,65.669117,52.920883,62.482059,56.107941
2023-12-11,62.500000,2023-11-14,2023-09-30,-0.140000,-0.730000,-85.616438,2783.237667,2707.611309,1921.349013,-55.207242,-2031.763497,-4008.319753,-5984.876008,,,,,,,,,,59.555000,58.963333,50.795000,44.816458,59.555000,66.010182,53.099818,62.782591,56.327409
2023-12-12,60.300000,2023-11-14,2023-09-30,-0.140000,-0.730000,-82.602740,2782.030186,2708.866951,1924.063712,-53.409162,-2030.882036,-4008.354909,-5985.827783,,,,,,,,,,59.595000,59.115000,50.980833,44.905625,59.595000,66.058655,53.131345,62.826828,56.363172
2023-12-13,60.600000,2023-11-14,2023-09-30,-0.140000,-0.730000,-83.013699,2780.826793,2710.117516,1926.768014,-51.617772,-2030.003559,-4008.389345,-5986.775132,,,,,,,,,,59.820000,59.225000,51.173750,44.996458,59.820000,66.081528,53.558472,62.950764,56.689236
2023-12-14,60.200000,2023-11-14,2023-09-30,-0.140000,-0.730000,-82.465753,2779.627283,2711.362795,1929.461764,-49.833076,-2029.127917,-4008.422757,-5987.717598,,,,,,,,,,60.070000,59.331667,51.362917,45.084792,60.070000,65.942003,54.197997,63.006002,57.133998
2023-12-15,58.000000,2023-11-14,2023-09-30,-0.140000,-0.730000,-79.452055,2778.461767,2712.571301,1932.077010,-48.100040,-2028.277090,-4008.454140,-5988.631190,,,,,,,,,,60.185000,59.406667,51.539167,45.161875,60.185000,65.780214,54.589786,62.982607,57.387393
2023-12-18,57.300000,2023-11-14,2023-09-30,-0.140000,-0.730000,-78.493151,2777.307658,2713.766835,1934.664989,-46.384800,-2027.434590,-4008.484380,-5989.534170,,,,,,,,,,60.265000,59.493333,51.711667,45.239792,60.265000,65.631279,54.898721,62.948139,57.581861
2023-12-19,57.000000,2023-11-14,2023-09-30,-0.140000,-0.730000,-78.082192,2776.135798,2714.979069,1937.290309,-44.644412,-2026.579133,-4008.513853,-5990.448574,,,,,,,,,,60.275000,59.488333,51.868750,45.318542,60.275000,65.614771,54.935229,62.944886,57.605114
2023-12-20,58.300000,2023-11-14,2023-09-30,-0.140000,-0.730000,-79.863014,2774.944317,2716.210790,1939.958403,-42.875474,-2025.709351,-4008.543228,-5991.377105,,,,,,,,,,60.285000,59.485000,52.033750,45.406667,60.285000,65.608345,54.961655,62.946672,57.623328
2023-12-21,58.000000,2023-11-14,2023-09-30,-0.140000,-0.730000,-79.452055,2773.743965,2717.450164,1942.644145,-41.094474,-2024.833094,-4008.571714,-5992.310334,,,,,,,,,,60.245000,59.461667,52.188750,45.493542,60.245000,65.627027,54.862973,62.936013,57.553987
2023-12-22,58.500000,2023-11-14,2023-09-30,-0.140000,-0.730000,-80.136986,2772.542004,2718.690360,1945.332264,-39.311699,-2023.955663,-4008.599626,-5993.243589,,,,,,,,,,60.260000,59.466667,52.350417,45.581458,60.260000,65.619654,54.900346,62.939827,57.580173
2023-12-25,58.000000,2023-11-14,2023-09-30,-0.140000,-0.730000,-79.452055,2771.306816,2719.962466,1948.091226,-37.481375,-2023.053975,-4008.626576,-5994.199176,,,,,,,,,,60.325000,59.450000,52.484167,45.667500,60.325000,65.532232,55.117768,62.928616,57.721384
2023-12-26,58.400000,2023-11-14,2023-09-30,-0.140000,-0.730000,-80.000000,2770.074575,2721.230712,1950.842400,-35.656020,-2022.154440,-4008.652860,-5995.151279,,,,,,,,,,60.325000,59.440000,52.625833,45.755208,60.325000,65.532232,55.117768,62.928616,57.721384
2023-12-27,62.000000,2023-11-14,2023-09-30,-0.140000,-0.730000,-84.931507,2768.808753,2722.533688,1953.668795,-33.780797,-2021.230389,-4008.679981,-5996.129573,,,,,,,,,,60.485000,59.436667,52.802083,45.856042,60.485000,65.691585,55.278415,63.088292,57.881708
2023-12-28,63.500000,2023-11-14,2023-09-30,-0.140000,-0.730000,-86.986301,2767.525124,2723.854219,1956.533819,-31.879760,-2020.293340,-4008.706920,-5997.120500,,,,,,,,,,60.670000,59.428333,52.990417,45.966458,60.670000,66.034641,55.305359,63.352320,57.987680
2023-12-29,62.300000,2023-11-14,2023-09-30,-0.140000,-0.730000,-85.342466,2766.237434,2725.176773,1959.404762,-29.974282,-2019.353327,-4008.732371,-5998.111415,,,,,,,,,,60.650000,59.421667,53.157917,46.073125,60.650000,65.985679,55.314321,63.317840,57.982160
2024-01-02,61.300000,2023-11-14,2023-09-30,-0.140000,-0.730000,-83.972603,2764.974820,2726.472416,1962.218108,-28.106755,-2018.431619,-4008.756482,-5999.081346,,,,,,,,,,60.615000,59.390000,53.325417,46.175417,60.615000,65.922502,55.307498,63.268751,57.961249
2024-01-03,58.500000,2023-11-14,2023-09-30,-0.140000,-0.730000,-80.136986,2763.754416,2727.723012,1964.934873,-26.302925,-2017.540724,-4008.778523,-6000.016322,,,,,,,,,,60.465000,59.318333,53.475833,46.266250,60.465000,65.836376,55.093624,63.150688,57.779312
2024-01-04,57.700000,2023-11-14,2023-09-30,-0.140000,-0.730000,-79.041096,2762.538364,2728.967657,1967.639774,-24.506616,-2016.653005,-4008.799395,-6000.945785,,,,,,,,,,60.050000,59.251667,53.616667,46.353125,60.050000,64.875590,55.224410,62.462795,57.637205
2024-01-05,56.800000,2023-11-14,2023-09-30,-0.140000,-0.730000,-77.808219,2761.327120,2730.205850,1970.331743,-22.718527,-2015.768798,-4008.819068,-6001.869339,,,,,,,,,,59.660000,59.171667,53.746667,46.436667,59.660000,64.188925,55.131075,61.924462,57.395538
2024-01-08,56.200000,2023-11-14,2023-09-30,-0.140000,-0.730000,-76.986301,2760.084475,2731.473756,1973.090018,-20.885825,-2014.861667,-4008.837509,-6002.813351,,,,,,,,,,59.270000,59.091667,53.848333,46.516458,59.270000,63.562515,54.977485,61.416257,57.123743
2024-01-09,56.400000,2023-11-14,2023-09-30,-0.140000,-0.730000,-77.260274,2758.866869,2732.715789,1975.792238,-19.090288,-2013.972814,-4008.855340,-6003.737866,,,,,,,,,,58.965000,59.038333,53.968333,46.595625,58.965000,63.156859,54.773141,61.060930,56.869070
2024-01-10,56.300000,2023-11-14,2023-09-30,-0.140000,-0.730000,-77.123288,2757.666115,2733.939931,1978.456035,-17.320114,-2013.096264,-4008.872413,-6004.648563,,,,,,,,,,58.765000,58.996667,54.097083,46.672292,58.765000,63.068866,54.461134,60.916933,56.613067
2024-01-11,59.100000,2023-11-14,2023-09-30,-0.140000,-0.730000,-80.958904,2756.378069,2735.251198,1981.310759,-15.422616,-2012.155990,-4008.889365,-6005.622740,,,,,,,,,,58.690000,59.031667,54.215417,46.760625,58.690000,62.910701,54.469299,60.800350,56.579650
2024-01-12,58.600000,2023-11-14,2023-09-30,-0.140000,-0.730000,-80.273973,2755.099147,2736.551887,1984.143378,-13.539499,-2011.222377,-4008.905255,-6006.588132,,,,,,,,,,58.610000,59.071667,54.331667,46.848125,58.610000,62.770415,54.449585,60.690207,56.529793
2024-01-15,60.200000,2023-11-14,2023-09-30,-0.140000,-0.730000,-82.465753,2753.756194,2737.915566,1987.114704,-11.563659,-2010.242022,-4008.920385,-6007.598748,,,,,,,,,,58.720000,59.150000,54.433333,46.943333,58.720000,62.928563,54.511437,60.824281,56.615719
2024-01-16,59.900000,2023-11-14,2023-09-30,-0.140000,-0.730000,-82.054795,2752.351093,2739.338774,1990.218312,-9.498993,-2009.216298,-4008.933603,-6008.650908,,,,,,,,,,58.850000,59.211667,54.492500,47.037917,58.850000,63.034432,54.665568,60.942216,56.757784
2024-01-17,59.600000,2023-11-14,2023-09-30,-0.140000,-0.730000,-81.643836,2751.014990,2740.692568,1993.170207,-7.535368,-2008.240943,-4008.946518,-6009.652093,,,,,,,,,,58.980000,59.230000,54.589167,47.131250,58.980000,63.083195,54.876805,61.031598,56.928402
2024-01-18,59.000000,2023-11-14,2023-09-30,-0.140000,-0.730000,-80.821918,2749.685736,2742.037907,1996.104757,-5.582915,-2007.270587,-4008.958260,-6010.645932,,,,,,,,,,59.015000,59.195000,54.680833,47.219583,59.015000,63.105695,54.924305,61.060348,56.969652
2024-01-19,58.800000,2023-11-14,2023-09-30,-0.140000,-0.730000,-80.547945,2748.359449,2743.378892,1999.030785,-3.635806,-2006.302398,-4008.968989,-6011.635580,,,,,,,,,,59.055000,59.178333,54.771250,47.298333,59.055000,63.119467,54.990533,61.087234,57.022766
2024-01-22,60.500000,2023-11-14,2023-09-30,-0.140000,-0.730000,-82.876712,2747.017170,2744.735396,2001.991144,-1.665695,-2005.322534,-4008.979373,-6012.636212,,,,,,,,,,59.155000,59.205000,54.877917,47.382500,59.155000,63.260183,55.049817,61.207591,57.102409
2024-01-23,60.500000,2023-11-14,2023-09-30,-0.140000,-0.730000,-82.876712,2745.691285,2746.074504,2004.914138,0.279750,-2004.354638,-4008.989026,-6013.623414,,,,,,,,,,59.280000,59.223333,54.994583,47.465417,59.280000,63.389347,55.170653,61.334674,57.225326
2024-01-24,62.100000,2023-11-14,2023-09-30,-0.140000,-0.730000,-85.068493,2744.373091,2747.405841,2007.820171,2.213907,-2003.392357,-4008.998620,-6014.604884,,,,,,,,,,59.465000,59.295000,55.140417,47.557083,59.465000,63.737445,55.192555,61.601223,57.328777
2024-01-25,60.700000,2023-11-14,2023-09-30,-0.140000,-0.730000,-83.150685,2743.079076,2748.711289,2010.670757,4.111516,-2002.447725,-4009.006967,-6015.566208,,,,,,,,,,59.400000,59.301667,55.279583,47.634792,59.400000,63.547796,55.252204,61.473898,57.326102
2024-01-26,59.500000,2023-11-14,2023-09-30,-0.140000,-0.730000,-81.506849,2741.781000,2750.018697,2013.527167,6.013519,-2001.500130,-4009.013778,-6016.527427,,,,,,,,,,59.200000,59.276667,55.397917,47.709167,59.200000,62.874091,55.525909,61.037046,57.362954
2024-01-29,61.700000,2023-11-14,2023-09-30,-0.140000,-0.730000,-84.520548,2740.469421,2751.339504,2016.412998,7.935160,-2000.542678,-4009.020516,-6017.498353,,,,,,,,,,59.170000,59.293333,55.541667,47.793958,59.170000,62.746002,55.593998,60.958001,57.381999
2024-01-30,62.000000,2023-11-14,2023-09-30,-0.140000,-0.730000,-84.931507,2739.163298,2752.653915,2019.285508,9.848150,-1999.589208,-4009.026566,-6018.463924,,,,,,,,,,59.205000,59.303333,55.693333,47.880208,59.205000,62.881082,55.528918,61.043041,57.366959
2024-01-31,62.300000,2023-11-14,2023-09-30,-0.140000,-0.730000,-85.342466,2737.870827,2753.953937,2022.127045,11.740671,-1998.645704,-4009.032078,-6019.418452,,,,,,,,,,59.395000,59.343333,55.857917,47.973125,59.395000,63.303143,55.486857,61.349071,57.440929
2024-02-01,61.800000,2023-11-14,2023-09-30,-0.140000,-0.730000,-84.657534,2736.600457,2755.230834,2024.918684,13.600176,-1997.718333,-4009.036842,-6020.355351,,,,,,,,,,59.600000,59.396667,56.028333,48.061458,59.600000,63.563518,55.636482,61.581759,57.618241
2024-02-02,61.400000,2023-11-14,2023-09-30,-0.140000,-0.730000,-84.109589,2702.066210,2764.459681,2063.602801,45.547234,-1972.508333,-3990.563900,-6008.619468,,,,,,,,,,59.830000,59.455000,56.201667,48.144583,59.830000,63.640291,56.019709,61.735145,57.924855
2024-02-05,61.100000,2023-11-14,2023-09-30,-0.140000,-0.730000,-83.698630,2665.952055,2772.363796,2101.506142,77.680571,-1946.145000,-3969.970571,-5993.796142,,,,,,,,,,60.075000,59.546667,56.356667,48.226250,60.075000,63.514630,56.635370,61.794815,58.355185
2024-02-15,64.300000,2023-11-14,2023-09-30,-0.140000,-0.730000,-88.082192,2629.801370,2779.808338,2138.765173,109.505087,-1919.755000,-3949.015087,-5978.275173,,,,,,,,,,60.470000,59.663333,56.538333,48.320833,60.470000,63.946901,56.993099,62.208451,58.731549
2024-02-16,70.700000,2023-11-14,2023-09-30,-0.140000,-0.730000,-96.849315,2593.035959,2786.500047,2175.373819,141.228784,-1892.916250,-3927.061284,-5961.206319,,,,,,,,,,61.190000,59.850000,56.767917,48.443542,61.190000,66.507657,55.872343,63.848828,58.531172
2024-02-19,69.200000,2023-11-14,2023-09-30,-0.140000,-0.730000,-94.794521,2557.079338,2793.160305,2211.346129,172.339106,-1866.667917,-3905.674939,-5944.681962,,,,,,,,,,61.695000,60.068333,56.992917,48.558333,61.695000,68.003048,55.386952,64.849024,58.540976
2024-02-20,68.000000,2023-11-14,2023-09-30,-0.140000,-0.730000,-93.150685,2520.844749,2799.145766,2246.536152,203.159743,-1840.216667,-3883.593076,-5926.969485,,,,,,,,,,62.165000,60.281667,57.205000,48.668750,62.165000,68.889120,55.440880,65.527060,58.802940
2024-02-21,68.900000,2023-11-14,2023-09-30,-0.140000,-0.730000,-94.383562,2484.683219,2804.708847,2281.056167,233.618709,-1813.818750,-3861.256209,-5908.693667,,,,,,,,,,62.600000,60.501667,57.425417,48.786042,62.600000,69.890657,55.309343,66.245329,58.954671
2024-02-22,68.100000,2023-11-14,2023-09-30,-0.140000,-0.730000,-93.287671,2448.197489,2809.565987,2314.782174,263.799003,-1787.184167,-3838.167337,-5889.150507,,,,,,,,,,63.010000,60.708333,57.635833,48.898125,63.010000,70.578327,55.441673,66.794164,59.225836
2024-02-23,70.400000,2023-11-14,2023-09-30,-0.140000,-0.730000,-96.438356,2412.852169,2814.714907,2348.101680,293.359799,-1761.382083,-3816.123965,-5870.865847,,,,,,,,,,63.550000,60.935000,57.877083,49.021875,63.550000,71.618522,55.481478,67.584261,59.515739
2024-02-26,77.400000,2023-11-14,2023-09-30,-0.140000,-0.730000,-106.027397,2377.885274,2819.763665,2380.998701,322.571225,-1735.856250,-3794.283725,-5852.711201,,,,,,,,,,64.470000,61.256667,58.181250,49.173542,64.470000,74.347374,54.592626,69.408687,59.531313
2024-02-27,69.700000,2023-11-14,2023-09-30,-0.140000,-0.730000,-95.479452,2343.631279,2824.671582,2413.169677,351.159422,-1710.850833,-3772.861088,-5834.871343,,,,,,,,,,65.015000,61.438333,58.427500,49.294792,65.015000,74.777285,55.252715,69.896143,60.133857
2024-02-29,67.500000,2023-11-14,2023-09-30,-0.140000,-0.730000,-92.465753,2308.902397,2828.821912,2444.581242,379.541246,-1685.498750,-3750.538746,-5815.578742,,,,,,,,,,65.365000,61.593333,58.650417,49.405000,65.365000,74.945962,55.784038,70.155481,60.574519
2024-03-01,72.200000,2023-11-14,2023-09-30,-0.140000,-0.730000,-98.904110,2273.703196,2832.311197,2475.371015,407.783841,-1659.803333,-3727.390507,-5794.977681,,,,,,,,,,65.950000,61.851667,58.908333,49.533125,65.950000,75.707372,56.192628,70.828686,61.071314
2024-03-04,76.600000,2023-11-14,2023-09-30,-0.140000,-0.730000,-104.931507,2238.120434,2835.171334,2505.522232,435.847157,-1633.827917,-3703.502991,-5773.178065,,,,,,,,,,66.675000,62.155000,59.199583,49.678542,66.675000,77.340414,56.009586,72.007707,61.342293
2024-03-05,79.800000,2023-11-14,2023-09-30,-0.140000,-0.730000,-109.315068,2201.626142,2836.981888,2534.806473,463.809695,-1607.187083,-3678.183862,-5749.180640,,,,,,,,,,67.630000,62.505000,59.508750,49.834583,67.630000,79.405461,55.854539,73.517730,61.742270
2024-03-06,78.500000,2023-11-14,2023-09-30,-0.140000,-0.730000,-107.534247,2164.896689,2838.117858,2563.277490,491.451453,-1580.374583,-3652.200620,-5724.026656,,,,,,,,,,68.580000,62.816667,59.804583,49.985833,68.580000,80.655656,56.504344,74.617828,62.542172
2024-03-07,75.600000,2023-11-14,2023-09-30,-0.140000,-0.730000,-103.561644,2127.742009,2838.389795,2590.797434,518.772884,-1553.251667,-3625.276217,-5697.300767,,,,,,,,,,69.275000,63.031667,60.071667,50.129167,69.275000,81.283221,57.266779,75.279110,63.270890
2024-03-08,70.500000,2023-11-14,2023-09-30,-0.140000,-0.730000,-96.575342,2089.187215,2836.906686,2616.777096,545.835214,-1525.106667,-3596.048548,-5666.990429,,,,,,,,,,69.700000,63.173333,60.281667,50.253333,69.700000,81.215664,58.184336,75.457832,63.942168
2024-03-11,72.200000,2023-11-14,2023-09-30,-0.140000,-0.730000,-98.904110,2051.321347,2835.522771,2642.398663,572.467040,-1497.464583,-3567.396206,-5637.327830,,,,,,,,,,70.195000,63.351667,60.512917,50.386667,70.195000,81.211633,59.178367,75.703317,64.686683
2024-03-12,72.400000,2023-11-14,2023-09-30,-0.140000,-0.730000,-99.178082,2013.453196,2833.629688,2667.278511,598.728839,-1469.820833,-3538.370505,-5606.920178,,,,,,,,,,70.725000,63.458333,60.745833,50.522708,70.725000,81.038583,60.411417,75.881792,65.568208
2024-03-13,70.500000,2023-11-14,2023-09-30,-0.140000,-0.730000,-96.575342,1975.273402,2830.913029,2691.183440,624.616928,-1441.949583,-3508.516095,-5575.082606,,,,,,,,,,71.180000,63.556667,60.959583,50.652708,71.180000,80.518229,61.841771,75.849115,66.510885
2024-03-14,69.300000,2023-11-14,2023-09-30,-0.140000,-0.730000,-94.931507,1938.107306,2828.550952,2714.866056,650.023861,-1414.818333,-3479.660528,-5544.502723,,,,,,,,,,71.590000,63.645000,61.173333,50.776042,71.590000,79.704678,63.475322,75.647339,67.532661
2024-03-15,68.800000,2023-11-14,2023-09-30,-0.140000,-0.730000,-94.246575,1898.321918,2823.231802,2736.143431,675.184216,-1385.775000,-3446.734216,-5507.693431,,,,,,,,,,71.815000,63.750000,61.356667,50.895208,71.815000,79.304017,64.325983,75.559508,68.070492
2024-03-18,71.000000,2023-11-14,2023-09-30,-0.140000,-0.730000,-97.260274,1854.844749,2813.356807,2753.464272,699.713802,-1354.036667,-3407.787136,-5461.537605,,,,,,,,,,71.830000,63.928333,61.521667,51.021042,71.830000,79.310811,64.349189,75.570405,68.089595
2024-03-19,70.500000,2023-11-14,2023-09-30,-0.140000,-0.730000,-96.575342,1809.039954,2799.865470,2767.204420,723.302626,-1320.599167,-3364.500960,-5408.402753,,,,,,,,,,71.895000,64.093333,61.659167,51.143958,71.895000,79.301818,64.488182,75.598409,68.191591
2024-03-20,69.000000,2023-11-14,2023-09-30,-0.140000,-0.730000,-94.520548,1763.418950,2785.756668,2779.908902,746.306534,-1287.295833,-3320.898201,-5354.500568,,,,,,,,,,71.945000,64.240000,61.785833,51.260000,71.945000,79.253963,64.636037,75.599482,68.290518
2024-03-21,74.000000,2023-11-14,2023-09-30,-0.140000,-0.730000,-101.369863,1717.990868,2771.188220,2791.801467,768.834067,-1254.133333,-3277.100734,-5300.068134,,,,,,,,,,72.200000,64.506667,61.956667,51.396667,72.200000,79.416939,64.983061,75.808470,68.591530
2024-03-22,76.000000,2023-11-14,2023-09-30,-0.140000,-0.730000,-104.109589,1673.706621,2757.341925,2803.913377,791.053772,-1221.805833,-3234.665439,-5247.525044,,,,,,,,,,72.595000,64.818333,62.155833,51.539792,72.595000,79.731408,65.458592,76.163204,69.026796
2024-03-25,75.000000,2023-11-14,2023-09-30,-0.140000,-0.730000,-102.739726,1625.100457,2736.568334,2809.066434,811.371550,-1186.323333,-3184.018217,-5181.713100,,,,,,,,,,72.825000,65.118333,62.303333,51.683125,72.825000,79.960051,65.689949,76.392525,69.257475
2024-03-26,73.500000,2023-11-14,2023-09-30,-0.140000,-0.730000,-100.684932,1575.511416,2713.181972,2811.122346,830.499507,-1150.123333,-3130.746173,-5111.369013,,,,,,,,,,72.630000,65.371667,62.428333,51.821458,72.630000,79.444566,65.815434,76.037283,69.222717
2024-03-27,72.500000,2023-11-14,2023-09-30,-0.140000,-0.730000,-99.315068,1525.183790,2687.433802,2810.269184,848.442509,-1113.384167,-3075.210842,-5037.037517,,,,,,,,,,72.770000,65.613333,62.537500,51.955625,72.770000,79.444728,66.095272,76.107364,69.432636
2024-03-28,75.100000,2023-11-14,2023-09-30,-0.140000,-0.730000,-102.876712,1475.826484,2662.163380,2809.405202,866.025934,-1077.353333,-3020.732601,-4964.111868,,,,,,,,,,73.150000,65.890000,62.678333,52.101250,73.150000,79.414184,66.885816,76.282092,70.017908
2024-03-29,74.000000,2023-11-14,2023-09-30,-0.140000,-0.730000,-101.369863,1425.815068,2634.580396,2805.642378,882.398689,-1040.845000,-2964.088689,-4887.332378,,,,,,,,,,73.240000,66.156667,62.803333,52.243542,73.240000,79.498434,66.981566,76.369217,70.110783
2024-04-01,74.900000,2024-03-31,2023-12-31,-0.010000,-0.520000,-144.038462,1375.448081,2605.943980,1994.948737,639.857867,-715.233002,-2070.323872,-3425.414741,,,,,,,,,,73.155000,66.431667,62.935833,52.389583,73.155000,79.265724,67.044276,76.210362,70.099638
2024-04-02,74.800000,2024-03-31,2023-12-31,-0.010000,-0.520000,-143.846154,1322.416030,2571.046648,1986.232178,649.287921,-687.656336,-2024.600592,-3361.544849,,,,,,,,,,72.905000,66.645000,63.040833,52.535833,72.905000,78.229610,67.580390,75.567305,70.242695
2024-04-03,76.100000,2024-03-31,2023-12-31,-0.010000,-0.520000,-146.346154,1267.863145,2531.551662,1973.524893,657.118029,-659.288836,-1975.695700,-3292.102564,,,,,,,,,,72.785000,66.855000,63.141667,52.687500,72.785000,77.668603,67.901397,75.226802,70.343198
2024-04-08,70.800000,2024-03-31,2023-12-31,-0.010000,-0.520000,-136.153846,1214.478530,2492.424834,1960.592992,664.532078,-631.528836,-1927.589749,-3223.650663,,,,,,,,,,72.545000,66.996667,63.209167,52.815625,72.545000,77.316616,67.773384,74.930808,70.159192
2024-04-09,72.800000,2024-03-31,2023-12-31,-0.010000,-0.520000,-140.000000,1160.645197,2450.638922,1945.128977,670.796737,-603.535502,-1877.867742,-3152.199981,,,,,,,,,,72.660000,67.188333,63.289167,52.952708,72.660000,77.333959,67.986041,74.996980,70.323020
2024-04-10,77.400000,2024-03-31,2023-12-31,-0.010000,-0.520000,-148.846154,1107.071479,2407.677951,1928.307900,676.315366,-575.677169,-1827.669703,-3079.662238,,,,,,,,,,72.920000,67.503333,63.410833,53.108333,72.920000,78.043157,67.796843,75.481578,70.358422
2024-04-11,72.500000,2024-03-31,2023-12-31,-0.010000,-0.520000,-139.423077,1054.492953,2364.693780,1910.945196,681.304430,-548.336336,-1777.977101,-3007.617867,,,,,,,,,,72.925000,67.750000,63.500833,53.241667,72.925000,78.046215,67.803785,75.485607,70.364393
2024-04-12,73.800000,2024-03-31,2023-12-31,-0.010000,-0.520000,-141.923077,1001.976927,2319.909592,1891.677973,685.324986,-521.028002,-1727.380990,-2933.733978,,,,,,,,,,73.090000,68.033333,63.602500,53.382292,73.090000,78.093536,68.086464,75.591768,70.588232
2024-04-15,69.700000,2024-03-31,2023-12-31,-0.010000,-0.520000,-134.038462,950.026607,2274.137592,1871.089260,688.537712,-494.013836,-1676.565383,-2859.116931,,,,,,,,,,73.110000,68.258333,63.675000,53.508125,73.110000,78.052576,68.167424,75.581288,70.638712
2024-04-16,64.700000,2024-03-31,2023-12-31,-0.010000,-0.520000,-124.423077,899.323081,2228.875851,1850.382883,691.367440,-467.648002,-1626.663445,-2785.678888,,,,,,,,,,72.905000,68.396667,63.717500,53.616458,72.905000,78.840611,66.969389,75.872805,69.937195
2024-04-17,65.200000,2024-03-31,2023-12-31,-0.010000,-0.520000,-125.384615,849.278210,2183.053455,1828.750925,693.563128,-441.624669,-1576.812466,-2712.000263,,,,,,,,,,72.615000,68.545000,63.770833,53.731042,72.615000,79.442275,65.787725,76.028638,69.201362
2024-04-18,64.500000,2024-03-31,2023-12-31,-0.010000,-0.520000,-124.038462,800.744556,2138.593243,1807.749803,695.681317,-416.387169,-1528.455655,-2640.524141,,,,,,,,,,72.315000,68.635000,63.833333,53.843750,72.315000,80.006219,64.623781,76.160609,68.469391
2024-04-19,60.900000,2024-03-31,2023-12-31,-0.010000,-0.520000,-117.115385,752.935261,2093.605916,1785.823817,697.148741,-391.526336,-1480.201412,-2568.876489,,,,,,,,,,71.910000,68.673333,63.872500,53.944375,71.910000,81.052359,62.767641,76.481180,67.338820
2024-04-22,58.300000,2024-03-31,2023-12-31,-0.010000,-0.520000,-112.115385,705.750966,2047.889715,1762.814801,697.912149,-366.990502,-1431.893154,-2496.795806,,,,,,,,,,71.125000,68.641667,63.895833,54.033542,71.125000,82.036679,60.213321,76.580839,65.669161
2024-04-23,59.500000,2024-03-31,2023-12-31,-0.010000,-0.520000,-114.423077,657.964107,1998.565102,1736.366371,697.112518,-342.141336,-1381.395189,-2420.649042,,,,,,,,,,70.300000,68.635000,63.923333,54.128958,70.300000,82.117204,58.482796,76.208602,64.391398
2024-04-24,60.800000,2024-03-31,2023-12-31,-0.010000,-0.520000,-116.923077,608.239748,1941.721807,1703.106011,693.410671,-316.284669,-1325.980009,-2335.675349,,,,,,,,,,69.590000,68.655000,63.942500,54.228542,69.590000,81.913687,57.266313,75.751844,63.428156
2024-04-25,60.900000,2024-03-31,2023-12-31,-0.010000,-0.520000,-117.115385,556.347120,1875.533265,1661.254094,685.976796,-289.300502,-1264.577800,-2239.855098,,,,,,,,,,68.960000,68.686667,63.940833,54.328333,68.960000,81.722511,56.197489,75.341255,62.578745
2024-04-26,61.900000,2024-03-31,2023-12-31,-0.010000,-0.520000,-119.038462,505.521799,1808.773037,1618.252623,677.690644,-262.871336,-1203.433315,-2143.995294,,,,,,,,,,68.430000,68.738333,63.958333,54.432500,68.430000,81.451294,55.408706,74.940647,61.919353
2024-04-29,63.300000,2024-03-31,2023-12-31,-0.010000,-0.520000,-121.730769,455.424043,1740.344779,1573.138068,668.158783,-236.820502,-1141.799787,-2046.779073,,,,,,,,,,67.840000,68.785000,63.995000,54.543333,67.840000,80.656503,55.023497,74.248251,61.431749
2024-04-30,63.300000,2024-03-31,2023-12-31,-0.010000,-0.520000,-121.730769,404.909620,1666.207699,1522.303005,655.875001,-210.553002,-1076.981006,-1943.409009,,,,,,,,,,67.305000,68.831667,64.027500,54.653333,67.305000,79.930701,54.679299,73.617850,60.992150
2024-05-02,63.200000,2024-03-31,2023-12-31,-0.010000,-0.520000,-121.538462,355.730133,1591.650588,1470.336943,642.678637,-184.979669,-1012.637975,-1840.296281,,,,,,,,,,66.720000,68.850000,64.072500,54.763333,66.720000,78.941741,54.498259,72.830870,60.609130
2024-05-03,63.300000,2024-03-31,2023-12-31,-0.010000,-0.520000,-121.730769,304.465710,1504.011737,1405.850038,623.763934,-158.322169,-940.408272,-1722.494375,,,,,,,,,,66.145000,68.893333,64.097500,54.875833,66.145000,77.836738,54.453262,71.990869,60.299131
2024-05-06,63.600000,2024-03-31,2023-12-31,-0.010000,-0.520000,-122.307692,252.613145,1406.633088,1331.539575,600.090370,-131.358836,-862.808041,-1594.257247,,,,,,,,,,65.520000,68.961667,64.119167,54.989375,65.520000,76.269512,54.770488,70.894756,60.145244
2024-05-07,63.600000,2024-03-31,2023-12-31,-0.010000,-0.520000,-122.307692,201.010581,1301.048115,1248.564537,572.019517,-104.525502,-781.070522,-1457.615541,,,,,,,,,,65.160000,68.993333,64.143333,55.105417,65.160000,75.643953,54.676047,70.401976,59.918024
2024-05-08,66.100000,2024-03-31,2023-12-31,-0.010000,-0.520000,-127.115385,148.784620,1180.881250,1150.748497,536.690248,-77.368002,-691.426252,-1305.484502,,,,,,,,,,64.825000,69.061667,64.182500,55.233333,64.825000,74.691024,54.958976,69.758012,59.891988
2024-05-09,65.000000,2024-03-31,2023-12-31,-0.010000,-0.520000,-125.000000,97.826286,1051.556403,1042.748990,495.939660,-50.869669,-597.678998,-1144.488328,,,,,,,,,,64.205000,69.106667,64.225000,55.357292,64.205000,72.106625,56.303375,68.155813,60.254187
2024-05-10,65.800000,2024-03-31,2023-12-31,-0.010000,-0.520000,-126.538462,47.938466,908.113621,919.510164,447.291081,-24.928002,-497.147085,-969.366168,,,,,,,,,,63.870000,69.173333,64.285000,55.482292,63.870000,70.799145,56.940855,67.334573,60.405427
2024-05-13,66.700000,2024-03-31,2023-12-31,-0.010000,-0.520000,-128.269231,-1.380444,738.518091,768.776645,384.747238,0.717831,-383.311576,-767.340983,,,,,,,,,,63.515000,69.261667,64.358333,55.608542,63.515000,68.845064,58.184936,66.180032,60.849968
2024-05-14,67.100000,2024-03-31,2023-12-31,-0.010000,-0.520000,-129.038462,-48.789098,532.327235,578.990656,302.180493,25.370331,-251.439831,-528.249993,,,,,,,,,,63.385000,69.361667,64.454167,55.735833,63.385000,68.179855,58.590145,65.782427,60.987573
2024-05-15,68.400000,2024-05-15,2024-03-31,0.310000,0.070000,977.142857,-88.396241,100.049894,-20.194722,-13.191229,-6.187737,0.815756,7.819248,,,,,,,,,,63.570000,69.430000,64.546667,55.868333,63.570000,68.840414,58.299586,66.205207,60.934793
2024-05-16,72.900000,2024-05-15,2024-03-31,0.310000,0.070000,1041.428571,-79.038446,143.694828,-25.649967,-15.591329,-5.532691,4.525947,14.584585,,,,,,,,,,63.955000,69.466667,64.658333,56.019375,63.955000,70.657231,57.252769,67.306115,60.603885
2024-05-17,76.000000,2024-05-15,2024-03-31,0.310000,0.070000,1085.714286,-69.350416,178.756616,-29.880455,-17.367492,-4.854529,7.658434,20.171397,,,,,,,,,,64.530000,69.580000,64.824167,56.181250,64.530000,73.132839,55.927161,68.831420,60.228580
2024-05-20,79.000000,2024-05-15,2024-03-31,0.310000,0.070000,1128.571429,-59.315517,209.549557,-33.489024,-18.820555,-4.152086,10.516383,25.184852,,,,,,,,,,65.435000,69.763333,65.022500,56.356042,65.435000,76.011692,54.858308,70.723346,60.146654
2024-05-21,79.100000,2024-05-15,2024-03-31,0.310000,0.070000,1130.000000,-49.263006,235.993653,-36.487522,-19.967966,-3.448410,13.071145,29.590701,,,,,,,,,,66.475000,69.933333,65.217500,56.533125,66.475000,78.132909,54.817091,72.303954,60.646046
2024-05-22,79.800000,2024-05-15,2024-03-31,0.310000,0.070000,1140.000000,-39.127161,259.747044,-39.103487,-20.921194,-2.738901,15.443392,33.625685,,,,,,,,,,67.490000,70.128333,65.418333,56.713333,67.490000,80.087895,54.892105,73.788947,61.191053
2024-05-23,79.600000,2024-05-15,2024-03-31,0.310000,0.070000,1137.142857,-29.002568,281.033039,-41.374805,-21.702493,-2.030180,17.642133,37.314446,,,,,,,,,,68.430000,70.281667,65.608333,56.890000,68.430000,81.713009,55.146991,75.071504,61.788496
2024-05-24,87.500000,2024-05-15,2024-03-31,0.310000,0.070000,1250.000000,-17.922660,304.271075,-43.852537,-22.553561,-1.254586,20.044389,41.343364,,,,,,,,,,69.760000,70.450000,65.853333,57.100417,69.760000,85.044447,54.475553,77.402223,62.117777
2024-05-27,96.200000,2024-05-15,2024-03-31,0.310000,0.070000,1374.285714,-5.799046,329.677841,-46.560831,-23.483382,-0.405933,22.671516,45.748965,,,,,,,,,,71.475000,70.891667,66.165000,57.339583,71.475000,90.326986,52.623014,80.900993,62.049007
2024-05-28,97.900000,2024-05-15,2024-03-31,0.310000,0.070000,1398.571429,6.520099,353.641202,-49.053361,-24.298477,0.456407,25.211291,49.966175,,,,,,,,,,73.205000,71.398333,66.495833,57.586042,73.205000,95.016294,51.393706,84.110647,62.299353
2024-05-29,95.800000,2024-05-15,2024-03-31,0.310000,0.070000,1368.571429,18.572122,374.761048,-51.166498,-24.933225,1.300049,27.533322,53.766595,,,,,,,,,,74.830000,71.791667,66.821667,57.824583,74.830000,98.312769,51.347231,86.571384,63.088616
2024-05-30,94.000000,2024-05-15,2024-03-31,0.310000,0.070000,1342.857143,30.429265,393.649149,-52.980832,-25.425392,2.130049,29.685489,57.240929,,,,,,,,,,76.370000,72.081667,67.118333,58.054583,76.370000,100.667030,52.072970,88.518515,64.221485
2024-05-31,88.500000,2024-05-15,2024-03-31,0.310000,0.070000,1264.285714,41.636212,409.295490,-54.386834,-25.736149,2.914535,31.565219,60.215903,,,,,,,,,,77.630000,72.226667,67.365833,58.263125,77.630000,101.685646,53.574354,89.657823,65.602177
2024-06-03,88.400000,2024-05-15,2024-03-31,0.310000,0.070000,1262.857143,52.842670,424.028874,-55.665055,-25.983034,3.698987,33.381008,63.063029,,,,,,,,,,78.870000,72.391667,67.604167,58.470000,78.870000,102.432245,55.307755,90.651122,67.088878
2024-06-04,85.900000,2024-05-15,2024-03-31,0.310000,0.070000,1227.142857,63.784614,437.156826,-56.737033,-26.136055,4.464923,35.065901,65.666879,,,,,,,,,,79.985000,72.563333,67.797500,58.668125,79.985000,102.596062,57.373938,91.290531,68.679469
2024-06-05,82.700000,2024-05-15,2024-03-31,0.310000,0.070000,1181.428571,74.337614,448.670045,-57.610173,-26.203270,5.203633,36.610536,68.017439,,,,,,,,,,80.815000,72.766667,67.970000,58.853333,80.815000,102.478870,59.151130,91.646935,69.983065
2024-06-06,85.000000,2024-05-15,2024-03-31,0.310000,0.070000,1214.285714,85.158717,460.320983,-58.483828,-26.261359,5.961110,38.183579,70.406048,,,,,,,,,,81.815000,72.980000,68.165833,59.048542,81.815000,102.214616,61.415384,92.014808,71.615192
2024-06-07,87.500000,2024-05-15,2024-03-31,0.310000,0.070000,1250.000000,96.328808,472.136317,-59.356068,-26.306526,6.743017,39.792559,72.842101,,,,,,,,,,82.900000,73.231667,68.345000,59.254167,82.900000,101.978674,63.821326,92.439337,73.360663
2024-06-11,88.000000,2024-05-15,2024-03-31,0.310000,0.070000,1257.142857,107.542441,483.551742,-60.169273,-26.320651,7.527971,41.376593,75.225215,,,,,,,,,,83.965000,73.523333,68.540000,59.460417,83.965000,101.556059,66.373941,92.760530,75.169470
2024-06-12,89.000000,2024-05-15,2024-03-31,0.310000,0.070000,1271.428571,118.868273,494.728359,-60.941191,-26.310206,8.320779,42.951764,77.582749,,,,,,,,,,85.060000,73.851667,68.748333,59.670625,85.060000,100.866781,69.253219,92.963390,77.156610
2024-06-13,95.400000,2024-05-15,2024-03-31,0.310000,0.070000,1362.857143,130.938886,507.210133,-61.843697,-26.338987,9.165722,44.670431,80.175141,,,,,,,,,,86.410000,74.295000,69.022500,59.908750,86.410000,100.771630,72.048370,93.590815,79.229185
2024-06-14,94.400000,2024-05-15,2024-03-31,0.310000,0.070000,1348.571429,142.865338,518.839625,-62.636974,-26.318200,10.000574,46.319347,82.638121,,,,,,,,,,87.485000,74.685000,69.306667,60.143750,87.485000,100.766768,74.203232,94.125884,80.844116
2024-06-17,94.800000,2024-05-15,2024-03-31,0.310000,0.070000,1354.285714,154.842833,530.050378,-63.368055,-26.264528,10.838998,47.942525,85.046051,,,,,,,,,,88.425000,75.090000,69.591667,60.382708,88.425000,100.922221,75.927779,94.673610,82.176390
2024-06-18,104.000000,2024-05-15,2024-03-31,0.310000,0.070000,1485.714286,167.911000,543.315879,-64.310453,-26.278342,11.753770,49.785882,87.817993,,,,,,,,,,89.675000,75.673333,69.956667,60.659792,89.675000,103.164626,76.185374,96.419813,82.930187
2024-06-19,109.000000,2024-05-15,2024-03-31,0.310000,0.070000,1557.142857,181.549291,557.412401,-65.329286,-26.310418,12.708450,51.727318,90.746186,,,,,,,,,,91.170000,76.256667,70.381667,60.960417,91.170000,106.257688,76.082312,98.713844,83.626156
2024-06-20,119.500000,2024-05-15,2024-03-31,0.310000,0.070000,1707.142857,196.429591,573.999417,-66.609847,-26.429888,13.750071,53.930031,94.109990,,,,,,,,,,93.155000,76.981667,70.900000,61.305833,93.155000,111.937912,74.372088,102.546456,83.763544
2024-06-21,122.000000,2024-05-15,2024-03-31,0.310000,0.070000,1742.857143,211.604085,590.513336,-67.859581,-26.523648,14.812286,56.148219,97.484153,,,,,,,,,,95.275000,77.765000,71.441667,61.655208,95.275000,116.962724,73.587276,106.118862,84.431138
2024-06-24,114.000000,2024-05-15,2024-03-31,0.310000,0.070000,1628.571429,225.841039,603.870809,-68.733041,-26.462084,15.808873,58.079829,100.350786,,,,,,,,,,96.600000,78.440000,71.905833,61.969792,96.600000,119.492242,73.707758,108.046121,85.153879
2024-06-25,115.000000,2024-05-15,2024-03-31,0.310000,0.070000,1642.857143,240.193615,616.881189,-69.549813,-26.368130,16.813553,59.995236,103.176919,,,,,,,,,,97.540000,79.148333,72.380833,62.284792,97.540000,121.862344,73.217656,109.701172,85.378828
2024-06-26,126.500000,2024-05-15,2024-03-31,0.310000,0.070000,1807.142857,255.920947,632.505901,-70.636360,-26.360947,17.914466,62.189879,106.465292,,,,,,,,,,98.970000,80.005000,72.947500,62.648958,98.970000,126.529092,71.410908,112.749546,85.190454
2024-06-27,123.500000,2024-05-15,2024-03-31,0.310000,0.070000,1764.285714,271.285429,646.528826,-71.524056,-26.267038,18.989980,64.246998,109.504016,,,,,,,,,,100.355000,80.830000,73.493333,62.988750,100.355000,129.952118,70.757882,115.153559,85.556441
2024-06-28,123.500000,2024-05-15,2024-03-31,0.310000,0.070000,1764.285714,286.654477,659.890790,-72.318897,-26.126542,20.065813,66.258169,112.450524,,,,,,,,,,101.830000,81.640000,74.035833,63.330833,101.830000,132.992535,70.667465,117.411267,86.248733
2024-07-01,130.000000,2024-05-15,2024-03-31,0.310000,0.070000,1857.142857,302.838430,674.357297,-73.211331,-26.006321,21.198690,68.403701,115.608712,,,,,,,,,,103.905000,82.560000,74.602500,63.702292,103.905000,136.808334,71.001666,120.356667,87.453333
2024-07-02,125.000000,2024-05-15,2024-03-31,0.310000,0.070000,1785.714286,318.444268,686.814020,-73.862864,-25.785883,22.291099,70.368080,118.445062,,,,,,,,,,105.735000,83.375000,75.115000,64.052708,105.735000,139.075683,72.394317,122.405342,89.064658
2024-07-03,137.500000,2024-05-15,2024-03-31,0.310000,0.070000,1964.285714,335.524503,702.005821,-74.794100,-25.653692,23.486715,72.627123,121.767530,,,,,,,,,,108.315000,84.486667,75.741667,64.449792,108.315000,143.145614,73.484386,125.730307,90.899693
2024-07-04,141.000000,2024-05-15,2024-03-31,0.310000,0.070000,2014.285714,353.009989,717.431347,-75.729689,-25.509495,24.710699,74.930893,125.151088,,,,,,,,,,111.230000,85.623333,76.405833,64.865625,111.230000,146.785152,75.674848,129.007576,93.452424
2024-07-05,143.500000,2024-05-15,2024-03-31,0.310000,0.070000,2050.000000,370.761130,732.811824,-76.640376,-25.343549,25.953279,77.250107,128.546935,,,,,,,,,,114.155000,86.725000,77.114167,65.295000,114.155000,150.245615,78.064385,132.200308,96.109692
2024-07-08,134.000000,2024-05-15,2024-03-31,0.310000,0.070000,1914.285714,387.372187,745.020456,-77.186811,-25.035379,27.116053,79.267485,131.418917,,,,,,,,,,116.480000,87.750000,77.750000,65.683333,116.480000,151.309667,81.650333,133.894833,99.065167
2024-07-09,132.000000,2024-05-15,2024-03-31,0.310000,0.070000,1885.714286,403.734874,756.196307,-77.606042,-24.672300,28.261441,81.195183,134.128924,,,,,,,,,,118.680000,88.720000,78.376667,66.061667,118.680000,151.431736,85.928264,135.055868,102.304132
2024-07-10,145.000000,2024-05-15,2024-03-31,0.310000,0.070000,2071.428571,421.638332,770.025402,-78.288873,-24.387095,29.514683,83.416461,137.318239,,,,,,,,,,121.480000,89.975000,79.116667,66.482500,121.480000,153.103615,89.856385,137.291808,105.668192
2024-07-11,143.500000,2024-05-15,2024-03-31,0.310000,0.070000,2050.000000,439.365501,782.823519,-78.839708,-24.042061,30.755585,85.553231,140.350878,,,,,,,,,,123.885000,91.288333,79.842500,66.905417,123.885000,154.456006,93.313994,139.170503,108.599497
2024-07-12,138.000000,2024-05-15,2024-03-31,0.310000,0.070000,1971.428571,456.436766,793.726410,-79.171124,-23.610275,31.950574,87.511422,143.072271,,,,,,,,,,126.065000,92.501667,80.523333,67.310208,126.065000,153.876794,98.253206,139.970897,112.159103
2024-07-15,140.500000,2024-05-15,2024-03-31,0.310000,0.070000,2007.142857,473.837614,804.659501,-79.483697,-23.157532,33.168633,89.494798,145.820963,,,,,,,,,,128.350000,93.768333,81.201667,67.708542,128.350000,152.631464,104.068536,140.490732,116.209268
2024-07-16,140.500000,2024-05-15,2024-03-31,0.310000,0.070000,2007.142857,491.232754,815.075534,-79.724282,-22.668995,34.386293,91.441580,148.496868,,,,,,,,,,130.175000,95.095000,81.884167,68.107917,130.175000,152.125363,108.224637,141.150181,119.199819
2024-07-17,145.000000,2024-05-15,2024-03-31,0.310000,0.070000,2071.428571,509.181874,825.978692,-79.994286,-22.175777,35.642731,93.461240,151.279748,,,,,,,,,,131.975000,96.540000,82.590833,68.512083,131.975000,152.470121,111.479879,142.222561,121.727439
2024-07-18,148.000000,2024-05-15,2024-03-31,0.310000,0.070000,2114.285714,527.484711,837.027823,-80.259965,-21.668018,36.923930,95.515877,154.107825,,,,,,,,,,133.400000,98.015000,83.325000,68.908750,133.400000,154.203846,112.596154,143.801923,122.998077
2024-07-19,137.000000,2024-05-15,2024-03-31,0.310000,0.070000,1957.142857,544.474600,845.211423,-80.216377,-21.051578,38.113222,97.278022,156.442821,,,,,,,,,,134.150000,99.285000,83.970000,69.279583,134.150000,154.294478,114.005522,144.222239,124.077761
2024-07-22,127.000000,2024-05-15,2024-03-31,0.310000,0.070000,1814.285714,560.267164,851.113929,-79.937249,-20.359274,39.218701,98.796677,158.374652,,,,,,,,,,134.800000,100.386667,84.536667,69.608750,134.800000,152.946770,116.653230,143.873385,125.726615
2024-07-23,126.000000,2024-05-15,2024-03-31,0.310000,0.070000,1800.000000,575.938397,856.511483,-79.595920,-19.640116,40.315688,100.271492,160.227295,,,,,,,,,,135.350000,101.455000,85.096667,69.933958,135.350000,151.530235,119.169765,143.440117,127.259883
2024-07-26,125.000000,2024-05-15,2024-03-31,0.310000,0.070000,1785.714286,591.509989,861.405154,-79.191022,-18.892662,41.405699,101.704060,162.002421,,,,,,,,,,135.275000,102.483333,85.634167,70.256042,135.275000,151.640802,118.909198,143.457901,127.092099
2024-07-29,125.000000,2024-05-15,2024-03-31,0.310000,0.070000,1785.714286,607.081580,865.988877,-78.742732,-18.123511,42.495711,103.114932,163.734153,,,,,,,,,,135.350000,103.511667,86.171667,70.583125,135.350000,151.500933,119.199067,143.425466,127.274534
2024-07-30,128.500000,2024-05-15,2024-03-31,0.310000,0.070000,1835.714286,623.088103,870.825905,-78.299459,-17.341646,43.616167,104.573981,165.531794,,,,,,,,,,135.600000,104.600000,86.725000,70.932708,135.600000,151.121123,120.078877,143.360562,127.839438
2024-07-31,126.500000,2024-05-15,2024-03-31,0.310000,0.070000,1807.142857,638.840550,875.030029,-77.785366,-16.533264,44.718838,105.970941,167.223043,,,,,,,,,,135.425000,105.653333,87.273333,71.276458,135.425000,151.287153,119.562847,143.356076,127.493924
2024-08-01,131.000000,2024-05-15,2024-03-31,0.310000,0.070000,1871.428571,655.115011,879.668667,-77.295563,-15.718756,45.858051,107.434857,169.011664,,,,,,,,,,135.725000,106.776667,87.869167,71.633542,135.725000,150.972001,120.477999,143.348501,128.101499
2024-08-02,118.500000,2024-05-15,2024-03-31,0.310000,0.070000,1692.857143,669.926492,882.070430,-76.595006,-14.850076,46.894854,108.639785,170.384715,,,,,,,,,,134.775000,107.691667,88.342500,71.942083,134.775000,151.818211,117.731789,143.296606,126.253394
2024-08-05,107.000000,2024-05-15,2024-03-31,0.310000,0.070000,1528.571429,683.372350,882.764501,-75.750966,-13.957451,47.836064,109.629580,171.423095,,,,,,,,,,133.075000,108.373333,88.717500,72.205417,133.075000,153.872963,112.277037,143.473981,122.676019
2024-08-06,104.500000,2024-05-15,2024-03-31,0.310000,0.070000,1492.857143,696.524013,882.971938,-74.859390,-13.051355,48.756681,110.564717,172.372752,,,,,,,,,,131.125000,109.031667,89.069167,72.463542,131.125000,154.906627,107.343373,143.015814,119.234186
2024-08-07,111.000000,2024-05-15,2024-03-31,0.310000,0.070000,1585.714286,710.443779,883.719495,-73.989665,-12.129300,49.731064,111.591429,173.451794,,,,,,,,,,129.975000,109.785000,89.479167,72.753750,129.975000,155.342769,104.607231,142.658884,117.291116
2024-08-08,122.000000,2024-05-15,2024-03-31,0.310000,0.070000,1742.857143,725.668501,885.651280,-73.194384,-11.198795,50.796795,112.792385,174.787974,,,,,,,,,,129.475000,110.706667,89.984167,73.092917,129.475000,155.067916,103.882084,142.271458,116.678542
2024-08-09,122.500000,2024-05-15,2024-03-31,0.310000,0.070000,1750.000000,740.949323,887.386702,-72.367686,-10.250617,51.866453,113.983522,176.100591,,,,,,,,,,128.350000,111.630000,90.495833,73.426250,128.350000,153.031338,103.668662,140.690669,116.009331
2024-08-12,127.000000,2024-05-15,2024-03-31,0.310000,0.070000,1814.285714,756.802389,889.442103,-71.545727,-9.284780,52.976167,115.237114,177.498062,,,,,,,,,,127.525000,112.606667,91.018333,73.778333,127.525000,151.154765,103.895235,139.339882,115.710118
2024-08-13,132.500000,2024-05-15,2024-03-31,0.310000,0.070000,1892.857143,773.383276,891.937140,-70.734370,-8.298770,54.136829,116.572429,179.008029,,,,,,,,,,127.250000,113.600000,91.533333,74.150625,127.250000,150.491297,104.008703,138.870649,115.629351
2024-08-14,132.500000,2024-08-14,2024-06-30,0.470000,0.630000,210.317460,775.925876,889.873970,-632.407900,-71.787299,488.833302,1049.453903,1610.074504,,,,,,,,,,126.850000,114.541667,92.060833,74.526875,126.850000,149.396093,104.303907,138.123047,115.576953
2024-08-15,134.000000,2024-08-14,2024-06-30,0.470000,0.630000,212.698413,778.474619,887.799459,-628.188309,-68.874650,490.439010,1049.752669,1609.066328,,,,,,,,,,126.525000,115.458333,92.610833,74.907917,126.525000,148.420626,104.629374,137.472813,115.577187
2024-08-16,137.000000,2024-08-14,2024-06-30,0.470000,0.630000,217.460317,781.073318,885.676890,-623.876692,-65.900251,492.076190,1050.052631,1608.029072,,,,,,,,,,126.125000,116.423333,93.178333,75.301875,126.125000,146.861124,105.388876,136.493062,115.756938
2024-08-19,137.000000,2024-08-14,2024-06-30,0.470000,0.630000,217.460317,783.662884,883.550661,-619.566216,-62.929300,493.707617,1050.344534,1606.981450,,,,,,,,,,125.575000,117.376667,93.752500,75.694167,125.575000,144.359862,106.790138,134.967431,116.182569
2024-08-20,138.500000,2024-08-14,2024-06-30,0.470000,0.630000,219.841270,786.298548,881.372277,-615.160984,-59.896449,495.368085,1050.632619,1605.897154,,,,,,,,,,125.650000,118.358333,94.320000,76.098542,125.650000,144.637808,106.662192,135.143904,116.156096
2024-08-21,139.500000,2024-08-14,2024-06-30,0.470000,0.630000,221.428571,789.027347,879.090308,-610.566560,-56.739665,497.087229,1050.914123,1604.741017,,,,,,,,,,126.275000,119.225000,94.837500,76.509375,126.275000,146.247283,106.302717,136.261142,116.288858
2024-08-22,137.000000,2024-08-14,2024-06-30,0.470000,0.630000,217.460317,791.635179,876.905815,-606.171164,-53.720501,498.730163,1051.180826,1603.631489,,,,,,,,,,126.825000,119.905000,95.398333,76.912917,126.825000,147.363219,106.286781,137.094109,116.555891
2024-08-23,142.000000,2024-08-14,2024-06-30,0.470000,0.630000,225.396825,794.284034,874.690066,-601.710542,-50.655800,500.398941,1051.453683,1602.508424,,,,,,,,,,127.675000,120.640000,96.019167,77.334792,127.675000,149.274890,106.075110,138.474945,116.875055
2024-08-26,136.500000,2024-08-14,2024-06-30,0.470000,0.630000,216.666667,796.913790,872.453651,-597.235913,-47.590113,502.055688,1051.701488,1601.347289,,,,,,,,,,128.250000,121.318333,96.555000,77.731667,128.250000,150.160103,106.339897,139.205052,117.294948
2024-08-27,145.500000,2024-08-14,2024-06-30,0.470000,0.630000,230.952381,799.712823,870.071555,-592.471081,-44.326001,503.819078,1051.964158,1600.109237,,,,,,,,,,129.100000,122.176667,97.129167,78.164375,129.100000,152.330198,105.869802,140.715099,117.484901
2024-08-28,160.000000,2024-08-14,2024-06-30,0.470000,0.630000,253.968254,802.740184,867.510310,-587.336675,-40.805180,505.726316,1052.257811,1598.789306,,,,,,,,,,130.775000,123.368333,97.797500,78.653125,130.775000,157.745696,103.804304,144.260348,117.289652
2024-08-29,172.000000,2024-08-14,2024-06-30,0.470000,0.630000,273.015873,805.911435,864.846243,-581.982062,-37.128929,507.724204,1052.577337,1597.430470,,,,,,,,,,132.825000,124.761667,98.576667,79.190625,132.825000,165.497659,100.152341,149.161329,116.488671
2024-08-30,173.500000,2024-08-14,2024-06-30,0.470000,0.630000,275.396825,809.069422,862.185183,-576.639595,-33.462930,509.713736,1052.890401,1596.067067,,,,,,,,,,135.575000,126.221667,99.392500,79.732083,135.575000,172.191469,98.958531,153.883234,117.266766
2024-09-02,178.500000,2024-08-14,2024-06-30,0.470000,0.630000,283.333333,812.235327,859.525151,-571.293434,-29.792589,511.708256,1053.209102,1594.709947,,,,,,,,,,139.150000,127.818333,100.292500,80.287083,139.150000,177.918001,100.381999,158.534000,119.766000
2024-09-03,174.000000,2024-08-14,2024-06-30,0.470000,0.630000,276.190476,815.361116,856.861732,-565.968280,-26.145388,513.677503,1053.500394,1593.323286,,,,,,,,,,142.625000,129.301667,101.140833,80.826875,142.625000,180.769980,104.480020,161.697490,123.552510
2024-09-04,158.000000,2024-08-14,2024-06-30,0.470000,0.630000,250.793651,818.277547,854.314631,-560.921581,-22.703363,515.514854,1053.733072,1591.951290,,,,,,,,,,144.975000,130.476667,101.854167,81.300000,144.975000,180.626050,109.323950,162.800525,127.149475
2024-09-05,155.000000,2024-08-14,2024-06-30,0.470000,0.630000,246.031746,821.132606,851.800350,-555.954899,-19.320679,517.313542,1053.947762,1590.581982,,,,,,,,,,146.625000,131.593333,102.558333,81.758958,146.625000,180.823915,112.426085,163.724458,129.525542
2024-09-06,157.000000,2024-08-14,2024-06-30,0.470000,0.630000,249.206349,824.000421,849.265801,-550.954644,-15.917189,519.120265,1054.157720,1589.195175,,,,,,,,,,148.350000,132.726667,103.289167,82.231250,148.350000,180.864126,115.835874,164.607063,132.092937
2024-09-09,168.000000,2024-08-14,2024-06-30,0.470000,0.630000,266.666667,827.008032,846.621529,-545.728067,-12.356503,521.015060,1054.386623,1587.758187,,,,,,,,,,150.400000,133.936667,104.115833,82.736250,150.400000,182.412498,118.387502,166.406249,134.393751
2024-09-10,164.000000,2024-08-14,2024-06-30,0.470000,0.630000,260.317460,829.987846,843.966199,-540.505067,-8.806362,522.892343,1054.591048,1586.289753,,,,,,,,,,151.975000,135.096667,104.890833,83.206250,151.975000,183.373081,120.576919,167.674040,136.275960
2024-09-11,164.000000,2024-08-14,2024-06-30,0.470000,0.630000,260.317460,832.961953,841.298206,-535.269710,-5.251840,524.766030,1054.783900,1584.801770,,,,,,,,,,153.550000,136.250000,105.670000,83.664583,153.550000,183.980075,123.119925,168.765038,138.334962
2024-09-12,173.000000,2024-08-14,2024-06-30,0.470000,0.630000,274.603175,836.037984,838.548883,-529.867663,-1.581866,526.703930,1054.989726,1583.275522,,,,,,,,,,155.500000,137.400000,106.536667,84.161250,155.500000,185.652245,125.347755,170.576123,140.423877
2024-09-13,179.500000,2024-08-14,2024-06-30,0.470000,0.630000,284.920635,839.257071,835.656521,-524.195261,2.268347,528.731955,1055.195563,1581.659171,,,,,,,,,,157.625000,138.575000,107.415833,84.686250,157.625000,188.273903,126.976097,172.949452,142.300548
2024-09-16,178.000000,2024-08-14,2024-06-30,0.470000,0.630000,282.539683,842.479149,832.728856,-518.476495,6.142684,530.761864,1055.381043,1580.000222,,,,,,,,,,159.675000,139.550000,108.265833,85.210833,159.675000,189.998302,129.351698,174.836651,144.513349
2024-09-18,174.000000,2024-08-14,2024-06-30,0.470000,0.630000,276.190476,845.636900,829.827824,-512.831812,9.959718,532.751247,1055.542777,1578.334306,,,,,,,,,,161.450000,140.416667,109.090833,85.697083,161.450000,190.691103,132.208897,176.070552,146.829448
2024-09-19,186.500000,2024-08-14,2024-06-30,0.470000,0.630000,296.031746,848.942873,826.810828,-506.947633,13.943188,534.834010,1055.724831,1576.615653,,,,,,,,,,163.800000,141.625000,110.032500,86.230417,163.800000,193.167723,134.432277,178.483862,149.116138
2024-09-20,183.500000,2024-08-14,2024-06-30,0.470000,0.630000,291.269841,852.197747,823.809842,-501.115820,17.884380,536.884580,1055.884781,1574.884981,,,,,,,,,,166.125000,142.766667,110.957500,86.747500,166.125000,193.877430,138.372570,180.001215,152.248785
2024-09-23,184.000000,2024-08-14,2024-06-30,0.470000,0.630000,292.063492,855.488915,820.745405,-495.181194,21.888411,538.958017,1056.027622,1573.097227,,,,,,,,,,168.225000,143.725000,111.865000,87.271667,168.225000,194.613744,141.836256,181.419372,155.030628
2024-09-24,188.500000,2024-08-14,2024-06-30,0.470000,0.630000,299.206349,858.827050,817.629664,-489.152335,25.954354,541.061042,1056.167730,1571.274418,,,,,,,,,,170.825000,144.808333,112.819167,87.811250,170.825000,194.117816,147.532184,182.471408,159.178592
2024-09-25,189.000000,2024-08-14,2024-06-30,0.470000,0.630000,300.000000,862.527371,814.049836,-482.310550,30.540847,543.392244,1056.243640,1569.095037,,,,,,,,,,173.000000,145.900000,113.770000,88.352917,173.000000,194.381251,151.618749,183.690626,162.309374
2024-09-26,198.000000,2024-08-14,2024-06-30,0.470000,0.630000,314.285714,866.345136,810.356345,-475.251559,35.272938,545.797436,1056.321933,1566.846431,,,,,,,,,,174.900000,147.033333,114.796667,88.918750,174.900000,198.093919,151.706081,186.496960,163.303040
2024-09-27,182.500000,2024-08-14,2024-06-30,0.470000,0.630000,289.682540,869.978709,806.746881,-468.414484,39.836051,548.086587,1056.337122,1564.587657,,,,,,,,,,175.425000,147.991667,115.683333,89.412500,175.425000,198.817025,152.032975,187.121013,163.728987
2024-09-30,185.500000,2024-08-14,2024-06-30,0.470000,0.630000,294.444444,873.567028,803.183869,-461.664447,44.341390,550.347228,1056.353065,1562.358902,,,,,,,,,,176.025000,148.791667,116.639167,89.924167,176.025000,199.821229,152.228771,187.923115,164.126885
2024-10-01,191.500000,2024-08-14,2024-06-30,0.470000,0.630000,303.968254,877.266763,799.489843,-454.679141,48.999460,552.678061,1056.356662,1560.035263,,,,,,,,,,176.675000,149.633333,117.628333,90.458750,176.675000,201.446110,151.903890,189.060555,164.289445
2024-10-04,190.500000,2024-08-14,2024-06-30,0.470000,0.630000,302.380952,881.026989,795.675213,-447.503765,53.771619,555.047003,1056.322387,1557.597771,,,,,,,,,,177.500000,150.416667,118.570833,90.990833,177.500000,202.984774,152.015226,190.242387,164.757613
2024-10-07,194.000000,2024-08-14,2024-06-30,0.470000,0.630000,307.936508,884.754986,791.892918,-440.389436,58.503103,557.395641,1056.288180,1555.180718,,,,,,,,,,179.300000,151.416667,119.583333,91.542083,179.300000,204.060750,154.539250,191.680375,166.919625
2024-10-08,192.000000,2024-08-14,2024-06-30,0.470000,0.630000,304.761905,888.477361,788.066959,-433.223631,63.258553,559.740737,1056.222921,1552.705105,,,,,,,,,,181.150000,152.416667,120.568333,92.085417,181.150000,203.696093,158.603907,192.423047,169.876953
2024-10-09,210.500000,2024-08-14,2024-06-30,0.470000,0.630000,334.126984,892.378739,784.111302,-425.781635,68.208486,562.198606,1056.188726,1550.178846,,,,,,,,,,183.825000,153.508333,121.741667,92.708333,183.825000,206.993206,160.656794,195.409103,172.240897
2024-10-11,207.500000,2024-08-14,2024-06-30,0.470000,0.630000,329.365079,896.160307,780.251069,-418.535353,73.022820,564.580994,1056.139167,1547.697340,,,,,,,,,,185.800000,154.575000,122.931667,93.324583,185.800000,209.999609,161.600391,197.899804,173.700196
2024-10-14,228.000000,2024-08-14,2024-06-30,0.470000,0.630000,361.904762,900.221052,776.147089,-410.806069,78.166597,567.139263,1056.111929,1545.084595,,,,,,,,,,189.000000,156.075000,124.288333,94.029583,189.000000,217.589656,160.410344,203.294828,174.705172
2024-10-15,234.000000,2024-08-14,2024-06-30,0.470000,0.630000,371.428571,904.349944,771.959094,-402.927994,83.406235,569.740465,1056.074694,1542.408924,,,,,,,,,,192.500000,157.633333,125.700833,94.767083,192.500000,225.065723,159.934277,208.782862,176.217138
2024-10-16,229.500000,2024-08-14,2024-06-30,0.470000,0.630000,364.285714,908.361620,767.846093,-395.218257,88.524782,572.267821,1056.010859,1539.753898,,,,,,,,,,195.325000,159.116667,127.105833,95.489167,195.325000,230.468727,160.181273,212.896864,177.753136
2024-10-17,247.000000,2024-08-14,2024-06-30,0.470000,0.630000,392.063492,912.563111,763.582881,-387.199671,93.857544,574.914760,1055.971975,1537.029190,,,,,,,,,,198.700000,160.816667,128.678333,96.287083,198.700000,239.889421,157.510579,219.294711,178.105289
2024-10-18,232.000000,2024-08-14,2024-06-30,0.470000,0.630000,368.253968,916.585419,759.387356,-379.379254,99.034780,577.448814,1055.862848,1534.276882,,,,,,,,,,201.400000,162.216667,130.115833,97.019583,201.400000,243.933702,158.866298,222.666851,180.133149
2024-10-21,230.000000,2024-08-14,2024-06-30,0.470000,0.630000,365.079365,920.602106,755.137656,-371.494119,104.242604,579.979327,1055.716050,1531.452773,,,,,,,,,,204.200000,163.766667,131.525833,97.734167,204.200000,246.511377,161.888623,225.355689,183.044311
2024-10-22,241.500000,2024-08-14,2024-06-30,0.470000,0.630000,383.333333,924.772512,750.727522,-363.309995,109.648344,582.606683,1055.565022,1528.523361,,,,,,,,,,206.950000,165.675000,133.030833,98.485833,206.950000,251.507355,162.392645,229.228678,184.671322
2024-10-23,251.500000,2024-08-14,2024-06-30,0.470000,0.630000,399.206349,929.091219,746.149026,-354.820305,115.253581,585.327468,1055.401355,1525.475241,,,,,,,,,,210.350000,167.766667,134.610833,99.284583,210.350000,257.665403,163.034597,234.007702,186.692298
2024-10-24,229.000000,2024-08-14,2024-06-30,0.470000,0.630000,363.492063,933.134743,741.708110,-346.677331,120.598779,587.874888,1055.150997,1522.427106,,,,,,,,,,212.600000,169.500000,135.991667,99.993333,212.600000,258.908576,166.291424,235.754288,189.445712
2024-10-25,224.000000,2024-08-14,2024-06-30,0.470000,0.630000,355.555556,937.112129,737.270332,-338.579978,125.900332,590.380641,1054.860950,1519.341260,,,,,,,,,,214.375000,171.150000,137.330833,100.679167,214.375000,259.500410,169.249590,236.937705,191.812295
2024-10-28,214.000000,2024-08-14,2024-06-30,0.470000,0.630000,339.682540,940.955637,732.894262,-330.644719,131.078666,592.802051,1054.525437,1516.248822,,,,,,,,,,215.625000,172.575000,138.587500,101.330000,215.625000,259.147378,172.102622,237.386189,193.863811
2024-10-29,220.000000,2024-08-14,2024-06-30,0.470000,0.630000,349.206349,944.880113,728.403126,-322.513468,136.380502,595.274471,1054.168441,1513.062410,,,,,,,,,,216.725000,174.133333,139.893333,101.995417,216.725000,259.477008,173.972992,238.101004,195.348996
2024-10-30,213.500000,2024-08-14,2024-06-30,0.470000,0.630000,338.888889,948.723418,723.927927,-314.453435,141.621159,597.695753,1053.770347,1509.844942,,,,,,,,,,218.275000,175.508333,141.142500,102.630833,218.275000,257.938685,178.611315,238.106842,198.443158
2024-11-01,221.500000,2024-08-14,2024-06-30,0.470000,0.630000,351.587302,952.672543,719.314088,-306.152049,147.015827,600.183702,1053.351577,1506.519453,,,,,,,,,,220.075000,177.225000,142.458333,103.300833,220.075000,256.620970,183.529030,238.347985,201.802015
2024-11-04,234.000000,2024-08-14,2024-06-30,0.470000,0.630000,371.428571,956.827076,714.448424,-297.403956,152.698551,602.801058,1052.903565,1503.006071,,,,,,,,,,222.200000,179.341667,143.857500,104.020000,222.200000,256.631320,187.768680,239.415660,204.984340
2024-11-05,250.000000,2024-08-14,2024-06-30,0.470000,0.630000,396.825397,961.175621,709.378544,-288.276324,158.632158,605.540641,1052.449124,1499.357606,,,,,,,,,,225.175000,181.766667,145.399167,104.812083,225.175000,258.332162,192.017838,241.753581,208.596419
2024-11-06,254.000000,2024-08-14,2024-06-30,0.470000,0.630000,403.174603,965.589896,704.182208,-278.947947,164.686844,608.321635,1051.956426,1495.591216,,,,,,,,,,228.175000,184.150000,146.967500,105.626250,228.175000,260.296931,196.053069,244.235965,212.114035
2024-11-07,251.500000,2024-08-14,2024-06-30,0.470000,0.630000,399.206349,969.985526,698.923429,-269.552639,170.769121,611.090881,1051.412642,1491.734402,,,,,,,,,,231.150000,186.308333,148.507500,106.432917,231.150000,260.021950,202.278050,245.585975,216.714025
2024-11-08,251.500000,2024-08-14,2024-06-30,0.470000,0.630000,399.206349,974.387566,693.586411,-260.054711,176.904728,613.864167,1050.823605,1487.783044,,,,,,,,,,233.200000,188.458333,150.044167,107.249167,233.200000,261.718507,204.681493,247.459254,218.940746
2024-11-11,252.000000,2024-08-14,2024-06-30,0.470000,0.630000,400.000000,969.578042,695.565357,-265.578183,172.627992,610.834167,1049.040341,1487.246516,,,,,,,,,,235.425000,190.541667,151.574167,108.060417,235.425000,262.403110,208.446890,248.914055,221.935945
2024-11-12,252.500000,2024-08-14,2024-06-30,0.470000,0.630000,400.793651,964.239418,697.465169,-271.335279,168.067777,607.470833,1046.873890,1486.276946,,,,,,,,,,236.650000,192.541667,153.070833,108.864583,236.650000,264.421815,208.878185,250.535907,222.764093
2024-11-13,244.000000,2024-08-14,2024-06-30,0.470000,0.630000,387.301587,958.419312,699.354432,-277.382418,163.210874,603.804167,1044.397459,1484.990751,,,,,,,,,,237.150000,194.400000,154.470833,109.647500,237.150000,265.080553,209.219447,251.115276,223.184724
2024-11-14,239.500000,2024-11-14,2024-09-30,1.040000,1.810000,132.320442,950.117221,703.220172,-825.944854,446.883658,1719.712169,2992.540681,4265.369193,,,,,,,,,,237.650000,196.158333,155.808333,110.415417,237.650000,265.361104,209.938896,251.505552,223.794448
2024-11-15,230.000000,2024-11-14,2024-09-30,1.040000,1.810000,127.071823,941.759486,707.013950,-854.805830,424.889419,1704.584669,2984.279919,4263.975169,,,,,,,,,,236.800000,197.708333,157.065833,111.141667,236.800000,264.345942,209.254058,250.572971,223.027029
2024-11-18,222.500000,2024-11-14,2024-09-30,1.040000,1.810000,122.928177,933.283887,710.704134,-883.505127,402.869354,1689.243836,2975.618318,4261.992799,,,,,,,,,,236.325000,199.133333,158.255000,111.836667,236.325000,264.538985,208.111015,250.431992,222.218008
2024-11-19,230.000000,2024-11-14,2024-09-30,1.040000,1.810000,127.071823,924.866629,714.242037,-911.547577,381.230510,1674.008598,2966.786686,4259.564773,,,,,,,,,,236.325000,200.658333,159.508333,112.558333,236.325000,264.538985,208.111015,250.431992,222.218008
2024-11-20,222.000000,2024-11-14,2024-09-30,1.040000,1.810000,122.651934,915.472061,717.336967,-939.755390,358.624520,1657.004431,2955.384342,4253.764253,,,,,,,,,,235.350000,202.033333,160.629167,113.241250,235.350000,264.152595,206.547405,249.751297,220.948703
2024-11-21,229.500000,2024-11-14,2024-09-30,1.040000,1.810000,126.795580,905.076310,719.667516,-967.008285,335.589918,1638.188122,2940.786325,4243.384529,,,,,,,,,,234.250000,203.575000,161.740000,113.952500,234.250000,262.120943,206.379057,248.185472,220.314528
2024-11-22,226.000000,2024-11-14,2024-09-30,1.040000,1.810000,124.861878,894.462064,721.717817,-993.642162,312.667087,1618.976336,2925.285585,4231.594834,,,,,,,,,,234.100000,204.975000,162.807500,114.651667,234.100000,262.121796,206.078204,248.110898,220.089102
2024-11-25,239.500000,2024-11-14,2024-09-30,1.040000,1.810000,132.320442,884.159973,723.713930,-1019.514878,290.407336,1600.329550,2910.251764,4220.173978,,,,,,,,,,234.875000,206.691667,164.005000,115.413333,234.875000,262.576178,207.173822,248.725589,221.024411
2024-11-26,239.000000,2024-11-14,2024-09-30,1.040000,1.810000,132.044199,874.069865,725.702895,-1044.978025,268.544215,1582.066455,2895.588695,4209.110935,,,,,,,,,,236.125000,208.250000,165.213333,116.165833,236.125000,262.059888,210.190112,249.092444,223.157556
2024-11-27,244.000000,2024-11-14,2024-09-30,1.040000,1.810000,134.806630,864.657539,727.920539,-1070.042206,247.493970,1565.030146,2882.566321,4200.102497,,,,,,,,,,237.325000,209.650000,166.509167,116.937500,237.325000,262.322421,212.327579,249.823710,224.826290
2024-11-28,232.500000,2024-11-14,2024-09-30,1.040000,1.810000,128.453039,855.204171,730.068716,-1094.929200,226.495175,1547.919550,2869.343926,4190.768301,,,,,,,,,,238.275000,210.658333,167.710000,117.657083,238.275000,260.779912,215.770088,249.527456,227.022544
2024-11-29,244.500000,2024-11-14,2024-09-30,1.040000,1.810000,135.082873,846.103672,732.196748,-1119.104582,206.171532,1531.447646,2856.723759,4181.999873,,,,,,,,,,239.425000,211.841667,169.031667,118.414583,239.425000,260.633923,218.216077,250.029462,228.820538
2024-12-02,242.500000,2024-11-14,2024-09-30,1.040000,1.810000,133.977901,837.374916,734.405806,-1142.900419,186.374090,1515.648598,2844.923106,4174.197615,,,,,,,,,,239.850000,212.908333,170.363333,119.166667,239.850000,260.941530,218.758470,250.395765,229.304235
2024-12-03,242.500000,2024-11-14,2024-09-30,1.040000,1.810000,133.977901,828.372351,736.365448,-1166.288967,166.532494,1499.353955,2832.175416,4164.996877,,,,,,,,,,239.475000,214.050000,171.675833,119.920833,239.475000,260.067474,218.882526,249.771237,229.178763
2024-12-04,266.500000,2024-11-14,2024-09-30,1.040000,1.810000,147.237569,819.182664,737.938847,-1188.618006,147.051308,1482.720622,2818.389935,4154.059249,,,,,,,,,,240.100000,215.858333,173.167500,120.756250,240.100000,263.159648,217.040352,251.629824,228.570176
2024-12-05,255.000000,2024-11-14,2024-09-30,1.040000,1.810000,140.883978,809.880507,739.405801,-1210.765283,127.559217,1465.883717,2804.208217,4142.532717,,,,,,,,,,240.275000,217.525000,174.559167,121.549583,240.275000,263.748333,216.801667,252.011667,228.538333
2024-12-06,251.000000,2024-11-14,2024-09-30,1.040000,1.810000,138.674033,800.440885,740.693466,-1232.512344,108.142829,1448.798003,2789.453176,4130.108350,,,,,,,,,,240.250000,219.091667,175.909167,122.328750,240.250000,263.674009,216.825991,251.962005,228.537995
2024-12-09,241.000000,2024-11-14,2024-09-30,1.040000,1.810000,133.149171,790.193319,741.353266,-1253.448915,88.400496,1430.249907,2772.099319,4113.948730,,,,,,,,,,239.700000,220.308333,177.122500,123.072500,239.700000,262.469786,216.930214,251.084893,228.315107
2024-12-10,240.500000,2024-11-14,2024-09-30,1.040000,1.810000,132.872928,780.062498,741.964931,-1273.999928,68.956597,1411.913122,2754.869647,4097.826172,,,,,,,,,,239.100000,221.583333,178.340000,123.823333,239.100000,261.067919,217.132081,250.083960,228.116040
2024-12-11,243.000000,2024-11-14,2024-09-30,1.040000,1.810000,134.254144,769.895568,742.389144,-1293.937721,49.786629,1393.510979,2737.235329,4080.959679,,,,,,,,,,239.050000,222.900000,179.575000,124.583333,239.050000,260.975472,217.124528,250.012736,228.087264
2024-12-12,247.000000,2024-11-14,2024-09-30,1.040000,1.810000,136.464088,758.651817,741.673803,-1311.699379,30.730205,1373.159788,2715.589372,4058.018956,,,,,,,,,,239.425000,224.133333,180.766667,125.361667,239.425000,261.637550,217.212450,250.531275,228.318725
2024-12-13,257.500000,2024-11-14,2024-09-30,1.040000,1.810000,142.265193,746.861170,740.118011,-1327.408484,12.205116,1351.818717,2691.432317,4031.045918,,,,,,,,,,240.800000,225.433333,182.004167,126.192917,240.800000,263.941214,217.658786,252.370607,229.229393
2024-12-16,232.000000,2024-11-14,2024-09-30,1.040000,1.810000,128.176796,733.703119,736.931174,-1339.688206,-5.842780,1328.002646,2661.848071,3995.693497,,,,,,,,,,241.275000,226.333333,182.941667,126.920833,241.275000,263.192249,219.357751,252.233624,230.316376
2024-12-17,236.000000,2024-11-14,2024-09-30,1.040000,1.810000,130.386740,720.265866,733.066374,-1350.019058,-23.168920,1303.681217,2630.531354,3957.381492,,,,,,,,,,241.575000,227.366667,183.891667,127.666667,241.575000,263.001189,220.148811,252.288095,230.861905
2024-12-18,249.000000,2024-11-14,2024-09-30,1.040000,1.810000,137.569061,707.840846,730.171855,-1362.030184,-40.419126,1281.191931,2602.802989,3924.414046,,,,,,,,,,242.925000,228.408333,185.016667,128.461250,242.925000,262.478637,223.371363,252.701819,233.148181
2024-12-19,257.000000,2024-11-14,2024-09-30,1.040000,1.810000,141.988950,695.333611,726.868053,-1372.708515,-57.077340,1258.553836,2574.185012,3889.816187,,,,,,,,,,244.300000,229.633333,186.200000,129.290417,244.300000,263.746012,224.853988,254.023006,234.576994
2024-12-20,255.500000,2024-11-14,2024-09-30,1.040000,1.810000,141.160221,681.450422,721.343180,-1377.837046,-72.205891,1233.425265,2539.056420,3844.687575,,,,,,,,,,245.775000,230.825000,187.275000,130.111250,245.775000,263.799764,227.750236,254.787382,236.762618
2024-12-23,259.000000,2024-11-14,2024-09-30,1.040000,1.810000,143.093923,667.940491,716.054639,-1383.145504,-87.086608,1208.972288,2505.031185,3801.090081,,,,,,,,,,246.750000,232.000000,188.404167,130.948750,246.750000,265.442808,228.057192,256.096404,237.403596
2024-12-24,262.500000,2024-11-14,2024-09-30,1.040000,1.810000,145.027624,654.446673,710.456063,-1387.302469,-101.376995,1184.548479,2470.473953,3756.399427,,,,,,,,,,247.925000,233.225000,189.562500,131.799167,247.925000,267.500159,228.349841,257.712579,238.137421
2024-12-25,286.000000,2024-11-14,2024-09-30,1.040000,1.810000,158.011050,640.287242,703.179465,-1386.589754,-113.834923,1158.919907,2431.674738,3704.429569,,,,,,,,,,250.025000,234.691667,190.862500,132.732500,250.025000,275.843139,224.206861,262.934070,237.115930
2024-12-26,288.000000,2024-11-14,2024-09-30,1.040000,1.810000,159.116022,626.732256,696.560432,-1387.163382,-126.388999,1134.385384,2395.159766,3655.934149,,,,,,,,,,252.800000,236.450000,192.220833,133.667917,252.800000,282.348177,223.251823,267.574088,238.025912
2024-12-27,291.000000,2024-11-14,2024-09-30,1.040000,1.810000,160.773481,611.702988,686.847253,-1379.204649,-136.011121,1107.182407,2350.375935,3593.569464,,,,,,,,,,255.125000,238.208333,193.500000,134.620833,255.125000,288.933867,221.316133,272.029433,238.220567
2024-12-30,281.000000,2024-11-14,2024-09-30,1.040000,1.810000,155.248619,596.211012,675.822878,-1367.336886,-144.097477,1079.141931,2302.381340,3525.620748,,,,,,,,,,257.050000,239.700000,194.666667,135.536250,257.050000,292.190170,221.909830,274.620085,239.479915
2024-12-31,287.000000,2024-11-14,2024-09-30,1.040000,1.810000,158.563536,580.449041,663.577464,-1351.537654,-150.462445,1050.612765,2251.687974,3452.763183,,,,,,,,,,259.275000,241.308333,195.862500,136.488333,259.275000,296.129586,222.420414,277.702293,240.847707
2025-01-02,274.000000,2024-11-14,2024-09-30,1.040000,1.810000,151.381215,565.758170,653.233401,-1340.682624,-158.330168,1024.022288,2206.374745,3388.727201,,,,,,,,,,259.650000,242.641667,197.029167,137.389583,259.650000,296.963889,222.336111,278.306945,240.993055
2025-01-03,283.500000,2024-11-14,2024-09-30,1.040000,1.810000,156.629834,551.349133,642.860851,-1329.214348,-165.636208,997.941931,2161.520071,3325.098211,,,,,,,,,,261.075000,244.166667,198.291667,138.334167,261.075000,299.791616,222.358384,280.433308,241.716692
2025-01-06,276.500000,2024-11-14,2024-09-30,1.040000,1.810000,152.762431,535.360249,628.434705,-1305.931582,-168.464766,969.002050,2106.468867,3243.935683,,,,,,,,,,262.350000,245.266667,199.387500,139.252083,262.350000,301.348111,223.351889,281.849055,242.850945
2025-01-07,290.000000,2024-11-14,2024-09-30,1.040000,1.810000,160.220994,519.612090,613.664613,-1280.968015,-170.235066,940.497884,2051.230833,3161.963782,,,,,,,,,,264.800000,246.641667,200.608333,140.225417,264.800000,304.304030,225.295970,284.552015,245.047985
2025-01-08,312.500000,2024-11-14,2024-09-30,1.040000,1.810000,172.651934,504.622285,599.714032,-1257.598461,-172.116062,913.366336,1998.848734,3084.331133,,,,,,,,,,268.400000,248.050000,202.062500,141.292917,268.400000,311.535771,225.264229,289.967885,246.832115
2025-01-09,312.000000,2024-11-14,2024-09-30,1.040000,1.810000,172.375691,489.332559,584.275319,-1229.384724,-171.846396,885.691931,1943.230259,3000.768587,,,,,,,,,,271.850000,249.350000,203.491667,142.346667,271.850000,317.401706,226.298294,294.625853,249.074147
2025-01-10,314.500000,2024-11-14,2024-09-30,1.040000,1.810000,173.756906,474.054342,567.996399,-1198.108605,-170.035122,858.038360,1886.111842,2914.185324,,,,,,,,,,275.225000,250.766667,204.941667,143.412917,275.225000,322.973767,227.476233,299.099383,251.350617
2025-01-13,285.000000,2024-11-14,2024-09-30,1.040000,1.810000,157.458564,458.104592,549.330152,-1159.405839,-165.118263,829.169312,1823.456888,2817.744463,,,,,,,,,,276.600000,251.400000,206.108333,144.349583,276.600000,323.780058,229.419942,300.190029,253.009971
2025-01-14,289.000000,2024-11-14,2024-09-30,1.040000,1.810000,159.668508,441.816116,528.388710,-1113.079959,-156.696395,799.687169,1756.070734,2712.454298,,,,,,,,,,279.450000,252.350000,207.283333,145.304167,279.450000,321.939503,236.960497,300.694752,258.205248
2025-01-15,289.000000,2024-11-14,2024-09-30,1.040000,1.810000,159.668508,426.837163,510.236628,-1074.481331,-150.953033,772.575265,1696.103562,2619.631860,,,,,,,,,,282.100000,253.333333,208.550000,146.260000,282.100000,319.483644,244.716356,300.791822,263.408178
2025-01-16,317.500000,2024-11-14,2024-09-30,1.040000,1.810000,175.414365,413.179901,494.477452,-1042.152753,-147.148566,747.855622,1642.859809,2537.863997,,,,,,,,,,285.525000,254.600000,210.137500,147.337083,285.525000,322.691022,248.358978,304.108011,266.941989
2025-01-17,313.000000,2024-11-14,2024-09-30,1.040000,1.810000,172.928177,399.620970,478.169089,-1007.658147,-142.172096,723.313955,1588.800006,2454.286057,,,,,,,,,,288.325000,255.625000,211.695833,148.396250,288.325000,324.875290,251.774710,306.600145,270.049855
2025-01-20,324.000000,2024-11-14,2024-09-30,1.040000,1.810000,179.005525,386.231730,461.225437,-970.556650,-135.738609,699.079431,1533.897472,2368.715512,,,,,,,,,,291.750000,257.208333,213.354167,149.494167,291.750000,328.186679,255.313321,309.968340,273.531660
2025-01-21,333.500000,2024-11-14,2024-09-30,1.040000,1.810000,184.254144,372.886229,443.208420,-929.490407,-127.283166,674.924074,1477.131315,2279.338555,,,,,,,,,,295.475000,259.033333,215.091667,150.631667,295.475000,333.029837,257.920163,314.252419,276.697581
2025-01-22,334.500000,2024-11-14,2024-09-30,1.040000,1.810000,184.806630,359.128665,422.561281,-879.648953,-114.813035,650.022884,1414.858802,2179.694720,,,,,,,,,,299.075000,261.041667,216.808333,151.766667,299.075000,337.121059,261.028941,318.098030,280.051970
2025-02-03,301.500000,2024-11-14,2024-09-30,1.040000,1.810000,166.574586,345.457263,401.324586,-827.517356,-101.119855,625.277646,1351.675146,2078.072647,,,,,,,,,,299.850000,262.400000,218.266667,152.770000,299.850000,337.402910,262.297090,318.626455,281.073545
2025-02-04,280.500000,2024-11-14,2024-09-30,1.040000,1.810000,154.972376,331.153461,376.287187,-762.771852,-81.692044,599.387765,1280.467573,1961.547381,,,,,,,,,,299.475000,263.516667,219.512500,153.690833,299.475000,337.670446,261.279554,318.572723,280.377277
2025-02-05,285.000000,2024-11-14,2024-09-30,1.040000,1.810000,157.458564,318.358473,355.103739,-709.246699,-66.508932,576.228836,1218.966604,1861.704371,,,,,,,,,,299.175000,264.575000,220.900000,154.621250,299.175000,337.743156,260.606844,318.459078,279.890922
2025-02-06,297.500000,2024-11-14,2024-09-30,1.040000,1.810000,164.364641,306.990083,337.431363,-665.849485,-55.098717,555.652050,1166.402818,1777.153585,,,,,,,,,,300.000000,265.633333,222.487500,155.602500,300.000000,337.625579,262.374421,318.812790,281.187210
2025-02-07,304.000000,2024-11-14,2024-09-30,1.040000,1.810000,167.955801,295.949239,319.502671,-620.931548,-42.631713,535.668122,1113.967957,1692.267792,,,,,,,,,,300.850000,266.533333,224.150000,156.609583,300.850000,338.004160,263.695840,319.427080,282.272920
2025-02-10,308.000000,2024-11-14,2024-09-30,1.040000,1.810000,170.165746,284.153001,296.809114,-560.132060,-22.907564,514.316931,1051.541427,1588.765923,,,,,,,,,,302.550000,267.433333,225.791667,157.635417,302.550000,337.582166,267.517834,320.066083,285.033917
2025-02-11,338.500000,2024-11-14,2024-09-30,1.040000,1.810000,187.016575,271.187663,264.810509,-467.764372,11.542649,490.849669,970.156690,1449.463711,,,,,,,,,,305.300000,268.883333,227.595833,158.790000,305.300000,342.597382,268.002618,323.948691,286.651309
2025-02-12,315.000000,2024-11-14,2024-09-30,1.040000,1.810000,174.033149,258.054606,227.272536,-355.647744,55.715546,467.078836,878.442126,1289.805416,,,,,,,,,,307.225000,269.941667,229.200000,159.847917,307.225000,342.163254,272.286746,324.694127,289.755873
2025-02-13,310.000000,2024-11-14,2024-09-30,1.040000,1.810000,171.270718,244.362814,176.565369,-196.869943,122.713375,442.296693,761.880011,1081.463329,,,,,,,,,,308.225000,270.908333,230.725000,160.871667,308.225000,342.219543,274.230457,325.222271,291.227729
2025-02-14,300.500000,2024-11-14,2024-09-30,1.040000,1.810000,166.022099,229.972522,90.452563,88.811986,252.531125,416.250265,579.969404,743.688543,,,,,,,,,,307.625000,271.708333,232.125000,161.829167,307.625000,341.725278,273.524722,324.675139,290.574861
2025-02-17,298.500000,2024-11-14,2024-09-30,1.040000,1.810000,164.917127,229.594186,90.630239,87.484012,251.524744,415.565476,579.606208,743.646941,,,,,,,,,,306.950000,272.616667,233.508333,162.784583,306.950000,341.219674,272.680326,324.084837,289.815163
2025-02-18,292.500000,2024-11-14,2024-09-30,1.040000,1.810000,161.602210,229.168384,90.830097,85.989826,250.392300,414.794775,579.197250,743.599725,,,,,,,,,,305.850000,273.500000,234.829167,163.720000,305.850000,340.509395,271.190605,323.179698,288.520302
2025-02-19,301.500000,2024-11-14,2024-09-30,1.040000,1.810000,166.574586,228.744336,91.003832,84.593377,249.310313,414.027249,578.744184,743.461120,,,,,,,,,,306.675000,274.691667,236.200000,164.689167,306.675000,340.004732,273.345268,323.339866,290.010134
2025-02-20,291.000000,2024-11-14,2024-09-30,1.040000,1.810000,160.773481,228.271946,91.209792,82.992773,248.082498,413.172222,578.261947,743.351671,,,,,,,,,,306.775000,275.833333,237.483333,165.617917,306.775000,339.892772,273.657228,323.333886,290.216114
2025-02-21,297.000000,2024-11-14,2024-09-30,1.040000,1.810000,164.088398,227.807339,91.394908,81.481717,246.906500,412.331283,577.756066,743.180849,,,,,,,,,,307.175000,276.950000,238.804167,166.562083,307.175000,339.574277,274.775723,323.374639,290.975361
2025-02-24,299.500000,2024-11-14,2024-09-30,1.040000,1.810000,165.469613,227.341014,91.570319,80.002680,245.744958,411.487235,577.229513,742.971791,,,,,,,,,,306.275000,278.241667,240.137500,167.487500,306.275000,338.466001,274.083999,322.370500,290.179500
2025-02-25,288.500000,2024-11-14,2024-09-30,1.040000,1.810000,159.392265,226.857114,91.776170,78.381640,244.496508,410.611376,576.726244,742.841112,,,,,,,,,,305.050000,279.225000,241.400000,168.399167,305.050000,338.018725,272.081275,321.534363,288.565637
2025-02-26,285.000000,2024-11-14,2024-09-30,1.040000,1.810000,157.458564,226.290961,91.994544,76.566389,243.076515,409.586640,576.096766,742.606891,,,,,,,,,,303.100000,280.208333,242.591667,169.305417,303.100000,335.962713,270.237287,319.531356,286.668644
2025-02-27,272.500000,2024-11-14,2024-09-30,1.040000,1.810000,150.552486,225.740010,92.250290,74.643367,241.616393,408.589418,575.562443,742.535469,,,,,,,,,,300.050000,280.758333,243.725000,170.140000,300.050000,332.351051,267.748949,316.200525,283.899475
2025-03-03,263.500000,2024-11-14,2024-09-30,1.040000,1.810000,145.580110,225.028574,92.538501,72.312348,239.807034,407.301720,574.796406,742.291091,,,,,,,,,,296.500000,281.166667,244.708333,170.918750,296.500000,328.463795,264.536205,312.481898,280.518102
2025-03-04,265.000000,2024-11-14,2024-09-30,1.040000,1.810000,146.408840,224.132246,92.776440,69.828653,237.754009,405.679365,573.604721,741.530077,,,,,,,,,,294.675000,281.516667,245.583333,171.690417,294.675000,329.478622,259.871378,312.076811,277.273189
2025-03-05,274.500000,2024-11-14,2024-09-30,1.040000,1.810000,151.657459,223.120926,92.900458,67.549217,235.699047,403.848876,571.998705,740.148534,,,,,,,,,,294.375000,282.216667,246.437500,172.507083,294.375000,329.791135,258.958865,312.083068,276.666932
2025-03-06,270.000000,2024-11-14,2024-09-30,1.040000,1.810000,149.171271,222.069046,93.018112,65.219409,233.582191,401.944974,570.307756,738.670538,,,,,,,,,,293.625000,282.641667,247.241667,173.317083,293.625000,330.483013,256.766987,312.054007,275.195993
2025-03-07,265.000000,2024-11-14,2024-09-30,1.040000,1.810000,146.408840,220.928009,93.100057,62.857491,231.368593,399.879696,568.390798,736.901901,,,,,,,,,,292.000000,283.016667,247.962500,174.127500,292.000000,330.945306,253.054694,311.472653,272.527347
2025-03-10,256.000000,2024-11-14,2024-09-30,1.040000,1.810000,141.436464,219.805059,93.240472,60.316648,229.081902,397.847156,566.612410,735.377664,,,,,,,,,,289.600000,283.241667,248.645833,174.893333,289.600000,331.253458,247.946542,310.426729,268.773271
2025-03-11,248.000000,2024-11-14,2024-09-30,1.040000,1.810000,137.016575,218.856916,93.500831,57.658009,226.894514,396.131019,565.367523,734.604028,,,,,,,,,,286.600000,282.933333,249.395833,175.625000,286.600000,331.211304,241.988696,308.905652,264.294348
2025-03-12,266.000000,2024-11-14,2024-09-30,1.040000,1.810000,146.961326,218.031329,93.696047,55.457015,225.046861,394.636706,564.226552,733.816397,,,,,,,,,,282.975000,283.116667,250.320833,176.439583,282.975000,321.147014,244.802986,302.061007,263.888993
2025-03-13,258.500000,2024-11-14,2024-09-30,1.040000,1.810000,142.817680,217.144757,93.901694,53.107877,223.069944,393.032011,562.994077,732.956144,,,,,,,,,,280.150000,283.241667,251.166667,177.227917,280.150000,316.669786,243.630214,298.409893,261.890107
2025-03-14,268.500000,2024-11-14,2024-09-30,1.040000,1.810000,148.342541,216.158723,93.998503,50.972708,221.109998,391.247288,561.384579,731.521869,,,,,,,,,,278.075000,283.700000,252.004167,178.060000,278.075000,312.083165,244.066835,295.079082,261.070918
2025-03-17,274.000000,2024-11-14,2024-09-30,1.040000,1.810000,151.381215,215.250921,94.094434,48.982314,219.293241,389.604167,559.915093,730.226019,,,,,,,,,,276.750000,284.258333,252.920833,178.905833,276.750000,309.104126,244.395874,292.927063,260.572937
2025-03-18,273.000000,2024-11-14,2024-09-30,1.040000,1.810000,150.828729,214.338515,94.184562,47.004597,217.478654,387.952712,558.426769,728.900826,,,,,,,,,,275.475000,284.758333,253.829167,179.749583,275.475000,306.188404,244.761596,290.831702,260.118298
2025-03-19,271.500000,2024-11-14,2024-09-30,1.040000,1.810000,150.000000,213.300155,94.201434,45.064090,215.568685,386.073280,556.577876,727.082471,,,,,,,,,,274.425000,285.166667,254.650000,180.593333,274.425000,304.106245,244.743755,289.265623,259.584377
2025-03-20,278.000000,2024-11-14,2024-09-30,1.040000,1.810000,153.591160,212.205743,94.125218,43.359104,213.725749,384.092394,554.459039,724.825684,,,,,,,,,,273.250000,285.508333,255.470833,181.443333,273.250000,300.148444,246.351556,286.699222,259.800778
2025-03-21,281.500000,2024-11-14,2024-09-30,1.040000,1.810000,155.524862,211.147286,94.041769,41.745383,211.960985,382.176587,552.392190,722.607792,,,,,,,,,,272.775000,286.333333,256.333333,182.299583,272.775000,298.670488,246.879512,285.722744,259.827256
2025-03-24,270.500000,2024-11-14,2024-09-30,1.040000,1.810000,149.447514,210.091094,94.016852,39.923876,210.094379,380.264881,550.435383,720.605885,,,,,,,,,,271.450000,286.908333,257.137500,183.114167,271.450000,294.703523,248.196477,283.076761,259.823239
2025-03-25,277.000000,2024-11-14,2024-09-30,1.040000,1.810000,153.038674,208.899486,93.824431,38.463628,208.285849,378.108069,547.930289,717.752509,,,,,,,,,,270.325000,287.375000,257.891667,183.962083,270.325000,289.721893,250.928107,280.023447,260.626553
2025-03-26,272.000000,2024-11-14,2024-09-30,1.040000,1.810000,150.276243,207.724539,93.666940,36.907092,206.444253,375.981415,545.518577,715.055739,,,,,,,,,,269.500000,287.625000,258.629167,184.793333,269.500000,286.947666,252.052334,278.223833,260.776167
2025-03-27,268.500000,2024-11-14,2024-09-30,1.040000,1.810000,148.342541,206.526864,93.498170,35.350250,204.581937,373.813624,543.045311,712.276999,,,,,,,,,,268.675000,287.841667,259.333333,185.599167,268.675000,284.523875,252.826125,276.599438,260.750562
2025-03-28,248.000000,2024-11-14,2024-09-30,1.040000,1.810000,137.016575,205.175283,93.319277,33.551480,202.459371,371.367262,540.275153,709.183044,,,,,,,,,,267.450000,287.658333,259.829167,186.324167,267.450000,285.664800,249.235200,276.557400,258.342600
2025-03-31,235.000000,2025-03-31,2024-12-31,2.000000,3.820000,61.518325,203.187936,93.820929,59.386013,417.781963,776.177914,1134.573864,1492.969815,,,,,,,,,,266.025000,287.200000,260.212500,186.991250,266.025000,289.297923,242.752077,277.661462,254.388538
2025-04-01,232.500000,2025-03-31,2024-12-31,2.000000,3.820000,60.863874,201.076087,94.150777,48.798717,408.454685,768.110652,1127.766619,1487.422586,,,,,,,,,,264.400000,286.308333,260.500000,187.648333,264.400000,292.093054,236.706946,278.246527,250.553473
2025-04-02,234.000000,2025-03-31,2024-12-31,2.000000,3.820000,61.256545,199.172537,94.652104,37.697020,399.268055,760.839091,1122.410126,1483.981162,,,,,,,,,,262.375000,285.408333,260.929167,188.306250,262.375000,292.751367,231.998633,277.563184,247.186816
2025-04-07,211.000000,2025-03-31,2024-12-31,2.000000,3.820000,55.235602,197.179130,95.146403,26.305755,389.765016,753.224276,1116.683537,1480.142797,,,,,,,,,,259.425000,284.075000,261.141667,188.890417,259.425000,297.233764,221.616236,278.329382,240.520618
2025-04-08,190.000000,2025-03-31,2024-12-31,2.000000,3.820000,49.738220,195.060546,95.578030,14.915135,380.023211,745.131287,1110.239362,1475.347438,,,,,,,,,,255.675000,282.558333,261.129167,189.378750,255.675000,304.444355,206.905645,280.059678,231.290322
2025-04-09,171.000000,2025-03-31,2024-12-31,2.000000,3.820000,44.764398,192.913742,96.039305,3.190199,370.060346,736.930493,1103.800640,1470.670787,,,,,,,,,,251.425000,280.625000,260.966667,189.768750,251.425000,313.164926,189.685074,282.294963,220.555037
2025-04-10,188.000000,2025-03-31,2024-12-31,2.000000,3.820000,49.214660,190.757726,96.339020,-7.335602,360.679456,728.694514,1096.709572,1464.724631,,,,,,,,,,248.425000,279.191667,260.916667,190.250000,248.425000,316.383404,180.466596,282.404202,214.445798
2025-04-11,192.500000,2025-03-31,2024-12-31,2.000000,3.820000,50.392670,188.637983,96.607576,-17.484784,351.556155,720.597094,1089.638032,1458.678971,,,,,,,,,,244.750000,277.675000,260.920833,190.744583,244.750000,316.547596,172.952404,280.648798,208.851202
2025-04-14,188.000000,2025-03-31,2024-12-31,2.000000,3.820000,49.214660,186.263713,96.502935,-25.755042,342.886171,711.527385,1080.168598,1448.809812,,,,,,,,,,241.225000,276.200000,260.733333,191.237500,241.225000,316.992980,165.457020,279.108990,203.341010
2025-04-15,206.500000,2025-03-31,2024-12-31,2.000000,3.820000,54.057592,183.969484,96.344707,-33.310133,334.726648,702.763430,1070.800211,1438.836992,,,,,,,,,,238.125000,274.808333,260.725000,191.828333,238.125000,314.266748,161.983252,276.195874,200.054126
2025-04-16,199.500000,2025-03-31,2024-12-31,2.000000,3.820000,52.225131,181.388821,95.683760,-38.118629,327.393333,692.905295,1058.417257,1423.929219,,,,,,,,,,234.400000,272.925000,260.487500,192.387917,234.400000,310.441263,158.358737,272.420632,196.379368
2025-04-17,195.500000,2025-03-31,2024-12-31,2.000000,3.820000,51.178010,178.720066,94.800787,-41.567362,320.571645,682.710652,1044.849659,1406.988666,,,,,,,,,,230.525000,270.983333,260.166667,192.933750,230.525000,306.181756,154.868244,268.353378,192.696622
2025-04-18,196.500000,2025-03-31,2024-12-31,2.000000,3.820000,51.439791,176.113017,93.952678,-45.046735,313.852494,672.751723,1031.650952,1390.550182,,,,,,,,,,226.775000,269.016667,259.891667,193.498750,226.775000,301.306855,152.243145,264.040927,189.509073
2025-04-21,182.000000,2025-03-31,2024-12-31,2.000000,3.820000,47.643979,173.242854,92.550541,-45.298433,308.244634,661.787702,1015.330770,1368.873837,,,,,,,,,,221.975000,267.300000,259.350000,194.014167,221.975000,294.965609,148.984391,258.470304,185.479696
2025-04-22,181.000000,2025-03-31,2024-12-31,2.000000,3.820000,47.382199,170.568923,91.498280,-47.473577,302.049853,651.573284,1001.096715,1350.620146,,,,,,,,,,216.950000,265.500000,258.925000,194.520417,216.950000,286.439795,147.460205,251.694897,182.205103
2025-04-23,192.500000,2025-03-31,2024-12-31,2.000000,3.820000,50.392670,167.946533,90.379363,-48.942578,296.306590,641.555758,986.804926,1332.054093,,,,,,,,,,213.050000,263.891667,258.612500,195.069167,213.050000,278.524704,147.575296,245.787352,180.312648
2025-04-24,192.000000,2025-03-31,2024-12-31,2.000000,3.820000,50.261780,165.170937,88.809911,-47.554744,291.699118,630.952980,970.206842,1309.460703,,,,,,,,,,208.800000,261.800000,258.200000,195.615417,208.800000,267.478787,150.121213,238.139393,179.460607
2025-04-25,195.500000,2025-03-31,2024-12-31,2.000000,3.820000,51.178010,162.270701,86.761980,-42.987447,288.443315,619.874078,951.304840,1282.735602,,,,,,,,,,204.975000,259.841667,257.733333,196.172083,204.975000,255.748465,154.201535,230.361732,179.588268
2025-04-28,204.000000,2025-03-31,2024-12-31,2.000000,3.820000,53.403141,159.686627,85.324399,-41.875492,284.063711,610.002914,935.942117,1261.881320,,,,,,,,,,201.750000,257.841667,257.525000,196.758333,201.750000,242.796187,160.703813,222.273094,181.226906
2025-04-29,210.000000,2025-03-31,2024-12-31,2.000000,3.820000,54.973822,157.181779,83.926605,-40.764868,279.834763,600.434395,921.034027,1241.633659,,,,,,,,,,199.850000,255.783333,257.408333,197.369583,199.850000,234.972492,164.727508,217.411246,182.288754
2025-04-30,205.500000,2025-03-31,2024-12-31,2.000000,3.820000,53.795812,154.799389,82.751951,-40.891241,275.221214,591.333668,907.446122,1223.558576,,,,,,,,,,198.375000,253.633333,257.337500,197.962500,198.375000,229.536506,167.213494,213.955753,182.794247
2025-05-02,209.500000,2025-03-31,2024-12-31,2.000000,3.820000,54.842932,152.346361,81.290718,-39.097985,271.432557,581.963099,892.493641,1203.024182,,,,,,,,,,197.225000,252.100000,257.250000,198.571667,197.225000,224.544696,169.905304,210.884848,183.565152
2025-05-05,198.000000,2025-03-31,2024-12-31,2.000000,3.820000,51.832461,149.954224,79.968049,-38.130755,267.347191,572.825136,878.303081,1183.781027,,,,,,,,,,195.425000,250.725000,257.120833,199.131667,195.425000,216.594181,174.255819,206.009590,184.840410
2025-05-06,205.000000,2025-03-31,2024-12-31,2.000000,3.820000,53.664921,147.471538,78.261995,-34.580371,264.380451,563.341273,862.302096,1161.262918,,,,,,,,,,195.125000,249.391667,256.983333,199.720833,195.125000,215.520755,174.729245,205.322878,184.927122
2025-05-07,203.500000,2025-03-31,2024-12-31,2.000000,3.820000,53.272251,144.820235,75.966660,-27.171983,263.020657,553.213297,843.405937,1133.598577,,,,,,,,,,195.800000,247.825000,256.729167,200.293333,195.800000,216.374384,175.225616,206.087192,185.512808
2025-05-08,186.000000,2025-03-31,2024-12-31,2.000000,3.820000,48.691099,141.919116,72.845255,-14.406723,263.862150,542.131022,820.399895,1098.668767,,,,,,,,,,196.550000,245.858333,256.195833,200.797500,196.550000,214.204282,178.895718,205.377141,187.722859
2025-05-09,204.500000,2025-03-31,2024-12-31,2.000000,3.820000,53.534031,139.005444,69.209465,2.240483,266.620640,531.000797,795.380954,1059.761111,,,,,,,,,,197.375000,244.133333,255.783333,201.375417,197.375000,214.888529,179.861471,206.131764,188.618236
2025-05-12,209.000000,2025-03-31,2024-12-31,2.000000,3.820000,54.712042,136.134658,65.363621,20.656328,270.345362,520.034395,769.723429,1019.412462,,,,,,,,,,198.200000,241.975000,255.429167,201.968333,198.200000,216.291580,180.108420,207.245790,189.154210
2025-05-13,208.500000,2025-03-31,2024-12-31,2.000000,3.820000,54.581152,133.262782,61.142518,41.934988,275.499407,509.063826,742.628246,976.192665,,,,,,,,,,199.225000,240.200000,255.070833,202.557500,199.225000,217.205911,181.244089,208.215455,190.234545
2025-05-14,214.500000,2025-03-31,2024-12-31,2.000000,3.820000,56.151832,130.397380,56.411050,67.137568,282.627780,498.117993,713.608206,929.098418,,,,,,,,,,199.625000,238.608333,254.758333,203.166250,199.625000,218.614956,180.635044,209.119978,190.130022
2025-05-15,217.500000,2025-05-15,2025-03-31,2.340000,5.850000,37.179487,127.367262,51.298781,144.902748,445.000617,745.098485,1045.196353,1345.294221,,,,,,,,,,200.525000,237.225000,254.466667,203.768750,200.525000,221.127695,179.922305,210.826348,190.223652
2025-05-16,213.500000,2025-05-15,2025-03-31,2.340000,5.850000,36.495726,124.443880,46.092934,188.709372,458.353035,727.996699,997.640363,1267.284026,,,,,,,,,,201.425000,235.808333,254.212500,204.341667,201.425000,222.666159,180.183841,212.045580,190.804420
2025-05-19,207.500000,2025-05-15,2025-03-31,2.340000,5.850000,35.470085,123.636794,46.796412,175.757223,449.516233,723.275244,997.034255,1270.793266,,,,,,,,,,201.975000,234.391667,253.945833,204.877083,201.975000,223.248841,180.701159,212.611921,191.338079
2025-05-20,206.000000,2025-05-15,2025-03-31,2.340000,5.850000,35.213675,122.871309,47.485967,163.211345,441.004252,718.797159,996.590067,1274.382974,,,,,,,,,,203.175000,232.800000,253.745833,205.405833,203.175000,222.304132,184.045868,212.739566,193.610434
2025-05-21,210.000000,2025-05-15,2025-03-31,2.340000,5.850000,35.897436,122.146053,48.145129,151.256399,432.905405,714.554411,996.203417,1277.852422,,,,,,,,,,204.625000,231.450000,253.641667,205.948333,204.625000,220.853224,188.396776,212.739112,196.510888
2025-05-22,201.000000,2025-05-15,2025-03-31,2.340000,5.850000,34.358974,121.373446,48.804802,139.018471,424.526565,710.034659,995.542754,1281.050848,,,,,,,,,,205.050000,229.850000,253.400000,206.454167,205.050000,220.360471,189.739529,212.705236,197.394764
2025-05-23,200.500000,2025-05-15,2025-03-31,2.340000,5.850000,34.273504,120.636959,49.447945,127.185251,416.455731,705.726211,994.996691,1284.267171,,,,,,,,,,205.475000,228.200000,253.220833,206.925000,205.475000,219.693131,191.256869,212.584066,198.365934
2025-05-26,200.500000,2025-05-15,2025-03-31,2.340000,5.850000,34.273504,119.865942,50.068541,115.413830,408.314795,701.215760,994.116725,1287.017690,,,,,,,,,,205.725000,226.733333,252.979167,207.359583,205.725000,219.368873,192.081127,212.546936,198.903064
2025-05-27,193.500000,2025-05-15,2025-03-31,2.340000,5.850000,33.076923,119.101067,50.688816,103.682100,400.211672,696.741243,993.270815,1289.800386,,,,,,,,,,205.200000,225.208333,252.708333,207.757917,205.200000,219.891208,190.508792,212.545604,197.854396
2025-05-28,190.500000,2025-05-15,2025-03-31,2.340000,5.850000,32.564103,118.269764,51.284700,91.847132,391.862627,691.878122,991.893617,1291.909112,,,,,,,,,,204.225000,223.841667,252.300000,208.152500,204.225000,220.114338,188.335662,212.169669,196.280331
2025-05-29,191.000000,2025-05-15,2025-03-31,2.340000,5.850000,32.649573,117.441476,51.859789,80.273102,383.652868,687.032634,990.412400,1293.792166,,,,,,,,,,203.500000,222.633333,251.900000,208.556667,203.500000,220.433306,186.566694,211.966653,195.033347
2025-06-02,184.000000,2025-05-15,2025-03-31,2.340000,5.850000,31.452991,116.580196,52.424138,68.631725,375.312935,681.994144,988.675353,1295.356562,,,,,,,,,,202.225000,221.283333,251.400000,208.954583,202.225000,220.996409,183.453591,211.610704,192.839296
2025-06-03,180.500000,2025-05-15,2025-03-31,2.340000,5.850000,30.854701,115.766876,52.992394,57.225219,367.230722,677.236225,987.241728,1297.247231,,,,,,,,,,201.350000,219.716667,250.966667,209.338333,201.350000,222.439034,180.260966,211.894517,190.805483
2025-06-04,183.500000,2025-05-15,2025-03-31,2.340000,5.850000,31.367521,114.902581,53.517889,46.020805,359.100453,672.180101,985.259750,1298.339398,,,,,,,,,,200.275000,218.275000,250.458333,209.745000,200.275000,222.728402,177.821598,211.501701,189.048299
2025-06-05,181.000000,2025-05-15,2025-03-31,2.340000,5.850000,30.940171,114.043934,54.033363,34.966669,351.061841,667.157012,983.252184,1299.347355,,,,,,,,,,199.150000,216.875000,249.945833,210.154583,199.150000,223.126085,175.173915,211.138042,187.161958
2025-06-06,181.500000,2025-05-15,2025-03-31,2.340000,5.850000,31.025641,113.185998,54.529250,24.145862,343.141976,662.138089,981.134203,1300.130317,,,,,,,,,,198.925000,215.633333,249.437500,210.556667,198.925000,223.497717,174.352283,211.211359,186.638641
2025-06-09,181.500000,2025-05-15,2025-03-31,2.340000,5.850000,31.025641,112.217565,54.949750,13.560683,335.016721,656.472758,977.928795,1299.384833,,,,,,,,,,197.775000,214.525000,248.729167,210.948333,197.775000,223.380252,172.169748,210.577626,184.972374
2025-06-10,189.500000,2025-05-15,2025-03-31,2.340000,5.850000,32.393162,111.313475,55.365069,3.412522,327.298176,651.183831,975.069485,1298.955139,,,,,,,,,,196.800000,213.250000,248.183333,211.371250,196.800000,222.088649,171.511351,209.444325,184.155675
2025-06-11,194.500000,2025-05-15,2025-03-31,2.340000,5.850000,33.247863,110.434924,55.762298,-6.374582,319.834861,646.044305,972.253748,1298.463192,,,,,,,,,,196.100000,212.183333,247.712500,211.810833,196.100000,220.793063,171.406937,208.446532,183.753468
2025-06-12,204.500000,2025-05-15,2025-03-31,2.340000,5.850000,34.957265,109.616658,56.145312,-15.642695,312.807377,641.257450,969.707522,1298.157594,,,,,,,,,,195.600000,211.116667,247.408333,212.265417,195.600000,219.100504,172.099496,207.350252,183.849748
2025-06-13,197.000000,2025-05-15,2025-03-31,2.340000,5.850000,33.675214,108.790010,56.528975,-24.967443,305.727059,636.421561,967.116063,1297.810564,,,,,,,,,,194.575000,209.833333,247.045833,212.692917,194.575000,215.724281,173.425719,205.149641,184.000359
2025-06-16,216.500000,2025-05-15,2025-03-31,2.340000,5.850000,37.008547,107.979630,56.856950,-33.545480,299.067679,631.680838,964.293997,1296.907156,,,,,,,,,,194.725000,208.891667,246.825000,213.200000,194.725000,216.473503,172.976497,205.599251,183.850749
2025-06-17,224.000000,2025-05-15,2025-03-31,2.340000,5.850000,38.290598,107.161518,57.149200,-41.750765,292.572058,626.894880,961.217703,1295.540526,,,,,,,,,,195.550000,208.100000,246.633333,213.700000,195.550000,220.373376,170.726624,207.961688,183.138312
2025-06-18,223.000000,2025-05-15,2025-03-31,2.340000,5.850000,38.119658,106.293639,57.401858,-49.783957,286.016915,621.817786,957.618657,1293.419528,,,,,,,,,,196.400000,207.183333,246.345833,214.175000,196.400000,223.764210,169.035790,210.082105,182.717895
2025-06-19,219.000000,2025-05-15,2025-03-31,2.340000,5.850000,37.435897,105.537464,57.708025,-57.789730,279.802218,617.394167,954.986115,1292.578064,,,,,,,,,,196.850000,206.141667,246.237500,214.589583,196.850000,225.425109,168.274891,211.137554,182.562446
2025-06-20,214.500000,2025-05-15,2025-03-31,2.340000,5.850000,36.666667,104.756464,58.002335,-65.802005,273.511654,612.825313,952.138973,1291.452632,,,,,,,,,,197.525000,205.208333,246.058333,214.975000,197.525000,227.132032,167.917968,212.328516,182.721484
2025-06-23,209.000000,2025-05-15,2025-03-31,2.340000,5.850000,35.726496,103.907776,58.262682,-73.812888,267.023800,607.860488,948.697176,1289.533864,,,,,,,,,,197.950000,204.075000,245.725000,215.370833,197.950000,227.977882,167.922118,212.963941,182.936059
2025-06-24,211.000000,2025-05-15,2025-03-31,2.340000,5.850000,36.068376,103.025104,58.482834,-81.552299,260.572281,602.696860,944.821440,1286.946020,,,,,,,,,,198.475000,203.058333,245.341667,215.770833,198.475000,229.052727,167.897273,213.763863,183.186137
2025-06-25,213.000000,2025-05-15,2025-03-31,2.340000,5.850000,36.410256,102.152188,58.690228,-89.085366,254.252467,597.590299,940.928132,1284.265964,,,,,,,,,,199.450000,202.133333,244.987500,216.131250,199.450000,230.598034,168.301966,215.024017,183.875983
2025-06-26,216.000000,2025-05-15,2025-03-31,2.340000,5.850000,36.923077,101.267431,58.867839,-96.339245,248.037613,592.414471,936.791329,1281.168187,,,,,,,,,,200.725000,201.600000,244.629167,216.516667,200.725000,232.413409,169.036591,216.569204,184.880796
2025-06-27,214.500000,2025-05-15,2025-03-31,2.340000,5.850000,36.666667,100.364423,59.021839,-103.423648,241.854113,587.131874,932.409635,1277.687396,,,,,,,,,,201.900000,201.258333,244.229167,216.895833,201.900000,233.812050,169.987950,217.856025,185.943975
2025-06-30,209.000000,2025-05-15,2025-03-31,2.340000,5.850000,35.726496,99.345385,59.073807,-109.993037,235.588733,581.170502,926.752271,1272.334041,,,,,,,,,,203.150000,200.866667,243.587500,217.225000,203.150000,234.052393,172.247607,218.601197,187.698803
2025-07-01,209.000000,2025-05-15,2025-03-31,2.340000,5.850000,35.726496,98.317139,59.098550,-116.297778,229.428742,575.155263,920.881783,1266.608303,,,,,,,,,,204.575000,200.450000,242.929167,217.575000,204.575000,233.654338,175.495662,219.114669,190.035331
2025-07-02,208.500000,2025-05-15,2025-03-31,2.340000,5.850000,35.641026,97.274368,59.091228,-122.312315,223.371370,569.055055,914.738741,1260.422426,,,,,,,,,,205.825000,200.408333,242.241667,217.870833,205.825000,233.188585,178.461415,219.506793,192.143207
2025-07-03,207.000000,2025-05-15,2025-03-31,2.340000,5.850000,35.384615,96.275502,59.116081,-128.446466,217.382610,563.211685,909.040761,1254.869837,,,,,,,,,,207.125000,200.691667,241.625000,218.145833,207.125000,231.867623,182.382377,219.496311,194.753689
2025-07-04,205.500000,2025-05-15,2025-03-31,2.340000,5.850000,35.128205,95.246874,59.097046,-134.241226,211.476494,557.194213,902.911932,1248.629651,,,,,,,,,,208.325000,201.266667,240.945833,218.404167,208.325000,229.968706,186.681294,219.146853,197.503147
2025-07-07,192.500000,2025-05-15,2025-03-31,2.340000,5.850000,32.905983,94.259580,59.140993,-140.531076,205.443734,551.418545,897.393356,1243.368167,,,,,,,,,,208.875000,201.341667,240.266667,218.647917,208.875000,228.068955,189.681045,218.471977,199.278023
2025-07-08,197.000000,2025-05-15,2025-03-31,2.340000,5.850000,33.675214,93.234959,59.116437,-146.237811,199.593348,545.424508,891.255667,1237.086826,,,,,,,,,,209.250000,201.416667,239.545833,218.918750,209.250000,227.095831,191.404169,218.172916,200.327084
2025-07-09,202.000000,2025-05-15,2025-03-31,2.340000,5.850000,34.529915,92.249688,59.101245,-151.823892,193.918390,539.660672,885.402955,1231.145237,,,,,,,,,,209.625000,201.650000,238.925000,219.156250,209.625000,226.451905,192.798095,218.038453,201.211547
2025-07-10,203.500000,2025-05-15,2025-03-31,2.340000,5.850000,34.786325,91.204399,58.998129,-156.732374,188.406679,533.545732,878.684785,1223.823838,,,,,,,,,,209.575000,201.600000,238.204167,219.406250,209.575000,226.471823,192.678177,218.023412,201.126588
2025-07-11,203.500000,2025-05-15,2025-03-31,2.340000,5.850000,34.786325,90.055519,58.740537,-160.439498,183.192643,526.824784,870.456925,1214.089066,,,,,,,,,,209.900000,201.666667,237.295833,219.679167,209.900000,226.010147,193.789853,217.955074,201.844926
2025-07-14,198.000000,2025-05-15,2025-03-31,2.340000,5.850000,33.846154,88.901106,58.469743,-164.024526,178.023472,520.071469,862.119466,1204.167463,,,,,,,,,,208.975000,201.708333,236.345833,219.918750,208.975000,225.605584,192.344416,217.290292,200.659708
2025-07-15,205.500000,2025-05-15,2025-03-31,2.340000,5.850000,35.128205,87.745867,58.147701,-167.014782,173.149269,513.313320,853.477371,1193.641422,,,,,,,,,,208.050000,201.858333,235.437500,220.189583,208.050000,223.149320,192.950680,215.599660,200.500340
2025-07-16,209.000000,2025-05-15,2025-03-31,2.340000,5.850000,35.726496,86.731433,57.982910,-171.021168,168.178857,507.378881,846.578906,1185.778930,,,,,,,,,,207.350000,202.308333,234.804167,220.456250,207.350000,220.731448,193.968552,214.040724,200.659276
2025-07-17,205.000000,2025-05-15,2025-03-31,2.340000,5.850000,35.042735,85.692885,57.781289,-174.737703,163.282836,501.303375,839.323914,1177.344453,,,,,,,,,,206.650000,202.708333,234.104167,220.693750,206.650000,218.880678,194.419322,212.765339,200.534661
2025-07-18,208.500000,2025-05-15,2025-03-31,2.340000,5.850000,35.641026,84.659322,57.555761,-178.145367,158.555834,495.257035,831.958236,1168.659437,,,,,,,,,,206.350000,202.975000,233.433333,220.991667,206.350000,218.052901,194.647099,212.201451,200.498549
2025-07-21,206.500000,2025-05-15,2025-03-31,2.340000,5.850000,35.299145,83.491695,57.118744,-179.862882,154.281768,488.426418,822.571068,1156.715719,,,,,,,,,,206.225000,203.216667,232.508333,221.322917,206.225000,217.861942,194.588058,212.043471,200.406529
2025-07-22,197.000000,2025-05-15,2025-03-31,2.340000,5.850000,33.675214,82.331254,56.699470,-181.745962,149.945937,481.637836,813.329735,1145.021634,,,,,,,,,,205.525000,203.241667,231.541667,221.618750,205.525000,217.627523,193.422477,211.576261,199.473739
2025-07-23,198.000000,2025-05-15,2025-03-31,2.340000,5.850000,33.846154,81.121593,56.165576,-182.575917,145.992700,474.561317,803.129934,1131.698551,,,,,,,,,,204.775000,203.141667,230.491667,221.922917,204.775000,216.785850,192.764150,210.780425,198.769575
2025-07-24,203.500000,2025-05-15,2025-03-31,2.340000,5.850000,34.786325,79.876027,55.512775,-182.224708,142.525027,467.274761,792.024495,1116.774229,,,,,,,,,,204.150000,203.033333,229.408333,222.250000,204.150000,214.940347,193.359653,209.545173,198.754827
2025-07-25,205.000000,2025-05-15,2025-03-31,2.340000,5.850000,35.042735,78.627995,54.812990,-181.338210,139.317781,459.973771,780.629761,1101.285751,,,,,,,,,,203.675000,203.025000,228.329167,222.568750,203.675000,213.322880,194.027120,208.498940,198.851060
2025-07-28,201.500000,2025-05-15,2025-03-31,2.340000,5.850000,34.444444,77.526911,54.356688,-182.440824,135.545801,453.532427,771.519052,1089.505677,,,,,,,,,,203.300000,202.891667,227.495833,222.881250,203.300000,212.654987,193.945013,207.977494,198.622506
2025-07-29,197.000000,2025-05-15,2025-03-31,2.340000,5.850000,33.675214,76.516101,54.031259,-184.546541,131.536324,447.619190,763.702055,1079.784921,,,,,,,,,,202.700000,202.875000,226.800000,223.156250,202.700000,212.054987,193.345013,207.377494,198.022506
2025-07-30,192.500000,2025-05-15,2025-03-31,2.340000,5.850000,32.905983,75.478163,53.658329,-186.255201,127.646025,441.547252,755.448478,1069.349704,,,,,,,,,,201.900000,202.666667,226.029167,223.464583,201.900000,211.882089,191.917911,206.891045,196.908955
2025-07-31,194.500000,2025-05-15,2025-03-31,2.340000,5.850000,33.247863,74.385523,53.165831,-186.884918,124.135195,435.155309,746.175422,1057.195535,,,,,,,,,,201.275000,202.516667,225.170833,223.829167,201.275000,211.475490,191.074510,206.375245,196.174755
2025-08-01,199.000000,2025-05-15,2025-03-31,2.340000,5.850000,34.017094,73.269367,52.587725,-186.650582,120.987607,428.625797,736.263986,1043.902175,,,,,,,,,,200.950000,202.733333,224.295833,224.222917,200.950000,210.996733,190.903267,205.973366,195.926634
2025-08-04,193.500000,2025-05-15,2025-03-31,2.340000,5.850000,33.076923,72.126960,51.950259,-185.875312,118.033702,421.942717,725.851731,1029.760746,,,,,,,,,,201.000000,202.550000,223.341667,224.566667,201.000000,210.878206,191.121794,205.939103,196.060897
2025-08-05,191.500000,2025-05-15,2025-03-31,2.340000,5.850000,32.735043,70.841281,50.983144,-182.081299,116.170097,414.421492,712.672887,1010.924282,,,,,,,,,,200.725000,202.258333,222.116667,224.856250,200.725000,211.350070,190.099930,206.037535,195.412465
2025-08-06,187.500000,2025-05-15,2025-03-31,2.340000,5.850000,32.051282,69.658098,50.209858,-179.955465,113.772205,407.499876,701.227546,994.955217,,,,,,,,,,200.000000,201.908333,221.054167,225.127083,200.000000,212.130865,187.869135,206.065433,193.934567
2025-08-07,189.500000,2025-05-15,2025-03-31,2.340000,5.850000,32.393162,68.500785,49.442725,-177.750283,111.489656,400.729595,689.969534,979.209473,,,,,,,,,,199.300000,201.491667,220.050000,225.387500,199.300000,212.173473,186.426527,205.736737,192.863263
2025-08-08,187.000000,2025-05-15,2025-03-31,2.340000,5.850000,31.965812,67.383650,48.730093,-175.947742,109.123305,394.194351,679.265397,964.336444,,,,,,,,,,198.475000,200.983333,219.104167,225.614583,198.475000,212.295180,184.654820,205.385090,191.564910
2025-08-11,188.000000,2025-05-15,2025-03-31,2.340000,5.850000,32.136752,66.277147,47.998832,-173.865031,106.928139,387.721308,668.514477,949.307646,,,,,,,,,,197.975000,200.558333,218.183333,225.845833,197.975000,212.569429,183.380571,205.272215,190.677785
2025-08-12,190.500000,2025-05-15,2025-03-31,2.340000,5.850000,32.564103,65.201829,47.285438,-171.808925,104.810887,381.430700,658.050513,934.670325,,,,,,,,,,197.225000,200.275000,217.333333,226.081250,197.225000,211.732621,182.717379,204.478810,189.971190
2025-08-13,192.000000,2025-05-15,2025-03-31,2.340000,5.850000,32.820513,64.087212,46.444748,-168.493358,103.208416,374.910189,646.611962,918.313736,,,,,,,,,,196.375000,200.041667,216.420833,226.310417,196.375000,209.939175,182.810825,203.157087,189.592913
2025-08-14,203.000000,2025-08-14,2025-06-30,0.530000,5.910000,34.348562,63.033671,45.660383,-167.176727,102.676134,372.528994,642.381855,912.234716,,,,,,,,,,196.275000,199.925000,215.687500,226.585417,196.275000,209.598801,182.951199,202.936901,189.613099
2025-08-15,206.000000,2025-08-14,2025-06-30,0.530000,5.910000,34.856176,61.956736,44.772284,-163.044089,101.560109,366.164307,630.768506,895.372704,,,,,,,,,,196.150000,200.008333,214.929167,226.866667,196.150000,209.030422,183.269578,202.590211,189.709789
2025-08-18,207.500000,2025-08-14,2025-06-30,0.530000,5.910000,35.109983,60.870405,43.810761,-158.099100,100.822498,359.744096,618.665693,877.587291,,,,,,,,,,196.200000,200.125000,214.162500,227.150000,196.200000,209.256154,183.143846,202.728077,189.671923
2025-08-19,205.000000,2025-08-14,2025-06-30,0.530000,5.910000,34.686971,59.831195,42.924202,-153.761713,99.920324,353.602360,607.284396,860.966432,,,,,,,,,,196.600000,200.200000,213.466667,227.433333,196.600000,210.236638,182.963362,203.418319,189.781681
2025-08-20,191.000000,2025-08-14,2025-06-30,0.530000,5.910000,32.318105,58.788357,42.043529,-149.515315,98.961939,347.439192,595.916446,844.393700,,,,,,,,,,196.250000,200.158333,212.683333,227.637500,196.250000,210.093106,182.406894,203.171553,189.328447
2025-08-21,192.500000,2025-08-14,2025-06-30,0.530000,5.910000,32.571912,57.805186,41.251635,-145.965676,97.831487,341.628649,585.425811,829.222974,,,,,,,,,,195.700000,200.191667,212.016667,227.870833,195.700000,209.200097,182.199903,202.450049,188.949951
2025-08-22,188.500000,2025-08-14,2025-06-30,0.530000,5.910000,31.895093,56.857811,40.517781,-142.890513,96.569574,336.029662,575.489750,814.949837,,,,,,,,,,194.875000,200.150000,211.391667,228.050000,194.875000,207.993388,181.756612,201.434194,188.315806
2025-08-25,207.000000,2025-08-14,2025-06-30,0.530000,5.910000,35.025381,55.929615,39.716968,-138.910530,95.816748,330.544027,565.271305,799.998584,,,,,,,,,,195.150000,200.533333,210.908333,228.245833,195.150000,209.059860,181.240140,202.104930,188.195070
2025-08-26,207.500000,2025-08-14,2025-06-30,0.530000,5.910000,35.109983,54.958386,38.770116,-133.458710,95.672677,324.804063,553.935450,783.066837,,,,,,,,,,195.675000,200.983333,210.350000,228.393750,195.675000,210.632044,180.717956,203.153522,188.196478
2025-08-27,209.000000,2025-08-14,2025-06-30,0.530000,5.910000,35.363790,54.009991,37.826612,-127.911505,95.643770,319.199045,542.754320,766.309595,,,,,,,,,,196.500000,201.408333,209.841667,228.541667,196.500000,212.503289,180.496711,204.501645,188.498355
2025-08-28,202.000000,2025-08-14,2025-06-30,0.530000,5.910000,34.179357,53.074745,36.898931,-122.473616,95.599064,313.671743,531.744422,749.817102,,,,,,,,,,196.875000,201.758333,209.316667,228.639583,196.875000,213.031716,180.718284,204.953358,188.796642
2025-08-29,203.000000,2025-08-14,2025-06-30,0.530000,5.910000,34.348562,52.182346,36.028643,-117.460894,95.468385,308.397664,521.326943,734.256222,,,,,,,,,,197.075000,202.116667,208.875000,228.760417,197.075000,213.440159,180.709841,205.257579,188.892421
2025-09-01,197.500000,2025-08-14,2025-06-30,0.530000,5.910000,33.417936,51.319024,35.210690,-112.894920,95.200255,303.295431,511.390607,719.485782,,,,,,,,,,197.275000,202.383333,208.454167,228.925000,197.275000,213.553740,180.996260,205.414370,189.135630
2025-09-02,196.500000,2025-08-14,2025-06-30,0.530000,5.910000,33.248731,50.371419,34.128607,-105.705052,95.995017,297.695086,499.395154,701.095223,,,,,,,,,,197.525000,202.500000,207.875000,229.097917,197.525000,213.582381,181.467619,205.553690,189.496310
2025-09-03,201.500000,2025-08-14,2025-06-30,0.530000,5.910000,34.094755,49.465394,33.080850,-98.675161,96.832660,292.340481,487.848303,683.356124,,,,,,,,,,198.225000,202.616667,207.400000,229.283333,198.225000,213.650457,182.799543,205.937729,190.512271
2025-09-04,196.500000,2025-08-14,2025-06-30,0.530000,5.910000,33.248731,48.506279,31.835010,-89.617702,98.527204,286.672111,474.817018,662.961925,,,,,,,,,,198.575000,202.483333,206.800000,229.402083,198.575000,213.475636,183.674364,206.025318,191.124682
2025-09-05,201.000000,2025-08-14,2025-06-30,0.530000,5.910000,34.010152,47.528187,30.419305,-78.664596,101.113495,280.891586,460.669678,640.447769,,,,,,,,,,199.275000,202.550000,206.191667,229.556250,199.275000,213.167349,185.382651,206.221175,192.328825
2025-09-08,204.500000,2025-08-14,2025-06-30,0.530000,5.910000,34.602369,46.559634,28.915737,-66.616573,104.275433,275.167438,446.059444,616.951449,,,,,,,,,,200.100000,202.350000,205.620833,229.725000,200.100000,213.104453,187.095547,206.602226,193.597774
2025-09-09,197.500000,2025-08-14,2025-06-30,0.530000,5.910000,33.417936,45.588117,27.325888,-53.566226,107.929773,269.425772,430.921770,592.417769,,,,,,,,,,200.450000,201.908333,205.004167,229.827083,200.450000,212.722777,188.177223,206.586388,194.313612
2025-09-10,200.000000,2025-08-14,2025-06-30,0.530000,5.910000,33.840948,44.590199,25.472284,-37.554323,112.986875,263.528074,414.069272,564.610470,,,,,,,,,,200.850000,201.525000,204.354167,229.912500,200.850000,212.467138,189.232862,206.658569,195.041431
2025-09-11,202.500000,2025-08-14,2025-06-30,0.530000,5.910000,34.263959,43.579691,23.351395,-18.457513,119.549230,257.555974,395.562718,533.569462,,,,,,,,,,200.825000,201.250000,203.695833,230.014583,200.825000,212.424796,189.225204,206.624898,195.025102
2025-09-12,206.000000,2025-08-14,2025-06-30,0.530000,5.910000,34.856176,42.624763,21.232587,0.943174,126.427762,251.912351,377.396939,502.881528,,,,,,,,,,200.825000,201.108333,203.158333,230.147917,200.825000,212.424796,189.225204,206.624898,195.025102
2025-09-15,205.000000,2025-08-14,2025-06-30,0.530000,5.910000,34.686971,41.638499,18.652721,25.608363,135.845946,246.083529,356.321113,466.558696,,,,,,,,,,200.700000,201.041667,202.558333,230.225000,200.700000,212.048081,189.351919,206.374041,195.025959
2025-09-16,209.500000,2025-08-14,2025-06-30,0.530000,5.910000,35.448393,40.681600,15.752614,54.232360,147.330309,240.428258,333.526207,426.624155,,,,,,,,,,200.925000,201.016667,202.037500,230.333333,200.925000,212.798345,189.051655,206.861672,194.988328
2025-09-17,221.000000,2025-08-14,2025-06-30,0.530000,5.910000,37.394247,39.757031,12.246277,90.213055,162.588555,234.964054,307.339554,379.715054,,,,,,,,,,202.425000,201.150000,201.641667,230.487500,202.425000,216.410989,188.439011,209.417995,195.432005
2025-09-18,226.000000,2025-08-14,2025-06-30,0.530000,5.910000,38.240271,38.933895,8.355626,131.335824,180.717573,230.099321,279.481070,328.862819,,,,,,,,,,204.100000,201.316667,201.458333,230.643750,204.100000,220.835088,187.364912,212.467544,195.732456
2025-09-19,248.500000,2025-08-14,2025-06-30,0.530000,5.910000,42.047377,38.771637,8.098469,133.416469,181.278423,229.140377,277.002331,324.864285,,,,,,,,,,207.100000,201.883333,201.570833,230.891667,207.100000,231.716212,182.483788,219.408106,194.791894
2025-09-22,258.500000,2025-08-14,2025-06-30,0.530000,5.910000,43.739425,38.628934,7.853067,135.473752,181.885375,228.296998,274.708621,321.120244,,,,,,,,,,209.675000,202.708333,201.787500,231.143750,209.675000,243.353472,175.996528,226.514236,192.835764
2025-09-23,278.000000,2025-08-14,2025-06-30,0.530000,5.910000,47.038917,38.510453,7.612375,137.618506,182.607643,227.596780,272.585917,317.575054,,,,,,,,,,213.200000,203.858333,202.154167,231.541667,213.200000,258.628255,167.771745,235.914127,190.485873
2025-09-24,278.500000,2025-08-14,2025-06-30,0.530000,5.910000,47.123519,38.442853,7.497758,138.573763,182.885511,227.197260,271.509008,315.820757,,,,,,,,,,216.675000,205.025000,202.716667,231.929167,216.675000,270.590406,162.759594,243.632703,189.717297
2025-09-25,273.000000,2025-08-14,2025-06-30,0.530000,5.910000,46.192893,38.413308,7.459764,138.848242,182.935447,227.022652,271.109857,315.197062,,,,,,,,,,220.225000,206.125000,203.408333,232.268750,220.225000,279.185714,161.264286,249.705357,190.744643
2025-09-26,270.500000,2025-08-14,2025-06-30,0.530000,5.910000,45.769882,38.421687,7.467518,138.806106,182.939139,227.072172,271.205206,315.338239,,,,,,,,,,223.600000,207.208333,204.237500,232.602083,223.600000,286.034471,161.165529,254.817235,192.382765
2025-09-30,272.000000,2025-08-14,2025-06-30,0.530000,5.910000,46.023689,38.395096,7.434370,139.040764,182.977890,226.915017,270.852144,314.789271,,,,,,,,,,227.325000,208.533333,204.937500,232.927083,227.325000,292.050554,162.599446,259.687777,194.962223
2025-10-01,277.000000,2025-08-14,2025-06-30,0.530000,5.910000,46.869712,38.365738,7.393437,139.351082,183.046297,226.741512,270.436726,314.131941,,,,,,,,,,231.350000,209.866667,205.641667,233.281250,231.350000,297.988143,164.711857,264.669072,198.030928
2025-10-02,300.500000,2025-08-14,2025-06-30,0.530000,5.910000,50.846024,38.379333,7.415022,139.176299,182.999078,226.821856,270.644635,314.467414,,,,,,,,,,236.300000,211.508333,206.579167,233.656250,236.300000,308.109250,164.490750,272.204625,200.395375
2025-10-03,291.500000,2025-08-14,2025-06-30,0.530000,5.910000,49.323181,38.339879,7.343148,139.792680,183.190683,226.588686,269.986690,313.384693,,,,,,,,,,241.050000,212.975000,207.287500,234.006250,241.050000,314.327339,167.772661,277.688670,204.411330
2025-10-07,286.500000,2025-08-14,2025-06-30,0.530000,5.910000,48.477157,38.308646,7.291381,140.219980,183.312039,226.404099,269.496158,312.588218,,,,,,,,,,245.325000,214.358333,208.012500,234.250000,245.325000,318.740383,171.909617,282.032691,208.617309
2025-10-08,283.000000,2025-08-14,2025-06-30,0.530000,5.910000,47.884941,38.281204,7.248609,140.563353,183.402634,226.241915,269.081196,311.920477,,,,,,,,,,249.250000,215.775000,208.741667,234.454167,249.250000,321.864701,176.635299,285.557350,212.942650
2025-10-09,270.500000,2025-08-14,2025-06-30,0.530000,5.910000,45.769882,38.233955,7.180273,141.091846,183.527259,225.962672,268.398085,310.833498,,,,,,,,,,252.900000,216.858333,209.358333,234.625000,252.900000,321.806191,183.993809,287.353095,218.446905
2025-10-13,262.500000,2025-08-14,2025-06-30,0.530000,5.910000,44.416244,38.207057,7.150711,141.282303,183.543004,225.803706,268.064408,310.325109,,,,,,,,,,256.025000,217.750000,210.029167,234.689583,256.025000,320.346131,191.703869,288.185566,223.864434
2025-10-14,241.000000,2025-08-14,2025-06-30,0.530000,5.910000,40.778342,38.152025,7.104770,141.500090,183.489278,225.478466,267.467654,309.456842,,,,,,,,,,257.950000,218.350000,210.529167,234.727083,257.950000,317.665906,198.234094,287.807953,228.092047
2025-10-15,245.000000,2025-08-14,2025-06-30,0.530000,5.910000,41.455161,38.077545,7.021733,142.041406,183.539850,225.038294,266.536738,308.035181,,,,,,,,,,259.900000,218.958333,210.966667,234.789583,259.900000,314.828279,204.971721,287.364139,232.435861
2025-10-16,260.500000,2025-08-14,2025-06-30,0.530000,5.910000,44.077834,38.026013,6.953926,142.538331,183.636033,224.733734,265.831436,306.929138,,,,,,,,,,262.675000,219.858333,211.537500,234.868750,262.675000,311.154268,214.195732,286.914634,238.435366
2025-10-17,252.500000,2025-08-14,2025-06-30,0.530000,5.910000,42.724196,37.955564,6.861778,143.211170,183.764277,224.317384,264.870491,305.423598,,,,,,,,,,264.825000,220.783333,212.012500,234.872917,264.825000,306.745068,222.904932,285.785034,243.864966
2025-10-20,272.000000,2025-08-14,2025-06-30,0.530000,5.910000,46.023689,37.894069,6.754400,144.116937,184.035441,223.953946,263.872451,303.790956,,,,,,,,,,267.375000,222.016667,212.579167,235.052083,267.375000,303.931913,230.818087,285.653457,249.096543
2025-10-21,269.000000,2025-08-14,2025-06-30,0.530000,5.910000,45.516074,37.815254,6.606999,145.393421,184.440787,223.488152,262.535517,301.582883,,,,,,,,,,269.525000,223.108333,213.070833,235.239583,269.525000,300.462075,238.587925,284.993538,254.056462
2025-10-22,265.500000,2025-08-14,2025-06-30,0.530000,5.910000,44.923858,37.741321,6.474993,146.516793,184.784001,223.051208,261.318416,299.585623,,,,,,,,,,270.375000,224.116667,213.570833,235.454167,270.375000,299.775815,240.974185,285.075407,255.674593
2025-10-23,257.500000,2025-08-14,2025-06-30,0.530000,5.910000,43.570220,37.647382,6.304320,147.978959,185.237493,222.496027,259.754561,297.013095,,,,,,,,,,270.325000,225.050000,213.970833,235.610417,270.325000,299.814115,240.835885,285.069557,255.580443
2025-10-27,266.000000,2025-08-14,2025-06-30,0.530000,5.910000,45.008460,37.590515,6.205291,148.813401,185.486673,222.159945,258.833217,295.506489,,,,,,,,,,269.725000,226.200000,214.537500,235.829167,269.725000,299.044430,240.405570,284.384715,255.065285
2025-10-28,273.500000,2025-08-14,2025-06-30,0.530000,5.910000,46.277496,37.528953,6.079856,149.932214,185.864164,221.796114,257.728065,293.660015,,,,,,,,,,269.475000,227.550000,215.108333,236.045833,269.475000,298.563748,240.386252,284.019374,254.930626
2025-10-29,276.500000,2025-08-14,2025-06-30,0.530000,5.910000,46.785110,37.474894,5.966481,150.952823,186.214723,221.476623,256.738523,292.000423,,,,,,,,,,269.650000,228.916667,215.716667,236.222917,269.650000,298.869856,240.430144,284.259928,255.040072
2025-10-30,266.000000,2025-08-14,2025-06-30,0.530000,5.910000,45.008460,37.444205,5.917575,151.349511,186.322382,221.295253,256.268124,291.240995,,,,,,,,,,269.425000,230.033333,216.383333,236.289583,269.425000,298.686570,240.163430,284.055785,254.794215
2025-10-31,274.000000,2025-08-14,2025-06-30,0.530000,5.910000,46.362098,37.384439,5.788517,152.521770,186.731902,220.942035,255.152168,289.362300,,,,,,,,,,269.525000,231.375000,216.962500,236.372917,269.525000,298.837248,240.212752,284.181124,254.868876
2025-11-03,282.000000,2025-08-14,2025-06-30,0.530000,5.910000,47.715736,37.326137,5.646004,153.861701,187.229584,220.597467,253.965350,287.333233,,,,,,,,,,269.775000,232.883333,217.570833,236.500000,269.775000,299.438862,240.111138,284.606931,254.943069
2025-11-04,266.000000,2025-08-14,2025-06-30,0.530000,5.910000,45.008460,37.246364,5.464880,155.531129,187.828571,220.126012,252.423453,284.720894,,,,,,,,,,268.050000,234.191667,218.050000,236.560417,268.050000,293.966668,242.133332,281.008334,255.091666
2025-11-05,256.000000,2025-08-14,2025-06-30,0.530000,5.910000,43.316413,37.139402,5.211478,157.894199,188.694034,219.493868,250.293702,281.093536,,,,,,,,,,266.275000,235.300000,218.395833,236.577083,266.275000,290.216760,242.333240,278.245880,254.304120
2025-11-06,260.000000,2025-08-14,2025-06-30,0.530000,5.910000,43.993232,37.196183,5.248903,157.787409,188.808427,219.829444,250.850462,281.871480,,,,,,,,,,264.950000,236.516667,218.750000,236.608333,264.950000,287.040484,242.859516,275.995242,253.904758
2025-11-07,260.000000,2025-08-14,2025-06-30,0.530000,5.910000,43.993232,37.258663,5.284994,157.730070,188.964384,220.198697,251.433010,282.667323,,,,,,,,,,263.800000,237.716667,219.137500,236.675000,263.800000,284.269232,243.330768,274.034616,253.565384
2025-11-10,254.000000,2025-08-14,2025-06-30,0.530000,5.910000,42.978003,37.321229,5.308033,157.827516,189.197989,220.568462,251.938934,283.309407,,,,,,,,,,262.975000,238.775000,219.525000,236.735417,262.975000,283.636367,242.313633,273.305684,252.644316
2025-11-11,258.000000,2025-08-14,2025-06-30,0.530000,5.910000,43.654822,37.391572,5.335728,157.915886,189.450037,220.984188,252.518339,284.052490,,,,,,,,,,262.750000,239.875000,219.958333,236.852083,262.750000,283.530811,241.969189,273.140405,252.359595
2025-11-12,256.500000,2025-08-14,2025-06-30,0.530000,5.910000,43.401015,37.454101,5.361974,157.975210,189.664475,221.353739,253.043004,284.732268,,,,,,,,,,263.525000,240.766667,220.345833,236.993750,263.525000,281.908273,245.141727,272.716637,254.333363
2025-11-13,251.000000,2025-08-14,2025-06-30,0.530000,5.910000,42.470389,37.521697,5.373742,158.235592,189.994409,221.753226,253.512044,285.270861,,,,,,,,,,263.825000,241.516667,220.762500,237.081250,263.825000,281.097659,246.552341,272.461329,255.188671
2025-11-14,249.000000,2025-11-14,2025-09-30,0.610000,5.480000,45.437956,37.614734,5.413532,146.796427,176.462584,206.128740,235.794897,265.461053,,,,,,,,,,263.250000,242.208333,221.166667,237.193750,263.250000,281.713335,244.786665,272.481667,254.018333
2025-11-17,248.500000,2025-11-14,2025-09-30,0.610000,5.480000,45.346715,37.707010,5.450350,146.898582,176.766500,206.634417,236.502334,266.370251,,,,,,,,,,263.050000,242.933333,221.566667,237.272917,263.050000,282.081553,244.018447,272.565776,253.534224
2025-11-18,224.000000,2025-11-14,2025-09-30,0.610000,5.480000,40.875912,37.772002,5.441166,147.355387,177.172979,206.990571,236.808162,266.625754,,,,,,,,,,260.650000,243.483333,221.820833,237.264583,260.650000,285.990004,235.309996,273.320002,247.979998
2025-11-19,214.000000,2025-11-14,2025-09-30,0.610000,5.480000,39.051095,37.826060,5.421178,147.870695,177.578752,207.286810,236.994868,266.702926,,,,,,,,,,257.900000,243.841667,222.016667,237.158333,257.900000,290.361475,225.438525,274.130738,241.669262
2025-11-20,226.000000,2025-11-14,2025-09-30,0.610000,5.480000,41.240876,37.897654,5.408958,148.396972,178.038059,207.679146,237.320233,266.961320,,,,,,,,,,255.925000,244.466667,222.308333,237.104167,255.925000,291.130076,220.719924,273.527538,238.322462
2025-11-21,212.500000,2025-11-14,2025-09-30,0.610000,5.480000,38.777372,37.958691,5.376853,149.083320,178.548473,208.013626,237.478779,266.943932,,,,,,,,,,253.675000,244.558333,222.545833,236.972917,253.675000,293.856529,213.493471,273.765764,233.584236
2025-11-24,215.000000,2025-11-14,2025-09-30,0.610000,5.480000,39.233577,38.028515,5.338089,149.890803,179.143532,208.396262,237.648991,266.901721,,,,,,,,,,251.125000,244.683333,222.833333,236.900000,251.125000,294.369562,207.880438,272.747281,229.502719
2025-11-25,236.500000,2025-11-14,2025-09-30,0.610000,5.480000,43.156934,38.126760,5.322934,150.595283,179.764964,208.934645,238.104326,267.274006,,,,,,,,,,249.275000,245.141667,223.275000,236.866667,249.275000,291.646136,206.903864,270.460568,228.089432
2025-11-26,242.000000,2025-11-14,2025-09-30,0.610000,5.480000,44.160584,38.236930,5.309739,151.343642,180.441009,209.538377,238.635745,267.733112,,,,,,,,,,247.550000,245.808333,223.783333,236.864583,247.550000,288.020782,207.079218,267.785391,227.314609
2025-11-27,245.000000,2025-11-14,2025-09-30,0.610000,5.480000,44.708029,38.350950,5.300482,152.069924,181.116565,210.163206,239.209847,268.256488,,,,,,,,,,246.500000,246.508333,224.312500,236.875000,246.500000,286.034129,206.965871,266.267065,226.732935
2025-11-28,252.500000,2025-11-14,2025-09-30,0.610000,5.480000,46.076642,38.476375,5.303761,152.721310,181.785923,210.850535,239.915148,268.979760,,,,,,,,,,245.425000,247.425000,224.904167,236.816667,245.425000,282.927667,207.922333,264.176333,226.673667
2025-12-01,247.000000,2025-11-14,2025-09-30,0.610000,5.480000,45.072993,38.582040,5.307856,153.255483,182.342532,211.429581,240.516630,269.603678,,,,,,,,,,243.675000,248.266667,225.383333,236.783333,243.675000,277.028411,210.321589,260.351705,226.998295
2025-12-02,250.000000,2025-11-14,2025-09-30,0.610000,5.480000,45.620438,38.685145,5.323514,153.648882,182.821738,211.994595,241.167452,270.340308,,,,,,,,,,242.875000,249.075000,225.845833,236.779167,242.875000,274.706588,211.043412,258.790794,226.959206
2025-12-03,251.500000,2025-11-14,2025-09-30,0.610000,5.480000,45.894161,38.776286,5.352697,153.828488,183.161267,212.494047,241.826826,271.159605,,,,,,,,,,242.650000,249.991667,226.237500,236.822917,242.650000,274.152882,211.147118,258.401441,226.898559
2025-12-04,251.500000,2025-11-14,2025-09-30,0.610000,5.480000,45.894161,38.878110,5.371033,154.185524,183.618785,213.052045,242.485306,271.918566,,,,,,,,,,242.225000,250.833333,226.691667,236.868750,242.225000,272.962385,211.487615,257.593693,226.856307
2025-12-05,260.500000,2025-11-14,2025-09-30,0.610000,5.480000,47.536496,38.965843,5.425942,154.064503,183.798662,213.532821,243.266981,273.001140,,,,,,,,,,242.250000,251.766667,227.058333,236.941667,242.250000,273.049009,211.450991,257.649504,226.850496
2025-12-08,278.000000,2025-11-14,2025-09-30,0.610000,5.480000,50.729927,39.069504,5.530745,153.483914,183.792399,214.100884,244.409369,274.717855,,,,,,,,,,243.450000,253.108333,227.508333,237.070833,243.450000,277.837727,209.062273,260.643864,226.256136
2025-12-09,277.000000,2025-11-14,2025-09-30,0.610000,5.480000,50.547445,39.173069,5.628306,152.982181,183.825300,214.668420,245.511539,276.354658,,,,,,,,,,244.400000,254.391667,227.958333,237.152083,244.400000,281.428581,207.371419,262.914290,225.885710
2025-12-10,281.500000,2025-11-14,2025-09-30,0.610000,5.480000,51.368613,39.289175,5.734869,152.450516,183.877598,215.304680,246.731763,278.158845,,,,,,,,,,245.650000,255.708333,228.479167,237.358333,245.650000,285.942483,205.357517,265.796242,225.503758
2025-12-11,270.000000,2025-11-14,2025-09-30,0.610000,5.480000,49.270073,39.394204,5.801460,152.296239,184.088237,215.880236,247.672235,279.464233,,,,,,,,,,246.600000,256.775000,228.941667,237.500000,246.600000,288.295134,204.904866,267.447567,225.752433
2025-12-12,269.000000,2025-11-14,2025-09-30,0.610000,5.480000,49.087591,39.505546,5.858411,152.282204,184.386298,216.490393,248.594487,280.698582,,,,,,,,,,247.600000,257.841667,229.441667,237.583333,247.600000,290.480004,204.719996,269.040002,226.159998
2025-12-15,260.500000,2025-11-14,2025-09-30,0.610000,5.480000,47.536496,39.601114,5.895293,152.401692,184.707898,217.014104,249.320309,281.626515,,,,,,,,,,248.200000,258.691667,229.854167,237.597917,248.200000,291.467102,204.932898,269.833551,226.566449
2025-12-16,250.500000,2025-11-14,2025-09-30,0.610000,5.480000,45.711679,39.678626,5.914105,152.620280,185.029574,217.438868,249.848163,282.257457,,,,,,,,,,249.525000,259.183333,230.166667,237.577083,249.525000,291.267916,207.782084,270.396458,228.653542
2025-12-17,247.500000,2025-11-14,2025-09-30,0.610000,5.480000,45.164234,39.747302,5.929667,152.826069,185.320642,217.815215,250.309787,282.804360,,,,,,,,,,251.200000,259.541667,230.429167,237.529167,251.200000,289.486180,212.913820,270.343090,232.056910
2025-12-18,241.000000,2025-11-14,2025-09-30,0.610000,5.480000,43.978102,39.808231,5.935307,153.098139,185.623621,218.149104,250.674586,283.200068,,,,,,,,,,251.950000,259.416667,230.650000,237.439583,251.950000,288.715115,215.184885,270.332558,233.567442
2025-12-19,238.000000,2025-11-14,2025-09-30,0.610000,5.480000,43.430657,39.872432,5.932451,153.481263,185.991095,218.500927,251.010759,283.520591,,,,,,,,,,253.225000,259.075000,230.891667,237.239583,253.225000,285.754299,220.695701,269.489649,236.960351
2025-12-22,244.500000,2025-11-14,2025-09-30,0.610000,5.480000,44.616788,39.946518,5.935752,153.851078,186.378998,218.906917,251.434836,283.962756,,,,,,,,,,254.700000,258.516667,231.187500,237.058333,254.700000,282.221092,227.178908,268.460546,240.939454
2025-12-23,261.000000,2025-11-14,2025-09-30,0.610000,5.480000,47.627737,40.046407,5.963482,154.094546,186.774428,219.454310,252.134192,284.814074,,,,,,,,,,255.925000,258.225000,231.625000,236.933333,255.925000,282.187391,229.662609,269.056195,242.793805
2025-12-24,266.000000,2025-11-14,2025-09-30,0.610000,5.480000,48.540146,40.156036,5.997885,154.318260,187.186670,220.055079,252.923489,285.791898,,,,,,,,,,257.125000,258.108333,232.116667,236.870833,257.125000,282.897027,231.352973,270.011013,244.238987
2025-12-26,273.000000,2025-11-14,2025-09-30,0.610000,5.480000,49.817518,40.278447,6.044129,154.482243,187.604067,220.725891,253.847716,286.969540,,,,,,,,,,258.525000,258.150000,232.679167,236.812500,258.525000,284.564393,232.485607,271.544697,245.505303
2025-12-29,262.500000,2025-11-14,2025-09-30,0.610000,5.480000,47.901460,40.403410,6.045438,155.152689,188.281687,221.410685,254.539682,287.668680,,,,,,,,,,259.025000,257.991667,233.262500,236.764583,259.025000,284.961106,233.088894,271.993053,246.056947
2025-12-30,269.000000,2025-11-14,2025-09-30,0.610000,5.480000,49.087591,40.531846,6.064982,155.642310,188.878413,222.114517,255.350620,288.586724,,,,,,,,,,260.125000,257.858333,233.862500,236.704167,260.125000,285.778306,234.471694,272.951653,247.298347
2025-12-31,270.000000,2025-11-14,2025-09-30,0.610000,5.480000,49.270073,40.654681,6.091612,156.023587,189.405619,222.787651,256.169682,289.551714,,,,,,,,,,261.125000,257.350000,234.429167,236.677083,261.125000,286.675518,235.574482,273.900259,248.349741
2026-01-02,273.000000,2025-11-14,2025-09-30,0.610000,5.480000,49.817518,40.779941,6.124381,156.350857,189.912466,223.474075,257.035684,290.597293,,,,,,,,,,262.200000,257.041667,235.008333,236.606250,262.200000,287.854383,236.545617,275.027192,249.372808
2026-01-05,267.500000,2025-11-14,2025-09-30,0.610000,5.480000,48.813869,40.896837,6.142864,156.788880,190.451773,224.114666,257.777559,291.440452,,,,,,,,,,263.000000,256.725000,235.541667,236.418750,263.000000,288.244072,237.755928,275.622036,250.377964
2026-01-06,261.500000,2025-11-14,2025-09-30,0.610000,5.480000,47.718978,41.012444,6.139597,157.458206,191.103199,224.748192,258.393185,292.038178,,,,,,,,,,263.050000,256.366667,236.070833,236.208333,263.050000,288.277178,237.822822,275.663589,250.436411
2026-01-07,258.500000,2025-11-14,2025-09-30,0.610000,5.480000,47.171533,41.112805,6.141035,157.992425,191.645298,225.298170,258.951043,292.603916,,,,,,,,,,262.075000,256.166667,236.512500,235.975000,262.075000,286.359010,237.790990,274.217005,249.932995
2026-01-08,259.500000,2025-11-14,2025-09-30,0.610000,5.480000,47.354015,41.209701,6.147063,158.457355,192.143258,225.829161,259.515063,293.200966,,,,,,,,,,261.200000,256.116667,236.933333,235.868750,261.200000,284.459180,237.940820,272.829590,249.570410
2026-01-09,260.500000,2025-11-14,2025-09-30,0.610000,5.480000,47.536496,41.313816,6.147538,159.022689,192.711199,226.399709,260.088219,293.776729,,,,,,,,,,260.150000,256.441667,237.395833,235.750000,260.150000,281.356007,238.943993,270.753004,249.546996
2026-01-12,257.000000,2025-11-14,2025-09-30,0.610000,5.480000,46.897810,41.407622,6.146133,159.552148,193.232958,226.913769,260.594579,294.275390,,,,,,,,,,259.500000,256.641667,237.800000,235.616667,259.500000,280.226286,238.773714,269.863143,249.136857
2026-01-13,249.500000,2025-11-14,2025-09-30,0.610000,5.480000,45.529197,41.492872,6.131624,160.178337,193.779639,227.380941,260.982243,294.583545,,,,,,,,,,258.525000,256.458333,238.158333,235.333333,258.525000,279.204191,237.845809,268.864596,248.185404
2026-01-14,256.000000,2025-11-14,2025-09-30,0.610000,5.480000,46.715328,41.601540,6.107416,161.039164,194.507802,227.976440,261.445077,294.913715,,,,,,,,,,258.300000,256.516667,238.650000,235.095833,258.300000,278.986634,237.613366,268.643317,247.956683
2026-01-15,254.000000,2025-11-14,2025-09-30,0.610000,5.480000,46.350365,41.705742,6.080597,161.904127,195.225796,228.547465,261.869135,295.190804,,,,,,,,,,258.475000,256.216667,239.116667,234.804167,258.475000,278.941854,238.008146,268.708427,248.241573
2026-01-16,250.500000,2025-11-14,2025-09-30,0.610000,5.480000,45.711679,41.796786,6.057872,162.652115,195.849253,229.046390,262.243527,295.440664,,,,,,,,,,258.625000,255.908333,239.508333,234.458333,258.625000,278.795001,238.454999,268.710001,248.539999
2026-01-19,245.000000,2025-11-14,2025-09-30,0.610000,5.480000,44.708029,41.877331,6.031513,163.382387,196.435079,229.487772,262.540464,295.593157,,,,,,,,,,258.825000,255.566667,239.841667,234.085417,258.825000,278.327429,239.322571,268.576214,249.073786
2026-01-20,259.000000,2025-11-14,2025-09-30,0.610000,5.480000,47.262774,41.984150,6.012246,164.178927,197.126034,230.073142,263.020250,295.967357,,,,,,,,,,259.875000,255.591667,240.320833,233.908333,259.875000,276.739397,243.010603,268.307199,251.442801
2026-01-21,254.000000,2025-11-14,2025-09-30,0.610000,5.480000,46.350365,42.089776,5.976278,165.151970,197.901972,230.651974,263.401976,296.151978,,,,,,,,,,260.350000,255.391667,240.795833,233.797917,260.350000,275.872819,244.827181,268.111409,252.588591
2026-01-22,256.000000,2025-11-14,2025-09-30,0.610000,5.480000,46.715328,42.204854,5.930732,166.281779,198.782190,231.282601,263.783012,296.283422,,,,,,,,,,260.100000,255.100000,241.325000,233.677083,260.100000,275.739357,244.460643,267.919678,252.280322
2026-01-23,256.000000,2025-11-14,2025-09-30,0.610000,5.480000,46.715328,42.317083,5.887076,167.375267,199.636441,231.897615,264.158789,296.419963,,,,,,,,,,259.600000,254.758333,241.837500,233.504167,259.600000,275.083778,244.116222,267.341889,251.858111
2026-01-26,251.500000,2025-11-14,2025-09-30,0.610000,5.480000,45.894161,42.416059,5.846058,168.367200,200.403601,232.440001,264.476401,296.512802,,,,,,,,,,258.525000,254.516667,242.275000,233.285417,258.525000,273.047125,244.002875,265.786062,251.263938
2026-01-27,252.000000,2025-11-14,2025-09-30,0.610000,5.480000,45.985401,42.523629,5.791274,169.557125,201.293307,233.029488,264.765670,296.501851,,,,,,,,,,258.000000,254.150000,242.762500,233.052083,258.000000,272.675436,243.324564,265.337718,250.662282
2026-01-28,259.000000,2025-11-14,2025-09-30,0.610000,5.480000,47.262774,42.644694,5.736517,170.820692,202.256807,233.692921,265.129036,296.565150,,,,,,,,,,257.500000,253.766667,243.325000,232.720833,257.500000,271.249641,243.750359,264.374821,250.625179
2026-01-29,260.000000,2025-11-14,2025-09-30,0.610000,5.480000,47.445255,42.772977,5.669362,172.259705,203.327809,234.395913,265.464016,296.532120,,,,,,,,,,257.000000,253.666667,243.929167,232.491667,257.000000,269.506840,244.493160,263.253420,250.746580
2026-01-30,252.000000,2025-11-14,2025-09-30,0.610000,5.480000,45.985401,42.886245,5.595540,173.689509,204.353067,235.016625,265.680183,296.343741,,,,,,,,,,255.950000,253.600000,244.450000,232.250000,255.950000,266.106149,245.793851,261.028075,250.871925
2026-02-02,245.000000,2025-11-14,2025-09-30,0.610000,5.480000,44.708029,42.992431,5.506763,175.244401,205.421460,235.598519,265.775579,295.952638,,,,,,,,,,254.825000,253.350000,244.933333,232.018750,254.825000,264.570579,245.079421,259.697790,249.952210
2026-02-03,250.000000,2025-11-14,2025-09-30,0.610000,5.480000,45.620438,43.104795,5.420280,176.808001,206.511138,236.214274,265.917411,295.620548,,,,,,,,,,254.250000,253.183333,245.450000,231.816667,254.250000,263.689558,244.810442,258.969779,249.530221
2026-02-04,263.000000,2025-11-14,2025-09-30,0.610000,5.480000,47.992701,43.233366,5.350689,178.275294,207.597070,236.918847,266.240624,295.562401,,,,,,,,,,254.475000,253.333333,246.054167,231.693750,254.475000,264.535213,244.414787,259.505107,249.444893
2026-02-05,254.000000,2025-11-14,2025-09-30,0.610000,5.480000,46.350365,43.346115,5.271389,179.762284,208.649497,237.536710,266.423923,295.311136,,,,,,,,,,254.200000,253.266667,246.570833,231.495833,254.200000,263.978602,244.421398,259.089301,249.310699
2026-02-06,241.500000,2025-11-14,2025-09-30,0.610000,5.480000,44.069343,43.427122,5.206248,180.920146,209.450386,237.980626,266.510866,295.041107,,,,,,,,,,253.250000,253.016667,246.891667,231.289583,253.250000,264.086100,242.413900,258.668050,247.831950
2026-02-09,244.500000,2025-11-14,2025-09-30,0.610000,5.480000,44.616788,43.508460,5.147128,182.013843,210.220102,238.426361,266.632620,294.838879,,,,,,,,,,252.625000,252.908333,247.212500,231.070833,252.625000,263.979920,241.270080,258.302460,246.947540
2026-02-10,248.000000,2025-11-14,2025-09-30,0.610000,5.480000,45.255474,43.593006,5.091035,183.091930,210.990801,238.889671,266.788542,294.687413,,,,,,,,,,252.550000,252.891667,247.550000,230.856250,252.550000,264.011147,241.088853,258.280574,246.819426
2026-02-11,243.000000,2025-11-14,2025-09-30,0.610000,5.480000,44.343066,43.673473,5.024968,184.256987,211.793810,239.330633,266.867456,294.404279,,,,,,,,,,251.900000,252.800000,247.866667,230.666667,251.900000,263.994366,239.805634,257.947183,245.852817
2026-02-23,263.500000,2025-11-14,2025-09-30,0.610000,5.480000,48.083942,43.804855,4.930800,186.009035,213.029820,240.050606,267.071392,294.092178,,,,,,,,,,252.375000,253.458333,248.470833,230.577083,252.375000,265.517438,239.232562,258.946219,245.803781
2026-02-24,280.000000,2025-11-14,2025-09-30,0.610000,5.480000,51.094891,43.959213,4.865699,187.568423,214.232456,240.896489,267.560522,294.224555,,,,,,,,,,253.850000,254.558333,249.200000,230.608333,253.850000,271.835667,235.864333,262.842833,244.857167
2026-02-25,281.500000,2025-11-14,2025-09-30,0.610000,5.480000,51.368613,44.121493,4.784011,189.353018,215.569399,241.785780,268.002161,294.218542,,,,,,,,,,255.675000,255.483333,249.975000,230.683333,255.675000,276.980485,234.369515,266.327742,245.022258
2026-02-26,309.500000,2025-11-14,2025-09-30,0.610000,5.480000,56.478102,44.300265,4.841727,189.700126,216.232790,242.765454,269.298118,295.830782,,,,,,,,,,258.200000,257.100000,250.829167,230.868750,258.200000,290.366344,226.033656,274.283172,242.116828
2026-03-02,304.000000,2025-11-14,2025-09-30,0.610000,5.480000,55.474453,44.469969,4.873683,190.279867,216.987649,243.695431,270.403214,297.110996,,,,,,,,,,260.700000,258.583333,251.633333,230.991667,260.700000,298.729628,222.670372,279.714814,241.685186
2026-03-03,334.000000,2025-11-14,2025-09-30,0.610000,5.480000,60.948905,44.683179,5.029125,189.744613,217.304216,244.863818,272.423421,299.983024,,,,,,,,,,264.600000,260.208333,252.675000,231.258333,264.600000,314.686872,214.513128,289.643436,239.556564
2026-03-04,301.000000,2025-11-14,2025-09-30,0.610000,5.480000,54.927007,44.856076,5.021615,190.774391,218.292843,245.811294,273.329746,300.848198,,,,,,,,,,266.850000,261.191667,253.500000,231.408333,266.850000,319.297568,214.402432,293.073784,240.626216
2026-03-05,287.000000,2025-11-14,2025-09-30,0.610000,5.480000,52.372263,45.006273,4.974013,192.119194,219.376785,246.634377,273.891968,301.149560,,,,,,,,,,268.625000,261.891667,254.200000,231.537500,268.625000,321.287655,215.962345,294.956328,242.293672
2026-03-06,282.500000,2025-11-14,2025-09-30,0.610000,5.480000,51.551095,45.157383,4.893797,193.826440,220.644449,247.462458,274.280466,301.098475,,,,,,,,,,270.150000,262.391667,254.908333,231.681250,270.150000,322.551386,217.748614,296.350693,243.949307
2026-03-09,254.500000,2025-11-14,2025-09-30,0.610000,5.480000,46.441606,45.267323,4.770659,195.778506,221.921719,248.064932,274.208146,300.351359,,,,,,,,,,269.925000,262.516667,255.391667,231.633333,269.925000,322.566064,217.283936,296.245532,243.604468
2026-03-10,248.000000,2025-11-14,2025-09-30,0.610000,5.480000,45.255474,45.360329,4.658488,197.517579,223.046092,248.574605,274.103118,299.631632,,,,,,,,,,269.325000,262.483333,255.779167,231.589583,269.325000,322.710662,215.939338,296.017831,242.632169
2026-03-11,272.500000,2025-11-14,2025-09-30,0.610000,5.480000,49.726277,45.497642,4.539822,199.570635,224.448857,249.327080,274.205302,299.083525,,,,,,,,,,270.350000,262.833333,256.412500,231.606250,270.350000,323.118711,217.581289,296.734355,243.965645
2026-03-12,274.500000,2025-11-14,2025-09-30,0.610000,5.480000,50.091241,45.631651,4.433990,201.464924,225.763187,250.061450,274.359712,298.657975,,,,,,,,,,271.825000,263.216667,257.025000,231.608333,271.825000,323.242051,220.407949,297.533526,246.116474
2026-03-13,281.000000,2025-11-14,2025-09-30,0.610000,5.480000,51.277372,45.770610,4.345850,203.192423,227.007682,250.822941,274.638201,298.453460,,,,,,,,,,273.375000,263.558333,257.662500,231.641667,273.375000,323.882816,222.867184,298.628908,248.121092
2026-03-16,289.500000,2025-11-14,2025-09-30,0.610000,5.480000,52.828467,45.932364,4.242213,205.214699,228.462027,251.709356,274.956684,298.204012,,,,,,,,,,274.700000,263.750000,258.429167,231.716667,274.700000,325.451614,223.948386,300.075807,249.324193
2026-03-17,280.000000,2025-11-14,2025-09-30,0.610000,5.480000,51.094891,46.076147,4.119575,207.346744,229.922015,252.497286,275.072557,297.647828,,,,,,,,,,276.000000,263.800000,259.095833,231.725000,276.000000,325.842911,226.157089,300.921456,251.078544
2026-03-18,280.500000,2025-11-14,2025-09-30,0.610000,5.480000,51.186131,46.217165,3.999721,209.433119,231.351592,253.270065,275.188538,297.107011,,,,,,,,,,277.950000,263.783333,259.745833,231.720833,277.950000,325.087983,230.812017,301.518992,254.381008
2026-03-19,279.000000,2025-11-14,2025-09-30,0.610000,5.480000,50.912409,46.350967,3.883340,211.441889,232.722594,254.003299,275.284005,296.564710,,,,,,,,,,279.675000,263.933333,260.354167,231.756250,279.675000,324.106230,235.243770,301.890615,257.459385
2026-03-20,285.500000,2025-11-14,2025-09-30,0.610000,5.480000,52.098540,46.496063,3.767418,213.507528,234.152978,254.798428,275.443878,296.089327,,,,,,,,,,281.550000,264.208333,261.025000,231.791667,281.550000,323.445735,239.654265,302.497868,260.602132
2026-03-23,261.500000,2025-11-14,2025-09-30,0.610000,5.480000,47.718978,46.598318,3.629025,215.584672,235.471728,255.358785,275.245841,295.132898,,,,,,,,,,282.475000,264.225000,261.458333,231.747917,282.475000,321.505993,243.444007,301.990497,262.959503
2026-03-24,257.000000,2025-11-14,2025-09-30,0.610000,5.480000,46.897810,46.677515,3.528790,217.117239,236.455010,255.792781,275.130551,294.468322,,,,,,,,,,282.150000,264.333333,261.758333,231.700000,282.150000,321.946985,242.353015,302.048492,262.251508
2026-03-25,278.000000,2025-11-14,2025-09-30,0.610000,5.480000,50.729927,46.781595,3.461391,218.426298,237.394720,256.363142,275.331563,294.299985,,,,,,,,,,282.050000,264.841667,262.191667,231.825000,282.050000,321.879769,242.220231,301.964885,262.135115
2026-03-26,279.000000,2025-11-14,2025-09-30,0.610000,5.480000,50.912409,46.855470,3.454095,218.911098,237.839538,256.767978,275.696418,294.624858,,,,,,,,,,281.925000,265.475000,262.445833,232.008333,281.925000,321.777722,242.072278,301.851361,261.998639
2026-03-27,271.500000,2025-11-14,2025-09-30,0.610000,5.480000,49.543796,46.903840,3.450732,219.213024,238.123034,257.033044,275.943054,294.853065,,,,,,,,,,280.025000,266.033333,262.554167,232.170833,280.025000,317.917473,242.132527,298.971236,261.078764
2026-03-30,257.500000,2025-11-14,2025-09-30,0.610000,5.480000,46.989051,46.903425,3.450718,219.210894,238.120830,257.030767,275.940704,294.850641,,,,,,,,,,277.700000,266.250000,262.383333,232.268750,277.700000,315.101661,240.298339,296.400830,258.999170
2026-03-31,242.000000,2026-03-31,2025-12-31,1.530000,5.010000,48.303393,46.913257,3.453031,200.436047,217.735732,235.035417,252.335102,269.634787,,,,,,,,,,273.100000,265.933333,262.079167,232.397917,273.100000,303.279463,242.920537,288.189732,258.010268
2026-04-01,247.500000,2026-03-31,2025-12-31,1.530000,5.010000,49.401198,46.939993,3.459820,200.501964,217.835664,235.169364,252.503064,269.836764,,,,,,,,,,270.425000,265.625000,261.866667,232.637500,270.425000,299.661378,241.188622,285.043189,255.806811
2026-04-02,241.000000,2026-03-31,2025-12-31,1.530000,5.010000,48.103792,46.959442,3.459747,200.600137,217.933471,235.266805,252.600139,269.933473,,,,,,,,,,268.125000,265.091667,261.620833,232.929167,268.125000,299.059353,237.190647,283.592177,252.657823
2026-04-07,258.000000,2026-03-31,2025-12-31,1.530000,5.010000,51.497006,47.005053,3.483305,200.592596,218.043956,235.495316,252.946676,270.398035,,,,,,,,,,266.900000,265.016667,261.504167,233.220833,266.900000,297.374493,236.425507,282.137247,251.662753
2026-04-08,271.500000,2026-03-31,2025-12-31,1.530000,5.010000,54.191617,47.066069,3.544505,200.285068,218.043036,235.801005,253.558974,271.316943,,,,,,,,,,267.750000,265.058333,261.458333,233.550000,267.750000,297.712257,237.787743,282.731128,252.768872
2026-04-09,289.500000,2026-03-31,2025-12-31,1.530000,5.010000,57.784431,47.123889,3.661350,199.403961,217.747322,236.090684,254.434045,272.777407,,,,,,,,,,269.825000,265.383333,261.366667,233.972917,269.825000,299.776320,239.873680,284.800660,254.849340
2026-04-10,306.500000,2026-03-31,2025-12-31,1.530000,5.010000,61.177645,47.222676,3.874884,197.759271,217.172439,236.585608,255.998776,275.411944,,,,,,,,,,271.525000,265.941667,261.491667,234.389583,271.525000,305.680180,237.369820,288.602590,254.447410
2026-04-13,309.500000,2026-03-31,2025-12-31,1.530000,5.010000,61.776447,47.333504,4.095003,196.108923,216.624888,237.140853,257.656818,278.172783,,,,,,,,,,273.275000,266.641667,261.683333,234.847917,273.275000,311.424947,235.125053,292.349973,254.200027
2026-04-14,314.500000,2026-03-31,2025-12-31,1.530000,5.010000,62.774451,47.457583,4.330649,194.369385,216.065937,237.762490,259.459043,281.155595,,,,,,,,,,274.950000,267.525000,261.945833,235.343750,274.950000,317.244581,232.655419,296.097290,253.802710
2026-04-15,345.500000,2026-03-31,2025-12-31,1.530000,5.010000,68.962076,47.650851,4.751736,191.118366,214.924565,238.730764,262.536963,286.343162,,,,,,,,,,277.750000,268.975000,262.570833,235.964583,277.750000,330.277186,225.222814,304.013593,251.486407
2026-04-16,341.000000,2026-03-31,2025-12-31,1.530000,5.010000,68.063872,47.847915,5.094460,188.671561,214.194807,239.718053,265.241298,290.764544,,,,,,,,,,280.800000,270.333333,263.225000,236.627083,280.800000,340.474909,221.125091,310.637454,250.962546
2026-04-17,366.000000,2026-03-31,2025-12-31,1.530000,5.010000,73.053892,48.116878,5.549738,185.457186,213.261371,241.065557,268.869742,296.673928,,,,,,,,,,285.075000,272.091667,264.266667,237.397917,285.075000,355.872915,214.277085,320.473957,249.676043
2026-04-20,383.000000,2026-03-31,2025-12-31,1.530000,5.010000,76.447106,48.408477,6.089784,181.506836,212.016653,242.526471,273.036288,303.546105,,,,,,,,,,290.275000,274.191667,265.416667,238.191667,290.275000,373.398545,207.151455,331.836772,248.713228
2026-04-21,380.000000,2026-03-31,2025-12-31,1.530000,5.010000,75.848303,48.673231,6.571487,178.006585,210.929736,243.852888,276.776039,309.699190,,,,,,,,,,295.000000,276.366667,266.412500,238.975000,295.000000,387.225696,202.774304,341.112848,248.887152
2026-04-22,363.500000,2026-03-31,2025-12-31,1.530000,5.010000,72.554890,48.921820,6.900539,175.954914,210.526616,245.098319,279.670022,314.241725,,,,,,,,,,300.100000,278.158333,267.337500,239.675000,300.100000,395.743307,204.456693,347.921653,252.278347
2026-04-23,333.500000,2026-03-31,2025-12-31,1.530000,5.010000,66.566866,49.093013,7.080514,175.009247,210.482622,245.955997,281.429371,316.902746,,,,,,,,,,303.925000,279.483333,267.850000,240.214583,303.925000,398.422716,209.427284,351.173858,256.676142
2026-04-24,318.000000,2026-03-31,2025-12-31,1.530000,5.010000,63.473054,49.242655,7.193141,174.630430,210.668066,246.705701,282.743336,318.780971,,,,,,,,,,305.925000,280.608333,268.258333,240.664583,305.925000,399.803575,212.046425,352.864287,258.985713
2026-04-27,301.500000,2026-03-31,2025-12-31,1.530000,5.010000,60.179641,49.369786,7.250753,174.690080,211.016355,247.342630,283.668905,319.995180,,,,,,,,,,307.050000,281.550000,268.558333,241.064583,307.050000,400.105671,213.994329,353.577835,260.522165
2026-04-28,305.500000,2026-03-31,2025-12-31,1.530000,5.010000,60.978044,49.514852,7.307662,174.846632,211.458019,248.069406,284.680793,321.292180,,,,,,,,,,308.750000,282.325000,268.958333,241.464583,308.750000,400.301251,217.198749,354.525626,262.974374
2026-04-29,302.000000,2026-03-31,2025-12-31,1.530000,5.010000,60.279441,49.642110,7.361297,174.946773,211.826872,248.706970,285.587068,322.467166,,,,,,,,,,310.975000,283.125000,269.258333,241.897917,310.975000,399.391166,222.558834,355.183083,266.766917
2026-04-30,302.000000,2026-03-31,2025-12-31,1.530000,5.010000,60.279441,49.758793,7.418268,174.960507,212.126029,249.291551,286.457073,323.622594,,,,,,,,,,313.975000,283.891667,269.495833,242.302083,313.975000,396.406136,231.543864,355.190568,272.759432
2026-05-04,332.000000,2026-03-31,2025-12-31,1.530000,5.010000,66.267465,49.921146,7.564392,174.309730,212.207334,250.104939,288.002544,325.900149,,,,,,,,,,318.200000,285.158333,269.958333,242.837500,318.200000,394.736472,241.663528,356.468236,279.931764
2026-05-05,365.000000,2026-03-31,2025-12-31,1.530000,5.010000,72.854291,50.153194,7.834698,172.763829,212.015666,251.267503,290.519339,329.771176,,,,,,,,,,324.400000,287.050000,270.783333,243.583333,324.400000,394.416990,254.383010,359.408495,289.391505
2026-05-06,343.500000,2026-03-31,2025-12-31,1.530000,5.010000,68.562874,50.338201,8.004701,171.987282,212.090833,252.194385,292.297937,332.401488,,,,,,,,,,328.675000,288.575000,271.362500,244.162500,328.675000,391.714900,265.635100,360.194950,297.155050
2026-05-07,377.500000,2026-03-31,2025-12-31,1.530000,5.010000,75.349301,50.568480,8.319900,169.982688,211.665387,253.348086,295.030785,336.713484,,,,,,,,,,333.975000,290.550000,272.158333,244.864583,333.975000,394.550725,273.399275,364.262862,303.687138
2026-05-08,410.000000,2026-03-31,2025-12-31,1.530000,5.010000,81.836327,50.875379,8.779622,166.913838,210.899744,254.885650,298.871556,342.857462,,,,,,,,,,340.000000,293.050000,273.358333,245.704167,340.000000,405.703481,274.296519,372.851740,307.148260
2026-05-11,428.000000,2026-03-31,2025-12-31,1.530000,5.010000,85.429142,51.226319,9.301114,163.446697,210.045277,256.643856,303.242436,349.841015,,,,,,,,,,346.075000,295.983333,274.791667,246.593750,346.075000,420.610950,271.539050,383.342975,308.807025
2026-05-12,470.500000,2026-03-31,2025-12-31,1.530000,5.010000,93.912176,51.642310,10.060228,157.924488,208.326230,258.727972,309.129714,359.531456,,,,,,,,,,354.125000,299.741667,276.545833,247.647917,354.125000,445.011786,263.238214,399.568393,308.681607
2026-05-13,441.000000,2026-03-31,2025-12-31,1.530000,5.010000,88.023952,52.009232,10.568995,154.664930,207.615592,260.566255,313.516917,366.467580,,,,,,,,,,360.450000,302.925000,278.054167,248.595833,360.450000,457.146976,263.753024,408.798488,312.101512
2026-05-14,422.000000,2026-03-31,2025-12-31,1.530000,5.010000,84.231537,52.353012,10.937279,152.697051,207.492820,262.288590,317.084359,371.880129,,,,,,,,,,364.275000,305.575000,279.454167,249.489583,364.275000,464.470848,264.079152,414.372924,314.177076
2026-05-15,395.500000,2026-05-15,2026-03-31,0.690000,3.360000,117.708333,52.970125,12.429710,94.451966,136.215792,177.979618,219.743444,261.507271,,,,,,,,,,367.000000,307.933333,280.600000,250.279167,367.000000,467.494566,266.505434,417.247283,316.752717
2026-05-18,410.000000,2026-05-15,2026-03-31,0.690000,3.360000,122.023810,53.625314,13.905611,86.735350,133.458203,180.181057,226.903910,273.626763,,,,,,,,,,369.200000,310.741667,281.879167,251.112500,369.200000,471.512421,266.887579,420.356211,318.043789
2026-05-19,392.500000,2026-05-15,2026-03-31,0.690000,3.360000,116.815476,54.244857,15.016255,81.353488,131.808103,182.262719,232.717335,283.171950,,,,,,,,,,369.675000,313.208333,283.058333,251.910417,369.675000,472.344770,267.005230,421.009885,318.340115
2026-05-20,413.500000,2026-05-15,2026-03-31,0.690000,3.360000,123.065476,54.891753,16.254685,75.204806,129.820548,184.436290,239.052032,293.667774,,,,,,,,,,371.350000,315.966667,284.429167,252.797917,371.350000,475.806538,266.893462,423.578269,319.121731
2026-05-21,440.000000,2026-05-15,2026-03-31,0.690000,3.360000,130.952381,55.605133,17.650815,68.219771,127.526509,186.833248,246.139987,305.446726,,,,,,,,,,375.175000,319.250000,286.025000,253.795833,375.175000,483.935130,266.414870,429.555065,320.794935
2026-05-22,459.500000,2026-05-15,2026-03-31,0.690000,3.360000,136.755952,56.404134,19.089902,61.233747,125.375818,189.517889,253.659960,317.802031,,,,,,,,,,381.475000,322.516667,287.987500,254.904167,381.475000,494.581133,268.368867,438.028067,324.921933
2026-05-25,501.000000,2026-05-15,2026-03-31,0.690000,3.360000,149.107143,57.321267,20.814968,52.722876,122.661167,192.599459,262.537750,332.476042,,,,,,,,,,390.625000,326.200000,290.379167,256.197917,390.625000,511.454970,269.795030,451.039985,330.210015
2026-05-26,530.000000,2026-05-15,2026-03-31,0.690000,3.360000,157.738095,58.292078,22.690861,43.378794,119.620087,195.861381,272.102674,348.343968,,,,,,,,,,402.050000,330.341667,292.912500,257.610417,402.050000,530.376024,273.723976,466.213012,337.886988
2026-05-27,501.000000,2026-05-15,2026-03-31,0.690000,3.360000,149.107143,59.211492,24.085851,37.093693,118.022154,198.950614,279.879075,360.807536,,,,,,,,,,411.825000,333.533333,295.316667,258.931250,411.825000,538.962834,284.687166,475.393917,348.256083
2026-05-28,481.000000,2026-05-15,2026-03-31,0.690000,3.360000,143.154762,60.077502,25.203811,32.490798,117.175603,201.860408,286.545213,371.230018,,,,,,,,,,420.775000,336.483333,297.533333,260.183333,420.775000,540.336248,301.213752,480.555624,360.994376
2026-05-29,490.500000,2026-05-15,2026-03-31,0.690000,3.360000,145.982143,60.934379,26.345764,27.695982,116.217748,204.739513,293.261279,381.783045,,,,,,,,,,430.200000,339.091667,299.650000,261.462500,430.200000,539.627409,320.772591,484.913705,375.486295
2026-06-01,539.000000,2026-05-15,2026-03-31,0.690000,3.360000,160.416667,61.903180,27.820032,21.044068,114.519376,207.994684,301.469992,394.945299,,,,,,,,,,440.550000,343.058333,302.125000,262.954167,440.550000,550.027179,331.072821,495.288589,385.811411
2026-06-02,548.000000,2026-05-15,2026-03-31,0.690000,3.360000,163.095238,62.889740,29.266655,14.637607,112.973566,211.309526,309.645485,407.981445,,,,,,,,,,449.700000,347.408333,304.650000,264.481250,449.700000,563.109551,336.290449,506.404776,392.995224
2026-06-03,548.000000,2026-05-15,2026-03-31,0.690000,3.360000,163.095238,63.864895,30.619961,8.819906,111.702976,214.586046,317.469116,420.352187,,,,,,,,,,459.925000,351.833333,307.112500,266.008333,459.925000,569.840410,350.009590,514.882705,404.967295
2026-06-04,520.000000,2026-05-15,2026-03-31,0.690000,3.360000,154.761905,64.778969,31.673376,4.812247,111.234792,217.657336,324.079880,430.502424,,,,,,,,,,467.050000,356.258333,309.387500,267.385417,467.050000,572.866574,361.233426,519.958287,414.141713
2026-06-05,501.000000,2026-05-15,2026-03-31,0.690000,3.360000,149.107143,65.641358,32.544226,1.857762,111.206363,220.554964,329.903565,439.252166,,,,,,,,,,471.600000,360.475000,311.479167,268.662500,471.600000,574.883259,368.316741,523.241629,419.958371
2026-06-08,461.000000,2026-05-15,2026-03-31,0.690000,3.360000,137.202381,66.402260,33.140600,0.406761,111.759177,223.111594,334.464010,445.816427,,,,,,,,,,473.250000,363.616667,313.225000,269.731250,473.250000,574.637480,371.862520,523.943740,422.556260
2026-06-09,507.000000,2026-05-15,2026-03-31,0.690000,3.360000,150.892857,67.277249,33.970307,-2.228908,111.911324,226.051557,340.191790,454.332023,,,,,,,,,,475.075000,367.491667,315.354167,271.022917,475.075000,577.562111,372.587889,526.318555,423.831445
2026-06-10,472.000000,2026-05-15,2026-03-31,0.690000,3.360000,140.476190,68.051747,34.570624,-3.660726,112.496572,228.653869,344.811166,460.968463,,,,,,,,,,476.625000,370.675000,317.116667,272.087500,476.625000,577.872417,375.377583,527.248709,426.001291
2026-06-11,452.500000,2026-05-15,2026-03-31,0.690000,3.360000,134.672619,68.751269,35.062946,-4.618735,113.192765,231.004264,348.815764,466.627263,,,,,,,,,,478.150000,373.391667,318.570833,273.039583,478.150000,576.819091,379.480909,527.484545,428.815455
2026-06-12,461.000000,2026-05-15,2026-03-31,0.690000,3.360000,137.202381,69.473394,35.573502,-5.623333,113.903635,233.430602,352.957570,472.484538,,,,,,,,,,481.425000,376.408333,320.104167,274.031250,481.425000,572.607452,390.242548,527.016226,435.833774
2026-06-15,507.000000,2026-05-15,2026-03-31,0.690000,3.360000,150.892857,70.302762,36.300591,-7.722692,114.247295,236.217281,358.187267,480.157254,,,,,,,,,,486.275000,380.183333,321.983333,275.231250,486.275000,571.591423,400.958577,528.933212,443.616788
2026-06-16,499.500000,2026-05-15,2026-03-31,0.690000,3.360000,148.660714,71.131018,36.944825,-9.269005,114.865607,239.000219,363.134831,487.269443,,,,,,,,,,491.625000,383.858333,323.895833,276.418750,491.625000,564.726858,418.523142,528.175929,455.074071
2026-06-17,514.000000,2026-05-15,2026-03-31,0.690000,3.360000,152.976190,71.996756,37.634718,-10.996207,115.456446,241.909100,368.361753,494.814407,,,,,,,,,,496.650000,387.666667,325.937500,277.689583,496.650000,560.352516,432.947484,528.501258,464.798742
2026-06-18,565.000000,2026-05-15,2026-03-31,0.690000,3.360000,168.154762,73.001908,38.574939,-13.937182,115.674615,245.286411,374.898208,504.510005,,,,,,,,,,502.900000,392.725000,328.475000,279.164583,502.900000,567.718451,438.081549,535.309225,470.490775
2026-06-22,557.000000,2026-05-15,2026-03-31,0.690000,3.360000,165.773810,74.002426,39.409169,-16.181468,116.233342,248.648151,381.062960,513.477769,,,,,,,,,,507.775000,397.725000,331.029167,280.597917,507.775000,573.509294,442.040706,540.642147,474.907853
2026-06-23,612.000000,2026-05-15,2026-03-31,0.690000,3.360000,182.142857,75.143914,40.534578,-19.908809,116.287372,252.483552,388.679733,524.875914,,,,,,,,,,513.325000,403.291667,334.066667,282.247917,513.325000,593.752329,432.897671,553.538665,473.111335
2026-06-24,581.000000,2026-05-15,2026-03-31,0.690000,3.360000,172.916667,76.218402,41.401178,-22.122083,116.985875,256.093832,395.201790,534.309747,,,,,,,,,,515.875000,408.325000,336.900000,283.775000,515.875000,601.588645,430.161355,558.731823,473.018177
2026-06-25,586.000000,2026-05-15,2026-03-31,0.690000,3.360000,174.404762,77.309853,42.247313,-24.140836,117.810136,259.761107,401.712079,543.663050,,,,,,,,,,520.125000,413.566667,339.800000,285.345833,520.125000,611.006574,429.243426,565.565787,474.684213
2026-06-26,530.000000,2026-05-15,2026-03-31,0.690000,3.360000,157.738095,78.252531,42.770508,-24.489311,119.219596,262.928504,406.637411,550.346318,,,,,,,,,,522.575000,418.108333,342.179167,286.683333,522.575000,611.639303,433.510697,567.107151,478.042849
2026-06-29,505.000000,2026-05-15,2026-03-31,0.690000,3.360000,150.297619,79.108113,43.177708,-24.350937,120.726162,265.803260,410.880359,555.957458,,,,,,,,,,523.300000,422.491667,344.212500,287.918750,523.300000,611.496790,435.103210,567.398395,479.201605
2026-06-30,532.000000,2026-05-15,2026-03-31,0.690000,3.360000,158.333333,80.023056,43.684815,-24.684486,122.096492,268.877470,415.658447,562.439425,,,,,,,,,,522.950000,427.233333,346.429167,289.272917,522.950000,610.939772,434.960228,566.944886,478.955114
2026-07-01,512.000000,2026-05-15,2026-03-31,0.690000,3.360000,152.380952,80.877752,44.090323,-24.537724,123.605761,271.749246,419.892731,568.036216,,,,,,,,,,521.150000,431.750000,348.420833,290.550000,521.150000,608.452318,433.847682,564.801159,477.498841
2026-07-02,501.000000,2026-05-15,2026-03-31,0.690000,3.360000,149.107143,81.721132,44.420952,-23.925789,125.328608,274.583005,423.837402,573.091799,,,,,,,,,,518.800000,435.800000,350.408333,291.835417,518.800000,605.587945,432.012055,562.193972,475.406028
2026-07-03,530.000000,2026-05-15,2026-03-31,0.690000,3.360000,157.738095,82.626553,44.855374,-23.802896,126.911162,277.625219,428.339277,579.053334,,,,,,,,,,519.300000,440.108333,352.583333,293.222917,519.300000,606.232157,432.367843,562.766079,475.833921
2026-07-06,520.000000,2026-05-15,2026-03-31,0.690000,3.360000,154.761905,83.505652,45.228334,-23.355416,128.611787,280.578990,432.546193,584.513396,,,,,,,,,,520.250000,443.950000,354.666667,294.547917,520.250000,606.754335,433.745665,563.502168,476.997832
2026-07-07,495.000000,2026-05-15,2026-03-31,0.690000,3.360000,147.321429,84.318184,45.493097,-22.404511,130.452294,283.309100,436.165905,589.022711,,,,,,,,,,521.950000,447.091667,356.516667,295.762500,521.950000,604.811266,439.088734,563.380633,480.519367
2026-07-08,510.000000,2026-05-15,2026-03-31,0.690000,3.360000,151.785714,85.176283,45.787962,-21.502790,132.344761,286.192312,440.039862,593.887413,,,,,,,,,,522.100000,450.433333,358.537500,297.039583,522.100000,604.858113,439.341887,563.479056,480.720944
2026-07-09,502.000000,2026-05-15,2026-03-31,0.690000,3.360000,149.404762,86.023665,46.029223,-20.276864,134.381325,289.039513,443.697702,598.355891,,,,,,,,,,523.600000,453.558333,360.541667,298.306250,523.600000,603.575391,443.624609,563.587695,483.612305
2026-07-13,515.000000,2026-05-15,2026-03-31,0.690000,3.360000,153.273810,86.907850,46.294936,-19.091594,136.459391,292.010377,447.561363,603.112349,,,,,,,,,,526.725000,456.383333,362.679167,299.595833,526.725000,599.569084,453.880916,563.147042,490.302958
2026-07-14,476.000000,2026-05-15,2026-03-31,0.690000,3.360000,141.666667,87.693789,46.418195,-17.279140,138.685996,294.651131,450.616267,606.581403,,,,,,,,,,527.475000,458.633333,364.483333,300.708333,527.475000,597.732777,457.217223,562.603889,492.346111
2026-07-15,480.000000,2026-05-15,2026-03-31,0.690000,3.360000,142.857143,88.488128,46.540656,-15.433096,140.943507,297.320110,453.696712,610.073315,,,,,,,,,,526.125000,460.533333,366.312500,301.854167,526.125000,599.027151,453.222849,562.576076,489.673924
2026-07-16,480.000000,2026-05-15,2026-03-31,0.690000,3.360000,142.857143,89.287789,46.644317,-13.442838,143.282066,300.006971,456.731875,613.456780,,,,,,,,,,525.150000,462.150000,368.170833,302.985417,525.150000,600.045787,450.254213,562.597894,487.702106
2026-07-17,432.000000,2026-05-15,2026-03-31,0.690000,3.360000,128.571429,89.979808,46.605650,-10.857814,145.737170,302.332153,458.927137,615.522121,,,,,,,,,,521.050000,463.016667,369.691667,303.925000,521.050000,606.718824,435.381176,563.884412,478.215588
2026-07-20,389.000000,2026-05-15,2026-03-31,0.690000,3.360000,115.773810,90.555295,46.493162,-8.168258,148.048767,304.265791,460.482815,616.699839,,,,,,,,,,512.250000,463.441667,370.800000,304.725000,512.250000,613.627616,410.872384,562.938808,461.561192
2026-07-21,427.500000,2026-05-15,2026-03-31,0.690000,3.360000,127.232143,91.229310,46.433170,-5.500425,150.515028,306.530481,462.545933,618.561386,,,,,,,,,,505.775000,465.008333,372.245833,305.681250,505.775000,611.564501,399.985499,558.669750,452.880250
2026-07-22,458.500000,2026-05-15,2026-03-31,0.690000,3.360000,136.458333,91.985532,46.424590,-2.901858,153.084765,309.071387,465.058009,621.044632,,,,,,,,,,498.100000,467.350000,373.979167,306.743750,498.100000,593.170389,403.029611,545.635195,450.564805
2026-07-23,474.000000,2026-05-15,2026-03-31,0.690000,3.360000,141.071429,92.788560,46.433357,-0.262599,155.753481,311.769562,467.785643,623.801724,,,,,,,,,,492.750000,470.225000,375.887500,307.864583,492.750000,579.889634,405.610366,536.319817,449.180183
2026-07-24,427.000000,2026-05-15,2026-03-31,0.690000,3.360000,127.083333,93.453731,46.347354,2.550322,158.277430,314.004538,469.731646,625.458754,,,,,,,,,,484.800000,472.250000,377.287500,308.804167,484.800000,564.841700,404.758300,524.820850,444.779150
2026-07-27,438.000000,2026-05-15,2026-03-31,0.690000,3.360000,130.357143,94.153788,46.264267,5.460851,160.908789,316.356728,471.804666,627.252604,,,,,,,,,,480.200000,474.516667,378.820833,309.808333,480.200000,559.877904,400.522096,520.038952,440.361048
2026-07-28,405.000000,2026-05-15,2026-03-31,0.690000,3.360000,120.535714,94.768958,46.118745,8.505733,163.464716,318.423698,473.382681,628.341664,,,,,,,,,,475.200000,476.233333,380.062500,310.693750,475.200000,560.665536,389.734464,517.932768,432.467232
2026-07-29,364.500000,2026-05-15,2026-03-31,0.690000,3.360000,108.482143,95.283681,45.922185,11.556085,165.854627,320.153169,474.451711,628.750253,,,,,,,,,,466.825000,476.775000,380.966667,311.402083,466.825000,561.216277,372.433723,514.020638,419.629362
2026-07-30,338.500000,2026-05-15,2026-03-31,0.690000,3.360000,100.744048,95.740764,45.698889,14.592434,168.140700,321.688966,475.237232,628.785498,,,,,,,,,,458.150000,476.333333,381.691667,311.983333,458.150000,565.992527,350.307473,512.071263,404.228737
2026-07-31,372.000000,2026-05-15,2026-03-31,0.690000,3.360000,110.714286,96.280171,45.488194,17.820712,170.661043,323.501375,476.341706,629.182038,,,,,,,,,,451.700000,476.808333,382.691667,312.727083,451.700000,564.086738,339.313262,507.893369,395.506631
2026-08-03,409.000000,2026-05-15,2026-03-31,0.690000,3.360000,121.726190,96.900700,45.321495,21.025907,173.306129,325.586350,477.866572,630.146794,,,,,,,,,,445.650000,477.333333,383.941667,313.633333,445.650000,553.213005,338.086995,499.431502,391.868498
2026-08-04,432.000000,2026-05-15,2026-03-31,0.690000,3.360000,128.571429,97.576751,45.182436,24.231910,176.044897,327.857883,479.670870,631.483856,,,,,,,,,,441.250000,477.700000,385.375000,314.652083,441.250000,543.052440,339.447560,492.151220,390.348780
2026-08-05,475.000000,2026-05-15,2026-03-31,0.690000,3.360000,141.369048,98.371615,45.106143,27.415342,178.971984,330.528625,482.085267,633.641909,,,,,,,,,,440.250000,478.483333,387.233333,315.841667,440.250000,540.205516,340.294484,490.227758,390.272242
2026-08-06,491.500000,2026-05-15,2026-03-31,0.690000,3.360000,146.279762,99.218046,45.043636,30.679397,182.026016,333.372634,484.719252,636.065871,,,,,,,,,,439.325000,478.833333,389.287500,317.110417,439.325000,536.876215,341.773785,488.100607,390.549393
2026-08-07,477.000000,2026-05-15,2026-03-31,0.690000,3.360000,141.964286,100.020911,44.938778,34.081673,185.075967,336.070262,487.064556,638.058850,,,,,,,,,,438.075000,479.433333,391.179167,318.314583,438.075000,532.845790,343.304210,485.460395,390.689605
2026-08-10,524.000000,2026-05-15,2026-03-31,0.690000,3.360000,155.952381,100.920575,44.969086,36.900874,187.997003,339.093133,490.189262,641.285391,,,,,,,,,,438.525000,481.133333,393.354167,319.704167,438.525000,534.905537,342.144463,486.715268,390.334732
2026-08-11,473.500000,2026-05-15,2026-03-31,0.690000,3.360000,140.922619,101.708677,44.833187,40.462136,191.101646,341.741156,492.380666,643.020176,,,,,,,,,,438.400000,482.433333,395.183333,320.877083,438.400000,534.582174,342.217826,486.491087,390.308913
2026-08-12,507.000000,2026-05-15,2026-03-31,0.690000,3.360000,150.892857,102.598873,44.739531,44.082569,194.407391,344.732214,495.057037,645.381860,,,,,,,,,,439.750000,484.050000,397.395833,322.143750,439.750000,539.096549,340.403451,489.423275,390.076725
2026-08-13,527.000000,2026-05-15,2026-03-31,0.690000,3.360000,156.845238,103.534110,44.690272,47.555981,197.715296,347.874611,498.033926,648.193240,,,,,,,,,,442.100000,486.291667,399.750000,323.481250,442.100000,547.494797,336.705203,494.797398,389.402602
2026-08-14,510.000000,2026-08-14,2026-06-30,2.090000,4.920000,103.658537,104.020803,44.367111,75.209977,293.496163,511.782349,730.068534,948.354720,,,,,,,,,,446.000000,487.900000,401.933333,324.741667,446.000000,555.513277,336.486723,500.756639,391.243361
2026-08-17,550.000000,2026-08-14,2026-06-30,2.090000,4.920000,111.788618,104.582849,44.030683,81.285697,297.916657,514.547616,731.178576,947.809535,,,,,,,,,,454.050000,489.733333,404.491667,326.179167,454.050000,569.433525,338.666475,511.741763,396.358237
2026-08-18,579.000000,2026-08-14,2026-06-30,2.090000,4.920000,117.682927,105.162840,43.737619,87.023001,302.212088,517.401175,732.590261,947.779348,,,,,,,,,,461.625000,491.725000,407.120833,327.795833,461.625000,588.944273,334.305727,525.284637,397.965363
2026-08-19,567.000000,2026-08-14,2026-06-30,2.090000,4.920000,115.243902,105.697415,43.462389,92.361375,306.196329,520.031284,733.866239,947.701194,,,,,,,,,,467.050000,492.825000,409.512500,329.356250,467.050000,602.777242,331.322758,534.913621,399.186379
2026-08-20,553.000000,2026-08-14,2026-06-30,2.090000,4.920000,112.398374,106.205997,43.177451,97.667388,310.100446,522.533504,734.966562,947.399620,,,,,,,,,,471.000000,493.208333,411.775000,330.875000,471.000000,612.071837,329.928163,541.535918,400.464082
2026-08-21,551.000000,2026-08-14,2026-06-30,2.090000,4.920000,111.991870,106.668612,42.936900,102.310471,313.560020,524.809569,736.059118,947.308667,,,,,,,,,,477.200000,494.041667,413.787500,332.308333,477.200000,621.002643,333.397357,549.101321,405.298679
2026-08-24,507.000000,2026-08-14,2026-06-30,2.090000,4.920000,103.048780,107.065064,42.679095,106.797824,316.778970,526.760116,736.741262,946.722409,,,,,,,,,,480.650000,494.475000,415.479167,333.556250,480.650000,623.802146,337.497854,552.226073,409.073927
2026-08-25,533.000000,2026-08-14,2026-06-30,2.090000,4.920000,108.333333,107.459934,42.467517,110.822512,319.762695,528.702878,737.643061,946.583243,,,,,,,,,,487.050000,495.183333,417.137500,334.906250,487.050000,627.378899,346.721101,557.214450,416.885550
2026-08-26,574.000000,2026-08-14,2026-06-30,2.090000,4.920000,116.666667,107.974432,42.198869,115.997335,323.615769,531.234204,738.852638,946.471073,,,,,,,,,,497.525000,495.766667,419.412500,336.456250,497.525000,630.416121,364.633879,563.970560,431.079440
2026-08-27,578.000000,2026-08-14,2026-06-30,2.090000,4.920000,117.479675,108.516993,41.895430,121.652573,327.778091,533.903608,740.029125,946.154642,,,,,,,,,,509.500000,496.266667,421.837500,338.018750,509.500000,623.936376,395.063624,566.718188,452.281812
2026-08-28,635.000000,2026-08-14,2026-06-30,2.090000,4.920000,129.065041,109.162943,41.606304,127.675646,332.378663,537.081679,741.784696,946.487713,,,,,,,,,,522.650000,497.716667,424.775000,339.841667,522.650000,630.831183,414.468817,576.740592,468.559408
2026-08-31,646.000000,2026-08-14,2026-06-30,2.090000,4.920000,131.300813,109.870103,41.250941,134.651652,337.606280,540.560907,743.515534,946.470162,,,,,,,,,,534.500000,499.816667,428.037500,341.714583,534.500000,642.184236,426.815764,588.342118,480.657882
2026-09-01,625.000000,2026-08-14,2026-06-30,2.090000,4.920000,127.032520,110.551578,40.848042,141.969034,342.941400,543.913766,744.886132,945.858498,,,,,,,,,,544.150000,501.883333,431.179167,343.479167,544.150000,647.669182,440.630818,595.909591,492.390409
2026-09-02,602.000000,2026-08-14,2026-06-30,2.090000,4.920000,122.357724,111.156840,40.475602,148.611733,347.751694,546.891655,746.031616,945.171578,,,,,,,,,,550.500000,504.233333,433.925000,345.168750,550.500000,651.714207,449.285793,601.107104,499.892896
2026-09-03,554.000000,2026-08-14,2026-06-30,2.090000,4.920000,112.601626,111.677760,40.083439,155.033545,352.244063,549.454581,746.665099,943.875617,,,,,,,,,,553.625000,505.016667,436.254167,346.639583,553.625000,650.954000,456.296000,602.289500,504.960500
2026-09-04,580.000000,2026-08-14,2026-06-30,2.090000,4.920000,117.886179,112.232834,39.699346,161.543979,356.864760,552.185542,747.506323,942.827105,,,,,,,,,,558.775000,506.816667,438.745833,348.204167,558.775000,649.723496,467.826504,604.249248,513.300752
2026-09-07,585.000000,2026-08-14,2026-06-30,2.090000,4.920000,118.902439,112.783450,39.324950,167.937066,361.415820,554.894575,748.373329,941.852084,,,,,,,,,,561.825000,509.025000,441.208333,349.818750,561.825000,651.950804,471.699196,606.887902,516.762098
2026-09-08,527.000000,2026-08-14,2026-06-30,2.090000,4.920000,107.113821,113.250275,38.916876,174.249288,365.720320,557.191351,748.662382,940.133414,,,,,,,,,,564.500000,510.125000,443.266667,351.181250,564.500000,646.386957,482.613043,605.443478,523.556522
2026-09-09,520.000000,2026-08-14,2026-06-30,2.090000,4.920000,105.691057,113.704482,38.502286,180.563561,369.994807,559.426053,748.857299,938.288545,,,,,,,,,,565.150000,510.341667,445.262500,352.504167,565.150000,645.303209,484.996791,605.226604,525.073396
2026-09-10,523.000000,2026-08-14,2026-06-30,2.090000,4.920000,106.300813,114.166052,38.072807,187.060554,374.378766,561.696977,749.015189,936.333401,,,,,,,,,,564.950000,510.733333,447.295833,353.825000,564.950000,645.522883,484.377117,605.236441,524.663559
2026-09-11,512.000000,2026-08-14,2026-06-30,2.090000,4.920000,104.065041,114.599107,37.654137,193.310896,378.569250,563.827604,749.085958,934.344312,,,,,,,,,,565.050000,510.700000,449.183333,355.104167,565.050000,645.340197,484.759803,605.195099,524.904901
2026-09-14,509.000000,2026-08-14,2026-06-30,2.090000,4.920000,103.455285,115.063576,37.162780,200.431036,383.271914,566.112793,748.953671,931.794549,,,,,,,,,,563.000000,509.766667,451.245833,356.352083,563.000000,646.919761,479.080239,604.959881,521.040119
2026-09-15,492.500000,2026-08-14,2026-06-30,2.090000,4.920000,100.101626,115.506941,36.656628,207.592932,387.943541,568.294149,748.644757,928.995366,,,,,,,,,,558.675000,508.691667,453.208333,357.483333,558.675000,647.872755,469.477245,603.273877,514.076123
2026-09-16,541.000000,2026-08-14,2026-06-30,2.090000,4.920000,109.959350,116.000519,36.172646,214.783723,392.753139,570.722555,748.691972,926.661388,,,,,,,,,,557.375000,507.508333,455.400000,358.795833,557.375000,646.819411,467.930589,602.097205,512.652795
2026-09-17,525.000000,2026-08-14,2026-06-30,2.090000,4.920000,106.707317,116.465477,35.684275,221.876877,397.443512,573.010147,748.576781,924.143416,,,,,,,,,,555.975000,506.575000,457.450000,359.947917,555.975000,646.576775,465.373225,601.275887,510.674113
2026-09-18,538.000000,2026-08-14,2026-06-30,2.090000,4.920000,109.349593,116.963859,35.155483,229.532230,402.497207,575.462184,748.427162,921.392139,,,,,,,,,,555.325000,505.775000,459.670833,361.112500,555.325000,646.262963,464.387037,600.793982,509.856018
2026-09-21,545.000000,2026-08-14,2026-06-30,2.090000,4.920000,110.772358,117.495386,34.565856,237.949276,408.013288,578.077300,748.141312,918.205324,,,,,,,,,,557.225000,506.025000,462.066667,362.225000,557.225000,645.459422,468.990578,601.342211,513.107789
2026-09-22,526.000000,2026-08-14,2026-06-30,2.090000,4.920000,106.910569,117.983779,33.989234,246.026134,413.253164,580.480194,747.707224,914.934254,,,,,,,,,,556.875000,506.375000,464.433333,363.256250,556.875000,645.568366,468.181634,601.221683,512.528317
2026-09-23,520.000000,2026-08-14,2026-06-30,2.090000,4.920000,105.691057,118.452861,33.418411,253.950919,418.369498,582.788078,747.206658,911.625238,,,,,,,,,,554.175000,506.175000,466.704167,364.285417,554.175000,643.954423,464.395577,599.064711,509.285289
2026-09-24,513.000000,2026-08-14,2026-06-30,2.090000,4.920000,104.268293,118.920899,32.812679,262.214066,423.652445,585.090823,746.529201,907.967579,,,,,,,,,,550.925000,506.191667,468.970833,365.295833,550.925000,641.772631,460.077369,596.348816,505.501184
2026-09-29,525.000000,2026-08-14,2026-06-30,2.090000,4.920000,106.707317,119.380985,32.241440,270.098679,428.726562,587.354446,745.982329,904.610212,,,,,,,,,,545.425000,506.591667,471.195833,366.350000,545.425000,627.761457,463.088543,586.593228,504.256772
2026-09-30,523.000000,2026-08-14,2026-06-30,2.090000,4.920000,106.300813,119.815228,31.702471,277.538612,433.514767,589.490923,745.467078,901.443234,,,,,,,,,,539.275000,506.475000,473.291667,367.375000,539.275000,607.071503,471.478497,573.173251,505.376749
2026-10-01,515.000000,2026-08-14,2026-06-30,2.090000,4.920000,104.674797,120.205981,31.216732,284.240781,437.827105,591.413428,744.999751,898.586074,,,,,,,,,,533.775000,506.391667,475.170833,368.268750,533.775000,588.965078,478.584922,561.370039,506.179961
2026-10-02,543.000000,2026-08-14,2026-06-30,2.090000,4.920000,110.365854,120.615883,30.754649,290.804400,442.117272,593.430144,744.743016,896.055888,,,,,,,,,,530.825000,507.191667,477.141667,369.316667,530.825000,576.072012,485.577988,553.448506,508.201494
2026-10-05,548.000000,2026-08-14,2026-06-30,2.090000,4.920000,111.382114,121.029264,30.286952,297.440364,446.452170,595.463977,744.475783,893.487589,,,,,,,,,,530.525000,507.825000,479.129167,370.406250,530.525000,575.200997,485.849003,552.862999,508.187001
2026-10-06,531.000000,2026-08-14,2026-06-30,2.090000,4.920000,107.926829,121.405533,29.834234,303.746362,450.530793,597.315224,744.099655,890.884086,,,,,,,,,,528.075000,508.308333,480.933333,371.439583,528.075000,566.224671,489.925329,547.149835,509.000165
