# chart-version: skill-stock-dynamic-valuation-box@1.10.0; font: noto-sans-cjk-tc-v1; Updated: 2026-10-04 15:54 CST (1.10.0)
date,close,available_date,period_end,eps,ttm_eps,pe,pe_mean,pe_std,price_m2,price_m1,price_mean,price_p1,price_p2,forward_eps,forward_pe,forward_pe_mean,forward_pe_std,forward_price_m2,forward_price_m1,forward_price_mean,forward_price_p1,forward_price_p2,sma20,sma60,sma120,sma240,bband_mid,bband_upper2,bband_lower2,bband_upper1,bband_lower1
2023-10-02,41.900000,2023-08-14,2023-06-30,-0.150000,-1.670000,-25.089820,-39.313854,40.446965,200.746998,133.200567,65.654136,-1.892295,-69.438726,,,,,,,,,,42.590000,44.689167,40.333333,36.545417,42.590000,45.177338,40.002662,43.883669,41.296331
2023-10-03,40.950000,2023-08-14,2023-06-30,-0.150000,-1.670000,-24.520958,-39.772620,39.957346,199.877811,133.149043,66.420276,-0.308492,-67.037260,,,,,,,,,,42.567500,44.673333,40.387083,36.578542,42.567500,45.205736,39.929264,43.886618,41.248382
2023-10-04,40.150000,2023-08-14,2023-06-30,-0.150000,-1.670000,-24.041916,-40.231819,39.449869,198.949700,133.068419,67.187138,1.305857,-64.575424,,,,,,,,,,42.345000,44.576667,40.429167,36.607917,42.345000,45.011932,39.678068,43.678466,41.011534
2023-10-05,40.200000,2023-08-14,2023-06-30,-0.150000,-1.670000,-24.071856,-40.692742,38.927464,197.974610,132.965745,67.956880,2.948015,-62.060850,,,,,,,,,,42.230000,44.488333,40.470000,36.638125,42.230000,45.062035,39.397965,43.646017,40.813983
2023-10-06,41.100000,2023-08-14,2023-06-30,-0.150000,-1.670000,-24.610778,-41.156682,38.393191,196.964915,132.848287,68.731658,4.615030,-59.501598,,,,,,,,,,42.185000,44.394167,40.520000,36.672292,42.185000,45.060688,39.309312,43.622844,40.747156
2023-10-11,39.150000,2023-08-14,2023-06-30,-0.150000,-1.670000,-23.443114,-41.615315,37.841602,195.888528,132.693052,69.497577,6.302101,-56.893375,,,,,,,,,,42.057500,44.248333,40.548750,36.706667,42.057500,45.234104,38.880896,43.645802,40.469198
2023-10-12,39.900000,2023-08-14,2023-06-30,-0.150000,-1.670000,-23.892216,-42.075479,37.278702,194.776914,132.521482,70.266050,8.010618,-54.244814,,,,,,,,,,41.845000,44.126667,40.586250,36.744583,41.845000,45.000763,38.689237,43.422882,40.267118
2023-10-13,39.900000,2023-08-14,2023-06-30,-0.150000,-1.670000,-23.892216,-42.530481,36.711783,193.643259,132.334581,71.025902,9.717224,-51.591454,,,,,,,,,,41.660000,43.995000,40.629583,36.790208,41.660000,44.816380,38.503620,43.238190,40.081810
2023-10-16,39.250000,2023-08-14,2023-06-30,-0.150000,-1.670000,-23.502994,-42.978920,36.138746,192.478208,132.126502,71.774796,11.423091,-48.928615,,,,,,,,,,41.495000,43.835833,40.671250,36.825417,41.495000,44.797136,38.192864,43.146068,39.843932
2023-10-17,39.950000,2023-08-14,2023-06-30,-0.150000,-1.670000,-23.922156,-43.430484,35.549588,191.264532,131.896720,72.528908,13.161095,-46.206717,,,,,,,,,,41.227500,43.661667,40.719167,36.863333,41.227500,44.066046,38.388954,42.646773,39.808227
2023-10-18,38.900000,2023-08-14,2023-06-30,-0.150000,-1.670000,-23.293413,-43.873120,34.955546,190.019633,131.643872,73.268111,14.892350,-43.483411,,,,,,,,,,40.980000,43.486667,40.762500,36.894167,40.980000,43.717152,38.242848,42.348576,39.611424
2023-10-19,38.650000,2023-08-14,2023-06-30,-0.150000,-1.670000,-23.143713,-44.307135,34.362204,188.762677,131.377797,73.992916,16.608035,-40.776846,,,,,,,,,,40.720000,43.284167,40.812083,36.925208,40.720000,43.292200,38.147800,42.006100,39.433900
2023-10-20,38.400000,2023-08-14,2023-06-30,-0.150000,-1.670000,-22.994012,-44.742115,33.748737,187.440113,131.079722,74.719332,18.358941,-38.001450,,,,,,,,,,40.490000,43.075833,40.857083,36.958333,40.490000,43.026180,37.953820,41.758090,39.221910
2023-10-23,38.650000,2023-08-14,2023-06-30,-0.150000,-1.670000,-23.143713,-45.185348,33.101348,186.018033,130.738782,75.459531,20.180280,-35.098971,,,,,,,,,,40.295000,42.860000,40.896250,36.995208,40.295000,42.763091,37.826909,41.529046,39.060954
2023-10-24,38.450000,2023-08-14,2023-06-30,-0.150000,-1.670000,-23.023952,-45.624264,32.443420,184.553544,130.373033,76.192521,22.012010,-32.168502,,,,,,,,,,40.125000,42.678333,40.937500,37.026458,40.125000,42.610431,37.639569,41.367716,38.882284
2023-10-25,39.300000,2023-08-14,2023-06-30,-0.150000,-1.670000,-23.532934,-46.069635,31.757360,183.005871,129.971080,76.936290,23.901499,-29.133291,,,,,,,,,,39.995000,42.509167,40.983333,37.064375,39.995000,42.358517,37.631483,41.176758,38.813242
2023-10-26,38.500000,2023-08-14,2023-06-30,-0.150000,-1.670000,-23.053892,-46.512488,31.049051,181.379686,129.527770,77.675855,25.823939,-26.027976,,,,,,,,,,39.787500,42.325000,41.020833,37.101250,39.787500,41.883078,37.691922,40.835289,38.739711
2023-10-27,39.950000,2023-08-14,2023-06-30,-0.150000,-1.670000,-23.922156,-46.960733,30.316750,179.682368,129.053396,78.424424,27.795452,-22.833520,,,,,,,,,,39.735000,42.169167,41.072500,37.140208,39.735000,41.753885,37.716115,40.744442,38.725558
2023-10-30,39.900000,2023-08-14,2023-06-30,-0.150000,-1.670000,-23.892216,-47.410572,29.554795,177.888671,128.532163,79.175655,29.819148,-19.537360,,,,,,,,,,39.702500,42.045833,41.121667,37.183542,39.702500,41.686774,37.718226,40.694637,38.710363
2023-10-31,38.250000,2023-08-14,2023-06-30,-0.150000,-1.670000,-22.904192,-47.851072,28.775654,176.021974,127.966632,79.911290,31.855948,-16.199395,,,,,,,,,,39.570000,41.898333,41.158333,37.216042,39.570000,41.571421,37.568579,40.570710,38.569290
2023-11-01,38.850000,2023-08-14,2023-06-30,-0.150000,-1.670000,-23.263473,-48.293459,27.968223,174.063940,127.357008,80.650077,33.943145,-12.763787,,,,,,,,,,39.417500,41.735833,41.201250,37.250417,39.417500,41.112780,37.722220,40.265140,38.569860
2023-11-02,39.600000,2023-08-14,2023-06-30,-0.150000,-1.670000,-23.712575,-48.738483,27.129219,172.004858,126.699062,81.393266,36.087470,-9.218325,,,,,,,,,,39.350000,41.579167,41.251667,37.285417,39.350000,40.888625,37.811375,40.119313,38.580687
2023-11-03,39.500000,2023-08-14,2023-06-30,-0.150000,-1.670000,-23.652695,-49.178583,26.269665,169.868913,125.998573,82.128233,38.257893,-5.612448,,,,,,,,,,39.317500,41.435833,41.306250,37.319167,39.317500,40.811796,37.823204,40.064648,38.570352
2023-11-06,40.450000,2023-08-14,2023-06-30,-0.150000,-1.670000,-24.221557,-49.622317,25.371943,167.611558,125.240413,82.869269,40.498125,-1.873020,,,,,,,,,,39.330000,41.297500,41.370000,37.357292,39.330000,40.859155,37.800845,40.094578,38.565422
2023-11-07,40.150000,2023-08-14,2023-06-30,-0.150000,-1.670000,-24.041916,-49.337286,25.466202,167.450384,124.921826,82.393268,39.864710,-2.663849,,,,,,,,,,39.282500,41.183333,41.427917,37.392292,39.282500,40.628166,37.936834,39.955333,38.609667
2023-11-08,42.950000,2023-08-14,2023-06-30,-0.150000,-1.670000,-25.718563,-49.062572,25.542219,167.245508,124.590002,81.934496,39.278989,-3.376517,,,,,,,,,,39.472500,41.116667,41.507083,37.440625,39.472500,41.590711,37.354289,40.531605,38.413395
2023-11-09,42.750000,2023-08-14,2023-06-30,-0.150000,-1.670000,-25.598802,-48.781744,25.613892,167.015913,124.240712,81.465512,38.690311,-4.084889,,,,,,,,,,39.615000,41.111667,41.581667,37.484583,39.615000,42.188775,37.041225,40.901887,38.328113
2023-11-10,38.500000,2023-08-14,2023-06-30,-0.150000,-1.670000,-23.053892,-48.476052,25.700800,166.795678,123.875343,80.955007,38.034672,-4.885664,,,,,,,,,,39.545000,41.035833,41.618750,37.515000,39.545000,42.161929,36.928071,40.853464,38.236536
2023-11-13,38.200000,2023-08-14,2023-06-30,-0.150000,-1.670000,-22.874251,-48.168133,25.784903,166.562359,123.501571,80.440782,37.379994,-5.680795,,,,,,,,,,39.492500,40.963333,41.652917,37.545000,39.492500,42.175639,36.809361,40.834070,38.150930
2023-11-14,37.800000,2023-11-14,2023-09-30,0.500000,-0.720000,-52.500000,-48.092475,25.758529,71.718864,53.172723,34.626582,16.080441,-2.465700,,,,,,,,,,39.385000,40.870833,41.675417,37.568958,39.385000,42.161613,36.608387,40.773306,37.996694
2023-11-15,38.700000,2023-11-14,2023-09-30,0.500000,-0.720000,-53.750000,-48.034544,25.737741,71.647219,53.116045,34.584872,16.053698,-2.477476,,,,,,,,,,39.375000,40.804167,41.709583,37.598958,39.375000,42.160394,36.589606,40.767697,37.982303
2023-11-16,40.800000,2023-11-14,2023-09-30,0.500000,-0.720000,-56.666667,-47.994339,25.720306,71.593165,53.074545,34.555924,16.037304,-2.481317,,,,,,,,,,39.482500,40.775000,41.757500,37.639375,39.482500,42.315626,36.649374,40.899063,38.065937
2023-11-17,42.700000,2023-11-14,2023-09-30,0.500000,-0.720000,-59.305556,-47.976856,25.711827,71.568367,53.055852,34.543336,16.030821,-2.481694,,,,,,,,,,39.697500,40.796667,41.821667,37.685833,39.697500,42.822354,36.572646,41.259927,38.135073
2023-11-20,42.450000,2023-11-14,2023-09-30,0.500000,-0.720000,-58.958333,-47.955018,25.701287,71.537466,53.032540,34.527613,16.022686,-2.482241,,,,,,,,,,39.887500,40.814167,41.882917,37.733125,39.887500,43.200612,36.574388,41.544056,38.230944
2023-11-21,41.300000,2023-11-14,2023-09-30,0.500000,-0.720000,-57.361111,-47.908173,25.678780,71.471328,52.982607,34.493885,16.005163,-2.483559,,,,,,,,,,40.030000,40.821667,41.927917,37.776250,40.030000,43.327910,36.732090,41.678955,38.381045
2023-11-22,41.300000,2023-11-14,2023-09-30,0.500000,-0.720000,-57.361111,-47.831358,25.636211,71.354722,52.896650,34.438578,15.980506,-2.477566,,,,,,,,,,40.130000,40.832500,41.955833,37.820833,40.130000,43.455879,36.804121,41.792940,38.467060
2023-11-23,40.600000,2023-11-14,2023-09-30,0.500000,-0.720000,-56.388889,-47.755213,25.596751,71.243075,52.813414,34.383753,15.954092,-2.475569,,,,,,,,,,40.235000,40.849167,41.982917,37.861458,40.235000,43.475711,36.994289,41.855356,38.614644
2023-11-24,39.700000,2023-11-14,2023-09-30,0.500000,-0.720000,-55.138889,-47.671575,25.555716,71.123765,52.723650,34.323534,15.923418,-2.476698,,,,,,,,,,40.222500,40.847500,42.004167,37.893542,40.222500,43.469762,36.975238,41.846131,38.598869
2023-11-27,39.400000,2023-11-14,2023-09-30,0.500000,-0.720000,-54.722222,-47.587389,25.515344,71.005015,52.633967,34.262920,15.891872,-2.479175,,,,,,,,,,40.197500,40.813333,42.024583,37.926667,40.197500,43.462864,36.932136,41.830182,38.564818
2023-11-28,39.750000,2023-11-14,2023-09-30,0.500000,-0.720000,-55.208333,-47.485324,25.459634,70.851305,52.520369,34.189433,15.858497,-2.472439,,,,,,,,,,40.272500,40.797500,42.035417,37.961042,40.272500,43.416161,37.128839,41.844331,38.700669
2023-11-29,41.000000,2023-11-14,2023-09-30,0.500000,-0.720000,-56.944444,-47.405767,25.414621,70.729206,52.430679,34.132152,15.833625,-2.464902,,,,,,,,,,40.380000,40.795833,42.061250,37.998958,40.380000,43.465347,37.294653,41.922674,38.837326
2023-11-30,40.950000,2023-11-14,2023-09-30,0.500000,-0.720000,-56.875000,-47.320515,25.365095,70.596507,52.333639,34.070771,15.807903,-2.454966,,,,,,,,,,40.447500,40.788333,42.083750,38.030000,40.447500,43.520040,37.374960,41.983770,38.911230
2023-12-01,40.800000,2023-11-14,2023-09-30,0.500000,-0.720000,-56.666667,-47.234258,25.315100,70.462409,52.235537,34.008665,15.781794,-2.445078,,,,,,,,,,40.512500,40.725000,42.105417,38.059167,40.512500,43.555503,37.469497,42.034002,38.990998
2023-12-04,42.000000,2023-11-14,2023-09-30,0.500000,-0.720000,-58.333333,-47.160427,25.269280,70.343271,52.149389,33.955508,15.761626,-2.432256,,,,,,,,,,40.590000,40.716667,42.136250,38.092500,40.590000,43.704415,37.475585,42.147207,39.032793
2023-12-05,42.400000,2023-11-14,2023-09-30,0.500000,-0.720000,-58.888889,-47.097074,25.229908,70.240960,52.075427,33.909894,15.744360,-2.421173,,,,,,,,,,40.702500,40.723333,42.173750,38.126250,40.702500,43.911119,37.493881,42.306810,39.098190
2023-12-06,42.300000,2023-11-14,2023-09-30,0.500000,-0.720000,-58.750000,-47.031102,25.188623,70.134010,51.998202,33.862394,15.726585,-2.409223,,,,,,,,,,40.670000,40.733333,42.209583,38.161250,40.670000,43.794841,37.545159,42.232421,39.107579
2023-12-07,41.600000,2023-11-14,2023-09-30,0.500000,-0.720000,-57.777778,-46.929250,25.119582,69.961258,51.875159,33.789060,15.702961,-2.383138,,,,,,,,,,40.612500,40.690833,42.223750,38.195208,40.612500,43.616160,37.608840,42.114330,39.110670
2023-12-08,41.350000,2023-11-14,2023-09-30,0.500000,-0.720000,-57.430556,-46.828891,25.052723,69.792722,51.754762,33.716801,15.678841,-2.359120,,,,,,,,,,40.755000,40.653333,42.238333,38.225417,40.755000,43.603065,37.906935,42.179032,39.330968
2023-12-11,40.800000,2023-11-14,2023-09-30,0.500000,-0.720000,-56.666667,-46.725821,24.985950,69.622358,51.632475,33.642591,15.652707,-2.337177,,,,,,,,,,40.885000,40.624167,42.250417,38.255833,40.885000,43.466941,38.303059,42.175971,39.594029
2023-12-12,41.200000,2023-11-14,2023-09-30,0.500000,-0.720000,-57.222222,-46.651503,24.940941,69.504037,51.546559,33.589082,15.631605,-2.325872,,,,,,,,,,41.055000,40.555833,42.279583,38.283750,41.055000,43.190884,38.919116,42.122942,39.987058
2023-12-13,41.150000,2023-11-14,2023-09-30,0.500000,-0.720000,-57.152778,-46.572221,24.891855,69.376270,51.454134,33.531999,15.609863,-2.312272,,,,,,,,,,41.177500,40.510833,42.305833,38.312292,41.177500,43.003187,39.351813,42.090343,40.264657
2023-12-14,44.300000,2023-11-14,2023-09-30,0.500000,-0.720000,-61.527778,-46.520625,24.854041,69.284668,51.389759,33.494850,15.599940,-2.294969,,,,,,,,,,41.352500,40.518333,42.353333,38.354583,41.352500,43.638723,39.066277,42.495612,40.209388
2023-12-15,44.500000,2023-11-14,2023-09-30,0.500000,-0.720000,-61.805556,-46.474267,24.819994,69.202263,51.331868,33.461472,15.591077,-2.279319,,,,,,,,,,41.442500,40.543333,42.404167,38.399167,41.442500,44.068539,38.816461,42.755519,40.129481
2023-12-18,44.600000,2023-11-14,2023-09-30,0.500000,-0.720000,-61.944444,-46.433453,24.790229,69.130016,51.281051,33.432086,15.583122,-2.265843,,,,,,,,,,41.550000,40.577500,42.458333,38.443333,41.550000,44.505103,38.594897,43.027551,40.072449
2023-12-19,44.900000,2023-11-14,2023-09-30,0.500000,-0.720000,-62.361111,-46.397574,24.763800,69.066125,51.236189,33.406253,15.576317,-2.253619,,,,,,,,,,41.730000,40.628333,42.515833,38.490417,41.730000,45.038426,38.421574,43.384213,40.075787
2023-12-20,44.850000,2023-11-14,2023-09-30,0.500000,-0.720000,-62.291667,-46.361115,24.736914,69.001160,51.190581,33.380003,15.569425,-2.241153,,,,,,,,,,41.907500,40.677500,42.572917,38.541250,41.907500,45.488484,38.326516,43.697992,40.117008
2023-12-21,43.750000,2023-11-14,2023-09-30,0.500000,-0.720000,-60.763889,-46.316312,24.705638,68.923863,51.135804,33.347744,15.559685,-2.228374,,,,,,,,,,42.065000,40.695833,42.623333,38.586875,42.065000,45.680770,38.449230,43.872885,40.257115
2023-12-22,43.250000,2023-11-14,2023-09-30,0.500000,-0.720000,-60.069444,-46.254025,24.661052,68.814813,51.058855,33.302898,15.546940,-2.209017,,,,,,,,,,42.242500,40.733333,42.662917,38.629792,42.242500,45.715141,38.769859,43.978821,40.506179
2023-12-25,45.800000,2023-11-14,2023-09-30,0.500000,-0.720000,-63.611111,-46.214673,24.629271,68.740715,51.007640,33.274565,15.541489,-2.191586,,,,,,,,,,42.562500,40.820833,42.720000,38.685000,42.562500,46.110943,39.014057,44.336721,40.788279
2023-12-26,44.900000,2023-11-14,2023-09-30,0.500000,-0.720000,-62.361111,-46.164904,24.590203,68.648624,50.943677,33.238731,15.533785,-2.171161,,,,,,,,,,42.820000,40.887500,42.769583,38.734583,42.820000,46.254714,39.385286,44.537357,41.102643
2023-12-27,44.950000,2023-11-14,2023-09-30,0.500000,-0.720000,-62.430556,-46.105481,24.541757,68.536077,50.866011,33.195946,15.525881,-2.144184,,,,,,,,,,43.017500,40.938333,42.813750,38.785208,43.017500,46.465806,39.569194,44.741653,41.293347
2023-12-28,43.650000,2023-11-14,2023-09-30,0.500000,-0.720000,-60.625000,-45.998116,24.448873,68.325020,50.721832,33.118644,15.515455,-2.087733,,,,,,,,,,43.152500,40.983333,42.828333,38.833958,43.152500,46.468883,39.836117,44.810691,41.494309
2023-12-29,44.100000,2023-11-14,2023-09-30,0.500000,-0.720000,-61.250000,-45.836749,24.281814,67.968271,50.485365,33.002459,15.519553,-1.963352,,,,,,,,,,43.317500,41.049167,42.812917,38.884375,43.317500,46.465143,40.169857,44.891322,41.743678
2024-01-02,43.050000,2023-11-14,2023-09-30,0.500000,-0.720000,-59.791667,-45.669808,24.114467,67.607094,50.244678,32.882262,15.519846,-1.842570,,,,,,,,,,43.370000,41.096667,42.792500,38.930417,43.370000,46.459609,40.280391,44.914805,41.825195
2024-01-03,41.900000,2023-11-14,2023-09-30,0.500000,-0.720000,-58.194444,-45.471282,23.909910,67.169594,49.954459,32.739323,15.524188,-1.690948,,,,,,,,,,43.345000,41.110000,42.752083,38.971458,43.345000,46.475478,40.214522,44.910239,41.779761
2024-01-04,40.650000,2023-11-14,2023-09-30,0.500000,-0.720000,-56.458333,-45.241476,23.667441,66.654978,49.614420,32.573863,15.533305,-1.507252,,,,,,,,,,43.262500,41.135000,42.691667,39.007500,43.262500,46.589720,39.935280,44.926110,41.598890
2024-01-05,40.750000,2023-11-14,2023-09-30,0.500000,-0.720000,-56.597222,-45.023061,23.437678,66.166860,49.291732,32.416604,15.541476,-1.333652,,,,,,,,,,43.220000,41.149167,42.637917,39.044375,43.220000,46.656553,39.783447,44.938276,41.501724
2024-01-08,40.750000,2023-11-14,2023-09-30,0.500000,-0.720000,-56.597222,-44.795874,23.188872,65.645005,48.949017,32.253029,15.557042,-1.138946,,,,,,,,,,43.190000,41.163333,42.579167,39.080625,43.190000,46.704871,39.675129,44.947435,41.432565
2024-01-09,39.950000,2023-11-14,2023-09-30,0.500000,-0.720000,-55.486111,-44.544808,22.904575,65.054849,48.563556,32.072262,15.580968,-0.910325,,,,,,,,,,43.147500,41.175000,42.505417,39.112292,43.147500,46.801838,39.493162,44.974669,41.320331
2024-01-10,42.400000,2023-11-14,2023-09-30,0.500000,-0.720000,-58.888889,-44.298707,22.585614,64.418353,48.156711,31.895069,15.633427,-0.628215,,,,,,,,,,43.207500,41.215833,42.438750,39.155417,43.207500,46.765334,39.649666,44.986417,41.428583
2024-01-11,43.000000,2023-11-14,2023-09-30,0.500000,-0.720000,-59.722222,-44.074170,22.292908,63.835190,47.784296,31.733402,15.682509,-0.368385,,,,,,,,,,43.300000,41.284167,42.385417,39.202292,43.300000,46.726368,39.873632,45.013184,41.586816
2024-01-12,42.150000,2023-11-14,2023-09-30,0.500000,-0.720000,-58.541667,-43.819327,21.945695,63.151716,47.350816,31.549915,15.749015,-0.051886,,,,,,,,,,43.192500,41.342500,42.313333,39.245833,43.192500,46.621674,39.763326,44.907087,41.477913
2024-01-15,42.050000,2023-11-14,2023-09-30,0.500000,-0.720000,-58.402778,-43.561865,21.585943,62.448301,46.906422,31.364543,15.822663,0.280784,,,,,,,,,,43.070000,41.403333,42.239583,39.290208,43.070000,46.477484,39.662516,44.773742,41.366258
2024-01-16,42.050000,2023-11-14,2023-09-30,0.500000,-0.720000,-58.402778,-43.294169,21.194259,61.691534,46.431668,31.171801,15.911935,0.652069,,,,,,,,,,42.942500,41.460000,42.160000,39.334375,42.942500,46.299390,39.585610,44.620945,41.264055
2024-01-17,42.850000,2023-11-14,2023-09-30,0.500000,-0.720000,-59.513889,-43.068626,20.871314,61.064103,46.036757,31.009411,15.982065,0.954719,,,,,,,,,,42.840000,41.533333,42.105833,39.380833,42.840000,46.067937,39.612063,44.453969,41.226031
2024-01-18,42.500000,2023-11-14,2023-09-30,0.500000,-0.720000,-59.027778,-42.837571,20.534382,60.412561,45.627806,30.843051,16.058296,1.273541,,,,,,,,,,42.722500,41.586667,42.047917,39.423125,42.722500,45.810418,39.634582,44.266459,41.178541
2024-01-19,43.150000,2023-11-14,2023-09-30,0.500000,-0.720000,-59.930556,-42.612577,20.192271,59.757926,45.219491,30.681056,16.142621,1.604186,,,,,,,,,,42.692500,41.664167,41.994583,39.465417,42.692500,45.749894,39.635106,44.221197,41.163803
2024-01-22,43.400000,2023-11-14,2023-09-30,0.500000,-0.720000,-60.277778,-42.394132,19.852525,59.111411,44.817593,30.523775,16.229957,1.936139,,,,,,,,,,42.700000,41.721667,41.945417,39.506042,42.700000,45.763881,39.636119,44.231941,41.168059
2024-01-23,42.800000,2023-11-14,2023-09-30,0.500000,-0.720000,-59.444444,-42.197982,19.562288,58.552242,44.467394,30.382547,16.297700,2.212852,,,,,,,,,,42.550000,41.770000,41.907917,39.543750,42.550000,45.246587,39.853413,43.898293,41.201707
2024-01-24,42.200000,2023-11-14,2023-09-30,0.500000,-0.720000,-58.611111,-41.997811,19.265722,57.981064,44.109744,30.238424,16.367104,2.495785,,,,,,,,,,42.415000,41.835833,41.867083,39.579792,42.415000,44.876300,39.953700,43.645650,41.184350
2024-01-25,43.000000,2023-11-14,2023-09-30,0.500000,-0.720000,-59.722222,-41.784970,18.921737,57.332480,43.708830,30.085179,16.461528,2.837877,,,,,,,,,,42.317500,41.905000,41.820417,39.619167,42.317500,44.493995,40.141005,43.405748,41.229252
2024-01-26,42.000000,2023-11-14,2023-09-30,0.500000,-0.720000,-58.333333,-41.554707,18.543939,56.622662,43.271025,29.919389,16.567753,3.216117,,,,,,,,,,42.235000,41.945000,41.762083,39.653333,42.235000,44.322078,40.147922,43.278539,41.191461
2024-01-29,41.500000,2023-11-14,2023-09-30,0.500000,-0.720000,-57.638889,-41.331815,18.182009,55.940999,42.849953,29.758907,16.667861,3.576814,,,,,,,,,,42.105000,41.978333,41.707083,39.684583,42.105000,44.019735,40.190265,43.062368,41.147632
2024-01-30,40.700000,2023-11-14,2023-09-30,0.500000,-0.720000,-56.527778,-41.090160,17.777907,55.185101,42.385008,29.584915,16.784823,3.984730,,,,,,,,,,41.987500,41.982500,41.640000,39.712292,41.987500,43.945984,40.029016,42.966742,41.008258
2024-01-31,41.250000,2023-11-14,2023-09-30,0.500000,-0.720000,-57.291667,-40.880456,17.430894,54.534415,41.984172,29.433929,16.883685,4.333442,,,,,,,,,,41.955000,42.000833,41.592083,39.744375,41.955000,43.940977,39.969023,42.947989,40.962011
2024-02-01,41.950000,2023-11-14,2023-09-30,0.500000,-0.720000,-58.263889,-40.679585,17.084216,53.890572,41.589937,29.289301,16.988666,4.688031,,,,,,,,,,42.020000,41.984167,41.550417,39.778542,42.020000,43.908859,40.131141,42.964430,41.075570
2024-02-02,41.950000,2023-11-14,2023-09-30,0.500000,-0.720000,-58.263889,-40.950297,17.103479,54.113224,41.798719,29.484214,17.169709,4.855204,,,,,,,,,,42.080000,41.970833,41.541250,39.808125,42.080000,43.872793,40.287207,42.976396,41.183604
2024-02-05,42.450000,2023-11-14,2023-09-30,0.500000,-0.720000,-58.958333,-41.226796,17.124330,54.342329,42.012811,29.683293,17.353776,5.024258,,,,,,,,,,42.165000,42.036667,41.536250,39.842083,42.165000,43.850261,40.479739,43.007631,41.322369
2024-02-15,43.100000,2023-11-14,2023-09-30,0.500000,-0.720000,-59.861111,-41.513314,17.146250,54.580186,42.234886,29.889586,17.544285,5.198985,,,,,,,,,,42.322500,42.118333,41.540833,39.878125,42.322500,43.696114,40.948886,43.009307,41.635693
2024-02-16,43.450000,2023-11-14,2023-09-30,0.500000,-0.720000,-60.347222,-41.799890,17.171447,54.822804,42.459362,30.095921,17.732479,5.369038,,,,,,,,,,42.375000,42.212500,41.541667,39.918542,42.375000,43.838413,40.911587,43.106707,41.643293
2024-02-19,43.700000,2023-11-14,2023-09-30,0.500000,-0.720000,-60.694444,-42.092603,17.191811,55.062882,42.684778,30.306674,17.928570,5.550466,,,,,,,,,,42.410000,42.295833,41.550000,39.957292,42.410000,43.966852,40.853148,43.188426,41.631574
2024-02-20,43.100000,2023-11-14,2023-09-30,0.500000,-0.720000,-59.861111,-42.379120,17.199107,55.279681,42.896324,30.512967,18.129609,5.746252,,,,,,,,,,42.457500,42.334167,41.554583,39.993542,42.457500,44.038730,40.876270,43.248115,41.666885
2024-02-21,43.350000,2023-11-14,2023-09-30,0.500000,-0.720000,-60.208333,-42.674270,17.198634,55.491508,43.108491,30.725474,18.342457,5.959441,,,,,,,,,,42.522500,42.345000,41.570833,40.032083,42.522500,44.139669,40.905331,43.331085,41.713915
2024-02-22,44.050000,2023-11-14,2023-09-30,0.500000,-0.720000,-61.180556,-42.977521,17.201472,55.713934,43.328875,30.943815,18.558755,6.173695,,,,,,,,,,42.622500,42.371667,41.592917,40.072500,42.622500,44.359550,40.885450,43.491025,41.753975
2024-02-23,42.850000,2023-11-14,2023-09-30,0.500000,-0.720000,-59.513889,-43.269627,17.182006,55.896221,43.525176,31.154132,18.783087,6.412043,,,,,,,,,,42.622500,42.397500,41.609583,40.108958,42.622500,44.359550,40.885450,43.491025,41.753975
2024-02-26,43.500000,2023-11-14,2023-09-30,0.500000,-0.720000,-60.416667,-43.570255,17.163630,56.086211,43.728398,31.370584,19.012770,6.654956,,,,,,,,,,42.672500,42.434167,41.633333,40.148958,42.672500,44.451759,40.893241,43.562130,41.782870
2024-02-27,43.700000,2023-11-14,2023-09-30,0.500000,-0.720000,-60.694444,-43.878438,17.136071,56.268417,43.930446,31.592475,19.254504,6.916533,,,,,,,,,,42.700000,42.485833,41.667500,40.190000,42.700000,44.526703,40.873297,43.613351,41.786649
2024-02-29,44.500000,2023-11-14,2023-09-30,0.500000,-0.720000,-61.805556,-44.194881,17.113380,56.463582,44.141948,31.820314,19.498681,7.177047,,,,,,,,,,42.755000,42.565833,41.706667,40.232500,42.755000,44.730614,40.779386,43.742807,41.767193
2024-03-01,42.700000,2023-11-14,2023-09-30,0.500000,-0.720000,-59.305556,-44.482258,17.074802,56.614941,44.321083,32.027226,19.733368,7.439510,,,,,,,,,,42.750000,42.620833,41.717083,40.263542,42.750000,44.725641,40.774359,43.737821,41.762179
2024-03-04,44.750000,2023-11-14,2023-09-30,0.500000,-0.720000,-62.152778,-44.797104,17.049167,56.804715,44.529315,32.253915,19.978515,7.703115,,,,,,,,,,42.877500,42.704167,41.750833,40.304167,42.877500,45.025320,40.729680,43.951410,41.803590
2024-03-05,45.850000,2023-11-14,2023-09-30,0.500000,-0.720000,-63.680556,-45.122685,17.033480,57.016544,44.752439,32.488333,20.224228,7.960123,,,,,,,,,,43.020000,42.785000,41.790417,40.348333,43.020000,45.546783,40.493217,44.283391,41.756609
2024-03-06,48.300000,2023-11-14,2023-09-30,0.500000,-0.720000,-67.083333,-45.475126,17.046786,57.289462,45.015777,32.742091,20.468405,8.194719,,,,,,,,,,43.335000,42.907500,41.847917,40.401458,43.335000,46.743364,39.926636,45.039182,41.630818
2024-03-07,47.800000,2023-11-14,2023-09-30,0.500000,-0.720000,-66.388889,-45.805812,17.064524,57.553100,45.266642,32.980185,20.693727,8.407270,,,,,,,,,,43.650000,43.024167,41.874583,40.457500,43.650000,47.482410,39.817590,45.566205,41.733795
2024-03-08,43.050000,2023-11-14,2023-09-30,0.500000,-0.720000,-59.791667,-46.092000,17.008140,57.677961,45.432101,33.186240,20.940380,8.694519,,,,,,,,,,43.767500,43.041667,41.879167,40.497708,43.767500,47.355385,40.179615,45.561443,41.973557
2024-03-11,44.550000,2023-11-14,2023-09-30,0.500000,-0.720000,-61.875000,-46.398044,16.958482,57.826806,45.616699,33.406592,21.196485,8.986377,,,,,,,,,,43.932500,43.077500,41.900417,40.545000,43.932500,47.331459,40.533541,45.631979,42.233021
2024-03-12,45.000000,2023-11-14,2023-09-30,0.500000,-0.720000,-62.500000,-46.710794,16.905969,57.976366,45.804069,33.631771,21.459474,9.287177,,,,,,,,,,44.085000,43.122500,41.927917,40.593958,44.085000,47.381585,40.788415,45.733293,42.436707
2024-03-13,42.000000,2023-11-14,2023-09-30,0.500000,-0.720000,-58.333333,-46.976595,16.835134,58.065741,45.944445,33.823149,21.701853,9.580556,,,,,,,,,,44.087500,43.129167,41.910000,40.630208,44.087500,47.377337,40.797663,45.732418,42.442582
2024-03-14,40.500000,2023-11-14,2023-09-30,0.500000,-0.720000,-56.250000,-47.227781,16.745776,58.117920,46.060961,34.004002,21.947043,9.890084,,,,,,,,,,43.990000,43.115000,41.884167,40.659792,43.990000,47.585553,40.394447,45.787776,42.192224
2024-03-15,40.350000,2023-11-14,2023-09-30,0.500000,-0.720000,-56.041667,-47.482469,16.644326,58.155207,46.171292,34.187378,22.203463,10.219549,,,,,,,,,,43.852500,43.107500,41.865833,40.688542,43.852500,47.785823,39.919177,45.819161,41.885839
2024-03-18,40.950000,2023-11-14,2023-09-30,0.500000,-0.720000,-56.875000,-47.730380,16.559910,58.212144,46.289008,34.365873,22.442738,10.519603,,,,,,,,,,43.727500,43.103333,41.829583,40.719375,43.727500,47.868117,39.586883,45.797809,41.657191
2024-03-19,41.000000,2023-11-14,2023-09-30,0.500000,-0.720000,-56.944444,-47.986104,16.462182,58.255538,46.402766,34.549995,22.697224,10.844452,,,,,,,,,,43.592500,43.100833,41.805833,40.745625,43.592500,47.909209,39.275791,45.750854,41.434146
2024-03-20,40.150000,2023-11-14,2023-09-30,0.500000,-0.720000,-55.763889,-48.231991,16.354918,58.278115,46.502574,34.727033,22.951493,11.175952,,,,,,,,,,43.445000,43.031667,41.775000,40.768125,43.445000,48.026071,38.863929,45.735535,41.154465
2024-03-21,40.400000,2023-11-14,2023-09-30,0.500000,-0.720000,-56.111111,-48.485013,16.238611,58.292809,46.601009,34.909209,23.217409,11.525609,,,,,,,,,,43.297500,42.963333,41.753333,40.791458,43.297500,48.077114,38.517886,45.687307,40.907693
2024-03-22,40.150000,2023-11-14,2023-09-30,0.500000,-0.720000,-55.763889,-48.737386,16.112908,58.293506,46.692212,35.090918,23.489624,11.888330,,,,,,,,,,43.102500,42.889167,41.733333,40.814167,43.102500,48.067480,38.137520,45.584990,40.620010
2024-03-25,41.000000,2023-11-14,2023-09-30,0.500000,-0.720000,-56.944444,-49.003091,15.981536,58.295638,46.788932,35.282226,23.775519,12.268813,,,,,,,,,,43.010000,42.824167,41.726250,40.845000,43.010000,48.062941,37.957059,45.536470,40.483530
2024-03-26,40.500000,2023-11-14,2023-09-30,0.500000,-0.720000,-56.250000,-49.262759,15.842267,58.282051,46.875619,35.469187,24.062755,12.656322,,,,,,,,,,42.860000,42.751667,41.714583,40.873542,42.860000,48.028488,37.691512,45.444244,40.275756
2024-03-27,40.900000,2023-11-14,2023-09-30,0.500000,-0.720000,-56.805556,-49.523314,15.705333,58.272465,46.964626,35.656786,24.348947,13.041107,,,,,,,,,,42.720000,42.704167,41.700000,40.902917,42.720000,47.944074,37.495926,45.332037,40.107963
2024-03-28,40.700000,2023-11-14,2023-09-30,0.500000,-0.720000,-56.527778,-49.789788,15.548558,58.238571,47.043609,35.848648,24.653686,13.458725,,,,,,,,,,42.530000,42.661667,41.697500,40.930417,42.530000,47.757901,37.302099,45.143950,39.916050
2024-03-29,40.200000,2023-11-14,2023-09-30,0.500000,-0.720000,-55.833333,-50.052721,15.379434,58.184344,47.111152,36.037959,24.964767,13.891574,,,,,,,,,,42.405000,42.568333,41.694583,40.955417,42.405000,47.734353,37.075647,45.069676,39.740324
2024-04-01,40.700000,2024-03-31,2023-12-31,-0.630000,-1.060000,-38.396226,-50.168598,15.236945,85.481036,69.329875,53.178714,37.027552,20.876391,,,,,,,,,,42.202500,42.498333,41.692917,40.983125,42.202500,47.464026,36.940974,44.833263,39.571737
2024-04-02,40.200000,2024-03-31,2023-12-31,-0.630000,-1.060000,-37.924528,-50.275554,15.103890,85.312334,69.302211,53.292087,37.281963,21.271839,,,,,,,,,,41.920000,42.419167,41.678750,41.006042,41.920000,46.958943,36.881057,44.439472,39.400528
2024-04-03,40.150000,2024-03-31,2023-12-31,-0.630000,-1.060000,-37.877358,-50.386857,14.961043,85.127478,69.268773,53.410068,37.551363,21.692658,,,,,,,,,,41.512500,42.360833,41.672083,41.029583,41.512500,45.609081,37.415919,43.560790,39.464210
2024-04-08,44.150000,2024-03-31,2023-12-31,-0.630000,-1.060000,-41.650943,-50.533599,14.785804,84.911518,69.238567,53.565615,37.892663,22.219711,,,,,,,,,,41.330000,42.361667,41.705417,41.067292,41.330000,44.457871,38.202129,42.893936,39.766064
2024-04-09,45.500000,2024-03-31,2023-12-31,-0.630000,-1.060000,-42.924528,-50.690704,14.601281,84.686862,69.209504,53.732147,38.254789,22.777431,,,,,,,,,,41.452500,42.402500,41.749583,41.109792,41.452500,45.024390,37.880610,43.238445,39.666555
2024-04-10,47.050000,2024-03-31,2023-12-31,-0.630000,-1.060000,-44.386792,-50.855505,14.414864,84.466347,69.186591,53.906835,38.627079,23.347323,,,,,,,,,,41.577500,42.488333,41.799167,41.159583,41.577500,45.733089,37.421911,43.655295,39.499705
2024-04-11,46.650000,2024-03-31,2023-12-31,-0.630000,-1.060000,-44.009434,-51.026891,14.206968,84.207275,69.147890,54.088504,39.029118,23.969733,,,,,,,,,,41.660000,42.588333,41.861667,41.205208,41.660000,46.153457,37.166543,43.906729,39.413271
2024-04-12,45.100000,2024-03-31,2023-12-31,-0.630000,-1.060000,-42.547170,-51.182348,14.008229,83.950736,69.102013,54.253289,39.404566,24.555843,,,,,,,,,,41.815000,42.660833,41.905000,41.245625,41.815000,46.564415,37.065585,44.189708,39.440292
2024-04-15,45.500000,2024-03-31,2023-12-31,-0.630000,-1.060000,-42.924528,-51.340951,13.802889,83.683533,69.052471,54.421408,39.790346,25.159283,,,,,,,,,,42.065000,42.740000,41.951667,41.290625,42.065000,47.043808,37.086192,44.554404,39.575596
2024-04-16,43.750000,2024-03-31,2023-12-31,-0.630000,-1.060000,-41.273585,-51.489039,13.595482,83.400803,68.989593,54.578382,40.167171,25.755960,,,,,,,,,,42.235000,42.803333,41.989167,41.330208,42.235000,47.199410,37.270590,44.717205,39.752795
2024-04-17,45.350000,2024-03-31,2023-12-31,-0.630000,-1.060000,-42.783019,-51.646213,13.381448,83.113656,68.929321,54.744986,40.560651,26.376316,,,,,,,,,,42.455000,42.852500,42.034167,41.376667,42.455000,47.567410,37.342590,45.011205,39.898795
2024-04-18,46.550000,2024-03-31,2023-12-31,-0.630000,-1.060000,-43.915094,-51.818061,13.144594,82.793683,68.860414,54.927144,40.993875,27.060606,,,,,,,,,,42.732500,42.911667,42.097917,41.430208,42.732500,48.108105,37.356895,45.420303,40.044697
2024-04-19,46.000000,2024-03-31,2023-12-31,-0.630000,-1.060000,-43.396226,-51.986831,12.901095,82.456363,68.781202,55.106041,41.430881,27.755720,,,,,,,,,,43.025000,42.975833,42.159167,41.485625,43.025000,48.445381,37.604619,45.735190,40.314810
2024-04-22,43.650000,2024-03-31,2023-12-31,-0.630000,-1.060000,-41.179245,-52.138375,12.662263,82.110676,68.688677,55.266678,41.844679,28.422679,,,,,,,,,,43.187500,43.002500,42.202917,41.530000,43.187500,48.469632,37.905368,45.828566,40.546434
2024-04-23,43.700000,2024-03-31,2023-12-31,-0.630000,-1.060000,-41.226415,-52.289064,12.419581,81.755919,68.591164,55.426408,42.261653,29.096897,,,,,,,,,,43.365000,43.030000,42.245000,41.570625,43.365000,48.452353,38.277647,45.908676,40.821324
2024-04-24,44.600000,2024-03-31,2023-12-31,-0.630000,-1.060000,-42.075472,-52.447827,12.161421,81.376908,68.485802,55.594697,42.703591,29.812485,,,,,,,,,,43.545000,43.059167,42.296250,41.616875,43.545000,48.533819,38.556181,46.039410,41.050590
2024-04-25,44.650000,2024-03-31,2023-12-31,-0.630000,-1.060000,-42.122642,-52.602741,11.905714,80.999019,68.378962,55.758906,43.138849,30.518792,,,,,,,,,,43.752500,43.095000,42.340833,41.662083,43.752500,48.549591,38.955409,46.151045,41.353955
2024-04-26,43.300000,2024-03-31,2023-12-31,-0.630000,-1.060000,-40.849057,-52.751034,11.642487,80.598168,68.257132,55.916096,43.575060,31.234024,,,,,,,,,,43.872500,43.097500,42.380833,41.700833,43.872500,48.485693,39.259307,46.179097,41.565903
2024-04-29,43.450000,2024-03-31,2023-12-31,-0.630000,-1.060000,-40.990566,-52.893271,11.388823,80.211172,68.139019,56.066867,43.994715,31.922563,,,,,,,,,,44.010000,43.098333,42.410000,41.741250,44.010000,48.382714,39.637286,46.196357,41.823643
2024-04-30,43.800000,2024-03-31,2023-12-31,-0.630000,-1.060000,-41.320755,-53.038509,11.123924,79.803537,68.012178,56.220819,44.429460,32.638101,,,,,,,,,,44.190000,43.115000,42.442500,41.782083,44.190000,48.182177,40.197823,46.186088,42.193912
2024-05-02,44.800000,2024-03-31,2023-12-31,-0.630000,-1.060000,-42.264151,-53.199842,10.819429,79.329022,67.860427,56.391832,44.923237,33.454642,,,,,,,,,,44.395000,43.158333,42.497083,41.827708,44.395000,48.038437,40.751563,46.216718,42.573282
2024-05-03,44.250000,2024-03-31,2023-12-31,-0.630000,-1.060000,-41.745283,-53.353857,10.517021,78.851173,67.703131,56.555088,45.407046,34.259004,,,,,,,,,,44.597500,43.179167,42.542083,41.871667,44.597500,47.663695,41.531305,46.130598,43.064402
2024-05-06,43.900000,2024-03-31,2023-12-31,-0.630000,-1.060000,-41.415094,-53.501378,10.217647,78.372872,67.542166,56.711461,45.880755,35.050049,,,,,,,,,,44.785000,43.210833,42.577917,41.914792,44.785000,47.063527,42.506473,45.924263,43.645737
2024-05-07,44.000000,2024-03-31,2023-12-31,-0.630000,-1.060000,-41.509434,-53.650184,9.904520,77.866778,67.367986,56.869195,46.370404,35.871612,,,,,,,,,,44.777500,43.252500,42.615417,41.960833,44.777500,47.065794,42.489206,45.921647,43.633353
2024-05-08,43.950000,2024-03-31,2023-12-31,-0.630000,-1.060000,-41.462264,-53.793857,9.594233,77.361262,67.191375,57.021488,46.851601,36.681714,,,,,,,,,,44.700000,43.306667,42.644583,42.007292,44.700000,46.990254,42.409746,45.845127,43.554873
2024-05-09,43.450000,2024-03-31,2023-12-31,-0.630000,-1.060000,-40.990566,-53.935095,9.271905,76.827641,66.999421,57.171201,47.342981,37.514761,,,,,,,,,,44.520000,43.343333,42.672083,42.050000,44.520000,46.587645,42.452355,45.553823,43.486177
2024-05-10,43.250000,2024-03-31,2023-12-31,-0.630000,-1.060000,-40.801887,-54.060790,8.983941,76.350392,66.827414,57.304437,47.781460,38.258482,,,,,,,,,,44.350000,43.365000,42.674583,42.090833,44.350000,46.230929,42.469071,45.290465,43.409535
2024-05-13,42.250000,2024-03-31,2023-12-31,-0.630000,-1.060000,-39.858491,-54.179620,8.693936,75.861542,66.645970,57.430398,48.214826,38.999253,,,,,,,,,,44.207500,43.370000,42.670417,42.126042,44.207500,46.272057,42.142943,45.239778,43.175222
2024-05-14,42.250000,2024-03-31,2023-12-31,-0.630000,-1.060000,-39.858491,-54.319659,8.315465,75.207625,66.393232,57.578838,48.764445,39.950052,,,,,,,,,,44.045000,43.366667,42.701667,42.160208,44.045000,46.191208,41.898792,45.118104,42.971896
2024-05-15,41.900000,2024-05-15,2024-03-31,0.220000,-0.060000,-698.333333,-59.948484,59.280791,10.710604,7.153757,3.596909,0.040062,-3.516786,,,,,,,,,,43.952500,43.346667,42.732500,42.192708,43.952500,46.302074,41.602926,45.127287,42.777713
2024-05-16,42.300000,2024-05-15,2024-03-31,0.220000,-0.060000,-705.000000,-65.385984,83.549374,13.949084,8.936122,3.923159,-1.089803,-6.102766,,,,,,,,,,43.800000,43.327500,42.770000,42.222708,43.800000,46.163539,41.436461,44.981769,42.618231
2024-05-17,41.850000,2024-05-15,2024-03-31,0.220000,-0.060000,-697.500000,-70.750568,101.528592,16.428465,10.336750,4.245034,-1.846681,-7.938397,,,,,,,,,,43.565000,43.296667,42.796250,42.252917,43.565000,45.700933,41.429067,44.632967,42.497033
2024-05-20,41.400000,2024-05-15,2024-03-31,0.220000,-0.060000,-690.000000,-76.028346,116.192663,18.504820,11.533260,4.561701,-2.409859,-9.381419,,,,,,,,,,43.335000,43.268333,42.801250,42.279375,43.335000,45.354406,41.315594,44.344703,42.325297
2024-05-21,41.900000,2024-05-15,2024-03-31,0.220000,-0.060000,-698.333333,-81.353577,129.321706,20.399819,12.640517,4.881215,-2.878088,-10.637390,,,,,,,,,,43.247500,43.244167,42.794583,42.308125,43.247500,45.358991,41.136009,44.303246,42.191754
2024-05-22,43.100000,2024-05-15,2024-03-31,0.220000,-0.060000,-718.333333,-86.848369,141.771116,22.223436,13.717169,5.210902,-3.295365,-11.801632,,,,,,,,,,43.217500,43.228333,42.800000,42.341458,43.217500,45.318947,41.116053,44.268223,42.166777
2024-05-23,42.100000,2024-05-15,2024-03-31,0.220000,-0.060000,-701.666667,-92.217582,152.443942,23.826328,14.679691,5.533055,-3.613582,-12.760218,,,,,,,,,,43.092500,43.215833,42.806667,42.367292,43.092500,45.144527,41.040473,44.118514,42.066486
2024-05-24,41.900000,2024-05-15,2024-03-31,0.220000,-0.060000,-698.333333,-97.559017,162.133805,25.309598,15.581569,5.853541,-3.874487,-13.602516,,,,,,,,,,42.955000,43.189167,42.811667,42.383750,42.955000,44.934872,40.975128,43.944936,41.965064
2024-05-27,42.350000,2024-05-15,2024-03-31,0.220000,-0.060000,-705.833333,-102.971054,171.326632,26.737459,16.457861,6.178263,-4.101335,-14.380933,,,,,,,,,,42.907500,43.166667,42.826250,42.404583,42.907500,44.898076,40.916924,43.902788,41.912212
2024-05-28,43.000000,2024-05-15,2024-03-31,0.220000,-0.060000,-716.666667,-108.483785,180.188336,28.131627,17.320327,6.509027,-4.302273,-15.113573,,,,,,,,,,42.885000,43.141667,42.853750,42.428958,42.885000,44.859868,40.910132,43.872434,41.897566
2024-05-29,43.100000,2024-05-15,2024-03-31,0.220000,-0.060000,-718.333333,-114.013878,188.515404,29.462681,18.151757,6.840833,-4.470092,-15.781016,,,,,,,,,,42.850000,43.148333,42.884583,42.454583,42.850000,44.780912,40.919088,43.815456,41.884544
2024-05-30,42.350000,2024-05-15,2024-03-31,0.220000,-0.060000,-705.833333,-119.435753,196.016922,30.688176,18.927161,7.166145,-4.594870,-16.355885,,,,,,,,,,42.727500,43.108333,42.906250,42.470833,42.727500,44.435523,41.019477,43.581511,41.873489
2024-05-31,42.300000,2024-05-15,2024-03-31,0.220000,-0.060000,-705.000000,-124.836216,203.080767,31.859865,19.675019,7.490173,-4.694673,-16.879519,,,,,,,,,,42.630000,43.049167,42.917083,42.489167,42.630000,44.188137,41.071863,43.409068,41.850932
2024-06-03,42.350000,2024-05-15,2024-03-31,0.220000,-0.060000,-705.833333,-130.244202,209.785871,32.988957,20.401804,7.814652,-4.772500,-17.359652,,,,,,,,,,42.552500,42.950000,42.928750,42.506250,42.552500,43.994529,41.110471,43.273514,41.831486
2024-06-04,42.350000,2024-05-15,2024-03-31,0.220000,-0.060000,-705.833333,-135.653924,216.146167,34.076775,21.108005,8.139235,-4.829535,-17.798305,,,,,,,,,,42.470000,42.859167,42.941667,42.523542,42.470000,43.742130,41.197870,43.106065,41.833935
2024-06-05,41.700000,2024-05-15,2024-03-31,0.220000,-0.060000,-695.000000,-140.959480,221.967754,35.093699,21.775634,8.457569,-4.860496,-18.178562,,,,,,,,,,42.357500,42.836667,42.939167,42.537708,42.357500,43.465972,41.249028,42.911736,41.803264
2024-06-06,40.800000,2024-05-15,2024-03-31,0.220000,-0.060000,-680.000000,-146.135406,227.217488,36.034223,22.401174,8.768124,-4.864925,-18.497974,,,,,,,,,,42.225000,42.774167,42.925833,42.549792,42.225000,43.414206,41.035794,42.819603,41.630397
2024-06-07,41.500000,2024-05-15,2024-03-31,0.220000,-0.060000,-691.666667,-151.409711,232.457398,36.979470,23.032027,9.084583,-4.862861,-18.810305,,,,,,,,,,42.137500,42.715833,42.919167,42.564375,42.137500,43.265085,41.009915,42.701292,41.573708
2024-06-11,40.850000,2024-05-15,2024-03-31,0.220000,-0.060000,-680.833333,-156.601841,237.257157,37.866969,23.631540,9.396110,-4.839319,-19.074748,,,,,,,,,,42.067500,42.696667,42.912917,42.568333,42.067500,43.331277,40.803723,42.699388,41.435612
2024-06-12,41.650000,2024-05-15,2024-03-31,0.220000,-0.060000,-694.166667,-161.907975,242.091490,38.765457,24.239968,9.714479,-4.811011,-19.336500,,,,,,,,,,42.037500,42.715833,42.915417,42.576875,42.037500,43.311481,40.763519,42.674490,41.400510
2024-06-13,41.700000,2024-05-15,2024-03-31,0.220000,-0.060000,-695.000000,-167.227420,246.728208,39.641030,24.837338,10.033645,-4.770047,-19.573740,,,,,,,,,,42.027500,42.738333,42.922917,42.586667,42.027500,43.309142,40.745858,42.668321,41.386679
2024-06-14,42.250000,2024-05-15,2024-03-31,0.220000,-0.060000,-704.166667,-172.618623,251.329524,40.516660,25.436889,10.357117,-4.722654,-19.802426,,,,,,,,,,42.025000,42.760000,42.931667,42.605625,42.025000,43.304597,40.745403,42.664798,41.385202
2024-06-17,42.150000,2024-05-15,2024-03-31,0.220000,-0.060000,-702.500000,-177.996517,255.704470,41.364327,26.022059,10.679791,-4.662477,-20.004745,,,,,,,,,,42.040000,42.779167,42.940000,42.622917,42.040000,43.317992,40.762008,42.678996,41.401004
2024-06-18,41.850000,2024-05-15,2024-03-31,0.220000,-0.060000,-697.500000,-183.296285,259.827621,42.177092,26.587434,10.997777,-4.591880,-20.181537,,,,,,,,,,42.062500,42.807500,42.919583,42.636458,42.062500,43.308494,40.816506,42.685497,41.439503
2024-06-19,42.150000,2024-05-15,2024-03-31,0.220000,-0.060000,-702.500000,-188.635406,263.861571,42.981513,27.149819,11.318124,-4.513570,-20.345264,,,,,,,,,,42.075000,42.836667,42.900000,42.652083,42.075000,43.319144,40.830856,42.697072,41.452928
2024-06-20,42.300000,2024-05-15,2024-03-31,0.220000,-0.060000,-705.000000,-193.994202,267.767996,43.771812,27.705732,11.639652,-4.426428,-20.492507,,,,,,,,,,42.035000,42.872500,42.880833,42.669583,42.035000,43.188530,40.881470,42.611765,41.458235
2024-06-21,42.500000,2024-05-15,2024-03-31,0.220000,-0.060000,-708.333333,-199.377304,271.565713,44.550524,28.256581,11.962638,-4.331305,-20.625247,,,,,,,,,,42.055000,42.897500,42.860833,42.688333,42.055000,43.226998,40.883002,42.640999,41.469001
2024-06-24,42.300000,2024-05-15,2024-03-31,0.220000,-0.060000,-705.000000,-204.733207,275.153494,45.302412,28.793202,12.283992,-4.225217,-20.734427,,,,,,,,,,42.075000,42.927500,42.839583,42.706250,42.075000,43.249510,40.900490,42.662255,41.487745
2024-06-25,42.400000,2024-05-15,2024-03-31,0.220000,-0.060000,-706.666667,-210.115730,278.609353,46.040066,29.323505,12.606944,-4.109617,-20.826179,,,,,,,,,,42.077500,42.952500,42.828333,42.725833,42.077500,43.254684,40.900316,42.666092,41.488908
2024-06-26,42.200000,2024-05-15,2024-03-31,0.220000,-0.060000,-703.333333,-215.476262,281.867406,46.752664,29.840620,12.928576,-3.983469,-20.895513,,,,,,,,,,42.037500,42.977500,42.819583,42.741250,42.037500,43.134326,40.940674,42.585913,41.489087
2024-06-27,41.750000,2024-05-15,2024-03-31,0.220000,-0.060000,-695.833333,-220.744781,284.897268,47.432359,30.338523,13.244687,-3.849149,-20.942985,,,,,,,,,,41.970000,43.003333,42.785833,42.752917,41.970000,42.951621,40.988379,42.460810,41.479190
2024-06-28,42.000000,2024-05-15,2024-03-31,0.220000,-0.060000,-700.000000,-226.058438,287.849457,48.105441,30.834474,13.563506,-3.707461,-20.978429,,,,,,,,,,41.952500,43.025000,42.761667,42.765625,41.952500,42.917942,40.987058,42.435221,41.469779
2024-07-01,41.900000,2024-05-15,2024-03-31,0.220000,-0.060000,-698.333333,-231.357628,290.651537,48.759642,31.320550,13.881458,-3.557635,-20.996727,,,,,,,,,,41.932500,43.053333,42.736250,42.775000,41.932500,42.884105,40.980895,42.408303,41.456697
2024-07-02,42.050000,2024-05-15,2024-03-31,0.220000,-0.060000,-700.833333,-236.692697,293.354432,49.404094,31.802828,14.201562,-3.399704,-21.000970,,,,,,,,,,41.917500,43.085000,42.722917,42.775625,41.917500,42.850675,40.984325,42.384088,41.450912
2024-07-03,44.000000,2024-05-15,2024-03-31,0.220000,-0.060000,-733.333333,-242.293392,296.376854,50.102826,32.320215,14.537604,-3.245008,-21.027619,,,,,,,,,,42.000000,43.082500,42.722083,42.767500,42.000000,43.309881,40.690119,42.654941,41.345059
2024-07-04,44.450000,2024-05-15,2024-03-31,0.220000,-0.060000,-740.833333,-247.968739,299.358412,50.801134,32.839629,14.878124,-3.083380,-21.044885,,,,,,,,,,42.137500,43.065000,42.733750,42.763125,42.137500,43.834828,40.440172,42.986164,41.288836
2024-07-05,45.650000,2024-05-15,2024-03-31,0.220000,-0.060000,-760.833333,-253.824063,302.470795,51.525939,33.377691,15.229444,-2.918804,-21.067052,,,,,,,,,,42.380000,43.041667,42.765000,42.758542,42.380000,44.583203,40.176797,43.481602,41.278398
2024-07-08,45.000000,2024-05-15,2024-03-31,0.220000,-0.060000,-750.000000,-259.603577,305.280835,52.209915,33.893065,15.576215,-2.740635,-21.057486,,,,,,,,,,42.555000,43.014167,42.801250,42.746458,42.555000,45.005972,40.104028,43.780486,41.329514
2024-07-09,44.050000,2024-05-15,2024-03-31,0.220000,-0.060000,-734.166667,-265.249989,307.750621,52.845074,34.380037,15.914999,-2.550038,-21.015075,,,,,,,,,,42.715000,42.996667,42.828750,42.733333,42.715000,45.114583,40.315417,43.914792,41.515208
2024-07-10,45.750000,2024-05-15,2024-03-31,0.220000,-0.060000,-762.500000,-271.132512,310.463357,53.523554,34.895752,16.267951,-2.359851,-20.987652,,,,,,,,,,42.920000,43.000833,42.870417,42.724792,42.920000,45.618421,40.221579,44.269210,41.570790
2024-07-11,46.000000,2024-05-15,2024-03-31,0.220000,-0.060000,-766.666667,-277.059017,313.089081,54.194231,35.408886,16.623541,-2.161804,-20.947149,,,,,,,,,,43.135000,43.038333,42.920833,42.713125,43.135000,46.096525,40.173475,44.615763,41.654237
2024-07-12,46.700000,2024-05-15,2024-03-31,0.220000,-0.060000,-778.333333,-283.054387,315.753232,54.873651,35.928457,16.983263,-1.961931,-20.907125,,,,,,,,,,43.357500,43.060833,42.956667,42.697708,43.357500,46.685100,40.029900,45.021300,41.693700
2024-07-15,47.200000,2024-05-15,2024-03-31,0.220000,-0.060000,-786.666667,-289.112258,318.394827,55.554115,36.450425,17.346735,-1.756954,-20.860644,,,,,,,,,,43.610000,43.071667,42.991667,42.688542,43.610000,47.298617,39.921383,45.454308,41.765692
2024-07-16,46.450000,2024-05-15,2024-03-31,0.220000,-0.060000,-774.166667,-295.075799,320.733194,56.192531,36.948540,17.704548,-1.539444,-20.783435,,,,,,,,,,43.840000,43.079167,43.027500,42.670417,43.840000,47.638559,40.041441,45.739280,41.940720
2024-07-17,46.250000,2024-05-15,2024-03-31,0.220000,-0.060000,-770.833333,-301.012721,322.901830,56.808983,37.434873,18.060763,-1.313347,-20.687456,,,,,,,,,,44.045000,43.122500,43.062500,42.651042,44.045000,47.901628,40.188372,45.973314,42.116686
2024-07-18,45.850000,2024-05-15,2024-03-31,0.220000,-0.060000,-764.166667,-306.894086,324.867220,57.397712,37.905678,18.413645,-1.078388,-20.570421,,,,,,,,,,44.222500,43.158333,43.094167,42.627083,44.222500,48.067726,40.377274,46.145113,42.299887
2024-07-19,44.350000,2024-05-15,2024-03-31,0.220000,-0.060000,-739.166667,-312.557859,326.438894,57.926139,38.339805,18.753472,-0.832862,-20.419196,,,,,,,,,,44.315000,43.154167,43.106667,42.606250,44.315000,48.073793,40.556207,46.194397,42.435603
2024-07-22,43.150000,2024-05-15,2024-03-31,0.220000,-0.060000,-719.166667,-318.059017,327.690435,58.406393,38.744967,19.083541,-0.577885,-20.239311,,,,,,,,,,44.357500,43.129167,43.112083,42.580000,44.357500,48.038786,40.676214,46.198143,42.516857
2024-07-23,42.850000,2024-05-15,2024-03-31,0.220000,-0.060000,-714.166667,-323.510984,328.800284,58.866693,39.138676,19.410659,-0.317358,-20.045375,,,,,,,,,,44.380000,43.121667,43.109583,42.552083,44.380000,48.016134,40.743866,46.198067,42.561933
2024-07-26,41.800000,2024-05-15,2024-03-31,0.220000,-0.060000,-696.666667,-328.814225,329.649981,59.286851,39.507852,19.728854,-0.050145,-19.829144,,,,,,,,,,44.360000,43.094167,43.096250,42.520833,44.360000,48.050614,40.669386,46.205307,42.514693
2024-07-29,40.250000,2024-05-15,2024-03-31,0.220000,-0.060000,-670.833333,-333.909133,330.175993,59.655667,39.845108,20.034548,0.223988,-19.586571,,,,,,,,,,44.285000,43.035000,43.075000,42.491458,44.285000,48.249726,40.320274,46.267363,42.302637
2024-07-30,41.500000,2024-05-15,2024-03-31,0.220000,-0.060000,-691.666667,-339.184596,330.797203,60.046740,40.198908,20.351076,0.503244,-19.344589,,,,,,,,,,44.260000,42.980000,43.069167,42.468125,44.260000,48.291142,40.228858,46.275571,42.244429
2024-07-31,41.400000,2024-05-15,2024-03-31,0.220000,-0.060000,-690.000000,-344.436910,331.325955,60.425329,40.545772,20.666215,0.786657,-19.092900,,,,,,,,,,44.235000,42.932500,43.055833,42.438125,44.235000,48.333408,40.136592,46.284204,42.185796
2024-08-01,45.500000,2024-05-15,2024-03-31,0.220000,-0.060000,-758.333333,-350.270244,332.406825,60.905034,40.960624,21.016215,1.071805,-18.872604,,,,,,,,,,44.407500,42.959167,43.085000,42.423542,44.407500,48.407931,40.407069,46.407715,42.407285
2024-08-02,43.300000,2024-05-15,2024-03-31,0.220000,-0.060000,-721.666667,-355.803809,333.020921,61.310739,41.329484,21.348229,1.366973,-18.614282,,,,,,,,,,44.372500,42.947500,43.100000,42.403542,44.372500,48.400099,40.344901,46.386299,42.358701
2024-08-05,39.000000,2024-05-15,2024-03-31,0.220000,-0.060000,-650.000000,-360.749410,332.945845,61.598466,41.621715,21.644965,1.668214,-18.308537,,,,,,,,,,44.100000,42.865000,43.085833,42.362917,44.100000,48.788732,39.411268,46.444366,41.755634
2024-08-06,37.800000,2024-05-15,2024-03-31,0.220000,-0.060000,-630.000000,-365.521980,332.664003,61.850999,41.891159,21.931319,1.971479,-17.988362,,,,,,,,,,43.707500,42.770833,43.057083,42.324583,43.707500,49.109865,38.305135,46.408683,41.006317
2024-08-07,39.900000,2024-05-15,2024-03-31,0.220000,-0.060000,-665.000000,-370.578114,332.565620,62.142561,42.188624,22.234687,2.280750,-17.673188,,,,,,,,,,43.452500,42.715000,43.040000,42.295208,43.452500,49.074962,37.830038,46.263731,40.641269
2024-08-08,39.500000,2024-05-15,2024-03-31,0.220000,-0.060000,-658.333333,-375.578693,332.341443,62.415695,42.475208,22.534722,2.594235,-17.346252,,,,,,,,,,43.225000,42.669167,43.019583,42.280417,43.225000,49.107848,37.342152,46.166424,40.283576
2024-08-09,43.450000,2024-05-15,2024-03-31,0.220000,-0.060000,-724.166667,-381.122096,332.563597,62.774957,42.821142,22.867326,2.913510,-17.040306,,,,,,,,,,43.110000,42.689167,43.027917,42.282083,43.110000,48.873734,37.346266,45.991867,40.228133
2024-08-12,42.400000,2024-05-15,2024-03-31,0.220000,-0.060000,-706.666667,-386.512142,332.554555,63.097275,43.144002,23.190729,3.237455,-16.715818,,,,,,,,,,42.930000,42.697500,43.022083,42.281458,42.930000,48.536425,37.323575,45.733212,40.126788
2024-08-13,42.200000,2024-05-15,2024-03-31,0.220000,-0.060000,-703.333333,-391.870359,332.435097,63.404433,43.458327,23.512222,3.566116,-16.379990,,,,,,,,,,42.705000,42.695833,43.011667,42.276667,42.705000,48.028424,37.381576,45.366712,40.043288
2024-08-14,46.400000,2024-08-14,2024-06-30,0.910000,1.000000,46.400000,-390.977906,333.473771,-1057.925448,-724.451677,-390.977906,-57.504135,275.969637,,,,,,,,,,42.665000,42.771667,43.034167,42.292083,42.665000,47.856603,37.473397,45.260801,40.069199
2024-08-15,49.400000,2024-08-14,2024-06-30,0.910000,1.000000,49.400000,-390.067396,334.532922,-1059.133241,-724.600319,-390.067396,-55.534474,278.998448,,,,,,,,,,42.812500,42.905000,43.086667,42.320625,42.812500,48.591307,37.033693,45.701903,39.923097
2024-08-16,54.300000,2024-08-14,2024-06-30,0.910000,1.000000,54.300000,-389.113160,335.643205,-1060.399571,-724.756365,-389.113160,-53.469955,282.173250,,,,,,,,,,43.215000,43.111667,43.177917,42.374375,43.215000,50.831195,35.598805,47.023097,39.406903
2024-08-19,56.800000,2024-08-14,2024-06-30,0.910000,1.000000,56.800000,-388.129989,336.782723,-1061.695436,-724.912712,-388.129989,-51.347266,285.435458,,,,,,,,,,43.762500,43.340000,43.284167,42.438542,43.762500,53.464853,34.060147,48.613677,38.911323
2024-08-20,57.500000,2024-08-14,2024-06-30,0.910000,1.000000,57.500000,-387.154873,337.909704,-1062.974281,-725.064577,-387.154873,-49.245170,288.664534,,,,,,,,,,44.420000,43.596667,43.406250,42.507917,44.420000,55.907952,32.932048,50.163976,38.676024
2024-08-21,59.200000,2024-08-14,2024-06-30,0.910000,1.000000,59.200000,-386.158068,339.056139,-1064.270345,-725.214206,-386.158068,-47.101929,291.954210,,,,,,,,,,45.222500,43.885000,43.537083,42.585208,45.222500,58.447893,31.997107,51.835197,38.609803
2024-08-22,56.000000,2024-08-14,2024-06-30,0.910000,1.000000,56.000000,-385.185614,340.162992,-1065.511598,-725.348606,-385.185614,-45.022622,295.140370,,,,,,,,,,45.880000,44.112500,43.639583,42.653542,45.880000,59.892829,31.867171,52.886414,38.873586
2024-08-23,59.400000,2024-08-14,2024-06-30,0.910000,1.000000,59.400000,-384.175568,341.309290,-1066.794148,-725.484858,-384.175568,-42.866278,298.443012,,,,,,,,,,46.760000,44.385833,43.763750,42.735208,46.760000,61.862199,31.657801,54.311100,39.208900
2024-08-26,56.800000,2024-08-14,2024-06-30,0.910000,1.000000,56.800000,-383.208021,342.400796,-1068.009614,-725.608818,-383.208021,-40.807225,301.593571,,,,,,,,,,47.587500,44.614167,43.881250,42.799167,47.587500,62.998292,32.176708,55.292896,39.882104
2024-08-27,59.200000,2024-08-14,2024-06-30,0.910000,1.000000,59.200000,-382.196748,343.534324,-1069.265397,-725.731073,-382.196748,-38.662424,304.871900,,,,,,,,,,48.472500,44.895000,44.001667,42.876250,48.472500,64.434411,32.510589,56.453456,40.491544
2024-08-28,58.900000,2024-08-14,2024-06-30,0.910000,1.000000,58.900000,-381.175244,344.669767,-1070.514778,-725.845011,-381.175244,-36.505477,308.164291,,,,,,,,,,49.347500,45.171667,44.110417,42.950417,49.347500,65.593098,33.101902,57.470299,41.224701
2024-08-29,59.000000,2024-08-14,2024-06-30,0.910000,1.000000,59.000000,-380.124549,345.825533,-1071.775615,-725.950082,-380.124549,-34.299016,311.526517,,,,,,,,,,50.022500,45.449167,44.199583,43.023750,50.022500,66.710803,33.334197,58.366651,41.678349
2024-08-30,58.900000,2024-08-14,2024-06-30,0.910000,1.000000,58.900000,-379.080475,346.967926,-1073.016328,-726.048401,-379.080475,-32.112549,314.855377,,,,,,,,,,50.802500,45.725000,44.292083,43.083333,50.802500,67.625557,33.979443,59.214028,42.390972
2024-09-02,56.000000,2024-08-14,2024-06-30,0.910000,1.000000,56.000000,-378.115545,348.022749,-1074.161043,-726.138294,-378.115545,-30.092796,317.929953,,,,,,,,,,51.652500,45.963333,44.400000,43.139583,51.652500,67.662940,35.642060,59.657720,43.647280
2024-09-03,55.900000,2024-08-14,2024-06-30,0.910000,1.000000,55.900000,-377.134086,349.086516,-1075.307118,-726.220602,-377.134086,-28.047571,321.038945,,,,,,,,,,52.557500,46.215000,44.494583,43.197500,52.557500,67.264150,37.850850,59.910825,45.204175
2024-09-04,51.700000,2024-08-14,2024-06-30,0.910000,1.000000,51.700000,-376.182420,350.105644,-1076.393707,-726.288063,-376.182420,-26.076776,324.028867,,,,,,,,,,53.147500,46.385000,44.550417,43.239167,53.147500,66.610255,39.684745,59.878877,46.416123
2024-09-05,51.100000,2024-08-14,2024-06-30,0.910000,1.000000,51.100000,-375.270475,351.081688,-1077.433852,-726.352163,-375.270475,-24.188787,326.892901,,,,,,,,,,53.727500,46.555833,44.626250,43.268125,53.727500,65.622898,41.832102,59.675199,47.779801
2024-09-06,51.500000,2024-08-14,2024-06-30,0.910000,1.000000,51.500000,-374.372559,352.040941,-1078.454441,-726.413500,-374.372559,-22.331617,329.709324,,,,,,,,,,54.130000,46.720000,44.717917,43.301042,54.130000,65.067353,43.192647,59.598676,48.661324
2024-09-09,52.200000,2024-08-14,2024-06-30,0.910000,1.000000,52.200000,-373.470545,353.000798,-1079.472141,-726.471343,-373.470545,-20.469747,332.531051,,,,,,,,,,54.620000,46.895000,44.816667,43.341250,54.620000,64.129574,45.110426,59.374787,49.865213
2024-09-10,47.000000,2024-08-14,2024-06-30,0.910000,1.000000,47.000000,-372.604920,353.909864,-1080.424648,-726.514784,-372.604920,-18.695055,335.214809,,,,,,,,,,54.860000,46.974167,44.867083,43.348333,54.860000,63.222926,46.497074,59.041463,50.678537
2024-09-11,47.750000,2024-08-14,2024-06-30,0.910000,1.000000,47.750000,-371.732466,354.822435,-1081.377335,-726.554900,-371.732466,-16.910031,337.912403,,,,,,,,,,54.927500,47.067500,44.923333,43.364583,54.927500,63.020348,46.834652,58.973924,50.881076
2024-09-12,48.900000,2024-08-14,2024-06-30,0.910000,1.000000,48.900000,-370.860267,355.733123,-1082.326512,-726.593389,-370.860267,-15.127144,340.605978,,,,,,,,,,54.902500,47.185000,44.996250,43.385625,54.902500,63.069989,46.735011,58.986244,50.818756
2024-09-13,50.300000,2024-08-14,2024-06-30,0.910000,1.000000,50.300000,-369.973508,356.655744,-1083.284996,-726.629252,-369.973508,-13.317763,343.337981,,,,,,,,,,54.702500,47.320833,45.078750,43.416042,54.702500,63.124056,46.280944,58.913278,50.491722
2024-09-16,50.100000,2024-08-14,2024-06-30,0.910000,1.000000,50.100000,-369.091309,357.569242,-1084.229792,-726.660550,-369.091309,-11.522067,346.047175,,,,,,,,,,54.367500,47.450833,45.161667,43.447500,54.367500,62.968863,45.766137,58.668182,50.066818
2024-09-18,49.300000,2024-08-14,2024-06-30,0.910000,1.000000,49.300000,-368.205938,358.479015,-1085.163968,-726.684953,-368.205938,-9.726923,348.752092,,,,,,,,,,53.957500,47.564167,45.230833,43.478542,53.957500,62.710561,45.204439,58.334031,49.580969
2024-09-19,50.500000,2024-08-14,2024-06-30,0.910000,1.000000,50.500000,-367.316355,359.390947,-1086.098249,-726.707302,-367.316355,-7.925408,351.465539,,,,,,,,,,53.522500,47.700833,45.314167,43.514375,53.522500,62.040127,45.004873,57.781314,49.263686
2024-09-20,49.800000,2024-08-14,2024-06-30,0.910000,1.000000,49.800000,-366.427975,360.295571,-1087.019116,-726.723546,-366.427975,-6.132405,354.163166,,,,,,,,,,53.212500,47.824167,45.388333,43.544167,53.212500,61.801469,44.623531,57.506985,48.918015
2024-09-23,48.550000,2024-08-14,2024-06-30,0.910000,1.000000,48.550000,-365.552327,361.181668,-1087.915663,-726.733995,-365.552327,-4.370659,356.811008,,,,,,,,,,52.670000,47.930000,45.453750,43.575625,52.670000,60.979500,44.360500,56.824750,48.515250
2024-09-24,48.550000,2024-08-14,2024-06-30,0.910000,1.000000,48.550000,-364.682466,362.058488,-1088.799443,-726.740954,-364.682466,-2.623977,359.434511,,,,,,,,,,52.257500,48.043333,45.523333,43.608958,52.257500,60.522727,43.992273,56.390113,48.124887
2024-09-25,49.000000,2024-08-14,2024-06-30,0.910000,1.000000,49.000000,-363.954164,362.807474,-1089.569113,-726.761639,-363.954164,-1.146690,361.660785,,,,,,,,,,51.747500,48.160000,45.592500,43.642708,51.747500,59.448524,44.046476,55.598012,47.896988
2024-09-26,47.350000,2024-08-14,2024-06-30,0.910000,1.000000,47.350000,-363.243543,363.534211,-1090.311964,-726.777754,-363.243543,0.290668,363.824878,,,,,,,,,,51.170000,48.250833,45.652083,43.665417,51.170000,58.325594,44.014406,54.747797,47.592203
2024-09-27,47.850000,2024-08-14,2024-06-30,0.910000,1.000000,47.850000,-362.529148,364.262476,-1091.054101,-726.791625,-362.529148,1.733328,365.995805,,,,,,,,,,50.612500,48.347500,45.716250,43.694167,50.612500,56.882048,44.342952,53.747274,47.477726
2024-09-30,47.050000,2024-08-14,2024-06-30,0.910000,1.000000,47.050000,-361.789974,365.008320,-1091.806613,-726.798294,-361.789974,3.218346,368.226666,,,,,,,,,,50.020000,48.398333,45.740417,43.722917,50.020000,55.123085,44.916915,52.571542,47.468458
2024-10-01,46.600000,2024-08-14,2024-06-30,0.910000,1.000000,46.600000,-361.043936,365.756246,-1092.556428,-726.800182,-361.043936,4.712310,370.468556,,,,,,,,,,49.550000,48.434167,45.749583,43.749583,49.550000,54.027194,45.072806,51.788597,47.311403
2024-10-04,44.800000,2024-08-14,2024-06-30,0.910000,1.000000,44.800000,-360.300713,366.494975,-1093.290663,-726.795688,-360.300713,6.194262,372.689237,,,,,,,,,,48.995000,48.420000,45.730833,43.765000,48.995000,52.869193,45.120807,50.932096,47.057904
2024-10-07,45.500000,2024-08-14,2024-06-30,0.910000,1.000000,45.500000,-359.554801,367.234460,-1094.023721,-726.789261,-359.554801,7.679659,374.914120,,,,,,,,,,48.685000,48.428333,45.721250,43.791458,48.685000,52.639225,44.730775,50.662112,46.707888
2024-10-08,44.650000,2024-08-14,2024-06-30,0.910000,1.000000,44.650000,-358.828158,367.952557,-1094.733272,-726.780715,-358.828158,9.124399,377.076956,,,,,,,,,,48.362500,48.438333,45.717500,43.811250,48.362500,52.533563,44.191437,50.448031,46.276969
2024-10-09,43.500000,2024-08-14,2024-06-30,0.910000,1.000000,43.500000,-358.107953,368.659981,-1095.427916,-726.767935,-358.107953,10.552028,379.212009,,,,,,,,,,47.962500,48.400833,45.700833,43.826250,47.962500,52.393001,43.531999,50.177751,45.747249
2024-10-11,44.100000,2024-08-14,2024-06-30,0.910000,1.000000,44.100000,-357.396507,369.358268,-1096.113043,-726.754775,-357.396507,11.961761,381.320030,,,,,,,,,,47.557500,48.369167,45.703750,43.846458,47.557500,51.835261,43.279739,49.696380,45.418620
2024-10-14,44.500000,2024-08-14,2024-06-30,0.910000,1.000000,44.500000,-356.669148,370.068286,-1096.805719,-726.737434,-356.669148,13.399137,383.467423,,,,,,,,,,47.432500,48.332500,45.696667,43.865417,47.432500,51.919824,42.945176,49.676162,45.188838
2024-10-15,45.150000,2024-08-14,2024-06-30,0.910000,1.000000,45.150000,-355.926939,370.789428,-1097.505796,-726.716367,-355.926939,14.862489,385.651917,,,,,,,,,,47.302500,48.298333,45.685000,43.891458,47.302500,51.900380,42.704620,49.601440,45.003560
2024-10-16,45.100000,2024-08-14,2024-06-30,0.910000,1.000000,45.100000,-355.189471,371.503567,-1098.196604,-726.693037,-355.189471,16.314096,387.817663,,,,,,,,,,47.112500,48.275833,45.677500,43.918333,47.112500,51.746343,42.478657,49.429421,44.795579
2024-10-17,45.450000,2024-08-14,2024-06-30,0.910000,1.000000,45.450000,-354.467560,372.202395,-1098.872350,-726.669955,-354.467560,17.734835,389.937230,,,,,,,,,,46.870000,48.262500,45.692500,43.947708,46.870000,51.304838,42.435162,49.087419,44.652581
2024-10-18,45.550000,2024-08-14,2024-06-30,0.910000,1.000000,45.550000,-353.744423,372.899737,-1099.543897,-726.644160,-353.744423,19.155313,392.055050,,,,,,,,,,46.642500,48.257500,45.707917,43.976458,46.642500,50.840153,42.444847,48.741326,44.543674
2024-10-21,46.050000,2024-08-14,2024-06-30,0.910000,1.000000,46.050000,-353.010045,373.604797,-1100.219638,-726.614841,-353.010045,20.594752,394.199549,,,,,,,,,,46.480000,48.285833,45.720000,44.008125,46.480000,50.492008,42.467992,48.486004,44.473996
2024-10-22,47.000000,2024-08-14,2024-06-30,0.910000,1.000000,47.000000,-352.267356,374.315909,-1100.899175,-726.583265,-352.267356,22.048554,396.364463,,,,,,,,,,46.305000,48.350000,45.739583,44.040208,46.305000,49.857745,42.752255,48.081373,44.528627
2024-10-23,46.450000,2024-08-14,2024-06-30,0.910000,1.000000,46.450000,-351.539864,375.010434,-1101.560732,-726.550298,-351.539864,23.470571,398.481005,,,,,,,,,,46.137500,48.410000,45.765833,44.073333,46.137500,49.289755,42.985245,47.713627,44.561373
2024-10-24,45.400000,2024-08-14,2024-06-30,0.910000,1.000000,45.400000,-350.819942,375.693918,-1102.207778,-726.513860,-350.819942,24.873975,400.567893,,,,,,,,,,45.980000,48.470000,45.782083,44.096042,45.980000,48.933214,43.026786,47.456607,44.503393
2024-10-25,47.500000,2024-08-14,2024-06-30,0.910000,1.000000,47.500000,-350.079769,376.395641,-1102.871051,-726.475410,-350.079769,26.315872,402.711513,,,,,,,,,,45.927500,48.590833,45.812917,44.127708,45.927500,48.721380,43.133620,47.324440,44.530560
2024-10-28,46.100000,2024-08-14,2024-06-30,0.910000,1.000000,46.100000,-349.343401,377.088700,-1103.520802,-726.432102,-349.343401,27.745299,404.833999,,,,,,,,,,45.782500,48.667500,45.823750,44.160417,45.782500,48.177511,43.387489,46.980006,44.584994
2024-10-29,45.100000,2024-08-14,2024-06-30,0.910000,1.000000,45.100000,-348.619691,377.766732,-1104.153155,-726.386423,-348.619691,29.147042,406.913774,,,,,,,,,,45.670000,48.729167,45.830833,44.186458,45.670000,47.964249,43.375751,46.817125,44.522875
2024-10-30,44.800000,2024-08-14,2024-06-30,0.910000,1.000000,44.800000,-347.901232,378.437291,-1104.775814,-726.338523,-347.901232,30.536060,408.973351,,,,,,,,,,45.517500,48.717500,45.838333,44.208125,45.517500,47.597043,43.437957,46.557272,44.477728
2024-11-01,44.900000,2024-08-14,2024-06-30,0.910000,1.000000,44.900000,-347.181153,379.106799,-1105.394752,-726.287952,-347.181153,31.925646,411.032446,,,,,,,,,,45.410000,48.744167,45.845833,44.230625,45.410000,47.375117,43.444883,46.392558,44.427442
2024-11-04,44.100000,2024-08-14,2024-06-30,0.910000,1.000000,44.100000,-346.468134,379.766511,-1106.001157,-726.234646,-346.468134,33.298377,413.064889,,,,,,,,,,45.285000,48.829167,45.847083,44.245833,45.285000,47.249447,43.320553,46.267224,44.302776
2024-11-05,44.400000,2024-08-14,2024-06-30,0.910000,1.000000,44.400000,-345.756546,380.423143,-1106.602832,-726.179689,-345.756546,34.666597,415.089740,,,,,,,,,,45.265000,48.939167,45.855000,44.263542,45.265000,47.258173,43.271827,46.261586,44.268414
2024-11-06,45.000000,2024-08-14,2024-06-30,0.910000,1.000000,45.000000,-345.041530,381.081195,-1107.203920,-726.122725,-345.041530,36.039664,417.120859,,,,,,,,,,45.240000,49.024167,45.869583,44.272083,45.240000,47.233305,43.246695,46.236652,44.243348
2024-11-07,45.600000,2024-08-14,2024-06-30,0.910000,1.000000,45.600000,-344.329376,381.735594,-1107.800565,-726.064971,-344.329376,37.406218,419.141812,,,,,,,,,,45.287500,49.125833,45.897500,44.283958,45.287500,47.266834,43.308166,46.277167,44.297833
2024-11-08,44.350000,2024-08-14,2024-06-30,0.910000,1.000000,44.350000,-343.627639,382.376862,-1108.381362,-726.004501,-343.627639,38.749223,421.126084,,,,,,,,,,45.330000,49.140833,45.915000,44.308333,45.330000,47.180007,43.479993,46.255004,44.404996
2024-11-11,43.600000,2024-08-14,2024-06-30,0.910000,1.000000,43.600000,-337.444861,382.591534,-1102.627929,-720.036395,-337.444861,45.146673,427.738207,,,,,,,,,,45.305000,49.160833,45.929167,44.330833,45.305000,47.236702,43.373298,46.270851,44.339149
2024-11-12,42.400000,2024-08-14,2024-06-30,0.910000,1.000000,42.400000,-331.216528,382.641283,-1096.499094,-713.857811,-331.216528,51.424755,434.066039,,,,,,,,,,45.200000,49.164167,45.930000,44.350000,45.200000,47.507653,42.892347,46.353827,44.046173
2024-11-13,42.500000,2024-08-14,2024-06-30,0.910000,1.000000,42.500000,-325.049861,382.651573,-1090.353008,-707.701435,-325.049861,57.601712,440.253286,,,,,,,,,,45.067500,49.099167,45.935417,44.365833,45.067500,47.672409,42.462591,46.369955,43.765045
2024-11-14,41.550000,2024-11-14,2024-09-30,0.490000,0.990000,41.969697,-318.950114,382.619179,-1073.346587,-694.553600,-315.760612,63.032375,441.825362,,,,,,,,,,44.890000,48.968333,45.936667,44.368958,44.890000,47.932610,41.847390,46.411305,43.368695
2024-11-15,42.250000,2024-11-14,2024-09-30,0.490000,0.990000,42.676768,-312.775029,382.424392,-1066.847575,-688.247427,-309.647279,68.952869,447.553017,,,,,,,,,,44.730000,48.767500,45.939583,44.367083,44.730000,47.978222,41.481778,46.354111,43.105889
2024-11-18,41.500000,2024-11-14,2024-09-30,0.490000,0.990000,41.919192,-306.439592,381.946314,-1059.628897,-681.502046,-303.375196,74.751655,452.878505,,,,,,,,,,44.527500,48.512500,45.926250,44.363125,44.527500,48.053565,41.001435,46.290532,42.764468
2024-11-19,42.250000,2024-11-14,2024-09-30,0.490000,0.990000,42.676768,-300.236730,381.517713,-1052.639435,-674.936899,-297.234362,80.468174,458.170710,,,,,,,,,,44.337500,48.258333,45.927500,44.367083,44.337500,47.927087,40.747913,46.132293,42.542707
2024-11-20,41.500000,2024-11-14,2024-09-30,0.490000,0.990000,41.919192,-294.067959,381.011033,-1045.529124,-668.328202,-291.127279,86.073643,463.274566,,,,,,,,,,44.062500,47.963333,45.924167,44.367917,44.062500,47.635922,40.489078,45.849211,42.275789
2024-11-21,41.900000,2024-11-14,2024-09-30,0.490000,0.990000,42.323232,-287.833321,380.337127,-1038.022498,-661.488743,-284.954987,91.578768,468.112523,,,,,,,,,,43.835000,47.728333,45.920417,44.373333,43.835000,47.347249,40.322751,45.591125,42.078875
2024-11-22,42.000000,2024-11-14,2024-09-30,0.490000,0.990000,42.424242,-281.507563,379.456416,-1030.016192,-654.354340,-278.692487,96.969365,472.631217,,,,,,,,,,43.665000,47.438333,45.912083,44.382917,43.665000,47.187424,40.142576,45.426212,41.903788
2024-11-25,42.400000,2024-11-14,2024-09-30,0.490000,0.990000,42.828283,-275.164550,378.453536,-1021.750905,-647.081905,-272.412904,102.256096,476.925097,,,,,,,,,,43.410000,47.198333,45.906250,44.395417,43.410000,46.471750,40.348250,44.940875,41.879125
2024-11-26,42.700000,2024-11-14,2024-09-30,0.490000,0.990000,43.131313,-268.923178,377.465948,-1013.616523,-639.925234,-266.233946,107.457343,481.148631,,,,,,,,,,43.240000,46.923333,45.909167,44.407708,43.240000,46.039173,40.440827,44.639586,41.840414
2024-11-27,42.500000,2024-11-14,2024-09-30,0.490000,0.990000,42.929293,-262.690434,376.378272,-1005.292507,-632.678018,-260.063529,112.550960,485.165448,,,,,,,,,,43.110000,46.650000,45.910833,44.413958,43.110000,45.784165,40.435835,44.447082,41.772918
2024-11-28,41.650000,2024-11-14,2024-09-30,0.490000,0.990000,42.070707,-256.457900,375.168916,-996.727775,-625.310548,-253.893321,117.523906,488.941133,,,,,,,,,,42.952500,46.360833,45.905000,44.416875,42.952500,45.578178,40.326822,44.265339,41.639661
2024-11-29,42.150000,2024-11-14,2024-09-30,0.490000,0.990000,42.575758,-250.221157,373.854209,-987.950280,-617.834613,-247.718946,122.396721,492.512388,,,,,,,,,,42.815000,46.081667,45.903333,44.422500,42.815000,45.295259,40.334741,44.055129,41.574871
2024-12-02,41.800000,2024-11-14,2024-09-30,0.490000,0.990000,42.222222,-244.077639,372.538816,-979.263718,-610.450290,-241.636862,127.176565,495.989993,,,,,,,,,,42.700000,45.845000,45.904167,44.421667,42.700000,45.142389,40.257611,43.921194,41.478806
2024-12-03,42.300000,2024-11-14,2024-09-30,0.490000,0.990000,42.727273,-238.054912,371.272071,-970.793063,-603.233713,-235.674362,131.884988,499.444338,,,,,,,,,,42.595000,45.618333,45.916667,44.421250,42.595000,44.906732,40.283268,43.750866,41.439134
2024-12-04,43.350000,2024-11-14,2024-09-30,0.490000,0.990000,43.787879,-231.926124,369.788441,-961.787975,-595.697419,-229.606862,136.483694,502.574250,,,,,,,,,,42.512500,45.479167,45.932083,44.425625,42.512500,44.566219,40.458781,43.539360,41.485640
2024-12-05,43.000000,2024-11-14,2024-09-30,0.490000,0.990000,43.434343,-225.890560,368.307619,-952.880740,-588.256197,-223.631654,140.992889,505.617431,,,,,,,,,,42.382500,45.344167,45.950000,44.431458,42.382500,43.862285,40.902715,43.122392,41.642608
2024-12-06,43.550000,2024-11-14,2024-09-30,0.490000,0.990000,43.989899,-219.739255,366.581094,-943.372428,-580.457145,-217.541862,145.373420,508.288703,,,,,,,,,,42.342500,45.211667,45.965833,44.440625,42.342500,43.628978,41.056022,42.985739,41.699261
2024-12-09,43.200000,2024-11-14,2024-09-30,0.490000,0.990000,43.636364,-213.583952,364.730469,-933.614441,-572.531277,-211.448112,149.635052,510.718216,,,,,,,,,,42.322500,45.061667,45.978333,44.450625,42.322500,43.537093,41.107907,42.929797,41.715203
2024-12-10,43.800000,2024-11-14,2024-09-30,0.490000,0.990000,44.242424,-207.347210,362.664102,-923.348660,-564.311199,-205.273737,153.763724,512.801185,,,,,,,,,,42.392500,45.008333,45.991250,44.461458,42.392500,43.775584,41.009416,43.084042,41.700958
2024-12-11,43.650000,2024-11-14,2024-09-30,0.490000,0.990000,44.090909,-201.125619,360.495746,-912.895939,-556.005151,-199.114362,157.776426,514.667214,,,,,,,,,,42.450000,44.940000,46.003750,44.471875,42.450000,43.943142,40.956858,43.196571,41.703429
2024-12-12,42.700000,2024-11-14,2024-09-30,0.490000,0.990000,43.131313,-194.953691,358.259185,-902.357340,-547.680747,-193.004154,161.672439,516.349031,,,,,,,,,,42.507500,44.836667,46.010833,44.465208,42.507500,43.942137,41.072863,43.224819,41.790181
2024-12-13,41.700000,2024-11-14,2024-09-30,0.490000,0.990000,42.121212,-188.748514,355.834778,-891.413889,-539.137459,-186.861029,165.415401,517.691831,,,,,,,,,,42.480000,44.693333,46.007083,44.453542,42.480000,43.955912,41.004088,43.217956,41.742044
2024-12-16,40.850000,2024-11-14,2024-09-30,0.490000,0.990000,41.262626,-182.529659,353.248275,-880.135947,-530.420155,-180.704362,169.011430,518.727222,,,,,,,,,,42.447500,44.539167,45.995000,44.437917,42.447500,44.038420,40.856580,43.242960,41.652040
2024-12-17,41.300000,2024-11-14,2024-09-30,0.490000,0.990000,41.717172,-176.279238,350.491443,-868.489503,-521.502974,-174.516446,172.470083,519.456611,,,,,,,,,,42.400000,44.405833,45.985000,44.422917,42.400000,44.070487,40.729513,43.235243,41.564757
2024-12-18,41.800000,2024-11-14,2024-09-30,0.490000,0.990000,42.222222,-170.052386,347.645264,-856.689486,-512.520674,-168.351862,175.816949,519.985761,,,,,,,,,,42.415000,44.260833,45.980833,44.410208,42.415000,44.056597,40.773403,43.235799,41.594201
2024-12-19,41.500000,2024-11-14,2024-09-30,0.490000,0.990000,41.919192,-163.814171,344.638619,-844.560495,-503.368262,-162.176029,179.016204,520.208437,,,,,,,,,,42.395000,44.122500,45.973333,44.400833,42.395000,44.072373,40.717627,43.233686,41.556314
2024-12-20,41.650000,2024-11-14,2024-09-30,0.490000,0.990000,42.070707,-157.602471,341.536260,-832.268240,-494.147343,-156.026446,182.094451,520.215348,,,,,,,,,,42.377500,44.007500,45.968750,44.394167,42.377500,44.079349,40.675651,43.228424,41.526576
2024-12-23,41.850000,2024-11-14,2024-09-30,0.490000,0.990000,42.272727,-151.451587,338.393543,-819.956286,-484.946679,-149.937071,185.072537,520.082145,,,,,,,,,,42.350000,43.895833,45.969583,44.377708,42.350000,44.068016,40.631984,43.209008,41.490992
2024-12-24,41.700000,2024-11-14,2024-09-30,0.490000,0.990000,42.121212,-145.267243,335.049076,-807.211742,-475.513157,-143.814571,187.884015,519.582601,,,,,,,,,,42.300000,43.774167,45.967083,44.364375,42.300000,44.033266,40.566734,43.166633,41.433367
2024-12-25,42.400000,2024-11-14,2024-09-30,0.490000,0.990000,42.828283,-139.090896,331.581496,-794.231349,-465.965668,-137.699987,190.565693,518.831374,,,,,,,,,,42.295000,43.691667,45.971250,44.353750,42.295000,44.026413,40.563587,43.160706,41.429294
2024-12-26,44.000000,2024-11-14,2024-09-30,0.490000,0.990000,44.444444,-132.880248,327.931002,-780.854830,-456.203138,-131.551446,193.100246,517.751938,,,,,,,,,,42.412500,43.627500,45.987500,44.355208,42.412500,44.273704,40.551296,43.343102,41.481898
2024-12-27,48.400000,2024-11-14,2024-09-30,0.490000,0.990000,48.888889,-126.361730,323.641407,-765.908099,-445.503106,-125.098112,195.306881,515.711874,,,,,,,,,,42.725000,43.650000,46.024167,44.373125,42.725000,45.978581,39.471419,44.351791,41.098209
2024-12-30,48.950000,2024-11-14,2024-09-30,0.490000,0.990000,49.444444,-119.776082,319.040519,-750.278548,-434.428434,-118.578321,197.271793,513.121906,,,,,,,,,,43.082500,43.689167,46.061667,44.397708,43.082500,47.328151,38.836849,45.205326,40.959674
2024-12-31,49.550000,2024-11-14,2024-09-30,0.490000,0.990000,50.050505,-113.018716,313.894521,-733.399681,-422.644105,-111.888529,198.867047,509.622623,,,,,,,,,,43.445000,43.768333,46.094167,44.429583,43.445000,48.558645,38.331355,46.001823,40.888177
2025-01-02,49.200000,2024-11-14,2024-09-30,0.490000,0.990000,49.696970,-106.354575,308.703505,-716.523969,-410.907499,-105.291029,200.325441,505.941911,,,,,,,,,,43.737500,43.830000,46.129167,44.465208,43.737500,49.461124,38.013876,46.599312,40.875688
2025-01-03,49.900000,2024-11-14,2024-09-30,0.490000,0.990000,50.404040,-99.816486,303.560666,-699.868440,-399.343380,-98.818321,201.706739,502.231798,,,,,,,,,,44.082500,43.917500,46.177917,44.503333,44.082500,50.418053,37.746947,47.250277,40.914723
2025-01-06,54.800000,2024-11-14,2024-09-30,0.490000,0.990000,55.353535,-93.001040,297.681440,-681.480281,-386.775655,-92.071029,202.633597,497.338222,,,,,,,,,,44.645000,44.105833,46.253333,44.561875,44.645000,52.577803,36.712197,48.611402,40.678598
2025-01-07,58.800000,2024-11-14,2024-09-30,0.490000,0.990000,59.393939,-86.117201,291.458329,-662.343520,-373.799775,-85.256029,203.287716,491.831462,,,,,,,,,,45.425000,44.350833,46.360000,44.640417,45.425000,55.529949,35.320051,50.477475,40.372525
2025-01-08,64.600000,2024-11-14,2024-09-30,0.490000,0.990000,65.252525,-79.087319,284.717555,-642.037204,-360.166825,-78.296446,203.573933,485.444313,,,,,,,,,,46.465000,44.685833,46.509167,44.732917,46.465000,59.671302,33.258698,53.068151,39.861849
2025-01-09,66.400000,2024-11-14,2024-09-30,0.490000,0.990000,67.070707,-71.972841,277.462178,-620.628225,-345.940669,-71.253112,203.434444,478.122000,,,,,,,,,,47.602500,45.040000,46.669167,44.830417,47.602500,63.444034,31.760966,55.523267,39.681733
2025-01-10,64.400000,2024-11-14,2024-09-30,0.490000,0.990000,65.050505,-64.979364,270.092984,-599.113678,-331.721625,-64.329571,203.062483,470.454537,,,,,,,,,,48.687500,45.361667,46.818750,44.923125,48.687500,66.017786,31.357214,57.352643,40.022357
2025-01-13,63.500000,2024-11-14,2024-09-30,0.490000,0.990000,64.141414,-58.021242,262.401781,-576.996555,-317.218792,-57.441029,202.336734,462.114497,,,,,,,,,,49.777500,45.662500,46.962500,45.012500,49.777500,67.977745,31.577255,58.877623,40.677377
2025-01-14,69.000000,2024-11-14,2024-09-30,0.490000,0.990000,69.696970,-51.072378,254.465742,-554.403823,-302.482738,-50.561654,201.359430,453.280514,,,,,,,,,,51.185000,46.053333,47.155417,45.124792,51.185000,70.778852,31.591148,60.981926,41.388074
2025-01-15,65.900000,2024-11-14,2024-09-30,0.490000,0.990000,66.565657,-44.357942,246.667533,-532.316078,-288.115220,-43.914362,200.286495,444.487353,,,,,,,,,,52.415000,46.384167,47.335000,45.220833,52.415000,72.478979,32.351021,62.446990,42.383010
2025-01-16,67.500000,2024-11-14,2024-09-30,0.490000,0.990000,68.181818,-37.796705,238.916886,-510.474172,-273.946455,-37.418737,199.108980,435.636697,,,,,,,,,,53.700000,46.725833,47.537917,45.325000,53.700000,74.188919,33.211081,63.944459,43.455541
2025-01-17,65.100000,2024-11-14,2024-09-30,0.490000,0.990000,65.757576,-31.297336,230.834261,-488.036200,-259.510281,-30.984362,197.541556,426.067475,,,,,,,,,,54.880000,47.036667,47.723333,45.416458,54.880000,75.127427,34.632573,65.003714,44.756286
2025-01-20,71.400000,2024-11-14,2024-09-30,0.490000,0.990000,72.121212,-24.890770,222.738948,-465.664980,-245.153421,-24.641862,195.869696,416.381255,,,,,,,,,,56.367500,47.470000,47.970000,45.533125,56.367500,76.891819,35.843181,66.629659,46.105341
2025-01-21,67.300000,2024-11-14,2024-09-30,0.490000,0.990000,67.979798,-18.733994,214.803770,-443.858119,-231.202387,-18.546654,194.109078,406.764811,,,,,,,,,,57.640000,47.800000,48.195417,45.635208,57.640000,77.520183,37.759817,67.580092,47.699908
2025-01-22,67.400000,2024-11-14,2024-09-30,0.490000,0.990000,68.080808,-12.402765,205.811099,-419.784713,-216.031725,-12.278737,191.474250,395.227238,,,,,,,,,,58.925000,48.155000,48.411250,45.740208,58.925000,77.761988,40.088012,68.343494,49.506506
2025-02-03,66.600000,2024-11-14,2024-09-30,0.490000,0.990000,67.272727,-6.092159,196.247531,-394.601349,-200.316293,-6.031237,188.253818,382.538874,,,,,,,,,,60.135000,48.513333,48.621250,45.838542,60.135000,77.558520,42.711480,68.846760,51.423240
2025-02-04,69.700000,2024-11-14,2024-09-30,0.490000,0.990000,70.404040,0.813986,183.736192,-362.991815,-181.092985,0.805846,182.704676,364.603507,,,,,,,,,,61.420000,48.928333,48.822917,45.953958,61.420000,77.577951,45.262049,69.498975,53.341025
2025-02-05,70.900000,2024-11-14,2024-09-30,0.490000,0.990000,71.616162,7.424676,171.378742,-331.979480,-162.314526,7.350429,177.015384,346.680339,,,,,,,,,,62.545000,49.361667,49.052917,46.076458,62.545000,78.004043,47.085957,70.274521,54.815479
2025-02-06,77.900000,2024-11-14,2024-09-30,0.490000,0.990000,78.686869,13.497066,160.449902,-304.328710,-145.483307,13.362096,172.207499,331.052901,,,,,,,,,,63.992500,49.925000,49.377083,46.231458,63.992500,79.513022,48.471978,71.752761,56.232239
2025-02-07,79.300000,2024-11-14,2024-09-30,0.490000,0.990000,80.101010,19.414575,149.219311,-276.233807,-128.506689,19.220429,166.947547,314.674665,,,,,,,,,,65.480000,50.506667,49.722917,46.390000,65.480000,80.874408,50.085592,73.177204,57.782796
2025-02-10,80.500000,2024-11-14,2024-09-30,0.490000,0.990000,81.313131,25.633851,135.363455,-242.642128,-108.632308,25.377513,159.387333,293.397153,,,,,,,,,,67.045000,51.098333,50.061250,46.550625,67.045000,81.822433,52.267567,74.433717,59.656283
2025-02-11,80.500000,2024-11-14,2024-09-30,0.490000,0.990000,81.313131,31.797572,119.915889,-205.953864,-87.237134,31.479596,150.196326,268.913055,,,,,,,,,,68.575000,51.680000,50.402917,46.711250,68.575000,82.167084,54.982916,75.371042,61.778958
2025-02-12,85.100000,2024-11-14,2024-09-30,0.490000,0.990000,85.959596,38.548624,97.755526,-155.392805,-58.614834,38.163137,134.941109,231.719080,,,,,,,,,,70.090000,52.359167,50.750000,46.888958,70.090000,83.968859,56.211141,77.029430,63.150570
2025-02-13,79.900000,2024-11-14,2024-09-30,0.490000,0.990000,80.707071,45.110072,69.720101,-93.386829,-24.363929,44.658971,113.681871,182.704771,,,,,,,,,,71.145000,52.964167,51.062500,47.042292,71.145000,84.612071,57.677929,77.878535,64.411465
2025-02-14,77.700000,2024-11-14,2024-09-30,0.490000,0.990000,78.484848,51.625223,10.961693,29.404818,40.256895,51.108971,61.961047,72.813123,,,,,,,,,,71.800000,53.552500,51.358333,47.185000,71.800000,85.200864,58.399136,78.500432,65.099568
2025-02-17,78.500000,2024-11-14,2024-09-30,0.490000,0.990000,79.292929,51.899331,11.237718,29.129656,40.254997,51.380337,62.505678,73.631019,,,,,,,,,,72.405000,54.152500,51.625833,47.330000,72.405000,85.871758,58.938242,79.138379,65.671621
2025-02-18,80.000000,2024-11-14,2024-09-30,0.490000,0.990000,80.808081,52.161065,11.540691,28.788886,40.214170,51.639454,63.064738,74.490023,,,,,,,,,,73.185000,54.793333,51.880833,47.483750,73.185000,86.505862,59.864138,79.845431,66.524569
2025-02-19,79.800000,2024-11-14,2024-09-30,0.490000,0.990000,80.606061,52.380282,11.827931,28.437176,40.146827,51.856479,63.566131,75.275783,,,,,,,,,,74.000000,55.419167,52.093333,47.635625,74.000000,86.810686,61.189314,80.405343,67.594657
2025-02-20,78.600000,2024-11-14,2024-09-30,0.490000,0.990000,79.393939,52.568565,12.076105,28.132192,40.087535,52.042879,63.998223,75.953567,,,,,,,,,,74.480000,56.037500,52.275000,47.779583,74.480000,87.221082,61.738918,80.850541,68.109459
2025-02-21,78.400000,2024-11-14,2024-09-30,0.490000,0.990000,79.191919,52.749331,12.310618,27.846813,40.034325,52.221837,64.409350,76.596862,,,,,,,,,,75.105000,56.640000,52.449167,47.927708,75.105000,87.288073,62.921927,81.196536,69.013464
2025-02-24,78.500000,2024-11-14,2024-09-30,0.490000,0.990000,79.292929,52.916772,12.533717,27.570844,39.979224,52.387604,64.795984,77.204364,,,,,,,,,,75.655000,57.256667,52.610000,48.073542,75.655000,87.376950,63.933050,81.515975,69.794025
2025-02-25,74.600000,2024-11-14,2024-09-30,0.490000,0.990000,75.353535,53.078051,12.697176,27.406862,39.977067,52.547271,65.117475,77.687679,,,,,,,,,,76.130000,57.801667,52.765000,48.202292,76.130000,86.771152,65.488848,81.450576,70.809424
2025-02-26,78.600000,2024-11-14,2024-09-30,0.490000,0.990000,79.393939,53.244668,12.910227,27.149971,39.931096,52.712221,65.493346,78.274471,,,,,,,,,,76.490000,58.411667,52.925000,48.344375,76.490000,86.942882,66.037118,81.716441,71.263559
2025-02-27,76.200000,2024-11-14,2024-09-30,0.490000,0.990000,76.969697,53.412748,13.086990,26.966380,39.922500,52.878621,65.834741,78.790862,,,,,,,,,,76.935000,58.975000,53.086667,48.483958,76.935000,86.456892,67.413108,81.695946,72.174054
2025-03-03,72.400000,2024-11-14,2024-09-30,0.490000,0.990000,73.131313,53.528843,13.200064,26.857427,39.925491,52.993554,66.061618,79.129681,,,,,,,,,,77.185000,59.470000,53.196667,48.599167,77.185000,85.879408,68.490592,81.532204,72.837796
2025-03-04,73.000000,2024-11-14,2024-09-30,0.490000,0.990000,73.737374,53.652487,13.319747,26.742864,39.929413,53.115962,66.302512,79.489061,,,,,,,,,,77.505000,59.978333,53.314167,48.712292,77.505000,84.938771,70.071229,81.221885,73.788115
2025-03-05,72.900000,2024-11-14,2024-09-30,0.490000,0.990000,73.636364,53.774457,13.435634,26.634156,39.935434,53.236712,66.537991,79.839269,,,,,,,,,,77.665000,60.499167,53.430000,48.814792,77.665000,84.505522,70.824478,81.085261,74.244739
2025-03-06,71.600000,2024-11-14,2024-09-30,0.490000,0.990000,72.323232,53.886317,13.534184,26.549771,39.948612,53.347454,66.746296,80.145138,,,,,,,,,,77.700000,60.990000,53.535833,48.913958,77.700000,84.400511,70.999489,81.050255,74.349745
2025-03-07,68.300000,2024-11-14,2024-09-30,0.490000,0.990000,68.989899,53.994566,13.603004,26.520673,39.987647,53.454621,66.921595,80.388569,,,,,,,,,,77.220000,61.431667,53.638333,49.019167,77.220000,85.126986,69.313014,81.173493,73.266507
2025-03-10,67.100000,2024-11-14,2024-09-30,0.490000,0.990000,67.777778,54.093548,13.660080,26.505655,40.029134,53.552612,67.076091,80.599570,,,,,,,,,,76.610000,61.845000,53.731667,49.113125,76.610000,85.643482,67.576518,81.126741,72.093259
2025-03-11,66.200000,2024-11-14,2024-09-30,0.490000,0.990000,66.868687,54.219954,13.707844,26.536223,40.106989,53.677754,67.248520,80.819285,,,,,,,,,,75.895000,62.225833,53.852500,49.201458,75.895000,85.848888,65.941112,80.871944,70.918056
2025-03-12,66.500000,2024-11-14,2024-09-30,0.490000,0.990000,67.171717,54.353885,13.755535,26.574386,40.192366,53.810346,67.428326,81.046305,,,,,,,,,,75.195000,62.617500,53.980833,49.303542,75.195000,85.737041,64.652959,80.466021,69.923979
2025-03-13,64.900000,2024-11-14,2024-09-30,0.490000,0.990000,65.555556,54.471014,13.790827,26.620467,40.273386,53.926304,67.579223,81.232141,,,,,,,,,,74.185000,62.973333,54.092500,49.405208,74.185000,84.601237,63.768763,79.393119,68.976881
2025-03-14,66.400000,2024-11-14,2024-09-30,0.490000,0.990000,67.070707,54.594937,13.836984,26.651759,40.350373,54.048987,67.747602,81.446216,,,,,,,,,,73.510000,63.360000,54.210833,49.513750,73.510000,84.114845,62.905155,78.812422,68.207578
2025-03-17,65.400000,2024-11-14,2024-09-30,0.490000,0.990000,66.060606,54.753775,13.858451,26.766504,40.486371,54.206237,67.926104,81.645971,,,,,,,,,,72.895000,63.720000,54.364167,49.615625,72.895000,83.895952,61.894048,78.395476,67.394524
2025-03-18,68.800000,2024-11-14,2024-09-30,0.490000,0.990000,69.494949,54.934983,13.908178,26.847440,40.616537,54.385633,68.154730,81.923826,,,,,,,,,,72.410000,64.139167,54.539583,49.731458,72.410000,83.224201,61.595799,77.817101,67.002899
2025-03-19,66.500000,2024-11-14,2024-09-30,0.490000,0.990000,67.171717,55.087247,13.941531,26.932144,40.734259,54.536375,68.338491,82.140606,,,,,,,,,,71.735000,64.535833,54.686250,49.841250,71.735000,82.235180,61.234820,76.985090,66.484910
2025-03-20,66.900000,2024-11-14,2024-09-30,0.490000,0.990000,67.575758,55.231212,13.980823,26.996871,40.837885,54.678900,68.519915,82.360929,,,,,,,,,,71.090000,64.955833,54.824583,49.951667,71.090000,81.076496,61.103504,76.083248,66.096752
2025-03-21,66.300000,2024-11-14,2024-09-30,0.490000,0.990000,66.969697,55.371793,14.013570,27.071207,40.944641,54.818075,68.691509,82.564943,,,,,,,,,,70.475000,65.380000,54.959583,50.060625,70.475000,80.019329,60.930671,75.247164,65.702836
2025-03-24,64.500000,2024-11-14,2024-09-30,0.490000,0.990000,65.151515,55.503889,14.030555,27.168352,41.058601,54.948850,68.839099,82.729348,,,,,,,,,,69.780000,65.766667,55.086250,50.158542,69.780000,78.909847,60.650153,74.344923,65.215077
2025-03-25,63.700000,2024-11-14,2024-09-30,0.490000,0.990000,64.343434,55.619251,14.045969,27.252039,41.157549,55.063058,68.968568,82.874077,,,,,,,,,,69.040000,66.131667,55.196250,50.255208,69.040000,77.573624,60.506376,73.306812,64.773188
2025-03-26,64.700000,2024-11-14,2024-09-30,0.490000,0.990000,65.353535,55.748864,14.063570,27.345506,41.268440,55.191375,69.114310,83.037244,,,,,,,,,,68.545000,66.518333,55.320417,50.354375,68.545000,76.866557,60.223443,72.705779,64.384221
2025-03-27,63.200000,2024-11-14,2024-09-30,0.490000,0.990000,63.838384,55.876267,14.067056,27.464733,41.391118,55.317504,69.243890,83.170276,,,,,,,,,,67.775000,66.877500,55.442500,50.448125,67.775000,74.950066,60.599934,71.362533,64.187467
2025-03-28,61.000000,2024-11-14,2024-09-30,0.490000,0.990000,61.616162,55.985152,14.060439,27.585632,41.505466,55.425300,69.345134,83.264968,,,,,,,,,,67.015000,67.196667,55.546250,50.534792,67.015000,73.630858,60.399142,70.322929,63.707071
2025-03-31,56.800000,2025-03-31,2024-12-31,0.180000,1.800000,31.555556,55.839781,14.222509,49.310572,74.911089,100.511606,126.112123,151.712640,,,,,,,,,,66.235000,67.448333,55.611250,50.601875,66.235000,73.789511,58.680489,70.012255,62.457745
2025-04-01,57.800000,2025-03-31,2024-12-31,0.180000,1.800000,32.111111,55.712790,14.366257,48.564498,74.423760,100.283023,126.142285,152.001548,,,,,,,,,,65.475000,67.705000,55.698333,50.675208,65.475000,73.219845,57.730155,69.347423,61.602577
2025-04-02,58.200000,2025-03-31,2024-12-31,0.180000,1.800000,32.333333,55.583485,14.506765,47.825920,73.938096,100.050273,126.162449,152.274625,,,,,,,,,,64.740000,67.941667,55.784583,50.750417,64.740000,72.305963,57.174037,68.522981,60.957019
2025-04-07,52.400000,2025-03-31,2024-12-31,0.180000,1.800000,29.111111,55.433994,14.686753,46.908879,73.345034,99.781189,126.217345,152.653500,,,,,,,,,,63.780000,68.008333,55.829167,50.784792,63.780000,72.469885,55.090115,68.124943,59.435057
2025-04-08,47.200000,2025-03-31,2024-12-31,0.180000,1.800000,26.222222,55.264179,14.905927,45.814186,72.644854,99.475523,126.306191,153.136860,,,,,,,,,,62.725000,67.979167,55.834167,50.791875,62.725000,73.878451,51.571549,68.301726,57.148274
2025-04-09,42.500000,2025-03-31,2024-12-31,0.180000,1.800000,23.611111,55.087605,15.154357,44.602005,71.879847,99.157689,126.435531,153.713374,,,,,,,,,,61.495000,67.861667,55.815000,50.772917,61.495000,75.641225,47.348775,68.568113,54.421887
2025-04-10,46.750000,2025-03-31,2024-12-31,0.180000,1.800000,25.972222,54.924874,15.361606,43.562991,71.213882,98.864773,126.515664,154.166555,,,,,,,,,,60.522500,67.820833,55.825417,50.773333,60.522500,75.925250,45.119750,68.223875,52.821125
2025-04-11,46.950000,2025-03-31,2024-12-31,0.180000,1.800000,26.083333,54.770152,15.558208,42.576723,70.581498,98.586273,126.591047,154.595822,,,,,,,,,,59.545000,67.771667,55.844583,50.781042,59.545000,75.807870,43.282130,67.676435,51.413565
2025-04-14,47.500000,2025-03-31,2024-12-31,0.180000,1.800000,26.388889,54.627559,15.739722,41.666607,69.998107,98.329606,126.661106,154.992605,,,,,,,,,,58.675000,67.650000,55.877917,50.789375,58.675000,75.580636,41.769364,67.127818,50.222182
2025-04-15,52.200000,2025-03-31,2024-12-31,0.180000,1.800000,29.000000,54.501726,15.884289,40.919666,69.511386,98.103106,126.694826,155.286546,,,,,,,,,,57.965000,67.540000,55.945417,50.824583,57.965000,74.696442,41.233558,66.330721,49.599279
2025-04-16,50.900000,2025-03-31,2024-12-31,0.180000,1.800000,28.277778,54.366540,16.038408,40.121504,68.990638,97.859773,126.728907,155.598041,,,,,,,,,,57.240000,67.311667,55.998750,50.847708,57.240000,73.871251,40.608749,65.555626,48.924374
2025-04-17,50.300000,2025-03-31,2024-12-31,0.180000,1.800000,27.944444,54.223161,16.197611,39.290291,68.445990,97.601689,126.757389,155.913088,,,,,,,,,,56.315000,67.043333,56.041667,50.863333,56.315000,72.283789,40.346211,64.299394,48.330606
2025-04-18,49.650000,2025-03-31,2024-12-31,0.180000,1.800000,27.583333,54.077189,16.358648,38.447805,67.893372,97.338939,126.784507,156.230074,,,,,,,,,,55.472500,66.797500,56.079583,50.878542,55.472500,70.949154,39.995846,63.210827,47.734173
2025-04-21,47.000000,2025-03-31,2024-12-31,0.180000,1.800000,26.111111,53.916031,16.538622,37.509816,67.279336,97.048856,126.818376,156.587896,,,,,,,,,,54.477500,66.522500,56.092500,50.892500,54.477500,69.409961,39.545039,61.943731,47.011269
2025-04-22,45.100000,2025-03-31,2024-12-31,0.180000,1.800000,25.055556,53.745244,16.730446,36.511832,66.626636,96.741439,126.856243,156.971047,,,,,,,,,,53.417500,66.124167,56.088750,50.898333,53.417500,67.816633,39.018367,60.617066,46.217934
2025-04-23,47.300000,2025-03-31,2024-12-31,0.180000,1.800000,26.277778,53.580476,16.903339,35.592837,66.018847,96.444856,126.870866,157.296875,,,,,,,,,,52.557500,65.814167,56.099167,50.909583,52.557500,66.204565,38.910435,59.381033,45.733967
2025-04-24,47.500000,2025-03-31,2024-12-31,0.180000,1.800000,26.388889,53.408716,17.074616,34.667071,65.401380,96.135689,126.869998,157.604308,,,,,,,,,,51.747500,65.480833,56.103333,50.921458,51.747500,64.503942,38.991058,58.125721,45.369279
2025-04-25,48.700000,2025-03-31,2024-12-31,0.180000,1.800000,27.055556,53.247096,17.232101,33.809210,64.826991,95.844773,126.862554,157.880336,,,,,,,,,,50.947500,65.207500,56.122083,50.943958,50.947500,62.202182,39.692818,56.574841,45.320159
2025-04-28,50.000000,2025-03-31,2024-12-31,0.180000,1.800000,27.777778,53.100244,17.374039,33.033898,64.307169,95.580439,126.853710,158.126981,,,,,,,,,,50.287500,64.850833,56.160417,50.971250,50.287500,59.952787,40.622213,55.120143,45.454857
2025-04-29,52.300000,2025-03-31,2024-12-31,0.180000,1.800000,29.055556,52.946540,17.505092,32.285442,63.794607,95.303773,126.812938,158.322104,,,,,,,,,,49.852500,64.600833,56.200417,51.006667,49.852500,58.178014,41.526986,54.015257,45.689743
2025-04-30,50.800000,2025-03-31,2024-12-31,0.180000,1.800000,28.222222,52.797559,17.639412,31.533722,63.284664,95.035606,126.786548,158.537490,,,,,,,,,,49.552500,64.324167,56.239583,51.031667,49.552500,57.231211,41.873789,53.391856,45.713144
2025-05-02,55.800000,2025-03-31,2024-12-31,0.180000,1.800000,31.000000,52.680059,17.737805,30.968007,62.896056,94.824106,126.752156,158.680205,,,,,,,,,,49.452500,64.144167,56.328750,51.079792,49.452500,56.720054,42.184946,53.086277,45.818723
2025-05-05,50.400000,2025-03-31,2024-12-31,0.180000,1.800000,28.000000,52.540059,17.866357,30.253223,62.412664,94.572106,126.731548,158.890990,,,,,,,,,,49.062500,63.822500,56.375417,51.106875,49.062500,55.083855,43.041145,52.073177,46.051823
2025-05-06,50.200000,2025-03-31,2024-12-31,0.180000,1.800000,27.888889,52.398300,17.994512,29.536694,61.926817,94.316939,126.707062,159.097184,,,,,,,,,,48.952500,63.477500,56.419583,51.132708,48.952500,54.794857,43.110143,51.873678,46.031322
2025-05-07,49.800000,2025-03-31,2024-12-31,0.180000,1.800000,27.666667,52.261355,18.120288,28.837402,61.453921,94.070439,126.686958,159.303477,,,,,,,,,,49.082500,63.009167,56.467083,51.157083,49.082500,54.876169,43.288831,51.979335,46.185665
2025-05-08,50.800000,2025-03-31,2024-12-31,0.180000,1.800000,28.222222,52.126540,18.239060,28.167156,60.997464,93.827773,126.658081,159.488389,,,,,,,,,,49.497500,62.534167,56.520417,51.187708,49.497500,54.431109,44.563891,51.964305,47.030695
2025-05-09,52.300000,2025-03-31,2024-12-31,0.180000,1.800000,29.055556,51.993670,18.349158,27.531639,60.560122,93.588606,126.617090,159.645574,,,,,,,,,,49.775000,62.064167,56.581250,51.225417,49.775000,54.682191,44.867809,52.228596,47.321404
2025-05-12,56.000000,2025-03-31,2024-12-31,0.180000,1.800000,31.111111,51.872929,18.439032,26.990756,60.181015,93.371273,126.561531,159.751789,,,,,,,,,,50.227500,61.655833,56.667917,51.282708,50.227500,55.676930,44.778070,52.952215,47.502785
2025-05-13,55.600000,2025-03-31,2024-12-31,0.180000,1.800000,30.888889,51.760753,18.525925,26.476027,59.822691,93.169356,126.516021,159.862685,,,,,,,,,,50.632500,61.164167,56.761667,51.338333,50.632500,56.421807,44.843193,53.527154,47.737846
2025-05-14,57.200000,2025-03-31,2024-12-31,0.180000,1.800000,31.777778,51.662235,18.600970,26.028531,59.510277,92.992023,126.473769,159.955514,,,,,,,,,,50.882500,60.785833,56.875000,51.402083,50.882500,57.349035,44.415965,54.115768,47.649232
2025-05-15,57.600000,2025-05-15,2025-03-31,0.310000,1.890000,30.476190,51.562870,18.682533,26.833849,62.143836,97.453824,132.763812,168.073799,,,,,,,,,,51.217500,60.450833,57.001667,51.465833,51.217500,58.347959,44.087041,54.782730,47.652270
2025-05-16,59.200000,2025-05-15,2025-03-31,0.310000,1.890000,31.322751,51.469726,18.755816,26.380799,61.829291,97.277782,132.726274,168.174766,,,,,,,,,,51.662500,60.129167,57.140833,51.538125,51.662500,59.615313,43.709687,55.638907,47.686093
2025-05-19,58.400000,2025-05-15,2025-03-31,0.310000,1.890000,30.899471,51.377474,18.830013,25.925977,61.514701,97.103426,132.692151,168.280876,,,,,,,,,,52.100000,59.769167,57.281250,51.608958,52.100000,60.534765,43.665235,56.317383,47.882617
2025-05-20,57.000000,2025-05-15,2025-03-31,0.310000,1.890000,30.158730,51.273157,18.913111,25.414709,61.160488,96.906267,132.652046,168.397825,,,,,,,,,,52.600000,59.389167,57.404167,51.671875,52.600000,60.946950,44.253050,56.773475,48.426525
2025-05-21,57.500000,2025-05-15,2025-03-31,0.310000,1.890000,30.423280,51.177358,18.989848,24.943582,60.834394,96.725206,132.616019,168.506831,,,,,,,,,,53.220000,59.037500,57.537500,51.731875,53.220000,61.047240,45.392760,57.133620,49.306380
2025-05-22,61.100000,2025-05-15,2025-03-31,0.310000,1.890000,32.328042,51.091119,19.052173,24.545002,60.553608,96.562214,132.570820,168.579426,,,,,,,,,,53.910000,58.749167,57.694583,51.811042,53.910000,61.969489,45.850511,57.939745,49.880255
2025-05-23,62.000000,2025-05-15,2025-03-31,0.310000,1.890000,32.804233,51.015161,19.107138,24.193674,60.306163,96.418653,132.531143,168.643633,,,,,,,,,,54.635000,58.474167,57.865417,51.894792,54.635000,62.873363,46.396637,58.754182,50.515818
2025-05-26,62.000000,2025-05-15,2025-03-31,0.310000,1.890000,32.804233,50.935836,19.163203,23.831821,60.050275,96.268729,132.487183,168.705638,,,,,,,,,,55.300000,58.264167,58.032917,51.976667,55.300000,63.667355,46.932645,59.483678,51.116322
2025-05-27,60.000000,2025-05-15,2025-03-31,0.310000,1.890000,31.746032,50.846850,19.227743,23.419679,59.760113,96.100547,132.440982,168.781416,,,,,,,,,,55.800000,57.954167,58.182917,52.047500,55.800000,64.027809,47.572191,59.913905,51.686095
2025-05-28,58.600000,2025-05-15,2025-03-31,0.310000,1.890000,31.005291,50.748326,19.299334,22.962852,59.438594,95.914335,132.390077,168.865818,,,,,,,,,,56.115000,57.660833,58.317917,52.112083,56.115000,64.260590,47.969410,60.187795,52.042205
2025-05-29,59.300000,2025-05-15,2025-03-31,0.310000,1.890000,31.375661,50.650362,19.368037,22.518005,59.123594,95.729184,132.334773,168.940363,,,,,,,,,,56.540000,57.442500,58.456250,52.182708,56.540000,64.399932,48.680068,60.469966,52.610034
2025-06-02,57.500000,2025-05-15,2025-03-31,0.310000,1.890000,30.423280,50.546145,19.443432,22.036042,58.784128,95.532214,132.280300,169.028386,,,,,,,,,,56.625000,57.184167,58.581250,52.246042,56.625000,64.488005,48.761995,60.556502,52.693498
2025-06-03,59.900000,2025-05-15,2025-03-31,0.310000,1.890000,31.693122,50.459665,19.504428,21.642029,58.505398,95.368767,132.232136,169.095506,,,,,,,,,,57.100000,56.967500,58.733333,52.319167,57.100000,64.514637,49.685363,60.807319,53.392681
2025-06-04,59.800000,2025-05-15,2025-03-31,0.310000,1.890000,31.640212,50.368536,19.567020,21.233198,58.214865,95.196532,132.178199,169.159867,,,,,,,,,,57.580000,56.770833,58.880417,52.391875,57.580000,64.326726,50.833274,60.953363,54.206637
2025-06-05,58.400000,2025-05-15,2025-03-31,0.310000,1.890000,30.899471,50.274179,19.633819,20.802362,57.910280,95.018199,132.126117,169.234036,,,,,,,,,,58.010000,56.605833,59.018750,52.461458,58.010000,63.679085,52.340915,60.844543,55.175457
2025-06-06,57.200000,2025-05-15,2025-03-31,0.310000,1.890000,30.264550,50.170323,19.706901,20.329825,57.575868,94.821911,132.067954,169.313997,,,,,,,,,,58.330000,56.440833,59.142917,52.529792,58.330000,62.901813,53.758187,60.615906,56.044094
2025-06-09,57.500000,2025-05-15,2025-03-31,0.310000,1.890000,30.423280,50.058952,19.780899,19.839619,57.225519,94.611419,131.997318,169.383218,,,,,,,,,,58.590000,56.295833,59.260833,52.596458,58.590000,62.210352,54.969648,60.400176,56.779824
2025-06-10,58.500000,2025-05-15,2025-03-31,0.310000,1.890000,30.952381,49.954935,19.848728,19.386634,56.900731,94.414828,131.928924,169.443021,,,,,,,,,,58.715000,56.162500,59.390000,52.670000,58.715000,62.125371,55.304629,60.420186,57.009814
2025-06-11,58.700000,2025-05-15,2025-03-31,0.310000,1.890000,31.058201,49.847171,19.916376,18.927252,56.569203,94.211153,131.853104,169.495055,,,,,,,,,,58.870000,56.059167,59.516250,52.741042,58.870000,61.950055,55.789945,60.410027,57.329973
2025-06-12,60.600000,2025-05-15,2025-03-31,0.310000,1.890000,32.063492,49.750731,19.974637,18.524751,56.276816,94.028881,131.780946,169.533010,,,,,,,,,,59.040000,55.962500,59.661250,52.819792,59.040000,62.107246,55.972754,60.573623,57.506377
2025-06-13,57.700000,2025-05-15,2025-03-31,0.310000,1.890000,30.529101,49.636453,20.045518,18.040837,55.926866,93.812896,131.698925,169.584955,,,,,,,,,,59.045000,55.834167,59.777083,52.884167,59.045000,62.102674,55.987326,60.573837,57.516163
2025-06-16,58.400000,2025-05-15,2025-03-31,0.310000,1.890000,30.899471,49.526524,20.112245,17.580845,55.592988,93.605131,131.617273,169.629416,,,,,,,,,,59.005000,55.660833,59.900000,52.951875,59.005000,62.075042,55.934958,60.540021,57.469979
2025-06-17,59.700000,2025-05-15,2025-03-31,0.310000,1.890000,31.587302,49.430324,20.170615,17.178388,55.300850,93.423312,131.545775,169.668237,,,,,,,,,,59.070000,55.547500,60.041667,53.026250,59.070000,62.141156,55.998844,60.605578,57.534422
2025-06-18,61.700000,2025-05-15,2025-03-31,0.310000,1.890000,32.645503,49.351360,20.217961,16.850176,55.062123,93.274070,131.486017,169.697965,,,,,,,,,,59.305000,55.460833,60.208333,53.107708,59.305000,62.428072,56.181928,60.866536,57.743464
2025-06-19,61.000000,2025-05-15,2025-03-31,0.310000,1.890000,32.275132,49.276464,20.264770,16.531687,54.832102,93.132517,131.432932,169.733347,,,,,,,,,,59.480000,55.372500,60.376250,53.185625,59.480000,62.569268,56.390732,61.024634,57.935366
2025-06-20,59.900000,2025-05-15,2025-03-31,0.310000,1.890000,31.693122,49.192930,20.316785,16.177189,54.575914,92.974638,131.373363,169.772087,,,,,,,,,,59.420000,55.295833,60.531250,53.258125,59.420000,62.422175,56.417825,60.921087,57.918913
2025-06-23,58.700000,2025-05-15,2025-03-31,0.310000,1.890000,31.058201,49.099897,20.374453,15.783374,54.291090,92.798805,131.306520,169.814235,,,,,,,,,,59.255000,55.212500,60.672083,53.326458,59.255000,62.012936,56.497064,60.633968,57.876032
2025-06-24,61.100000,2025-05-15,2025-03-31,0.310000,1.890000,32.328042,49.019971,20.421616,15.454036,54.050890,92.647744,131.244599,169.841453,,,,,,,,,,59.210000,55.152500,60.835417,53.404375,59.210000,61.803839,56.616161,60.506919,57.913081
2025-06-25,61.000000,2025-05-15,2025-03-31,0.310000,1.890000,32.275132,48.938341,20.469149,15.120079,53.806772,92.493464,131.180156,169.866849,,,,,,,,,,59.260000,55.115833,60.996667,53.482708,59.260000,61.954556,56.565444,60.607278,57.912722
2025-06-26,59.200000,2025-05-15,2025-03-31,0.310000,1.890000,31.322751,48.847091,20.523449,14.742365,53.531683,92.321002,131.110320,169.899639,,,,,,,,,,59.290000,55.085833,61.141250,53.555417,59.290000,61.966919,56.613081,60.628459,57.951541
2025-06-27,60.400000,2025-05-15,2025-03-31,0.310000,1.890000,31.957672,48.762395,20.572352,14.397437,53.279181,92.160926,131.042671,169.924416,,,,,,,,,,59.345000,55.145833,61.297083,53.632083,59.345000,62.067596,56.622404,60.706298,57.983702
2025-06-30,62.500000,2025-05-15,2025-03-31,0.310000,1.890000,33.068783,48.681066,20.615255,14.081551,53.044382,92.007214,130.970046,169.932877,,,,,,,,,,59.595000,55.224167,61.464583,53.717917,59.595000,62.515328,56.674672,61.055164,58.134836
2025-07-01,63.200000,2025-05-15,2025-03-31,0.310000,1.890000,33.439153,48.589355,20.658694,13.744016,52.788948,91.833881,130.878813,169.923745,,,,,,,,,,59.760000,55.307500,61.624583,53.806042,59.760000,63.096181,56.423819,61.428091,58.091909
2025-07-02,62.000000,2025-05-15,2025-03-31,0.310000,1.890000,32.804233,48.455316,20.708854,13.301078,52.440813,91.580547,130.720282,169.860017,,,,,,,,,,59.870000,55.467500,61.737917,53.881042,59.870000,63.353555,56.386445,61.611778,58.128222
2025-07-03,61.400000,2025-05-15,2025-03-31,0.310000,1.890000,32.486772,48.314002,20.759843,12.841256,52.077360,91.313464,130.549568,169.785672,,,,,,,,,,60.020000,55.704167,61.841667,53.951667,60.020000,63.495387,56.544613,61.757694,58.282306
2025-07-04,59.000000,2025-05-15,2025-03-31,0.310000,1.890000,31.216931,48.157056,20.817716,12.325868,51.671352,91.016835,130.362319,169.707802,,,,,,,,,,60.110000,55.979167,61.920417,54.007292,60.110000,63.364082,56.855918,61.737041,58.482959
2025-07-07,57.700000,2025-05-15,2025-03-31,0.310000,1.890000,30.529101,47.997323,20.879247,11.791388,51.253165,90.714941,130.176718,169.638494,,,,,,,,,,60.120000,56.161667,61.991250,54.060208,60.120000,63.341376,56.898624,61.730688,58.509312
2025-07-08,57.400000,2025-05-15,2025-03-31,0.310000,1.890000,30.370370,47.830376,20.939847,11.246791,50.823101,90.399411,129.975721,169.552031,,,,,,,,,,60.065000,56.335833,62.053750,54.115833,60.065000,63.436881,56.693119,61.750940,58.379060
2025-07-09,59.500000,2025-05-15,2025-03-31,0.310000,1.890000,31.481481,47.631442,20.981129,10.714760,50.369093,90.023426,129.677759,169.332092,,,,,,,,,,60.105000,56.535833,62.092917,54.173125,60.105000,63.427317,56.782683,61.766158,58.443842
2025-07-10,58.000000,2025-05-15,2025-03-31,0.310000,1.890000,30.687831,47.392225,21.009519,10.155324,49.863314,89.571305,129.279295,168.987286,,,,,,,,,,59.975000,56.632500,62.086250,54.223125,59.975000,63.417077,56.532923,61.696039,58.253961
2025-07-11,57.900000,2025-05-15,2025-03-31,0.310000,1.890000,30.634921,47.103745,20.999883,9.646519,49.336298,89.026078,128.715857,168.405636,,,,,,,,,,59.985000,56.749167,62.030417,54.269792,59.985000,63.400306,56.569694,61.692653,58.277347
2025-07-14,57.300000,2025-05-15,2025-03-31,0.310000,1.890000,30.317460,46.797468,20.974226,9.164641,48.805927,88.447214,128.088501,167.729787,,,,,,,,,,59.930000,56.865833,61.954583,54.311875,59.930000,63.485337,56.374663,61.707668,58.152332
2025-07-15,58.700000,2025-05-15,2025-03-31,0.310000,1.890000,31.058201,46.514199,20.955170,8.701291,48.306563,87.911835,127.517107,167.122380,,,,,,,,,,59.880000,57.016667,61.907083,54.362917,59.880000,63.476841,56.283159,61.678420,58.081580
2025-07-16,58.900000,2025-05-15,2025-03-31,0.310000,1.890000,31.164021,46.239387,20.938290,8.245704,47.819073,87.392441,126.965810,166.539179,,,,,,,,,,59.740000,57.215000,61.868750,54.415625,59.740000,63.255619,56.224381,61.497810,57.982190
2025-07-17,60.000000,2025-05-15,2025-03-31,0.310000,1.890000,31.746032,45.923129,20.867494,7.915586,47.355150,86.794714,126.234278,165.673842,,,,,,,,,,59.690000,57.463333,61.793750,54.474583,59.690000,63.158292,56.221708,61.424146,57.955854
2025-07-18,59.500000,2025-05-15,2025-03-31,0.310000,1.890000,31.481481,45.630761,20.821574,7.536589,46.889364,86.242138,125.594913,164.947687,,,,,,,,,,59.670000,57.666667,61.740417,54.537708,59.670000,63.137807,56.202193,61.403903,57.936097
2025-07-21,59.000000,2025-05-15,2025-03-31,0.310000,1.890000,31.216931,45.322720,20.758482,7.192878,46.426410,85.659941,124.893473,164.127005,,,,,,,,,,59.685000,57.858333,61.669583,54.603750,59.685000,63.137703,56.232297,61.411351,57.958649
2025-07-22,60.600000,2025-05-15,2025-03-31,0.310000,1.890000,32.063492,45.041936,20.707568,6.854654,45.991957,85.129259,124.266562,163.403865,,,,,,,,,,59.660000,58.056667,61.632083,54.677708,59.660000,63.076616,56.243384,61.368308,57.951692
2025-07-23,61.400000,2025-05-15,2025-03-31,0.310000,1.890000,32.486772,44.711649,20.587761,6.683280,45.594148,84.505017,123.415886,162.326754,,,,,,,,,,59.680000,58.246667,61.548750,54.759375,59.680000,63.134120,56.225880,61.407060,57.952940
2025-07-24,60.800000,2025-05-15,2025-03-31,0.310000,1.890000,32.169312,44.413229,20.507033,6.424417,45.182709,83.941002,122.699294,161.457587,,,,,,,,,,59.760000,58.388333,61.494583,54.845000,59.760000,63.241319,56.278681,61.500659,58.019341
2025-07-25,59.500000,2025-05-15,2025-03-31,0.310000,1.890000,31.481481,44.108234,20.424072,6.161570,44.763066,83.364563,121.966059,160.567555,,,,,,,,,,59.715000,58.533333,61.428750,54.920000,59.715000,63.184734,56.245266,61.449867,57.980133
2025-07-28,60.300000,2025-05-15,2025-03-31,0.310000,1.890000,31.904762,43.813501,20.342011,5.914717,44.361117,82.807517,121.253917,159.700317,,,,,,,,,,59.605000,58.608333,61.376250,54.998750,59.605000,62.834127,56.375873,61.219564,57.990436
2025-07-29,61.500000,2025-05-15,2025-03-31,0.310000,1.890000,32.539683,43.497965,20.219382,5.781890,43.996522,82.211153,120.425785,158.640417,,,,,,,,,,59.520000,58.793333,61.307917,55.065417,59.520000,62.423791,56.616209,60.971895,58.068105
2025-07-30,62.300000,2025-05-15,2025-03-31,0.310000,1.890000,32.962963,43.175855,20.075046,5.718693,43.660529,81.602366,119.544202,157.486038,,,,,,,,,,59.535000,58.995000,61.236250,55.144583,59.535000,62.495281,56.574719,61.015140,58.054860
2025-07-31,62.800000,2025-05-15,2025-03-31,0.310000,1.890000,33.227513,42.797027,19.826687,5.941504,43.413943,80.886381,118.358819,155.831257,,,,,,,,,,59.605000,59.211667,61.110417,55.243750,59.605000,62.807285,56.402715,61.206143,58.003857
2025-08-01,69.000000,2025-05-15,2025-03-31,0.310000,1.890000,36.507937,42.433751,19.534656,6.358789,43.279289,80.199790,117.120290,154.040791,,,,,,,,,,60.105000,59.515000,61.024583,55.373750,60.105000,65.368769,54.841231,62.736884,57.473116
2025-08-04,71.900000,2025-05-15,2025-03-31,0.310000,1.890000,38.042328,42.073161,19.207581,6.913619,43.215947,79.518275,115.820602,152.122930,,,,,,,,,,60.815000,59.841667,60.952917,55.507083,60.815000,68.140018,53.489982,64.477509,57.152491
2025-08-05,72.300000,2025-05-15,2025-03-31,0.310000,1.890000,38.253968,41.714335,18.867554,7.520737,43.180415,78.840093,114.499771,150.159449,,,,,,,,,,61.560000,60.113333,60.884583,55.643750,61.560000,70.314043,52.805957,65.937021,57.182979
2025-08-06,71.200000,2025-05-15,2025-03-31,0.310000,1.890000,37.671958,41.311938,18.425739,8.430269,43.254916,78.079562,112.904209,147.728856,,,,,,,,,,62.145000,60.373333,60.768750,55.759375,62.145000,71.833295,52.456705,66.989147,57.300853
2025-08-07,70.100000,2025-05-15,2025-03-31,0.310000,1.890000,37.089947,40.948462,18.068830,9.092416,43.242505,77.392593,111.542681,145.692769,,,,,,,,,,62.750000,60.588333,60.687083,55.874792,62.750000,72.850860,52.649140,67.800430,57.699570
2025-08-08,69.900000,2025-05-15,2025-03-31,0.310000,1.890000,36.984127,40.602622,17.738486,9.687478,43.213217,76.738956,110.264695,143.790434,,,,,,,,,,63.350000,60.793333,60.622083,55.990208,63.350000,73.661261,53.038739,68.505631,58.194369
2025-08-11,70.300000,2025-05-15,2025-03-31,0.310000,1.890000,37.195767,40.251813,17.379528,10.381309,43.228618,76.075926,108.923234,141.770543,,,,,,,,,,64.000000,60.978333,60.553750,56.089792,64.000000,74.344386,53.655614,69.172193,58.827807
2025-08-12,69.400000,2025-05-15,2025-03-31,0.310000,1.890000,36.719577,39.884409,16.976301,11.211115,43.296324,75.381532,107.466741,139.551949,,,,,,,,,,64.535000,61.161667,60.465417,56.173125,64.535000,74.831913,54.238087,69.683457,59.386543
2025-08-13,71.800000,2025-05-15,2025-03-31,0.310000,1.890000,37.989418,39.529270,16.557865,12.121592,43.415956,74.710320,106.004684,137.299048,,,,,,,,,,65.180000,61.408333,60.398750,56.246042,65.180000,75.606000,54.754000,70.393000,59.967000
2025-08-14,72.400000,2025-08-14,2025-06-30,0.160000,1.140000,63.508772,39.396893,16.297936,7.753164,26.332811,44.912459,63.492106,82.071753,,,,,,,,,,65.800000,61.656667,60.347083,56.311042,65.800000,76.402284,55.197716,71.101142,60.498858
2025-08-15,74.000000,2025-08-14,2025-06-30,0.160000,1.140000,64.912281,39.277896,16.055261,8.170807,26.473805,44.776802,63.079799,81.382797,,,,,,,,,,66.525000,61.871667,60.310417,56.379792,66.525000,77.295110,55.754890,71.910055,61.139945
2025-08-18,74.600000,2025-08-14,2025-06-30,0.160000,1.140000,65.438596,39.162444,15.813083,8.591357,26.618272,44.645186,62.672100,80.699014,,,,,,,,,,67.305000,62.081667,60.277917,56.443958,67.305000,78.039985,56.570015,72.672492,61.937508
2025-08-19,75.900000,2025-08-14,2025-06-30,0.160000,1.140000,66.578947,39.089322,15.663908,8.848117,26.704972,44.561827,62.418683,80.275538,,,,,,,,,,68.070000,62.313333,60.288750,56.526875,68.070000,78.972457,57.167543,73.521229,62.618771
2025-08-20,74.700000,2025-08-14,2025-06-30,0.160000,1.140000,65.526316,38.973759,15.413203,9.287981,26.859033,44.430085,62.001137,79.572189,,,,,,,,,,68.735000,62.558333,60.256250,56.590625,68.735000,79.546548,57.923452,74.140774,63.329226
2025-08-21,77.600000,2025-08-14,2025-06-30,0.160000,1.140000,68.070175,38.899596,15.249385,9.576942,26.961241,44.345539,61.729838,79.114136,,,,,,,,,,69.575000,62.875000,60.267917,56.677292,69.575000,80.401259,58.748741,74.988130,64.161870
2025-08-22,75.700000,2025-08-14,2025-06-30,0.160000,1.140000,66.403509,38.843531,15.134407,9.775178,27.028402,44.281625,61.534849,78.788073,,,,,,,,,,70.385000,63.148333,60.295417,56.746042,70.385000,80.433572,60.336428,75.409286,65.360714
2025-08-25,76.500000,2025-08-14,2025-06-30,0.160000,1.140000,67.105263,38.788263,15.017570,9.978561,27.098591,44.218620,61.338650,78.458679,,,,,,,,,,71.195000,63.465000,60.324583,56.819375,71.195000,80.396710,61.993290,75.795855,66.594145
2025-08-26,75.100000,2025-08-14,2025-06-30,0.160000,1.140000,65.877193,38.723604,14.882362,10.213123,27.179016,44.144908,61.110801,78.076693,,,,,,,,,,71.875000,63.718333,60.342917,56.886458,71.875000,80.008071,63.741929,75.941535,67.808465
2025-08-27,75.700000,2025-08-14,2025-06-30,0.160000,1.140000,66.403509,38.674273,14.779508,10.391393,27.240032,44.088671,60.937310,77.785949,,,,,,,,,,72.545000,63.983333,60.377083,56.956458,72.545000,79.475778,65.614222,76.010389,69.079611
2025-08-28,73.800000,2025-08-14,2025-06-30,0.160000,1.140000,64.736842,38.638830,14.711140,10.506868,27.277567,44.048267,60.818966,77.589665,,,,,,,,,,73.095000,64.240000,60.422917,57.030625,73.095000,78.300857,67.889143,75.697929,70.492071
2025-08-29,74.000000,2025-08-14,2025-06-30,0.160000,1.140000,64.912281,38.614951,14.665699,10.583250,27.302147,44.021044,60.739942,77.458839,,,,,,,,,,73.345000,64.520000,60.480417,57.106042,73.345000,78.190606,68.499394,75.767803,70.922197
2025-09-01,76.300000,2025-08-14,2025-06-30,0.160000,1.140000,66.929825,38.615461,14.666690,10.581572,27.301598,44.021625,60.741652,77.461679,,,,,,,,,,73.565000,64.833333,60.564583,57.208542,73.565000,78.532378,68.597622,76.048689,71.081311
2025-09-02,77.300000,2025-08-14,2025-06-30,0.160000,1.140000,67.807018,38.620755,14.677196,10.563655,27.295658,44.027661,60.759664,77.491666,,,,,,,,,,73.815000,65.146667,60.654583,57.317708,73.815000,79.012277,68.617723,76.413638,71.216362
2025-09-03,80.100000,2025-08-14,2025-06-30,0.160000,1.140000,70.263158,38.659985,14.755874,10.428990,27.250687,44.072383,60.894079,77.715775,,,,,,,,,,74.260000,65.503333,60.781250,57.436875,74.260000,80.009288,68.510712,77.134644,71.385356
2025-09-04,77.000000,2025-08-14,2025-06-30,0.160000,1.140000,67.543860,38.663928,14.763591,10.415891,27.246385,44.076878,60.907371,77.737864,,,,,,,,,,74.605000,65.776667,60.869583,57.540208,74.605000,80.126813,69.083187,77.365907,71.844093
2025-09-05,76.400000,2025-08-14,2025-06-30,0.160000,1.140000,67.017544,38.671902,14.778764,10.390387,27.238178,44.085969,60.933759,77.781550,,,,,,,,,,74.930000,66.088333,60.961250,57.662708,74.930000,80.035250,69.824750,77.482625,72.377375
2025-09-08,72.200000,2025-08-14,2025-06-30,0.160000,1.140000,63.333333,38.620556,14.681155,10.554400,27.290917,44.027433,60.763950,77.500466,,,,,,,,,,75.025000,66.318333,60.989583,57.764583,75.025000,79.829329,70.220671,77.427165,72.622835
2025-09-09,70.500000,2025-08-14,2025-06-30,0.160000,1.140000,61.842105,38.576142,14.601904,10.684462,27.330632,43.976802,60.622972,77.269142,,,,,,,,,,75.080000,66.498333,61.022917,57.854583,75.080000,79.631738,70.528262,77.355869,72.804131
2025-09-10,71.400000,2025-08-14,2025-06-30,0.160000,1.140000,62.631579,38.534941,14.526168,10.810169,27.370001,43.929832,60.489664,77.049496,,,,,,,,,,75.060000,66.660000,61.060417,57.942500,75.060000,79.675489,70.444511,77.367744,72.752256
2025-09-11,69.800000,2025-08-14,2025-06-30,0.160000,1.140000,61.228070,38.487094,14.440927,10.949972,27.412630,43.875287,60.337944,76.800602,,,,,,,,,,74.930000,66.806667,61.089583,58.024583,74.930000,79.986356,69.873644,77.458178,72.401822
2025-09-12,69.400000,2025-08-14,2025-06-30,0.160000,1.140000,60.877193,38.451474,14.379747,11.048857,27.441769,43.834681,60.227593,76.620505,,,,,,,,,,74.700000,66.965000,61.130417,58.108333,74.700000,80.321388,69.078612,77.510694,71.889306
2025-09-15,67.900000,2025-08-14,2025-06-30,0.160000,1.140000,59.561404,38.411624,14.313866,11.153637,27.471444,43.789252,60.107059,76.424866,,,,,,,,,,74.365000,67.118333,61.165417,58.180833,74.365000,80.757191,67.972809,77.561095,71.168905
2025-09-16,70.600000,2025-08-14,2025-06-30,0.160000,1.140000,61.929825,38.383093,14.263035,11.237007,27.496867,43.756726,60.016586,76.276446,,,,,,,,,,74.100000,67.276667,61.214583,58.267500,74.100000,80.661450,67.538550,77.380725,70.819275
2025-09-17,73.200000,2025-08-14,2025-06-30,0.160000,1.140000,64.210526,38.386194,14.268655,11.227727,27.493994,43.760262,60.026529,76.292796,,,,,,,,,,74.025000,67.480000,61.297917,58.370208,74.025000,80.591863,67.458137,77.308431,70.741569
2025-09-18,71.100000,2025-08-14,2025-06-30,0.160000,1.140000,62.368421,38.392463,14.279108,11.211041,27.489224,43.767408,60.045592,76.323775,,,,,,,,,,73.700000,67.678333,61.382083,58.464167,73.700000,80.164478,67.235522,76.932239,70.467761
2025-09-19,71.900000,2025-08-14,2025-06-30,0.160000,1.140000,63.070175,38.655085,14.441196,11.140870,27.603833,44.066797,60.529761,76.992724,,,,,,,,,,73.510000,67.870000,61.507917,58.559583,73.510000,79.950301,67.069699,76.730150,70.289850
2025-09-22,72.600000,2025-08-14,2025-06-30,0.160000,1.140000,63.684211,38.918194,14.607629,11.061347,27.714044,44.366741,61.019438,77.672135,,,,,,,,,,73.315000,68.038333,61.631250,58.664792,73.315000,79.608614,67.021386,76.461807,70.168193
2025-09-23,73.100000,2025-08-14,2025-06-30,0.160000,1.140000,64.122807,39.183106,14.774509,10.982862,27.825802,44.668741,61.511681,78.354621,,,,,,,,,,73.215000,68.203333,61.755417,58.770000,73.215000,79.452501,66.977499,76.333751,70.096249
2025-09-24,72.200000,2025-08-14,2025-06-30,0.160000,1.140000,63.333333,39.468292,14.908143,11.003286,27.998569,44.993853,61.989136,78.984419,,,,,,,,,,73.040000,68.373333,61.920417,58.874792,73.040000,79.179570,66.900430,76.109785,69.970215
2025-09-25,70.400000,2025-08-14,2025-06-30,0.160000,1.140000,61.754386,39.764393,14.995452,11.141778,28.236593,45.331408,62.426223,79.521038,,,,,,,,,,72.870000,68.523333,62.113750,58.973958,72.870000,79.108455,66.631545,75.989227,69.750773
2025-09-26,67.800000,2025-08-14,2025-06-30,0.160000,1.140000,59.473684,40.063248,15.028146,11.407929,28.540016,45.672103,62.804189,79.936276,,,,,,,,,,72.560000,68.670000,62.324583,59.069792,72.560000,79.167301,65.952699,75.863650,69.256350
2025-09-30,68.900000,2025-08-14,2025-06-30,0.160000,1.140000,60.438596,40.350468,15.085826,11.603851,28.801692,45.999533,63.197374,80.395216,,,,,,,,,,72.190000,68.856667,62.509167,59.167292,72.190000,78.744035,65.635965,75.467017,68.912983
2025-10-01,68.500000,2025-08-14,2025-06-30,0.160000,1.140000,60.087719,40.633837,15.134869,11.815074,29.068824,46.322575,63.576325,80.830076,,,,,,,,,,71.750000,69.041667,62.688750,59.266667,71.750000,78.035656,65.464344,74.892828,68.607172
2025-10-02,67.600000,2025-08-14,2025-06-30,0.160000,1.140000,59.298246,40.908082,15.172693,12.041474,29.338344,46.635214,63.932084,81.228953,,,,,,,,,,71.125000,69.176667,62.856250,59.367083,71.125000,76.303041,65.946959,73.714020,68.535980
2025-10-03,65.800000,2025-08-14,2025-06-30,0.160000,1.140000,57.719298,41.147410,15.209739,12.229842,29.568944,46.908047,64.247150,81.586252,,,,,,,,,,70.565000,69.306667,62.969583,59.457500,70.565000,75.483825,65.646175,73.024413,68.105587
2025-10-07,66.300000,2025-08-14,2025-06-30,0.160000,1.140000,58.157895,41.396411,15.241830,12.440535,29.816222,47.191908,64.567594,81.943281,,,,,,,,,,70.060000,69.446667,63.097917,59.548333,70.060000,74.507779,65.612221,72.283889,67.836111
2025-10-08,64.900000,2025-08-14,2025-06-30,0.160000,1.140000,56.929825,41.637955,15.256524,12.682393,30.074831,47.467269,64.859707,82.252145,,,,,,,,,,69.695000,69.573333,63.219583,59.630625,69.695000,74.579982,64.810018,72.137491,67.252509
2025-10-09,64.300000,2025-08-14,2025-06-30,0.160000,1.140000,56.403509,41.878124,15.260261,12.947667,30.344364,47.741061,65.137758,82.534455,,,,,,,,,,69.385000,69.666667,63.341667,59.710625,69.385000,74.811747,63.958253,72.098373,66.671627
2025-10-13,61.800000,2025-08-14,2025-06-30,0.160000,1.140000,54.210526,42.112285,15.231850,13.279388,30.643697,48.008005,65.372314,82.736623,,,,,,,,,,68.905000,69.715000,63.465000,59.778750,68.905000,75.208708,62.601292,72.056854,65.753146
2025-10-14,60.500000,2025-08-14,2025-06-30,0.160000,1.140000,53.070175,42.345741,15.182836,13.657278,30.965711,48.274144,65.582578,82.891011,,,,,,,,,,68.440000,69.723333,63.593333,59.841042,68.440000,75.756427,61.123573,72.098214,64.781786
2025-10-15,61.200000,2025-08-14,2025-06-30,0.160000,1.140000,53.684211,42.574127,15.145187,14.003479,31.268992,48.534505,65.800018,83.065531,,,,,,,,,,68.030000,69.751667,63.709167,59.904167,68.030000,76.008946,60.051054,72.019473,64.040527
2025-10-16,60.900000,2025-08-14,2025-06-30,0.160000,1.140000,53.421053,42.799395,15.103405,14.355546,31.573429,48.791311,66.009193,83.227075,,,,,,,,,,67.680000,69.783333,63.820833,59.962083,67.680000,76.273412,59.086588,71.976706,63.383294
2025-10-17,59.900000,2025-08-14,2025-06-30,0.160000,1.140000,52.543860,43.011798,15.059295,14.698257,31.865853,49.033450,66.201046,83.368643,,,,,,,,,,67.145000,69.771667,63.914167,60.018125,67.145000,76.287722,58.002278,71.716361,62.573639
2025-10-20,60.200000,2025-08-14,2025-06-30,0.160000,1.140000,52.807018,43.220375,15.019806,15.026071,32.148649,49.271228,66.393806,83.516384,,,,,,,,,,66.495000,69.751667,63.999167,60.079792,66.495000,75.673573,57.316427,71.084287,61.905713
2025-10-21,61.000000,2025-08-14,2025-06-30,0.160000,1.140000,53.508772,43.424152,14.991869,15.322073,32.412803,49.503533,66.594263,83.684993,,,,,,,,,,65.990000,69.755000,64.071667,60.136042,65.990000,75.213060,56.766940,70.601530,61.378470
2025-10-22,61.700000,2025-08-14,2025-06-30,0.160000,1.140000,54.122807,43.639990,14.957573,15.646321,32.697955,49.749589,66.801222,83.852856,,,,,,,,,,65.480000,69.791667,64.162500,60.201042,65.480000,74.451675,56.508325,69.965837,60.994163
2025-10-23,59.900000,2025-08-14,2025-06-30,0.160000,1.140000,52.543860,43.819522,14.933858,15.905060,32.929657,49.954255,66.978853,84.003451,,,,,,,,,,64.845000,69.785000,64.196667,60.262708,64.845000,73.486509,56.203491,69.165755,60.524245
2025-10-27,60.700000,2025-08-14,2025-06-30,0.160000,1.140000,53.245614,44.029902,14.886878,16.252008,33.223048,50.194089,67.165129,84.136169,,,,,,,,,,64.225000,69.771667,64.282500,60.328958,64.225000,72.119802,56.330198,68.172401,60.277599
2025-10-28,60.200000,2025-08-14,2025-06-30,0.160000,1.140000,52.807018,44.237553,14.833532,16.610358,33.520584,50.430811,67.341037,84.251264,,,,,,,,,,63.625000,69.736667,64.365833,60.392708,63.625000,70.754738,56.495262,67.189869,60.060131
2025-10-29,60.500000,2025-08-14,2025-06-30,0.160000,1.140000,53.070175,44.449249,14.776216,16.982372,33.827258,50.672144,67.517030,84.361916,,,,,,,,,,63.130000,69.698333,64.455000,60.461042,63.130000,69.625699,56.634301,66.377849,59.882151
2025-10-30,59.400000,2025-08-14,2025-06-30,0.160000,1.140000,52.105263,44.648275,14.716536,17.345332,34.122182,50.899033,67.675884,84.452735,,,,,,,,,,62.710000,69.538333,64.526667,60.523542,62.710000,69.017856,56.402144,65.863928,59.556072
2025-10-31,60.600000,2025-08-14,2025-06-30,0.160000,1.140000,53.157895,44.849127,14.666326,17.688781,34.408393,51.128005,67.847617,84.567229,,,,,,,,,,62.295000,69.350000,64.595833,60.588542,62.295000,67.946073,56.643927,65.120537,59.469463
2025-11-03,60.700000,2025-08-14,2025-06-30,0.160000,1.140000,53.245614,45.033582,14.631243,17.979049,34.658666,51.338283,68.017900,84.697517,,,,,,,,,,61.905000,69.156667,64.635000,60.651458,61.905000,66.775740,57.034260,64.340370,59.469630
2025-11-04,59.000000,2025-08-14,2025-06-30,0.160000,1.140000,51.754386,45.207461,14.585646,18.281232,34.908869,51.536505,68.164142,84.791779,,,,,,,,,,61.475000,68.953333,64.663333,60.712500,61.475000,65.705155,57.244845,63.590077,59.359923
2025-11-05,58.800000,2025-08-14,2025-06-30,0.160000,1.140000,51.578947,45.372471,14.544386,18.563416,35.144016,51.724616,68.305216,84.885816,,,,,,,,,,61.125000,68.765000,64.676667,60.775833,61.125000,64.991115,57.258885,63.058057,59.191943
2025-11-06,59.900000,2025-08-14,2025-06-30,0.160000,1.140000,52.543860,45.556368,14.493879,18.888215,35.411237,51.934259,68.457282,84.980304,,,,,,,,,,60.805000,68.598333,64.695833,60.848750,60.805000,63.837092,57.772908,62.321046,59.288954
2025-11-07,58.100000,2025-08-14,2025-06-30,0.160000,1.140000,50.964912,45.720052,14.442605,19.191720,35.656290,52.120860,68.585430,85.050000,,,,,,,,,,60.465000,68.395000,64.686667,60.913750,60.465000,63.056707,57.873293,61.760854,59.169146
2025-11-10,57.300000,2025-08-14,2025-06-30,0.160000,1.140000,50.263158,45.881417,14.383680,19.510025,35.907420,52.304815,68.702210,85.099604,,,,,,,,,,60.115000,68.193333,64.677500,60.979375,60.115000,62.398372,57.831628,61.256686,58.973314
2025-11-11,56.500000,2025-08-14,2025-06-30,0.160000,1.140000,49.561404,46.043105,14.314341,19.852444,36.170792,52.489140,68.807488,85.125837,,,,,,,,,,59.850000,67.938333,64.673333,61.038750,59.850000,62.509244,57.190756,61.179622,58.520378
2025-11-12,58.400000,2025-08-14,2025-06-30,0.160000,1.140000,51.228070,46.216479,14.249411,20.198129,36.442458,52.686786,68.931114,85.175442,,,,,,,,,,59.745000,67.705000,64.680833,61.109167,59.745000,62.461402,57.028598,61.103201,58.386799
2025-11-13,57.600000,2025-08-14,2025-06-30,0.160000,1.140000,50.526316,46.368131,14.197101,20.490278,36.674974,52.859669,69.044365,85.229061,,,,,,,,,,59.565000,67.431667,64.651667,61.173125,59.565000,62.351641,56.778359,60.958321,58.171679
2025-11-14,56.100000,2025-11-14,2025-09-30,0.470000,1.120000,50.089286,46.512173,14.145921,20.406771,36.250202,52.093634,67.937065,83.780497,,,,,,,,,,59.325000,67.123333,64.602500,61.233958,59.325000,62.435509,56.214491,60.880254,57.769746
2025-11-17,54.600000,2025-11-14,2025-09-30,0.470000,1.120000,48.750000,46.645054,14.090859,20.678937,36.460699,52.242461,68.024223,83.805985,,,,,,,,,,59.060000,66.768333,64.540833,61.286875,59.060000,62.803008,55.316992,60.931504,57.188496
2025-11-18,51.700000,2025-11-14,2025-09-30,0.470000,1.120000,46.160714,46.765177,14.024063,20.963097,36.670048,52.376998,68.083949,83.790899,,,,,,,,,,58.635000,66.385000,64.471667,61.327292,58.635000,63.572621,53.697379,61.103811,56.166189
2025-11-19,51.500000,2025-11-14,2025-09-30,0.470000,1.120000,45.982143,46.889984,13.949072,21.270861,36.893821,52.516782,68.139743,83.762703,,,,,,,,,,58.160000,65.950000,64.412500,61.365208,58.160000,63.901960,52.418040,61.030980,55.289020
2025-11-20,53.200000,2025-11-14,2025-09-30,0.470000,1.120000,47.500000,47.024353,13.875838,21.585398,37.126337,52.667276,68.208215,83.749154,,,,,,,,,,57.735000,65.575000,64.361667,61.408958,57.735000,63.629967,51.840033,60.682483,54.787517
2025-11-21,50.800000,2025-11-14,2025-09-30,0.470000,1.120000,45.357143,47.148802,13.792415,21.911650,37.359154,52.806659,68.254163,83.701667,,,,,,,,,,57.280000,65.146667,64.305833,61.443542,57.280000,63.838755,50.721245,60.559377,54.000623
2025-11-24,51.200000,2025-11-14,2025-09-30,0.470000,1.120000,45.714286,47.265645,13.719579,22.205666,37.571594,52.937523,68.303451,83.669380,,,,,,,,,,56.805000,64.748333,64.233333,61.483333,56.805000,63.688841,49.921159,60.246920,53.363080
2025-11-25,51.500000,2025-11-14,2025-09-30,0.470000,1.120000,45.982143,47.385161,13.644580,22.507521,37.789451,53.071381,68.353311,83.635241,,,,,,,,,,56.370000,64.345000,64.164167,61.522292,56.370000,63.447347,49.292653,59.908674,52.831326
2025-11-26,53.300000,2025-11-14,2025-09-30,0.470000,1.120000,47.589286,47.524243,13.559925,22.852920,38.040036,53.227152,68.414268,83.601384,,,,,,,,,,56.010000,64.003333,64.121667,61.570208,56.010000,62.933613,49.086387,59.471807,52.548193
2025-11-27,53.200000,2025-11-14,2025-09-30,0.470000,1.120000,47.500000,47.667872,13.466530,23.222989,38.305503,53.388017,68.470530,83.553044,,,,,,,,,,55.700000,63.656667,64.088333,61.615625,55.700000,62.539206,48.860794,59.119603,52.280397
2025-11-28,54.600000,2025-11-14,2025-09-30,0.470000,1.120000,48.750000,47.820595,13.372913,23.603742,38.581404,53.559066,68.536728,83.514390,,,,,,,,,,55.400000,63.295000,64.064167,61.662500,55.400000,61.849480,48.950520,58.624740,52.175260
2025-12-01,53.200000,2025-11-14,2025-09-30,0.470000,1.120000,47.500000,47.958491,13.282523,23.960659,38.837085,53.713510,68.589936,83.466362,,,,,,,,,,55.025000,62.893333,64.020000,61.705000,55.025000,61.034072,49.015928,58.029536,52.020464
2025-12-02,52.500000,2025-11-14,2025-09-30,0.470000,1.120000,46.875000,48.090298,13.191573,24.312010,39.086572,53.861134,68.635696,83.410257,,,,,,,,,,54.700000,62.433333,63.968333,61.742292,54.700000,60.503447,48.896553,57.601724,51.798276
2025-12-03,52.900000,2025-11-14,2025-09-30,0.470000,1.120000,47.232143,48.216704,13.109127,24.638264,39.320486,54.002708,68.684930,83.367151,,,,,,,,,,54.405000,62.031667,63.904167,61.782708,54.405000,59.923762,48.886238,57.164381,51.645619
2025-12-04,53.100000,2025-11-14,2025-09-30,0.470000,1.120000,47.410714,48.357384,13.007909,25.022553,39.591412,54.160270,68.729128,83.297986,,,,,,,,,,54.065000,61.643333,63.865833,61.821458,54.065000,58.961089,49.168911,56.513044,51.616956
2025-12-05,52.600000,2025-11-14,2025-09-30,0.470000,1.120000,46.964286,48.491257,12.909019,25.394006,39.852107,54.310208,68.768309,83.226410,,,,,,,,,,53.790000,61.316667,63.817500,61.858750,53.790000,58.337249,49.242751,56.063625,51.516375
2025-12-08,54.700000,2025-11-14,2025-09-30,0.470000,1.120000,48.839286,48.635024,12.814903,25.765844,40.118535,54.471226,68.823918,83.176609,,,,,,,,,,53.660000,61.053333,63.775833,61.908750,53.660000,57.924616,49.395384,55.792308,51.527692
2025-12-09,53.900000,2025-11-14,2025-09-30,0.470000,1.120000,48.125000,48.764019,12.730228,26.099992,40.357847,54.615702,68.873557,83.131412,,,,,,,,,,53.530000,60.761667,63.710833,61.959583,53.530000,57.583381,49.476619,55.556690,51.503310
2025-12-10,53.900000,2025-11-14,2025-09-30,0.470000,1.120000,48.125000,48.896102,12.639612,26.450902,40.607268,54.763634,68.920000,83.076366,,,,,,,,,,53.305000,60.496667,63.651667,62.013958,53.305000,56.659479,49.950521,54.982239,51.627761
2025-12-11,54.100000,2025-11-14,2025-09-30,0.470000,1.120000,48.303571,49.034522,12.540196,26.828625,40.873645,54.918665,68.963684,83.008704,,,,,,,,,,53.130000,60.241667,63.603333,62.067292,53.130000,55.845337,50.414663,54.487668,51.772332
2025-12-12,53.200000,2025-11-14,2025-09-30,0.470000,1.120000,47.500000,49.171537,12.431486,27.225593,41.148857,55.072122,68.995386,82.918650,,,,,,,,,,52.985000,59.996667,63.557500,62.114792,52.985000,55.314920,50.655080,54.149960,51.820040
2025-12-15,54.300000,2025-11-14,2025-09-30,0.470000,1.120000,48.482143,49.306155,12.334647,27.593285,41.408089,55.222893,69.037697,82.852501,,,,,,,,,,52.970000,59.725000,63.500833,62.168125,52.970000,55.259656,50.680344,54.114828,51.825172
2025-12-16,53.400000,2025-11-14,2025-09-30,0.470000,1.120000,47.678571,49.434517,12.235674,27.958750,41.662704,55.366659,69.070613,82.774567,,,,,,,,,,53.055000,59.395000,63.437500,62.217083,53.055000,55.271184,50.838816,54.163092,51.946908
2025-12-17,54.000000,2025-11-14,2025-09-30,0.470000,1.120000,48.214286,49.575279,12.122196,28.370594,41.947453,55.524313,69.101172,82.678032,,,,,,,,,,53.180000,59.110000,63.394167,62.267708,53.180000,55.307118,51.052882,54.243559,52.116441
2025-12-18,52.800000,2025-11-14,2025-09-30,0.470000,1.120000,47.142857,49.701823,12.015530,28.751253,42.208647,55.666041,69.123435,82.580829,,,,,,,,,,53.160000,58.791667,63.330833,62.313958,53.160000,55.293838,51.026162,54.226919,52.093081
2025-12-19,53.600000,2025-11-14,2025-09-30,0.470000,1.120000,47.857143,49.825059,11.918951,29.105616,42.454841,55.804066,69.153291,82.502516,,,,,,,,,,53.300000,58.475000,63.256667,62.360625,53.300000,55.127279,51.472721,54.213639,52.386361
2025-12-22,55.300000,2025-11-14,2025-09-30,0.470000,1.120000,49.375000,49.957858,11.823241,29.468741,42.710771,55.952801,69.194830,82.436860,,,,,,,,,,53.505000,58.178333,63.190833,62.407708,53.505000,55.258763,51.751237,54.381881,52.628119
2025-12-23,54.800000,2025-11-14,2025-09-30,0.470000,1.120000,48.928571,50.092227,11.717810,29.855401,42.979348,56.103294,69.227241,82.351188,,,,,,,,,,53.670000,57.888333,63.130833,62.434375,53.670000,55.240920,52.099080,54.455460,52.884540
2025-12-24,53.600000,2025-11-14,2025-09-30,0.470000,1.120000,47.857143,50.220314,11.607233,30.246549,43.246650,56.246751,69.246852,82.246953,,,,,,,,,,53.685000,57.608333,63.065833,62.453750,53.685000,55.246747,52.123253,54.465873,52.904127
2025-12-26,52.700000,2025-11-14,2025-09-30,0.470000,1.120000,47.053571,50.352286,11.478670,30.682338,43.538449,56.394560,69.250671,82.106781,,,,,,,,,,53.660000,57.356667,63.013333,62.466875,53.660000,55.269707,52.050293,54.464854,52.855146
2025-12-29,53.100000,2025-11-14,2025-09-30,0.470000,1.120000,47.410714,50.492966,11.336245,31.158932,43.855527,56.552122,69.248716,81.945311,,,,,,,,,,53.585000,57.093333,62.975000,62.483125,53.585000,55.149440,52.020560,54.367220,52.802780
2025-12-30,52.700000,2025-11-14,2025-09-30,0.470000,1.120000,47.053571,50.631992,11.188731,31.645075,44.176453,56.707831,69.239210,81.770588,,,,,,,,,,53.560000,56.830000,62.935833,62.494792,53.560000,55.165779,51.954221,54.362890,52.757110
2025-12-31,51.900000,2025-11-14,2025-09-30,0.470000,1.120000,46.339286,50.755807,11.056456,32.080043,44.463274,56.846504,69.229735,81.612965,,,,,,,,,,53.530000,56.568333,62.872500,62.482708,53.530000,55.238308,51.821692,54.384154,52.675846
2026-01-02,53.000000,2025-11-14,2025-09-30,0.470000,1.120000,47.321429,50.894421,10.905995,32.572322,44.787037,57.001751,69.216466,81.431180,,,,,,,,,,53.535000,56.355000,62.830833,62.458542,53.535000,55.236114,51.833886,54.385557,52.684443
2026-01-05,52.800000,2025-11-14,2025-09-30,0.470000,1.120000,47.142857,51.031987,10.751315,33.072879,45.114352,57.155825,69.197298,81.238771,,,,,,,,,,53.520000,56.130000,62.788333,62.409375,53.520000,55.242422,51.797578,54.381211,52.658789
2026-01-06,53.100000,2025-11-14,2025-09-30,0.470000,1.120000,47.410714,51.174431,10.586534,33.601526,45.458444,57.315362,69.172280,81.029198,,,,,,,,,,53.545000,55.933333,62.753333,62.353958,53.545000,55.225194,51.864806,54.385097,52.704903
2026-01-07,53.100000,2025-11-14,2025-09-30,0.470000,1.120000,47.410714,51.310702,10.429501,34.105904,45.786945,57.467986,69.149027,80.830068,,,,,,,,,,53.465000,55.746667,62.706667,62.306875,53.465000,55.064046,51.865954,54.264523,52.665477
2026-01-08,52.100000,2025-11-14,2025-09-30,0.470000,1.120000,46.517857,51.438650,10.273275,34.599151,46.105220,57.611288,69.117357,80.623425,,,,,,,,,,53.375000,55.585000,62.650000,62.259375,53.375000,55.070660,51.679340,54.222830,52.527170
2026-01-09,53.000000,2025-11-14,2025-09-30,0.470000,1.120000,47.321429,51.568445,10.119626,35.088696,46.422677,57.756659,69.090640,80.424621,,,,,,,,,,53.330000,55.460000,62.591667,62.192708,53.330000,55.014730,51.645270,54.172365,52.487635
2026-01-12,53.900000,2025-11-14,2025-09-30,0.470000,1.120000,48.125000,51.707141,9.954719,35.613427,46.762713,57.911998,69.061284,80.210569,,,,,,,,,,53.320000,55.338333,62.545000,62.142708,53.320000,54.987775,51.652225,54.153888,52.486112
2026-01-13,52.400000,2025-11-14,2025-09-30,0.470000,1.120000,46.785714,51.836881,9.785441,36.137919,47.097613,58.057307,69.017001,79.976694,,,,,,,,,,53.280000,55.196667,62.490000,62.079792,53.280000,54.997526,51.562474,54.138763,52.421237
2026-01-14,54.600000,2025-11-14,2025-09-30,0.470000,1.120000,48.750000,51.975935,9.619242,36.665944,47.439496,58.213047,68.986599,79.760151,,,,,,,,,,53.295000,55.108333,62.440000,62.036042,53.295000,55.054755,51.535245,54.174877,52.415123
2026-01-15,60.000000,2025-11-14,2025-09-30,0.470000,1.120000,53.571429,52.151641,9.451363,37.238785,47.824311,58.409838,68.995364,79.580890,,,,,,,,,,53.625000,55.105000,62.428333,61.988542,53.625000,57.103581,50.146419,55.364291,51.885709
2026-01-16,60.700000,2025-11-14,2025-09-30,0.470000,1.120000,54.196429,52.335200,9.272217,37.845658,48.230541,58.615424,69.000307,79.385190,,,,,,,,,,53.960000,55.100000,62.427500,61.961042,53.960000,58.664936,49.255064,56.312468,51.607532
2026-01-19,63.700000,2025-11-14,2025-09-30,0.470000,1.120000,56.875000,52.546813,9.080067,38.513081,48.682755,58.852430,69.022105,79.191779,,,,,,,,,,54.505000,55.133333,62.462500,61.945625,54.505000,60.874822,48.135178,57.689911,51.320089
2026-01-20,67.200000,2025-11-14,2025-09-30,0.470000,1.120000,60.000000,52.780940,8.903848,39.170032,49.142342,59.114652,69.086963,79.059273,,,,,,,,,,55.185000,55.255000,62.520000,61.948125,55.185000,63.692897,46.677103,59.438949,50.931051
2026-01-21,64.300000,2025-11-14,2025-09-30,0.470000,1.120000,57.410714,52.988198,8.716215,39.822461,49.584622,59.346782,69.108942,78.871103,,,,,,,,,,55.635000,55.315000,62.543333,61.925625,55.635000,65.070047,46.199953,60.352523,50.917477
2026-01-22,66.500000,2025-11-14,2025-09-30,0.470000,1.120000,59.375000,53.208299,8.537944,40.468299,50.030797,59.593294,69.155792,78.718290,,,,,,,,,,56.220000,55.420000,62.578333,61.907292,56.220000,66.816444,45.623556,61.518222,50.921778
2026-01-23,66.400000,2025-11-14,2025-09-30,0.470000,1.120000,59.285714,53.425450,8.354905,41.121517,50.479011,59.836504,69.193998,78.551491,,,,,,,,,,56.860000,55.518333,62.608333,61.859375,56.860000,68.302561,45.417439,62.581281,51.138719
2026-01-26,73.000000,2025-11-14,2025-09-30,0.470000,1.120000,65.178571,53.664372,8.276631,41.564444,50.834270,60.104097,69.373923,78.643750,,,,,,,,,,57.875000,55.745000,62.641667,61.833125,57.875000,71.208910,44.541090,64.541955,51.208045
2026-01-27,71.600000,2025-11-14,2025-09-30,0.470000,1.120000,63.928571,53.880091,8.203060,41.970848,51.158275,60.345702,69.533129,78.720556,,,,,,,,,,58.800000,55.928333,62.639167,61.796042,58.800000,73.258507,44.341493,66.029253,51.570747
2026-01-28,71.400000,2025-11-14,2025-09-30,0.470000,1.120000,63.750000,54.092558,8.124739,42.384249,51.483957,60.583665,69.683373,78.783080,,,,,,,,,,59.735000,56.106667,62.631667,61.758125,59.735000,74.932268,44.537732,67.333634,52.136366
2026-01-29,66.700000,2025-11-14,2025-09-30,0.470000,1.120000,59.553571,54.274905,7.997663,42.873127,51.830510,60.787893,69.745276,78.702659,,,,,,,,,,60.475000,56.235000,62.594167,61.681458,60.475000,75.506318,45.443682,67.990659,52.959341
2026-01-30,62.600000,2025-11-14,2025-09-30,0.470000,1.120000,55.892857,54.431595,7.840801,43.399994,52.181690,60.963387,69.745084,78.526780,,,,,,,,,,60.955000,56.298333,62.531667,61.609375,60.955000,75.589131,46.320869,68.272065,53.637935
2026-02-02,60.100000,2025-11-14,2025-09-30,0.470000,1.120000,53.660714,54.570567,7.674996,43.927043,52.523039,61.119035,69.715031,78.311027,,,,,,,,,,61.320000,56.301667,62.450000,61.536042,61.320000,75.453290,47.186710,68.386645,54.253355
2026-02-03,59.500000,2025-11-14,2025-09-30,0.470000,1.120000,53.125000,54.703311,7.507897,44.450018,52.858863,61.267708,69.676553,78.085398,,,,,,,,,,61.640000,56.325000,62.360000,61.456875,61.640000,75.270523,48.009477,68.455262,54.824738
2026-02-04,60.300000,2025-11-14,2025-09-30,0.470000,1.120000,53.839286,54.845975,7.323695,45.022416,53.224954,61.427492,69.630030,77.832568,,,,,,,,,,62.000000,56.375000,62.284167,61.374792,62.000000,75.048735,48.951265,68.524367,55.475633
2026-02-05,58.400000,2025-11-14,2025-09-30,0.470000,1.120000,52.142857,54.963920,7.162131,45.516418,53.538004,61.559591,69.581177,77.602763,,,,,,,,,,62.315000,56.406667,62.172500,61.285625,62.315000,74.641655,49.988345,68.478327,56.151673
2026-02-06,56.300000,2025-11-14,2025-09-30,0.470000,1.120000,50.267857,54.853579,7.131311,45.461873,53.448941,61.436009,69.423077,77.410144,,,,,,,,,,62.480000,56.371667,62.038333,61.192708,62.480000,74.361981,50.598019,68.420991,56.539009
2026-02-09,57.800000,2025-11-14,2025-09-30,0.470000,1.120000,51.607143,54.742703,7.076830,45.459727,53.385777,61.311827,69.237878,77.163928,,,,,,,,,,62.675000,56.375000,61.903333,61.106875,62.675000,74.082638,51.267362,68.378819,56.971181
2026-02-10,56.600000,2025-11-14,2025-09-30,0.470000,1.120000,50.535714,54.618512,7.018073,45.452251,53.312493,61.172734,69.032975,76.893216,,,,,,,,,,62.885000,56.383333,61.753333,61.015625,62.885000,73.631706,52.138294,68.258353,57.511647
2026-02-11,55.600000,2025-11-14,2025-09-30,0.470000,1.120000,49.642857,54.477378,6.945443,45.456871,53.235767,61.014664,68.793560,76.572457,,,,,,,,,,62.935000,56.400000,61.584167,60.936458,62.935000,73.527604,52.342396,68.231302,57.638698
2026-02-23,57.200000,2025-11-14,2025-09-30,0.470000,1.120000,51.071429,54.356921,6.877220,45.474778,53.177265,60.879751,68.582238,76.284725,,,,,,,,,,62.795000,56.491667,61.438333,60.847292,62.795000,73.622348,51.967652,68.208674,57.381326
2026-02-24,59.800000,2025-11-14,2025-09-30,0.470000,1.120000,53.392857,54.234610,6.760814,45.598540,53.170652,60.742763,68.314875,75.886986,,,,,,,,,,62.750000,56.630000,61.290000,60.778958,62.750000,73.621401,51.878599,68.185701,57.314299
2026-02-25,59.400000,2025-11-14,2025-09-30,0.470000,1.120000,53.035714,54.123212,6.668117,45.681416,53.149706,60.617997,68.086288,75.554578,,,,,,,,,,62.535000,56.733333,61.154167,60.724792,62.535000,73.496997,51.573003,68.015998,57.054002
2026-02-26,64.200000,2025-11-14,2025-09-30,0.470000,1.120000,57.321429,54.041680,6.567098,45.816381,53.171531,60.526681,67.881832,75.236982,,,,,,,,,,62.385000,56.956667,61.051667,60.688125,62.385000,73.158706,51.611294,67.771853,56.998147
2026-03-02,68.300000,2025-11-14,2025-09-30,0.470000,1.120000,60.982143,54.000888,6.507900,45.903299,53.192147,60.480994,67.769842,75.058689,,,,,,,,,,62.585000,57.241667,60.995000,60.668958,62.585000,73.652881,51.517119,68.118941,57.051059
2026-03-03,67.300000,2025-11-14,2025-09-30,0.470000,1.120000,60.089286,53.948269,6.431860,46.014696,53.218379,60.422061,67.625744,74.829427,,,,,,,,,,62.625000,57.505000,60.925000,60.651042,62.625000,73.758047,51.491953,68.191524,57.058476
2026-03-04,62.500000,2025-11-14,2025-09-30,0.470000,1.120000,55.803571,53.873825,6.357205,46.098544,53.218614,60.338684,67.458754,74.578824,,,,,,,,,,62.430000,57.658333,60.830833,60.626875,62.430000,73.420350,51.439650,67.925175,56.934825
2026-03-05,62.800000,2025-11-14,2025-09-30,0.470000,1.120000,56.071429,53.800151,6.278952,46.191316,53.223743,60.256170,67.288596,74.321023,,,,,,,,,,61.920000,57.818333,60.737500,60.608958,61.920000,71.728181,52.111819,66.824091,57.015909
2026-03-06,69.000000,2025-11-14,2025-09-30,0.470000,1.120000,61.607143,53.755796,6.203773,46.310041,53.258266,60.206491,67.154717,74.102942,,,,,,,,,,61.790000,58.058333,60.676667,60.620625,61.790000,71.114986,52.465014,66.452493,57.127507
2026-03-09,68.700000,2025-11-14,2025-09-30,0.470000,1.120000,61.339286,53.701898,6.108028,46.464143,53.305135,60.146126,66.987117,73.828108,,,,,,,,,,61.655000,58.316667,60.605000,60.629792,61.655000,70.457745,52.852255,66.056372,57.253628
2026-03-10,75.500000,2025-11-14,2025-09-30,0.470000,1.120000,67.410714,53.678128,6.048294,46.571325,53.345414,60.119503,66.893592,73.667681,,,,,,,,,,62.095000,58.700000,60.566667,60.673958,62.095000,72.662373,51.527627,67.378686,56.811314
2026-03-11,82.900000,2025-11-14,2025-09-30,0.470000,1.120000,74.017857,53.732078,6.199985,46.291961,53.235944,60.179927,67.123910,74.067893,,,,,,,,,,63.110000,59.200000,60.615833,60.742708,63.110000,77.195588,49.024412,70.152794,56.067206
2026-03-12,80.200000,2025-11-14,2025-09-30,0.470000,1.120000,71.607143,53.770324,6.296042,46.119630,53.171197,60.222763,67.274330,74.325896,,,,,,,,,,64.115000,59.651667,60.647500,60.804375,64.115000,80.043957,48.186043,72.079479,56.150521
2026-03-13,80.900000,2025-11-14,2025-09-30,0.470000,1.120000,72.232143,53.844481,6.459898,45.835646,53.070732,60.305819,67.540905,74.775991,,,,,,,,,,65.185000,60.123333,60.720000,60.854792,65.185000,82.613141,47.756859,73.899071,56.470929
2026-03-16,83.200000,2025-11-14,2025-09-30,0.470000,1.120000,74.285714,53.948178,6.685300,45.446886,52.934423,60.421959,67.909496,75.397032,,,,,,,,,,66.330000,60.598333,60.825833,60.924375,66.330000,85.343690,47.316310,75.836845,56.823155
2026-03-17,82.900000,2025-11-14,2025-09-30,0.470000,1.120000,74.017857,54.043063,6.887332,45.100607,52.814419,60.528231,68.242043,75.955855,,,,,,,,,,67.555000,61.081667,60.921667,60.991042,67.555000,87.549154,47.560846,77.552077,57.557923
2026-03-18,84.800000,2025-11-14,2025-09-30,0.470000,1.120000,75.714286,54.163782,7.136764,44.677084,52.670260,60.663436,68.656611,76.649787,,,,,,,,,,68.980000,61.596667,61.046667,61.068125,68.980000,89.647758,48.312242,79.313879,58.646121
2026-03-19,80.900000,2025-11-14,2025-09-30,0.470000,1.120000,72.232143,54.258406,7.299934,44.417562,52.593489,60.769415,68.945342,77.121268,,,,,,,,,,70.135000,62.043333,61.142500,61.136458,70.135000,90.753875,49.516125,80.444437,59.825563
2026-03-20,78.400000,2025-11-14,2025-09-30,0.470000,1.120000,70.000000,54.345395,7.424785,44.235324,52.551083,60.866842,69.182601,77.498360,,,,,,,,,,71.225000,62.463333,61.230000,61.197708,71.225000,91.123466,51.326534,81.174233,61.275767
2026-03-23,77.300000,2025-11-14,2025-09-30,0.470000,1.120000,69.017857,54.404462,7.513295,44.103216,52.518106,60.932997,69.347888,77.762778,,,,,,,,,,72.310000,62.846667,61.285833,61.250208,72.310000,90.947698,53.672302,81.628849,62.991151
2026-03-24,75.200000,2025-11-14,2025-09-30,0.470000,1.120000,67.142857,54.428898,7.550135,44.048064,52.504215,60.960365,69.416516,77.872667,,,,,,,,,,73.210000,63.210000,61.302500,61.300208,73.210000,90.462417,55.957583,81.836209,64.583791
2026-03-25,77.000000,2025-11-14,2025-09-30,0.470000,1.120000,68.750000,54.482078,7.628594,43.931877,52.475902,61.019927,69.563952,78.107977,,,,,,,,,,74.070000,63.593333,61.351667,61.366875,74.070000,90.185125,57.954875,82.127563,66.012437
2026-03-26,75.700000,2025-11-14,2025-09-30,0.470000,1.120000,67.589286,54.519737,7.682311,43.853728,52.457917,61.062105,69.666294,78.270483,,,,,,,,,,74.885000,63.975000,61.383333,61.445625,74.885000,89.450464,60.319536,82.167732,67.602268
2026-03-27,75.800000,2025-11-14,2025-09-30,0.470000,1.120000,67.678571,54.553023,7.730854,43.782274,52.440830,61.099386,69.757942,78.416498,,,,,,,,,,75.465000,64.345000,61.410000,61.520625,75.465000,89.135294,61.794706,82.300147,68.629853
2026-03-30,74.900000,2025-11-14,2025-09-30,0.470000,1.120000,66.875000,54.575958,7.763496,43.734842,52.429957,61.125073,69.820189,78.515304,,,,,,,,,,75.795000,64.671667,61.425000,61.590208,75.795000,89.049350,62.540650,82.422175,69.167825
2026-03-31,72.200000,2026-03-31,2025-12-31,0.600000,1.540000,46.883117,54.438873,7.752791,59.957269,71.896567,83.835864,95.775162,107.714460,,,,,,,,,,76.040000,64.961667,61.425000,61.672708,76.040000,88.805315,63.274685,82.422657,69.657343
2026-04-01,73.100000,2026-03-31,2025-12-31,0.600000,1.540000,47.467532,54.319816,7.749203,59.784971,71.718744,83.652516,95.586289,107.520062,,,,,,,,,,76.570000,65.286667,61.447500,61.780625,76.570000,87.750076,65.389924,82.160038,70.979962
2026-04-02,73.200000,2026-03-31,2025-12-31,0.600000,1.540000,47.532468,54.220306,7.759129,59.601155,71.550213,83.499271,95.448329,107.397387,,,,,,,,,,77.090000,65.628333,61.492500,61.908542,77.090000,86.381286,67.798714,81.735643,72.444357
2026-04-07,69.500000,2026-03-31,2025-12-31,0.600000,1.540000,45.129870,54.092733,7.781848,59.334718,71.318764,83.302809,95.286854,107.270899,,,,,,,,,,77.115000,65.901667,61.497500,62.003333,77.115000,86.316893,67.913107,81.715947,72.514053
2026-04-08,76.400000,2026-03-31,2025-12-31,0.600000,1.540000,49.610390,54.005422,7.772791,59.228153,71.198251,83.168350,95.138448,107.108547,,,,,,,,,,77.500000,66.296667,61.563333,62.126042,77.500000,85.821690,69.178310,81.660845,73.339155
2026-04-09,74.800000,2026-03-31,2025-12-31,0.600000,1.540000,48.571429,53.916032,7.773092,59.089567,71.060128,83.030689,95.001250,106.971811,,,,,,,,,,77.465000,66.678333,61.623333,62.239792,77.465000,85.827894,69.102106,81.646447,73.283553
2026-04-10,82.200000,2026-03-31,2025-12-31,0.600000,1.540000,53.376623,53.879843,7.765341,59.057707,71.016333,82.974958,94.933583,106.892209,,,,,,,,,,77.430000,67.165000,61.760000,62.364792,77.430000,85.702491,69.157509,81.566245,73.293755
2026-04-13,90.400000,2026-03-31,2025-12-31,0.600000,1.540000,58.701299,53.884371,7.768015,59.056446,71.019189,82.981932,94.944674,106.907417,,,,,,,,,,77.940000,67.791667,61.960833,62.529375,77.940000,87.996765,67.883235,82.968383,72.911617
2026-04-14,88.900000,2026-03-31,2025-12-31,0.600000,1.540000,57.727273,53.891017,7.770983,59.057539,71.024852,82.992166,94.959479,106.926792,,,,,,,,,,78.340000,68.388333,62.160833,62.690208,78.340000,89.471444,67.208556,83.905722,72.774278
2026-04-15,93.500000,2026-03-31,2025-12-31,0.600000,1.540000,60.714286,53.926940,7.792628,59.046192,71.046839,83.047487,95.048135,107.048783,,,,,,,,,,78.855000,69.061667,62.404167,62.872917,78.855000,91.747017,65.962983,85.301009,72.408991
2026-04-16,100.500000,2026-03-31,2025-12-31,0.600000,1.540000,65.259740,54.019017,7.860986,58.977450,71.083368,83.189285,95.295203,107.401121,,,,,,,,,,79.735000,69.868333,62.726667,63.095833,79.735000,95.801477,63.668523,87.768239,71.701761
2026-04-17,104.500000,2026-03-31,2025-12-31,0.600000,1.540000,67.857143,54.142241,7.961244,58.858419,71.118735,83.379052,95.639368,107.899684,,,,,,,,,,80.720000,70.726667,63.093333,63.343333,80.720000,100.156114,61.283886,90.438057,71.001943
2026-04-20,114.500000,2026-03-31,2025-12-31,0.600000,1.540000,74.350649,54.314462,8.171995,58.474527,71.059399,83.644271,96.229143,108.814015,,,,,,,,,,82.400000,71.736667,63.537500,63.623333,82.400000,107.019120,57.780880,94.709560,70.090440
2026-04-21,109.500000,2026-03-31,2025-12-31,0.600000,1.540000,71.103896,54.461819,8.313945,58.264251,71.067726,83.871201,96.674676,109.478151,,,,,,,,,,83.955000,72.688333,63.942500,63.881667,83.955000,111.289303,56.620697,97.622151,70.287849
2026-04-22,113.500000,2026-03-31,2025-12-31,0.600000,1.540000,73.701299,54.638131,8.495292,57.977222,71.059971,84.142721,97.225471,110.308221,,,,,,,,,,85.765000,73.670000,64.389167,64.151667,85.765000,115.894983,55.635017,100.829992,70.700008
2026-04-23,106.500000,2026-03-31,2025-12-31,0.600000,1.540000,69.155844,54.774371,8.596175,57.876313,71.114422,84.352531,97.590640,110.828749,,,,,,,,,,87.330000,74.445000,64.775000,64.387083,87.330000,118.386695,56.273305,102.858348,71.801652
2026-04-24,106.000000,2026-03-31,2025-12-31,0.600000,1.540000,68.831169,54.902057,8.690499,57.782432,71.165800,84.549168,97.932537,111.315905,,,,,,,,,,88.780000,75.200000,65.150000,64.610833,88.780000,120.506701,57.053299,104.643351,72.916649
2026-04-27,99.600000,2026-03-31,2025-12-31,0.600000,1.540000,64.675325,54.989995,8.735819,57.778271,71.231432,84.684592,98.137753,111.590914,,,,,,,,,,89.975000,75.798333,65.465833,64.814167,89.975000,121.426542,58.523458,105.700771,74.249229
2026-04-28,101.000000,2026-03-31,2025-12-31,0.600000,1.540000,65.584416,55.098666,8.786100,57.790759,71.321353,84.851946,98.382540,111.913133,,,,,,,,,,91.235000,76.361667,65.808333,65.002500,91.235000,122.312375,60.157625,106.773688,75.696312
2026-04-29,102.000000,2026-03-31,2025-12-31,0.600000,1.540000,66.233766,55.206901,8.842896,57.782507,71.400567,85.018628,98.636688,112.254748,,,,,,,,,,92.590000,76.990000,66.152500,65.217500,92.590000,123.025084,62.154916,107.807542,77.372458
2026-04-30,104.000000,2026-03-31,2025-12-31,0.600000,1.540000,67.532468,55.329613,8.911221,57.761042,71.484323,85.207604,98.930885,112.654166,,,,,,,,,,94.180000,77.615000,66.517500,65.441667,94.180000,123.429461,64.930539,108.804730,79.555270
2026-05-04,97.800000,2026-03-31,2025-12-31,0.600000,1.540000,63.506494,55.416582,8.939866,57.806750,71.574144,85.341537,99.108930,112.876323,,,,,,,,,,95.415000,78.138333,66.828333,65.641667,95.415000,122.952555,67.877445,109.183778,81.646222
2026-05-05,101.000000,2026-03-31,2025-12-31,0.600000,1.540000,65.584416,55.528909,8.982489,57.848452,71.681486,85.514519,99.347553,113.180587,,,,,,,,,,96.805000,78.605000,67.175000,65.850833,96.805000,122.355979,71.254021,109.580489,84.029511
2026-05-06,98.300000,2026-03-31,2025-12-31,0.600000,1.540000,63.831169,55.617853,9.011610,57.895733,71.773613,85.651493,99.529373,113.407253,,,,,,,,,,98.245000,79.050000,67.489167,66.042500,98.245000,120.327379,76.162621,109.286190,87.203810
2026-05-07,97.000000,2026-03-31,2025-12-31,0.600000,1.540000,62.987013,55.699031,9.033910,57.952066,71.864287,85.776508,99.688729,113.600950,,,,,,,,,,99.275000,79.476667,67.791667,66.213333,99.275000,118.846072,79.703928,109.060536,89.489464
2026-05-08,94.100000,2026-03-31,2025-12-31,0.600000,1.540000,61.103896,55.776944,9.039919,58.053544,71.975018,85.896493,99.817968,113.739442,,,,,,,,,,100.240000,79.933333,68.084167,66.373750,100.240000,116.322079,84.157921,108.281039,92.198961
2026-05-11,101.000000,2026-03-31,2025-12-31,0.600000,1.540000,65.584416,55.893656,9.075604,58.123369,72.099800,86.076230,100.052660,114.029090,,,,,,,,,,101.180000,80.573333,68.435833,66.556250,101.180000,114.837248,87.522752,108.008624,94.351376
2026-05-12,107.500000,2026-03-31,2025-12-31,0.600000,1.540000,69.805195,56.037500,9.158479,58.089635,72.193693,86.297750,100.401808,114.505866,,,,,,,,,,102.035000,81.363333,68.832500,66.764167,102.035000,114.972790,89.097210,108.503895,95.566105
2026-05-13,108.500000,2026-03-31,2025-12-31,0.600000,1.540000,70.454545,56.199914,9.240214,58.088007,72.317937,86.547867,100.777797,115.007727,,,,,,,,,,103.015000,82.180000,69.252500,66.969583,103.015000,114.669188,91.360812,108.842094,97.187906
2026-05-14,112.000000,2026-03-31,2025-12-31,0.600000,1.540000,72.727273,56.387115,9.345879,58.050850,72.443503,86.836157,101.228810,115.621464,,,,,,,,,,103.940000,83.041667,69.708333,67.192917,103.940000,115.348473,92.531527,109.644237,98.235763
2026-05-15,106.000000,2026-05-15,2026-03-31,0.670000,1.900000,55.789474,56.439015,9.324925,71.799415,89.516772,107.234129,124.951486,142.668843,,,,,,,,,,104.215000,83.835000,70.120833,67.397083,104.215000,115.539175,92.890825,109.877088,98.552912
2026-05-18,107.000000,2026-05-15,2026-03-31,0.670000,1.900000,56.315789,56.481413,9.312591,71.926839,89.620762,107.314685,125.008608,142.702531,,,,,,,,,,104.340000,84.680000,70.525833,67.603333,104.340000,115.732407,92.947593,110.036204,98.643796
2026-05-19,108.500000,2026-05-15,2026-03-31,0.670000,1.900000,57.105263,56.536238,9.296590,72.091810,89.755331,107.418851,125.082372,142.745893,,,,,,,,,,104.040000,85.525000,70.950000,67.800833,104.040000,114.590809,93.489191,109.315405,98.764595
2026-05-20,103.000000,2026-05-15,2026-03-31,0.670000,1.900000,54.210526,56.570581,9.280171,72.219454,89.851779,107.484104,125.116429,142.748754,,,,,,,,,,103.715000,86.298333,71.340833,67.971667,103.715000,113.953477,93.476523,108.834239,98.595761
2026-05-21,109.500000,2026-05-15,2026-03-31,0.670000,1.900000,57.631579,56.644594,9.252651,72.464656,90.044693,107.624729,125.204766,142.784803,,,,,,,,,,103.515000,87.196667,71.798333,68.169583,103.515000,113.082989,93.947011,108.298995,98.731005
2026-05-22,109.000000,2026-05-15,2026-03-31,0.670000,1.900000,57.368421,56.737992,9.202365,72.833197,90.317691,107.802185,125.286679,142.771173,,,,,,,,,,103.640000,88.060000,72.275833,68.373750,103.640000,113.434821,93.845179,108.537411,98.742589
2026-05-25,117.500000,2026-05-15,2026-03-31,0.670000,1.900000,61.842105,56.870158,9.160386,73.243835,90.648568,108.053301,125.458034,142.862766,,,,,,,,,,104.215000,89.021667,72.825833,68.619167,104.215000,115.782882,92.647118,109.998941,98.431059
2026-05-26,117.500000,2026-05-15,2026-03-31,0.670000,1.900000,61.842105,56.989676,9.130618,73.584037,90.932210,108.280384,125.628558,142.976732,,,,,,,,,,105.110000,89.990000,73.361667,68.861667,105.110000,117.881663,92.338337,111.495831,98.724169
2026-05-27,110.000000,2026-05-15,2026-03-31,0.670000,1.900000,57.894737,57.094156,9.067908,74.020847,91.249872,108.478896,125.707921,142.936945,,,,,,,,,,105.560000,90.753333,73.855000,69.080417,105.560000,118.356118,92.763882,111.958059,99.161941
2026-05-28,104.000000,2026-05-15,2026-03-31,0.670000,1.900000,54.736842,57.169344,9.009978,74.383838,91.502796,108.621753,125.740711,142.859668,,,,,,,,,,105.660000,91.348333,74.295000,69.264167,105.660000,118.369946,92.950054,112.014973,99.305027
2026-05-29,106.500000,2026-05-15,2026-03-31,0.670000,1.900000,56.052632,57.253265,8.951612,74.765075,91.773139,108.781203,125.789266,142.797330,,,,,,,,,,105.785000,92.001667,74.753333,69.458750,105.785000,118.475365,93.094635,112.130183,99.439817
2026-06-01,107.000000,2026-05-15,2026-03-31,0.670000,1.900000,56.315789,57.325985,8.907783,75.069795,91.994584,108.919372,125.844161,142.768950,,,,,,,,,,106.245000,92.743333,75.200833,69.661250,106.245000,118.371088,94.118912,112.308044,100.181956
2026-06-02,101.500000,2026-05-15,2026-03-31,0.670000,1.900000,53.421053,57.375328,8.869213,75.310112,92.161617,109.013122,125.864628,142.716133,,,,,,,,,,106.270000,93.388333,75.603333,69.845833,106.270000,118.352541,94.187459,112.311270,100.228730
2026-06-03,100.000000,2026-05-15,2026-03-31,0.670000,1.900000,52.631579,57.407674,8.844536,75.465344,92.269963,109.074581,125.879199,142.683817,,,,,,,,,,106.355000,93.905000,75.981667,70.022917,106.355000,118.223485,94.486515,112.289243,100.420757
2026-06-04,100.000000,2026-05-15,2026-03-31,0.670000,1.900000,52.631579,57.450437,8.808562,75.683294,92.419562,109.155831,125.892099,142.628367,,,,,,,,,,106.505000,94.426667,76.371667,70.195833,106.505000,117.943711,95.066289,112.224355,100.785645
2026-06-05,102.500000,2026-05-15,2026-03-31,0.670000,1.900000,53.947368,57.509374,8.760740,75.977000,92.622405,109.267810,125.913215,142.558620,,,,,,,,,,106.925000,94.876667,76.788333,70.378333,106.925000,116.978934,96.871066,111.951967,101.898033
2026-06-08,96.400000,2026-05-15,2026-03-31,0.670000,1.900000,50.736842,57.538579,8.731985,76.141758,92.732530,109.323301,125.914072,142.504843,,,,,,,,,,106.695000,95.101667,77.150833,70.527500,106.695000,117.501913,95.888087,112.098456,101.291544
2026-06-09,99.000000,2026-05-15,2026-03-31,0.670000,1.900000,52.105263,57.577701,8.696673,76.350272,92.873952,109.397631,125.921311,142.444990,,,,,,,,,,106.270000,95.415000,77.533333,70.699583,106.270000,117.599533,94.940467,111.934766,100.605234
2026-06-10,90.000000,2026-05-15,2026-03-31,0.670000,1.900000,47.368421,57.581068,8.692606,76.372127,92.888078,109.404030,125.919982,142.435933,,,,,,,,,,105.345000,95.566667,77.845000,70.831250,105.345000,118.740439,91.949561,112.042720,98.647280
2026-06-11,89.500000,2026-05-15,2026-03-31,0.670000,1.900000,47.105263,57.566618,8.708687,76.283566,92.830070,109.376575,125.923079,142.469584,,,,,,,,,,104.220000,95.671667,78.135000,70.955417,104.220000,118.972641,89.467359,111.596321,96.843679
2026-06-12,90.400000,2026-05-15,2026-03-31,0.670000,1.900000,47.578947,57.562068,8.713803,76.255479,92.811704,109.367929,125.924154,142.480379,,,,,,,,,,103.440000,95.796667,78.439167,71.075000,103.440000,119.396837,87.483163,111.418418,95.461582
2026-06-15,92.800000,2026-05-15,2026-03-31,0.670000,1.900000,48.842105,57.568044,8.707520,76.290707,92.834995,109.379283,125.923571,142.467859,,,,,,,,,,102.730000,95.930000,78.763333,71.207500,102.730000,119.272780,86.187220,111.001390,94.458610
2026-06-16,91.900000,2026-05-15,2026-03-31,0.670000,1.900000,48.368421,57.568584,8.706942,76.293930,92.837120,109.380310,125.923500,142.466690,,,,,,,,,,101.900000,96.113333,79.078333,71.340833,101.900000,118.883707,84.916293,110.391854,93.408146
2026-06-17,92.500000,2026-05-15,2026-03-31,0.670000,1.900000,48.684211,57.578453,8.696099,76.353884,92.876472,109.399060,125.921648,142.444236,,,,,,,,,,101.375000,96.348333,79.405833,71.481667,101.375000,118.857367,83.892633,110.116184,92.633816
2026-06-18,94.300000,2026-05-15,2026-03-31,0.670000,1.900000,49.631579,57.588031,8.686623,76.408091,92.912675,109.417259,125.921843,142.426427,,,,,,,,,,100.615000,96.631667,79.739167,71.620000,100.615000,117.930922,83.299078,109.272961,91.957039
2026-06-22,96.100000,2026-05-15,2026-03-31,0.670000,1.900000,50.578947,57.612201,8.662822,76.544460,93.003821,109.463182,125.922543,142.381904,,,,,,,,,,99.970000,96.980000,80.095000,71.766250,99.970000,116.928165,83.011835,108.449083,91.490917
2026-06-23,92.100000,2026-05-15,2026-03-31,0.670000,1.900000,48.473684,57.614363,8.660489,76.557431,93.012360,109.467289,125.922218,142.377147,,,,,,,,,,98.700000,97.231667,80.412500,71.903333,98.700000,113.837128,83.562872,106.268564,91.131436
2026-06-24,94.300000,2026-05-15,2026-03-31,0.670000,1.900000,49.631579,57.635102,8.638153,76.681712,93.094203,109.506694,125.919184,142.331675,,,,,,,,,,97.540000,97.541667,80.758333,72.044583,97.540000,109.914745,85.165255,103.727373,91.352627
2026-06-25,91.600000,2026-05-15,2026-03-31,0.670000,1.900000,48.210526,57.638047,8.634851,76.699855,93.106072,109.512289,125.918506,142.324723,,,,,,,,,,96.620000,97.805000,81.075000,72.165833,96.620000,107.769624,85.470376,102.194812,91.045188
2026-06-26,87.100000,2026-05-15,2026-03-31,0.670000,1.900000,45.842105,57.608606,8.669215,76.513333,92.984842,109.456351,125.927861,142.399370,,,,,,,,,,95.775000,98.008333,81.340000,72.265417,95.775000,107.129364,84.420636,101.452182,90.097818
2026-06-29,87.300000,2026-05-15,2026-03-31,0.670000,1.900000,45.947368,57.583763,8.698521,76.354770,92.881959,109.409149,125.936339,142.463528,,,,,,,,,,94.815000,98.260000,81.610833,72.370833,94.815000,105.582842,84.047158,100.198921,89.431079
2026-06-30,91.400000,2026-05-15,2026-03-31,0.670000,1.900000,48.105263,57.585830,8.696219,76.367447,92.890262,109.413078,125.935893,142.458708,,,,,,,,,,94.035000,98.565000,81.925833,72.495833,94.035000,103.231859,84.838141,98.633429,89.436571
2026-07-01,91.100000,2026-05-15,2026-03-31,0.670000,1.900000,47.947368,57.593279,8.687500,76.414728,92.920979,109.427229,125.933480,142.439730,,,,,,,,,,93.515000,98.863333,82.245833,72.629583,93.515000,102.089693,84.940307,97.802347,89.227653
2026-07-02,91.600000,2026-05-15,2026-03-31,0.670000,1.900000,48.210526,57.599944,8.679926,76.456174,92.948034,109.439893,125.931753,142.423612,,,,,,,,,,93.095000,99.231667,82.566667,72.770833,93.095000,101.138690,85.051310,97.116845,89.073155
2026-07-03,93.700000,2026-05-15,2026-03-31,0.670000,1.900000,49.315789,57.618796,8.659260,76.570523,93.023118,109.475712,125.928306,142.380900,,,,,,,,,,92.780000,99.520000,82.908333,72.922083,92.780000,100.150382,85.409618,96.465191,89.094809
2026-07-06,91.000000,2026-05-15,2026-03-31,0.670000,1.900000,47.894737,57.631758,8.643383,76.655483,93.077911,109.500340,125.922768,142.345197,,,,,,,,,,92.205000,99.790000,83.234167,73.053333,92.205000,98.010796,86.399204,95.107898,89.302102
2026-07-07,85.500000,2026-05-15,2026-03-31,0.670000,1.900000,45.000000,57.612412,8.669213,76.520575,92.992079,109.463584,125.935088,142.406592,,,,,,,,,,91.660000,99.845000,83.505000,73.167917,91.660000,97.841943,85.478057,94.750972,88.569028
2026-07-08,84.100000,2026-05-15,2026-03-31,0.670000,1.900000,44.263158,57.588415,8.702360,76.349022,92.883505,109.417988,125.952472,142.486955,,,,,,,,,,90.915000,99.740000,83.765833,73.277083,90.915000,96.962279,84.867721,93.938639,87.891361
2026-07-09,82.900000,2026-05-15,2026-03-31,0.670000,1.900000,43.631579,57.556922,8.746229,76.122483,92.740318,109.358152,125.975986,142.593821,,,,,,,,,,90.560000,99.640000,84.014167,73.383750,90.560000,97.587585,83.532415,94.073792,87.046208
2026-07-13,79.500000,2026-05-15,2026-03-31,0.670000,1.900000,41.842105,57.510517,8.815016,75.772921,92.521452,109.269982,126.018513,142.767044,,,,,,,,,,90.060000,99.406667,84.234167,73.470417,90.060000,98.653608,81.466392,94.356804,85.763196
2026-07-14,75.700000,2026-05-15,2026-03-31,0.670000,1.900000,39.842105,57.454886,8.905574,75.323104,92.243693,109.164283,126.084873,143.005462,,,,,,,,,,89.325000,98.993333,84.430833,73.540417,89.325000,100.047112,78.602888,94.686056,83.963944
2026-07-15,77.700000,2026-05-15,2026-03-31,0.670000,1.900000,40.894737,57.401330,8.985987,74.915777,91.989152,109.062527,126.135902,143.209277,,,,,,,,,,88.570000,98.546667,84.636667,73.614167,88.570000,100.337413,76.802587,94.453706,82.686294
2026-07-16,75.400000,2026-05-15,2026-03-31,0.670000,1.900000,39.684211,57.330990,9.091625,74.380707,91.654794,108.928881,126.202968,143.477055,,,,,,,,,,87.745000,97.895000,84.815833,73.680417,87.745000,100.775244,74.714756,94.260122,81.229878
2026-07-17,69.400000,2026-05-15,2026-03-31,0.670000,1.900000,36.526316,57.245495,9.238672,73.659488,91.212964,108.766441,126.319917,143.873394,,,,,,,,,,86.590000,97.226667,84.957500,73.723750,86.590000,101.764341,71.415659,94.177171,79.002829
2026-07-20,69.000000,2026-05-15,2026-03-31,0.670000,1.900000,36.315789,57.141877,9.403023,72.838078,90.703822,108.569566,126.435310,144.301054,,,,,,,,,,85.325000,96.485000,85.077500,73.758750,85.325000,101.942667,68.707333,93.633833,77.016167
2026-07-21,71.500000,2026-05-15,2026-03-31,0.670000,1.900000,37.631579,57.009045,9.565076,71.969896,90.143540,108.317185,126.490829,144.664474,,,,,,,,,,84.095000,95.901667,85.173333,73.800833,84.095000,100.993891,67.196109,92.544446,75.645554
2026-07-22,71.200000,2026-05-15,2026-03-31,0.670000,1.900000,37.473684,56.869688,9.726849,71.090381,89.571395,108.052408,126.533422,145.014435,,,,,,,,,,83.050000,95.321667,85.260833,73.844167,83.050000,100.442255,65.657745,91.746127,74.353873
2026-07-23,70.200000,2026-05-15,2026-03-31,0.670000,1.900000,36.947368,56.703625,9.895407,70.134342,88.935615,107.736887,126.538160,145.339432,,,,,,,,,,81.845000,94.831667,85.315000,73.888750,81.845000,99.294775,64.395225,90.569887,73.120113
2026-07-24,67.700000,2026-05-15,2026-03-31,0.670000,1.900000,35.631579,56.500555,10.075591,69.063809,88.207431,107.351054,126.494676,145.638299,,,,,,,,,,80.650000,94.276667,85.319167,73.919583,80.650000,98.554483,62.745517,89.602242,71.697758
2026-07-27,68.500000,2026-05-15,2026-03-31,0.670000,1.900000,36.052632,56.322571,10.246571,68.075915,87.544399,107.012884,126.481369,145.949854,,,,,,,,,,79.720000,93.718333,85.354167,73.948750,79.720000,98.138709,61.301291,88.929355,70.510645
2026-07-28,64.100000,2026-05-15,2026-03-31,0.670000,1.900000,33.736842,56.108919,10.447706,66.905662,86.756304,106.606947,126.457589,146.308231,,,,,,,,,,78.560000,93.053333,85.334167,73.956250,78.560000,97.869381,59.250619,88.214691,68.905309
2026-07-29,61.700000,2026-05-15,2026-03-31,0.670000,1.900000,32.473684,55.885486,10.663665,65.660497,85.921460,106.182423,126.443386,146.704349,,,,,,,,,,77.075000,92.451667,85.295000,73.951667,77.075000,96.790543,57.359457,86.932771,67.217229
2026-07-30,60.100000,2026-05-15,2026-03-31,0.670000,1.900000,31.631579,55.605927,10.855989,64.398503,85.024883,105.651262,126.277642,146.904021,,,,,,,,,,75.525000,91.770000,85.187500,73.914583,75.525000,95.470914,55.579086,85.497957,65.552043
2026-07-31,66.100000,2026-05-15,2026-03-31,0.670000,1.900000,34.789474,55.363102,10.993287,63.415403,84.302648,105.189893,126.077138,146.964383,,,,,,,,,,74.250000,91.233333,85.141667,73.890417,74.250000,93.099264,55.400736,83.674632,64.825368
2026-08-03,67.500000,2026-05-15,2026-03-31,0.670000,1.900000,35.526316,55.127904,11.113604,62.511324,83.627171,104.743018,125.858865,146.974712,,,,,,,,,,72.940000,90.741667,85.109167,73.870417,72.940000,89.613888,56.266112,81.276944,64.603056
2026-08-04,69.100000,2026-05-15,2026-03-31,0.670000,1.900000,36.368421,54.934695,11.236870,61.675814,83.025867,104.375920,125.725973,147.076026,,,,,,,,,,71.845000,90.325000,85.129167,73.861667,71.845000,86.246678,57.443322,79.045839,64.644161
2026-08-05,69.400000,2026-05-15,2026-03-31,0.670000,1.900000,36.526316,54.773307,11.361378,60.896048,82.482666,104.069283,125.655900,147.242518,,,,,,,,,,71.040000,89.798333,85.185833,73.858750,71.040000,83.950608,58.129392,77.495304,64.584696
2026-08-06,69.300000,2026-05-15,2026-03-31,0.670000,1.900000,36.473684,54.630082,11.483201,60.160992,81.979074,103.797155,125.615236,147.433318,,,,,,,,,,70.300000,89.161667,85.262500,73.856250,70.300000,81.662542,58.937458,75.981271,64.618729
2026-08-07,68.400000,2026-05-15,2026-03-31,0.670000,1.900000,36.000000,54.487373,11.607798,59.416379,81.471194,103.526009,125.580824,147.635640,,,,,,,,,,69.575000,88.493333,85.336667,73.848333,69.575000,79.282268,59.867732,74.428634,64.721366
2026-08-10,72.100000,2026-05-15,2026-03-31,0.670000,1.900000,37.947368,54.354941,11.705497,58.793497,81.033942,103.274387,125.514832,147.755277,,,,,,,,,,69.205000,87.828333,85.435000,73.859583,69.205000,77.822357,60.587643,73.513679,64.896321
2026-08-11,67.800000,2026-05-15,2026-03-31,0.670000,1.900000,35.684211,54.217785,11.827424,58.069581,80.541686,103.013792,125.485898,147.958003,,,,,,,,,,68.810000,87.191667,85.513333,73.842917,68.810000,76.880714,60.739286,72.845357,64.774643
2026-08-12,71.200000,2026-05-15,2026-03-31,0.670000,1.900000,37.473684,54.111167,11.920629,57.512827,80.162022,102.811218,125.460413,148.109608,,,,,,,,,,68.485000,86.595000,85.637500,73.837917,68.485000,75.503254,61.466746,71.994127,64.975873
2026-08-13,69.700000,2026-05-15,2026-03-31,0.670000,1.900000,36.684211,53.986809,12.024359,56.882375,79.728656,102.574938,125.421219,148.267501,,,,,,,,,,68.200000,85.948333,85.736667,73.820000,68.200000,74.457627,61.942373,71.328813,65.071187
2026-08-14,69.200000,2026-08-14,2026-06-30,0.860000,2.600000,26.615385,53.787473,12.277655,76.003626,107.925528,139.847431,171.769333,203.691235,,,,,,,,,,68.190000,85.385000,85.841667,73.797500,68.190000,74.440187,61.939813,71.315094,65.064906
2026-08-17,69.100000,2026-08-14,2026-06-30,0.860000,2.600000,26.576923,53.595257,12.521228,74.237281,106.792475,139.347669,171.902863,204.458056,,,,,,,,,,68.195000,84.711667,85.954167,73.769167,68.195000,74.448075,61.941925,71.321538,65.068462
2026-08-18,66.800000,2026-08-14,2026-06-30,0.860000,2.600000,25.692308,53.383764,12.775961,72.362792,105.580290,138.797788,172.015286,205.232784,,,,,,,,,,67.960000,84.008333,86.034167,73.736250,67.960000,74.040997,61.879003,71.000499,64.919501
2026-08-19,65.900000,2026-08-14,2026-06-30,0.860000,2.600000,25.346154,53.150042,13.029813,70.435080,104.312595,138.190109,172.067624,205.945138,,,,,,,,,,67.695000,83.148333,86.085000,73.687500,67.695000,73.641950,61.748050,70.668475,64.721525
2026-08-20,65.800000,2026-08-14,2026-06-30,0.860000,2.600000,25.307692,52.918975,13.275404,68.557237,103.073286,137.589335,172.105384,206.621434,,,,,,,,,,67.475000,82.286667,86.138333,73.646250,67.475000,73.356953,61.593047,70.415976,64.534024
2026-08-21,65.000000,2026-08-14,2026-06-30,0.860000,2.600000,25.000000,52.649630,13.511124,66.631193,101.760115,136.889038,172.017960,207.146883,,,,,,,,,,67.340000,81.536667,86.145000,73.598333,67.340000,73.323275,61.356725,70.331637,64.348363
2026-08-24,65.200000,2026-08-14,2026-06-30,0.860000,2.600000,25.076923,52.350420,13.720985,64.761969,100.436530,136.111091,171.785652,207.460214,,,,,,,,,,67.175000,80.890000,86.119167,73.557083,67.175000,73.205405,61.144595,70.190203,64.159797
2026-08-25,64.100000,2026-08-14,2026-06-30,0.860000,2.600000,24.653846,52.055124,13.932711,62.893225,99.118274,135.343323,171.568373,207.793422,,,,,,,,,,67.175000,80.183333,86.092500,73.508750,67.175000,73.205405,61.144595,70.190203,64.159797
2026-08-26,66.500000,2026-08-14,2026-06-30,0.860000,2.600000,25.576923,51.803236,14.136122,61.180579,97.934496,134.688413,171.442330,208.196247,,,,,,,,,,67.415000,79.508333,86.125833,73.478333,67.415000,72.883869,61.946131,70.149434,64.680566
2026-08-27,69.700000,2026-08-14,2026-06-30,0.860000,2.600000,26.807692,51.559371,14.313180,59.625831,96.840098,134.054365,171.268632,208.482900,,,,,,,,,,67.895000,78.978333,86.183333,73.460417,67.895000,72.227727,63.562273,70.061364,65.728636
2026-08-28,76.600000,2026-08-14,2026-06-30,0.860000,2.600000,29.461538,51.291491,14.423933,58.353425,95.855651,133.357877,170.860103,208.362329,,,,,,,,,,68.420000,78.588333,86.246667,73.461667,68.420000,74.154696,62.685304,71.287348,65.552652
2026-08-31,74.500000,2026-08-14,2026-06-30,0.860000,2.600000,28.653846,51.019112,14.540738,57.037856,94.843774,132.649692,170.455611,208.261529,,,,,,,,,,68.770000,78.163333,86.295000,73.450000,68.770000,75.092591,62.447409,71.931296,65.608704
2026-09-01,73.500000,2026-08-14,2026-06-30,0.860000,2.600000,28.269231,50.692933,14.608803,55.835849,93.818738,131.801627,169.784516,207.767405,,,,,,,,,,68.990000,77.680000,86.278333,73.422500,68.990000,75.657723,62.322277,72.323861,65.656139
2026-09-02,72.500000,2026-08-14,2026-06-30,0.860000,2.600000,27.884615,50.308490,14.596843,54.898490,92.850282,130.802073,168.753865,206.705656,,,,,,,,,,69.145000,77.281667,86.191667,73.403750,69.145000,75.994502,62.295498,72.569751,65.720249
2026-09-03,70.300000,2026-08-14,2026-06-30,0.860000,2.600000,27.038462,49.937084,14.617355,53.826175,91.831297,129.836419,167.841540,205.846662,,,,,,,,,,69.195000,76.803333,86.109167,73.378333,69.195000,76.063839,62.326161,72.629419,65.760581
2026-09-04,71.600000,2026-08-14,2026-06-30,0.860000,2.600000,27.538462,49.564637,14.613900,52.875777,90.871916,128.868056,166.864195,204.860334,,,,,,,,,,69.355000,76.496667,86.031667,73.375833,69.355000,76.294581,62.415419,72.824791,65.885209
2026-09-07,71.800000,2026-08-14,2026-06-30,0.860000,2.600000,27.615385,49.175717,14.571426,52.085449,89.971157,127.856865,165.742573,203.628281,,,,,,,,,,69.340000,76.201667,85.936667,73.381250,69.340000,76.255855,62.424145,72.797928,65.882072
2026-09-08,73.700000,2026-08-14,2026-06-30,0.860000,2.600000,28.346154,48.795120,14.513455,51.397345,89.132328,126.867311,164.602295,202.337278,,,,,,,,,,69.635000,75.923333,85.860000,73.390833,69.635000,76.774003,62.495997,73.204502,66.065498
2026-09-09,73.900000,2026-08-14,2026-06-30,0.860000,2.600000,28.423077,48.401026,14.418110,50.868495,88.355582,125.842669,163.329755,200.816842,,,,,,,,,,69.770000,75.608333,85.769167,73.407917,69.770000,77.132237,62.407763,73.451118,66.088882
2026-09-10,70.600000,2026-08-14,2026-06-30,0.860000,2.600000,27.153846,48.025374,14.379179,50.094242,87.480107,124.865972,162.251837,199.637702,,,,,,,,,,69.815000,75.253333,85.683333,73.412917,69.815000,77.186431,62.443569,73.500716,66.129284
2026-09-11,68.500000,2026-08-14,2026-06-30,0.860000,2.600000,26.346154,47.661592,14.370768,49.192146,86.556142,123.920139,161.284135,198.648132,,,,,,,,,,69.780000,74.853333,85.600833,73.415417,69.780000,77.170349,62.389651,73.475175,66.084825
2026-09-14,67.800000,2026-08-14,2026-06-30,0.860000,2.600000,26.076923,47.303751,14.369143,48.270210,85.629981,122.989752,160.349523,197.709294,,,,,,,,,,69.715000,74.411667,85.521667,73.403750,69.715000,77.153244,62.276756,73.434122,65.995878
2026-09-15,66.800000,2026-08-14,2026-06-30,0.860000,2.600000,25.692308,46.958329,14.386427,47.282235,84.686946,122.091657,159.496368,196.901079,,,,,,,,,,69.715000,73.923333,85.451667,73.377083,69.715000,77.153244,62.276756,73.434122,65.995878
2026-09-16,68.500000,2026-08-14,2026-06-30,0.860000,2.600000,26.346154,46.604964,14.367431,46.462264,83.817586,121.172907,158.528228,195.883549,,,,,,,,,,69.845000,73.530000,85.380833,73.366250,69.845000,77.090899,62.599101,73.467950,66.222050
2026-09-17,68.800000,2026-08-14,2026-06-30,0.860000,2.600000,26.461538,46.262233,14.353188,45.645228,82.963517,120.281806,157.600094,194.918383,,,,,,,,,,69.995000,73.105000,85.323333,73.353333,69.995000,77.008813,62.981187,73.501907,66.488093
2026-09-18,68.700000,2026-08-14,2026-06-30,0.860000,2.600000,26.423077,45.918437,14.329970,44.872094,82.130015,119.387936,156.645858,193.903779,,,,,,,,,,70.180000,72.723333,85.264167,73.337083,70.180000,76.824539,63.535461,73.502269,66.857731
2026-09-21,70.500000,2026-08-14,2026-06-30,0.860000,2.600000,27.115385,45.587107,14.300972,44.161422,81.343950,118.526478,155.709006,192.891534,,,,,,,,,,70.445000,72.446667,85.227500,73.326250,70.445000,76.662285,64.227715,73.553642,67.336358
2026-09-22,69.300000,2026-08-14,2026-06-30,0.860000,2.600000,26.653846,45.418530,14.404422,43.185182,80.636680,118.088177,155.539675,192.991172,,,,,,,,,,70.705000,72.146667,85.203333,73.314167,70.705000,76.197761,65.212239,73.451380,67.958620
2026-09-23,72.600000,2026-08-14,2026-06-30,0.860000,2.600000,27.923077,45.255659,14.491292,42.309996,79.987355,117.664714,155.342073,193.019432,,,,,,,,,,71.010000,71.833333,85.199167,73.323333,71.010000,76.188051,65.831949,73.599025,68.420975
2026-09-24,73.300000,2026-08-14,2026-06-30,0.860000,2.600000,28.192308,45.094491,14.573074,41.465692,79.355685,117.245677,155.135670,193.025663,,,,,,,,,,71.190000,71.536667,85.200000,73.346250,71.190000,76.426270,65.953730,73.808135,68.571865
2026-09-29,72.700000,2026-08-14,2026-06-30,0.860000,2.600000,27.961538,44.951422,14.656758,40.658557,78.766127,116.873697,154.981267,193.088836,,,,,,,,,,70.995000,71.221667,85.226667,73.362083,70.995000,75.640077,66.349923,73.317538,68.672462
2026-09-30,75.300000,2026-08-14,2026-06-30,0.860000,2.600000,28.961538,44.779348,14.722664,39.868454,78.147380,116.426305,154.705230,192.984156,,,,,,,,,,71.035000,70.915000,85.217500,73.390417,71.035000,75.818865,66.251135,73.426933,68.643067
2026-10-01,74.200000,2026-08-14,2026-06-30,0.860000,2.600000,28.538462,44.612407,14.792715,39.070141,77.531199,115.992257,154.453315,192.914373,,,,,,,,,,71.070000,70.635000,85.212500,73.417917,71.070000,75.939281,66.200719,73.504640,68.635360
2026-10-02,74.000000,2026-08-14,2026-06-30,0.860000,2.600000,28.461538,44.404781,14.843432,38.266583,76.859507,115.452431,154.045354,192.638278,,,,,,,,,,71.145000,70.443333,85.144167,73.452083,71.145000,76.151301,66.138699,73.648151,68.641849
