# chart-version: skill-stock-dynamic-valuation-box@1.21.0; font: noto-sans-cjk-tc-v1; Updated: 2026-10-07 16:13 CST (1.21.0)
date,close,available_date,period_end,eps,ttm_eps,pe,pe_mean,pe_std,price_m2,price_m1,price_mean,price_p1,price_p2,forward_eps,forward_pe,forward_pe_mean,forward_pe_std,forward_price_m2,forward_price_m1,forward_price_mean,forward_price_p1,forward_price_p2,sma20,sma60,sma120,sma240,bband_mid,bband_upper2,bband_lower2,bband_upper1,bband_lower1
2023-10-11,43.650000,2023-08-14,2023-06-30,-1.220000,-4.420000,-9.875566,44.113892,143.008643,1069.213005,437.114802,-194.983401,-827.081605,-1459.179808,,,,,,,,,,44.890000,46.455000,48.496250,48.067917,44.890000,47.164712,42.615288,46.027356,43.752644
2023-10-12,43.800000,2023-08-14,2023-06-30,-1.220000,-4.420000,-9.909502,40.576184,138.959836,1049.058219,434.855742,-179.346735,-793.549212,-1407.751689,,,,,,,,,,44.815000,46.370000,48.412083,48.074375,44.815000,47.131326,42.498674,45.973163,43.656837
2023-10-13,43.450000,2023-08-14,2023-06-30,-1.220000,-4.420000,-9.830317,37.058368,134.749752,1027.389827,431.795921,-163.797985,-759.391890,-1354.985796,,,,,,,,,,44.682500,46.252500,48.327500,48.086458,44.682500,46.992495,42.372505,45.837498,43.527502
2023-10-16,43.000000,2023-08-14,2023-06-30,-1.220000,-4.420000,-9.728507,33.624733,130.548589,1005.428209,428.403445,-148.621318,-725.646082,-1302.670845,,,,,,,,,,44.527500,46.144167,48.250000,48.086458,44.527500,46.852982,42.202018,45.690241,43.364759
2023-10-17,42.950000,2023-08-14,2023-06-30,-1.220000,-4.420000,-9.717195,30.274525,126.357747,983.189082,424.687840,-133.813401,-692.314643,-1250.815885,,,,,,,,,,44.340000,46.041667,48.182917,48.086250,44.340000,46.528631,42.151369,45.434315,43.245685
2023-10-18,43.400000,2023-08-14,2023-06-30,-1.220000,-4.420000,-9.819005,26.885008,121.813503,957.999634,419.583950,-118.831735,-657.247419,-1195.663104,,,,,,,,,,44.190000,45.932500,48.114583,48.085208,44.190000,46.186998,42.193002,45.188499,43.191501
2023-10-19,42.350000,2023-08-14,2023-06-30,-1.220000,-4.420000,-9.581448,23.619265,117.377139,933.216754,414.409801,-104.397151,-623.204104,-1142.011057,,,,,,,,,,43.977500,45.819167,48.053333,48.081667,43.977500,45.790748,42.164252,44.884124,43.070876
2023-10-20,41.900000,2023-08-14,2023-06-30,-1.220000,-4.420000,-9.479638,20.367191,112.712173,906.352628,408.164822,-90.022985,-588.210791,-1086.398597,,,,,,,,,,43.782500,45.710000,47.990000,48.075833,43.782500,45.609282,41.955718,44.695891,42.869109
2023-10-23,41.650000,2023-08-14,2023-06-30,-1.220000,-4.420000,-9.423077,17.125204,107.779225,877.074943,400.690771,-75.693401,-552.077574,-1028.461746,,,,,,,,,,43.580000,45.595833,47.925833,48.073750,43.580000,45.409697,41.750303,44.494848,42.665152
2023-10-24,42.100000,2023-08-14,2023-06-30,-1.220000,-4.420000,-9.524887,13.847112,102.378580,843.822409,391.309087,-61.204235,-513.717556,-966.230878,,,,,,,,,,43.455000,45.484167,47.860833,48.072708,43.455000,45.332260,41.577740,44.393630,42.516370
2023-10-25,42.500000,2023-08-14,2023-06-30,-1.220000,-4.420000,-9.615385,10.555445,96.514623,806.534197,379.939565,-46.655068,-473.249701,-899.844333,,,,,,,,,,43.330000,45.360000,47.797500,48.075625,43.330000,45.104201,41.555799,44.217101,42.442899
2023-10-26,41.700000,2023-08-14,2023-06-30,-1.220000,-4.420000,-9.434389,7.303748,90.310675,766.063797,366.890614,-32.282568,-431.455751,-830.628933,,,,,,,,,,43.170000,45.229167,47.732500,48.077500,43.170000,44.925113,41.414887,44.047556,42.292444
2023-10-27,41.650000,2023-08-14,2023-06-30,-1.220000,-4.420000,-9.423077,4.045736,83.491083,720.179020,351.148435,-17.882151,-386.912737,-755.943323,,,,,,,,,,43.032500,45.099167,47.666250,48.073542,43.032500,44.812587,41.252413,43.922544,42.142456
2023-10-30,41.700000,2023-08-14,2023-06-30,-1.220000,-4.420000,-9.434389,0.822885,76.098751,669.075804,332.719326,-3.637151,-339.993629,-676.350107,,,,,,,,,,42.907500,44.934167,47.605000,48.078333,42.907500,44.693491,41.121509,43.800495,42.014505
2023-10-31,41.200000,2023-08-14,2023-06-30,-1.220000,-4.420000,-9.321267,-2.306074,68.267437,613.676989,311.934919,10.192849,-291.549222,-593.291292,,,,,,,,,,42.772500,44.774167,47.551667,48.078750,42.772500,44.648519,40.896481,43.710510,41.834490
2023-11-01,42.250000,2023-08-14,2023-06-30,-1.220000,-4.420000,-9.558824,-5.440218,59.226121,547.604675,285.825220,24.045765,-237.733690,-499.513144,,,,,,,,,,42.677500,44.648333,47.506667,48.082500,42.677500,44.449349,40.905651,43.563424,41.791576
2023-11-02,42.850000,2023-08-14,2023-06-30,-1.220000,-4.420000,-9.694570,-8.559468,48.449025,466.122233,251.977541,37.832849,-176.311844,-390.456536,,,,,,,,,,42.627500,44.542500,47.468750,48.084167,42.627500,44.314439,40.940561,43.470969,41.784031
2023-11-03,43.650000,2023-08-14,2023-06-30,-1.220000,-4.420000,-9.875566,-11.632149,34.690896,358.081622,204.747860,51.414099,-101.919663,-255.253425,,,,,,,,,,42.667500,44.468333,47.443750,48.089792,42.667500,44.413556,40.921444,43.540528,41.794472
2023-11-06,43.650000,2023-08-14,2023-06-30,-1.220000,-4.420000,-9.875566,-14.730471,4.601026,105.781750,85.445216,65.108682,44.772148,24.435614,,,,,,,,,,42.655000,44.395833,47.415417,48.098542,42.655000,44.367155,40.942845,43.511077,41.798923
2023-11-07,43.200000,2023-08-14,2023-06-30,-1.220000,-4.420000,-9.773756,-14.664422,4.614913,105.612574,85.214660,64.816746,44.418832,24.020918,,,,,,,,,,42.630000,44.335000,47.387500,48.105000,42.630000,44.291768,40.968232,43.460884,41.799116
2023-11-08,43.650000,2023-08-14,2023-06-30,-1.220000,-4.420000,-9.875566,-14.595895,4.624530,105.394700,84.954277,64.513855,44.073432,23.633009,,,,,,,,,,42.630000,44.285833,47.354583,48.107917,42.630000,44.291768,40.968232,43.460884,41.799116
2023-11-09,43.150000,2023-08-14,2023-06-30,-1.220000,-4.420000,-9.762443,-14.524048,4.632149,105.144492,84.670392,64.196293,43.722193,23.248094,,,,,,,,,,42.597500,44.250833,47.311250,48.103333,42.597500,44.186765,41.008235,43.392132,41.802868
2023-11-10,42.650000,2023-08-14,2023-06-30,-1.220000,-4.420000,-9.649321,-14.450942,4.639334,104.884878,84.379021,63.873164,43.367307,22.861450,,,,,,,,,,42.557500,44.208333,47.262917,48.095833,42.557500,44.095877,41.019123,43.326689,41.788311
2023-11-13,42.950000,2023-08-14,2023-06-30,-1.220000,-4.420000,-9.717195,-14.377926,4.644351,104.606499,84.078466,63.550434,43.022402,22.494369,,,,,,,,,,42.555000,44.179167,47.215833,48.087500,42.555000,44.090510,41.019490,43.322755,41.787245
2023-11-14,43.100000,2023-11-14,2023-09-30,-0.890000,-4.830000,-8.923395,-14.295761,4.652969,113.996206,91.522365,69.048524,46.574683,24.100842,,,,,,,,,,42.562500,44.142500,47.163333,48.075417,42.562500,44.107569,41.017431,43.335034,41.789966
2023-11-15,44.550000,2023-11-14,2023-09-30,-0.890000,-4.830000,-9.223602,-14.215621,4.656853,113.646655,91.154054,68.661452,46.168850,23.676248,,,,,,,,,,42.620000,44.135000,47.121667,48.068542,42.620000,44.368503,40.871497,43.494252,41.745748
2023-11-16,44.600000,2023-11-14,2023-09-30,-0.890000,-4.830000,-9.233954,-14.135093,4.658766,113.276181,90.774341,68.272500,45.770660,23.268820,,,,,,,,,,42.732500,44.134167,47.079167,48.060625,42.732500,44.685440,40.779560,43.708970,41.756030
2023-11-17,44.700000,2023-11-14,2023-09-30,-0.890000,-4.830000,-9.254658,-14.054421,4.658762,112.886490,90.384671,67.882852,45.381033,22.879214,,,,,,,,,,42.872500,44.139167,47.036667,48.053125,42.872500,44.970237,40.774763,43.921368,41.823632
2023-11-20,45.050000,2023-11-14,2023-09-30,-0.890000,-4.830000,-9.327122,-13.975936,4.658405,112.503963,90.003868,67.503773,45.003677,22.503582,,,,,,,,,,43.042500,44.144167,47.001250,48.050208,43.042500,45.270143,40.814857,44.156322,41.928678
2023-11-21,45.050000,2023-11-14,2023-09-30,-0.890000,-4.830000,-9.327122,-13.895551,4.654671,112.079629,89.597570,67.115511,44.633451,22.151392,,,,,,,,,,43.190000,44.145000,46.960833,48.048125,43.190000,45.542065,40.837935,44.366033,42.013967
2023-11-22,45.150000,2023-11-14,2023-09-30,-0.890000,-4.830000,-9.347826,-13.809634,4.642552,111.547589,89.124062,66.700534,44.277007,21.853480,,,,,,,,,,43.322500,44.150000,46.906250,48.045625,43.322500,45.805807,40.839193,44.564154,42.080846
2023-11-23,45.350000,2023-11-14,2023-09-30,-0.890000,-4.830000,-9.389234,-13.725647,4.630481,111.025328,88.660102,66.294877,43.929652,21.564426,,,,,,,,,,43.505000,44.162500,46.857500,48.042917,43.505000,46.022497,40.987503,44.763748,42.246252
2023-11-24,45.600000,2023-11-14,2023-09-30,-0.890000,-4.830000,-9.440994,-13.640824,4.614806,110.464208,88.174694,65.885181,43.595668,21.306154,,,,,,,,,,43.702500,44.169167,46.807500,48.039167,43.702500,46.227006,41.177994,44.964753,42.440247
2023-11-27,44.900000,2023-11-14,2023-09-30,-0.890000,-4.830000,-9.296066,-13.555427,4.599446,109.903360,87.688036,65.472713,43.257389,21.042066,,,,,,,,,,43.862500,44.154167,46.753333,48.034792,43.862500,46.254785,41.470215,45.058642,42.666358
2023-11-28,45.750000,2023-11-14,2023-09-30,-0.890000,-4.830000,-9.472050,-13.467694,4.575833,109.251507,87.150235,65.048963,42.947691,20.846419,,,,,,,,,,44.090000,44.159167,46.696250,48.035000,44.090000,46.272370,41.907630,45.181185,42.998815
2023-11-29,45.850000,2023-11-14,2023-09-30,-0.890000,-4.830000,-9.492754,-13.379817,4.549776,108.575356,86.599936,64.624516,42.649096,20.673675,,,,,,,,,,44.270000,44.145000,46.639167,48.034792,44.270000,46.406746,42.133254,45.338373,43.201627
2023-11-30,45.850000,2023-11-14,2023-09-30,-0.890000,-4.830000,-9.492754,-13.290989,4.520406,107.862597,86.029037,64.195477,42.361918,20.528358,,,,,,,,,,44.420000,44.143333,46.579583,48.030000,44.420000,46.558224,42.281776,45.489112,43.350888
2023-12-01,45.500000,2023-11-14,2023-09-30,-0.890000,-4.830000,-9.420290,-13.203459,4.492497,107.170224,85.471465,63.772705,42.073945,20.375185,,,,,,,,,,44.512500,44.128333,46.522083,48.022500,44.512500,46.670441,42.354559,45.591471,43.433529
2023-12-04,45.600000,2023-11-14,2023-09-30,-0.890000,-4.830000,-9.440994,-13.115784,4.462050,106.452638,84.900937,63.349235,41.797534,20.245832,,,,,,,,,,44.610000,44.116667,46.464583,48.013750,44.610000,46.780035,42.439965,45.695018,43.524982
2023-12-05,45.150000,2023-11-14,2023-09-30,-0.890000,-4.830000,-9.347826,-13.029234,4.433237,105.756264,84.343731,62.931198,41.518665,20.106132,,,,,,,,,,44.707500,44.105833,46.408333,48.000833,44.707500,46.784004,42.630996,45.745752,43.669248
2023-12-06,44.950000,2023-11-14,2023-09-30,-0.890000,-4.830000,-9.306418,-12.938853,4.397212,104.971724,83.733192,62.494660,41.256128,20.017596,,,,,,,,,,44.772500,44.097500,46.341250,47.991875,44.772500,46.790178,42.754822,45.781339,43.763661
2023-12-07,44.250000,2023-11-14,2023-09-30,-0.890000,-4.830000,-9.161491,-12.849166,4.363169,104.209687,83.135579,62.061471,40.987362,19.913254,,,,,,,,,,44.827500,44.080000,46.273333,47.984167,44.827500,46.714708,42.940292,45.771104,43.883896
2023-12-08,44.600000,2023-11-14,2023-09-30,-0.890000,-4.830000,-9.233954,-12.762300,4.330117,103.470838,82.556374,61.641911,40.727448,19.812984,,,,,,,,,,44.925000,44.055000,46.214167,47.975833,44.925000,46.516920,43.333080,45.720960,44.129040
2023-12-11,44.200000,2023-11-14,2023-09-30,-0.890000,-4.830000,-9.151139,-12.673161,4.292969,102.681447,81.946407,61.211366,40.476325,19.741285,,,,,,,,,,44.987500,44.023333,46.147500,47.966458,44.987500,46.331835,43.643165,45.659668,44.315332
2023-12-12,44.250000,2023-11-14,2023-09-30,-0.890000,-4.830000,-9.161491,-12.579037,4.244435,101.757994,81.257373,60.756751,40.256129,19.755508,,,,,,,,,,45.045000,43.982500,46.067917,47.958750,45.045000,46.121006,43.968994,45.583003,44.506997
2023-12-13,44.700000,2023-11-14,2023-09-30,-0.890000,-4.830000,-9.254658,-12.487909,4.196776,100.857458,80.587028,60.316599,40.046170,19.775740,,,,,,,,,,45.052500,43.954167,45.997917,47.943958,45.052500,46.115997,43.989003,45.584249,44.520751
2023-12-14,45.200000,2023-11-14,2023-09-30,-0.890000,-4.830000,-9.358178,-12.397643,4.145902,99.930031,79.905322,59.880614,39.855905,19.831197,,,,,,,,,,45.082500,43.930833,45.932083,47.927292,45.082500,46.125913,44.039087,45.604206,44.560794
2023-12-15,45.350000,2023-11-14,2023-09-30,-0.890000,-4.830000,-9.389234,-12.307635,4.092202,98.976550,79.211214,59.445878,39.680542,19.915206,,,,,,,,,,45.115000,43.923333,45.867500,47.912708,45.115000,46.148695,44.081305,45.631848,44.598152
2023-12-18,44.650000,2023-11-14,2023-09-30,-0.890000,-4.830000,-9.244306,-12.221490,4.046337,98.117416,78.573606,59.029796,39.485986,19.942176,,,,,,,,,,45.095000,43.905833,45.810417,47.895833,45.095000,46.149265,44.040735,45.622132,44.567868
2023-12-19,43.400000,2023-11-14,2023-09-30,-0.890000,-4.830000,-8.985507,-12.134138,4.001489,97.262269,77.935079,58.607889,39.280699,19.953509,,,,,,,,,,45.012500,43.885833,45.745417,47.874792,45.012500,46.311437,43.713563,45.661968,44.363032
2023-12-20,43.650000,2023-11-14,2023-09-30,-0.890000,-4.830000,-9.037267,-12.046585,3.952646,96.367567,77.276286,58.185004,39.093722,20.002440,,,,,,,,,,44.937500,43.863333,45.680833,47.861875,44.937500,46.369420,43.505580,45.653460,44.221540
2023-12-21,43.400000,2023-11-14,2023-09-30,-0.890000,-4.830000,-8.985507,-11.956698,3.897755,95.403167,76.577010,57.750853,38.924696,20.098538,,,,,,,,,,44.840000,43.838333,45.609167,47.846875,44.840000,46.412326,43.267674,45.626163,44.053837
2023-12-22,44.000000,2023-11-14,2023-09-30,-0.890000,-4.830000,-9.109731,-11.869115,3.841797,94.439581,75.883702,57.327824,38.771945,20.216067,,,,,,,,,,44.760000,43.831667,45.545833,47.834167,44.760000,46.332326,43.187674,45.546163,43.973837
2023-12-25,45.600000,2023-11-14,2023-09-30,-0.890000,-4.830000,-9.440994,-11.784925,3.782439,93.459549,75.190369,56.921189,38.652009,20.382829,,,,,,,,,,44.795000,43.855000,45.497500,47.830000,44.795000,46.411005,43.178995,45.603003,43.986997
2023-12-26,46.100000,2023-11-14,2023-09-30,-0.890000,-4.830000,-9.544513,-11.702549,3.721703,92.474962,74.499137,56.523312,38.547486,20.571661,,,,,,,,,,44.812500,43.891667,45.455833,47.828750,44.812500,46.478846,43.146154,45.645673,43.979327
2023-12-27,46.250000,2023-11-14,2023-09-30,-0.890000,-4.830000,-9.575569,-11.622966,3.663288,91.526291,73.832609,56.138928,38.445246,20.751565,,,,,,,,,,44.832500,43.926667,45.422083,47.827292,44.832500,46.559766,43.105234,45.696133,43.968867
2023-12-28,46.150000,2023-11-14,2023-09-30,-0.890000,-4.830000,-9.554865,-11.545905,3.607839,90.618444,73.192582,55.766719,38.340857,20.914995,,,,,,,,,,44.847500,43.965000,45.394583,47.829583,44.847500,46.616673,43.078327,45.732087,43.962913
2023-12-29,46.300000,2023-11-14,2023-09-30,-0.890000,-4.830000,-9.585921,-11.470527,3.552632,89.721076,72.561862,55.402648,38.243434,21.084220,,,,,,,,,,44.887500,44.022500,45.372083,47.835417,44.887500,46.752376,43.022624,45.819938,43.955062
2024-01-02,46.350000,2023-11-14,2023-09-30,-0.890000,-4.830000,-9.596273,-11.393969,3.492195,88.767474,71.900173,55.032871,38.165570,21.298268,,,,,,,,,,44.925000,44.063333,45.346667,47.842083,44.925000,46.878270,42.971730,45.901635,43.948365
2024-01-03,45.050000,2023-11-14,2023-09-30,-0.890000,-4.830000,-9.327122,-11.316277,3.432605,87.816581,71.237100,54.657618,38.078136,21.498654,,,,,,,,,,44.920000,44.085833,45.313333,47.841875,44.920000,46.871356,42.968644,45.895678,43.944322
2024-01-04,44.700000,2023-11-14,2023-09-30,-0.890000,-4.830000,-9.254658,-11.238773,3.372253,86.859239,70.571256,54.283274,37.995291,21.707308,,,,,,,,,,44.907500,44.103333,45.279167,47.833958,44.907500,46.861248,42.953752,45.884374,43.930626
2024-01-05,45.600000,2023-11-14,2023-09-30,-0.890000,-4.830000,-9.440994,-11.162505,3.307397,85.864351,69.889625,53.914899,37.940173,21.965447,,,,,,,,,,44.975000,44.133333,45.251667,47.823750,44.975000,46.926383,43.023617,45.950691,43.999309
2024-01-08,46.600000,2023-11-14,2023-09-30,-0.890000,-4.830000,-9.648033,-11.082893,3.226249,84.695936,69.113153,53.530371,37.947589,22.364807,,,,,,,,,,45.075000,44.185833,45.219167,47.825208,45.075000,47.146740,43.003260,46.110870,44.039130
2024-01-09,45.250000,2023-11-14,2023-09-30,-0.890000,-4.830000,-9.368530,-11.004120,3.150223,83.581052,68.365475,53.149897,37.934320,22.718743,,,,,,,,,,45.127500,44.223333,45.183750,47.812292,45.127500,47.158697,43.096303,46.143099,44.111901
2024-01-10,44.500000,2023-11-14,2023-09-30,-0.890000,-4.830000,-9.213251,-10.925320,3.074226,82.466323,67.617809,52.769295,37.920782,23.072268,,,,,,,,,,45.140000,44.249167,45.145417,47.788958,45.140000,47.151441,43.128559,46.145720,44.134280
2024-01-11,45.050000,2023-11-14,2023-09-30,-0.890000,-4.830000,-9.327122,-10.844776,2.986456,81.229433,66.804851,52.380268,37.955686,23.531104,,,,,,,,,,45.157500,44.276667,45.104583,47.767500,45.157500,47.158888,43.156112,46.158194,44.156806
2024-01-12,44.350000,2023-11-14,2023-09-30,-0.890000,-4.830000,-9.182195,-10.765559,2.901525,80.026385,66.012018,51.997651,37.983284,23.968917,,,,,,,,,,45.115000,44.310000,45.064583,47.746875,45.115000,47.148431,43.081569,46.131716,44.098284
2024-01-15,44.600000,2023-11-14,2023-09-30,-0.890000,-4.830000,-9.233954,-10.688992,2.817806,78.847833,65.237831,51.627830,38.017829,24.407827,,,,,,,,,,45.077500,44.355000,45.032500,47.729167,45.077500,47.120324,43.034676,46.098912,44.056088
2024-01-16,43.650000,2023-11-14,2023-09-30,-0.890000,-4.830000,-9.037267,-10.610627,2.729792,77.619119,64.434223,51.249327,38.064431,24.879535,,,,,,,,,,45.027500,44.388333,44.992083,47.707917,45.027500,47.161307,42.893693,46.094403,43.960597
2024-01-17,42.600000,2023-11-14,2023-09-30,-0.890000,-4.830000,-8.819876,-10.529500,2.634710,76.308781,63.583132,50.857483,38.131834,25.406185,,,,,,,,,,44.987500,44.396667,44.940417,47.682292,44.987500,47.274275,42.700725,46.130888,43.844112
2024-01-18,42.500000,2023-11-14,2023-09-30,-0.890000,-4.830000,-8.799172,-10.444556,2.521453,74.804444,62.625825,50.447206,38.268587,26.089967,,,,,,,,,,44.930000,44.396667,44.878333,47.654583,44.930000,47.408200,42.451800,46.169100,43.690900
2024-01-19,43.050000,2023-11-14,2023-09-30,-0.890000,-4.830000,-8.913043,-10.361829,2.403788,73.268221,61.657927,50.047634,38.437340,26.827046,,,,,,,,,,44.912500,44.419167,44.824167,47.625625,44.912500,47.440631,42.384369,46.176566,43.648434
2024-01-22,42.600000,2023-11-14,2023-09-30,-0.890000,-4.830000,-8.819876,-10.278642,2.278712,71.658204,60.652023,49.645842,38.639661,27.633479,,,,,,,,,,44.842500,44.435000,44.767083,47.589792,44.842500,47.548298,42.136702,46.195399,43.489601
2024-01-23,42.850000,2023-11-14,2023-09-30,-0.890000,-4.830000,-8.871636,-10.189074,2.113723,69.631798,59.422514,49.213229,39.003945,28.794661,,,,,,,,,,44.705000,44.454167,44.694167,47.555833,44.705000,47.525769,41.884231,46.115384,43.294616
2024-01-24,43.750000,2023-11-14,2023-09-30,-0.890000,-4.830000,-9.057971,-10.103594,1.941975,67.559837,58.180099,48.800360,39.420622,30.040883,,,,,,,,,,44.587500,44.496667,44.635417,47.527708,44.587500,47.358947,41.816053,45.973224,43.201776
2024-01-25,43.400000,2023-11-14,2023-09-30,-0.890000,-4.830000,-8.985507,-10.020679,1.766175,65.461133,56.930506,48.399878,39.869251,31.338624,,,,,,,,,,44.445000,44.515833,44.582083,47.499375,44.445000,47.148779,41.741221,45.796890,43.093110
2024-01-26,42.950000,2023-11-14,2023-09-30,-0.890000,-4.830000,-8.892340,-9.938888,1.577734,63.245738,55.625284,48.004829,40.384375,32.763921,,,,,,,,,,44.285000,44.517500,44.530000,47.468333,44.285000,46.942284,41.627716,45.613642,42.956358
2024-01-29,42.600000,2023-11-14,2023-09-30,-0.890000,-4.830000,-8.819876,-9.859979,1.381149,60.965596,54.294647,47.623698,40.952749,34.281800,,,,,,,,,,44.100000,44.500000,44.484167,47.436250,44.100000,46.680698,41.519302,45.390349,42.809651
2024-01-30,42.000000,2023-11-14,2023-09-30,-0.890000,-4.830000,-8.695652,-9.780351,1.149306,58.341389,52.790243,47.239097,41.687952,36.136806,,,,,,,,,,43.882500,44.472500,44.434167,47.405000,43.882500,46.397147,41.367853,45.139823,42.625177
2024-01-31,42.050000,2023-11-14,2023-09-30,-0.890000,-4.830000,-8.706004,-9.704454,0.884583,55.417584,51.145049,46.872513,42.599978,38.327442,,,,,,,,,,43.732500,44.453333,44.394167,47.377708,43.732500,46.311009,41.153991,45.021755,42.443245
2024-02-01,42.300000,2023-11-14,2023-09-30,-0.890000,-4.830000,-8.757764,-9.629780,0.494643,51.290094,48.900966,46.511838,44.122710,41.733582,,,,,,,,,,43.612500,44.430833,44.358333,47.351458,43.612500,46.224592,41.000408,44.918546,42.306454
2024-02-02,42.400000,2023-11-14,2023-09-30,-0.890000,-4.830000,-8.778468,-9.617621,0.497503,51.258988,48.856049,46.453110,44.050171,41.647232,,,,,,,,,,43.452500,44.418333,44.334583,47.325208,43.452500,45.941100,40.963900,44.696800,42.208200
2024-02-05,41.950000,2023-11-14,2023-09-30,-0.890000,-4.830000,-8.685300,-9.604780,0.501532,51.235887,48.813487,46.391087,43.968687,41.546287,,,,,,,,,,43.220000,44.406667,44.307500,47.298542,43.220000,45.306902,41.133098,44.263451,42.176549
2024-02-15,43.350000,2023-11-14,2023-09-30,-0.890000,-4.830000,-8.975155,-9.595297,0.502597,51.200369,48.772826,46.345284,43.917741,41.490198,,,,,,,,,,43.125000,44.413333,44.296250,47.273333,43.125000,44.983267,41.266733,44.054134,42.195866
2024-02-16,43.700000,2023-11-14,2023-09-30,-0.890000,-4.830000,-9.047619,-9.585286,0.501432,51.140762,48.718848,46.296933,43.875019,41.453105,,,,,,,,,,43.085000,44.423333,44.282917,47.247917,43.085000,44.850786,41.319214,43.967893,42.202107
2024-02-19,45.100000,2023-11-14,2023-09-30,-0.890000,-4.830000,-9.337474,-9.578257,0.498917,51.082516,48.672749,46.262982,43.853215,41.443448,,,,,,,,,,43.087500,44.432500,44.283750,47.225833,43.087500,44.865102,41.309898,43.976301,42.198699
2024-02-20,44.750000,2023-11-14,2023-09-30,-0.890000,-4.830000,-9.265010,-9.571284,0.497383,51.034020,48.631660,46.229301,43.826941,41.424581,,,,,,,,,,43.107500,44.435000,44.284583,47.203542,43.107500,44.952629,41.262371,44.030064,42.184936
2024-02-21,44.650000,2023-11-14,2023-09-30,-0.890000,-4.830000,-9.244306,-9.564609,0.496342,50.991728,48.594395,46.197063,43.799730,41.402397,,,,,,,,,,43.110000,44.434167,44.286667,47.184792,43.110000,44.963759,41.256241,44.036879,42.183121
2024-02-22,44.950000,2023-11-14,2023-09-30,-0.890000,-4.830000,-9.306418,-9.557792,0.494202,50.938125,48.551131,46.164137,43.777144,41.390150,,,,,,,,,,43.175000,44.432500,44.288333,47.163333,43.175000,45.192424,41.157576,44.183712,42.166288
2024-02-23,44.300000,2023-11-14,2023-09-30,-0.890000,-4.830000,-9.171843,-9.549383,0.492089,50.877103,48.500311,46.123519,43.746727,41.369935,,,,,,,,,,43.260000,44.420000,44.282500,47.143125,43.260000,45.318257,41.201743,44.289128,42.230872
2024-02-26,43.450000,2023-11-14,2023-09-30,-0.890000,-4.830000,-8.995859,-9.539789,0.491561,50.825661,48.451422,46.077183,43.702944,41.328706,,,,,,,,,,43.307500,44.391667,44.270833,47.127708,43.307500,45.335534,41.279466,44.321517,42.293483
2024-02-27,43.000000,2023-11-14,2023-09-30,-0.890000,-4.830000,-8.902692,-9.529891,0.492337,50.785348,48.407361,46.029374,43.651387,41.273400,,,,,,,,,,43.305000,44.352500,44.257500,47.113333,43.305000,45.334493,41.275507,44.319747,42.290253
2024-02-29,42.900000,2023-11-14,2023-09-30,-0.890000,-4.830000,-8.881988,-9.518689,0.491652,50.724626,48.349947,45.975268,43.600589,41.225909,,,,,,,,,,43.320000,44.307500,44.238333,47.089375,43.320000,45.331912,41.308088,44.325956,42.314044
2024-03-01,42.000000,2023-11-14,2023-09-30,-0.890000,-4.830000,-8.695652,-9.504803,0.491165,50.652856,48.280527,45.908198,43.535869,41.163539,,,,,,,,,,43.277500,44.259167,44.206667,47.055625,43.277500,45.365681,41.189319,44.321591,42.233409
2024-03-04,41.500000,2023-11-14,2023-09-30,-0.890000,-4.830000,-8.592133,-9.490714,0.492906,50.601623,48.220885,45.840148,43.459411,41.078673,,,,,,,,,,43.165000,44.188333,44.173750,47.018125,43.165000,45.384317,40.945683,44.274659,42.055341
2024-03-05,42.350000,2023-11-14,2023-09-30,-0.890000,-4.830000,-8.768116,-9.475735,0.487246,50.474597,48.121198,45.767799,43.414400,41.061001,,,,,,,,,,43.112500,44.130000,44.137500,46.981667,43.112500,45.357934,40.867066,44.235217,41.989783
2024-03-06,41.950000,2023-11-14,2023-09-30,-0.890000,-4.830000,-8.685300,-9.461480,0.485117,50.385178,48.042062,45.698946,43.355830,41.012714,,,,,,,,,,43.062500,44.065000,44.104167,46.948125,43.062500,45.366929,40.758071,44.214715,41.910285
2024-03-07,40.950000,2023-11-14,2023-09-30,-0.890000,-4.830000,-8.478261,-9.444651,0.483894,50.292074,47.954868,45.617662,43.280456,40.943251,,,,,,,,,,42.980000,43.989167,44.058750,46.916667,42.980000,45.465198,40.494802,44.222599,41.737401
2024-03-08,40.150000,2023-11-14,2023-09-30,-0.890000,-4.830000,-8.312629,-9.426630,0.485460,50.220162,47.875392,45.530622,43.185852,40.841082,,,,,,,,,,42.887500,43.898333,44.007500,46.880417,42.887500,45.648673,40.126327,44.268087,41.506913
2024-03-11,40.700000,2023-11-14,2023-09-30,-0.890000,-4.830000,-8.426501,-9.410501,0.486274,50.150123,47.801421,45.452719,43.104017,40.755315,,,,,,,,,,42.820000,43.824167,43.965000,46.849375,42.820000,45.729404,39.910596,44.274702,41.365298
2024-03-12,41.000000,2023-11-14,2023-09-30,-0.890000,-4.830000,-8.488613,-9.395549,0.486810,50.083090,47.731796,45.380502,43.029209,40.677915,,,,,,,,,,42.755000,43.758333,43.927917,46.820208,42.755000,45.769509,39.740491,44.262254,41.247746
2024-03-13,40.200000,2023-11-14,2023-09-30,-0.890000,-4.830000,-8.322981,-9.379500,0.490176,50.038089,47.670537,45.302985,42.935434,40.567882,,,,,,,,,,42.645000,43.690833,43.885417,46.788750,42.645000,45.867438,39.422562,44.256219,41.033781
2024-03-14,39.900000,2023-11-14,2023-09-30,-0.890000,-4.830000,-8.260870,-9.361425,0.491109,49.959792,47.587738,45.215683,42.843629,40.471574,,,,,,,,,,42.542500,43.612500,43.833750,46.753958,42.542500,45.981177,39.103823,44.261839,40.823161
2024-03-15,39.650000,2023-11-14,2023-09-30,-0.890000,-4.830000,-8.209110,-9.342919,0.492349,49.882390,47.504344,45.126298,42.748252,40.370206,,,,,,,,,,42.357500,43.536667,43.780000,46.715833,42.357500,46.005033,38.709967,44.181267,40.533733
2024-03-18,40.000000,2023-11-14,2023-09-30,-0.890000,-4.830000,-8.281573,-9.323885,0.488820,49.756371,47.395368,45.034366,42.673363,40.312360,,,,,,,,,,42.172500,43.465833,43.724167,46.677292,42.172500,45.907607,38.437393,44.040054,40.304946
2024-03-19,39.900000,2023-11-14,2023-09-30,-0.890000,-4.830000,-8.260870,-9.305245,0.486325,49.642227,47.293279,44.944332,42.595384,40.246436,,,,,,,,,,41.912500,43.385833,43.670000,46.631042,41.912500,45.511019,38.313981,43.711760,40.113240
2024-03-20,39.900000,2023-11-14,2023-09-30,-0.890000,-4.830000,-8.260870,-9.286227,0.482119,49.509745,47.181111,44.852476,42.523842,40.195208,,,,,,,,,,41.670000,43.297500,43.614167,46.586042,41.670000,45.113743,38.226257,43.391872,39.948128
2024-03-21,40.250000,2023-11-14,2023-09-30,-0.890000,-4.830000,-8.333333,-9.269322,0.479641,49.404158,47.087491,44.770823,42.454155,40.137488,,,,,,,,,,41.450000,43.212500,43.567917,46.521667,41.450000,44.645391,38.254609,43.047696,39.852304
2024-03-22,40.050000,2023-11-14,2023-09-30,-0.890000,-4.830000,-8.291925,-9.252260,0.477670,49.302701,46.995557,44.688413,42.381270,40.074126,,,,,,,,,,41.205000,43.135833,43.520833,46.463542,41.205000,43.996321,38.413679,42.600661,39.809339
2024-03-25,39.800000,2023-11-14,2023-09-30,-0.890000,-4.830000,-8.240166,-9.236840,0.480241,49.253068,46.933503,44.613938,42.294372,39.974807,,,,,,,,,,40.980000,43.075833,43.480833,46.407292,40.980000,43.424844,38.535156,42.202422,39.757578
2024-03-26,38.600000,2023-11-14,2023-09-30,-0.890000,-4.830000,-7.991718,-9.218596,0.485626,49.216970,46.871395,44.525819,42.180244,39.834668,,,,,,,,,,40.737500,42.991667,43.427500,46.346875,40.737500,43.111897,38.363103,41.924699,39.550301
2024-03-27,39.000000,2023-11-14,2023-09-30,-0.890000,-4.830000,-8.074534,-9.201231,0.488985,49.165539,46.803742,44.441945,42.080148,39.718350,,,,,,,,,,40.537500,42.918333,43.378333,46.288125,40.537500,42.779650,38.295350,41.658575,39.416425
2024-03-28,38.650000,2023-11-14,2023-09-30,-0.890000,-4.830000,-8.002070,-9.184204,0.494885,49.140300,46.750003,44.359707,41.969410,39.579114,,,,,,,,,,40.325000,42.829167,43.330417,46.227500,40.325000,42.425501,38.224499,41.375251,39.274749
2024-03-29,38.300000,2023-11-14,2023-09-30,-0.890000,-4.830000,-7.929607,-9.166951,0.502241,49.128019,46.702196,44.276373,41.850551,39.424728,,,,,,,,,,40.140000,42.707500,43.281250,46.169167,40.140000,42.270876,38.009124,41.205438,39.074562
2024-04-01,39.500000,2024-03-31,2023-12-31,-5.270000,-9.030000,-4.374308,-9.120636,0.661954,94.314229,88.336786,82.359342,76.381898,70.404455,,,,,,,,,,40.040000,42.597500,43.244583,46.115417,40.040000,42.088260,37.991740,41.064130,39.015870
2024-04-02,39.050000,2024-03-31,2023-12-31,-5.270000,-9.030000,-4.324474,-9.073434,0.789245,96.186880,89.059995,81.933110,74.806225,67.679340,,,,,,,,,,39.875000,42.477500,43.202083,46.060625,39.875000,41.653675,38.096325,40.764337,38.985663
2024-04-03,38.600000,2024-03-31,2023-12-31,-5.270000,-9.030000,-4.274640,-9.026383,0.898976,97.743741,89.625988,81.508235,73.390482,65.272730,,,,,,,,,,39.707500,42.351667,43.158333,45.995625,39.707500,41.282728,38.132272,40.495114,38.919886
2024-04-08,38.550000,2024-03-31,2023-12-31,-5.270000,-9.030000,-4.269103,-8.981170,0.996256,99.092361,90.096165,81.099969,72.103773,63.107577,,,,,,,,,,39.587500,42.222500,43.122500,45.932083,39.587500,41.129500,38.045500,40.358500,38.816500
2024-04-09,39.050000,2024-03-31,2023-12-31,-5.270000,-9.030000,-4.324474,-8.934440,1.079329,100.170674,90.424333,80.677993,70.931653,61.185312,,,,,,,,,,39.532500,42.100833,43.082083,45.873958,39.532500,41.068481,37.996519,40.300490,38.764510
2024-04-10,39.900000,2024-03-31,2023-12-31,-5.270000,-9.030000,-4.418605,-8.888871,1.151782,101.067689,90.667097,80.266505,69.865914,59.465322,,,,,,,,,,39.492500,42.015000,43.050417,45.816042,39.492500,40.939557,38.045443,40.216028,38.768972
2024-04-11,40.600000,2024-03-31,2023-12-31,-5.270000,-9.030000,-4.496124,-8.844042,1.215955,101.821855,90.841779,79.861702,68.881626,57.901550,,,,,,,,,,39.472500,41.946667,43.025000,45.760625,39.472500,40.840739,38.104261,40.156620,38.788380
2024-04-12,40.100000,2024-03-31,2023-12-31,-5.270000,-9.030000,-4.440753,-8.798469,1.276654,102.506553,90.978366,79.450179,67.921992,56.393805,,,,,,,,,,39.467500,41.855000,42.994167,45.703125,39.467500,40.825236,38.109764,40.146368,38.788632
2024-04-15,40.200000,2024-03-31,2023-12-31,-5.270000,-9.030000,-4.451827,-8.753649,1.333282,103.124515,91.084981,79.045448,67.005914,54.966380,,,,,,,,,,39.482500,41.748333,42.967083,45.647292,39.482500,40.866725,38.098275,40.174613,38.790387
2024-04-16,38.850000,2024-03-31,2023-12-31,-5.270000,-9.030000,-4.302326,-8.708431,1.390719,103.753508,91.195318,78.637128,66.078937,53.520747,,,,,,,,,,39.442500,41.641667,42.932500,45.591250,39.442500,40.852343,38.032657,40.147422,38.737578
2024-04-17,39.400000,2024-03-31,2023-12-31,-5.270000,-9.030000,-4.363234,-8.663814,1.442984,104.294526,91.264384,78.234242,65.204100,52.173959,,,,,,,,,,39.412500,41.556667,42.902917,45.542917,39.412500,40.797713,38.027287,40.105107,38.719893
2024-04-18,39.750000,2024-03-31,2023-12-31,-5.270000,-9.030000,-4.401993,-8.618672,1.490491,104.744883,91.285747,77.826612,64.367477,50.908341,,,,,,,,,,39.405000,41.468333,42.872500,45.493542,39.405000,40.780691,38.029309,40.092846,38.717154
2024-04-19,38.550000,2024-03-31,2023-12-31,-5.270000,-9.030000,-4.269103,-8.574403,1.539734,105.234446,91.330652,77.426858,63.523064,49.619270,,,,,,,,,,39.337500,41.371667,42.840833,45.447083,39.337500,40.743081,37.931919,40.040290,38.634710
2024-04-22,39.500000,2024-03-31,2023-12-31,-5.270000,-9.030000,-4.374308,-8.531858,1.584396,105.656870,91.349776,77.042682,62.735588,48.428494,,,,,,,,,,39.300000,41.286667,42.820833,45.405417,39.300000,40.641641,37.958359,39.970820,38.629180
2024-04-23,39.800000,2024-03-31,2023-12-31,-5.270000,-9.030000,-4.407530,-8.490062,1.626289,106.036041,91.350651,76.665262,61.979873,47.294483,,,,,,,,,,39.287500,41.222500,42.805417,45.365625,39.287500,40.604144,37.970856,39.945822,38.629178
2024-04-24,40.300000,2024-03-31,2023-12-31,-5.270000,-9.030000,-4.462901,-8.447879,1.664424,106.343852,91.314100,76.284348,61.254596,46.224844,,,,,,,,,,39.312500,41.184167,42.790417,45.325625,39.312500,40.687799,37.937201,40.000150,38.624850
2024-04-25,40.400000,2024-03-31,2023-12-31,-5.270000,-9.030000,-4.473976,-8.405034,1.699914,106.597906,91.247681,75.897457,60.547232,45.197007,,,,,,,,,,39.402500,41.149167,42.772917,45.285208,39.402500,40.816518,37.988482,40.109509,38.695491
2024-04-26,41.150000,2024-03-31,2023-12-31,-5.270000,-9.030000,-4.557032,-8.364389,1.733080,106.829868,91.180152,75.530435,59.880719,44.231003,,,,,,,,,,39.510000,41.117500,42.768333,45.250417,39.510000,41.109868,37.910132,40.309934,38.710066
2024-04-29,42.900000,2024-03-31,2023-12-31,-5.270000,-9.030000,-4.750831,-8.325454,1.761349,106.988810,91.083829,75.178849,59.273868,43.368888,,,,,,,,,,39.722500,41.122500,42.778750,45.222500,39.722500,41.874971,37.570029,40.798736,38.646264
2024-04-30,42.850000,2024-03-31,2023-12-31,-5.270000,-9.030000,-4.745293,-8.286378,1.788347,107.123550,90.974772,74.825994,58.677217,42.528439,,,,,,,,,,39.950000,41.122500,42.788333,45.196667,39.950000,42.409354,37.490646,41.179677,38.720323
2024-05-02,43.200000,2024-03-31,2023-12-31,-5.270000,-9.030000,-4.784053,-8.248568,1.814063,107.246540,90.865555,74.484569,58.103584,41.722598,,,,,,,,,,40.135000,41.113333,42.805000,45.178333,40.135000,42.978478,37.291522,41.556739,38.713261
2024-05-03,42.600000,2024-03-31,2023-12-31,-5.270000,-9.030000,-4.717608,-8.208225,1.838349,107.320844,90.720556,74.120268,57.519980,40.919691,,,,,,,,,,40.312500,41.100000,42.807917,45.157292,40.312500,43.309845,37.315155,41.811173,38.813827
2024-05-06,43.300000,2024-03-31,2023-12-31,-5.270000,-9.030000,-4.795127,-8.167396,1.859347,107.331397,90.541491,73.751585,56.961678,40.171772,,,,,,,,,,40.547500,41.105833,42.811667,45.140208,40.547500,43.711853,37.383147,42.129677,38.965323
2024-05-07,43.450000,2024-03-31,2023-12-31,-5.270000,-9.030000,-4.811739,-8.125197,1.877627,107.280473,90.325502,73.370532,56.415561,39.460591,,,,,,,,,,40.792500,41.120000,42.810000,45.126875,40.792500,44.062664,37.522336,42.427582,39.157418
2024-05-08,43.650000,2024-03-31,2023-12-31,-5.270000,-9.030000,-4.833887,-8.083183,1.894462,107.205136,90.098141,72.991145,55.884150,38.777154,,,,,,,,,,41.022500,41.147500,42.810000,45.112708,41.022500,44.421180,37.623820,42.721840,39.323160
2024-05-09,43.450000,2024-03-31,2023-12-31,-5.270000,-9.030000,-4.811739,-8.041833,1.911330,107.136372,89.877063,72.617754,55.358444,38.099135,,,,,,,,,,41.200000,41.170833,42.812083,45.099792,41.200000,44.720466,37.679534,42.960233,39.439767
2024-05-10,43.000000,2024-03-31,2023-12-31,-5.270000,-9.030000,-4.761905,-7.999219,1.927044,107.035357,89.634154,72.232951,54.831747,37.430544,,,,,,,,,,41.320000,41.182500,42.806667,45.080625,41.320000,44.917133,37.722867,43.118567,39.521433
2024-05-13,42.850000,2024-03-31,2023-12-31,-5.270000,-9.030000,-4.745293,-7.957410,1.942829,106.942897,89.399153,71.855410,54.311667,36.767923,,,,,,,,,,41.457500,41.190000,42.804167,45.057708,41.457500,45.068488,37.846512,43.262994,39.652006
2024-05-14,42.800000,2024-03-31,2023-12-31,-5.270000,-9.030000,-4.739756,-7.916497,1.958531,106.857031,89.171498,71.485965,53.800432,36.114899,,,,,,,,,,41.587500,41.204167,42.805417,45.034167,41.587500,45.195076,37.979924,43.391288,39.783712
2024-05-15,43.000000,2024-05-15,2024-03-31,-0.620000,-8.000000,-5.375000,-7.880312,1.965084,94.483831,78.763163,63.042494,47.321825,31.601157,,,,,,,,,,41.795000,41.198333,42.805833,45.010833,41.795000,45.211970,38.378030,43.503485,40.086515
2024-05-16,44.350000,2024-05-15,2024-03-31,-0.620000,-8.000000,-5.543750,-7.852148,1.974206,94.404479,78.610831,62.817184,47.023537,31.229890,,,,,,,,,,42.042500,41.209167,42.816250,44.989792,42.042500,45.446101,38.638899,43.744301,40.340699
2024-05-17,43.800000,2024-05-15,2024-03-31,-0.620000,-8.000000,-5.475000,-7.820910,1.981965,94.278717,78.422997,62.567277,46.711558,30.855838,,,,,,,,,,42.245000,41.187500,42.810000,44.965833,42.245000,45.554937,38.935063,43.899969,40.590031
2024-05-20,45.100000,2024-05-15,2024-03-31,-0.620000,-8.000000,-5.637500,-7.790939,1.987602,94.129145,78.228329,62.327514,46.426698,30.525883,,,,,,,,,,42.572500,41.193333,42.814167,44.946667,42.572500,45.629584,39.515416,44.101042,41.043958
2024-05-21,45.800000,2024-05-15,2024-03-31,-0.620000,-8.000000,-5.725000,-7.761525,1.991871,93.962145,78.027174,62.092203,46.157232,30.222262,,,,,,,,,,42.887500,41.212500,42.823333,44.930000,42.887500,45.909677,39.865323,44.398588,41.376412
2024-05-22,46.100000,2024-05-15,2024-03-31,-0.620000,-8.000000,-5.762500,-7.731820,1.994905,93.773038,77.813800,61.854562,45.895324,29.936086,,,,,,,,,,43.202500,41.231667,42.832083,44.916667,43.202500,46.182693,40.222307,44.692597,41.712403
2024-05-23,45.650000,2024-05-15,2024-03-31,-0.620000,-8.000000,-5.706250,-7.701646,1.997954,93.580429,77.596800,61.613170,45.629541,29.645912,,,,,,,,,,43.470000,41.254167,42.837083,44.898958,43.470000,46.310385,40.629615,44.890193,42.049807
2024-05-24,44.500000,2024-05-15,2024-03-31,-0.620000,-8.000000,-5.562500,-7.670102,2.001623,93.386790,77.373803,61.360815,45.347828,29.334840,,,,,,,,,,43.675000,41.271667,42.831667,44.868958,43.675000,46.150884,41.199116,44.912942,42.437058
2024-05-27,44.350000,2024-05-15,2024-03-31,-0.620000,-8.000000,-5.543750,-7.638056,2.004650,93.178844,77.141647,61.104450,45.067253,29.030055,,,,,,,,,,43.835000,41.294167,42.823333,44.840417,43.835000,46.020382,41.649618,44.927691,42.742309
2024-05-28,48.400000,2024-05-15,2024-03-31,-0.620000,-8.000000,-6.050000,-7.609798,2.002921,92.925116,76.901750,60.878383,44.855017,28.831651,,,,,,,,,,44.110000,41.385833,42.846667,44.827083,44.110000,47.052895,41.167105,45.581448,42.638552
2024-05-29,47.000000,2024-05-15,2024-03-31,-0.620000,-8.000000,-5.875000,-7.581289,2.003064,92.699344,76.674828,60.650312,44.625797,28.601281,,,,,,,,,,44.317500,41.469167,42.864167,44.808750,44.317500,47.464474,41.170526,45.890987,42.744013
2024-05-30,45.100000,2024-05-15,2024-03-31,-0.620000,-8.000000,-5.637500,-7.549334,2.003234,92.446419,76.420548,60.394676,44.368804,28.342932,,,,,,,,,,44.412500,41.529167,42.858750,44.777500,44.412500,47.532027,41.292973,45.972263,42.852737
2024-05-31,45.700000,2024-05-15,2024-03-31,-0.620000,-8.000000,-5.712500,-7.517832,2.002139,92.176880,76.159769,60.142659,44.125548,28.108438,,,,,,,,,,44.567500,41.585000,42.857500,44.748333,44.567500,47.615066,41.519934,46.091283,43.043717
2024-06-03,44.900000,2024-05-15,2024-03-31,-0.620000,-8.000000,-5.612500,-7.485497,2.001309,91.904914,75.894444,59.883975,43.873506,27.863037,,,,,,,,,,44.647500,41.634167,42.849583,44.714583,44.647500,47.638447,41.656553,46.142973,43.152027
2024-06-04,44.300000,2024-05-15,2024-03-31,-0.620000,-8.000000,-5.537500,-7.453140,2.001153,91.643563,75.634343,59.625123,43.615902,27.606682,,,,,,,,,,44.690000,41.690000,42.839583,44.680833,44.690000,47.633074,41.746926,46.161537,43.218463
2024-06-05,43.600000,2024-05-15,2024-03-31,-0.620000,-8.000000,-5.450000,-7.419882,2.001002,91.375087,75.367072,59.359056,43.351041,27.343026,,,,,,,,,,44.687500,41.747500,42.822917,44.643750,44.687500,47.634376,41.740624,46.160938,43.214062
2024-06-06,43.050000,2024-05-15,2024-03-31,-0.620000,-8.000000,-5.381250,-7.386827,2.001648,91.120993,75.107805,59.094618,43.081431,27.068243,,,,,,,,,,44.667500,41.786667,42.805417,44.606875,44.667500,47.654890,41.680110,46.161195,43.173805
2024-06-07,44.950000,2024-05-15,2024-03-31,-0.620000,-8.000000,-5.618750,-7.356097,2.000237,90.852569,74.850671,58.848773,42.846876,26.844978,,,,,,,,,,44.765000,41.852500,42.805417,44.573333,44.765000,47.648729,41.881271,46.206865,43.323135
2024-06-11,43.700000,2024-05-15,2024-03-31,-0.620000,-8.000000,-5.462500,-7.325272,2.000683,90.613102,74.607638,58.602174,42.596710,26.591246,,,,,,,,,,44.807500,41.910833,42.800833,44.537083,44.807500,47.595873,42.019127,46.201687,43.413313
2024-06-12,43.400000,2024-05-15,2024-03-31,-0.620000,-8.000000,-5.425000,-7.293530,2.000362,90.354032,74.351138,58.348244,42.345350,26.342455,,,,,,,,,,44.837500,41.969167,42.790833,44.502500,44.837500,47.546719,42.128281,46.192110,43.482890
2024-06-13,43.550000,2024-05-15,2024-03-31,-0.620000,-8.000000,-5.443750,-7.262636,2.000060,90.102048,74.101566,58.101084,42.100603,26.100121,,,,,,,,,,44.865000,42.034167,42.785417,44.466458,44.865000,47.505993,42.224007,46.185496,43.544504
2024-06-14,44.550000,2024-05-15,2024-03-31,-0.620000,-8.000000,-5.568750,-7.232696,1.998286,89.834151,73.847860,57.861568,41.875277,25.888986,,,,,,,,,,44.875000,42.110000,42.787917,44.427917,44.875000,47.509288,42.240712,46.192144,43.557856
2024-06-17,45.250000,2024-05-15,2024-03-31,-0.620000,-8.000000,-5.656250,-7.202709,1.994685,89.536642,73.579158,57.621674,41.664191,25.706707,,,,,,,,,,44.947500,42.199167,42.792500,44.395208,44.947500,47.536642,42.358358,46.242071,43.652929
2024-06-18,45.500000,2024-05-15,2024-03-31,-0.620000,-8.000000,-5.687500,-7.172120,1.989492,89.208829,73.292896,57.376963,41.461029,25.545096,,,,,,,,,,44.967500,42.292500,42.795000,44.363542,44.967500,47.567758,42.367242,46.267629,43.667371
2024-06-19,44.700000,2024-05-15,2024-03-31,-0.620000,-8.000000,-5.587500,-7.140439,1.984152,88.869943,72.996728,57.123514,41.250299,25.377085,,,,,,,,,,44.912500,42.366667,42.789583,44.328542,44.912500,47.485001,42.339999,46.198751,43.626249
2024-06-20,45.200000,2024-05-15,2024-03-31,-0.620000,-8.000000,-5.650000,-7.110487,1.979249,88.551873,72.717883,56.883893,41.049903,25.215913,,,,,,,,,,44.867500,42.452500,42.794167,44.302292,44.867500,47.383402,42.351598,46.125451,43.609549
2024-06-21,45.100000,2024-05-15,2024-03-31,-0.620000,-8.000000,-5.637500,-7.082587,1.976191,88.279744,72.470218,56.660693,40.851167,25.041642,,,,,,,,,,44.840000,42.540833,42.808333,44.276875,44.840000,47.331797,42.348203,46.085899,43.594101
2024-06-24,44.150000,2024-05-15,2024-03-31,-0.620000,-8.000000,-5.518750,-7.053266,1.973045,87.994844,72.210485,56.426125,40.641765,24.857406,,,,,,,,,,44.822500,42.633333,42.812500,44.246667,44.822500,47.329223,42.315777,46.075861,43.569139
2024-06-25,43.850000,2024-05-15,2024-03-31,-0.620000,-8.000000,-5.481250,-7.024063,1.970137,87.714695,71.953602,56.192508,40.431414,24.670320,,,,,,,,,,44.797500,42.714167,42.816250,44.212708,44.797500,47.333862,42.261138,46.065681,43.529319
2024-06-26,43.750000,2024-05-15,2024-03-31,-0.620000,-8.000000,-5.468750,-6.993722,1.965778,87.402225,71.676000,55.949776,40.223551,24.497327,,,,,,,,,,44.565000,42.799167,42.814167,44.180000,44.565000,46.489660,42.640340,45.527330,43.602670
2024-06-27,43.100000,2024-05-15,2024-03-31,-0.620000,-8.000000,-5.387500,-6.959943,1.958184,87.010485,71.345014,55.679543,40.014072,24.348601,,,,,,,,,,44.370000,42.879167,42.793333,44.145417,44.370000,46.027646,42.712354,45.198823,43.541177
2024-06-28,43.450000,2024-05-15,2024-03-31,-0.620000,-8.000000,-5.431250,-6.925666,1.948539,86.581943,70.993634,55.405325,39.817016,24.228708,,,,,,,,,,44.287500,42.945000,42.771250,44.113542,44.287500,45.956371,42.618629,45.121936,43.453064
2024-07-01,43.000000,2024-05-15,2024-03-31,-0.620000,-8.000000,-5.375000,-6.890661,1.938238,86.137090,70.631188,55.125287,39.619386,24.113485,,,,,,,,,,44.152500,43.010833,42.744167,44.083125,44.152500,45.776490,42.528510,44.964495,43.340505
2024-07-02,43.200000,2024-05-15,2024-03-31,-0.620000,-8.000000,-5.400000,-6.856037,1.927325,85.685499,70.266897,54.848296,39.429695,24.011094,,,,,,,,,,44.067500,43.087500,42.719583,44.057083,44.067500,45.704659,42.430341,44.886079,43.248921
2024-07-03,43.600000,2024-05-15,2024-03-31,-0.620000,-8.000000,-5.450000,-6.821571,1.915039,85.213187,69.892878,54.572568,39.252259,23.931949,,,,,,,,,,44.032500,43.171667,42.697083,44.034583,44.032500,45.678636,42.386364,44.855568,43.209432
2024-07-04,44.950000,2024-05-15,2024-03-31,-0.620000,-8.000000,-5.618750,-6.788425,1.900980,84.723084,69.515242,54.307400,39.099558,23.891716,,,,,,,,,,44.100000,43.270000,42.685417,44.016042,44.100000,45.781791,42.418209,44.940896,43.259104
2024-07-05,46.300000,2024-05-15,2024-03-31,-0.620000,-8.000000,-5.787500,-6.758928,1.888679,84.290287,69.180856,54.071425,38.961994,23.852563,,,,,,,,,,44.262500,43.376667,42.695833,44.004583,44.262500,46.134419,42.390581,45.198459,43.326541
2024-07-08,46.200000,2024-05-15,2024-03-31,-0.620000,-8.000000,-5.775000,-6.729931,1.876714,83.866864,68.853156,53.839448,38.825740,23.812032,,,,,,,,,,44.325000,43.470000,42.708333,43.993750,44.325000,46.369119,42.280881,45.347059,43.302941
2024-07-09,45.100000,2024-05-15,2024-03-31,-0.620000,-8.000000,-5.637500,-6.698235,1.862607,83.387597,68.486739,53.585882,38.685024,23.784166,,,,,,,,,,44.395000,43.553333,42.704167,43.977917,44.395000,46.444878,42.345122,45.419939,43.370061
2024-07-10,44.950000,2024-05-15,2024-03-31,-0.620000,-8.000000,-5.618750,-6.664658,1.845221,82.840800,68.079031,53.317263,38.555494,23.793726,,,,,,,,,,44.472500,43.632500,42.690417,43.954792,44.472500,46.480766,42.464234,45.476633,43.468367
2024-07-11,45.500000,2024-05-15,2024-03-31,-0.620000,-8.000000,-5.687500,-6.633983,1.830431,82.358765,67.715313,53.071861,38.428409,23.784957,,,,,,,,,,44.570000,43.743333,42.692500,43.938125,44.570000,46.579032,42.560968,45.574516,43.565484
2024-07-12,46.050000,2024-05-15,2024-03-31,-0.620000,-8.000000,-5.756250,-6.605174,1.816649,81.907772,67.374583,52.841394,38.308205,23.775016,,,,,,,,,,44.645000,43.854167,42.705417,43.925417,44.645000,46.760084,42.529916,45.702542,43.587458
2024-07-15,45.850000,2024-05-15,2024-03-31,-0.620000,-8.000000,-5.731250,-6.575209,1.800962,81.417062,67.009366,52.601669,38.193973,23.786277,,,,,,,,,,44.675000,43.955833,42.712083,43.908333,44.675000,46.842584,42.507416,45.758792,43.591208
2024-07-16,45.300000,2024-05-15,2024-03-31,-0.620000,-8.000000,-5.662500,-6.545878,1.786753,80.955063,66.661043,52.367023,38.073003,23.778983,,,,,,,,,,44.665000,44.068333,42.720000,43.892292,44.665000,46.818357,42.511643,45.741679,43.588321
2024-07-17,45.350000,2024-05-15,2024-03-31,-0.620000,-8.000000,-5.668750,-6.516168,1.771254,80.469399,66.299371,52.129343,37.959315,23.789286,,,,,,,,,,44.697500,44.165833,42.726250,43.879375,44.697500,46.872592,42.522408,45.785046,43.609954
2024-07-18,45.600000,2024-05-15,2024-03-31,-0.620000,-8.000000,-5.700000,-6.488357,1.757483,80.026582,65.966720,51.906858,37.846996,23.787135,,,,,,,,,,44.717500,44.262500,42.742500,43.867292,44.717500,46.919240,42.515760,45.818370,43.616630
2024-07-19,43.200000,2024-05-15,2024-03-31,-0.620000,-8.000000,-5.400000,-6.459858,1.747055,79.631741,65.655304,51.678867,37.702429,23.725992,,,,,,,,,,44.622500,44.310833,42.747500,43.843958,44.622500,46.916766,42.328234,45.769633,43.475367
2024-07-22,41.250000,2024-05-15,2024-03-31,-0.620000,-8.000000,-5.156250,-6.429501,1.737690,79.239037,65.337521,51.436005,37.534489,23.632973,,,,,,,,,,44.477500,44.325000,42.737083,43.807708,44.477500,47.220237,41.734763,45.848868,43.106132
2024-07-23,41.650000,2024-05-15,2024-03-31,-0.620000,-8.000000,-5.206250,-6.398611,1.726078,78.806133,64.997509,51.188885,37.380262,23.571638,,,,,,,,,,44.367500,44.333333,42.725417,43.774792,44.367500,47.379454,41.355546,45.873477,42.861523
2024-07-26,41.150000,2024-05-15,2024-03-31,-0.620000,-8.000000,-5.143750,-6.367976,1.715333,78.389134,64.666472,50.943810,37.221148,23.498487,,,,,,,,,,44.237500,44.304167,42.713333,43.740208,44.237500,47.569147,40.905853,45.903323,42.571677
2024-07-29,41.000000,2024-05-15,2024-03-31,-0.620000,-8.000000,-5.125000,-6.336754,1.703435,77.948999,64.321517,50.694035,37.066553,23.439071,,,,,,,,,,44.132500,44.273333,42.697917,43.696042,44.132500,47.736339,40.528661,45.934420,42.330580
2024-07-30,41.100000,2024-05-15,2024-03-31,-0.620000,-8.000000,-5.137500,-6.304084,1.688335,77.446025,63.939348,50.432670,36.925992,23.419315,,,,,,,,,,44.015000,44.238333,42.675833,43.655625,44.015000,47.857847,40.172153,45.936424,42.093576
2024-07-31,41.000000,2024-05-15,2024-03-31,-0.620000,-8.000000,-5.125000,-6.271913,1.673527,76.951735,63.563519,50.175303,36.787087,23.398871,,,,,,,,,,43.915000,44.211667,42.655833,43.618958,43.915000,47.967433,39.862567,45.941216,41.888784
2024-08-01,41.950000,2024-05-15,2024-03-31,-0.620000,-8.000000,-5.243750,-6.241508,1.658596,76.469601,63.200832,49.932064,36.663295,23.394526,,,,,,,,,,43.852500,44.189167,42.647500,43.588750,43.852500,47.989048,39.715952,45.920774,41.784226
2024-08-02,40.750000,2024-05-15,2024-03-31,-0.620000,-8.000000,-5.093750,-6.210457,1.644741,75.999514,62.841584,49.683655,36.525726,23.367797,,,,,,,,,,43.710000,44.144167,42.632083,43.558125,43.710000,48.073316,39.346684,45.891658,41.528342
2024-08-05,37.600000,2024-05-15,2024-03-31,-0.620000,-8.000000,-4.700000,-6.177160,1.634419,75.567989,62.492633,49.417278,36.341923,23.266568,,,,,,,,,,43.342500,44.043333,42.595417,43.514792,43.342500,48.442064,38.242936,45.892282,40.792718
2024-08-06,38.150000,2024-05-15,2024-03-31,-0.620000,-8.000000,-4.768750,-6.144349,1.622705,75.118069,62.136432,49.154795,36.173158,23.191521,,,,,,,,,,42.935000,43.955000,42.562917,43.478542,42.935000,48.333255,37.536745,45.634128,40.235872
2024-08-07,39.350000,2024-05-15,2024-03-31,-0.620000,-8.000000,-4.918750,-6.112358,1.608529,74.635329,61.767095,48.898860,36.030626,23.162392,,,,,,,,,,42.592500,43.894167,42.538333,43.448333,42.592500,47.987749,37.197251,45.290124,39.894876
2024-08-08,39.350000,2024-05-15,2024-03-31,-0.620000,-8.000000,-4.918750,-6.080193,1.593287,74.134136,61.387841,48.641546,35.895251,23.148956,,,,,,,,,,42.305000,43.835833,42.512917,43.423750,42.305000,47.750220,36.859780,45.027610,39.582390
2024-08-09,39.550000,2024-05-15,2024-03-31,-0.620000,-8.000000,-4.943750,-6.049014,1.578419,73.646809,61.019459,48.392109,35.764759,23.137410,,,,,,,,,,42.035000,43.781667,42.492917,43.400208,42.035000,47.463492,36.606508,44.749246,39.320754
2024-08-12,38.750000,2024-05-15,2024-03-31,-0.620000,-8.000000,-4.843750,-6.014585,1.558995,73.060603,60.588642,48.116682,35.644722,23.172762,,,,,,,,,,41.697500,43.710833,42.454583,43.375417,41.697500,47.057829,36.337171,44.377665,39.017335
2024-08-13,38.900000,2024-05-15,2024-03-31,-0.620000,-8.000000,-4.862500,-5.979709,1.537234,72.433415,60.135545,47.837674,35.539804,23.241934,,,,,,,,,,41.340000,43.620000,42.414583,43.348750,41.340000,46.424714,36.255286,43.882357,38.797643
2024-08-14,40.000000,2024-08-14,2024-06-30,-0.410000,-7.190000,-5.563282,-5.948258,1.506255,64.427914,53.597944,42.767973,31.938002,21.108031,,,,,,,,,,41.047500,43.556667,42.372083,43.327917,41.047500,45.694001,36.400999,43.370751,38.724249
2024-08-15,39.500000,2024-08-14,2024-06-30,-0.410000,-7.190000,-5.493741,-5.916830,1.475500,63.759695,53.150853,42.542011,31.933169,21.324327,,,,,,,,,,40.757500,43.463333,42.328333,43.306458,40.757500,44.992228,36.522772,42.874864,38.640136
2024-08-16,40.100000,2024-08-14,2024-06-30,-0.410000,-7.190000,-5.577191,-5.886271,1.443636,63.081770,52.702030,42.322290,31.942549,21.562809,,,,,,,,,,40.495000,43.368333,42.290417,43.288542,40.495000,44.141036,36.848964,42.318018,38.671982
2024-08-19,40.050000,2024-08-14,2024-06-30,-0.410000,-7.190000,-5.570236,-5.855136,1.409130,62.361723,52.230076,42.098430,31.966784,21.835137,,,,,,,,,,40.217500,43.267500,42.249583,43.268958,40.217500,42.960582,37.474418,41.589041,38.845959
2024-08-20,40.050000,2024-08-14,2024-06-30,-0.410000,-7.190000,-5.570236,-5.825123,1.375856,61.667446,51.775040,41.882634,31.990228,22.097822,,,,,,,,,,40.060000,43.174167,42.214167,43.248333,40.060000,42.416536,37.703464,41.238268,38.881732
2024-08-21,39.950000,2024-08-14,2024-06-30,-0.410000,-7.190000,-5.556328,-5.796460,1.344721,61.013640,51.345094,41.676549,32.008003,22.339457,,,,,,,,,,39.995000,43.098333,42.185000,43.227917,39.995000,42.284082,37.705918,41.139541,38.850459
2024-08-22,40.000000,2024-08-14,2024-06-30,-0.410000,-7.190000,-5.563282,-5.768632,1.314104,60.373281,50.924871,41.476462,32.028053,22.579644,,,,,,,,,,39.912500,43.025833,42.160000,43.208750,39.912500,42.065313,37.759687,40.988907,38.836093
2024-08-23,39.600000,2024-08-14,2024-06-30,-0.410000,-7.190000,-5.507650,-5.740512,1.282650,59.718791,50.496537,41.274283,32.052029,22.829775,,,,,,,,,,39.835000,42.879167,42.132500,43.185417,39.835000,41.910445,37.759555,40.872723,38.797277
2024-08-26,40.450000,2024-08-14,2024-06-30,-0.410000,-7.190000,-5.625869,-5.714931,1.253498,59.115649,50.103000,41.090352,32.077704,23.065055,,,,,,,,,,39.807500,42.770000,42.119583,43.163125,39.807500,41.831897,37.783103,40.819699,38.795301
2024-08-27,40.150000,2024-08-14,2024-06-30,-0.410000,-7.190000,-5.584145,-5.689864,1.225235,58.529004,49.719564,40.910123,32.100683,23.291242,,,,,,,,,,39.760000,42.687500,42.108333,43.141042,39.760000,41.699506,37.820494,40.729753,38.790247
2024-08-28,40.200000,2024-08-14,2024-06-30,-0.410000,-7.190000,-5.591099,-5.663389,1.192036,57.861240,49.290504,40.719767,32.149031,23.578294,,,,,,,,,,39.720000,42.595833,42.090417,43.113958,39.720000,41.583330,37.856670,40.651665,38.788335
2024-08-29,40.450000,2024-08-14,2024-06-30,-0.410000,-7.190000,-5.625869,-5.637894,1.159123,57.204647,48.870551,40.536456,32.202361,23.868266,,,,,,,,,,39.645000,42.521667,42.077917,43.091042,39.645000,41.230427,38.059573,40.437714,38.852286
2024-08-30,42.100000,2024-08-14,2024-06-30,-0.410000,-7.190000,-5.855355,-5.616036,1.129463,56.620976,48.500138,40.379300,32.258463,24.137625,,,,,,,,,,39.712500,42.485000,42.087500,43.073125,39.712500,41.584981,37.840019,40.648740,38.776260
2024-09-02,41.250000,2024-08-14,2024-06-30,-0.410000,-7.190000,-5.737135,-5.594574,1.101925,56.070669,48.147827,40.224985,32.302144,24.379302,,,,,,,,,,39.895000,42.445833,42.096667,43.052083,39.895000,41.605002,38.184998,40.750001,39.039999
2024-09-03,40.700000,2024-08-14,2024-06-30,-0.410000,-7.190000,-5.660640,-5.571525,1.070676,55.455582,47.757423,40.059264,32.361105,24.662946,,,,,,,,,,40.022500,42.406667,42.096667,43.030833,40.022500,41.555806,38.489194,40.789153,39.255847
2024-09-04,38.950000,2024-08-14,2024-06-30,-0.410000,-7.190000,-5.417246,-5.545930,1.036522,54.780429,47.327834,39.875238,32.422643,24.970047,,,,,,,,,,40.002500,42.306667,42.079583,43.003750,40.002500,41.582465,38.422535,40.792483,39.212517
2024-09-05,38.800000,2024-08-14,2024-06-30,-0.410000,-7.190000,-5.396384,-5.521542,1.004569,54.145595,46.922741,39.699886,32.477032,25.254177,,,,,,,,,,39.975000,42.225000,42.067917,42.976667,39.975000,41.620568,38.329432,40.797784,39.152216
2024-09-06,41.200000,2024-08-14,2024-06-30,-0.410000,-7.190000,-5.730181,-5.500453,0.972635,53.534748,46.541502,39.548256,32.555010,25.561763,,,,,,,,,,40.057500,42.188333,42.078750,42.956250,40.057500,41.777131,38.337869,40.917316,39.197684
2024-09-09,40.900000,2024-08-14,2024-06-30,-0.410000,-7.190000,-5.688456,-5.479447,0.940328,52.919146,46.158186,39.397227,32.636267,25.875307,,,,,,,,,,40.165000,42.144167,42.089167,42.934583,40.165000,41.807559,38.522441,40.986279,39.343721
2024-09-10,40.500000,2024-08-14,2024-06-30,-0.410000,-7.190000,-5.632823,-5.457374,0.904401,52.243808,45.741165,39.238522,32.735880,26.233237,,,,,,,,,,40.245000,42.076667,42.093333,42.908750,40.245000,41.780510,38.709490,41.012755,39.477245
2024-09-11,40.000000,2024-08-14,2024-06-30,-0.410000,-7.190000,-5.563282,-5.434895,0.866879,51.542608,45.309750,39.076892,32.844034,26.611175,,,,,,,,,,40.245000,41.989167,42.094167,42.882083,40.245000,41.780510,38.709490,41.012755,39.477245
2024-09-12,41.200000,2024-08-14,2024-06-30,-0.410000,-7.190000,-5.730181,-5.413805,0.827437,50.823811,44.874536,38.925261,32.975987,27.026712,,,,,,,,,,40.330000,41.917500,42.105000,42.859583,40.330000,41.880008,38.779992,41.105004,39.554996
2024-09-13,41.000000,2024-08-14,2024-06-30,-0.410000,-7.190000,-5.702364,-5.391881,0.783097,50.028552,44.398087,38.767623,33.137158,27.506693,,,,,,,,,,40.375000,41.855833,42.111250,42.839583,40.375000,41.948966,38.801034,41.161983,39.588017
2024-09-16,43.300000,2024-08-14,2024-06-30,-0.410000,-7.190000,-6.022253,-5.372967,0.738610,49.252840,43.942236,38.631631,33.321027,28.010423,,,,,,,,,,40.537500,41.824167,42.138333,42.829583,40.537500,42.573460,38.501540,41.555480,39.519520
2024-09-18,43.200000,2024-08-14,2024-06-30,-0.410000,-7.190000,-6.008345,-5.354368,0.692463,48.455531,43.476720,38.497908,33.519097,28.540285,,,,,,,,,,40.695000,41.792500,42.166667,42.823750,40.695000,43.036592,38.353408,41.865796,39.524204
2024-09-19,43.400000,2024-08-14,2024-06-30,-0.410000,-7.190000,-6.036161,-5.338072,0.651685,47.751968,43.066353,38.380738,33.695122,29.009507,,,,,,,,,,40.867500,41.780000,42.206667,42.817083,40.867500,43.471601,38.263399,42.169551,39.565449
2024-09-20,45.150000,2024-08-14,2024-06-30,-0.410000,-7.190000,-6.279555,-5.323114,0.607446,47.008256,42.640722,38.273188,33.905655,29.538121,,,,,,,,,,41.125000,41.801667,42.257917,42.818125,41.125000,44.319485,37.930515,42.722243,39.527757
2024-09-23,46.100000,2024-08-14,2024-06-30,-0.410000,-7.190000,-6.411683,-5.309861,0.564324,46.292876,42.235387,38.177898,34.120409,30.062919,,,,,,,,,,41.450000,41.840833,42.320000,42.825208,41.450000,45.255398,37.644602,43.352699,39.547301
2024-09-24,45.950000,2024-08-14,2024-06-30,-0.410000,-7.190000,-6.390821,-5.297037,0.520040,45.563879,41.824789,38.085699,34.346609,30.607519,,,,,,,,,,41.725000,41.888333,42.383750,42.832500,41.725000,45.992934,37.457066,43.858967,39.591033
2024-09-25,46.800000,2024-08-14,2024-06-30,-0.410000,-7.190000,-6.509040,-5.314827,0.524702,45.758818,41.986212,38.213605,34.440998,30.668391,,,,,,,,,,42.057500,41.944167,42.444583,42.844583,42.057500,46.816677,37.298323,44.437088,39.677912
2024-09-26,45.050000,2024-08-14,2024-06-30,-0.410000,-7.190000,-6.265647,-5.331003,0.523835,45.862664,42.096289,38.329913,34.563538,30.797163,,,,,,,,,,42.300000,41.978333,42.494583,42.848333,42.300000,47.153973,37.446027,44.726986,39.873014
2024-09-27,45.500000,2024-08-14,2024-06-30,-0.410000,-7.190000,-6.328234,-5.348117,0.522578,45.967627,42.210292,38.452958,34.695624,30.938289,,,,,,,,,,42.552500,42.016667,42.552083,42.855208,42.552500,47.525212,37.579788,45.038856,40.066144
2024-09-30,45.400000,2024-08-14,2024-06-30,-0.410000,-7.190000,-6.314325,-5.365160,0.520438,46.059402,42.317451,38.575501,34.833550,31.091600,,,,,,,,,,42.717500,42.046667,42.609167,42.865833,42.717500,47.843622,37.591378,45.280561,40.154439
2024-10-01,45.900000,2024-08-14,2024-06-30,-0.410000,-7.190000,-6.383866,-5.382322,0.519787,46.173430,42.436161,38.698893,34.961624,31.224356,,,,,,,,,,42.950000,42.062500,42.666250,42.874167,42.950000,48.215778,37.684222,45.582889,40.317111
2024-10-04,46.100000,2024-08-14,2024-06-30,-0.410000,-7.190000,-6.411683,-5.398931,0.520576,46.304200,42.561256,38.818311,35.075367,31.332423,,,,,,,,,,43.220000,42.059167,42.717917,42.884167,43.220000,48.553351,37.886649,45.886675,40.553325
2024-10-07,46.550000,2024-08-14,2024-06-30,-0.410000,-7.190000,-6.474270,-5.415415,0.523062,46.458466,42.697651,38.936835,35.176020,31.415205,,,,,,,,,,43.600000,42.065000,42.767500,42.896250,43.600000,48.731533,38.468467,46.165767,41.034233
2024-10-08,45.400000,2024-08-14,2024-06-30,-0.410000,-7.190000,-6.314325,-5.431028,0.521685,46.550925,42.800009,39.049094,35.298178,31.547262,,,,,,,,,,43.930000,42.070000,42.811667,42.902917,43.930000,48.588936,39.271064,46.259468,41.600532
2024-10-09,44.000000,2024-08-14,2024-06-30,-0.410000,-7.190000,-6.119611,-5.444927,0.517579,46.591800,42.870411,39.149022,35.427632,31.706243,,,,,,,,,,44.070000,42.054167,42.843333,42.905208,44.070000,48.548299,39.591701,46.309149,41.830851
2024-10-11,44.750000,2024-08-14,2024-06-30,-0.410000,-7.190000,-6.223922,-5.460940,0.511622,46.621287,42.942722,39.264157,35.585592,31.907027,,,,,,,,,,44.262500,42.041667,42.892500,42.912500,44.262500,48.491084,40.033916,46.376792,42.148208
2024-10-14,45.200000,2024-08-14,2024-06-30,-0.410000,-7.190000,-6.286509,-5.476967,0.507050,46.670779,43.025086,39.379393,35.733701,32.088008,,,,,,,,,,44.497500,42.027500,42.940833,42.921875,44.497500,48.351476,40.643524,46.424488,42.570512
2024-10-15,44.800000,2024-08-14,2024-06-30,-0.410000,-7.190000,-6.230876,-5.492208,0.501928,46.706697,43.097835,39.488974,35.880113,32.271251,,,,,,,,,,44.737500,42.010000,42.982917,42.927708,44.737500,47.957973,41.517027,46.347737,43.127263
2024-10-16,47.000000,2024-08-14,2024-06-30,-0.410000,-7.190000,-6.536857,-5.511106,0.498167,46.788496,43.206673,39.624850,36.043027,32.461205,,,,,,,,,,45.027500,42.038333,43.053333,42.947083,45.027500,47.936194,42.118806,46.481847,43.573153
2024-10-17,46.650000,2024-08-14,2024-06-30,-0.410000,-7.190000,-6.488178,-5.528721,0.494995,46.869540,43.310523,39.751506,36.192489,32.633473,,,,,,,,,,45.310000,42.060000,43.112917,42.966875,45.310000,47.604295,43.015705,46.457147,44.162853
2024-10-18,47.350000,2024-08-14,2024-06-30,-0.410000,-7.190000,-6.585535,-5.546871,0.493467,46.978065,43.430035,39.882005,36.333975,32.785945,,,,,,,,,,45.512500,42.089167,43.175833,42.990625,45.512500,47.774515,43.250485,46.643507,44.381493
2024-10-21,48.350000,2024-08-14,2024-06-30,-0.410000,-7.190000,-6.724618,-5.565719,0.494908,47.134299,43.575909,40.017520,36.459130,32.900740,,,,,,,,,,45.770000,42.175000,43.242917,43.016667,45.770000,48.095239,43.444761,46.932620,44.607380
2024-10-22,48.000000,2024-08-14,2024-06-30,-0.410000,-7.190000,-6.675939,-5.584069,0.494911,47.266267,43.707861,40.149454,36.591047,33.032641,,,,,,,,,,46.000000,42.287500,43.306250,43.039583,46.000000,48.246869,43.753131,47.123435,44.876565
2024-10-23,47.600000,2024-08-14,2024-06-30,-0.410000,-7.190000,-6.620306,-5.601263,0.494770,47.387878,43.830478,40.273078,36.715679,33.158279,,,,,,,,,,46.122500,42.386667,43.360000,43.064167,46.122500,48.440275,43.804725,47.281387,44.963613
2024-10-24,47.250000,2024-08-14,2024-06-30,-0.410000,-7.190000,-6.571627,-5.616436,0.496388,47.520229,43.951202,40.382174,36.813147,33.244120,,,,,,,,,,46.180000,42.488333,43.396250,43.087500,46.180000,48.551852,43.808148,47.365926,44.994074
2024-10-25,47.150000,2024-08-14,2024-06-30,-0.410000,-7.190000,-6.557719,-5.631539,0.497231,47.640955,44.065862,40.490769,36.915676,33.340583,,,,,,,,,,46.240000,42.590833,43.432083,43.110208,46.240000,48.647794,43.832206,47.443897,45.036103
2024-10-28,47.750000,2024-08-14,2024-06-30,-0.410000,-7.190000,-6.641168,-5.647015,0.499528,47.785248,44.193645,40.602041,37.010437,33.418834,,,,,,,,,,46.287500,42.701667,43.470000,43.137500,46.287500,48.777876,43.797124,47.532688,45.042312
2024-10-29,46.500000,2024-08-14,2024-06-30,-0.410000,-7.190000,-6.467316,-5.661596,0.497704,47.863860,44.285369,40.706878,37.128386,33.549895,,,,,,,,,,46.360000,42.793333,43.502500,43.155208,46.360000,48.782178,43.937822,47.571089,45.148911
2024-10-30,46.750000,2024-08-14,2024-06-30,-0.410000,-7.190000,-6.502086,-5.675821,0.497124,47.957800,44.383476,40.809153,37.234830,33.660506,,,,,,,,,,46.422500,42.873333,43.531250,43.171458,46.422500,48.815577,44.029423,47.619038,45.225962
2024-11-01,47.050000,2024-08-14,2024-06-30,-0.410000,-7.190000,-6.543811,-5.690255,0.496970,48.059364,44.486148,40.912933,37.339718,33.766503,,,,,,,,,,46.505000,42.978333,43.561250,43.185625,46.505000,48.863166,44.146834,47.684083,45.325917
2024-11-04,47.400000,2024-08-14,2024-06-30,-0.410000,-7.190000,-6.592490,-5.704910,0.497434,48.171403,44.594853,41.018303,37.441752,33.865202,,,,,,,,,,46.580000,43.141667,43.592500,43.201250,46.580000,48.952518,44.207482,47.766259,45.393741
2024-11-05,47.900000,2024-08-14,2024-06-30,-0.410000,-7.190000,-6.662031,-5.720329,0.498192,48.293165,44.711166,41.129166,37.547166,33.965167,,,,,,,,,,46.670000,43.304167,43.629583,43.220833,46.670000,49.101677,44.238323,47.885838,45.454162
2024-11-06,47.350000,2024-08-14,2024-06-30,-0.410000,-7.190000,-6.585535,-5.735526,0.496522,48.378413,44.808422,41.238432,37.668441,34.098451,,,,,,,,,,46.710000,43.437500,43.665833,43.236250,46.710000,49.159619,44.260381,47.934809,45.485191
2024-11-07,48.050000,2024-08-14,2024-06-30,-0.410000,-7.190000,-6.682893,-5.751673,0.495553,48.480580,44.917553,41.354526,37.791500,34.228473,,,,,,,,,,46.842500,43.582500,43.709167,43.256667,46.842500,49.280419,44.404581,48.061459,45.623541
2024-11-08,47.100000,2024-08-14,2024-06-30,-0.410000,-7.190000,-6.550765,-5.766764,0.492041,48.538585,45.000811,41.463036,37.925261,34.387487,,,,,,,,,,46.997500,43.708333,43.745000,43.275208,46.997500,49.035940,44.959060,48.016720,45.978280
2024-11-11,45.400000,2024-08-14,2024-06-30,-0.410000,-7.190000,-6.314325,-5.774592,0.493226,48.611913,45.065615,41.519317,37.973019,34.426721,,,,,,,,,,47.030000,43.819167,43.765000,43.285417,47.030000,48.933847,45.126153,47.981923,46.078077
2024-11-12,45.000000,2024-08-14,2024-06-30,-0.410000,-7.190000,-6.258693,-5.780550,0.494730,48.676376,45.119265,41.562154,38.005043,34.447932,,,,,,,,,,47.020000,43.920833,43.770417,43.293333,47.020000,48.965954,45.074046,47.992977,46.047023
2024-11-13,44.300000,2024-08-14,2024-06-30,-0.410000,-7.190000,-6.161335,-5.786269,0.495135,48.723323,45.163300,41.603277,38.043254,34.483231,,,,,,,,,,46.995000,43.992500,43.774583,43.292292,46.995000,49.069634,44.920366,48.032317,45.957683
2024-11-14,44.650000,2024-11-14,2024-09-30,0.010000,-6.290000,-7.098569,-5.798445,0.509210,42.878086,39.675152,36.472219,33.269286,30.066352,,,,,,,,,,46.877500,44.078333,43.770833,43.292500,46.877500,49.202077,44.552923,48.039788,45.715212
2024-11-15,45.000000,2024-11-14,2024-09-30,0.010000,-6.290000,-7.154213,-5.810355,0.523978,43.138779,39.842956,36.547134,33.251311,29.955488,,,,,,,,,,46.795000,44.160000,43.764167,43.293750,46.795000,49.266075,44.323925,48.030537,45.559463
2024-11-18,44.500000,2024-11-14,2024-09-30,0.010000,-6.290000,-7.074722,-5.821290,0.536514,43.365260,39.990588,36.615916,33.241244,29.866572,,,,,,,,,,46.652500,44.234167,43.750833,43.291458,46.652500,49.310452,43.994548,47.981476,45.323524
2024-11-19,44.550000,2024-11-14,2024-09-30,0.010000,-6.290000,-7.082671,-5.832760,0.548611,43.589585,40.138824,36.688063,33.237302,29.786541,,,,,,,,,,46.462500,44.309167,43.741667,43.289375,46.462500,49.152613,43.772387,47.807557,45.117443
2024-11-20,44.800000,2024-11-14,2024-09-30,0.010000,-6.290000,-7.122417,-5.845760,0.560505,43.820984,40.295406,36.769829,33.244251,29.718674,,,,,,,,,,46.302500,44.390000,43.744167,43.287917,46.302500,48.988227,43.616773,47.645364,44.959636
2024-11-21,45.650000,2024-11-14,2024-09-30,0.010000,-6.290000,-7.257552,-5.860041,0.574407,44.085697,40.472679,36.859661,33.246642,29.633624,,,,,,,,,,46.205000,44.484167,43.755000,43.289167,46.205000,48.833368,43.576632,47.519184,44.890816
2024-11-22,46.100000,2024-11-14,2024-09-30,0.010000,-6.290000,-7.329094,-5.870701,0.589628,44.344222,40.635464,36.926706,33.217949,29.509191,,,,,,,,,,46.147500,44.592500,43.735833,43.291250,46.147500,48.729518,43.565482,47.438509,44.856491
2024-11-25,45.850000,2024-11-14,2024-09-30,0.010000,-6.290000,-7.289348,-5.882487,0.603683,44.595170,40.798006,37.000842,33.203678,29.406514,,,,,,,,,,46.082500,44.682500,43.726250,43.295208,46.082500,48.623382,43.541618,47.352941,44.812059
2024-11-26,46.250000,2024-11-14,2024-09-30,0.010000,-6.290000,-7.352941,-5.896782,0.617974,44.864878,40.977819,37.090760,33.203701,29.316641,,,,,,,,,,46.007500,44.784167,43.735833,43.297292,46.007500,48.426781,43.588219,47.217141,44.797859
2024-11-27,45.200000,2024-11-14,2024-09-30,0.010000,-6.290000,-7.186010,-5.909061,0.628826,45.078628,41.123312,37.167996,33.212680,29.257364,,,,,,,,,,45.942500,44.867500,43.731667,43.294583,45.942500,48.375881,43.509119,47.159190,44.725810
2024-11-28,44.500000,2024-11-14,2024-09-30,0.010000,-6.290000,-7.074722,-5.921247,0.637143,45.259904,41.252272,37.244641,33.237009,29.229378,,,,,,,,,,45.830000,44.935000,43.728333,43.288958,45.830000,48.313715,43.346285,47.071858,44.588142
2024-11-29,44.300000,2024-11-14,2024-09-30,0.010000,-6.290000,-7.042925,-5.933792,0.644304,45.428900,41.376225,37.323550,33.270875,29.218200,,,,,,,,,,45.692500,44.971667,43.728333,43.283958,45.692500,48.196239,43.188761,46.944370,44.440630
2024-12-02,45.250000,2024-11-14,2024-09-30,0.010000,-6.290000,-7.193959,-5.948325,0.652911,45.628587,41.521775,37.414963,33.308151,29.201339,,,,,,,,,,45.585000,45.038333,43.742083,43.282500,45.585000,47.961441,43.208559,46.773221,44.396779
2024-12-03,47.050000,2024-11-14,2024-09-30,0.010000,-6.290000,-7.480127,-5.965815,0.665583,45.898007,41.711493,37.524979,33.338465,29.151950,,,,,,,,,,45.542500,45.144167,43.775417,43.290417,45.542500,47.770380,43.314620,46.656440,44.428560
2024-12-04,46.750000,2024-11-14,2024-09-30,0.010000,-6.290000,-7.432432,-5.980929,0.678110,46.150667,41.885357,37.620046,33.354735,29.089425,,,,,,,,,,45.512500,45.274167,43.790417,43.297917,45.512500,47.652317,43.372683,46.582408,44.442592
2024-12-05,47.400000,2024-11-14,2024-09-30,0.010000,-6.290000,-7.535771,-5.998207,0.691078,46.422481,42.075600,37.728720,33.381840,29.034959,,,,,,,,,,45.480000,45.417500,43.821250,43.311042,45.480000,47.472195,43.487805,46.476098,44.483902
2024-12-06,46.800000,2024-11-14,2024-09-30,0.010000,-6.290000,-7.440382,-6.015002,0.701442,46.658502,42.246431,37.834360,33.422288,29.010217,,,,,,,,,,45.465000,45.510833,43.849583,43.320208,45.465000,47.409791,43.520209,46.437395,44.492605
2024-12-09,45.350000,2024-11-14,2024-09-30,0.010000,-6.290000,-7.209857,-6.029719,0.707854,46.831740,42.379337,37.926933,33.474529,29.022126,,,,,,,,,,45.462500,45.585000,43.864583,43.325000,45.462500,47.407771,43.517229,46.435135,44.489865
2024-12-10,44.550000,2024-11-14,2024-09-30,0.010000,-6.290000,-7.082671,-6.042335,0.713042,46.976352,42.491320,38.006288,33.521255,29.036223,,,,,,,,,,45.440000,45.652500,43.864583,43.326250,45.440000,47.417931,43.462069,46.428965,44.451035
2024-12-11,44.100000,2024-11-14,2024-09-30,0.010000,-6.290000,-7.011129,-6.053626,0.717589,47.104579,42.590942,38.077306,33.563669,29.050033,,,,,,,,,,45.430000,45.720833,43.855000,43.323750,45.430000,47.434049,43.425951,46.432024,44.427976
2024-12-12,43.950000,2024-11-14,2024-09-30,0.010000,-6.290000,-6.987281,-6.064457,0.721814,47.225852,42.685644,38.145436,33.605228,29.065021,,,,,,,,,,45.395000,45.766667,43.842083,43.318542,45.395000,47.479252,43.310748,46.437126,44.352874
2024-12-13,42.300000,2024-11-14,2024-09-30,0.010000,-6.290000,-6.724960,-6.073936,0.722965,47.299961,42.752509,38.205058,33.657607,29.110155,,,,,,,,,,45.260000,45.788333,43.822083,43.305833,45.260000,47.760232,42.759768,46.510116,44.009884
2024-12-16,41.800000,2024-11-14,2024-09-30,0.010000,-6.290000,-6.645469,-6.082232,0.723771,47.362273,42.809755,38.257237,33.704720,29.152202,,,,,,,,,,45.125000,45.763333,43.793750,43.293958,45.125000,48.052996,42.197004,46.588998,43.661002
2024-12-17,42.600000,2024-11-14,2024-09-30,0.010000,-6.290000,-6.772655,-6.091691,0.725326,47.441336,42.879037,38.316738,33.754439,29.192140,,,,,,,,,,45.027500,45.753333,43.772917,43.290625,45.027500,48.158916,41.896084,46.593208,43.461792
2024-12-18,42.100000,2024-11-14,2024-09-30,0.010000,-6.290000,-6.693164,-6.101478,0.725453,47.504499,42.941398,38.378297,33.815196,29.252095,,,,,,,,,,44.892500,45.731667,43.755833,43.284167,44.892500,48.286965,41.498035,46.589733,43.195267
2024-12-19,41.300000,2024-11-14,2024-09-30,0.010000,-6.290000,-6.565978,-6.110517,0.724417,47.548326,42.991740,38.435155,33.878570,29.321984,,,,,,,,,,44.675000,45.667500,43.734583,43.275417,44.675000,48.405881,40.944119,46.540441,42.809559
2024-12-20,40.400000,2024-11-14,2024-09-30,0.010000,-6.290000,-6.422893,-6.118469,0.722548,47.574823,43.029995,38.485168,33.940341,29.395513,,,,,,,,,,44.390000,45.572500,43.706667,43.260417,44.390000,48.512799,40.267201,46.451400,42.328600
2024-12-23,42.350000,2024-11-14,2024-09-30,0.010000,-6.290000,-6.732909,-6.129680,0.721548,47.632764,43.094227,38.555690,34.017153,29.478616,,,,,,,,,,44.215000,45.512500,43.700417,43.246875,44.215000,48.373833,40.056167,46.294417,42.135583
2024-12-24,41.850000,2024-11-14,2024-09-30,0.010000,-6.290000,-6.653418,-6.139865,0.720231,47.680258,43.150005,38.619752,34.089499,29.559245,,,,,,,,,,43.995000,45.430000,43.687083,43.229167,43.995000,48.166066,39.823934,46.080533,41.909467
2024-12-25,42.100000,2024-11-14,2024-09-30,0.010000,-6.290000,-6.693164,-6.150850,0.718518,47.727797,43.208321,38.688846,34.169370,29.649894,,,,,,,,,,43.840000,45.380833,43.679583,43.211875,43.840000,48.052713,39.627287,45.946356,41.733644
2024-12-26,42.100000,2024-11-14,2024-09-30,0.010000,-6.290000,-6.693164,-6.161626,0.716857,47.774693,43.265661,38.756629,34.247597,29.738565,,,,,,,,,,43.720000,45.324167,43.670417,43.195000,43.720000,47.989895,39.450105,45.854947,41.585053
2024-12-27,42.550000,2024-11-14,2024-09-30,0.010000,-6.290000,-6.764706,-6.172582,0.715936,47.832014,43.328777,38.825541,34.322305,29.819069,,,,,,,,,,43.632500,45.276667,43.661667,43.179375,43.632500,47.924019,39.340981,45.778259,41.486741
2024-12-30,42.100000,2024-11-14,2024-09-30,0.010000,-6.290000,-6.693164,-6.181536,0.715670,47.884982,43.383420,38.881859,34.380297,29.878735,,,,,,,,,,43.475000,45.213333,43.637917,43.161667,43.475000,47.747741,39.202259,45.611371,41.338629
2024-12-31,41.800000,2024-11-14,2024-09-30,0.010000,-6.290000,-6.645469,-6.188685,0.715986,47.933929,43.430380,38.926830,34.423281,29.919731,,,,,,,,,,43.212500,45.141667,43.600417,43.148125,43.212500,47.195738,39.229262,45.204119,41.220881
2025-01-02,42.350000,2024-11-14,2024-09-30,0.010000,-6.290000,-6.732909,-6.196668,0.716674,47.992803,43.484922,38.977041,34.469160,29.961279,,,,,,,,,,42.992500,45.071667,43.568333,43.138333,42.992500,46.623547,39.361453,44.808023,41.176977
2025-01-03,41.850000,2024-11-14,2024-09-30,0.010000,-6.290000,-6.653418,-6.205134,0.716013,48.037742,43.534017,39.030292,34.526567,30.022842,,,,,,,,,,42.715000,45.012500,43.541250,43.122708,42.715000,45.722552,39.707448,44.218776,41.211224
2025-01-06,45.850000,2024-11-14,2024-09-30,0.010000,-6.290000,-7.289348,-6.219055,0.720742,48.184791,43.651325,39.117859,34.584393,30.050927,,,,,,,,,,42.667500,45.043333,43.548750,43.119583,42.667500,45.422835,39.912165,44.045167,41.289833
2025-01-07,46.300000,2024-11-14,2024-09-30,0.010000,-6.290000,-7.360890,-6.233000,0.726536,48.345395,43.775484,39.205573,34.635662,30.065751,,,,,,,,,,42.715000,45.069167,43.555417,43.123958,42.715000,45.689116,39.740884,44.202058,41.227942
2025-01-08,46.500000,2024-11-14,2024-09-30,0.010000,-6.290000,-7.392687,-6.246637,0.732843,48.510510,43.900930,39.291349,34.681769,30.072189,,,,,,,,,,42.812500,45.090833,43.559167,43.132292,42.812500,46.146042,39.478958,44.479271,41.145729
2025-01-09,46.150000,2024-11-14,2024-09-30,0.010000,-6.290000,-7.337043,-6.260019,0.737995,48.659501,44.017510,39.375520,34.733529,30.091538,,,,,,,,,,42.915000,45.113333,43.561667,43.136875,42.915000,46.529459,39.300541,44.722230,41.107770
2025-01-10,44.850000,2024-11-14,2024-09-30,0.010000,-6.290000,-7.130366,-6.272251,0.740170,48.763798,44.108129,39.452460,34.796791,30.141122,,,,,,,,,,42.960000,45.077500,43.557917,43.138958,42.960000,46.650329,39.269671,44.805164,41.114836
2025-01-13,44.000000,2024-11-14,2024-09-30,0.010000,-6.290000,-6.995231,-6.283305,0.740986,48.843593,44.182791,39.521990,34.861188,30.200387,,,,,,,,,,43.045000,45.033333,43.546667,43.136458,43.045000,46.749606,39.340394,44.897303,41.192697
2025-01-14,43.800000,2024-11-14,2024-09-30,0.010000,-6.290000,-6.963434,-6.293834,0.741604,48.917592,44.252903,39.588215,34.923526,30.258838,,,,,,,,,,43.145000,44.974167,43.531667,43.137083,43.145000,46.815924,39.474076,44.980462,41.309538
2025-01-15,46.850000,2024-11-14,2024-09-30,0.010000,-6.290000,-7.448331,-6.310903,0.744425,49.060454,44.378018,39.695581,35.013145,30.330709,,,,,,,,,,43.357500,44.949167,43.562083,43.154792,43.357500,47.371590,39.343410,45.364545,41.350455
2025-01-16,47.700000,2024-11-14,2024-09-30,0.010000,-6.290000,-7.583466,-6.331130,0.745763,49.204500,44.513654,39.822808,35.131962,30.441116,,,,,,,,,,43.637500,44.944167,43.615833,43.176458,43.637500,48.044298,39.230702,45.840899,41.434101
2025-01-17,46.600000,2024-11-14,2024-09-30,0.010000,-6.290000,-7.408585,-6.349483,0.744946,49.309666,44.623957,39.938247,35.252538,30.566828,,,,,,,,,,43.902500,44.927500,43.657083,43.191250,43.902500,48.354640,39.450360,46.128570,41.676430
2025-01-20,46.500000,2024-11-14,2024-09-30,0.010000,-6.290000,-7.392687,-6.368224,0.742643,49.398578,44.727353,40.056129,35.384905,30.713680,,,,,,,,,,44.207500,44.915000,43.701667,43.207500,44.207500,48.481568,39.933432,46.344534,42.070466
2025-01-21,45.850000,2024-11-14,2024-09-30,0.010000,-6.290000,-7.289348,-6.386260,0.738466,49.459481,44.814529,40.169577,35.524625,30.879672,,,,,,,,,,44.382500,44.893333,43.742083,43.220000,44.382500,48.622817,40.142183,46.502659,42.262341
2025-01-22,46.750000,2024-11-14,2024-09-30,0.010000,-6.290000,-7.432432,-6.405385,0.735565,49.543283,44.916576,40.289870,35.663163,31.036456,,,,,,,,,,44.627500,44.876667,43.789167,43.232500,44.627500,48.817648,40.437352,46.722574,42.532426
2025-02-03,44.400000,2024-11-14,2024-09-30,0.010000,-6.290000,-7.058824,-6.421500,0.728427,49.554850,44.973042,40.391234,35.809426,31.227618,,,,,,,,,,44.742500,44.841667,43.817500,43.236667,44.742500,48.763403,40.721597,46.752951,42.732049
2025-02-04,43.450000,2024-11-14,2024-09-30,0.010000,-6.290000,-6.907790,-6.435367,0.721626,49.556507,45.017482,40.478458,35.939433,31.400408,,,,,,,,,,44.810000,44.786667,43.830000,43.238750,44.810000,48.686868,40.933132,46.748434,42.871566
2025-02-05,43.650000,2024-11-14,2024-09-30,0.010000,-6.290000,-6.939587,-6.450749,0.712401,49.537220,45.056215,40.575210,36.094205,31.613200,,,,,,,,,,44.865000,44.730000,43.854167,43.243125,44.865000,48.636653,41.093347,46.750827,42.979173
2025-02-06,44.600000,2024-11-14,2024-09-30,0.010000,-6.290000,-7.090620,-6.470671,0.696275,49.459658,45.080088,40.700518,36.320949,31.941379,,,,,,,,,,44.990000,44.683333,43.912500,43.253958,44.990000,48.534692,41.445308,46.762346,43.217654
2025-02-07,44.150000,2024-11-14,2024-09-30,0.010000,-6.290000,-7.019078,-6.489423,0.680170,49.375009,45.096741,40.818473,36.540205,32.261937,,,,,,,,,,45.107500,44.620833,43.962500,43.262708,45.107500,48.349863,41.865137,46.728682,43.486318
2025-02-10,44.800000,2024-11-14,2024-09-30,0.010000,-6.290000,-7.122417,-6.507787,0.667028,49.325198,45.129590,40.933982,36.738374,32.542766,,,,,,,,,,45.230000,44.578333,44.007917,43.273125,45.230000,48.208060,42.251940,46.719030,43.740970
2025-02-11,44.500000,2024-11-14,2024-09-30,0.010000,-6.290000,-7.074722,-6.525754,0.652751,49.258593,45.152792,41.046991,36.941190,32.835388,,,,,,,,,,45.362500,44.519167,44.050833,43.281875,45.362500,47.912397,42.812603,46.637448,44.087552
2025-02-12,45.000000,2024-11-14,2024-09-30,0.010000,-6.290000,-7.154213,-6.544174,0.638771,49.198599,45.180728,41.162856,37.144984,33.127113,,,,,,,,,,45.320000,44.484167,44.096250,43.294583,45.320000,47.864013,42.775987,46.592006,44.047994
2025-02-13,46.550000,2024-11-14,2024-09-30,0.010000,-6.290000,-7.400636,-6.565482,0.624049,49.147417,45.222148,41.296879,37.371611,33.446342,,,,,,,,,,45.332500,44.503333,44.161250,43.307917,45.332500,47.899143,42.765857,46.615822,44.049178
2025-02-14,47.300000,2024-11-14,2024-09-30,0.010000,-6.290000,-7.519873,-6.587626,0.610103,49.111270,45.273720,41.436170,37.598620,33.761070,,,,,,,,,,45.372500,44.541667,44.231250,43.322917,45.372500,48.038756,42.706244,46.705628,44.039372
2025-02-17,47.750000,2024-11-14,2024-09-30,0.010000,-6.290000,-7.591415,-6.604528,0.609580,49.210993,45.376736,41.542478,37.708220,33.873963,,,,,,,,,,45.452500,44.599167,44.295833,43.333958,45.452500,48.306394,42.598606,46.879447,44.025553
2025-02-18,48.050000,2024-11-14,2024-09-30,0.010000,-6.290000,-7.639110,-6.622406,0.608187,49.305925,45.480428,41.654931,37.829434,34.003938,,,,,,,,,,45.612500,44.655833,44.367083,43.347708,45.612500,48.675329,42.549671,47.143914,44.081086
2025-02-19,51.000000,2024-11-14,2024-09-30,0.010000,-6.290000,-8.108108,-6.643497,0.615477,49.530288,45.658941,41.787593,37.916246,34.044899,,,,,,,,,,45.962500,44.755833,44.457917,43.374167,45.962500,49.760959,42.164041,47.861729,44.063271
2025-02-20,50.400000,2024-11-14,2024-09-30,0.010000,-6.290000,-8.012719,-6.663851,0.620055,49.715912,45.815766,41.915620,38.015474,34.115328,,,,,,,,,,46.292500,44.854167,44.544167,43.396875,46.292500,50.431439,42.153561,48.361969,44.223031
2025-02-21,51.200000,2024-11-14,2024-09-30,0.010000,-6.290000,-8.139905,-6.685264,0.626310,49.929293,45.989803,42.050314,38.110824,34.171334,,,,,,,,,,46.510000,44.965000,44.637083,43.425625,46.510000,51.193633,41.826367,48.851817,44.168183
2025-02-24,46.650000,2024-11-14,2024-09-30,0.010000,-6.290000,-7.416534,-6.700766,0.621132,49.961665,46.054742,42.147819,38.240896,34.333973,,,,,,,,,,46.457500,44.995833,44.692917,43.438958,46.457500,51.108394,41.806606,48.782947,44.132053
2025-02-25,45.800000,2024-11-14,2024-09-30,0.010000,-6.290000,-7.281399,-6.715084,0.614458,49.967763,46.102820,42.237877,38.372935,34.507992,,,,,,,,,,46.417500,44.998333,44.741250,43.450625,46.417500,51.076987,41.758013,48.747243,44.087757
2025-02-26,45.750000,2024-11-14,2024-09-30,0.010000,-6.290000,-7.273450,-6.729799,0.606390,49.958826,46.144630,42.330435,38.516239,34.702043,,,,,,,,,,46.380000,44.992500,44.792500,43.462500,46.380000,51.048754,41.711246,48.714377,44.045623
2025-02-27,45.050000,2024-11-14,2024-09-30,0.010000,-6.290000,-7.162162,-6.742601,0.599061,49.947150,46.179056,42.410962,38.642868,34.874774,,,,,,,,,,46.340000,44.979167,44.830833,43.475208,46.340000,51.041467,41.638533,48.690733,43.989267
2025-03-03,43.600000,2024-11-14,2024-09-30,0.010000,-6.290000,-6.931638,-6.753830,0.589720,49.900272,46.190932,42.481593,38.772254,35.062914,,,,,,,,,,46.182500,44.935000,44.859583,43.483958,46.182500,51.034768,41.330232,48.608634,43.756366
2025-03-04,43.250000,2024-11-14,2024-09-30,0.010000,-6.290000,-6.875994,-6.764538,0.580016,49.845546,46.197244,42.548943,38.900642,35.252340,,,,,,,,,,46.125000,44.902500,44.885000,43.487708,46.125000,51.092102,41.157898,48.608551,43.641449
2025-03-05,43.700000,2024-11-14,2024-09-30,0.010000,-6.290000,-6.947536,-6.775552,0.570686,49.797448,46.207834,42.618220,39.028607,35.438993,,,,,,,,,,46.137500,44.889167,44.912083,43.495000,46.137500,51.077442,41.197558,48.607471,43.667529
2025-03-06,43.100000,2024-11-14,2024-09-30,0.010000,-6.290000,-6.852146,-6.783858,0.564399,49.770609,46.220539,42.670469,39.120398,35.570328,,,,,,,,,,46.110000,44.869167,44.920417,43.503958,46.110000,51.113956,41.106044,48.611978,43.608022
2025-03-07,43.050000,2024-11-14,2024-09-30,0.010000,-6.290000,-6.844197,-6.793084,0.556133,49.724653,46.226575,42.728497,39.230419,35.732342,,,,,,,,,,46.032500,44.832500,44.935417,43.516042,46.032500,51.180854,40.884146,48.606677,43.458323
2025-03-10,42.850000,2024-11-14,2024-09-30,0.010000,-6.290000,-6.812401,-6.802682,0.546276,49.661023,46.224946,42.788869,39.352792,35.916715,,,,,,,,,,45.967500,44.762500,44.953333,43.525000,45.967500,51.247081,40.687919,48.607290,43.327710
2025-03-11,42.100000,2024-11-14,2024-09-30,0.010000,-6.290000,-6.693164,-6.813314,0.531295,49.539444,46.197596,42.855748,39.513900,36.172052,,,,,,,,,,45.832500,44.685000,44.979583,43.529583,45.832500,51.369578,40.295422,48.601039,43.063961
2025-03-12,42.800000,2024-11-14,2024-09-30,0.010000,-6.290000,-6.804452,-6.825048,0.515039,49.408746,46.169150,42.929554,39.689959,36.450363,,,,,,,,,,45.747500,44.608333,45.012917,43.540417,45.747500,51.421214,40.073786,48.584357,42.910643
2025-03-13,41.800000,2024-11-14,2024-09-30,0.010000,-6.290000,-6.645469,-6.832676,0.505375,49.335151,46.156341,42.977531,39.798720,36.619910,,,,,,,,,,45.587500,44.525000,45.017917,43.548333,45.587500,51.524350,39.650650,48.555925,42.619075
2025-03-14,42.900000,2024-11-14,2024-09-30,0.010000,-6.290000,-6.820350,-6.842108,0.494281,49.254916,46.145888,43.036861,39.927833,36.818806,,,,,,,,,,45.405000,44.484167,45.034583,43.561875,45.405000,51.440849,39.369151,48.422925,42.387075
2025-03-17,43.300000,2024-11-14,2024-09-30,0.010000,-6.290000,-6.883943,-6.852534,0.481591,49.160856,46.131648,43.102440,40.073232,37.044024,,,,,,,,,,45.205000,44.463333,45.057917,43.575625,45.205000,51.241547,39.168453,48.223273,42.186727
2025-03-18,43.700000,2024-11-14,2024-09-30,0.010000,-6.290000,-6.947536,-6.864070,0.466802,49.047363,46.111181,43.174998,40.238816,37.302633,,,,,,,,,,45.002500,44.456667,45.088750,43.591458,45.002500,50.950651,39.054349,47.976575,42.028425
2025-03-19,43.700000,2024-11-14,2024-09-30,0.010000,-6.290000,-6.947536,-6.874214,0.455032,48.963114,46.100961,43.238808,40.376655,37.514502,,,,,,,,,,44.785000,44.452500,45.109583,43.607292,44.785000,50.580107,38.989893,47.682553,41.887447
2025-03-20,44.650000,2024-11-14,2024-09-30,0.010000,-6.290000,-7.098569,-6.885849,0.442494,48.878568,46.095280,43.311992,40.528704,37.745416,,,,,,,,,,44.467500,44.491667,45.140000,43.625625,44.467500,49.470581,39.464419,46.969040,41.965960
2025-03-21,44.100000,2024-11-14,2024-09-30,0.010000,-6.290000,-7.011129,-6.894090,0.435428,48.841506,46.102666,43.363826,40.624986,37.886146,,,,,,,,,,44.152500,44.530000,45.146667,43.642500,44.152500,48.303654,40.001346,46.228077,42.076923
2025-03-24,43.850000,2024-11-14,2024-09-30,0.010000,-6.290000,-6.971383,-6.902115,0.427773,48.795689,46.104997,43.414305,40.723613,38.032922,,,,,,,,,,43.785000,44.550833,45.152083,43.659375,43.785000,46.280280,41.289720,45.032640,42.537360
2025-03-25,42.900000,2024-11-14,2024-09-30,0.010000,-6.290000,-6.820350,-6.908650,0.420359,48.743521,46.099465,43.455410,40.811354,38.167299,,,,,,,,,,43.597500,44.564167,45.147917,43.677292,43.597500,45.722409,41.472591,44.659954,42.535046
2025-03-26,43.300000,2024-11-14,2024-09-30,0.010000,-6.290000,-6.883943,-6.913687,0.416359,48.724891,46.105990,43.487090,40.868189,38.249288,,,,,,,,,,43.472500,44.597500,45.132500,43.695208,43.472500,45.329060,41.615940,44.400780,42.544220
2025-03-27,42.700000,2024-11-14,2024-09-30,0.010000,-6.290000,-6.788553,-6.916827,0.413955,48.714403,46.110624,43.506844,40.903064,38.299285,,,,,,,,,,43.320000,44.635833,45.104167,43.712083,43.320000,44.863543,41.776457,44.091772,42.548228
2025-03-28,41.400000,2024-11-14,2024-09-30,0.010000,-6.290000,-6.581876,-6.918419,0.412279,48.703333,46.110096,43.516858,40.923621,38.330384,,,,,,,,,,43.137500,44.620000,45.066250,43.725000,43.137500,44.682909,41.592091,43.910205,42.364795
2025-03-31,39.300000,2025-03-31,2024-12-31,-0.850000,-1.870000,-21.016043,-7.039311,1.350532,18.214503,15.689007,13.163512,10.638017,8.112521,,,,,,,,,,42.922500,44.577500,45.003750,43.724167,42.922500,45.213552,40.631448,44.068026,41.776974
2025-04-01,40.100000,2025-03-31,2024-12-31,-0.850000,-1.870000,-21.443850,-7.165796,1.883187,20.443159,16.921599,13.400039,9.878479,6.356918,,,,,,,,,,42.765000,44.544167,44.962500,43.728542,42.765000,45.372499,40.157501,44.068750,41.461250
2025-04-02,40.150000,2025-03-31,2024-12-31,-0.850000,-1.870000,-21.470588,-7.291982,2.289978,22.200524,17.918265,13.636007,9.353749,5.071491,,,,,,,,,,42.587500,44.511667,44.917917,43.735000,42.587500,45.402100,39.772900,43.994800,41.180200
2025-04-07,36.150000,2025-03-31,2024-12-31,-0.850000,-1.870000,-19.331551,-7.400459,2.538144,23.331519,18.585189,13.838859,9.092529,4.346199,,,,,,,,,,42.240000,44.405000,44.840833,43.725000,42.240000,46.250329,38.229671,44.245164,40.234836
2025-04-08,32.750000,2025-03-31,2024-12-31,-0.850000,-1.870000,-17.513369,-7.493205,2.698933,24.106302,19.059298,14.012294,8.965289,3.918285,,,,,,,,,,41.725000,44.249167,44.731250,43.698750,41.725000,47.537736,35.912264,44.631368,38.818632
2025-04-09,29.500000,2025-03-31,2024-12-31,-0.850000,-1.870000,-15.775401,-7.571236,2.800838,24.633347,19.395779,14.158212,8.920644,3.683076,,,,,,,,,,41.057500,44.044167,44.592917,43.655417,41.057500,49.001599,33.113401,45.029550,37.085450
2025-04-10,32.450000,2025-03-31,2024-12-31,-0.850000,-1.870000,-17.352941,-7.661892,2.937745,25.314903,19.821320,14.327738,8.834155,3.340572,,,,,,,,,,40.575000,43.879167,44.475417,43.621458,40.575000,49.378259,31.771741,44.976629,36.173371
2025-04-11,33.250000,2025-03-31,2024-12-31,-0.850000,-1.870000,-17.780749,-7.757445,3.076737,26.013417,20.259920,14.506423,8.752925,2.999428,,,,,,,,,,40.097500,43.735833,44.374167,43.592917,40.097500,49.413670,30.781330,44.755585,35.439415
2025-04-14,34.450000,2025-03-31,2024-12-31,-0.850000,-1.870000,-18.422460,-7.859969,3.223195,26.752891,20.725517,14.698142,8.670768,2.643393,,,,,,,,,,39.730000,43.545833,44.294583,43.568958,39.730000,49.338680,30.121320,44.534340,34.925660
2025-04-15,35.600000,2025-03-31,2024-12-31,-0.850000,-1.870000,-19.037433,-7.966748,3.377110,27.528213,21.213016,14.897819,8.582623,2.267426,,,,,,,,,,39.365000,43.367500,44.218333,43.555417,39.365000,49.021146,29.708854,44.193073,34.536927
2025-04-16,34.950000,2025-03-31,2024-12-31,-0.850000,-1.870000,-18.689840,-8.070109,3.512355,28.227311,21.659208,15.091105,8.523001,1.954898,,,,,,,,,,38.947500,43.175000,44.132917,43.536875,38.947500,48.609333,29.285667,43.778417,34.116583
2025-04-17,35.150000,2025-03-31,2024-12-31,-0.850000,-1.870000,-18.796791,-8.174825,3.641985,28.907948,22.097436,15.286923,8.476411,1.665899,,,,,,,,,,38.520000,42.991667,44.052500,43.517708,38.520000,48.052184,28.987816,43.286092,33.753908
2025-04-18,35.000000,2025-03-31,2024-12-31,-0.850000,-1.870000,-18.716578,-8.276323,3.763639,29.552732,22.514728,15.476724,8.438720,1.400716,,,,,,,,,,38.085000,42.827500,43.952500,43.502917,38.085000,47.413739,28.756261,42.749369,33.420631
2025-04-21,35.500000,2025-03-31,2024-12-31,-0.850000,-1.870000,-18.983957,-8.380455,3.884668,30.200108,22.935779,15.671450,8.407121,1.142792,,,,,,,,,,37.627500,42.685833,43.859583,43.486250,37.627500,46.486244,28.768756,42.056872,33.198128
2025-04-22,34.950000,2025-03-31,2024-12-31,-0.850000,-1.870000,-18.689840,-8.481324,3.993301,30.795020,23.327548,15.860075,8.392603,0.925131,,,,,,,,,,37.170000,42.538333,43.756250,43.466042,37.170000,45.553656,28.786344,41.361828,32.978172
2025-04-23,35.650000,2025-03-31,2024-12-31,-0.850000,-1.870000,-19.064171,-8.584153,4.104997,31.405057,23.728712,16.052367,8.376022,0.699677,,,,,,,,,,36.760000,42.351667,43.650417,43.446667,36.760000,44.549102,28.970898,40.654551,32.865449
2025-04-24,36.100000,2025-03-31,2024-12-31,-0.850000,-1.870000,-19.304813,-8.689394,4.216047,32.017184,24.133175,16.249167,8.365158,0.481150,,,,,,,,,,36.420000,42.158333,43.551250,43.428750,36.420000,43.654522,29.185478,40.037261,32.802739
2025-04-25,36.400000,2025-03-31,2024-12-31,-0.850000,-1.870000,-19.465241,-8.796435,4.324733,32.623834,24.536584,16.449334,8.362083,0.274833,,,,,,,,,,36.075000,41.988333,43.457917,43.408958,36.075000,42.545866,29.604134,39.310433,32.839567
2025-04-28,37.000000,2025-03-31,2024-12-31,-0.850000,-1.870000,-19.786096,-8.906556,4.434455,33.240119,24.947689,16.655259,8.362829,0.070399,,,,,,,,,,35.790000,41.830000,43.372500,43.384375,35.790000,41.488255,30.091745,38.639127,32.940873
2025-04-29,37.000000,2025-03-31,2024-12-31,-0.850000,-1.870000,-19.786096,-9.016792,4.538770,33.836400,25.348901,16.861401,8.373902,-0.113597,,,,,,,,,,35.570000,41.682500,43.287917,43.360000,35.570000,40.664001,30.475999,38.117000,33.023000
2025-04-30,36.000000,2025-03-31,2024-12-31,-0.850000,-1.870000,-19.251337,-9.121877,4.628400,34.368126,25.713018,17.057910,8.402802,-0.252306,,,,,,,,,,35.405000,41.503333,43.190000,43.330000,35.405000,40.195001,30.614999,37.800000,33.010000
2025-05-02,37.550000,2025-03-31,2024-12-31,-0.850000,-1.870000,-20.080214,-9.235318,4.728532,34.954753,26.112399,17.270044,8.427690,-0.414665,,,,,,,,,,35.277500,41.389167,43.115417,43.308958,35.277500,39.659698,30.895302,37.468599,33.086401
2025-05-05,36.600000,2025-03-31,2024-12-31,-0.850000,-1.870000,-19.572193,-9.344235,4.814788,35.481026,26.477373,17.473720,8.470067,-0.533586,,,,,,,,,,35.100000,41.275000,43.030833,43.281042,35.100000,38.900139,31.299861,37.000069,33.199931
2025-05-06,36.650000,2025-03-31,2024-12-31,-0.850000,-1.870000,-19.598930,-9.453028,4.897758,35.994776,26.835969,17.677162,8.518356,-0.640451,,,,,,,,,,35.125000,41.158333,42.944167,43.252708,35.125000,38.960636,31.289364,37.042818,33.207182
2025-05-07,36.000000,2025-03-31,2024-12-31,-0.850000,-1.870000,-19.251337,-9.558518,4.971401,36.467468,27.170949,17.874429,8.577910,-0.718610,,,,,,,,,,35.287500,41.015000,42.849167,43.220833,35.287500,38.971873,31.603127,37.129687,33.445313
2025-05-08,36.350000,2025-03-31,2024-12-31,-0.850000,-1.870000,-19.438503,-9.664989,5.045114,36.942257,27.507893,18.073529,8.639165,-0.795199,,,,,,,,,,35.630000,40.885000,42.752917,43.191250,35.630000,38.133345,33.126655,36.881673,34.378327
2025-05-09,37.250000,2025-03-31,2024-12-31,-0.850000,-1.870000,-19.919786,-9.776108,5.122962,37.441201,27.861261,18.281321,8.701382,-0.878558,,,,,,,,,,35.870000,40.759167,42.668750,43.167292,35.870000,37.978978,33.761022,36.924489,34.815511
2025-05-12,37.400000,2025-03-31,2024-12-31,-0.850000,-1.870000,-20.000000,-9.887084,5.199068,37.933361,28.211103,18.488846,8.766589,-0.955668,,,,,,,,,,36.077500,40.640833,42.580000,43.144583,36.077500,37.897990,34.257010,36.987745,35.167255
2025-05-13,37.900000,2025-03-31,2024-12-31,-0.850000,-1.870000,-20.267380,-10.001389,5.275326,38.432315,28.567456,18.702597,8.837738,-1.027121,,,,,,,,,,36.250000,40.522500,42.503333,43.124167,36.250000,38.074973,34.425027,37.162486,35.337514
2025-05-14,37.350000,2025-03-31,2024-12-31,-0.850000,-1.870000,-19.973262,-10.115213,5.342038,38.894672,28.905060,18.915449,8.925837,-1.063775,,,,,,,,,,36.337500,40.369167,42.436250,43.100625,36.337500,38.198704,34.476296,37.268102,35.406898
2025-05-15,37.600000,2025-05-15,2025-03-31,-0.600000,-1.850000,-20.324324,-10.232427,5.410581,38.949139,28.939564,18.929989,8.920415,-1.089160,,,,,,,,,,36.470000,40.207500,42.374583,43.072500,36.470000,38.292202,34.647798,37.381101,35.558899
2025-05-16,37.850000,2025-05-15,2025-03-31,-0.600000,-1.850000,-20.459459,-10.351578,5.477200,39.416059,29.283239,19.150419,9.017599,-1.115221,,,,,,,,,,36.605000,40.042500,42.320833,43.047708,36.605000,38.415467,34.794533,37.510233,35.699767
2025-05-19,37.400000,2025-05-15,2025-03-31,-0.600000,-1.850000,-20.216216,-10.460892,5.542246,39.858958,29.605804,19.352649,9.099495,-1.153659,,,,,,,,,,36.725000,39.865000,42.260417,43.015625,36.725000,38.400677,35.049323,37.562839,35.887161
2025-05-20,37.550000,2025-05-15,2025-03-31,-0.600000,-1.850000,-20.297297,-10.570417,5.605852,40.296923,29.926097,19.555272,9.184446,-1.186379,,,,,,,,,,36.827500,39.640833,42.198333,42.981250,36.827500,38.437167,35.217833,37.632333,36.022667
2025-05-21,37.950000,2025-05-15,2025-03-31,-0.600000,-1.850000,-20.513514,-10.682407,5.669307,40.738887,30.250670,19.762453,9.274236,-1.213981,,,,,,,,,,36.977500,39.433333,42.143750,42.947292,36.977500,38.398573,35.556427,37.688036,36.266964
2025-05-22,37.100000,2025-05-15,2025-03-31,-0.600000,-1.850000,-20.054054,-10.790502,5.723496,41.139365,30.550897,19.962429,9.373960,-1.214508,,,,,,,,,,37.050000,39.198333,42.081667,42.911667,37.050000,38.326508,35.773492,37.688254,36.411746
2025-05-23,36.550000,2025-05-15,2025-03-31,-0.600000,-1.850000,-19.756757,-10.895788,5.771459,41.511608,30.834408,20.157208,9.480008,-1.197192,,,,,,,,,,37.072500,39.030000,42.012917,42.878542,37.072500,38.293145,35.851855,37.682822,36.462178
2025-05-26,36.600000,2025-05-15,2025-03-31,-0.600000,-1.850000,-19.783784,-11.000173,5.818192,41.877631,31.113976,20.350321,9.586666,-1.176990,,,,,,,,,,37.082500,38.876667,41.937500,42.846250,37.082500,38.283059,35.881941,37.682780,36.482220
2025-05-27,36.100000,2025-05-15,2025-03-31,-0.600000,-1.850000,-19.513514,-11.101710,5.859758,42.219268,31.378716,20.538164,9.697612,-1.142940,,,,,,,,,,37.037500,38.715833,41.854167,42.795000,37.037500,38.316017,35.758983,37.676758,36.398242
2025-05-28,36.100000,2025-05-15,2025-03-31,-0.600000,-1.850000,-19.513514,-11.203578,5.899048,42.553099,31.639859,20.726620,9.813381,-1.099859,,,,,,,,,,36.992500,38.566667,41.772917,42.749583,36.992500,38.338166,35.646834,37.665333,36.319667
2025-05-29,35.250000,2025-05-15,2025-03-31,-0.600000,-1.850000,-19.054054,-11.301088,5.931482,42.853496,31.880254,20.907012,9.933770,-1.039472,,,,,,,,,,36.955000,38.427500,41.681250,42.708542,36.955000,38.450572,35.459428,37.702786,36.207214
2025-06-02,33.950000,2025-05-15,2025-03-31,-0.600000,-1.850000,-18.351351,-11.394132,5.953919,43.108644,32.093894,21.079144,10.064395,-0.950355,,,,,,,,,,36.775000,38.272500,41.587500,42.659583,36.775000,38.756626,34.793374,37.765813,35.784187
2025-06-03,33.700000,2025-05-15,2025-03-31,-0.600000,-1.850000,-18.216216,-11.486978,5.972836,43.350403,32.300656,21.250909,10.201162,-0.848585,,,,,,,,,,36.630000,38.105833,41.497500,42.612917,36.630000,39.042991,34.217009,37.836496,35.423504
2025-06-04,34.000000,2025-05-15,2025-03-31,-0.600000,-1.850000,-18.378378,-11.581440,5.991569,43.594469,32.510067,21.425664,10.341261,-0.743141,,,,,,,,,,36.497500,37.954167,41.411667,42.570000,36.497500,39.181659,33.813341,37.839580,35.155420
2025-06-05,34.000000,2025-05-15,2025-03-31,-0.600000,-1.850000,-18.378378,-11.674643,6.009708,43.834012,32.716051,21.598090,10.480130,-0.637831,,,,,,,,,,36.397500,37.803333,41.317917,42.530000,36.397500,39.299854,33.495146,37.848677,34.946323
2025-06-06,33.950000,2025-05-15,2025-03-31,-0.600000,-1.850000,-18.351351,-11.765237,6.027859,44.068765,32.917227,21.765689,10.614150,-0.537388,,,,,,,,,,36.277500,37.655000,41.208750,42.492083,36.277500,39.379702,33.175298,37.828601,34.726399
2025-06-09,34.400000,2025-05-15,2025-03-31,-0.600000,-1.850000,-18.594595,-11.858255,6.046530,44.309934,33.123853,21.937772,10.751691,-0.434391,,,,,,,,,,36.135000,37.526667,41.105833,42.448125,36.135000,39.310084,32.959916,37.722542,34.547458
2025-06-10,35.450000,2025-05-15,2025-03-31,-0.600000,-1.850000,-19.162162,-11.955142,6.069790,44.575235,33.346124,22.117012,10.887900,-0.341211,,,,,,,,,,36.037500,37.404167,41.006250,42.413750,36.037500,39.168478,32.906522,37.602989,34.472011
2025-06-11,34.750000,2025-05-15,2025-03-31,-0.600000,-1.850000,-18.783784,-12.049670,6.087192,44.814500,33.553195,22.291889,11.030584,-0.230721,,,,,,,,,,35.880000,37.286667,40.905833,42.377708,35.880000,38.932419,32.827581,37.406210,34.353790
2025-06-12,34.800000,2025-05-15,2025-03-31,-0.600000,-1.850000,-18.810811,-12.146345,6.101786,45.047344,33.759041,22.470738,11.182434,-0.105869,,,,,,,,,,35.752500,37.151667,40.817917,42.341250,35.752500,38.759067,32.745933,37.255784,34.249216
2025-06-13,34.150000,2025-05-15,2025-03-31,-0.600000,-1.850000,-18.459459,-12.241151,6.110824,45.256179,33.951155,22.646130,11.341105,0.036080,,,,,,,,,,35.580000,36.999167,40.731250,42.297917,35.580000,38.535708,32.624292,37.057854,34.102146
2025-06-16,34.500000,2025-05-15,2025-03-31,-0.600000,-1.850000,-18.648649,-12.338131,6.119464,45.467558,34.146550,22.825541,11.504533,0.183525,,,,,,,,,,35.412500,36.845833,40.651250,42.253125,35.412500,38.201553,32.623447,36.807026,34.017974
2025-06-17,34.500000,2025-05-15,2025-03-31,-0.600000,-1.850000,-18.648649,-12.435309,6.126366,45.672875,34.339098,23.005321,11.671544,0.337767,,,,,,,,,,35.267500,36.692500,40.572500,42.207292,35.267500,37.919664,32.615336,36.593582,33.941418
2025-06-18,35.100000,2025-05-15,2025-03-31,-0.600000,-1.850000,-18.972973,-12.537375,6.132455,45.884228,34.539186,23.194144,11.849103,0.504061,,,,,,,,,,35.145000,36.533333,40.512500,42.167292,35.145000,37.569849,32.720151,36.357425,33.932575
2025-06-19,34.450000,2025-05-15,2025-03-31,-0.600000,-1.850000,-18.621622,-12.637177,6.133214,46.071670,34.725223,23.378777,12.032330,0.685884,,,,,,,,,,34.970000,36.372500,40.451250,42.122500,34.970000,37.018465,32.921535,35.994233,33.945767
2025-06-20,35.000000,2025-05-15,2025-03-31,-0.600000,-1.850000,-18.918919,-12.738395,6.135843,46.268652,34.917342,23.566032,12.214722,0.863412,,,,,,,,,,34.865000,36.225000,40.387917,42.080417,34.865000,36.652412,33.077588,35.758706,33.971294
2025-06-23,35.550000,2025-05-15,2025-03-31,-0.600000,-1.850000,-19.216216,-12.842754,6.138657,46.472127,35.115611,23.759095,12.402579,1.046063,,,,,,,,,,34.815000,36.102500,40.333333,42.044583,34.815000,36.453709,33.176291,35.634355,33.995645
2025-06-24,36.400000,2025-05-15,2025-03-31,-0.600000,-1.850000,-19.675676,-12.952002,6.142666,46.689068,35.325135,23.961203,12.597271,1.233339,,,,,,,,,,34.805000,35.987500,40.292500,42.013542,34.805000,36.399695,33.210305,35.602348,34.007652
2025-06-25,35.600000,2025-05-15,2025-03-31,-0.600000,-1.850000,-19.243243,-13.058838,6.139643,46.875528,35.517189,24.158850,12.800512,1.442173,,,,,,,,,,34.780000,35.869167,40.252500,41.979583,34.780000,36.303293,33.256707,35.541646,34.018354
2025-06-26,35.950000,2025-05-15,2025-03-31,-0.600000,-1.850000,-19.432432,-13.164667,6.139137,47.069441,35.712038,24.354635,12.997231,1.639828,,,,,,,,,,34.772500,35.778333,40.199167,41.949792,34.772500,36.269682,33.275318,35.521091,34.023909
2025-06-27,36.500000,2025-05-15,2025-03-31,-0.600000,-1.850000,-19.729730,-13.273637,6.138643,47.269208,35.912718,24.556228,13.199738,1.843247,,,,,,,,,,34.835000,35.731667,40.154583,41.920833,34.835000,36.509923,33.160077,35.672462,33.997538
2025-06-30,35.400000,2025-05-15,2025-03-31,-0.600000,-1.850000,-19.135135,-13.377320,6.131634,47.435085,36.091563,24.748041,13.404519,2.060997,,,,,,,,,,34.907500,35.653333,40.098750,41.889167,34.907500,36.546266,33.268734,35.726883,34.088117
2025-07-01,35.100000,2025-05-15,2025-03-31,-0.600000,-1.850000,-18.972973,-13.479651,6.121605,47.587293,36.262324,24.937355,13.612386,2.287417,,,,,,,,,,34.977500,35.569167,40.040417,41.855417,34.977500,36.515604,33.439396,35.746552,34.208448
2025-07-02,34.900000,2025-05-15,2025-03-31,-0.600000,-1.850000,-18.864865,-13.580486,6.109712,47.729834,36.426867,25.123899,13.820932,2.517964,,,,,,,,,,35.022500,35.548333,39.976667,41.819167,35.022500,36.491289,33.553711,35.756895,34.288105
2025-07-03,35.700000,2025-05-15,2025-03-31,-0.600000,-1.850000,-19.297297,-13.685521,6.098646,47.883202,36.600708,25.318213,14.035718,2.753224,,,,,,,,,,35.107500,35.597500,39.923333,41.780625,35.107500,36.522932,33.692068,35.815216,34.399784
2025-07-04,35.050000,2025-05-15,2025-03-31,-0.600000,-1.850000,-18.945946,-13.788025,6.082675,48.013742,36.760794,25.507845,14.254897,3.001948,,,,,,,,,,35.162500,35.690000,39.867083,41.733750,35.162500,36.469918,33.855082,35.816209,34.508791
2025-07-07,34.750000,2025-05-15,2025-03-31,-0.600000,-1.850000,-18.783784,-13.888448,6.064670,48.132907,36.913268,25.693630,14.473991,3.254352,,,,,,,,,,35.180000,35.728333,39.803750,41.686042,35.180000,36.453371,33.906629,35.816685,34.543315
2025-07-08,35.150000,2025-05-15,2025-03-31,-0.600000,-1.850000,-19.000000,-13.991337,6.045596,48.252676,37.068325,25.883973,14.699621,3.515269,,,,,,,,,,35.165000,35.760000,39.747917,41.644583,35.165000,36.432031,33.897969,35.798516,34.531484
2025-07-09,35.000000,2025-05-15,2025-03-31,-0.600000,-1.850000,-18.918919,-14.088250,6.030452,48.375933,37.219597,26.063262,14.906927,3.750591,,,,,,,,,,35.177500,35.769167,39.657500,41.603125,35.177500,36.432165,33.922835,35.804832,34.550168
2025-07-10,34.750000,2025-05-15,2025-03-31,-0.600000,-1.850000,-18.783784,-14.183441,6.013499,48.489312,37.364338,26.239365,15.114391,3.989418,,,,,,,,,,35.175000,35.755000,39.561250,41.558333,35.175000,36.433027,33.916973,35.804013,34.545987
2025-07-11,35.000000,2025-05-15,2025-03-31,-0.600000,-1.850000,-18.918919,-14.279492,5.996148,48.602810,37.509936,26.417061,15.324186,4.231312,,,,,,,,,,35.217500,35.755833,39.465417,41.512292,35.217500,36.383814,34.051186,35.800657,34.634343
2025-07-14,34.350000,2025-05-15,2025-03-31,-0.600000,-1.850000,-18.567568,-14.373080,5.974484,48.695789,37.642994,26.590198,15.537403,4.484607,,,,,,,,,,35.210000,35.742500,39.367083,41.464375,35.210000,36.397479,34.022521,35.803739,34.616261
2025-07-15,34.150000,2025-05-15,2025-03-31,-0.600000,-1.850000,-18.459459,-14.467489,5.948528,48.774407,37.769631,26.764855,15.760079,4.755303,,,,,,,,,,35.192500,35.728333,39.277917,41.417917,35.192500,36.433160,33.951840,35.812830,34.572170
2025-07-16,34.500000,2025-05-15,2025-03-31,-0.600000,-1.850000,-18.648649,-14.564601,5.920573,48.850631,37.897571,26.944512,15.991453,5.038393,,,,,,,,,,35.162500,35.711667,39.198750,41.372708,35.162500,36.441017,33.883983,35.801758,34.523242
2025-07-17,35.150000,2025-05-15,2025-03-31,-0.600000,-1.850000,-19.000000,-14.664906,5.892608,48.932724,38.031400,27.130076,16.228752,5.327427,,,,,,,,,,35.197500,35.715000,39.126667,41.329167,35.197500,36.431439,33.963561,35.814469,34.580531
2025-07-18,35.450000,2025-05-15,2025-03-31,-0.600000,-1.850000,-19.162162,-14.762521,5.869032,49.026083,38.168374,27.310664,16.452954,5.595245,,,,,,,,,,35.220000,35.711667,39.031667,41.296875,35.220000,36.455186,33.984814,35.837593,34.602407
2025-07-21,35.100000,2025-05-15,2025-03-31,-0.600000,-1.850000,-18.972973,-14.857434,5.843999,49.109050,38.297651,27.486252,16.674853,5.863454,,,,,,,,,,35.197500,35.695000,38.926667,41.271250,35.197500,36.423737,33.971263,35.810619,34.584381
2025-07-22,34.400000,2025-05-15,2025-03-31,-0.600000,-1.850000,-18.594595,-14.950650,5.813318,49.167980,38.413342,27.658703,16.904065,6.149426,,,,,,,,,,35.097500,35.661667,38.825000,41.241042,35.097500,36.233733,33.961267,35.665617,34.529383
2025-07-23,35.600000,2025-05-15,2025-03-31,-0.600000,-1.850000,-19.243243,-15.049405,5.784432,49.243798,38.542598,27.841399,17.140200,6.439001,,,,,,,,,,35.097500,35.638333,38.734167,41.217917,35.097500,36.233733,33.961267,35.665617,34.529383
2025-07-24,36.350000,2025-05-15,2025-03-31,-0.600000,-1.850000,-19.648649,-15.152399,5.755057,49.325648,38.678793,28.031939,17.385084,6.738229,,,,,,,,,,35.117500,35.627500,38.655000,41.198542,35.117500,36.328535,33.906465,35.723017,34.511983
2025-07-25,36.150000,2025-05-15,2025-03-31,-0.600000,-1.850000,-19.540541,-15.253300,5.724631,49.399740,38.809172,28.218605,17.628038,7.037471,,,,,,,,,,35.100000,35.630000,38.566667,41.177917,35.100000,36.234623,33.965377,35.667311,34.532689
2025-07-28,36.050000,2025-05-15,2025-03-31,-0.600000,-1.850000,-19.486486,-15.356864,5.687433,49.453699,38.931949,28.410198,17.888448,7.366698,,,,,,,,,,35.132500,35.605000,38.497083,41.157292,35.132500,36.338308,33.926692,35.735404,34.529596
2025-07-29,36.000000,2025-05-15,2025-03-31,-0.600000,-1.850000,-19.459459,-15.461461,5.646008,49.493933,39.048818,28.603703,18.158588,7.713473,,,,,,,,,,35.177500,35.595000,38.435000,41.132500,35.177500,36.443856,33.911144,35.810678,34.544322
2025-07-30,36.450000,2025-05-15,2025-03-31,-0.600000,-1.850000,-19.702703,-15.567820,5.604185,49.535952,39.168210,28.800468,18.432726,8.064984,,,,,,,,,,35.255000,35.591667,38.375000,41.114583,35.255000,36.634512,33.875488,35.944756,34.565244
2025-07-31,35.200000,2025-05-15,2025-03-31,-0.600000,-1.850000,-19.027027,-15.667291,5.558199,49.549824,39.267156,28.984488,18.701819,8.419151,,,,,,,,,,35.230000,35.578333,38.296667,41.104583,35.230000,36.593587,33.866413,35.911793,34.548207
2025-08-01,35.500000,2025-05-15,2025-03-31,-0.600000,-1.850000,-19.189189,-15.768708,5.509895,49.558720,39.365415,29.172110,18.978805,8.785500,,,,,,,,,,35.252500,35.564167,38.224583,41.093542,35.252500,36.618429,33.886571,35.935465,34.569535
2025-08-04,35.600000,2025-05-15,2025-03-31,-0.600000,-1.850000,-19.243243,-15.869715,5.460941,49.564455,39.461714,29.358973,19.256232,9.153491,,,,,,,,,,35.295000,35.536667,38.147917,41.077917,35.295000,36.647931,33.942069,35.971465,34.618535
2025-08-05,35.850000,2025-05-15,2025-03-31,-0.600000,-1.850000,-19.378378,-15.972246,5.409687,49.564495,39.556575,29.548654,19.540734,9.532813,,,,,,,,,,35.330000,35.510833,38.075833,41.063333,35.330000,36.703202,33.956798,36.016601,34.643399
2025-08-06,35.200000,2025-05-15,2025-03-31,-0.600000,-1.850000,-19.027027,-16.071186,5.355355,49.546508,39.639101,29.731693,19.824286,9.916878,,,,,,,,,,35.340000,35.465833,37.994167,41.045208,35.340000,36.705978,33.974022,36.022989,34.657011
2025-08-07,35.200000,2025-05-15,2025-03-31,-0.600000,-1.850000,-19.027027,-16.168072,5.302078,49.528623,39.719778,29.910934,20.102089,10.293244,,,,,,,,,,35.362500,35.430000,37.899583,41.030417,35.362500,36.702129,34.022871,36.032314,34.692686
2025-08-08,34.250000,2025-05-15,2025-03-31,-0.600000,-1.850000,-18.513514,-16.259686,5.246075,49.490895,39.785657,30.080419,20.375181,10.669943,,,,,,,,,,35.325000,35.374167,37.790833,41.011042,35.325000,36.746822,33.903178,36.035911,34.614089
2025-08-11,33.600000,2025-05-15,2025-03-31,-0.600000,-1.850000,-18.162162,-16.347775,5.187723,49.437960,39.840672,30.243385,20.646097,11.048809,,,,,,,,,,35.287500,35.303333,37.672917,40.984375,35.287500,36.850182,33.724818,36.068841,34.506159
2025-08-12,34.450000,2025-05-15,2025-03-31,-0.600000,-1.850000,-18.621622,-16.439296,5.129342,49.391265,39.901982,30.412698,20.923415,11.434131,,,,,,,,,,35.302500,35.254167,37.559583,40.963333,35.302500,36.824436,33.780564,36.063468,34.541532
2025-08-13,34.800000,2025-05-15,2025-03-31,-0.600000,-1.850000,-18.810811,-16.528486,5.076035,49.359026,39.968362,30.577698,21.187034,11.796370,,,,,,,,,,35.317500,35.208333,37.424583,40.941250,35.317500,36.811796,33.823204,36.064648,34.570352
2025-08-14,35.150000,2025-08-14,2025-06-30,-1.190000,-2.630000,-13.365019,-16.573088,5.023825,70.012543,56.799882,43.587222,30.374561,17.161901,,,,,,,,,,35.317500,35.161667,37.297500,40.920833,35.317500,36.811796,33.823204,36.064648,34.570352
2025-08-15,35.000000,2025-08-14,2025-06-30,-1.190000,-2.630000,-13.307985,-16.616155,4.972816,69.857503,56.778996,43.700489,30.621982,17.543475,,,,,,,,,,35.295000,35.126667,37.162500,40.899792,35.295000,36.794438,33.795562,36.044719,34.545281
2025-08-18,38.500000,2025-08-14,2025-06-30,-1.190000,-2.630000,-14.638783,-16.676341,4.903764,69.652577,56.755677,43.858776,30.961876,18.064976,,,,,,,,,,35.465000,35.159167,37.094583,40.893750,35.465000,37.534096,33.395904,36.499548,34.430452
2025-08-19,37.900000,2025-08-14,2025-06-30,-1.190000,-2.630000,-14.410646,-16.735751,4.831642,69.429461,56.722243,44.015026,31.307808,18.600590,,,,,,,,,,35.640000,35.180833,37.028750,40.885000,35.640000,37.911934,33.368066,36.775967,34.504033
2025-08-20,36.300000,2025-08-14,2025-06-30,-1.190000,-2.630000,-13.802281,-16.790158,4.760430,69.197977,56.678047,44.158116,31.638185,19.118254,,,,,,,,,,35.675000,35.184167,36.950000,40.871250,35.675000,37.965828,33.384172,36.820414,34.529586
2025-08-21,38.050000,2025-08-14,2025-06-30,-1.190000,-2.630000,-14.467681,-16.851037,4.682340,68.947335,56.632782,44.318229,32.003675,19.689122,,,,,,,,,,35.760000,35.216667,36.891667,40.861250,35.760000,38.271783,33.248217,37.015891,34.504109
2025-08-22,37.300000,2025-08-14,2025-06-30,-1.190000,-2.630000,-14.182510,-16.911461,4.599306,68.669495,56.573319,44.477143,32.380968,20.284792,,,,,,,,,,35.817500,35.250833,36.839167,40.849375,35.817500,38.417960,33.217040,37.117730,34.517270
2025-08-25,37.800000,2025-08-14,2025-06-30,-1.190000,-2.630000,-14.372624,-16.973933,4.511933,68.374214,56.507829,44.641445,32.775060,20.908676,,,,,,,,,,35.905000,35.315000,36.793750,40.839375,35.905000,38.652037,33.157963,37.278518,34.531482
2025-08-26,38.200000,2025-08-14,2025-06-30,-1.190000,-2.630000,-14.524715,-17.037076,4.422573,68.070245,56.438878,44.807511,33.176144,21.544777,,,,,,,,,,36.015000,35.390000,36.747917,40.830000,36.015000,38.947953,33.082047,37.481476,34.548524
2025-08-27,38.150000,2025-08-14,2025-06-30,-1.190000,-2.630000,-14.505703,-17.100856,4.328648,67.743940,56.359596,44.975252,33.590907,22.206563,,,,,,,,,,36.100000,35.459167,36.706667,40.813542,36.100000,39.180841,33.019159,37.640420,34.559580
2025-08-28,38.150000,2025-08-14,2025-06-30,-1.190000,-2.630000,-14.505703,-17.164702,4.231507,67.400893,56.272030,45.143166,34.014303,22.885439,,,,,,,,,,36.247500,35.528333,36.665833,40.800625,36.247500,39.427781,33.067219,37.837640,34.657360
2025-08-29,39.000000,2025-08-14,2025-06-30,-1.190000,-2.630000,-14.828897,-17.231506,4.128730,67.035981,56.177421,45.318861,34.460301,23.601742,,,,,,,,,,36.422500,35.612500,36.633750,40.793542,36.422500,39.808147,33.036853,38.115323,34.729677
2025-09-01,38.050000,2025-08-14,2025-06-30,-1.190000,-2.630000,-14.467681,-17.296294,4.021582,66.642773,56.066013,45.489253,34.912493,24.335733,,,,,,,,,,36.545000,35.673333,36.600000,40.789792,36.545000,39.982242,33.107758,38.263621,34.826379
2025-09-02,38.050000,2025-08-14,2025-06-30,-1.190000,-2.630000,-14.467681,-17.360154,3.912954,66.239345,55.948275,45.657205,35.366135,25.075065,,,,,,,,,,36.655000,35.716667,36.560417,40.786667,36.655000,40.139084,33.170916,38.397042,34.912958
2025-09-03,38.100000,2025-08-14,2025-06-30,-1.190000,-2.630000,-14.486692,-17.425498,3.796254,65.797357,55.813208,45.829059,35.844910,25.860761,,,,,,,,,,36.800000,35.772500,36.529583,40.773750,36.800000,40.270477,33.329523,38.535238,35.064762
2025-09-04,37.850000,2025-08-14,2025-06-30,-1.190000,-2.630000,-14.391635,-17.488592,3.679641,65.349910,55.672453,45.994996,36.317539,26.640082,,,,,,,,,,36.932500,35.823333,36.487500,40.761042,36.932500,40.347679,33.517321,38.640089,35.224911
2025-09-05,37.500000,2025-08-14,2025-06-30,-1.190000,-2.630000,-14.258555,-17.550047,3.560702,64.885913,55.521268,46.156623,36.791978,27.427332,,,,,,,,,,37.095000,35.879167,36.439167,40.748542,37.095000,40.273861,33.916139,38.684431,35.505569
2025-09-08,38.050000,2025-08-14,2025-06-30,-1.190000,-2.630000,-14.467681,-17.612715,3.436543,64.397655,55.359547,46.321439,37.283332,28.245224,,,,,,,,,,37.317500,35.938333,36.392083,40.740417,37.317500,40.059239,34.575761,38.688369,35.946631
2025-09-09,37.500000,2025-08-14,2025-06-30,-1.190000,-2.630000,-14.258555,-17.673640,3.308289,63.883272,55.182472,46.481672,37.780872,29.080073,,,,,,,,,,37.470000,35.988333,36.340417,40.725000,37.470000,39.856453,35.083547,38.663226,36.276774
2025-09-10,38.400000,2025-08-14,2025-06-30,-1.190000,-2.630000,-14.600760,-17.736158,3.174967,63.346424,54.996260,46.646096,38.295931,29.945767,,,,,,,,,,37.650000,36.043333,36.288333,40.714167,37.650000,39.709126,35.590874,38.679563,36.620437
2025-09-11,37.700000,2025-08-14,2025-06-30,-1.190000,-2.630000,-14.334601,-17.797187,3.034351,62.767289,54.786945,46.806602,38.826258,30.845914,,,,,,,,,,37.777500,36.097500,36.235000,40.690833,37.777500,39.467556,36.087444,38.622528,36.932472
2025-09-12,38.250000,2025-08-14,2025-06-30,-1.190000,-2.630000,-14.543726,-17.860290,2.882250,62.133196,54.552879,46.972562,39.392245,31.811928,,,,,,,,,,37.940000,36.151667,36.188333,40.670208,37.940000,39.020740,36.859260,38.480370,37.399630
2025-09-15,37.650000,2025-08-14,2025-06-30,-1.190000,-2.630000,-14.315589,-17.922750,2.717501,61.430890,54.283861,47.136833,39.989804,32.842776,,,,,,,,,,37.897500,36.186667,36.144583,40.646250,37.897500,38.952052,36.842948,38.424776,37.370224
2025-09-16,38.800000,2025-08-14,2025-06-30,-1.190000,-2.630000,-14.752852,-17.988324,2.537897,60.658633,53.983963,47.309293,40.634623,33.959953,,,,,,,,,,37.942500,36.226667,36.107083,40.619792,37.942500,39.071671,36.813329,38.507085,37.377915
2025-09-17,40.050000,2025-08-14,2025-06-30,-1.190000,-2.630000,-15.228137,-18.058654,2.333641,59.769214,53.631737,47.494261,41.356784,35.219307,,,,,,,,,,38.130000,36.300833,36.085000,40.594583,38.130000,39.352336,36.907664,38.741168,37.518832
2025-09-18,40.650000,2025-08-14,2025-06-30,-1.190000,-2.630000,-15.456274,-18.132608,2.095332,58.710205,53.199482,47.688758,42.178034,36.667310,,,,,,,,,,38.260000,36.379167,36.078750,40.572500,38.260000,39.920881,36.599119,39.090441,37.429559
2025-09-19,39.150000,2025-08-14,2025-06-30,-1.190000,-2.630000,-14.885932,-18.081523,2.099166,58.596019,53.075212,47.554406,42.033600,36.512794,,,,,,,,,,38.352500,36.423333,36.077500,40.540625,38.352500,39.994218,36.710782,39.173359,37.531641
2025-09-22,39.600000,2025-08-14,2025-06-30,-1.190000,-2.630000,-15.057034,-18.028300,2.094161,58.429714,52.922071,47.414428,41.906786,36.399143,,,,,,,,,,38.442500,36.493333,36.073333,40.517917,38.442500,40.152617,36.732383,39.297558,37.587442
2025-09-23,39.750000,2025-08-14,2025-06-30,-1.190000,-2.630000,-15.114068,-17.975329,2.086737,58.251353,52.763234,47.275115,41.786996,36.298877,,,,,,,,,,38.520000,36.570833,36.070000,40.493958,38.520000,40.321870,36.718130,39.420935,37.619065
2025-09-24,39.950000,2025-08-14,2025-06-30,-1.190000,-2.630000,-15.190114,-17.940817,2.098333,58.221582,52.702965,47.184348,41.665731,36.147114,,,,,,,,,,38.610000,36.655000,36.101667,40.471250,38.610000,40.511135,36.708865,39.560568,37.659432
2025-09-25,40.350000,2025-08-14,2025-06-30,-1.190000,-2.630000,-15.342205,-17.922724,2.111370,58.242571,52.689667,47.136764,41.583860,36.030957,,,,,,,,,,38.720000,36.732500,36.165000,40.448125,38.720000,40.758679,36.681321,39.739339,37.700661
2025-09-26,39.700000,2025-08-14,2025-06-30,-1.190000,-2.630000,-15.095057,-17.917054,2.118087,58.262993,52.692423,47.121853,41.551283,35.980713,,,,,,,,,,38.755000,36.810000,36.250000,40.421458,38.755000,40.837483,36.672517,39.796242,37.713758
2025-09-30,39.250000,2025-08-14,2025-06-30,-1.190000,-2.630000,-14.923954,-17.896813,2.135062,58.299044,52.683831,47.068617,41.453404,35.838191,,,,,,,,,,38.815000,36.885000,36.306667,40.391042,38.815000,40.881041,36.748959,39.848021,37.781979
2025-10-01,39.250000,2025-08-14,2025-06-30,-1.190000,-2.630000,-14.923954,-17.873006,2.152225,58.326710,52.666358,47.006006,41.345654,35.685302,,,,,,,,,,38.875000,36.953333,36.356667,40.365417,38.875000,40.917058,36.832942,39.896029,37.853971
2025-10-02,39.250000,2025-08-14,2025-06-30,-1.190000,-2.630000,-14.923954,-17.843852,2.168355,58.334876,52.632103,46.929330,41.226558,35.523785,,,,,,,,,,38.932500,37.024167,36.396667,40.345625,38.932500,40.947255,36.917745,39.939877,37.925123
2025-10-03,39.250000,2025-08-14,2025-06-30,-1.190000,-2.630000,-14.923954,-17.809573,2.181800,58.315444,52.577311,46.839177,41.101043,35.362909,,,,,,,,,,39.002500,37.099167,36.427083,40.322708,39.002500,40.955224,37.049776,39.978862,38.026138
2025-10-07,39.850000,2025-08-14,2025-06-30,-1.190000,-2.630000,-15.152091,-17.780092,2.193675,58.300371,52.531006,46.761641,40.992276,35.222911,,,,,,,,,,39.120000,37.180000,36.467917,40.300417,39.120000,40.972282,37.267718,40.046141,38.193859
2025-10-08,38.750000,2025-08-14,2025-06-30,-1.190000,-2.630000,-14.733840,-17.746234,2.209151,58.292728,52.482661,46.672595,40.862528,35.052462,,,,,,,,,,39.155000,37.253333,36.497917,40.275208,39.155000,40.947646,37.362354,40.051323,38.258677
2025-10-09,38.200000,2025-08-14,2025-06-30,-1.190000,-2.630000,-14.524715,-17.711302,2.226750,58.293428,52.437076,46.580723,40.724370,34.868018,,,,,,,,,,39.190000,37.320833,36.524583,40.238542,39.190000,40.870413,37.509587,40.030207,38.349793
2025-10-13,37.350000,2025-08-14,2025-06-30,-1.190000,-2.630000,-14.201521,-17.671448,2.246491,58.292450,52.384179,46.475908,40.567637,34.659366,,,,,,,,,,39.137500,37.368333,36.540000,40.199792,39.137500,40.979660,37.295340,40.058580,38.216420
2025-10-14,36.500000,2025-08-14,2025-06-30,-1.190000,-2.630000,-13.878327,-17.631352,2.270967,58.315741,52.343098,46.370456,40.397813,34.425170,,,,,,,,,,39.077500,37.390833,36.552917,40.154583,39.077500,41.176992,36.978008,40.127246,38.027754
2025-10-15,36.150000,2025-08-14,2025-06-30,-1.190000,-2.630000,-13.745247,-17.587028,2.294551,58.323219,52.288551,46.253883,40.219214,34.184546,,,,,,,,,,38.972500,37.402500,36.557083,40.103750,38.972500,41.426385,36.518615,40.199443,37.745557
2025-10-16,36.500000,2025-08-14,2025-06-30,-1.190000,-2.630000,-13.878327,-17.541807,2.313804,58.305560,52.220256,46.134952,40.049648,33.964344,,,,,,,,,,38.915000,37.425833,36.560417,40.055833,38.915000,41.546809,36.283191,40.230905,37.599095
2025-10-17,36.100000,2025-08-14,2025-06-30,-1.190000,-2.630000,-13.726236,-17.493982,2.332945,58.280464,52.144818,46.009172,39.873526,33.737880,,,,,,,,,,38.780000,37.454167,36.557917,40.007917,38.780000,41.698074,35.861926,40.239037,37.320963
2025-10-20,36.250000,2025-08-14,2025-06-30,-1.190000,-2.630000,-13.783270,-17.443958,2.347695,58.226484,52.052047,45.877610,39.703174,33.528737,,,,,,,,,,38.590000,37.465000,36.551667,39.962083,38.590000,41.651235,35.528765,40.120617,37.059383
2025-10-21,36.300000,2025-08-14,2025-06-30,-1.190000,-2.630000,-13.802281,-17.394093,2.361040,58.165534,51.956000,45.746465,39.536930,33.327396,,,,,,,,,,38.372500,37.464167,36.545833,39.916875,38.372500,41.435604,35.309396,39.904052,36.840948
2025-10-22,36.400000,2025-08-14,2025-06-30,-1.190000,-2.630000,-13.840304,-17.349001,2.376889,58.130310,51.879092,45.627873,39.376655,33.125437,,,,,,,,,,38.235000,37.468333,36.549167,39.869583,38.235000,41.396462,35.073538,39.815731,36.654269
2025-10-23,35.900000,2025-08-14,2025-06-30,-1.190000,-2.630000,-13.650190,-17.295418,2.387256,58.043913,51.765431,45.486949,39.208466,32.929984,,,,,,,,,,38.050000,37.465833,36.535417,39.825417,38.050000,41.306734,34.793266,39.678367,36.421633
2025-10-27,35.850000,2025-08-14,2025-06-30,-1.190000,-2.630000,-13.631179,-17.245909,2.401205,57.987080,51.671911,45.356741,39.041572,32.726402,,,,,,,,,,37.855000,37.463333,36.529167,39.780000,37.855000,41.149956,34.560044,39.502478,36.207522
2025-10-28,35.300000,2025-08-14,2025-06-30,-1.190000,-2.630000,-13.422053,-17.194435,2.416498,57.932142,51.576753,45.221365,38.865976,32.510588,,,,,,,,,,37.622500,37.444167,36.517917,39.731042,37.622500,40.951080,34.293920,39.286790,35.958210
2025-10-29,35.450000,2025-08-14,2025-06-30,-1.190000,-2.630000,-13.479087,-17.146333,2.432606,57.890364,51.492610,45.094856,38.697102,32.299349,,,,,,,,,,37.377500,37.448333,36.513333,39.681250,37.377500,40.579716,34.175284,38.978608,35.776392
2025-10-30,35.050000,2025-08-14,2025-06-30,-1.190000,-2.630000,-13.326996,-17.095404,2.448140,57.838127,51.399520,44.960912,38.522305,32.083698,,,,,,,,,,37.145000,37.440833,36.502500,39.627708,37.145000,40.312250,33.977750,38.728625,35.561375
2025-10-31,34.350000,2025-08-14,2025-06-30,-1.190000,-2.630000,-13.060837,-17.038246,2.461675,57.759000,51.284794,44.810587,38.336381,31.862174,,,,,,,,,,36.900000,37.420000,36.478333,39.573542,36.900000,40.138908,33.661092,38.519454,35.280546
2025-11-03,34.150000,2025-08-14,2025-06-30,-1.190000,-2.630000,-12.984791,-16.979786,2.474016,57.670163,51.163500,44.656837,38.150174,31.643511,,,,,,,,,,36.645000,37.391667,36.451250,39.515625,36.645000,39.907853,33.382147,38.276427,35.013573
2025-11-04,33.650000,2025-08-14,2025-06-30,-1.190000,-2.630000,-12.794677,-16.917513,2.484594,57.562024,51.027542,44.493060,37.958578,31.424097,,,,,,,,,,36.365000,37.365833,36.415833,39.459583,36.365000,39.647666,33.082334,38.006333,34.723667
2025-11-05,33.550000,2025-08-14,2025-06-30,-1.190000,-2.630000,-12.756654,-16.857375,2.497314,57.470769,50.902833,44.334896,37.766960,31.199024,,,,,,,,,,36.080000,37.338333,36.384167,39.410208,36.080000,39.297125,32.862875,37.688563,34.471437
2025-11-06,34.350000,2025-08-14,2025-06-30,-1.190000,-2.630000,-13.060837,-16.796846,2.500600,57.328861,50.752283,44.175705,37.599127,31.022549,,,,,,,,,,35.805000,37.340000,36.357083,39.365833,35.805000,38.574362,33.035638,37.189681,34.420319
2025-11-07,34.150000,2025-08-14,2025-06-30,-1.190000,-2.630000,-12.984791,-16.734557,2.501694,57.170798,50.591341,44.011885,37.432429,30.852973,,,,,,,,,,35.575000,37.349167,36.326250,39.323542,35.575000,38.064451,33.085549,36.819726,34.330274
2025-11-10,33.250000,2025-08-14,2025-06-30,-1.190000,-2.630000,-12.642586,-16.671443,2.508645,57.041370,50.443633,43.845896,37.248159,30.650423,,,,,,,,,,35.327500,37.329167,36.291667,39.276042,35.327500,37.699591,32.955409,36.513546,34.141454
2025-11-11,33.150000,2025-08-14,2025-06-30,-1.190000,-2.630000,-12.604563,-16.607337,2.513497,56.898291,50.287794,43.677297,37.066800,30.456303,,,,,,,,,,35.117500,37.301667,36.255000,39.226667,35.117500,37.479318,32.755682,36.298409,33.936591
2025-11-12,33.950000,2025-08-14,2025-06-30,-1.190000,-2.630000,-12.908745,-16.543964,2.510050,56.713489,50.112058,43.510626,36.909195,30.307763,,,,,,,,,,34.990000,37.281667,36.221667,39.182708,34.990000,37.312567,32.667433,36.151283,33.828717
2025-11-13,34.100000,2025-08-14,2025-06-30,-1.190000,-2.630000,-12.965779,-16.484895,2.510157,56.558701,49.956988,43.355275,36.753562,30.151848,,,,,,,,,,34.887500,37.266667,36.196667,39.139167,34.887500,37.175196,32.599804,36.031348,33.743652
2025-11-14,33.350000,2025-11-14,2025-09-30,-0.830000,-3.470000,-9.610951,-16.400347,2.569200,74.739454,65.824329,56.909204,47.994079,39.078954,,,,,,,,,,34.730000,37.180833,36.170000,39.091458,34.730000,36.983745,32.476255,35.856873,33.603127
2025-11-17,33.000000,2025-11-14,2025-09-30,-0.830000,-3.470000,-9.510086,-16.314733,2.626053,74.836932,65.724527,56.612123,47.499719,38.387314,,,,,,,,,,34.575000,37.099167,36.140000,39.038750,34.575000,36.858234,32.291766,35.716617,33.433383
2025-11-18,31.850000,2025-11-14,2025-09-30,-0.830000,-3.470000,-9.178674,-16.228609,2.688981,74.974801,65.644037,56.313274,46.982510,37.651747,,,,,,,,,,34.355000,37.025000,36.104583,38.979375,34.355000,36.800813,31.909187,35.577906,33.132094
2025-11-19,31.350000,2025-11-14,2025-09-30,-0.830000,-3.470000,-9.034582,-16.141285,2.750847,75.101135,65.555697,56.010258,46.464819,36.919381,,,,,,,,,,34.107500,36.913333,36.065000,38.918958,34.107500,36.720680,31.494320,35.414090,32.800910
2025-11-20,32.100000,2025-11-14,2025-09-30,-0.830000,-3.470000,-9.250720,-16.059590,2.808580,75.218325,65.472552,55.726778,45.981005,36.235231,,,,,,,,,,33.892500,36.826667,36.038750,38.860000,33.892500,36.417590,31.367410,35.155045,32.629955
2025-11-21,31.150000,2025-11-14,2025-09-30,-0.830000,-3.470000,-8.976945,-15.981470,2.873913,75.400661,65.428181,55.455702,45.483222,35.510743,,,,,,,,,,33.655000,36.715833,36.015417,38.801458,33.655000,36.276751,31.033249,34.965876,32.344124
2025-11-24,30.600000,2025-11-14,2025-09-30,-0.830000,-3.470000,-8.818444,-15.903155,2.939795,75.586126,65.385038,55.183949,44.982861,34.781773,,,,,,,,,,33.392500,36.589167,35.989583,38.743542,33.392500,36.137308,30.647692,34.764904,32.020096
2025-11-25,31.500000,2025-11-14,2025-09-30,-0.830000,-3.470000,-9.077810,-15.825651,2.996052,75.707606,65.311307,54.915008,44.518709,34.122410,,,,,,,,,,33.202500,36.478333,35.968750,38.690208,33.202500,35.917270,30.487730,34.559885,31.845115
2025-11-26,31.700000,2025-11-14,2025-09-30,-0.830000,-3.470000,-9.135447,-15.748626,3.048230,75.802451,65.225092,54.647733,44.070375,33.493016,,,,,,,,,,33.015000,36.370833,35.949583,38.633750,33.015000,35.590614,30.439386,34.302807,31.727193
2025-11-27,32.350000,2025-11-14,2025-09-30,-0.830000,-3.470000,-9.322767,-15.673388,3.094521,75.862634,65.124645,54.386657,43.648668,32.910679,,,,,,,,,,32.880000,36.260000,35.936250,38.572500,32.880000,35.283813,30.476187,34.081906,31.678094
2025-11-28,32.150000,2025-11-14,2025-09-30,-0.830000,-3.470000,-9.265130,-15.595643,3.137411,75.890512,65.003696,54.116880,43.230064,32.343248,,,,,,,,,,32.770000,36.161667,35.917500,38.511667,32.770000,35.090481,30.449519,33.930240,31.609760
2025-12-01,32.000000,2025-11-14,2025-09-30,-0.830000,-3.470000,-9.221902,-15.512807,3.173471,75.853331,64.841386,53.829440,42.817495,31.805550,,,,,,,,,,32.662500,36.060833,35.888750,38.447500,32.662500,34.911915,30.413085,33.787208,31.537792
2025-12-02,32.450000,2025-11-14,2025-09-30,-0.830000,-3.470000,-9.351585,-15.434205,3.208392,75.822931,64.689812,53.556693,42.423574,31.290455,,,,,,,,,,32.602500,35.966667,35.869583,38.387708,32.602500,34.804527,30.400473,33.703513,31.501487
2025-12-03,32.800000,2025-11-14,2025-09-30,-0.830000,-3.470000,-9.452450,-15.356219,3.239216,75.766236,64.526158,53.286080,42.046002,30.805924,,,,,,,,,,32.565000,35.882500,35.852917,38.335417,32.565000,34.724215,30.405785,33.644608,31.485392
2025-12-04,33.000000,2025-11-14,2025-09-30,-0.830000,-3.470000,-9.510086,-15.281641,3.270044,75.721399,64.374346,53.027294,41.680242,30.333189,,,,,,,,,,32.497500,35.807500,35.843333,38.287292,32.497500,34.500517,30.494483,33.499009,31.495991
2025-12-05,32.200000,2025-11-14,2025-09-30,-0.830000,-3.470000,-9.279539,-15.203565,3.300683,75.663109,64.209740,52.756371,41.303002,29.849633,,,,,,,,,,32.400000,35.710000,35.824167,38.237708,32.400000,34.248185,30.551815,33.324093,31.475907
2025-12-08,33.400000,2025-11-14,2025-09-30,-0.830000,-3.470000,-9.625360,-15.128371,3.324237,75.565651,64.030549,52.495447,40.960345,29.425243,,,,,,,,,,32.407500,35.641667,35.815000,38.193750,32.407500,34.271360,30.543640,33.339430,31.475570
2025-12-09,33.350000,2025-11-14,2025-09-30,-0.830000,-3.470000,-9.610951,-15.050354,3.343055,75.425531,63.825130,52.224729,40.624327,29.023926,,,,,,,,,,32.417500,35.557500,35.800417,38.156458,32.417500,34.300184,30.534816,33.358842,31.476158
2025-12-10,33.400000,2025-11-14,2025-09-30,-0.830000,-3.470000,-9.625360,-14.975385,3.363107,75.304550,63.634569,51.964587,40.294605,28.624623,,,,,,,,,,32.390000,35.485833,35.791667,38.121458,32.390000,34.192805,30.587195,33.291402,31.488598
2025-12-11,34.200000,2025-11-14,2025-09-30,-0.830000,-3.470000,-9.855908,-14.899860,3.375544,75.128790,63.415652,51.702515,39.989377,28.276239,,,,,,,,,,32.395000,35.418333,35.785000,38.086458,32.395000,34.218213,30.571787,33.306606,31.483394
2025-12-12,34.550000,2025-11-14,2025-09-30,-0.830000,-3.470000,-9.956772,-14.822698,3.381872,74.904956,63.169859,51.434763,39.699666,27.964570,,,,,,,,,,32.455000,35.366667,35.776667,38.055000,32.455000,34.478520,30.431480,33.466760,31.443240
2025-12-15,33.900000,2025-11-14,2025-09-30,-0.830000,-3.470000,-9.769452,-14.740146,3.383321,74.628553,62.888430,51.148308,39.408185,27.668062,,,,,,,,,,32.500000,35.285000,35.755833,38.024167,32.500000,34.612619,30.387381,33.556309,31.443691
2025-12-16,33.000000,2025-11-14,2025-09-30,-0.830000,-3.470000,-9.510086,-14.659037,3.391118,74.401219,62.634038,50.866857,39.099676,27.332495,,,,,,,,,,32.557500,35.167500,35.734167,37.993333,32.557500,34.658195,30.456805,33.607848,31.507152
2025-12-17,32.350000,2025-11-14,2025-09-30,-0.830000,-3.470000,-9.322767,-14.574789,3.397108,74.150452,62.362486,50.574519,38.786553,26.998587,,,,,,,,,,32.607500,35.029167,35.704167,37.951667,32.607500,34.633457,30.581543,33.620478,31.594522
2025-12-18,31.800000,2025-11-14,2025-09-30,-0.830000,-3.470000,-9.164265,-14.486744,3.399297,73.860123,62.064562,50.269001,38.473440,26.677879,,,,,,,,,,32.592500,34.906667,35.665000,37.909792,32.592500,34.638620,30.546380,33.615560,31.569440
2025-12-19,32.950000,2025-11-14,2025-09-30,-0.830000,-3.470000,-9.495677,-14.406415,3.402421,73.603065,61.796663,49.990260,38.183858,26.377455,,,,,,,,,,32.682500,34.795833,35.644583,37.871667,32.682500,34.616755,30.748245,33.649627,31.715373
2025-12-22,32.950000,2025-11-14,2025-09-30,-0.830000,-3.470000,-9.495677,-14.327438,3.405524,73.350544,61.533376,49.716208,37.899041,26.081873,,,,,,,,,,32.800000,34.682500,35.626667,37.833542,32.800000,34.468911,31.131089,33.634455,31.965545
2025-12-23,32.900000,2025-11-14,2025-09-30,-0.830000,-3.470000,-9.481268,-14.249241,3.408192,73.097718,61.271292,49.444866,37.618440,25.792014,,,,,,,,,,32.870000,34.565000,35.610000,37.793333,32.870000,34.422723,31.317277,33.646361,32.093639
2025-12-24,33.050000,2025-11-14,2025-09-30,-0.830000,-3.470000,-9.524496,-14.167801,3.403312,72.781254,60.971762,49.162269,37.352777,25.543284,,,,,,,,,,32.937500,34.443333,35.587917,37.755625,32.937500,34.390220,31.484780,33.663860,32.211140
2025-12-26,32.850000,2025-11-14,2025-09-30,-0.830000,-3.470000,-9.466859,-14.088809,3.401484,72.494462,60.691314,48.888166,37.085018,25.281870,,,,,,,,,,32.962500,34.329167,35.569583,37.718333,32.962500,34.389634,31.535366,33.676067,32.248933
2025-12-29,33.200000,2025-11-14,2025-09-30,-0.830000,-3.470000,-9.567723,-14.012008,3.398628,72.208150,60.414909,48.621668,36.828427,25.035186,,,,,,,,,,33.015000,34.228333,35.556667,37.680208,33.015000,34.392679,31.637321,33.703840,32.326160
2025-12-30,33.200000,2025-11-14,2025-09-30,-0.830000,-3.470000,-9.567723,-13.933406,3.391364,71.884984,60.116951,48.348918,36.580885,24.812852,,,,,,,,,,33.075000,34.127500,35.540417,37.644167,33.075000,34.368506,31.781494,33.721753,32.428247
2025-12-31,35.750000,2025-11-14,2025-09-30,-0.830000,-3.470000,-10.302594,-13.861603,3.376102,71.529908,59.814835,48.099763,36.384690,24.669617,,,,,,,,,,33.240000,34.069167,35.546667,37.602083,33.240000,34.967060,31.512940,34.103530,32.376470
2026-01-02,34.700000,2025-11-14,2025-09-30,-0.830000,-3.470000,-10.000000,-13.788405,3.363685,71.189736,59.517750,47.845765,36.173779,24.501794,,,,,,,,,,33.335000,33.993333,35.546250,37.553750,33.335000,35.166048,31.503952,34.250524,32.419476
2026-01-05,35.900000,2025-11-14,2025-09-30,-0.830000,-3.470000,-10.345821,-13.716962,3.344791,70.810706,59.204283,47.597859,35.991436,24.385013,,,,,,,,,,33.480000,33.927500,35.553750,37.509583,33.480000,35.630740,31.329260,34.555370,32.404630
2026-01-06,35.550000,2025-11-14,2025-09-30,-0.830000,-3.470000,-10.244957,-13.647607,3.329618,70.464747,58.910972,47.357197,35.803422,24.249647,,,,,,,,,,33.647500,33.874167,35.563750,37.465417,33.647500,35.897991,31.397009,34.772746,32.522254
2026-01-07,36.550000,2025-11-14,2025-09-30,-0.830000,-3.470000,-10.533141,-13.581555,3.311933,70.112808,58.620401,47.127995,35.635588,24.143181,,,,,,,,,,33.805000,33.846667,35.583750,37.430833,33.805000,36.397479,31.212521,35.101240,32.508760
2026-01-08,35.350000,2025-11-14,2025-09-30,-0.830000,-3.470000,-10.187320,-13.511044,3.293165,69.737889,58.310605,46.883321,35.456037,24.028753,,,,,,,,,,33.905000,33.813333,35.590833,37.394792,33.905000,36.576664,31.233336,35.240832,32.569168
2026-01-09,34.950000,2025-11-14,2025-09-30,-0.830000,-3.470000,-10.072046,-13.436644,3.268877,69.311163,57.968159,46.625154,35.282150,23.939146,,,,,,,,,,33.982500,33.787500,35.589167,37.357917,33.982500,36.682261,31.282739,35.332381,32.632619
2026-01-12,35.300000,2025-11-14,2025-09-30,-0.830000,-3.470000,-10.172911,-13.361734,3.239435,68.846892,57.606054,46.365215,35.124377,23.883538,,,,,,,,,,34.037500,33.773333,35.587917,37.309792,34.037500,36.800007,31.274993,35.418754,32.656246
2026-01-13,35.300000,2025-11-14,2025-09-30,-0.830000,-3.470000,-10.172911,-13.288400,3.210822,68.393850,57.252298,46.110747,34.969195,23.827644,,,,,,,,,,34.075000,33.753333,35.589583,37.258125,34.075000,36.886724,31.263276,35.480862,32.669138
2026-01-14,35.350000,2025-11-14,2025-09-30,-0.830000,-3.470000,-10.187320,-13.218339,3.185692,67.976342,56.921989,45.867636,34.813284,23.758931,,,,,,,,,,34.147500,33.740833,35.597500,37.211250,34.147500,37.014458,31.280542,35.580979,32.714021
2026-01-15,35.000000,2025-11-14,2025-09-30,-0.830000,-3.470000,-10.086455,-13.142032,3.149627,67.461267,56.532060,45.602853,34.673645,23.744438,,,,,,,,,,34.247500,33.720000,35.592500,37.163333,34.247500,37.085304,31.409696,35.666402,32.828598
2026-01-16,34.550000,2025-11-14,2025-09-30,-0.830000,-3.470000,-9.956772,-13.061267,3.105329,66.873581,56.098088,45.322596,34.547103,23.771611,,,,,,,,,,34.357500,33.690833,35.577500,37.116250,34.357500,37.052578,31.662422,35.705039,33.009961
2026-01-19,35.300000,2025-11-14,2025-09-30,-0.830000,-3.470000,-10.172911,-12.983203,3.058472,66.277509,55.664612,45.051715,34.438819,23.825922,,,,,,,,,,34.532500,33.672500,35.570417,37.068542,34.532500,36.970635,32.094365,35.751567,33.313433
2026-01-20,37.150000,2025-11-14,2025-09-30,-0.830000,-3.470000,-10.706052,-12.910033,3.006164,65.660595,55.229205,44.797814,34.366424,23.935034,,,,,,,,,,34.742500,33.693333,35.579583,37.038333,34.742500,37.325904,32.159096,36.034202,33.450798
2026-01-21,35.500000,2025-11-14,2025-09-30,-0.830000,-3.470000,-10.230548,-12.833125,2.954815,65.037360,54.784153,44.530945,34.277737,24.024530,,,,,,,,,,34.870000,33.687500,35.575417,37.005208,34.870000,37.329653,32.410347,36.099827,33.640173
2026-01-22,34.900000,2025-11-14,2025-09-30,-0.830000,-3.470000,-10.057637,-12.752750,2.896996,64.357195,54.304618,44.252042,34.199465,24.146889,,,,,,,,,,34.970000,33.680833,35.562500,36.968750,34.970000,37.248365,32.691635,36.109183,33.830817
2026-01-23,35.200000,2025-11-14,2025-09-30,-0.830000,-3.470000,-10.144092,-12.678725,2.848409,63.763137,53.879157,43.995177,34.111197,24.227217,,,,,,,,,,35.077500,33.676667,35.562500,36.929583,35.077500,37.169710,32.985290,36.123605,34.031395
2026-01-26,37.900000,2025-11-14,2025-09-30,-0.830000,-3.470000,-10.922190,-12.609834,2.788977,63.111621,53.433872,43.756123,34.078374,24.400625,,,,,,,,,,35.330000,33.724167,35.582500,36.903542,35.330000,37.507493,33.152507,36.418746,34.241254
2026-01-27,37.500000,2025-11-14,2025-09-30,-0.830000,-3.470000,-10.806916,-12.539531,2.725978,62.430460,52.971316,43.512172,34.053029,24.593885,,,,,,,,,,35.545000,33.776667,35.598333,36.873125,35.545000,37.685807,33.404193,36.615403,34.474597
2026-01-28,36.900000,2025-11-14,2025-09-30,-0.830000,-3.470000,-10.634006,-12.466661,2.657648,61.703389,52.481352,43.259314,34.037277,24.815240,,,,,,,,,,35.730000,33.822500,35.607083,36.841458,35.730000,37.645147,33.814853,36.687574,34.772426
2026-01-29,36.100000,2025-11-14,2025-09-30,-0.830000,-3.470000,-10.403458,-12.394798,2.594607,61.016525,52.013237,43.009949,34.006662,25.003374,,,,,,,,,,35.747500,33.863333,35.614583,36.804375,35.747500,37.669800,33.825200,36.708650,34.786350
2026-01-30,35.150000,2025-11-14,2025-09-30,-0.830000,-3.470000,-10.129683,-12.320654,2.529807,60.309531,51.531099,42.752668,33.974237,25.195805,,,,,,,,,,35.770000,33.890000,35.614167,36.756875,35.770000,37.650761,33.889239,36.710381,34.829619
2026-02-02,35.650000,2025-11-14,2025-09-30,-0.830000,-3.470000,-10.273775,-12.251989,2.471456,59.666310,51.090356,42.514402,33.938448,25.362495,,,,,,,,,,35.757500,33.911667,35.625833,36.708333,35.757500,37.637946,33.877054,36.697723,34.817277
2026-02-03,36.100000,2025-11-14,2025-09-30,-0.830000,-3.470000,-10.403458,-12.187333,2.416416,59.059972,50.675009,42.290046,33.905083,25.520121,,,,,,,,,,35.785000,33.944167,35.646667,36.659792,35.785000,37.668753,33.901247,36.726877,34.843123
2026-02-04,36.700000,2025-11-14,2025-09-30,-0.830000,-3.470000,-10.576369,-12.120289,2.347007,58.345633,50.201518,42.057404,33.913290,25.769176,,,,,,,,,,35.792500,34.001667,35.665417,36.612500,35.792500,37.690220,33.894780,36.741360,34.843640
2026-02-05,37.150000,2025-11-14,2025-09-30,-0.830000,-3.470000,-10.706052,-12.052750,2.268147,57.563979,49.693510,41.823042,33.952573,26.082105,,,,,,,,,,35.882500,34.068333,35.685000,36.554792,35.882500,37.860877,33.904123,36.871688,34.893312
2026-02-06,35.600000,2025-11-14,2025-09-30,-0.830000,-3.470000,-10.259366,-12.026869,2.270764,57.492339,49.612788,41.733237,33.853686,25.974134,,,,,,,,,,35.915000,34.095833,35.688750,36.493125,35.915000,37.849751,33.980249,36.882376,34.947624
2026-02-09,35.700000,2025-11-14,2025-09-30,-0.830000,-3.470000,-10.288184,-12.001704,2.273179,57.421775,49.533845,41.645914,33.757983,25.870053,,,,,,,,,,35.935000,34.122500,35.694583,36.428542,35.935000,37.851164,34.018836,36.893082,34.976918
2026-02-10,36.200000,2025-11-14,2025-09-30,-0.830000,-3.470000,-10.432277,-11.966650,2.264589,57.240523,49.382399,41.524276,33.666153,25.808029,,,,,,,,,,35.980000,34.170000,35.675417,36.385000,35.980000,37.875535,34.084465,36.927767,35.032233
2026-02-11,35.700000,2025-11-14,2025-09-30,-0.830000,-3.470000,-10.288184,-11.932296,2.258462,57.078798,49.241933,41.405068,33.568203,25.731338,,,,,,,,,,35.997500,34.215000,35.657083,36.342917,35.997500,37.874921,34.120079,36.936211,35.058789
2026-02-23,37.000000,2025-11-14,2025-09-30,-0.830000,-3.470000,-10.662824,-11.906134,2.254799,56.962593,49.138439,41.314285,33.490132,25.665978,,,,,,,,,,36.097500,34.300833,35.662917,36.306458,36.097500,37.964238,34.230762,37.030869,35.164131
2026-02-24,38.400000,2025-11-14,2025-09-30,-0.830000,-3.470000,-11.066282,-11.877789,2.243680,56.787065,49.001497,41.215928,33.430360,25.644792,,,,,,,,,,36.290000,34.418333,35.665833,36.278750,36.290000,38.275102,34.304898,37.282551,35.297449
2026-02-25,38.200000,2025-11-14,2025-09-30,-0.830000,-3.470000,-11.008646,-11.851340,2.234973,56.634863,48.879507,41.124151,33.368795,25.613438,,,,,,,,,,36.435000,34.520000,35.673333,36.256250,36.435000,38.535902,34.334098,37.485451,35.384549
2026-02-26,38.100000,2025-11-14,2025-09-30,-0.830000,-3.470000,-10.979827,-11.823067,2.224244,56.462296,48.744169,41.026042,33.307915,25.589788,,,,,,,,,,36.482500,34.635833,35.675833,36.234792,36.482500,38.691638,34.273362,37.587069,35.377931
2026-03-02,38.750000,2025-11-14,2025-09-30,-0.830000,-3.470000,-11.167147,-11.795087,2.211052,56.273656,48.601304,40.928953,33.256601,25.584250,,,,,,,,,,36.645000,34.771667,35.680417,36.214167,36.645000,39.021619,34.268381,37.833309,35.456691
2026-03-03,38.100000,2025-11-14,2025-09-30,-0.830000,-3.470000,-10.979827,-11.765705,2.198118,56.081937,48.454467,40.826996,33.199526,25.572055,,,,,,,,,,36.805000,34.881667,35.680000,36.193333,36.805000,39.116960,34.493040,37.960980,35.649020
2026-03-04,36.500000,2025-11-14,2025-09-30,-0.830000,-3.470000,-10.518732,-11.732480,2.186456,55.885709,48.298708,40.711706,33.124705,25.537704,,,,,,,,,,36.870000,34.961667,35.666250,36.166042,36.870000,39.061947,34.678053,37.965973,35.774027
2026-03-05,38.350000,2025-11-14,2025-09-30,-0.830000,-3.470000,-11.051873,-11.701005,2.168620,55.652710,48.127599,40.602487,33.077376,25.552265,,,,,,,,,,36.892500,35.061667,35.660833,36.147292,36.892500,39.137559,34.647441,38.015029,35.769971
2026-03-06,39.150000,2025-11-14,2025-09-30,-0.830000,-3.470000,-11.282421,-11.674461,2.153915,55.458552,47.984466,40.510380,33.036294,25.562209,,,,,,,,,,36.975000,35.178333,35.670000,36.135000,36.975000,39.425886,34.524114,38.200443,35.749557
2026-03-09,37.150000,2025-11-14,2025-09-30,-0.830000,-3.470000,-10.706052,-11.643114,2.140252,55.254953,47.828280,40.401606,32.974933,25.548260,,,,,,,,,,36.987500,35.264167,35.662500,36.111458,36.987500,39.439325,34.535675,38.213413,35.761587
2026-03-10,37.500000,2025-11-14,2025-09-30,-0.830000,-3.470000,-10.806916,-11.612449,2.125478,55.046015,47.670607,40.295200,32.919792,25.544384,,,,,,,,,,37.057500,35.348333,35.657500,36.093542,37.057500,39.482431,34.632569,38.269965,35.845035
2026-03-11,39.700000,2025-11-14,2025-09-30,-0.830000,-3.470000,-11.440922,-11.587860,2.110068,54.853746,47.531811,40.209875,32.887939,25.566003,,,,,,,,,,37.285000,35.463333,35.672917,36.080208,37.285000,39.808177,34.761823,38.546588,36.023412
2026-03-12,43.650000,2025-11-14,2025-09-30,-0.830000,-3.470000,-12.579251,-11.573866,2.097739,54.719626,47.440471,40.161315,32.882159,25.603003,,,,,,,,,,37.685000,35.640833,35.724167,36.081667,37.685000,41.380816,33.989184,39.532908,35.837092
2026-03-13,42.750000,2025-11-14,2025-09-30,-0.830000,-3.470000,-12.319885,-11.555968,2.081945,54.547903,47.323556,40.099208,32.874860,25.650512,,,,,,,,,,38.017500,35.816667,35.763333,36.077708,38.017500,42.267859,33.767141,40.142680,35.892320
2026-03-16,47.000000,2025-11-14,2025-09-30,-0.830000,-3.470000,-13.544669,-11.550019,2.075166,54.480217,47.279391,40.078565,32.877738,25.676912,,,,,,,,,,38.532500,36.043333,35.842500,36.091458,38.532500,44.326442,32.738558,41.429471,35.635529
2026-03-17,48.150000,2025-11-14,2025-09-30,-0.830000,-3.470000,-13.876081,-11.543980,2.067253,54.404344,47.230977,40.057609,32.884242,25.710875,,,,,,,,,,39.082500,36.290000,35.923750,36.106042,39.082500,46.249550,31.915450,42.666025,35.498975
2026-03-18,47.200000,2025-11-14,2025-09-30,-0.830000,-3.470000,-13.602305,-11.537877,2.060014,54.332931,47.184682,40.036434,32.888185,25.739937,,,,,,,,,,39.662500,36.520000,36.002917,36.118958,39.662500,47.489974,31.835026,43.576237,35.748763
2026-03-19,48.500000,2025-11-14,2025-09-30,-0.830000,-3.470000,-13.976945,-11.533154,2.053704,54.272753,47.146398,40.020044,32.893690,25.767336,,,,,,,,,,40.302500,36.758333,36.088333,36.138333,40.302500,48.827848,31.777152,44.565174,36.039826
2026-03-20,48.100000,2025-11-14,2025-09-30,-0.830000,-3.470000,-13.861671,-11.529371,2.048949,54.226624,47.116771,40.006919,32.897066,25.787213,,,,,,,,,,40.897500,36.984167,36.175417,36.160000,40.897500,49.866774,31.928226,45.382137,36.412863
2026-03-23,46.800000,2025-11-14,2025-09-30,-0.830000,-3.470000,-13.487032,-11.518823,2.035428,54.096185,47.033250,39.970315,32.907380,25.844445,,,,,,,,,,41.452500,37.199167,36.242083,36.174583,41.452500,50.441293,32.463707,45.946896,36.958104
2026-03-24,46.650000,2025-11-14,2025-09-30,-0.830000,-3.470000,-13.443804,-11.503953,2.014513,53.899436,46.909077,39.918718,32.928359,25.938001,,,,,,,,,,41.935000,37.426667,36.297083,36.191042,41.935000,50.953408,32.916592,46.444204,37.425796
2026-03-25,48.600000,2025-11-14,2025-09-30,-0.830000,-3.470000,-14.005764,-11.491866,1.994854,53.721063,46.798919,39.876774,32.954630,26.032486,,,,,,,,,,42.445000,37.697500,36.363333,36.221042,42.445000,51.770116,33.119884,47.107558,37.782442
2026-03-26,50.100000,2025-11-14,2025-09-30,-0.830000,-3.470000,-14.438040,-11.488133,1.988860,53.666515,46.765169,39.863823,32.962477,26.061131,,,,,,,,,,43.040000,38.002500,36.454583,36.266042,43.040000,52.735881,33.344119,47.887940,38.192060
2026-03-27,48.700000,2025-11-14,2025-09-30,-0.830000,-3.470000,-14.034582,-11.479613,1.975588,53.544841,46.689549,39.834257,32.978965,26.123673,,,,,,,,,,43.570000,38.265000,36.530417,36.301875,43.570000,53.287721,33.852279,48.428861,38.711139
2026-03-30,47.750000,2025-11-14,2025-09-30,-0.830000,-3.470000,-13.760807,-11.468336,1.958456,53.386808,46.590967,39.795125,32.999284,26.203442,,,,,,,,,,44.020000,38.511667,36.597083,36.333542,44.020000,53.630871,34.409129,48.825436,39.214564
2026-03-31,45.550000,2026-03-31,2025-12-31,-1.070000,-3.690000,-12.344173,-11.444620,1.930033,56.474290,49.352468,42.230646,35.108824,27.987002,,,,,,,,,,44.392500,38.722500,36.643750,36.372708,44.392500,53.606578,35.178422,48.999539,39.785461
2026-04-01,49.300000,2026-03-31,2025-12-31,-1.070000,-3.690000,-13.360434,-11.428105,1.904715,56.226503,49.198105,42.169707,35.141309,28.112911,,,,,,,,,,45.032500,38.993333,36.718333,36.441667,45.032500,53.700303,36.364697,49.366402,40.698598
2026-04-02,54.200000,2026-03-31,2025-12-31,-1.070000,-3.690000,-14.688347,-11.424716,1.898487,56.168033,49.162617,42.157201,35.151784,28.146368,,,,,,,,,,45.825000,39.349167,36.839167,36.544583,45.825000,54.812682,36.837318,50.318841,41.331159
2026-04-07,49.650000,2026-03-31,2025-12-31,-1.070000,-3.690000,-13.455285,-11.412477,1.880386,55.989291,49.050665,42.112039,35.173413,28.234787,,,,,,,,,,46.350000,39.623333,36.925833,36.616250,46.350000,54.912587,37.787413,50.631293,42.068707
2026-04-08,52.100000,2026-03-31,2025-12-31,-1.070000,-3.690000,-14.119241,-11.405771,1.869160,55.881693,48.984494,42.087294,35.190094,28.292895,,,,,,,,,,47.097500,39.938333,37.032917,36.694792,47.097500,54.850359,39.344641,50.973929,43.221071
2026-04-09,57.300000,2026-03-31,2025-12-31,-1.070000,-3.690000,-15.528455,-11.410808,1.879507,55.976645,49.041264,42.105882,35.170501,28.235120,,,,,,,,,,48.087500,40.297500,37.183333,36.790000,48.087500,55.736158,40.438842,51.911829,44.263171
2026-04-10,52.000000,2026-03-31,2025-12-31,-1.070000,-3.690000,-14.092141,-11.403876,1.867940,55.865700,48.973002,42.080304,35.187606,28.294908,,,,,,,,,,48.702500,40.585833,37.289583,36.858333,48.702500,55.434628,41.970372,52.068564,45.336436
2026-04-13,57.200000,2026-03-31,2025-12-31,-1.070000,-3.690000,-15.501355,-11.406787,1.874091,55.921837,49.006440,42.091044,35.175648,28.260251,,,,,,,,,,49.380000,40.940833,37.434167,36.951042,49.380000,56.674944,42.085056,53.027472,45.732528
2026-04-14,62.900000,2026-03-31,2025-12-31,-1.070000,-3.690000,-17.046070,-11.426056,1.919912,56.331099,49.246622,42.162145,35.077668,27.993191,,,,,,,,,,50.387500,41.396667,37.635417,37.066667,50.387500,59.228902,41.546098,54.808201,45.966799
2026-04-15,69.100000,2026-03-31,2025-12-31,-1.070000,-3.690000,-18.726287,-11.461069,2.012954,57.146945,49.719144,42.291343,34.863543,27.435742,,,,,,,,,,51.492500,41.939167,37.892917,37.208750,51.492500,63.506276,39.478724,57.499388,45.485612
2026-04-16,76.000000,2026-03-31,2025-12-31,-1.070000,-3.690000,-20.596206,-11.514358,2.165012,58.465770,50.476875,42.487980,34.499085,26.510190,,,,,,,,,,52.885000,42.616667,38.215000,37.377500,52.885000,69.017579,36.752421,60.951290,44.818710
2026-04-17,77.900000,2026-03-31,2025-12-31,-1.070000,-3.690000,-21.111111,-11.574631,2.326066,59.876756,51.293572,42.710388,34.127204,25.544020,,,,,,,,,,54.420000,43.332500,38.560000,37.556458,54.420000,73.791938,35.048062,64.105969,44.734031
2026-04-20,77.400000,2026-03-31,2025-12-31,-1.070000,-3.690000,-20.975610,-11.634884,2.471842,61.174919,52.053820,42.932722,33.811623,24.690524,,,,,,,,,,55.865000,44.034167,38.903750,37.730417,55.865000,77.550870,34.179130,66.707935,45.022065
2026-04-21,73.600000,2026-03-31,2025-12-31,-1.070000,-3.690000,-19.945799,-11.685446,2.577899,62.144192,52.631744,43.119297,33.606849,24.094401,,,,,,,,,,57.140000,44.672500,39.212917,37.886667,57.140000,79.876653,34.403347,68.508326,45.771674
2026-04-22,73.300000,2026-03-31,2025-12-31,-1.070000,-3.690000,-19.864499,-11.736598,2.677702,63.069486,53.188767,43.308048,33.427329,23.546611,,,,,,,,,,58.465000,45.305000,39.522917,38.040417,58.465000,81.746597,35.183403,70.105798,46.824202
2026-04-23,70.000000,2026-03-31,2025-12-31,-1.070000,-3.690000,-18.970190,-11.779823,2.751855,63.776235,53.621891,43.467546,33.313201,23.158856,,,,,,,,,,59.632500,45.888333,39.804167,38.177917,59.632500,82.760776,36.504224,71.196638,48.068362
2026-04-24,66.600000,2026-03-31,2025-12-31,-1.070000,-3.690000,-18.048780,-11.815210,2.804874,64.298100,53.948113,43.598126,33.248139,22.898152,,,,,,,,,,60.532500,46.422500,40.056667,38.301250,60.532500,83.250387,37.814613,71.891444,49.173556
2026-04-27,64.900000,2026-03-31,2025-12-31,-1.070000,-3.690000,-17.588076,-11.846442,2.848144,64.732674,54.223022,43.713370,33.203718,22.694066,,,,,,,,,,61.272500,46.915833,40.294167,38.421667,61.272500,83.518836,39.026164,72.395668,50.149332
2026-04-28,71.300000,2026-03-31,2025-12-31,-1.070000,-3.690000,-19.322493,-11.893711,2.924381,65.469728,54.678761,43.887793,33.096825,22.305858,,,,,,,,,,62.402500,47.485000,40.589167,38.562292,62.402500,84.252310,40.552690,73.327405,51.477595
2026-04-29,73.700000,2026-03-31,2025-12-31,-1.070000,-3.690000,-19.972900,-11.946559,3.012032,66.311598,55.197200,44.082801,32.968402,21.854004,,,,,,,,,,63.700000,48.121667,40.904583,38.716875,63.700000,84.960217,42.439783,74.330109,53.069891
2026-04-30,74.100000,2026-03-31,2025-12-31,-1.070000,-3.690000,-20.081301,-12.002052,3.099520,67.162027,55.724800,44.287573,32.850346,21.413118,,,,,,,,,,65.127500,48.775000,41.227917,38.872917,65.127500,85.048224,45.206776,75.087862,55.167138
2026-05-04,78.400000,2026-03-31,2025-12-31,-1.070000,-3.690000,-21.246612,-12.066782,3.209771,68.214535,56.370480,44.526424,32.682369,20.838313,,,,,,,,,,66.582500,49.495000,41.585833,39.049583,66.582500,85.876766,47.288234,76.229633,56.935367
2026-05-05,74.600000,2026-03-31,2025-12-31,-1.070000,-3.690000,-20.216802,-12.124197,3.293044,69.040947,56.889617,44.738286,32.586955,20.435624,,,,,,,,,,67.602500,50.106667,41.915417,39.208958,67.602500,86.287830,48.917170,76.945165,58.259835
2026-05-06,73.300000,2026-03-31,2025-12-31,-1.070000,-3.690000,-19.864499,-12.180894,3.367044,69.796284,57.371891,44.947498,32.523105,20.098712,,,,,,,,,,68.785000,50.703333,42.240000,39.359167,68.785000,85.584909,51.985091,77.184955,60.385045
2026-05-07,71.400000,2026-03-31,2025-12-31,-1.070000,-3.690000,-19.349593,-12.233934,3.429369,70.451957,57.797587,45.143216,32.488845,19.834475,,,,,,,,,,69.750000,51.278333,42.550417,39.500833,69.750000,84.621024,54.878976,77.185512,62.314488
2026-05-08,71.100000,2026-03-31,2025-12-31,-1.070000,-3.690000,-19.268293,-12.287881,3.488669,71.088655,58.215467,45.342280,32.469092,19.595904,,,,,,,,,,70.440000,51.861667,42.862500,39.639167,70.440000,84.110930,56.769070,77.275465,63.604535
2026-05-11,67.900000,2026-03-31,2025-12-31,-1.070000,-3.690000,-18.401084,-12.334918,3.532814,71.588015,58.551930,45.515846,32.479762,19.443677,,,,,,,,,,71.235000,52.407500,43.148750,39.766458,71.235000,81.912330,60.557670,76.573665,65.896335
2026-05-12,73.700000,2026-03-31,2025-12-31,-1.070000,-3.690000,-19.972900,-12.392518,3.600451,72.299717,59.014054,45.728392,32.442729,19.157067,,,,,,,,,,72.060000,53.041667,43.476667,39.916875,72.060000,80.483126,63.636874,76.271563,67.848437
2026-05-13,70.000000,2026-03-31,2025-12-31,-1.070000,-3.690000,-18.970190,-12.442396,3.649845,72.848296,59.380369,45.912443,32.444516,18.976590,,,,,,,,,,72.415000,53.606667,43.775417,40.050833,72.415000,79.739444,65.090556,76.077222,68.752778
2026-05-14,68.200000,2026-03-31,2025-12-31,-1.070000,-3.690000,-18.482385,-12.491061,3.691234,73.333323,59.712670,46.092017,32.471364,18.850711,,,,,,,,,,72.370000,54.131667,44.066667,40.179167,72.370000,79.790626,64.949374,76.080313,68.659687
2026-05-15,67.200000,2026-05-15,2026-03-31,-0.200000,-3.290000,-20.425532,-12.556236,3.761629,66.061539,53.685778,41.310017,28.934256,16.558495,,,,,,,,,,71.930000,54.632500,44.350417,40.302708,71.930000,79.486691,64.373309,75.708346,68.151654
2026-05-18,67.900000,2026-05-15,2026-03-31,-0.200000,-3.290000,-20.638298,-12.620649,3.833214,66.744487,54.133211,41.521936,28.910660,16.299384,,,,,,,,,,71.430000,55.170833,44.633333,40.427500,71.430000,78.638796,64.221204,75.034398,67.825602
2026-05-19,66.900000,2026-05-15,2026-03-31,-0.200000,-3.290000,-20.334347,-12.682054,3.897273,67.368016,54.545986,41.723957,28.901928,16.079899,,,,,,,,,,70.905000,55.690833,44.906667,40.551667,70.905000,77.805946,64.004054,74.355473,67.454527
2026-05-20,67.400000,2026-05-15,2026-03-31,-0.200000,-3.290000,-20.486322,-12.772682,3.951331,68.021884,55.022004,42.022124,29.022243,16.022363,,,,,,,,,,70.595000,56.210833,45.190417,40.680208,70.595000,77.543071,63.646929,74.069035,67.120965
2026-05-21,74.000000,2026-05-15,2026-03-31,-0.200000,-3.290000,-22.492401,-12.880868,4.038026,68.948269,55.663162,42.378055,29.092949,15.807842,,,,,,,,,,70.630000,56.849167,45.532083,40.836042,70.630000,77.642200,63.617800,74.136100,67.123900
2026-05-22,81.400000,2026-05-15,2026-03-31,-0.200000,-3.290000,-24.741641,-13.010559,4.166016,70.217122,56.510931,42.804740,29.098549,15.392358,,,,,,,,,,71.200000,57.589167,45.945000,41.024792,71.200000,79.693465,62.706535,75.446732,66.953268
2026-05-25,79.700000,2026-05-15,2026-03-31,-0.200000,-3.290000,-24.224924,-13.137145,4.273582,71.341381,57.281295,43.221209,29.161123,15.101037,,,,,,,,,,71.855000,58.277500,46.347917,41.206458,71.855000,80.859905,62.850095,76.357453,67.352547
2026-05-26,79.400000,2026-05-15,2026-03-31,-0.200000,-3.290000,-24.133739,-13.261171,4.374614,72.414209,58.021730,43.629251,29.236772,14.844293,,,,,,,,,,72.580000,58.964167,46.742083,41.390417,72.580000,81.561994,63.598006,77.070997,68.089003
2026-05-27,74.300000,2026-05-15,2026-03-31,-0.200000,-3.290000,-22.583587,-13.374559,4.438508,73.207683,58.604992,44.002300,29.399608,14.796917,,,,,,,,,,72.730000,59.567500,47.101667,41.558542,72.730000,81.722184,63.737816,77.226092,68.233908
2026-05-28,72.700000,2026-05-15,2026-03-31,-0.200000,-3.290000,-22.097264,-13.485216,4.489203,73.905316,59.135839,44.366361,29.596884,14.827406,,,,,,,,,,72.680000,60.133333,47.452500,41.721042,72.680000,81.660587,63.699413,77.170294,68.189706
2026-05-29,72.800000,2026-05-15,2026-03-31,-0.200000,-3.290000,-22.127660,-13.593965,4.539322,74.592882,59.658513,44.724145,29.789776,14.855407,,,,,,,,,,72.615000,60.711667,47.796667,41.882708,72.615000,81.571098,63.658902,77.093049,68.136951
2026-06-01,71.600000,2026-05-15,2026-03-31,-0.200000,-3.290000,-21.762918,-13.699194,4.581266,75.215081,60.142714,45.070348,29.997981,14.925615,,,,,,,,,,72.275000,61.296667,48.129167,42.039375,72.275000,80.812934,63.737066,76.543967,68.006033
2026-06-02,69.200000,2026-05-15,2026-03-31,-0.200000,-3.290000,-21.033435,-13.796783,4.611884,75.737612,60.564513,45.391415,30.218317,15.045219,,,,,,,,,,72.005000,61.810833,48.436250,42.186250,72.005000,80.574831,63.435169,76.289915,67.720085
2026-06-03,70.000000,2026-05-15,2026-03-31,-0.200000,-3.290000,-21.276596,-13.896878,4.642946,76.271314,60.996022,45.720730,30.445437,15.170145,,,,,,,,,,71.840000,62.325000,48.751667,42.334583,71.840000,80.431893,63.248107,76.135947,67.544053
2026-06-04,68.500000,2026-05-15,2026-03-31,-0.200000,-3.290000,-20.820669,-13.993535,4.665481,76.737596,61.388163,46.038729,30.689296,15.339862,,,,,,,,,,71.695000,62.847500,49.055833,42.472292,71.695000,80.415086,62.974914,76.055043,67.334957
2026-06-05,70.200000,2026-05-15,2026-03-31,-0.200000,-3.290000,-21.337386,-14.093416,4.693484,77.250466,61.808903,46.367340,30.925777,15.484214,,,,,,,,,,71.650000,63.392500,49.370417,42.620000,71.650000,80.392275,62.907725,76.021137,67.278863
2026-06-08,64.800000,2026-05-15,2026-03-31,-0.200000,-3.290000,-19.696049,-14.178780,4.701513,77.584142,62.116164,46.648185,31.180207,15.712228,,,,,,,,,,71.495000,63.810833,49.637083,42.745000,71.495000,80.618821,62.371179,76.056910,66.933090
2026-06-09,66.000000,2026-05-15,2026-03-31,-0.200000,-3.290000,-20.060790,-14.266702,4.712113,77.943151,62.440301,46.937450,31.434600,15.931749,,,,,,,,,,71.110000,64.183333,49.912083,42.877708,71.110000,80.488340,61.731660,75.799170,66.420830
2026-06-10,62.700000,2026-05-15,2026-03-31,-0.200000,-3.290000,-19.057751,-14.348187,4.709692,78.195307,62.700422,47.205536,31.710651,16.215765,,,,,,,,,,70.745000,64.515833,50.166250,42.995208,70.745000,80.845646,60.644354,75.795323,65.694677
2026-06-11,63.500000,2026-05-15,2026-03-31,-0.200000,-3.290000,-19.300912,-14.428817,4.710980,78.469055,62.969932,47.470808,31.971684,16.472560,,,,,,,,,,70.510000,64.790833,50.417083,43.116042,70.510000,81.068289,59.951711,75.789145,65.230855
2026-06-12,64.400000,2026-05-15,2026-03-31,-0.200000,-3.290000,-19.574468,-14.511846,4.713154,78.756530,63.250252,47.743974,32.237696,16.731418,,,,,,,,,,70.370000,65.061667,50.675833,43.238125,70.370000,81.184240,59.555760,75.777120,64.962880
2026-06-15,66.300000,2026-05-15,2026-03-31,-0.200000,-3.290000,-20.151976,-14.599568,4.719399,79.086227,63.559403,48.032579,32.505755,16.978930,,,,,,,,,,70.290000,65.380000,50.950000,43.370833,70.290000,81.204385,59.375615,75.747192,64.832808
2026-06-16,64.300000,2026-05-15,2026-03-31,-0.200000,-3.290000,-19.544073,-14.680303,4.720435,79.358660,63.828428,48.298196,32.767964,17.237731,,,,,,,,,,70.160000,65.643333,51.200833,43.492917,70.160000,81.303920,59.016080,75.731960,64.588040
2026-06-17,65.900000,2026-05-15,2026-03-31,-0.200000,-3.290000,-20.030395,-14.764250,4.725298,79.666843,64.120612,48.574381,33.028150,17.481919,,,,,,,,,,70.085000,65.940000,51.462083,43.619375,70.085000,81.326891,58.843109,75.705945,64.464055
2026-06-18,67.200000,2026-05-15,2026-03-31,-0.200000,-3.290000,-20.425532,-14.853050,4.730769,79.994994,64.430765,48.866535,33.302306,17.738077,,,,,,,,,,69.745000,66.280000,51.739583,43.747708,69.745000,80.899319,58.590681,75.322160,64.167840
2026-06-22,72.900000,2026-05-15,2026-03-31,-0.200000,-3.290000,-22.158055,-14.958450,4.751579,80.478693,64.845997,49.213300,33.580604,17.947908,,,,,,,,,,69.320000,66.717500,52.072083,43.903125,69.320000,79.176785,59.463215,74.248392,64.391608
2026-06-23,70.100000,2026-05-15,2026-03-31,-0.200000,-3.290000,-21.306991,-15.058318,4.758071,80.849975,65.195922,49.541868,33.887814,18.233760,,,,,,,,,,68.840000,67.075833,52.386667,44.045417,68.840000,77.420860,60.259140,73.130430,64.549570
2026-06-24,71.200000,2026-05-15,2026-03-31,-0.200000,-3.290000,-21.641337,-15.162294,4.764512,81.234437,65.559192,49.883948,34.208703,18.533458,,,,,,,,,,68.430000,67.427500,52.715000,44.190000,68.430000,75.544729,61.315271,71.987364,64.872636
2026-06-25,67.500000,2026-05-15,2026-03-31,-0.200000,-3.290000,-20.516717,-15.254136,4.760584,81.510748,65.848428,50.186108,34.523788,18.861468,,,,,,,,,,68.090000,67.740833,53.002917,44.323750,68.090000,74.652060,61.527940,71.371030,64.808970
2026-06-26,61.600000,2026-05-15,2026-03-31,-0.200000,-3.290000,-18.723404,-15.331034,4.741274,81.636685,66.037893,50.439101,34.840309,19.241517,,,,,,,,,,67.535000,67.971667,53.241667,44.434167,67.535000,74.328890,60.741110,70.931945,64.138055
2026-06-29,62.400000,2026-05-15,2026-03-31,-0.200000,-3.290000,-18.966565,-15.410078,4.721958,81.769640,66.234398,50.699157,35.163915,19.628673,,,,,,,,,,67.015000,68.252500,53.487500,44.548750,67.015000,73.703332,60.326668,70.359166,63.670834
2026-06-30,64.800000,2026-05-15,2026-03-31,-0.200000,-3.290000,-19.696049,-15.494841,4.706688,81.948036,66.463031,50.978027,35.493022,20.008018,,,,,,,,,,66.675000,68.510833,53.752083,44.670000,66.675000,73.066730,60.283270,69.870865,63.479135
2026-07-01,62.400000,2026-05-15,2026-03-31,-0.200000,-3.290000,-18.966565,-15.574005,4.684285,82.061075,66.649776,51.238477,35.827178,20.415878,,,,,,,,,,66.335000,68.647500,53.998333,44.783958,66.335000,72.882728,59.787272,69.608864,63.061136
2026-07-02,62.100000,2026-05-15,2026-03-31,-0.200000,-3.290000,-18.875380,-15.651569,4.660998,82.163026,66.828344,51.493662,36.158980,20.824298,,,,,,,,,,65.940000,68.855000,54.239167,44.897917,65.940000,72.509915,59.370085,69.224958,62.655042
2026-07-03,62.300000,2026-05-15,2026-03-31,-0.200000,-3.290000,-18.936170,-15.729639,4.636634,82.259567,67.005040,51.750513,36.495987,21.241460,,,,,,,,,,65.630000,69.025000,54.481667,45.011042,65.630000,72.275964,58.984036,68.952982,62.307018
2026-07-06,64.100000,2026-05-15,2026-03-31,-0.200000,-3.290000,-19.483283,-15.806145,4.622053,82.415326,67.208772,52.002217,36.795663,21.589108,,,,,,,,,,65.325000,69.138333,54.717917,45.132292,65.325000,71.639520,59.010480,68.482260,62.167740
2026-07-07,61.300000,2026-05-15,2026-03-31,-0.200000,-3.290000,-18.632219,-15.878080,4.598041,82.493995,67.366439,52.238884,37.111328,21.983773,,,,,,,,,,65.150000,69.293333,54.939583,45.242917,65.150000,71.714819,58.585181,68.432409,61.867591
2026-07-08,61.900000,2026-05-15,2026-03-31,-0.200000,-3.290000,-18.814590,-15.948653,4.577361,82.590103,67.530586,52.471069,37.411553,22.352036,,,,,,,,,,64.945000,69.371667,55.156250,45.355000,64.945000,71.652568,58.237432,68.298784,61.591216
2026-07-09,63.700000,2026-05-15,2026-03-31,-0.200000,-3.290000,-19.361702,-16.024626,4.557513,82.709453,67.715236,52.721020,37.726804,22.732587,,,,,,,,,,64.995000,69.385000,55.390833,45.477292,64.995000,71.646783,58.343217,68.320891,61.669109
2026-07-13,60.900000,2026-05-15,2026-03-31,-0.200000,-3.290000,-18.510638,-16.091105,4.534863,82.779136,67.859436,52.939736,38.020037,23.100337,,,,,,,,,,64.865000,69.248333,55.593750,45.588750,64.865000,71.737761,57.992239,68.301380,61.428620
2026-07-14,59.300000,2026-05-15,2026-03-31,-0.200000,-3.290000,-18.024316,-16.156414,4.505463,82.800544,67.977572,53.154601,38.331629,23.508658,,,,,,,,,,64.610000,68.970000,55.793333,45.692083,64.610000,71.919950,57.300050,68.264975,60.955025
2026-07-15,60.500000,2026-05-15,2026-03-31,-0.200000,-3.290000,-18.389058,-16.225722,4.474947,82.827775,68.105200,53.382626,38.660051,23.937476,,,,,,,,,,64.320000,68.680000,56.006250,45.797708,64.320000,71.805734,56.834266,68.062867,60.577133
2026-07-16,57.700000,2026-05-15,2026-03-31,-0.200000,-3.290000,-17.537994,-16.287098,4.441616,82.810383,68.197467,53.584552,38.971636,24.358720,,,,,,,,,,63.990000,68.351667,56.192917,45.890417,63.990000,72.040080,55.939920,68.015040,59.964960
2026-07-17,52.500000,2026-05-15,2026-03-31,-0.200000,-3.290000,-15.957447,-16.335302,4.405948,82.734280,68.238712,53.743144,39.247576,24.752008,,,,,,,,,,63.320000,68.000000,56.336250,45.962917,63.320000,72.803637,53.836363,68.061818,58.578182
2026-07-20,51.700000,2026-05-15,2026-03-31,-0.200000,-3.290000,-15.714286,-16.381360,4.369880,82.648484,68.271580,53.894675,39.517771,25.140866,,,,,,,,,,62.545000,67.640000,56.472500,46.035000,62.545000,73.159484,51.930516,67.852242,57.237758
2026-07-21,52.300000,2026-05-15,2026-03-31,-0.200000,-3.290000,-15.896657,-16.429779,4.331567,82.555680,68.304826,54.053972,39.803117,25.552263,,,,,,,,,,61.515000,67.345000,56.616667,46.104583,61.515000,71.893982,51.136018,66.704491,56.325509
2026-07-22,53.800000,2026-05-15,2026-03-31,-0.200000,-3.290000,-16.352584,-16.483077,4.290403,82.460174,68.344748,54.229323,40.113898,25.998473,,,,,,,,,,60.700000,67.131667,56.777083,46.177292,60.700000,70.796586,50.603414,65.748293,55.651707
2026-07-23,53.700000,2026-05-15,2026-03-31,-0.200000,-3.290000,-16.322188,-16.534321,4.250943,82.369123,68.383519,54.397916,40.412313,26.426710,,,,,,,,,,59.825000,66.945000,56.930417,46.250417,59.825000,69.089050,50.560950,64.457025,55.192975
2026-07-24,54.600000,2026-05-15,2026-03-31,-0.200000,-3.290000,-16.595745,-16.583402,4.216950,82.306925,68.433158,54.559392,40.685625,26.811859,,,,,,,,,,59.180000,66.666667,57.075833,46.327708,59.180000,67.978708,50.381292,63.579354,54.780646
2026-07-27,52.600000,2026-05-15,2026-03-31,-0.200000,-3.290000,-15.987842,-16.631379,4.176623,82.199417,68.458327,54.717238,40.976148,27.235058,,,,,,,,,,58.730000,66.315000,57.218333,46.396875,58.730000,67.919491,49.540509,63.324745,54.135255
2026-07-28,49.200000,2026-05-15,2026-03-31,-0.200000,-3.290000,-14.954407,-16.672186,4.135576,82.063581,68.457536,54.851491,41.245446,27.639400,,,,,,,,,,58.070000,65.900000,57.337500,46.450000,58.070000,68.014710,48.125290,63.042355,53.097645
2026-07-29,46.100000,2026-05-15,2026-03-31,-0.200000,-3.290000,-14.012158,-16.704420,4.099181,81.930151,68.443845,54.957540,41.471235,27.984930,,,,,,,,,,57.135000,65.361667,57.428333,46.495417,57.135000,67.898149,46.371851,62.516574,51.753426
2026-07-30,45.550000,2026-05-15,2026-03-31,-0.200000,-3.290000,-13.844985,-16.728776,4.073136,81.838907,68.438290,55.037674,41.637057,28.236440,,,,,,,,,,56.292500,64.877500,57.492083,46.537292,56.292500,67.923325,44.661675,62.107912,50.477088
2026-07-31,48.050000,2026-05-15,2026-03-31,-0.200000,-3.290000,-14.604863,-16.760426,4.041366,81.733990,68.437895,55.141801,41.845706,28.549612,,,,,,,,,,55.590000,64.456667,57.580000,46.589167,55.590000,67.439077,43.740923,61.514539,49.665461
2026-08-03,50.400000,2026-05-15,2026-03-31,-0.200000,-3.290000,-15.319149,-16.799469,4.004142,81.617508,68.443880,55.270252,42.096623,28.922995,,,,,,,,,,54.995000,64.106667,57.692500,46.649792,54.995000,66.618339,43.371661,60.806669,49.183331
2026-08-04,53.700000,2026-05-15,2026-03-31,-0.200000,-3.290000,-16.322188,-16.848791,3.960915,81.495341,68.463932,55.432523,42.401115,29.369706,,,,,,,,,,54.475000,63.816667,57.839167,46.726875,54.475000,65.285351,43.664649,59.880175,49.069825
2026-08-05,55.100000,2026-05-15,2026-03-31,-0.200000,-3.290000,-16.747720,-16.903942,3.912350,81.357230,68.485599,55.613968,42.742337,29.870706,,,,,,,,,,54.165000,63.603333,58.005417,46.809792,54.165000,64.496256,43.833744,59.330628,48.999372
2026-08-06,57.700000,2026-05-15,2026-03-31,-0.200000,-3.290000,-17.537994,-16.964477,3.864810,81.243581,68.528355,55.813129,43.097902,30.382676,,,,,,,,,,53.955000,63.336667,58.189167,46.907500,53.955000,63.782721,44.127279,58.868861,49.041139
2026-08-07,59.400000,2026-05-15,2026-03-31,-0.200000,-3.290000,-18.054711,-17.028237,3.818496,81.148602,68.585751,56.022901,43.460050,30.897199,,,,,,,,,,53.740000,63.160000,58.383333,47.015000,53.740000,62.830573,44.649427,58.285287,49.194713
2026-08-10,59.000000,2026-05-15,2026-03-31,-0.200000,-3.290000,-17.933131,-17.089544,3.772823,81.049777,68.637188,56.224598,43.812009,31.399420,,,,,,,,,,53.645000,63.006667,58.569167,47.117292,53.645000,62.455932,44.834068,58.050466,49.239534
2026-08-11,56.000000,2026-05-15,2026-03-31,-0.200000,-3.290000,-17.021277,-17.142170,3.726797,80.920064,68.658902,56.397741,44.136579,31.875417,,,,,,,,,,53.480000,62.820000,58.726250,47.205625,53.480000,61.962515,44.997485,57.721257,49.238743
2026-08-12,58.300000,2026-05-15,2026-03-31,-0.200000,-3.290000,-17.720365,-17.204345,3.672851,80.769655,68.685976,56.602297,44.518617,32.434938,,,,,,,,,,53.370000,62.660000,58.915417,47.302083,53.370000,61.519743,45.220257,57.444872,49.295128
2026-08-13,58.600000,2026-05-15,2026-03-31,-0.200000,-3.290000,-17.811550,-17.267040,3.617597,80.612350,68.710456,56.808562,44.906668,33.004774,,,,,,,,,,53.415000,62.521667,59.106250,47.400417,53.415000,61.674610,45.155390,57.544805,49.285195
2026-08-14,56.900000,2026-08-14,2026-06-30,1.690000,-0.410000,-138.780488,-18.336609,11.645636,17.067431,12.292720,7.518010,2.743299,-2.031412,,,,,,,,,,53.635000,62.346667,59.278750,47.477083,53.635000,62.025352,45.244648,57.830176,49.439824
2026-08-17,59.700000,2026-08-14,2026-06-30,1.690000,-0.410000,-145.609756,-19.464288,16.429109,21.452227,14.716293,7.980358,1.244424,-5.491511,,,,,,,,,,54.035000,62.108333,59.478750,47.567917,54.035000,62.791718,45.278282,58.413359,49.656641
2026-08-18,56.000000,2026-08-14,2026-06-30,1.690000,-0.410000,-136.585366,-20.513643,19.581268,24.467234,16.438914,8.410594,0.382274,-7.646046,,,,,,,,,,54.220000,61.685000,59.637083,47.650000,54.220000,62.978719,45.461281,58.599359,49.840641
2026-08-19,55.200000,2026-08-14,2026-06-30,1.690000,-0.410000,-134.634146,-21.543375,22.159600,27.003656,17.918220,8.832784,-0.252652,-9.338088,,,,,,,,,,54.290000,61.276667,59.777083,47.721458,54.290000,63.056960,45.523040,58.673480,49.906520
2026-08-20,57.000000,2026-08-14,2026-06-30,1.690000,-0.410000,-139.024390,-22.610173,24.595712,29.438655,19.354413,9.270171,-0.814071,-10.898313,,,,,,,,,,54.455000,60.903333,59.933750,47.803542,54.455000,63.299082,45.610918,58.877041,50.032959
2026-08-21,57.300000,2026-08-14,2026-06-30,1.690000,-0.410000,-139.756098,-23.683309,26.794996,31.682053,20.696105,9.710156,-1.275792,-12.261740,,,,,,,,,,54.590000,60.620000,60.093750,47.884792,54.590000,63.525359,45.654641,59.057679,50.122321
2026-08-24,57.200000,2026-08-14,2026-06-30,1.690000,-0.410000,-139.512195,-24.752851,28.779231,33.747638,21.948153,10.148669,-1.650816,-13.450301,,,,,,,,,,54.820000,60.361667,60.247500,47.963958,54.820000,63.776468,45.863532,59.298234,50.341766
2026-08-25,59.600000,2026-08-14,2026-06-30,1.690000,-0.410000,-145.365854,-25.872734,30.783652,35.850416,23.229118,10.607821,-2.013476,-14.634774,,,,,,,,,,55.340000,60.141667,60.426667,48.053333,55.340000,64.128665,46.551335,59.734332,50.945668
2026-08-26,62.700000,2026-08-14,2026-06-30,1.690000,-0.410000,-152.926829,-27.059468,32.861609,38.040901,24.567642,11.094382,-2.378878,-15.852137,,,,,,,,,,56.170000,59.993333,60.645000,48.155625,56.170000,64.402247,47.937753,60.286124,52.053876
2026-08-27,63.500000,2026-08-14,2026-06-30,1.690000,-0.410000,-154.878049,-28.258020,34.836390,40.151628,25.868708,11.585788,-2.697132,-16.980052,,,,,,,,,,57.067500,59.898333,60.854583,48.257708,57.067500,64.274826,49.860174,60.671163,53.463837
2026-08-28,62.600000,2026-08-14,2026-06-30,1.690000,-0.410000,-152.682927,-29.436357,36.603954,42.084149,27.076528,12.068906,-2.938715,-17.946336,,,,,,,,,,57.795000,59.775000,61.050000,48.360000,57.795000,64.043360,51.546640,60.919180,54.670820
2026-08-31,61.600000,2026-08-14,2026-06-30,1.690000,-0.410000,-150.243902,-30.599173,38.186128,43.858286,28.201973,12.545661,-3.110652,-18.766964,,,,,,,,,,58.355000,59.660000,61.253750,48.458125,58.355000,63.763950,52.946050,61.059475,55.650525
2026-09-01,62.500000,2026-08-14,2026-06-30,1.690000,-0.410000,-152.439024,-31.779440,39.726959,45.605677,29.317624,13.029571,-3.258483,-19.546536,,,,,,,,,,58.795000,59.531667,61.462083,48.559792,58.795000,64.038733,53.551267,61.416867,56.173133
2026-09-02,62.000000,2026-08-14,2026-06-30,1.690000,-0.410000,-151.219512,-32.944262,41.149347,47.249612,30.378379,13.507147,-3.364085,-20.235317,,,,,,,,,,59.140000,59.485000,61.647917,48.660417,59.140000,64.266772,54.013228,61.703386,56.576614
2026-09-03,61.500000,2026-08-14,2026-06-30,1.690000,-0.410000,-150.000000,-34.089435,42.468864,48.801136,31.388902,13.976668,-3.435566,-20.847800,,,,,,,,,,59.330000,59.410000,61.796667,48.760417,59.330000,64.513415,54.146585,61.921707,56.738293
2026-09-04,66.800000,2026-08-14,2026-06-30,1.690000,-0.410000,-162.926829,-35.344493,44.017287,50.585417,32.538329,14.491242,-3.555846,-21.602933,,,,,,,,,,59.700000,59.478333,61.997083,48.880208,59.700000,65.867487,53.532513,62.783743,56.616257
2026-09-07,67.200000,2026-08-14,2026-06-30,1.690000,-0.410000,-163.902439,-36.597474,45.506355,52.320176,33.662570,15.004964,-3.652641,-22.310247,,,,,,,,,,60.110000,59.540000,62.165417,49.003958,60.110000,67.114931,53.105069,63.612465,56.607535
2026-09-08,64.900000,2026-08-14,2026-06-30,1.690000,-0.410000,-158.292683,-37.800946,46.791890,53.867738,34.683063,15.498388,-3.686287,-22.870962,,,,,,,,,,60.555000,59.548333,62.305000,49.114375,60.555000,67.591289,53.518711,64.073145,57.036855
2026-09-09,63.700000,2026-08-14,2026-06-30,1.690000,-0.410000,-155.365854,-38.982309,47.951017,55.302580,35.642663,15.982747,-3.677170,-23.337087,,,,,,,,,,60.825000,59.505000,62.442500,49.222708,60.825000,67.911199,53.738801,64.368099,57.281901
2026-09-10,62.000000,2026-08-14,2026-06-30,1.690000,-0.410000,-151.219512,-40.125997,48.975355,56.611449,36.531554,16.451659,-3.628237,-23.708132,,,,,,,,,,60.995000,59.466667,62.555000,49.321667,60.995000,68.019311,53.970689,64.507156,57.482844
2026-09-11,61.700000,2026-08-14,2026-06-30,1.690000,-0.410000,-150.487805,-41.264548,49.938283,57.867856,37.393160,16.918465,-3.556231,-24.030927,,,,,,,,,,61.235000,59.396667,62.668333,49.421875,61.235000,67.993161,54.476839,64.614080,57.855920
2026-09-14,61.500000,2026-08-14,2026-06-30,1.690000,-0.410000,-150.000000,-42.402156,50.846823,59.079278,38.232081,17.384884,-3.462313,-24.309511,,,,,,,,,,61.325000,59.301667,62.790833,49.516458,61.325000,68.044923,54.605077,64.684962,57.965038
2026-09-15,60.100000,2026-08-14,2026-06-30,1.690000,-0.410000,-146.585366,-43.511669,51.655806,60.197546,39.018665,17.839784,-3.339096,-24.517977,,,,,,,,,,61.530000,59.088333,62.902917,49.600000,61.530000,67.801103,55.258897,64.665552,58.394448
2026-09-16,64.300000,2026-08-14,2026-06-30,1.690000,-0.410000,-156.829268,-44.701865,52.606886,61.465411,39.896588,18.327765,-3.241059,-24.809882,,,,,,,,,,61.985000,58.991667,63.033750,49.698542,61.985000,67.609486,56.360514,64.797243,59.172757
2026-09-17,65.500000,2026-08-14,2026-06-30,1.690000,-0.410000,-159.756098,-45.912849,53.568165,62.750163,40.787216,18.824268,-3.138680,-25.101627,,,,,,,,,,62.410000,58.896667,63.162083,49.808333,62.410000,67.724489,57.095511,65.067244,59.752756
2026-09-18,67.400000,2026-08-14,2026-06-30,1.690000,-0.410000,-164.390244,-47.165812,54.565397,64.081609,41.709796,19.337983,-3.033830,-25.405643,,,,,,,,,,62.915000,58.895000,63.317917,49.924167,62.915000,68.102952,57.727048,65.508976,60.321024
2026-09-21,68.800000,2026-08-14,2026-06-30,1.690000,-0.410000,-167.804878,-48.449513,55.575573,65.436270,42.650285,19.864300,-2.921685,-25.707669,,,,,,,,,,63.495000,59.015000,63.493333,50.045208,63.495000,68.585538,58.404462,66.040269,60.949731
2026-09-22,68.900000,2026-08-14,2026-06-30,1.690000,-0.410000,-168.048780,-49.747051,56.534888,66.754899,43.575595,20.396291,-2.783013,-25.962317,,,,,,,,,,63.960000,59.123333,63.687917,50.165833,63.960000,69.247682,58.672318,66.603841,61.316159
2026-09-23,67.500000,2026-08-14,2026-06-30,1.690000,-0.410000,-164.634146,-51.007666,57.396702,67.978439,44.445791,20.913143,-2.619505,-26.152153,,,,,,,,,,64.200000,59.168333,63.839583,50.278958,64.200000,69.679147,58.720853,66.939574,61.460426
2026-09-24,67.600000,2026-08-14,2026-06-30,1.690000,-0.410000,-164.878049,-52.259247,58.229536,69.174511,45.300401,21.426291,-2.447819,-26.321929,,,,,,,,,,64.405000,59.255000,63.951250,50.395208,64.405000,70.077269,58.732731,67.241134,61.568866
2026-09-29,68.100000,2026-08-14,2026-06-30,1.690000,-0.410000,-166.097561,-53.531266,59.036382,70.357652,46.152736,21.947819,-2.257098,-26.462015,,,,,,,,,,64.680000,59.355000,64.105000,50.515417,64.680000,70.514778,58.845222,67.597389,61.762611
2026-09-30,69.900000,2026-08-14,2026-06-30,1.690000,-0.410000,-170.487805,-54.834337,59.878855,71.582740,47.032409,22.482078,-2.068253,-26.618583,,,,,,,,,,65.095000,59.481667,64.253333,50.643125,65.095000,71.182597,59.007403,68.138799,62.051201
2026-10-01,68.800000,2026-08-14,2026-06-30,1.690000,-0.410000,-167.804878,-56.103307,60.647484,72.733293,47.867824,23.002356,-1.863112,-26.728581,,,,,,,,,,65.410000,59.560000,64.349167,50.766250,65.410000,71.583594,59.236406,68.496797,62.323203
2026-10-02,70.800000,2026-08-14,2026-06-30,1.690000,-0.410000,-172.682927,-57.424897,61.446994,73.930743,48.737475,23.544208,-1.649060,-26.842327,,,,,,,,,,65.850000,59.718333,64.505833,50.897708,65.850000,72.250493,59.449507,69.050247,62.649753
2026-10-05,68.200000,2026-08-14,2026-06-30,1.690000,-0.410000,-166.341463,-58.681898,62.121314,74.999056,49.529317,24.059578,-1.410161,-26.879900,,,,,,,,,,66.185000,59.823333,64.597500,51.015833,66.185000,72.322812,60.047188,69.253906,63.116094
2026-10-06,67.000000,2026-08-14,2026-06-30,1.690000,-0.410000,-163.414634,-59.901636,62.730900,75.999009,50.279340,24.559671,-1.159998,-26.879668,,,,,,,,,,66.195000,59.878333,64.631667,51.133542,66.195000,72.337681,60.052319,69.266340,63.123660
2026-10-07,67.400000,2026-08-14,2026-06-30,1.690000,-0.410000,-164.390244,-61.115502,63.333875,76.991133,51.024244,25.057356,-0.909533,-26.876421,,,,,,,,,,66.205000,59.986667,64.617500,51.255208,66.205000,72.355216,60.054784,69.280108,63.129892
