# chart-version: skill-stock-dynamic-valuation-box@1.21.0; font: noto-sans-cjk-tc-v1; Updated: 2026-10-07 16:15 CST (1.21.0)
date,close,available_date,period_end,eps,ttm_eps,pe,pe_mean,pe_std,price_m2,price_m1,price_mean,price_p1,price_p2,forward_eps,forward_pe,forward_pe_mean,forward_pe_std,forward_price_m2,forward_price_m1,forward_price_mean,forward_price_p1,forward_price_p2,sma20,sma60,sma120,sma240,bband_mid,bband_upper2,bband_lower2,bband_upper1,bband_lower1
2023-10-11,20.850000,2023-08-14,2023-06-30,-0.060000,0.240000,86.875000,133.846065,100.002448,-15.878119,8.122468,32.123056,56.123643,80.124231,,,,,,,,,,20.767500,20.635833,21.776250,23.654167,20.767500,21.162568,20.372432,20.965034,20.569966
2023-10-12,20.850000,2023-08-14,2023-06-30,-0.060000,0.240000,86.875000,135.044097,98.548819,-14.892850,8.758867,32.410583,56.062300,79.714016,,,,,,,,,,20.775000,20.622500,21.736667,23.643333,20.775000,21.170368,20.379632,20.972684,20.577316
2023-10-13,20.700000,2023-08-14,2023-06-30,-0.060000,0.240000,86.250000,136.236921,97.061201,-13.892516,9.402173,32.696861,55.991549,79.286238,,,,,,,,,,20.782500,20.604167,21.695833,23.636875,20.782500,21.165391,20.399609,20.973945,20.591055
2023-10-16,20.650000,2023-08-14,2023-06-30,-0.060000,0.240000,86.041667,137.413194,95.566590,-12.892797,10.043185,32.979167,55.915148,78.851130,,,,,,,,,,20.775000,20.587500,21.661250,23.627083,20.775000,21.162298,20.387702,20.968649,20.581351
2023-10-17,20.600000,2023-08-14,2023-06-30,-0.060000,0.240000,85.833333,138.574769,94.061186,-11.891425,10.683260,33.257944,55.832629,78.407314,,,,,,,,,,20.760000,20.571667,21.632083,23.617500,20.760000,21.150142,20.369858,20.955071,20.564929
2023-10-18,20.150000,2023-08-14,2023-06-30,-0.060000,0.240000,83.958333,139.724421,92.518116,-10.874835,11.329513,33.533861,55.738209,77.942557,,,,,,,,,,20.742500,20.548333,21.597500,23.606042,20.742500,21.206209,20.278791,20.974355,20.510645
2023-10-19,20.050000,2023-08-14,2023-06-30,-0.060000,0.240000,83.541667,140.865046,90.948397,-9.847619,11.979996,33.807611,55.635226,77.462842,,,,,,,,,,20.705000,20.522500,21.564583,23.593333,20.705000,21.261209,20.148791,20.983104,20.426896
2023-10-20,20.150000,2023-08-14,2023-06-30,-0.060000,0.240000,83.958333,142.003588,89.346366,-8.805394,12.637733,34.080861,55.523989,76.967117,,,,,,,,,,20.665000,20.505000,21.535000,23.583958,20.665000,21.260686,20.069314,20.962843,20.367157
2023-10-23,19.950000,2023-08-14,2023-06-30,-0.060000,0.240000,83.125000,143.146296,87.679831,-7.731208,13.311952,34.355111,55.398271,76.441430,,,,,,,,,,20.617500,20.484167,21.498750,23.575000,20.617500,21.281836,19.953164,20.949668,20.285332
2023-10-24,19.900000,2023-08-14,2023-06-30,-0.060000,0.240000,82.916667,144.287269,85.966933,-6.635183,13.996881,34.628944,55.261008,75.893072,,,,,,,,,,20.587500,20.465000,21.462083,23.562917,20.587500,21.324403,19.850597,20.955952,20.219048
2023-10-25,19.950000,2023-08-14,2023-06-30,-0.060000,0.240000,83.125000,145.430903,84.200105,-5.512634,14.695391,34.903417,55.111442,75.319467,,,,,,,,,,20.555000,20.443333,21.425417,23.551250,20.555000,21.345003,19.764997,20.950002,20.159998
2023-10-26,19.750000,2023-08-14,2023-06-30,-0.060000,0.240000,82.291667,146.568519,82.382545,-4.367177,15.404634,35.176444,54.948255,74.720066,,,,,,,,,,20.490000,20.417500,21.386667,23.538542,20.490000,21.321359,19.658641,20.905680,20.074320
2023-10-27,19.700000,2023-08-14,2023-06-30,-0.060000,0.240000,82.083333,147.706250,80.504500,-3.192660,16.128420,35.449500,54.770580,74.091660,,,,,,,,,,20.432500,20.394167,21.346667,23.523958,20.432500,21.316436,19.548564,20.874468,19.990532
2023-10-30,19.750000,2023-08-14,2023-06-30,-0.060000,0.240000,82.291667,148.846644,78.561068,-1.986118,16.868538,35.723194,54.577851,73.432507,,,,,,,,,,20.392500,20.373333,21.306667,23.511875,20.392500,21.325111,19.459889,20.858805,19.926195
2023-10-31,19.900000,2023-08-14,2023-06-30,-0.060000,0.240000,82.916667,149.991319,76.549067,-0.745635,17.626141,35.997917,54.369693,72.741469,,,,,,,,,,20.360000,20.361667,21.268333,23.499167,20.360000,21.314546,19.405454,20.837273,19.882727
2023-11-01,19.900000,2023-08-14,2023-06-30,-0.060000,0.240000,82.916667,151.131366,74.477863,0.522154,18.396841,36.271528,54.146215,72.020902,,,,,,,,,,20.325000,20.342500,21.232083,23.485000,20.325000,21.293721,19.356279,20.809361,19.840639
2023-11-02,19.900000,2023-08-14,2023-06-30,-0.060000,0.240000,82.916667,152.267708,72.339903,1.821097,19.182673,36.544250,53.905827,71.267403,,,,,,,,,,20.285000,20.325000,21.197500,23.470625,20.285000,21.254590,19.315410,20.769795,19.800205
2023-11-03,19.900000,2023-08-14,2023-06-30,-0.060000,0.240000,82.916667,153.359606,70.248607,3.086974,19.946640,36.806306,53.665971,70.525637,,,,,,,,,,20.240000,20.311667,21.182917,23.456875,20.240000,21.192338,19.287662,20.716169,19.763831
2023-11-06,20.200000,2023-08-14,2023-06-30,-0.060000,0.240000,84.166667,154.460069,68.070066,4.396785,20.733601,37.070417,53.407233,69.744048,,,,,,,,,,20.192500,20.304167,21.171667,23.443542,20.192500,21.043057,19.341943,20.617779,19.767221
2023-11-07,20.050000,2023-08-14,2023-06-30,-0.060000,0.240000,83.541667,153.360417,68.141534,4.098564,20.452532,36.806500,53.160468,69.514436,,,,,,,,,,20.142500,20.299167,21.159167,23.427292,20.142500,20.892430,19.392570,20.517465,19.767535
2023-11-08,20.150000,2023-08-14,2023-06-30,-0.060000,0.240000,83.958333,152.226736,68.155196,3.819922,20.177170,36.534417,52.891664,69.248911,,,,,,,,,,20.107500,20.300833,21.143750,23.412500,20.107500,20.779712,19.435288,20.443606,19.771394
2023-11-09,20.100000,2023-08-14,2023-06-30,-0.060000,0.240000,83.750000,151.087153,68.147304,3.550211,19.905564,36.260917,52.616270,68.971623,,,,,,,,,,20.070000,20.317500,21.127500,23.396875,20.070000,20.644365,19.495635,20.357182,19.782818
2023-11-10,20.250000,2023-08-14,2023-06-30,-0.060000,0.240000,84.375000,149.973611,68.136475,3.288158,19.640913,35.993667,52.346421,68.699175,,,,,,,,,,20.047500,20.334167,21.114583,23.384583,20.047500,20.548525,19.546475,20.298013,19.796987
2023-11-13,20.050000,2023-08-14,2023-06-30,-0.060000,0.240000,83.541667,148.848958,68.109680,3.031104,19.377427,35.723750,52.070073,68.416396,,,,,,,,,,20.017500,20.347500,21.099583,23.369583,20.017500,20.430799,19.604201,20.224149,19.810851
2023-11-14,20.100000,2023-11-14,2023-09-30,0.120000,0.230000,87.391304,147.752219,68.030148,2.689142,18.336076,33.983010,49.629944,65.276879,,,,,,,,,,19.992500,20.358333,21.084583,23.351875,19.992500,20.305844,19.679156,20.149172,19.835828
2023-11-15,20.100000,2023-11-14,2023-09-30,0.120000,0.230000,87.391304,146.609647,67.881544,2.494708,18.107464,33.720219,49.332974,64.945729,,,,,,,,,,19.990000,20.365000,21.065000,23.334375,19.990000,20.298818,19.681182,20.144409,19.835591
2023-11-16,20.200000,2023-11-14,2023-09-30,0.120000,0.230000,87.826087,145.470697,67.710054,2.311636,17.884948,33.458260,49.031573,64.604885,,,,,,,,,,19.997500,20.373333,21.046250,23.319792,19.997500,20.319459,19.675541,20.158480,19.836520
2023-11-17,20.500000,2023-11-14,2023-09-30,0.120000,0.230000,89.130435,144.367618,67.539050,2.136589,17.670570,33.204552,48.738534,64.272515,,,,,,,,,,20.015000,20.387500,21.032500,23.306458,20.015000,20.403113,19.626887,20.209056,19.820944
2023-11-20,20.550000,2023-11-14,2023-09-30,0.120000,0.230000,89.347826,143.295516,67.381318,1.962563,17.460266,32.957969,48.455672,63.953375,,,,,,,,,,20.045000,20.403333,21.022083,23.292917,20.045000,20.499104,19.590896,20.272052,19.817948
2023-11-21,20.900000,2023-11-14,2023-09-30,0.120000,0.230000,90.869565,142.236096,67.196053,1.804118,17.259210,32.714302,48.169394,63.624486,,,,,,,,,,20.095000,20.425000,21.014583,23.280833,20.095000,20.682501,19.507499,20.388751,19.801249
2023-11-22,20.850000,2023-11-14,2023-09-30,0.120000,0.230000,90.652174,141.149864,66.965274,1.660443,17.062456,32.464469,47.866482,63.268495,,,,,,,,,,20.140000,20.443333,21.004167,23.270625,20.140000,20.812466,19.467534,20.476233,19.803767
2023-11-23,20.900000,2023-11-14,2023-09-30,0.120000,0.230000,90.869565,140.073777,66.724644,1.523632,16.870301,32.216969,47.563637,62.910305,,,,,,,,,,20.197500,20.458333,20.995000,23.260625,20.197500,20.924046,19.470954,20.560773,19.834227
2023-11-24,20.900000,2023-11-14,2023-09-30,0.120000,0.230000,90.869565,138.993524,66.460442,1.396707,16.682609,31.968510,47.254412,62.540314,,,,,,,,,,20.257500,20.464167,20.985417,23.250000,20.257500,21.008832,19.506168,20.633166,19.881834
2023-11-27,20.900000,2023-11-14,2023-09-30,0.120000,0.230000,90.869565,137.896603,66.156171,1.284380,16.500299,31.716219,46.932138,62.148058,,,,,,,,,,20.315000,20.471667,20.974167,23.236875,20.315000,21.078717,19.551283,20.696858,19.933142
2023-11-28,20.850000,2023-11-14,2023-09-30,0.120000,0.230000,90.652174,136.793705,65.827858,1.181737,16.322145,31.462552,46.602959,61.743367,,,,,,,,,,20.362500,20.474167,20.962083,23.226042,20.362500,21.135651,19.589349,20.749076,19.975924
2023-11-29,20.800000,2023-11-14,2023-09-30,0.120000,0.230000,90.434783,135.663995,65.446223,1.097456,16.150088,31.202719,46.255350,61.307981,,,,,,,,,,20.407500,20.471667,20.947083,23.213125,20.407500,21.172026,19.642974,20.789763,20.025237
2023-11-30,20.950000,2023-11-14,2023-09-30,0.120000,0.230000,91.086957,134.510553,64.996705,1.038943,15.988185,30.937427,45.886669,60.835911,,,,,,,,,,20.460000,20.472500,20.930417,23.198542,20.460000,21.221992,19.698008,20.840996,20.079004
2023-12-01,20.900000,2023-11-14,2023-09-30,0.120000,0.230000,90.869565,133.305299,64.446928,1.014632,15.837425,30.660219,45.483012,60.305806,,,,,,,,,,20.510000,20.475833,20.908333,23.185000,20.510000,21.248134,19.771866,20.879067,20.140933
2023-12-04,20.800000,2023-11-14,2023-09-30,0.120000,0.230000,90.434783,132.138089,63.938190,0.980193,15.685977,30.391760,45.097544,59.803328,,,,,,,,,,20.540000,20.482500,20.889583,23.170208,20.540000,21.273844,19.806156,20.906922,20.173078
2023-12-05,20.900000,2023-11-14,2023-09-30,0.120000,0.230000,90.869565,131.007835,63.453059,0.943395,15.537599,30.131802,44.726006,59.320209,,,,,,,,,,20.582500,20.491667,20.875000,23.148958,20.582500,21.295001,19.869999,20.938751,20.226249
2023-12-06,20.900000,2023-11-14,2023-09-30,0.120000,0.230000,90.869565,129.881748,62.950160,0.915729,15.394265,29.872802,44.351339,58.829875,,,,,,,,,,20.620000,20.498333,20.860833,23.131250,20.620000,21.315398,19.924602,20.967699,20.272301
2023-12-07,22.500000,2023-11-14,2023-09-30,0.120000,0.230000,97.826087,128.805299,62.377311,0.931655,15.278437,29.625219,43.972000,58.318782,,,,,,,,,,20.740000,20.528333,20.859167,23.123958,20.740000,21.793615,19.686385,21.266808,20.213192
2023-12-08,22.250000,2023-11-14,2023-09-30,0.120000,0.230000,96.739130,127.707292,61.764331,0.961085,15.166881,29.372677,43.578473,57.784269,,,,,,,,,,20.840000,20.556667,20.854167,23.115000,20.840000,22.063713,19.616287,21.451857,20.228143
2023-12-11,21.900000,2023-11-14,2023-09-30,0.120000,0.230000,95.217391,126.592437,61.124705,0.998896,15.057578,29.116260,43.174942,57.233625,,,,,,,,,,20.932500,20.575000,20.845833,23.103125,20.932500,22.184141,19.680859,21.558321,20.306679
2023-12-12,21.300000,2023-11-14,2023-09-30,0.120000,0.230000,92.608696,125.476676,60.504552,1.027542,14.943588,28.859635,42.775682,56.691729,,,,,,,,,,20.992500,20.581667,20.834583,23.085625,20.992500,22.189986,19.795014,21.591243,20.393757
2023-12-13,21.250000,2023-11-14,2023-09-30,0.120000,0.230000,92.391304,124.338270,59.821678,1.079830,14.838816,28.597802,42.356788,56.115774,,,,,,,,,,21.050000,20.594167,20.820833,23.067500,21.050000,22.175307,19.924693,21.612653,20.487347
2023-12-14,21.650000,2023-11-14,2023-09-30,0.120000,0.230000,94.130435,123.197690,59.071031,1.162794,14.749132,28.335469,41.921806,55.508143,,,,,,,,,,21.122500,20.608333,20.808750,23.045208,21.122500,22.203180,20.041820,21.662840,20.582160
2023-12-15,21.550000,2023-11-14,2023-09-30,0.120000,0.230000,93.695652,122.078487,58.336430,1.243294,14.660673,28.078052,41.495431,54.912810,,,,,,,,,,21.175000,20.618333,20.798333,23.025417,21.175000,22.230063,20.119937,21.702531,20.647469
2023-12-18,21.450000,2023-11-14,2023-09-30,0.120000,0.230000,93.260870,120.993161,57.641046,1.313546,14.570986,27.828427,41.085868,54.343308,,,,,,,,,,21.220000,20.627500,20.790833,23.007292,21.220000,22.238978,20.201022,21.729489,20.710511
2023-12-19,21.650000,2023-11-14,2023-09-30,0.120000,0.230000,94.130435,119.915082,56.912938,1.400517,14.490493,27.580469,40.670444,53.760420,,,,,,,,,,21.257500,20.646667,20.785000,22.987083,21.257500,22.282080,20.232920,21.769790,20.745210
2023-12-20,22.100000,2023-11-14,2023-09-30,0.120000,0.230000,96.086957,118.849139,56.139725,1.511029,14.423165,27.335302,40.247439,53.159576,,,,,,,,,,21.320000,20.671667,20.782500,22.970208,21.320000,22.391349,20.248651,21.855675,20.784325
2023-12-21,22.100000,2023-11-14,2023-09-30,0.120000,0.230000,96.086957,117.770697,55.310637,1.644367,14.365814,27.087260,39.808707,52.530154,,,,,,,,,,21.380000,20.689167,20.778750,22.950208,21.380000,22.486155,20.273845,21.933078,20.826922
2023-12-22,22.000000,2023-11-14,2023-09-30,0.120000,0.230000,95.652174,116.667799,54.406306,1.806693,14.320143,26.833594,39.347044,51.860494,,,,,,,,,,21.435000,20.708333,20.772083,22.930417,21.435000,22.550017,20.319983,21.992509,20.877491
2023-12-25,21.700000,2023-11-14,2023-09-30,0.120000,0.230000,94.347826,115.545697,53.450209,1.988414,14.281962,26.575510,38.869058,51.162606,,,,,,,,,,21.475000,20.727500,20.762083,22.907917,21.475000,22.566354,20.383646,22.020677,20.929323
2023-12-26,21.900000,2023-11-14,2023-09-30,0.120000,0.230000,95.217391,114.439176,52.468029,2.185717,14.253364,26.321010,38.388657,50.456304,,,,,,,,,,21.527500,20.750000,20.754583,22.885417,21.527500,22.592975,20.462025,22.060237,20.994763
2023-12-27,21.700000,2023-11-14,2023-09-30,0.120000,0.230000,94.347826,113.342074,51.482869,2.386558,14.227617,26.068677,37.909737,49.750797,,,,,,,,,,21.572500,20.768333,20.747083,22.862083,21.572500,22.583219,20.561781,22.077859,21.067141
2023-12-28,21.800000,2023-11-14,2023-09-30,0.120000,0.230000,94.782609,112.269429,50.499973,2.591981,14.206975,25.821969,37.436962,49.051956,,,,,,,,,,21.615000,20.786667,20.742500,22.840833,21.615000,22.586217,20.643783,22.100609,21.129391
2023-12-29,21.750000,2023-11-14,2023-09-30,0.120000,0.230000,94.565217,111.211639,49.512521,2.802918,14.190797,25.578677,36.966557,48.354437,,,,,,,,,,21.657500,20.802500,20.739167,22.820625,21.657500,22.569568,20.745432,22.113534,21.201466
2024-01-02,21.700000,2023-11-14,2023-09-30,0.120000,0.230000,94.347826,110.172871,48.529974,3.015972,14.177866,25.339760,36.501654,47.663548,,,,,,,,,,21.702500,20.811667,20.737500,22.798958,21.702500,22.520376,20.884624,22.111438,21.293562
2024-01-03,21.200000,2023-11-14,2023-09-30,0.120000,0.230000,92.173913,109.120154,47.520014,3.238429,14.168032,25.097635,36.027239,46.956842,,,,,,,,,,21.717500,20.814167,20.732083,22.777083,21.717500,22.482714,20.952286,22.100107,21.334893
2024-01-04,21.150000,2023-11-14,2023-09-30,0.120000,0.230000,91.956522,108.078125,46.494446,3.470524,14.164246,24.857969,35.551691,46.245414,,,,,,,,,,21.730000,20.819167,20.727500,22.755208,21.730000,22.445542,21.014458,22.087771,21.372229
2024-01-05,21.150000,2023-11-14,2023-09-30,0.120000,0.230000,91.956522,107.040263,45.431787,3.720638,14.169949,24.619260,35.068572,45.517883,,,,,,,,,,21.662500,20.824167,20.723333,22.733333,21.662500,22.324932,21.000068,21.993716,21.331284
2024-01-08,21.150000,2023-11-14,2023-09-30,0.120000,0.230000,91.956522,105.989900,44.287515,4.005420,14.191549,24.377677,34.563806,44.749934,,,,,,,,,,21.607500,20.831667,20.717917,22.711875,21.607500,22.246805,20.968195,21.927152,21.287848
2024-01-09,21.000000,2023-11-14,2023-09-30,0.120000,0.230000,91.304348,104.946603,43.121605,4.301781,14.219750,24.137719,34.055688,43.973657,,,,,,,,,,21.562500,20.837500,20.712500,22.688542,21.562500,22.240636,20.884364,21.901568,21.223432
2024-01-10,20.600000,2023-11-14,2023-09-30,0.120000,0.230000,89.565217,103.897147,41.924265,4.611182,14.253763,23.896344,33.538925,43.181506,,,,,,,,,,21.527500,20.837500,20.704583,22.663125,21.527500,22.324517,20.730483,21.926009,21.128991
2024-01-11,20.050000,2023-11-14,2023-09-30,0.120000,0.230000,87.173913,102.827763,40.671555,4.941470,14.295928,23.650385,33.004843,42.359301,,,,,,,,,,21.467500,20.835833,20.692083,22.632292,21.467500,22.498736,20.436264,21.983118,20.951882
2024-01-12,20.000000,2023-11-14,2023-09-30,0.120000,0.230000,86.956522,101.752400,39.338228,5.307467,14.355260,23.403052,32.450844,41.498637,,,,,,,,,,21.385000,20.835000,20.678750,22.599583,21.385000,22.602028,20.167972,21.993514,20.776486
2024-01-15,19.900000,2023-11-14,2023-09-30,0.120000,0.230000,86.521739,100.706748,38.028989,5.669217,14.415885,23.162552,31.909220,40.655887,,,,,,,,,,21.302500,20.830833,20.667917,22.568542,21.302500,22.684899,19.920101,21.993699,20.611301
2024-01-16,20.000000,2023-11-14,2023-09-30,0.120000,0.230000,86.956522,99.664719,36.641674,6.067715,14.495300,22.922885,31.350470,39.778055,,,,,,,,,,21.230000,20.831667,20.657917,22.537917,21.230000,22.727155,19.732845,21.978578,20.481422
2024-01-17,19.350000,2023-11-14,2023-09-30,0.120000,0.230000,84.130435,98.611639,35.217766,6.480505,14.580591,22.680677,30.780763,38.880850,,,,,,,,,,21.115000,20.822500,20.643750,22.503750,21.115000,22.815805,19.414195,21.965402,20.264598
2024-01-18,19.500000,2023-11-14,2023-09-30,0.120000,0.230000,84.782609,97.547328,33.641635,6.960734,14.698309,22.435885,30.173461,37.911037,,,,,,,,,,20.985000,20.815000,20.629167,22.470833,20.985000,22.764444,19.205556,21.874722,20.095278
2024-01-19,19.650000,2023-11-14,2023-09-30,0.120000,0.230000,85.434783,96.484284,31.934962,7.501303,14.846344,22.191385,29.536427,36.881468,,,,,,,,,,20.862500,20.813333,20.615417,22.436458,20.862500,22.656019,19.068981,21.759260,19.965740
2024-01-22,19.700000,2023-11-14,2023-09-30,0.120000,0.230000,85.652174,95.439719,30.158367,8.078286,15.014711,21.951135,28.887560,35.823984,,,,,,,,,,20.747500,20.813333,20.603750,22.400417,20.747500,22.528829,18.966171,21.638164,19.856836
2024-01-23,19.550000,2023-11-14,2023-09-30,0.120000,0.230000,85.000000,94.398053,28.267695,8.708412,15.209982,21.711552,28.213122,34.714692,,,,,,,,,,20.640000,20.810000,20.591667,22.364792,20.640000,22.438713,18.841287,21.539356,19.740644
2024-01-24,19.550000,2023-11-14,2023-09-30,0.120000,0.230000,85.000000,93.389719,26.346076,9.360441,15.420038,21.479635,27.539233,33.598830,,,,,,,,,,20.522500,20.804167,20.582917,22.328542,20.522500,22.281230,18.763770,21.401865,19.643135
2024-01-25,19.700000,2023-11-14,2023-09-30,0.120000,0.230000,85.652174,92.349321,24.047385,10.178547,15.709445,21.240344,26.771242,32.302141,,,,,,,,,,20.422500,20.800833,20.571667,22.291875,20.422500,22.125894,18.719106,21.274197,19.570803
2024-01-26,19.800000,2023-11-14,2023-09-30,0.120000,0.230000,86.086957,91.320879,21.499060,11.114234,16.059018,21.003802,25.948586,30.893370,,,,,,,,,,20.322500,20.799167,20.562083,22.257292,20.322500,21.916725,18.728275,21.119612,19.525388
2024-01-29,19.900000,2023-11-14,2023-09-30,0.120000,0.230000,86.521739,90.316893,18.679822,12.180167,16.476526,20.772885,25.069245,29.365604,,,,,,,,,,20.230000,20.799167,20.555417,22.225000,20.230000,21.683996,18.776004,20.956998,19.503002
2024-01-30,20.050000,2023-11-14,2023-09-30,0.120000,0.230000,87.173913,89.322509,15.316291,13.498683,17.021430,20.544177,24.066924,27.589671,,,,,,,,,,20.147500,20.796667,20.550417,22.193542,20.147500,21.427087,18.867913,20.787293,19.507707
2024-01-31,19.650000,2023-11-14,2023-09-30,0.120000,0.230000,85.434783,88.338632,11.144022,15.191635,17.754760,20.317885,22.881010,25.444136,,,,,,,,,,20.070000,20.790000,20.544583,22.162708,20.070000,21.266222,18.873778,20.668111,19.471889
2024-02-01,19.650000,2023-11-14,2023-09-30,0.120000,0.230000,85.434783,87.379755,4.197282,18.166594,19.131969,20.097344,21.062719,22.028094,,,,,,,,,,19.995000,20.781667,20.541250,22.134375,19.995000,21.089916,18.900084,20.542458,19.447542
2024-02-02,19.550000,2023-11-14,2023-09-30,0.120000,0.230000,85.000000,87.424894,4.141488,18.202641,19.155183,20.107726,21.060268,22.012810,,,,,,,,,,19.915000,20.772500,20.545000,22.105833,19.915000,20.880783,18.949217,20.397892,19.432108
2024-02-05,19.550000,2023-11-14,2023-09-30,0.120000,0.230000,85.000000,87.464825,4.094153,18.233599,19.175254,20.116910,21.058565,22.000220,,,,,,,,,,19.835000,20.760833,20.547500,22.078333,19.835000,20.617775,19.052225,20.226388,19.443612
2024-02-15,19.500000,2023-11-14,2023-09-30,0.120000,0.230000,84.782609,87.502944,4.047047,18.264035,19.194856,20.125677,21.056498,21.987319,,,,,,,,,,19.760000,20.751667,20.549583,22.050208,19.760000,20.331793,19.188207,20.045897,19.474103
2024-02-16,19.500000,2023-11-14,2023-09-30,0.120000,0.230000,84.782609,87.534118,4.011106,18.287738,19.210293,20.132847,21.055402,21.977956,,,,,,,,,,19.705000,20.741667,20.550000,22.022083,19.705000,20.129140,19.280860,19.917070,19.492930
2024-02-19,19.900000,2023-11-14,2023-09-30,0.120000,0.230000,86.521739,87.571105,3.980770,18.310200,19.225777,20.141354,21.056931,21.972509,,,,,,,,,,19.697500,20.738333,20.551667,21.995417,19.697500,20.100743,19.294257,19.899122,19.495878
2024-02-20,19.950000,2023-11-14,2023-09-30,0.120000,0.230000,86.739130,87.609903,3.949400,18.333554,19.241916,20.150278,21.058640,21.967002,,,,,,,,,,19.695000,20.734167,20.553750,21.968958,19.695000,20.090900,19.299100,19.892950,19.497050
2024-02-21,19.900000,2023-11-14,2023-09-30,0.120000,0.230000,86.521739,87.648626,3.915331,18.358132,19.258658,20.159184,21.059710,21.960236,,,,,,,,,,19.695000,20.724167,20.555833,21.944792,19.695000,20.090900,19.299100,19.892950,19.497050
2024-02-22,19.900000,2023-11-14,2023-09-30,0.120000,0.230000,86.521739,87.689085,3.877903,18.384654,19.276572,20.168490,21.060407,21.952325,,,,,,,,,,19.690000,20.713333,20.558333,21.918958,19.690000,20.071962,19.308038,19.880981,19.499019
2024-02-23,19.550000,2023-11-14,2023-09-30,0.120000,0.230000,85.000000,87.716863,3.846211,18.405622,19.290250,20.174878,21.059507,21.944135,,,,,,,,,,19.700000,20.690833,20.557917,21.891875,19.700000,20.053925,19.346075,19.876963,19.523037
2024-02-26,19.350000,2023-11-14,2023-09-30,0.120000,0.230000,84.130435,87.732186,3.828035,18.417507,19.297955,20.178403,21.058851,21.939299,,,,,,,,,,19.692500,20.665833,20.554583,21.864792,19.692500,20.069852,19.315148,19.881176,19.503824
2024-02-27,19.000000,2023-11-14,2023-09-30,0.120000,0.230000,82.608696,87.726147,3.835597,18.412639,19.294827,20.177014,21.059201,21.941388,,,,,,,,,,19.660000,20.634167,20.546250,21.836667,19.660000,20.148392,19.171608,19.904196,19.415804
2024-02-29,19.150000,2023-11-14,2023-09-30,0.120000,0.230000,83.260870,87.706446,3.852514,18.400326,19.286404,20.172483,21.058561,21.944639,,,,,,,,,,19.632500,20.605000,20.534583,21.806667,19.632500,20.170797,19.094203,19.901648,19.363352
2024-03-01,19.050000,2023-11-14,2023-09-30,0.120000,0.230000,82.826087,87.686594,3.871586,18.386987,19.277452,20.167917,21.058381,21.948846,,,,,,,,,,19.607500,20.574167,20.522917,21.776042,19.607500,20.205105,19.009895,19.906302,19.308698
2024-03-04,19.000000,2023-11-14,2023-09-30,0.120000,0.230000,82.608696,87.656250,3.897125,18.368260,19.264599,20.160938,21.057276,21.953615,,,,,,,,,,19.580000,20.543333,20.508750,21.745625,19.580000,20.236466,18.923534,19.908233,19.251767
2024-03-05,18.550000,2023-11-14,2023-09-30,0.120000,0.230000,80.652174,87.600921,3.949130,18.331612,19.239912,20.148212,21.056512,21.964811,,,,,,,,,,19.522500,20.505833,20.488750,21.713958,19.522500,20.320837,18.724163,19.921669,19.123331
2024-03-06,18.600000,2023-11-14,2023-09-30,0.120000,0.230000,80.869565,87.549139,3.996428,18.297945,19.217124,20.136302,21.055480,21.974659,,,,,,,,,,19.462500,20.466667,20.469583,21.682708,19.462500,20.348577,18.576423,19.905538,19.019462
2024-03-07,18.450000,2023-11-14,2023-09-30,0.120000,0.230000,80.217391,87.498868,4.050484,18.261517,19.193128,20.124740,21.056351,21.987962,,,,,,,,,,19.390000,20.425833,20.450833,21.652708,19.390000,20.358776,18.421224,19.874388,18.905612
2024-03-08,18.300000,2023-11-14,2023-09-30,0.120000,0.230000,79.565217,87.453578,4.108627,18.224355,19.169339,20.114323,21.059307,22.004291,,,,,,,,,,19.302500,20.384167,20.433333,21.617917,19.302500,20.334348,18.270652,19.818424,18.786576
2024-03-11,18.150000,2023-11-14,2023-09-30,0.120000,0.230000,78.913043,87.404589,4.175140,18.182491,19.142773,20.103056,21.063338,22.023620,,,,,,,,,,19.227500,20.338333,20.415000,21.584167,19.227500,20.365585,18.089415,19.796542,18.658458
2024-03-12,18.100000,2023-11-14,2023-09-30,0.120000,0.230000,78.695652,87.348581,4.246502,18.136783,19.113478,20.090174,21.066869,22.043565,,,,,,,,,,19.150000,20.291667,20.395000,21.546458,19.150000,20.374745,17.925255,19.762372,18.537628
2024-03-13,17.700000,2023-11-14,2023-09-30,0.120000,0.230000,76.956522,87.271135,4.350185,18.071276,19.071819,20.072361,21.072904,22.073446,,,,,,,,,,19.057500,20.211667,20.370000,21.510417,19.057500,20.426047,17.688953,19.741774,18.373226
2024-03-14,17.800000,2023-11-14,2023-09-30,0.120000,0.230000,77.391304,87.202521,4.440366,18.014011,19.035296,20.056580,21.077864,22.099148,,,,,,,,,,18.970000,20.137500,20.347083,21.474167,18.970000,20.426889,17.513111,19.698445,18.241555
2024-03-15,17.850000,2023-11-14,2023-09-30,0.120000,0.230000,77.608696,87.127038,4.525721,17.957387,18.998303,20.039219,21.080135,22.121051,,,,,,,,,,18.887500,20.070000,20.322500,21.437083,18.887500,20.403685,17.371315,19.645592,18.129408
2024-03-18,17.750000,2023-11-14,2023-09-30,0.120000,0.230000,77.173913,87.044460,4.616030,17.896852,18.958539,20.020226,21.081913,22.143600,,,,,,,,,,18.800000,20.010833,20.296250,21.398125,18.800000,20.368439,17.231561,19.584219,18.015781
2024-03-19,17.700000,2023-11-14,2023-09-30,0.120000,0.230000,76.956522,86.973958,4.704853,17.839778,18.921894,20.004010,21.086127,22.168243,,,,,,,,,,18.690000,19.951667,20.272917,21.360208,18.690000,20.242112,17.137888,19.466056,17.913944
2024-03-20,17.800000,2023-11-14,2023-09-30,0.120000,0.230000,77.391304,86.896664,4.785444,17.784928,18.885580,19.986233,21.086885,22.187537,,,,,,,,,,18.582500,19.887500,20.247917,21.322917,18.582500,20.063351,17.101649,19.322926,17.842074
2024-03-21,17.850000,2023-11-14,2023-09-30,0.120000,0.230000,77.608696,86.815972,4.859787,17.732172,18.849923,19.967674,21.085425,22.203176,,,,,,,,,,18.480000,19.825833,20.222083,21.283958,18.480000,19.857030,17.102970,19.168515,17.791485
2024-03-22,17.950000,2023-11-14,2023-09-30,0.120000,0.230000,78.043478,86.740640,4.925231,17.684741,18.817544,19.950347,21.083150,22.215953,,,,,,,,,,18.382500,19.767500,20.197500,21.245833,18.382500,19.603490,17.161510,18.992995,17.772005
2024-03-25,18.000000,2023-11-14,2023-09-30,0.120000,0.230000,78.260870,86.681008,4.984360,17.643827,18.790229,19.936632,21.083035,22.229437,,,,,,,,,,18.305000,19.706667,20.176667,21.209167,18.305000,19.404713,17.205287,18.854856,17.755144
2024-03-26,17.650000,2023-11-14,2023-09-30,0.120000,0.230000,76.739130,86.605223,5.065827,17.588921,18.754061,19.919201,21.084342,22.249482,,,,,,,,,,18.220000,19.632500,20.152083,21.173333,18.220000,19.239494,17.200506,18.729747,17.710253
2024-03-27,17.900000,2023-11-14,2023-09-30,0.120000,0.230000,77.826087,86.522871,5.127691,17.541523,18.720891,19.900260,21.079629,22.258998,,,,,,,,,,18.165000,19.562500,20.125833,21.139583,18.165000,19.124221,17.205779,18.644611,17.685389
2024-03-28,17.900000,2023-11-14,2023-09-30,0.120000,0.230000,77.826087,86.447464,5.188643,17.496141,18.689529,19.882917,21.076305,22.269693,,,,,,,,,,18.102500,19.494167,20.101250,21.106667,18.102500,18.947594,17.257406,18.525047,17.679953
2024-03-29,17.600000,2023-11-14,2023-09-30,0.120000,0.230000,76.521739,86.371603,5.266729,17.442774,18.654121,19.865469,21.076816,22.288164,,,,,,,,,,18.030000,19.425833,20.076667,21.072708,18.030000,18.775795,17.284205,18.402898,17.657102
2024-04-01,17.550000,2024-03-31,2023-12-31,-0.350000,-0.230000,-76.304348,85.022192,15.756890,-12.306935,-15.931019,-19.555104,-23.179189,-26.803274,,,,,,,,,,17.957500,19.353333,20.051667,21.039375,17.957500,18.577581,17.337419,18.267540,17.647460
2024-04-02,17.400000,2024-03-31,2023-12-31,-0.350000,-0.230000,-75.652174,83.676479,21.526523,-9.343390,-14.294490,-19.245590,-24.196691,-29.147791,,,,,,,,,,17.900000,19.281667,20.025000,21.003542,17.900000,18.501752,17.298248,18.200876,17.599124
2024-04-03,17.050000,2024-03-31,2023-12-31,-0.350000,-0.230000,-74.130435,82.339976,25.899872,-7.024253,-12.981224,-18.938194,-24.895165,-30.852136,,,,,,,,,,17.822500,19.202500,19.994583,20.967500,17.822500,18.443598,17.201402,18.133049,17.511951
2024-04-08,17.200000,2024-03-31,2023-12-31,-0.350000,-0.230000,-74.782609,80.994565,29.602006,-5.011827,-11.820289,-18.628750,-25.437211,-32.245673,,,,,,,,,,17.760000,19.126667,19.964583,20.932292,17.760000,18.366630,17.153370,18.063315,17.456685
2024-04-09,17.350000,2024-03-31,2023-12-31,-0.350000,-0.230000,-75.434783,79.631567,32.857413,-3.200851,-10.758055,-18.315260,-25.872465,-33.429670,,,,,,,,,,17.712500,19.054167,19.932917,20.896667,17.712500,18.289128,17.135872,18.000814,17.424186
2024-04-10,17.350000,2024-03-31,2023-12-31,-0.350000,-0.230000,-75.434783,78.272041,35.766761,-1.549859,-9.776214,-18.002569,-26.228924,-34.455279,,,,,,,,,,17.672500,18.990000,19.902083,20.860000,17.672500,18.232082,17.112918,17.952291,17.392709
2024-04-11,17.250000,2024-03-31,2023-12-31,-0.350000,-0.230000,-75.000000,76.923083,38.395556,-0.030353,-8.861331,-17.692309,-26.523287,-35.354265,,,,,,,,,,17.630000,18.925000,19.872083,20.824167,17.630000,18.181934,17.078066,17.905967,17.354033
2024-04-12,17.200000,2024-03-31,2023-12-31,-0.350000,-0.230000,-74.782609,75.575936,40.803879,1.387319,-7.997573,-17.382465,-26.767357,-36.152249,,,,,,,,,,17.605000,18.859167,19.841667,20.789167,17.605000,18.188005,17.021995,17.896502,17.313498
2024-04-15,17.100000,2024-03-31,2023-12-31,-0.350000,-0.230000,-74.347826,74.237621,43.024138,2.716451,-7.179101,-17.074653,-26.970204,-36.865756,,,,,,,,,,17.570000,18.791667,19.811667,20.753750,17.570000,18.186783,16.953217,17.878391,17.261609
2024-04-16,16.500000,2024-03-31,2023-12-31,-0.350000,-0.230000,-71.739130,72.922781,45.024784,3.939161,-6.416539,-16.772240,-27.127940,-37.483640,,,,,,,,,,17.502500,18.716667,19.777083,20.719167,17.502500,18.267852,16.737148,17.885176,17.119824
2024-04-17,16.500000,2024-03-31,2023-12-31,-0.350000,-0.230000,-71.739130,71.609677,46.903619,5.105439,-5.682393,-16.470226,-27.258058,-38.045891,,,,,,,,,,17.440000,18.648333,19.742917,20.687500,17.440000,18.316356,16.563644,17.878178,17.001822
2024-04-18,16.300000,2024-03-31,2023-12-31,-0.350000,-0.230000,-70.869565,70.319444,48.657789,6.209111,-4.982181,-16.173472,-27.364764,-38.556055,,,,,,,,,,17.370000,18.585833,19.710833,20.654167,17.370000,18.373363,16.366637,17.871681,16.868319
2024-04-19,15.900000,2024-03-31,2023-12-31,-0.350000,-0.230000,-69.130435,69.047177,50.278157,7.247101,-4.316875,-15.880851,-27.444827,-39.008803,,,,,,,,,,17.275000,18.517500,19.676250,20.620417,17.275000,18.451748,16.098252,17.863374,16.686626
2024-04-22,15.650000,2024-03-31,2023-12-31,-0.350000,-0.230000,-68.043478,67.780495,51.791294,8.234481,-3.677516,-15.589514,-27.501512,-39.413509,,,,,,,,,,17.165000,18.446667,19.638750,20.586875,17.165000,18.514113,15.815887,17.839556,16.490444
2024-04-23,15.650000,2024-03-31,2023-12-31,-0.350000,-0.230000,-68.043478,66.520758,53.233314,9.187550,-3.056112,-15.299774,-27.543437,-39.787099,,,,,,,,,,17.050000,18.374167,19.602917,20.550833,17.050000,18.505299,15.594701,17.777649,16.322351
2024-04-24,15.900000,2024-03-31,2023-12-31,-0.350000,-0.230000,-69.130435,65.253699,54.630945,10.121884,-2.443233,-15.008351,-27.573468,-40.138585,,,,,,,,,,16.945000,18.316667,19.569583,20.515833,16.945000,18.414658,15.475342,17.679829,16.210171
2024-04-25,17.450000,2024-03-31,2023-12-31,-0.350000,-0.230000,-75.869565,63.928744,56.102098,11.103354,-1.800129,-14.703611,-27.607094,-40.510576,,,,,,,,,,16.935000,18.282500,19.548750,20.487083,16.935000,18.387077,15.482923,17.661038,16.208962
2024-04-26,17.700000,2024-03-31,2023-12-31,-0.350000,-0.230000,-76.956522,62.601676,57.529396,12.065137,-1.166624,-14.398385,-27.630146,-40.861907,,,,,,,,,,16.925000,18.250000,19.531667,20.459167,16.925000,18.351626,15.498374,17.638313,16.211687
2024-04-29,17.700000,2024-03-31,2023-12-31,-0.350000,-0.230000,-76.956522,61.276344,58.892603,12.997039,-0.548260,-14.093559,-27.638858,-41.184157,,,,,,,,,,16.915000,18.216667,19.515000,20.430833,16.915000,18.315413,15.514587,17.615207,16.214793
2024-04-30,17.500000,2024-03-31,2023-12-31,-0.350000,-0.230000,-76.086957,59.956522,60.178328,13.892031,0.051015,-13.790000,-27.631015,-41.472031,,,,,,,,,,16.910000,18.182500,19.496250,20.401458,16.910000,18.300797,15.519203,17.605398,16.214602
2024-05-02,17.350000,2024-03-31,2023-12-31,-0.350000,-0.230000,-75.434783,58.636926,61.394508,14.754981,0.634244,-13.486493,-27.607230,-41.727967,,,,,,,,,,16.900000,18.145833,19.475000,20.371667,16.900000,18.274198,15.525802,17.587099,16.212901
2024-05-03,17.350000,2024-03-31,2023-12-31,-0.350000,-0.230000,-75.434783,57.317331,62.558997,15.594152,1.205583,-13.182986,-27.571555,-41.960125,,,,,,,,,,16.897500,18.106667,19.453750,20.342917,16.897500,18.268045,15.526955,17.582773,16.212227
2024-05-06,17.450000,2024-03-31,2023-12-31,-0.350000,-0.230000,-75.869565,55.994112,63.682185,16.415159,1.768257,-12.878646,-27.525548,-42.172451,,,,,,,,,,16.917500,18.067500,19.433333,20.315417,16.917500,18.308931,15.526069,17.613215,16.221785
2024-05-07,17.200000,2024-03-31,2023-12-31,-0.350000,-0.230000,-74.782609,54.679952,64.740305,17.204151,2.313881,-12.576389,-27.466659,-42.356929,,,,,,,,,,16.917500,18.022500,19.410833,20.296875,16.917500,18.308931,15.526069,17.613215,16.221785
2024-05-08,17.200000,2024-03-31,2023-12-31,-0.350000,-0.230000,-74.782609,53.355374,65.750106,17.973312,2.850788,-12.271736,-27.394260,-42.516785,,,,,,,,,,16.910000,17.975000,19.385833,20.278750,16.910000,18.293208,15.526792,17.601604,16.218396
2024-05-09,17.200000,2024-03-31,2023-12-31,-0.350000,-0.230000,-74.782609,52.036005,66.720622,18.723205,3.377462,-11.968281,-27.314024,-42.659768,,,,,,,,,,16.902500,17.934167,19.362083,20.260625,16.902500,18.277263,15.527737,17.589882,16.215118
2024-05-10,17.300000,2024-03-31,2023-12-31,-0.350000,-0.230000,-75.217391,50.709541,67.656360,19.458731,3.897768,-11.663194,-27.224157,-42.785120,,,,,,,,,,16.905000,17.895000,19.338333,20.241042,16.905000,18.282603,15.527397,17.593801,16.216199
2024-05-13,17.200000,2024-03-31,2023-12-31,-0.350000,-0.230000,-74.782609,49.388436,68.547705,20.172604,4.406632,-11.359340,-27.125312,-42.891285,,,,,,,,,,16.905000,17.855833,19.314167,20.220833,16.905000,18.282603,15.527397,17.593801,16.216199
2024-05-14,17.150000,2024-03-31,2023-12-31,-0.350000,-0.230000,-74.565217,48.063934,69.396297,20.867592,4.906444,-11.054705,-27.015853,-42.977002,,,,,,,,,,16.907500,17.815833,19.288333,20.201458,16.907500,18.286773,15.528227,17.597137,16.217863
2024-05-15,17.150000,2024-05-15,2024-03-31,0.000000,-0.290000,-59.137931,46.874938,70.002978,27.007995,6.707132,-13.593732,-33.894595,-54.195459,,,,,,,,,,16.940000,17.776667,19.264167,20.181875,16.940000,18.309441,15.570559,17.624720,16.255280
2024-05-16,16.900000,2024-05-15,2024-03-31,0.000000,-0.290000,-58.275862,45.661044,70.555295,27.680368,7.219333,-13.241703,-33.702738,-54.163774,,,,,,,,,,16.960000,17.733333,19.237500,20.161042,16.960000,18.313980,15.606020,17.636990,16.283010
2024-05-17,16.700000,2024-05-15,2024-03-31,0.000000,-0.290000,-57.586207,44.452899,71.074072,28.331621,7.720140,-12.891341,-33.502822,-54.114303,,,,,,,,,,16.980000,17.680000,19.209167,20.137083,16.980000,18.304426,15.655574,17.642213,16.317787
2024-05-20,16.400000,2024-05-15,2024-03-31,0.000000,-0.290000,-56.551724,43.249750,71.554077,28.958937,8.208255,-12.542428,-33.293110,-54.043792,,,,,,,,,,17.005000,17.620833,19.177500,20.111875,17.005000,18.260682,15.749318,17.632841,16.377159
2024-05-21,16.500000,2024-05-15,2024-03-31,0.000000,-0.290000,-56.896552,42.032859,72.007520,29.574832,8.692652,-12.189529,-33.071710,-53.953890,,,,,,,,,,17.047500,17.564167,19.144167,20.088333,17.047500,18.159386,15.935614,17.603443,16.491557
2024-05-22,16.900000,2024-05-15,2024-03-31,0.000000,-0.290000,-58.275862,40.802661,72.452035,30.189409,9.178318,-11.832772,-32.843862,-53.854952,,,,,,,,,,17.110000,17.514167,19.113750,20.067917,17.110000,18.011811,16.208189,17.560906,16.659094
2024-05-23,16.800000,2024-05-15,2024-03-31,0.000000,-0.290000,-57.931034,39.562656,72.860147,30.785715,9.656272,-11.473170,-32.602613,-53.732056,,,,,,,,,,17.155000,17.468333,19.079583,20.047083,17.155000,17.873844,16.436156,17.514422,16.795578
2024-05-24,16.800000,2024-05-15,2024-03-31,0.000000,-0.290000,-57.931034,38.324463,73.246128,31.368660,10.127283,-11.114094,-32.355471,-53.596848,,,,,,,,,,17.122500,17.425833,19.045833,20.025000,17.122500,17.843957,16.401043,17.483228,16.761772
2024-05-27,16.800000,2024-05-15,2024-03-31,0.000000,-0.290000,-57.931034,37.084458,73.607753,31.938004,10.591756,-10.754493,-32.100741,-53.446989,,,,,,,,,,17.077500,17.389167,19.011667,20.003333,17.077500,17.758424,16.396576,17.417962,16.737038
2024-05-28,17.000000,2024-05-15,2024-03-31,0.000000,-0.290000,-58.620690,35.838706,73.954021,32.500107,11.053441,-10.393225,-31.839891,-53.286557,,,,,,,,,,17.042500,17.353333,18.979167,19.982292,17.042500,17.657467,16.427533,17.349983,16.735017
2024-05-29,17.150000,2024-05-15,2024-03-31,0.000000,-0.290000,-59.137931,34.588643,74.283078,33.053479,11.511386,-10.030707,-31.572799,-53.114892,,,,,,,,,,17.025000,17.321667,18.947917,19.961042,17.025000,17.604019,16.445981,17.314510,16.735490
2024-05-30,17.150000,2024-05-15,2024-03-31,0.000000,-0.290000,-59.137931,33.340392,74.590968,33.594048,11.962667,-9.668714,-31.300094,-52.931475,,,,,,,,,,17.015000,17.290833,18.917083,19.939583,17.015000,17.577045,16.452955,17.296023,16.733977
2024-05-31,17.150000,2024-05-15,2024-03-31,0.000000,-0.290000,-59.137931,32.093953,74.878037,34.122015,12.407384,-9.307246,-31.021877,-52.736508,,,,,,,,,,17.005000,17.267500,18.886667,19.916875,17.005000,17.548769,16.461231,17.276884,16.733116
2024-06-03,17.100000,2024-05-15,2024-03-31,0.000000,-0.290000,-58.965517,30.843516,75.137059,34.634875,12.845128,-8.944620,-30.734367,-52.524114,,,,,,,,,,16.987500,17.242500,18.854583,19.892500,16.987500,17.492084,16.482916,17.239792,16.735208
2024-06-04,16.950000,2024-05-15,2024-03-31,0.000000,-0.290000,-58.448276,29.599200,75.370672,35.131222,13.273727,-8.583768,-30.441263,-52.298758,,,,,,,,,,16.975000,17.217500,18.821667,19.865000,16.975000,17.469709,16.480291,17.222354,16.727646
2024-06-05,16.900000,2024-05-15,2024-03-31,0.000000,-0.290000,-58.275862,28.359945,75.584257,35.614485,13.695050,-8.224384,-30.143819,-52.063253,,,,,,,,,,16.960000,17.194167,18.789167,19.839375,16.960000,17.444062,16.475938,17.202031,16.717969
2024-06-06,16.700000,2024-05-15,2024-03-31,0.000000,-0.290000,-57.586207,27.122814,75.767238,36.079382,14.106883,-7.865616,-29.838115,-51.810614,,,,,,,,,,16.935000,17.170000,18.754167,19.814583,16.935000,17.418518,16.451482,17.176759,16.693241
2024-06-07,17.100000,2024-05-15,2024-03-31,0.000000,-0.290000,-58.965517,25.874188,75.942299,36.543019,14.519752,-7.503514,-29.526781,-51.550048,,,,,,,,,,16.925000,17.153333,18.722500,19.791667,16.925000,17.384405,16.465595,17.154702,16.695298
2024-06-11,16.850000,2024-05-15,2024-03-31,0.000000,-0.290000,-58.103448,24.574775,76.034781,36.973488,14.923402,-7.126685,-29.176771,-51.226858,,,,,,,,,,16.907500,17.139167,18.675417,19.767292,16.907500,17.349118,16.465882,17.128309,16.686691
2024-06-12,17.100000,2024-05-15,2024-03-31,0.000000,-0.290000,-58.965517,23.277236,76.121448,37.400041,15.324821,-6.750399,-28.825618,-50.900838,,,,,,,,,,16.905000,17.127500,18.632500,19.743333,16.905000,17.341373,16.468627,17.123186,16.686814
2024-06-13,17.300000,2024-05-15,2024-03-31,0.000000,-0.290000,-59.655172,21.986632,76.204338,37.822393,15.723135,-6.376123,-28.475381,-50.574639,,,,,,,,,,16.912500,17.118333,18.594167,19.720000,16.912500,17.371188,16.453812,17.141844,16.683156
2024-06-14,17.150000,2024-05-15,2024-03-31,0.000000,-0.290000,-59.137931,20.722076,76.281591,38.233921,16.112259,-6.009402,-28.131064,-50.252725,,,,,,,,,,16.925000,17.108333,18.559583,19.697083,16.925000,17.395722,16.454278,17.160361,16.689639
2024-06-17,17.100000,2024-05-15,2024-03-31,0.000000,-0.290000,-58.965517,19.460770,76.337903,38.632361,16.494369,-5.643623,-27.781615,-49.919607,,,,,,,,,,16.945000,17.098333,18.525000,19.672917,16.945000,17.409418,16.480582,17.177209,16.712791
2024-06-18,16.900000,2024-05-15,2024-03-31,0.000000,-0.290000,-58.275862,18.190717,76.352975,39.009418,16.867055,-5.275308,-27.417671,-49.560034,,,,,,,,,,16.970000,17.083333,18.485417,19.647083,16.970000,17.358519,16.581481,17.164260,16.775740
2024-06-19,16.850000,2024-05-15,2024-03-31,0.000000,-0.290000,-58.103448,16.925725,76.349001,39.373960,17.232750,-4.908460,-27.049670,-49.190881,,,,,,,,,,16.987500,17.066667,18.446250,19.622292,16.987500,17.313359,16.661641,17.150430,16.824570
2024-06-20,17.000000,2024-05-15,2024-03-31,0.000000,-0.290000,-58.620690,15.660045,76.331827,39.731047,17.594817,-4.541413,-26.677643,-48.813873,,,,,,,,,,16.992500,17.050833,18.409167,19.600000,16.992500,17.315765,16.669235,17.154132,16.830868
2024-06-21,17.100000,2024-05-15,2024-03-31,0.000000,-0.290000,-58.965517,14.384245,76.288663,40.075993,17.952281,-4.171431,-26.295143,-48.418856,,,,,,,,,,17.007500,17.035833,18.371250,19.578125,17.007500,17.320844,16.694156,17.164172,16.850828
2024-06-24,16.850000,2024-05-15,2024-03-31,0.000000,-0.290000,-58.103448,13.099325,76.199443,40.396873,18.299034,-3.798804,-25.896643,-47.994481,,,,,,,,,,17.010000,17.022500,18.327500,19.555000,17.010000,17.317109,16.702891,17.163554,16.856446
2024-06-25,16.900000,2024-05-15,2024-03-31,0.000000,-0.290000,-58.275862,11.812969,76.089574,40.706192,18.640215,-3.425761,-25.491737,-47.557714,,,,,,,,,,17.015000,17.005833,18.284167,19.531458,17.015000,17.310760,16.719240,17.162880,16.867120
2024-06-26,16.950000,2024-05-15,2024-03-31,0.000000,-0.290000,-58.448276,10.528798,75.963000,41.005188,18.975918,-3.053351,-25.082621,-47.111891,,,,,,,,,,17.012500,16.990000,18.242083,19.507083,17.012500,17.309635,16.715365,17.161068,16.863932
2024-06-27,16.750000,2024-05-15,2024-03-31,0.000000,-0.290000,-57.758621,9.261244,75.821531,41.290727,19.302483,-2.685761,-24.674005,-46.662249,,,,,,,,,,16.992500,16.975833,18.200833,19.481458,16.992500,17.304159,16.680841,17.148330,16.836670
2024-06-28,16.700000,2024-05-15,2024-03-31,0.000000,-0.290000,-57.586207,7.987881,75.648745,41.559787,19.621651,-2.316486,-24.254622,-46.192758,,,,,,,,,,16.970000,16.961667,18.157500,19.456042,16.970000,17.298313,16.641687,17.134157,16.805843
2024-07-01,16.600000,2024-05-15,2024-03-31,0.000000,-0.290000,-57.241379,6.724638,75.459963,41.816633,19.933244,-1.950145,-23.833534,-45.716923,,,,,,,,,,16.942500,16.948333,18.115000,19.431042,16.942500,17.298316,16.586684,17.120408,16.764592
2024-07-02,16.400000,2024-05-15,2024-03-31,0.000000,-0.290000,-56.551724,5.463518,75.240195,42.054893,20.235236,-1.584420,-23.404077,-45.223734,,,,,,,,,,16.907500,16.937500,18.070000,19.406250,16.907500,17.329619,16.485381,17.118559,16.696441
2024-07-03,16.550000,2024-05-15,2024-03-31,0.000000,-0.290000,-57.068966,4.199900,75.004142,42.284432,20.533230,-1.217971,-22.969172,-44.720374,,,,,,,,,,16.887500,16.926667,18.026667,19.382917,16.887500,17.338084,16.436916,17.112792,16.662208
2024-07-04,16.500000,2024-05-15,2024-03-31,0.000000,-0.290000,-56.896552,2.939530,74.746881,42.500727,20.824132,-0.852464,-22.529059,-44.205655,,,,,,,,,,16.867500,16.912500,17.983333,19.360417,16.867500,17.350119,16.384881,17.108809,16.626191
2024-07-05,16.550000,2024-05-15,2024-03-31,0.000000,-0.290000,-57.068966,1.695840,74.490825,42.712885,21.110546,-0.491793,-22.094133,-43.696472,,,,,,,,,,16.860000,16.899167,17.944583,19.338333,16.860000,17.357996,16.362004,17.108998,16.611002
2024-07-08,16.350000,2024-05-15,2024-03-31,0.000000,-0.290000,-56.379310,0.459708,74.210661,42.908868,21.387777,-0.133315,-21.654407,-43.175499,,,,,,,,,,16.822500,16.884167,17.904583,19.316042,16.822500,17.356083,16.288917,17.089291,16.555709
2024-07-09,16.150000,2024-05-15,2024-03-31,0.000000,-0.290000,-55.689655,-0.770677,73.904257,43.087966,21.655731,0.223496,-21.208738,-42.640973,,,,,,,,,,16.787500,16.866667,17.862917,19.293125,16.787500,17.399550,16.175450,17.093525,16.481475
2024-07-10,16.200000,2024-05-15,2024-03-31,0.000000,-0.290000,-55.862069,-2.002499,73.576891,43.255322,21.918023,0.580725,-20.756574,-42.093872,,,,,,,,,,16.742500,16.851667,17.821667,19.269792,16.742500,17.389172,16.095828,17.065836,16.419164
2024-07-11,16.400000,2024-05-15,2024-03-31,0.000000,-0.290000,-56.551724,-3.234633,73.238461,43.416351,22.177197,0.938043,-20.301110,-41.540264,,,,,,,,,,16.697500,16.850000,17.783333,19.247917,16.697500,17.304889,16.090111,17.001194,16.393806
2024-07-12,16.500000,2024-05-15,2024-03-31,0.000000,-0.290000,-56.896552,-4.455147,72.898561,43.573158,22.432575,1.291993,-19.848590,-40.989172,,,,,,,,,,16.665000,16.850000,17.749167,19.226875,16.665000,17.239090,16.090910,16.952045,16.377955
2024-07-15,16.200000,2024-05-15,2024-03-31,0.000000,-0.290000,-55.862069,-5.647114,72.556330,43.720335,22.678999,1.637663,-19.403673,-40.445009,,,,,,,,,,16.620000,16.848333,17.717083,19.204583,16.620000,17.191609,16.048391,16.905804,16.334196
2024-07-16,16.150000,2024-05-15,2024-03-31,0.000000,-0.290000,-55.689655,-6.835832,72.194029,43.854928,22.918660,1.982391,-18.953877,-39.890146,,,,,,,,,,16.582500,16.852500,17.685000,19.181875,16.582500,17.174797,15.990203,16.878649,16.286351
2024-07-17,16.150000,2024-05-15,2024-03-31,0.000000,-0.290000,-55.689655,-8.020927,71.814882,43.978700,23.152385,2.326069,-18.500247,-39.326563,,,,,,,,,,16.547500,16.860833,17.653750,19.160833,16.547500,17.155755,15.939245,16.851627,16.243373
2024-07-18,16.050000,2024-05-15,2024-03-31,0.000000,-0.290000,-55.344828,-9.206772,71.407105,44.086085,23.378024,2.669964,-18.038097,-38.746157,,,,,,,,,,16.500000,16.867500,17.620833,19.139375,16.500000,17.107843,15.892157,16.803922,16.196078
2024-07-19,15.900000,2024-05-15,2024-03-31,0.000000,-0.290000,-54.827586,-10.364755,71.006361,44.189468,23.597624,3.005779,-17.586066,-38.177910,,,,,,,,,,16.440000,16.867500,17.592083,19.117917,16.440000,17.035244,15.844756,16.737622,16.142378
2024-07-22,15.900000,2024-05-15,2024-03-31,0.000000,-0.290000,-54.827586,-11.528173,70.576735,44.277677,23.810423,3.343170,-17.124083,-37.591336,,,,,,,,,,16.392500,16.841667,17.562083,19.095625,16.392500,17.001446,15.783554,16.696973,16.088027
2024-07-23,15.450000,2024-05-15,2024-03-31,0.000000,-0.290000,-53.275862,-12.684095,70.109680,44.342002,24.010195,3.678388,-16.653420,-36.985227,,,,,,,,,,16.320000,16.804167,17.527083,19.071250,16.320000,17.013883,15.626117,16.666942,15.973058
2024-07-26,15.150000,2024-05-15,2024-03-31,0.000000,-0.290000,-52.241379,-13.833208,69.612674,44.386982,24.199306,4.011630,-16.176045,-36.363721,,,,,,,,,,16.230000,16.761667,17.489167,19.046458,16.230000,17.037465,15.422535,16.633733,15.826267
2024-07-29,15.050000,2024-05-15,2024-03-31,0.000000,-0.290000,-51.896552,-14.974013,69.099225,44.420014,24.381239,4.342464,-15.696312,-35.735087,,,,,,,,,,16.145000,16.720833,17.451667,19.021667,16.145000,17.071169,15.218831,16.608085,15.681915
2024-07-30,15.400000,2024-05-15,2024-03-31,0.000000,-0.290000,-53.103448,-16.124875,68.568175,44.445755,24.560985,4.676214,-15.208557,-35.093328,,,,,,,,,,16.080000,16.688333,17.417083,19.000000,16.080000,17.024458,15.135542,16.552229,15.607771
2024-07-31,15.500000,2024-05-15,2024-03-31,0.000000,-0.290000,-53.448276,-17.284045,68.006611,44.456207,24.734290,5.012373,-14.709544,-34.431461,,,,,,,,,,16.025000,16.657500,17.382083,18.976875,16.025000,16.970070,15.079930,16.497535,15.552465
2024-08-01,15.300000,2024-05-15,2024-03-31,0.000000,-0.290000,-52.758621,-18.441092,67.411643,44.446670,24.897293,5.347917,-14.201460,-33.750836,,,,,,,,,,15.970000,16.621667,17.344583,18.953333,15.970000,16.950548,14.989452,16.460274,15.479726
2024-08-02,15.250000,2024-05-15,2024-03-31,0.000000,-0.290000,-52.586207,-19.600325,66.784657,44.419195,25.051645,5.684094,-13.683456,-33.051007,,,,,,,,,,15.905000,16.589167,17.305833,18.930625,15.905000,16.895959,14.914041,16.400480,15.409520
2024-08-05,14.150000,2024-05-15,2024-03-31,0.000000,-0.290000,-48.793103,-20.733383,66.107887,44.355256,25.183968,6.012681,-13.158606,-32.329893,,,,,,,,,,15.787500,16.538333,17.256667,18.903542,15.787500,17.011331,14.563669,16.399416,15.175584
2024-08-06,14.500000,2024-05-15,2024-03-31,0.000000,-0.290000,-50.000000,-21.862006,65.432760,44.290982,25.315482,6.339982,-12.635518,-31.611019,,,,,,,,,,15.685000,16.493333,17.213750,18.879167,15.685000,16.981189,14.388811,16.333094,15.036906
2024-08-07,14.600000,2024-05-15,2024-03-31,0.000000,-0.290000,-50.344828,-22.993503,64.731969,44.212658,25.440387,6.668116,-12.104155,-30.876426,,,,,,,,,,15.597500,16.448333,17.171667,18.856458,15.597500,16.940111,14.254889,16.268806,14.926194
2024-08-08,14.600000,2024-05-15,2024-03-31,0.000000,-0.290000,-50.344828,-24.121377,64.009582,44.120757,25.557978,6.995199,-11.567579,-30.130358,,,,,,,,,,15.520000,16.405000,17.130417,18.837708,15.520000,16.906552,14.133448,16.213276,14.826724
2024-08-09,14.550000,2024-05-15,2024-03-31,0.000000,-0.290000,-50.172414,-25.247814,63.258100,44.011564,25.666715,7.321866,-11.022983,-29.367832,,,,,,,,,,15.437500,16.361667,17.088750,18.818125,15.437500,16.849805,14.025195,16.143652,14.731348
2024-08-12,14.400000,2024-05-15,2024-03-31,0.000000,-0.290000,-49.655172,-26.368128,62.478722,43.884416,25.765587,7.646757,-10.472072,-28.590901,,,,,,,,,,15.337500,16.315833,17.046250,18.797917,15.337500,16.746073,13.928927,16.041787,14.633213
2024-08-13,14.250000,2024-05-15,2024-03-31,0.000000,-0.290000,-49.137931,-27.484133,61.667434,43.737510,25.853954,7.970399,-9.913157,-27.796713,,,,,,,,,,15.225000,16.271667,17.002500,18.776250,15.225000,16.601686,13.848314,15.913343,14.536657
2024-08-14,14.150000,2024-08-14,2024-06-30,-0.330000,-0.560000,-25.267857,-28.415713,60.768554,83.973580,49.943190,15.912799,-18.117591,-52.147982,,,,,,,,,,15.122500,16.229167,16.954583,18.753125,15.122500,16.498794,13.746206,15.810647,14.434353
2024-08-15,14.050000,2024-08-14,2024-06-30,-0.330000,-0.560000,-25.089286,-29.347616,59.838119,83.453359,49.944012,16.434665,-17.074682,-50.584028,,,,,,,,,,15.017500,16.190000,16.905417,18.729583,15.017500,16.384123,13.650877,15.700811,14.334189
2024-08-16,14.050000,2024-08-14,2024-06-30,-0.330000,-0.560000,-25.089286,-30.277708,58.881741,82.903067,49.929292,16.955517,-16.018259,-48.992034,,,,,,,,,,14.912500,16.149167,16.856667,18.706250,14.912500,16.234729,13.590271,15.573614,14.251386
2024-08-19,13.900000,2024-08-14,2024-06-30,-0.330000,-0.560000,-24.821429,-31.205568,57.894748,82.317236,49.896177,17.475118,-14.945941,-47.367000,,,,,,,,,,14.805000,16.099167,16.806667,18.682500,14.805000,16.086816,13.523184,15.445908,14.164092
2024-08-20,14.000000,2024-08-14,2024-06-30,-0.330000,-0.560000,-25.000000,-32.122235,56.901682,81.718335,49.853393,17.988451,-13.876491,-45.741432,,,,,,,,,,14.710000,16.052500,16.760417,18.659167,14.710000,15.930267,13.489733,15.320134,14.099866
2024-08-21,13.950000,2024-08-14,2024-06-30,-0.330000,-0.560000,-24.910714,-33.030911,55.891297,81.095562,49.796436,18.497310,-12.801816,-44.100942,,,,,,,,,,14.612500,16.005000,16.715417,18.635000,14.612500,15.740551,13.484449,15.176526,14.048474
2024-08-22,13.800000,2024-08-14,2024-06-30,-0.330000,-0.560000,-24.642857,-33.924674,54.874845,80.457644,49.727731,18.997817,-11.732096,-42.462010,,,,,,,,,,14.530000,15.955000,16.672083,18.609167,14.530000,15.641377,13.418623,15.085688,13.974312
2024-08-23,14.300000,2024-08-14,2024-06-30,-0.330000,-0.560000,-25.535714,-34.831312,53.810895,79.773737,49.639636,19.505535,-10.628566,-40.762667,,,,,,,,,,14.487500,15.910000,16.631667,18.583125,14.487500,15.563494,13.411506,15.025497,13.949503
2024-08-26,14.000000,2024-08-14,2024-06-30,-0.330000,-0.560000,-25.000000,-35.729863,52.718882,79.053871,49.531297,20.008723,-9.513851,-39.036424,,,,,,,,,,14.435000,15.857500,16.589583,18.556250,14.435000,15.497817,13.372183,14.966408,13.903592
2024-08-27,13.900000,2024-08-14,2024-06-30,-0.330000,-0.560000,-24.821429,-36.625114,51.592552,78.293722,49.401893,20.510064,-8.381766,-37.273595,,,,,,,,,,14.360000,15.803333,16.547083,18.527917,14.360000,15.344939,13.375061,14.852470,13.867530
2024-08-28,13.900000,2024-08-14,2024-06-30,-0.330000,-0.560000,-24.821429,-37.504060,50.463885,77.521825,49.262050,21.002274,-7.257502,-35.517277,,,,,,,,,,14.280000,15.749167,16.508333,18.498542,14.280000,15.125047,13.434953,14.702524,13.857476
2024-08-29,13.800000,2024-08-14,2024-06-30,-0.330000,-0.560000,-24.642857,-38.383331,49.289589,76.699004,49.096835,21.494665,-6.107504,-33.709674,,,,,,,,,,14.205000,15.694167,16.468333,18.468958,14.205000,14.926037,13.483963,14.565519,13.844481
2024-08-30,13.850000,2024-08-14,2024-06-30,-0.330000,-0.560000,-24.732143,-39.257910,48.083838,75.838328,48.911379,21.984430,-4.942519,-31.869469,,,,,,,,,,14.135000,15.642500,16.430000,18.440417,14.135000,14.678962,13.591038,14.406981,13.863019
2024-09-02,13.700000,2024-08-14,2024-06-30,-0.330000,-0.560000,-24.464286,-40.124823,46.845386,74.936733,48.703317,22.469901,-3.763515,-29.996931,,,,,,,,,,14.112500,15.589167,16.391667,18.412500,14.112500,14.690040,13.534960,14.401270,13.823730
2024-09-03,13.650000,2024-08-14,2024-06-30,-0.330000,-0.560000,-24.375000,-40.985556,45.571393,73.991872,48.471892,22.951912,-2.568068,-28.088048,,,,,,,,,,14.070000,15.538333,16.354167,18.384583,14.070000,14.652553,13.487447,14.361277,13.778723
2024-09-04,13.450000,2024-08-14,2024-06-30,-0.330000,-0.560000,-24.017857,-41.841502,44.250040,72.991287,48.211264,23.431241,-1.348781,-26.128804,,,,,,,,,,14.012500,15.477500,16.315417,18.355208,14.012500,14.601768,13.423232,14.307134,13.717866
2024-09-05,13.200000,2024-08-14,2024-06-30,-0.330000,-0.560000,-23.571429,-42.679235,42.913483,71.963472,47.931922,23.900372,-0.131179,-24.162729,,,,,,,,,,13.942500,15.416667,16.277917,18.323958,13.942500,14.569334,13.315666,14.255917,13.629083
2024-09-06,13.150000,2024-08-14,2024-06-30,-0.330000,-0.560000,-23.482143,-43.519847,41.506633,70.858544,47.614829,24.371114,1.127400,-22.116315,,,,,,,,,,13.872500,15.350833,16.239167,18.293125,13.872500,14.525811,13.219189,14.199156,13.545844
2024-09-09,12.850000,2024-08-14,2024-06-30,-0.330000,-0.560000,-22.946429,-44.357807,40.029417,69.673319,47.256845,24.840372,2.423898,-19.992575,,,,,,,,,,13.795000,15.276667,16.197500,18.260000,13.795000,14.545368,13.044632,14.170184,13.419816
2024-09-10,12.400000,2024-08-14,2024-06-30,-0.330000,-0.560000,-22.142857,-45.185446,38.492769,68.415751,46.859801,25.303850,3.747899,-17.808051,,,,,,,,,,13.702500,15.197500,16.152917,18.224583,13.702500,14.647556,12.757444,14.175028,13.229972
2024-09-11,12.950000,2024-08-14,2024-06-30,-0.330000,-0.560000,-23.125000,-46.019459,36.874308,67.070122,46.420509,25.770897,5.121285,-15.528327,,,,,,,,,,13.642500,15.128333,16.113333,18.193125,13.642500,14.619754,12.665246,14.131127,13.153873
2024-09-12,12.750000,2024-08-14,2024-06-30,-0.330000,-0.560000,-22.767857,-46.854119,35.150679,65.607066,45.922686,26.238306,6.553926,-13.130454,,,,,,,,,,13.577500,15.059167,16.071250,18.159583,13.577500,14.611895,12.543105,14.094698,13.060302
2024-09-13,13.100000,2024-08-14,2024-06-30,-0.330000,-0.560000,-23.392857,-47.695798,33.306229,64.012624,45.361135,26.709647,8.058159,-10.593329,,,,,,,,,,13.530000,14.996667,16.031667,18.126875,13.530000,14.560278,12.499722,14.045139,13.014861
2024-09-16,13.900000,2024-08-14,2024-06-30,-0.330000,-0.560000,-24.821429,-48.553006,31.306559,62.253029,44.721356,27.189683,9.658010,-7.873663,,,,,,,,,,13.530000,14.945000,15.997917,18.097708,13.530000,14.560278,12.499722,14.045139,13.014861
2024-09-18,13.900000,2024-08-14,2024-06-30,-0.330000,-0.560000,-24.821429,-49.412025,29.136719,60.303859,43.987296,27.670734,11.354172,-4.962391,,,,,,,,,,13.525000,14.891667,15.963750,18.070208,13.525000,14.546609,12.503391,14.035804,13.014196
2024-09-19,14.000000,2024-08-14,2024-06-30,-0.330000,-0.560000,-25.000000,-50.259851,26.823486,58.187821,43.166669,28.145517,13.124364,-1.896788,,,,,,,,,,13.527500,14.844167,15.933333,18.042708,13.527500,14.553722,12.501278,14.040611,13.014389
2024-09-20,13.350000,2024-08-14,2024-06-30,-0.330000,-0.560000,-23.839286,-51.107063,24.223459,55.750229,42.185092,28.619955,15.054818,1.489681,,,,,,,,,,13.505000,14.785000,15.895417,18.010625,13.505000,14.525784,12.484216,14.015392,12.994608
2024-09-23,13.700000,2024-08-14,2024-06-30,-0.330000,-0.560000,-24.464286,-51.959482,21.267647,52.917075,41.007192,29.097310,17.187428,5.277545,,,,,,,,,,13.475000,14.730833,15.860417,17.980833,13.475000,14.430593,12.519407,13.952796,12.997204
2024-09-24,13.550000,2024-08-14,2024-06-30,-0.330000,-0.560000,-24.196429,-52.798800,17.870696,49.582508,39.574918,29.567328,19.559738,9.552148,,,,,,,,,,13.452500,14.677500,15.826667,17.951667,13.452500,14.376721,12.528279,13.914610,12.990390
2024-09-25,13.650000,2024-08-14,2024-06-30,-0.330000,-0.560000,-24.375000,-52.366056,17.925378,49.401415,39.363203,29.324991,19.286780,9.248568,,,,,,,,,,13.440000,14.626667,15.794167,17.922917,13.440000,14.345306,12.534694,13.892653,12.987347
2024-09-26,13.700000,2024-08-14,2024-06-30,-0.330000,-0.560000,-24.464286,-51.939490,17.975570,49.218753,39.152434,29.086114,19.019795,8.953476,,,,,,,,,,13.430000,14.578333,15.763333,17.894167,13.430000,14.318168,12.541832,13.874084,12.985916
2024-09-27,13.800000,2024-08-14,2024-06-30,-0.330000,-0.560000,-24.642857,-51.527094,18.029778,49.048523,38.951848,28.855172,18.758497,8.661822,,,,,,,,,,13.430000,14.535000,15.736250,17.865417,13.430000,14.318168,12.541832,13.874084,12.985916
2024-09-30,14.000000,2024-08-14,2024-06-30,-0.330000,-0.560000,-25.000000,-51.112239,18.062889,48.853289,38.738071,28.622854,18.507636,8.392418,,,,,,,,,,13.437500,14.492500,15.709583,17.837083,13.437500,14.342966,12.532034,13.890233,12.984767
2024-10-01,13.850000,2024-08-14,2024-06-30,-0.330000,-0.560000,-24.732143,-50.689717,18.082163,48.638263,38.512252,28.386241,18.260230,8.134219,,,,,,,,,,13.445000,14.448333,15.680417,17.806667,13.445000,14.362032,12.527968,13.903516,12.986484
2024-10-04,13.800000,2024-08-14,2024-06-30,-0.330000,-0.560000,-24.642857,-50.266450,18.092528,48.412844,38.281028,28.149212,18.017396,7.885581,,,,,,,,,,13.452500,14.402500,15.650833,17.776458,13.452500,14.378996,12.526004,13.915748,12.989252
2024-10-07,13.850000,2024-08-14,2024-06-30,-0.330000,-0.560000,-24.732143,-49.847552,18.096985,48.183253,38.048941,27.914629,17.780317,7.646005,,,,,,,,,,13.472500,14.360833,15.622500,17.747292,13.472500,14.415884,12.529116,13.944192,13.000808
2024-10-08,14.000000,2024-08-14,2024-06-30,-0.330000,-0.560000,-25.000000,-49.432697,18.091178,47.944430,37.813370,27.682310,17.551250,7.420191,,,,,,,,,,13.512500,14.325000,15.595833,17.718750,13.512500,14.474885,12.550115,13.993692,13.031308
2024-10-09,13.900000,2024-08-14,2024-06-30,-0.330000,-0.560000,-24.821429,-49.019977,18.082934,47.704073,37.577630,27.451187,17.324744,7.198301,,,,,,,,,,13.550000,14.286667,15.569167,17.690417,13.550000,14.511359,12.588641,14.030679,13.069321
2024-10-11,13.500000,2024-08-14,2024-06-30,-0.330000,-0.560000,-24.107143,-48.623043,18.102808,47.504050,37.366477,27.228904,17.091332,6.953759,,,,,,,,,,13.582500,14.238333,15.544167,17.660625,13.582500,14.486453,12.678547,14.034477,13.130523
2024-10-14,13.150000,2024-08-14,2024-06-30,-0.330000,-0.560000,-23.482143,-48.220902,18.120974,47.299196,37.151451,27.003705,16.855960,6.708214,,,,,,,,,,13.620000,14.182500,15.516250,17.629583,13.620000,14.365795,12.874205,13.992898,13.247102
2024-10-15,13.200000,2024-08-14,2024-06-30,-0.330000,-0.560000,-23.571429,-47.826751,18.138586,47.098196,36.940588,26.782980,16.625372,6.467764,,,,,,,,,,13.632500,14.132500,15.490417,17.600625,13.632500,14.338322,12.926678,13.985411,13.279589
2024-10-16,13.100000,2024-08-14,2024-06-30,-0.330000,-0.560000,-23.392857,-47.445604,18.167688,46.917349,36.743444,26.569538,16.395633,6.221728,,,,,,,,,,13.650000,14.081667,15.467083,17.571667,13.650000,14.276603,13.023397,13.963302,13.336698
2024-10-17,13.300000,2024-08-14,2024-06-30,-0.330000,-0.560000,-23.750000,-47.076492,18.195618,46.741928,36.552382,26.362835,16.173289,5.983743,,,,,,,,,,13.660000,14.034167,15.447500,17.543125,13.660000,14.255244,13.064756,13.957622,13.362378
2024-10-18,13.300000,2024-08-14,2024-06-30,-0.330000,-0.560000,-23.750000,-46.707380,18.215965,46.558013,36.357073,26.156133,15.955192,5.754252,,,,,,,,,,13.630000,13.988333,15.427917,17.515417,13.630000,14.234718,13.025282,13.932359,13.327641
2024-10-21,13.200000,2024-08-14,2024-06-30,-0.330000,-0.560000,-23.571429,-46.327721,18.219466,46.349326,36.146425,25.943524,15.740623,5.537722,,,,,,,,,,13.595000,13.943333,15.405417,17.487500,13.595000,14.214762,12.975238,13.904881,13.285119
2024-10-22,13.150000,2024-08-14,2024-06-30,-0.330000,-0.560000,-23.482143,-45.891159,18.133088,46.008107,35.853578,25.699049,15.544520,5.389991,,,,,,,,,,13.552500,13.897500,15.369583,17.459167,13.552500,14.171901,12.933099,13.862201,13.242799
2024-10-23,13.250000,2024-08-14,2024-06-30,-0.330000,-0.560000,-23.660714,-45.447028,18.018133,45.630644,35.540490,25.450335,15.360181,5.270027,,,,,,,,,,13.547500,13.860833,15.332500,17.432083,13.547500,14.175341,12.919659,13.861420,13.233580
2024-10-24,13.300000,2024-08-14,2024-06-30,-0.330000,-0.560000,-23.750000,-45.003640,17.890433,45.239323,35.220681,25.202038,15.183396,5.164754,,,,,,,,,,13.527500,13.830000,15.295833,17.405417,13.527500,14.160351,12.894649,13.843925,13.211075
2024-10-25,13.250000,2024-08-14,2024-06-30,-0.330000,-0.560000,-23.660714,-44.566755,17.764682,44.853826,34.905604,24.957383,15.009161,5.060939,,,,,,,,,,13.512500,13.800000,15.260417,17.378333,13.512500,14.157215,12.867785,13.834858,13.190142
2024-10-28,13.200000,2024-08-14,2024-06-30,-0.330000,-0.560000,-23.571429,-44.134560,17.637822,44.469714,34.592534,24.715354,14.838173,4.960993,,,,,,,,,,13.490000,13.763333,15.225833,17.350417,13.490000,14.145824,12.834176,13.817912,13.162088
2024-10-29,13.200000,2024-08-14,2024-06-30,-0.330000,-0.560000,-23.571429,-43.702365,17.499283,44.072521,34.272923,24.473325,14.673726,4.874128,,,,,,,,,,13.465000,13.725000,15.191250,17.322500,13.465000,14.125223,12.804777,13.795112,13.134888
2024-10-30,13.200000,2024-08-14,2024-06-30,-0.330000,-0.560000,-23.571429,-43.266548,17.341963,43.652265,33.940766,24.229267,14.517768,4.806269,,,,,,,,,,13.435000,13.690000,15.155833,17.294583,13.435000,14.085587,12.784413,13.760293,13.109707
2024-11-01,13.200000,2024-08-14,2024-06-30,-0.330000,-0.560000,-23.571429,-42.839788,17.189326,43.242326,33.616303,23.990281,14.364259,4.738236,,,,,,,,,,13.395000,13.655833,15.122500,17.266667,13.395000,13.995789,12.794211,13.695394,13.094606
2024-11-04,13.300000,2024-08-14,2024-06-30,-0.330000,-0.560000,-23.750000,-42.414516,17.022884,42.817759,33.284944,23.752129,14.219314,4.686499,,,,,,,,,,13.367500,13.641667,15.090000,17.237917,13.367500,13.929709,12.805291,13.648604,13.086396
2024-11-05,13.300000,2024-08-14,2024-06-30,-0.330000,-0.560000,-23.750000,-41.989244,16.843975,42.379228,32.946603,23.513977,14.081351,4.648725,,,,,,,,,,13.342500,13.621667,15.057500,17.209792,13.342500,13.866930,12.818070,13.604715,13.080285
2024-11-06,13.450000,2024-08-14,2024-06-30,-0.330000,-0.560000,-24.017857,-41.562581,16.642467,41.914609,32.594827,23.275046,13.955264,4.635482,,,,,,,,,,13.322500,13.602500,15.025417,17.181875,13.322500,13.793194,12.851806,13.557847,13.087153
2024-11-07,13.600000,2024-08-14,2024-06-30,-0.330000,-0.560000,-24.285714,-41.141774,16.432522,41.443818,32.241606,23.039393,13.837181,4.634969,,,,,,,,,,13.302500,13.585833,14.995417,17.154792,13.302500,13.675927,12.929073,13.489213,13.115787
2024-11-08,13.400000,2024-08-14,2024-06-30,-0.330000,-0.560000,-23.928571,-40.719802,16.215747,40.964726,31.883908,22.803089,13.722271,4.641452,,,,,,,,,,13.277500,13.566667,14.964167,17.126250,13.277500,13.529805,13.025195,13.403653,13.151347
2024-11-11,13.350000,2024-08-14,2024-06-30,-0.330000,-0.560000,-23.839286,-40.425647,16.198985,40.781225,31.709794,22.638362,13.566931,4.495499,,,,,,,,,,13.270000,13.549167,14.932500,17.098333,13.270000,13.502605,13.037395,13.386303,13.153697
2024-11-12,13.300000,2024-08-14,2024-06-30,-0.330000,-0.560000,-23.750000,-40.137931,16.185884,40.605432,31.541337,22.477241,13.413146,4.349051,,,,,,,,,,13.277500,13.533333,14.902500,17.070000,13.277500,13.503390,13.051610,13.390445,13.164555
2024-11-13,13.250000,2024-08-14,2024-06-30,-0.330000,-0.560000,-23.660714,-39.855219,16.174839,40.434742,31.376832,22.318922,13.261013,4.203103,,,,,,,,,,13.280000,13.518333,14.873750,17.041458,13.280000,13.503371,13.056629,13.391686,13.168314
2024-11-14,13.000000,2024-11-14,2024-09-30,-0.620000,-1.300000,-10.000000,-39.467288,16.328540,93.761679,72.534576,51.307474,30.080371,8.853269,,,,,,,,,,13.275000,13.500833,14.845417,17.011458,13.275000,13.518872,13.031128,13.396936,13.153064
2024-11-15,13.100000,2024-11-14,2024-09-30,-0.620000,-1.300000,-10.076923,-39.077124,16.467353,93.615380,72.207821,50.800261,29.392702,7.985142,,,,,,,,,,13.265000,13.485000,14.817083,16.980625,13.265000,13.520672,13.009328,13.392836,13.137164
2024-11-18,13.300000,2024-11-14,2024-09-30,-0.620000,-1.300000,-10.230769,-38.676748,16.580326,93.388620,71.834197,50.279773,28.725349,7.170925,,,,,,,,,,13.265000,13.475000,14.787083,16.950417,13.265000,13.520672,13.009328,13.392836,13.137164
2024-11-19,13.350000,2024-11-14,2024-09-30,-0.620000,-1.300000,-10.269231,-38.279567,16.685748,93.146381,71.454909,49.763436,28.071964,6.380492,,,,,,,,,,13.272500,13.464167,14.758333,16.918958,13.272500,13.528943,13.016057,13.400722,13.144278
2024-11-20,13.250000,2024-11-14,2024-09-30,-0.620000,-1.300000,-10.192308,-37.881744,16.782096,92.879716,71.062991,49.246267,27.429542,5.612818,,,,,,,,,,13.277500,13.452500,14.728750,16.887292,13.277500,13.527710,13.027290,13.402605,13.152395
2024-11-21,13.250000,2024-11-14,2024-09-30,-0.620000,-1.300000,-10.192308,-37.483921,16.868435,92.587029,70.658063,48.729097,26.800131,4.871166,,,,,,,,,,13.277500,13.443333,14.699167,16.855417,13.277500,13.527710,13.027290,13.402605,13.152395
2024-11-22,13.350000,2024-11-14,2024-09-30,-0.620000,-1.300000,-10.269231,-37.080992,16.936645,92.240567,70.222928,48.205290,26.187651,4.170013,,,,,,,,,,13.280000,13.427500,14.668750,16.823958,13.280000,13.532149,13.027851,13.406074,13.153926
2024-11-25,13.400000,2024-11-14,2024-09-30,-0.620000,-1.300000,-10.307692,-36.674074,16.988769,91.847095,69.761695,47.676296,25.590896,3.505496,,,,,,,,,,13.287500,13.417500,14.637500,16.792708,13.287500,13.544763,13.030237,13.416131,13.158869
2024-11-26,13.350000,2024-11-14,2024-09-30,-0.620000,-1.300000,-10.269231,-36.266834,17.031425,91.428590,69.287738,47.146885,25.006032,2.865179,,,,,,,,,,13.295000,13.408333,14.605833,16.761458,13.295000,13.550260,13.039740,13.422630,13.167370
2024-11-27,13.300000,2024-11-14,2024-09-30,-0.620000,-1.300000,-10.230769,-35.859275,17.064662,90.985179,68.801118,46.617057,24.432996,2.248935,,,,,,,,,,13.300000,13.398333,14.573750,16.730208,13.300000,13.551312,13.048688,13.425656,13.174344
2024-11-28,13.200000,2024-11-14,2024-09-30,-0.620000,-1.300000,-10.153846,-35.452511,17.090991,90.524842,68.306553,46.088264,23.869975,1.651686,,,,,,,,,,13.300000,13.388333,14.541250,16.697917,13.300000,13.551312,13.048688,13.425656,13.174344
2024-11-29,13.300000,2024-11-14,2024-09-30,-0.620000,-1.300000,-10.230769,-35.050698,17.112601,90.058671,67.812289,45.565908,23.319526,1.073145,,,,,,,,,,13.305000,13.379167,14.510833,16.666250,13.305000,13.551875,13.058125,13.428438,13.181562
2024-12-02,13.250000,2024-11-14,2024-09-30,-0.620000,-1.300000,-10.192308,-34.650002,17.127146,89.575583,67.310293,45.045003,22.779712,0.514422,,,,,,,,,,13.302500,13.371667,14.480417,16.634792,13.302500,13.550598,13.054402,13.426549,13.178451
2024-12-03,13.200000,2024-11-14,2024-09-30,-0.620000,-1.300000,-10.153846,-34.254732,17.140693,89.096955,66.814054,44.531152,22.248250,-0.034651,,,,,,,,,,13.297500,13.364167,14.451250,16.602708,13.297500,13.549805,13.045195,13.423653,13.171347
2024-12-04,13.150000,2024-11-14,2024-09-30,-0.620000,-1.300000,-10.115385,-33.847648,17.128972,88.537270,66.269606,44.001942,21.734278,-0.533385,,,,,,,,,,13.282500,13.359167,14.418333,16.570417,13.282500,13.532289,13.032711,13.407395,13.157605
2024-12-05,13.100000,2024-11-14,2024-09-30,-0.620000,-1.300000,-10.076923,-33.447427,17.118539,87.989857,65.735756,43.481655,21.227554,-1.026548,,,,,,,,,,13.257500,13.357500,14.387083,16.531250,13.257500,13.470931,13.044069,13.364215,13.150785
2024-12-06,13.100000,2024-11-14,2024-09-30,-0.620000,-1.300000,-10.076923,-33.040022,17.087853,87.380447,65.166238,42.952028,20.737819,-1.476390,,,,,,,,,,13.242500,13.356667,14.353750,16.493125,13.242500,13.455931,13.029069,13.349215,13.135785
2024-12-09,13.000000,2024-11-14,2024-09-30,-0.620000,-1.300000,-10.000000,-32.626229,17.039081,86.715707,64.564902,42.414097,20.263292,-1.887512,,,,,,,,,,13.225000,13.359167,14.317917,16.456042,13.225000,13.457832,12.992168,13.341416,13.108584
2024-12-10,13.000000,2024-11-14,2024-09-30,-0.620000,-1.300000,-10.000000,-32.216746,16.986959,86.047864,63.964817,41.881770,19.798723,-2.284324,,,,,,,,,,13.210000,13.369167,14.283333,16.421458,13.210000,13.460473,12.959527,13.335237,13.084763
2024-12-11,13.100000,2024-11-14,2024-09-30,-0.620000,-1.300000,-10.076923,-31.809341,16.926190,85.360238,63.356191,41.352143,19.348096,-2.655952,,,,,,,,,,13.202500,13.371667,14.250000,16.387500,13.202500,13.456883,12.948117,13.329691,13.075309
2024-12-12,12.950000,2024-11-14,2024-09-30,-0.620000,-1.300000,-9.961538,-31.406722,16.865860,84.679975,62.754357,40.828738,18.903120,-3.022499,,,,,,,,,,13.200000,13.375000,14.217083,16.351250,13.200000,13.463579,12.936421,13.331789,13.068211
2024-12-13,12.900000,2024-11-14,2024-09-30,-0.620000,-1.300000,-9.923077,-31.005219,16.798334,83.982453,62.144618,40.306784,18.468950,-3.368884,,,,,,,,,,13.190000,13.371667,14.184167,16.315208,13.190000,13.483078,12.896922,13.336539,13.043461
2024-12-16,12.800000,2024-11-14,2024-09-30,-0.620000,-1.300000,-9.846154,-30.598764,16.714399,83.235832,61.507113,39.778393,18.049674,-3.679045,,,,,,,,,,13.165000,13.353333,14.149167,16.279167,13.165000,13.500763,12.829237,13.332882,12.997118
2024-12-17,12.650000,2024-11-14,2024-09-30,-0.620000,-1.300000,-9.730769,-30.188475,16.616223,82.447198,60.846107,39.245017,17.643927,-3.957164,,,,,,,,,,13.130000,13.332500,14.112083,16.241667,13.130000,13.525235,12.734765,13.327617,12.932383
2024-12-18,11.550000,2024-11-14,2024-09-30,-0.620000,-1.300000,-8.884615,-29.778318,16.528607,81.686191,60.199002,38.711813,17.224624,-4.262566,,,,,,,,,,13.045000,13.291667,14.067917,16.197708,13.045000,13.850181,12.239819,13.447590,12.642410
2024-12-19,11.350000,2024-11-14,2024-09-30,-0.620000,-1.300000,-8.730769,-29.365442,16.429278,80.891198,59.533136,38.175074,16.817013,-4.541049,,,,,,,,,,12.950000,13.258333,14.021667,16.152917,12.950000,14.048324,11.851676,13.499162,12.400838
2024-12-20,11.100000,2024-11-14,2024-09-30,-0.620000,-1.300000,-8.538462,-28.949527,16.318215,80.061745,58.848065,37.634385,16.420705,-4.792975,,,,,,,,,,12.837500,13.215000,13.972917,16.107500,12.837500,14.193917,11.481083,13.515709,12.159291
2024-12-23,10.700000,2024-11-14,2024-09-30,-0.620000,-1.300000,-8.230769,-28.536795,16.209416,79.242315,58.170074,37.097833,16.025592,-5.046649,,,,,,,,,,12.702500,13.167500,13.922500,16.061667,12.702500,14.332958,11.072042,13.517729,11.887271
2024-12-24,10.850000,2024-11-14,2024-09-30,-0.620000,-1.300000,-8.346154,-28.126461,16.090674,78.400151,57.482275,36.564399,15.646523,-5.271353,,,,,,,,,,12.577500,13.120833,13.873750,16.015625,12.577500,14.373834,10.781166,13.475667,11.679333
2024-12-25,10.800000,2024-11-14,2024-09-30,-0.620000,-1.300000,-8.307692,-27.718680,15.966197,77.546397,56.790341,36.034284,15.278228,-5.477829,,,,,,,,,,12.452500,13.072500,13.825417,15.970208,12.452500,14.380268,10.524732,13.416384,11.488616
2024-12-26,11.050000,2024-11-14,2024-09-30,-0.620000,-1.300000,-8.500000,-27.318249,15.839051,76.695255,56.104490,35.513724,14.922958,-5.667808,,,,,,,,,,12.345000,13.026667,13.780833,15.925417,12.345000,14.336006,10.353994,13.340503,11.349497
2024-12-27,11.000000,2024-11-14,2024-09-30,-0.620000,-1.300000,-8.461538,-26.913187,15.692681,75.788114,55.387629,34.987143,14.586658,-5.813828,,,,,,,,,,12.230000,12.976667,13.734583,15.880625,12.230000,14.254170,10.205830,13.242085,11.217915
2024-12-30,10.900000,2024-11-14,2024-09-30,-0.620000,-1.300000,-8.384615,-26.508921,15.537881,74.860087,54.660842,34.461597,14.262352,-5.936893,,,,,,,,,,12.112500,12.927500,13.687917,15.835625,12.112500,14.160060,10.064940,13.136280,11.088720
2024-12-31,10.850000,2024-11-14,2024-09-30,-0.620000,-1.300000,-8.346154,-26.102898,15.368266,73.891260,53.912513,33.933767,13.955021,-6.023726,,,,,,,,,,11.995000,12.878333,13.640417,15.792500,11.995000,14.049494,9.940506,13.022247,10.967753
2025-01-02,10.800000,2024-11-14,2024-09-30,-0.620000,-1.300000,-8.307692,-25.702301,15.198021,72.927845,53.170418,33.412991,13.655564,-6.101863,,,,,,,,,,11.877500,12.827500,13.594167,15.749375,11.877500,13.922642,9.832358,12.900071,10.854929
2025-01-03,10.700000,2024-11-14,2024-09-30,-0.620000,-1.300000,-8.230769,-25.306810,15.027662,71.970774,52.434814,32.898853,13.362893,-6.173068,,,,,,,,,,11.757500,12.772500,13.548750,15.705833,11.757500,13.782157,9.732843,12.769829,10.745171
2025-01-06,10.800000,2024-11-14,2024-09-30,-0.620000,-1.300000,-8.307692,-24.910524,14.840991,70.970256,51.676969,32.383681,13.090393,-6.202895,,,,,,,,,,11.642500,12.720833,13.503750,15.662708,11.642500,13.606458,9.678542,12.624479,10.660521
2025-01-07,10.750000,2024-11-14,2024-09-30,-0.620000,-1.300000,-8.269231,-24.508170,14.628936,69.895853,50.878237,31.860620,12.843004,-6.174613,,,,,,,,,,11.530000,12.675000,13.456667,15.620000,11.530000,13.423034,9.636966,12.476517,10.583483
2025-01-08,10.450000,2024-11-14,2024-09-30,-0.620000,-1.300000,-8.038462,-24.101019,14.398015,68.766163,50.048744,31.331324,12.613905,-6.103514,,,,,,,,,,11.402500,12.630000,13.406250,15.577708,11.402500,13.220676,9.584324,12.311588,10.493412
2025-01-09,10.200000,2024-11-14,2024-09-30,-0.620000,-1.300000,-7.846154,-23.700886,14.173380,67.661941,49.236546,30.811152,12.385758,-6.039637,,,,,,,,,,11.257500,12.580000,13.356250,15.536667,11.257500,12.964845,9.550155,12.111172,10.403828
2025-01-10,10.100000,2024-11-14,2024-09-30,-0.620000,-1.300000,-7.769231,-23.301549,13.937640,66.529879,48.410947,30.292014,12.173082,-5.945851,,,,,,,,,,11.115000,12.530000,13.305833,15.495417,11.115000,12.698833,9.531167,11.906916,10.323084
2025-01-13,10.100000,2024-11-14,2024-09-30,-0.620000,-1.300000,-7.769231,-22.902212,13.686099,65.356734,47.564805,29.772876,11.980947,-5.810981,,,,,,,,,,10.975000,12.476667,13.255417,15.454583,10.975000,12.379317,9.570683,11.677158,10.272842
2025-01-14,10.300000,2024-11-14,2024-09-30,-0.620000,-1.300000,-7.923077,-22.507031,13.423583,64.160458,46.709799,29.259140,11.808482,-5.642177,,,,,,,,,,10.850000,12.426667,13.207500,15.414167,10.850000,11.990637,9.709363,11.420318,10.279682
2025-01-15,10.250000,2024-11-14,2024-09-30,-0.620000,-1.300000,-7.884615,-22.115840,13.155103,62.953860,45.852226,28.750592,11.648958,-5.452676,,,,,,,,,,10.730000,12.377500,13.160417,15.376250,10.730000,11.526307,9.933693,11.128154,10.331846
2025-01-16,10.350000,2024-11-14,2024-09-30,-0.620000,-1.300000,-7.961538,-21.725289,12.868349,61.700583,44.971730,28.242876,11.514023,-5.214831,,,,,,,,,,10.670000,12.330833,13.114167,15.338125,10.670000,11.382593,9.957407,11.026297,10.313703
2025-01-17,10.350000,2024-11-14,2024-09-30,-0.620000,-1.300000,-7.961538,-21.347670,12.596727,60.503460,44.127715,27.751971,11.376226,-4.999518,,,,,,,,,,10.620000,12.282500,13.071667,15.299375,10.620000,11.269210,9.970790,10.944605,10.295395
2025-01-20,10.400000,2024-11-14,2024-09-30,-0.620000,-1.300000,-8.000000,-20.978992,12.329528,59.329461,43.301075,27.272689,11.244303,-4.784082,,,,,,,,,,10.585000,12.234167,13.032083,15.260625,10.585000,11.199817,9.970183,10.892409,10.277591
2025-01-21,10.350000,2024-11-14,2024-09-30,-0.620000,-1.300000,-7.961538,-20.612867,12.052938,58.134367,42.465547,26.796727,11.127907,-4.540913,,,,,,,,,,10.567500,12.185833,12.992917,15.222292,10.567500,11.188429,9.946571,10.877964,10.257036
2025-01-22,10.350000,2024-11-14,2024-09-30,-0.620000,-1.300000,-7.961538,-20.236684,11.730504,56.807000,41.557345,26.307689,11.058034,-4.191621,,,,,,,,,,10.542500,12.138333,12.950833,15.183958,10.542500,11.155753,9.929247,10.849126,10.235874
2025-02-03,10.200000,2024-11-14,2024-09-30,-0.620000,-1.300000,-7.846154,-19.856666,11.378938,55.398906,40.606286,25.813666,11.021047,-3.771573,,,,,,,,,,10.512500,12.088333,12.906667,15.144375,10.512500,11.131391,9.893609,10.821946,10.203054
2025-02-04,10.200000,2024-11-14,2024-09-30,-0.620000,-1.300000,-7.846154,-19.482396,11.020627,53.980745,39.653930,25.327115,11.000299,-3.326516,,,,,,,,,,10.470000,12.038333,12.864167,15.104375,10.470000,11.048928,9.891072,10.759464,10.180536
2025-02-05,10.300000,2024-11-14,2024-09-30,-0.620000,-1.300000,-7.923077,-19.110203,10.640885,52.509566,38.676415,24.843264,11.010113,-2.823038,,,,,,,,,,10.435000,11.990000,12.822917,15.064375,10.435000,10.961258,9.908742,10.698129,10.171871
2025-02-06,10.650000,2024-11-14,2024-09-30,-0.620000,-1.300000,-8.192308,-18.771863,10.330087,51.261649,37.832536,24.403422,10.974309,-2.454805,,,,,,,,,,10.422500,11.945833,12.793750,15.025208,10.422500,10.912908,9.932092,10.667704,10.177296
2025-02-07,10.550000,2024-11-14,2024-09-30,-0.620000,-1.300000,-8.115385,-18.422825,9.967307,49.864671,36.907172,23.949672,10.992173,-1.965327,,,,,,,,,,10.407500,11.900000,12.760833,14.987292,10.407500,10.859717,9.955283,10.633608,10.181392
2025-02-10,10.550000,2024-11-14,2024-09-30,-0.620000,-1.300000,-8.115385,-18.070913,9.568280,48.369715,35.930951,23.492186,11.053422,-1.385342,,,,,,,,,,10.395000,11.851667,12.727083,14.949375,10.395000,10.814147,9.975853,10.604574,10.185426
2025-02-11,10.600000,2024-11-14,2024-09-30,-0.620000,-1.300000,-8.153846,-17.719321,9.137877,46.793598,34.914358,23.035118,11.155877,-0.723363,,,,,,,,,,10.390000,11.801667,12.693750,14.912083,10.390000,10.796008,9.983992,10.593004,10.186996
2025-02-12,10.650000,2024-11-14,2024-09-30,-0.620000,-1.300000,-8.192308,-17.369487,8.676962,45.140433,33.860383,22.580333,11.300283,0.020233,,,,,,,,,,10.382500,11.755833,12.661250,14.875000,10.382500,10.761244,10.003756,10.571872,10.193128
2025-02-13,10.650000,2024-11-14,2024-09-30,-0.620000,-1.300000,-8.192308,-17.023963,8.192535,43.431744,32.781448,22.131152,11.480856,0.830560,,,,,,,,,,10.377500,11.710833,12.630000,14.838125,10.377500,10.738019,10.016981,10.557759,10.197241
2025-02-14,10.750000,2024-11-14,2024-09-30,-0.620000,-1.300000,-8.269231,-16.683391,7.679733,41.655714,31.672061,21.688408,11.704754,1.721101,,,,,,,,,,10.392500,11.668333,12.600833,14.801667,10.392500,10.788898,9.996102,10.590699,10.194301
2025-02-17,11.800000,2024-11-14,2024-09-30,-0.620000,-1.300000,-9.076923,-16.548466,7.669868,41.454664,31.483835,21.513006,11.542177,1.571348,,,,,,,,,,10.472500,11.644167,12.581250,14.767917,10.472500,11.206971,9.738029,10.839735,10.105265
2025-02-18,12.950000,2024-11-14,2024-09-30,-0.620000,-1.300000,-9.961538,-16.422402,7.652612,41.245913,31.297518,21.349122,11.400726,1.452331,,,,,,,,,,10.615000,11.643333,12.572083,14.738750,10.615000,11.925323,9.304677,11.270162,9.959838
2025-02-19,13.650000,2024-11-14,2024-09-30,-0.620000,-1.300000,-10.500000,-16.300824,7.629619,41.028082,31.109577,21.191071,11.272566,1.354061,,,,,,,,,,10.792500,11.652500,12.568750,14.712708,10.792500,12.654665,8.930335,11.723582,9.861418
2025-02-20,13.350000,2024-11-14,2024-09-30,-0.620000,-1.300000,-10.269231,-16.179556,7.608672,40.815970,30.924696,21.033423,11.142149,1.250875,,,,,,,,,,10.945000,11.653333,12.564167,14.685417,10.945000,13.111953,8.778047,12.028476,9.861524
2025-02-21,14.650000,2024-11-14,2024-09-30,-0.620000,-1.300000,-11.269231,-16.065133,7.578095,40.587719,30.736196,20.884673,11.033150,1.181626,,,,,,,,,,11.165000,11.675000,12.569583,14.665000,11.165000,13.863167,8.466833,12.514084,9.815916
2025-02-24,15.900000,2024-11-14,2024-09-30,-0.620000,-1.300000,-12.230769,-15.959467,7.542035,40.356598,30.551952,20.747307,10.942661,1.138015,,,,,,,,,,11.442500,11.719167,12.585833,14.650625,11.442500,14.838980,8.046020,13.140740,9.744260
2025-02-25,15.950000,2024-11-14,2024-09-30,-0.620000,-1.300000,-12.269231,-15.856353,7.506822,40.130997,30.372128,20.613259,10.854390,1.095521,,,,,,,,,,11.722500,11.764167,12.603750,14.637917,11.722500,15.625330,7.819670,13.673915,9.771085
2025-02-26,15.950000,2024-11-14,2024-09-30,-0.620000,-1.300000,-12.269231,-15.745799,7.460622,39.867155,30.168347,20.469539,10.770730,1.071922,,,,,,,,,,12.000000,11.807500,12.617500,14.624583,12.000000,16.278096,7.721904,14.139048,9.860952
2025-02-27,14.900000,2024-11-14,2024-09-30,-0.620000,-1.300000,-11.461538,-15.632978,7.421767,39.619465,29.971169,20.322872,10.674576,1.026279,,,,,,,,,,12.227500,11.832500,12.625000,14.607292,12.227500,16.618576,7.836424,14.423038,10.031962
2025-03-03,15.100000,2024-11-14,2024-09-30,-0.620000,-1.300000,-11.615385,-15.522928,7.382179,39.373472,29.776639,20.179807,10.582974,0.986141,,,,,,,,,,12.465000,11.861667,12.635000,14.591042,12.465000,16.941500,7.988500,14.703250,10.226750
2025-03-04,15.350000,2024-11-14,2024-09-30,-0.620000,-1.300000,-11.807692,-15.414480,7.339900,39.122564,29.580694,20.038824,10.496955,0.955085,,,,,,,,,,12.722500,11.895833,12.647083,14.577708,12.722500,17.242686,8.202314,14.982593,10.462407
2025-03-05,15.100000,2024-11-14,2024-09-30,-0.620000,-1.300000,-11.615385,-15.305918,7.298484,38.873753,29.385723,19.897693,10.409664,0.921634,,,,,,,,,,12.967500,11.927500,12.657917,14.563125,12.967500,17.442962,8.492038,15.205231,10.729769
2025-03-06,14.850000,2024-11-14,2024-09-30,-0.620000,-1.300000,-11.423077,-15.195009,7.255032,38.616596,29.185054,19.753512,10.321970,0.890428,,,,,,,,,,13.195000,11.953333,12.666250,14.548125,13.195000,17.560764,8.829236,15.377882,11.012118
2025-03-07,14.400000,2024-11-14,2024-09-30,-0.620000,-1.300000,-11.076923,-15.083448,7.214114,38.365179,28.986830,19.608482,10.230134,0.851786,,,,,,,,,,13.382500,11.972500,12.672083,14.531875,13.382500,17.607896,9.157104,15.495198,11.269802
2025-03-10,14.400000,2024-11-14,2024-09-30,-0.620000,-1.300000,-11.076923,-14.972630,7.172201,38.112141,28.788281,19.464420,10.140559,0.816698,,,,,,,,,,13.575000,11.992500,12.678333,14.516250,13.575000,17.603255,9.546745,15.589128,11.560872
2025-03-11,13.850000,2024-11-14,2024-09-30,-0.620000,-1.300000,-10.653846,-14.861264,7.134225,37.868627,28.594135,19.319643,10.045151,0.770658,,,,,,,,,,13.740000,12.004167,12.681667,14.498542,13.740000,17.508512,9.971488,15.624256,11.855744
2025-03-12,13.450000,2024-11-14,2024-09-30,-0.620000,-1.300000,-10.346154,-14.751053,7.100612,37.637960,28.407165,19.176369,9.945573,0.714778,,,,,,,,,,13.882500,12.010000,12.683750,14.480833,13.882500,17.354990,10.410010,15.618745,12.146255
2025-03-13,13.400000,2024-11-14,2024-09-30,-0.620000,-1.300000,-10.307692,-14.641266,7.066247,37.405887,28.219767,19.033646,9.847525,0.661404,,,,,,,,,,14.020000,12.015000,12.685833,14.462500,14.020000,17.154931,10.885069,15.587465,12.452535
2025-03-14,13.600000,2024-11-14,2024-09-30,-0.620000,-1.300000,-10.461538,-14.537225,7.034778,37.188817,28.043605,18.898393,9.753181,0.607969,,,,,,,,,,14.167500,12.025000,12.692083,14.444792,14.167500,16.884556,11.450444,15.526028,12.808972
2025-03-17,13.450000,2024-11-14,2024-09-30,-0.620000,-1.300000,-10.346154,-14.438919,7.009984,36.996553,27.883574,18.770595,9.657617,0.544638,,,,,,,,,,14.302500,12.032500,12.700833,14.426875,14.302500,16.528536,12.076464,15.415518,13.189482
2025-03-18,13.400000,2024-11-14,2024-09-30,-0.620000,-1.300000,-10.307692,-14.332109,6.974078,36.764345,27.698043,18.631741,9.565439,0.499137,,,,,,,,,,14.382500,12.037500,12.704583,14.408958,14.382500,16.327067,12.437933,15.354784,13.410216
2025-03-19,14.700000,2024-11-14,2024-09-30,-0.620000,-1.300000,-11.307692,-14.236607,6.935953,36.541066,27.524328,18.507589,9.490851,0.474112,,,,,,,,,,14.470000,12.066667,12.720833,14.396042,14.470000,16.297106,12.642894,15.383553,13.556447
2025-03-20,16.150000,2024-11-14,2024-09-30,-0.620000,-1.300000,-12.423077,-14.145192,6.886373,36.293321,27.341035,18.388750,9.436465,0.484179,,,,,,,,,,14.595000,12.120833,12.746250,14.388958,14.595000,16.525067,12.664933,15.560033,13.629967
2025-03-21,15.600000,2024-11-14,2024-09-30,-0.620000,-1.300000,-12.000000,-14.038347,6.818465,35.977860,27.113856,18.249851,9.385847,0.521842,,,,,,,,,,14.707500,12.167500,12.760417,14.379167,14.707500,16.593815,12.821185,15.650657,13.764343
2025-03-24,15.350000,2024-11-14,2024-09-30,-0.620000,-1.300000,-11.807692,-13.929899,6.748653,35.655367,26.882118,18.108869,9.335620,0.562371,,,,,,,,,,14.742500,12.212500,12.772500,14.368125,14.742500,16.650178,12.834822,15.696339,13.788661
2025-03-25,15.100000,2024-11-14,2024-09-30,-0.620000,-1.300000,-11.615385,-13.818361,6.674353,35.317186,26.640528,17.963869,9.287211,0.610552,,,,,,,,,,14.702500,12.271667,12.781667,14.357500,14.702500,16.540255,12.864745,15.621377,13.783623
2025-03-26,15.000000,2024-11-14,2024-09-30,-0.620000,-1.300000,-11.538462,-13.715854,6.613336,35.025283,26.427947,17.830610,9.233273,0.635937,,,,,,,,,,14.655000,12.332500,12.795417,14.345417,14.655000,16.403955,12.906045,15.529477,13.780523
2025-03-27,14.800000,2024-11-14,2024-09-30,-0.620000,-1.300000,-11.384615,-13.606857,6.542100,34.698373,26.193644,17.688914,9.184184,0.679454,,,,,,,,,,14.597500,12.394167,12.804583,14.332500,14.597500,16.239538,12.955462,15.418519,13.776481
2025-03-28,14.550000,2024-11-14,2024-09-30,-0.620000,-1.300000,-11.192308,-13.498489,6.472548,34.376660,25.962348,17.548036,9.133724,0.719411,,,,,,,,,,14.580000,12.458333,12.812917,14.319792,14.580000,16.215913,12.944087,15.397956,13.762044
2025-03-31,14.000000,2025-03-31,2024-12-31,-0.420000,-1.370000,-10.218978,-13.380522,6.401259,35.870765,27.101040,18.331315,9.561590,0.791866,,,,,,,,,,14.525000,12.510833,12.815833,14.305000,14.525000,16.161267,12.888733,15.343133,13.706867
2025-04-01,14.600000,2025-03-31,2024-12-31,-0.420000,-1.370000,-10.656934,-13.265461,6.323982,35.501393,26.837537,18.173681,9.509826,0.845970,,,,,,,,,,14.487500,12.574167,12.823333,14.293333,14.487500,16.077891,12.897109,15.282695,13.692305
2025-04-02,14.500000,2025-03-31,2024-12-31,-0.420000,-1.370000,-10.583942,-13.148303,6.241119,35.113840,26.563508,18.013175,9.462843,0.912511,,,,,,,,,,14.457500,12.631667,12.829167,14.282708,14.457500,16.021663,12.893337,15.239581,13.675419
2025-04-07,13.050000,2025-03-31,2024-12-31,-0.420000,-1.370000,-9.525547,-13.019349,6.153432,34.696912,26.266710,17.836509,9.406307,0.976106,,,,,,,,,,14.367500,12.665833,12.821250,14.265417,14.367500,16.039963,12.695037,15.203731,13.531269
2025-04-08,11.750000,2025-03-31,2024-12-31,-0.420000,-1.370000,-8.576642,-12.884720,6.071199,34.287151,25.969609,17.652067,9.334525,1.016982,,,,,,,,,,14.235000,12.680000,12.803750,14.242083,14.235000,16.275923,12.194077,15.255462,13.214538
2025-04-09,10.600000,2025-03-31,2024-12-31,-0.420000,-1.370000,-7.737226,-12.743840,5.991686,33.876281,25.667671,17.459061,9.250451,1.041841,,,,,,,,,,14.045000,12.675833,12.777083,14.213958,14.045000,16.650642,11.439358,15.347821,12.742179
2025-04-10,11.650000,2025-03-31,2024-12-31,-0.420000,-1.370000,-8.503650,-12.608603,5.901290,33.443320,25.358553,17.273786,9.189019,1.104252,,,,,,,,,,13.935000,12.690000,12.758750,14.190625,13.935000,16.752446,11.117554,15.343723,12.526277
2025-04-11,11.350000,2025-03-31,2024-12-31,-0.420000,-1.370000,-8.284672,-12.469308,5.802798,32.982617,25.032785,17.082952,9.133120,1.183287,,,,,,,,,,13.830000,12.700833,12.736667,14.166250,13.830000,16.871191,10.788809,15.350595,12.309405
2025-04-14,11.150000,2025-03-31,2024-12-31,-0.420000,-1.370000,-8.138686,-12.330285,5.703370,32.519724,24.706108,16.892491,9.078874,1.265258,,,,,,,,,,13.717500,12.706667,12.713750,14.141458,13.717500,16.983799,10.451201,15.350650,12.084350
2025-04-15,11.800000,2025-03-31,2024-12-31,-0.420000,-1.370000,-8.613139,-12.201169,5.609120,32.084590,24.400095,16.715601,9.031107,1.346612,,,,,,,,,,13.627500,12.724167,12.699583,14.121875,13.627500,17.004742,10.250258,15.316121,11.938879
2025-04-16,11.400000,2025-03-31,2024-12-31,-0.420000,-1.370000,-8.321168,-12.074827,5.522972,31.675457,24.108985,16.542513,8.976041,1.409569,,,,,,,,,,13.525000,12.740000,12.685000,14.100625,13.525000,17.046289,10.003711,15.285644,11.764356
2025-04-17,11.200000,2025-03-31,2024-12-31,-0.420000,-1.370000,-8.175182,-11.946525,5.431733,31.249689,23.808214,16.366739,8.925265,1.483790,,,,,,,,,,13.415000,12.756667,12.668333,14.079375,13.415000,17.086956,9.743044,15.250978,11.579022
2025-04-18,11.350000,2025-03-31,2024-12-31,-0.420000,-1.370000,-8.284672,-11.820624,5.338486,30.821705,23.507980,16.194254,8.880529,1.566804,,,,,,,,,,13.247500,12.777500,12.653750,14.060417,13.247500,16.977813,9.517187,15.112657,11.382343
2025-04-21,10.950000,2025-03-31,2024-12-31,-0.420000,-1.370000,-7.992701,-11.689313,5.235389,30.359323,23.186841,16.014359,8.841876,1.669394,,,,,,,,,,12.987500,12.791667,12.634167,14.040833,12.987500,16.588651,9.386349,14.788076,11.186924
2025-04-22,10.850000,2025-03-31,2024-12-31,-0.420000,-1.370000,-7.919708,-11.557394,5.127261,29.882324,22.857976,15.833629,8.809282,1.784935,,,,,,,,,,12.750000,12.800833,12.613750,14.020833,12.750000,16.250827,9.249173,14.500413,10.999587
2025-04-23,11.250000,2025-03-31,2024-12-31,-0.420000,-1.370000,-8.211679,-11.429396,5.015320,29.400248,22.529260,15.658272,8.787284,1.916297,,,,,,,,,,12.545000,12.817500,12.597500,14.001458,12.545000,15.881071,9.208929,14.213035,10.876965
2025-04-24,11.200000,2025-03-31,2024-12-31,-0.420000,-1.370000,-8.175182,-11.301838,4.899517,28.908195,22.195856,15.483518,8.771179,2.058841,,,,,,,,,,12.350000,12.831667,12.581250,13.975417,12.350000,15.508447,9.191553,13.929224,10.770776
2025-04-25,11.250000,2025-03-31,2024-12-31,-0.420000,-1.370000,-8.211679,-11.173096,4.773390,28.386230,21.846686,15.307141,8.767597,2.228052,,,,,,,,,,12.162500,12.846667,12.564583,13.948542,12.162500,15.095771,9.229229,13.629136,10.695864
2025-04-28,11.300000,2025-03-31,2024-12-31,-0.420000,-1.370000,-8.248175,-11.043914,4.638005,27.838294,21.484228,15.130162,8.776096,2.422030,,,,,,,,,,11.987500,12.861667,12.547917,13.921875,11.987500,14.664670,9.310330,13.326085,10.648915
2025-04-29,11.550000,2025-03-31,2024-12-31,-0.420000,-1.370000,-8.430657,-10.916997,4.496060,27.275489,21.115887,14.956286,8.796684,2.637082,,,,,,,,,,11.837500,12.881667,12.533750,13.897083,11.837500,14.231324,9.443676,13.034412,10.640588
2025-04-30,11.350000,2025-03-31,2024-12-31,-0.420000,-1.370000,-8.284672,-10.789607,4.348649,26.697060,20.739411,14.781762,8.824113,2.866464,,,,,,,,,,11.705000,12.898333,12.518333,13.872083,11.705000,13.878016,9.531984,12.791508,10.618492
2025-05-02,11.850000,2025-03-31,2024-12-31,-0.420000,-1.370000,-8.649635,-10.665259,4.190553,26.093521,20.352463,14.611405,8.870346,3.129288,,,,,,,,,,11.567500,12.925833,12.507083,13.849167,11.567500,13.265262,9.869738,12.416381,10.718619
2025-05-05,11.300000,2025-03-31,2024-12-31,-0.420000,-1.370000,-8.248175,-10.537565,4.024133,25.462590,19.949527,14.436464,8.923401,3.410339,,,,,,,,,,11.407500,12.944167,12.491250,13.823542,11.407500,12.397064,10.417936,11.902282,10.912718
2025-05-06,11.600000,2025-03-31,2024-12-31,-0.420000,-1.370000,-8.467153,-10.411696,3.845272,24.800070,19.532047,14.264024,8.996001,3.727978,,,,,,,,,,11.335000,12.965833,12.477917,13.800208,11.335000,11.965038,10.704962,11.650019,11.019981
2025-05-07,11.900000,2025-03-31,2024-12-31,-0.420000,-1.370000,-8.686131,-10.286164,3.646945,24.084673,19.088359,14.092045,9.095730,4.099416,,,,,,,,,,11.342500,12.986667,12.466250,13.778125,11.342500,11.996456,10.688544,11.669478,11.015522
2025-05-08,12.300000,2025-03-31,2024-12-31,-0.420000,-1.370000,-8.978102,-10.163065,3.431615,23.326025,18.624712,13.923399,9.222086,4.520773,,,,,,,,,,11.427500,13.015833,12.457917,13.757708,11.427500,12.116110,10.738890,11.771805,11.083195
2025-05-09,11.850000,2025-03-31,2024-12-31,-0.420000,-1.370000,-8.649635,-10.034996,3.188357,22.484044,18.115994,13.747945,9.379895,5.011846,,,,,,,,,,11.437500,13.037500,12.444583,13.735000,11.437500,12.145258,10.729742,11.791379,11.083621
2025-05-12,12.000000,2025-03-31,2024-12-31,-0.420000,-1.370000,-8.759124,-9.905608,2.907893,21.538309,17.554496,13.570683,9.586870,5.603057,,,,,,,,,,11.470000,13.060833,12.431250,13.713333,11.470000,12.219315,10.720685,11.844658,11.095342
2025-05-13,11.950000,2025-03-31,2024-12-31,-0.420000,-1.370000,-8.722628,-9.778892,2.607478,20.541572,16.969327,13.397082,9.824837,6.252592,,,,,,,,,,11.510000,13.082500,12.419167,13.691667,11.510000,12.272682,10.747318,11.891341,11.128659
2025-05-14,12.250000,2025-03-31,2024-12-31,-0.420000,-1.370000,-8.941606,-9.654744,2.264507,19.431749,16.329374,13.227000,10.124625,7.022251,,,,,,,,,,11.532500,13.109167,12.410000,13.671250,11.532500,12.355380,10.709620,11.943940,11.121060
2025-05-15,12.250000,2025-05-15,2025-03-31,-0.340000,-1.710000,-7.163743,-9.516526,1.868508,22.663556,19.468407,16.273259,13.078110,9.882962,,,,,,,,,,11.575000,13.134167,12.401250,13.651875,11.575000,12.454892,10.695108,12.014946,11.135054
2025-05-16,12.000000,2025-05-15,2025-03-31,-0.340000,-1.710000,-7.017544,-9.377833,1.357661,20.679293,18.357693,16.036094,13.714494,11.392894,,,,,,,,,,11.615000,13.137500,12.390833,13.632292,11.615000,12.495849,10.734151,12.055424,11.174576
2025-05-19,11.950000,2025-05-15,2025-03-31,-0.340000,-1.710000,-6.988304,-9.352735,1.373804,20.691585,18.342381,15.993177,13.643973,11.294769,,,,,,,,,,11.645000,13.120833,12.382083,13.613750,11.645000,12.528712,10.761288,12.086856,11.203144
2025-05-20,11.700000,2025-05-15,2025-03-31,-0.340000,-1.710000,-6.842105,-9.325778,1.391102,20.704650,18.325865,15.947081,13.568296,11.189512,,,,,,,,,,11.682500,13.088333,12.370417,13.593750,11.682500,12.503459,10.861541,12.092980,11.272020
2025-05-21,11.800000,2025-05-15,2025-03-31,-0.340000,-1.710000,-6.900585,-9.298027,1.406034,20.708261,18.303943,15.899626,13.495308,11.090990,,,,,,,,,,11.730000,13.062500,12.357917,13.572500,11.730000,12.452131,11.007869,12.091066,11.368934
2025-05-22,11.750000,2025-05-15,2025-03-31,-0.340000,-1.710000,-6.871345,-9.269711,1.420451,20.709149,18.280177,15.851206,13.422234,10.993263,,,,,,,,,,11.755000,13.014167,12.344583,13.551458,11.755000,12.440872,11.069128,12.097936,11.412064
2025-05-23,11.600000,2025-05-15,2025-03-31,-0.340000,-1.710000,-6.783626,-9.241305,1.435846,20.713225,18.257928,15.802632,13.347336,10.892040,,,,,,,,,,11.775000,12.942500,12.330833,13.529792,11.775000,12.414490,11.135510,12.094745,11.455255
2025-05-26,12.100000,2025-05-15,2025-03-31,-0.340000,-1.710000,-7.076023,-9.215336,1.446641,20.705739,18.231982,15.758225,13.284468,10.810711,,,,,,,,,,11.817500,12.878333,12.321250,13.510208,11.817500,12.422109,11.212891,12.119805,11.515195
2025-05-27,11.650000,2025-05-15,2025-03-31,-0.340000,-1.710000,-6.812865,-9.186533,1.459830,20.701592,18.205282,15.708972,13.212662,10.716352,,,,,,,,,,11.835000,12.806667,12.307083,13.487917,11.835000,12.395169,11.274831,12.115085,11.554915
2025-05-28,11.350000,2025-05-15,2025-03-31,-0.340000,-1.710000,-6.637427,-9.155948,1.474518,20.699521,18.178096,15.656671,13.135245,10.613820,,,,,,,,,,11.825000,12.747500,12.290000,13.463750,11.825000,12.413039,11.236961,12.119019,11.530981
2025-05-29,11.350000,2025-05-15,2025-03-31,-0.340000,-1.710000,-6.637427,-9.125683,1.488679,20.696201,18.150559,15.604917,13.059276,10.513634,,,,,,,,,,11.825000,12.685000,12.273333,13.439583,11.825000,12.413039,11.236961,12.119019,11.530981
2025-06-02,11.000000,2025-05-15,2025-03-31,-0.340000,-1.710000,-6.432749,-9.094032,1.505269,20.698815,18.124805,15.550796,12.976786,10.402777,,,,,,,,,,11.782500,12.612500,12.254167,13.413958,11.782500,12.476288,11.088712,12.129394,11.435606
2025-06-03,11.000000,2025-05-15,2025-03-31,-0.340000,-1.710000,-6.432749,-9.063023,1.521493,20.701277,18.099523,15.497770,12.896016,10.294263,,,,,,,,,,11.767500,12.544167,12.235833,13.388542,11.767500,12.516025,11.018975,12.141762,11.393238
2025-06-04,11.000000,2025-05-15,2025-03-31,-0.340000,-1.710000,-6.432749,-9.031373,1.536428,20.698231,18.070939,15.443648,12.816357,10.189066,,,,,,,,,,11.737500,12.480000,12.216667,13.363750,11.737500,12.558844,10.916156,12.148172,11.326828
2025-06-05,11.000000,2025-05-15,2025-03-31,-0.340000,-1.710000,-6.432749,-9.000044,1.550819,20.693877,18.041976,15.390074,12.738173,10.086272,,,,,,,,,,11.692500,12.423333,12.197917,13.339167,11.692500,12.572856,10.812144,12.132678,11.252322
2025-06-06,10.950000,2025-05-15,2025-03-31,-0.340000,-1.710000,-6.403509,-8.968791,1.565096,20.689259,18.012946,15.336632,12.660319,9.984005,,,,,,,,,,11.625000,12.365833,12.179167,13.315208,11.625000,12.516185,10.733815,12.070592,11.179408
2025-06-09,10.900000,2025-05-15,2025-03-31,-0.340000,-1.710000,-6.374269,-8.937615,1.579261,20.684393,17.983857,15.283321,12.582786,9.882250,,,,,,,,,,11.577500,12.316667,12.160417,13.289375,11.577500,12.518091,10.636909,12.047795,11.107205
2025-06-10,11.050000,2025-05-15,2025-03-31,-0.340000,-1.710000,-6.461988,-8.907490,1.591774,20.675674,17.953741,15.231808,12.509876,9.787943,,,,,,,,,,11.530000,12.276667,12.143333,13.265208,11.530000,12.476684,10.583316,12.003342,11.056658
2025-06-11,11.100000,2025-05-15,2025-03-31,-0.340000,-1.710000,-6.491228,-8.877609,1.603250,20.663829,17.922271,15.180712,12.439154,9.697596,,,,,,,,,,11.487500,12.238333,12.126667,13.240208,11.487500,12.431107,10.543893,11.959304,11.015696
2025-06-12,11.000000,2025-05-15,2025-03-31,-0.340000,-1.710000,-6.432749,-8.847882,1.615291,20.654174,17.892026,15.129879,12.367732,9.605584,,,,,,,,,,11.425000,12.195000,12.110000,13.213958,11.425000,12.320309,10.529691,11.872655,10.977345
2025-06-13,10.800000,2025-05-15,2025-03-31,-0.340000,-1.710000,-6.315789,-8.817181,1.628170,20.645720,17.861550,15.077379,12.293208,9.509037,,,,,,,,,,11.352500,12.150833,12.091667,13.187500,11.352500,12.200082,10.504918,11.776291,10.928709
2025-06-16,10.700000,2025-05-15,2025-03-31,-0.340000,-1.710000,-6.257310,-8.785351,1.640624,20.633883,17.828416,15.022949,12.217482,9.412015,,,,,,,,,,11.287500,12.105833,12.071667,13.160833,11.287500,12.125339,10.449661,11.706419,10.868581
2025-06-17,10.750000,2025-05-15,2025-03-31,-0.340000,-1.710000,-6.286550,-8.754726,1.652739,20.622949,17.796765,14.970581,12.144397,9.318213,,,,,,,,,,11.227500,12.040000,12.053333,13.135208,11.227500,12.036967,10.418033,11.632234,10.822766
2025-06-18,10.800000,2025-05-15,2025-03-31,-0.340000,-1.710000,-6.315789,-8.724665,1.664077,20.610319,17.764748,14.919177,12.073606,9.228035,,,,,,,,,,11.182500,11.950833,12.035833,13.110000,11.182500,11.981364,10.383636,11.581932,10.783068
2025-06-19,10.800000,2025-05-15,2025-03-31,-0.340000,-1.710000,-6.315789,-8.695245,1.675253,20.598233,17.733551,14.868869,12.004187,9.139506,,,,,,,,,,11.132500,11.870833,12.019167,13.084167,11.132500,11.892884,10.372116,11.512692,10.752308
2025-06-20,10.350000,2025-05-15,2025-03-31,-0.340000,-1.710000,-6.052632,-8.664594,1.689733,20.595342,17.705899,14.816456,11.927013,9.037570,,,,,,,,,,11.062500,11.787500,12.000000,13.056042,11.062500,11.841078,10.283922,11.451789,10.673211
2025-06-23,10.300000,2025-05-15,2025-03-31,-0.340000,-1.710000,-6.023392,-8.640751,1.706704,20.612611,17.694147,14.775683,11.857220,8.938756,,,,,,,,,,10.997500,11.707500,11.989583,13.028750,10.997500,11.803709,10.191291,11.400605,10.594395
2025-06-24,10.250000,2025-05-15,2025-03-31,-0.340000,-1.710000,-5.994152,-8.617945,1.723690,20.631706,17.684196,14.736687,11.789177,8.841667,,,,,,,,,,10.905000,11.628333,11.980417,13.001042,10.905000,11.594699,10.215301,11.249849,10.560151
2025-06-25,10.500000,2025-05-15,2025-03-31,-0.340000,-1.710000,-6.140351,-8.597961,1.738458,20.648038,17.675276,14.702514,11.729751,8.756989,,,,,,,,,,10.847500,11.556667,11.975417,12.974167,10.847500,11.463493,10.231507,11.155496,10.539504
2025-06-26,10.400000,2025-05-15,2025-03-31,-0.340000,-1.710000,-6.081871,-8.580054,1.753276,20.668096,17.669994,14.671892,11.673789,8.675687,,,,,,,,,,10.800000,11.487500,11.972917,12.947708,10.800000,11.399122,10.200878,11.099561,10.500439
2025-06-27,10.450000,2025-05-15,2025-03-31,-0.340000,-1.710000,-6.111111,-8.561428,1.767595,20.685217,17.662630,14.640042,11.617455,8.594867,,,,,,,,,,10.755000,11.428333,11.969583,12.921667,10.755000,11.314041,10.195959,11.034520,10.475480
2025-06-30,10.100000,2025-05-15,2025-03-31,-0.340000,-1.710000,-5.906433,-8.541418,1.784007,20.707130,17.656477,14.605824,11.555172,8.504519,,,,,,,,,,10.710000,11.353333,11.963750,12.894583,10.710000,11.327806,10.092194,11.018903,10.401097
2025-07-01,10.250000,2025-05-15,2025-03-31,-0.340000,-1.710000,-5.994152,-8.520536,1.799098,20.723032,17.646574,14.570116,11.493658,8.417200,,,,,,,,,,10.672500,11.282500,11.957083,12.868958,10.672500,11.307012,10.037988,10.989756,10.355244
2025-07-02,10.350000,2025-05-15,2025-03-31,-0.340000,-1.710000,-6.052632,-8.500461,1.813146,20.736750,17.636269,14.535789,11.435309,8.334829,,,,,,,,,,10.640000,11.237500,11.951667,12.843125,10.640000,11.270455,10.009545,10.955228,10.324772
2025-07-03,11.050000,2025-05-15,2025-03-31,-0.340000,-1.710000,-6.461988,-8.484440,1.822648,20.741849,17.625120,14.508392,11.391663,8.274934,,,,,,,,,,10.642500,11.225833,11.952917,12.820417,10.642500,11.279330,10.005670,10.960915,10.324085
2025-07-04,10.900000,2025-05-15,2025-03-31,-0.340000,-1.710000,-6.374269,-8.468007,1.832766,20.748354,17.614323,14.480292,11.346262,8.212231,,,,,,,,,,10.640000,11.230833,11.953333,12.796875,10.640000,11.272123,10.007877,10.956061,10.323939
2025-07-07,10.650000,2025-05-15,2025-03-31,-0.340000,-1.710000,-6.228070,-8.450677,1.844092,20.757453,17.604056,14.450658,11.297260,8.143862,,,,,,,,,,10.627500,11.214167,11.952083,12.773125,10.627500,11.247750,10.007250,10.937625,10.317375
2025-07-08,10.750000,2025-05-15,2025-03-31,-0.340000,-1.710000,-6.286550,-8.434475,1.854552,20.765519,17.594236,14.422953,11.251669,8.080386,,,,,,,,,,10.612500,11.204167,11.952500,12.750625,10.612500,11.203552,10.021448,10.908026,10.316974
2025-07-09,10.250000,2025-05-15,2025-03-31,-0.340000,-1.710000,-5.994152,-8.415196,1.867859,20.778061,17.584023,14.389985,11.195947,8.001908,,,,,,,,,,10.570000,11.189167,11.947917,12.725833,10.570000,11.135127,10.004873,10.852563,10.287437
2025-07-10,9.970000,2025-05-15,2025-03-31,-0.340000,-1.710000,-5.830409,-8.394872,1.882669,20.793961,17.574596,14.355231,11.135867,7.916502,,,,,,,,,,10.518500,11.158667,11.941417,12.699042,10.518500,11.105922,9.931078,10.812211,10.224789
2025-07-11,10.100000,2025-05-15,2025-03-31,-0.340000,-1.710000,-5.906433,-8.377105,1.896073,20.809421,17.567136,14.324850,11.082564,7.840279,,,,,,,,,,10.483500,11.137000,11.938500,12.672375,10.483500,11.083580,9.883420,10.783540,10.183460
2025-07-14,10.000000,2025-05-15,2025-03-31,-0.340000,-1.710000,-5.847953,-8.360454,1.909502,20.826873,17.561625,14.296376,11.031127,7.765878,,,,,,,,,,10.448500,11.117000,11.936833,12.646542,10.448500,11.076421,9.820579,10.762461,10.134539
2025-07-15,10.100000,2025-05-15,2025-03-31,-0.340000,-1.710000,-5.906433,-8.344930,1.921881,20.842663,17.556247,14.269831,10.983415,7.696999,,,,,,,,,,10.416000,11.096167,11.936833,12.621333,10.416000,11.045499,9.786501,10.730750,10.101250
2025-07-16,10.100000,2025-05-15,2025-03-31,-0.340000,-1.710000,-5.906433,-8.329407,1.934054,20.857752,17.550519,14.243286,10.936053,7.628820,,,,,,,,,,10.381000,11.082000,11.936833,12.596125,10.381000,10.998325,9.763675,10.689663,10.072337
2025-07-17,10.100000,2025-05-15,2025-03-31,-0.340000,-1.710000,-5.906433,-8.312602,1.946337,20.871022,17.542785,14.214549,10.886312,7.558076,,,,,,,,,,10.346000,11.069500,11.935167,12.571333,10.346000,10.942319,9.749681,10.644159,10.047841
2025-07-18,10.100000,2025-05-15,2025-03-31,-0.340000,-1.710000,-5.906433,-8.296117,1.958333,20.883858,17.535109,14.186360,10.837611,7.488861,,,,,,,,,,10.333500,11.050333,11.933917,12.547167,10.333500,10.939862,9.727138,10.636681,10.030319
2025-07-21,10.150000,2025-05-15,2025-03-31,-0.340000,-1.710000,-5.935673,-8.279235,1.969939,20.894683,17.526087,14.157491,10.788895,7.420299,,,,,,,,,,10.326000,11.032833,11.932250,12.523208,10.326000,10.937793,9.714207,10.631896,10.020104
2025-07-22,10.050000,2025-05-15,2025-03-31,-0.340000,-1.710000,-5.877193,-8.261865,1.981917,20.905944,17.516867,14.127789,10.738712,7.349634,,,,,,,,,,10.316000,11.012833,11.929750,12.500708,10.316000,10.939451,9.692549,10.627725,10.004275
2025-07-23,10.200000,2025-05-15,2025-03-31,-0.340000,-1.710000,-5.964912,-8.244906,1.992853,20.914347,17.506568,14.098789,10.691010,7.283232,,,,,,,,,,10.301000,10.994500,11.928083,12.480083,10.301000,10.920232,9.681768,10.610616,9.991384
2025-07-24,10.200000,2025-05-15,2025-03-31,-0.340000,-1.710000,-5.964912,-8.228267,2.003545,20.922462,17.496400,14.070337,10.644275,7.218213,,,,,,,,,,10.291000,10.972000,11.926833,12.459875,10.291000,10.909960,9.672040,10.600480,9.981520
2025-07-25,10.250000,2025-05-15,2025-03-31,-0.340000,-1.710000,-5.994152,-8.211873,2.013770,20.929394,17.485848,14.042302,10.598756,7.155210,,,,,,,,,,10.281000,10.953667,11.926000,12.438417,10.281000,10.895591,9.666409,10.588296,9.973704
2025-07-28,10.200000,2025-05-15,2025-03-31,-0.340000,-1.710000,-5.964912,-8.196195,2.023938,20.937361,17.476428,14.015494,10.554561,7.093628,,,,,,,,,,10.286000,10.926167,11.926000,12.416333,10.286000,10.896001,9.675999,10.591000,9.981000
2025-07-29,10.250000,2025-05-15,2025-03-31,-0.340000,-1.710000,-5.994152,-8.180762,2.033667,20.944244,17.466674,13.989103,10.511533,7.033962,,,,,,,,,,10.286000,10.908667,11.926417,12.395292,10.286000,10.896001,9.675999,10.591000,9.981000
2025-07-30,10.100000,2025-05-15,2025-03-31,-0.340000,-1.710000,-5.906433,-8.163957,2.044120,20.951256,17.455811,13.960366,10.464921,6.969477,,,,,,,,,,10.273500,10.883667,11.924750,12.373833,10.273500,10.888207,9.658793,10.580853,9.966147
2025-07-31,10.100000,2025-05-15,2025-03-31,-0.340000,-1.710000,-5.906433,-8.144908,2.054478,20.954107,17.440950,13.927792,10.414635,6.901478,,,,,,,,,,10.226000,10.853667,11.920167,12.356958,10.226000,10.723759,9.728241,10.474880,9.977120
2025-08-01,10.050000,2025-05-15,2025-03-31,-0.340000,-1.710000,-5.877193,-8.126256,2.064882,20.957793,17.426846,13.895898,10.364951,6.834003,,,,,,,,,,10.183500,10.816167,11.916000,12.338417,10.183500,10.572143,9.794857,10.377821,9.989179
2025-08-04,10.050000,2025-05-15,2025-03-31,-0.340000,-1.710000,-5.877193,-8.107605,2.075064,20.960723,17.412364,13.864004,10.315644,6.767285,,,,,,,,,,10.153500,10.786167,11.911833,12.319458,10.153500,10.477831,9.829169,10.315665,9.991335
2025-08-05,10.050000,2025-05-15,2025-03-31,-0.340000,-1.710000,-5.877193,-8.088633,2.085021,20.962335,17.396948,13.831562,10.266175,6.700788,,,,,,,,,,10.118500,10.753667,11.907250,12.300500,10.118500,10.283969,9.953031,10.201235,10.035765
2025-08-06,10.200000,2025-05-15,2025-03-31,-0.340000,-1.710000,-5.964912,-8.070071,2.093986,20.961254,17.380537,13.799821,10.219105,6.638389,,,,,,,,,,10.116000,10.724500,11.903500,12.282375,10.116000,10.274466,9.957534,10.195233,10.036767
2025-08-07,10.100000,2025-05-15,2025-03-31,-0.340000,-1.710000,-5.906433,-8.051022,2.103242,20.960334,17.363791,13.767247,10.170704,6.574161,,,,,,,,,,10.122500,10.688667,11.898917,12.264458,10.122500,10.265678,9.979322,10.194089,10.050911
2025-08-08,10.000000,2025-05-15,2025-03-31,-0.340000,-1.710000,-5.847953,-8.030845,2.112723,20.958258,17.345501,13.732744,10.119987,6.507230,,,,,,,,,,10.117500,10.651167,11.892667,12.246750,10.117500,10.270625,9.964375,10.194063,10.040937
2025-08-11,10.250000,2025-05-15,2025-03-31,-0.340000,-1.710000,-5.994152,-8.005155,2.118631,20.934533,17.311674,13.688815,10.065956,6.443097,,,,,,,,,,10.130000,10.622000,11.879750,12.230500,10.130000,10.283554,9.976446,10.206777,10.053223
2025-08-12,9.990000,2025-05-15,2025-03-31,-0.340000,-1.710000,-5.842105,-7.970826,2.120038,20.880644,17.255379,13.630113,10.004847,6.379581,,,,,,,,,,10.124500,10.589333,11.855083,12.213583,10.124500,10.289994,9.959006,10.207247,10.041753
2025-08-13,9.990000,2025-05-15,2025-03-31,-0.340000,-1.710000,-5.842105,-7.932010,2.115979,20.800388,17.182063,13.563738,9.945413,6.327088,,,,,,,,,,10.119000,10.560833,11.824583,12.196667,10.119000,10.294907,9.943093,10.206953,10.031047
2025-08-14,9.990000,2025-08-14,2025-06-30,-1.560000,-2.940000,-3.397959,-7.874750,2.144974,35.764209,29.457987,23.151765,16.845542,10.539320,,,,,,,,,,10.113500,10.530667,11.796583,12.180375,10.113500,10.298549,9.928451,10.206025,10.020975
2025-08-15,10.300000,2025-08-14,2025-06-30,-1.560000,-2.940000,-3.503401,-7.810035,2.158805,35.655274,29.308388,22.961502,16.614616,10.267730,,,,,,,,,,10.123500,10.506500,11.760333,12.164958,10.123500,10.326247,9.920753,10.224873,10.022127
2025-08-18,10.200000,2025-08-14,2025-06-30,-1.560000,-2.940000,-3.469388,-7.737023,2.156192,35.425260,29.086054,22.746848,16.407642,10.068436,,,,,,,,,,10.126000,10.483167,11.712833,12.149333,10.126000,10.331339,9.920661,10.228670,10.023330
2025-08-19,10.200000,2025-08-14,2025-06-30,-1.560000,-2.940000,-3.469388,-7.663691,2.150390,35.175547,28.853399,22.531252,16.209104,9.886957,,,,,,,,,,10.133500,10.451500,11.664917,12.134333,10.133500,10.338107,9.928893,10.235804,10.031196
2025-08-20,10.050000,2025-08-14,2025-06-30,-1.560000,-2.940000,-3.418367,-7.589934,2.142872,34.914494,28.614450,22.314406,16.014362,9.714318,,,,,,,,,,10.126000,10.424833,11.615750,12.116625,10.126000,10.331339,9.920661,10.228670,10.023330
2025-08-21,10.200000,2025-08-14,2025-06-30,-1.560000,-2.940000,-3.469388,-7.523333,2.145728,34.735476,28.427037,22.118598,15.810159,9.501719,,,,,,,,,,10.126000,10.405667,11.576583,12.100792,10.126000,10.331339,9.920661,10.228670,10.023330
2025-08-22,10.150000,2025-08-14,2025-06-30,-1.560000,-2.940000,-3.452381,-7.455308,2.144303,34.527103,28.222854,21.918604,15.614355,9.310105,,,,,,,,,,10.121000,10.385667,11.535333,12.085167,10.121000,10.318340,9.923660,10.219670,10.022330
2025-08-25,10.050000,2025-08-14,2025-06-30,-1.560000,-2.940000,-3.418367,-7.385397,2.137958,34.284262,27.998664,21.713066,15.427468,9.141870,,,,,,,,,,10.113500,10.369833,11.491167,12.069125,10.113500,10.309596,9.917404,10.211548,10.015452
2025-08-26,10.100000,2025-08-14,2025-06-30,-1.560000,-2.940000,-3.435374,-7.317230,2.132355,34.050900,27.781778,21.512656,15.243533,8.974411,,,,,,,,,,10.106000,10.354833,11.449500,12.053708,10.106000,10.291291,9.920709,10.198645,10.013355
2025-08-27,10.100000,2025-08-14,2025-06-30,-1.560000,-2.940000,-3.435374,-7.250666,2.127776,33.828283,27.572620,21.316957,15.061294,8.805631,,,,,,,,,,10.106000,10.339833,11.409917,12.038083,10.106000,10.291291,9.920709,10.198645,10.013355
2025-08-28,10.100000,2025-08-14,2025-06-30,-1.560000,-2.940000,-3.435374,-7.186986,2.126650,33.634440,27.382089,21.129739,14.877388,8.625038,,,,,,,,,,10.106000,10.324833,11.374083,12.023083,10.106000,10.291291,9.920709,10.198645,10.013355
2025-08-29,10.100000,2025-08-14,2025-06-30,-1.560000,-2.940000,-3.435374,-7.123306,2.123598,33.429276,27.185899,20.942521,14.699143,8.455766,,,,,,,,,,10.108500,10.310667,11.338250,12.008292,10.108500,10.291949,9.925051,10.200225,10.016775
2025-09-01,10.150000,2025-08-14,2025-06-30,-1.560000,-2.940000,-3.452381,-7.063294,2.124743,33.259572,27.012829,20.766085,14.519341,8.272598,,,,,,,,,,10.113500,10.298167,11.307417,11.994542,10.113500,10.295683,9.931317,10.204591,10.022409
2025-09-02,10.200000,2025-08-14,2025-06-30,-1.560000,-2.940000,-3.469388,-7.005988,2.128191,33.111365,26.854484,20.597604,14.340724,8.083844,,,,,,,,,,10.121000,10.284000,11.280333,11.982042,10.121000,10.304521,9.937479,10.212761,10.029239
2025-09-03,11.200000,2025-08-14,2025-06-30,-1.560000,-2.940000,-3.809524,-6.951836,2.126145,32.940130,26.689264,20.438399,14.187534,7.936669,,,,,,,,,,10.171000,10.285667,11.262000,11.973917,10.171000,10.687665,9.654335,10.429333,9.912667
2025-09-04,10.750000,2025-08-14,2025-06-30,-1.560000,-2.940000,-3.656463,-6.895127,2.122497,32.751955,26.511815,20.271675,14.031535,7.791395,,,,,,,,,,10.203500,10.281500,11.238250,11.965167,10.203500,10.779704,9.627296,10.491602,9.915398
2025-09-05,10.450000,2025-08-14,2025-06-30,-1.560000,-2.940000,-3.554422,-6.838530,2.120251,32.572354,26.338816,20.105277,13.871739,7.638201,,,,,,,,,,10.226000,10.275667,11.213250,11.957042,10.226000,10.803887,9.648113,10.514944,9.937056
2025-09-08,10.700000,2025-08-14,2025-06-30,-1.560000,-2.940000,-3.639456,-6.782961,2.115943,32.383653,26.162779,19.941906,13.721032,7.500158,,,,,,,,,,10.248500,10.275667,11.190750,11.947667,10.248500,10.864131,9.632869,10.556315,9.940685
2025-09-09,10.450000,2025-08-14,2025-06-30,-1.560000,-2.940000,-3.554422,-6.718351,2.094888,32.069892,25.910921,19.751950,13.592980,7.434009,,,,,,,,,,10.271500,10.270667,11.155333,11.938083,10.271500,10.880806,9.662194,10.576153,9.966847
2025-09-10,10.300000,2025-08-14,2025-06-30,-1.560000,-2.940000,-3.503401,-6.644020,2.048502,31.578613,25.556016,19.533418,13.510821,7.488224,,,,,,,,,,10.287000,10.262333,11.106583,11.926417,10.287000,10.881752,9.692248,10.584376,9.989624
2025-09-11,10.250000,2025-08-14,2025-06-30,-1.560000,-2.940000,-3.486395,-6.573073,2.008484,31.134724,25.229779,19.324835,13.419891,7.514947,,,,,,,,,,10.300000,10.253167,11.062000,11.911208,10.300000,10.878564,9.721436,10.589282,10.010718
2025-09-12,10.300000,2025-08-14,2025-06-30,-1.560000,-2.940000,-3.503401,-6.503871,1.969290,30.700803,24.911092,19.121380,13.331668,7.541956,,,,,,,,,,10.300000,10.252333,11.019917,11.896208,10.300000,10.878564,9.721436,10.589282,10.010718
2025-09-15,10.250000,2025-08-14,2025-06-30,-1.560000,-2.940000,-3.486395,-6.436129,1.931432,30.279039,24.600629,18.922220,13.243810,7.565400,,,,,,,,,,10.302500,10.251500,10.979500,11.880583,10.302500,10.879676,9.725324,10.591088,10.013912
2025-09-16,10.500000,2025-08-14,2025-06-30,-1.560000,-2.940000,-3.571429,-6.369737,1.891078,29.846564,24.286796,18.727027,13.167259,7.607490,,,,,,,,,,10.317500,10.255667,10.942000,11.868708,10.317500,10.899036,9.735964,10.608268,10.026732
2025-09-17,10.300000,2025-08-14,2025-06-30,-1.560000,-2.940000,-3.503401,-6.304060,1.851899,29.423104,23.978521,18.533938,13.089354,7.644771,,,,,,,,,,10.330000,10.252333,10.904500,11.854542,10.330000,10.897914,9.762086,10.613957,10.046043
2025-09-18,10.400000,2025-08-14,2025-06-30,-1.560000,-2.940000,-3.537415,-6.240270,1.813546,29.010046,23.678219,18.346393,13.014566,7.682740,,,,,,,,,,10.340000,10.252333,10.869917,11.841417,10.340000,10.905313,9.774687,10.622657,10.057343
2025-09-19,10.450000,2025-08-14,2025-06-30,-1.560000,-2.940000,-3.554422,-6.184732,1.792605,28.723631,23.453371,18.183111,12.912851,7.642591,,,,,,,,,,10.355000,10.252333,10.840333,11.828083,10.355000,10.914981,9.795019,10.634991,10.075009
2025-09-22,10.350000,2025-08-14,2025-06-30,-1.560000,-2.940000,-3.520408,-6.125261,1.761093,28.363492,23.185879,18.008266,12.830654,7.653041,,,,,,,,,,10.370000,10.256500,10.804917,11.814125,10.370000,10.911343,9.828657,10.640672,10.099328
2025-09-23,10.250000,2025-08-14,2025-06-30,-1.560000,-2.940000,-3.486395,-6.066114,1.728982,28.000793,22.917585,17.834376,12.751168,7.667960,,,,,,,,,,10.377500,10.256500,10.769500,11.799333,10.377500,10.907123,9.847877,10.642311,10.112689
2025-09-24,10.250000,2025-08-14,2025-06-30,-1.560000,-2.940000,-3.486395,-6.015788,1.715279,27.772257,22.729337,17.686417,12.643497,7.600578,,,,,,,,,,10.385000,10.254833,10.746167,11.783708,10.385000,10.902179,9.867821,10.643589,10.126411
2025-09-25,10.250000,2025-08-14,2025-06-30,-1.560000,-2.940000,-3.486395,-5.973369,1.714357,27.642128,22.601917,17.561706,12.521495,7.481285,,,,,,,,,,10.392500,10.241500,10.733667,11.768708,10.392500,10.896458,9.888542,10.644479,10.140521
2025-09-26,10.150000,2025-08-14,2025-06-30,-1.560000,-2.940000,-3.452381,-5.937662,1.721917,27.581599,22.519163,17.456727,12.394292,7.331856,,,,,,,,,,10.395000,10.229000,10.729917,11.753500,10.395000,10.893313,9.896687,10.644156,10.145844
2025-09-30,10.200000,2025-08-14,2025-06-30,-1.560000,-2.940000,-3.469388,-5.895710,1.720200,27.448166,22.390777,17.333388,12.275999,7.218610,,,,,,,,,,10.397500,10.221500,10.717833,11.738292,10.397500,10.891117,9.903883,10.644309,10.150691
2025-10-01,10.400000,2025-08-14,2025-06-30,-1.560000,-2.940000,-3.537415,-5.856150,1.719386,27.327069,22.272075,17.217080,12.162086,7.107091,,,,,,,,,,10.407500,10.215667,10.709917,11.723292,10.407500,10.892295,9.922705,10.649898,10.165102
2025-10-02,10.300000,2025-08-14,2025-06-30,-1.560000,-2.940000,-3.503401,-5.817522,1.719744,27.215608,22.159562,17.103516,12.047470,6.991423,,,,,,,,,,10.362500,10.216500,10.702833,11.708292,10.362500,10.673483,10.051517,10.517992,10.207008
2025-10-03,10.250000,2025-08-14,2025-06-30,-1.560000,-2.940000,-3.486395,-5.774799,1.713379,27.052577,22.015244,16.977910,11.940577,6.903244,,,,,,,,,,10.337500,10.221167,10.689917,11.694750,10.337500,10.592709,10.082291,10.465104,10.209896
2025-10-07,10.300000,2025-08-14,2025-06-30,-1.560000,-2.940000,-3.503401,-5.734651,1.709652,26.912627,21.886251,16.859875,11.833499,6.807124,,,,,,,,,,10.330000,10.224500,10.680750,11.682875,10.330000,10.580053,10.079947,10.455026,10.204974
2025-10-08,10.200000,2025-08-14,2025-06-30,-1.560000,-2.940000,-3.469388,-5.695436,1.707169,26.782739,21.763661,16.744583,11.725505,6.706428,,,,,,,,,,10.305000,10.227833,10.672417,11.670375,10.305000,10.491096,10.118904,10.398048,10.211952
2025-10-09,10.150000,2025-08-14,2025-06-30,-1.560000,-2.940000,-3.452381,-5.655167,1.702567,26.637286,21.631739,16.626192,11.620645,6.615098,,,,,,,,,,10.290000,10.228667,10.662417,11.658083,10.290000,10.475245,10.104755,10.382623,10.197377
2025-10-13,10.150000,2025-08-14,2025-06-30,-1.560000,-2.940000,-3.452381,-5.617331,1.700632,26.514671,21.514813,16.514954,11.515096,6.515237,,,,,,,,,,10.282500,10.229500,10.655750,11.644958,10.282500,10.477908,10.087092,10.380204,10.184796
2025-10-14,10.200000,2025-08-14,2025-06-30,-1.560000,-2.940000,-3.469388,-5.580245,1.698525,26.393249,21.399585,16.405921,11.412258,6.418594,,,,,,,,,,10.280000,10.231167,10.650333,11.632042,10.280000,10.478415,10.081585,10.379207,10.180793
2025-10-15,10.150000,2025-08-14,2025-06-30,-1.560000,-2.940000,-3.452381,-5.540585,1.692117,26.238969,21.264144,16.289319,11.314493,6.339668,,,,,,,,,,10.272500,10.232000,10.641167,11.619333,10.272500,10.478910,10.066090,10.375705,10.169295
2025-10-16,10.100000,2025-08-14,2025-06-30,-1.560000,-2.940000,-3.435374,-5.501086,1.685409,26.083396,21.128295,16.173193,11.218092,6.262990,,,,,,,,,,10.265000,10.231167,10.632000,11.606625,10.265000,10.485287,10.044713,10.375143,10.154857
2025-10-17,10.200000,2025-08-14,2025-06-30,-1.560000,-2.940000,-3.469388,-5.461567,1.676894,25.917143,20.987075,16.057007,11.126939,6.196872,,,,,,,,,,10.250000,10.233667,10.623250,11.593917,10.250000,10.441943,10.058057,10.345971,10.154029
2025-10-20,10.200000,2025-08-14,2025-06-30,-1.560000,-2.940000,-3.469388,-5.421744,1.666875,25.741150,20.840538,15.939927,11.039316,6.138704,,,,,,,,,,10.245000,10.233667,10.614083,11.581000,10.245000,10.436669,10.053331,10.340834,10.149166
2025-10-21,10.150000,2025-08-14,2025-06-30,-1.560000,-2.940000,-3.452381,-5.380258,1.653253,25.539089,20.678524,15.817959,10.957394,6.096829,,,,,,,,,,10.232500,10.232833,10.602417,11.568083,10.232500,10.413942,10.051058,10.323221,10.141779
2025-10-22,10.150000,2025-08-14,2025-06-30,-1.560000,-2.940000,-3.452381,-5.339989,1.640718,25.346992,20.523280,15.699568,10.875856,6.052144,,,,,,,,,,10.217500,10.231167,10.592417,11.555375,10.217500,10.370625,10.064375,10.294063,10.140937
2025-10-23,10.150000,2025-08-14,2025-06-30,-1.560000,-2.940000,-3.452381,-5.296679,1.621098,25.104291,20.338263,15.572235,10.806207,6.040179,,,,,,,,,,10.207500,10.230333,10.578250,11.542667,10.207500,10.349941,10.065059,10.278721,10.136279
2025-10-27,10.150000,2025-08-14,2025-06-30,-1.560000,-2.940000,-3.452381,-5.256714,1.606775,24.902577,20.178658,15.454738,10.730819,6.006899,,,,,,,,,,10.202500,10.228667,10.568667,11.529958,10.202500,10.345678,10.059322,10.274089,10.130911
2025-10-28,10.150000,2025-08-14,2025-06-30,-1.560000,-2.940000,-3.452381,-5.214924,1.587675,24.667404,19.999640,15.331876,10.664113,5.996349,,,,,,,,,,10.197500,10.229500,10.556583,11.517250,10.197500,10.340678,10.054322,10.269089,10.125911
2025-10-29,10.100000,2025-08-14,2025-06-30,-1.560000,-2.940000,-3.435374,-5.171168,1.563374,24.395871,19.799552,15.203233,10.606914,6.010595,,,,,,,,,,10.190000,10.229500,10.541583,11.503917,10.190000,10.337256,10.042744,10.263628,10.116372
2025-10-30,10.100000,2025-08-14,2025-06-30,-1.560000,-2.940000,-3.435374,-5.124978,1.531508,24.072705,19.570070,15.067436,10.564802,6.062167,,,,,,,,,,10.187500,10.230333,10.523250,11.490583,10.187500,10.339244,10.035756,10.263372,10.111628
2025-10-31,10.100000,2025-08-14,2025-06-30,-1.560000,-2.940000,-3.435374,-5.081526,1.504396,23.785534,19.362610,14.939687,10.516763,6.093839,,,,,,,,,,10.182500,10.231167,10.508667,11.476625,10.182500,10.339025,10.025975,10.260762,10.104238
2025-11-03,10.050000,2025-08-14,2025-06-30,-1.560000,-2.940000,-3.418367,-5.037020,1.473364,23.472216,19.140527,14.808838,10.477149,6.145460,,,,,,,,,,10.165000,10.231167,10.492417,11.461833,10.165000,10.295182,10.034818,10.230091,10.099909
2025-11-04,9.990000,2025-08-14,2025-06-30,-1.560000,-2.940000,-3.397959,-4.992648,1.441264,23.153016,18.915700,14.678384,10.441067,6.203751,,,,,,,,,,10.149500,10.227667,10.476083,11.447625,10.149500,10.285685,10.013315,10.217592,10.081408
2025-11-05,10.050000,2025-08-14,2025-06-30,-1.560000,-2.940000,-3.418367,-4.946621,1.401745,22.785323,18.664194,14.543064,10.421935,6.300806,,,,,,,,,,10.139500,10.226833,10.457750,11.433875,10.139500,10.273974,10.005026,10.206737,10.072263
2025-11-06,10.000000,2025-08-14,2025-06-30,-1.560000,-2.940000,-3.401361,-4.915267,1.393791,22.646380,18.548633,14.450886,10.353139,6.255392,,,,,,,,,,10.124500,10.226833,10.439000,11.420125,10.124500,10.250236,9.998764,10.187368,10.061632
2025-11-07,9.980000,2025-08-14,2025-06-30,-1.560000,-2.940000,-3.394558,-4.885076,1.387094,22.518235,18.440179,14.362123,10.284067,6.206011,,,,,,,,,,10.113500,10.222333,10.422167,11.406500,10.113500,10.249499,9.977501,10.181500,10.045500
2025-11-10,9.940000,2025-08-14,2025-06-30,-1.560000,-2.940000,-3.380952,-4.855015,1.380202,22.389329,18.331536,14.273743,10.215949,6.158156,,,,,,,,,,10.103000,10.221500,10.405417,11.393750,10.103000,10.258204,9.947796,10.180602,10.025398
2025-11-11,9.930000,2025-08-14,2025-06-30,-1.560000,-2.940000,-3.377551,-4.826143,1.374511,22.270983,18.229922,14.188861,10.147800,6.106739,,,,,,,,,,10.092000,10.220500,10.390667,11.380542,10.092000,10.263507,9.920493,10.177754,10.006246
2025-11-12,10.000000,2025-08-14,2025-06-30,-1.560000,-2.940000,-3.401361,-4.796983,1.367230,22.142444,18.122787,14.103130,10.083473,6.063816,,,,,,,,,,10.082000,10.220667,10.375667,11.366792,10.082000,10.250285,9.913715,10.166143,9.997857
2025-11-13,10.150000,2025-08-14,2025-06-30,-1.560000,-2.940000,-3.452381,-4.768492,1.359240,22.011697,18.015531,14.019365,10.023200,6.027034,,,,,,,,,,10.082000,10.218167,10.362333,11.353458,10.082000,10.250285,9.913715,10.166143,9.997857
2025-11-14,10.050000,2025-11-14,2025-09-30,-0.420000,-2.740000,-3.667883,-4.742527,1.350151,20.393354,16.693939,12.994524,9.295110,5.595695,,,,,,,,,,10.079500,10.215667,10.349417,11.340125,10.079500,10.248145,9.910855,10.163822,9.995178
2025-11-17,10.050000,2025-11-14,2025-09-30,-0.420000,-2.740000,-3.667883,-4.714126,1.336429,20.240335,16.578520,12.916705,9.254890,5.593075,,,,,,,,,,10.072000,10.213167,10.332333,11.326792,10.072000,10.231156,9.912844,10.151578,9.992422
2025-11-18,9.990000,2025-11-14,2025-09-30,-0.420000,-2.740000,-3.645985,-4.687735,1.325863,20.110124,16.477260,12.844395,9.211530,5.578665,,,,,,,,,,10.061500,10.212167,10.318500,11.312792,10.061500,10.212605,9.910395,10.137052,9.985948
2025-11-19,9.980000,2025-11-14,2025-09-30,-0.420000,-2.740000,-3.642336,-4.662776,1.317014,19.993241,16.384624,12.776007,9.167390,5.558772,,,,,,,,,,10.053000,10.208500,10.307083,11.298542,10.053000,10.202258,9.903742,10.127629,9.978371
2025-11-20,9.960000,2025-11-14,2025-09-30,-0.420000,-2.740000,-3.635036,-4.637756,1.307671,19.873488,16.290470,12.707452,9.124434,5.541417,,,,,,,,,,10.043500,10.205333,10.295500,11.284417,10.043500,10.190938,9.896062,10.117219,9.969781
2025-11-21,9.870000,2025-11-14,2025-09-30,-0.420000,-2.740000,-3.602190,-4.614168,1.300530,19.769725,16.206273,12.642821,9.079369,5.515918,,,,,,,,,,10.029500,10.202333,10.286083,11.270125,10.029500,10.187177,9.871823,10.108339,9.950661
2025-11-24,9.980000,2025-11-14,2025-09-30,-0.420000,-2.740000,-3.642336,-4.590915,1.292663,19.662899,16.121003,12.579107,9.037210,5.495314,,,,,,,,,,10.021000,10.200333,10.277583,11.256708,10.021000,10.169381,9.872619,10.095190,9.946810
2025-11-25,10.000000,2025-11-14,2025-09-30,-0.420000,-2.740000,-3.649635,-4.567722,1.284279,19.553409,16.034484,12.515559,8.996634,5.477709,,,,,,,,,,10.013500,10.198667,10.269250,11.242958,10.013500,10.149034,9.877966,10.081267,9.945733
2025-11-26,10.050000,2025-11-14,2025-09-30,-0.420000,-2.740000,-3.667883,-4.544682,1.275309,19.441120,15.946774,12.452428,8.958082,5.463736,,,,,,,,,,10.011000,10.197833,10.261333,11.229625,10.011000,10.141570,9.880430,10.076285,9.945715
2025-11-27,10.000000,2025-11-14,2025-09-30,-0.420000,-2.740000,-3.649635,-4.521733,1.266325,19.329006,15.859277,12.389548,8.919819,5.450089,,,,,,,,,,10.006000,10.196167,10.253417,11.216292,10.006000,10.129697,9.882303,10.067849,9.944151
2025-11-28,9.910000,2025-11-14,2025-09-30,-0.420000,-2.740000,-3.616788,-4.498754,1.257413,19.217209,15.771897,12.326585,8.881273,5.435962,,,,,,,,,,9.996500,10.192167,10.245167,11.202792,9.996500,10.118979,9.874021,10.057739,9.935261
2025-12-01,9.920000,2025-11-14,2025-09-30,-0.420000,-2.740000,-3.620438,-4.475074,1.246842,19.094400,15.678051,12.261703,8.845355,5.429007,,,,,,,,,,9.990000,10.187500,10.235750,11.189542,9.990000,10.114309,9.865691,10.052154,9.927846
2025-12-02,9.900000,2025-11-14,2025-09-30,-0.420000,-2.740000,-3.613139,-4.451090,1.235362,18.965773,15.580880,12.195987,8.811094,5.426201,,,,,,,,,,9.985500,10.165833,10.225750,11.176208,9.985500,10.116162,9.854838,10.050831,9.920169
2025-12-03,9.910000,2025-11-14,2025-09-30,-0.420000,-2.740000,-3.616788,-4.427624,1.224097,18.839743,15.485716,12.131689,8.777662,5.423635,,,,,,,,,,9.978500,10.151833,10.216667,11.163333,9.978500,10.109613,9.847387,10.044056,9.912944
2025-12-04,9.920000,2025-11-14,2025-09-30,-0.420000,-2.740000,-3.620438,-4.405162,1.213846,18.722020,15.396083,12.070145,8.744208,5.418270,,,,,,,,,,9.974500,10.143000,10.209333,11.150500,9.974500,10.107715,9.841285,10.041108,9.907892
2025-12-05,9.870000,2025-11-14,2025-09-30,-0.420000,-2.740000,-3.602190,-4.383036,1.203960,18.607219,15.308369,12.009520,8.710671,5.411821,,,,,,,,,,9.969000,10.129167,10.202417,11.137042,9.969000,10.110108,9.827892,10.039554,9.898446
2025-12-08,9.890000,2025-11-14,2025-09-30,-0.420000,-2.740000,-3.609489,-4.360728,1.193146,18.486833,15.217613,11.948394,8.679174,5.409955,,,,,,,,,,9.966500,10.119833,10.195250,11.124292,9.966500,10.111490,9.821510,10.038995,9.894005
2025-12-09,9.900000,2025-11-14,2025-09-30,-0.420000,-2.740000,-3.613139,-4.338206,1.181381,18.360653,15.123668,11.886683,8.649698,5.412713,,,,,,,,,,9.965000,10.113167,10.187750,11.111792,9.965000,10.112184,9.817816,10.038592,9.891408
2025-12-10,9.850000,2025-11-14,2025-09-30,-0.420000,-2.740000,-3.594891,-4.315531,1.169155,18.231523,15.028040,11.824556,8.621072,5.417589,,,,,,,,,,9.957500,10.106500,10.179833,11.099500,9.957500,10.112266,9.802734,10.034883,9.880117
2025-12-11,9.870000,2025-11-14,2025-09-30,-0.420000,-2.740000,-3.602190,-4.295111,1.159923,18.124981,14.946793,11.768604,8.590416,5.412228,,,,,,,,,,9.943500,10.099333,10.175833,11.087917,9.943500,10.073646,9.813354,10.008573,9.878427
2025-12-12,9.830000,2025-11-14,2025-09-30,-0.420000,-2.740000,-3.587591,-4.274813,1.150700,18.018825,14.865906,11.712987,8.560068,5.407149,,,,,,,,,,9.932500,10.092333,10.171917,11.080750,9.932500,10.061932,9.803068,9.997216,9.867784
2025-12-15,9.830000,2025-11-14,2025-09-30,-0.420000,-2.740000,-3.587591,-4.254758,1.141417,17.913003,14.785520,11.658037,8.530554,5.403071,,,,,,,,,,9.921500,10.081167,10.168417,11.074417,9.921500,10.046193,9.796807,9.983847,9.859153
2025-12-16,9.750000,2025-11-14,2025-09-30,-0.420000,-2.740000,-3.558394,-4.233242,1.129851,17.790666,14.694874,11.599082,8.503290,5.407499,,,,,,,,,,9.909500,10.072000,10.162167,11.068792,9.909500,10.051438,9.767562,9.980469,9.838531
2025-12-17,9.730000,2025-11-14,2025-09-30,-0.420000,-2.740000,-3.551095,-4.212152,1.118618,17.671326,14.606311,11.541296,8.476282,5.411267,,,,,,,,,,9.897000,10.060833,10.156583,11.064750,9.897000,10.055825,9.738175,9.976412,9.817588
2025-12-18,9.700000,2025-11-14,2025-09-30,-0.420000,-2.740000,-3.540146,-4.190727,1.106497,17.546198,14.514395,11.482593,8.450790,5.418987,,,,,,,,,,9.884000,10.048333,10.150333,11.059958,9.884000,10.062461,9.705539,9.973231,9.794769
2025-12-19,9.710000,2025-11-14,2025-09-30,-0.420000,-2.740000,-3.543796,-4.171039,1.096689,17.438499,14.433573,11.428646,8.423719,5.418792,,,,,,,,,,9.876000,10.037667,10.147083,11.055417,9.876000,10.070709,9.681291,9.973354,9.778646
2025-12-22,9.740000,2025-11-14,2025-09-30,-0.420000,-2.740000,-3.554745,-4.150710,1.085159,17.319618,14.346282,11.372946,8.399610,5.426274,,,,,,,,,,9.864000,10.029167,10.142833,11.049958,9.864000,10.061287,9.666713,9.962643,9.765357
2025-12-23,9.730000,2025-11-14,2025-09-30,-0.420000,-2.740000,-3.551095,-4.129864,1.072267,17.191849,14.253838,11.315827,8.377817,5.439806,,,,,,,,,,9.850500,10.020500,10.137667,11.044667,9.850500,10.045541,9.655459,9.948021,9.752979
2025-12-24,9.720000,2025-11-14,2025-09-30,-0.420000,-2.740000,-3.547445,-4.105576,1.051811,17.013206,14.131242,11.249279,8.367315,5.485352,,,,,,,,,,9.834000,10.011667,10.126583,11.039750,9.834000,10.013168,9.654832,9.923584,9.744416
2025-12-26,9.750000,2025-11-14,2025-09-30,-0.420000,-2.740000,-3.558394,-4.082111,1.031996,16.840323,14.012653,11.184983,8.357313,5.529643,,,,,,,,,,9.821500,10.005000,10.117000,11.035167,9.821500,9.986204,9.656796,9.903852,9.739148
2025-12-29,9.670000,2025-11-14,2025-09-30,-0.420000,-2.740000,-3.529197,-4.059620,1.014089,16.680567,13.901963,11.123359,8.344755,5.566151,,,,,,,,,,9.809500,9.996167,10.108833,11.030458,9.809500,9.981849,9.637151,9.895675,9.723325
2025-12-30,9.670000,2025-11-14,2025-09-30,-0.420000,-2.740000,-3.529197,-4.036642,0.994251,16.508893,13.784646,11.060399,8.336152,5.611905,,,,,,,,,,9.797000,9.984000,10.099833,11.026167,9.797000,9.971850,9.622150,9.884425,9.709575
2025-12-31,9.640000,2025-11-14,2025-09-30,-0.420000,-2.740000,-3.518248,-4.016009,0.978858,16.368008,13.685937,11.003866,8.321795,5.639724,,,,,,,,,,9.784000,9.973000,10.094750,11.021333,9.784000,9.965154,9.602846,9.874577,9.693423
2026-01-02,9.570000,2025-11-14,2025-09-30,-0.420000,-2.740000,-3.492701,-3.996529,0.965618,16.242073,13.596280,10.950488,8.304696,5.658904,,,,,,,,,,9.767000,9.961667,10.091417,11.016417,9.767000,9.961677,9.572323,9.864338,9.669662
2026-01-05,9.160000,2025-11-14,2025-09-30,-0.420000,-2.740000,-3.343066,-3.975167,0.951258,16.104853,13.498406,10.891958,8.285510,5.679063,,,,,,,,,,9.729000,9.942667,10.083583,11.011042,9.729000,10.052201,9.405799,9.890601,9.567399
2026-01-06,9.100000,2025-11-14,2025-09-30,-0.420000,-2.740000,-3.321168,-3.954111,0.937319,15.970769,13.402516,10.834263,8.266010,5.697757,,,,,,,,,,9.690500,9.924333,10.076083,11.006458,9.690500,10.111600,9.269400,9.901050,9.479950
2026-01-07,9.130000,2025-11-14,2025-09-30,-0.420000,-2.740000,-3.332117,-3.932658,0.921587,15.825781,13.300632,10.775483,8.250334,5.725185,,,,,,,,,,9.652500,9.907333,10.068000,11.002417,9.652500,10.131045,9.173955,9.891772,9.413228
2026-01-08,9.140000,2025-11-14,2025-09-30,-0.420000,-2.740000,-3.335766,-3.911236,0.905051,15.676463,13.196625,10.716786,8.236947,5.757109,,,,,,,,,,9.614500,9.890500,10.060000,10.998417,9.614500,10.129597,9.099403,9.872049,9.356951
2026-01-09,9.160000,2025-11-14,2025-09-30,-0.420000,-2.740000,-3.343066,-3.889874,0.887647,15.522561,13.090408,10.658256,8.226103,5.793951,,,,,,,,,,9.580000,9.873167,10.052167,10.993667,9.580000,10.120487,9.039513,9.850244,9.309756
2026-01-12,9.200000,2025-11-14,2025-09-30,-0.420000,-2.740000,-3.357664,-3.868635,0.869293,15.363784,12.981921,10.600059,8.218197,5.836334,,,,,,,,,,9.546500,9.857333,10.044667,10.989292,9.546500,10.094310,8.998690,9.820405,9.272595
2026-01-13,9.140000,2025-11-14,2025-09-30,-0.420000,-2.740000,-3.335766,-3.846969,0.849516,15.196045,12.868370,10.540694,8.213019,5.885344,,,,,,,,,,9.512000,9.841333,10.036250,10.984250,9.512000,10.071421,8.952579,9.791710,9.232290
2026-01-14,9.160000,2025-11-14,2025-09-30,-0.420000,-2.740000,-3.343066,-3.825851,0.829895,15.030655,12.756743,10.482832,8.208920,5.935009,,,,,,,,,,9.478500,9.824000,10.028833,10.979292,9.478500,10.037984,8.919016,9.758242,9.198758
2026-01-15,9.190000,2025-11-14,2025-09-30,-0.420000,-2.740000,-3.354015,-3.804094,0.807260,14.847000,12.635108,10.423216,8.211325,5.999433,,,,,,,,,,9.450500,9.807167,10.020417,10.974250,9.450500,10.008824,8.892176,9.729662,9.171338
2026-01-16,9.160000,2025-11-14,2025-09-30,-0.420000,-2.740000,-3.343066,-3.782245,0.783413,14.656457,12.509904,10.363351,8.216798,6.070245,,,,,,,,,,9.422000,9.790667,10.011750,10.969292,9.422000,9.978440,8.865560,9.700220,9.143780
2026-01-19,9.130000,2025-11-14,2025-09-30,-0.420000,-2.740000,-3.332117,-3.760061,0.757515,14.453751,12.378160,10.302568,8.226976,6.151384,,,,,,,,,,9.393500,9.773667,10.002417,10.964208,9.393500,9.948374,8.838626,9.670937,9.116063
2026-01-20,9.100000,2025-11-14,2025-09-30,-0.420000,-2.740000,-3.321168,-3.738030,0.730826,14.247129,12.244666,10.242202,8.239739,6.237275,,,,,,,,,,9.363000,9.756167,9.993250,10.959625,9.363000,9.911648,8.814352,9.637324,9.088676
2026-01-21,10.000000,2025-11-14,2025-09-30,-0.420000,-2.740000,-3.649635,-3.718492,0.700724,14.028635,12.108652,10.188669,8.268686,6.348703,,,,,,,,,,9.376000,9.753667,9.991167,10.958792,9.376000,9.972495,8.779505,9.674248,9.077752
2026-01-22,9.570000,2025-11-14,2025-09-30,-0.420000,-2.740000,-3.492701,-3.698378,0.671421,13.812944,11.973250,10.133556,8.293861,6.454167,,,,,,,,,,9.368000,9.744000,9.986750,10.955750,9.368000,9.948584,8.787416,9.658292,9.077708
2026-01-23,9.550000,2025-11-14,2025-09-30,-0.420000,-2.740000,-3.485401,-3.678203,0.640161,13.586360,11.832317,10.078275,8.324233,6.570191,,,,,,,,,,9.359500,9.734833,9.982167,10.951167,9.359500,9.923115,8.795885,9.641308,9.077692
2026-01-26,9.910000,2025-11-14,2025-09-30,-0.420000,-2.740000,-3.616788,-3.659366,0.607327,13.354812,11.690737,10.026663,8.362588,6.698513,,,,,,,,,,9.367500,9.731667,9.981000,10.948500,9.367500,9.958338,8.776662,9.662919,9.072081
2026-01-27,9.620000,2025-11-14,2025-09-30,-0.420000,-2.740000,-3.510949,-3.639647,0.572105,13.107770,11.540202,9.972634,8.405065,6.837497,,,,,,,,,,9.365000,9.723667,9.977417,10.944625,9.365000,9.950851,8.779149,9.657925,9.072075
2026-01-28,9.770000,2025-11-14,2025-09-30,-0.420000,-2.740000,-3.565693,-3.620385,0.533764,12.844880,11.382367,9.919854,8.457341,6.994828,,,,,,,,,,9.370000,9.719000,9.975083,10.941167,9.370000,9.968384,8.771616,9.669192,9.070808
2026-01-29,9.640000,2025-11-14,2025-09-30,-0.420000,-2.740000,-3.518248,-3.599996,0.488242,12.539557,11.201773,9.863989,8.526205,7.188420,,,,,,,,,,9.370000,9.713167,9.970417,10.936958,9.370000,9.968384,8.771616,9.669192,9.070808
2026-01-30,9.650000,2025-11-14,2025-09-30,-0.420000,-2.740000,-3.521898,-3.580125,0.439694,12.219065,11.014303,9.809542,8.604780,7.400019,,,,,,,,,,9.374000,9.706500,9.966667,10.932792,9.374000,9.979045,8.768955,9.676523,9.071477
2026-02-02,9.400000,2025-11-14,2025-09-30,-0.420000,-2.740000,-3.430657,-3.559981,0.387157,11.875967,10.815157,9.754347,8.693537,7.632727,,,,,,,,,,9.386000,9.696500,9.961667,10.927167,9.386000,9.982636,8.789364,9.684318,9.087682
2026-02-03,9.400000,2025-11-14,2025-09-30,-0.420000,-2.740000,-3.430657,-3.538618,0.315879,11.426829,10.561321,9.695814,8.830306,7.964799,,,,,,,,,,9.401000,9.686833,9.954583,10.917167,9.401000,9.982247,8.819753,9.691624,9.110376
2026-02-04,9.560000,2025-11-14,2025-09-30,-0.420000,-2.740000,-3.489051,-3.519009,0.234144,10.925196,10.283641,9.642086,9.000530,8.358975,,,,,,,,,,9.422500,9.680500,9.951000,10.903042,9.422500,9.993257,8.851743,9.707878,9.137122
2026-02-05,9.480000,2025-11-14,2025-09-30,-0.420000,-2.740000,-3.459854,-3.499157,0.095417,10.110578,9.849135,9.587691,9.326247,9.064804,,,,,,,,,,9.439500,9.673000,9.946750,10.885667,9.439500,9.994875,8.884125,9.717187,9.161813
2026-02-06,9.420000,2025-11-14,2025-09-30,-0.420000,-2.740000,-3.437956,-3.499491,0.095130,10.109919,9.849262,9.588604,9.327947,9.067290,,,,,,,,,,9.452500,9.663333,9.942000,10.869292,9.452500,9.992281,8.912719,9.722390,9.182610
2026-02-09,9.190000,2025-11-14,2025-09-30,-0.420000,-2.740000,-3.354015,-3.498246,0.096052,10.111557,9.848375,9.585193,9.322012,9.058830,,,,,,,,,,9.452000,9.647333,9.932750,10.846542,9.452000,9.992783,8.911217,9.722392,9.181608
2026-02-10,9.180000,2025-11-14,2025-09-30,-0.420000,-2.740000,-3.350365,-3.497254,0.096962,10.113830,9.848153,9.582476,9.316798,9.051121,,,,,,,,,,9.454000,9.632833,9.924250,10.818542,9.454000,9.990201,8.917799,9.722101,9.185899
2026-02-11,9.210000,2025-11-14,2025-09-30,-0.420000,-2.740000,-3.361314,-3.496353,0.097722,10.115527,9.847767,9.580008,9.312249,9.044489,,,,,,,,,,9.456500,9.618833,9.916000,10.790458,9.456500,9.987369,8.925631,9.721935,9.191065
2026-02-23,9.510000,2025-11-14,2025-09-30,-0.420000,-2.740000,-3.470803,-3.496790,0.097488,10.115438,9.848322,9.581205,9.314089,9.046973,,,,,,,,,,9.472500,9.610833,9.911500,10.763625,9.472500,9.988634,8.956366,9.730567,9.214433
2026-02-24,9.480000,2025-11-14,2025-09-30,-0.420000,-2.740000,-3.459854,-3.496711,0.097514,10.115365,9.848176,9.580988,9.313799,9.046610,,,,,,,,,,9.488500,9.602500,9.905500,10.741042,9.488500,9.983242,8.993758,9.735871,9.241129
2026-02-25,9.490000,2025-11-14,2025-09-30,-0.420000,-2.740000,-3.463504,-3.496803,0.097477,10.115415,9.848328,9.581241,9.314155,9.047068,,,,,,,,,,9.506500,9.594667,9.900000,10.717667,9.506500,9.971633,9.041367,9.739066,9.273934
2026-02-26,9.410000,2025-11-14,2025-09-30,-0.420000,-2.740000,-3.434307,-3.496936,0.097380,10.115247,9.848426,9.581605,9.314784,9.047963,,,,,,,,,,9.522000,9.587000,9.894667,10.692917,9.522000,9.949211,9.094789,9.735606,9.308394
2026-03-02,9.420000,2025-11-14,2025-09-30,-0.420000,-2.740000,-3.437956,-3.496958,0.097366,10.115233,9.848449,9.581664,9.314880,9.048096,,,,,,,,,,9.493000,9.577667,9.889000,10.669250,9.493000,9.857770,9.128230,9.675385,9.310615
2026-03-03,9.300000,2025-11-14,2025-09-30,-0.420000,-2.740000,-3.394161,-3.496614,0.097658,10.115888,9.848306,9.580723,9.313141,9.045559,,,,,,,,,,9.479500,9.566000,9.882333,10.646125,9.479500,9.852170,9.106830,9.665835,9.293165
2026-03-04,9.120000,2025-11-14,2025-09-30,-0.420000,-2.740000,-3.328467,-3.495723,0.098703,10.119176,9.848729,9.578282,9.307836,9.037389,,,,,,,,,,9.458000,9.550500,9.874167,10.624125,9.458000,9.861855,9.054145,9.659928,9.256072
2026-03-05,9.250000,2025-11-14,2025-09-30,-0.420000,-2.740000,-3.375912,-3.495228,0.099157,10.120305,9.848615,9.576925,9.305235,9.033545,,,,,,,,,,9.425000,9.538000,9.867083,10.602667,9.425000,9.778002,9.071998,9.601501,9.248499
2026-03-06,9.300000,2025-11-14,2025-09-30,-0.420000,-2.740000,-3.394161,-3.494743,0.099510,10.120911,9.848253,9.575595,9.302937,9.030280,,,,,,,,,,9.409000,9.527833,9.860000,10.583708,9.409000,9.753698,9.064302,9.581349,9.236651
2026-03-09,9.120000,2025-11-14,2025-09-30,-0.420000,-2.740000,-3.328467,-3.493568,0.100637,10.123868,9.848123,9.572378,9.296632,9.020887,,,,,,,,,,9.376500,9.514500,9.851000,10.565667,9.376500,9.699791,9.053209,9.538145,9.214855
2026-03-10,9.100000,2025-11-14,2025-09-30,-0.420000,-2.740000,-3.321168,-3.489499,0.097581,10.095969,9.828598,9.561227,9.293856,9.026485,,,,,,,,,,9.349500,9.501167,9.833500,10.547750,9.349500,9.670320,9.028680,9.509910,9.189090
2026-03-11,9.150000,2025-11-14,2025-09-30,-0.420000,-2.740000,-3.339416,-3.486857,0.097314,10.087267,9.820627,9.553988,9.287348,9.020708,,,,,,,,,,9.324500,9.488500,9.820167,10.529208,9.324500,9.623936,9.025064,9.474218,9.174782
2026-03-12,9.110000,2025-11-14,2025-09-30,-0.420000,-2.740000,-3.324818,-3.484943,0.098227,10.087029,9.817887,9.548745,9.279603,9.010461,,,,,,,,,,9.310000,9.475000,9.809000,10.511125,9.310000,9.621870,8.998130,9.465935,9.154065
2026-03-13,9.070000,2025-11-14,2025-09-30,-0.420000,-2.740000,-3.310219,-3.482200,0.098473,10.080858,9.811043,9.541227,9.271412,9.001596,,,,,,,,,,9.293500,9.461667,9.795417,10.493083,9.293500,9.619901,8.967099,9.456701,9.130299
2026-03-16,9.100000,2025-11-14,2025-09-30,-0.420000,-2.740000,-3.321168,-3.480256,0.099334,10.080249,9.808075,9.535901,9.263727,8.991553,,,,,,,,,,9.270500,9.448500,9.784167,10.469750,9.270500,9.582335,8.958665,9.426417,9.114583
2026-03-17,9.080000,2025-11-14,2025-09-30,-0.420000,-2.740000,-3.313869,-3.478677,0.100463,10.082110,9.806842,9.531574,9.256305,8.981037,,,,,,,,,,9.250500,9.434833,9.774000,10.440292,9.250500,9.557024,8.943976,9.403762,9.097238
2026-03-18,9.060000,2025-11-14,2025-09-30,-0.420000,-2.740000,-3.306569,-3.477178,0.101681,10.084677,9.806072,9.527468,9.248863,8.970258,,,,,,,,,,9.232500,9.421667,9.764083,10.413042,9.232500,9.539394,8.925606,9.385947,9.079053
2026-03-19,9.050000,2025-11-14,2025-09-30,-0.420000,-2.740000,-3.302920,-3.475507,0.102886,10.086705,9.804797,9.522890,9.240983,8.959075,,,,,,,,,,9.225500,9.408000,9.753667,10.386792,9.225500,9.542690,8.908310,9.384095,9.066905
2026-03-20,9.040000,2025-11-14,2025-09-30,-0.420000,-2.740000,-3.299270,-3.473948,0.104130,10.089250,9.803934,9.518617,9.233301,8.947985,,,,,,,,,,9.218500,9.394833,9.743583,10.361542,9.218500,9.545932,8.891068,9.382216,9.054784
2026-03-23,9.010000,2025-11-14,2025-09-30,-0.420000,-2.740000,-3.288321,-3.471589,0.105105,10.088131,9.800142,9.512153,9.224164,8.936175,,,,,,,,,,9.208500,9.381167,9.731167,10.336583,9.208500,9.548981,8.868019,9.378741,9.038259
2026-03-24,9.020000,2025-11-14,2025-09-30,-0.420000,-2.740000,-3.291971,-3.469827,0.106333,10.090029,9.798677,9.507325,9.215974,8.924622,,,,,,,,,,9.184000,9.369000,9.720500,10.312500,9.184000,9.502972,8.865028,9.343486,9.024514
2026-03-25,9.040000,2025-11-14,2025-09-30,-0.420000,-2.740000,-3.299270,-3.467842,0.107279,10.089775,9.795832,9.501888,9.207944,8.914000,,,,,,,,,,9.162000,9.357500,9.709167,10.289542,9.162000,9.454618,8.869382,9.308309,9.015691
2026-03-26,9.040000,2025-11-14,2025-09-30,-0.420000,-2.740000,-3.299270,-3.465716,0.108074,10.088307,9.792184,9.496062,9.199939,8.903817,,,,,,,,,,9.139500,9.346500,9.697417,10.268875,9.139500,9.392439,8.886561,9.265969,9.013031
2026-03-27,9.040000,2025-11-14,2025-09-30,-0.420000,-2.740000,-3.299270,-3.463873,0.109015,10.088414,9.789713,9.491012,9.192312,8.893611,,,,,,,,,,9.121000,9.335333,9.686500,10.245708,9.121000,9.342849,8.899151,9.231924,9.010076
2026-03-30,9.010000,2025-11-14,2025-09-30,-0.420000,-2.740000,-3.288321,-3.462223,0.110164,10.090191,9.788340,9.486490,9.184639,8.882789,,,,,,,,,,9.100500,9.323167,9.676167,10.222833,9.100500,9.277192,8.923808,9.188846,9.012154
2026-03-31,9.000000,2026-03-31,2025-12-31,-0.610000,-2.930000,-3.071672,-3.458767,0.115763,10.812555,10.473371,10.134186,9.795001,9.455817,,,,,,,,,,9.085500,9.311000,9.665750,10.205958,9.085500,9.240484,8.930516,9.162992,9.008008
2026-04-01,9.000000,2026-03-31,2025-12-31,-0.610000,-2.930000,-3.071672,-3.455311,0.121003,10.833137,10.478599,10.124060,9.769521,9.414982,,,,,,,,,,9.079500,9.299000,9.655333,10.194500,9.079500,9.238109,8.920891,9.158805,9.000195
2026-04-02,8.900000,2026-03-31,2025-12-31,-0.610000,-2.930000,-3.037543,-3.451854,0.126871,10.857395,10.485663,10.113931,9.742199,9.370467,,,,,,,,,,9.062000,9.284833,9.644917,10.187417,9.062000,9.218622,8.905378,9.140311,8.983689
2026-04-07,8.830000,2026-03-31,2025-12-31,-0.610000,-2.930000,-3.013652,-3.448056,0.133014,10.882265,10.492534,10.102803,9.713072,9.323341,,,,,,,,,,9.038500,9.270833,9.633500,10.175667,9.038500,9.185509,8.891491,9.112004,8.964996
2026-04-08,8.690000,2026-03-31,2025-12-31,-0.610000,-2.930000,-2.965870,-3.443293,0.139845,10.908338,10.498593,10.088848,9.679103,9.269358,,,,,,,,,,9.017000,9.254500,9.619250,10.164583,9.017000,9.226370,8.807630,9.121685,8.912315
2026-04-09,8.430000,2026-03-31,2025-12-31,-0.610000,-2.930000,-2.877133,-3.438074,0.148971,10.946526,10.510041,10.073557,9.637072,9.200588,,,,,,,,,,8.983500,9.234333,9.603667,10.153250,8.983500,9.315465,8.651535,9.149483,8.817517
2026-04-10,8.460000,2026-03-31,2025-12-31,-0.610000,-2.930000,-2.887372,-3.433082,0.157150,10.979829,10.519380,10.058931,9.598482,9.138032,,,,,,,,,,8.949000,9.215833,9.588750,10.139333,8.949000,9.345293,8.552707,9.147147,8.750853
2026-04-13,8.480000,2026-03-31,2025-12-31,-0.610000,-2.930000,-2.894198,-3.428005,0.164526,11.008179,10.526117,10.044056,9.561994,9.079933,,,,,,,,,,8.917500,9.204500,9.573583,10.127167,8.917500,9.357638,8.477362,9.137569,8.697431
2026-04-14,8.530000,2026-03-31,2025-12-31,-0.610000,-2.930000,-2.911263,-3.423354,0.171104,11.033097,10.531763,10.030428,9.529094,9.027760,,,,,,,,,,8.890500,9.195000,9.559667,10.116042,8.890500,9.356727,8.424273,9.123613,8.657387
2026-04-15,8.580000,2026-03-31,2025-12-31,-0.610000,-2.930000,-2.928328,-3.418987,0.176945,11.054529,10.536081,10.017633,9.499184,8.980736,,,,,,,,,,8.864500,9.185833,9.546583,10.104500,8.864500,9.339450,8.389550,9.101975,8.627025
2026-04-16,8.640000,2026-03-31,2025-12-31,-0.610000,-2.930000,-2.948805,-3.414791,0.182044,11.072116,10.538726,10.005337,9.471948,8.938558,,,,,,,,,,8.842500,9.177500,9.534000,10.094875,8.842500,9.316181,8.368819,9.079340,8.605660
2026-04-17,8.920000,2026-03-31,2025-12-31,-0.610000,-2.930000,-3.044369,-3.411249,0.185082,11.079541,10.537250,9.994959,9.452669,8.910378,,,,,,,,,,8.835500,9.173500,9.523333,10.086833,8.835500,9.299690,8.371310,9.067595,8.603405
2026-04-20,8.880000,2026-03-31,2025-12-31,-0.610000,-2.930000,-3.030717,-3.407735,0.188270,11.087926,10.536295,9.984664,9.433033,8.881402,,,,,,,,,,8.827000,9.168167,9.512750,10.076958,8.827000,9.280761,8.373239,9.053880,8.600120
2026-04-21,8.900000,2026-03-31,2025-12-31,-0.610000,-2.930000,-3.037543,-3.404420,0.191258,11.095723,10.535337,9.974950,9.414563,8.854177,,,,,,,,,,8.820000,9.164167,9.502750,10.067375,8.820000,9.264143,8.375857,9.042072,8.597928
2026-04-22,8.890000,2026-03-31,2025-12-31,-0.610000,-2.930000,-3.034130,-3.400793,0.194122,11.101875,10.533099,9.964323,9.395546,8.826770,,,,,,,,,,8.814000,9.159667,9.491833,10.057542,8.814000,9.250512,8.377488,9.032256,8.595744
2026-04-23,8.600000,2026-03-31,2025-12-31,-0.610000,-2.930000,-2.935154,-3.396341,0.198609,11.115129,10.533204,9.951278,9.369353,8.787427,,,,,,,,,,8.793000,9.149833,9.478500,10.046292,8.793000,9.228194,8.357806,9.010597,8.575403
2026-04-24,8.530000,2026-03-31,2025-12-31,-0.610000,-2.930000,-2.911263,-3.391831,0.203411,11.130056,10.534061,9.938066,9.342071,8.746076,,,,,,,,,,8.767500,9.139333,9.465000,10.033708,8.767500,9.201520,8.333480,8.984510,8.550490
2026-04-27,8.440000,2026-03-31,2025-12-31,-0.610000,-2.930000,-2.880546,-3.387066,0.208612,11.146573,10.535338,9.924104,9.312869,8.701635,,,,,,,,,,8.737500,9.127833,9.450750,10.021583,8.737500,9.175143,8.299857,8.956322,8.518678
2026-04-28,8.410000,2026-03-31,2025-12-31,-0.610000,-2.930000,-2.870307,-3.382216,0.213784,11.162666,10.536279,9.909891,9.283504,8.657117,,,,,,,,,,8.706000,9.116333,9.436250,10.007250,8.706000,9.142657,8.269343,8.924329,8.487671
2026-04-29,8.430000,2026-03-31,2025-12-31,-0.610000,-2.930000,-2.877133,-3.377422,0.218593,11.176800,10.536323,9.895846,9.255369,8.614892,,,,,,,,,,8.677000,9.090167,9.421917,9.995292,8.677000,9.105613,8.248387,8.891307,8.462693
2026-04-30,8.340000,2026-03-31,2025-12-31,-0.610000,-2.930000,-2.846416,-3.372372,0.223784,11.192426,10.536738,9.881050,9.225362,8.569675,,,,,,,,,,8.644000,9.069667,9.406833,9.981708,8.644000,9.069523,8.218477,8.856761,8.431239
2026-05-04,8.200000,2026-03-31,2025-12-31,-0.610000,-2.930000,-2.798635,-3.367066,0.229747,11.211822,10.538663,9.865503,9.192344,8.519184,,,,,,,,,,8.604000,9.047167,9.391000,9.966292,8.604000,9.038918,8.169082,8.821459,8.386541
2026-05-05,8.150000,2026-03-31,2025-12-31,-0.610000,-2.930000,-2.781570,-3.361618,0.235787,11.231249,10.540394,9.849539,9.158684,8.467829,,,,,,,,,,8.566500,9.017833,9.374750,9.949000,8.566500,9.022767,8.110233,8.794634,8.338366
2026-05-06,8.120000,2026-03-31,2025-12-31,-0.610000,-2.930000,-2.771331,-3.356084,0.241758,11.250026,10.541676,9.833326,9.124975,8.416625,,,,,,,,,,8.531000,8.992833,9.358250,9.933458,8.531000,9.010820,8.051180,8.770910,8.291090
2026-05-07,8.000000,2026-03-31,2025-12-31,-0.610000,-2.930000,-2.730375,-3.350351,0.248337,11.271780,10.544154,9.816527,9.088901,8.361275,,,,,,,,,,8.496500,8.963333,9.341167,9.916792,8.496500,9.024945,7.968055,8.760722,8.232278
2026-05-08,8.040000,2026-03-31,2025-12-31,-0.610000,-2.930000,-2.744027,-3.344901,0.254384,11.291253,10.545907,9.800560,9.055214,8.309868,,,,,,,,,,8.477000,8.936667,9.324917,9.900500,8.477000,9.043210,7.910790,8.760105,8.193895
2026-05-11,8.000000,2026-03-31,2025-12-31,-0.610000,-2.930000,-2.730375,-3.339168,0.260397,11.309686,10.546724,9.783762,9.020800,8.257838,,,,,,,,,,8.454000,8.909167,9.307833,9.882792,8.454000,9.059150,7.848850,8.756575,8.151425
2026-05-12,8.000000,2026-03-31,2025-12-31,-0.610000,-2.930000,-2.730375,-3.333576,0.266190,11.327249,10.547314,9.767379,8.987443,8.207508,,,,,,,,,,8.430000,8.885833,9.291167,9.865083,8.430000,9.067990,7.792010,8.748995,8.111005
2026-05-13,7.980000,2026-03-31,2025-12-31,-0.610000,-2.930000,-2.723549,-3.327985,0.271885,11.344239,10.547617,9.750995,8.954373,8.157751,,,,,,,,,,8.402500,8.862167,9.274500,9.848333,8.402500,9.069114,7.735886,8.735807,8.069193
2026-05-14,7.980000,2026-03-31,2025-12-31,-0.610000,-2.930000,-2.723549,-3.322506,0.277376,11.360367,10.547655,9.734943,8.922231,8.109519,,,,,,,,,,8.372500,8.835833,9.258167,9.831792,8.372500,9.059182,7.685818,8.715841,8.029159
2026-05-15,7.910000,2026-05-15,2026-03-31,-0.280000,-2.870000,-2.756098,-3.317327,0.282101,11.139989,10.330360,9.520730,8.711100,7.901470,,,,,,,,,,8.336000,8.809667,9.241333,9.816000,8.336000,9.040195,7.631805,8.688097,7.983903
2026-05-18,7.850000,2026-05-15,2026-03-31,-0.280000,-2.870000,-2.735192,-3.311776,0.286946,11.151870,10.328334,9.504797,8.681261,7.857725,,,,,,,,,,8.282500,8.783500,9.223417,9.799542,8.282500,8.962032,7.602968,8.622266,7.942734
2026-05-19,7.810000,2026-05-15,2026-03-31,-0.280000,-2.870000,-2.721254,-3.305683,0.291659,11.161435,10.324373,9.487311,8.650249,7.813187,,,,,,,,,,8.229000,8.760500,9.203917,9.783125,8.229000,8.878272,7.579728,8.553636,7.904364
2026-05-20,7.800000,2026-05-15,2026-03-31,-0.280000,-2.870000,-2.717770,-3.297766,0.294625,11.155736,10.310162,9.464588,8.619013,7.773439,,,,,,,,,,8.174000,8.737500,9.185167,9.767292,8.174000,8.767948,7.580052,8.470974,7.877026
2026-05-21,7.710000,2026-05-15,2026-03-31,-0.280000,-2.870000,-2.686411,-3.289587,0.297869,11.150885,10.295999,9.441114,8.586229,7.731344,,,,,,,,,,8.115000,8.712500,9.165667,9.749000,8.115000,8.639896,7.590104,8.377448,7.852552
2026-05-22,7.610000,2026-05-15,2026-03-31,-0.280000,-2.870000,-2.651568,-3.281300,0.301679,11.148969,10.283150,9.417331,8.551512,7.685693,,,,,,,,,,8.065500,8.680833,9.145833,9.732167,8.065500,8.584506,7.546494,8.325003,7.805997
2026-05-25,7.600000,2026-05-15,2026-03-31,-0.280000,-2.870000,-2.648084,-3.273015,0.305312,11.146040,10.269796,9.393552,8.517308,7.641063,,,,,,,,,,8.019000,8.649500,9.126000,9.716542,8.019000,8.529352,7.508648,8.274176,7.763824
2026-05-26,7.540000,2026-05-15,2026-03-31,-0.280000,-2.870000,-2.627178,-3.264616,0.309108,11.143727,10.256587,9.369447,8.482307,7.595167,,,,,,,,,,7.974000,8.617000,9.105833,9.700667,7.974000,8.486759,7.461241,8.230380,7.717620
2026-05-27,7.570000,2026-05-15,2026-03-31,-0.280000,-2.870000,-2.637631,-3.256578,0.312775,11.141709,10.244043,9.346378,8.448713,7.551047,,,,,,,,,,7.932000,8.586333,9.086667,9.686375,7.932000,8.431836,7.432164,8.181918,7.682082
2026-05-28,7.720000,2026-05-15,2026-03-31,-0.280000,-2.870000,-2.689895,-3.248641,0.314981,11.131589,10.227594,9.323599,8.419604,7.515608,,,,,,,,,,7.896500,8.558000,9.067833,9.672708,7.896500,8.345699,7.447301,8.121100,7.671900
2026-05-29,7.820000,2026-05-15,2026-03-31,-0.280000,-2.870000,-2.724739,-3.240933,0.316399,11.117609,10.209544,9.301478,8.393413,7.485348,,,,,,,,,,7.870500,8.533333,9.049667,9.659458,7.870500,8.268943,7.472057,8.069722,7.671278
2026-06-01,7.760000,2026-05-15,2026-03-31,-0.280000,-2.870000,-2.703833,-3.232900,0.317704,11.102041,10.190231,9.278422,8.366612,7.454803,,,,,,,,,,7.848500,8.510667,9.030583,9.645958,7.848500,8.217868,7.479132,8.033184,7.663816
2026-06-02,7.980000,2026-05-15,2026-03-31,-0.280000,-2.870000,-2.780488,-3.225657,0.318030,11.083129,10.170382,9.257634,8.344887,7.432140,,,,,,,,,,7.840000,8.489500,9.013750,9.633583,7.840000,8.187321,7.492679,8.013660,7.666340
2026-06-03,8.770000,2026-05-15,2026-03-31,-0.280000,-2.870000,-3.055749,-3.220981,0.316351,11.060074,10.152145,9.244216,8.336288,7.428359,,,,,,,,,,7.872500,8.480667,9.004250,9.624708,7.872500,8.403314,7.341686,8.137907,7.607093
2026-06-04,9.400000,2026-05-15,2026-03-31,-0.280000,-2.870000,-3.275261,-3.218105,0.314251,11.039762,10.137862,9.235961,8.334060,7.432159,,,,,,,,,,7.942500,8.485333,8.999917,9.617833,7.942500,8.807902,7.077098,8.375201,7.509799
2026-06-05,8.490000,2026-05-15,2026-03-31,-0.280000,-2.870000,-2.958188,-3.212647,0.313018,11.017018,10.118657,9.220297,8.321936,7.423575,,,,,,,,,,7.965000,8.475167,8.988167,9.606958,7.965000,8.863830,7.066170,8.414415,7.515585
2026-06-08,8.100000,2026-05-15,2026-03-31,-0.280000,-2.870000,-2.822300,-3.206026,0.312800,10.996767,10.099031,9.201295,8.303559,7.405823,,,,,,,,,,7.970000,8.457667,8.973083,9.594875,7.970000,8.870760,7.069240,8.420380,7.519620
2026-06-09,8.130000,2026-05-15,2026-03-31,-0.280000,-2.870000,-2.832753,-3.199462,0.312295,10.975028,10.078742,9.182456,8.286170,7.389884,,,,,,,,,,7.976500,8.441333,8.958167,9.583750,7.976500,8.880043,7.072957,8.428272,7.524728
2026-06-10,7.930000,2026-05-15,2026-03-31,-0.280000,-2.870000,-2.763066,-3.192469,0.312596,10.956687,10.059537,9.162387,8.265237,7.368087,,,,,,,,,,7.974000,8.422333,8.942000,9.572208,7.974000,8.877779,7.070221,8.425890,7.522110
2026-06-11,7.970000,2026-05-15,2026-03-31,-0.280000,-2.870000,-2.777003,-3.185532,0.312501,10.936232,10.039354,9.142477,8.245600,7.348722,,,,,,,,,,7.973500,8.403500,8.926000,9.560625,7.973500,8.877276,7.069724,8.425388,7.521612
2026-06-12,8.010000,2026-05-15,2026-03-31,-0.280000,-2.870000,-2.790941,-3.178680,0.312060,10.914036,10.018424,9.122813,8.227201,7.331590,,,,,,,,,,7.978500,8.385667,8.910250,9.549000,7.978500,8.881904,7.075096,8.430202,7.526798
2026-06-15,8.110000,2026-05-15,2026-03-31,-0.280000,-2.870000,-2.825784,-3.172271,0.311337,10.891492,9.997955,9.104418,8.210881,7.317344,,,,,,,,,,7.991500,8.369833,8.895750,9.537792,7.991500,8.894601,7.088399,8.443050,7.539950
2026-06-16,7.970000,2026-05-15,2026-03-31,-0.280000,-2.870000,-2.777003,-3.165395,0.310874,10.869100,9.976891,9.084683,8.192474,7.300265,,,,,,,,,,7.999500,8.351833,8.879917,9.527875,7.999500,8.898657,7.100343,8.449078,7.549922
2026-06-17,8.010000,2026-05-15,2026-03-31,-0.280000,-2.870000,-2.790941,-3.158756,0.310288,10.846682,9.956156,9.065629,8.175103,7.284576,,,,,,,,,,8.010000,8.334667,8.864750,9.518333,8.010000,8.904239,7.115761,8.457119,7.562881
2026-06-18,7.980000,2026-05-15,2026-03-31,-0.280000,-2.870000,-2.780488,-3.152030,0.309661,10.823781,9.935054,9.046326,8.157598,7.268871,,,,,,,,,,8.023500,8.317500,8.849333,9.508875,8.023500,8.906754,7.140246,8.465127,7.581873
2026-06-22,7.810000,2026-05-15,2026-03-31,-0.280000,-2.870000,-2.721254,-3.145054,0.309859,10.804896,9.915600,9.026305,8.137009,7.247713,,,,,,,,,,8.033500,8.297333,8.833167,9.497667,8.033500,8.901438,7.165562,8.467469,7.599531
2026-06-23,7.720000,2026-05-15,2026-03-31,-0.280000,-2.870000,-2.689895,-3.137877,0.310349,10.787108,9.896408,9.005707,8.115007,7.224307,,,,,,,,,,8.039500,8.275333,8.816417,9.486500,8.039500,8.896409,7.182591,8.467955,7.611045
2026-06-24,7.800000,2026-05-15,2026-03-31,-0.280000,-2.870000,-2.717770,-3.131024,0.310471,10.768142,9.877090,8.986039,8.094988,7.203936,,,,,,,,,,8.052500,8.254667,8.800583,9.475458,8.052500,8.885045,7.219955,8.468773,7.636227
2026-06-25,7.760000,2026-05-15,2026-03-31,-0.280000,-2.870000,-2.703833,-3.124024,0.310555,10.748537,9.857243,8.965950,8.074656,7.183363,,,,,,,,,,8.062000,8.233333,8.784333,9.465708,8.062000,8.875481,7.248519,8.468741,7.655259
2026-06-26,7.650000,2026-05-15,2026-03-31,-0.280000,-2.870000,-2.665505,-3.116614,0.310800,10.728677,9.836679,8.944682,8.052685,7.160688,,,,,,,,,,8.058500,8.210667,8.766917,9.454875,8.058500,8.878751,7.238249,8.468625,7.648375
2026-06-29,7.720000,2026-05-15,2026-03-31,-0.280000,-2.870000,-2.689895,-3.109437,0.310626,10.707081,9.815583,8.924085,8.032587,7.141090,,,,,,,,,,8.053500,8.189333,8.750167,9.443917,8.053500,8.881059,7.225941,8.467279,7.639721
2026-06-30,7.890000,2026-05-15,2026-03-31,-0.280000,-2.870000,-2.749129,-3.102785,0.309714,10.682752,9.793872,8.904992,8.016112,7.127233,,,,,,,,,,8.060000,8.170833,8.734917,9.430750,8.060000,8.879859,7.240141,8.469929,7.650071
2026-07-01,7.930000,2026-05-15,2026-03-31,-0.280000,-2.870000,-2.763066,-3.096157,0.308389,10.656126,9.771048,8.885971,8.000893,7.115815,,,,,,,,,,8.057500,8.154667,8.719750,9.418375,8.057500,8.878690,7.236310,8.468095,7.646905
2026-07-02,8.720000,2026-05-15,2026-03-31,-0.280000,-2.870000,-3.038328,-3.092066,0.305842,10.629765,9.751998,8.874231,7.996463,7.118696,,,,,,,,,,8.055000,8.152833,8.711833,9.410333,8.055000,8.867313,7.242687,8.461157,7.648843
2026-07-03,9.000000,2026-05-15,2026-03-31,-0.280000,-2.870000,-3.135889,-3.088789,0.303214,10.605275,9.735049,8.864824,7.994598,7.124373,,,,,,,,,,8.035000,8.158000,8.706250,9.403042,8.035000,8.717148,7.352852,8.376074,7.693926
2026-07-06,8.520000,2026-05-15,2026-03-31,-0.280000,-2.870000,-2.968641,-3.084209,0.300814,10.578354,9.715016,8.851679,7.988342,7.125005,,,,,,,,,,8.036500,8.159500,8.696917,9.395833,8.036500,8.722979,7.350021,8.379740,7.693260
2026-07-07,8.460000,2026-05-15,2026-03-31,-0.280000,-2.870000,-2.947735,-3.079667,0.298702,10.553194,9.695920,8.838645,7.981371,7.124097,,,,,,,,,,8.054500,8.159500,8.687667,9.389542,8.054500,8.766398,7.342602,8.410449,7.698551
2026-07-08,8.340000,2026-05-15,2026-03-31,-0.280000,-2.870000,-2.905923,-3.076025,0.298128,10.539443,9.683817,8.828190,7.972564,7.116938,,,,,,,,,,8.065000,8.157167,8.680833,9.382208,8.065000,8.787700,7.342300,8.426350,7.703650
2026-07-09,8.260000,2026-05-15,2026-03-31,-0.280000,-2.870000,-2.878049,-3.072332,0.297810,10.527021,9.672307,8.817593,7.962878,7.108164,,,,,,,,,,8.081500,8.152667,8.673833,9.374958,8.081500,8.806287,7.356713,8.443894,7.719106
2026-07-13,8.130000,2026-05-15,2026-03-31,-0.280000,-2.870000,-2.832753,-3.068171,0.297638,10.514092,9.659871,8.805649,7.951428,7.097207,,,,,,,,,,8.089500,8.145167,8.665500,9.366750,8.089500,8.812636,7.366364,8.451068,7.727932
2026-07-14,8.060000,2026-05-15,2026-03-31,-0.280000,-2.870000,-2.808362,-3.063775,0.297547,10.500957,9.646996,8.793036,7.939075,7.085114,,,,,,,,,,8.092000,8.135500,8.656500,9.358250,8.092000,8.814324,7.369676,8.453162,7.730838
2026-07-15,8.290000,2026-05-15,2026-03-31,-0.280000,-2.870000,-2.888502,-3.059987,0.296855,10.486109,9.634137,8.782164,7.930191,7.078219,,,,,,,,,,8.101000,8.125000,8.649250,9.350708,8.101000,8.828733,7.373267,8.464867,7.737133
2026-07-16,8.470000,2026-05-15,2026-03-31,-0.280000,-2.870000,-2.951220,-3.056600,0.295746,10.470027,9.621235,8.772443,7.923652,7.074860,,,,,,,,,,8.126000,8.118167,8.643167,9.343917,8.126000,8.868978,7.383022,8.497489,7.754511
2026-07-17,8.250000,2026-05-15,2026-03-31,-0.280000,-2.870000,-2.874564,-3.052757,0.295084,10.455194,9.608303,8.761413,7.914522,7.067631,,,,,,,,,,8.138000,8.107333,8.635750,9.336000,8.138000,8.880842,7.395158,8.509421,7.766579
2026-07-20,8.330000,2026-05-15,2026-03-31,-0.280000,-2.870000,-2.902439,-3.049085,0.294181,10.439474,9.595174,8.750874,7.906575,7.062275,,,,,,,,,,8.155500,8.098000,8.628833,9.328833,8.155500,8.899160,7.411840,8.527330,7.783670
2026-07-21,8.300000,2026-05-15,2026-03-31,-0.280000,-2.870000,-2.891986,-3.045235,0.293178,10.422669,9.581247,8.739824,7.898402,7.056980,,,,,,,,,,8.180000,8.093000,8.621417,9.320917,8.180000,8.907852,7.452148,8.543926,7.816074
2026-07-22,8.200000,2026-05-15,2026-03-31,-0.280000,-2.870000,-2.857143,-3.041186,0.292385,10.406493,9.567348,8.728203,7.889058,7.049913,,,,,,,,,,8.204000,8.087500,8.613417,9.312583,8.204000,8.898896,7.509104,8.551448,7.856552
2026-07-23,8.370000,2026-05-15,2026-03-31,-0.280000,-2.870000,-2.916376,-3.037721,0.291370,10.390724,9.554492,8.718259,7.882027,7.045795,,,,,,,,,,8.232500,8.086333,8.607083,9.304750,8.232500,8.903991,7.561009,8.568245,7.896755
2026-07-24,8.270000,2026-05-15,2026-03-31,-0.280000,-2.870000,-2.881533,-3.034057,0.290539,10.375438,9.541591,8.707745,7.873898,7.040052,,,,,,,,,,8.258000,8.084000,8.600167,9.296708,8.258000,8.891606,7.624394,8.574803,7.941197
2026-07-27,8.310000,2026-05-15,2026-03-31,-0.280000,-2.870000,-2.895470,-3.027773,0.285219,10.326867,9.508287,8.689708,7.871128,7.052549,,,,,,,,,,8.291000,8.082000,8.586083,9.288625,8.291000,8.856347,7.725653,8.573673,8.008327
2026-07-28,8.150000,2026-05-15,2026-03-31,-0.280000,-2.870000,-2.839721,-3.022331,0.282491,10.295587,9.484839,8.674091,7.863343,7.052595,,,,,,,,,,8.312500,8.078833,8.574250,9.280500,8.312500,8.815706,7.809294,8.564103,8.060897
2026-07-29,7.970000,2026-05-15,2026-03-31,-0.280000,-2.870000,-2.777003,-3.016428,0.280124,10.265061,9.461105,8.657148,7.853192,7.049235,,,,,,,,,,8.316500,8.075000,8.561083,9.271625,8.316500,8.806668,7.826332,8.561584,8.071416
2026-07-30,7.960000,2026-05-15,2026-03-31,-0.280000,-2.870000,-2.773519,-3.009401,0.275476,10.218210,9.427595,8.636980,7.846365,7.055750,,,,,,,,,,8.318000,8.071833,8.544833,9.262917,8.318000,8.803347,7.832653,8.560674,8.075326
2026-07-31,8.030000,2026-05-15,2026-03-31,-0.280000,-2.870000,-2.797909,-3.003459,0.272237,10.182569,9.401248,8.619926,7.838605,7.057284,,,,,,,,,,8.283500,8.070333,8.531583,9.254500,8.283500,8.746091,7.820909,8.514796,8.052204
2026-08-03,7.980000,2026-05-15,2026-03-31,-0.280000,-2.870000,-2.780488,-2.996915,0.268014,10.139546,9.370347,8.601147,7.831947,7.062748,,,,,,,,,,8.232500,8.070000,8.516667,9.245875,8.232500,8.570661,7.894339,8.401580,8.063420
2026-08-04,7.930000,2026-05-15,2026-03-31,-0.280000,-2.870000,-2.763066,-2.990622,0.264513,10.101390,9.342238,8.583086,7.823933,7.064781,,,,,,,,,,8.203000,8.068167,8.502417,9.236417,8.203000,8.538487,7.867513,8.370744,8.035256
2026-08-05,7.920000,2026-05-15,2026-03-31,-0.280000,-2.870000,-2.759582,-2.984270,0.260774,10.061696,9.313275,8.564853,7.816432,7.068011,,,,,,,,,,8.176000,8.066833,8.488000,9.227333,8.176000,8.511318,7.840682,8.343659,8.008341
2026-08-06,7.920000,2026-05-15,2026-03-31,-0.280000,-2.870000,-2.759582,-2.978677,0.258305,10.031473,9.290138,8.548804,7.807469,7.066135,,,,,,,,,,8.155000,8.065500,8.475667,9.218667,8.155000,8.499552,7.810448,8.327276,7.982724
2026-08-07,7.900000,2026-05-15,2026-03-31,-0.280000,-2.870000,-2.752613,-2.973027,0.255738,10.000523,9.266555,8.532587,7.798619,7.064651,,,,,,,,,,8.137000,8.064167,8.463167,9.208875,8.137000,8.495776,7.778224,8.316388,7.957612
2026-08-10,7.920000,2026-05-15,2026-03-31,-0.280000,-2.870000,-2.759582,-2.966948,0.252012,9.961687,9.238414,8.515141,7.791867,7.068594,,,,,,,,,,8.126500,8.063167,8.449500,9.200250,8.126500,8.498197,7.754803,8.312349,7.940651
2026-08-11,7.950000,2026-05-15,2026-03-31,-0.280000,-2.870000,-2.770035,-2.961199,0.248517,9.925130,9.211886,8.498642,7.785399,7.072155,,,,,,,,,,8.121000,8.063833,8.436750,9.191750,8.121000,8.500024,7.741976,8.310512,7.931488
2026-08-12,7.950000,2026-05-15,2026-03-31,-0.280000,-2.870000,-2.770035,-2.955633,0.245207,9.890156,9.186412,8.482668,7.778924,7.075180,,,,,,,,,,8.104000,8.065500,8.424500,9.183250,8.104000,8.481605,7.726395,8.292802,7.915198
2026-08-13,7.950000,2026-05-15,2026-03-31,-0.280000,-2.870000,-2.770035,-2.950767,0.243019,9.863632,9.166166,8.468701,7.771236,7.073770,,,,,,,,,,8.078000,8.067833,8.414167,9.173458,8.078000,8.419366,7.736634,8.248683,7.907317
2026-08-14,7.920000,2026-08-14,2026-06-30,-0.500000,-1.810000,-4.375691,-2.959311,0.273322,6.345781,5.851067,5.356353,4.861640,4.366926,,,,,,,,,,8.061500,8.069833,8.403667,9.163958,8.061500,8.399748,7.723252,8.230624,7.892376
2026-08-17,7.830000,2026-08-14,2026-06-30,-0.500000,-1.810000,-4.325967,-2.967350,0.298291,6.450716,5.910810,5.370904,4.830998,4.291091,,,,,,,,,,8.036500,8.071833,8.392167,9.154083,8.036500,8.364959,7.708041,8.200729,7.872271
2026-08-18,7.770000,2026-08-14,2026-06-30,-0.500000,-1.810000,-4.292818,-2.974200,0.318690,6.536962,5.960132,5.383302,4.806473,4.229643,,,,,,,,,,8.010000,8.074500,8.377667,9.144583,8.010000,8.334443,7.685557,8.172221,7.847779
2026-08-19,7.770000,2026-08-14,2026-06-30,-0.500000,-1.810000,-4.292818,-2.981142,0.337853,6.618893,6.007379,5.395866,4.784353,4.172840,,,,,,,,,,7.988500,8.077333,8.363417,9.134458,7.988500,8.316895,7.660105,8.152697,7.824303
2026-08-20,7.810000,2026-08-14,2026-06-30,-0.500000,-1.810000,-4.314917,-2.988237,0.356493,6.699215,6.053962,5.408708,4.763455,4.118202,,,,,,,,,,7.960500,8.081833,8.349417,9.124708,7.960500,8.244418,7.676582,8.102459,7.818541
2026-08-21,7.810000,2026-08-14,2026-06-30,-0.500000,-1.810000,-4.314917,-2.995575,0.374369,6.777205,6.099598,5.421991,4.744384,4.066777,,,,,,,,,,7.937500,8.085833,8.336083,9.115375,7.937500,8.188467,7.686533,8.062983,7.812017
2026-08-24,7.810000,2026-08-14,2026-06-30,-0.500000,-1.810000,-4.314917,-3.002883,0.391255,6.851563,6.143391,5.435218,4.727046,4.018874,,,,,,,,,,7.912500,8.087333,8.322667,9.105833,7.912500,8.098412,7.726588,8.005456,7.819544
2026-08-25,7.700000,2026-08-14,2026-06-30,-0.500000,-1.810000,-4.254144,-3.010050,0.406078,6.918192,6.183191,5.448190,4.713189,3.978188,,,,,,,,,,7.890000,8.085333,8.309333,9.095833,7.890000,8.063387,7.716613,7.976694,7.803306
2026-08-26,7.750000,2026-08-14,2026-06-30,-0.500000,-1.810000,-4.281768,-3.017994,0.421395,6.988020,6.225294,5.462569,4.699843,3.937118,,,,,,,,,,7.879000,8.085167,8.297917,9.086042,7.879000,8.058813,7.699187,7.968906,7.789094
2026-08-27,7.750000,2026-08-14,2026-06-30,-0.500000,-1.810000,-4.281768,-3.025543,0.435731,7.053578,6.264905,5.476232,4.687559,3.898887,,,,,,,,,,7.868500,8.081333,8.285417,9.076250,7.868500,8.052865,7.684135,7.960683,7.776317
2026-08-28,7.720000,2026-08-14,2026-06-30,-0.500000,-1.810000,-4.265193,-3.032801,0.448977,7.114666,6.302018,5.489370,4.676722,3.864075,,,,,,,,,,7.853000,8.063833,8.272250,9.066125,7.853000,8.032250,7.673750,7.942625,7.763375
2026-08-31,7.590000,2026-08-14,2026-06-30,-0.500000,-1.810000,-4.193370,-3.040009,0.460556,7.169628,6.336022,5.502416,4.668810,3.835203,,,,,,,,,,7.833500,8.033667,8.259500,9.055250,7.833500,8.037695,7.629305,7.935598,7.731402
2026-09-01,7.570000,2026-08-14,2026-06-30,-0.500000,-1.810000,-4.182320,-3.047185,0.471552,7.222421,6.368913,5.515405,4.661897,3.808388,,,,,,,,,,7.815500,8.018333,8.246750,9.040125,7.815500,8.045692,7.585308,7.930596,7.700404
2026-09-02,7.530000,2026-08-14,2026-06-30,-0.500000,-1.810000,-4.160221,-3.054025,0.481671,7.271433,6.399609,5.527785,4.655962,3.784138,,,,,,,,,,7.796000,8.008833,8.233250,9.026708,7.796000,8.053388,7.538612,7.924694,7.667306
2026-09-03,7.580000,2026-08-14,2026-06-30,-0.500000,-1.810000,-4.187845,-3.061217,0.492078,7.322126,6.431464,5.540803,4.650141,3.759479,,,,,,,,,,7.779000,7.999667,8.220500,9.014750,7.779000,8.046613,7.511387,7.912807,7.645193
2026-09-04,7.570000,2026-08-14,2026-06-30,-0.500000,-1.810000,-4.182320,-3.068484,0.502124,7.371647,6.462802,5.553957,4.645112,3.736267,,,,,,,,,,7.762500,7.993667,8.208000,9.001708,7.762500,8.039239,7.485761,7.900869,7.624131
2026-09-07,7.590000,2026-08-14,2026-06-30,-0.500000,-1.810000,-4.193370,-3.075753,0.512028,7.420653,6.493883,5.567113,4.640343,3.713573,,,,,,,,,,7.746000,7.987333,8.195417,8.989792,7.746000,8.022550,7.469450,7.884275,7.607725
2026-09-08,7.550000,2026-08-14,2026-06-30,-0.500000,-1.810000,-4.171271,-3.082898,0.521277,7.467068,6.523556,5.580045,4.636534,3.693022,,,,,,,,,,7.726000,7.979667,8.182667,8.978333,7.726000,7.998254,7.453746,7.862127,7.589873
2026-09-09,7.560000,2026-08-14,2026-06-30,-0.500000,-1.810000,-4.176796,-3.090150,0.530388,7.513177,6.553174,5.593171,4.633168,3.673165,,,,,,,,,,7.706500,7.970500,8.170167,8.967125,7.706500,7.966805,7.446195,7.836653,7.576347
2026-09-10,7.680000,2026-08-14,2026-06-30,-0.500000,-1.810000,-4.243094,-3.097985,0.540407,7.563626,6.585489,5.607352,4.629215,3.651078,,,,,,,,,,7.693000,7.965667,8.158750,8.956208,7.693000,7.926788,7.459212,7.809894,7.576106
2026-09-11,7.650000,2026-08-14,2026-06-30,-0.500000,-1.810000,-4.226519,-3.105712,0.549856,7.611817,6.616577,5.621338,4.626098,3.630859,,,,,,,,,,7.679500,7.959667,8.147167,8.945375,7.679500,7.887900,7.471100,7.783700,7.575300
2026-09-14,7.560000,2026-08-14,2026-06-30,-0.500000,-1.810000,-4.176796,-3.113116,0.558253,7.655616,6.645178,5.634739,4.624301,3.613862,,,,,,,,,,7.666000,7.952667,8.135083,8.933125,7.666000,7.868240,7.463760,7.767120,7.564880
2026-09-15,7.470000,2026-08-14,2026-06-30,-0.500000,-1.810000,-4.127072,-3.120075,0.565658,7.695016,6.671176,5.647335,4.623495,3.599654,,,,,,,,,,7.651000,7.947000,8.122167,8.921333,7.651000,7.864926,7.437074,7.757963,7.544037
2026-09-16,7.500000,2026-08-14,2026-06-30,-0.500000,-1.810000,-4.143646,-3.127111,0.573108,7.734723,6.697397,5.660071,4.622745,3.585419,,,,,,,,,,7.637500,7.943333,8.109333,8.909250,7.637500,7.853870,7.421130,7.745685,7.529315
2026-09-17,7.560000,2026-08-14,2026-06-30,-0.500000,-1.810000,-4.176796,-3.134424,0.580869,7.776054,6.724681,5.673307,4.621934,3.570560,,,,,,,,,,7.625000,7.939333,8.097000,8.897208,7.625000,7.827874,7.422126,7.726437,7.523563
2026-09-18,7.630000,2026-08-14,2026-06-30,-0.500000,-1.810000,-4.215470,-3.142059,0.589018,7.819373,6.753250,5.687127,4.621003,3.554880,,,,,,,,,,7.616000,7.937167,8.085250,8.885875,7.616000,7.799349,7.432651,7.707674,7.524326
2026-09-21,7.590000,2026-08-14,2026-06-30,-0.500000,-1.810000,-4.193370,-3.149601,0.596652,7.860658,6.780718,5.700778,4.620838,3.540898,,,,,,,,,,7.605000,7.936167,8.073417,8.874792,7.605000,7.764142,7.445858,7.684571,7.525429
2026-09-22,7.810000,2026-08-14,2026-06-30,-0.500000,-1.810000,-4.314917,-3.159961,0.606008,7.913279,6.816404,5.719530,4.622656,3.525781,,,,,,,,,,7.610500,7.937667,8.063500,8.864625,7.610500,7.789794,7.431206,7.700147,7.520853
2026-09-23,7.780000,2026-08-14,2026-06-30,-0.500000,-1.810000,-4.298343,-3.170184,0.614788,7.963566,6.850799,5.738032,4.625265,3.512498,,,,,,,,,,7.612000,7.935833,8.053333,8.854333,7.612000,7.796630,7.427370,7.704315,7.519685
2026-09-24,7.760000,2026-08-14,2026-06-30,-0.500000,-1.810000,-4.287293,-3.180598,0.623052,8.012333,6.884608,5.756883,4.629158,3.501433,,,,,,,,,,7.612500,7.933000,8.043833,8.844375,7.612500,7.798751,7.426249,7.705626,7.519374
2026-09-29,7.610000,2026-08-14,2026-06-30,-0.500000,-1.810000,-4.204420,-3.190521,0.629817,8.054781,6.914812,5.774843,4.634875,3.494906,,,,,,,,,,7.607000,7.914500,8.033667,8.833583,7.607000,7.786250,7.427750,7.696625,7.517375
2026-09-30,7.610000,2026-08-14,2026-06-30,-0.500000,-1.810000,-4.204420,-3.200842,0.636220,8.096643,6.945084,5.793525,4.641966,3.490407,,,,,,,,,,7.608000,7.891333,8.024667,8.821958,7.608000,7.787074,7.428926,7.697537,7.518463
2026-10-01,7.660000,2026-08-14,2026-06-30,-0.500000,-1.810000,-4.232044,-3.212133,0.642420,8.139521,6.976741,5.813961,4.651182,3.488402,,,,,,,,,,7.612500,7.877000,8.018250,8.810958,7.612500,7.792076,7.432924,7.702288,7.522712
2026-10-02,7.570000,2026-08-14,2026-06-30,-0.500000,-1.810000,-4.182320,-3.222925,0.647773,8.178430,7.005962,5.833494,4.661025,3.488557,,,,,,,,,,7.614500,7.862167,8.010833,8.799792,7.614500,7.791073,7.437927,7.702786,7.526214
2026-10-05,7.530000,2026-08-14,2026-06-30,-0.500000,-1.810000,-4.160221,-3.233475,0.652665,8.215237,7.033913,5.852589,4.671266,3.489942,,,,,,,,,,7.612000,7.848667,8.002917,8.788250,7.612000,7.792012,7.431988,7.702006,7.521994
2026-10-06,7.530000,2026-08-14,2026-06-30,-0.500000,-1.810000,-4.160221,-3.243883,0.657425,8.251305,7.061366,5.871428,4.681489,3.491551,,,,,,,,,,7.610000,7.836500,7.994583,8.777125,7.610000,7.792843,7.427157,7.701422,7.518578
2026-10-07,7.610000,2026-08-14,2026-06-30,-0.500000,-1.810000,-4.204420,-3.254517,0.662578,8.289208,7.089942,5.890676,4.691410,3.492143,,,,,,,,,,7.611000,7.827833,7.986500,8.766542,7.611000,7.793601,7.428399,7.702301,7.519699
