# chart-version: skill-stock-dynamic-valuation-box@1.21.0; font: noto-sans-cjk-tc-v1; Updated: 2026-10-06 08:05 CST (1.21.0)
date,close,available_date,period_end,eps,ttm_eps,pe,pe_mean,pe_std,price_m2,price_m1,price_mean,price_p1,price_p2,forward_eps,forward_pe,forward_pe_mean,forward_pe_std,forward_price_m2,forward_price_m1,forward_price_mean,forward_price_p1,forward_price_p2,sma20,sma60,sma120,sma240,bband_mid,bband_upper2,bband_lower2,bband_upper1,bband_lower1
2023-10-05,20.600000,2023-08-14,2023-06-30,0.070000,2.120000,9.716981,9.683365,0.641220,17.809962,19.169348,20.528735,21.888121,23.247507,,,,,,,,,,20.567500,21.583333,24.357917,24.373125,20.567500,21.064094,20.070906,20.815797,20.319203
2023-10-06,20.550000,2023-08-14,2023-06-30,0.070000,2.120000,9.693396,9.686086,0.640558,17.818537,19.176520,20.534503,21.892486,23.250469,,,,,,,,,,20.567500,21.483333,24.288750,24.369375,20.567500,21.064094,20.070906,20.815797,20.319203
2023-10-11,20.200000,2023-08-14,2023-06-30,0.070000,2.120000,9.528302,9.688649,0.639295,17.829326,19.184631,20.539936,21.895241,23.250546,,,,,,,,,,20.555000,21.420000,24.220417,24.366458,20.555000,21.076031,20.033969,20.815516,20.294484
2023-10-12,20.500000,2023-08-14,2023-06-30,0.070000,2.120000,9.669811,9.692662,0.637637,17.844862,19.196652,20.548442,21.900233,23.252023,,,,,,,,,,20.570000,21.362500,24.155417,24.361667,20.570000,21.064602,20.075398,20.817301,20.322699
2023-10-13,20.500000,2023-08-14,2023-06-30,0.070000,2.120000,9.669811,9.697215,0.635485,17.863640,19.210868,20.558096,21.905324,23.252552,,,,,,,,,,20.587500,21.309167,24.092083,24.362708,20.587500,21.042733,20.132267,20.815116,20.359884
2023-10-16,20.250000,2023-08-14,2023-06-30,0.070000,2.120000,9.551887,9.702139,0.632012,17.888802,19.228668,20.568534,21.908401,23.248267,,,,,,,,,,20.590000,21.257500,24.030833,24.360417,20.590000,21.036743,20.143257,20.813371,20.366629
2023-10-17,20.200000,2023-08-14,2023-06-30,0.070000,2.120000,9.528302,9.709301,0.625036,17.933567,19.258643,20.583718,21.908794,23.233869,,,,,,,,,,20.590000,21.209167,23.976667,24.359792,20.590000,21.036743,20.143257,20.813371,20.366629
2023-10-18,20.050000,2023-08-14,2023-06-30,0.070000,2.120000,9.457547,9.715333,0.619006,17.971921,19.284213,20.596505,21.908798,23.221090,,,,,,,,,,20.572500,21.158333,23.919583,24.358125,20.572500,21.074575,20.070425,20.823537,20.321463
2023-10-19,20.200000,2023-08-14,2023-06-30,0.070000,2.120000,9.528302,9.723712,0.609458,18.030168,19.322219,20.614270,21.906322,23.198373,,,,,,,,,,20.547500,21.113333,23.869167,24.355625,20.547500,21.072130,20.022870,20.809815,20.285185
2023-10-20,20.100000,2023-08-14,2023-06-30,0.070000,2.120000,9.481132,9.731023,0.601117,18.081031,19.355399,20.629768,21.904137,23.178506,,,,,,,,,,20.525000,21.075833,23.815833,24.353542,20.525000,21.086483,19.963517,20.805741,20.244259
2023-10-23,20.000000,2023-08-14,2023-06-30,0.070000,2.120000,9.433962,9.737534,0.593521,18.127041,19.385307,20.643572,21.901838,23.160103,,,,,,,,,,20.497500,21.025833,23.760417,24.351875,20.497500,21.105755,19.889245,20.801627,20.193373
2023-10-24,20.000000,2023-08-14,2023-06-30,0.070000,2.120000,9.433962,9.743099,0.587438,18.164633,19.410001,20.655369,21.900737,23.146105,,,,,,,,,,20.470000,20.979167,23.702083,24.348750,20.470000,21.116773,19.823227,20.793387,20.146613
2023-10-25,20.000000,2023-08-14,2023-06-30,0.070000,2.120000,9.433962,9.745551,0.585508,18.178015,19.419292,20.660569,21.901846,23.143123,,,,,,,,,,20.435000,20.928333,23.634167,24.346458,20.435000,21.104721,19.765279,20.769861,20.100139
2023-10-26,19.900000,2023-08-14,2023-06-30,0.070000,2.120000,9.386792,9.748694,0.582530,18.197302,19.432266,20.667230,21.902194,23.137158,,,,,,,,,,20.380000,20.880000,23.568750,24.344583,20.380000,21.034860,19.725140,20.707430,20.052570
2023-10-27,20.100000,2023-08-14,2023-06-30,0.070000,2.120000,9.481132,9.752351,0.579427,18.218216,19.446600,20.674985,21.903369,23.131754,,,,,,,,,,20.335000,20.835000,23.504167,24.343333,20.335000,20.931569,19.738431,20.633285,20.036715
2023-10-30,20.100000,2023-08-14,2023-06-30,0.070000,2.120000,9.481132,9.755603,0.576772,18.236364,19.459121,20.681879,21.904636,23.127393,,,,,,,,,,20.297500,20.786667,23.438333,24.342500,20.297500,20.850459,19.744541,20.573979,20.021021
2023-10-31,19.950000,2023-08-14,2023-06-30,0.070000,2.120000,9.410377,9.755830,0.576630,18.237451,19.459905,20.682360,21.904815,23.127270,,,,,,,,,,20.257500,20.738333,23.363750,24.341458,20.257500,20.787917,19.727083,20.522708,19.992292
2023-11-01,19.950000,2023-08-14,2023-06-30,0.070000,2.120000,9.410377,9.758222,0.574576,18.251229,19.469330,20.687431,21.905531,23.123632,,,,,,,,,,20.220000,20.689167,23.295833,24.339583,20.220000,20.724089,19.715911,20.472044,19.967956
2023-11-02,19.950000,2023-08-14,2023-06-30,0.070000,2.120000,9.410377,9.762778,0.569568,18.282119,19.489604,20.697090,21.904575,23.112060,,,,,,,,,,20.185000,20.640833,23.234583,24.334583,20.185000,20.659730,19.710270,20.422365,19.947635
2023-11-03,19.950000,2023-08-14,2023-06-30,0.070000,2.120000,9.410377,9.769093,0.561297,18.330577,19.520527,20.710477,21.900427,23.090377,,,,,,,,,,20.152500,20.593333,23.178750,24.328333,20.152500,20.595546,19.709454,20.374023,19.930977
2023-11-06,19.950000,2023-08-14,2023-06-30,0.070000,2.120000,9.410377,9.774326,0.554913,18.368740,19.545155,20.721570,21.897985,23.074400,,,,,,,,,,20.120000,20.550000,23.119583,24.321875,20.120000,20.517889,19.722111,20.318945,19.921055
2023-11-07,20.000000,2023-08-14,2023-06-30,0.070000,2.120000,9.433962,9.766713,0.553247,18.359663,19.532547,20.705431,21.878315,23.051199,,,,,,,,,,20.092500,20.512500,23.062917,24.314167,20.092500,20.437807,19.747193,20.265153,19.919847
2023-11-08,20.000000,2023-08-14,2023-06-30,0.070000,2.120000,9.433962,9.758778,0.551113,18.351891,19.520250,20.688610,21.856970,23.025329,,,,,,,,,,20.082500,20.476667,23.005417,24.307083,20.082500,20.426279,19.738721,20.254390,19.910610
2023-11-09,20.050000,2023-08-14,2023-06-30,0.070000,2.120000,9.457547,9.750719,0.548358,18.346488,19.509006,20.671523,21.834041,22.996559,,,,,,,,,,20.060000,20.448333,22.947500,24.301042,20.060000,20.342097,19.777903,20.201049,19.918951
2023-11-10,22.050000,2023-08-14,2023-06-30,0.070000,2.120000,10.400943,9.750521,0.548116,18.347090,19.509097,20.671104,21.833110,22.995117,,,,,,,,,,20.137500,20.459167,22.906250,24.300417,20.137500,21.057955,19.217045,20.597727,19.677273
2023-11-13,21.750000,2023-08-14,2023-06-30,0.070000,2.120000,10.259434,9.750591,0.548182,18.346962,19.509108,20.671253,21.833399,22.995544,,,,,,,,,,20.212500,20.473333,22.866250,24.296875,20.212500,21.382239,19.042761,20.797370,19.627630
2023-11-14,22.300000,2023-11-14,2023-09-30,0.010000,1.060000,21.037736,9.839516,1.166158,7.957632,9.193759,10.429887,11.666014,12.902141,,,,,,,,,,20.317500,20.490000,22.828333,24.294375,20.317500,21.813908,18.821092,21.065704,19.569296
2023-11-15,22.250000,2023-11-14,2023-09-30,0.010000,1.060000,20.990566,9.927564,1.547305,7.242932,8.883075,10.523218,12.163361,13.803504,,,,,,,,,,20.427500,20.515000,22.788750,24.288542,20.427500,22.147804,18.707196,21.287652,19.567348
2023-11-16,22.550000,2023-11-14,2023-09-30,0.010000,1.060000,21.273585,10.017489,1.861502,6.672153,8.645346,10.618538,12.591731,14.564924,,,,,,,,,,20.545000,20.544167,22.750417,24.286250,20.545000,22.504296,18.585704,21.524648,19.565352
2023-11-17,22.450000,2023-11-14,2023-09-30,0.010000,1.060000,21.179245,10.107110,2.121940,6.215024,8.464280,10.713537,12.962793,15.212050,,,,,,,,,,20.662500,20.576667,22.712500,24.284583,20.662500,22.784534,18.540466,21.723517,19.601483
2023-11-20,22.100000,2023-11-14,2023-09-30,0.010000,1.060000,20.849057,10.195428,2.337573,5.851498,8.329326,10.807153,13.284981,15.762809,,,,,,,,,,20.767500,20.604167,22.675417,24.282917,20.767500,22.958216,18.576784,21.862858,19.672142
2023-11-21,21.900000,2023-11-14,2023-09-30,0.010000,1.060000,20.660377,10.281690,2.525259,5.545043,8.221817,10.898592,13.575366,16.252141,,,,,,,,,,20.862500,20.629167,22.635417,24.276458,20.862500,23.077728,18.647272,21.970114,19.754886
2023-11-22,21.800000,2023-11-14,2023-09-30,0.010000,1.060000,20.566038,10.367649,2.694119,5.278175,8.133942,10.989708,13.845474,16.701241,,,,,,,,,,20.952500,20.649167,22.595833,24.271875,20.952500,23.166445,18.738555,22.059473,19.845527
2023-11-23,22.100000,2023-11-14,2023-09-30,0.010000,1.060000,20.849057,10.455484,2.858962,5.021814,8.052313,11.082813,14.113312,17.143812,,,,,,,,,,21.062500,20.673333,22.557500,24.268542,21.062500,23.274875,18.850125,22.168688,19.956312
2023-11-24,21.950000,2023-11-14,2023-09-30,0.010000,1.060000,20.707547,10.541818,3.008202,4.796938,7.985632,11.174327,14.363021,17.551716,,,,,,,,,,21.155000,20.696667,22.517083,24.263750,21.155000,23.352582,18.957418,22.253791,20.056209
2023-11-27,22.000000,2023-11-14,2023-09-30,0.010000,1.060000,20.754717,10.628705,3.149251,4.590015,7.928221,11.266428,14.604634,17.942841,,,,,,,,,,21.250000,20.721667,22.477500,24.259792,21.250000,23.419647,19.080353,22.334824,20.165176
2023-11-28,22.050000,2023-11-14,2023-09-30,0.010000,1.060000,20.801887,10.715182,3.283228,4.397649,7.877871,11.358093,14.838315,18.318537,,,,,,,,,,21.355000,20.744167,22.436250,24.256250,21.355000,23.462106,19.247894,22.408553,20.301447
2023-11-29,22.000000,2023-11-14,2023-09-30,0.010000,1.060000,20.754717,10.801587,3.408540,4.223578,7.836630,11.449682,15.062734,18.675786,,,,,,,,,,21.457500,20.762500,22.395417,24.247917,21.457500,23.474344,19.440656,22.465922,20.449078
2023-11-30,22.100000,2023-11-14,2023-09-30,0.010000,1.060000,20.849057,10.888457,3.529543,4.059133,7.800449,11.541764,15.283079,19.024395,,,,,,,,,,21.565000,20.780000,22.354583,24.236250,21.565000,23.469593,19.660407,22.517296,20.612704
2023-12-01,22.350000,2023-11-14,2023-09-30,0.010000,1.060000,21.084906,10.977131,3.649899,3.897973,7.766866,11.635759,15.504651,19.373544,,,,,,,,,,21.685000,20.803333,22.315417,24.225625,21.685000,23.459112,19.910888,22.572056,20.797944
2023-12-04,22.750000,2023-11-14,2023-09-30,0.010000,1.060000,21.462264,11.069271,3.772837,3.735012,7.734220,11.733427,15.732635,19.731843,,,,,,,,,,21.825000,20.837500,22.280417,24.216042,21.825000,23.459013,20.190987,22.642007,21.007993
2023-12-05,22.650000,2023-11-14,2023-09-30,0.010000,1.060000,21.367925,11.160626,3.887604,3.588543,7.709403,11.830263,15.951123,20.071983,,,,,,,,,,21.957500,20.872500,22.244583,24.205625,21.957500,23.385150,20.529850,22.671325,21.243675
2023-12-06,22.600000,2023-11-14,2023-09-30,0.010000,1.060000,21.320755,11.250782,3.996134,3.454026,7.689928,11.925829,16.161731,20.397632,,,,,,,,,,22.087500,20.908333,22.206250,24.198125,22.087500,23.204298,20.970702,22.645899,21.529101
2023-12-07,22.150000,2023-11-14,2023-09-30,0.010000,1.060000,20.896226,11.336115,4.091525,3.342249,7.679265,12.016281,16.353298,20.690314,,,,,,,,,,22.192500,20.940833,22.160833,24.190833,22.192500,22.764914,21.620086,22.478707,21.906293
2023-12-08,22.550000,2023-11-14,2023-09-30,0.010000,1.060000,21.273585,11.427004,4.189774,3.230303,7.671464,12.112625,16.553785,20.994946,,,,,,,,,,22.217500,20.980833,22.125000,24.184167,22.217500,22.807125,21.627875,22.512313,21.922687
2023-12-11,24.800000,2023-11-14,2023-09-30,0.010000,1.060000,23.396226,11.535422,4.328641,3.050828,7.639188,12.227547,16.815907,21.404267,,,,,,,,,,22.370000,21.057500,22.107500,24.187708,22.370000,23.637986,21.102014,23.003993,21.736007
2023-12-12,26.750000,2023-11-14,2023-09-30,0.010000,1.060000,25.235849,11.659331,4.504165,2.810061,7.584476,12.358891,17.133306,21.907720,,,,,,,,,,22.592500,21.166667,22.106667,24.194375,22.592500,24.924266,20.260734,23.758383,21.426617
2023-12-13,26.100000,2023-11-14,2023-09-30,0.010000,1.060000,24.622642,11.778612,4.655104,2.616509,7.550919,12.485329,17.419739,22.354149,,,,,,,,,,22.785000,21.261667,22.101667,24.198125,22.785000,25.586146,19.983854,24.185573,21.384427
2023-12-14,26.150000,2023-11-14,2023-09-30,0.010000,1.060000,24.669811,11.897804,4.799522,2.436686,7.524179,12.611672,17.699166,22.786659,,,,,,,,,,22.965000,21.352500,22.095833,24.201458,22.965000,26.140250,19.789750,24.552625,21.377375
2023-12-15,26.200000,2023-11-14,2023-09-30,0.010000,1.060000,24.716981,12.017711,4.937727,2.270793,7.504783,12.738773,17.972764,23.206754,,,,,,,,,,23.152500,21.446667,22.091250,24.203125,23.152500,26.628353,19.676647,24.890426,21.414574
2023-12-18,26.650000,2023-11-14,2023-09-30,0.010000,1.060000,25.141509,12.141638,5.078124,2.104513,7.487324,12.870136,18.252947,23.635759,,,,,,,,,,23.380000,21.548333,22.091667,24.208125,23.380000,27.149043,19.610957,25.264521,21.495479
2023-12-19,26.350000,2023-11-14,2023-09-30,0.010000,1.060000,24.858491,12.262563,5.206201,1.961171,7.479744,12.998316,18.516889,24.035462,,,,,,,,,,23.602500,21.645000,22.087917,24.213750,23.602500,27.525908,19.679092,25.564204,21.640796
2023-12-20,26.300000,2023-11-14,2023-09-30,0.010000,1.060000,24.811321,12.383095,5.327508,1.831763,7.478921,13.126080,18.773239,24.420398,,,,,,,,,,23.827500,21.738333,22.083750,24.222917,23.827500,27.830982,19.824018,25.829241,21.825759
2023-12-21,26.150000,2023-11-14,2023-09-30,0.010000,1.060000,24.669811,12.502286,5.440814,1.717898,7.485161,13.252424,19.019686,24.786949,,,,,,,,,,24.030000,21.824167,22.077917,24.228750,24.030000,28.075062,19.984938,26.052531,22.007469
2023-12-22,26.450000,2023-11-14,2023-09-30,0.010000,1.060000,24.952830,12.622067,5.555138,1.602498,7.490944,13.379391,19.267838,25.156285,,,,,,,,,,24.255000,21.915000,22.070000,24.235000,24.255000,28.313506,20.196494,26.284253,22.225747
2023-12-25,26.700000,2023-11-14,2023-09-30,0.010000,1.060000,25.188679,12.744618,5.668599,1.491865,7.500580,13.509295,19.518009,25.526724,,,,,,,,,,24.490000,22.012500,22.066250,24.240625,24.490000,28.543017,20.436983,26.516509,22.463491
2023-12-26,26.950000,2023-11-14,2023-09-30,0.010000,1.060000,25.424528,12.868329,5.781805,1.383003,7.511716,13.640429,19.769142,25.897855,,,,,,,,,,24.735000,22.115833,22.062500,24.248333,24.735000,28.759282,20.710718,26.747141,22.722859
2023-12-27,26.700000,2023-11-14,2023-09-30,0.010000,1.060000,25.188679,12.990558,5.885870,1.291947,7.530969,13.769991,20.009013,26.248035,,,,,,,,,,24.970000,22.215833,22.057917,24.256042,24.970000,28.868772,21.071228,26.919386,23.020614
2023-12-28,25.950000,2023-11-14,2023-09-30,0.010000,1.060000,24.481132,13.107534,5.973667,1.229812,7.561899,13.893986,20.226072,26.558159,,,,,,,,,,25.162500,22.304167,22.048750,24.262500,25.162500,28.838435,21.486565,27.000468,23.324532
2023-12-29,25.900000,2023-11-14,2023-09-30,0.010000,1.060000,24.433962,13.224277,6.057105,1.176672,7.597203,14.017734,20.438265,26.858796,,,,,,,,,,25.340000,22.392500,22.039583,24.269583,25.340000,28.779339,21.900661,27.059669,23.620331
2024-01-02,25.350000,2023-11-14,2023-09-30,0.010000,1.060000,23.915094,13.337341,6.129154,1.143774,7.640678,14.137581,20.634485,27.131388,,,,,,,,,,25.470000,22.471667,22.027500,24.272083,25.470000,28.686471,22.253529,27.078235,23.861765
2024-01-03,24.750000,2023-11-14,2023-09-30,0.010000,1.060000,23.349057,13.446492,6.190055,1.130366,7.691823,14.253281,20.814739,27.376197,,,,,,,,,,25.575000,22.541667,22.012500,24.272708,25.575000,28.530370,22.619630,27.052685,24.097315
2024-01-04,24.150000,2023-11-14,2023-09-30,0.010000,1.060000,22.783019,13.559130,6.236159,1.152021,7.762350,14.372678,20.983006,27.593334,,,,,,,,,,25.652500,22.607500,22.013750,24.270625,25.652500,28.349374,22.955626,27.000937,24.304063
2024-01-05,24.850000,2023-11-14,2023-09-30,0.010000,1.060000,23.443396,13.677432,6.288109,1.167288,7.832683,14.498078,21.163474,27.828869,,,,,,,,,,25.787500,22.680000,22.021250,24.271667,25.787500,27.966799,23.608201,26.877149,24.697851
2024-01-08,24.450000,2023-11-14,2023-09-30,0.010000,1.060000,23.066038,13.793395,6.332082,1.196983,7.908991,14.620998,21.333006,28.045013,,,,,,,,,,25.882500,22.745833,22.027500,24.270625,25.882500,27.579952,24.185048,26.731226,25.033774
2024-01-09,23.800000,2023-11-14,2023-09-30,0.010000,1.060000,22.452830,13.905373,6.365604,1.244614,7.992155,14.739695,21.487236,28.234776,,,,,,,,,,25.832500,22.805000,22.031250,24.265625,25.832500,27.713226,23.951774,26.772863,24.892137
2024-01-10,23.850000,2023-11-14,2023-09-30,0.010000,1.060000,22.500000,14.018548,6.396858,1.298323,8.078992,14.859661,21.640331,28.421000,,,,,,,,,,25.687500,22.865833,22.037500,24.261042,25.687500,27.712053,23.662947,26.699777,24.675223
2024-01-11,23.950000,2023-11-14,2023-09-30,0.010000,1.060000,22.594340,14.132510,6.426988,1.355247,8.167854,14.980461,21.793068,28.605675,,,,,,,,,,25.580000,22.930833,22.044583,24.255000,25.580000,27.736361,23.423639,26.658181,24.501819
2024-01-12,24.300000,2023-11-14,2023-09-30,0.010000,1.060000,22.924528,14.249867,6.458067,1.413757,8.259308,15.104859,21.950410,28.795961,,,,,,,,,,25.487500,22.999167,22.056250,24.249375,25.487500,27.698924,23.276076,26.593212,24.381788
2024-01-15,24.500000,2023-11-14,2023-09-30,0.010000,1.060000,23.113208,14.370566,6.487421,1.479468,8.356134,15.232800,22.109466,28.986132,,,,,,,,,,25.402500,23.072500,22.074167,24.244375,25.402500,27.629245,23.175755,26.515873,24.289127
2024-01-16,24.750000,2023-11-14,2023-09-30,0.010000,1.060000,23.349057,14.491139,6.518903,1.540534,8.450571,15.360607,22.270644,29.180681,,,,,,,,,,25.307500,23.151667,22.088750,24.241042,25.307500,27.471384,23.143616,26.389442,24.225558
2024-01-17,24.250000,2023-11-14,2023-09-30,0.010000,1.060000,22.877358,14.608425,6.542273,1.615311,8.550121,15.484930,22.419739,29.354549,,,,,,,,,,25.202500,23.222500,22.100833,24.237917,25.202500,27.357171,23.047829,26.279835,24.125165
2024-01-18,24.150000,2023-11-14,2023-09-30,0.010000,1.060000,22.783019,14.724120,6.563194,1.693596,8.650581,15.607567,22.564552,29.521538,,,,,,,,,,25.095000,23.291667,22.110000,24.233750,25.095000,27.233593,22.956407,26.164296,24.025704
2024-01-19,24.000000,2023-11-14,2023-09-30,0.010000,1.060000,22.641509,14.839440,6.579837,1.780551,8.755179,15.729806,22.704434,29.679061,,,,,,,,,,24.987500,23.360000,22.120000,24.227083,24.987500,27.118938,22.856062,26.053219,23.921781
2024-01-22,24.150000,2023-11-14,2023-09-30,0.010000,1.060000,22.783019,14.955939,6.595804,1.870191,8.861743,15.853296,22.844848,29.836400,,,,,,,,,,24.872500,23.427500,22.131250,24.218333,24.872500,26.918157,22.826843,25.895328,23.849672
2024-01-23,24.650000,2023-11-14,2023-09-30,0.010000,1.060000,23.254717,15.075726,6.615036,1.956393,8.968331,15.980269,22.992208,30.004146,,,,,,,,,,24.770000,23.503333,22.145000,24.212292,24.770000,26.626822,22.913178,25.698411,23.841589
2024-01-24,24.800000,2023-11-14,2023-09-30,0.010000,1.060000,23.396226,15.197175,6.633023,2.046996,9.078001,16.109005,23.140009,30.171014,,,,,,,,,,24.662500,23.584167,22.161250,24.208125,24.662500,26.211311,23.113689,25.436906,23.888094
2024-01-25,24.300000,2023-11-14,2023-09-30,0.010000,1.060000,22.924528,15.314531,6.644205,2.147689,9.190546,16.233403,23.276260,30.319117,,,,,,,,,,24.542500,23.656667,22.172917,24.202917,24.542500,25.763921,23.321079,25.153210,23.931790
2024-01-26,24.250000,2023-11-14,2023-09-30,0.010000,1.060000,22.877358,15.431656,6.652675,2.253885,9.305720,16.357556,23.409391,30.461226,,,,,,,,,,24.457500,23.728333,22.184583,24.197292,24.457500,25.488225,23.426775,24.972863,23.942137
2024-01-29,24.350000,2023-11-14,2023-09-30,0.010000,1.060000,22.971698,15.549728,6.659771,2.363997,9.423354,16.482712,23.542069,30.601426,,,,,,,,,,24.380000,23.801667,22.197500,24.192292,24.380000,25.155547,23.604453,24.767774,23.992226
2024-01-30,24.300000,2023-11-14,2023-09-30,0.010000,1.060000,22.924528,15.668211,6.663476,2.481735,9.545019,16.608304,23.671588,30.734872,,,,,,,,,,24.327500,23.874167,22.212083,24.188125,24.327500,24.954502,23.700498,24.641001,24.013999
2024-01-31,24.150000,2023-11-14,2023-09-30,0.010000,1.060000,22.783019,15.786480,6.662752,2.608636,9.671152,16.733669,23.796185,30.858702,,,,,,,,,,24.297500,23.943333,22.227917,24.185208,24.297500,24.896161,23.698839,24.596830,23.998170
2024-02-01,24.350000,2023-11-14,2023-09-30,0.010000,1.060000,22.971698,15.906643,6.661212,2.739273,9.800157,16.861042,23.921926,30.982811,,,,,,,,,,24.307500,24.015833,22.246250,24.184583,24.307500,24.902457,23.712543,24.604978,24.010022
2024-02-02,24.350000,2023-11-14,2023-09-30,0.010000,1.060000,22.971698,16.012579,6.671723,2.829280,9.901307,16.973333,24.045360,31.117386,,,,,,,,,,24.282500,24.087500,22.267917,24.184583,24.282500,24.820797,23.744203,24.551648,24.013352
2024-02-05,24.150000,2023-11-14,2023-09-30,0.010000,1.060000,22.783019,16.118318,6.677685,2.928724,10.007070,17.085417,24.163763,31.242110,,,,,,,,,,24.267500,24.122500,22.290833,24.183958,24.267500,24.802855,23.732145,24.535178,23.999822
2024-02-15,23.750000,2023-11-14,2023-09-30,0.010000,1.060000,22.405660,16.222877,6.677077,3.040847,10.118548,17.196250,24.273952,31.351653,,,,,,,,,,24.265000,24.155833,22.314583,24.181250,24.265000,24.809929,23.720071,24.537464,23.992536
2024-02-16,23.450000,2023-11-14,2023-09-30,0.010000,1.060000,22.122642,16.323506,6.674215,3.153581,10.228249,17.302917,24.377585,31.452253,,,,,,,,,,24.245000,24.175000,22.332500,24.175625,24.245000,24.876539,23.613461,24.560770,23.929230
2024-02-19,25.150000,2023-11-14,2023-09-30,0.010000,1.060000,23.726415,16.439662,6.680802,3.262742,10.344392,17.426042,24.507691,31.589341,,,,,,,,,,24.305000,24.223333,22.369167,24.176875,24.305000,25.038341,23.571659,24.671671,23.938329
2024-02-20,24.550000,2023-11-14,2023-09-30,0.010000,1.060000,23.160377,16.550904,6.680643,3.380995,10.462477,17.543958,24.625440,31.706922,,,,,,,,,,24.317500,24.256667,22.400417,24.175417,24.317500,25.058960,23.576040,24.688230,23.946770
2024-02-21,24.800000,2023-11-14,2023-09-30,0.010000,1.060000,23.396226,16.665291,6.679347,3.504993,10.585101,17.665208,24.745316,31.825423,,,,,,,,,,24.332500,24.295833,22.436250,24.175417,24.332500,25.101145,23.563855,24.716823,23.948177
2024-02-22,24.450000,2023-11-14,2023-09-30,0.010000,1.060000,23.066038,16.777123,6.673180,3.636608,10.710179,17.783750,24.857321,31.930892,,,,,,,,,,24.317500,24.335000,22.469583,24.172917,24.317500,25.063207,23.571793,24.690354,23.944646
2024-02-23,23.950000,2023-11-14,2023-09-30,0.010000,1.060000,22.594340,16.885220,6.661365,3.776240,10.837287,17.898333,24.959380,32.020427,,,,,,,,,,24.302500,24.369167,22.499167,24.166667,24.302500,25.065786,23.539214,24.684143,23.920857
2024-02-26,23.850000,2023-11-14,2023-09-30,0.010000,1.060000,22.500000,16.991745,6.647967,3.917560,10.964405,18.011250,25.058095,32.104940,,,,,,,,,,24.287500,24.403333,22.526250,24.160417,24.287500,25.074817,23.500183,24.681159,23.893841
2024-02-27,23.650000,2023-11-14,2023-09-30,0.010000,1.060000,22.311321,17.096502,6.631768,4.062943,11.092617,18.122292,25.151966,32.181640,,,,,,,,,,24.270000,24.429167,22.551250,24.153542,24.270000,25.098696,23.441304,24.684348,23.855652
2024-02-29,23.600000,2023-11-14,2023-09-30,0.010000,1.060000,22.264151,17.201258,6.613104,4.213554,11.223444,18.233333,25.243223,32.253113,,,,,,,,,,24.242500,24.456667,22.576667,24.145417,24.242500,25.122856,23.362144,24.682678,23.802322
2024-03-01,23.300000,2023-11-14,2023-09-30,0.010000,1.060000,21.981132,17.303852,6.590740,4.369714,11.355899,18.342083,25.328268,32.314453,,,,,,,,,,24.175000,24.478333,22.600000,24.134583,24.175000,25.127835,23.222165,24.651418,23.698582
2024-03-04,22.900000,2023-11-14,2023-09-30,0.010000,1.060000,21.603774,17.402516,6.565494,4.527820,11.487244,18.446667,25.406090,32.365513,,,,,,,,,,24.080000,24.492500,22.618333,24.120208,24.080000,25.142965,23.017035,24.611483,23.548517
2024-03-05,23.050000,2023-11-14,2023-09-30,0.010000,1.060000,21.745283,17.501572,6.540339,4.686147,11.618907,18.551667,25.484427,32.417186,,,,,,,,,,24.017500,24.510000,22.636250,24.106458,24.017500,25.169284,22.865716,24.593392,23.441608
2024-03-06,23.600000,2023-11-14,2023-09-30,0.010000,1.060000,22.264151,17.604363,6.517219,4.844121,11.752373,18.660625,25.568877,32.477129,,,,,,,,,,23.985000,24.535000,22.657500,24.096250,23.985000,25.145807,22.824193,24.565404,23.404596
2024-03-07,25.100000,2023-11-14,2023-09-30,0.010000,1.060000,23.679245,17.719340,6.501523,4.999270,11.890885,18.782500,25.674115,32.565730,,,,,,,,,,24.022500,24.580833,22.692083,24.093542,24.022500,25.277584,22.767416,24.650042,23.394958
2024-03-08,24.550000,2023-11-14,2023-09-30,0.010000,1.060000,23.160377,17.830975,6.478751,5.165881,12.033357,18.900833,25.768309,32.635785,,,,,,,,,,24.035000,24.610833,22.724167,24.089375,24.035000,25.306592,22.763408,24.670796,23.399204
2024-03-11,24.300000,2023-11-14,2023-09-30,0.010000,1.060000,22.924528,17.941234,6.451628,5.340257,12.178983,19.017708,25.856434,32.695159,,,,,,,,,,24.042500,24.638333,22.755417,24.084583,24.042500,25.318709,22.766291,24.680605,23.404395
2024-03-12,24.600000,2023-11-14,2023-09-30,0.010000,1.060000,23.207547,18.054245,6.423821,5.519000,12.328250,19.137500,25.946750,32.756000,,,,,,,,,,24.055000,24.671667,22.790000,24.078125,24.055000,25.348669,22.761331,24.701834,23.408166
2024-03-13,24.900000,2023-11-14,2023-09-30,0.010000,1.060000,23.490566,18.170597,6.394475,5.704546,12.482690,19.260833,26.038977,32.817121,,,,,,,,,,24.082500,24.717500,22.829167,24.075833,24.082500,25.425033,22.739967,24.753766,23.411234
2024-03-14,25.250000,2023-11-14,2023-09-30,0.010000,1.060000,23.820755,18.289898,6.364916,5.893669,12.640480,19.387292,26.134103,32.880914,,,,,,,,,,24.137500,24.762500,22.871667,24.075208,24.137500,25.578214,22.696786,24.857857,23.417143
2024-03-15,25.200000,2023-11-14,2023-09-30,0.010000,1.060000,23.773585,18.408608,6.332895,6.087388,12.800256,19.513125,26.225994,32.938862,,,,,,,,,,24.210000,24.769167,22.913333,24.072917,24.210000,25.713190,22.706810,24.961595,23.458405
2024-03-18,25.400000,2023-11-14,2023-09-30,0.010000,1.060000,23.962264,18.528892,6.299799,6.285051,12.962838,19.640625,26.318412,32.996199,,,,,,,,,,24.307500,24.746667,22.956667,24.068333,24.307500,25.855427,22.759573,25.081464,23.533536
2024-03-19,25.550000,2023-11-14,2023-09-30,0.010000,1.060000,24.103774,18.649568,6.266369,6.483838,13.126190,19.768542,26.410893,33.053245,,,,,,,,,,24.327500,24.737500,22.999583,24.066250,24.327500,25.930614,22.724386,25.129057,23.525943
2024-03-20,25.850000,2023-11-14,2023-09-30,0.010000,1.060000,24.386792,18.771423,6.234225,6.681151,13.289430,19.897708,26.505987,33.114266,,,,,,,,,,24.392500,24.732500,23.042500,24.064583,24.392500,26.133121,22.651879,25.262811,23.522189
2024-03-21,26.100000,2023-11-14,2023-09-30,0.010000,1.060000,24.622642,18.895833,6.200414,6.884705,13.457144,20.029583,26.602022,33.174461,,,,,,,,,,24.457500,24.730833,23.088750,24.063750,24.457500,26.352445,22.562555,25.404972,23.510028
2024-03-22,26.050000,2023-11-14,2023-09-30,0.010000,1.060000,24.575472,19.019851,6.163527,7.094364,13.627703,20.161042,26.694380,33.227719,,,,,,,,,,24.537500,24.720833,23.134583,24.051875,24.537500,26.561793,22.513207,25.549647,23.525353
2024-03-25,26.300000,2023-11-14,2023-09-30,0.010000,1.060000,24.811321,19.145833,6.125681,7.308139,13.801361,20.294583,26.787806,33.281028,,,,,,,,,,24.655000,24.720000,23.182500,24.045625,24.655000,26.804639,22.505361,25.729819,23.580181
2024-03-26,25.900000,2023-11-14,2023-09-30,0.010000,1.060000,24.433962,19.268082,6.083113,7.527967,13.976067,20.424167,26.872267,33.320367,,,,,,,,,,24.757500,24.713333,23.225833,24.039167,24.757500,26.940756,22.574244,25.849128,23.665872
2024-03-27,26.050000,2023-11-14,2023-09-30,0.010000,1.060000,24.575472,19.390330,6.040638,7.747597,14.150674,20.553750,26.956826,33.359903,,,,,,,,,,24.877500,24.711667,23.267917,24.032083,24.877500,27.068264,22.686736,25.972882,23.782118
2024-03-28,25.150000,2023-11-14,2023-09-30,0.010000,1.060000,23.726415,19.505503,5.989822,7.977410,14.326622,20.675833,27.025045,33.374257,,,,,,,,,,24.955000,24.690000,23.302500,24.022083,24.955000,27.063604,22.846396,26.009302,23.900698
2024-03-29,25.150000,2023-11-14,2023-09-30,0.010000,1.060000,23.726415,19.621266,5.935342,8.215616,14.507079,20.798542,27.090004,33.381467,,,,,,,,,,25.047500,24.664167,23.338333,24.011458,25.047500,27.007488,23.087512,26.027494,24.067506
2024-04-01,25.600000,2024-03-31,2023-12-31,1.010000,1.510000,16.953642,19.680982,5.871278,11.987024,20.852653,29.718282,38.583911,47.449540,,,,,,,,,,25.182500,24.641667,23.378750,24.002917,25.182500,26.873117,23.491883,26.027808,24.337192
2024-04-02,25.800000,2024-03-31,2023-12-31,1.010000,1.510000,17.086093,19.741998,5.805025,12.279242,21.044829,29.810417,38.576004,47.341592,,,,,,,,,,25.320000,24.626667,23.421250,23.990833,25.320000,26.698939,23.941061,26.009470,24.630530
2024-04-03,25.600000,2024-03-31,2023-12-31,1.010000,1.510000,16.953642,19.802107,5.737546,12.573794,21.237487,29.901181,38.564875,47.228569,,,,,,,,,,25.420000,24.620833,23.462500,23.978333,25.420000,26.539398,24.300602,25.979699,24.860301
2024-04-08,25.450000,2024-03-31,2023-12-31,1.010000,1.510000,16.854305,19.861584,5.668702,12.871513,21.431253,29.990993,38.550732,47.110472,,,,,,,,,,25.437500,24.613333,23.502917,23.964583,25.437500,26.546732,24.328268,25.992116,24.882884
2024-04-09,25.700000,2024-03-31,2023-12-31,1.010000,1.510000,17.019868,19.922442,5.597632,13.178037,21.630462,30.082887,38.535312,46.987737,,,,,,,,,,25.495000,24.619167,23.545417,23.951667,25.495000,26.527065,24.462935,26.011032,24.978968
2024-04-10,25.400000,2024-03-31,2023-12-31,1.010000,1.510000,16.821192,19.981840,5.525530,13.485478,21.829028,30.172579,38.516129,46.859679,,,,,,,,,,25.550000,24.630000,23.585833,23.937292,25.550000,26.418150,24.681850,25.984075,25.115925
2024-04-11,24.800000,2024-03-31,2023-12-31,1.010000,1.510000,16.423841,20.039303,5.451261,13.796540,22.027944,30.259347,38.490751,46.722155,,,,,,,,,,25.560000,24.640833,23.624167,23.922292,25.560000,26.385642,24.734358,25.972821,25.147179
2024-04-12,24.550000,2024-03-31,2023-12-31,1.010000,1.510000,16.258278,20.094207,5.378639,14.098763,22.220508,30.342252,38.463997,46.585742,,,,,,,,,,25.542500,24.635833,23.657917,23.906667,25.542500,26.438852,24.646148,25.990676,25.094324
2024-04-15,23.750000,2024-03-31,2023-12-31,1.010000,1.510000,15.728477,20.144696,5.307935,14.388527,22.403509,30.418491,38.433472,46.448454,,,,,,,,,,25.467500,24.624167,23.685000,23.888542,25.467500,26.666743,24.268257,26.067122,24.867878
2024-04-16,23.300000,2024-03-31,2023-12-31,1.010000,1.510000,15.430464,20.193684,5.235990,14.679774,22.586118,30.492463,38.398807,46.305152,,,,,,,,,,25.372500,24.615833,23.710417,23.870625,25.372500,26.913339,23.831661,26.142919,24.602081
2024-04-17,23.900000,2024-03-31,2023-12-31,1.010000,1.510000,15.827815,20.246180,5.159176,14.991019,22.781376,30.571732,38.362088,46.152444,,,,,,,,,,25.297500,24.616667,23.741250,23.858958,25.297500,26.972855,23.622145,26.135178,24.459822
2024-04-18,23.800000,2024-03-31,2023-12-31,1.010000,1.510000,15.761589,20.298714,5.079883,15.309810,22.980434,30.651057,38.321681,45.992305,,,,,,,,,,25.210000,24.614167,23.772500,23.846042,25.210000,27.008128,23.411872,26.109064,24.310936
2024-04-19,23.250000,2024-03-31,2023-12-31,1.010000,1.510000,15.397351,20.347622,5.002987,15.615890,23.170400,30.724910,38.279419,45.833929,,,,,,,,,,25.080000,24.596667,23.797917,23.833542,25.080000,27.050947,23.109053,26.065473,24.094527
2024-04-22,23.150000,2024-03-31,2023-12-31,1.010000,1.510000,15.331126,20.396372,4.924091,15.927766,23.363144,30.798522,38.233900,45.669278,,,,,,,,,,24.932500,24.574167,23.823333,23.819583,24.932500,27.020126,22.844874,25.976313,23.888687
2024-04-23,23.500000,2024-03-31,2023-12-31,1.010000,1.510000,15.562914,20.447447,4.840506,16.257316,23.566481,30.875645,38.184809,45.493973,,,,,,,,,,24.805000,24.553333,23.852500,23.806458,24.805000,26.916597,22.693403,25.860799,23.749201
2024-04-24,24.150000,2024-03-31,2023-12-31,1.010000,1.510000,15.993377,20.502109,4.751305,16.609244,23.783714,30.958184,38.132654,45.307124,,,,,,,,,,24.697500,24.551667,23.887083,23.794583,24.697500,26.704979,22.690021,25.701240,23.693760
2024-04-25,24.100000,2024-03-31,2023-12-31,1.010000,1.510000,15.960265,20.556494,4.660023,16.967036,24.003671,31.040307,38.076942,45.113577,,,,,,,,,,24.607500,24.550833,23.921250,23.777708,24.607500,26.548274,22.666726,25.577887,23.637113
2024-04-26,24.850000,2024-03-31,2023-12-31,1.010000,1.510000,16.456954,20.615412,4.561263,17.354257,24.241765,31.129273,38.016780,44.904288,,,,,,,,,,24.547500,24.565000,23.962500,23.765625,24.547500,26.371168,22.723832,25.459334,23.635666
2024-04-29,24.950000,2024-03-31,2023-12-31,1.010000,1.510000,16.523179,20.674096,4.461008,17.745641,24.481763,31.217885,37.954007,44.690130,,,,,,,,,,24.537500,24.578333,24.002917,23.753542,24.537500,26.349412,22.725588,25.443456,23.631544
2024-04-30,24.750000,2024-03-31,2023-12-31,1.010000,1.510000,16.390728,20.731676,4.358742,18.141429,24.723130,31.304831,37.886532,44.468233,,,,,,,,,,24.517500,24.580000,24.041667,23.740000,24.517500,26.309669,22.725331,25.413584,23.621416
2024-05-02,24.700000,2024-03-31,2023-12-31,1.010000,1.510000,16.357616,20.789570,4.251936,18.551404,24.971827,31.392250,37.812673,44.233096,,,,,,,,,,24.472500,24.578333,24.081250,23.722500,24.472500,26.194028,22.750972,25.333264,23.611736
2024-05-03,24.650000,2024-03-31,2023-12-31,1.010000,1.510000,16.324503,20.847188,4.141863,18.970827,25.225040,31.479253,37.733466,43.987679,,,,,,,,,,24.415000,24.584167,24.120417,23.708125,24.415000,26.022908,22.807092,25.218954,23.611046
2024-05-06,25.000000,2024-03-31,2023-12-31,1.010000,1.510000,16.556291,20.906737,4.025793,19.411278,25.490225,31.569173,37.648120,43.727067,,,,,,,,,,24.385000,24.596667,24.162500,23.698542,24.385000,25.920578,22.849422,25.152789,23.617211
2024-05-07,24.850000,2024-03-31,2023-12-31,1.010000,1.510000,16.456954,20.965458,3.906313,19.860777,25.759309,31.657842,37.556375,43.454907,,,,,,,,,,24.355000,24.605000,24.203333,23.691042,24.355000,25.825016,22.884984,25.090008,23.619992
2024-05-08,24.050000,2024-03-31,2023-12-31,1.010000,1.510000,15.927152,21.019765,3.787824,20.300618,26.020231,31.739845,37.459458,43.179072,,,,,,,,,,24.272500,24.600833,24.237500,23.678542,24.272500,25.603299,22.941701,24.937900,23.607100
2024-05-09,23.800000,2024-03-31,2023-12-31,1.010000,1.510000,15.761589,21.072495,3.667309,20.744195,26.281831,31.819467,37.357103,42.894739,,,,,,,,,,24.192500,24.595000,24.269167,23.666042,24.192500,25.426780,22.958220,24.809640,23.575360
2024-05-10,24.050000,2024-03-31,2023-12-31,1.010000,1.510000,15.927152,21.126605,3.539830,21.210888,26.556030,31.901173,37.246316,42.591459,,,,,,,,,,24.155000,24.590000,24.302917,23.654167,24.155000,25.356709,22.953291,24.755855,23.554145
2024-05-13,23.900000,2024-03-31,2023-12-31,1.010000,1.510000,15.827815,21.179690,3.408700,21.687059,26.834196,31.981333,37.128470,42.275606,,,,,,,,,,24.122500,24.582500,24.335000,23.641250,24.122500,25.314347,22.930653,24.718424,23.526576
2024-05-14,24.000000,2024-03-31,2023-12-31,1.010000,1.510000,15.894040,21.225466,3.297815,22.091053,27.070754,32.050454,37.030154,42.009855,,,,,,,,,,24.135000,24.580000,24.351250,23.628750,24.135000,25.315589,22.954411,24.725294,23.544706
2024-05-15,24.250000,2024-05-15,2024-03-31,-0.150000,0.940000,25.797872,21.354953,3.166043,14.121496,17.097576,20.073656,23.049736,26.025816,,,,,,,,,,24.182500,24.588333,24.372083,23.619167,24.182500,25.296183,23.068817,24.739341,23.625659
2024-05-16,24.100000,2024-05-15,2024-03-31,-0.150000,0.940000,25.638298,21.393291,3.189933,14.112619,17.111156,20.109694,23.108231,26.106769,,,,,,,,,,24.192500,24.599167,24.387083,23.607708,24.192500,25.299071,23.085929,24.745786,23.639214
2024-05-17,25.000000,2024-05-15,2024-03-31,-0.150000,0.940000,26.595745,21.440001,3.224834,14.090913,17.122257,20.153601,23.184945,26.216289,,,,,,,,,,24.252500,24.596667,24.410000,23.599375,24.252500,25.398879,23.106121,24.825689,23.679311
2024-05-20,25.200000,2024-05-15,2024-03-31,-0.150000,0.940000,26.808511,21.486125,3.261804,14.064766,17.130862,20.196958,23.263054,26.329150,,,,,,,,,,24.350000,24.607500,24.432083,23.591250,24.350000,25.468740,23.231260,24.909370,23.790630
2024-05-21,25.500000,2024-05-15,2024-03-31,-0.150000,0.940000,27.127660,21.535696,3.302053,14.035695,17.139624,20.243554,23.347483,26.451413,,,,,,,,,,24.467500,24.619167,24.457500,23.585000,24.467500,25.548569,23.386431,25.008035,23.926965
2024-05-22,25.100000,2024-05-15,2024-03-31,-0.150000,0.940000,26.702128,21.584471,3.334890,14.019809,17.154606,20.289403,23.424200,26.558997,,,,,,,,,,24.547500,24.630000,24.482500,23.578958,24.547500,25.561857,23.533143,25.054679,24.040321
2024-05-23,24.750000,2024-05-15,2024-03-31,-0.150000,0.940000,26.329787,21.631716,3.361740,14.013743,17.173778,20.333813,23.493849,26.653884,,,,,,,,,,24.577500,24.643333,24.506250,23.570833,24.577500,25.577750,23.577250,25.077625,24.077375
2024-05-24,24.850000,2024-05-15,2024-03-31,-0.150000,0.940000,26.436170,21.680634,3.388703,14.009034,17.194415,20.379796,23.565177,26.750558,,,,,,,,,,24.615000,24.660000,24.531667,23.563750,24.615000,25.595923,23.634077,25.105462,24.124538
2024-05-27,25.200000,2024-05-15,2024-03-31,-0.150000,0.940000,26.808511,21.730296,3.419938,13.996994,17.211736,20.426478,23.641220,26.855963,,,,,,,,,,24.632500,24.685833,24.557500,23.557500,24.632500,25.643115,23.621885,25.137807,24.127193
2024-05-28,25.350000,2024-05-15,2024-03-31,-0.150000,0.940000,26.968085,21.782467,3.451809,13.986118,17.230819,20.475519,23.720220,26.964920,,,,,,,,,,24.652500,24.715000,24.585833,23.551458,24.652500,25.704553,23.600447,25.178527,24.126473
2024-05-29,25.250000,2024-05-15,2024-03-31,-0.150000,0.940000,26.861702,21.833359,3.481421,13.978286,17.250821,20.523357,23.795893,27.068429,,,,,,,,,,24.677500,24.747500,24.612917,23.545208,24.677500,25.762554,23.592446,25.220027,24.134973
2024-05-30,25.000000,2024-05-15,2024-03-31,-0.150000,0.940000,26.595745,21.881641,3.507077,13.975437,17.272090,20.568743,23.865395,27.162048,,,,,,,,,,24.692500,24.782500,24.637500,23.536875,24.692500,25.787116,23.597884,25.239808,24.145192
2024-05-31,24.800000,2024-05-15,2024-03-31,-0.150000,0.940000,26.382979,21.928543,3.529444,13.977477,17.295154,20.612831,23.930507,27.248184,,,,,,,,,,24.700000,24.811667,24.660833,23.528125,24.700000,25.795445,23.604555,25.247723,24.152277
2024-06-03,24.600000,2024-05-15,2024-03-31,-0.150000,0.940000,26.170213,21.972886,3.549139,13.982132,17.318322,20.654513,23.990704,27.326894,,,,,,,,,,24.680000,24.828333,24.681667,23.518125,24.680000,25.766956,23.593044,25.223478,24.136522
2024-06-04,24.350000,2024-05-15,2024-03-31,-0.150000,0.940000,25.904255,22.013047,3.566233,13.987747,17.340006,20.692265,24.044523,27.396782,,,,,,,,,,24.655000,24.815833,24.698333,23.506875,24.655000,25.748473,23.561527,25.201737,24.108263
2024-06-05,24.250000,2024-05-15,2024-03-31,-0.150000,0.940000,25.797872,22.049177,3.582531,13.991069,17.358648,20.726227,24.093806,27.461385,,,,,,,,,,24.665000,24.810833,24.710833,23.495625,24.665000,25.738656,23.591344,25.201828,24.128172
2024-06-06,23.700000,2024-05-15,2024-03-31,-0.150000,0.940000,25.212766,22.081218,3.593563,14.000446,17.378396,20.756345,24.134294,27.512243,,,,,,,,,,24.660000,24.800833,24.719583,23.482083,24.660000,25.751402,23.568598,25.205701,24.114299
2024-06-07,24.000000,2024-05-15,2024-03-31,-0.150000,0.940000,25.531915,22.116311,3.606613,14.008901,17.399116,20.789332,24.179548,27.569764,,,,,,,,,,24.657500,24.790833,24.731250,23.468750,24.657500,25.754997,23.560003,25.206249,24.108751
2024-06-11,23.600000,2024-05-15,2024-03-31,-0.150000,0.940000,25.106383,22.151395,3.615112,14.025901,17.424106,20.822312,24.220517,27.618722,,,,,,,,,,24.642500,24.769167,24.743333,23.452083,24.642500,25.790622,23.494378,25.216561,24.068439
2024-06-12,23.200000,2024-05-15,2024-03-31,-0.150000,0.940000,24.680851,22.179789,3.621534,14.040517,17.444760,20.849002,24.253244,27.657487,,,,,,,,,,24.602500,24.735000,24.748750,23.436875,24.602500,25.891921,23.313079,25.247210,23.957790
2024-06-13,23.250000,2024-05-15,2024-03-31,-0.150000,0.940000,24.734043,22.190938,3.627365,14.040035,17.449758,20.859481,24.269205,27.678928,,,,,,,,,,24.552500,24.702500,24.735833,23.421667,24.552500,25.970607,23.134393,25.261553,23.843447
2024-06-14,23.350000,2024-05-15,2024-03-31,-0.150000,0.940000,24.840426,22.187643,3.624754,14.041846,17.449115,20.856384,24.263653,27.670922,,,,,,,,,,24.515000,24.668333,24.707500,23.407083,24.515000,26.020464,23.009536,25.267732,23.762268
2024-06-17,23.700000,2024-05-15,2024-03-31,-0.150000,0.940000,25.212766,22.192560,3.628484,14.039457,17.450232,20.861007,24.271782,27.682557,,,,,,,,,,24.450000,24.637500,24.687500,23.394583,24.450000,25.979362,22.920638,25.214681,23.685319
2024-06-18,23.500000,2024-05-15,2024-03-31,-0.150000,0.940000,25.000000,22.195312,3.630503,14.038247,17.450920,20.863593,24.276266,27.688939,,,,,,,,,,24.365000,24.598333,24.665417,23.380625,24.365000,25.907759,22.822241,25.136379,23.593621
2024-06-19,23.400000,2024-05-15,2024-03-31,-0.150000,0.940000,24.893617,22.196784,3.631570,14.037626,17.451301,20.864977,24.278652,27.692328,,,,,,,,,,24.260000,24.553333,24.642083,23.366667,24.260000,25.762839,22.757161,25.011420,23.508580
2024-06-20,23.450000,2024-05-15,2024-03-31,-0.150000,0.940000,24.946809,22.195161,3.630286,14.038513,17.450982,20.863452,24.275921,27.688390,,,,,,,,,,24.177500,24.510000,24.615417,23.353542,24.177500,25.667281,22.687719,24.922390,23.432610
2024-06-21,23.900000,2024-05-15,2024-03-31,-0.150000,0.940000,25.425532,22.199887,3.634149,14.035693,17.451793,20.867893,24.283994,27.700094,,,,,,,,,,24.135000,24.470000,24.595000,23.341458,24.135000,25.604372,22.665628,24.869686,23.400314
2024-06-24,23.500000,2024-05-15,2024-03-31,-0.150000,0.940000,25.000000,22.201459,3.635329,14.034953,17.452162,20.869371,24.286581,27.703790,,,,,,,,,,24.067500,24.430000,24.571667,23.327708,24.067500,25.522537,22.612463,24.795018,23.339982
2024-06-25,23.500000,2024-05-15,2024-03-31,-0.150000,0.940000,25.000000,22.204211,3.637337,14.033763,17.452861,20.871958,24.291055,27.710152,,,,,,,,,,23.982500,24.387500,24.549583,23.313750,23.982500,25.355271,22.609729,24.668885,23.296115
2024-06-26,23.450000,2024-05-15,2024-03-31,-0.150000,0.940000,24.946809,22.204160,3.637299,14.033788,17.452849,20.871911,24.290972,27.710033,,,,,,,,,,23.887500,24.359167,24.524583,23.297292,23.887500,25.117337,22.657663,24.502419,23.272581
2024-06-27,23.750000,2024-05-15,2024-03-31,-0.150000,0.940000,25.265957,22.204804,3.637839,14.033379,17.452947,20.872516,24.292085,27.711653,,,,,,,,,,23.812500,24.335833,24.500000,23.283125,23.812500,24.862249,22.762751,24.337375,23.287625
2024-06-28,23.950000,2024-05-15,2024-03-31,-0.150000,0.940000,25.478723,22.205256,3.638245,14.033039,17.452990,20.872941,24.292891,27.712842,,,,,,,,,,23.760000,24.308333,24.475000,23.268750,23.760000,24.653014,22.866986,24.206507,23.313493
2024-07-01,24.800000,2024-05-15,2024-03-31,-0.150000,0.940000,26.382979,22.215208,3.648095,14.023877,17.453086,20.882296,24.311506,27.740715,,,,,,,,,,23.760000,24.291667,24.459167,23.258542,23.760000,24.653014,22.866986,24.206507,23.313493
2024-07-02,24.550000,2024-05-15,2024-03-31,-0.150000,0.940000,26.117021,22.228841,3.659672,14.014927,17.455019,20.895110,24.335202,27.775294,,,,,,,,,,23.757500,24.274167,24.447500,23.248125,23.757500,24.640840,22.874160,24.199170,23.315830
2024-07-03,25.250000,2024-05-15,2024-03-31,-0.150000,0.940000,26.861702,22.249072,3.678626,13.998311,17.456219,20.914128,24.372036,27.829945,,,,,,,,,,23.802500,24.270833,24.442083,23.240833,23.802500,24.882692,22.722308,24.342596,23.262404
2024-07-04,25.800000,2024-05-15,2024-03-31,-0.150000,0.940000,27.446809,22.278503,3.706092,13.974339,17.458066,20.941793,24.425520,27.909247,,,,,,,,,,23.880000,24.272500,24.445833,23.236667,23.880000,25.272612,22.487388,24.576306,23.183694
2024-07-05,26.150000,2024-05-15,2024-03-31,-0.150000,0.940000,27.819149,22.315754,3.739260,13.947000,17.461904,20.976809,24.491713,28.006617,,,,,,,,,,24.002500,24.285000,24.457500,23.235000,24.002500,25.721274,22.283726,24.861887,23.143113
2024-07-08,25.850000,2024-05-15,2024-03-31,-0.150000,0.940000,27.500000,22.355062,3.768889,13.928247,17.471003,21.013758,24.556514,28.099269,,,,,,,,,,24.095000,24.302500,24.471667,23.242708,24.095000,26.002023,22.187977,25.048512,23.141488
2024-07-09,25.350000,2024-05-15,2024-03-31,-0.150000,0.940000,26.968085,22.384434,3.791111,13.914080,17.477724,21.041368,24.605013,28.168657,,,,,,,,,,24.182500,24.315833,24.475833,23.248542,24.182500,26.153413,22.211587,25.167957,23.197043
2024-07-10,24.300000,2024-05-15,2024-03-31,-0.150000,0.940000,25.851064,22.407643,3.803822,13.911999,17.487591,21.063184,24.638777,28.214370,,,,,,,,,,24.237500,24.325000,24.474583,23.251042,24.237500,26.153602,22.321398,25.195551,23.279449
2024-07-11,24.350000,2024-05-15,2024-03-31,-0.150000,0.940000,25.904255,22.436405,3.817192,13.913900,17.502060,21.090220,24.678381,28.266541,,,,,,,,,,24.292500,24.342500,24.479167,23.255208,24.292500,26.151553,22.433447,25.222027,23.362973
2024-07-12,24.550000,2024-05-15,2024-03-31,-0.150000,0.940000,26.117021,22.466547,3.831950,13.914487,17.516521,21.118554,24.720587,28.322620,,,,,,,,,,24.352500,24.353333,24.485000,23.261250,24.352500,26.160225,22.544775,25.256362,23.448638
2024-07-15,24.850000,2024-05-15,2024-03-31,-0.150000,0.940000,26.436170,22.498562,3.849038,13.912457,17.530553,21.148648,24.766744,28.384839,,,,,,,,,,24.410000,24.370833,24.492500,23.268542,24.410000,26.203438,22.616562,25.306719,23.513281
2024-07-16,25.000000,2024-05-15,2024-03-31,-0.150000,0.940000,26.595745,22.529155,3.867000,13.907446,17.542426,21.177406,24.812386,28.447366,,,,,,,,,,24.485000,24.400000,24.498333,23.277292,24.485000,26.243319,22.726681,25.364159,23.605841
2024-07-17,24.850000,2024-05-15,2024-03-31,-0.150000,0.940000,26.436170,22.556847,3.883082,13.903242,17.553339,21.203436,24.853533,28.503630,,,,,,,,,,24.557500,24.428333,24.501250,23.287708,24.557500,26.245624,22.869376,25.401562,23.713438
2024-07-18,24.000000,2024-05-15,2024-03-31,-0.150000,0.940000,25.531915,22.575037,3.891927,13.903712,17.562124,21.220535,24.878946,28.537358,,,,,,,,,,24.585000,24.436667,24.495000,23.291875,24.585000,26.214046,22.955954,25.399523,23.770477
2024-07-19,23.700000,2024-05-15,2024-03-31,-0.150000,0.940000,25.212766,22.594499,3.899284,13.908176,17.573502,21.238829,24.904156,28.569482,,,,,,,,,,24.575000,24.429167,24.490417,23.295625,24.575000,26.224083,22.925917,25.399541,23.750459
2024-07-22,23.150000,2024-05-15,2024-03-31,-0.150000,0.940000,24.627660,22.609871,3.903667,13.914385,17.583832,21.253279,24.922725,28.592172,,,,,,,,,,24.557500,24.413333,24.482083,23.296042,24.557500,26.261142,22.853858,25.409321,23.705679
2024-07-23,23.700000,2024-05-15,2024-03-31,-0.150000,0.940000,25.212766,22.631298,3.910892,13.920943,17.597182,21.273420,24.949659,28.625897,,,,,,,,,,24.567500,24.394167,24.479583,23.299792,24.567500,26.247185,22.887815,25.407343,23.727657
2024-07-26,23.350000,2024-05-15,2024-03-31,-0.150000,0.940000,24.840426,22.648443,3.916069,13.927327,17.608432,21.289537,24.970641,28.651746,,,,,,,,,,24.562500,24.367500,24.472917,23.302083,24.562500,26.256724,22.868276,25.409612,23.715388
2024-07-29,23.250000,2024-05-15,2024-03-31,-0.150000,0.940000,24.734043,22.660771,3.920320,13.930924,17.616024,21.301125,24.986225,28.671326,,,,,,,,,,24.537500,24.342500,24.461250,23.303125,24.537500,26.295751,22.779249,25.416626,23.658374
2024-07-30,23.450000,2024-05-15,2024-03-31,-0.150000,0.940000,24.946809,22.673692,3.925316,13.933676,17.623473,21.313271,25.003068,28.692866,,,,,,,,,,24.512500,24.321667,24.450000,23.305625,24.512500,26.319468,22.705532,25.415984,23.609016
2024-07-31,24.300000,2024-05-15,2024-03-31,-0.150000,0.940000,25.851064,22.698080,3.935965,13.936582,17.636389,21.336195,25.036002,28.735809,,,,,,,,,,24.487500,24.315833,24.450000,23.311458,24.487500,26.291552,22.683448,25.389526,23.585474
2024-08-01,24.250000,2024-05-15,2024-03-31,-0.150000,0.940000,25.797872,22.722418,3.946099,13.940407,17.649740,21.359073,25.068406,28.777739,,,,,,,,,,24.472500,24.303333,24.450000,23.317292,24.472500,26.279351,22.665649,25.375925,23.569075
2024-08-02,24.400000,2024-05-15,2024-03-31,-0.150000,0.940000,25.957447,22.747299,3.957082,13.943148,17.662804,21.382461,25.102118,28.821774,,,,,,,,,,24.430000,24.295833,24.450417,23.323958,24.430000,26.199448,22.660552,25.314724,23.545276
2024-08-05,22.500000,2024-05-15,2024-03-31,-0.150000,0.940000,23.936170,22.755729,3.958540,13.948331,17.669358,21.390386,25.111413,28.832440,,,,,,,,,,24.265000,24.270000,24.435417,23.323750,24.265000,26.110364,22.419636,25.187682,23.342318
2024-08-06,22.700000,2024-05-15,2024-03-31,-0.150000,0.940000,24.148936,22.767112,3.960582,13.955191,17.678138,21.401085,25.124032,28.846980,,,,,,,,,,24.092500,24.251667,24.423333,23.325625,24.092500,25.838254,22.346746,24.965377,23.219623
2024-08-07,23.700000,2024-05-15,2024-03-31,-0.150000,0.940000,25.212766,22.785788,3.966834,13.960993,17.689817,21.418640,25.147464,28.876288,,,,,,,,,,23.985000,24.245833,24.417917,23.332083,23.985000,25.528100,22.441900,24.756550,23.213450
2024-08-08,23.650000,2024-05-15,2024-03-31,-0.150000,0.940000,25.159574,22.804020,3.972719,13.967067,17.701423,21.435779,25.170134,28.904490,,,,,,,,,,23.900000,24.241667,24.412083,23.340000,23.900000,25.307873,22.492127,24.603936,23.196064
2024-08-09,24.000000,2024-05-15,2024-03-31,-0.150000,0.940000,25.531915,22.826927,3.980514,13.973945,17.715628,21.457312,25.198995,28.940679,,,,,,,,,,23.885000,24.241667,24.410833,23.350833,23.885000,25.281273,22.488727,24.583137,23.186863
2024-08-12,24.400000,2024-05-15,2024-03-31,-0.150000,0.940000,25.957447,22.856526,3.990548,13.982903,17.734019,21.485134,25.236249,28.987365,,,,,,,,,,23.887500,24.244167,24.416250,23.365417,23.887500,25.287453,22.487547,24.587477,23.187523
2024-08-13,23.950000,2024-05-15,2024-03-31,-0.150000,0.940000,25.478723,22.884493,3.997117,13.996844,17.754134,21.511423,25.268713,29.026003,,,,,,,,,,23.857500,24.241667,24.420417,23.376458,23.857500,25.222967,22.492033,24.540233,23.174767
2024-08-14,24.600000,2024-08-14,2024-06-30,0.850000,1.720000,14.302326,22.805959,4.072309,25.217505,32.221877,39.226249,46.230621,53.234993,,,,,,,,,,23.845000,24.235000,24.415833,23.392500,23.845000,25.176363,22.513637,24.510681,23.179319
2024-08-15,26.300000,2024-08-14,2024-06-30,0.850000,1.720000,15.290698,22.740378,4.129519,24.907906,32.010678,39.113450,46.216223,53.318995,,,,,,,,,,23.910000,24.253333,24.430417,23.415417,23.910000,25.566121,22.253879,24.738061,23.081939
2024-08-16,25.900000,2024-08-14,2024-06-30,0.850000,1.720000,15.058140,22.670894,4.188124,24.586792,31.790365,38.993938,46.197511,53.401084,,,,,,,,,,23.962500,24.260000,24.439583,23.437917,23.962500,25.800656,22.124344,24.881578,23.043422
2024-08-19,25.500000,2024-08-14,2024-06-30,0.850000,1.720000,14.825581,22.602224,4.248709,24.260264,31.568044,38.875825,46.183605,53.491385,,,,,,,,,,24.037500,24.266667,24.448333,23.458958,24.037500,26.000279,22.074721,25.018889,23.056111
2024-08-20,25.400000,2024-08-14,2024-06-30,0.850000,1.720000,14.767442,22.536999,4.308488,23.942439,31.353039,38.763639,46.174239,53.584839,,,,,,,,,,24.122500,24.277500,24.460417,23.479792,24.122500,26.169185,22.075815,25.145843,23.099157
2024-08-21,25.300000,2024-08-14,2024-06-30,0.850000,1.720000,14.709302,22.472077,4.367346,23.628304,31.140138,38.651972,46.163807,53.675641,,,,,,,,,,24.230000,24.285000,24.472500,23.499375,24.230000,26.287438,22.172562,25.258719,23.201281
2024-08-22,25.400000,2024-08-14,2024-06-30,0.850000,1.720000,14.767442,22.409211,4.423612,23.326619,30.935231,38.543844,46.152456,53.761068,,,,,,,,,,24.315000,24.288333,24.487083,23.519167,24.315000,26.420157,22.209843,25.367578,23.262422
2024-08-23,25.100000,2024-08-14,2024-06-30,0.850000,1.720000,14.593023,22.345285,4.480784,23.019993,30.726942,38.433891,46.140840,53.847788,,,,,,,,,,24.402500,24.284167,24.499583,23.538125,24.402500,26.484118,22.320882,25.443309,23.361691
2024-08-26,25.700000,2024-08-14,2024-06-30,0.850000,1.720000,14.941860,22.286625,4.531384,22.745035,30.539015,38.332994,46.126974,53.920954,,,,,,,,,,24.525000,24.291667,24.519583,23.559792,24.525000,26.609403,22.440597,25.567202,23.482798
2024-08-27,25.350000,2024-08-14,2024-06-30,0.850000,1.720000,14.738372,22.229413,4.583122,22.468650,30.351620,38.234590,46.117561,54.000531,,,,,,,,,,24.620000,24.297500,24.540000,23.579167,24.620000,26.671033,22.568967,25.645517,23.594483
2024-08-28,25.100000,2024-08-14,2024-06-30,0.850000,1.720000,14.593023,22.169811,4.635676,22.185348,30.158711,38.132075,46.105438,54.078801,,,,,,,,,,24.660000,24.302500,24.557083,23.596667,24.660000,26.715954,22.604046,25.687977,23.632023
2024-08-29,24.850000,2024-08-14,2024-06-30,0.850000,1.720000,14.447674,22.104674,4.688949,21.890053,29.955046,38.020038,46.085031,54.150024,,,,,,,,,,24.690000,24.306667,24.567500,23.612500,24.690000,26.738260,22.641740,25.714130,23.665870
2024-08-30,24.700000,2024-08-14,2024-06-30,0.850000,1.720000,14.360465,22.027017,4.739547,21.582429,29.734449,37.886469,46.038490,54.190510,,,,,,,,,,24.705000,24.312500,24.564167,23.628125,24.705000,26.748707,22.661293,25.726853,23.683147
2024-09-02,24.750000,2024-08-14,2024-06-30,0.850000,1.720000,14.389535,21.953927,4.789290,21.285596,29.523175,37.760754,45.998333,54.235912,,,,,,,,,,24.817500,24.320833,24.565833,23.645000,24.817500,26.578264,23.056736,25.697882,23.937118
2024-09-03,24.900000,2024-08-14,2024-06-30,0.850000,1.720000,14.476744,21.883528,4.836755,21.001231,29.320450,37.639669,45.958888,54.278107,,,,,,,,,,24.927500,24.340833,24.570833,23.663125,24.927500,26.378987,23.476013,25.653244,24.201756
2024-09-04,23.950000,2024-08-14,2024-06-30,0.850000,1.720000,13.924419,21.806169,4.889352,20.687238,29.096925,37.506611,45.916297,54.325983,,,,,,,,,,24.940000,24.340000,24.565417,23.677708,24.940000,26.350711,23.529289,25.645355,24.234645
2024-09-05,23.850000,2024-08-14,2024-06-30,0.850000,1.720000,13.866279,21.725967,4.940162,20.374505,28.871584,37.368663,45.865742,54.362821,,,,,,,,,,24.950000,24.344167,24.556667,23.692917,24.950000,26.324581,23.575419,25.637291,24.262709
2024-09-06,23.850000,2024-08-14,2024-06-30,0.850000,1.720000,13.866279,21.643013,4.988036,20.067138,28.646560,37.225982,45.805404,54.384826,,,,,,,,,,24.942500,24.355000,24.545000,23.708333,24.942500,26.340346,23.544654,25.641423,24.243577
2024-09-09,24.000000,2024-08-14,2024-06-30,0.850000,1.720000,13.953488,21.561179,5.033139,19.771230,28.428229,37.085227,45.742226,54.399224,,,,,,,,,,24.922500,24.367500,24.535000,23.724167,24.922500,26.363799,23.481201,25.643149,24.201851
2024-09-10,24.100000,2024-08-14,2024-06-30,0.850000,1.720000,14.011628,21.478257,5.075043,19.484454,28.213528,36.942601,45.671675,54.400749,,,,,,,,,,24.930000,24.380000,24.524167,23.740417,24.930000,26.351415,23.508585,25.640708,24.219292
2024-09-11,23.850000,2024-08-14,2024-06-30,0.850000,1.720000,13.866279,21.392944,5.116415,19.195396,27.995630,36.795864,45.596098,54.396332,,,,,,,,,,24.892500,24.382500,24.510000,23.754792,24.892500,26.388204,23.396796,25.640352,24.144648
2024-09-12,23.750000,2024-08-14,2024-06-30,0.850000,1.720000,13.808140,21.304789,5.155384,18.909716,27.776976,36.644237,45.511497,54.378758,,,,,,,,,,24.765000,24.386667,24.492500,23.767500,24.765000,26.188524,23.341476,25.476762,24.053238
2024-09-13,23.750000,2024-08-14,2024-06-30,0.850000,1.720000,13.808140,21.214668,5.191296,18.631170,27.560199,36.489229,45.418258,54.347288,,,,,,,,,,24.657500,24.392500,24.472917,23.780833,24.657500,26.044384,23.270616,25.350942,23.964058
2024-09-16,24.000000,2024-08-14,2024-06-30,0.850000,1.720000,13.953488,21.126151,5.223964,18.366543,27.351762,36.336980,45.322199,54.307418,,,,,,,,,,24.582500,24.401667,24.455833,23.795208,24.582500,25.939461,23.225539,25.260980,23.904020
2024-09-18,23.800000,2024-08-14,2024-06-30,0.850000,1.720000,13.837209,21.034700,5.254875,18.102916,27.141300,36.179685,45.218069,54.256454,,,,,,,,,,24.502500,24.400000,24.435000,23.808750,24.502500,25.845111,23.159889,25.173806,23.831194
2024-09-19,24.250000,2024-08-14,2024-06-30,0.850000,1.720000,14.098837,20.948574,5.283312,17.856956,26.944252,36.031548,45.118844,54.206140,,,,,,,,,,24.450000,24.412500,24.421250,23.823542,24.450000,25.742488,23.157512,25.096244,23.803756
2024-09-20,24.100000,2024-08-14,2024-06-30,0.850000,1.720000,14.011628,20.860542,5.310311,17.612662,26.746397,35.880133,45.013868,54.147603,,,,,,,,,,24.385000,24.422500,24.405000,23.836458,24.385000,25.605052,23.164948,24.995026,23.774974
2024-09-23,24.200000,2024-08-14,2024-06-30,0.850000,1.720000,14.069767,20.780070,5.339604,17.373482,26.557601,35.741721,44.925840,54.109960,,,,,,,,,,24.340000,24.435000,24.397083,23.849792,24.340000,25.514555,23.165445,24.927277,23.752723
2024-09-24,23.950000,2024-08-14,2024-06-30,0.850000,1.720000,13.924419,20.698387,5.369046,17.131707,26.366467,35.601226,44.835985,54.070744,,,,,,,,,,24.252500,24.438333,24.387083,23.862708,24.252500,25.247474,23.257526,24.749987,23.755013
2024-09-25,24.350000,2024-08-14,2024-06-30,0.850000,1.720000,14.156977,20.675081,5.391460,17.014516,26.287828,35.561140,44.834452,54.107764,,,,,,,,,,24.202500,24.445000,24.376667,23.877708,24.202500,25.055652,23.349348,24.629076,23.775924
2024-09-26,24.050000,2024-08-14,2024-06-30,0.850000,1.720000,13.982558,20.649219,5.416208,16.884899,26.200777,35.516656,44.832535,54.148413,,,,,,,,,,24.150000,24.432500,24.362083,23.891667,24.150000,24.892684,23.407316,24.521342,23.778658
2024-09-27,24.700000,2024-08-14,2024-06-30,0.850000,1.720000,14.360465,20.627609,5.436213,16.778913,26.129200,35.479487,44.829774,54.180061,,,,,,,,,,24.142500,24.435000,24.354583,23.908542,24.142500,24.857950,23.427050,24.500225,23.784775
2024-09-30,24.850000,2024-08-14,2024-06-30,0.850000,1.720000,14.447674,20.607554,5.454659,16.680966,26.062979,35.444992,44.827005,54.209018,,,,,,,,,,24.150000,24.428333,24.349583,23.926250,24.150000,24.892684,23.407316,24.521342,23.778658
2024-10-01,24.700000,2024-08-14,2024-06-30,0.850000,1.720000,14.360465,20.585392,5.474723,16.573826,25.990350,35.406874,44.823398,54.239922,,,,,,,,,,24.147500,24.410000,24.341250,23.943333,24.147500,24.881971,23.413029,24.514735,23.780265
2024-10-04,24.500000,2024-08-14,2024-06-30,0.850000,1.720000,14.244186,20.563917,5.494631,16.468407,25.919172,35.369937,44.820702,54.271467,,,,,,,,,,24.127500,24.382500,24.333750,23.959792,24.127500,24.794366,23.460634,24.460933,23.794067
2024-10-07,24.400000,2024-08-14,2024-06-30,0.850000,1.720000,14.186047,20.545269,5.512568,16.374628,25.856245,35.337862,44.819479,54.301096,,,,,,,,,,24.150000,24.358333,24.330417,23.977292,24.150000,24.821996,23.478004,24.485998,23.814002
2024-10-08,24.250000,2024-08-14,2024-06-30,0.850000,1.720000,14.098837,20.527273,5.530177,16.283102,25.795006,35.306910,44.818814,54.330718,,,,,,,,,,24.170000,24.340000,24.327917,23.992917,24.170000,24.828067,23.511933,24.499034,23.840966
2024-10-09,23.750000,2024-08-14,2024-06-30,0.850000,1.720000,13.808140,20.511270,5.546933,16.197936,25.738661,35.279385,44.820110,54.360834,,,,,,,,,,24.165000,24.330833,24.327917,24.006458,24.165000,24.834721,23.495279,24.499861,23.830139
2024-10-11,23.700000,2024-08-14,2024-06-30,0.850000,1.720000,13.779070,20.497509,5.561673,16.123560,25.689638,35.255715,44.821792,54.387870,,,,,,,,,,24.150000,24.320000,24.331250,24.020833,24.150000,24.848118,23.451882,24.499059,23.800941
2024-10-14,23.700000,2024-08-14,2024-06-30,0.850000,1.720000,13.779070,20.480436,5.579245,16.033747,25.630049,35.226350,44.822651,54.418952,,,,,,,,,,24.130000,24.305833,24.329583,24.035417,24.130000,24.856491,23.403509,24.493246,23.766754
2024-10-15,23.400000,2024-08-14,2024-06-30,0.850000,1.720000,13.604651,20.462461,5.598018,15.938251,25.566843,35.195434,44.824025,54.452616,,,,,,,,,,24.107500,24.281667,24.326250,24.049375,24.107500,24.895753,23.319247,24.501626,23.713374
2024-10-16,23.250000,2024-08-14,2024-06-30,0.850000,1.720000,13.517442,20.446796,5.614917,15.853175,25.510832,35.168488,44.826145,54.483802,,,,,,,,,,24.082500,24.252500,24.326250,24.062083,24.082500,24.946563,23.218437,24.514532,23.650468
2024-10-17,23.100000,2024-08-14,2024-06-30,0.850000,1.720000,13.430233,20.430955,5.632125,15.766731,25.453987,35.141242,44.828498,54.515753,,,,,,,,,,24.050000,24.223333,24.325833,24.074583,24.050000,25.010263,23.089737,24.530132,23.569868
2024-10-18,23.000000,2024-08-14,2024-06-30,0.850000,1.720000,13.372093,20.412698,5.651555,15.668490,25.389165,35.109840,44.830515,54.551190,,,,,,,,,,24.000000,24.206667,24.321667,24.087083,24.000000,25.069186,22.930814,24.534593,23.465407
2024-10-21,23.100000,2024-08-14,2024-06-30,0.850000,1.720000,13.430233,20.391338,5.673200,15.557293,25.315198,35.073102,44.831006,54.588911,,,,,,,,,,23.965000,24.196667,24.312917,24.100000,23.965000,25.105222,22.824778,24.535111,23.394889
2024-10-22,23.050000,2024-08-14,2024-06-30,0.850000,1.720000,13.401163,20.370012,5.694766,15.446428,25.241425,35.036421,44.831418,54.626415,,,,,,,,,,23.905000,24.195000,24.304167,24.112708,23.905000,25.106709,22.703291,24.505855,23.304145
2024-10-23,23.100000,2024-08-14,2024-06-30,0.850000,1.720000,13.430233,20.344790,5.718894,15.320042,25.156540,34.993038,44.829537,54.666035,,,,,,,,,,23.855000,24.185000,24.289583,24.126042,23.855000,25.104800,22.605200,24.479900,23.230100
2024-10-24,23.150000,2024-08-14,2024-06-30,0.850000,1.720000,13.459302,20.319258,5.742889,15.193586,25.071355,34.949123,44.826891,54.704660,,,,,,,,,,23.802500,24.181667,24.274583,24.138750,23.802500,25.079204,22.525796,24.440852,23.164148
2024-10-25,23.200000,2024-08-14,2024-06-30,0.850000,1.720000,13.488372,20.295071,5.765639,15.073723,24.990623,34.907522,44.824422,54.741322,,,,,,,,,,23.765000,24.180833,24.261667,24.151667,23.765000,25.067265,22.462735,24.416133,23.113867
2024-10-28,22.950000,2024-08-14,2024-06-30,0.850000,1.720000,13.343023,20.269950,5.789458,14.948579,24.906446,34.864313,44.822181,54.780048,,,,,,,,,,23.695000,24.172500,24.247083,24.164167,23.695000,25.015247,22.374753,24.355124,23.034876
2024-10-29,22.400000,2024-08-14,2024-06-30,0.850000,1.720000,13.023256,20.242439,5.816145,14.809456,24.813226,34.816995,44.820765,54.824535,,,,,,,,,,23.612500,24.140833,24.228333,24.174375,23.612500,25.041108,22.183892,24.326804,22.898196
2024-10-30,22.350000,2024-08-14,2024-06-30,0.850000,1.720000,12.994186,20.212755,5.844139,14.662100,24.714019,34.765939,44.817858,54.869778,,,,,,,,,,23.495000,24.109167,24.206250,24.184375,23.495000,24.933530,22.056470,24.214265,22.775735
2024-11-01,22.550000,2024-08-14,2024-06-30,0.850000,1.720000,13.110465,20.184868,5.870139,14.524695,24.621334,34.717972,44.814611,54.911249,,,,,,,,,,23.380000,24.078333,24.187083,24.195208,23.380000,24.727278,22.032722,24.053639,22.706361
2024-11-04,22.100000,2024-08-14,2024-06-30,0.850000,1.720000,12.848837,20.159215,5.895572,14.393081,24.533465,34.673850,44.814234,54.954619,,,,,,,,,,23.250000,24.071667,24.170833,24.204167,23.250000,24.562290,21.937710,23.906145,22.593855
2024-11-05,21.950000,2024-08-14,2024-06-30,0.850000,1.720000,12.761628,20.134215,5.920684,14.263698,24.447274,34.630850,44.814427,54.998003,,,,,,,,,,23.122500,24.059167,24.155417,24.212292,23.122500,24.418841,21.826159,23.770671,22.474329
2024-11-06,22.000000,2024-08-14,2024-06-30,0.850000,1.720000,12.790698,20.108078,5.946280,14.130692,24.358293,34.585894,44.813496,55.041097,,,,,,,,,,23.002500,24.030833,24.138333,24.220625,23.002500,24.244093,21.760907,23.623296,22.381704
2024-11-07,21.500000,2024-08-14,2024-06-30,0.850000,1.720000,12.500000,20.080346,5.974105,13.987276,24.262736,34.538196,44.813656,55.089115,,,,,,,,,,22.865000,23.995000,24.118333,24.226667,22.865000,24.133692,21.596308,23.499346,22.230654
2024-11-08,21.100000,2024-08-14,2024-06-30,0.850000,1.720000,12.267442,20.050125,6.004556,13.830544,24.158379,34.486215,44.814050,55.141886,,,,,,,,,,22.732500,23.946667,24.094167,24.222708,22.732500,24.156089,21.308911,23.444294,22.020706
2024-11-11,20.800000,2024-08-14,2024-06-30,0.850000,1.720000,12.093023,19.935918,6.024614,13.565105,23.927442,34.289778,44.652115,55.014452,,,,,,,,,,22.587500,23.886667,24.065417,24.218750,22.587500,24.177229,20.997771,23.382364,21.792636
2024-11-12,20.550000,2024-08-14,2024-06-30,0.850000,1.720000,11.947674,19.821829,6.045315,13.297662,23.695604,34.093546,44.491488,54.889430,,,,,,,,,,22.430000,23.830000,24.035833,24.211458,22.430000,24.172473,20.687527,23.301236,21.558764
2024-11-13,20.600000,2024-08-14,2024-06-30,0.850000,1.720000,11.976744,19.700004,6.054953,13.054967,23.469487,33.884007,44.298527,54.713047,,,,,,,,,,22.290000,23.763333,23.999167,24.204583,22.290000,24.150277,20.429723,23.220139,21.359861
2024-11-14,20.200000,2024-11-14,2024-09-30,-0.240000,1.470000,13.741497,19.591112,6.043528,11.030964,19.914950,28.798935,37.682921,46.566906,,,,,,,,,,22.137500,23.661667,23.957500,24.194792,22.137500,24.159452,20.115548,23.148476,21.126524
2024-11-15,20.150000,2024-11-14,2024-09-30,-0.240000,1.470000,13.707483,19.479278,6.027040,10.915041,19.774790,28.634538,37.494286,46.354035,,,,,,,,,,21.990000,23.565833,23.912917,24.185208,21.990000,24.142502,19.837498,23.066251,20.913749
2024-11-18,20.000000,2024-11-14,2024-09-30,-0.240000,1.470000,13.605442,19.370138,6.013712,10.793791,19.633947,28.474104,37.314260,46.154416,,,,,,,,,,21.840000,23.474167,23.870417,24.176458,21.840000,24.111007,19.568993,22.975504,20.704496
2024-11-19,20.300000,2024-11-14,2024-09-30,-0.240000,1.470000,13.809524,19.265803,6.000546,10.679124,19.499927,28.320730,37.141533,45.962336,,,,,,,,,,21.700000,23.389167,23.833333,24.169792,21.700000,23.989105,19.410895,22.844552,20.555448
2024-11-20,20.400000,2024-11-14,2024-09-30,-0.240000,1.470000,13.877551,19.161148,5.983931,10.574129,19.370508,28.166887,36.963266,45.759646,,,,,,,,,,21.567500,23.307500,23.796250,24.163958,21.567500,23.834256,19.300744,22.700878,20.434122
2024-11-21,20.400000,2024-11-14,2024-09-30,-0.240000,1.470000,13.877551,19.053390,5.961449,10.481824,19.245153,28.008483,36.771813,45.535142,,,,,,,,,,21.432500,23.224167,23.756250,24.156875,21.432500,23.635674,19.229326,22.534087,20.330913
2024-11-22,20.400000,2024-11-14,2024-09-30,-0.240000,1.470000,13.877551,18.944302,5.935115,10.398887,19.123506,27.848124,36.572742,45.297361,,,,,,,,,,21.295000,23.145833,23.715000,24.150417,21.295000,23.387317,19.202683,22.341158,20.248842
2024-11-25,20.200000,2024-11-14,2024-09-30,-0.240000,1.470000,13.741497,18.834967,5.908827,10.315450,19.001426,27.687401,36.373377,45.059352,,,,,,,,,,21.145000,23.054167,23.672917,24.142917,21.145000,23.087028,19.202972,22.116014,20.173986
2024-11-26,20.550000,2024-11-14,2024-09-30,-0.240000,1.470000,13.979592,18.729832,5.881757,10.240488,18.886671,27.532854,36.179036,44.825219,,,,,,,,,,21.025000,22.974167,23.635833,24.136667,21.025000,22.785532,19.264468,21.905266,20.144734
2024-11-27,20.500000,2024-11-14,2024-09-30,-0.240000,1.470000,13.945578,18.626187,5.855287,10.165952,18.773224,27.380495,35.987767,44.595039,,,,,,,,,,20.930000,22.897500,23.600000,24.130417,20.930000,22.579689,19.280311,21.754844,20.105156
2024-11-28,20.650000,2024-11-14,2024-09-30,-0.240000,1.470000,14.047619,18.525166,5.828551,10.096055,18.664024,27.231994,35.799963,44.367932,,,,,,,,,,20.845000,22.827500,23.567083,24.124375,20.845000,22.355977,19.334023,21.600489,20.089511
2024-11-29,20.500000,2024-11-14,2024-09-30,-0.240000,1.470000,13.945578,18.425510,5.803504,10.023199,18.554349,27.085500,35.616651,44.147801,,,,,,,,,,20.742500,22.757500,23.535000,24.116667,20.742500,22.027750,19.457250,21.385125,20.099875
2024-12-02,20.200000,2024-11-14,2024-09-30,-0.240000,1.470000,13.741497,18.325040,5.779110,9.947226,18.442518,26.937809,35.433101,43.928392,,,,,,,,,,20.647500,22.681667,23.501250,24.106042,20.647500,21.782343,19.512657,21.214921,20.080079
2024-12-03,20.400000,2024-11-14,2024-09-30,-0.240000,1.470000,13.877551,18.230580,5.758183,9.869895,18.334424,26.798953,35.263482,43.728011,,,,,,,,,,20.570000,22.606667,23.473750,24.096667,20.570000,21.528288,19.611712,21.049144,20.090856
2024-12-04,20.400000,2024-11-14,2024-09-30,-0.240000,1.470000,13.877551,18.133460,5.732226,9.803443,18.229815,26.656187,35.082559,43.508931,,,,,,,,,,20.490000,22.547500,23.443750,24.087500,20.490000,21.173335,19.806665,20.831668,20.148332
2024-12-05,20.700000,2024-11-14,2024-09-30,-0.240000,1.470000,14.081633,18.041588,5.707826,9.740125,18.130629,26.521134,34.911638,43.302142,,,,,,,,,,20.450000,22.495000,23.419583,24.081458,20.450000,20.954715,19.945285,20.702357,20.197643
2024-12-06,20.450000,2024-11-14,2024-09-30,-0.240000,1.470000,13.911565,17.951844,5.687185,9.668886,18.029048,26.389210,34.749372,43.109534,,,,,,,,,,20.417500,22.438333,23.396667,24.072708,20.417500,20.819174,20.015826,20.618337,20.216663
2024-12-09,20.250000,2024-11-14,2024-09-30,-0.240000,1.470000,13.775510,17.860522,5.665306,9.598968,17.926968,26.254968,34.582968,42.910968,,,,,,,,,,20.390000,22.375833,23.371667,24.053750,20.390000,20.755052,20.024948,20.572526,20.207474
2024-12-10,20.350000,2024-11-14,2024-09-30,-0.240000,1.470000,13.843537,17.768882,5.640339,9.537660,17.828958,26.120256,34.411554,42.702852,,,,,,,,,,20.380000,22.313333,23.346667,24.027083,20.380000,20.737477,20.022523,20.558738,20.201262
2024-12-11,20.300000,2024-11-14,2024-09-30,-0.240000,1.470000,13.809524,17.673855,5.609849,9.487610,17.734088,25.980566,34.227045,42.473523,,,,,,,,,,20.365000,22.254167,23.318333,24.002917,20.365000,20.708511,20.021489,20.536756,20.193244
2024-12-12,20.600000,2024-11-14,2024-09-30,-0.240000,1.470000,14.013605,17.582301,5.578845,9.444179,17.645081,25.845983,34.046885,42.247787,,,,,,,,,,20.385000,22.201667,23.294167,23.979792,20.385000,20.734586,20.035414,20.559793,20.210207
2024-12-13,20.350000,2024-11-14,2024-09-30,-0.240000,1.470000,13.843537,17.490217,5.548263,9.398727,17.554673,25.710620,33.866566,42.022512,,,,,,,,,,20.395000,22.145000,23.268750,23.955417,20.395000,20.727297,20.062703,20.561148,20.228852
2024-12-16,20.300000,2024-11-14,2024-09-30,-0.240000,1.470000,13.809524,17.397407,5.515537,9.358510,17.466349,25.574188,33.682027,41.789866,,,,,,,,,,20.410000,22.083333,23.242500,23.928958,20.410000,20.690225,20.129775,20.550113,20.269887
2024-12-17,20.300000,2024-11-14,2024-09-30,-0.240000,1.470000,13.809524,17.300607,5.475241,9.334682,17.383287,25.431892,33.480497,41.529101,,,,,,,,,,20.410000,22.025000,23.212500,23.903750,20.410000,20.690225,20.129775,20.550113,20.269887
2024-12-18,19.900000,2024-11-14,2024-09-30,-0.240000,1.470000,13.537415,17.205085,5.439661,9.298871,17.295173,25.291475,33.287777,41.284079,,,,,,,,,,20.385000,21.952500,23.182500,23.877083,20.385000,20.746430,20.023570,20.565715,20.204285
2024-12-19,20.200000,2024-11-14,2024-09-30,-0.240000,1.470000,13.741497,17.111264,5.401042,9.274495,17.214026,25.153558,33.093090,41.032622,,,,,,,,,,20.375000,21.887500,23.155000,23.852292,20.375000,20.745632,20.004368,20.560316,20.189684
2024-12-20,19.850000,2024-11-14,2024-09-30,-0.240000,1.470000,13.503401,17.015902,5.362419,9.247864,17.130621,25.013377,32.896133,40.778889,,,,,,,,,,20.347500,21.815000,23.125000,23.824792,20.347500,20.785768,19.909232,20.566634,20.128366
2024-12-23,19.750000,2024-11-14,2024-09-30,-0.240000,1.470000,13.435374,16.917314,5.318036,9.233426,17.050939,24.868452,32.685965,40.503478,,,,,,,,,,20.325000,21.745000,23.091667,23.795833,20.325000,20.835418,19.814582,20.580209,20.069791
2024-12-24,19.650000,2024-11-14,2024-09-30,-0.240000,1.470000,13.367347,16.816386,5.268889,9.229554,16.974821,24.720088,32.465354,40.210621,,,,,,,,,,20.280000,21.666667,23.055833,23.765417,20.280000,20.860744,19.699256,20.570372,19.989628
2024-12-25,19.550000,2024-11-14,2024-09-30,-0.240000,1.470000,13.299320,16.707356,5.204237,9.259357,16.909585,24.559813,32.210040,39.860268,,,,,,,,,,20.232500,21.591667,23.012083,23.735625,20.232500,20.888063,19.576937,20.560282,19.904718
2024-12-26,19.550000,2024-11-14,2024-09-30,-0.240000,1.470000,13.299320,16.600541,5.140635,9.289330,16.846063,24.402796,31.959529,39.516262,,,,,,,,,,20.177500,21.505833,22.970417,23.708958,20.177500,20.869161,19.485839,20.523330,19.831670
2024-12-27,19.750000,2024-11-14,2024-09-30,-0.240000,1.470000,13.435374,16.488655,5.060918,9.359225,16.798774,24.238323,31.677872,39.117421,,,,,,,,,,20.140000,21.420833,22.924583,23.683333,20.140000,20.839323,19.440677,20.489661,19.790339
2024-12-30,20.000000,2024-11-14,2024-09-30,-0.240000,1.470000,13.605442,16.373311,4.965908,9.468997,16.768882,24.068767,31.368652,38.668536,,,,,,,,,,20.130000,21.342500,22.876250,23.661042,20.130000,20.831427,19.428573,20.480714,19.779286
2024-12-31,20.450000,2024-11-14,2024-09-30,-0.240000,1.470000,13.911565,16.257414,4.857646,9.616920,16.757659,23.898399,31.039138,38.179878,,,,,,,,,,20.132500,21.275000,22.828750,23.643125,20.132500,20.838322,19.426678,20.485411,19.779589
2025-01-02,20.500000,2024-11-14,2024-09-30,-0.240000,1.470000,13.945578,16.144461,4.750434,9.766082,16.749219,23.732357,30.715495,37.698632,,,,,,,,,,20.137500,21.210000,22.784167,23.627917,20.137500,20.852655,19.422345,20.495078,19.779922
2025-01-03,20.400000,2024-11-14,2024-09-30,-0.240000,1.470000,13.877551,16.035373,4.649015,9.903893,16.737945,23.571998,30.406051,37.240103,,,,,,,,,,20.122500,21.145833,22.742917,23.609375,20.122500,20.799549,19.445451,20.461024,19.783976
2025-01-06,20.400000,2024-11-14,2024-09-30,-0.240000,1.470000,13.877551,15.935594,4.564295,10.006296,16.715809,23.425323,30.134836,36.844349,,,,,,,,,,20.120000,21.090000,22.710417,23.592500,20.120000,20.792309,19.447691,20.456155,19.783845
2025-01-07,20.150000,2024-11-14,2024-09-30,-0.240000,1.470000,13.707483,15.833954,4.475378,10.118300,16.697106,23.275912,29.854718,36.433524,,,,,,,,,,20.115000,21.030833,22.675417,23.577292,20.115000,20.784721,19.445279,20.449861,19.780139
2025-01-08,20.400000,2024-11-14,2024-09-30,-0.240000,1.470000,13.877551,15.731958,4.377454,10.256265,16.691122,23.125979,29.560835,35.995692,,,,,,,,,,20.117500,20.975833,22.640833,23.562917,20.117500,20.791276,19.443724,20.454388,19.780612
2025-01-09,20.500000,2024-11-14,2024-09-30,-0.240000,1.470000,13.945578,15.627870,4.267919,10.425287,16.699128,22.972969,29.246810,35.520651,,,,,,,,,,20.127500,20.927500,22.604583,23.548542,20.127500,20.818399,19.436601,20.472950,19.782050
2025-01-10,20.850000,2024-11-14,2024-09-30,-0.240000,1.470000,14.183673,15.524436,4.148614,10.623997,16.722459,22.820921,28.919383,35.017845,,,,,,,,,,20.140000,20.887500,22.570000,23.534167,20.140000,20.874560,19.405440,20.507280,19.772720
2025-01-13,20.850000,2024-11-14,2024-09-30,-0.240000,1.470000,14.183673,15.422332,4.026790,10.832067,16.751447,22.670828,28.590208,34.509589,,,,,,,,,,20.165000,20.850000,22.536667,23.518958,20.165000,20.961109,19.368891,20.563054,19.766946
2025-01-14,20.950000,2024-11-14,2024-09-30,-0.240000,1.470000,14.251701,15.328330,3.919029,11.010701,16.771673,22.532645,28.293617,34.054589,,,,,,,,,,20.197500,20.815833,22.511250,23.503125,20.197500,21.066544,19.328456,20.632022,19.762978
2025-01-15,20.800000,2024-11-14,2024-09-30,-0.240000,1.470000,14.149660,15.236138,3.813248,11.186172,16.791647,22.397122,28.002597,33.608072,,,,,,,,,,20.222500,20.777500,22.487083,23.488750,20.222500,21.131794,19.313206,20.677147,19.767853
2025-01-16,20.100000,2024-11-14,2024-09-30,-0.240000,1.470000,13.673469,15.144853,3.716423,11.336651,16.799792,22.262933,27.726075,33.189216,,,,,,,,,,20.232500,20.728333,22.461667,23.471875,20.232500,21.131198,19.333802,20.681849,19.783151
2025-01-17,20.100000,2024-11-14,2024-09-30,-0.240000,1.470000,13.673469,15.048692,3.601233,11.533953,16.827765,22.121577,27.415389,32.709201,,,,,,,,,,20.227500,20.678333,22.431667,23.455625,20.227500,21.128070,19.326930,20.677785,19.777215
2025-01-20,20.100000,2024-11-14,2024-09-30,-0.240000,1.470000,13.673469,14.955634,3.488601,11.728294,16.856538,21.984782,27.113026,32.241270,,,,,,,,,,20.240000,20.627500,22.404583,23.438750,20.240000,21.125319,19.354681,20.682659,19.797341
2025-01-21,20.050000,2024-11-14,2024-09-30,-0.240000,1.470000,13.639456,14.863179,3.372354,11.934153,16.891513,21.848873,26.806233,31.763593,,,,,,,,,,20.255000,20.575000,22.377917,23.419583,20.255000,21.115171,19.394829,20.685086,19.824914
2025-01-22,20.150000,2024-11-14,2024-09-30,-0.240000,1.470000,13.707483,14.769518,3.243563,12.175118,16.943154,21.711191,26.479228,31.247265,,,,,,,,,,20.280000,20.528333,22.350417,23.400208,20.280000,21.093957,19.466043,20.686979,19.873021
2025-02-03,20.100000,2024-11-14,2024-09-30,-0.240000,1.470000,13.673469,14.668038,3.080336,12.505828,17.033922,21.562016,26.090110,30.618204,,,,,,,,,,20.307500,20.490000,22.315417,23.382708,20.307500,21.051794,19.563206,20.679647,19.935353
2025-02-04,20.150000,2024-11-14,2024-09-30,-0.240000,1.470000,13.707483,14.567285,2.906034,12.870168,17.142038,21.413909,25.685779,29.957649,,,,,,,,,,20.337500,20.453333,22.281250,23.365625,20.337500,20.996746,19.678254,20.667123,20.007877
2025-02-05,20.350000,2024-11-14,2024-09-30,-0.240000,1.470000,13.843537,14.466335,2.710894,13.295486,17.280500,21.265513,25.250527,29.235540,,,,,,,,,,20.367500,20.416667,22.247500,23.348958,20.367500,20.965985,19.769015,20.666742,20.068258
2025-02-06,20.350000,2024-11-14,2024-09-30,-0.240000,1.470000,13.843537,14.382230,2.567387,13.593761,17.367820,21.141878,24.915937,28.689996,,,,,,,,,,20.385000,20.387500,22.229583,23.332500,20.385000,20.958172,19.811828,20.671586,20.098414
2025-02-07,20.300000,2024-11-14,2024-09-30,-0.240000,1.470000,13.809524,14.296068,2.405236,13.943826,17.479523,21.015221,24.550918,28.086615,,,,,,,,,,20.377500,20.360000,22.209583,23.316458,20.377500,20.951016,19.803984,20.664258,20.090742
2025-02-10,20.800000,2024-11-14,2024-09-30,-0.240000,1.470000,14.149660,14.203876,2.185247,14.455070,17.667384,20.879698,24.092011,27.304325,,,,,,,,,,20.392500,20.340000,22.185417,23.301667,20.392500,20.994492,19.790508,20.693496,20.091504
2025-02-11,21.000000,2024-11-14,2024-09-30,-0.240000,1.470000,14.285714,14.113260,1.938672,15.046797,17.896645,20.746493,23.596341,26.446188,,,,,,,,,,20.422500,20.331667,22.163333,23.287708,20.422500,21.083022,19.761978,20.752761,20.092239
2025-02-12,20.800000,2024-11-14,2024-09-30,-0.240000,1.470000,14.149660,14.018408,1.629021,15.817738,18.212399,20.607060,23.001721,25.396382,,,,,,,,,,20.442500,20.326667,22.136667,23.273750,20.442500,21.124042,19.760958,20.783271,20.101729
2025-02-13,21.700000,2024-11-14,2024-09-30,-0.240000,1.470000,14.761905,13.925112,1.204889,16.927541,18.698728,20.469915,22.241101,24.012288,,,,,,,,,,20.520000,20.341667,22.114167,23.265208,20.520000,21.388392,19.651608,20.954196,20.085804
2025-02-14,22.050000,2024-11-14,2024-09-30,-0.240000,1.470000,15.000000,13.837789,0.576235,18.647420,19.494485,20.341550,21.188616,22.035681,,,,,,,,,,20.602500,20.366667,22.098333,23.259375,20.602500,21.704878,19.500122,21.153689,20.051311
2025-02-17,21.700000,2024-11-14,2024-09-30,-0.240000,1.470000,14.761905,13.841619,0.580857,18.639461,19.493321,20.347180,21.201040,22.054899,,,,,,,,,,20.662500,20.385000,22.074167,23.245000,20.662500,21.867260,19.457740,21.264880,20.060120
2025-02-18,21.900000,2024-11-14,2024-09-30,-0.240000,1.470000,14.897959,13.838346,0.573686,18.655733,19.499051,20.342369,21.185687,22.029005,,,,,,,,,,20.715000,20.413333,22.037500,23.233958,20.715000,22.039705,19.390295,21.377352,20.052648
2025-02-19,22.150000,2024-11-14,2024-09-30,-0.240000,1.470000,15.068027,13.838429,0.573863,18.655333,19.498912,20.342490,21.186069,22.029648,,,,,,,,,,20.780000,20.446667,22.006250,23.222917,20.780000,22.251984,19.308016,21.515992,20.044008
2025-02-20,21.850000,2024-11-14,2024-09-30,-0.240000,1.470000,14.863946,13.838748,0.574428,18.654142,19.498551,20.342960,21.187369,22.031779,,,,,,,,,,20.825000,20.477500,21.975833,23.212083,20.825000,22.371983,19.278017,21.598492,20.051508
2025-02-21,21.550000,2024-11-14,2024-09-30,-0.240000,1.470000,14.659864,13.837852,0.573049,18.656879,19.499261,20.341642,21.184024,22.026406,,,,,,,,,,20.862500,20.498333,21.943750,23.202083,20.862500,22.442931,19.282069,21.652716,20.072284
2025-02-24,21.700000,2024-11-14,2024-09-30,-0.240000,1.470000,14.761905,13.838290,0.573741,18.655489,19.498888,20.342287,21.185686,22.029084,,,,,,,,,,20.942500,20.520000,21.913750,23.193125,20.942500,22.522398,19.362602,21.732449,20.152551
2025-02-25,21.600000,2024-11-14,2024-09-30,-0.240000,1.470000,14.693878,13.837677,0.572778,18.657418,19.499402,20.341386,21.183369,22.025353,,,,,,,,,,21.017500,20.540000,21.882083,23.184583,21.017500,22.571197,19.463803,21.794348,20.240652
2025-02-26,21.400000,2024-11-14,2024-09-30,-0.240000,1.470000,14.557823,13.837384,0.572397,18.658108,19.499531,20.340954,21.182378,22.023801,,,,,,,,,,21.082500,20.556667,21.851250,23.175417,21.082500,22.582421,19.582579,21.832461,20.332539
2025-02-27,21.350000,2024-11-14,2024-09-30,-0.240000,1.470000,14.523810,13.833900,0.566864,18.669254,19.502544,20.335833,21.169123,22.002412,,,,,,,,,,21.147500,20.575833,21.815000,23.167292,21.147500,22.569683,19.725317,21.858592,20.436408
2025-03-03,21.100000,2024-11-14,2024-09-30,-0.240000,1.470000,14.353741,13.830695,0.562779,18.676551,19.503836,20.331122,21.158407,21.985692,,,,,,,,,,21.195000,20.585000,21.779583,23.159792,21.195000,22.538170,19.851830,21.866585,20.523415
2025-03-04,20.950000,2024-11-14,2024-09-30,-0.240000,1.470000,14.251701,13.827851,0.559748,18.681281,19.504111,20.326940,21.149770,21.972600,,,,,,,,,,21.237500,20.592500,21.745000,23.151042,21.237500,22.485182,19.989818,21.861341,20.613659
2025-03-05,21.000000,2024-11-14,2024-09-30,-0.240000,1.470000,14.285714,13.826501,0.558435,18.683158,19.504057,20.324956,21.145856,21.966755,,,,,,,,,,21.280000,20.598333,21.712917,23.140208,21.280000,22.425426,20.134574,21.852713,20.707287
2025-03-06,20.900000,2024-11-14,2024-09-30,-0.240000,1.470000,14.217687,13.825311,0.557439,18.684337,19.503772,20.323207,21.142642,21.962078,,,,,,,,,,21.307500,20.605000,21.681250,23.122708,21.307500,22.383201,20.231799,21.845350,20.769650
2025-03-07,20.700000,2024-11-14,2024-09-30,-0.240000,1.470000,14.081633,13.822745,0.555525,18.686191,19.502813,20.319436,21.136058,21.952680,,,,,,,,,,21.325000,20.613333,21.647500,23.106667,21.325000,22.345062,20.304938,21.835031,20.814969
2025-03-10,20.550000,2024-11-14,2024-09-30,-0.240000,1.470000,13.979592,13.818602,0.552452,18.689136,19.501241,20.313345,21.125450,21.937555,,,,,,,,,,21.337500,20.615833,21.611250,23.091042,21.337500,22.309679,20.365321,21.823589,20.851411
2025-03-11,20.500000,2024-11-14,2024-09-30,-0.240000,1.470000,13.945578,13.818779,0.552490,18.689285,19.501445,20.313605,21.125765,21.937924,,,,,,,,,,21.322500,20.617500,21.582500,23.073958,21.322500,22.337895,20.307105,21.830197,20.814803
2025-03-12,20.500000,2024-11-14,2024-09-30,-0.240000,1.470000,13.945578,13.819440,0.552594,18.689948,19.502262,20.314576,21.126890,21.939204,,,,,,,,,,21.297500,20.614167,21.554583,23.055625,21.297500,22.369377,20.225623,21.833439,20.761561
2025-03-13,20.000000,2024-11-14,2024-09-30,-0.240000,1.470000,13.605442,13.817266,0.552922,18.685792,19.498586,20.311381,21.124175,21.936970,,,,,,,,,,21.257500,20.606667,21.522500,23.033750,21.257500,22.459374,20.055626,21.858437,20.656563
2025-03-14,20.050000,2024-11-14,2024-09-30,-0.240000,1.470000,13.639456,13.814649,0.553015,18.681671,19.494603,20.307534,21.120465,21.933397,,,,,,,,,,21.175000,20.603333,21.489583,23.012292,21.175000,22.471757,19.878243,21.823379,20.526621
2025-03-17,19.950000,2024-11-14,2024-09-30,-0.240000,1.470000,13.571429,13.810981,0.553157,18.675860,19.489001,20.302141,21.115282,21.928423,,,,,,,,,,21.070000,20.596667,21.455000,22.989583,21.070000,22.407869,19.732131,21.738935,20.401065
2025-03-18,19.850000,2024-11-14,2024-09-30,-0.240000,1.470000,13.503401,13.807957,0.553844,18.669396,19.483546,20.297696,21.111846,21.925996,,,,,,,,,,20.977500,20.589167,21.421667,22.965833,20.977500,22.385924,19.569076,21.681712,20.273288
2025-03-19,19.900000,2024-11-14,2024-09-30,-0.240000,1.470000,13.537415,13.805701,0.554394,18.664462,19.479421,20.294380,21.109339,21.924298,,,,,,,,,,20.877500,20.577500,21.389583,22.941042,20.877500,22.294121,19.460879,21.585811,20.169189
2025-03-20,19.950000,2024-11-14,2024-09-30,-0.240000,1.470000,13.571429,13.803728,0.554806,18.660350,19.475915,20.291480,21.107045,21.922610,,,,,,,,,,20.767500,20.570833,21.357917,22.915417,20.767500,22.107679,19.427321,21.437589,20.097411
2025-03-21,19.900000,2024-11-14,2024-09-30,-0.240000,1.470000,13.537415,13.800261,0.555162,18.654206,19.470295,20.286383,21.102472,21.918560,,,,,,,,,,20.670000,20.564167,21.323750,22.889792,20.670000,21.961429,19.378571,21.315715,20.024285
2025-03-24,19.850000,2024-11-14,2024-09-30,-0.240000,1.470000,13.503401,13.797479,0.555812,18.648208,19.465251,20.282294,21.099337,21.916380,,,,,,,,,,20.585000,20.556667,21.290833,22.862917,20.585000,21.856178,19.313822,21.220589,19.949411
2025-03-25,19.900000,2024-11-14,2024-09-30,-0.240000,1.470000,13.537415,13.792800,0.555616,18.641904,19.458661,20.275417,21.092173,21.908929,,,,,,,,,,20.495000,20.556667,21.254583,22.837917,20.495000,21.686152,19.303848,21.090576,19.899424
2025-03-26,19.750000,2024-11-14,2024-09-30,-0.240000,1.470000,13.435374,13.787998,0.556199,18.633132,19.450745,20.268358,21.085970,21.903583,,,,,,,,,,20.402500,20.549167,21.218333,22.811667,20.402500,21.517222,19.287778,20.959861,19.845139
2025-03-27,19.500000,2024-11-14,2024-09-30,-0.240000,1.470000,13.265306,13.781294,0.557621,18.619098,19.438800,20.258503,21.078205,21.897908,,,,,,,,,,20.307500,20.543333,21.179167,22.788125,20.307500,21.387595,19.227405,20.847548,19.767452
2025-03-28,19.300000,2024-11-14,2024-09-30,-0.240000,1.470000,13.129252,13.774668,0.560622,18.600533,19.424648,20.248762,21.072877,21.896991,,,,,,,,,,20.205000,20.535833,21.140417,22.763750,20.205000,21.257266,19.152734,20.731133,19.678867
2025-03-31,18.650000,2025-03-31,2024-12-31,-0.820000,-0.360000,-51.805556,13.224980,6.012426,-0.432046,-2.596520,-4.760993,-6.925466,-9.089939,,,,,,,,,,20.082500,20.519167,21.092917,22.734792,20.082500,21.259148,18.905852,20.670824,19.494176
2025-04-01,18.950000,2025-03-31,2024-12-31,-0.820000,-0.360000,-52.638889,12.669802,8.502224,1.560473,-1.500328,-4.561129,-7.621929,-10.682730,,,,,,,,,,19.982500,20.509167,21.050417,22.706250,19.982500,21.188308,18.776692,20.585404,19.379596
2025-04-02,18.850000,2025-03-31,2024-12-31,-0.820000,-0.360000,-52.361111,12.113788,10.367740,3.103809,-0.628577,-4.360964,-8.093350,-11.825737,,,,,,,,,,19.875000,20.497500,21.001667,22.678125,19.875000,21.082215,18.667785,20.478608,19.271392
2025-04-07,17.000000,2025-03-31,2024-12-31,-0.820000,-0.360000,-47.222222,11.599873,11.694621,4.244173,0.034110,-4.175954,-8.386018,-12.596081,,,,,,,,,,19.680000,20.451667,20.936250,22.642917,19.680000,21.358157,18.001843,20.519078,18.840922
2025-04-08,15.300000,2025-03-31,2024-12-31,-0.820000,-0.360000,-42.500000,11.126035,12.691282,5.132350,0.563489,-4.005373,-8.574234,-13.143096,,,,,,,,,,19.410000,20.373333,20.857917,22.599583,19.410000,21.925761,16.894239,20.667880,18.152120
2025-04-09,13.800000,2025-03-31,2024-12-31,-0.820000,-0.360000,-38.333333,10.687889,13.466622,5.848327,1.000344,-3.847640,-8.695624,-13.543608,,,,,,,,,,19.072500,20.262500,20.768750,22.551250,19.072500,22.565572,15.579428,20.819036,17.325964
2025-04-10,14.600000,2025-03-31,2024-12-31,-0.820000,-0.360000,-40.555556,10.231709,14.251440,6.577621,1.447103,-3.683415,-8.813934,-13.944452,,,,,,,,,,18.777500,20.164167,20.687083,22.508750,18.777500,22.729378,14.825622,20.753439,16.801561
2025-04-11,14.450000,2025-03-31,2024-12-31,-0.820000,-0.360000,-40.138889,9.779728,14.969731,7.257504,1.868401,-3.520702,-8.909805,-14.298908,,,,,,,,,,18.475000,20.065000,20.605417,22.466667,18.475000,22.781971,14.168029,20.628486,16.321514
2025-04-14,14.750000,2025-03-31,2024-12-31,-0.820000,-0.360000,-40.972222,9.323225,15.664973,7.922419,2.283029,-3.356361,-8.995751,-14.635141,,,,,,,,,,18.212500,19.970833,20.530417,22.429167,18.212500,22.761285,13.663715,20.486893,15.938107
2025-04-15,15.000000,2025-03-31,2024-12-31,-0.820000,-0.360000,-41.666667,8.861178,16.335780,8.571738,2.690857,-3.190024,-9.070905,-14.951786,,,,,,,,,,17.960000,19.885000,20.457917,22.394583,17.960000,22.638124,13.281876,20.299062,15.620938
2025-04-16,14.700000,2025-03-31,2024-12-31,-0.820000,-0.360000,-40.833333,8.406074,16.946920,9.175596,3.074704,-3.026187,-9.127078,-15.227969,,,,,,,,,,17.697500,19.790000,20.382917,22.356250,17.697500,22.493164,12.901836,20.095332,15.299668
2025-04-17,14.150000,2025-03-31,2024-12-31,-0.820000,-0.360000,-39.305556,7.965156,17.490122,9.725432,3.428988,-2.867456,-9.163900,-15.460344,,,,,,,,,,17.412500,19.684167,20.305833,22.316042,17.412500,22.345085,12.479915,19.878792,14.946208
2025-04-18,14.250000,2025-03-31,2024-12-31,-0.820000,-0.360000,-39.583333,7.522649,18.012403,10.260776,3.776311,-2.708154,-9.192619,-15.677084,,,,,,,,,,17.130000,19.574167,20.230833,22.278542,17.130000,22.109685,12.150315,19.619843,14.640157
2025-04-21,13.400000,2025-03-31,2024-12-31,-0.820000,-0.360000,-37.222222,7.100546,18.460718,10.735521,4.089662,-2.556196,-9.202055,-15.847913,,,,,,,,,,16.802500,19.450000,20.150000,22.237917,16.802500,21.862194,11.742806,19.332347,14.272653
2025-04-22,13.600000,2025-03-31,2024-12-31,-0.820000,-0.360000,-37.777778,6.674297,18.899981,11.205240,4.401246,-2.402747,-9.206740,-16.010733,,,,,,,,,,16.487500,19.327500,20.071667,22.196667,16.487500,21.519594,11.455406,19.003547,13.971453
2025-04-23,13.950000,2025-03-31,2024-12-31,-0.820000,-0.360000,-38.750000,6.239461,19.338415,11.677452,4.715623,-2.246206,-9.208035,-16.169865,,,,,,,,,,16.192500,19.213333,19.995417,22.154167,16.192500,21.084413,11.300587,18.638457,13.746543
2025-04-24,14.000000,2025-03-31,2024-12-31,-0.820000,-0.360000,-38.888889,5.803711,19.760208,12.138014,5.024339,-2.089336,-9.203011,-16.316686,,,,,,,,,,15.897500,19.111667,19.920000,22.112083,15.897500,20.553958,11.241042,18.225729,13.569271
2025-04-25,14.350000,2025-03-31,2024-12-31,-0.820000,-0.360000,-39.861111,5.359616,20.181712,12.601371,5.335954,-1.929462,-9.194878,-16.460294,,,,,,,,,,15.627500,19.015833,19.847083,22.068333,15.627500,19.958232,11.296768,17.792866,13.462134
2025-04-28,14.650000,2025-03-31,2024-12-31,-0.820000,-0.360000,-40.694444,4.908335,20.600198,13.065142,5.649071,-1.767001,-9.183072,-16.599143,,,,,,,,,,15.385000,18.925000,19.776250,22.025417,15.385000,19.328562,11.441438,17.356781,13.413219
2025-04-29,14.900000,2025-03-31,2024-12-31,-0.820000,-0.360000,-41.388889,4.451025,21.013107,13.527068,5.962350,-1.602369,-9.167087,-16.731806,,,,,,,,,,15.165000,18.839167,19.707083,21.984375,15.165000,18.653643,11.676357,16.909322,13.420678
2025-04-30,14.800000,2025-03-31,2024-12-31,-0.820000,-0.360000,-41.111111,3.997240,21.403813,13.971739,6.266366,-1.439006,-9.144379,-16.849752,,,,,,,,,,14.972500,18.750000,19.639167,21.943125,14.972500,18.052397,11.892603,16.512448,13.432552
2025-05-02,14.850000,2025-03-31,2024-12-31,-0.820000,-0.360000,-41.250000,3.544963,21.781566,14.406541,6.565177,-1.276187,-9.117550,-16.958914,,,,,,,,,,14.767500,18.662500,19.576250,21.902292,14.767500,17.213178,12.321822,15.990339,13.544661
2025-05-05,14.750000,2025-03-31,2024-12-31,-0.820000,-0.360000,-40.972222,3.095243,22.139015,14.825803,6.855758,-1.114287,-9.084333,-17.054378,,,,,,,,,,14.562500,18.572500,19.512917,21.859583,14.562500,16.077643,13.047357,15.320071,13.804929
2025-05-06,14.800000,2025-03-31,2024-12-31,-0.820000,-0.360000,-41.111111,2.643397,22.483528,15.236518,7.142447,-0.951623,-9.045693,-17.139763,,,,,,,,,,14.452500,18.480000,19.448333,21.817708,14.452500,15.455377,13.449623,14.953939,13.951061
2025-05-07,14.700000,2025-03-31,2024-12-31,-0.820000,-0.360000,-40.833333,2.196045,22.810442,15.632942,7.421183,-0.790576,-9.002335,-17.214095,,,,,,,,,,14.422500,18.385833,19.386667,21.778750,14.422500,15.351832,13.493168,14.887166,13.957834
2025-05-08,14.500000,2025-03-31,2024-12-31,-0.820000,-0.360000,-40.277778,1.754050,23.115819,16.011931,7.690237,-0.631458,-8.953153,-17.274848,,,,,,,,,,14.457500,18.289167,19.324583,21.740000,14.457500,15.339647,13.575353,14.898574,14.016426
2025-05-09,14.500000,2025-03-31,2024-12-31,-0.820000,-0.360000,-40.277778,1.311813,23.408679,16.381997,7.954872,-0.472253,-8.899377,-17.326502,,,,,,,,,,14.452500,18.184167,19.262083,21.700208,14.452500,15.332377,13.572623,14.892439,14.012561
2025-05-12,14.850000,2025-03-31,2024-12-31,-0.820000,-0.360000,-41.250000,0.863896,23.705164,16.756716,8.222857,-0.311003,-8.844862,-17.378721,,,,,,,,,,14.472500,18.081667,19.206667,21.662500,14.472500,15.370143,13.574857,14.921322,14.023678
2025-05-13,14.950000,2025-03-31,2024-12-31,-0.820000,-0.360000,-41.527778,0.415603,23.994597,17.126493,8.488438,-0.149617,-8.787672,-17.425727,,,,,,,,,,14.482500,17.984167,19.155417,21.624792,14.482500,15.397449,13.567551,14.939974,14.025026
2025-05-14,15.150000,2025-03-31,2024-12-31,-0.820000,-0.360000,-42.083333,-0.035867,24.281002,17.495233,8.754073,0.012912,-8.728249,-17.469409,,,,,,,,,,14.490000,17.875000,19.108333,21.586875,14.490000,15.425049,13.554951,14.957524,14.022476
2025-05-15,15.150000,2025-05-15,2025-03-31,-0.270000,-0.480000,-31.562500,-0.398452,24.424988,23.639246,11.915251,0.191257,-11.532737,-23.256732,,,,,,,,,,14.512500,17.760000,19.063333,21.549583,14.512500,15.489539,13.535461,15.001020,14.023980
2025-05-16,15.000000,2025-05-15,2025-03-31,-0.270000,-0.480000,-31.250000,-0.758675,24.559331,23.941121,12.152643,0.364164,-11.424315,-23.212794,,,,,,,,,,14.555000,17.648333,19.016667,21.507917,14.555000,15.539565,13.570435,15.047283,14.062717
2025-05-19,14.800000,2025-05-15,2025-03-31,-0.270000,-0.480000,-30.833333,-1.130132,24.674997,24.230460,12.386462,0.542463,-11.301535,-23.145534,,,,,,,,,,14.582500,17.530000,18.971667,21.464583,14.582500,15.561906,13.603094,15.072203,14.092797
2025-05-20,14.750000,2025-05-15,2025-03-31,-0.270000,-0.480000,-30.729167,-1.500437,24.783651,24.512515,12.616362,0.720210,-11.175943,-23.072095,,,,,,,,,,14.650000,17.406667,18.926667,21.419792,14.650000,15.457204,13.842796,15.053602,14.246398
2025-05-21,14.900000,2025-05-15,2025-03-31,-0.270000,-0.480000,-31.041667,-1.872496,24.889871,24.793075,12.845936,0.898798,-11.048340,-22.995478,,,,,,,,,,14.715000,17.290833,18.884167,21.377292,14.715000,15.359082,14.070918,15.037041,14.392959
2025-05-22,14.850000,2025-05-15,2025-03-31,-0.270000,-0.480000,-30.937500,-2.245388,24.987954,25.066222,13.072004,1.077786,-10.916431,-22.910649,,,,,,,,,,14.760000,17.179167,18.838750,21.336042,14.760000,15.295675,14.224325,15.027837,14.492163
2025-05-23,14.850000,2025-05-15,2025-03-31,-0.270000,-0.480000,-30.937500,-2.618847,25.079687,25.333546,13.295296,1.257046,-10.781203,-22.819453,,,,,,,,,,14.802500,17.065000,18.792500,21.294375,14.802500,15.201809,14.403191,15.002154,14.602846
2025-05-26,14.750000,2025-05-15,2025-03-31,-0.270000,-0.480000,-30.729167,-2.990569,25.163561,25.592492,13.513983,1.435473,-10.643036,-22.721545,,,,,,,,,,14.822500,16.950833,18.745417,21.250833,14.822500,15.161966,14.483034,14.992233,14.652767
2025-05-27,14.550000,2025-05-15,2025-03-31,-0.270000,-0.480000,-30.312500,-3.358820,25.237869,25.840587,13.726410,1.612234,-10.501943,-22.616120,,,,,,,,,,14.817500,16.836667,18.696667,21.205833,14.817500,15.170346,14.464654,14.993923,14.641077
2025-05-28,14.500000,2025-05-15,2025-03-31,-0.270000,-0.480000,-30.208333,-3.725068,25.306430,26.082205,13.935119,1.788033,-10.359053,-22.506140,,,,,,,,,,14.797500,16.722500,18.649167,21.161042,14.797500,15.175131,14.419869,14.986316,14.608684
2025-05-29,14.350000,2025-05-15,2025-03-31,-0.270000,-0.480000,-29.895833,-4.090697,25.365371,26.314291,14.138913,1.963535,-10.211843,-22.387221,,,,,,,,,,14.775000,16.610000,18.597500,21.116667,14.775000,15.202354,14.347646,14.988677,14.561323
2025-06-02,14.100000,2025-05-15,2025-03-31,-0.270000,-0.480000,-29.375000,-4.451702,25.414743,26.534970,14.335894,2.136817,-10.062260,-22.261337,,,,,,,,,,14.737500,16.495833,18.544167,21.072083,14.737500,15.258506,14.216494,14.998003,14.476997
2025-06-03,13.850000,2025-05-15,2025-03-31,-0.270000,-0.480000,-28.854167,-4.809217,25.454046,26.744309,14.526366,2.308424,-9.909518,-22.127461,,,,,,,,,,14.692500,16.376667,18.487500,21.027292,14.692500,15.347260,14.037740,15.019880,14.365120
2025-06-04,13.850000,2025-05-15,2025-03-31,-0.270000,-0.480000,-28.854167,-5.165881,25.488877,26.948945,14.714284,2.479623,-9.755038,-21.989699,,,,,,,,,,14.645000,16.259167,18.432083,20.983542,14.645000,15.397470,13.892530,15.021235,14.268765
2025-06-05,13.850000,2025-05-15,2025-03-31,-0.270000,-0.480000,-28.854167,-5.520845,25.519936,27.149144,14.899575,2.650006,-9.599564,-21.849133,,,,,,,,,,14.602500,16.145000,18.379167,20.940208,14.602500,15.433780,13.771220,15.018140,14.186860
2025-06-06,13.800000,2025-05-15,2025-03-31,-0.270000,-0.480000,-28.750000,-5.876075,25.544317,27.343060,15.081788,2.820516,-9.440756,-21.702028,,,,,,,,,,14.567500,16.032500,18.324167,20.898958,14.567500,15.472617,13.662383,15.020059,14.114941
2025-06-09,13.600000,2025-05-15,2025-03-31,-0.270000,-0.480000,-28.333333,-6.227832,25.560641,27.527574,15.258467,2.989359,-9.279748,-21.548856,,,,,,,,,,14.522500,15.917500,18.267500,20.855625,14.522500,15.525902,13.519098,15.024201,14.020799
2025-06-10,13.550000,2025-05-15,2025-03-31,-0.270000,-0.480000,-28.229167,-6.580422,25.569954,27.705758,15.432180,3.158603,-9.114975,-21.388553,,,,,,,,,,14.457500,15.801667,18.207917,20.813750,14.457500,15.537108,13.377892,14.997304,13.917696
2025-06-11,13.750000,2025-05-15,2025-03-31,-0.270000,-0.480000,-28.645833,-6.935067,25.578475,27.884169,15.606500,3.328832,-8.948836,-21.226504,,,,,,,,,,14.397500,15.697500,18.152083,20.774375,14.397500,15.495093,13.299907,14.946297,13.848703
2025-06-12,13.750000,2025-05-15,2025-03-31,-0.270000,-0.480000,-28.645833,-7.288578,25.582981,28.058180,15.778349,3.498518,-8.781313,-21.061144,,,,,,,,,,14.327500,15.592500,18.097917,20.734792,14.327500,15.401340,13.253660,14.864420,13.790580
2025-06-13,13.850000,2025-05-15,2025-03-31,-0.270000,-0.480000,-28.854167,-7.644392,25.583526,28.229493,15.949401,3.669308,-8.610784,-20.890876,,,,,,,,,,14.262500,15.490833,18.043750,20.695208,14.262500,15.282755,13.242245,14.772628,13.752372
2025-06-16,13.600000,2025-05-15,2025-03-31,-0.270000,-0.480000,-28.333333,-7.995583,25.575799,28.390647,16.114264,3.837880,-8.438504,-20.714888,,,,,,,,,,14.192500,15.386667,17.987917,20.653125,14.192500,15.191592,13.193408,14.692046,13.692954
2025-06-17,13.550000,2025-05-15,2025-03-31,-0.270000,-0.480000,-28.229167,-8.347606,25.561030,28.545440,16.276145,4.006851,-8.262443,-20.531738,,,,,,,,,,14.130000,15.280833,17.929167,20.611667,14.130000,15.125463,13.134537,14.627732,13.632268
2025-06-18,13.550000,2025-05-15,2025-03-31,-0.270000,-0.480000,-28.229167,-8.698212,25.542626,28.696062,16.435602,4.175142,-8.085319,-20.345779,,,,,,,,,,14.070000,15.174167,17.872500,20.570625,14.070000,15.052692,13.087308,14.561346,13.578654
2025-06-19,13.500000,2025-05-15,2025-03-31,-0.270000,-0.480000,-28.125000,-9.047666,25.518952,28.841073,16.591977,4.342880,-7.906217,-20.155314,,,,,,,,,,14.000000,15.067500,17.815833,20.529167,14.000000,14.931891,13.068109,14.465946,13.534054
2025-06-20,13.500000,2025-05-15,2025-03-31,-0.270000,-0.480000,-28.125000,-9.397121,25.490425,28.981426,16.746022,4.510618,-7.724786,-19.960190,,,,,,,,,,13.932500,14.961667,17.759167,20.485833,13.932500,14.798389,13.066611,14.365444,13.499556
2025-06-23,13.400000,2025-05-15,2025-03-31,-0.270000,-0.480000,-27.916667,-9.742571,25.457876,29.115995,16.896215,4.676434,-7.543346,-19.763126,,,,,,,,,,13.860000,14.853333,17.705000,20.443750,13.860000,14.641092,13.078908,14.250546,13.469454
2025-06-24,13.400000,2025-05-15,2025-03-31,-0.270000,-0.480000,-27.916667,-10.089723,25.418951,29.245260,17.044163,4.843067,-7.358029,-19.559126,,,,,,,,,,13.792500,14.747500,17.648333,20.401667,13.792500,14.477124,13.107876,14.134812,13.450188
2025-06-25,13.450000,2025-05-15,2025-03-31,-0.270000,-0.480000,-28.020833,-10.435758,25.377679,29.371736,17.190450,5.009164,-7.172122,-19.353408,,,,,,,,,,13.737500,14.646667,17.595000,20.360000,13.737500,14.337390,13.137610,14.037445,13.437555
2025-06-26,13.500000,2025-05-15,2025-03-31,-0.270000,-0.480000,-28.125000,-10.782094,25.332719,29.494815,17.335110,5.175405,-6.984300,-19.144004,,,,,,,,,,13.687500,14.550000,17.542917,20.317292,13.687500,14.176188,13.198812,13.931844,13.443156
2025-06-27,13.550000,2025-05-15,2025-03-31,-0.270000,-0.480000,-28.229167,-11.128732,25.284039,29.614469,17.478130,5.341791,-6.794547,-18.930886,,,,,,,,,,13.647500,14.465000,17.492083,20.273958,13.647500,14.026522,13.268478,13.837011,13.457989
2025-06-30,13.500000,2025-05-15,2025-03-31,-0.270000,-0.480000,-28.125000,-11.473935,25.230447,29.728718,17.618103,5.507489,-6.603126,-18.713740,,,,,,,,,,13.617500,14.374167,17.441667,20.226875,13.617500,13.935843,13.299157,13.776671,13.458329
2025-07-01,13.450000,2025-05-15,2025-03-31,-0.270000,-0.480000,-28.020833,-11.818269,25.171402,29.837315,17.755042,5.672769,-6.409504,-18.491776,,,,,,,,,,13.597500,14.284167,17.390833,20.180625,13.597500,13.904394,13.290606,13.750947,13.444053
2025-07-02,13.450000,2025-05-15,2025-03-31,-0.270000,-0.480000,-28.020833,-12.163738,25.106293,29.940636,17.889615,5.838594,-6.212427,-18.263448,,,,,,,,,,13.577500,14.225000,17.338333,20.131458,13.577500,13.866737,13.288263,13.722118,13.432882
2025-07-03,13.500000,2025-05-15,2025-03-31,-0.270000,-0.480000,-28.125000,-12.511491,25.035268,30.039373,18.022444,6.005516,-6.011413,-18.028341,,,,,,,,,,13.560000,14.195000,17.284167,20.080208,13.560000,13.820768,13.299232,13.690384,13.429616
2025-07-04,13.400000,2025-05-15,2025-03-31,-0.270000,-0.480000,-27.916667,-12.860060,24.955347,30.129962,18.151395,6.172829,-5.805738,-17.784304,,,,,,,,,,13.540000,14.188333,17.225417,20.027083,13.540000,13.784088,13.295912,13.662044,13.417956
2025-07-07,13.200000,2025-05-15,2025-03-31,-0.270000,-0.480000,-27.500000,-13.205440,24.867890,30.211786,18.275198,6.338611,-5.597976,-17.534563,,,,,,,,,,13.520000,14.165000,17.164583,19.974375,13.520000,13.805436,13.234564,13.662718,13.377282
2025-07-08,13.150000,2025-05-15,2025-03-31,-0.270000,-0.480000,-27.395833,-13.549385,24.775412,30.288100,18.395903,6.503705,-5.388493,-17.280691,,,,,,,,,,13.500000,14.143333,17.104167,19.923542,13.500000,13.829274,13.170726,13.664637,13.335363
2025-07-09,13.000000,2025-05-15,2025-03-31,-0.270000,-0.480000,-27.083333,-13.890725,24.676334,30.356829,18.512189,6.667548,-5.177092,-17.021733,,,,,,,,,,13.462500,14.114167,17.042500,19.876458,13.462500,13.839294,13.085706,13.650897,13.274103
2025-07-10,12.950000,2025-05-15,2025-03-31,-0.270000,-0.480000,-26.979167,-14.229781,24.573249,30.420614,18.625455,6.830295,-4.964865,-16.760025,,,,,,,,,,13.422500,14.080000,16.982500,19.828958,13.422500,13.838591,13.006409,13.630545,13.214455
2025-07-11,12.900000,2025-05-15,2025-03-31,-0.270000,-0.480000,-26.875000,-14.569385,24.462894,30.477683,18.735494,6.993305,-4.748884,-16.491073,,,,,,,,,,13.375000,14.050000,16.920000,19.780417,13.375000,13.802354,12.947646,13.588677,13.161323
2025-07-14,12.900000,2025-05-15,2025-03-31,-0.270000,-0.480000,-26.875000,-14.909557,24.346584,30.529308,18.842948,7.156587,-4.529773,-16.216134,,,,,,,,,,13.340000,14.029167,16.856667,19.730625,13.340000,13.802943,12.877057,13.571471,13.108529
2025-07-15,12.750000,2025-05-15,2025-03-31,-0.270000,-0.480000,-26.562500,-15.249108,24.221236,30.571959,18.945765,7.319572,-4.306621,-15.932815,,,,,,,,,,13.300000,14.004167,16.789167,19.679583,13.300000,13.821132,12.778868,13.560566,13.039434
2025-07-16,12.800000,2025-05-15,2025-03-31,-0.270000,-0.480000,-26.666667,-15.589528,24.090810,30.610151,19.046562,7.482973,-4.080616,-15.644205,,,,,,,,,,13.262500,13.994167,16.722083,19.629375,13.262500,13.814887,12.710113,13.538694,12.986306
2025-07-17,12.700000,2025-05-15,2025-03-31,-0.270000,-0.480000,-26.458333,-15.928778,23.953300,30.640982,19.143398,7.645813,-3.851771,-15.349355,,,,,,,,,,13.222500,13.979167,16.653333,19.582292,13.222500,13.816749,12.628251,13.519624,12.925376
2025-07-18,12.650000,2025-05-15,2025-03-31,-0.270000,-0.480000,-26.354167,-16.266310,23.810847,30.666242,19.237035,7.807829,-3.621378,-15.050584,,,,,,,,,,13.180000,13.957500,16.585417,19.536250,13.180000,13.811123,12.548877,13.495561,12.864439
2025-07-21,12.750000,2025-05-15,2025-03-31,-0.270000,-0.480000,-26.562500,-16.601610,23.668571,30.690600,19.329687,7.968773,-3.392141,-14.753055,,,,,,,,,,13.147500,13.936667,16.524167,19.492917,13.147500,13.797581,12.497419,13.472540,12.822460
2025-07-22,12.800000,2025-05-15,2025-03-31,-0.270000,-0.480000,-26.666667,-16.937778,23.520974,30.710268,19.420201,8.130133,-3.159934,-14.450002,,,,,,,,,,13.117500,13.910833,16.463333,19.447500,13.117500,13.773866,12.461134,13.445683,12.789317
2025-07-23,13.000000,2025-05-15,2025-03-31,-0.270000,-0.480000,-27.083333,-17.277418,23.369008,30.727408,19.510284,8.293160,-2.923963,-14.141087,,,,,,,,,,13.095000,13.883333,16.404167,19.404375,13.095000,13.733996,12.456004,13.414498,12.775502
2025-07-24,13.000000,2025-05-15,2025-03-31,-0.270000,-0.480000,-27.083333,-17.616774,23.211420,30.739015,19.597533,8.456052,-2.685430,-13.826912,,,,,,,,,,13.070000,13.851667,16.345417,19.361667,13.070000,13.680780,12.459220,13.375390,12.764610
2025-07-25,13.200000,2025-05-15,2025-03-31,-0.270000,-0.480000,-27.500000,-17.960170,23.048351,30.747299,19.684090,8.620882,-2.442327,-13.505536,,,,,,,,,,13.052500,13.825000,16.287500,19.318958,13.052500,13.624178,12.480822,13.338339,12.766661
2025-07-28,13.300000,2025-05-15,2025-03-31,-0.270000,-0.480000,-27.708333,-18.305018,22.880035,30.751242,19.768825,8.786409,-2.196008,-13.178425,,,,,,,,,,13.042500,13.799167,16.230833,19.273125,13.042500,13.587598,12.497402,13.315049,12.769951
2025-07-29,13.350000,2025-05-15,2025-03-31,-0.270000,-0.480000,-27.812500,-18.651018,22.705134,30.749417,19.850953,8.952489,-1.945976,-12.844440,,,,,,,,,,13.037500,13.775833,16.174167,19.227708,13.037500,13.568512,12.506488,13.303006,12.771994
2025-07-30,13.300000,2025-05-15,2025-03-31,-0.270000,-0.480000,-27.708333,-18.997284,22.521512,30.739347,19.929022,9.118696,-1.691629,-12.501955,,,,,,,,,,13.030000,13.750833,16.115417,19.181458,13.030000,13.540315,12.519685,13.285157,12.774843
2025-07-31,13.400000,2025-05-15,2025-03-31,-0.270000,-0.480000,-27.916667,-19.345285,22.331630,30.724102,20.004919,9.285737,-1.433446,-12.152628,,,,,,,,,,13.025000,13.729167,16.057500,19.143542,13.025000,13.517576,12.532424,13.271288,12.778712
2025-08-01,13.400000,2025-05-15,2025-03-31,-0.270000,-0.480000,-27.916667,-19.693004,22.135036,30.702277,20.077459,9.452642,-1.172176,-11.796993,,,,,,,,,,13.025000,13.710833,16.000000,19.104792,13.025000,13.517576,12.532424,13.271288,12.778712
2025-08-04,13.700000,2025-05-15,2025-03-31,-0.270000,-0.480000,-28.541667,-20.048765,21.928648,30.674909,20.149158,9.623407,-0.902344,-11.428095,,,,,,,,,,13.050000,13.697500,15.940833,19.063125,13.050000,13.623998,12.476002,13.336999,12.763001
2025-08-05,13.700000,2025-05-15,2025-03-31,-0.270000,-0.480000,-28.541667,-20.405659,21.712598,30.638811,20.216764,9.794717,-0.627331,-11.049378,,,,,,,,,,13.077500,13.678333,15.880000,19.021667,13.077500,13.720253,12.434747,13.398877,12.756123
2025-08-06,13.650000,2025-05-15,2025-03-31,-0.270000,-0.480000,-28.437500,-20.760552,21.489947,30.595414,20.280240,9.965065,-0.350109,-10.665284,,,,,,,,,,13.110000,13.656667,15.820417,18.978542,13.110000,13.800233,12.419767,13.455116,12.764884
2025-08-07,13.200000,2025-05-15,2025-03-31,-0.270000,-0.480000,-27.500000,-21.112735,21.247840,30.532039,20.333076,10.134113,-0.064850,-10.263813,,,,,,,,,,13.122500,13.624167,15.749583,18.931875,13.122500,13.809580,12.435420,13.466040,12.778960
2025-08-08,13.200000,2025-05-15,2025-03-31,-0.270000,-0.480000,-27.500000,-21.466902,20.993522,30.457894,20.381003,10.304113,0.227222,-9.849668,,,,,,,,,,13.137500,13.591667,15.675833,18.887083,13.137500,13.817186,12.457814,13.477343,12.797657
2025-08-11,13.250000,2025-05-15,2025-03-31,-0.270000,-0.480000,-27.604167,-21.819952,20.733769,30.377995,20.425786,10.473577,0.521368,-9.430841,,,,,,,,,,13.155000,13.562500,15.605417,18.839792,13.155000,13.826918,12.483082,13.490959,12.819041
2025-08-12,13.150000,2025-05-15,2025-03-31,-0.270000,-0.480000,-27.395833,-22.172401,20.462055,30.286325,20.464539,10.642752,0.820966,-9.000821,,,,,,,,,,13.175000,13.535000,15.532500,18.785000,13.175000,13.819409,12.530591,13.497205,12.852795
2025-08-13,13.050000,2025-05-15,2025-03-31,-0.270000,-0.480000,-27.187500,-22.524530,20.177409,30.182087,20.496931,10.811774,1.126618,-8.558538,,,,,,,,,,13.187500,13.506667,15.456667,18.731458,13.187500,13.810629,12.564371,13.499064,12.875936
2025-08-14,13.000000,2025-08-14,2025-06-30,-0.490000,-1.820000,-7.142857,-22.707920,19.933265,113.885500,77.606957,41.328414,5.049871,-31.228671,,,,,,,,,,13.202500,13.475000,15.382917,18.679375,13.202500,13.789621,12.615379,13.496060,12.908940
2025-08-15,12.950000,2025-08-14,2025-06-30,-0.490000,-1.820000,-7.115385,-22.889380,19.687836,113.322397,77.490535,41.658672,5.826810,-30.005052,,,,,,,,,,13.217500,13.443333,15.311250,18.627500,13.217500,13.758722,12.676278,13.488111,12.946889
2025-08-18,12.900000,2025-08-14,2025-06-30,-0.490000,-1.820000,-7.087912,-23.071462,19.436124,112.737552,77.363807,41.990061,6.616316,-28.757430,,,,,,,,,,13.225000,13.410833,15.237917,18.575833,13.225000,13.742585,12.707415,13.483793,12.966207
2025-08-19,12.950000,2025-08-14,2025-06-30,-0.490000,-1.820000,-7.115385,-23.253206,19.180303,112.137137,77.228986,42.320835,7.412684,-27.495467,,,,,,,,,,13.232500,13.380833,15.165833,18.523958,13.232500,13.728033,12.736967,13.480266,12.984734
2025-08-20,12.900000,2025-08-14,2025-06-30,-0.490000,-1.820000,-7.087912,-23.433587,18.921762,111.524342,77.086736,42.649129,8.211522,-26.226085,,,,,,,,,,13.227500,13.353333,15.095000,18.473125,13.227500,13.734789,12.720211,13.481144,12.973856
2025-08-21,12.900000,2025-08-14,2025-06-30,-0.490000,-1.820000,-7.087912,-23.613685,18.658465,110.893720,76.935313,42.976906,9.018499,-24.939907,,,,,,,,,,13.222500,13.326667,15.024583,18.419792,13.222500,13.741076,12.703924,13.481788,12.963212
2025-08-22,12.900000,2025-08-14,2025-06-30,-0.490000,-1.820000,-7.087912,-23.792365,18.392592,110.251140,76.776622,43.302105,9.827587,-23.646930,,,,,,,,,,13.207500,13.302500,14.956250,18.367917,13.207500,13.745797,12.669203,13.476648,12.938352
2025-08-25,12.900000,2025-08-14,2025-06-30,-0.490000,-1.820000,-7.087912,-23.970195,18.122853,109.592941,76.609348,43.625756,10.642163,-22.341430,,,,,,,,,,13.187500,13.282500,14.889167,18.317083,13.187500,13.740839,12.634161,13.464170,12.910830
2025-08-26,12.450000,2025-08-14,2025-06-30,-0.490000,-1.820000,-6.840659,-24.146249,17.848637,108.915210,76.430691,43.946172,11.461654,-21.022865,,,,,,,,,,13.142500,13.259167,14.817917,18.265417,13.142500,13.780156,12.504844,13.461328,12.823672
2025-08-27,12.500000,2025-08-14,2025-06-30,-0.490000,-1.820000,-6.868132,-24.321964,17.569388,108.218545,76.242259,44.265974,12.289688,-19.686597,,,,,,,,,,13.102500,13.236667,14.747917,18.214583,13.102500,13.796440,12.408560,13.449470,12.755530
2025-08-28,12.550000,2025-08-14,2025-06-30,-0.490000,-1.820000,-6.895604,-24.496774,17.286148,107.505706,76.044917,44.584129,13.123340,-18.337449,,,,,,,,,,13.060000,13.215000,14.680000,18.163750,13.060000,13.780818,12.339182,13.420409,12.699591
2025-08-29,12.650000,2025-08-14,2025-06-30,-0.490000,-1.820000,-6.950549,-24.671192,16.997846,106.773729,75.837649,44.901569,13.965489,-16.970591,,,,,,,,,,13.022500,13.195833,14.614167,18.112708,13.022500,13.746869,12.298131,13.384685,12.660315
2025-09-01,12.400000,2025-08-14,2025-06-30,-0.490000,-1.820000,-6.813187,-24.844182,16.704638,106.021294,75.618852,45.216410,14.813969,-15.588473,,,,,,,,,,12.957500,13.175833,14.546667,18.064583,12.957500,13.658833,12.256167,13.308167,12.606833
2025-09-02,12.300000,2025-08-14,2025-06-30,-0.490000,-1.820000,-6.758242,-25.016713,16.404865,105.244127,75.387273,45.530418,15.673564,-14.183290,,,,,,,,,,12.887500,13.155000,14.478333,18.016458,12.887500,13.555470,12.219530,13.221485,12.553515
2025-09-03,12.350000,2025-08-14,2025-06-30,-0.490000,-1.820000,-6.785714,-25.186640,16.104299,104.459333,75.149508,45.839684,16.529860,-12.779964,,,,,,,,,,12.822500,13.131667,14.414583,17.968542,12.822500,13.428153,12.216847,13.125327,12.519673
2025-09-04,12.500000,2025-08-14,2025-06-30,-0.490000,-1.820000,-6.868132,-25.357536,15.794655,103.643259,74.896987,46.150716,17.404445,-11.341827,,,,,,,,,,12.787500,13.110833,14.351667,17.920625,12.787500,13.382103,12.192897,13.084801,12.490199
2025-09-05,12.400000,2025-08-14,2025-06-30,-0.490000,-1.820000,-6.813187,-25.527408,15.478917,102.803141,74.631512,46.459883,18.288253,-9.883376,,,,,,,,,,12.747500,13.086667,14.288750,17.871875,12.747500,13.332825,12.162175,13.040162,12.454838
2025-09-08,12.250000,2025-08-14,2025-06-30,-0.490000,-1.820000,-6.730769,-25.696026,15.157029,101.938351,74.352559,46.766768,19.180976,-8.404816,,,,,,,,,,12.697500,13.064167,14.225417,17.823542,12.697500,13.272849,12.122151,12.985174,12.409826
2025-09-09,11.850000,2025-08-14,2025-06-30,-0.490000,-1.820000,-6.510989,-25.863096,14.827858,101.044238,74.057537,47.070835,20.084133,-6.902568,,,,,,,,,,12.632500,13.035833,14.158333,17.773958,12.632500,13.281609,11.983391,12.957054,12.307946
2025-09-10,11.750000,2025-08-14,2025-06-30,-0.490000,-1.820000,-6.456044,-26.029992,14.489112,100.114952,73.744768,47.374585,21.004402,-5.365782,,,,,,,,,,12.567500,13.005833,14.090000,17.723958,12.567500,13.296071,11.838929,12.931786,12.203214
2025-09-11,11.800000,2025-08-14,2025-06-30,-0.490000,-1.820000,-6.483516,-26.196833,14.140749,99.150563,73.414399,47.678236,21.942072,-3.794091,,,,,,,,,,12.507500,12.977500,14.022500,17.673125,12.507500,13.282284,11.732716,12.894892,12.120108
2025-09-12,11.600000,2025-08-14,2025-06-30,-0.490000,-1.820000,-6.373626,-26.362475,13.783711,98.152412,73.066058,47.979704,22.893350,-2.193004,,,,,,,,,,12.440000,12.945833,13.953750,17.622292,12.440000,13.284549,11.595451,12.862275,12.017725
2025-09-15,11.500000,2025-08-14,2025-06-30,-0.490000,-1.820000,-6.318681,-26.527942,13.414954,97.111289,72.696072,48.280855,23.865638,-0.549579,,,,,,,,,,12.370000,12.914167,13.883750,17.569167,12.370000,13.283294,11.456706,12.826647,11.913353
2025-09-16,11.450000,2025-08-14,2025-06-30,-0.490000,-1.820000,-6.291209,-26.692330,13.036656,96.033471,72.306756,48.580041,24.853327,1.126612,,,,,,,,,,12.295000,12.881667,13.814583,17.516458,12.295000,13.253013,11.336987,12.774007,11.815993
2025-09-17,11.350000,2025-08-14,2025-06-30,-0.490000,-1.820000,-6.236264,-26.854843,12.650188,94.922499,71.899157,48.875815,25.852473,2.829131,,,,,,,,,,12.217500,12.846667,13.746667,17.462917,12.217500,13.219222,11.215778,12.718361,11.716639
2025-09-18,11.550000,2025-08-14,2025-06-30,-0.490000,-1.820000,-6.346154,-27.017139,12.251552,93.766840,71.469016,49.171192,26.873368,4.575545,,,,,,,,,,12.150000,12.814167,13.682083,17.411250,12.150000,13.139949,11.160051,12.644975,11.655025
2025-09-19,11.100000,2025-08-14,2025-06-30,-0.490000,-1.820000,-6.098901,-26.636250,12.184733,92.830404,70.654189,48.477975,26.301760,4.125546,,,,,,,,,,12.060000,12.773333,13.619167,17.356042,12.060000,13.089359,11.030641,12.574679,11.545321
2025-09-22,10.600000,2025-08-14,2025-06-30,-0.490000,-1.820000,-5.824176,-26.246127,12.094308,91.791231,69.779591,47.767951,25.756312,3.744672,,,,,,,,,,11.945000,12.725000,13.549583,17.300000,11.945000,13.086974,10.803026,12.515987,11.374013
2025-09-23,10.750000,2025-08-14,2025-06-30,-0.490000,-1.820000,-5.906593,-25.859006,11.994439,90.723149,68.893270,47.063391,25.233512,3.403633,,,,,,,,,,11.860000,12.680000,13.482083,17.241875,11.860000,13.093139,10.626861,12.476569,11.243431
2025-09-24,10.900000,2025-08-14,2025-06-30,-0.490000,-1.820000,-5.989011,-25.515396,11.967878,90.001098,68.219559,46.438021,24.656482,2.874944,,,,,,,,,,11.780000,12.637500,13.431250,17.183750,11.780000,13.045493,10.514507,12.412747,11.147253
2025-09-25,11.000000,2025-08-14,2025-06-30,-0.490000,-1.820000,-6.043956,-25.211596,11.995786,89.549767,67.717435,45.885104,24.052773,2.220442,,,,,,,,,,11.702500,12.595833,13.395417,17.126667,11.702500,12.959261,10.445739,12.330880,11.074120
2025-09-26,10.700000,2025-08-14,2025-06-30,-0.490000,-1.820000,-5.879121,-24.941144,12.063124,89.302652,67.347767,45.392882,23.437997,1.483112,,,,,,,,,,11.605000,12.550833,13.369583,17.069167,11.605000,12.854800,10.355200,12.229900,10.980100
2025-09-30,10.700000,2025-08-14,2025-06-30,-0.490000,-1.820000,-5.879121,-24.652174,12.101214,88.915374,66.891165,44.866956,22.842747,0.818538,,,,,,,,,,11.520000,12.509167,13.337083,17.012083,11.520000,12.773374,10.266626,12.146687,10.893313
2025-10-01,10.850000,2025-08-14,2025-06-30,-0.490000,-1.820000,-5.961538,-24.367362,12.135805,88.522929,66.435764,44.348600,22.261435,0.174270,,,,,,,,,,11.447500,12.470833,13.307083,16.956250,11.447500,12.678450,10.216550,12.062975,10.832025
2025-10-02,10.950000,2025-08-14,2025-06-30,-0.490000,-1.820000,-6.016484,-24.076065,12.153398,88.056805,65.937621,43.818437,21.699254,-0.419930,,,,,,,,,,11.377500,12.436667,13.275417,16.902917,11.377500,12.550205,10.204795,11.963852,10.791148
2025-10-03,10.950000,2025-08-14,2025-06-30,-0.490000,-1.820000,-6.016484,-23.778980,12.155516,87.523822,65.400782,43.277743,21.154704,-0.968336,,,,,,,,,,11.300000,12.403333,13.241667,16.849792,11.300000,12.359791,10.240209,11.829896,10.770104
2025-10-07,11.150000,2025-08-14,2025-06-30,-0.490000,-1.820000,-6.126374,-23.489755,12.159223,87.010925,64.881140,42.751354,20.621569,-1.508217,,,,,,,,,,11.237500,12.374167,13.212083,16.797500,11.237500,12.163087,10.311913,11.700293,10.774707
2025-10-08,11.150000,2025-08-14,2025-06-30,-0.490000,-1.820000,-6.126374,-23.213262,12.173787,86.560723,64.404430,42.248137,20.091843,-2.064450,,,,,,,,,,11.182500,12.345000,13.187083,16.746458,11.182500,11.976076,10.388924,11.579288,10.785712
2025-10-09,10.900000,2025-08-14,2025-06-30,-0.490000,-1.820000,-5.989011,-22.933309,12.180444,86.075438,63.907030,41.738623,19.570215,-2.598192,,,,,,,,,,11.135000,12.314167,13.159167,16.695000,11.135000,11.872064,10.397936,11.503532,10.766468
2025-10-13,10.850000,2025-08-14,2025-06-30,-0.490000,-1.820000,-5.961538,-22.672803,12.206537,85.696297,63.480400,41.264502,19.048605,-3.167293,,,,,,,,,,11.090000,12.281667,13.137917,16.643958,11.090000,11.777176,10.402824,11.433588,10.746412
2025-10-14,10.850000,2025-08-14,2025-06-30,-0.490000,-1.820000,-5.961538,-22.407668,12.221216,85.267183,63.024569,40.781956,18.539343,-3.703271,,,,,,,,,,11.042500,12.250833,13.115000,16.593333,11.042500,11.649715,10.435285,11.346108,10.738892
2025-10-15,10.900000,2025-08-14,2025-06-30,-0.490000,-1.820000,-5.989011,-22.134660,12.219001,84.762243,62.523662,40.285081,18.046500,-4.192081,,,,,,,,,,11.007500,12.221667,13.089583,16.542500,11.007500,11.557404,10.457596,11.282452,10.732548
2025-10-16,10.900000,2025-08-14,2025-06-30,-0.490000,-1.820000,-5.989011,-21.860494,12.209010,84.226896,62.006498,39.786100,17.565701,-4.654697,,,,,,,,,,10.977500,12.190833,13.063750,16.491875,10.977500,11.477474,10.477526,11.227487,10.727513
2025-10-17,11.000000,2025-08-14,2025-06-30,-0.490000,-1.820000,-6.043956,-21.578685,12.180278,83.609418,61.441312,39.273206,17.105100,-5.063006,,,,,,,,,,10.955000,12.160833,13.035833,16.441458,10.955000,11.403272,10.506728,11.179136,10.730864
2025-10-20,10.850000,2025-08-14,2025-06-30,-0.490000,-1.820000,-5.961538,-21.289244,12.134807,82.917121,60.831772,38.746424,16.661075,-5.424274,,,,,,,,,,10.930000,12.125000,13.004167,16.390208,10.930000,11.339621,10.520379,11.134811,10.725189
2025-10-21,10.900000,2025-08-14,2025-06-30,-0.490000,-1.820000,-5.989011,-20.994245,12.072202,82.152342,60.180934,38.209525,16.238117,-5.733291,,,,,,,,,,10.897500,12.090000,12.970833,16.338958,10.897500,11.184911,10.610089,11.041206,10.753794
2025-10-22,11.000000,2025-08-14,2025-06-30,-0.490000,-1.820000,-6.043956,-20.702018,12.005393,81.377303,59.527488,37.677674,15.827859,-6.021956,,,,,,,,,,10.892500,12.053333,12.939167,16.289167,10.892500,11.168324,10.616676,11.030412,10.754588
2025-10-23,11.150000,2025-08-14,2025-06-30,-0.490000,-1.820000,-6.126374,-20.409322,11.928130,80.563359,58.854162,37.144965,15.435768,-6.273429,,,,,,,,,,10.920000,12.017500,12.908333,16.242292,10.920000,11.182378,10.657622,11.051189,10.788811
2025-10-27,11.200000,2025-08-14,2025-06-30,-0.490000,-1.820000,-6.153846,-20.119168,11.846936,79.739734,58.178310,36.616887,15.055463,-6.505961,,,,,,,,,,10.942500,11.981667,12.878750,16.195833,10.942500,11.220226,10.664774,11.081363,10.803637
2025-10-28,11.200000,2025-08-14,2025-06-30,-0.490000,-1.820000,-6.153846,-19.827858,11.755858,78.878024,57.482362,36.086701,14.691040,-6.704621,,,,,,,,,,10.957500,11.946667,12.848750,16.148542,10.957500,11.257105,10.657895,11.107303,10.807697
2025-10-29,11.300000,2025-08-14,2025-06-30,-0.490000,-1.820000,-6.208791,-19.539320,11.660492,78.005753,56.783658,35.561563,14.339467,-6.882628,,,,,,,,,,10.972500,11.911667,12.820417,16.103542,10.972500,11.308850,10.636150,11.140675,10.804325
2025-10-30,11.100000,2025-08-14,2025-06-30,-0.490000,-1.820000,-6.098901,-19.254496,11.566725,77.146064,56.094623,35.043183,13.991742,-7.059698,,,,,,,,,,10.992500,11.873333,12.792083,16.058333,10.992500,11.307519,10.677481,11.150009,10.834991
2025-10-31,11.000000,2025-08-14,2025-06-30,-0.490000,-1.820000,-6.043956,-18.969214,11.465579,76.258678,55.391324,34.523970,13.656616,-7.210738,,,,,,,,,,11.007500,11.828333,12.762917,16.012500,11.007500,11.290854,10.724146,11.149177,10.865823
2025-11-03,11.050000,2025-08-14,2025-06-30,-0.490000,-1.820000,-6.071429,-18.676059,11.340152,75.268583,54.629506,33.990428,13.351351,-7.287727,,,,,,,,,,11.017500,11.784167,12.731250,15.968958,11.017500,11.291409,10.743591,11.154455,10.880545
2025-11-04,10.950000,2025-08-14,2025-06-30,-0.490000,-1.820000,-6.016484,-18.380132,11.201307,74.224596,53.838218,33.451840,13.065462,-7.320916,,,,,,,,,,11.017500,11.739167,12.697917,15.926667,11.017500,11.291409,10.743591,11.154455,10.880545
2025-11-05,11.050000,2025-08-14,2025-06-30,-0.490000,-1.820000,-6.071429,-18.080033,11.042203,73.099277,53.002468,32.905660,12.808851,-7.287958,,,,,,,,,,11.022500,11.703333,12.663750,15.886042,11.022500,11.294868,10.750132,11.158684,10.886316
2025-11-06,11.000000,2025-08-14,2025-06-30,-0.490000,-1.820000,-6.043956,-17.867378,11.026081,72.653564,52.586096,32.518628,12.451160,-7.616307,,,,,,,,,,11.015000,11.666667,12.629167,15.846250,11.015000,11.280766,10.749234,11.147883,10.882117
2025-11-07,11.050000,2025-08-14,2025-06-30,-0.490000,-1.820000,-6.071429,-17.657557,11.008831,72.208898,52.172826,32.136753,12.100681,-7.935391,,,,,,,,,,11.010000,11.630000,12.596250,15.806458,11.010000,11.268742,10.751258,11.139371,10.880629
2025-11-10,10.650000,2025-08-14,2025-06-30,-0.490000,-1.820000,-5.851648,-17.449376,10.993775,71.775204,51.766534,31.757865,11.749195,-8.259475,,,,,,,,,,10.997500,11.588333,12.561667,15.766667,10.997500,11.299206,10.695794,11.148353,10.846647
2025-11-11,10.600000,2025-08-14,2025-06-30,-0.490000,-1.820000,-5.824176,-17.241835,10.976036,71.332909,51.356524,31.380139,11.403754,-8.572631,,,,,,,,,,10.985000,11.547500,12.527083,15.726875,10.985000,11.330040,10.639960,11.157520,10.812480
2025-11-12,10.700000,2025-08-14,2025-06-30,-0.490000,-1.820000,-5.879121,-17.032147,10.950511,70.858367,50.928437,30.998507,11.068577,-8.861354,,,,,,,,,,10.977500,11.509167,12.492083,15.688125,10.977500,11.340927,10.614073,11.159213,10.795787
2025-11-13,10.800000,2025-08-14,2025-06-30,-0.490000,-1.820000,-5.934066,-16.823785,10.921542,70.373700,50.496494,30.619288,10.742083,-9.135123,,,,,,,,,,10.972500,11.473333,12.458333,15.648542,10.972500,11.343097,10.601903,11.157798,10.787202
2025-11-14,10.650000,2025-11-14,2025-09-30,-0.480000,-2.060000,-5.169903,-16.609055,10.894996,79.102036,56.658344,34.214653,11.770961,-10.672730,,,,,,,,,,10.960000,11.435833,12.423333,15.607917,10.960000,11.356830,10.563170,11.158415,10.761585
2025-11-17,10.000000,2025-11-14,2025-09-30,-0.480000,-2.060000,-4.854369,-16.393431,10.869210,78.551614,56.161041,33.770469,11.379896,-11.010676,,,,,,,,,,10.910000,11.386667,12.383750,15.564583,10.910000,11.493637,10.326363,11.201818,10.618182
2025-11-18,10.300000,2025-11-14,2025-09-30,-0.480000,-2.060000,-5.000000,-16.182494,10.842400,78.006623,55.671280,33.335938,11.000595,-11.334748,,,,,,,,,,10.882500,11.343333,12.348333,15.522500,10.882500,11.526725,10.238275,11.204613,10.560387
2025-11-19,10.150000,2025-11-14,2025-09-30,-0.480000,-2.060000,-4.927184,-15.971818,10.813153,77.452135,55.177040,32.901944,10.626849,-11.648246,,,,,,,,,,10.845000,11.297500,12.312083,15.480625,10.845000,11.567496,10.122504,11.206248,10.483752
2025-11-20,10.150000,2025-11-14,2025-09-30,-0.480000,-2.060000,-4.927184,-15.763746,10.783157,76.899922,54.686619,32.473316,10.260013,-11.953290,,,,,,,,,,10.802500,11.251667,12.277083,15.437292,10.802500,11.584182,10.020818,11.193341,10.411659
2025-11-21,10.050000,2025-11-14,2025-09-30,-0.480000,-2.060000,-4.878641,-15.559609,10.755151,76.364016,54.208405,32.052795,9.897185,-12.258425,,,,,,,,,,10.747500,11.204167,12.243333,15.393750,10.747500,11.579413,9.915587,11.163456,10.331544
2025-11-24,10.100000,2025-11-14,2025-09-30,-0.480000,-2.060000,-4.902913,-15.360016,10.728568,75.843331,53.742482,31.641632,9.540782,-12.560067,,,,,,,,,,10.692500,11.165000,12.212083,15.349792,10.692500,11.543676,9.841324,11.118088,10.266912
2025-11-25,10.150000,2025-11-14,2025-09-30,-0.480000,-2.060000,-4.927184,-15.160624,10.697969,75.306518,53.268702,31.230885,9.193069,-12.844748,,,,,,,,,,10.640000,11.125833,12.181250,15.306667,10.640000,11.488900,9.791100,11.064450,10.215550
2025-11-26,10.150000,2025-11-14,2025-09-30,-0.480000,-2.060000,-4.927184,-14.961232,10.663524,74.753857,52.786998,30.820139,8.853280,-13.113579,,,,,,,,,,10.582500,11.085833,12.150417,15.264792,10.582500,11.398314,9.766686,10.990407,10.174593
2025-11-27,10.300000,2025-11-14,2025-09-30,-0.480000,-2.060000,-5.000000,-14.763316,10.625787,74.190672,52.301551,30.412431,8.523310,-13.365810,,,,,,,,,,10.542500,11.046667,12.121250,15.222708,10.542500,11.329416,9.755584,10.935958,10.149042
2025-11-28,10.550000,2025-11-14,2025-09-30,-0.480000,-2.060000,-5.121359,-14.569883,10.587890,73.636064,51.825011,30.013958,8.202905,-13.608147,,,,,,,,,,10.520000,11.015833,12.095833,15.181667,10.520000,11.277002,9.762998,10.898501,10.141499
2025-12-01,10.700000,2025-11-14,2025-09-30,-0.480000,-2.060000,-5.194175,-14.377924,10.546899,73.071747,51.345136,29.618524,7.891913,-13.834699,,,,,,,,,,10.502500,10.989167,12.072083,15.140000,10.502500,11.223227,9.781773,10.862863,10.142137
2025-12-02,10.700000,2025-11-14,2025-09-30,-0.480000,-2.060000,-5.194175,-14.182494,10.497457,72.465462,50.840700,29.215937,7.591175,-14.033587,,,,,,,,,,10.490000,10.961667,12.046667,15.099375,10.490000,11.186306,9.793694,10.838153,10.141847
2025-12-03,10.750000,2025-11-14,2025-09-30,-0.480000,-2.060000,-5.218447,-13.987266,10.443923,71.842732,50.328250,28.813767,7.299285,-14.215197,,,,,,,,,,10.475000,10.932500,12.021667,15.059792,10.475000,11.132347,9.817653,10.803674,10.146326
2025-12-04,10.600000,2025-11-14,2025-09-30,-0.480000,-2.060000,-5.145631,-13.789695,10.384399,71.190497,49.798634,28.406771,7.014908,-14.376955,,,,,,,,,,10.455000,10.902500,11.994583,15.019167,10.455000,11.067931,9.842069,10.761465,10.148535
2025-12-05,10.600000,2025-11-14,2025-09-30,-0.480000,-2.060000,-5.145631,-13.596464,10.327078,70.556277,49.282496,28.008715,6.734935,-14.538846,,,,,,,,,,10.432500,10.875000,11.969583,14.978750,10.432500,10.983361,9.881639,10.707930,10.157070
2025-12-08,10.700000,2025-11-14,2025-09-30,-0.480000,-2.060000,-5.194175,-13.404505,10.266711,69.912130,48.762706,27.613281,6.463857,-14.685568,,,,,,,,,,10.435000,10.855833,11.945833,14.937500,10.435000,10.990451,9.879549,10.712726,10.157274
2025-12-09,10.550000,2025-11-14,2025-09-30,-0.480000,-2.060000,-5.121359,-13.211940,10.202828,69.252250,48.234424,27.216597,6.198771,-14.819056,,,,,,,,,,10.432500,10.835833,11.920833,14.896667,10.432500,10.985268,9.879732,10.708884,10.156116
2025-12-10,10.500000,2025-11-14,2025-09-30,-0.480000,-2.060000,-5.097087,-13.020041,10.136323,68.582935,47.702110,26.821285,5.940460,-14.940365,,,,,,,,,,10.422500,10.814167,11.895833,14.855833,10.422500,10.961969,9.883031,10.692234,10.152766
2025-12-11,10.400000,2025-11-14,2025-09-30,-0.480000,-2.060000,-5.048544,-12.827737,10.066004,67.897074,47.161106,26.425139,5.689171,-15.046796,,,,,,,,,,10.402500,10.794167,11.870000,14.814583,10.402500,10.911860,9.893140,10.657180,10.147820
2025-12-12,10.500000,2025-11-14,2025-09-30,-0.480000,-2.060000,-5.097087,-12.637574,9.993845,67.208043,46.620723,26.033403,5.446083,-15.141237,,,,,,,,,,10.395000,10.777500,11.845833,14.775417,10.395000,10.893313,9.896687,10.644156,10.145844
2025-12-15,10.450000,2025-11-14,2025-09-30,-0.480000,-2.060000,-5.072816,-12.447209,9.917636,66.501910,46.071580,25.641250,5.210920,-15.219410,,,,,,,,,,10.417500,10.760833,11.821250,14.734792,10.417500,10.880073,9.954927,10.648786,10.186214
2025-12-16,10.350000,2025-11-14,2025-09-30,-0.480000,-2.060000,-5.024272,-12.255571,9.836024,65.770893,45.508685,25.246476,4.984267,-15.277942,,,,,,,,,,10.420000,10.744167,11.795417,14.695208,10.420000,10.880435,9.959565,10.650217,10.189783
2025-12-17,10.500000,2025-11-14,2025-09-30,-0.480000,-2.060000,-5.097087,-12.063671,9.748054,65.013146,44.932154,24.851163,4.770172,-15.310819,,,,,,,,,,10.437500,10.726667,11.770417,14.656667,10.437500,10.881021,9.993979,10.659260,10.215740
2025-12-18,10.350000,2025-11-14,2025-09-30,-0.480000,-2.060000,-5.024272,-11.870297,9.654391,64.228904,44.340858,24.452813,4.564767,-15.323279,,,,,,,,,,10.447500,10.714167,11.743750,14.617917,10.447500,10.872353,10.022647,10.659926,10.235074
2025-12-19,10.200000,2025-11-14,2025-09-30,-0.480000,-2.060000,-4.951456,-11.677184,9.557805,63.433157,43.744078,24.055000,4.365922,-15.323157,,,,,,,,,,10.455000,10.707500,11.716250,14.578958,10.455000,10.854868,10.055132,10.654934,10.255066
2025-12-22,10.200000,2025-11-14,2025-09-30,-0.480000,-2.060000,-4.951456,-11.484940,9.457792,62.625080,43.142028,23.658976,4.175924,-15.307129,,,,,,,,,,10.460000,10.698333,11.689167,14.540000,10.460000,10.843337,10.076663,10.651669,10.268331
2025-12-23,10.100000,2025-11-14,2025-09-30,-0.480000,-2.060000,-4.902913,-11.292290,9.353004,61.796496,42.529307,23.262118,3.994929,-15.272260,,,,,,,,,,10.457500,10.685000,11.661250,14.499792,10.457500,10.849895,10.065105,10.653697,10.261303
2025-12-24,10.100000,2025-11-14,2025-09-30,-0.480000,-2.060000,-4.902913,-11.098773,9.241373,60.937929,41.900701,22.863472,3.826244,-15.210985,,,,,,,,,,10.455000,10.670000,11.632917,14.458542,10.455000,10.856182,10.053818,10.655591,10.254409
2025-12-26,10.050000,2025-11-14,2025-09-30,-0.480000,-2.060000,-4.878641,-10.906789,9.127657,60.073931,41.270959,22.467986,3.665013,-15.137959,,,,,,,,,,10.442500,10.659167,11.605000,14.415208,10.442500,10.878118,10.006882,10.660309,10.224691
2025-12-29,10.050000,2025-11-14,2025-09-30,-0.480000,-2.060000,-4.878641,-10.718278,9.014983,59.221381,40.650517,22.079653,3.508789,-15.062075,,,,,,,,,,10.417500,10.648333,11.578750,14.371667,10.417500,10.883474,9.951526,10.650487,10.184513
2025-12-30,10.050000,2025-11-14,2025-09-30,-0.480000,-2.060000,-4.878641,-10.530635,8.898520,58.355009,40.024058,21.693108,3.362157,-14.968793,,,,,,,,,,10.385000,10.635000,11.552917,14.328542,10.385000,10.858620,9.911380,10.621810,10.148190
2025-12-31,10.050000,2025-11-14,2025-09-30,-0.480000,-2.060000,-4.878641,-10.345596,8.781521,57.491795,39.401861,21.311927,3.221993,-14.867941,,,,,,,,,,10.352500,10.620000,11.528333,14.285417,10.352500,10.824311,9.880689,10.588405,10.116595
2026-01-02,10.000000,2025-11-14,2025-09-30,-0.480000,-2.060000,-4.854369,-10.161222,8.660787,56.614559,38.773338,20.932118,3.090898,-14.750323,,,,,,,,,,10.315000,10.604167,11.503750,14.243125,10.315000,10.772798,9.857202,10.543899,10.086101
2026-01-05,9.840000,2025-11-14,2025-09-30,-0.480000,-2.060000,-4.776699,-9.977070,8.536462,55.722988,38.137876,20.552764,2.967652,-14.617460,,,,,,,,,,10.277000,10.582333,11.478250,14.199125,10.277000,10.760631,9.793369,10.518816,10.035184
2026-01-06,9.810000,2025-11-14,2025-09-30,-0.480000,-2.060000,-4.762136,-9.792796,8.406306,54.807140,37.490150,20.173160,2.856169,-14.460821,,,,,,,,,,10.237500,10.560000,11.452500,14.154583,10.237500,10.738777,9.736223,10.488139,9.986861
2026-01-07,10.750000,2025-11-14,2025-09-30,-0.480000,-2.060000,-5.218447,-9.614929,8.273252,53.892551,36.849652,19.806753,2.763855,-14.279044,,,,,,,,,,10.240000,10.557500,11.435833,14.112500,10.240000,10.751386,9.728614,10.495693,9.984307
2026-01-08,10.500000,2025-11-14,2025-09-30,-0.480000,-2.060000,-5.097087,-9.435182,8.132789,52.943567,36.190022,19.436476,2.682930,-14.070616,,,,,,,,,,10.237500,10.551667,11.416667,14.069375,10.237500,10.742960,9.732040,10.490230,9.984770
2026-01-09,10.400000,2025-11-14,2025-09-30,-0.480000,-2.060000,-5.048544,-9.256767,7.989786,51.986858,35.527899,19.068941,2.609983,-13.848976,,,,,,,,,,10.232500,10.544167,11.397500,14.025417,10.232500,10.728924,9.736076,10.480712,9.984288
2026-01-12,10.200000,2025-11-14,2025-09-30,-0.480000,-2.060000,-4.951456,-9.078412,7.842441,51.012384,34.856956,18.701528,2.546100,-13.609328,,,,,,,,,,10.222500,10.532500,11.377083,13.981250,10.222500,10.712736,9.732264,10.467618,9.977382
2026-01-13,11.200000,2025-11-14,2025-09-30,-0.480000,-2.060000,-5.436893,-8.902365,7.682136,49.989270,34.164071,18.338872,2.513672,-13.311527,,,,,,,,,,10.257500,10.537500,11.364167,13.944167,10.257500,10.905667,9.609333,10.581584,9.933416
2026-01-14,12.300000,2025-11-14,2025-09-30,-0.480000,-2.060000,-5.970874,-8.729900,7.510365,48.926296,33.454945,17.983594,2.512243,-12.959109,,,,,,,,,,10.350000,10.559167,11.360000,13.911667,10.350000,11.470075,9.229925,10.910038,9.789962
2026-01-15,13.500000,2025-11-14,2025-09-30,-0.480000,-2.060000,-6.553398,-8.558817,7.320192,47.790354,32.710759,17.631163,2.551568,-12.528028,,,,,,,,,,10.507500,10.603333,11.364167,13.884167,10.507500,12.307241,8.707759,11.407371,9.607629
2026-01-16,13.550000,2025-11-14,2025-09-30,-0.480000,-2.060000,-6.577670,-8.387937,7.120749,46.616636,31.947893,17.279149,2.610406,-12.058337,,,,,,,,,,10.660000,10.647500,11.368750,13.857083,10.660000,12.916089,8.403911,11.788044,9.531956
2026-01-19,13.250000,2025-11-14,2025-09-30,-0.480000,-2.060000,-6.432039,-8.212370,6.901929,45.353432,31.135457,16.917483,2.699508,-11.518467,,,,,,,,,,10.805000,10.685000,11.369167,13.828333,10.805000,13.333519,8.276481,12.069260,9.540740
2026-01-20,13.900000,2025-11-14,2025-09-30,-0.480000,-2.060000,-6.747573,-8.037697,6.665571,44.019809,30.288733,16.557656,2.826580,-10.904497,,,,,,,,,,10.990000,10.730833,11.374167,13.802500,10.990000,13.851623,8.128377,12.420811,9.559189
2026-01-21,13.150000,2025-11-14,2025-09-30,-0.480000,-2.060000,-6.383495,-7.859122,6.413626,42.613932,29.401862,16.189792,2.977722,-10.234348,,,,,,,,,,11.137500,10.763333,11.372500,13.773333,11.137500,14.128841,8.146159,12.633171,9.641829
2026-01-22,13.300000,2025-11-14,2025-09-30,-0.480000,-2.060000,-6.456311,-7.682022,6.148875,41.158329,28.491647,15.824965,3.158283,-9.508398,,,,,,,,,,11.297500,10.798333,11.372500,13.743958,11.297500,14.395600,8.199400,12.846550,9.748450
2026-01-23,12.950000,2025-11-14,2025-09-30,-0.480000,-2.060000,-6.286408,-7.501770,5.861022,39.601058,27.527352,15.453646,3.379940,-8.693767,,,,,,,,,,11.440000,10.825833,11.368750,13.713125,11.440000,14.568215,8.311785,13.004107,9.875893
2026-01-26,12.650000,2025-11-14,2025-09-30,-0.480000,-2.060000,-6.140777,-7.320304,5.552629,37.956659,26.518243,15.079826,3.641410,-7.797006,,,,,,,,,,11.570000,10.851667,11.362500,13.681250,11.570000,14.670974,8.469026,13.120487,10.019513
2026-01-27,12.850000,2025-11-14,2025-09-30,-0.480000,-2.060000,-6.237864,-7.134439,5.198296,36.113923,25.405434,14.696944,3.988455,-6.720034,,,,,,,,,,11.710000,10.882500,11.355417,13.648125,11.710000,14.774644,8.645356,13.242322,10.177678
2026-01-28,12.950000,2025-11-14,2025-09-30,-0.480000,-2.060000,-6.286408,-6.948979,4.810679,34.134894,24.224895,14.314896,4.404897,-5.505102,,,,,,,,,,11.855000,10.914167,11.349167,13.614583,11.855000,14.862839,8.847161,13.358919,10.351081
2026-01-29,12.750000,2025-11-14,2025-09-30,-0.480000,-2.060000,-6.189320,-6.763577,4.385489,32.001184,22.967076,13.932969,4.898861,-4.135246,,,,,,,,,,11.990000,10.944167,11.341667,13.581042,11.990000,14.897421,9.082579,13.443710,10.536290
2026-01-30,12.650000,2025-11-14,2025-09-30,-0.480000,-2.060000,-6.140777,-6.585584,3.948466,29.833983,21.700143,13.566302,5.432461,-2.701379,,,,,,,,,,12.122500,10.970833,11.337083,13.543333,12.122500,14.886044,9.358956,13.504272,10.740728
2026-02-02,12.050000,2025-11-14,2025-09-30,-0.480000,-2.060000,-5.849515,-6.405163,3.447662,27.399005,20.296820,13.194635,6.092451,-1.009734,,,,,,,,,,12.233000,10.988333,11.327500,13.501667,12.233000,14.780561,9.685439,13.506781,10.959219
2026-02-03,11.900000,2025-11-14,2025-09-30,-0.480000,-2.060000,-5.776699,-6.223267,2.842513,24.531084,18.675507,12.819931,6.964354,1.108777,,,,,,,,,,12.337500,11.002500,11.316250,13.460833,12.337500,14.624736,10.050264,13.481118,11.193882
2026-02-04,11.950000,2025-11-14,2025-09-30,-0.480000,-2.060000,-5.800971,-6.043310,2.069223,20.974417,16.711818,12.449219,8.186620,3.924021,,,,,,,,,,12.397500,11.024167,11.306250,13.419375,12.397500,14.569444,10.225556,13.483472,11.311528
2026-02-05,11.900000,2025-11-14,2025-09-30,-0.480000,-2.060000,-5.776699,-5.864887,0.702304,14.975158,13.528412,12.081667,10.634921,9.188175,,,,,,,,,,12.467500,11.045833,11.296667,13.376667,12.467500,14.465203,10.469797,13.466351,11.468649
2026-02-06,11.750000,2025-11-14,2025-09-30,-0.480000,-2.060000,-5.703883,-5.852895,0.692516,14.910132,13.483548,12.056964,10.630381,9.203797,,,,,,,,,,12.535000,11.063333,11.286250,13.334583,12.535000,14.318285,10.751715,13.426642,11.643358
2026-02-09,11.650000,2025-11-14,2025-09-30,-0.480000,-2.060000,-5.655340,-5.840728,0.682908,14.845482,13.438691,12.031900,10.625109,9.218318,,,,,,,,,,12.607500,11.077500,11.275417,13.293333,12.607500,14.082297,11.132703,13.344899,11.870101
2026-02-10,11.800000,2025-11-14,2025-09-30,-0.480000,-2.060000,-5.728155,-5.829397,0.673253,14.782360,13.395459,12.008558,10.621657,9.234756,,,,,,,,,,12.637500,11.096667,11.266250,13.252083,12.637500,14.012799,11.262201,13.325150,11.949850
2026-02-11,12.300000,2025-11-14,2025-09-30,-0.480000,-2.060000,-5.970874,-5.819859,0.662909,14.720097,13.354503,11.988910,10.623317,9.257724,,,,,,,,,,12.637500,11.135000,11.260833,13.213333,12.637500,14.012799,11.262201,13.325150,11.949850
2026-02-23,12.200000,2025-11-14,2025-09-30,-0.480000,-2.060000,-5.922330,-5.810146,0.652633,14.657748,13.313325,11.968901,10.624477,9.280054,,,,,,,,,,12.572500,11.166667,11.255000,13.175000,12.572500,13.898148,11.246852,13.235324,11.909676
2026-02-24,12.150000,2025-11-14,2025-09-30,-0.480000,-2.060000,-5.898058,-5.800231,0.642009,14.593552,13.271013,11.948475,10.625937,9.303399,,,,,,,,,,12.502500,11.200000,11.248750,13.136667,12.502500,13.756745,11.248255,13.129623,11.875377
2026-02-25,12.100000,2025-11-14,2025-09-30,-0.480000,-2.060000,-5.873786,-5.790113,0.631018,14.527427,13.227530,11.927633,10.627736,9.327838,,,,,,,,,,12.445000,11.232500,11.242083,13.099167,12.445000,13.659777,11.230223,13.052389,11.837611
2026-02-26,13.300000,2025-11-14,2025-09-30,-0.480000,-2.060000,-6.456311,-5.784850,0.622681,14.482237,13.199513,11.916790,10.634067,9.351344,,,,,,,,,,12.415000,11.286667,11.245417,13.067292,12.415000,13.501326,11.328674,12.958163,11.871837
2026-03-02,13.250000,2025-11-14,2025-09-30,-0.480000,-2.060000,-6.432039,-5.781444,0.617958,14.455763,13.182770,11.909776,10.636782,9.363788,,,,,,,,,,12.420000,11.339167,11.252083,13.035000,12.420000,13.521387,11.318613,12.970693,11.869307
2026-03-03,14.550000,2025-11-14,2025-09-30,-0.480000,-2.060000,-7.063107,-5.783069,0.621088,14.472005,13.192564,11.913123,10.633682,9.354241,,,,,,,,,,12.482500,11.412500,11.269167,13.008542,12.482500,13.892716,11.072284,13.187608,11.777392
2026-03-04,16.000000,2025-11-14,2025-09-30,-0.480000,-2.060000,-7.766990,-5.790331,0.639039,14.560923,13.244502,11.928082,10.611661,9.295240,,,,,,,,,,12.635000,11.510000,11.297917,12.988958,12.635000,14.744403,10.525597,13.689701,11.580299
2026-03-05,16.700000,2025-11-14,2025-09-30,-0.480000,-2.060000,-8.106796,-5.799966,0.664874,14.687213,13.317572,11.947930,10.578289,9.208648,,,,,,,,,,12.837500,11.616667,11.331667,12.972917,12.837500,15.622398,10.052602,14.229949,11.445051
2026-03-06,15.600000,2025-11-14,2025-09-30,-0.480000,-2.060000,-7.572816,-5.806296,0.678087,14.754690,13.357830,11.960971,10.564111,9.167251,,,,,,,,,,12.975000,11.700833,11.358333,12.952500,12.975000,16.021741,9.928259,14.498371,11.451629
2026-03-09,14.750000,2025-11-14,2025-09-30,-0.480000,-2.060000,-7.160194,-5.809646,0.683798,14.785118,13.376495,11.967871,10.559247,9.150624,,,,,,,,,,13.065000,11.768333,11.378750,12.928542,13.065000,16.213283,9.916717,14.639141,11.490859
2026-03-10,15.250000,2025-11-14,2025-09-30,-0.480000,-2.060000,-7.402913,-5.814789,0.693454,14.835498,13.406982,11.978466,10.549950,9.121434,,,,,,,,,,13.190000,11.844167,11.402917,12.908750,13.190000,16.480913,9.899087,14.835456,11.544544
2026-03-11,14.800000,2025-11-14,2025-09-30,-0.480000,-2.060000,-7.184466,-5.817425,0.698078,14.859978,13.421937,11.983897,10.545856,9.107815,,,,,,,,,,13.297500,11.911667,11.422083,12.886875,13.297500,16.653951,9.941049,14.975725,11.619275
2026-03-12,14.050000,2025-11-14,2025-09-30,-0.480000,-2.060000,-6.820388,-5.817486,0.698165,14.860458,13.422239,11.984020,10.545801,9.107582,,,,,,,,,,13.397500,11.969167,11.435833,12.862292,13.397500,16.716421,10.078579,15.056961,11.738039
2026-03-13,14.300000,2025-11-14,2025-09-30,-0.480000,-2.060000,-6.941748,-5.819244,0.700745,14.874710,13.431176,11.987642,10.544108,9.100574,,,,,,,,,,13.517500,12.030833,11.452917,12.839167,13.517500,16.781543,10.253457,15.149521,11.885479
2026-03-16,14.000000,2025-11-14,2025-09-30,-0.480000,-2.060000,-6.796117,-5.821620,0.703588,14.891318,13.441927,11.992537,10.543146,9.093756,,,,,,,,,,13.620000,12.085833,11.470833,12.814583,13.620000,16.804568,10.435432,15.212284,12.027716
2026-03-17,14.050000,2025-11-14,2025-09-30,-0.480000,-2.060000,-6.820388,-5.824656,0.707126,14.912149,13.455470,11.998791,10.542113,9.085434,,,,,,,,,,13.727500,12.144167,11.490000,12.790000,13.727500,16.811154,10.643846,15.269327,12.185673
2026-03-18,14.050000,2025-11-14,2025-09-30,-0.480000,-2.060000,-6.820388,-5.827463,0.710424,14.931522,13.468048,12.004574,10.541100,9.077626,,,,,,,,,,13.842500,12.203333,11.508750,12.765625,13.842500,16.783906,10.901094,15.313203,12.371797
2026-03-19,13.800000,2025-11-14,2025-09-30,-0.480000,-2.060000,-6.699029,-5.830175,0.713142,14.948306,13.479233,12.010160,10.541087,9.072014,,,,,,,,,,13.950000,12.260000,11.527083,12.740417,13.950000,16.705282,11.194718,15.327641,12.572359
2026-03-20,15.150000,2025-11-14,2025-09-30,-0.480000,-2.060000,-7.354369,-5.838806,0.725268,15.016044,13.521992,12.027940,10.533887,9.039835,,,,,,,,,,14.117500,12.337500,11.557500,12.720625,14.117500,16.725842,11.509158,15.421671,12.813329
2026-03-23,14.100000,2025-11-14,2025-09-30,-0.480000,-2.060000,-6.844660,-5.843418,0.729914,15.044686,13.541063,12.037440,10.533818,9.030195,,,,,,,,,,14.207500,12.398333,11.579583,12.697083,14.207500,16.672043,11.742957,15.439772,12.975228
2026-03-24,13.850000,2025-11-14,2025-09-30,-0.480000,-2.060000,-6.723301,-5.847476,0.733462,15.067666,13.556734,12.045801,10.534869,9.023937,,,,,,,,,,14.290000,12.456667,11.600417,12.673542,14.290000,16.575561,12.004439,15.432781,13.147219
2026-03-25,13.900000,2025-11-14,2025-09-30,-0.480000,-2.060000,-6.747573,-5.850822,0.736664,15.087748,13.570220,12.052692,10.535164,9.017636,,,,,,,,,,14.377500,12.513333,11.620000,12.651042,14.377500,16.441343,12.313657,15.409421,13.345579
2026-03-26,13.950000,2025-11-14,2025-09-30,-0.480000,-2.060000,-6.771845,-5.856429,0.741116,15.117644,13.590944,12.064245,10.537545,9.010845,,,,,,,,,,14.470000,12.573333,11.643750,12.631458,14.470000,16.250420,12.689580,15.360210,13.579790
2026-03-27,13.550000,2025-11-14,2025-09-30,-0.480000,-2.060000,-6.577670,-5.862708,0.744027,15.142571,13.609875,12.077179,10.544484,9.011788,,,,,,,,,,14.482500,12.629167,11.668333,12.608958,14.482500,16.231567,12.733433,15.357034,13.607966
2026-03-30,13.600000,2025-11-14,2025-09-30,-0.480000,-2.060000,-6.601942,-5.868503,0.747073,15.167058,13.628087,12.089116,10.550145,9.011174,,,,,,,,,,14.500000,12.685833,11.692083,12.587083,14.500000,16.203557,12.796443,15.351778,13.648222
2026-03-31,13.300000,2026-03-31,2025-12-31,-0.370000,-1.610000,-8.260870,-5.887435,0.778287,11.984855,10.731813,9.478771,8.225728,6.972686,,,,,,,,,,14.437500,12.739167,11.712083,12.571667,14.437500,16.223078,12.651922,15.330289,13.544711
2026-04-01,13.200000,2026-03-31,2025-12-31,-0.370000,-1.610000,-8.198758,-5.905392,0.806283,12.103913,10.805797,9.507681,8.209565,6.911449,,,,,,,,,,14.297500,12.790833,11.730417,12.562917,14.297500,16.004598,12.590402,15.151049,13.443951
2026-04-02,13.150000,2026-03-31,2025-12-31,-0.370000,-1.610000,-8.167702,-5.924463,0.832303,12.218403,10.878394,9.538386,8.198378,6.858370,,,,,,,,,,14.120000,12.842500,11.750833,12.560208,14.120000,15.477785,12.762215,14.798892,13.441108
2026-04-07,12.850000,2026-03-31,2025-12-31,-0.370000,-1.610000,-7.981366,-5.941982,0.853203,12.313905,10.940248,9.566591,8.192934,6.819278,,,,,,,,,,13.982500,12.889167,11.768750,12.552917,13.982500,15.264059,12.700941,14.623280,13.341720
2026-04-08,13.100000,2026-03-31,2025-12-31,-0.370000,-1.610000,-8.136646,-5.960108,0.876411,12.417817,11.006795,9.595774,8.184752,6.773731,,,,,,,,,,13.900000,12.940000,11.787500,12.547292,13.900000,15.185957,12.614043,14.542978,13.257022
2026-04-09,13.350000,2026-03-31,2025-12-31,-0.370000,-1.610000,-8.291925,-5.979070,0.901886,12.530377,11.078340,9.626303,8.174266,6.722229,,,,,,,,,,13.805000,12.995000,11.807500,12.541458,13.805000,14.943281,12.666719,14.374141,13.235859
2026-04-10,13.100000,2026-03-31,2025-12-31,-0.370000,-1.610000,-8.136646,-5.996738,0.923142,12.627265,11.141007,9.654748,8.168490,6.682231,,,,,,,,,,13.720000,13.046667,11.825417,12.533542,13.720000,14.797717,12.642283,14.258858,13.181142
2026-04-13,13.150000,2026-03-31,2025-12-31,-0.370000,-1.610000,-8.167702,-6.013749,0.944121,12.722205,11.202170,9.682136,8.162102,6.642068,,,,,,,,,,13.675000,13.101833,11.842083,12.527083,13.675000,14.769724,12.580276,14.222362,13.127638
2026-04-14,13.250000,2026-03-31,2025-12-31,-0.370000,-1.610000,-8.229814,-6.031278,0.965513,12.819310,11.264834,9.710357,8.155881,6.601405,,,,,,,,,,13.622500,13.159167,11.859583,12.523333,13.622500,14.691427,12.553573,14.156964,13.088036
2026-04-15,13.650000,2026-03-31,2025-12-31,-0.370000,-1.610000,-8.478261,-6.052022,0.991001,12.934779,11.339267,9.743755,8.148242,6.552730,,,,,,,,,,13.605000,13.207500,11.882500,12.520833,13.605000,14.659265,12.550735,14.132132,13.077868
2026-04-16,15.000000,2026-03-31,2025-12-31,-0.370000,-1.610000,-9.316770,-6.079982,1.034792,13.120801,11.454786,9.788771,8.122755,6.456740,,,,,,,,,,13.652500,13.282500,11.917083,12.527500,13.652500,14.864925,12.440075,14.258712,13.046288
2026-04-17,14.650000,2026-03-31,2025-12-31,-0.370000,-1.610000,-9.099379,-6.106130,1.070794,13.278825,11.554848,9.830870,8.106892,6.382915,,,,,,,,,,13.682500,13.353333,11.948750,12.531875,13.682500,14.964059,12.400941,14.323280,13.041720
2026-04-20,14.350000,2026-03-31,2025-12-31,-0.370000,-1.610000,-8.913043,-6.130497,1.100951,13.415163,11.642632,9.870101,8.097570,6.325039,,,,,,,,,,13.710000,13.422500,11.977500,12.533542,13.710000,15.025335,12.394665,14.367667,13.052333
2026-04-21,14.600000,2026-03-31,2025-12-31,-0.370000,-1.610000,-9.068323,-6.156158,1.133044,13.559816,11.735616,9.911415,8.087214,6.263014,,,,,,,,,,13.682500,13.479167,12.008333,12.536042,13.682500,14.889617,12.475383,14.286059,13.078941
2026-04-22,14.700000,2026-03-31,2025-12-31,-0.370000,-1.610000,-9.130435,-6.181879,1.165056,13.704304,11.828565,9.952825,8.077086,6.201346,,,,,,,,,,13.712500,13.519167,12.039167,12.537500,13.712500,14.991017,12.433983,14.351758,13.073242
2026-04-23,14.250000,2026-03-31,2025-12-31,-0.370000,-1.610000,-8.850932,-6.205957,1.190053,13.823562,11.907576,9.991591,8.075606,6.159621,,,,,,,,,,13.732500,13.531667,12.067500,12.535833,13.732500,15.032409,12.432591,14.382454,13.082546
2026-04-24,13.900000,2026-03-31,2025-12-31,-0.370000,-1.610000,-8.633540,-6.227995,1.210315,13.924287,11.975680,10.027072,8.078464,6.129857,,,,,,,,,,13.732500,13.537500,12.092500,12.531667,13.732500,15.032409,12.432591,14.382454,13.082546
2026-04-27,13.500000,2026-03-31,2025-12-31,-0.370000,-1.610000,-8.385093,-6.247504,1.226090,14.006491,12.032487,10.058482,8.084478,6.110473,,,,,,,,,,13.710000,13.541667,12.113333,12.526250,13.710000,15.009636,12.410364,14.359818,13.060182
2026-04-28,13.650000,2026-03-31,2025-12-31,-0.370000,-1.610000,-8.478261,-6.267104,1.242821,14.091919,12.090978,10.090037,8.089096,6.088155,,,,,,,,,,13.715000,13.537500,12.134167,12.521250,13.715000,15.012812,12.417188,14.363906,13.066094
2026-04-29,14.100000,2026-03-31,2025-12-31,-0.370000,-1.610000,-8.757764,-6.288803,1.263388,14.193082,12.159028,10.124973,8.090918,6.056863,,,,,,,,,,13.740000,13.553333,12.158333,12.518542,13.740000,15.047710,12.432290,14.393855,13.086145
2026-04-30,14.750000,2026-03-31,2025-12-31,-0.370000,-1.610000,-9.161491,-6.313867,1.290237,14.319887,12.242606,10.165325,8.088044,6.010763,,,,,,,,,,13.812500,13.577500,12.187917,12.518333,13.812500,15.177042,12.447958,14.494771,13.130229
2026-05-04,14.850000,2026-03-31,2025-12-31,-0.370000,-1.610000,-9.223602,-6.338990,1.317243,14.447296,12.326535,10.205774,8.085013,5.964252,,,,,,,,,,13.895000,13.609167,12.217500,12.518958,13.895000,15.302461,12.487539,14.598731,13.191269
2026-05-05,15.400000,2026-03-31,2025-12-31,-0.370000,-1.610000,-9.565217,-6.367876,1.349544,14.597813,12.425047,10.252280,8.079514,5.906748,,,,,,,,,,14.007500,13.655000,12.253333,12.522708,14.007500,15.520001,12.494999,14.763750,13.251250
2026-05-06,15.050000,2026-03-31,2025-12-31,-0.370000,-1.610000,-9.347826,-6.395408,1.376316,14.728345,12.512476,10.296607,8.080738,5.864869,,,,,,,,,,14.117500,13.691667,12.287083,12.525000,14.117500,15.595149,12.639851,14.856325,13.378675
2026-05-07,14.950000,2026-03-31,2025-12-31,-0.370000,-1.610000,-9.285714,-6.422194,1.401014,14.850999,12.595365,10.339732,8.084099,5.828466,,,,,,,,,,14.210000,13.725000,12.319583,12.525417,14.210000,15.650614,12.769386,14.930307,13.489693
2026-05-08,14.600000,2026-03-31,2025-12-31,-0.370000,-1.610000,-9.068323,-6.447626,1.421143,14.956757,12.668717,10.380678,8.092638,5.804599,,,,,,,,,,14.272500,13.755833,12.350000,12.523958,14.272500,15.663628,12.881372,14.968064,13.576936
2026-05-11,15.400000,2026-03-31,2025-12-31,-0.370000,-1.610000,-9.565217,-6.476741,1.448888,15.092973,12.760263,10.427553,8.094842,5.762132,,,,,,,,,,14.387500,13.801667,12.386250,12.525000,14.387500,15.750498,13.024502,15.068999,13.706001
2026-05-12,15.100000,2026-03-31,2025-12-31,-0.370000,-1.610000,-9.378882,-6.504532,1.472312,15.213140,12.842718,10.472296,8.101875,5.731453,,,,,,,,,,14.485000,13.852500,12.420417,12.524792,14.485000,15.750785,13.219215,15.117892,13.852108
2026-05-13,15.200000,2026-03-31,2025-12-31,-0.370000,-1.610000,-9.440994,-6.532612,1.495925,15.334382,12.925943,10.517505,8.109066,5.700627,,,,,,,,,,14.582500,13.907500,12.455000,12.525625,14.582500,15.743840,13.421160,15.163170,14.001830
2026-05-14,15.700000,2026-03-31,2025-12-31,-0.370000,-1.610000,-9.751553,-6.565111,1.523122,15.474282,13.022055,10.569828,8.117602,5.665375,,,,,,,,,,14.685000,13.970000,12.497083,12.529375,14.685000,15.861570,13.508430,15.273285,14.096715
2026-05-15,15.100000,2026-05-15,2026-03-31,0.520000,-0.820000,-18.414634,-6.670031,1.866578,8.530613,7.000019,5.469426,3.938832,2.408238,,,,,,,,,,14.690000,14.023333,12.534583,12.530833,14.690000,15.873038,13.506962,15.281519,14.098481
2026-05-18,15.050000,2026-05-15,2026-03-31,0.520000,-0.820000,-18.353659,-6.773986,2.148273,9.077836,7.316252,5.554668,3.793084,2.031500,,,,,,,,,,14.710000,14.078333,12.570833,12.531458,14.710000,15.903668,13.516332,15.306834,14.113166
2026-05-19,15.050000,2026-05-15,2026-03-31,0.520000,-0.820000,-18.353659,-6.877482,2.392727,9.563609,7.601572,5.639536,3.677499,1.715462,,,,,,,,,,14.745000,14.135000,12.606250,12.532292,14.745000,15.935268,13.554732,15.340134,14.149866
2026-05-20,15.050000,2026-05-15,2026-03-31,0.520000,-0.820000,-18.353659,-6.987347,2.606763,10.004716,7.867170,5.729625,3.592079,1.454533,,,,,,,,,,14.767500,14.189167,12.642917,12.533125,14.767500,15.963227,13.571773,15.365364,14.169636
2026-05-21,15.750000,2026-05-15,2026-03-31,0.520000,-0.820000,-19.207317,-7.106955,2.827969,10.465573,8.146638,5.827703,3.508768,1.189833,,,,,,,,,,14.820000,14.246667,12.690833,12.537292,14.820000,16.092958,13.547042,15.456479,14.183521
2026-05-22,16.100000,2026-05-15,2026-03-31,0.520000,-0.820000,-19.634146,-7.228906,3.043658,10.919302,8.423502,5.927703,3.431904,0.936104,,,,,,,,,,14.912500,14.311667,12.739167,12.543750,14.912500,16.276656,13.548344,15.594578,14.230422
2026-05-25,17.700000,2026-05-15,2026-03-31,0.520000,-0.820000,-21.585366,-7.367724,3.306342,11.463935,8.752735,6.041534,3.330333,0.619132,,,,,,,,,,15.102500,14.404167,12.802083,12.557083,15.102500,16.871376,13.333624,15.986938,14.218062
2026-05-26,19.450000,2026-05-15,2026-03-31,0.520000,-0.820000,-23.719512,-7.524327,3.619947,12.106661,9.138305,6.169948,3.201592,0.233235,,,,,,,,,,15.400000,14.526667,12.879583,12.578333,15.400000,17.888923,12.911077,16.644461,14.155539
2026-05-27,18.700000,2026-05-15,2026-03-31,0.520000,-0.820000,-22.804878,-7.673712,3.871025,12.640926,9.466685,6.292444,3.118203,-0.056037,,,,,,,,,,15.652500,14.616667,12.951667,12.597500,15.652500,18.404624,12.900376,17.028562,14.276438
2026-05-28,18.100000,2026-05-15,2026-03-31,0.520000,-0.820000,-22.073171,-7.816798,4.079469,13.100103,9.754939,6.409774,3.064610,-0.280555,,,,,,,,,,15.852500,14.697500,13.018333,12.615208,15.852500,18.708975,12.996025,17.280737,14.424263
2026-05-29,18.700000,2026-05-15,2026-03-31,0.520000,-0.820000,-22.804878,-7.965779,4.293864,13.573876,10.052907,6.531938,3.010970,-0.509999,,,,,,,,,,16.050000,14.766667,13.089583,12.635417,16.050000,19.123486,12.976514,17.586743,14.513257
2026-06-01,19.350000,2026-05-15,2026-03-31,0.520000,-0.820000,-23.597561,-8.121365,4.515380,14.064742,10.362131,6.659519,2.956908,-0.745703,,,,,,,,,,16.275000,14.822500,13.166250,12.658333,16.275000,19.625020,12.924980,17.950010,14.599990
2026-06-02,18.800000,2026-05-15,2026-03-31,0.520000,-0.820000,-22.926829,-8.270755,4.703861,14.496351,10.639185,6.782019,2.924853,-0.932312,,,,,,,,,,16.445000,14.857500,13.237083,12.679167,16.445000,19.949568,12.940432,18.197284,14.692716
2026-06-03,19.050000,2026-05-15,2026-03-31,0.520000,-0.820000,-23.231707,-8.421675,4.888856,14.923497,10.914635,6.905773,2.896911,-1.111951,,,,,,,,,,16.645000,14.915000,13.307917,12.701875,16.645000,20.268883,13.021117,18.456941,14.833059
2026-06-04,19.400000,2026-05-15,2026-03-31,0.520000,-0.820000,-23.658537,-8.575545,5.073504,15.352493,11.192220,7.031947,2.871673,-1.288600,,,,,,,,,,16.867500,14.992500,13.380417,12.726250,16.867500,20.598067,13.136933,18.732784,15.002216
2026-06-05,18.700000,2026-05-15,2026-03-31,0.520000,-0.820000,-22.804878,-8.722300,5.227247,15.724971,11.438628,7.152286,2.865944,-1.420398,,,,,,,,,,17.072500,15.050000,13.447083,12.746875,17.072500,20.728278,13.416722,18.900389,15.244611
2026-06-08,17.600000,2026-05-15,2026-03-31,0.520000,-0.820000,-21.463415,-8.857675,5.344776,16.028726,11.646010,7.263294,2.880578,-1.502138,,,,,,,,,,17.182500,15.096667,13.504167,12.762917,17.182500,20.757895,13.607105,18.970197,15.394803
2026-06-09,17.750000,2026-05-15,2026-03-31,0.520000,-0.820000,-21.646341,-8.995181,5.459500,16.329628,11.852838,7.376048,2.899259,-1.577531,,,,,,,,,,17.315000,15.158333,13.563750,12.779167,17.315000,20.759462,13.870538,19.037231,15.592769
2026-06-10,17.500000,2026-05-15,2026-03-31,0.520000,-0.820000,-21.341463,-9.130146,5.562748,16.609627,12.048174,7.486720,2.925266,-1.636187,,,,,,,,,,17.430000,15.211667,13.621250,12.795417,17.430000,20.727591,14.132409,19.078795,15.781205
2026-06-11,18.000000,2026-05-15,2026-03-31,0.520000,-0.820000,-21.951220,-9.269788,5.672360,16.903896,12.252561,7.601226,2.949892,-1.701443,,,,,,,,,,17.545000,15.278333,13.682083,12.813958,17.545000,20.747614,14.342386,19.146307,15.943693
2026-06-12,17.900000,2026-05-15,2026-03-31,0.520000,-0.820000,-21.829268,-9.409021,5.773824,17.184469,12.449933,7.715397,2.980861,-1.753675,,,,,,,,,,17.685000,15.342500,13.743333,12.832083,17.685000,20.675353,14.694647,19.180176,16.189824
2026-06-15,18.000000,2026-05-15,2026-03-31,0.520000,-0.820000,-21.951220,-9.549472,5.872207,17.460987,12.645777,7.830567,3.015357,-1.799853,,,,,,,,,,17.832500,15.408333,13.805833,12.850833,17.832500,20.554588,15.110412,19.193544,16.471456
2026-06-16,19.800000,2026-05-15,2026-03-31,0.520000,-0.820000,-24.146341,-9.708620,6.006458,17.811659,12.886364,7.961069,3.035773,-1.889522,,,,,,,,,,18.070000,15.508333,13.884167,12.877083,18.070000,20.591361,15.548639,19.330681,16.809319
2026-06-17,20.600000,2026-05-15,2026-03-31,0.520000,-0.820000,-25.121951,-9.875494,6.153628,18.189855,13.143880,8.097905,3.051930,-1.994045,,,,,,,,,,18.347500,15.599167,13.968333,12.907083,18.347500,20.684271,16.010729,19.515886,17.179114
2026-06-18,21.600000,2026-05-15,2026-03-31,0.520000,-0.820000,-26.341463,-10.052733,6.318229,18.605137,13.424189,8.243241,3.062293,-2.118655,,,,,,,,,,18.640000,15.724167,14.061250,12.941250,18.640000,21.070421,16.209579,19.855211,17.424789
2026-06-22,23.050000,2026-05-15,2026-03-31,0.520000,-0.820000,-28.109756,-10.245112,6.512310,19.081180,13.741086,8.400992,3.060898,-2.279197,,,,,,,,,,18.987500,15.877500,14.167083,12.981250,18.987500,21.839623,16.135377,20.413561,17.561439
2026-06-23,22.600000,2026-05-15,2026-03-31,0.520000,-0.820000,-27.560976,-10.432311,6.683696,19.515757,14.035126,8.554495,3.073864,-2.406767,,,,,,,,,,19.232500,16.022500,14.267917,13.019167,19.232500,22.438789,16.026211,20.835645,17.629355
2026-06-24,24.850000,2026-05-15,2026-03-31,0.520000,-0.820000,-30.304878,-10.642983,6.906512,20.053926,14.390586,8.727246,3.063906,-2.599434,,,,,,,,,,19.502500,16.204167,14.388750,13.066250,19.502500,23.577646,15.427354,21.540073,17.464927
2026-06-25,25.950000,2026-05-15,2026-03-31,0.520000,-0.820000,-31.646341,-10.865440,7.147368,20.631344,14.770502,8.909661,3.048820,-2.812022,,,,,,,,,,19.865000,16.410833,14.520000,13.118125,19.865000,24.831848,14.898152,22.348424,17.381576
2026-06-26,25.700000,2026-05-15,2026-03-31,0.520000,-0.820000,-31.341463,-11.085357,7.366508,21.171066,15.130529,9.089993,3.049456,-2.991080,,,,,,,,,,20.245000,16.612500,14.649167,13.169167,20.245000,25.774338,14.715662,23.009669,17.480331
2026-06-29,26.700000,2026-05-15,2026-03-31,0.520000,-0.820000,-32.560976,-11.315841,7.600416,21.743671,15.511330,9.278989,3.046648,-3.185693,,,,,,,,,,20.645000,16.835833,14.787500,13.224375,20.645000,26.823136,14.466864,23.734068,17.555932
2026-06-30,24.450000,2026-05-15,2026-03-31,0.520000,-0.820000,-29.817073,-11.523459,7.762325,22.179450,15.814343,9.449236,3.084129,-3.280977,,,,,,,,,,20.900000,17.023333,14.907083,13.270000,20.900000,27.271069,14.528931,24.085535,17.714465
2026-07-01,24.750000,2026-05-15,2026-03-31,0.520000,-0.820000,-30.182927,-11.734328,7.922352,22.614806,16.118478,9.622149,3.125820,-3.370509,,,,,,,,,,21.197500,17.216667,15.029583,13.317292,21.197500,27.709794,14.685206,24.453647,17.941353
2026-07-02,24.200000,2026-05-15,2026-03-31,0.520000,-0.820000,-29.512195,-11.939607,8.061148,23.010761,16.400620,9.790478,3.180337,-3.429805,,,,,,,,,,21.455000,17.405833,15.147500,13.363125,21.455000,28.016843,14.893157,24.735922,18.174078
2026-07-03,24.250000,2026-05-15,2026-03-31,0.520000,-0.820000,-29.573171,-12.145395,8.193497,23.396560,16.677892,9.959224,3.240556,-3.478112,,,,,,,,,,21.697500,17.591667,15.265833,13.409375,21.697500,28.297937,15.097063,24.997718,18.397282
2026-07-06,24.200000,2026-05-15,2026-03-31,0.520000,-0.820000,-29.512195,-12.350675,8.317552,23.768338,16.947946,10.127553,3.307161,-3.513231,,,,,,,,,,21.972500,17.772500,15.383750,13.456042,21.972500,28.505048,15.439952,25.238774,18.706226
2026-07-07,24.100000,2026-05-15,2026-03-31,0.520000,-0.820000,-29.390244,-12.555140,8.432507,24.124526,17.209871,10.295215,3.380560,-3.534096,,,,,,,,,,22.297500,17.955833,15.501250,13.502500,22.297500,28.555083,16.039917,25.426291,19.168709
2026-07-08,23.550000,2026-05-15,2026-03-31,0.520000,-0.820000,-28.719512,-12.754664,8.529612,24.447388,17.453106,10.458824,3.464543,-3.529739,,,,,,,,,,22.587500,18.129167,15.615500,13.546875,22.587500,28.484946,16.690054,25.536223,19.638777
2026-07-09,23.000000,2026-05-15,2026-03-31,0.520000,-0.820000,-28.048780,-12.948719,8.610756,24.739590,17.678770,10.617950,3.557130,-3.503690,,,,,,,,,,22.862500,18.291667,15.725417,13.588958,22.862500,28.252147,17.472853,25.557323,20.167677
2026-07-13,23.000000,2026-05-15,2026-03-31,0.520000,-0.820000,-28.048780,-13.138972,8.690370,25.026164,17.900060,10.773957,3.647854,-3.478250,,,,,,,,,,23.112500,18.447500,15.827500,13.631667,23.112500,27.992197,18.232803,25.552349,20.672651
2026-07-14,21.500000,2026-05-15,2026-03-31,0.520000,-0.820000,-26.219512,-13.314992,8.739888,25.251710,18.085002,10.918294,3.751585,-3.415123,,,,,,,,,,23.292500,18.555833,15.919167,13.667917,23.292500,27.593941,18.991059,25.443221,21.141779
2026-07-15,21.500000,2026-05-15,2026-03-31,0.520000,-0.820000,-26.219512,-13.491417,8.785181,25.470659,18.266810,11.062962,3.859114,-3.344735,,,,,,,,,,23.467500,18.670000,16.011667,13.704583,23.467500,27.094196,19.840804,25.280848,21.654152
2026-07-16,21.200000,2026-05-15,2026-03-31,0.520000,-0.820000,-25.853659,-13.665602,8.821575,25.673177,18.439485,11.205794,3.972102,-3.261589,,,,,,,,,,23.537500,18.784167,16.103333,13.740208,23.537500,26.911374,20.163626,25.224437,21.850563
2026-07-17,19.300000,2026-05-15,2026-03-31,0.520000,-0.820000,-23.536585,-13.816433,8.834423,25.817929,18.573702,11.329475,4.085248,-3.158979,,,,,,,,,,23.472500,18.862500,16.170833,13.767500,23.472500,27.123379,19.821621,25.297940,21.647060
2026-07-20,19.550000,2026-05-15,2026-03-31,0.520000,-0.820000,-23.841463,-13.965354,8.851665,25.968320,18.709956,11.451591,4.193226,-3.065139,,,,,,,,,,23.370000,18.943333,16.231250,13.795625,23.370000,27.343120,19.396880,25.356560,21.383440
2026-07-21,20.050000,2026-05-15,2026-03-31,0.520000,-0.820000,-24.451220,-14.114503,8.876478,26.131316,18.852604,11.573892,4.295181,-2.983531,,,,,,,,,,23.220000,19.040000,16.285833,13.825000,23.220000,27.461450,18.978550,25.340725,21.099275
2026-07-22,19.950000,2026-05-15,2026-03-31,0.520000,-0.820000,-24.329268,-14.262433,8.897711,26.287441,18.991318,11.695195,4.399072,-2.897051,,,,,,,,,,23.087500,19.140833,16.339167,13.853958,23.087500,27.569261,18.605739,25.328381,20.846619
2026-07-23,19.950000,2026-05-15,2026-03-31,0.520000,-0.820000,-24.329268,-14.411576,8.915334,26.438641,19.128067,11.817493,4.506918,-2.803656,,,,,,,,,,22.842500,19.248333,16.395000,13.882083,22.842500,27.452475,18.232525,25.147487,20.537513
2026-07-24,19.800000,2026-05-15,2026-03-31,0.520000,-0.820000,-24.146341,-14.556566,8.931111,26.583407,19.259896,11.936384,4.612873,-2.710638,,,,,,,,,,22.535000,19.350833,16.444167,13.909167,22.535000,27.092365,17.977635,24.813683,20.256317
2026-07-27,20.250000,2026-05-15,2026-03-31,0.520000,-0.820000,-24.695122,-14.709163,8.946715,26.734127,19.397820,12.061514,4.725207,-2.611100,,,,,,,,,,22.262500,19.453333,16.503333,13.937917,22.262500,26.672402,17.852598,24.467451,20.057549
2026-07-28,19.250000,2026-05-15,2026-03-31,0.520000,-0.820000,-23.475610,-14.850991,8.949686,26.855298,19.516555,12.177812,4.839069,-2.499673,,,,,,,,,,21.890000,19.528333,16.552917,13.962708,21.890000,25.967744,17.812256,23.928872,19.851128
2026-07-29,18.000000,2026-05-15,2026-03-31,0.520000,-0.820000,-21.951220,-14.981531,8.937949,26.943092,19.613974,12.284855,4.955737,-2.373382,,,,,,,,,,21.567500,19.580833,16.595000,13.981875,21.567500,25.809679,17.325321,23.688589,19.446411
2026-07-30,16.900000,2026-05-15,2026-03-31,0.520000,-0.820000,-20.609756,-15.102105,8.915249,27.004736,19.694231,12.383726,5.073222,-2.237283,,,,,,,,,,21.175000,19.605833,16.630417,13.996458,21.175000,25.624897,16.725103,23.399948,18.950052
2026-07-31,16.850000,2026-05-15,2026-03-31,0.520000,-0.820000,-20.548780,-15.221363,8.891363,27.063353,19.772435,12.481518,5.190600,-2.100318,,,,,,,,,,20.807500,19.635833,16.663750,14.009583,20.807500,25.416676,16.198324,23.112088,18.502912
2026-08-03,17.150000,2026-05-15,2026-03-31,0.520000,-0.820000,-20.914634,-15.343265,8.868081,27.125130,19.853304,12.581477,5.309651,-1.962176,,,,,,,,,,20.452500,19.672500,16.698750,14.023958,20.452500,25.038919,15.866081,22.745709,18.159291
2026-08-04,17.600000,2026-05-15,2026-03-31,0.520000,-0.820000,-21.463415,-15.470549,8.845175,27.191938,19.938894,12.685850,5.432807,-1.820237,,,,,,,,,,20.122500,19.722500,16.739167,14.040417,20.122500,24.519446,15.725554,22.320973,17.924027
2026-08-05,17.750000,2026-05-15,2026-03-31,0.520000,-0.820000,-21.646341,-15.599762,8.820960,27.258179,20.024992,12.791805,5.558618,-1.674569,,,,,,,,,,19.805000,19.761667,16.781667,14.059375,19.805000,23.899271,15.710729,21.852135,17.757865
2026-08-06,18.400000,2026-05-15,2026-03-31,0.520000,-0.820000,-22.439024,-15.738008,8.796831,27.331970,20.118568,12.905167,5.691765,-1.521637,,,,,,,,,,19.547500,19.816667,16.834583,14.081042,19.547500,23.282044,15.812956,21.414772,17.680228
2026-08-07,17.750000,2026-05-15,2026-03-31,0.520000,-0.820000,-21.646341,-15.870255,8.765050,27.388292,20.200951,13.013609,5.826268,-1.361074,,,,,,,,,,19.285000,19.859167,16.883333,14.099792,19.285000,22.724109,15.845891,21.004555,17.565445
2026-08-10,18.500000,2026-05-15,2026-03-31,0.520000,-0.820000,-22.560976,-16.009922,8.736739,27.456387,20.292261,13.128136,5.964010,-1.200115,,,,,,,,,,19.060000,19.905833,16.937917,14.122083,19.060000,22.032966,16.087034,20.546483,17.573517
2026-08-11,18.400000,2026-05-15,2026-03-31,0.520000,-0.820000,-22.439024,-16.148775,8.705085,27.518335,20.380165,13.241995,6.103825,-1.034345,,,,,,,,,,18.905000,19.960833,16.992083,14.144375,18.905000,21.657396,16.152604,20.281198,17.528802
2026-08-12,18.400000,2026-05-15,2026-03-31,0.520000,-0.820000,-22.439024,-16.288234,8.670330,27.575693,20.466022,13.356352,6.246681,-0.862989,,,,,,,,,,18.750000,20.016667,17.047500,14.166875,18.750000,21.221948,16.278052,19.985974,17.514026
2026-08-13,18.500000,2026-05-15,2026-03-31,0.520000,-0.820000,-22.560976,-16.429114,8.633376,27.630611,20.551242,13.471874,6.392505,-0.686863,,,,,,,,,,18.615000,20.074167,17.104583,14.190000,18.615000,20.802067,16.427933,19.708534,17.521466
2026-08-14,17.950000,2026-08-14,2026-06-30,-0.060000,-0.390000,-46.025641,-16.764927,8.990003,13.550524,10.044423,6.538321,3.032220,-0.473881,,,,,,,,,,18.547500,20.122500,17.155833,14.211042,18.547500,20.728875,16.366125,19.638187,17.456813
2026-08-17,17.900000,2026-08-14,2026-06-30,-0.060000,-0.390000,-45.897436,-17.097648,9.319946,13.937641,10.302862,6.668083,3.033304,-0.601475,,,,,,,,,,18.465000,20.158333,17.202500,14.231667,18.465000,20.611257,16.318743,19.538129,17.391871
2026-08-18,17.700000,2026-08-14,2026-06-30,-0.060000,-0.390000,-45.384615,-17.426500,9.613888,14.295167,10.545751,6.796335,3.046919,-0.702497,,,,,,,,,,18.347500,20.185000,17.248333,14.251667,18.347500,20.382839,16.312161,19.365170,17.329830
2026-08-19,17.300000,2026-08-14,2026-06-30,-0.060000,-0.390000,-44.358974,-17.747008,9.864170,14.615385,10.768359,6.921333,3.074307,-0.772719,,,,,,,,,,18.215000,20.178333,17.291250,14.270000,18.215000,20.153828,16.276172,19.184414,17.245586
2026-08-20,17.550000,2026-08-14,2026-06-30,-0.060000,-0.390000,-45.000000,-18.073060,10.111943,14.935809,10.992151,7.048493,3.104836,-0.838822,,,,,,,,,,18.095000,20.146667,17.336667,14.289375,18.095000,19.872017,16.317983,18.983509,17.206491
2026-08-21,17.700000,2026-08-14,2026-06-30,-0.060000,-0.390000,-45.384615,-18.397462,10.357581,15.253923,11.214467,7.175010,3.135554,-0.903903,,,,,,,,,,17.990000,20.130000,17.373333,14.309375,17.990000,19.581292,16.398708,18.785646,17.194354
2026-08-24,17.700000,2026-08-14,2026-06-30,-0.060000,-0.390000,-45.384615,-18.722067,10.587272,15.559678,11.430642,7.301606,3.172570,-0.956466,,,,,,,,,,17.862500,20.123333,17.410417,14.331250,17.862500,19.048326,16.676674,18.455413,17.269587
2026-08-25,17.450000,2026-08-14,2026-06-30,-0.060000,-0.390000,-44.743590,-19.036071,10.795309,15.844409,11.634238,7.424068,3.213897,-0.996273,,,,,,,,,,17.772500,20.102500,17.434583,14.351875,17.772500,18.773802,16.771198,18.273151,17.271849
2026-08-26,19.150000,2026-08-14,2026-06-30,-0.060000,-0.390000,-49.102564,-19.380534,11.088213,16.207215,11.882812,7.558408,3.234005,-1.090398,,,,,,,,,,17.830000,20.099167,17.460833,14.379375,17.830000,19.003569,16.656431,18.416784,17.243216
2026-08-27,19.150000,2026-08-14,2026-06-30,-0.060000,-0.390000,-49.102564,-19.722166,11.366013,16.557135,12.124390,7.691645,3.258899,-1.173846,,,,,,,,,,17.942500,20.105000,17.481250,14.406458,17.942500,19.170796,16.714204,18.556648,17.328352
2026-08-28,18.650000,2026-08-14,2026-06-30,-0.060000,-0.390000,-47.820513,-20.057563,11.595992,16.867323,12.344887,7.822450,3.300013,-1.222424,,,,,,,,,,18.032500,20.098333,17.506667,14.432500,18.032500,19.185197,16.879803,18.608849,17.456151
2026-08-31,18.000000,2026-08-14,2026-06-30,-0.060000,-0.390000,-46.153846,-20.382510,11.776483,17.134835,12.542007,7.949179,3.356351,-1.236477,,,,,,,,,,18.075000,20.075000,17.533750,14.456250,18.075000,19.150811,16.999189,18.612905,17.537095
2026-09-01,18.300000,2026-08-14,2026-06-30,-0.060000,-0.390000,-46.923077,-20.711845,11.961597,17.407665,12.742642,8.077620,3.412597,-1.252426,,,,,,,,,,18.110000,20.068333,17.559167,14.481042,18.110000,19.166110,17.053890,18.638055,17.581945
2026-09-02,18.450000,2026-08-14,2026-06-30,-0.060000,-0.390000,-47.307692,-21.046205,12.139743,17.677019,12.942520,8.208020,3.473520,-1.260979,,,,,,,,,,18.145000,20.082500,17.589583,14.505833,18.145000,19.197266,17.092734,18.671133,17.618867
2026-09-03,18.450000,2026-08-14,2026-06-30,-0.060000,-0.390000,-47.307692,-21.383599,12.302579,17.935616,13.137610,8.339604,3.541598,-1.256408,,,,,,,,,,18.147500,20.094167,17.626250,14.531042,18.147500,19.202551,17.092449,18.675025,17.619975
2026-09-04,18.250000,2026-08-14,2026-06-30,-0.060000,-0.390000,-46.794872,-21.715709,12.446521,18.177413,13.323270,8.469126,3.614983,-1.239160,,,,,,,,,,18.172500,20.106667,17.659167,14.556042,18.172500,19.211465,17.133535,18.691982,17.653018
2026-09-07,18.250000,2026-08-14,2026-06-30,-0.060000,-0.390000,-46.794872,-22.049032,12.578503,18.410354,13.504738,8.599122,3.693506,-1.212110,,,,,,,,,,18.160000,20.110833,17.694583,14.582708,18.160000,19.188335,17.131665,18.674168,17.645832
2026-09-08,18.350000,2026-08-14,2026-06-30,-0.060000,-0.390000,-47.051282,-22.384289,12.704708,18.639545,13.684709,8.729873,3.775037,-1.179799,,,,,,,,,,18.157500,20.118333,17.730417,14.610208,18.157500,19.183619,17.131381,18.670560,17.644440
2026-09-09,18.350000,2026-08-14,2026-06-30,-0.060000,-0.390000,-47.051282,-22.719547,12.820834,18.860874,13.860748,8.860623,3.860498,-1.139627,,,,,,,,,,18.155000,20.124167,17.766250,14.637500,18.155000,19.178873,17.131127,18.666936,17.643064
2026-09-10,18.500000,2026-08-14,2026-06-30,-0.060000,-0.390000,-47.435897,-23.059021,12.931913,19.079910,14.036464,8.993018,3.949572,-1.093874,,,,,,,,,,18.155000,20.102500,17.805417,14.666250,18.155000,19.178873,17.131127,18.666936,17.643064
2026-09-11,18.300000,2026-08-14,2026-06-30,-0.060000,-0.390000,-46.923077,-23.388760,13.032184,19.286720,14.204168,9.121616,4.039064,-1.043487,,,,,,,,,,18.172500,20.064167,17.831667,14.694583,18.172500,19.193580,17.151420,18.683040,17.661960
2026-09-14,18.100000,2026-08-14,2026-06-30,-0.060000,-0.390000,-46.410256,-23.718473,13.110371,19.476294,14.363249,9.250204,4.137160,-0.975885,,,,,,,,,,18.182500,20.005833,17.865000,14.722292,18.182500,19.196235,17.168765,18.689367,17.675633
2026-09-15,17.850000,2026-08-14,2026-06-30,-0.060000,-0.390000,-45.769231,-24.043856,13.169430,19.649259,14.513182,9.377104,4.241026,-0.895052,,,,,,,,,,18.190000,19.919167,17.898333,14.749375,18.190000,19.190842,17.189158,18.690421,17.689579
2026-09-16,18.050000,2026-08-14,2026-06-30,-0.060000,-0.390000,-46.282051,-24.373310,13.227481,19.823026,14.664308,9.505591,4.346873,-0.811844,,,,,,,,,,18.227500,19.843333,17.932917,14.776458,18.227500,19.140260,17.314740,18.683880,17.771120
2026-09-17,18.050000,2026-08-14,2026-06-30,-0.060000,-0.390000,-46.282051,-24.702562,13.277313,19.990303,14.812151,9.633999,4.455847,-0.722305,,,,,,,,,,18.252500,19.730000,17.967083,14.805417,18.252500,19.113023,17.391977,18.682762,17.822238
2026-09-18,18.050000,2026-08-14,2026-06-30,-0.060000,-0.390000,-46.282051,-25.033431,13.316504,20.149911,14.956475,9.763038,4.569602,-0.623835,,,,,,,,,,18.270000,19.598333,18.004583,14.836458,18.270000,19.096788,17.443212,18.683394,17.856606
2026-09-21,18.100000,2026-08-14,2026-06-30,-0.060000,-0.390000,-46.410256,-25.365167,13.349291,20.304863,15.098639,9.892415,4.686192,-0.520032,,,,,,,,,,18.290000,19.471667,18.042083,14.867083,18.290000,19.077133,17.502867,18.683567,17.896433
2026-09-22,17.900000,2026-08-14,2026-06-30,-0.060000,-0.390000,-45.897436,-25.678805,13.386133,20.455918,15.235326,10.014734,4.794142,-0.426450,,,,,,,,,,18.312500,19.325000,18.080417,14.896250,18.312500,19.020258,17.604742,18.666379,17.958621
2026-09-23,18.200000,2026-08-14,2026-06-30,-0.060000,-0.390000,-46.666667,-25.999371,13.424562,20.610913,15.375334,10.139755,4.904176,-0.331404,,,,,,,,,,18.265000,19.220833,18.122083,14.926250,18.265000,18.853575,17.676425,18.559288,17.970712
2026-09-24,18.300000,2026-08-14,2026-06-30,-0.060000,-0.390000,-46.923077,-26.322333,13.458109,20.763035,15.514372,10.265710,5.017047,-0.231615,,,,,,,,,,18.222500,19.113333,18.165000,14.957917,18.222500,18.639854,17.805146,18.431177,18.013823
2026-09-29,18.750000,2026-08-14,2026-06-30,-0.060000,-0.390000,-48.076923,-26.656462,13.496603,20.923370,15.659695,10.396020,5.132345,-0.131330,,,,,,,,,,18.227500,19.022500,18.214167,14.991458,18.227500,18.668163,17.786837,18.447832,18.007168
2026-09-30,18.800000,2026-08-14,2026-06-30,-0.060000,-0.390000,-48.205128,-26.990366,13.530177,21.079781,15.803012,10.526243,5.249474,-0.027295,,,,,,,,,,18.267500,18.931667,18.261667,15.024583,18.267500,18.763033,17.771967,18.515266,18.019734
2026-10-01,18.600000,2026-08-14,2026-06-30,-0.060000,-0.390000,-47.692308,-27.318703,13.550658,21.223808,15.939051,10.654294,5.369537,0.084781,,,,,,,,,,18.282500,18.838333,18.305417,15.056458,18.282500,18.799857,17.765143,18.541178,18.023822
2026-10-02,20.450000,2026-08-14,2026-06-30,-0.060000,-0.390000,-52.435897,-27.687863,13.626898,21.427247,16.112757,10.798267,5.483777,0.169286,,,,,,,,,,18.382500,18.777500,18.366667,15.096042,18.382500,19.481914,17.283086,18.932207,17.832793
2026-10-05,22.450000,2026-08-14,2026-06-30,-0.060000,-0.390000,-57.564103,-28.099500,13.777527,21.705276,16.332040,10.958805,5.585570,0.212334,,,,,,,,,,18.582500,18.759167,18.444167,15.143125,18.582500,20.709092,16.455908,19.645796,17.519204
