# chart-version: skill-stock-dynamic-valuation-box@1.21.0; font: noto-sans-cjk-tc-v1; Updated: 2026-10-06 08:14 CST (1.21.0)
date,close,available_date,period_end,eps,ttm_eps,pe,pe_mean,pe_std,price_m2,price_m1,price_mean,price_p1,price_p2,forward_eps,forward_pe,forward_pe_mean,forward_pe_std,forward_price_m2,forward_price_m1,forward_price_mean,forward_price_p1,forward_price_p2,sma20,sma60,sma120,sma240,bband_mid,bband_upper2,bband_lower2,bband_upper1,bband_lower1
2023-10-05,13.100000,2023-08-14,2023-06-30,-0.110000,-0.200000,-65.500000,-112.644605,35.888525,36.884331,29.706626,22.528921,15.351216,8.173511,,,,,,,,,,13.102500,13.314167,13.109167,12.718333,13.102500,13.398926,12.806074,13.250713,12.954287
2023-10-06,13.150000,2023-08-14,2023-06-30,-0.110000,-0.200000,-65.750000,-112.375214,36.119379,36.922794,29.698919,22.475043,15.251167,8.027291,,,,,,,,,,13.110000,13.312500,13.112500,12.719167,13.110000,13.403078,12.816922,13.256539,12.963461
2023-10-11,13.200000,2023-08-14,2023-06-30,-0.110000,-0.200000,-66.000000,-112.111111,36.342817,36.959349,29.690786,22.422222,15.153659,7.885095,,,,,,,,,,13.122500,13.315000,13.116667,12.720833,13.122500,13.408074,12.836926,13.265287,12.979713
2023-10-12,13.200000,2023-08-14,2023-06-30,-0.110000,-0.200000,-66.000000,-111.847009,36.562966,36.994588,29.681995,22.369402,15.056809,7.744215,,,,,,,,,,13.130000,13.315833,13.120833,12.722708,13.130000,13.415436,12.844564,13.272718,12.987282
2023-10-13,13.100000,2023-08-14,2023-06-30,-0.110000,-0.200000,-65.500000,-111.578739,36.785120,37.029796,29.672772,22.315748,14.958724,7.601700,,,,,,,,,,13.125000,13.313333,13.124167,12.727083,13.125000,13.408772,12.841228,13.266886,12.983114
2023-10-16,13.000000,2023-08-14,2023-06-30,-0.110000,-0.200000,-65.000000,-111.309509,37.008002,37.065103,29.663502,22.261902,14.860301,7.458701,,,,,,,,,,13.125000,13.310833,13.127083,12.729583,13.125000,13.408772,12.841228,13.266886,12.983114
2023-10-17,12.950000,2023-08-14,2023-06-30,-0.110000,-0.200000,-64.750000,-111.044605,37.227741,37.100017,29.654469,22.208921,14.763373,7.317825,,,,,,,,,,13.120000,13.309167,13.130417,12.731875,13.120000,13.412719,12.827281,13.266359,12.973641
2023-10-18,13.100000,2023-08-14,2023-06-30,-0.110000,-0.200000,-65.500000,-110.773130,37.441267,37.131133,29.642879,22.154626,14.666373,7.178119,,,,,,,,,,13.130000,13.309167,13.133333,12.734375,13.130000,13.404149,12.855851,13.267075,12.992925
2023-10-19,12.950000,2023-08-14,2023-06-30,-0.110000,-0.200000,-64.750000,-110.498611,37.658120,37.162970,29.631346,22.099722,14.568098,7.036474,,,,,,,,,,13.137500,13.306667,13.135417,12.736458,13.137500,13.380020,12.894980,13.258760,13.016240
2023-10-20,12.900000,2023-08-14,2023-06-30,-0.110000,-0.200000,-64.500000,-110.215598,37.876326,37.193650,29.618385,22.043120,14.467854,6.892589,,,,,,,,,,13.132500,13.305000,13.136250,12.738333,13.132500,13.390580,12.874420,13.261540,13.003460
2023-10-23,12.950000,2023-08-14,2023-06-30,-0.110000,-0.200000,-64.750000,-109.941079,38.086650,37.222876,29.605546,21.988216,14.370886,6.753556,,,,,,,,,,13.125000,13.305833,13.138333,12.741875,13.125000,13.395477,12.854523,13.260239,12.989761
2023-10-24,13.000000,2023-08-14,2023-06-30,-0.110000,-0.200000,-65.000000,-109.671848,38.290350,37.250510,29.592440,21.934370,14.276300,6.618230,,,,,,,,,,13.122500,13.306667,13.141250,12.744792,13.122500,13.396793,12.848207,13.259647,12.985353
2023-10-25,12.950000,2023-08-14,2023-06-30,-0.110000,-0.200000,-64.750000,-109.397329,38.494502,37.277267,29.578366,21.879466,14.180565,6.481665,,,,,,,,,,13.107500,13.307500,13.143333,12.747917,13.107500,13.385226,12.829774,13.246363,12.968637
2023-10-26,12.850000,2023-08-14,2023-06-30,-0.110000,-0.200000,-64.250000,-109.112233,38.702302,37.303367,29.562907,21.822447,14.081986,6.341526,,,,,,,,,,13.085000,13.304167,13.143750,12.750833,13.085000,13.369882,12.800118,13.227441,12.942559
2023-10-27,12.900000,2023-08-14,2023-06-30,-0.110000,-0.200000,-64.500000,-108.829220,38.904485,37.327638,29.546741,21.765844,13.984947,6.204050,,,,,,,,,,13.065000,13.298333,13.144583,12.753333,13.065000,13.342394,12.787606,13.203697,12.926303
2023-10-30,12.850000,2023-08-14,2023-06-30,-0.110000,-0.200000,-64.250000,-108.550534,39.104199,37.351787,29.530947,21.710107,13.889267,6.068427,,,,,,,,,,13.042500,13.290000,13.145833,12.756042,13.042500,13.312539,12.772461,13.177519,12.907481
2023-10-31,12.850000,2023-08-14,2023-06-30,-0.110000,-0.200000,-64.250000,-108.265438,39.302583,37.374121,29.513604,21.653088,13.792571,5.932055,,,,,,,,,,13.017500,13.276667,13.146250,12.758542,13.017500,13.258714,12.776286,13.138107,12.896893
2023-11-01,12.850000,2023-08-14,2023-06-30,-0.110000,-0.200000,-64.250000,-107.980342,39.497894,37.395226,29.495647,21.596068,13.696490,5.796911,,,,,,,,,,13.000000,13.263333,13.146667,12.761458,13.000000,13.236198,12.763802,13.118099,12.881901
2023-11-02,13.100000,2023-08-14,2023-06-30,-0.110000,-0.200000,-65.500000,-107.702457,39.679582,37.412324,29.476408,21.540491,13.604575,5.668659,,,,,,,,,,13.000000,13.249167,13.148750,12.765208,13.000000,13.236198,12.763802,13.118099,12.881901
2023-11-03,13.050000,2023-08-14,2023-06-30,-0.110000,-0.200000,-65.250000,-107.422489,39.860703,37.428779,29.456639,21.484498,13.512357,5.540216,,,,,,,,,,13.000000,13.235000,13.150417,12.768750,13.000000,13.236198,12.763802,13.118099,12.881901
2023-11-06,13.100000,2023-08-14,2023-06-30,-0.110000,-0.200000,-65.500000,-107.138194,40.038118,37.442886,29.435262,21.427639,13.420015,5.412392,,,,,,,,,,13.000000,13.223333,13.151667,12.772083,13.000000,13.236198,12.763802,13.118099,12.881901
2023-11-07,13.000000,2023-08-14,2023-06-30,-0.110000,-0.200000,-65.000000,-106.480787,40.077258,37.327060,29.311609,21.296157,13.280706,5.265254,,,,,,,,,,12.992500,13.207500,13.152083,12.774375,12.992500,13.217924,12.767076,13.105212,12.879788
2023-11-08,12.950000,2023-08-14,2023-06-30,-0.110000,-0.200000,-64.750000,-105.807407,40.094050,37.199102,29.180292,21.161481,13.142671,5.123861,,,,,,,,,,12.980000,13.193333,13.150833,12.777500,12.980000,13.183651,12.776349,13.081825,12.878175
2023-11-09,13.100000,2023-08-14,2023-06-30,-0.110000,-0.200000,-65.500000,-105.140278,40.093145,37.065314,29.046685,21.028056,13.009426,4.990797,,,,,,,,,,12.975000,13.184167,13.150833,12.780417,12.975000,13.159961,12.790039,13.067480,12.882520
2023-11-10,12.950000,2023-08-14,2023-06-30,-0.110000,-0.200000,-64.750000,-104.457639,40.077529,36.922539,28.907034,20.891528,12.876022,4.860516,,,,,,,,,,12.967500,13.172500,13.148750,12.782708,12.967500,13.143044,12.791956,13.055272,12.879728
2023-11-13,12.950000,2023-08-14,2023-06-30,-0.110000,-0.200000,-64.750000,-103.779630,40.055142,36.777983,28.766954,20.755926,12.744898,4.733869,,,,,,,,,,12.965000,13.162500,13.147083,12.785208,12.965000,13.140019,12.789981,13.052509,12.877491
2023-11-14,12.900000,2023-11-14,2023-09-30,-0.100000,-0.380000,-33.947368,-102.868080,40.390702,69.786804,54.438337,39.089870,23.741404,8.392937,,,,,,,,,,12.962500,13.150833,13.147083,12.784792,12.962500,13.139834,12.785166,13.051167,12.873833
2023-11-15,12.850000,2023-11-14,2023-09-30,-0.100000,-0.380000,-33.815789,-101.960063,40.709480,69.684029,54.214426,38.744824,23.275222,7.805620,,,,,,,,,,12.950000,13.135833,13.147083,12.785833,12.950000,13.121679,12.778321,13.035840,12.864160
2023-11-16,12.950000,2023-11-14,2023-09-30,-0.100000,-0.380000,-34.078947,-101.049610,40.997107,69.556653,53.977753,38.398852,22.819951,7.241050,,,,,,,,,,12.950000,13.123333,13.147500,12.787708,12.950000,13.121679,12.778321,13.035840,12.864160
2023-11-17,12.950000,2023-11-14,2023-09-30,-0.100000,-0.380000,-34.078947,-100.139157,41.262478,69.412363,53.732621,38.052880,22.373138,6.693396,,,,,,,,,,12.952500,13.113333,13.147917,12.788750,12.952500,13.122562,12.782438,13.037531,12.867469
2023-11-20,12.900000,2023-11-14,2023-09-30,-0.100000,-0.380000,-33.947368,-99.232237,41.512685,69.257891,53.483070,37.708250,21.933430,6.158609,,,,,,,,,,12.950000,13.099167,13.148333,12.790417,12.950000,13.121679,12.778321,13.035840,12.864160
2023-11-21,13.150000,2023-11-14,2023-09-30,-0.100000,-0.380000,-34.605263,-98.330799,41.733043,69.082816,53.224260,37.365704,21.507147,5.648591,,,,,,,,,,12.957500,13.089167,13.150833,12.793125,12.957500,13.150196,12.764804,13.053848,12.861152
2023-11-22,13.100000,2023-11-14,2023-09-30,-0.100000,-0.380000,-34.473684,-97.428265,41.934365,68.892858,52.957800,37.022741,21.087682,5.152623,,,,,,,,,,12.965000,13.081667,13.152917,12.795417,12.965000,13.167874,12.762126,13.066437,12.863563
2023-11-23,13.000000,2023-11-14,2023-09-30,-0.100000,-0.380000,-34.210526,-96.523538,42.118491,68.688998,52.683971,36.678944,20.673918,4.668891,,,,,,,,,,12.972500,13.072500,13.154167,12.797292,12.972500,13.168446,12.776554,13.070473,12.874527
2023-11-24,12.950000,2023-11-14,2023-09-30,-0.100000,-0.380000,-34.078947,-95.617714,42.283906,68.470500,52.402616,36.334731,20.266847,4.198963,,,,,,,,,,12.975000,13.061667,13.155000,12.799375,12.975000,13.168309,12.781691,13.071655,12.878345
2023-11-27,12.950000,2023-11-14,2023-09-30,-0.100000,-0.380000,-34.078947,-94.716520,42.434438,68.242451,52.117364,35.992278,19.867191,3.742105,,,,,,,,,,12.980000,13.051667,13.156250,12.801250,12.980000,13.164676,12.795324,13.072338,12.887662
2023-11-28,13.050000,2023-11-14,2023-09-30,-0.100000,-0.380000,-34.342105,-93.803631,42.545897,67.980261,51.812820,35.645380,19.477939,3.310498,,,,,,,,,,12.990000,13.045000,13.157083,12.803750,12.990000,13.166516,12.813484,13.078258,12.901742
2023-11-29,13.150000,2023-11-14,2023-09-30,-0.100000,-0.380000,-34.605263,-92.897563,42.639882,67.707384,51.504229,35.301074,19.097919,2.894764,,,,,,,,,,13.005000,13.040833,13.159167,12.806458,13.005000,13.182408,12.827592,13.093704,12.916296
2023-11-30,13.050000,2023-11-14,2023-09-30,-0.100000,-0.380000,-34.342105,-91.984673,42.711619,67.415007,51.184591,34.954176,18.723761,2.493345,,,,,,,,,,13.002500,13.036667,13.160000,12.808542,13.002500,13.175629,12.829371,13.089065,12.915935
2023-12-01,13.050000,2023-11-14,2023-09-30,-0.100000,-0.380000,-34.342105,-91.090302,42.786158,67.131795,50.873055,34.614315,18.355575,2.096835,,,,,,,,,,13.002500,13.035000,13.162500,12.810833,13.002500,13.175629,12.829371,13.089065,12.915935
2023-12-04,13.050000,2023-11-14,2023-09-30,-0.100000,-0.380000,-34.342105,-90.200560,42.847322,66.840177,50.558195,34.276213,17.994231,1.712248,,,,,,,,,,13.000000,13.034167,13.165417,12.812083,13.000000,13.168585,12.831415,13.084293,12.915707
2023-12-05,12.950000,2023-11-14,2023-09-30,-0.100000,-0.380000,-34.078947,-89.294737,42.875438,66.517333,50.224666,33.932000,17.639334,1.346667,,,,,,,,,,12.997500,13.033333,13.166250,12.813542,12.997500,13.167562,12.827438,13.082531,12.912469
2023-12-06,12.950000,2023-11-14,2023-09-30,-0.100000,-0.380000,-34.078947,-88.388913,42.884245,66.179813,49.883800,33.587787,17.291774,0.995761,,,,,,,,,,12.997500,13.033333,13.167083,12.815000,12.997500,13.167562,12.827438,13.082531,12.912469
2023-12-07,12.950000,2023-11-14,2023-09-30,-0.100000,-0.380000,-34.078947,-87.487719,42.879747,65.833941,49.539637,33.245333,16.951030,0.656726,,,,,,,,,,12.990000,13.031667,13.168333,12.816667,12.990000,13.154157,12.825843,13.072078,12.907922
2023-12-08,13.150000,2023-11-14,2023-09-30,-0.100000,-0.380000,-34.605263,-86.586282,42.844658,65.464727,49.183757,32.902787,16.621817,0.340847,,,,,,,,,,13.000000,13.030833,13.170833,12.819167,13.000000,13.177705,12.822295,13.088852,12.911148
2023-12-11,13.250000,2023-11-14,2023-09-30,-0.100000,-0.380000,-34.868421,-85.687037,42.787762,65.079773,48.820424,32.561074,16.301724,0.042375,,,,,,,,,,13.015000,13.035000,13.174167,12.822292,13.015000,13.222998,12.807002,13.118999,12.911001
2023-12-12,13.100000,2023-11-14,2023-09-30,-0.100000,-0.380000,-34.473684,-84.784503,42.715595,64.681963,48.450037,32.218111,15.986185,-0.245741,,,,,,,,,,13.025000,13.035833,13.176250,12.824792,13.025000,13.228909,12.821091,13.126955,12.923045
2023-12-13,13.250000,2023-11-14,2023-09-30,-0.100000,-0.380000,-34.868421,-83.889888,42.626629,64.274395,48.076276,31.878157,15.680038,-0.518080,,,,,,,,,,13.045000,13.041667,13.180000,12.827917,13.045000,13.255013,12.834987,13.150006,12.939994
2023-12-14,13.200000,2023-11-14,2023-09-30,-0.100000,-0.380000,-34.736842,-82.994176,42.519752,63.852799,47.695293,31.537787,15.380281,-0.777225,,,,,,,,,,13.057500,13.048333,13.183333,12.831250,13.057500,13.273383,12.841617,13.165441,12.949559
2023-12-15,13.200000,2023-11-14,2023-09-30,-0.100000,-0.380000,-34.736842,-82.079946,42.366541,63.388951,47.289665,31.190380,15.091094,-1.008191,,,,,,,,,,13.070000,13.051667,13.185000,12.834792,13.070000,13.288608,12.851392,13.179304,12.960696
2023-12-18,13.100000,2023-11-14,2023-09-30,-0.100000,-0.380000,-34.473684,-81.154264,42.181113,62.896266,46.867443,30.838620,14.809798,-1.219025,,,,,,,,,,13.080000,13.051667,13.185000,12.837917,13.080000,13.283651,12.876349,13.181825,12.978175
2023-12-19,13.150000,2023-11-14,2023-09-30,-0.100000,-0.380000,-34.605263,-80.238938,41.987486,62.401286,46.446041,30.490796,14.535552,-1.419693,,,,,,,,,,13.080000,13.053333,13.186250,12.841250,13.080000,13.283651,12.876349,13.181825,12.978175
2023-12-20,13.150000,2023-11-14,2023-09-30,-0.100000,-0.380000,-34.605263,-79.318981,41.765432,61.882942,46.012077,30.141213,14.270349,-1.600516,,,,,,,,,,13.082500,13.051667,13.187083,12.845208,13.082500,13.288400,12.876600,13.185450,12.979550
2023-12-21,13.200000,2023-11-14,2023-09-30,-0.100000,-0.380000,-34.736842,-78.386233,41.497723,61.325038,45.555903,29.786769,14.017634,-1.751501,,,,,,,,,,13.092500,13.050000,13.187083,12.848750,13.092500,13.300940,12.884060,13.196720,12.988280
2023-12-22,13.200000,2023-11-14,2023-09-30,-0.100000,-0.380000,-34.736842,-77.448855,41.199117,60.741893,45.086229,29.430565,13.774901,-1.880764,,,,,,,,,,13.105000,13.048333,13.186667,12.852292,13.105000,13.307355,12.902645,13.206177,13.003823
2023-12-25,13.200000,2023-11-14,2023-09-30,-0.100000,-0.380000,-34.736842,-76.506847,40.868550,60.132700,44.602651,29.072602,13.542553,-1.987496,,,,,,,,,,13.117500,13.046667,13.185833,12.855833,13.117500,13.310196,12.924804,13.213848,13.021152
2023-12-26,13.200000,2023-11-14,2023-09-30,-0.100000,-0.380000,-34.736842,-75.560210,40.504852,59.496567,44.104724,28.712880,13.321036,-2.070808,,,,,,,,,,13.125000,13.044167,13.184583,12.910833,13.125000,13.318309,12.931691,13.221655,13.028345
2023-12-27,13.300000,2023-11-14,2023-09-30,-0.100000,-0.380000,-35.000000,-74.611135,40.104535,58.831678,43.591955,28.352231,13.112508,-2.127215,,,,,,,,,,13.132500,13.045833,13.183750,12.915000,13.132500,13.340940,12.924060,13.236720,13.028280
2023-12-28,13.300000,2023-11-14,2023-09-30,-0.100000,-0.380000,-35.000000,-73.680580,39.712158,58.179860,43.089240,27.998620,12.908000,-2.182620,,,,,,,,,,13.145000,13.049167,13.184583,12.919792,13.145000,13.362401,12.927599,13.253700,13.036300
2023-12-29,13.300000,2023-11-14,2023-09-30,-0.100000,-0.380000,-35.000000,-72.745395,39.284832,57.499723,42.571486,27.643250,12.715014,-2.213223,,,,,,,,,,13.157500,13.053333,13.185000,12.924167,13.157500,13.380577,12.934423,13.269038,13.045962
2024-01-02,13.350000,2023-11-14,2023-09-30,-0.100000,-0.380000,-35.131579,-71.811306,38.829055,56.798378,42.043337,27.288296,12.533255,-2.221786,,,,,,,,,,13.172500,13.057500,13.185833,12.929167,13.172500,13.405275,12.939725,13.288888,13.056112
2024-01-03,13.300000,2023-11-14,2023-09-30,-0.100000,-0.380000,-35.000000,-70.876121,38.345958,56.075854,41.504390,26.932926,12.361462,-2.210002,,,,,,,,,,13.190000,13.060000,13.186250,12.933958,13.190000,13.404231,12.975769,13.297115,13.082885
2024-01-04,13.550000,2023-11-14,2023-09-30,-0.100000,-0.380000,-35.657895,-69.964937,37.865910,55.364767,40.975722,26.586676,12.197630,-2.191415,,,,,,,,,,13.220000,13.065833,13.190417,12.939792,13.220000,13.459297,12.980703,13.339649,13.100351
2024-01-05,13.550000,2023-11-14,2023-09-30,-0.100000,-0.380000,-35.657895,-69.044493,37.338166,54.613913,40.425410,26.236907,12.048405,-2.140098,,,,,,,,,,13.250000,13.071667,13.193750,12.945417,13.250000,13.497088,13.002912,13.373544,13.126456
2024-01-08,13.500000,2023-11-14,2023-09-30,-0.100000,-0.380000,-35.526316,-68.113694,36.760666,53.821310,39.852257,25.883204,11.914151,-2.054902,,,,,,,,,,13.267500,13.078333,13.195833,12.950417,13.267500,13.533612,13.001388,13.400556,13.134444
2024-01-09,13.500000,2023-11-14,2023-09-30,-0.100000,-0.380000,-35.526316,-67.192154,36.170310,53.022454,39.277736,25.533019,11.788301,-1.956417,,,,,,,,,,13.280000,13.086667,13.198750,12.955417,13.280000,13.565436,12.994564,13.422718,13.137282
2024-01-10,13.450000,2023-11-14,2023-09-30,-0.100000,-0.380000,-35.394737,-66.278777,35.567851,52.217502,38.701719,25.185935,11.670152,-1.845632,,,,,,,,,,13.297500,13.095000,13.202083,12.960625,13.297500,13.579364,13.015636,13.438432,13.156568
2024-01-11,13.550000,2023-11-14,2023-09-30,-0.100000,-0.380000,-35.657895,-65.362963,34.918363,51.375882,38.106904,24.837926,11.568948,-1.700030,,,,,,,,,,13.312500,13.102500,13.205833,12.966458,13.312500,13.614903,13.010097,13.463701,13.161299
2024-01-12,13.450000,2023-11-14,2023-09-30,-0.100000,-0.380000,-35.394737,-64.444956,34.233734,50.506721,37.497902,24.489083,11.480265,-1.528554,,,,,,,,,,13.325000,13.110833,13.208750,12.971875,13.325000,13.628488,13.021512,13.476744,13.173256
2024-01-15,13.550000,2023-11-14,2023-09-30,-0.100000,-0.380000,-35.657895,-63.538402,33.530624,49.627867,36.886230,24.144593,11.402955,-1.338682,,,,,,,,,,13.342500,13.121667,13.213333,12.977292,13.342500,13.655844,13.029156,13.499172,13.185828
2024-01-16,13.500000,2023-11-14,2023-09-30,-0.100000,-0.380000,-35.526316,-62.640010,32.811228,48.739737,36.271470,23.803204,11.334937,-1.133329,,,,,,,,,,13.362500,13.130833,13.218333,12.982917,13.362500,13.661401,13.063599,13.511951,13.213049
2024-01-17,13.500000,2023-11-14,2023-09-30,-0.100000,-0.380000,-35.526316,-61.736988,32.038388,47.809231,35.634643,23.460056,11.285468,-0.889120,,,,,,,,,,13.380000,13.139167,13.222917,12.988125,13.380000,13.667274,13.092726,13.523637,13.236363
2024-01-18,13.300000,2023-11-14,2023-09-30,-0.100000,-0.380000,-35.000000,-60.834211,31.236109,46.856442,34.986721,23.117000,11.247279,-0.622442,,,,,,,,,,13.387500,13.145000,13.226250,12.992292,13.387500,13.656758,13.118242,13.522129,13.252871
2024-01-19,13.400000,2023-11-14,2023-09-30,-0.100000,-0.380000,-35.263158,-59.919737,30.344976,45.831682,34.300591,22.769500,11.238409,-0.292682,,,,,,,,,,13.397500,13.154167,13.229167,12.996875,13.397500,13.651883,13.143117,13.524691,13.270309
2024-01-22,13.350000,2023-11-14,2023-09-30,-0.100000,-0.380000,-35.131579,-58.985648,29.343706,44.715763,33.565155,22.414546,11.263938,0.113330,,,,,,,,,,13.405000,13.161667,13.230000,13.001042,13.405000,13.643195,13.166805,13.524097,13.285903
2024-01-23,13.300000,2023-11-14,2023-09-30,-0.100000,-0.380000,-35.000000,-58.041204,28.247195,43.523526,32.789592,22.055657,11.321723,0.587789,,,,,,,,,,13.410000,13.169167,13.229583,13.005000,13.410000,13.633842,13.186158,13.521921,13.298079
2024-01-24,13.350000,2023-11-14,2023-09-30,-0.100000,-0.380000,-35.131579,-57.070078,26.975952,42.188353,31.937491,21.686630,11.435768,1.184906,,,,,,,,,,13.417500,13.177500,13.227083,13.009583,13.417500,13.620828,13.214172,13.519164,13.315836
2024-01-25,13.500000,2023-11-14,2023-09-30,-0.100000,-0.380000,-35.526316,-56.102242,25.601955,40.776337,31.047595,21.318852,11.590109,1.861366,,,,,,,,,,13.427500,13.188333,13.225833,13.014375,13.427500,13.626114,13.228886,13.526807,13.328193
2024-01-26,13.700000,2023-11-14,2023-09-30,-0.100000,-0.380000,-36.052632,-55.111014,23.992832,39.176738,30.059462,20.942185,11.824909,2.707632,,,,,,,,,,13.447500,13.198333,13.223750,13.020208,13.447500,13.671048,13.223952,13.559274,13.335726
2024-01-29,13.700000,2023-11-14,2023-09-30,-0.100000,-0.380000,-36.052632,-54.124415,22.244318,37.472959,29.020119,20.567278,12.114437,3.661596,,,,,,,,,,13.467500,13.209167,13.222083,13.025417,13.467500,13.706522,13.228478,13.587011,13.347989
2024-01-30,13.700000,2023-11-14,2023-09-30,-0.100000,-0.380000,-36.052632,-53.147076,20.344080,35.657390,27.926639,20.195889,12.465139,4.734388,,,,,,,,,,13.485000,13.219167,13.221250,13.030625,13.485000,13.738606,13.231394,13.611803,13.358197
2024-01-31,13.650000,2023-11-14,2023-09-30,-0.100000,-0.380000,-35.921053,-52.154751,18.116444,33.587303,26.703054,19.818806,12.934557,6.050308,,,,,,,,,,13.502500,13.230000,13.218750,13.036042,13.502500,13.750598,13.254402,13.626549,13.378451
2024-02-01,13.650000,2023-11-14,2023-09-30,-0.100000,-0.380000,-35.921053,-51.176316,15.602200,31.304672,25.375836,19.447000,13.518164,7.589328,,,,,,,,,,13.507500,13.241667,13.217500,13.041458,13.507500,13.763532,13.251468,13.635516,13.379484
2024-02-02,13.700000,2023-11-14,2023-09-30,-0.100000,-0.380000,-36.052632,-50.908004,15.582954,31.188086,25.266564,19.345042,13.423519,7.501997,,,,,,,,,,13.515000,13.251667,13.217917,13.047083,13.515000,13.784698,13.245302,13.649849,13.380151
2024-02-05,13.500000,2023-11-14,2023-09-30,-0.100000,-0.380000,-35.526316,-50.635307,15.563238,31.069478,25.155447,19.241417,13.327386,7.413355,,,,,,,,,,13.515000,13.260833,13.216667,13.052083,13.515000,13.784698,13.245302,13.649849,13.380151
2024-02-15,13.600000,2023-11-14,2023-09-30,-0.100000,-0.380000,-35.789474,-50.368969,15.541348,30.951633,25.045921,19.140208,13.234496,7.328784,,,,,,,,,,13.520000,13.271667,13.217083,13.057292,13.520000,13.792223,13.247777,13.656111,13.383889
2024-02-16,13.950000,2023-11-14,2023-09-30,-0.100000,-0.380000,-36.710526,-50.108224,15.505496,30.825302,24.933213,19.041125,13.149037,7.256948,,,,,,,,,,13.545000,13.289167,13.220000,13.063958,13.545000,13.875709,13.214291,13.710354,13.379646
2024-02-19,14.100000,2023-11-14,2023-09-30,-0.100000,-0.380000,-37.105263,-49.844518,15.454798,30.686563,24.813740,18.940917,13.068093,7.195270,,,,,,,,,,13.572500,13.310000,13.222917,13.071042,13.572500,13.986053,13.158947,13.779277,13.365723
2024-02-20,14.050000,2023-11-14,2023-09-30,-0.100000,-0.380000,-36.973684,-49.581798,15.402879,30.547271,24.694177,18.841083,12.987989,7.134895,,,,,,,,,,13.602500,13.328333,13.225833,13.077708,13.602500,14.063020,13.141980,13.832760,13.372240
2024-02-21,14.000000,2023-11-14,2023-09-30,-0.100000,-0.380000,-36.842105,-49.324232,15.354863,30.412905,24.578056,18.743208,12.908360,7.073512,,,,,,,,,,13.625000,13.345833,13.229583,13.084167,13.625000,14.117576,13.132424,13.871288,13.378712
2024-02-22,13.950000,2023-11-14,2023-09-30,-0.100000,-0.380000,-36.710526,-49.057237,15.292674,30.264182,24.452966,18.641750,12.830534,7.019318,,,,,,,,,,13.647500,13.363333,13.231250,13.090417,13.647500,14.156860,13.138140,13.902180,13.392820
2024-02-23,13.950000,2023-11-14,2023-09-30,-0.100000,-0.380000,-36.710526,-48.790241,15.225509,30.111679,24.325985,18.540292,12.754598,6.968904,,,,,,,,,,13.670000,13.376667,13.232917,13.096667,13.670000,14.191536,13.148464,13.930768,13.409232
2024-02-26,13.950000,2023-11-14,2023-09-30,-0.100000,-0.380000,-36.710526,-48.531579,15.164238,29.966821,24.204410,18.442000,12.679590,6.917179,,,,,,,,,,13.702500,13.390833,13.236250,13.103333,13.702500,14.207710,13.197290,13.955105,13.449895
2024-02-27,13.900000,2023-11-14,2023-09-30,-0.100000,-0.380000,-36.578947,-48.271820,15.099101,29.818609,24.080950,18.343292,12.605633,6.867975,,,,,,,,,,13.727500,13.405833,13.239167,13.109167,13.727500,14.218980,13.236020,13.973240,13.481760
2024-02-29,13.850000,2023-11-14,2023-09-30,-0.100000,-0.380000,-36.447368,-48.008882,15.027225,29.664066,23.953720,18.243375,12.533030,6.822684,,,,,,,,,,13.752500,13.420833,13.241250,13.114375,13.752500,14.213020,13.291980,13.982760,13.522240
2024-03-01,13.850000,2023-11-14,2023-09-30,-0.100000,-0.380000,-36.447368,-47.748026,14.953168,29.508658,23.826454,18.144250,12.462046,6.779842,,,,,,,,,,13.780000,13.435833,13.243750,13.119583,13.780000,14.189621,13.370379,13.984811,13.575189
2024-03-04,13.750000,2023-11-14,2023-09-30,-0.100000,-0.380000,-36.184211,-47.489145,14.881443,29.355772,23.700823,18.045875,12.390927,6.735978,,,,,,,,,,13.800000,13.447500,13.246250,13.123958,13.800000,14.156887,13.443113,13.978444,13.621556
2024-03-05,13.650000,2023-11-14,2023-09-30,-0.100000,-0.380000,-35.921053,-47.230154,14.809298,29.202525,23.574992,17.947458,12.319925,6.692392,,,,,,,,,,13.807500,13.455833,13.248333,13.128125,13.807500,14.143537,13.471463,13.975519,13.639481
2024-03-06,13.650000,2023-11-14,2023-09-30,-0.100000,-0.380000,-35.921053,-46.975329,14.737849,29.051390,23.451008,17.850625,12.250242,6.649860,,,,,,,,,,13.805000,13.465833,13.251250,13.132292,13.805000,14.145124,13.464876,13.975062,13.634938
2024-03-07,13.550000,2023-11-14,2023-09-30,-0.100000,-0.380000,-35.657895,-46.724561,14.671572,28.905728,23.330531,17.755333,12.180136,6.604939,,,,,,,,,,13.797500,13.474167,13.254583,13.136250,13.797500,14.153612,13.441388,13.975556,13.619444
2024-03-08,13.450000,2023-11-14,2023-09-30,-0.100000,-0.380000,-35.394737,-46.473684,14.605065,28.759849,23.209925,17.660000,12.110075,6.560151,,,,,,,,,,13.785000,13.480833,13.257500,13.139792,13.785000,14.171754,13.398246,13.978377,13.591623
2024-03-11,13.400000,2023-11-14,2023-09-30,-0.100000,-0.380000,-35.263158,-46.225877,14.540215,28.616397,23.091115,17.565833,12.040551,6.515270,,,,,,,,,,13.772500,13.488333,13.260833,13.142708,13.772500,14.192368,13.352632,13.982434,13.562566
2024-03-12,13.600000,2023-11-14,2023-09-30,-0.100000,-0.380000,-35.789474,-45.984539,14.470344,28.471586,22.972856,17.474125,11.975394,6.476664,,,,,,,,,,13.770000,13.499167,13.266250,13.147708,13.770000,14.193519,13.346481,13.981760,13.558240
2024-03-13,13.750000,2023-11-14,2023-09-30,-0.100000,-0.380000,-36.184211,-45.742325,14.388184,28.317103,22.849593,17.382083,11.914573,6.447064,,,,,,,,,,13.772500,13.512500,13.272083,13.153333,13.772500,14.194868,13.350132,13.983684,13.561316
2024-03-14,13.550000,2023-11-14,2023-09-30,-0.100000,-0.380000,-35.657895,-45.489474,14.295504,28.150583,22.718292,17.286000,11.853708,6.421417,,,,,,,,,,13.775000,13.519167,13.275000,13.157917,13.775000,14.191122,13.358878,13.983061,13.566939
2024-03-15,13.650000,2023-11-14,2023-09-30,-0.100000,-0.380000,-35.921053,-45.247149,14.208193,27.992144,22.593030,17.193917,11.794803,6.395690,,,,,,,,,,13.777500,13.525833,13.280417,13.162708,13.777500,14.189779,13.365221,13.983639,13.571361
2024-03-18,13.550000,2023-11-14,2023-09-30,-0.100000,-0.380000,-35.657895,-45.000548,14.114597,27.827302,22.463755,17.100208,11.736661,6.373115,,,,,,,,,,13.757500,13.533333,13.284583,13.167083,13.757500,14.173338,13.341662,13.965419,13.549581
2024-03-19,13.550000,2023-11-14,2023-09-30,-0.100000,-0.380000,-35.657895,-44.760197,14.025045,27.667909,22.338392,17.008875,11.679358,6.349841,,,,,,,,,,13.730000,13.538333,13.290000,13.171042,13.730000,14.122562,13.337438,13.926281,13.533719
2024-03-20,13.600000,2023-11-14,2023-09-30,-0.100000,-0.380000,-35.789474,-44.525110,13.935987,27.510892,22.215217,16.919542,11.623867,6.328191,,,,,,,,,,13.707500,13.545000,13.296667,13.175000,13.707500,14.073524,13.341476,13.890512,13.524488
2024-03-21,13.500000,2023-11-14,2023-09-30,-0.100000,-0.380000,-35.526316,-44.279496,13.831433,27.338097,22.082153,16.826208,11.570264,6.314320,,,,,,,,,,13.682500,13.550000,13.300833,13.178333,13.682500,14.032350,13.332650,13.857425,13.507575
2024-03-22,13.400000,2023-11-14,2023-09-30,-0.100000,-0.380000,-35.263158,-44.027522,13.716542,27.155030,21.942744,16.730458,11.518172,6.305886,,,,,,,,,,13.655000,13.555000,13.303333,13.181667,13.655000,14.002775,13.307225,13.828887,13.481113
2024-03-25,13.450000,2023-11-14,2023-09-30,-0.100000,-0.380000,-35.394737,-43.778728,13.598623,26.970870,21.803393,16.635917,11.468440,6.300963,,,,,,,,,,13.630000,13.560000,13.306667,13.185208,13.630000,13.959912,13.300088,13.794956,13.465044
2024-03-26,13.400000,2023-11-14,2023-09-30,-0.100000,-0.380000,-35.263158,-43.520504,13.461848,26.768796,21.653294,16.537792,11.422290,6.306788,,,,,,,,,,13.602500,13.564167,13.307917,13.188750,13.602500,13.911105,13.293895,13.756802,13.448198
2024-03-27,13.400000,2023-11-14,2023-09-30,-0.100000,-0.380000,-35.263158,-43.260197,13.314974,26.558255,21.498565,16.438875,11.379185,6.319495,,,,,,,,,,13.577500,13.567500,13.308750,13.192292,13.577500,13.864911,13.290089,13.721206,13.433794
2024-03-28,13.450000,2023-11-14,2023-09-30,-0.100000,-0.380000,-35.394737,-43.000987,13.160627,26.342451,21.341413,16.340375,11.339337,6.338299,,,,,,,,,,13.557500,13.571667,13.310000,13.195833,13.557500,13.819627,13.295373,13.688563,13.426437
2024-03-29,13.450000,2023-11-14,2023-09-30,-0.100000,-0.380000,-35.394737,-42.741776,12.999236,26.121295,21.181585,16.241875,11.302165,6.362455,,,,,,,,,,13.537500,13.575833,13.311250,13.199167,13.537500,13.764320,13.310680,13.650910,13.424090
2024-04-01,13.600000,2024-03-31,2023-12-31,-0.060000,-0.390000,-34.871795,-42.476125,12.829100,26.572387,21.569038,16.565689,11.562340,6.558991,,,,,,,,,,13.530000,13.582500,13.313333,13.203125,13.530000,13.736219,13.323781,13.633110,13.426890
2024-04-02,13.600000,2024-03-31,2023-12-31,-0.060000,-0.390000,-34.871795,-42.216723,12.663084,26.341727,21.403125,16.464522,11.525919,6.587317,,,,,,,,,,13.527500,13.587500,13.316667,13.207292,13.527500,13.728746,13.326254,13.628123,13.426877
2024-04-03,13.700000,2024-03-31,2023-12-31,-0.060000,-0.390000,-35.128205,-41.963625,12.496231,26.112874,21.239344,16.365814,11.492284,6.618754,,,,,,,,,,13.530000,13.594167,13.321667,13.212083,13.530000,13.738756,13.321244,13.634378,13.425622
2024-04-08,13.650000,2024-03-31,2023-12-31,-0.060000,-0.390000,-35.000000,-41.711541,12.326493,25.882166,21.074833,16.267501,11.460169,6.652836,,,,,,,,,,13.535000,13.600000,13.326667,13.216250,13.535000,13.750455,13.319545,13.642728,13.427272
2024-04-09,13.600000,2024-03-31,2023-12-31,-0.060000,-0.390000,-34.871795,-41.456306,12.145554,25.641492,20.904726,16.167959,11.431193,6.694427,,,,,,,,,,13.542500,13.604167,13.330833,13.220000,13.542500,13.755931,13.329069,13.649215,13.435785
2024-04-10,13.500000,2024-03-31,2023-12-31,-0.060000,-0.390000,-34.615385,-41.196851,11.953256,25.390312,20.728542,16.066772,11.405002,6.743232,,,,,,,,,,13.547500,13.607500,13.333750,13.223125,13.547500,13.751345,13.343655,13.649422,13.445578
2024-04-11,13.450000,2024-03-31,2023-12-31,-0.060000,-0.390000,-34.487179,-40.934244,11.748166,25.127924,20.546140,15.964355,11.382571,6.800786,,,,,,,,,,13.540000,13.605833,13.335833,13.226250,13.540000,13.746729,13.333271,13.643364,13.436636
2024-04-12,13.600000,2024-03-31,2023-12-31,-0.060000,-0.390000,-34.871795,-40.674843,11.531723,24.857932,20.360560,15.863189,11.365817,6.868445,,,,,,,,,,13.532500,13.606667,13.339167,13.230000,13.532500,13.716820,13.348180,13.624660,13.440340
2024-04-15,13.400000,2024-03-31,2023-12-31,-0.060000,-0.390000,-34.358974,-40.415334,11.316759,24.589052,20.175516,15.761980,11.348444,6.934908,,,,,,,,,,13.525000,13.605000,13.341667,13.232917,13.525000,13.718309,13.331691,13.621655,13.428345
2024-04-16,13.200000,2024-03-31,2023-12-31,-0.060000,-0.390000,-33.846154,-40.155719,11.103363,24.321353,19.991042,15.660730,11.330419,7.000107,,,,,,,,,,13.502500,13.600000,13.343333,13.235208,13.502500,13.735275,13.269725,13.618888,13.386112
2024-04-17,13.300000,2024-03-31,2023-12-31,-0.060000,-0.390000,-34.102564,-39.900323,10.883188,24.050013,19.805569,15.561126,11.316683,7.072239,,,,,,,,,,13.490000,13.597500,13.346250,13.238333,13.490000,13.738363,13.241637,13.614182,13.365818
2024-04-18,13.450000,2024-03-31,2023-12-31,-0.060000,-0.390000,-34.487179,-39.641883,10.635581,23.756087,19.608211,15.460334,11.312458,7.164581,,,,,,,,,,13.485000,13.595833,13.349167,13.241250,13.485000,13.732301,13.237699,13.608651,13.361349
2024-04-19,13.500000,2024-03-31,2023-12-31,-0.060000,-0.390000,-34.615385,-39.390761,10.390701,23.467144,19.414770,15.362397,11.310023,7.257650,,,,,,,,,,13.480000,13.596667,13.353750,13.244583,13.480000,13.721487,13.238513,13.600743,13.359257
2024-04-22,13.400000,2024-03-31,2023-12-31,-0.060000,-0.390000,-34.358974,-39.139586,10.139907,23.173566,19.219002,15.264439,11.309875,7.355311,,,,,,,,,,13.475000,13.594167,13.357917,13.247083,13.475000,13.718872,13.231128,13.596936,13.353064
2024-04-23,13.300000,2024-03-31,2023-12-31,-0.060000,-0.390000,-34.102564,-38.884191,9.871851,22.864878,19.014856,15.164834,11.314812,7.464791,,,,,,,,,,13.470000,13.590833,13.360833,13.249583,13.470000,13.724227,13.215773,13.597114,13.342886
2024-04-24,13.450000,2024-03-31,2023-12-31,-0.060000,-0.390000,-34.487179,-38.629917,9.582240,22.539815,18.802741,15.065668,11.328594,7.591521,,,,,,,,,,13.470000,13.590000,13.364583,13.252917,13.470000,13.724227,13.215773,13.597114,13.342886
2024-04-25,13.300000,2024-03-31,2023-12-31,-0.060000,-0.390000,-34.102564,-38.374522,9.283993,22.207578,18.586821,14.966064,11.345306,7.724549,,,,,,,,,,13.465000,13.590000,13.367500,13.255417,13.465000,13.728778,13.201222,13.596889,13.333111
2024-04-26,13.450000,2024-03-31,2023-12-31,-0.060000,-0.390000,-34.487179,-38.126499,8.979482,21.873330,18.371332,14.869334,11.367337,7.865339,,,,,,,,,,13.467500,13.590833,13.372500,13.258125,13.467500,13.729627,13.205373,13.598563,13.336437
2024-04-29,13.500000,2024-03-31,2023-12-31,-0.060000,-0.390000,-34.615385,-37.877460,8.650265,21.519416,18.145813,14.772209,11.398606,8.025003,,,,,,,,,,13.470000,13.593333,13.377500,13.261042,13.470000,13.732378,13.207622,13.601189,13.338811
2024-04-30,13.350000,2024-03-31,2023-12-31,-0.060000,-0.390000,-34.230769,-37.627300,8.308496,21.155274,17.914960,14.674647,11.434334,8.194020,,,,,,,,,,13.465000,13.594167,13.381667,13.263750,13.465000,13.732739,13.197261,13.598870,13.331130
2024-05-02,13.350000,2024-03-31,2023-12-31,-0.060000,-0.390000,-34.230769,-37.377140,7.944112,20.773491,17.675288,14.577084,11.478881,8.380677,,,,,,,,,,13.452500,13.594167,13.385833,13.266042,13.452500,13.717025,13.187975,13.584763,13.320237
2024-05-03,13.400000,2024-03-31,2023-12-31,-0.060000,-0.390000,-34.358974,-37.128048,7.553436,20.371619,17.425779,14.479939,11.534099,8.588258,,,,,,,,,,13.442500,13.592500,13.390417,13.268542,13.442500,13.698532,13.186468,13.570516,13.314484
2024-05-06,13.500000,2024-03-31,2023-12-31,-0.060000,-0.390000,-34.615385,-36.870676,7.090573,19.910210,17.144887,14.379564,11.614240,8.848917,,,,,,,,,,13.432500,13.589167,13.393750,13.271250,13.432500,13.660246,13.204754,13.546373,13.318627
2024-05-07,13.550000,2024-03-31,2023-12-31,-0.060000,-0.390000,-34.743590,-36.616456,6.594022,19.423755,16.852086,14.280418,11.708749,9.137081,,,,,,,,,,13.427500,13.586667,13.397917,13.274167,13.427500,13.638949,13.216051,13.533224,13.321776
2024-05-08,13.450000,2024-03-31,2023-12-31,-0.060000,-0.390000,-34.487179,-36.358016,6.036662,18.888222,16.533924,14.179626,11.825328,9.471030,,,,,,,,,,13.420000,13.582500,13.400833,13.276250,13.420000,13.615744,13.224256,13.517872,13.322128
2024-05-09,13.450000,2024-03-31,2023-12-31,-0.060000,-0.390000,-34.487179,-36.103742,5.432466,18.317783,16.199121,14.080459,11.961798,9.843136,,,,,,,,,,13.417500,13.579167,13.404583,13.278333,13.417500,13.610196,13.224804,13.513848,13.321152
2024-05-10,13.450000,2024-03-31,2023-12-31,-0.060000,-0.390000,-34.487179,-35.851552,4.751174,17.688021,15.835063,13.982105,12.129148,10.276190,,,,,,,,,,13.417500,13.575833,13.408750,13.279792,13.417500,13.610196,13.224804,13.513848,13.321152
2024-05-13,13.350000,2024-03-31,2023-12-31,-0.060000,-0.390000,-34.230769,-35.590975,3.891072,16.915517,15.397998,13.880480,12.362962,10.845444,,,,,,,,,,13.405000,13.570000,13.410833,13.280833,13.405000,13.579416,13.230584,13.492208,13.317792
2024-05-14,13.300000,2024-03-31,2023-12-31,-0.060000,-0.390000,-34.102564,-35.335580,2.819280,15.979914,14.880395,13.780876,12.681357,11.581838,,,,,,,,,,13.400000,13.566667,13.413750,13.281250,13.400000,13.580642,13.219358,13.490321,13.309679
2024-05-15,13.350000,2024-05-15,2024-03-31,-0.140000,-0.410000,-32.560976,-35.067338,0.818423,15.048715,14.713162,14.377609,14.042055,13.706502,,,,,,,,,,13.407500,13.562500,13.417083,13.282083,13.407500,13.564025,13.250975,13.485762,13.329238
2024-05-16,13.250000,2024-05-15,2024-03-31,-0.140000,-0.410000,-32.317073,-35.053752,0.850089,15.069112,14.720575,14.372038,14.023502,13.674965,,,,,,,,,,13.405000,13.550833,13.420000,13.283542,13.405000,13.570116,13.239884,13.487558,13.322442
2024-05-17,13.300000,2024-05-15,2024-03-31,-0.140000,-0.410000,-32.439024,-35.042279,0.875838,15.085522,14.726428,14.367334,14.008241,13.649147,,,,,,,,,,13.397500,13.537500,13.423750,13.285417,13.397500,13.567562,13.227438,13.482531,13.312469
2024-05-20,13.250000,2024-05-15,2024-03-31,-0.140000,-0.410000,-32.317073,-35.027597,0.906359,15.104529,14.732922,14.361315,13.989707,13.618100,,,,,,,,,,13.385000,13.524167,13.426250,13.286875,13.385000,13.560019,13.209981,13.472509,13.297491
2024-05-21,13.250000,2024-05-15,2024-03-31,-0.140000,-0.410000,-32.317073,-35.012914,0.935653,15.122530,14.738912,14.355295,13.971677,13.588060,,,,,,,,,,13.377500,13.511667,13.428750,13.288333,13.377500,13.562390,13.192610,13.469945,13.285055
2024-05-22,13.300000,2024-05-15,2024-03-31,-0.140000,-0.410000,-32.439024,-35.000345,0.959905,15.137263,14.743702,14.350141,13.956581,13.563020,,,,,,,,,,13.377500,13.500833,13.432083,13.290208,13.377500,13.562390,13.192610,13.469945,13.285055
2024-05-23,13.250000,2024-05-15,2024-03-31,-0.140000,-0.410000,-32.317073,-34.981277,0.990072,15.154182,14.748253,14.342323,13.936394,13.530464,,,,,,,,,,13.367500,13.489167,13.432917,13.291875,13.367500,13.557445,13.177555,13.462472,13.272528
2024-05-24,13.300000,2024-05-15,2024-03-31,-0.140000,-0.410000,-32.439024,-34.964321,1.015923,15.168428,14.751900,14.335372,13.918843,13.502315,,,,,,,,,,13.367500,13.478333,13.434583,13.293750,13.367500,13.557445,13.177555,13.462472,13.272528
2024-05-27,13.250000,2024-05-15,2024-03-31,-0.140000,-0.410000,-32.317073,-34.948542,1.042095,15.183421,14.756161,14.328902,13.901643,13.474384,,,,,,,,,,13.357500,13.467500,13.436667,13.295417,13.357500,13.550196,13.164804,13.453848,13.261152
2024-05-28,13.250000,2024-05-15,2024-03-31,-0.140000,-0.410000,-32.317073,-34.933860,1.066574,15.197474,14.760178,14.322883,13.885587,13.448292,,,,,,,,,,13.345000,13.457500,13.439167,13.297083,13.345000,13.531096,13.158904,13.438048,13.251952
2024-05-29,13.450000,2024-05-15,2024-03-31,-0.140000,-0.410000,-32.804878,-34.923243,1.081395,15.205273,14.761901,14.318530,13.875158,13.431786,,,,,,,,,,13.350000,13.450833,13.443333,13.299792,13.350000,13.541943,13.158057,13.445971,13.254029
2024-05-30,13.300000,2024-05-15,2024-03-31,-0.140000,-0.410000,-32.439024,-34.907384,1.103713,15.217072,14.764550,14.312027,13.859505,13.406983,,,,,,,,,,13.347500,13.443333,13.445417,13.301250,13.347500,13.540741,13.154259,13.444121,13.250879
2024-05-31,13.400000,2024-05-15,2024-03-31,-0.140000,-0.410000,-32.682927,-34.891364,1.121935,15.225446,14.765453,14.305459,13.845466,13.385473,,,,,,,,,,13.347500,13.439167,13.447500,13.303333,13.347500,13.540741,13.154259,13.444121,13.250879
2024-06-03,13.350000,2024-05-15,2024-03-31,-0.140000,-0.410000,-32.560976,-34.876522,1.140884,15.234899,14.767137,14.299374,13.831611,13.363849,,,,,,,,,,13.340000,13.434167,13.450000,13.305000,13.340000,13.519473,13.160527,13.429736,13.250264
2024-06-04,13.150000,2024-05-15,2024-03-31,-0.140000,-0.410000,-32.073171,-34.857614,1.168288,15.249618,14.770620,14.291622,13.812624,13.333625,,,,,,,,,,13.320000,13.427500,13.450833,13.306667,13.320000,13.489830,13.150170,13.404915,13.235085
2024-06-05,13.350000,2024-05-15,2024-03-31,-0.140000,-0.410000,-32.560976,-34.842771,1.186072,15.258115,14.771825,14.285536,13.799247,13.312958,,,,,,,,,,13.315000,13.425833,13.453333,13.309375,13.315000,13.474275,13.155725,13.394637,13.235363
2024-06-06,13.250000,2024-05-15,2024-03-31,-0.140000,-0.410000,-32.317073,-34.828089,1.206338,15.268714,14.774115,14.279516,13.784918,13.290319,,,,,,,,,,13.305000,13.423333,13.455833,13.311042,13.305000,13.453324,13.156676,13.379162,13.230838
2024-06-07,13.350000,2024-05-15,2024-03-31,-0.140000,-0.410000,-32.560976,-34.815439,1.222115,15.276465,14.775397,14.274330,13.773263,13.272195,,,,,,,,,,13.300000,13.419167,13.459167,13.313125,13.300000,13.433771,13.166229,13.366886,13.233114
2024-06-11,13.400000,2024-05-15,2024-03-31,-0.140000,-0.410000,-32.682927,-34.803806,1.235753,15.282878,14.776219,14.269560,13.762901,13.256242,,,,,,,,,,13.302500,13.413333,13.462917,13.315625,13.302500,13.441954,13.163046,13.372227,13.232773
2024-06-12,13.300000,2024-05-15,2024-03-31,-0.140000,-0.410000,-32.439024,-34.785754,1.254360,15.290734,14.776447,14.262159,13.747871,13.233583,,,,,,,,,,13.302500,13.409167,13.464167,13.317500,13.302500,13.441954,13.163046,13.372227,13.232773
2024-06-13,13.250000,2024-05-15,2024-03-31,-0.140000,-0.410000,-32.317073,-34.764492,1.274410,15.298458,14.775950,14.253442,13.730934,13.208426,,,,,,,,,,13.297500,13.402500,13.464167,13.319167,13.297500,13.436954,13.158046,13.367227,13.227773
2024-06-14,13.350000,2024-05-15,2024-03-31,-0.140000,-0.410000,-32.560976,-34.748553,1.289944,15.304661,14.775784,14.246907,13.718030,13.189153,,,,,,,,,,13.302500,13.399167,13.466250,13.321250,13.302500,13.441954,13.163046,13.372227,13.232773
2024-06-17,13.600000,2024-05-15,2024-03-31,-0.140000,-0.410000,-33.170732,-34.734406,1.297903,15.305387,14.773247,14.241106,13.708966,13.176826,,,,,,,,,,13.317500,13.400000,13.469167,13.324583,13.317500,13.510196,13.124804,13.413848,13.221152
2024-06-18,13.750000,2024-05-15,2024-03-31,-0.140000,-0.410000,-33.536585,-34.724404,1.302501,15.305056,14.771031,14.237005,13.702980,13.168955,,,,,,,,,,13.342500,13.402500,13.473750,13.328542,13.342500,13.612539,13.072461,13.477519,13.207481
2024-06-19,13.850000,2024-05-15,2024-03-31,-0.140000,-0.410000,-33.780488,-34.716434,1.305347,15.304123,14.768930,14.233738,13.698546,13.163353,,,,,,,,,,13.372500,13.408333,13.479167,13.332083,13.372500,13.721144,13.023856,13.546822,13.198178
2024-06-20,13.950000,2024-05-15,2024-03-31,-0.140000,-0.410000,-34.024390,-34.712690,1.306693,15.303691,14.767947,14.232203,13.696459,13.160715,,,,,,,,,,13.405000,13.417500,13.486250,13.335625,13.405000,13.836521,12.973479,13.620761,13.189239
2024-06-21,13.950000,2024-05-15,2024-03-31,-0.140000,-0.410000,-34.024390,-34.707849,1.308169,15.302917,14.766568,14.230218,13.693869,13.157519,,,,,,,,,,13.440000,13.425833,13.492917,13.339583,13.440000,13.928392,12.951608,13.684196,13.195804
2024-06-24,14.900000,2024-05-15,2024-03-31,-0.140000,-0.410000,-36.341463,-34.722318,1.316599,15.315761,14.775956,14.236150,13.696345,13.156539,,,,,,,,,,13.520000,13.450833,13.507500,13.347292,13.520000,14.330068,12.709932,13.925034,13.114966
2024-06-25,15.600000,2024-05-15,2024-03-31,-0.140000,-0.410000,-38.048780,-34.749917,1.351166,15.355422,14.801444,14.247466,13.693488,13.139510,,,,,,,,,,13.637500,13.487500,13.527500,13.357292,13.637500,14.859610,12.415390,14.248555,13.026445
2024-06-26,15.500000,2024-05-15,2024-03-31,-0.140000,-0.410000,-37.804878,-34.775484,1.379643,15.389256,14.823602,14.257948,13.692295,13.126641,,,,,,,,,,13.750000,13.521667,13.546667,13.366667,13.750000,15.212514,12.287486,14.481257,13.018743
2024-06-27,15.000000,2024-05-15,2024-03-31,-0.140000,-0.410000,-36.585366,-34.790888,1.389493,15.403648,14.833956,14.264264,13.694572,13.124880,,,,,,,,,,13.827500,13.547500,13.561667,13.373750,13.827500,15.384310,12.270690,14.605905,13.049095
2024-06-28,14.950000,2024-05-15,2024-03-31,-0.140000,-0.410000,-36.463415,-34.805276,1.397843,15.416394,14.843279,14.270163,13.697048,13.123932,,,,,,,,,,13.910000,13.570000,13.576250,13.380417,13.910000,15.522974,12.297026,14.716487,13.103513
2024-07-01,15.250000,2024-05-15,2024-03-31,-0.140000,-0.410000,-37.195122,-34.823569,1.414674,15.437696,14.857680,14.277663,13.697647,13.117631,,,,,,,,,,14.002500,13.597500,13.592500,13.388125,14.002500,15.702183,12.302817,14.852341,13.152659
2024-07-02,14.800000,2024-05-15,2024-03-31,-0.140000,-0.410000,-36.097561,-34.832715,1.419365,15.445292,14.863353,14.281413,13.699474,13.117534,,,,,,,,,,14.075000,13.615833,13.605000,13.394792,14.075000,15.781181,12.368819,14.928090,13.221910
2024-07-03,15.400000,2024-05-15,2024-03-31,-0.140000,-0.410000,-37.560976,-34.854057,1.440990,15.471775,14.880969,14.290163,13.699358,13.108552,,,,,,,,,,14.187500,13.645000,13.622500,13.403750,14.187500,15.933134,12.441866,15.060317,13.314683
2024-07-04,15.450000,2024-05-15,2024-03-31,-0.140000,-0.410000,-37.682927,-34.875318,1.463761,15.499164,14.899022,14.298880,13.698738,13.098596,,,,,,,,,,14.292500,13.675833,13.640000,13.412917,14.292500,16.078196,12.506804,15.185348,13.399652
2024-07-05,15.550000,2024-05-15,2024-03-31,-0.140000,-0.410000,-37.926829,-34.899708,1.490005,15.530685,14.919783,14.308880,13.697978,13.087076,,,,,,,,,,14.407500,13.710000,13.658750,13.422500,14.407500,16.206703,12.608297,15.307102,13.507898
2024-07-08,15.300000,2024-05-15,2024-03-31,-0.140000,-0.410000,-37.317073,-34.913535,1.504725,15.548424,14.931487,14.314549,13.697612,13.080675,,,,,,,,,,14.505000,13.740833,13.673333,13.431875,14.505000,16.274002,12.735998,15.389501,13.620499
2024-07-09,15.200000,2024-05-15,2024-03-31,-0.140000,-0.410000,-37.073171,-34.925329,1.516112,15.562597,14.940991,14.319385,13.697779,13.076173,,,,,,,,,,14.595000,13.767500,13.687083,13.440417,14.595000,16.309612,12.880388,15.452306,13.737694
2024-07-10,15.050000,2024-05-15,2024-03-31,-0.140000,-0.410000,-36.707317,-34.935171,1.523859,15.572985,14.948202,14.323420,13.698638,13.073855,,,,,,,,,,14.682500,13.795000,13.700000,13.447917,14.682500,16.294388,13.070612,15.488444,13.876556
2024-07-11,15.100000,2024-05-15,2024-03-31,-0.140000,-0.410000,-36.829268,-34.946028,1.532723,15.584705,14.956288,14.327872,13.699455,13.071039,,,,,,,,,,14.775000,13.826667,13.713333,13.456042,14.775000,16.247020,13.302980,15.511010,14.038990
2024-07-12,15.100000,2024-05-15,2024-03-31,-0.140000,-0.410000,-36.829268,-34.957983,1.541819,15.597065,14.964919,14.332773,13.700627,13.068481,,,,,,,,,,14.862500,13.856667,13.727083,13.464583,14.862500,16.177545,13.547455,15.520022,14.204978
2024-07-15,14.950000,2024-05-15,2024-03-31,-0.140000,-0.410000,-36.463415,-34.964696,1.546638,15.603769,14.969647,14.335525,13.701404,13.067282,,,,,,,,,,14.930000,13.881667,13.738750,13.472292,14.930000,16.103120,13.756880,15.516560,14.343440
2024-07-16,14.900000,2024-05-15,2024-03-31,-0.140000,-0.410000,-36.341463,-34.972585,1.551258,15.610791,14.974776,14.338760,13.702744,13.066728,,,,,,,,,,14.987500,13.905000,13.750833,13.479792,14.987500,16.021590,13.953410,15.504545,14.470455
2024-07-17,14.950000,2024-05-15,2024-03-31,-0.140000,-0.410000,-36.463415,-34.979298,1.555984,15.617419,14.979466,14.341512,13.703559,13.065605,,,,,,,,,,15.042500,13.930833,13.762500,13.487917,15.042500,15.928220,14.156780,15.485360,14.599640
2024-07-18,14.800000,2024-05-15,2024-03-31,-0.140000,-0.410000,-36.097561,-34.984058,1.558543,15.621469,14.982467,14.343464,13.704461,13.065458,,,,,,,,,,15.085000,13.955833,13.773333,13.495833,15.085000,15.818485,14.351515,15.451742,14.718258
2024-07-19,14.600000,2024-05-15,2024-03-31,-0.140000,-0.410000,-35.609756,-34.984753,1.558806,15.621970,14.982859,14.343749,13.704638,13.065528,,,,,,,,,,15.117500,13.975000,13.782500,13.502708,15.117500,15.675952,14.559048,15.396726,14.838274
2024-07-22,14.300000,2024-05-15,2024-03-31,-0.140000,-0.410000,-34.878049,-34.983737,1.558836,15.621577,14.982455,14.343332,13.704210,13.065087,,,,,,,,,,15.087500,13.991667,13.790833,13.508542,15.087500,15.749932,14.425068,15.418716,14.756284
2024-07-23,14.500000,2024-05-15,2024-03-31,-0.140000,-0.410000,-35.365854,-34.984593,1.559019,15.622078,14.982881,14.343683,13.704485,13.065288,,,,,,,,,,15.032500,14.009167,13.800000,13.514583,15.032500,15.698418,14.366582,15.365459,14.699541
2024-07-26,14.200000,2024-05-15,2024-03-31,-0.140000,-0.410000,-34.634146,-34.980448,1.559286,15.620598,14.981291,14.341984,13.702676,13.063369,,,,,,,,,,14.967500,14.020833,13.807083,13.518542,14.967500,15.692450,14.242550,15.329975,14.605025
2024-07-29,14.150000,2024-05-15,2024-03-31,-0.140000,-0.410000,-34.512195,-34.976383,1.559870,15.619410,14.979864,14.340317,13.700770,13.061223,,,,,,,,,,14.925000,14.034167,13.814167,13.521875,14.925000,15.736431,14.113569,15.330716,14.519284
2024-07-30,14.350000,2024-05-15,2024-03-31,-0.140000,-0.410000,-35.000000,-34.975286,1.559806,15.618908,14.979388,14.339867,13.700347,13.060826,,,,,,,,,,14.895000,14.050833,13.822500,13.524792,14.895000,15.745944,14.044056,15.320472,14.469528
2024-07-31,14.550000,2024-05-15,2024-03-31,-0.140000,-0.410000,-35.487805,-34.974965,1.559696,15.618686,14.979211,14.339736,13.700260,13.060785,,,,,,,,,,14.860000,14.070000,13.831250,13.528542,14.860000,15.707038,14.012962,15.283519,14.436481
2024-08-01,15.150000,2024-05-15,2024-03-31,-0.140000,-0.410000,-36.951220,-34.982453,1.567053,15.627789,14.985298,14.342806,13.700314,13.057822,,,,,,,,,,14.877500,14.097500,13.843333,13.533542,14.877500,15.733731,14.021269,15.305616,14.449384
2024-08-02,15.450000,2024-05-15,2024-03-31,-0.140000,-0.410000,-37.682927,-34.996039,1.583391,15.646757,14.997566,14.348376,13.699186,13.049995,,,,,,,,,,14.880000,14.129167,13.857917,13.540000,14.880000,15.742920,14.017080,15.311460,14.448540
2024-08-05,14.450000,2024-05-15,2024-03-31,-0.140000,-0.410000,-35.243902,-34.989300,1.580575,15.641684,14.993649,14.345613,13.697577,13.049542,,,,,,,,,,14.830000,14.145833,13.864167,13.542708,14.830000,15.669423,13.990577,15.249712,14.410288
2024-08-06,15.850000,2024-05-15,2024-03-31,-0.140000,-0.410000,-38.658537,-35.012112,1.613547,15.678074,15.016520,14.354966,13.693412,13.031858,,,,,,,,,,14.845000,14.185833,13.882500,13.550625,14.845000,15.746986,13.943014,15.295993,14.394007
2024-08-07,17.400000,2024-05-15,2024-03-31,-0.140000,-0.410000,-42.439024,-35.066429,1.748467,15.810979,15.094107,14.377236,13.660364,12.943493,,,,,,,,,,14.950000,14.251667,13.913750,13.565625,14.950000,16.398411,13.501589,15.674206,14.225794
2024-08-08,17.200000,2024-05-15,2024-03-31,-0.140000,-0.410000,-41.951220,-35.115583,1.856030,15.919334,15.158362,14.397389,13.636417,12.875444,,,,,,,,,,15.050000,14.315833,13.942917,13.580417,15.050000,16.813071,13.286929,15.931536,14.168464
2024-08-09,16.850000,2024-05-15,2024-03-31,-0.140000,-0.410000,-41.097561,-35.162011,1.934416,16.002645,15.209535,14.416424,13.623314,12.830203,,,,,,,,,,15.140000,14.375000,13.970833,13.593750,15.140000,17.078149,13.201851,16.109074,14.170926
2024-08-12,18.500000,2024-05-15,2024-03-31,-0.140000,-0.410000,-45.121951,-35.239781,2.136861,16.200536,15.324423,14.448310,13.572197,12.696085,,,,,,,,,,15.310000,14.460833,14.011667,13.614375,15.310000,17.761766,12.858234,16.535883,14.084117
2024-08-13,19.050000,2024-05-15,2024-03-31,-0.140000,-0.410000,-46.463415,-35.321055,2.366412,16.422091,15.451862,14.481633,13.511404,12.541175,,,,,,,,,,15.507500,14.557500,14.054167,13.637083,15.507500,18.471011,12.543989,16.989255,14.025745
2024-08-14,19.800000,2024-08-14,2024-06-30,-0.100000,-0.400000,-49.500000,-35.424345,2.692922,16.324076,15.246907,14.169738,13.092569,12.015400,,,,,,,,,,15.750000,14.665833,14.101667,13.662292,15.750000,19.264032,12.235968,17.507016,13.992984
2024-08-15,19.900000,2024-08-14,2024-06-30,-0.100000,-0.400000,-49.750000,-35.530814,2.990786,16.604954,15.408640,14.212326,13.016011,11.819697,,,,,,,,,,16.000000,14.776667,14.150417,13.688125,16.000000,19.944483,12.055517,17.972242,14.027758
2024-08-16,19.300000,2024-08-14,2024-06-30,-0.100000,-0.400000,-48.250000,-35.625880,3.206355,16.815436,15.532894,14.250352,12.967810,11.685268,,,,,,,,,,16.217500,14.877500,14.194583,13.712083,16.217500,20.391262,12.043738,18.304381,14.130619
2024-08-19,19.900000,2024-08-14,2024-06-30,-0.100000,-0.400000,-49.750000,-35.734542,3.454753,17.057619,15.675718,14.293817,12.911916,11.530015,,,,,,,,,,16.472500,14.987500,14.244167,13.737708,16.472500,20.897248,12.047752,18.684874,14.260126
2024-08-20,19.300000,2024-08-14,2024-06-30,-0.100000,-0.400000,-48.250000,-35.830704,3.637892,17.242596,15.787439,14.332282,12.877125,11.421968,,,,,,,,,,16.707500,15.088333,14.288750,13.760833,16.707500,21.212033,12.202967,18.959766,14.455234
2024-08-21,18.900000,2024-08-14,2024-06-30,-0.100000,-0.400000,-47.250000,-35.918533,3.783620,17.394309,15.880861,14.367413,12.853965,11.340518,,,,,,,,,,16.937500,15.181667,14.330000,13.783125,16.937500,21.393941,12.481059,19.165721,14.709279
2024-08-22,20.750000,2024-08-14,2024-06-30,-0.100000,-0.400000,-51.875000,-36.046000,4.054047,17.661638,16.040019,14.418400,12.796781,11.175162,,,,,,,,,,17.250000,15.306667,14.387083,13.813125,17.250000,21.860628,12.639372,19.555314,14.944686
2024-08-23,22.800000,2024-08-14,2024-06-30,-0.100000,-0.400000,-57.000000,-36.217272,4.482636,18.073018,16.279963,14.486909,12.693854,10.900800,,,,,,,,,,17.680000,15.465833,14.461667,13.851458,17.680000,22.680568,12.679432,20.180284,15.179716
2024-08-26,23.500000,2024-08-14,2024-06-30,-0.100000,-0.400000,-58.750000,-36.403128,4.932072,18.506909,16.534080,14.561251,12.588422,10.615593,,,,,,,,,,18.147500,15.633333,14.542083,13.892917,18.147500,23.494755,12.800245,20.821127,15.473873
2024-08-27,24.500000,2024-08-14,2024-06-30,-0.100000,-0.400000,-61.250000,-36.612009,5.428526,18.987625,16.816214,14.644804,12.473393,10.301983,,,,,,,,,,18.655000,15.820000,14.631667,13.938958,18.655000,24.396804,12.913196,21.525902,15.784098
2024-08-28,25.400000,2024-08-14,2024-06-30,-0.100000,-0.400000,-63.500000,-36.841834,5.957092,19.502407,17.119570,14.736733,12.353897,9.971060,,,,,,,,,,19.197500,16.020000,14.729583,13.988958,19.197500,25.342372,13.052628,22.269936,16.125064
2024-08-29,24.600000,2024-08-14,2024-06-30,-0.100000,-0.400000,-61.500000,-37.054992,6.367375,19.915896,17.368947,14.821997,12.275047,9.728097,,,,,,,,,,19.670000,16.207500,14.820833,14.036042,19.670000,25.956108,13.383892,22.813054,16.526946
2024-08-30,24.200000,2024-08-14,2024-06-30,-0.100000,-0.400000,-60.500000,-37.262009,6.715870,20.277499,17.591152,14.904804,12.218456,9.532108,,,,,,,,,,20.107500,16.391667,14.909583,14.082083,20.107500,26.374899,13.840101,23.241199,16.973801
2024-09-02,23.450000,2024-08-14,2024-06-30,-0.100000,-0.400000,-58.625000,-37.455595,6.990774,20.574857,17.778547,14.982238,12.185928,9.389619,,,,,,,,,,20.557500,16.560000,14.992917,14.125208,20.557500,26.391996,14.723004,23.474748,17.640252
2024-09-03,23.950000,2024-08-14,2024-06-30,-0.100000,-0.400000,-59.875000,-37.660693,7.280926,20.889018,17.976648,15.064277,12.151907,9.239536,,,,,,,,,,20.962500,16.738333,15.080833,14.170833,20.962500,26.539981,15.385019,23.751240,18.173760
2024-09-04,22.400000,2024-08-14,2024-06-30,-0.100000,-0.400000,-56.000000,-37.829114,7.468612,21.106535,18.119090,15.131646,12.144201,9.156756,,,,,,,,,,21.212500,16.889167,15.154167,14.210208,21.212500,26.561172,15.863828,23.886836,18.538164
2024-09-05,23.650000,2024-08-14,2024-06-30,-0.100000,-0.400000,-59.125000,-38.020288,7.715674,21.380654,18.294384,15.208115,12.121846,9.035576,,,,,,,,,,21.535000,17.060000,15.236667,14.254375,21.535000,26.637125,16.432875,24.086063,18.983937
2024-09-06,22.800000,2024-08-14,2024-06-30,-0.100000,-0.400000,-57.000000,-38.198139,7.904427,21.602797,18.441026,15.279255,12.117485,8.955714,,,,,,,,,,21.832500,17.218333,15.313750,14.294375,21.832500,26.455813,17.209187,24.144157,19.520843
2024-09-09,23.050000,2024-08-14,2024-06-30,-0.100000,-0.400000,-57.625000,-38.379005,8.097830,21.829866,18.590734,15.351602,12.112470,8.873338,,,,,,,,,,22.060000,17.381667,15.392083,14.336250,22.060000,26.433918,17.686082,24.246959,19.873041
2024-09-10,22.550000,2024-08-14,2024-06-30,-0.100000,-0.400000,-56.375000,-38.551647,8.258575,22.027519,18.724089,15.420659,12.117229,8.813799,,,,,,,,,,22.235000,17.535000,15.467083,14.375833,22.235000,26.375697,18.094303,24.305348,20.164652
2024-09-11,22.300000,2024-08-14,2024-06-30,-0.100000,-0.400000,-55.750000,-38.719082,8.401844,22.209108,18.848370,15.487633,12.126895,8.766157,,,,,,,,,,22.360000,17.680000,15.540000,14.415000,22.360000,26.338971,18.381029,24.349486,20.370514
2024-09-12,21.750000,2024-08-14,2024-06-30,-0.100000,-0.400000,-54.375000,-38.873961,8.517888,22.363894,18.956739,15.549584,12.142429,8.735274,,,,,,,,,,22.452500,17.813333,15.607917,14.452292,22.452500,26.273560,18.631440,24.363030,20.541970
2024-09-13,21.800000,2024-08-14,2024-06-30,-0.100000,-0.400000,-54.500000,-39.032075,8.630579,22.517293,19.065062,15.612830,12.160598,8.708367,,,,,,,,,,22.577500,17.945833,15.677083,14.488958,22.577500,26.117568,19.037432,24.347534,20.807466
2024-09-16,21.750000,2024-08-14,2024-06-30,-0.100000,-0.400000,-54.375000,-39.191340,8.736140,22.665448,19.170992,15.676536,12.182080,8.687624,,,,,,,,,,22.670000,18.075833,15.746667,14.525000,22.670000,26.006307,19.333693,24.338154,21.001846
2024-09-18,23.900000,2024-08-14,2024-06-30,-0.100000,-0.400000,-59.750000,-39.394301,8.928003,22.900123,19.328921,15.757720,12.186519,8.615318,,,,,,,,,,22.900000,18.241667,15.833750,14.570208,22.900000,25.872506,19.927494,24.386253,21.413747
2024-09-19,26.250000,2024-08-14,2024-06-30,-0.100000,-0.400000,-65.625000,-39.647316,9.234890,23.246838,19.552882,15.858926,12.164970,8.471014,,,,,,,,,,23.267500,18.430833,15.940833,14.624375,23.267500,25.962188,20.572812,24.614844,21.920156
2024-09-20,28.800000,2024-08-14,2024-06-30,-0.100000,-0.400000,-72.000000,-39.953457,9.686224,23.730362,19.855872,15.981383,12.106893,8.232404,,,,,,,,,,23.670000,18.650833,16.069167,14.688958,23.670000,27.088895,20.251105,25.379447,21.960553
2024-09-23,27.600000,2024-08-14,2024-06-30,-0.100000,-0.400000,-69.000000,-40.233500,10.032903,24.119722,20.106561,16.093400,12.080239,8.067078,,,,,,,,,,23.910000,18.852500,16.187083,14.748542,23.910000,27.722942,20.097058,25.816471,22.003529
2024-09-24,27.700000,2024-08-14,2024-06-30,-0.100000,-0.400000,-69.250000,-40.515628,10.366166,24.499184,20.352717,16.206251,12.059785,7.913318,,,,,,,,,,24.120000,19.064167,16.305833,14.808542,24.120000,28.284310,19.955690,26.202155,22.037845
2024-09-25,27.850000,2024-08-14,2024-06-30,-0.100000,-0.400000,-69.625000,-40.805238,10.687646,24.872212,20.597153,16.322095,12.047037,7.771978,,,,,,,,,,24.287500,19.279167,16.424583,14.868958,24.287500,28.773252,19.801748,26.530376,22.044624
2024-09-26,28.000000,2024-08-14,2024-06-30,-0.100000,-0.400000,-70.000000,-41.097973,11.000272,25.239407,20.839298,16.439189,12.039080,7.638971,,,,,,,,,,24.417500,19.491667,16.544583,14.930625,24.417500,29.181098,19.653902,26.799299,22.035701
2024-09-27,27.850000,2024-08-14,2024-06-30,-0.100000,-0.400000,-69.625000,-41.385446,11.289896,25.586095,21.070137,16.554178,12.038220,7.522261,,,,,,,,,,24.580000,19.709167,16.662500,14.992083,24.580000,29.585408,19.574592,27.082704,22.077296
2024-09-30,27.650000,2024-08-14,2024-06-30,-0.100000,-0.400000,-69.125000,-41.669821,11.554385,25.911436,21.289682,16.667928,12.046174,7.424420,,,,,,,,,,24.752500,19.913333,16.779167,15.052917,24.752500,29.937344,19.567656,27.344922,22.160078
2024-10-01,27.800000,2024-08-14,2024-06-30,-0.100000,-0.400000,-69.500000,-41.958389,11.812707,26.233522,21.508439,16.783356,12.058273,7.333190,,,,,,,,,,24.970000,20.119167,16.897500,15.114167,24.970000,30.288033,19.651967,27.629016,22.310984
2024-10-04,27.700000,2024-08-14,2024-06-30,-0.100000,-0.400000,-69.250000,-42.247011,12.052470,26.540781,21.719793,16.898804,12.077816,7.256828,,,,,,,,,,25.157500,20.321667,17.015833,15.174792,25.157500,30.587366,19.727634,27.872433,22.442567
2024-10-07,24.950000,2024-08-14,2024-06-30,-0.100000,-0.400000,-62.375000,-42.479410,12.169884,26.727671,21.859717,16.991764,12.123810,7.255857,,,,,,,,,,25.285000,20.482500,17.111667,15.223750,25.285000,30.559776,20.010224,27.922388,22.647612
2024-10-08,25.000000,2024-08-14,2024-06-30,-0.100000,-0.400000,-62.500000,-42.709645,12.285542,26.912291,21.998075,17.083858,12.169641,7.255425,,,,,,,,,,25.352500,20.645833,17.206667,15.272917,25.352500,30.573457,20.131543,27.962979,22.742021
2024-10-09,24.350000,2024-08-14,2024-06-30,-0.100000,-0.400000,-60.875000,-42.930612,12.372237,27.070034,22.121139,17.172245,12.223350,7.274455,,,,,,,,,,25.430000,20.800833,17.297917,15.319792,25.430000,30.536178,20.323822,27.983089,22.876911
2024-10-11,24.400000,2024-08-14,2024-06-30,-0.100000,-0.400000,-61.000000,-43.156894,12.452744,27.224952,22.243855,17.262757,12.281660,7.300563,,,,,,,,,,25.497500,20.955833,17.391250,15.367292,25.497500,30.505964,20.489036,28.001732,22.993268
2024-10-14,24.450000,2024-08-14,2024-06-30,-0.100000,-0.400000,-61.125000,-43.382081,12.531713,27.378202,22.365517,17.352832,12.340147,7.327462,,,,,,,,,,25.592500,21.111667,17.484167,15.415208,25.592500,30.434887,20.750113,28.013693,23.171307
2024-10-15,26.850000,2024-08-14,2024-06-30,-0.100000,-0.400000,-67.125000,-43.654062,12.690215,27.613797,22.537711,17.461625,12.385539,7.309453,,,,,,,,,,25.820000,21.310000,17.595833,15.472500,25.820000,30.433185,21.206815,28.126592,23.513408
2024-10-16,29.200000,2024-08-14,2024-06-30,-0.100000,-0.400000,-73.000000,-43.973934,12.941742,27.942967,22.766270,17.589574,12.412877,7.236180,,,,,,,,,,26.192500,21.548333,17.726667,15.540208,26.192500,30.621385,21.763615,28.406943,23.978057
2024-10-17,28.250000,2024-08-14,2024-06-30,-0.100000,-0.400000,-70.625000,-44.276151,13.137292,28.220294,22.965377,17.710460,12.455544,7.200627,,,,,,,,,,26.515000,21.770000,17.850417,15.604167,26.515000,30.515803,22.514197,28.515401,24.514599
2024-10-18,28.750000,2024-08-14,2024-06-30,-0.100000,-0.400000,-71.875000,-44.590921,13.342398,28.510287,23.173328,17.836369,12.499409,7.162450,,,,,,,,,,26.865000,22.002500,17.979167,15.670000,26.865000,30.294608,23.435392,28.579804,25.150196
2024-10-21,28.100000,2024-08-14,2024-06-30,-0.100000,-0.400000,-70.250000,-44.888945,13.513135,28.766086,23.360832,17.955578,12.550324,7.145070,,,,,,,,,,27.075000,22.227500,18.101250,15.732917,27.075000,30.244675,23.905325,28.659838,25.490162
2024-10-22,28.100000,2024-08-14,2024-06-30,-0.100000,-0.400000,-70.250000,-45.190174,13.672620,29.014165,23.545117,18.076069,12.607022,7.137974,,,,,,,,,,27.167500,22.457500,18.224583,15.796042,27.167500,30.343773,23.991227,28.755637,25.579363
2024-10-23,27.600000,2024-08-14,2024-06-30,-0.100000,-0.400000,-69.000000,-45.477780,13.807911,29.237441,23.714277,18.191112,12.667948,7.144783,,,,,,,,,,27.107500,22.675833,18.342500,15.857500,27.107500,30.198110,24.016890,28.652805,25.562195
2024-10-24,27.200000,2024-08-14,2024-06-30,-0.100000,-0.400000,-68.000000,-45.755986,13.923054,29.440838,23.871616,18.302394,12.733173,7.163951,,,,,,,,,,27.087500,22.892500,18.456667,15.917083,27.087500,30.169856,24.005144,28.628678,25.546322
2024-10-25,28.200000,2024-08-14,2024-06-30,-0.100000,-0.400000,-70.500000,-46.058229,14.063719,29.674267,24.048779,18.423292,12.797804,7.172316,,,,,,,,,,27.112500,23.126667,18.580417,15.981042,27.112500,30.223749,24.001251,28.668124,25.556876
2024-10-28,27.600000,2024-08-14,2024-06-30,-0.100000,-0.400000,-69.000000,-46.347973,14.175715,29.879761,24.209475,18.539189,12.868903,7.198617,,,,,,,,,,27.100000,23.347500,18.699167,16.042500,27.100000,30.200764,23.999236,28.650382,25.549618
2024-10-29,25.050000,2024-08-14,2024-06-30,-0.100000,-0.400000,-62.625000,-46.583523,14.209626,30.001110,24.317260,18.633409,12.949559,7.265708,,,,,,,,,,26.952500,23.522500,18.796250,16.093333,26.952500,30.152085,23.752915,28.552292,25.352708
2024-10-30,25.300000,2024-08-14,2024-06-30,-0.100000,-0.400000,-63.250000,-46.822145,14.247337,30.126727,24.427793,18.728858,13.029923,7.330988,,,,,,,,,,26.825000,23.691667,18.894583,16.144167,26.825000,30.076801,23.573199,28.450901,25.199099
2024-11-01,26.000000,2024-08-14,2024-06-30,-0.100000,-0.400000,-65.000000,-47.074281,14.299415,30.269245,24.549479,18.829713,13.109946,7.390180,,,,,,,,,,26.742500,23.867500,18.998333,16.198125,26.742500,29.989892,23.495108,28.366196,25.118804
2024-11-04,25.650000,2024-08-14,2024-06-30,-0.100000,-0.400000,-64.125000,-47.321263,14.336090,30.397377,24.662941,18.928505,13.194069,7.459634,,,,,,,,,,26.635000,24.054167,19.100000,16.250417,26.635000,29.877335,23.392665,28.256168,25.013832
2024-11-05,25.850000,2024-08-14,2024-06-30,-0.100000,-0.400000,-64.625000,-47.572412,14.373303,30.527607,24.778286,19.028965,13.279643,7.530322,,,,,,,,,,26.542500,24.220833,19.203333,16.303958,26.542500,29.762385,23.322615,28.152442,24.932558
2024-11-06,25.650000,2024-08-14,2024-06-30,-0.100000,-0.400000,-64.125000,-47.819394,14.401177,30.648699,24.888228,19.127757,13.367287,7.606816,,,,,,,,,,26.577500,24.358333,19.305000,16.356875,26.577500,29.739191,23.415809,28.158345,24.996655
2024-11-07,26.000000,2024-08-14,2024-06-30,-0.100000,-0.400000,-65.000000,-48.075804,14.431090,30.775194,25.002758,19.230322,13.457886,7.685450,,,,,,,,,,26.627500,24.505000,19.410417,16.410625,26.627500,29.714907,23.540093,28.171203,25.083797
2024-11-08,26.200000,2024-08-14,2024-06-30,-0.100000,-0.400000,-65.500000,-48.337449,14.460216,30.903152,25.119066,19.334980,13.550893,7.766807,,,,,,,,,,26.720000,24.660833,19.517917,16.465833,26.720000,29.625603,23.814397,28.172801,25.267199
2024-11-11,25.700000,2024-08-14,2024-06-30,-0.100000,-0.400000,-64.250000,-48.601524,14.459037,31.007839,25.224225,19.440610,13.656995,7.873380,,,,,,,,,,26.785000,24.780833,19.620833,16.518958,26.785000,29.525553,24.044447,28.155277,25.414723
2024-11-12,26.000000,2024-08-14,2024-06-30,-0.100000,-0.400000,-65.000000,-48.873882,14.457533,31.115580,25.332566,19.549553,13.766540,7.983526,,,,,,,,,,26.862500,24.896667,19.727083,16.573542,26.862500,29.405576,24.319424,28.134038,25.590962
2024-11-13,26.350000,2024-08-14,2024-06-30,-0.100000,-0.400000,-65.875000,-49.152515,14.460328,31.229268,25.445137,19.661006,13.876875,8.092744,,,,,,,,,,26.837500,25.005833,19.835833,16.629792,26.837500,29.390903,24.284097,28.114202,25.560798
2024-11-14,26.300000,2024-11-14,2024-09-30,0.110000,-0.190000,-138.421053,-50.036715,16.519571,15.784413,12.645694,9.506976,6.368257,3.229539,,,,,,,,,,26.692500,25.112500,19.944583,16.685417,26.692500,28.998391,24.386609,27.845445,25.539555
2024-11-15,27.450000,2024-11-14,2024-09-30,0.110000,-0.190000,-144.473684,-50.971353,18.555885,16.735793,13.210175,9.684557,6.158939,2.633321,,,,,,,,,,26.652500,25.248333,20.062917,16.745833,26.652500,28.870720,24.434280,27.761610,25.543390
2024-11-18,26.750000,2024-11-14,2024-09-30,0.110000,-0.190000,-140.789474,-51.874274,20.209033,17.535545,13.695828,9.856112,6.016396,2.176679,,,,,,,,,,26.552500,25.362500,20.175000,16.803542,26.552500,28.541013,24.563987,27.546757,25.558243
2024-11-19,27.100000,2024-11-14,2024-09-30,0.110000,-0.190000,-142.631579,-52.793561,21.761347,18.300089,14.165433,10.030777,5.896121,1.761465,,,,,,,,,,26.502500,25.492500,20.290417,16.861667,26.502500,28.374025,24.630975,27.438262,25.566738
2024-11-20,27.100000,2024-11-14,2024-09-30,0.110000,-0.190000,-142.631579,-53.711833,23.174270,19.011471,14.608359,10.205248,5.802137,1.399026,,,,,,,,,,26.452500,25.629167,20.405417,16.920000,26.452500,28.193182,24.711818,27.322841,25.582159
2024-11-21,26.500000,2024-11-14,2024-09-30,0.110000,-0.190000,-139.473684,-54.604805,24.376293,19.637904,15.006409,10.374913,5.743417,1.111921,,,,,,,,,,26.397500,25.725000,20.515833,16.976250,26.397500,28.052946,24.742054,27.225223,25.569777
2024-11-22,27.000000,2024-11-14,2024-09-30,0.110000,-0.190000,-142.105263,-55.519706,25.564119,20.263110,15.405927,10.548744,5.691561,0.834379,,,,,,,,,,26.387500,25.795000,20.630417,17.034792,26.387500,28.024852,24.750148,27.206176,25.568824
2024-11-25,27.250000,2024-11-14,2024-09-30,0.110000,-0.190000,-143.421053,-56.441508,26.706953,20.872528,15.798207,10.723886,5.649565,0.575244,,,,,,,,,,26.340000,25.857500,20.745417,17.094375,26.340000,27.801650,24.878350,27.070825,25.609175
2024-11-26,27.150000,2024-11-14,2024-09-30,0.110000,-0.190000,-142.894737,-57.361972,27.755606,21.445905,16.172340,10.898775,5.625209,0.351644,,,,,,,,,,26.317500,25.901667,20.860833,17.153125,26.317500,27.709687,24.925313,27.013593,25.621407
2024-11-27,25.100000,2024-11-14,2024-09-30,0.110000,-0.190000,-132.105263,-58.190491,28.487001,21.881254,16.468724,11.056193,5.643663,0.231133,,,,,,,,,,26.320000,25.896667,20.958333,17.202917,26.320000,27.702751,24.937249,27.011375,25.628625
2024-11-28,25.300000,2024-11-14,2024-09-30,0.110000,-0.190000,-133.157895,-59.028799,29.197748,22.310616,16.763044,11.215472,5.667900,0.120328,,,,,,,,,,26.320000,25.908333,21.057917,17.253958,26.320000,27.702751,24.937249,27.011375,25.628625
2024-11-29,24.200000,2024-11-14,2024-09-30,0.110000,-0.190000,-127.368421,-59.822926,29.749165,22.671039,17.018697,11.366356,5.714015,0.061673,,,,,,,,,,26.230000,25.908333,21.150000,17.300417,26.230000,27.904075,24.555925,27.067037,25.392963
2024-12-02,26.600000,2024-11-14,2024-09-30,0.110000,-0.190000,-140.000000,-60.718251,30.528329,23.137233,17.336850,11.536468,5.736085,-0.064297,,,,,,,,,,26.277500,25.960833,21.260417,17.356875,26.277500,27.936122,24.618878,27.106811,25.448189
2024-12-03,26.900000,2024-11-14,2024-09-30,0.110000,-0.190000,-141.578947,-61.628767,31.293920,23.601155,17.655311,11.709466,5.763621,-0.182224,,,,,,,,,,26.330000,26.010000,21.374167,17.415000,26.330000,27.998091,24.661909,27.164045,25.495955
2024-12-04,26.900000,2024-11-14,2024-09-30,0.110000,-0.190000,-141.578947,-62.537250,32.017049,24.048556,17.965317,11.882077,5.798838,-0.284401,,,,,,,,,,26.392500,26.085000,21.487083,17.473125,26.392500,28.046928,24.738072,27.219714,25.565286
2024-12-05,27.350000,2024-11-14,2024-09-30,0.110000,-0.190000,-143.947368,-63.464454,32.747961,24.502471,18.280359,12.058246,5.836134,-0.385979,,,,,,,,,,26.460000,26.146667,21.603333,17.533125,26.460000,28.156622,24.763378,27.308311,25.611689
2024-12-06,27.600000,2024-11-14,2024-09-30,0.110000,-0.190000,-145.263158,-64.404655,33.461556,24.952276,18.594580,12.236884,5.879189,-0.478507,,,,,,,,,,26.530000,26.226667,21.722500,17.593333,26.530000,28.295577,24.764423,27.412789,25.647211
2024-12-09,29.000000,2024-11-14,2024-09-30,0.110000,-0.190000,-152.631579,-65.407276,34.284421,25.455462,18.941422,12.427382,5.913342,-0.600698,,,,,,,,,,26.695000,26.325833,21.853750,17.658958,26.695000,28.730190,24.659810,27.712595,25.677405
2024-12-10,29.300000,2024-11-14,2024-09-30,0.110000,-0.190000,-154.210526,-66.421022,35.093989,25.955710,19.287852,12.619994,5.952136,-0.715722,,,,,,,,,,26.860000,26.438333,21.986667,17.726458,26.860000,29.173939,24.546061,28.016970,25.703030
2024-12-11,29.100000,2024-11-14,2024-09-30,0.110000,-0.190000,-153.157895,-67.420915,35.840063,26.429198,19.619586,12.809974,6.000362,-0.809250,,,,,,,,,,26.997500,26.551667,22.115833,17.792500,26.997500,29.502752,24.492248,28.250126,25.744874
2024-12-12,29.700000,2024-11-14,2024-09-30,0.110000,-0.190000,-156.315789,-68.444075,36.608907,26.915759,19.960067,13.004374,6.048682,-0.907010,,,,,,,,,,27.167500,26.684167,22.248750,17.861250,27.167500,29.922452,24.412548,28.544976,25.790024
2024-12-13,32.650000,2024-11-14,2024-09-30,0.110000,-0.190000,-171.842105,-69.594588,37.664595,27.535518,20.379245,13.222972,6.066699,-1.089574,,,,,,,,,,27.427500,26.865000,22.405417,17.942292,27.427500,31.117526,23.737474,29.272513,25.582487
2024-12-16,29.600000,2024-11-14,2024-09-30,0.110000,-0.190000,-155.789474,-70.609297,38.332550,27.982136,20.698951,13.415767,6.132582,-1.150603,,,,,,,,,,27.570000,26.995833,22.535833,18.011042,27.570000,31.368393,23.771607,29.469197,25.670803
2024-12-17,30.150000,2024-11-14,2024-09-30,0.110000,-0.190000,-158.684211,-71.648129,39.015832,28.439161,21.026153,13.613145,6.200137,-1.212871,,,,,,,,,,27.722500,27.100000,22.670833,18.081875,27.722500,31.682893,23.762107,29.702696,25.742304
2024-12-18,29.000000,2024-11-14,2024-09-30,0.110000,-0.190000,-152.631579,-72.617214,39.571767,28.834542,21.315906,13.797271,6.278635,-1.240001,,,,,,,,,,27.817500,27.145833,22.788333,18.147917,27.817500,31.806072,23.828928,29.811786,25.823214
2024-12-19,29.200000,2024-11-14,2024-09-30,0.110000,-0.190000,-153.684211,-73.580842,40.126951,29.228602,21.604481,13.980360,6.356239,-1.267882,,,,,,,,,,27.952500,27.152500,22.901667,18.214583,27.952500,31.936081,23.968919,29.944291,25.960709
2024-12-20,30.900000,2024-11-14,2024-09-30,0.110000,-0.190000,-162.631579,-74.621065,40.803975,29.683513,21.930758,14.178002,6.425247,-1.327508,,,,,,,,,,28.147500,27.207500,23.030000,18.288333,28.147500,32.312451,23.982549,30.229975,26.065025
2024-12-23,31.100000,2024-11-14,2024-09-30,0.110000,-0.190000,-163.684211,-75.680222,41.452785,30.131300,22.255271,14.379242,6.503213,-1.372816,,,,,,,,,,28.340000,27.264167,23.164167,18.362917,28.340000,32.682398,23.997602,30.511199,26.168801
2024-12-24,31.400000,2024-11-14,2024-09-30,0.110000,-0.190000,-165.263158,-76.753553,42.091394,30.577905,22.580540,14.583175,6.585810,-1.411555,,,,,,,,,,28.552500,27.323333,23.301250,18.438750,28.552500,33.062428,24.042572,30.807464,26.297536
2024-12-25,31.450000,2024-11-14,2024-09-30,0.110000,-0.190000,-165.526316,-77.822980,42.703695,31.013770,22.900068,14.786366,6.672664,-1.441038,,,,,,,,,,28.870000,27.380833,23.436250,18.514375,28.870000,33.248704,24.491296,31.059352,26.680648
2024-12-26,31.800000,2024-11-14,2024-09-30,0.110000,-0.190000,-167.368421,-78.916903,43.303001,31.449352,23.221782,14.994212,6.766641,-1.460929,,,,,,,,,,29.195000,27.446667,23.577917,18.591458,29.195000,33.420225,24.969775,31.307613,27.082387
2024-12-27,28.750000,2024-11-14,2024-09-30,0.110000,-0.190000,-151.315789,-79.864860,43.633914,31.755211,23.464767,15.174323,6.883880,-1.406564,,,,,,,,,,29.422500,27.465000,23.689167,18.655833,29.422500,32.947221,25.897779,31.184860,27.660140
2024-12-30,31.400000,2024-11-14,2024-09-30,0.110000,-0.190000,-165.263158,-80.928029,44.148737,32.152846,23.764586,15.376325,6.988065,-1.400195,,,,,,,,,,29.662500,27.525000,23.822083,18.731042,29.662500,33.028096,26.296904,31.345298,27.979702
2024-12-31,32.000000,2024-11-14,2024-09-30,0.110000,-0.190000,-168.421053,-82.015481,44.684536,32.563065,24.073003,15.582941,7.092879,-1.397183,,,,,,,,,,29.917500,27.596667,23.959167,18.808958,29.917500,33.172824,26.662176,31.545162,28.289838
2025-01-02,33.000000,2024-11-14,2024-09-30,0.110000,-0.190000,-173.684211,-83.151873,45.268431,33.000860,24.399858,15.798856,7.197854,-1.403148,,,,,,,,,,30.222500,27.730833,24.106667,18.890000,30.222500,33.430135,27.014865,31.826317,28.618683
2025-01-03,33.500000,2024-11-14,2024-09-30,0.110000,-0.190000,-176.315789,-84.312229,45.858127,33.445412,24.732368,16.019323,7.306279,-1.406765,,,,,,,,,,30.530000,27.872500,24.259167,18.973125,30.530000,33.757252,27.302748,32.143626,28.916374
2025-01-06,33.600000,2024-11-14,2024-09-30,0.110000,-0.190000,-176.842105,-85.480018,46.416553,33.879494,25.060349,16.241204,7.422058,-1.397087,,,,,,,,,,30.830000,28.026667,24.413750,19.056875,30.830000,34.025787,27.634213,32.427893,29.232107
2025-01-07,34.000000,2024-11-14,2024-09-30,0.110000,-0.190000,-178.947368,-86.664336,46.974515,34.316540,25.391382,16.466224,7.541066,-1.384092,,,,,,,,,,31.080000,28.186667,24.571250,19.142292,31.080000,34.450522,27.709478,32.765261,29.394739
2025-01-08,33.950000,2024-11-14,2024-09-30,0.110000,-0.190000,-178.684211,-87.846460,47.491922,34.737758,25.714293,16.690827,7.667362,-1.356103,,,,,,,,,,31.312500,28.345000,24.728333,19.227708,31.312500,34.805331,27.819669,33.058916,29.566084
2025-01-09,32.600000,2024-11-14,2024-09-30,0.110000,-0.190000,-171.578947,-88.972423,47.863708,35.092970,25.998865,16.904760,7.810656,-1.283449,,,,,,,,,,31.487500,28.440833,24.875417,19.307083,31.487500,34.862310,28.112690,33.174905,29.800095
2025-01-10,32.000000,2024-11-14,2024-09-30,0.110000,-0.190000,-168.421053,-90.073086,48.160962,35.415052,26.264469,17.113886,7.963304,-1.187279,,,,,,,,,,31.602500,28.487500,25.017917,19.384375,31.602500,34.876074,28.328926,33.239287,29.965713
2025-01-13,32.300000,2024-11-14,2024-09-30,0.110000,-0.190000,-170.000000,-91.185891,48.453705,35.737727,26.531523,17.325319,8.119115,-1.087089,,,,,,,,,,31.585000,28.555000,25.162500,19.462500,31.585000,34.838678,28.331322,33.211839,29.958161
2025-01-14,32.000000,2024-11-14,2024-09-30,0.110000,-0.190000,-168.421053,-92.288587,48.694577,36.038771,26.786801,17.534832,8.282862,-0.969108,,,,,,,,,,31.705000,28.609167,25.305833,19.539583,31.705000,34.824700,28.585300,33.264850,30.145150
2025-01-15,31.050000,2024-11-14,2024-09-30,0.110000,-0.190000,-163.421053,-93.353681,48.842008,36.297162,27.017181,17.737199,8.457218,-0.822763,,,,,,,,,,31.750000,28.658333,25.442917,19.612708,31.750000,34.800453,28.699547,33.275226,30.224774
2025-01-16,30.450000,2024-11-14,2024-09-30,0.110000,-0.190000,-160.263158,-94.398557,48.921643,36.525950,27.230838,17.935726,8.640614,-0.654498,,,,,,,,,,31.822500,28.697500,25.577500,19.684167,31.822500,34.659191,28.985809,33.240845,30.404155
2025-01-17,29.950000,2024-11-14,2024-09-30,0.110000,-0.190000,-157.631579,-95.417438,48.955039,36.732228,27.430771,18.129313,8.827856,-0.473602,,,,,,,,,,31.860000,28.736667,25.706250,19.753125,31.860000,34.567611,29.152389,33.213806,30.506194
2025-01-20,29.900000,2024-11-14,2024-09-30,0.110000,-0.190000,-157.368421,-96.440224,48.956566,36.927138,27.625390,18.323643,9.021895,-0.279852,,,,,,,,,,31.810000,28.781667,25.837083,19.822083,31.810000,34.626979,28.993021,33.218489,30.401511
2025-01-21,30.050000,2024-11-14,2024-09-30,0.110000,-0.190000,-158.157895,-97.470605,48.943397,37.117906,27.818660,18.519415,9.220169,-0.079076,,,,,,,,,,31.757500,28.812500,25.969583,19.891875,31.757500,34.667786,28.847214,33.212643,30.302357
2025-01-22,31.600000,2024-11-14,2024-09-30,0.110000,-0.190000,-166.315789,-98.564903,49.002887,37.348429,28.037880,18.727332,9.416783,0.106235,,,,,,,,,,31.767500,28.879167,26.113333,19.967917,31.767500,34.673985,28.861015,33.220743,30.314257
2025-02-03,32.850000,2024-11-14,2024-09-30,0.110000,-0.190000,-172.894737,-99.709961,49.121829,37.611187,28.278040,18.944893,9.611745,0.278598,,,,,,,,,,31.837500,29.009167,26.265833,20.048542,31.837500,34.779013,28.895987,33.308257,30.366743
2025-02-04,33.000000,2024-11-14,2024-09-30,0.110000,-0.190000,-173.684211,-100.849402,49.239533,37.872409,28.516898,19.161386,9.805875,0.450364,,,,,,,,,,31.897500,29.137500,26.414583,20.128958,31.897500,34.884397,28.910603,33.390948,30.404052
2025-02-05,32.850000,2024-11-14,2024-09-30,0.110000,-0.190000,-172.894737,-101.976167,49.328894,38.120452,28.747962,19.375472,10.002982,0.630492,,,,,,,,,,32.102500,29.251667,26.559583,20.208750,32.102500,34.719745,29.485255,33.411123,30.793877
2025-02-06,32.800000,2024-11-14,2024-09-30,0.110000,-0.190000,-172.631579,-103.121065,49.361395,38.350333,28.971667,19.593002,10.214337,0.835672,,,,,,,,,,32.172500,29.370833,26.712500,20.288333,32.172500,34.785519,29.559481,33.479010,30.865990
2025-02-07,32.000000,2024-11-14,2024-09-30,0.110000,-0.190000,-168.421053,-104.202419,49.358701,38.554766,29.176613,19.798460,10.420306,1.042153,,,,,,,,,,32.172500,29.473333,26.847083,20.364792,32.172500,34.785519,29.559481,33.479010,30.865990
2025-02-10,30.500000,2024-11-14,2024-09-30,0.110000,-0.190000,-160.526316,-105.186480,49.294088,38.717185,29.351308,19.985431,10.619554,1.253678,,,,,,,,,,32.047500,29.554167,26.956250,20.435000,32.047500,34.732051,29.362949,33.389776,30.705224
2025-02-11,29.750000,2024-11-14,2024-09-30,0.110000,-0.190000,-156.578947,-106.141711,49.168886,38.851102,29.509013,20.166925,10.824837,1.482749,,,,,,,,,,31.860000,29.616667,27.060833,20.501875,31.860000,34.639549,29.080451,33.249775,30.470225
2025-02-12,29.000000,2024-11-14,2024-09-30,0.110000,-0.190000,-152.631579,-107.071161,48.982833,38.956997,29.650259,20.343521,11.036782,1.730044,,,,,,,,,,31.630000,29.663333,27.162083,20.566458,31.630000,34.560493,28.699507,33.095247,30.164753
2025-02-13,28.600000,2024-11-14,2024-09-30,0.110000,-0.190000,-150.526316,-107.949531,48.807364,39.057209,29.783810,20.510411,11.237012,1.963612,,,,,,,,,,31.360000,29.711667,27.246250,20.628958,31.360000,34.365188,28.354812,32.862594,29.857406
2025-02-14,26.700000,2024-11-14,2024-09-30,0.110000,-0.190000,-140.526316,-108.733388,48.566326,39.114548,29.886946,20.659344,11.431742,2.204140,,,,,,,,,,30.997500,29.723333,27.310000,20.682083,30.997500,34.408855,27.586145,32.703177,29.291823
2025-02-17,27.000000,2024-11-14,2024-09-30,0.110000,-0.190000,-142.105263,-109.505099,48.352478,39.179910,29.992940,20.805969,11.618998,2.432027,,,,,,,,,,30.717500,29.734167,27.370000,20.735833,30.717500,34.476598,26.958402,32.597049,28.837951
2025-02-18,27.150000,2024-11-14,2024-09-30,0.110000,-0.190000,-142.894737,-110.281305,48.132293,39.243719,30.098584,20.953448,11.808312,2.663177,,,,,,,,,,30.475000,29.748333,27.430417,20.790417,30.475000,34.501949,26.448051,32.488474,28.461526
2025-02-19,26.850000,2024-11-14,2024-09-30,0.110000,-0.190000,-141.315789,-111.056853,47.873474,39.292722,30.196762,21.100802,12.004842,2.908882,,,,,,,,,,30.202500,29.738333,27.493333,20.843958,30.202500,34.441476,25.963524,32.321988,28.083012
2025-02-20,27.050000,2024-11-14,2024-09-30,0.110000,-0.190000,-142.368421,-111.828673,47.622718,39.344081,30.295764,21.247448,12.199131,3.150815,,,,,,,,,,29.955000,29.743333,27.552917,20.898542,29.955000,34.327991,25.582009,32.141496,27.768504
2025-02-21,27.050000,2024-11-14,2024-09-30,0.110000,-0.190000,-142.368421,-112.612993,47.341019,39.386056,30.391262,21.396469,12.401675,3.406881,,,,,,,,,,29.755000,29.742500,27.617500,20.953125,29.755000,34.280355,25.229645,32.017678,27.492322
2025-02-24,27.400000,2024-11-14,2024-09-30,0.110000,-0.190000,-144.210526,-113.420998,47.042554,39.426160,30.488075,21.549990,12.611904,3.673819,,,,,,,,,,29.602500,29.747500,27.688333,21.009167,29.602500,34.233571,24.971429,31.918035,27.286965
2025-02-25,26.800000,2024-11-14,2024-09-30,0.110000,-0.190000,-141.052632,-114.164145,46.765690,39.462150,30.576669,21.691187,12.805706,3.920225,,,,,,,,,,29.445000,29.752500,27.738750,21.062917,29.445000,34.237747,24.652253,31.841373,27.048627
2025-02-26,27.250000,2024-11-14,2024-09-30,0.110000,-0.190000,-143.421053,-114.884320,46.542881,39.514316,30.671168,21.828021,12.984873,4.141726,,,,,,,,,,29.312500,29.756667,27.775833,21.118750,29.312500,34.197911,24.427089,31.755205,26.869795
2025-02-27,26.900000,2024-11-14,2024-09-30,0.110000,-0.190000,-141.578947,-115.574561,46.317039,39.559641,30.759404,21.959167,13.158929,4.358692,,,,,,,,,,29.155000,29.750833,27.804167,21.173125,29.155000,34.142342,24.167658,31.648671,26.661329
2025-03-03,27.350000,2024-11-14,2024-09-30,0.110000,-0.190000,-143.947368,-116.263706,46.116747,39.614468,30.852286,22.090104,13.327922,4.565740,,,,,,,,,,28.942500,29.754167,27.827917,21.229792,28.942500,33.852777,24.032223,31.397638,26.487362
2025-03-04,28.000000,2024-11-14,2024-09-30,0.110000,-0.190000,-147.368421,-116.962610,45.945588,39.682219,30.952558,22.222896,13.493234,4.763572,,,,,,,,,,28.700000,29.802500,27.849583,21.289583,28.700000,33.264624,24.135376,30.982312,26.417688
2025-03-05,29.350000,2024-11-14,2024-09-30,0.110000,-0.190000,-154.473684,-117.737390,45.786093,39.768820,31.069462,22.370104,13.670746,4.971389,,,,,,,,,,28.517500,29.870000,27.889167,21.355000,28.517500,32.627472,24.407528,30.572486,26.462514
2025-03-06,29.900000,2024-11-14,2024-09-30,0.110000,-0.190000,-157.368421,-118.544627,45.622114,39.859883,31.191681,22.523479,13.855277,5.187076,,,,,,,,,,28.370000,29.965000,27.936667,21.423125,28.370000,32.010185,24.729815,30.190093,26.549907
2025-03-07,30.000000,2024-11-14,2024-09-30,0.110000,-0.190000,-157.894737,-119.371875,45.426073,39.942564,31.311610,22.680656,14.049702,5.418748,,,,,,,,,,28.230000,30.021667,27.991250,21.492083,28.230000,31.327775,25.132225,29.778888,26.681112
2025-03-10,29.750000,2024-11-14,2024-09-30,0.110000,-0.190000,-156.578947,-120.177741,45.219019,40.016998,31.425385,22.833771,14.242157,5.650543,,,,,,,,,,28.117500,30.069167,28.039583,21.560208,28.117500,30.770259,25.464741,29.443880,26.791120
2025-03-11,29.500000,2024-11-14,2024-09-30,0.110000,-0.190000,-155.263158,-121.004934,44.942213,40.068978,31.529958,22.990937,14.451917,5.912897,,,,,,,,,,28.067500,30.112500,28.098750,21.626458,28.067500,30.564293,25.570707,29.315896,26.819104
2025-03-12,29.800000,2024-11-14,2024-09-30,0.110000,-0.190000,-156.842105,-121.819243,44.696183,40.130206,31.637931,23.145656,14.653381,6.161107,,,,,,,,,,28.070000,30.153333,28.150000,21.693333,28.070000,30.573976,25.566024,29.321988,26.818012
2025-03-13,29.050000,2024-11-14,2024-09-30,0.110000,-0.190000,-152.894737,-122.618366,44.383700,40.163296,31.730393,23.297490,14.864587,6.431684,,,,,,,,,,28.072500,30.177500,28.202083,21.757917,28.072500,30.580482,25.564518,29.326491,26.818509
2025-03-14,28.850000,2024-11-14,2024-09-30,0.110000,-0.190000,-151.842105,-123.403509,44.056452,40.188118,31.817392,23.446667,15.075941,6.705215,,,,,,,,,,28.085000,30.175000,28.250417,21.821250,28.085000,30.606507,25.563493,29.345754,26.824246
2025-03-17,29.300000,2024-11-14,2024-09-30,0.110000,-0.190000,-154.210526,-124.218805,43.709510,40.211187,31.906380,23.601573,15.296766,6.991959,,,,,,,,,,28.215000,30.175000,28.306667,21.886875,28.215000,30.703733,25.726267,29.459366,26.970634
2025-03-18,29.250000,2024-11-14,2024-09-30,0.110000,-0.190000,-153.947368,-125.037116,43.334490,40.224158,31.990605,23.757052,15.523499,7.289946,,,,,,,,,,28.327500,30.177500,28.364583,21.952292,28.327500,30.788239,25.866761,29.557870,27.097130
2025-03-19,29.450000,2024-11-14,2024-09-30,0.110000,-0.190000,-155.000000,-125.875658,42.927312,40.228754,32.072564,23.916375,15.760186,7.603996,,,,,,,,,,28.442500,30.173333,28.428750,22.018333,28.442500,30.886456,25.998544,29.664478,27.220522
2025-03-20,28.950000,2024-11-14,2024-09-30,0.110000,-0.190000,-152.368421,-126.691228,42.487300,40.216507,32.143920,24.071333,15.998746,7.926159,,,,,,,,,,28.547500,30.111667,28.488333,22.082708,28.547500,30.881341,26.213659,29.714421,27.380579
2025-03-21,28.850000,2024-11-14,2024-09-30,0.110000,-0.190000,-151.842105,-127.503454,42.022310,40.194134,32.209895,24.225656,16.241417,8.257178,,,,,,,,,,28.637500,30.099167,28.547500,22.147083,28.637500,30.864576,26.410424,29.751038,27.523962
2025-03-24,29.000000,2024-11-14,2024-09-30,0.110000,-0.190000,-152.631579,-128.277467,41.617311,40.187297,32.280008,24.372719,16.465430,8.558140,,,,,,,,,,28.735000,30.080000,28.590000,22.211875,28.735000,30.836653,26.633347,29.785827,27.684173
2025-03-25,29.350000,2024-11-14,2024-09-30,0.110000,-0.190000,-154.473684,-129.017873,41.282303,40.200671,32.357033,24.513396,16.669758,8.826121,,,,,,,,,,28.832500,30.085833,28.615833,22.278333,28.832500,30.852733,26.812267,29.842617,27.822383
2025-03-26,29.000000,2024-11-14,2024-09-30,0.110000,-0.190000,-152.631579,-129.689803,41.001700,40.221708,32.431385,24.641062,16.850740,9.060417,,,,,,,,,,28.942500,30.082500,28.617500,22.343333,28.942500,30.721996,27.163004,29.832248,28.052752
2025-03-27,29.350000,2024-11-14,2024-09-30,0.110000,-0.190000,-154.473684,-130.402083,40.679697,40.234681,32.505538,24.776396,17.047253,9.318111,,,,,,,,,,29.047500,30.056667,28.632083,22.409583,29.047500,30.645023,27.449977,29.846261,28.248739
2025-03-28,29.850000,2024-11-14,2024-09-30,0.110000,-0.190000,-157.105263,-131.134211,40.359191,40.251993,32.583746,24.915500,17.247254,9.579007,,,,,,,,,,29.195000,30.035833,28.650000,22.477917,29.195000,30.469817,27.920183,29.832408,28.557592
2025-03-31,28.050000,2025-03-31,2024-12-31,-0.110000,-0.240000,-116.875000,-131.527961,39.982790,50.758450,41.162580,31.566711,21.970841,12.374971,,,,,,,,,,29.230000,29.980000,28.651667,22.538125,29.230000,30.315987,28.144013,29.772994,28.687006
2025-04-01,27.700000,2025-03-31,2024-12-31,-0.110000,-0.240000,-115.416667,-131.906433,39.608683,50.669712,41.163628,31.657544,22.151460,12.645376,,,,,,,,,,29.215000,29.917500,28.649167,22.596875,29.215000,30.378072,28.051928,29.796536,28.633464
2025-04-02,27.050000,2025-03-31,2024-12-31,-0.110000,-0.240000,-112.708333,-132.265461,39.232876,50.575491,41.159601,31.743711,22.327820,12.911930,,,,,,,,,,29.100000,29.838333,28.642500,22.652500,29.100000,30.609967,27.590033,29.854983,28.345017
2025-04-07,24.350000,2025-03-31,2024-12-31,-0.110000,-0.240000,-101.458333,-132.534905,38.905257,50.482900,41.145639,31.808377,22.471116,13.133854,,,,,,,,,,28.822500,29.765000,28.615000,22.697083,28.822500,31.385901,26.259099,30.104201,27.540799
2025-04-08,22.050000,2025-03-31,2024-12-31,-0.110000,-0.240000,-91.875000,-132.721363,38.653418,50.406768,41.129947,31.853127,22.576307,13.299487,,,,,,,,,,28.425000,29.609167,28.567083,22.732292,28.425000,32.332685,24.517315,30.378842,26.471158
2025-04-09,21.850000,2025-03-31,2024-12-31,-0.110000,-0.240000,-91.041667,-132.902961,38.403097,50.330197,41.113454,31.896711,22.679967,13.463224,,,,,,,,,,28.030000,29.440000,28.518333,22.767083,28.030000,32.861628,23.198372,30.445814,25.614186
2025-04-10,24.000000,2025-03-31,2024-12-31,-0.110000,-0.240000,-100.000000,-133.216502,37.973626,50.199301,41.085631,31.971961,22.858290,13.744620,,,,,,,,,,27.755000,29.290000,28.510417,22.811042,27.755000,32.853080,22.656920,30.304040,25.205960
2025-04-11,25.050000,2025-03-31,2024-12-31,-0.110000,-0.240000,-104.375000,-133.565461,37.507865,50.059486,41.057598,32.055711,23.053823,14.051935,,,,,,,,,,27.517500,29.149167,28.510833,22.858750,27.517500,32.656850,22.378150,30.087175,24.947825
2025-04-14,26.850000,2025-03-31,2024-12-31,-0.110000,-0.240000,-111.875000,-133.990461,36.962262,49.899596,41.028653,32.157711,23.286768,14.415825,,,,,,,,,,27.407500,29.036667,28.531667,22.914792,27.407500,32.502727,22.312273,29.955114,24.859886
2025-04-15,26.850000,2025-03-31,2024-12-31,-0.110000,-0.240000,-111.875000,-134.414419,36.405601,49.734149,40.996805,32.259461,23.522116,14.784772,,,,,,,,,,27.307500,28.917500,28.552083,22.971667,27.307500,32.361865,22.253135,29.834682,24.780318
2025-04-16,28.300000,2025-03-31,2024-12-31,-0.110000,-0.240000,-117.916667,-134.887683,35.809103,49.561413,40.967228,32.373044,23.778859,15.184675,,,,,,,,,,27.257500,28.823333,28.584167,23.034167,27.257500,32.248257,22.266743,29.752879,24.762121
2025-04-17,28.250000,2025-03-31,2024-12-31,-0.110000,-0.240000,-117.708333,-135.309211,35.298815,49.417642,40.945926,32.474211,24.002495,15.530779,,,,,,,,,,27.207500,28.750833,28.595833,23.095833,27.207500,32.133828,22.281172,29.670664,24.744336
2025-04-18,29.050000,2025-03-31,2024-12-31,-0.110000,-0.240000,-121.041667,-135.709558,34.855843,49.301099,40.935696,32.570294,24.204892,15.839489,,,,,,,,,,27.187500,28.701667,28.594583,23.160625,27.187500,32.078617,22.296383,29.633059,24.741941
2025-04-21,29.300000,2025-03-31,2024-12-31,-0.110000,-0.240000,-122.083333,-136.138377,34.361432,49.166698,40.919954,32.673211,24.426467,16.179723,,,,,,,,,,27.205000,28.651667,28.603333,23.226875,27.205000,32.125088,22.284912,29.665044,24.744956
2025-04-22,28.600000,2025-03-31,2024-12-31,-0.110000,-0.240000,-119.166667,-136.532474,33.886101,49.033122,40.900458,32.767794,24.635130,16.502465,,,,,,,,,,27.192500,28.595000,28.602083,23.290625,27.192500,32.096234,22.288766,29.644367,24.740633
2025-04-23,28.800000,2025-03-31,2024-12-31,-0.110000,-0.240000,-120.000000,-136.947058,33.368732,48.884285,40.875790,32.867294,24.858798,16.850302,,,,,,,,,,27.182500,28.557500,28.607917,23.354583,27.182500,32.071508,22.293492,29.627004,24.737996
2025-04-24,29.100000,2025-03-31,2024-12-31,-0.110000,-0.240000,-121.250000,-137.372058,32.832581,48.728933,40.849113,32.969294,25.089474,17.209655,,,,,,,,,,27.170000,28.535000,28.616250,23.420417,27.170000,32.036902,22.303098,29.603451,24.736549
2025-04-25,29.700000,2025-03-31,2024-12-31,-0.110000,-0.240000,-123.750000,-137.828308,32.249718,48.558658,40.818726,33.078794,25.338862,17.598929,,,,,,,,,,27.205000,28.530833,28.633750,23.488125,27.205000,32.136947,22.273053,29.670974,24.739026
2025-04-28,29.500000,2025-03-31,2024-12-31,-0.110000,-0.240000,-122.916667,-138.285947,31.634268,48.373076,40.780852,33.188627,25.596403,18.004178,,,,,,,,,,27.212500,28.524167,28.652917,23.554792,27.212500,32.158618,22.266382,29.685559,24.739441
2025-04-29,29.900000,2025-03-31,2024-12-31,-0.110000,-0.240000,-124.583333,-138.736641,31.040087,48.196036,40.746415,33.296794,25.847173,18.397552,,,,,,,,,,27.215000,28.521667,28.667083,23.623750,27.215000,32.166778,22.263222,29.690889,24.739111
2025-04-30,29.550000,2025-03-31,2024-12-31,-0.110000,-0.240000,-123.125000,-139.187683,30.404979,47.999434,40.702239,33.405044,26.107849,18.810654,,,,,,,,,,27.290000,28.487500,28.683333,23.691250,27.290000,32.339502,22.240498,29.814751,24.765249
2025-05-02,29.500000,2025-03-31,2024-12-31,-0.110000,-0.240000,-122.916667,-139.690113,29.617119,47.741844,40.633736,33.525627,26.417519,19.309410,,,,,,,,,,27.380000,28.431667,28.720417,23.758333,27.380000,32.523560,22.236440,29.951780,24.808220
2025-05-05,29.050000,2025-03-31,2024-12-31,-0.110000,-0.240000,-121.041667,-140.171711,28.822919,47.476212,40.558711,33.641211,26.723710,19.806209,,,,,,,,,,27.480000,28.365833,28.751667,23.823125,27.480000,32.674065,22.285935,30.077033,24.882967
2025-05-06,27.800000,2025-03-31,2024-12-31,-0.110000,-0.240000,-115.833333,-140.595322,28.072618,47.217734,40.480306,33.742877,27.005449,20.268020,,,,,,,,,,27.652500,28.281667,28.766667,23.882500,27.652500,32.633672,22.671328,30.143086,25.161914
2025-05-07,27.650000,2025-03-31,2024-12-31,-0.110000,-0.240000,-115.208333,-141.021016,27.279382,46.939147,40.392096,33.845044,27.297992,20.750940,,,,,,,,,,27.932500,28.195833,28.783333,23.941667,27.932500,32.160262,23.704738,30.046381,25.818619
2025-05-08,27.950000,2025-03-31,2024-12-31,-0.110000,-0.240000,-116.458333,-141.452961,26.457542,46.648331,40.298521,33.948711,27.598900,21.249090,,,,,,,,,,28.237500,28.128333,28.800833,24.002083,28.237500,31.350947,25.124053,29.794224,26.680776
2025-05-09,29.200000,2025-03-31,2024-12-31,-0.110000,-0.240000,-121.666667,-141.932474,25.550161,46.327871,40.195832,34.063794,27.931755,21.799717,,,,,,,,,,28.497500,28.106667,28.830417,24.067708,28.497500,30.910726,26.084274,29.704113,27.290887
2025-05-12,28.250000,2025-03-31,2024-12-31,-0.110000,-0.240000,-117.708333,-142.371711,24.653826,46.003047,40.086129,34.169211,28.252292,22.335374,,,,,,,,,,28.657500,28.081667,28.849167,24.129792,28.657500,30.453775,26.861225,29.555638,27.759362
2025-05-13,27.700000,2025-03-31,2024-12-31,-0.110000,-0.240000,-115.416667,-142.787683,23.750467,45.669268,39.969156,34.269044,28.568932,22.868820,,,,,,,,,,28.700000,28.060000,28.861667,24.189792,28.700000,30.350518,27.049482,29.525259,27.874741
2025-05-14,25.750000,2025-03-31,2024-12-31,-0.110000,-0.240000,-107.291667,-143.146363,22.862843,45.329292,39.842209,34.355127,28.868045,23.380963,,,,,,,,,,28.645000,28.012500,28.862083,24.241458,28.645000,30.600263,26.689737,29.622631,27.667369
2025-05-15,25.500000,2025-05-15,2025-03-31,-0.120000,-0.220000,-115.909091,-143.570606,21.850496,41.199751,36.392642,31.585533,26.778424,21.971315,,,,,,,,,,28.505000,27.992500,28.857917,24.292500,28.505000,30.912860,26.097140,29.708930,27.301070
2025-05-16,25.150000,2025-05-15,2025-03-31,-0.120000,-0.220000,-114.318182,-143.974299,20.826494,40.838003,36.256174,31.674346,27.092517,22.510689,,,,,,,,,,28.350000,27.961667,28.847917,24.341875,28.350000,31.187716,25.512284,29.768858,26.931142
2025-05-19,25.350000,2025-05-15,2025-03-31,-0.120000,-0.220000,-115.227273,-143.781017,20.985483,40.865436,36.248630,31.631824,27.015018,22.398211,,,,,,,,,,28.165000,27.931667,28.840000,24.392292,28.165000,31.279499,25.050501,29.722250,26.607750
2025-09-19,22.850000,2025-08-14,2025-06-30,-0.400000,-0.520000,-43.942308,-142.943256,22.878843,98.124490,86.227492,74.330493,62.433495,50.536496,,,,,,,,,,27.842500,27.865000,28.801667,24.432292,27.842500,31.707495,23.977505,29.774997,25.910003
2025-09-22,20.600000,2025-08-14,2025-06-30,-0.400000,-0.520000,-39.615385,-142.100139,24.746826,99.628771,86.760422,73.892072,61.023722,48.155373,,,,,,,,,,27.442500,27.757500,28.750417,24.462708,27.442500,32.461126,22.423874,29.951813,24.933187
2025-09-23,20.400000,2025-08-14,2025-06-30,-0.400000,-0.520000,-39.230769,-141.238465,26.468464,100.971204,87.207603,73.444002,59.680401,45.916799,,,,,,,,,,27.022500,27.646667,28.694583,24.492500,27.022500,32.895944,21.149056,29.959222,24.085778
2025-09-24,20.400000,2025-08-14,2025-06-30,-0.400000,-0.520000,-39.230769,-140.376792,28.058088,102.176343,87.586138,72.995932,58.405726,43.815520,,,,,,,,,,26.587500,27.530000,28.638750,24.522083,26.587500,33.070179,20.104821,29.828840,23.346160
2025-09-25,20.400000,2025-08-14,2025-06-30,-0.400000,-0.520000,-39.230769,-139.541434,29.538391,103.281472,87.921509,72.561546,57.201583,41.841620,,,,,,,,,,26.122500,27.423333,28.587917,24.551875,26.122500,32.988011,19.256989,29.555255,22.689745
2025-09-26,20.550000,2025-08-14,2025-06-30,-0.400000,-0.520000,-39.519231,-138.686550,30.915938,104.269582,88.193294,72.117006,56.040718,39.964430,,,,,,,,,,25.675000,27.311667,28.534167,24.582292,25.675000,32.776260,18.573740,29.225630,22.124370
2025-09-30,20.700000,2025-08-14,2025-06-30,-0.400000,-0.520000,-39.807692,-137.823106,32.202717,105.158841,88.413428,71.668015,54.922602,38.177189,,,,,,,,,,25.215000,27.208333,28.479583,24.612500,25.215000,32.355699,18.074301,28.785349,21.644651
2025-10-01,20.350000,2025-08-14,2025-06-30,-0.400000,-0.520000,-39.134615,-136.958438,33.434843,105.990625,88.604506,71.218388,53.832269,36.446151,,,,,,,,,,24.755000,27.091667,28.422917,24.641875,24.755000,31.905186,17.604814,28.330093,21.179907
2025-10-02,20.250000,2025-08-14,2025-06-30,-0.400000,-0.520000,-38.942308,-136.182080,34.609471,106.808531,88.811607,70.814682,52.817757,34.820832,,,,,,,,,,24.292500,26.962500,28.382500,24.670417,24.292500,31.346374,17.238626,27.819437,20.765563
2025-10-03,20.400000,2025-08-14,2025-06-30,-0.400000,-0.520000,-39.230769,-135.399354,35.722664,107.559234,88.983449,70.407664,51.831879,33.256094,,,,,,,,,,23.860000,26.813333,28.341667,24.699792,23.860000,30.744353,16.975647,27.302176,20.417824
2025-10-07,20.400000,2025-08-14,2025-06-30,-0.400000,-0.520000,-39.230769,-134.664874,36.779618,108.276537,89.151136,70.025734,50.900333,31.774931,,,,,,,,,,23.490000,26.655000,28.310000,24.730000,23.490000,30.277496,16.702504,26.883748,20.096252
2025-10-08,21.200000,2025-08-14,2025-06-30,-0.400000,-0.520000,-40.769231,-133.837951,37.761077,108.867254,89.231494,69.595734,49.959974,30.324214,,,,,,,,,,23.167500,26.508333,28.265000,24.762708,23.167500,29.732020,16.602980,26.449760,19.885240
2025-10-09,20.900000,2025-08-14,2025-06-30,-0.400000,-0.520000,-40.192308,-132.993062,38.708770,109.413513,89.284953,69.156392,49.027832,28.899272,,,,,,,,,,22.815000,26.360833,28.215000,24.794583,22.815000,29.046930,16.583070,25.930965,19.699035
2025-10-13,20.400000,2025-08-14,2025-06-30,-0.400000,-0.520000,-39.230769,-132.140160,39.634491,109.932754,89.322819,68.712883,48.102948,27.493013,,,,,,,,,,22.375000,26.209167,28.160833,24.823958,22.375000,27.912765,16.837235,25.143883,19.606117
2025-10-14,20.000000,2025-08-14,2025-06-30,-0.400000,-0.520000,-38.461538,-131.261112,40.530080,110.407061,89.331420,68.255778,47.180137,26.104495,,,,,,,,,,21.962500,26.045833,28.099583,24.851458,21.962500,26.848342,17.076658,24.405421,19.519579
2025-10-15,20.400000,2025-08-14,2025-06-30,-0.400000,-0.520000,-39.230769,-130.377509,41.369379,110.820458,89.308381,67.796304,46.284228,24.772151,,,,,,,,,,21.597500,25.901667,28.039583,24.881042,21.597500,25.707754,17.487246,23.652627,19.542373
2025-10-16,22.000000,2025-08-14,2025-06-30,-0.400000,-0.520000,-42.307692,-129.458143,42.090265,111.092110,89.205172,67.318234,45.431297,23.544359,,,,,,,,,,21.410000,25.787500,27.981250,24.917500,21.410000,25.036307,17.783693,23.223154,19.596846
2025-10-17,21.050000,2025-08-14,2025-06-30,-0.400000,-0.520000,-40.480769,-128.510395,42.802631,111.340142,89.082773,66.825405,44.568037,22.310669,,,,,,,,,,21.187500,25.650000,27.912500,24.949583,21.187500,24.261136,18.113864,22.724318,19.650682
2025-10-20,20.400000,2025-08-14,2025-06-30,-0.400000,-0.520000,-39.230769,-127.561002,43.509001,111.581083,88.956402,66.331721,43.707040,21.082360,,,,,,,,,,20.950000,25.502500,27.840000,24.977917,20.950000,23.406570,18.493430,22.178285,19.721715
2025-10-21,20.350000,2025-08-14,2025-06-30,-0.400000,-0.520000,-39.134615,-126.584492,44.168215,111.758879,88.791408,65.823936,42.856464,19.888993,,,,,,,,,,20.700000,25.350833,27.762083,25.005417,20.700000,22.031007,19.368993,21.365503,20.034497
2025-10-22,20.350000,2025-08-14,2025-06-30,-0.400000,-0.520000,-39.134615,-125.478597,44.683893,111.720119,88.484494,65.248870,42.013246,18.777622,,,,,,,,,,20.575000,25.207500,27.659583,25.032500,20.575000,21.445874,19.704126,21.010437,20.139563
2025-10-23,20.400000,2025-08-14,2025-06-30,-0.400000,-0.520000,-39.230769,-124.507274,45.282317,111.837392,88.290588,64.743783,41.196978,17.650173,,,,,,,,,,20.565000,25.066667,27.582917,25.059375,20.565000,21.439252,19.690748,21.002126,20.127874
2025-10-27,20.300000,2025-08-14,2025-06-30,-0.400000,-0.520000,-39.038462,-123.510226,45.837277,111.896086,88.060702,64.225318,40.389933,16.554549,,,,,,,,,,20.560000,24.921667,27.500833,25.085833,20.560000,21.439354,19.680646,20.999677,20.120323
2025-10-28,20.350000,2025-08-14,2025-06-30,-0.400000,-0.520000,-39.134615,-122.564418,46.398847,111.988298,87.860898,63.733497,39.606097,15.478696,,,,,,,,,,20.557500,24.771667,27.428750,25.108542,20.557500,21.439051,19.675949,20.998275,20.116725
2025-10-29,20.150000,2025-08-14,2025-06-30,-0.400000,-0.520000,-38.750000,-121.606633,46.934233,112.047051,87.641250,63.235449,38.829648,14.423847,,,,,,,,,,20.545000,24.624167,27.353333,25.127500,20.545000,21.442892,19.647108,20.993946,20.096054
2025-10-30,20.100000,2025-08-14,2025-06-30,-0.400000,-0.520000,-38.653846,-120.573485,47.385942,111.979592,87.338902,62.698212,38.057523,13.416833,,,,,,,,,,20.522500,24.470000,27.263333,25.146667,20.522500,21.442154,19.602846,20.982327,20.062673
2025-10-31,20.000000,2025-08-14,2025-06-30,-0.400000,-0.520000,-38.461538,-119.529963,47.805544,111.873347,87.014464,62.155581,37.296698,12.437815,,,,,,,,,,20.487500,24.305833,27.170833,25.167500,20.487500,21.431665,19.543335,20.959582,20.015418
2025-11-03,19.950000,2025-08-14,2025-06-30,-0.400000,-0.520000,-38.365385,-118.472482,48.187398,111.720584,86.663137,61.605690,36.548244,11.490797,,,,,,,,,,20.467500,24.170833,27.075417,25.188333,20.467500,21.440436,19.494564,20.953968,19.981032
2025-11-04,19.950000,2025-08-14,2025-06-30,-0.400000,-0.520000,-38.365385,-117.412807,48.540838,111.537131,86.295896,61.054660,35.813424,10.572188,,,,,,,,,,20.452500,24.041667,26.979583,25.207917,20.452500,21.448532,19.456468,20.950516,19.954484
2025-11-05,19.950000,2025-08-14,2025-06-30,-0.400000,-0.520000,-38.365385,-116.337782,48.852685,111.302439,85.899043,60.495647,35.092250,9.688854,,,,,,,,,,20.430000,23.923333,26.880833,25.229375,20.430000,21.451042,19.408958,20.940521,19.919479
2025-11-06,19.700000,2025-08-14,2025-06-30,-0.400000,-0.520000,-37.884615,-115.392522,49.265855,111.240601,85.622356,60.004112,34.385867,8.767622,,,,,,,,,,20.395000,23.845833,26.805417,25.247292,20.395000,21.467086,19.322914,20.931043,19.858957
2025-11-07,20.100000,2025-08-14,2025-06-30,-0.400000,-0.520000,-38.653846,-114.337445,49.543799,110.981022,85.218247,59.455471,33.692696,7.929920,,,,,,,,,,20.340000,23.813333,26.711250,25.266667,20.340000,21.349221,19.330779,20.844610,19.835390
2025-11-10,19.950000,2025-08-14,2025-06-30,-0.400000,-0.520000,-38.365385,-113.253647,49.772739,110.655545,84.773721,58.891897,33.010073,7.128248,,,,,,,,,,20.292500,23.781667,26.610833,25.285000,20.292500,21.279934,19.305066,20.786217,19.798783
2025-11-11,19.850000,2025-08-14,2025-06-30,-0.400000,-0.520000,-38.173077,-112.124388,49.927169,110.228938,84.266810,58.304682,32.342554,6.380426,,,,,,,,,,20.265000,23.712500,26.501250,25.303958,20.265000,21.270302,19.259698,20.767651,19.762349
2025-11-12,19.800000,2025-08-14,2025-06-30,-0.400000,-0.520000,-38.076923,-110.972397,50.028327,109.735107,83.720377,57.705647,31.690917,5.676186,,,,,,,,,,20.255000,23.625000,26.387083,25.323125,20.255000,21.275268,19.234732,20.765134,19.744866
2025-11-13,19.800000,2025-08-14,2025-06-30,-0.400000,-0.520000,-38.076923,-109.816021,50.096684,109.204882,83.154607,57.104331,31.054055,5.003779,,,,,,,,,,20.225000,23.507500,26.272083,25.342917,20.225000,21.262456,19.187544,20.743728,19.706272
2025-11-14,19.750000,2025-11-14,2025-09-30,-0.130000,-0.760000,-25.986842,-108.541350,50.268595,158.899691,120.695558,82.491426,44.287293,6.083161,,,,,,,,,,20.112500,23.389167,26.153333,25.362292,20.112500,20.750651,19.474349,20.431576,19.793424
2025-11-17,19.700000,2025-11-14,2025-09-30,-0.130000,-0.760000,-25.921053,-107.268323,50.411457,158.149341,119.836633,81.523926,43.211218,4.898511,,,,,,,,,,20.045000,23.245833,26.034583,25.381458,20.045000,20.533715,19.556285,20.289357,19.800643
2025-11-18,17.750000,2025-11-14,2025-09-30,-0.130000,-0.760000,-23.355263,-106.033126,50.637860,157.554723,119.069949,80.585176,42.100402,3.615629,,,,,,,,,,19.912500,23.070833,25.910833,25.393125,19.912500,21.029298,18.795702,20.470899,19.354101
2025-11-19,17.950000,2025-11-14,2025-09-30,-0.130000,-0.760000,-23.618421,-104.826437,50.863481,156.980583,118.324338,79.668092,41.011847,2.355602,,,,,,,,,,19.792500,22.885833,25.793750,25.405833,19.792500,21.191475,18.393525,20.491988,19.093012
2025-11-20,17.500000,2025-11-14,2025-09-30,-0.130000,-0.760000,-23.026316,-103.601657,51.050132,156.333460,117.535360,78.737259,39.939159,1.141058,,,,,,,,,,19.650000,22.689167,25.670417,25.416458,19.650000,21.356643,17.943357,20.503322,18.796678
2025-11-21,16.850000,2025-11-14,2025-09-30,-0.130000,-0.760000,-22.171053,-102.382907,51.235078,155.688327,116.749668,77.811009,38.872350,-0.066309,,,,,,,,,,19.472500,22.493333,25.544167,25.425000,19.472500,21.549055,17.395945,20.510777,18.434223
2025-11-24,16.300000,2025-11-14,2025-09-30,-0.130000,-0.760000,-21.447368,-101.199793,51.452506,155.119652,116.015747,76.911842,37.807938,-1.295967,,,,,,,,,,19.272500,22.285000,25.421250,25.432083,19.272500,21.746039,16.798961,20.509269,18.035731
2025-11-25,17.900000,2025-11-14,2025-09-30,-0.130000,-0.760000,-23.552632,-100.060538,51.646889,154.549281,115.297645,76.046009,36.794373,-2.457262,,,,,,,,,,19.150000,22.098333,25.316667,25.447083,19.150000,21.641459,16.658541,20.395730,17.904270
2025-11-26,19.650000,2025-11-14,2025-09-30,-0.130000,-0.760000,-25.855263,-98.962402,51.813177,153.967454,114.589440,75.211426,35.833411,-3.544603,,,,,,,,,,19.125000,21.930833,25.230833,25.468542,19.125000,21.584033,16.665967,20.354516,17.895484
2025-11-27,20.500000,2025-11-14,2025-09-30,-0.130000,-0.760000,-26.973684,-97.875780,51.945143,153.342210,113.863901,74.385592,34.907284,-4.571025,,,,,,,,,,19.145000,21.780833,25.152500,25.494792,19.145000,21.643610,16.646390,20.394305,17.895695
2025-11-28,20.500000,2025-11-14,2025-09-30,-0.130000,-0.760000,-26.973684,-96.782578,52.046135,152.664884,113.109821,73.554759,33.999697,-5.555365,,,,,,,,,,19.170000,21.624167,25.072917,25.521250,19.170000,21.714219,16.625781,20.442110,17.897890
2025-12-01,20.900000,2025-11-14,2025-09-30,-0.130000,-0.760000,-27.500000,-95.625780,52.030360,151.761739,112.218666,72.675592,33.132519,-6.410554,,,,,,,,,,19.217500,21.480000,24.983750,25.548542,19.217500,21.856733,16.578267,20.537117,17.897883
2025-12-02,22.950000,2025-11-14,2025-09-30,-0.130000,-0.760000,-30.197368,-94.436635,51.879995,150.629436,111.200639,71.771842,32.343046,-7.085751,,,,,,,,,,19.367500,21.370833,24.901250,25.583542,19.367500,22.480508,16.254492,20.924004,17.810996
2025-12-03,23.000000,2025-11-14,2025-09-30,-0.130000,-0.760000,-30.263158,-93.241459,51.690675,149.433335,110.148422,70.863509,31.578596,-7.706317,,,,,,,,,,19.520000,21.270000,24.817917,25.616250,19.520000,23.027046,16.012954,21.273523,17.766477
2025-12-04,22.950000,2025-11-14,2025-09-30,-0.130000,-0.760000,-30.197368,-92.052315,51.483815,148.215158,109.087459,69.959759,30.832059,-8.295640,,,,,,,,,,19.682500,21.189167,24.735417,25.647500,19.682500,23.511101,15.853899,21.596800,17.768200
2025-12-05,22.400000,2025-11-14,2025-09-30,-0.130000,-0.760000,-29.473684,-90.859332,51.259079,146.966893,108.009993,69.053092,30.096192,-8.860708,,,,,,,,,,19.797500,21.101667,24.648750,25.680625,19.797500,23.812534,15.782466,21.805017,17.789983
2025-12-08,22.400000,2025-11-14,2025-09-30,-0.130000,-0.760000,-29.473684,-89.701437,51.061273,145.786228,106.979660,68.173092,29.366525,-9.440043,,,,,,,,,,19.920000,21.009167,24.568750,25.707917,19.920000,24.100708,15.739292,22.010354,17.829646
2025-12-09,24.000000,2025-11-14,2025-09-30,-0.130000,-0.760000,-31.578947,-88.626876,50.914880,144.747044,106.051735,67.356426,28.661117,-10.034192,,,,,,,,,,20.127500,20.922500,24.514583,25.735417,20.127500,24.688257,15.566743,22.407878,17.847122
2025-12-10,23.200000,2025-11-14,2025-09-30,-0.130000,-0.760000,-30.526316,-87.576437,50.801348,143.776141,105.167117,66.558092,27.949068,-10.659957,,,,,,,,,,20.297500,20.838333,24.460000,25.760417,20.297500,25.056035,15.538965,22.676768,17.918232
2025-12-11,22.900000,2025-11-14,2025-09-30,-0.130000,-0.760000,-30.131579,-86.555604,50.713824,142.867272,104.324766,65.782259,27.239753,-11.302754,,,,,,,,,,20.452500,20.758333,24.409167,25.785625,20.452500,25.342928,15.562072,22.897714,18.007286
2025-12-12,23.000000,2025-11-14,2025-09-30,-0.130000,-0.760000,-30.263158,-85.553411,50.627259,141.974027,103.497310,65.020592,26.543875,-11.932842,,,,,,,,,,20.615000,20.712500,24.362500,25.804375,20.615000,25.621743,15.608257,23.118371,18.111629
2025-12-15,22.650000,2025-11-14,2025-09-30,-0.130000,-0.760000,-29.802632,-84.630714,50.625929,141.270754,102.795048,64.319342,25.843637,-12.632069,,,,,,,,,,20.762500,20.665000,24.328750,25.819375,20.762500,25.829200,15.695800,23.295850,18.229150
2025-12-16,22.900000,2025-11-14,2025-09-30,-0.130000,-0.760000,-30.131579,-83.697600,50.589593,140.506357,102.058266,63.610176,25.162085,-13.286005,,,,,,,,,,21.020000,20.627500,24.294583,25.832292,21.020000,25.964045,16.075955,23.492022,18.547978
2025-12-17,23.300000,2025-11-14,2025-09-30,-0.130000,-0.760000,-30.657895,-82.762293,50.523433,139.694960,101.297151,62.899342,24.501534,-13.896275,,,,,,,,,,21.287500,20.593333,24.262500,25.846458,21.287500,26.109585,16.465415,23.698542,18.876458
2025-12-18,23.150000,2025-11-14,2025-09-30,-0.130000,-0.760000,-30.460526,-81.838499,50.457238,138.892261,100.544760,62.197259,23.849758,-14.497742,,,,,,,,,,21.570000,20.598333,24.231667,25.862500,21.570000,26.111667,17.028333,23.840833,19.299167
2025-12-19,23.000000,2025-11-14,2025-09-30,-0.130000,-0.760000,-30.263158,-80.904288,50.364839,138.041814,99.764537,61.487259,23.209982,-15.067296,,,,,,,,,,21.877500,20.638333,24.197917,25.875417,21.877500,25.873613,17.881387,23.875557,19.879443
2025-12-22,23.150000,2025-11-14,2025-09-30,-0.130000,-0.760000,-30.460526,-79.971723,50.253124,137.163257,98.970883,60.778509,22.586135,-15.606239,,,,,,,,,,22.220000,20.684167,24.165417,25.891458,22.220000,25.264132,19.175868,23.742066,20.697934
2025-12-23,22.950000,2025-11-14,2025-09-30,-0.130000,-0.760000,-30.197368,-79.021613,50.105966,136.217494,98.136960,60.056426,21.975892,-16.104643,,,,,,,,,,22.472500,20.726667,24.128333,25.908333,22.472500,24.748802,20.196198,23.610651,21.334349
2025-12-24,22.600000,2025-11-14,2025-09-30,-0.130000,-0.760000,-29.736842,-78.093981,49.978164,135.318236,97.334831,59.351426,21.368021,-16.615384,,,,,,,,,,22.620000,20.763333,24.093333,25.916042,22.620000,24.468299,20.771701,23.544150,21.695850
2025-12-26,22.800000,2025-11-14,2025-09-30,-0.130000,-0.760000,-30.000000,-77.148806,49.804527,134.335973,96.484533,58.633092,20.781652,-17.069788,,,,,,,,,,22.735000,20.800833,24.056250,25.916042,22.735000,24.291007,21.178993,23.513004,21.956996
2025-12-29,22.750000,2025-11-14,2025-09-30,-0.130000,-0.760000,-29.934211,-76.218433,49.633321,133.368657,95.647333,57.926009,20.204685,-17.516639,,,,,,,,,,22.847500,20.835000,24.021667,25.912917,22.847500,23.994797,21.700203,23.421148,22.273852
2025-12-30,22.800000,2025-11-14,2025-09-30,-0.130000,-0.760000,-30.000000,-75.268872,49.416193,132.316956,94.760649,57.204342,19.648036,-17.908271,,,,,,,,,,22.942500,20.875833,23.983750,25.905833,22.942500,23.635529,22.249471,23.289015,22.595985
2025-12-31,22.700000,2025-11-14,2025-09-30,-0.130000,-0.760000,-29.868421,-74.289705,49.138892,131.151292,93.805734,56.460176,19.114618,-18.230941,,,,,,,,,,22.930000,20.916667,23.939583,25.894583,22.930000,23.631427,22.228573,23.280714,22.579286
2026-01-02,22.900000,2025-11-14,2025-09-30,-0.130000,-0.760000,-30.131579,-73.253521,48.743255,129.762424,92.717550,55.672676,18.627802,-18.417072,,,,,,,,,,22.925000,20.958333,23.885833,25.887500,22.925000,23.625751,22.224249,23.275376,22.574624
2026-01-05,23.000000,2025-11-14,2025-09-30,-0.130000,-0.760000,-30.263158,-72.194310,48.278856,128.251538,91.559607,54.867676,18.175745,-18.516186,,,,,,,,,,22.927500,21.001667,23.828333,25.882500,22.927500,23.628983,22.226017,23.278242,22.576758
2026-01-06,23.000000,2025-11-14,2025-09-30,-0.130000,-0.760000,-30.263158,-71.130714,47.778271,126.682315,90.370829,54.059342,17.747856,-18.563630,,,,,,,,,,22.957500,21.031667,23.770000,25.880625,22.957500,23.613866,22.301134,23.285683,22.629317
2026-01-07,22.950000,2025-11-14,2025-09-30,-0.130000,-0.760000,-30.197368,-70.077534,47.269108,125.107969,89.183448,53.258926,17.334404,-18.590118,,,,,,,,,,22.985000,21.065833,23.713333,25.876458,22.985000,23.586839,22.383161,23.285920,22.684080
2026-01-08,24.300000,2025-11-14,2025-09-30,-0.130000,-0.760000,-31.973684,-69.050122,46.738905,123.521227,87.999660,52.478092,16.956525,-18.565043,,,,,,,,,,23.000000,21.130833,23.670000,25.884375,23.000000,23.713037,22.286963,23.356518,22.643482
2026-01-09,22.900000,2025-11-14,2025-09-30,-0.130000,-0.760000,-30.131579,-67.994201,46.166662,121.848919,86.762256,51.675592,16.588929,-18.497734,,,,,,,,,,22.985000,21.179167,23.612500,25.881250,22.985000,23.692925,22.277075,23.338963,22.631037
2026-01-12,22.800000,2025-11-14,2025-09-30,-0.130000,-0.760000,-30.000000,-66.970078,45.627421,120.250939,85.574099,50.897259,16.220419,-18.456421,,,,,,,,,,22.980000,21.219167,23.560417,25.881250,22.980000,23.691855,22.268145,23.335927,22.624073
2026-01-13,23.100000,2025-11-14,2025-09-30,-0.130000,-0.760000,-30.394737,-65.958016,45.072594,118.638435,84.383264,50.128092,15.872921,-18.382250,,,,,,,,,,22.985000,21.237500,23.512500,25.881458,22.985000,23.698848,22.271152,23.341924,22.628076
2026-01-14,22.950000,2025-11-14,2025-09-30,-0.130000,-0.760000,-30.197368,-64.924573,44.449505,116.905924,83.124300,49.342676,15.561052,-18.220572,,,,,,,,,,23.000000,21.269167,23.459583,25.883125,23.000000,23.696608,22.303392,23.348304,22.651696
2026-01-15,22.850000,2025-11-14,2025-09-30,-0.130000,-0.760000,-30.065789,-63.892227,43.798378,115.131627,81.844860,48.558092,15.271325,-18.015442,,,,,,,,,,22.997500,21.310000,23.406250,25.885417,22.997500,23.695976,22.299024,23.346738,22.648262
2026-01-16,22.950000,2025-11-14,2025-09-30,-0.130000,-0.760000,-30.197368,-62.852205,43.092861,113.268825,80.518251,47.767676,15.017101,-17.733474,,,,,,,,,,22.980000,21.353333,23.352083,25.890417,22.980000,23.663951,22.296049,23.321976,22.638024
2026-01-19,23.300000,2025-11-14,2025-09-30,-0.130000,-0.760000,-30.657895,-61.837951,42.394927,111.437131,79.216987,46.996842,14.776698,-17.443446,,,,,,,,,,22.987500,21.402500,23.305000,25.896667,22.987500,23.682501,22.292499,23.335000,22.640000
2026-01-20,23.300000,2025-11-14,2025-09-30,-0.130000,-0.760000,-30.657895,-60.828082,41.670104,109.567901,77.898622,46.229342,14.560063,-17.109216,,,,,,,,,,23.002500,21.450833,23.258750,25.903125,23.002500,23.711447,22.293553,23.356973,22.648027
2026-01-21,22.900000,2025-11-14,2025-09-30,-0.130000,-0.760000,-30.131579,-59.807249,40.895507,107.614679,76.534094,45.453509,14.372924,-16.707661,,,,,,,,,,22.990000,21.494167,23.207917,25.898958,22.990000,23.696809,22.283191,23.343404,22.636596
2026-01-22,22.800000,2025-11-14,2025-09-30,-0.130000,-0.760000,-30.000000,-58.769968,40.043913,105.531923,75.098549,44.665176,14.231802,-16.201572,,,,,,,,,,22.982500,21.535000,23.153333,25.884583,22.982500,23.694262,22.270738,23.338381,22.626619
2026-01-23,23.000000,2025-11-14,2025-09-30,-0.130000,-0.760000,-30.263158,-57.750231,39.182415,103.447446,73.668811,43.890176,14.111541,-15.667094,,,,,,,,,,23.002500,21.582500,23.103333,25.860417,23.002500,23.691110,22.313890,23.346805,22.658195
2026-01-26,22.900000,2025-11-14,2025-09-30,-0.130000,-0.760000,-30.131579,-56.714047,38.235741,101.221002,72.161839,43.102676,14.043513,-15.015650,,,,,,,,,,23.007500,21.629167,23.049583,25.840833,23.007500,23.691355,22.323645,23.349428,22.665572
2026-01-27,22.700000,2025-11-14,2025-09-30,-0.130000,-0.760000,-29.868421,-55.653740,37.177977,98.807367,70.552105,42.296842,14.041580,-14.213683,,,,,,,,,,23.005000,21.674167,22.990000,25.820000,23.005000,23.693171,22.316829,23.349085,22.660915
2026-01-28,22.750000,2025-11-14,2025-09-30,-0.130000,-0.760000,-29.934211,-54.929234,36.820311,97.713090,69.729653,41.746217,13.762781,-14.220655,,,,,,,,,,23.002500,21.720833,22.945833,25.798750,23.002500,23.694161,22.310839,23.348330,22.656670
2026-01-29,22.700000,2025-11-14,2025-09-30,-0.130000,-0.760000,-29.868421,-54.216331,36.465804,96.632433,68.918423,41.204412,13.490401,-14.223609,,,,,,,,,,23.002500,21.766667,22.904167,25.776667,23.002500,23.694161,22.310839,23.348330,22.656670
2026-01-30,22.550000,2025-11-14,2025-09-30,-0.130000,-0.760000,-29.671053,-53.524354,36.132869,95.600470,68.139489,40.678509,13.217529,-14.243451,,,,,,,,,,22.985000,21.810000,22.866667,25.754583,22.985000,23.704722,22.265278,23.344861,22.625139
2026-02-02,22.150000,2025-11-14,2025-09-30,-0.130000,-0.760000,-29.144737,-52.921741,35.929160,94.832847,67.526685,40.220523,12.914361,-14.391801,,,,,,,,,,22.942500,21.850833,22.848333,25.731667,22.942500,23.753137,22.131863,23.347818,22.537182
2026-02-03,22.500000,2025-11-14,2025-09-30,-0.130000,-0.760000,-29.605263,-52.402826,35.811321,94.259356,67.042752,39.826148,12.609544,-14.607059,,,,,,,,,,22.917500,21.890833,22.852083,25.709583,22.917500,23.751182,22.083818,23.334341,22.500659
2026-02-04,22.400000,2025-11-14,2025-09-30,-0.130000,-0.760000,-29.473684,-51.889760,35.693941,93.691007,66.563612,39.436217,12.308823,-14.818572,,,,,,,,,,22.890000,21.931667,22.856667,25.687500,22.890000,23.754870,22.025130,23.322435,22.457565
2026-02-05,22.400000,2025-11-14,2025-09-30,-0.130000,-0.760000,-29.473684,-51.302041,35.475079,92.911671,65.950611,38.989551,12.028491,-14.932569,,,,,,,,,,22.795000,21.974167,22.843333,25.676875,22.795000,23.379808,22.210192,23.087404,22.502596
2026-02-06,22.400000,2025-11-14,2025-09-30,-0.130000,-0.760000,-29.473684,-50.677863,35.191224,92.005837,65.260506,38.515176,11.769845,-14.975485,,,,,,,,,,22.770000,22.017500,22.821250,25.666042,22.770000,23.378190,22.161810,23.074095,22.465905
2026-02-09,21.850000,2025-11-14,2025-09-30,-0.130000,-0.760000,-28.750000,-49.985155,34.792351,90.873090,64.430904,37.988717,11.546531,-14.895655,,,,,,,,,,22.722500,22.051667,22.779583,25.655625,22.722500,23.456254,21.988746,23.089377,22.355623
2026-02-10,22.050000,2025-11-14,2025-09-30,-0.130000,-0.760000,-29.013158,-49.294639,34.373464,89.711591,63.587758,37.463926,11.340093,-14.783739,,,,,,,,,,22.670000,22.090000,22.739583,25.645833,22.670000,23.439415,21.900585,23.054708,22.285292
2026-02-11,22.950000,2025-11-14,2025-09-30,-0.130000,-0.760000,-30.197368,-48.563645,33.830306,88.330436,62.619403,36.908370,11.197337,-14.513696,,,,,,,,,,22.670000,22.144167,22.695000,25.639583,22.670000,23.439415,21.900585,23.054708,22.285292
2026-02-23,22.200000,2025-11-14,2025-09-30,-0.130000,-0.760000,-29.210526,-47.826163,33.270291,86.918726,61.633305,36.347884,11.062463,-14.222958,,,,,,,,,,22.637500,22.218333,22.644583,25.620208,22.637500,23.429483,21.845517,23.033491,22.241509
2026-02-24,22.050000,2025-11-14,2025-09-30,-0.130000,-0.760000,-29.013158,-47.059259,32.622799,85.351692,60.558365,35.765037,10.971709,-13.821618,,,,,,,,,,22.592500,22.286667,22.586250,25.590417,22.592500,23.411533,21.773467,23.002017,22.182983
2026-02-25,21.600000,2025-11-14,2025-09-30,-0.130000,-0.760000,-28.421053,-46.278740,31.925736,83.698962,59.435402,35.171842,10.908283,-13.355277,,,,,,,,,,22.507500,22.355000,22.522083,25.562708,22.507500,23.369123,21.645877,22.938312,22.076688
2026-02-26,22.000000,2025-11-14,2025-09-30,-0.130000,-0.760000,-28.947368,-45.526913,31.250003,82.100459,58.350456,34.600454,10.850451,-12.899551,,,,,,,,,,22.442500,22.440833,22.467083,25.534583,22.442500,23.246618,21.638382,22.844559,22.040441
2026-03-02,22.450000,2025-11-14,2025-09-30,-0.130000,-0.760000,-29.539474,-44.773075,30.520984,80.419433,57.223485,34.027537,10.831589,-12.364359,,,,,,,,,,22.420000,22.543333,22.414167,25.511042,22.420000,23.194868,21.645132,22.807434,22.032566
2026-03-03,22.800000,2025-11-14,2025-09-30,-0.130000,-0.760000,-30.000000,-44.012658,29.725956,78.633073,56.041347,33.449620,10.857894,-11.733833,,,,,,,,,,22.420000,22.625000,22.361667,25.488958,22.420000,23.194868,21.645132,22.807434,22.032566
2026-03-04,22.050000,2025-11-14,2025-09-30,-0.130000,-0.760000,-29.013158,-43.223185,28.835146,76.679042,54.764331,32.849620,10.934909,-10.979802,,,,,,,,,,22.372500,22.665000,22.297917,25.465833,22.372500,23.113392,21.631608,22.742946,22.002054
2026-03-05,22.450000,2025-11-14,2025-09-30,-0.130000,-0.760000,-29.539474,-42.445041,27.911617,74.683889,53.471060,32.258231,11.045403,-10.167426,,,,,,,,,,22.350000,22.697500,22.239167,25.446042,22.350000,23.049624,21.650376,22.699812,22.000188
2026-03-06,22.050000,2025-11-14,2025-09-30,-0.130000,-0.760000,-29.013158,-41.648623,26.893120,72.530495,52.091724,31.652954,11.214183,-9.224588,,,,,,,,,,22.317500,22.723333,22.173750,25.420417,22.317500,23.009009,21.625991,22.663254,21.971746
2026-03-09,21.800000,2025-11-14,2025-09-30,-0.130000,-0.760000,-28.684211,-40.861617,25.850393,70.347426,50.701127,31.054829,11.408530,-8.237769,,,,,,,,,,22.270000,22.738333,22.109167,25.396250,22.270000,22.966910,21.573090,22.618455,21.921545
2026-03-10,20.800000,2025-11-14,2025-09-30,-0.130000,-0.760000,-27.368421,-40.065381,24.749816,68.069410,49.259550,30.449690,11.639830,-7.170030,,,,,,,,,,22.175000,22.702500,22.036667,25.378542,22.175000,23.104346,21.245654,22.639673,21.710327
2026-03-11,21.350000,2025-11-14,2025-09-30,-0.130000,-0.760000,-28.092105,-39.290801,23.623101,65.768122,47.814566,29.861009,11.907452,-6.046104,,,,,,,,,,22.115000,22.675000,21.972500,25.362083,22.115000,23.095923,21.134077,22.605462,21.624538
2026-03-12,21.200000,2025-11-14,2025-09-30,-0.130000,-0.760000,-27.894737,-38.557980,22.569170,63.609203,46.456634,29.304065,12.151496,-5.001074,,,,,,,,,,22.067500,22.645833,21.917500,25.342083,22.067500,23.129908,21.005092,22.598704,21.536296
2026-03-13,21.950000,2025-11-14,2025-09-30,-0.130000,-0.760000,-28.881579,-37.838590,21.453678,61.366920,45.062124,28.757329,12.452533,-3.852263,,,,,,,,,,22.040000,22.638333,21.870000,25.326667,22.040000,23.083577,20.996423,22.561788,21.518212
2026-03-16,21.700000,2025-11-14,2025-09-30,-0.130000,-0.760000,-28.552632,-37.106043,20.211434,58.921973,43.561283,28.200592,12.839902,-2.520788,,,,,,,,,,22.005000,22.626667,21.817917,25.309375,22.005000,23.044686,20.965314,22.524843,21.485157
2026-03-17,21.500000,2025-11-14,2025-09-30,-0.130000,-0.760000,-28.289474,-36.327899,18.666989,55.983026,41.796115,27.609204,13.422292,-0.764619,,,,,,,,,,21.960000,22.585000,21.753750,25.292083,21.960000,23.005592,20.914408,22.482796,21.437204
2026-03-18,21.350000,2025-11-14,2025-09-30,-0.130000,-0.760000,-28.092105,-35.581098,17.111706,53.051427,40.046531,27.041634,14.036738,1.031841,,,,,,,,,,21.907500,22.554167,21.696250,25.272708,21.907500,22.965440,20.849560,22.436470,21.378530
2026-03-19,21.200000,2025-11-14,2025-09-30,-0.130000,-0.760000,-27.894737,-34.851748,15.466411,49.996274,38.241801,26.487329,14.732856,2.978384,,,,,,,,,,21.875000,22.525833,21.642083,25.251875,21.875000,22.979298,20.770702,22.427149,21.322851
2026-03-20,22.500000,2025-11-14,2025-09-30,-0.130000,-0.760000,-29.605263,-34.204361,13.961431,47.216690,36.606002,25.995315,15.384627,4.773939,,,,,,,,,,21.897500,22.517500,21.615000,25.238542,21.897500,23.034659,20.760341,22.466080,21.328920
2026-03-23,21.000000,2025-11-14,2025-09-30,-0.130000,-0.760000,-27.631579,-33.468715,11.774586,43.333594,34.384909,25.436224,16.487539,7.538853,,,,,,,,,,21.800000,22.490000,21.577500,25.217708,21.800000,22.890630,20.709370,22.345315,21.254685
2026-03-24,21.900000,2025-11-14,2025-09-30,-0.130000,-0.760000,-28.815789,-32.756196,9.131327,38.774326,31.834517,24.894709,17.954900,11.015092,,,,,,,,,,21.785000,22.473333,21.550417,25.199167,21.785000,22.860615,20.709385,22.322807,21.247193
2026-03-25,23.000000,2025-11-14,2025-09-30,-0.130000,-0.760000,-30.263158,-32.048161,5.076668,32.073137,28.214870,24.356603,20.498335,16.640068,,,,,,,,,,21.832500,22.468333,21.530833,25.185417,21.832500,23.033936,20.631064,22.433218,21.231782
2026-03-26,22.950000,2025-11-14,2025-09-30,-0.130000,-0.760000,-30.197368,-31.933620,4.959766,31.808396,28.038974,24.269551,20.500129,16.730707,,,,,,,,,,21.900000,22.465000,21.531667,25.166667,21.900000,23.194523,20.605477,22.547261,21.252739
2026-03-27,22.700000,2025-11-14,2025-09-30,-0.130000,-0.760000,-29.868421,-31.852395,4.912493,31.674810,27.941315,24.207821,20.474326,16.740831,,,,,,,,,,21.935000,22.460000,21.549167,25.149792,21.935000,23.277856,20.592144,22.606428,21.263572
2026-03-30,22.200000,2025-11-14,2025-09-30,-0.130000,-0.760000,-29.210526,-31.768893,4.871009,31.548292,27.846326,24.144359,20.442392,16.740426,,,,,,,,,,21.922500,22.444167,21.564167,25.129375,21.922500,23.249735,20.595265,22.586117,21.258883
2026-03-31,22.100000,2026-03-31,2025-12-31,0.000000,-0.650000,-34.000000,-31.725304,4.826877,26.896388,23.758918,20.621447,17.483977,14.346507,,,,,,,,,,21.887500,22.430000,21.578333,25.108542,21.887500,23.152775,20.622225,22.520138,21.254862
2026-04-01,22.000000,2026-03-31,2025-12-31,0.000000,-0.650000,-33.846154,-31.680432,4.781332,26.808012,23.700146,20.592281,17.484415,14.376549,,,,,,,,,,21.885000,22.420000,21.591667,25.089792,21.885000,23.149120,20.620880,22.517060,21.252940
2026-04-02,22.000000,2026-03-31,2025-12-31,0.000000,-0.650000,-33.846154,-31.633156,4.730955,26.711793,23.636672,20.561552,17.486431,14.411310,,,,,,,,,,21.862500,22.406667,21.603750,25.068958,21.862500,23.100017,20.624983,22.481258,21.243742
2026-04-07,22.350000,2026-03-31,2025-12-31,0.000000,-0.650000,-34.384615,-31.587964,4.677815,26.613337,23.572757,20.532177,17.491597,14.451016,,,,,,,,,,21.877500,22.400000,21.617500,25.048542,21.877500,23.131745,20.623255,22.504623,21.250377
2026-04-08,21.950000,2026-03-31,2025-12-31,0.000000,-0.650000,-33.769231,-31.543252,4.630479,26.522737,23.512925,20.503114,17.493303,14.483491,,,,,,,,,,21.885000,22.385833,21.630833,25.026875,21.885000,23.139088,20.630912,22.512044,21.257956
2026-04-09,22.000000,2026-03-31,2025-12-31,0.000000,-0.650000,-33.846154,-31.500784,4.585197,26.436266,23.455888,20.475510,17.495132,14.514754,,,,,,,,,,21.945000,22.374167,21.645417,25.013958,21.945000,23.090655,20.799345,22.517828,21.372172
2026-04-10,22.000000,2026-03-31,2025-12-31,0.000000,-0.650000,-33.846154,-31.455913,4.534987,26.341826,23.394085,20.446343,17.498602,14.550861,,,,,,,,,,21.977500,22.359167,21.658750,25.000208,21.977500,23.088438,20.866562,22.532969,21.422031
2026-04-13,21.650000,2026-03-31,2025-12-31,0.000000,-0.650000,-33.307692,-31.406554,4.481573,26.240304,23.327282,20.414260,17.501238,14.588215,,,,,,,,,,22.000000,22.336667,21.669167,24.989583,22.000000,23.061776,20.938224,22.530888,21.469112
2026-04-14,21.800000,2026-03-31,2025-12-31,0.000000,-0.650000,-33.538462,-31.346297,4.402543,26.098400,23.236746,20.375093,17.513440,14.651787,,,,,,,,,,21.992500,22.316667,21.674167,24.969583,21.992500,23.057876,20.927124,22.525188,21.459812
2026-04-15,21.500000,2026-03-31,2025-12-31,0.000000,-0.650000,-33.076923,-31.287002,4.329715,25.965181,23.150866,20.336552,17.522237,14.707922,,,,,,,,,,21.982500,22.292500,21.679167,24.947083,21.982500,23.063082,20.901918,22.522791,21.442209
2026-04-16,22.800000,2026-03-31,2025-12-31,0.000000,-0.650000,-35.076923,-31.252387,4.282014,25.880670,23.097361,20.314052,17.530742,14.747433,,,,,,,,,,22.047500,22.267500,21.699167,24.930000,22.047500,23.161750,20.933250,22.604625,21.490375
2026-04-17,22.600000,2026-03-31,2025-12-31,0.000000,-0.650000,-34.769231,-31.221618,4.242863,25.809774,23.051913,20.294052,17.536191,14.778330,,,,,,,,,,22.110000,22.262500,21.720833,24.910208,22.110000,23.199471,21.020529,22.654736,21.565264
2026-04-20,22.000000,2026-03-31,2025-12-31,0.000000,-0.650000,-33.846154,-31.176746,4.185534,25.706079,22.985482,20.264885,17.544288,14.823691,,,,,,,,,,22.150000,22.249167,21.734167,24.886875,22.150000,23.154202,21.145798,22.652101,21.647899
2026-04-21,22.000000,2026-03-31,2025-12-31,0.000000,-0.650000,-33.846154,-31.106233,4.066006,25.504859,22.861955,20.219052,17.576148,14.933244,,,,,,,,,,22.125000,22.230833,21.734167,24.857708,22.125000,23.117339,21.132661,22.621170,21.628830
2026-04-22,21.950000,2026-03-31,2025-12-31,0.000000,-0.650000,-33.769231,-31.050304,3.981248,25.358320,22.770509,20.182697,17.594886,15.007075,,,,,,,,,,22.172500,22.214167,21.741667,24.827083,22.172500,23.018217,21.326783,22.595358,21.749642
2026-04-23,21.750000,2026-03-31,2025-12-31,0.000000,-0.650000,-33.461538,-31.002227,3.915930,25.242157,22.696802,20.151447,17.606093,15.060738,,,,,,,,,,22.165000,22.195833,21.752917,24.796458,22.165000,23.023456,21.306544,22.594228,21.735772
2026-04-24,21.500000,2026-03-31,2025-12-31,0.000000,-0.650000,-33.076923,-30.951746,3.848681,25.121921,22.620278,20.118635,17.616992,15.115349,,,,,,,,,,22.090000,22.171667,21.762500,24.762292,22.090000,22.902145,21.277855,22.496072,21.683928
2026-04-27,21.000000,2026-03-31,2025-12-31,0.000000,-0.650000,-32.307692,-30.894855,3.776487,24.991088,22.536372,20.081656,17.626939,15.172223,,,,,,,,,,21.992500,22.133333,21.767917,24.713750,21.992500,22.837470,21.147530,22.414985,21.570015
2026-04-28,20.950000,2026-03-31,2025-12-31,0.000000,-0.650000,-32.230769,-30.836522,3.699931,24.853649,22.448694,20.043739,17.638784,15.233829,,,,,,,,,,21.905000,22.094167,21.772500,24.677708,21.905000,22.802306,21.007694,22.353653,21.456347
2026-04-29,20.750000,2026-03-31,2025-12-31,0.000000,-0.650000,-31.923077,-30.777227,3.623611,24.715891,22.360544,20.005197,17.649850,15.294503,,,,,,,,,,21.832500,22.058333,21.776250,24.638542,21.832500,22.855023,20.809977,22.343761,21.321239
2026-04-30,20.750000,2026-03-31,2025-12-31,0.000000,-0.650000,-31.923077,-30.717131,3.542740,24.571697,22.268916,19.966135,17.663354,15.360573,,,,,,,,,,21.765000,22.024167,21.779583,24.604167,21.765000,22.886606,20.643394,22.325803,21.204197
2026-05-04,21.000000,2026-03-31,2025-12-31,0.000000,-0.650000,-32.307692,-30.663445,3.468013,24.439656,22.185448,19.931239,17.677030,15.422822,,,,,,,,,,21.715000,21.990833,21.786667,24.570000,21.715000,22.880784,20.549216,22.297892,21.132108
2026-05-05,21.900000,2026-03-31,2025-12-31,0.000000,-0.650000,-33.692308,-30.622099,3.400876,24.325503,22.114934,19.904364,17.693794,15.483225,,,,,,,,,,21.710000,21.974167,21.801667,24.532500,21.710000,22.871487,20.548513,22.290744,21.129256
2026-05-06,20.600000,2026-03-31,2025-12-31,0.000000,-0.650000,-31.692308,-30.565688,3.325046,24.190257,22.028977,19.867697,17.706417,15.545138,,,,,,,,,,21.622500,21.939167,21.806667,24.488750,21.622500,22.843145,20.401855,22.232822,21.012178
2026-05-07,20.700000,2026-03-31,2025-12-31,0.000000,-0.650000,-31.846154,-30.511361,3.248925,24.055987,21.944186,19.832385,17.720584,15.608783,,,,,,,,,,21.560000,21.905000,21.812917,24.444167,21.560000,22.836756,20.283244,22.198378,20.921622
2026-05-08,20.600000,2026-03-31,2025-12-31,0.000000,-0.650000,-31.692308,-30.455752,3.169503,23.916592,21.856416,19.796239,17.736062,15.675886,,,,,,,,,,21.490000,21.870000,21.818333,24.398958,21.490000,22.817681,20.162319,22.153841,20.826159
2026-05-11,20.600000,2026-03-31,2025-12-31,0.000000,-0.650000,-31.692308,-30.400143,3.087028,23.773230,21.766662,19.760093,17.753525,15.746956,,,,,,,,,,21.420000,21.837500,21.823750,24.352292,21.420000,22.781655,20.058345,22.100828,20.739172
2026-05-12,20.100000,2026-03-31,2025-12-31,0.000000,-0.650000,-30.923077,-30.342131,3.009637,23.634913,21.678649,19.722385,17.766121,15.809857,,,,,,,,,,21.342500,21.803333,21.827083,24.316250,21.342500,22.820505,19.864495,22.081503,20.603497
2026-05-13,20.100000,2026-03-31,2025-12-31,0.000000,-0.650000,-30.923077,-30.277707,2.911361,23.465279,21.572894,19.680510,17.788125,15.895741,,,,,,,,,,21.257500,21.763333,21.827083,24.269167,21.257500,22.817957,19.697043,22.037729,20.477271
2026-05-14,20.100000,2026-03-31,2025-12-31,0.000000,-0.650000,-30.923077,-30.215688,2.815311,23.300102,21.470149,19.640197,17.810245,15.980293,,,,,,,,,,21.187500,21.725000,21.828333,24.219583,21.187500,22.825816,19.549184,22.006658,20.368342
2026-05-15,19.950000,2026-05-15,2026-03-31,-0.100000,-0.630000,-31.666667,-30.161468,2.721875,22.431287,20.716506,19.001725,17.286944,15.572163,,,,,,,,,,21.045000,21.684167,21.829167,24.165208,21.045000,22.585642,19.504358,21.815321,20.274679
2026-05-18,19.750000,2026-05-15,2026-03-31,-0.100000,-0.630000,-31.349206,-30.105404,2.625029,22.273941,20.620173,18.966404,17.312636,15.658867,,,,,,,,,,20.902500,21.640000,21.828750,24.107917,20.902500,22.362664,19.442336,21.632582,20.172418
2026-05-19,19.750000,2026-05-15,2026-03-31,-0.100000,-0.630000,-31.349206,-30.049340,2.523216,22.110336,20.520710,18.931084,17.341458,15.751832,,,,,,,,,,20.790000,21.605000,21.828333,24.050208,20.790000,22.240807,19.339193,21.515404,20.064596
2026-05-20,19.800000,2026-05-15,2026-03-31,-0.100000,-0.630000,-31.428571,-30.094687,2.498368,22.107596,20.533625,18.959653,17.385681,15.811710,,,,,,,,,,20.680000,21.567500,21.828750,23.991042,20.680000,22.077140,19.282860,21.378570,19.981430
2026-05-21,19.800000,2026-05-15,2026-03-31,-0.100000,-0.630000,-31.428571,-30.140583,2.471495,22.102651,20.545609,18.988567,17.431526,15.874484,,,,,,,,,,20.572500,21.515000,21.829583,23.932083,20.572500,21.886584,19.258416,21.229542,19.915458
2026-05-22,19.700000,2026-05-15,2026-03-31,-0.100000,-0.630000,-31.269841,-30.206538,2.393266,22.045634,20.537877,19.030119,17.522361,16.014604,,,,,,,,,,20.470000,21.473333,21.845833,23.878333,20.470000,21.715370,19.224630,21.092685,19.847315
2026-05-25,19.600000,2026-05-15,2026-03-31,-0.100000,-0.630000,-31.111111,-30.268977,2.316448,21.988181,20.528818,19.069456,17.610093,16.150731,,,,,,,,,,20.375000,21.432500,21.859583,23.826667,20.375000,21.578722,19.171278,20.976861,19.773139
2026-05-26,19.400000,2026-05-15,2026-03-31,-0.100000,-0.630000,-30.793651,-30.333705,2.218832,21.905962,20.508098,19.110234,17.712370,16.314506,,,,,,,,,,20.295000,21.395833,21.875417,23.772917,20.295000,21.535925,19.054075,20.915462,19.674538
2026-05-27,19.150000,2026-05-15,2026-03-31,-0.100000,-0.630000,-30.396825,-30.402253,2.087727,21.783955,20.468687,19.153419,17.838152,16.522884,,,,,,,,,,20.205000,21.348333,21.894583,23.719375,20.205000,21.505567,18.904433,20.855283,19.554717
2026-05-28,18.300000,2026-05-15,2026-03-31,-0.100000,-0.630000,-29.047619,-30.465589,1.922528,21.615706,20.404513,19.193321,17.982128,16.770936,,,,,,,,,,20.082500,21.279167,21.911250,23.666250,20.082500,21.608856,18.556144,20.845678,19.319322
2026-05-29,18.000000,2026-05-15,2026-03-31,-0.100000,-0.630000,-28.571429,-30.507412,1.822885,21.516505,20.368087,19.219669,18.071252,16.922834,,,,,,,,,,19.945000,21.199167,21.912083,23.614375,19.945000,21.696961,18.193039,20.820981,19.069019
2026-06-01,17.750000,2026-05-15,2026-03-31,-0.100000,-0.630000,-28.174603,-30.526740,1.785048,21.481006,20.356426,19.231846,18.107266,16.982686,,,,,,,,,,19.782500,21.127500,21.896250,23.563542,19.782500,21.715938,17.849062,20.749219,18.815781
2026-06-02,18.700000,2026-05-15,2026-03-31,-0.100000,-0.630000,-29.682540,-30.549313,1.756640,21.459434,20.352751,19.246067,18.139384,17.032701,,,,,,,,,,19.622500,21.065000,21.881250,23.516875,19.622500,21.335139,17.909861,20.478819,18.766181
2026-06-03,18.800000,2026-05-15,2026-03-31,-0.100000,-0.630000,-29.841270,-30.573210,1.726842,21.436943,20.349033,19.261122,18.173212,17.085301,,,,,,,,,,19.532500,21.010833,21.867083,23.470000,19.532500,21.217816,17.847184,20.375158,18.689842
2026-06-04,18.800000,2026-05-15,2026-03-31,-0.100000,-0.630000,-29.841270,-30.592721,1.704915,21.421607,20.347510,19.273414,18.199317,17.125221,,,,,,,,,,19.437500,20.960833,21.849583,23.416667,19.437500,21.058700,17.816300,20.248100,18.626900
2026-06-05,18.700000,2026-05-15,2026-03-31,-0.100000,-0.630000,-29.682540,-30.588430,1.706565,21.420983,20.345847,19.270711,18.195575,17.120439,,,,,,,,,,19.342500,20.925833,21.814167,23.357708,19.342500,20.898228,17.786772,20.120364,18.564636
2026-06-08,19.200000,2026-05-15,2026-03-31,-0.100000,-0.630000,-30.476190,-30.590206,1.706335,21.421811,20.346820,19.271830,18.196839,17.121848,,,,,,,,,,19.272500,20.890000,21.782500,23.300208,19.272500,20.711606,17.833394,19.992053,18.552947
2026-06-09,19.350000,2026-05-15,2026-03-31,-0.100000,-0.630000,-30.714286,-30.594513,1.705987,21.424087,20.349315,19.274543,18.199771,17.125000,,,,,,,,,,19.235000,20.859167,21.752500,23.243958,19.235000,20.621438,17.848562,19.928219,18.541781
2026-06-10,19.450000,2026-05-15,2026-03-31,-0.100000,-0.630000,-30.873016,-30.606174,1.703041,21.427722,20.354806,19.281890,18.208974,17.136058,,,,,,,,,,19.202500,20.817500,21.727917,23.188333,19.202500,20.532904,17.872096,19.867702,18.537298
2026-06-11,19.500000,2026-05-15,2026-03-31,-0.100000,-0.630000,-30.952381,-30.618497,1.700125,21.431811,20.360732,19.289653,18.218574,17.147495,,,,,,,,,,19.172500,20.780833,21.703750,23.136250,19.172500,20.443420,17.901580,19.807960,18.537040
2026-06-12,19.900000,2026-05-15,2026-03-31,-0.100000,-0.630000,-31.587302,-30.618566,1.700165,21.431905,20.360801,19.289697,18.218593,17.147489,,,,,,,,,,19.170000,20.754167,21.669583,23.092083,19.170000,20.434661,17.905339,19.802331,18.537669
2026-06-15,21.000000,2026-05-15,2026-03-31,-0.100000,-0.630000,-33.333333,-30.641958,1.718101,21.469241,20.386837,19.304434,18.222030,17.139626,,,,,,,,,,19.232500,20.748333,21.651250,23.055625,19.232500,20.721504,17.743496,19.977002,18.487998
2026-06-16,21.900000,2026-05-15,2026-03-31,-0.100000,-0.630000,-34.761905,-30.680544,1.758073,21.543914,20.436329,19.328743,18.221157,17.113571,,,,,,,,,,19.340000,20.760000,21.642917,23.026042,19.340000,21.240028,17.439972,20.290014,18.389986
2026-06-17,22.800000,2026-05-15,2026-03-31,-0.100000,-0.630000,-36.190476,-30.729939,1.828118,21.663290,20.511576,19.359861,18.208147,17.056433,,,,,,,,,,19.490000,20.765000,21.641250,23.001875,19.490000,21.937684,17.042316,20.713842,18.266158
2026-06-18,22.750000,2026-05-15,2026-03-31,-0.100000,-0.630000,-36.111111,-30.782509,1.890857,21.775460,20.584221,19.392981,18.201741,17.010501,,,,,,,,,,19.637500,20.794167,21.642083,22.985417,19.637500,22.486484,16.788516,21.061992,18.213008
2026-06-22,22.750000,2026-05-15,2026-03-31,-0.100000,-0.630000,-36.111111,-30.832339,1.951379,21.883111,20.653742,19.424373,18.195005,16.965636,,,,,,,,,,19.790000,20.808333,21.640833,22.967708,19.790000,22.961352,16.618648,21.375676,18.204324
2026-06-23,21.650000,2026-05-15,2026-03-31,-0.100000,-0.630000,-34.365079,-30.863232,1.977761,21.935815,20.689825,19.443836,18.197847,16.951858,,,,,,,,,,19.892500,20.785833,21.627083,22.944792,19.892500,23.168774,16.616226,21.530637,18.254363
2026-06-24,21.900000,2026-05-15,2026-03-31,-0.100000,-0.630000,-34.761905,-30.899077,2.009131,21.997923,20.732171,19.466418,18.200666,16.934913,,,,,,,,,,20.017500,20.768333,21.616667,22.924167,20.017500,23.403582,16.631418,21.710541,18.324459
2026-06-25,21.700000,2026-05-15,2026-03-31,-0.100000,-0.630000,-34.444444,-30.933921,2.034112,22.051351,20.769861,19.488370,18.206880,16.925389,,,,,,,,,,20.145000,20.751667,21.605833,22.901875,20.145000,23.585150,16.704850,21.865075,18.424925
2026-06-26,20.200000,2026-05-15,2026-03-31,-0.100000,-0.630000,-32.063492,-30.947279,2.036239,22.062447,20.779616,19.496786,18.213955,16.931124,,,,,,,,,,20.240000,20.718333,21.581250,22.873333,20.240000,23.568758,16.911242,21.904379,18.575621
2026-06-29,20.550000,2026-05-15,2026-03-31,-0.100000,-0.630000,-32.619048,-30.967460,2.040740,22.080832,20.795166,19.509499,18.223833,16.938167,,,,,,,,,,20.367500,20.692500,21.561250,22.844792,20.367500,23.525993,17.209007,21.946747,18.788253
2026-06-30,21.100000,2026-05-15,2026-03-31,-0.100000,-0.630000,-33.492063,-30.998753,2.050480,22.112819,20.821016,19.529214,18.237412,16.945610,,,,,,,,,,20.535000,20.677500,21.548750,22.821042,20.535000,23.455364,17.614636,21.995182,19.074818
2026-07-01,21.900000,2026-05-15,2026-03-31,-0.100000,-0.630000,-34.761905,-31.038436,2.076896,22.171104,20.862659,19.554214,18.245770,16.937325,,,,,,,,,,20.695000,20.675833,21.541250,22.798750,20.695000,23.541771,17.848229,22.118386,19.271614
2026-07-02,21.500000,2026-05-15,2026-03-31,-0.100000,-0.630000,-34.126984,-31.073375,2.093366,22.213868,20.895047,19.576226,18.257406,16.938585,,,,,,,,,,20.830000,20.661667,21.530833,22.776250,20.830000,23.551725,18.108275,22.190863,19.469137
2026-07-03,20.550000,2026-05-15,2026-03-31,-0.100000,-0.630000,-32.619048,-31.095201,2.095733,22.230600,20.910288,19.589976,18.269665,16.949353,,,,,,,,,,20.917500,20.638333,21.512083,22.747917,20.917500,23.471810,18.363190,22.194655,19.640345
2026-07-06,20.600000,2026-05-15,2026-03-31,-0.100000,-0.630000,-32.698413,-31.118784,2.097734,22.247979,20.926406,19.604834,18.283262,16.961689,,,,,,,,,,21.012500,20.615000,21.494583,22.717083,21.012500,23.351838,18.673162,22.182169,19.842831
2026-07-07,20.600000,2026-05-15,2026-03-31,-0.100000,-0.630000,-32.698413,-31.140174,2.100668,22.265151,20.941730,19.618310,18.294889,16.971469,,,,,,,,,,21.082500,20.591667,21.475417,22.680625,21.082500,23.272495,18.892505,22.177498,19.987502
2026-07-08,20.800000,2026-05-15,2026-03-31,-0.100000,-0.630000,-33.015873,-31.163114,2.106033,22.286363,20.959562,19.632762,18.305961,16.979160,,,,,,,,,,21.155000,20.577500,21.457083,22.642708,21.155000,23.194324,19.115676,22.174662,20.135338
2026-07-09,21.000000,2026-05-15,2026-03-31,-0.100000,-0.630000,-33.333333,-31.188698,2.113643,22.312071,20.980475,19.648880,18.317285,16.985689,,,,,,,,,,21.232500,20.564167,21.440417,22.605208,21.232500,23.110426,19.354574,22.171463,20.293537
2026-07-13,20.650000,2026-05-15,2026-03-31,-0.100000,-0.630000,-32.777778,-31.210202,2.116597,22.329340,20.995883,19.662427,18.328971,16.995515,,,,,,,,,,21.290000,20.550000,21.421250,22.567292,21.290000,23.008200,19.571800,22.149100,20.430900
2026-07-14,21.000000,2026-05-15,2026-03-31,-0.100000,-0.630000,-33.333333,-31.221532,2.124344,22.346238,21.007902,19.669565,18.331229,16.992892,,,,,,,,,,21.345000,20.520000,21.393750,22.531875,21.345000,22.942004,19.747996,22.143502,20.546498
2026-07-15,21.000000,2026-05-15,2026-03-31,-0.100000,-0.630000,-33.333333,-31.248213,2.130636,22.370976,21.028675,19.686374,18.344074,17.001773,,,,,,,,,,21.345000,20.493333,21.377917,22.495208,21.345000,22.942004,19.747996,22.143502,20.546498
2026-07-16,20.850000,2026-05-15,2026-03-31,-0.100000,-0.630000,-33.095238,-31.274007,2.134131,22.391630,21.047127,19.702624,18.358122,17.013619,,,,,,,,,,21.292500,20.474167,21.361667,22.461042,21.292500,22.881699,19.703301,22.087099,20.497901
2026-07-17,20.900000,2026-05-15,2026-03-31,-0.100000,-0.630000,-33.174603,-31.297173,2.139587,22.413098,21.065159,19.717219,18.369279,17.021339,,,,,,,,,,21.197500,20.455833,21.343333,22.427917,21.197500,22.626329,19.768671,21.911915,20.483085
2026-07-20,20.850000,2026-05-15,2026-03-31,-0.100000,-0.630000,-33.095238,-31.321322,2.143420,22.433142,21.082787,19.732433,18.382078,17.031724,,,,,,,,,,21.102500,20.437500,21.325833,22.392708,21.102500,22.336012,19.868988,21.719256,20.485744
2026-07-21,20.950000,2026-05-15,2026-03-31,-0.100000,-0.630000,-33.253968,-31.347890,2.147482,22.454997,21.102084,19.749171,18.396257,17.043344,,,,,,,,,,21.012500,20.424167,21.310000,22.358125,21.012500,21.972146,20.052854,21.492323,20.532677
2026-07-22,21.450000,2026-05-15,2026-03-31,-0.100000,-0.630000,-34.047619,-31.379975,2.158880,22.489573,21.129479,19.769384,18.409290,17.049195,,,,,,,,,,21.002500,20.423333,21.297500,22.324792,21.002500,21.938041,20.066959,21.470270,20.534730
2026-07-23,21.500000,2026-05-15,2026-03-31,-0.100000,-0.630000,-34.126984,-31.408884,2.172315,22.524714,21.156155,19.787597,18.419039,17.050480,,,,,,,,,,20.982500,20.431667,21.282500,22.293750,20.982500,21.852028,20.112972,21.417264,20.547736
2026-07-24,21.150000,2026-05-15,2026-03-31,-0.100000,-0.630000,-33.571429,-31.433164,2.180119,22.549843,21.176368,19.802893,18.429418,17.055944,,,,,,,,,,20.955000,20.435000,21.264583,22.261667,20.955000,21.761487,20.148513,21.358243,20.551757
2026-07-27,20.850000,2026-05-15,2026-03-31,-0.100000,-0.630000,-33.095238,-31.457861,2.182036,22.567817,21.193135,19.818452,18.443770,17.069087,,,,,,,,,,20.987500,20.436667,21.247500,22.227708,20.987500,21.714335,20.260665,21.350918,20.624082
2026-07-28,20.900000,2026-05-15,2026-03-31,-0.100000,-0.630000,-33.174603,-31.484316,2.183456,22.586274,21.210696,19.835119,18.459542,17.083964,,,,,,,,,,21.005000,20.439167,21.231667,22.192500,21.005000,21.703796,20.306204,21.354398,20.655602
2026-07-29,20.300000,2026-05-15,2026-03-31,-0.100000,-0.630000,-32.222222,-31.500641,2.181572,22.594185,21.219794,19.845404,18.471014,17.096623,,,,,,,,,,20.965000,20.427500,21.209167,22.156250,20.965000,21.729406,20.200594,21.347203,20.582797
2026-07-30,20.250000,2026-05-15,2026-03-31,-0.100000,-0.630000,-32.142857,-31.517402,2.178690,22.601112,21.228538,19.855963,18.483389,17.110814,,,,,,,,,,20.882500,20.400000,21.187083,22.118333,20.882500,21.574769,20.190231,21.228635,20.536365
2026-07-31,20.000000,2026-05-15,2026-03-31,-0.100000,-0.630000,-31.746032,-31.533049,2.173484,22.604410,21.235115,19.865821,18.496526,17.127232,,,,,,,,,,20.807500,20.390000,21.164583,22.077292,20.807500,21.541827,20.073173,21.174664,20.440336
2026-08-03,20.000000,2026-05-15,2026-03-31,-0.100000,-0.630000,-31.746032,-31.548147,2.168571,22.607732,21.241533,19.875333,18.509133,17.142933,,,,,,,,,,20.780000,20.378333,21.141667,22.043750,20.780000,21.592015,19.967985,21.186008,20.373992
2026-08-04,19.900000,2026-05-15,2026-03-31,-0.100000,-0.630000,-31.587302,-31.562471,2.163053,22.609803,21.247080,19.884357,18.521634,17.158911,,,,,,,,,,20.745000,20.366667,21.118333,22.011250,20.745000,21.645234,19.844766,21.195117,20.294883
2026-08-05,19.950000,2026-05-15,2026-03-31,-0.100000,-0.630000,-31.666667,-31.579101,2.156049,22.611455,21.253145,19.894834,18.536523,17.178212,,,,,,,,,,20.712500,20.355833,21.096667,21.981667,20.712500,21.679250,19.745750,21.195875,20.229125
2026-08-06,19.800000,2026-05-15,2026-03-31,-0.100000,-0.630000,-31.428571,-31.598133,2.144428,22.608803,21.257814,19.906824,18.555834,17.204845,,,,,,,,,,20.662500,20.350833,21.077083,21.962708,20.662500,21.710242,19.614758,21.186371,20.138629
2026-08-07,19.650000,2026-05-15,2026-03-31,-0.100000,-0.630000,-31.190476,-31.611344,2.136918,22.607663,21.261405,19.915146,18.568888,17.222630,,,,,,,,,,20.595000,20.343333,21.053333,21.952708,20.595000,21.722130,19.467870,21.158565,20.031435
2026-08-10,19.650000,2026-05-15,2026-03-31,-0.100000,-0.630000,-31.190476,-31.625650,2.128215,22.605711,21.264935,19.924160,18.583384,17.242608,,,,,,,,,,20.545000,20.335833,21.030417,21.943542,20.545000,21.748023,19.341977,21.146511,19.943489
2026-08-11,19.550000,2026-05-15,2026-03-31,-0.100000,-0.630000,-31.031746,-31.638634,2.119712,22.603177,21.267758,19.932339,18.596921,17.261502,,,,,,,,,,20.472500,20.329167,21.006667,21.925000,20.472500,21.733442,19.211558,21.102971,19.842029
2026-08-12,19.800000,2026-05-15,2026-03-31,-0.100000,-0.630000,-31.428571,-31.654925,2.110425,22.601739,21.272171,19.942603,18.613035,17.283467,,,,,,,,,,20.412500,20.330000,20.985000,21.903125,20.412500,21.681928,19.143072,21.047214,19.777786
2026-08-13,19.750000,2026-05-15,2026-03-31,-0.100000,-0.630000,-31.349206,-31.676585,2.093632,22.594225,21.275237,19.956248,18.637260,17.318272,,,,,,,,,,20.357500,20.330000,20.967500,21.873542,20.357500,21.642341,19.072659,20.999920,19.715080
2026-08-14,19.500000,2026-08-14,2026-06-30,-0.130000,-0.360000,-54.166667,-31.886197,2.920587,13.581854,12.530442,11.479031,10.427620,9.376208,,,,,,,,,,20.287500,20.325000,20.946250,21.842917,20.287500,21.600141,18.974859,20.943820,19.631180
2026-08-17,19.150000,2026-08-14,2026-06-30,-0.130000,-0.360000,-53.194444,-32.077840,3.504896,14.071548,12.809785,11.548022,10.286260,9.024497,,,,,,,,,,20.202500,20.314167,20.914583,21.804792,20.202500,21.580322,18.824678,20.891411,19.513589
2026-08-18,18.500000,2026-08-14,2026-06-30,-0.130000,-0.360000,-51.388889,-32.262659,3.913377,14.432189,13.023373,11.614557,10.205742,8.796926,,,,,,,,,,20.080000,20.294167,20.883750,21.764167,20.080000,21.605709,18.554291,20.842855,19.317145
2026-08-19,19.350000,2026-08-14,2026-06-30,-0.130000,-0.360000,-53.750000,-32.468800,4.366098,14.832359,13.260563,11.688768,10.116972,8.545177,,,,,,,,,,19.975000,20.290000,20.861250,21.723750,19.975000,21.388655,18.561345,20.681828,19.268172
2026-08-20,20.250000,2026-08-14,2026-06-30,-0.130000,-0.360000,-56.250000,-32.700708,4.860389,15.271735,13.521995,11.772255,10.022515,8.272775,,,,,,,,,,19.912500,20.304167,20.850000,21.686042,19.912500,21.140624,18.684376,20.526562,19.298438
2026-08-21,20.500000,2026-08-14,2026-06-30,-0.130000,-0.360000,-56.944444,-32.934017,5.328157,15.692519,13.774383,11.856246,9.938109,8.019973,,,,,,,,,,19.880000,20.326667,20.837500,21.652292,19.880000,20.999868,18.760132,20.439934,19.320066
2026-08-24,21.000000,2026-08-14,2026-06-30,-0.130000,-0.360000,-58.333333,-33.173965,5.801344,16.119595,14.031111,11.942628,9.854144,7.765660,,,,,,,,,,19.887500,20.371667,20.825417,21.619792,19.887500,21.036355,18.738645,20.461928,19.313072
2026-08-25,21.500000,2026-08-14,2026-06-30,-0.130000,-0.360000,-59.722222,-33.421651,6.279478,16.553018,14.292406,12.031794,9.771182,7.510570,,,,,,,,,,19.917500,20.430000,20.814583,21.588125,19.917500,21.201111,18.633889,20.559306,19.275694
2026-08-26,21.550000,2026-08-14,2026-06-30,-0.130000,-0.360000,-59.861111,-33.678717,6.713882,16.958333,14.541336,12.124338,9.707340,7.290343,,,,,,,,,,19.980000,20.493333,20.810417,21.554167,19.980000,21.450195,18.509805,20.715098,19.244902
2026-08-27,21.200000,2026-08-14,2026-06-30,-0.130000,-0.360000,-58.888889,-33.923295,7.086092,17.314372,14.763379,12.212386,9.661393,7.110400,,,,,,,,,,20.027500,20.535000,20.800000,21.519583,20.027500,21.592739,18.462261,20.810120,19.244880
2026-08-28,20.800000,2026-08-14,2026-06-30,-0.130000,-0.360000,-57.777778,-34.163000,7.398241,17.625414,14.962047,12.298680,9.635313,6.971947,,,,,,,,,,20.067500,20.568333,20.789583,21.481667,20.067500,21.670220,18.464780,20.868860,19.266140
2026-08-31,20.800000,2026-08-14,2026-06-30,-0.130000,-0.360000,-57.777778,-34.405447,7.688215,17.921476,15.153718,12.385961,9.618203,6.850446,,,,,,,,,,20.107500,20.601667,20.781250,21.445208,20.107500,21.742729,18.472271,20.925114,19.289886
2026-09-01,20.800000,2026-08-14,2026-06-30,-0.130000,-0.360000,-57.777778,-34.658858,7.950989,18.201901,15.339545,12.477189,9.614833,6.752477,,,,,,,,,,20.152500,20.636667,20.781250,21.408958,20.152500,21.813025,18.491975,20.982762,19.322238
2026-09-02,20.600000,2026-08-14,2026-06-30,-0.130000,-0.360000,-57.222222,-34.901609,8.189910,18.461315,15.512947,12.564579,9.616212,6.667844,,,,,,,,,,20.185000,20.660000,20.775000,21.373750,20.185000,21.854258,18.515742,21.019629,19.350371
2026-09-03,20.200000,2026-08-14,2026-06-30,-0.130000,-0.360000,-56.111111,-35.136746,8.389666,18.689788,15.669508,12.649228,9.628949,6.608669,,,,,,,,,,20.205000,20.674167,20.766667,21.342083,20.205000,21.864391,18.545609,21.034696,19.375304
2026-09-04,20.200000,2026-08-14,2026-06-30,-0.130000,-0.360000,-56.111111,-35.363658,8.585023,18.912133,15.821525,12.730917,9.640309,6.549701,,,,,,,,,,20.232500,20.686667,20.752083,21.311042,20.232500,21.871266,18.593734,21.051883,19.413117
2026-09-07,20.050000,2026-08-14,2026-06-30,-0.130000,-0.360000,-55.694444,-35.589840,8.759832,19.119421,15.965882,12.812342,9.658803,6.505264,,,,,,,,,,20.252500,20.695833,20.738333,21.278125,20.252500,21.870971,18.634029,21.061735,19.443265
2026-09-08,20.200000,2026-08-14,2026-06-30,-0.130000,-0.360000,-56.111111,-35.821687,8.931485,19.326477,16.111142,12.895807,9.680473,6.465138,,,,,,,,,,20.285000,20.700833,20.727500,21.240625,20.285000,21.869829,18.700171,21.077415,19.492585
2026-09-09,20.800000,2026-08-14,2026-06-30,-0.130000,-0.360000,-57.777778,-36.069068,9.124618,19.554589,16.269727,12.984864,9.700002,6.415139,,,,,,,,,,20.335000,20.697500,20.722917,21.209583,20.335000,21.918500,18.751500,21.126750,19.543250
2026-09-10,21.000000,2026-08-14,2026-06-30,-0.130000,-0.360000,-58.333333,-36.322723,9.316533,19.784084,16.430132,13.076180,9.722228,6.368276,,,,,,,,,,20.397500,20.682500,20.721250,21.181667,20.397500,21.982454,18.812546,21.189977,19.605023
2026-09-11,21.000000,2026-08-14,2026-06-30,-0.130000,-0.360000,-58.333333,-36.562123,9.509572,20.009256,16.585810,13.162364,9.738919,6.315473,,,,,,,,,,20.472500,20.652500,20.708750,21.161875,20.472500,22.020155,18.924845,21.246328,19.698672
2026-09-14,21.200000,2026-08-14,2026-06-30,-0.130000,-0.360000,-58.888889,-36.822601,9.689286,20.232422,16.744279,13.256136,9.767993,6.279850,,,,,,,,,,20.575000,20.626667,20.710417,21.143958,20.575000,22.022139,19.127861,21.298569,19.851431
2026-09-15,21.200000,2026-08-14,2026-06-30,-0.130000,-0.360000,-58.888889,-37.073210,9.867724,20.451117,16.898736,13.346356,9.793975,6.241594,,,,,,,,,,20.710000,20.600833,20.704583,21.127500,20.710000,21.802366,19.617634,21.256183,20.163817
2026-09-16,21.800000,2026-08-14,2026-06-30,-0.130000,-0.360000,-60.555556,-37.325647,10.077291,20.692882,17.065057,13.437233,9.809408,6.181584,,,,,,,,,,20.832500,20.603333,20.694583,21.112708,20.832500,21.827897,19.837103,21.330199,20.334801
2026-09-17,21.850000,2026-08-14,2026-06-30,-0.130000,-0.360000,-60.694444,-37.579789,10.278557,20.929285,17.229005,13.528724,9.828443,6.128163,,,,,,,,,,20.912500,20.602500,20.685417,21.108542,20.912500,21.966253,19.858747,21.439376,20.385624
2026-09-18,22.150000,2026-08-14,2026-06-30,-0.130000,-0.360000,-61.527778,-37.843617,10.483235,21.171632,17.397667,13.623702,9.849737,6.075773,,,,,,,,,,20.995000,20.610000,20.680833,21.115000,20.995000,22.164750,19.825250,21.579875,20.410125
2026-09-21,21.900000,2026-08-14,2026-06-30,-0.130000,-0.360000,-60.833333,-38.107140,10.660361,21.394030,17.556300,13.718571,9.880841,6.043111,,,,,,,,,,21.040000,20.638333,20.678333,21.121250,21.040000,22.277825,19.802175,21.658912,20.421088
2026-09-22,22.050000,2026-08-14,2026-06-30,-0.130000,-0.360000,-61.250000,-38.334224,10.860493,21.619876,17.710098,13.800321,9.890543,5.980765,,,,,,,,,,21.067500,20.663333,20.677917,21.128125,21.067500,22.371048,19.763952,21.719274,20.415726
2026-09-23,22.100000,2026-08-14,2026-06-30,-0.130000,-0.360000,-61.388889,-38.563746,11.054160,21.841944,17.862446,13.882949,9.903451,5.923953,,,,,,,,,,21.095000,20.680000,20.678750,21.135208,21.095000,22.463018,19.726982,21.779009,20.410991
2026-09-24,21.900000,2026-08-14,2026-06-30,-0.130000,-0.360000,-60.833333,-38.788640,11.230492,22.049864,18.006887,13.963910,9.920933,5.877956,,,,,,,,,,21.130000,20.680000,20.677917,21.140833,21.130000,22.544362,19.715638,21.837181,20.422819
2026-09-29,22.000000,2026-08-14,2026-06-30,-0.130000,-0.360000,-61.111111,-39.011360,11.406063,22.256455,18.150272,14.044090,9.937907,5.831724,,,,,,,,,,21.190000,20.688333,20.675000,21.146250,21.190000,22.646600,19.733400,21.918300,20.461700
2026-09-30,21.800000,2026-08-14,2026-06-30,-0.130000,-0.360000,-60.555556,-39.234580,11.563630,22.450263,18.287356,14.124449,9.961542,5.798635,,,,,,,,,,21.240000,20.709167,20.673750,21.152292,21.240000,22.708834,19.771166,21.974417,20.505583
2026-10-01,22.100000,2026-08-14,2026-06-30,-0.130000,-0.360000,-61.388889,-39.464103,11.727954,22.651204,18.429140,14.207077,9.985013,5.762950,,,,,,,,,,21.305000,20.734167,20.674583,21.160000,21.305000,22.806543,19.803457,22.055772,20.554228
2026-10-02,21.850000,2026-08-14,2026-06-30,-0.130000,-0.360000,-60.694444,-39.687838,11.875051,22.837659,18.562640,14.287622,10.012603,5.737585,,,,,,,,,,21.367500,20.755000,20.673333,21.166042,21.367500,22.849417,19.885583,22.108459,20.626541
2026-10-05,21.700000,2026-08-14,2026-06-30,-0.130000,-0.360000,-60.277778,-39.912589,12.007764,23.014122,18.691327,14.368532,10.045737,5.722942,,,,,,,,,,21.442500,20.770000,20.673750,21.171458,21.442500,22.824061,20.060939,22.133280,20.751720
