# chart-version: skill-stock-dynamic-valuation-box@1.21.0; font: noto-sans-cjk-tc-v1; Updated: 2026-10-08 05:58 CST (1.21.0)
date,close,available_date,period_end,eps,ttm_eps,pe,pe_mean,pe_std,price_m2,price_m1,price_mean,price_p1,price_p2,forward_eps,forward_pe,forward_pe_mean,forward_pe_std,forward_price_m2,forward_price_m1,forward_price_mean,forward_price_p1,forward_price_p2,sma20,sma60,sma120,sma240,bband_mid,bband_upper2,bband_lower2,bband_upper1,bband_lower1
2023-10-11,24.200000,2023-08-14,2023-06-30,0.010000,0.120000,201.666667,127.692115,54.157434,2.325270,8.824162,15.323054,21.821946,28.320838,,,,,,,,,,24.225000,24.303333,25.773750,24.135417,24.225000,25.193178,23.256822,24.709089,23.740911
2023-10-12,24.550000,2023-08-14,2023-06-30,0.010000,0.120000,204.583333,128.925310,54.209829,2.460678,8.965858,15.471037,21.976217,28.481396,,,,,,,,,,24.277500,24.270833,25.742500,24.157500,24.277500,25.192564,23.362436,24.735032,23.819968
2023-10-13,24.400000,2023-08-14,2023-06-30,0.010000,0.120000,203.333333,130.160588,54.202331,2.610711,9.114991,15.619271,22.123550,28.627830,,,,,,,,,,24.315000,24.235000,25.716250,24.186667,24.315000,25.181997,23.448003,24.748499,23.881501
2023-10-16,24.050000,2023-08-14,2023-06-30,0.010000,0.120000,200.416667,131.388226,54.110528,2.780060,9.273324,15.766587,22.259851,28.753114,,,,,,,,,,24.322500,24.212500,25.695417,24.210000,24.322500,25.176885,23.468115,24.749692,23.895308
2023-10-17,26.450000,2023-08-14,2023-06-30,0.010000,0.120000,220.416667,132.798365,54.208069,2.925867,9.430836,15.935804,22.440772,28.945740,,,,,,,,,,24.427500,24.235833,25.702500,24.241458,24.427500,25.706675,23.148325,25.067088,23.787912
2023-10-18,26.100000,2023-08-14,2023-06-30,0.010000,0.120000,217.500000,134.167532,54.255602,3.078759,9.589432,16.100104,22.610776,29.121448,,,,,,,,,,24.522500,24.250000,25.698333,24.271042,24.522500,25.997725,23.047275,25.260113,23.784887
2023-10-19,26.750000,2023-08-14,2023-06-30,0.010000,0.120000,222.916667,135.598504,54.313426,3.236598,9.754209,16.271821,22.789432,29.307043,,,,,,,,,,24.590000,24.274167,25.707917,24.304375,24.590000,26.333439,22.846561,25.461719,23.718281
2023-10-20,25.850000,2023-08-14,2023-06-30,0.010000,0.120000,215.416667,136.962810,54.244426,3.416875,9.926206,16.435537,22.944868,29.454199,,,,,,,,,,24.652500,24.290833,25.707917,24.335625,24.652500,26.484805,22.820195,25.568653,23.736347
2023-10-23,27.200000,2023-08-14,2023-06-30,0.010000,0.120000,226.666667,138.420865,54.284838,3.582143,10.096323,16.610504,23.124684,29.638865,,,,,,,,,,24.810000,24.324167,25.719167,24.373958,24.810000,26.941370,22.678630,25.875685,23.744315
2023-10-24,26.600000,2023-08-14,2023-06-30,0.010000,0.120000,221.666667,139.833921,54.225901,3.765854,10.272962,16.780071,23.287179,29.794287,,,,,,,,,,24.940000,24.357500,25.723750,24.408125,24.940000,27.177856,22.702144,26.058928,23.821072
2023-10-25,27.450000,2023-08-14,2023-06-30,0.010000,0.120000,228.750000,141.296838,54.237044,3.938730,10.447175,16.955621,23.464066,29.972511,,,,,,,,,,25.102500,24.396667,25.730833,24.448125,25.102500,27.573910,22.631090,26.338205,23.866795
2023-10-26,26.800000,2023-08-14,2023-06-30,0.010000,0.120000,223.333333,142.724615,54.121604,4.137769,10.632361,17.126954,23.621546,30.116139,,,,,,,,,,25.237500,24.419167,25.737500,24.485208,25.237500,27.772492,22.702508,26.504996,23.970004
2023-10-27,26.400000,2023-08-14,2023-06-30,0.010000,0.120000,220.000000,144.127949,53.921829,4.354115,10.824734,17.295354,23.765973,30.236593,,,,,,,,,,25.367500,24.435833,25.742500,24.517500,25.367500,27.858383,22.876617,26.612942,24.122058
2023-10-30,27.050000,2023-08-14,2023-06-30,0.010000,0.120000,225.416667,145.572254,53.757037,4.566982,11.017826,17.468671,23.919515,30.370359,,,,,,,,,,25.527500,24.462500,25.750833,24.555208,25.527500,28.019059,23.035941,26.773280,24.281720
2023-10-31,25.850000,2023-08-14,2023-06-30,0.010000,0.120000,215.416667,146.936560,53.431127,4.808917,11.220652,17.632387,24.044122,30.455858,,,,,,,,,,25.625000,24.477500,25.750833,24.585833,25.625000,27.998206,23.251794,26.811603,24.438397
2023-11-01,25.800000,2023-08-14,2023-06-30,0.010000,0.120000,215.000000,148.294893,53.068025,5.059061,11.427224,17.795387,24.163550,30.531713,,,,,,,,,,25.715000,24.484167,25.749167,24.613125,25.715000,27.961893,23.468107,26.838446,24.591554
2023-11-02,26.700000,2023-08-14,2023-06-30,0.010000,0.120000,222.500000,149.710726,52.759002,5.303127,11.634207,17.965287,24.296367,30.627448,,,,,,,,,,25.842500,24.508333,25.752500,24.641667,25.842500,28.003220,23.681780,26.922860,24.762140
2023-11-03,26.150000,2023-08-14,2023-06-30,0.010000,0.120000,217.916667,151.110032,52.317134,5.577092,11.855148,18.133204,24.411260,30.689316,,,,,,,,,,25.910000,24.535833,25.762083,24.667708,25.910000,28.017281,23.802719,26.963640,24.856360
2023-11-06,26.350000,2023-08-14,2023-06-30,0.010000,0.120000,219.583333,152.516560,51.864554,5.854494,12.078241,18.301987,24.525734,30.749480,,,,,,,,,,25.972500,24.574167,25.770000,24.693750,25.972500,28.052600,23.892400,27.012550,24.932450
2023-11-07,26.550000,2023-08-14,2023-06-30,0.010000,0.120000,221.250000,153.536592,52.003622,5.943522,12.183956,18.424391,24.664826,30.905260,,,,,,,,,,26.062500,24.632500,25.777083,24.720000,26.062500,28.074536,24.050464,27.068518,25.056482
2023-11-08,27.000000,2023-08-14,2023-06-30,0.010000,0.120000,225.000000,154.568643,52.183908,6.024099,12.286168,18.548237,24.810306,31.072375,,,,,,,,,,26.202500,24.694167,25.782917,24.748125,26.202500,28.051959,24.353041,27.127230,25.277770
2023-11-09,26.000000,2023-08-14,2023-06-30,0.010000,0.120000,216.666667,155.529647,52.257345,6.121795,12.392676,18.663558,24.934439,31.205320,,,,,,,,,,26.275000,24.746667,25.780000,24.771458,26.275000,27.957886,24.592114,27.116443,25.433557
2023-11-10,25.300000,2023-08-14,2023-06-30,0.010000,0.120000,210.833333,156.424412,52.277549,6.224318,12.497624,18.770929,25.044235,31.317541,,,,,,,,,,26.320000,24.780000,25.766667,24.792917,26.320000,27.831152,24.808848,27.075576,25.564424
2023-11-13,25.700000,2023-08-14,2023-06-30,0.010000,0.120000,214.166667,157.345353,52.313517,6.326198,12.603820,18.881442,25.159064,31.436686,,,,,,,,,,26.402500,24.821667,25.756250,24.815625,26.402500,27.520993,25.284007,26.961746,25.843254
2023-11-14,26.000000,2023-11-14,2023-09-30,0.140000,0.050000,520.000000,160.729968,61.761218,1.860377,4.948438,8.036498,11.124559,14.212620,,,,,,,,,,26.380000,24.860000,25.726250,24.837917,26.380000,27.512487,25.247513,26.946243,25.813757
2023-11-15,26.900000,2023-11-14,2023-09-30,0.140000,0.050000,538.000000,164.282212,70.552255,1.158885,4.686498,8.214111,11.741723,15.269336,,,,,,,,,,26.420000,24.922500,25.708333,24.862083,26.420000,27.567262,25.272738,26.993631,25.846369
2023-11-16,26.900000,2023-11-14,2023-09-30,0.140000,0.050000,538.000000,167.852083,78.187670,0.573837,4.483221,8.392604,12.301988,16.211371,,,,,,,,,,26.427500,24.985000,25.695000,24.885417,26.427500,27.585754,25.269246,27.006627,25.848373
2023-11-17,27.750000,2023-11-14,2023-09-30,0.140000,0.050000,555.000000,171.571635,85.612130,0.017369,4.297975,8.578582,12.859188,17.139795,,,,,,,,,,26.522500,25.066667,25.690833,24.911042,26.522500,27.788025,25.256975,27.155262,25.889738
2023-11-20,30.500000,2023-11-14,2023-09-30,0.140000,0.050000,610.000000,175.768750,94.293220,-0.640885,4.073776,8.788438,13.503099,18.217760,,,,,,,,,,26.687500,25.185833,25.714583,24.950208,26.687500,28.860268,24.514732,27.773884,25.601116
2023-11-21,30.700000,2023-11-14,2023-09-30,0.140000,0.050000,614.000000,179.952724,102.240606,-1.226424,3.885606,8.997636,14.109667,19.221697,,,,,,,,,,26.892500,25.314167,25.727917,24.992292,26.892500,29.708857,24.076143,28.300679,25.484321
2023-11-22,31.100000,2023-11-14,2023-09-30,0.140000,0.050000,622.000000,184.190545,109.726683,-1.763141,3.723193,9.209527,14.695861,20.182196,,,,,,,,,,27.075000,25.447500,25.741250,25.037292,27.075000,30.459251,23.690749,28.767126,25.382874
2023-11-23,31.100000,2023-11-14,2023-09-30,0.140000,0.050000,622.000000,188.444391,116.567895,-2.234570,3.593825,9.422220,15.250614,21.079009,,,,,,,,,,27.290000,25.582500,25.758750,25.081667,27.290000,31.117958,23.462042,29.203979,25.376021
2023-11-24,30.550000,2023-11-14,2023-09-30,0.140000,0.050000,611.000000,192.614583,122.556242,-2.624895,3.502917,9.630729,15.758541,21.886353,,,,,,,,,,27.497500,25.700000,25.773750,25.123125,27.497500,31.564760,23.430240,29.531130,25.463870
2023-11-27,30.650000,2023-11-14,2023-09-30,0.140000,0.050000,613.000000,196.803045,128.181883,-2.978036,3.431058,9.840152,16.249246,22.658341,,,,,,,,,,27.677500,25.809167,25.790000,25.164792,27.677500,31.973578,23.381422,29.825539,25.529461
2023-11-28,31.500000,2023-11-14,2023-09-30,0.140000,0.050000,630.000000,201.129968,133.889831,-3.332485,3.362007,10.056498,16.750990,23.445481,,,,,,,,,,27.960000,25.930000,25.812500,25.201458,27.960000,32.486949,23.433051,30.223474,25.696526
2023-11-29,31.300000,2023-11-14,2023-09-30,0.140000,0.050000,626.000000,205.436378,139.117736,-3.639955,3.315932,10.271819,17.227706,24.183592,,,,,,,,,,28.235000,26.050000,25.836667,25.237083,28.235000,32.876245,23.593755,30.555623,25.914377
2023-11-30,32.500000,2023-11-14,2023-09-30,0.140000,0.050000,650.000000,209.881891,144.665887,-3.972494,3.260800,10.494095,17.727389,24.960683,,,,,,,,,,28.525000,26.183333,25.855000,25.277917,28.525000,33.476821,23.573179,31.000910,26.049090
2023-12-01,35.000000,2023-11-14,2023-09-30,0.140000,0.050000,700.000000,214.812981,151.114370,-4.370788,3.184931,10.740649,18.296368,25.852086,,,,,,,,,,28.967500,26.350000,25.912083,25.328958,28.967500,34.565270,23.369730,31.766385,26.168615
2023-12-04,34.000000,2023-11-14,2023-09-30,0.140000,0.050000,680.000000,219.591827,156.628499,-4.683259,3.148166,10.979591,18.811016,26.642441,,,,,,,,,,29.350000,26.506667,25.964583,25.370625,29.350000,35.232892,23.467108,32.291446,26.408554
2023-12-05,35.050000,2023-11-14,2023-09-30,0.140000,0.050000,701.000000,224.556891,162.311928,-5.003348,3.112248,11.227845,19.343441,27.459037,,,,,,,,,,29.775000,26.682500,26.028750,25.416250,29.775000,36.022989,23.527011,32.898995,26.651005
2023-12-06,38.550000,2023-11-14,2023-09-30,0.140000,0.050000,771.000000,230.090865,169.432112,-5.438668,3.032938,11.504543,19.976149,28.447754,,,,,,,,,,30.352500,26.926667,26.118333,25.480208,30.352500,37.579021,23.125979,33.965760,26.739240
2023-12-07,37.950000,2023-11-14,2023-09-30,0.140000,0.050000,759.000000,235.526442,175.784994,-5.802177,2.987072,11.776322,20.565572,29.354822,,,,,,,,,,30.950000,27.167500,26.203333,25.545000,30.950000,38.623536,23.276464,34.786768,27.113232
2023-12-08,37.000000,2023-11-14,2023-09-30,0.140000,0.050000,740.000000,240.802083,181.306143,-6.090510,2.974797,12.040104,21.105411,30.170718,,,,,,,,,,31.535000,27.390000,26.280000,25.604167,31.535000,39.178787,23.891213,35.356893,27.713107
2023-12-11,37.500000,2023-11-14,2023-09-30,0.140000,0.050000,750.000000,246.165865,186.734654,-6.365172,2.971561,12.308293,21.645026,30.981759,,,,,,,,,,32.125000,27.616667,26.362083,25.667083,32.125000,39.693668,24.556332,35.909334,28.340666
2023-12-12,37.500000,2023-11-14,2023-09-30,0.140000,0.050000,750.000000,251.523237,191.863474,-6.610186,2.982988,12.576162,22.169336,31.762509,,,,,,,,,,32.700000,27.835833,26.442500,25.729583,32.700000,40.053696,25.346304,36.376848,29.023152
2023-12-13,38.550000,2023-11-14,2023-09-30,0.140000,0.050000,771.000000,257.052404,197.165296,-6.863909,2.994355,12.852620,22.710885,32.569150,,,,,,,,,,33.282500,28.075000,26.530833,25.795417,33.282500,40.546852,26.018148,36.914676,29.650324
2023-12-14,37.800000,2023-11-14,2023-09-30,0.140000,0.050000,756.000000,262.467788,201.854501,-7.062061,3.030664,13.123389,23.216114,33.308839,,,,,,,,,,33.827500,28.281667,26.615833,25.858750,33.827500,40.700672,26.954328,37.264086,30.390914
2023-12-15,38.500000,2023-11-14,2023-09-30,0.140000,0.050000,770.000000,268.022276,206.558173,-7.254703,3.073205,13.401114,23.729022,34.056931,,,,,,,,,,34.365000,28.513333,26.712500,25.925000,34.365000,40.910557,27.819443,37.637778,31.092222
2023-12-18,36.450000,2023-11-14,2023-09-30,0.140000,0.050000,729.000000,273.247917,210.220409,-7.359645,3.151375,13.662396,24.173416,34.684437,,,,,,,,,,34.662500,28.720000,26.795417,25.985208,34.662500,41.006156,28.318844,37.834328,31.490672
2023-12-19,36.100000,2023-11-14,2023-09-30,0.140000,0.050000,722.000000,278.404006,213.577319,-7.437532,3.241334,13.920200,24.599066,35.277932,,,,,,,,,,34.932500,28.921667,26.872500,26.047083,34.932500,41.020562,28.844438,37.976531,31.888469
2023-12-20,36.850000,2023-11-14,2023-09-30,0.140000,0.050000,737.000000,283.661058,217.037754,-7.520723,3.331165,14.183053,25.034941,35.886828,,,,,,,,,,35.220000,29.132500,26.949583,26.114583,35.220000,41.085008,29.354992,38.152504,32.287496
2023-12-21,37.900000,2023-11-14,2023-09-30,0.140000,0.050000,758.000000,289.085096,220.691040,-7.614849,3.419703,14.454255,25.488807,36.523359,,,,,,,,,,35.560000,29.362500,27.033333,26.186667,35.560000,41.203590,29.916410,38.381795,32.738205
2023-12-22,39.450000,2023-11-14,2023-09-30,0.140000,0.050000,789.000000,294.769071,224.706993,-7.732246,3.503104,14.738454,25.973803,37.209153,,,,,,,,,,36.005000,29.623333,27.130417,26.264583,36.005000,41.382526,30.627474,38.693763,33.316237
2023-12-25,38.600000,2023-11-14,2023-09-30,0.140000,0.050000,772.000000,300.306571,228.213645,-7.806036,3.604646,15.015329,26.426011,37.836693,,,,,,,,,,36.402500,29.869167,27.219167,26.339792,36.402500,41.263892,31.541108,38.833196,33.971804
2023-12-26,39.100000,2023-11-14,2023-09-30,0.140000,0.050000,782.000000,305.929006,231.703252,-7.873875,3.711288,15.296450,26.881613,38.466776,,,,,,,,,,36.782500,30.122500,27.312500,26.417083,36.782500,41.198056,32.366944,38.990278,34.574722
2023-12-27,41.450000,2023-11-14,2023-09-30,0.140000,0.050000,829.000000,311.960737,235.818323,-7.983795,3.807121,15.598037,27.388953,39.179869,,,,,,,,,,37.290000,30.413333,27.430000,26.503125,37.290000,41.373033,33.206967,39.331516,35.248484
2023-12-28,39.800000,2023-11-14,2023-09-30,0.140000,0.050000,796.000000,317.731891,239.123905,-8.025796,3.930399,15.886595,27.842790,39.798985,,,,,,,,,,37.655000,30.674167,27.537500,26.582708,37.655000,41.205523,34.104477,39.430261,35.879739
2023-12-29,39.200000,2023-11-14,2023-09-30,0.140000,0.050000,784.000000,323.425481,242.030832,-8.031809,4.069732,16.171274,28.272816,40.374357,,,,,,,,,,37.865000,30.914167,27.645833,26.661250,37.865000,41.247167,34.482833,39.556083,36.173917
2024-01-02,39.550000,2023-11-14,2023-09-30,0.140000,0.050000,791.000000,329.174199,244.882881,-8.029578,4.214566,16.458710,28.702854,40.946998,,,,,,,,,,38.142500,31.155000,27.756250,26.741042,38.142500,41.069556,35.215444,39.606028,36.678972
2024-01-03,39.250000,2023-11-14,2023-09-30,0.140000,0.050000,785.000000,334.884135,247.464507,-8.002244,4.370981,16.744207,29.117432,41.490657,,,,,,,,,,38.352500,31.396667,27.867083,26.811250,38.352500,40.926760,35.778240,39.639630,37.065370
2024-01-04,38.000000,2023-11-14,2023-09-30,0.140000,0.050000,760.000000,340.376122,249.533809,-7.934575,4.542116,17.018806,29.495497,41.972187,,,,,,,,,,38.325000,31.626667,27.965000,26.872500,38.325000,40.902126,35.747874,39.613563,37.036437
2024-01-05,37.000000,2023-11-14,2023-09-30,0.140000,0.050000,740.000000,345.693429,251.202721,-7.835601,4.724535,17.284671,29.844808,42.404944,,,,,,,,,,38.277500,31.834167,28.052500,26.932500,38.277500,40.917969,35.637031,39.597735,36.957265
2024-01-08,37.000000,2023-11-14,2023-09-30,0.140000,0.050000,740.000000,351.009135,252.749430,-7.724486,4.912985,17.550457,30.187928,42.825400,,,,,,,,,,38.277500,32.044167,28.139583,26.993750,38.277500,40.917969,35.637031,39.597735,36.957265
2024-01-09,36.000000,2023-11-14,2023-09-30,0.140000,0.050000,720.000000,356.195032,253.889877,-7.579236,5.115258,17.809752,30.504245,43.198739,,,,,,,,,,38.202500,32.243333,28.227917,27.051667,38.202500,41.015529,35.389471,39.609014,36.795986
2024-01-10,35.900000,2023-11-14,2023-09-30,0.140000,0.050000,718.000000,361.375481,254.883549,-7.419581,5.324597,18.068774,30.812951,43.557129,,,,,,,,,,38.122500,32.400833,28.318333,27.109375,38.122500,41.105518,35.139482,39.614009,36.630991
2024-01-11,36.200000,2023-11-14,2023-09-30,0.140000,0.050000,724.000000,366.599519,255.844252,-7.254449,5.537763,18.329976,31.122189,43.914401,,,,,,,,,,38.005000,32.569167,28.409583,27.169167,38.005000,41.100141,34.909859,39.552570,36.457430
2024-01-12,34.900000,2023-11-14,2023-09-30,0.140000,0.050000,698.000000,371.605288,256.406956,-7.060431,5.759917,18.580264,31.400612,44.220960,,,,,,,,,,37.860000,32.705000,28.489583,27.225000,37.860000,41.252965,34.467035,39.556482,36.163518
2024-01-15,38.350000,2023-11-14,2023-09-30,0.140000,0.050000,767.000000,377.200481,257.655677,-6.905544,5.977240,18.860024,31.742808,44.625592,,,,,,,,,,37.852500,32.913333,28.602083,27.296458,37.852500,41.240167,34.464833,39.546334,36.158666
2024-01-16,38.500000,2023-11-14,2023-09-30,0.140000,0.050000,770.000000,382.809455,258.826506,-6.742178,6.199147,19.140473,32.081798,45.023123,,,,,,,,,,37.955000,33.101667,28.712917,27.368333,37.955000,41.287598,34.622402,39.621299,36.288701
2024-01-17,41.500000,2023-11-14,2023-09-30,0.140000,0.050000,830.000000,388.937660,260.645048,-6.617622,6.414631,19.446883,32.479135,45.511388,,,,,,,,,,38.225000,33.350000,28.853750,27.452708,38.225000,41.791585,34.658415,40.008292,36.441708
2024-01-18,39.700000,2023-11-14,2023-09-30,0.140000,0.050000,794.000000,394.749840,261.843649,-6.446873,6.645310,19.737492,32.829674,45.921857,,,,,,,,,,38.367500,33.554167,28.975417,27.526458,38.367500,41.930508,34.804492,40.149004,36.585996
2024-01-19,41.900000,2023-11-14,2023-09-30,0.140000,0.050000,838.000000,400.917468,263.503647,-6.304491,6.870691,20.045873,33.221056,46.396238,,,,,,,,,,38.567500,33.805833,29.112500,27.608125,38.567500,42.454357,34.680643,40.510929,36.624071
2024-01-22,42.900000,2023-11-14,2023-09-30,0.140000,0.050000,858.000000,407.253365,265.286086,-6.165940,7.098364,20.362668,33.626973,46.891277,,,,,,,,,,38.740000,34.080833,29.258333,27.692292,38.740000,43.072448,34.407552,40.906224,36.573776
2024-01-23,42.600000,2023-11-14,2023-09-30,0.140000,0.050000,852.000000,413.537660,266.823513,-6.005468,7.335707,20.676883,34.018059,47.359234,,,,,,,,,,38.940000,34.340000,29.401250,27.773125,38.940000,43.602008,34.277992,41.271004,36.608996
2024-01-24,43.300000,2023-11-14,2023-09-30,0.140000,0.050000,866.000000,419.954647,268.376788,-5.839946,7.578893,20.997732,34.416572,47.835411,,,,,,,,,,39.150000,34.630833,29.554167,27.856667,39.150000,44.204232,34.095768,41.677116,36.622884
2024-01-25,41.300000,2023-11-14,2023-09-30,0.140000,0.050000,826.000000,426.023878,269.261446,-5.624951,7.838122,21.301194,34.764266,48.227339,,,,,,,,,,39.142500,34.889167,29.686667,27.932708,39.142500,44.182788,34.102212,41.662644,36.622356
2024-01-26,40.100000,2023-11-14,2023-09-30,0.140000,0.050000,802.000000,431.897917,269.714168,-5.376521,8.109187,21.594896,35.080604,48.566313,,,,,,,,,,39.157500,35.112500,29.810417,28.003333,39.157500,44.207802,34.107198,41.682651,36.632349
2024-01-29,39.650000,2023-11-14,2023-09-30,0.140000,0.050000,793.000000,437.720994,269.905816,-5.104532,8.390759,21.886050,35.381340,48.876631,,,,,,,,,,39.180000,35.337500,29.936667,28.072292,39.180000,44.235107,34.124893,41.707553,36.652447
2024-01-30,38.850000,2023-11-14,2023-09-30,0.140000,0.050000,777.000000,443.425160,269.781689,-4.806911,8.682174,22.171258,35.660342,49.149427,,,,,,,,,,39.145000,35.545833,30.060000,28.139583,39.145000,44.199014,34.090986,41.672007,36.617993
2024-01-31,39.600000,2023-11-14,2023-09-30,0.140000,0.050000,792.000000,449.286378,269.649575,-4.500639,8.981840,22.464319,35.946798,49.429276,,,,,,,,,,39.162500,35.763333,30.197917,28.212917,39.162500,44.220467,34.104533,41.691483,36.633517
2024-02-01,39.200000,2023-11-14,2023-09-30,0.140000,0.050000,784.000000,455.072917,269.316723,-4.178026,9.287810,22.753646,36.219482,49.685318,,,,,,,,,,39.222500,35.966667,30.330417,28.283750,39.222500,44.250786,34.194214,41.736643,36.708357
2024-02-02,38.400000,2023-11-14,2023-09-30,0.140000,0.050000,768.000000,459.886111,269.708037,-3.976498,9.508904,22.994306,36.479707,49.965109,,,,,,,,,,39.292500,36.173333,30.460000,28.350208,39.292500,44.228648,34.356352,41.760574,36.824426
2024-02-05,37.650000,2023-11-14,2023-09-30,0.140000,0.050000,753.000000,464.543056,269.905914,-3.763439,9.731857,23.227153,36.722448,50.217744,,,,,,,,,,39.325000,36.379167,30.579583,28.414167,39.325000,44.205843,34.444157,41.765422,36.884578
2024-02-15,38.600000,2023-11-14,2023-09-30,0.140000,0.050000,772.000000,469.365278,270.188849,-3.550621,9.958821,23.468264,36.977706,50.487149,,,,,,,,,,39.455000,36.594167,30.707917,28.480625,39.455000,44.095542,34.814458,41.775271,37.134729
2024-02-16,41.050000,2023-11-14,2023-09-30,0.140000,0.050000,821.000000,474.561111,270.910949,-3.363039,10.182508,23.728056,37.273603,50.819150,,,,,,,,,,39.712500,36.845000,30.852500,28.557083,39.712500,44.086331,35.338669,41.899415,37.525585
2024-02-19,40.000000,2023-11-14,2023-09-30,0.140000,0.050000,800.000000,479.620139,271.275418,-3.146535,10.417236,23.981007,37.544778,51.108549,,,,,,,,,,39.902500,37.063333,30.992917,28.627708,39.902500,43.951993,35.853007,41.927247,37.877753
2024-02-20,42.500000,2023-11-14,2023-09-30,0.140000,0.050000,850.000000,485.095833,272.070127,-2.952221,10.651285,24.254792,37.858298,51.461804,,,,,,,,,,40.282500,37.323333,31.154167,28.709167,40.282500,43.738277,36.826723,42.010389,38.554611
2024-02-21,43.600000,2023-11-14,2023-09-30,0.140000,0.050000,872.000000,490.775694,272.979576,-2.759173,10.889806,24.538785,38.187764,51.836742,,,,,,,,,,40.545000,37.587500,31.327083,28.794375,40.545000,44.175847,36.914153,42.360424,38.729576
2024-02-22,43.050000,2023-11-14,2023-09-30,0.140000,0.050000,861.000000,496.329167,273.681088,-2.551650,11.132404,24.816458,38.500513,52.184567,,,,,,,,,,40.772500,37.796667,31.491250,28.878542,40.772500,44.433888,37.111112,42.603194,38.941806
2024-02-23,42.900000,2023-11-14,2023-09-30,0.140000,0.050000,858.000000,501.881944,274.206966,-2.326599,11.383749,25.094097,38.804446,52.514794,,,,,,,,,,40.842500,38.000000,31.657083,28.963750,40.842500,44.614317,37.070683,42.728409,38.956591
2024-02-26,44.100000,2023-11-14,2023-09-30,0.140000,0.050000,882.000000,507.627778,274.892746,-2.107886,11.636752,25.381389,39.126026,52.870663,,,,,,,,,,41.062500,38.216667,31.832083,29.053542,41.062500,45.060246,37.064754,43.061373,39.063627
2024-02-27,46.000000,2023-11-14,2023-09-30,0.140000,0.050000,920.000000,513.697222,275.896635,-1.904802,11.890029,25.684861,39.479693,53.274525,,,,,,,,,,41.267500,38.465000,32.023750,29.151875,41.267500,45.827079,36.707921,43.547290,38.987710
2024-02-29,47.700000,2023-11-14,2023-09-30,0.140000,0.050000,954.000000,520.015278,277.234154,-1.722652,12.139056,26.000764,39.862472,53.724179,,,,,,,,,,41.507500,38.750833,32.225417,29.255833,41.507500,46.864470,36.150530,44.185985,38.829015
2024-03-01,47.000000,2023-11-14,2023-09-30,0.140000,0.050000,940.000000,526.175000,278.292382,-1.520488,12.394131,26.308750,40.223369,54.137988,,,,,,,,,,41.727500,39.023333,32.416250,29.352917,41.727500,47.609093,35.845907,44.668296,38.786704
2024-03-04,45.000000,2023-11-14,2023-09-30,0.140000,0.050000,900.000000,531.990972,278.754764,-1.275928,12.661810,26.599549,40.537287,54.475025,,,,,,,,,,41.812500,39.248333,32.589167,29.442083,41.812500,47.837175,35.787825,44.824838,38.800162
2024-03-05,44.000000,2023-11-14,2023-09-30,0.140000,0.050000,880.000000,537.650694,278.869311,-1.004396,12.939069,26.882535,40.826000,54.769466,,,,,,,,,,41.947500,39.460000,32.755000,29.517292,41.947500,48.044391,35.850609,44.995945,38.899055
2024-03-06,45.050000,2023-11-14,2023-09-30,0.140000,0.050000,901.000000,543.457639,279.121787,-0.739297,13.216793,27.172882,41.128971,55.085061,,,,,,,,,,42.195000,39.669167,32.926250,29.599167,42.195000,48.377394,36.012606,45.286197,39.103803
2024-03-07,42.800000,2023-11-14,2023-09-30,0.140000,0.050000,856.000000,548.854861,278.848872,-0.442144,13.500299,27.442743,41.385187,55.327630,,,,,,,,,,42.352500,39.799167,33.074583,29.676875,42.352500,48.421357,36.283643,45.386929,39.318071
2024-03-08,41.150000,2023-11-14,2023-09-30,0.140000,0.050000,823.000000,554.004861,278.150905,-0.114847,13.792698,27.700243,41.607788,55.515334,,,,,,,,,,42.467500,39.918333,33.212500,29.743542,42.467500,48.340926,36.594074,45.404213,39.530787
2024-03-11,41.900000,2023-11-14,2023-09-30,0.140000,0.050000,838.000000,559.286806,277.469081,0.217432,14.090886,27.964340,41.837794,55.711248,,,,,,,,,,42.582500,40.032500,33.357500,29.816042,42.582500,48.307724,36.857276,45.445112,39.719888
2024-03-12,44.900000,2023-11-14,2023-09-30,0.140000,0.050000,898.000000,565.110417,277.180768,0.537444,14.396482,28.255521,42.114559,55.973598,,,,,,,,,,42.867500,40.138333,33.532500,29.902083,42.867500,48.449452,37.285548,45.658476,40.076524
2024-03-13,43.650000,2023-11-14,2023-09-30,0.140000,0.050000,873.000000,570.753472,276.491848,0.888489,14.713081,28.537674,42.362266,56.186858,,,,,,,,,,43.130000,40.233333,33.700417,29.985417,43.130000,48.306404,37.953596,45.718202,40.541798
2024-03-14,42.550000,2023-11-14,2023-09-30,0.140000,0.050000,851.000000,576.202778,275.507579,1.259381,15.034760,28.810139,42.585518,56.360897,,,,,,,,,,43.375000,40.325833,33.857917,30.062292,43.375000,47.879559,38.870441,45.627280,41.122720
2024-03-15,41.500000,2023-11-14,2023-09-30,0.140000,0.050000,830.000000,581.459722,274.268580,1.646128,15.359557,29.072986,42.786415,56.499844,,,,,,,,,,43.520000,40.392500,34.004583,30.124792,43.520000,47.537776,39.502224,45.528888,41.511112
2024-03-18,44.200000,2023-11-14,2023-09-30,0.140000,0.050000,884.000000,587.135417,273.415026,2.015268,15.686020,29.356771,43.027522,56.698273,,,,,,,,,,43.677500,40.504167,34.170000,30.195833,43.677500,47.531203,39.823797,45.604351,41.750649
2024-03-19,44.950000,2023-11-14,2023-09-30,0.140000,0.050000,899.000000,592.946528,272.562667,2.391060,16.019193,29.647326,43.275460,56.903593,,,,,,,,,,43.925000,40.610833,34.342917,30.265208,43.925000,47.401614,40.448386,45.663307,42.186693
2024-03-20,43.150000,2023-11-14,2023-09-30,0.140000,0.050000,863.000000,598.374306,271.388860,2.779829,16.349272,29.918715,43.488158,57.057601,,,,,,,,,,43.957500,40.700000,34.490833,30.325833,43.957500,47.389896,40.525104,45.673698,42.241302
2024-03-21,43.250000,2023-11-14,2023-09-30,0.140000,0.050000,865.000000,603.874306,270.034135,3.190302,16.692009,30.193715,43.695422,57.197129,,,,,,,,,,43.940000,40.779167,34.646250,30.390417,43.940000,47.383621,40.496379,45.661811,42.218189
2024-03-22,42.450000,2023-11-14,2023-09-30,0.140000,0.050000,849.000000,609.279167,268.376643,3.626294,17.045126,30.463958,43.882790,57.301623,,,,,,,,,,43.910000,40.879167,34.799583,30.455208,43.910000,47.396455,40.423545,45.653227,42.166773
2024-03-25,43.000000,2023-11-14,2023-09-30,0.140000,0.050000,860.000000,614.779167,266.676056,4.071353,17.405156,30.738958,44.072761,57.406564,,,,,,,,,,43.915000,40.994167,34.957917,30.521875,43.915000,47.395638,40.434362,45.655319,42.174681
2024-03-26,41.800000,2023-11-14,2023-09-30,0.140000,0.050000,836.000000,620.065278,264.698048,4.533459,17.768361,31.003264,44.238166,57.473069,,,,,,,,,,43.800000,41.076667,35.104583,30.586458,43.800000,47.404675,40.195325,45.602338,41.997662
2024-03-27,42.850000,2023-11-14,2023-09-30,0.140000,0.050000,857.000000,625.533333,262.735071,5.003160,18.139913,31.276667,44.413420,57.550174,,,,,,,,,,43.642500,41.159167,35.260833,30.648958,43.642500,47.115293,40.169707,45.378896,41.906104
2024-03-28,41.950000,2023-11-14,2023-09-30,0.140000,0.050000,839.000000,630.872222,260.480876,5.495523,18.519567,31.543611,44.567655,57.591699,,,,,,,,,,43.355000,41.200833,35.412083,30.709167,43.355000,46.329789,40.380211,44.842394,41.867606
2024-03-29,41.350000,2023-11-14,2023-09-30,0.140000,0.050000,827.000000,636.107639,258.024679,6.002914,18.904148,31.805382,44.706616,57.607850,,,,,,,,,,43.072500,41.246667,35.557917,30.768750,43.072500,45.634258,40.510742,44.353379,41.791621
2024-04-01,41.600000,2024-03-31,2023-12-31,-0.040000,0.040000,1040.000000,643.114583,257.475648,5.126531,15.425557,25.724583,36.023609,46.322635,,,,,,,,,,42.902500,41.288333,35.705417,30.830833,42.902500,45.375400,40.429600,44.138950,41.666050
2024-04-02,40.800000,2024-03-31,2023-12-31,-0.040000,0.040000,1020.000000,649.947917,256.496108,5.478228,15.738072,25.997917,36.257761,46.517605,,,,,,,,,,42.742500,41.277500,35.845417,30.888333,42.742500,45.327940,40.157060,44.035220,41.449780
2024-04-03,40.600000,2024-03-31,2023-12-31,-0.040000,0.040000,1015.000000,656.729167,255.287861,5.846138,16.057652,26.269167,36.480681,46.692196,,,,,,,,,,42.520000,41.290833,35.982500,30.938542,42.520000,45.034254,40.005746,43.777127,41.262873
2024-04-08,39.550000,2024-03-31,2023-12-31,-0.040000,0.040000,988.750000,663.246528,253.679471,6.235503,16.382682,26.529861,36.677040,46.824219,,,,,,,,,,42.357500,41.296667,36.105417,30.983958,42.357500,45.194896,39.520104,43.776198,40.938802
2024-04-09,38.850000,2024-03-31,2023-12-31,-0.040000,0.040000,971.250000,669.597222,251.748131,6.644038,16.713964,26.783889,36.853814,46.923739,,,,,,,,,,42.242500,41.285000,36.220000,31.028125,42.242500,45.448461,39.036539,43.845480,40.639520
2024-04-10,39.150000,2024-03-31,2023-12-31,-0.040000,0.040000,978.750000,676.034722,249.668508,7.067908,17.054649,27.041389,37.028129,47.014870,,,,,,,,,,42.105000,41.283333,36.340000,31.074375,42.105000,45.596026,38.613974,43.850513,40.359487
2024-04-11,38.050000,2024-03-31,2023-12-31,-0.040000,0.040000,951.250000,682.281250,247.063857,7.526141,17.408696,27.291250,37.173804,47.056359,,,,,,,,,,41.762500,41.284167,36.455417,31.114583,41.762500,45.438149,38.086851,43.600324,39.924676
2024-04-12,39.050000,2024-03-31,2023-12-31,-0.040000,0.040000,976.250000,688.711806,244.555599,7.984024,17.766248,27.548472,37.330696,47.112920,,,,,,,,,,41.532500,41.318333,36.576250,31.159375,41.532500,45.285713,37.779287,43.409106,39.655894
2024-04-15,38.000000,2024-03-31,2023-12-31,-0.040000,0.040000,950.000000,694.934028,241.582994,8.470722,18.134041,27.797361,37.460681,47.124001,,,,,,,,,,41.305000,41.335000,36.689583,31.202917,41.305000,45.339574,37.270426,43.322287,39.287713
2024-04-16,36.600000,2024-03-31,2023-12-31,-0.040000,0.040000,915.000000,700.888889,238.072533,8.989753,18.512654,28.035556,37.558457,47.081358,,,,,,,,,,41.060000,41.345000,36.794167,31.244792,41.060000,45.607249,36.512751,43.333625,38.786375
2024-04-17,38.700000,2024-03-31,2023-12-31,-0.040000,0.040000,967.500000,707.114583,235.152766,9.472362,18.878473,28.284583,37.690694,47.096805,,,,,,,,,,40.785000,41.391667,36.896250,31.299375,40.785000,45.195884,36.374116,42.990442,38.579558
2024-04-18,41.450000,2024-03-31,2023-12-31,-0.040000,0.040000,1036.250000,713.937500,232.692378,9.942110,19.249805,28.557500,37.865195,47.172890,,,,,,,,,,40.610000,41.479167,37.024167,31.361250,40.610000,44.580894,36.639106,42.595447,38.624553
2024-04-19,39.950000,2024-03-31,2023-12-31,-0.040000,0.040000,998.750000,720.402778,229.693697,10.440615,19.628363,28.816111,38.003859,47.191607,,,,,,,,,,40.450000,41.563333,37.134167,31.421042,40.450000,44.243901,36.656099,42.346950,38.553050
2024-04-22,37.500000,2024-03-31,2023-12-31,-0.040000,0.040000,937.500000,726.420139,225.778193,10.994550,20.025678,29.056806,38.087933,47.119061,,,,,,,,,,40.162500,41.549167,37.231250,31.469583,40.162500,43.934401,36.390599,42.048450,38.276550
2024-04-23,37.600000,2024-03-31,2023-12-31,-0.040000,0.040000,940.000000,732.364583,221.866448,11.545267,20.419925,29.294583,38.169241,47.043899,,,,,,,,,,39.920000,41.534167,37.317917,31.518542,39.920000,43.696297,36.143703,41.808149,38.031851
2024-04-24,38.050000,2024-03-31,2023-12-31,-0.040000,0.040000,951.250000,738.444444,217.711637,12.120847,20.829312,29.537778,38.246243,46.954709,,,,,,,,,,39.672500,41.476667,37.413333,31.568542,39.672500,43.242031,36.102969,41.457266,37.887734
2024-04-25,37.200000,2024-03-31,2023-12-31,-0.040000,0.040000,930.000000,744.288194,213.281911,12.708975,21.240251,29.771528,38.302804,46.834081,,,,,,,,,,39.442500,41.435000,37.494583,31.612708,39.442500,43.027597,35.857403,41.235049,37.649951
2024-04-26,36.750000,2024-03-31,2023-12-31,-0.040000,0.040000,918.750000,750.083333,208.399757,13.331353,21.667343,30.003333,38.339324,46.675314,,,,,,,,,,39.137500,41.349167,37.577500,31.657500,39.137500,42.535003,35.739997,40.836251,37.438749
2024-04-29,37.000000,2024-03-31,2023-12-31,-0.040000,0.040000,925.000000,755.958333,203.203135,13.982083,22.110208,30.238333,38.366459,46.494584,,,,,,,,,,38.890000,41.250833,37.665833,31.704167,38.890000,42.142950,35.637050,40.516475,37.263525
2024-04-30,36.950000,2024-03-31,2023-12-31,-0.040000,0.040000,923.750000,761.777778,197.809557,14.646347,22.558729,30.471111,38.383493,46.295876,,,,,,,,,,38.670000,41.156667,37.748333,31.749583,38.670000,41.815824,35.524176,40.242912,37.097088
2024-05-02,36.600000,2024-03-31,2023-12-31,-0.040000,0.040000,915.000000,767.607639,191.789318,15.361160,23.032733,30.704306,38.375878,46.047451,,,,,,,,,,38.420000,41.045000,37.837917,31.794375,38.420000,41.374283,35.465717,39.897142,36.942858
2024-05-03,36.300000,2024-03-31,2023-12-31,-0.040000,0.040000,907.500000,773.378472,185.331689,16.108604,23.521871,30.935139,38.348406,45.761674,,,,,,,,,,38.195000,40.961667,37.925417,31.837292,38.195000,41.070468,35.319532,39.632734,36.757266
2024-05-06,35.400000,2024-03-31,2023-12-31,-0.040000,0.040000,885.000000,778.899306,178.526345,16.873865,24.014918,31.155972,38.297026,45.438080,,,,,,,,,,37.935000,40.883333,37.997917,31.875208,37.935000,40.835109,35.034891,39.385054,36.484946
2024-05-07,35.750000,2024-03-31,2023-12-31,-0.040000,0.040000,893.750000,784.531250,171.189854,17.686062,24.533656,31.381250,38.228844,45.076438,,,,,,,,,,37.745000,40.818333,38.077917,31.920000,37.745000,40.697055,34.792945,39.221028,36.268972
2024-05-08,35.850000,2024-03-31,2023-12-31,-0.040000,0.040000,896.250000,790.170139,163.391299,18.535502,25.071154,31.606806,38.142457,44.678109,,,,,,,,,,37.595000,40.768333,38.157083,31.963542,37.595000,40.614742,34.575258,39.104871,36.085129
2024-05-09,34.250000,2024-03-31,2023-12-31,-0.040000,0.040000,856.250000,795.461806,154.871741,19.428733,25.623603,31.818472,38.013342,44.208211,,,,,,,,,,37.350000,40.679167,38.221250,31.999167,37.350000,40.623016,34.076984,38.986508,35.713492
2024-05-10,34.400000,2024-03-31,2023-12-31,-0.040000,0.040000,860.000000,800.753472,145.798980,20.366220,26.198180,32.030139,37.862098,43.694057,,,,,,,,,,37.167500,40.599167,38.282917,32.032917,37.167500,40.674827,33.660173,38.921163,35.413837
2024-05-13,33.900000,2024-03-31,2023-12-31,-0.040000,0.040000,847.500000,806.010417,135.576434,21.394302,26.817359,32.240417,37.663474,43.086531,,,,,,,,,,36.910000,40.524167,38.348750,32.064375,36.910000,40.587471,33.232529,38.748735,35.071265
2024-05-14,34.600000,2024-03-31,2023-12-31,-0.040000,0.040000,865.000000,811.461806,124.110727,22.529614,27.494043,32.458472,37.422901,42.387330,,,,,,,,,,36.740000,40.473333,38.426250,32.096458,36.740000,40.518276,32.961724,38.629138,34.850862
2024-05-15,34.550000,2024-05-15,2024-03-31,-0.040000,0.070000,493.571429,813.790179,115.105195,40.850585,48.907949,56.965312,65.022676,73.080040,,,,,,,,,,36.637500,40.405833,38.500000,32.128125,36.637500,40.540923,32.734077,38.589211,34.685789
2024-05-16,34.400000,2024-05-15,2024-03-31,-0.040000,0.070000,491.428571,813.552083,115.745774,40.744237,48.846442,56.948646,65.050850,73.153054,,,,,,,,,,36.422500,40.295000,38.570000,32.148125,36.422500,40.321282,32.523718,38.371891,34.473109
2024-05-17,35.000000,2024-05-15,2024-03-31,-0.040000,0.070000,500.000000,813.235417,116.555139,40.608760,48.767619,56.926479,65.085339,73.244199,,,,,,,,,,36.100000,40.211667,38.637500,32.172917,36.100000,39.241237,32.958763,37.670618,34.529382
2024-05-20,34.200000,2024-05-15,2024-03-31,-0.040000,0.070000,488.571429,812.823512,117.618482,40.431058,48.664352,56.897646,65.130940,73.364233,,,,,,,,,,35.812500,40.073333,38.698333,32.196667,35.812500,38.488096,33.136904,37.150298,34.474702
2024-05-21,34.650000,2024-05-15,2024-03-31,-0.040000,0.070000,495.000000,812.323512,118.844846,40.224367,48.543507,56.862646,65.181785,73.500924,,,,,,,,,,35.670000,39.924167,38.755833,32.223333,35.670000,38.269676,33.070324,36.969838,34.370162
2024-05-22,34.550000,2024-05-15,2024-03-31,-0.040000,0.070000,493.571429,811.353274,120.966789,39.859379,48.327054,56.794729,65.262404,73.730080,,,,,,,,,,35.517500,39.782500,38.789583,32.252083,35.517500,37.995461,33.039539,36.756480,34.278520
2024-05-23,33.600000,2024-05-15,2024-03-31,-0.040000,0.070000,480.000000,810.236607,123.397961,39.440848,48.078705,56.716562,65.354420,73.992277,,,,,,,,,,35.295000,39.627500,38.813750,32.270833,35.295000,37.609235,32.980765,36.452118,34.137882
2024-05-24,34.000000,2024-05-15,2024-03-31,-0.040000,0.070000,485.714286,809.100893,125.749741,39.032099,47.834581,56.637062,65.439544,74.242026,,,,,,,,,,35.135000,39.459167,38.837917,32.289583,35.135000,37.334306,32.935694,36.234653,34.035347
2024-05-27,34.450000,2024-05-15,2024-03-31,-0.040000,0.070000,492.142857,808.018750,127.913502,38.653422,47.607367,56.561312,65.515258,74.469203,,,,,,,,,,35.020000,39.266667,38.865833,32.312292,35.020000,37.101093,32.938907,36.060546,33.979454
2024-05-28,35.800000,2024-05-15,2024-03-31,-0.040000,0.070000,511.428571,807.188988,129.515209,38.371100,47.437165,56.503229,65.569294,74.635358,,,,,,,,,,34.960000,39.068333,38.909583,32.341667,34.960000,36.862242,33.057758,35.911121,34.008879
2024-05-29,36.950000,2024-05-15,2024-03-31,-0.040000,0.070000,527.857143,806.479464,130.814676,38.139508,47.296535,56.453562,65.610590,74.767617,,,,,,,,,,34.960000,38.900833,38.962083,32.376042,34.960000,36.862242,33.057758,35.911121,34.008879
2024-05-30,35.800000,2024-05-15,2024-03-31,-0.040000,0.070000,511.428571,805.491369,132.594597,37.821152,47.102774,56.384396,65.666018,74.947639,,,,,,,,,,34.920000,38.747500,38.997917,32.405208,34.920000,36.707206,33.132794,35.813603,34.026397
2024-05-31,36.700000,2024-05-15,2024-03-31,-0.040000,0.070000,524.285714,804.643750,134.068563,37.555464,46.940263,56.325062,65.709862,75.094661,,,,,,,,,,34.940000,38.625833,39.042917,32.439792,34.940000,36.799711,33.080289,35.869856,34.010144
2024-06-03,36.600000,2024-05-15,2024-03-31,-0.040000,0.070000,522.857143,803.584226,135.792274,37.239977,46.745437,56.250896,65.756355,75.261814,,,,,,,,,,35.000000,38.485000,39.077083,32.466042,35.000000,36.994730,33.005270,35.997365,34.002635
2024-06-04,36.400000,2024-05-15,2024-03-31,-0.040000,0.070000,520.000000,802.084226,137.923550,36.836599,46.491247,56.145896,65.800544,75.455193,,,,,,,,,,35.032500,38.378333,39.088750,32.500417,35.032500,37.098586,32.966414,36.065543,33.999457
2024-06-05,35.900000,2024-05-15,2024-03-31,-0.040000,0.070000,512.857143,800.691369,139.995220,36.449065,46.248730,56.048396,65.848061,75.647727,,,,,,,,,,35.035000,38.290833,39.104583,32.534583,35.035000,37.105367,32.964633,36.070184,33.999816
2024-06-06,35.250000,2024-05-15,2024-03-31,-0.040000,0.070000,503.571429,799.046131,142.317487,36.008781,45.971005,55.933229,65.895453,75.857677,,,,,,,,,,35.085000,38.180000,39.106250,32.567500,35.085000,37.123601,33.046399,36.104301,34.065699
2024-06-07,37.050000,2024-05-15,2024-03-31,-0.040000,0.070000,529.285714,797.031845,144.412895,35.574424,45.683327,55.792229,65.901132,76.010034,,,,,,,,,,35.217500,38.049167,39.093750,32.606042,35.217500,37.407495,33.027505,36.312498,34.122502
2024-06-11,36.450000,2024-05-15,2024-03-31,-0.040000,0.070000,520.714286,795.046131,146.562483,35.134481,45.393855,55.653229,65.912603,76.171977,,,,,,,,,,35.345000,37.929167,39.081250,32.642292,35.345000,37.508793,33.181207,36.426896,34.263104
2024-06-12,36.800000,2024-05-15,2024-03-31,-0.040000,0.070000,525.714286,793.260417,148.531007,34.733888,45.131059,55.528229,65.925400,76.322570,,,,,,,,,,35.455000,37.833333,39.079583,32.679792,35.455000,37.682082,33.227918,36.568541,34.341459
2024-06-13,37.150000,2024-05-15,2024-03-31,-0.040000,0.070000,530.714286,791.433036,150.404833,34.343636,44.871974,55.400312,65.928651,76.456989,,,,,,,,,,35.585000,37.760833,39.076667,32.719375,35.585000,37.891764,33.278236,36.738382,34.431618
2024-06-14,38.000000,2024-05-15,2024-03-31,-0.040000,0.070000,542.857143,789.706845,152.063889,33.990535,44.635007,55.279479,65.923951,76.568424,,,,,,,,,,35.765000,37.657500,39.080833,32.761667,35.765000,38.238246,33.291754,37.001623,34.528377
2024-06-17,37.400000,2024-05-15,2024-03-31,-0.040000,0.070000,534.285714,787.734226,153.833665,33.604683,44.373039,55.141396,65.909752,76.678109,,,,,,,,,,35.885000,37.531667,39.071250,32.801042,35.885000,38.433705,33.336295,37.159352,34.610648
2024-06-18,36.700000,2024-05-15,2024-03-31,-0.040000,0.070000,524.285714,785.803274,155.678548,33.211232,44.108731,55.006229,65.903728,76.801226,,,,,,,,,,36.010000,37.424167,39.062083,32.838958,36.010000,38.453811,33.566189,37.231905,34.788095
2024-06-19,36.150000,2024-05-15,2024-03-31,-0.040000,0.070000,516.428571,783.690179,157.603870,32.793771,43.826042,54.858312,65.890583,76.922854,,,,,,,,,,36.085000,37.305833,39.042500,32.877500,36.085000,38.443657,33.726343,37.264329,34.905671
2024-06-20,38.200000,2024-05-15,2024-03-31,-0.040000,0.070000,545.714286,782.162798,159.020113,32.488580,43.619988,54.751396,65.882804,77.014212,,,,,,,,,,36.267500,37.235000,39.057083,32.926250,36.267500,38.690042,33.844958,37.478771,35.056229
2024-06-21,38.500000,2024-05-15,2024-03-31,-0.040000,0.070000,550.000000,780.729464,160.336663,32.203930,43.427496,54.651062,65.874629,77.098195,,,,,,,,,,36.512500,37.160000,39.077083,32.974792,36.512500,38.785656,34.239344,37.649078,35.375922
2024-06-24,37.050000,2024-05-15,2024-03-31,-0.040000,0.070000,529.285714,778.998512,161.926059,31.860248,43.195072,54.529896,65.864720,77.199544,,,,,,,,,,36.665000,37.080833,39.078750,33.014167,36.665000,38.614656,34.715344,37.639828,35.690172
2024-06-25,37.050000,2024-05-15,2024-03-31,-0.040000,0.070000,529.285714,777.092560,163.513559,31.504581,42.950530,54.396479,65.842428,77.288377,,,,,,,,,,36.795000,36.984167,39.071667,33.052500,36.795000,38.446761,35.143239,37.620881,35.969119
2024-06-26,36.450000,2024-05-15,2024-03-31,-0.040000,0.070000,520.714286,774.856845,165.175069,31.115469,42.677724,54.239979,65.802234,77.364489,,,,,,,,,,36.827500,36.892500,39.046667,33.088542,36.827500,38.421395,35.233605,37.624447,36.030553
2024-06-27,36.000000,2024-05-15,2024-03-31,-0.040000,0.070000,514.285714,772.709226,166.879147,30.726565,42.408106,54.089646,65.771186,77.452726,,,,,,,,,,36.780000,36.803333,39.025000,33.122083,36.780000,38.414625,35.145375,37.597313,35.962687
2024-06-28,36.300000,2024-05-15,2024-03-31,-0.040000,0.070000,518.571429,770.513988,168.480872,30.348657,42.142318,53.935979,65.729640,77.523301,,,,,,,,,,36.805000,36.715000,39.001667,33.157083,36.805000,38.391091,35.218909,37.598045,36.011955
2024-07-01,35.950000,2024-05-15,2024-03-31,-0.040000,0.070000,513.571429,767.885417,170.014346,29.949971,41.850975,53.751979,65.652983,77.553988,,,,,,,,,,36.767500,36.634167,38.955833,33.192917,36.767500,38.398862,35.136138,37.583181,35.951819
2024-07-02,35.650000,2024-05-15,2024-03-31,-0.040000,0.070000,509.285714,765.496131,171.622969,29.557513,41.571121,53.584729,65.598337,77.611945,,,,,,,,,,36.720000,36.551667,38.921250,33.229375,36.720000,38.425533,35.014467,37.572766,35.867234
2024-07-03,36.150000,2024-05-15,2024-03-31,-0.040000,0.070000,516.428571,763.266369,173.112253,29.192930,41.310788,53.428646,65.546504,77.664361,,,,,,,,,,36.707500,36.495000,38.895833,33.270833,36.707500,38.426519,34.988481,37.567009,35.847991
2024-07-04,36.850000,2024-05-15,2024-03-31,-0.040000,0.070000,526.428571,761.061607,174.435803,28.853300,41.063806,53.274312,65.484819,77.695325,,,,,,,,,,36.755000,36.461667,38.873333,33.314792,36.755000,38.432059,35.077941,37.593529,35.916471
2024-07-05,37.550000,2024-05-15,2024-03-31,-0.040000,0.070000,536.428571,758.990179,175.621015,28.542370,40.835841,53.129312,65.422784,77.716255,,,,,,,,,,36.870000,36.435000,38.859167,33.363125,36.870000,38.423400,35.316600,37.646700,36.093300
2024-07-08,36.650000,2024-05-15,2024-03-31,-0.040000,0.070000,523.571429,757.019940,176.930915,28.221068,40.606232,52.991396,65.376560,77.761724,,,,,,,,,,36.850000,36.411667,38.847917,33.406458,36.850000,38.403942,35.296058,37.626971,36.073029
2024-07-09,36.000000,2024-05-15,2024-03-31,-0.040000,0.070000,514.285714,755.138988,178.307801,27.896637,40.378183,52.859729,65.341275,77.822821,,,,,,,,,,36.827500,36.360833,38.839583,33.446042,36.827500,38.418420,35.236580,37.622960,36.032040
2024-07-10,36.000000,2024-05-15,2024-03-31,-0.040000,0.070000,514.285714,753.258036,179.654279,27.576464,40.152263,52.728062,65.303862,77.879661,,,,,,,,,,36.787500,36.327500,38.831250,33.485417,36.787500,38.420990,35.154010,37.604245,35.970755
2024-07-11,35.650000,2024-05-15,2024-03-31,-0.040000,0.070000,509.285714,751.502083,181.006753,27.264200,39.934673,52.605146,65.275619,77.946091,,,,,,,,,,36.712500,36.311667,38.828333,33.528125,36.712500,38.412306,35.012694,37.562403,35.862597
2024-07-12,35.400000,2024-05-15,2024-03-31,-0.040000,0.070000,505.714286,749.733036,182.369180,26.949627,39.715470,52.481312,65.247155,78.012998,,,,,,,,,,36.582500,36.256667,38.824167,33.571250,36.582500,38.265316,34.899684,37.423908,35.741092
2024-07-15,35.450000,2024-05-15,2024-03-31,-0.040000,0.070000,506.428571,747.919940,183.703817,26.635861,39.495129,52.354396,65.213663,78.072930,,,,,,,,,,36.485000,36.156667,38.817917,33.613750,36.485000,38.194140,34.775860,37.339570,35.630430
2024-07-16,35.000000,2024-05-15,2024-03-31,-0.040000,0.070000,500.000000,746.269940,185.040300,26.333254,39.286075,52.238896,65.191717,78.144538,,,,,,,,,,36.400000,36.074167,38.818750,33.654167,36.400000,38.229006,34.570994,37.314503,35.485497
2024-07-17,35.550000,2024-05-15,2024-03-31,-0.040000,0.070000,507.857143,744.110417,186.304190,26.005143,39.046436,52.087729,65.129022,78.170316,,,,,,,,,,36.370000,36.041667,38.795417,33.698750,36.370000,38.235589,34.504411,37.302794,35.437206
2024-07-18,34.600000,2024-05-15,2024-03-31,-0.040000,0.070000,494.285714,741.812798,187.677301,25.652074,38.789485,51.926896,65.064307,78.201718,,,,,,,,,,36.190000,35.991667,38.762917,33.737917,36.190000,38.006185,34.373815,37.098092,35.281908
2024-07-19,33.300000,2024-05-15,2024-03-31,-0.040000,0.070000,475.714286,738.860417,189.059925,25.251840,38.486034,51.720229,64.954424,78.188619,,,,,,,,,,35.930000,35.912500,38.694583,33.774167,35.930000,37.840194,34.019806,36.885097,34.974903
2024-07-22,32.100000,2024-05-15,2024-03-31,-0.040000,0.070000,458.571429,736.065179,190.710281,24.825123,38.174843,51.524562,64.874282,78.224002,,,,,,,,,,35.682500,35.827500,38.631250,33.803333,35.682500,38.175495,33.189505,36.928998,34.436002
2024-07-23,33.150000,2024-05-15,2024-03-31,-0.040000,0.070000,473.571429,733.028274,191.970859,24.436059,37.874019,51.311979,64.749939,78.187899,,,,,,,,,,35.487500,35.767500,38.558333,33.835417,35.487500,38.135414,32.839586,36.811457,34.163543
2024-07-26,32.050000,2024-05-15,2024-03-31,-0.040000,0.070000,457.857143,729.693750,193.252814,24.023168,37.550865,51.078562,64.606260,78.133957,,,,,,,,,,35.267500,35.685000,38.467917,33.863125,35.267500,38.284169,32.250831,36.775834,33.759166
2024-07-29,30.700000,2024-05-15,2024-03-31,-0.040000,0.070000,438.571429,726.248512,194.733613,23.574690,37.206043,50.837396,64.468749,78.100102,,,,,,,,,,35.002500,35.580833,38.368750,33.885000,35.002500,38.619634,31.385366,36.811067,33.193933
2024-07-30,31.700000,2024-05-15,2024-03-31,-0.040000,0.070000,452.857143,722.805655,195.890777,23.171687,36.884041,50.596396,64.308750,78.021105,,,,,,,,,,34.772500,35.499167,38.272083,33.913125,34.772500,38.619915,30.925085,36.696208,32.848792
2024-07-31,31.500000,2024-05-15,2024-03-31,-0.040000,0.070000,450.000000,719.672321,197.228829,22.765026,36.571044,50.377062,64.183081,77.989099,,,,,,,,,,34.550000,35.419167,38.190417,33.938542,34.550000,38.619010,30.480990,36.584505,32.515495
2024-08-01,32.150000,2024-05-15,2024-03-31,-0.040000,0.070000,459.285714,716.816369,198.503872,22.386604,36.281875,50.177146,64.072417,77.967688,,,,,,,,,,34.375000,35.365000,38.124167,33.967292,34.375000,38.544627,30.205373,36.459814,32.290186
2024-08-02,30.800000,2024-05-15,2024-03-31,-0.040000,0.070000,440.000000,713.874702,199.975537,21.974654,35.972942,49.971229,63.969517,77.967804,,,,,,,,,,34.107500,35.282500,38.050417,33.993542,34.107500,38.479212,29.735788,36.293356,31.921644
2024-08-05,27.750000,2024-05-15,2024-03-31,-0.040000,0.070000,396.428571,710.703274,201.973788,21.472899,35.611064,49.749229,63.887394,78.025559,,,,,,,,,,33.652500,35.147500,37.957917,34.008958,33.652500,38.669049,28.635951,36.160774,31.144226
2024-08-06,27.000000,2024-05-15,2024-03-31,-0.040000,0.070000,385.714286,707.317560,203.994748,20.952964,35.232597,49.512229,63.791862,78.071494,,,,,,,,,,33.125000,35.026667,37.852917,34.025417,33.125000,38.612546,27.637454,35.868773,30.381227
2024-08-07,29.700000,2024-05-15,2024-03-31,-0.040000,0.070000,424.285714,704.319940,205.495866,20.532975,34.917685,49.302396,63.687106,78.071817,,,,,,,,,,32.777500,34.948333,37.773750,34.052083,32.777500,38.205059,27.349941,35.491279,30.063721
2024-08-08,29.850000,2024-05-15,2024-03-31,-0.040000,0.070000,426.428571,701.473512,206.966765,20.127799,34.615472,49.103146,63.590819,78.078493,,,,,,,,,,32.470000,34.880833,37.702500,34.081250,32.470000,37.825214,27.114786,35.147607,29.792393
2024-08-09,30.950000,2024-05-15,2024-03-31,-0.040000,0.070000,442.142857,698.883036,208.257797,19.765721,34.343767,48.921812,63.499858,78.077904,,,,,,,,,,32.217500,34.820000,37.646667,34.113125,32.217500,37.343212,27.091788,34.780356,29.654644
2024-08-12,31.250000,2024-05-15,2024-03-31,-0.040000,0.070000,446.428571,696.169940,209.414746,19.413831,34.072864,48.731896,63.390928,78.049960,,,,,,,,,,31.997500,34.765000,37.585417,34.146667,31.997500,36.874565,27.120435,34.436033,29.558967
2024-08-13,31.300000,2024-05-15,2024-03-31,-0.040000,0.070000,447.142857,693.054464,210.321022,19.068869,33.791341,48.513812,63.236284,77.958756,,,,,,,,,,31.792500,34.713333,37.504167,34.178333,31.792500,36.404872,27.180128,34.098686,29.486314
2024-08-14,31.400000,2024-08-14,2024-06-30,0.120000,0.180000,174.444444,687.841501,215.340554,46.288871,85.050170,123.811470,162.572770,201.334070,,,,,,,,,,31.590000,34.653333,37.432500,34.212708,31.590000,35.869892,27.310108,33.729946,29.450054
2024-08-15,31.600000,2024-08-14,2024-06-30,0.120000,0.180000,175.555556,682.221131,219.827393,43.661942,83.230873,122.799804,162.368734,201.937665,,,,,,,,,,31.420000,34.610000,37.341667,34.247917,31.420000,35.388348,27.451652,33.404174,29.435826
2024-08-16,31.650000,2024-08-14,2024-06-30,0.120000,0.180000,175.833333,676.419742,223.924877,41.142598,81.449076,121.755554,162.062031,202.368509,,,,,,,,,,31.225000,34.560000,37.242083,34.284583,31.225000,34.690241,27.759759,32.957620,29.492380
2024-08-19,32.300000,2024-08-14,2024-06-30,0.120000,0.180000,179.444444,670.740112,227.813563,38.720338,79.726779,120.733220,161.739662,202.746103,,,,,,,,,,31.110000,34.522500,37.152500,34.321875,31.110000,34.240092,27.979908,32.675046,29.544954
2024-08-20,32.400000,2024-08-14,2024-06-30,0.120000,0.180000,180.000000,665.090112,231.507885,36.373382,78.044801,119.716220,161.387640,203.059059,,,,,,,,,,31.065000,34.502500,37.065000,34.361042,31.065000,34.086519,28.043481,32.575760,29.554240
2024-08-21,32.850000,2024-08-14,2024-06-30,0.120000,0.180000,182.500000,659.260946,234.783612,34.144870,76.405920,118.666970,160.928020,203.189071,,,,,,,,,,31.102500,34.483333,36.971250,34.401667,31.102500,34.195867,28.009133,32.649184,29.555816
2024-08-22,32.500000,2024-08-14,2024-06-30,0.120000,0.180000,180.555556,653.098909,237.569902,32.032639,74.795221,117.557804,160.320386,203.082968,,,,,,,,,,31.070000,34.450833,36.858750,34.441250,31.070000,34.085469,28.054531,32.577734,29.562266
2024-08-23,32.150000,2024-08-14,2024-06-30,0.120000,0.180000,178.611111,646.637335,239.850838,30.048419,73.221569,116.394720,159.567871,202.741022,,,,,,,,,,31.075000,34.390000,36.729167,34.477292,31.075000,34.097634,28.052366,32.586317,29.563683
2024-08-26,32.300000,2024-08-14,2024-06-30,0.120000,0.180000,179.444444,640.299372,242.072106,28.107929,71.680908,115.253887,158.826866,202.399845,,,,,,,,,,31.155000,34.312500,36.606667,34.511458,31.155000,34.220238,28.089762,32.687619,29.622381
2024-08-27,32.250000,2024-08-14,2024-06-30,0.120000,0.180000,179.166667,634.292427,244.504964,26.150850,70.161743,114.172637,158.183530,202.194424,,,,,,,,,,31.182500,34.253333,36.500417,34.544792,31.182500,34.278044,28.086956,32.730272,29.634728
2024-08-28,32.200000,2024-08-14,2024-06-30,0.120000,0.180000,178.888889,628.449835,246.948817,24.219396,68.670183,113.120970,157.571757,202.022544,,,,,,,,,,31.217500,34.178333,36.402083,34.578542,31.217500,34.343836,28.091164,32.780668,29.654332
2024-08-29,32.500000,2024-08-14,2024-06-30,0.120000,0.180000,180.555556,622.446131,249.015926,22.394570,67.217437,112.040304,156.863170,201.686037,,,,,,,,,,31.235000,34.110000,36.297500,34.611875,31.235000,34.387125,28.082875,32.811063,29.658937
2024-08-30,32.000000,2024-08-14,2024-06-30,0.120000,0.180000,177.777778,616.794279,251.356190,20.534742,65.778856,111.022970,156.267084,201.511199,,,,,,,,,,31.295000,34.036667,36.207500,34.641042,31.295000,34.457927,28.132073,32.876463,29.713537
2024-09-02,32.000000,2024-08-14,2024-06-30,0.120000,0.180000,177.777778,611.417427,253.797338,18.688095,64.371616,110.055137,155.738658,201.422179,,,,,,,,,,31.507500,33.971667,36.131250,34.671875,31.507500,34.204335,28.810665,32.855918,30.159082
2024-09-03,32.050000,2024-08-14,2024-06-30,0.120000,0.180000,178.055556,605.917890,255.986985,16.909906,62.987563,109.065220,155.142878,201.220535,,,,,,,,,,31.760000,33.918333,36.049167,34.703333,31.760000,33.430046,30.089954,32.595023,30.924977
2024-09-04,30.150000,2024-08-14,2024-06-30,0.120000,0.180000,167.500000,599.830390,257.663099,15.210755,61.590113,107.969470,154.348828,200.728186,,,,,,,,,,31.782500,33.803333,35.926250,34.729375,31.782500,33.344306,30.220694,32.563403,31.001597
2024-09-05,31.550000,2024-08-14,2024-06-30,0.120000,0.180000,175.277778,594.016038,259.314042,13.569832,60.246359,106.922887,153.599414,200.275942,,,,,,,,,,31.867500,33.721667,35.825417,34.762917,31.867500,33.145770,30.589230,32.506635,31.228365
2024-09-06,31.300000,2024-08-14,2024-06-30,0.120000,0.180000,173.888889,588.373446,261.036304,11.934151,58.920686,105.907220,152.893755,199.880290,,,,,,,,,,31.885000,33.630000,35.731667,34.794792,31.885000,33.119205,30.650795,32.502103,31.267897
2024-09-09,31.250000,2024-08-14,2024-06-30,0.120000,0.180000,173.611111,582.903538,262.801780,10.313996,57.618316,104.922637,152.226957,199.531278,,,,,,,,,,31.885000,33.531667,35.646250,34.825417,31.885000,33.119205,30.650795,32.502103,31.267897
2024-09-10,30.450000,2024-08-14,2024-06-30,0.120000,0.180000,169.166667,576.946594,264.018226,8.803826,56.327106,103.850387,151.373668,198.896948,,,,,,,,,,31.842500,33.405833,35.531667,34.850833,31.842500,33.212585,30.472415,32.527542,31.157458
2024-09-11,30.400000,2024-08-14,2024-06-30,0.120000,0.180000,168.888889,570.862335,264.945209,7.374945,55.065083,102.755220,150.445358,198.135496,,,,,,,,,,31.792500,33.289167,35.410417,34.876667,31.792500,33.296976,30.288024,32.544738,31.040262
2024-09-12,30.700000,2024-08-14,2024-06-30,0.120000,0.180000,170.555556,565.091964,266.067300,5.932326,53.824440,101.716554,149.608668,197.500782,,,,,,,,,,31.747500,33.189167,35.306667,34.898750,31.747500,33.328131,30.166869,32.537816,30.957184
2024-09-13,31.300000,2024-08-14,2024-06-30,0.120000,0.180000,173.888889,559.332705,266.999196,4.560176,52.620032,100.679887,148.739742,196.799597,,,,,,,,,,31.730000,33.108333,35.207083,34.926667,31.730000,33.322879,30.137121,32.526439,30.933561
2024-09-16,31.750000,2024-08-14,2024-06-30,0.120000,0.180000,176.388889,553.727612,267.925561,3.217768,51.444369,99.670970,147.897571,196.124172,,,,,,,,,,31.702500,33.000833,35.117917,34.958750,31.702500,33.272775,30.132225,32.487637,30.917363
2024-09-18,32.000000,2024-08-14,2024-06-30,0.120000,0.180000,177.777778,548.042427,268.609329,1.948279,50.297958,98.647637,146.997316,195.346995,,,,,,,,,,31.682500,32.892500,35.026250,34.992083,31.682500,33.225319,30.139681,32.453909,30.911091
2024-09-19,32.000000,2024-08-14,2024-06-30,0.120000,0.180000,177.777778,542.557242,269.399137,0.676614,49.168459,97.660304,146.152148,194.643993,,,,,,,,,,31.640000,32.808333,34.944583,35.024583,31.640000,33.091533,30.188467,32.365766,30.914234
2024-09-20,31.850000,2024-08-14,2024-06-30,0.120000,0.180000,176.944444,536.890112,269.881331,-0.517059,48.061581,96.640220,145.218860,193.797499,,,,,,,,,,31.607500,32.721667,34.852917,35.056875,31.607500,33.006099,30.208901,32.306799,30.908201
2024-09-23,31.850000,2024-08-14,2024-06-30,0.120000,0.180000,176.944444,531.372983,270.420057,-1.704084,46.971527,95.647137,144.322747,192.998357,,,,,,,,,,31.592500,32.645000,34.768750,35.090417,31.592500,32.972918,30.212082,32.282709,30.902291
2024-09-24,32.600000,2024-08-14,2024-06-30,0.120000,0.180000,181.111111,525.990575,270.913882,-2.850694,45.913805,94.678304,143.442802,192.207301,,,,,,,,,,31.607500,32.588333,34.695833,35.126875,31.607500,33.026274,30.188726,32.316887,30.898113
2024-09-25,33.350000,2024-08-14,2024-06-30,0.120000,0.180000,185.277778,518.867890,268.511569,-3.267945,45.064138,93.396220,141.728303,190.060385,,,,,,,,,,31.662500,32.539167,34.627083,35.166250,31.662500,33.260155,30.064845,32.461327,30.863673
2024-09-26,34.750000,2024-08-14,2024-06-30,0.120000,0.180000,193.055556,511.976687,266.143303,-3.655786,44.250009,92.155804,140.061598,187.967393,,,,,,,,,,31.790000,32.519167,34.576667,35.211042,31.790000,33.894782,29.685218,32.842391,30.737609
2024-09-27,34.100000,2024-08-14,2024-06-30,0.120000,0.180000,189.444444,505.097057,263.689940,-4.010908,43.453281,90.917470,138.381660,185.845849,,,,,,,,,,31.870000,32.493333,34.522500,35.252500,31.870000,34.198180,29.541820,33.034090,30.705910
2024-09-30,32.800000,2024-08-14,2024-06-30,0.120000,0.180000,182.222222,498.375992,261.528491,-4.442578,42.632550,89.707679,136.782807,183.857935,,,,,,,,,,31.910000,32.437500,34.466250,35.285833,31.910000,34.274786,29.545214,33.092393,30.727607
2024-10-01,33.300000,2024-08-14,2024-06-30,0.120000,0.180000,185.000000,491.823909,259.422503,-4.863797,41.832253,88.528304,135.224354,181.920405,,,,,,,,,,31.975000,32.378333,34.420000,35.320000,31.975000,34.420296,29.529704,33.197648,30.752352
2024-10-04,32.900000,2024-08-14,2024-06-30,0.120000,0.180000,182.777778,485.190807,257.032792,-5.197460,41.068443,87.334345,133.600248,179.866150,,,,,,,,,,32.017500,32.300833,34.367917,35.353958,32.017500,34.497584,29.537416,33.257542,30.777458
2024-10-07,33.050000,2024-08-14,2024-06-30,0.120000,0.180000,183.611111,478.793816,254.879531,-5.573744,40.304571,86.182887,132.061202,177.939518,,,,,,,,,,32.162500,32.240833,34.326250,35.390833,32.162500,34.518874,29.806126,33.340687,30.984313
2024-10-08,32.900000,2024-08-14,2024-06-30,0.120000,0.180000,182.777778,472.181548,252.143444,-5.778961,39.606859,84.992679,130.378498,175.764318,,,,,,,,,,32.230000,32.189167,34.275000,35.425625,32.230000,34.589839,29.870161,33.409920,31.050080
2024-10-09,32.150000,2024-08-14,2024-06-30,0.120000,0.180000,178.611111,465.753307,249.680402,-6.049350,38.893123,83.835595,128.778068,173.720540,,,,,,,,,,32.272500,32.125000,34.226250,35.457917,32.272500,34.592090,29.952910,33.432295,31.112705
2024-10-11,32.500000,2024-08-14,2024-06-30,0.120000,0.180000,180.555556,459.632937,247.568277,-6.390651,38.171639,82.733929,127.296218,171.858508,,,,,,,,,,32.335000,32.072500,34.192083,35.493125,32.335000,34.605428,30.064572,33.470214,31.199786
2024-10-14,32.400000,2024-08-14,2024-06-30,0.120000,0.180000,180.000000,453.070437,244.410005,-6.434923,37.558878,81.552679,125.546480,169.540280,,,,,,,,,,32.432500,32.022500,34.139583,35.517917,32.432500,34.522394,30.342606,33.477447,31.387553
2024-10-15,32.500000,2024-08-14,2024-06-30,0.120000,0.180000,180.555556,445.939649,239.689540,-6.019098,37.125020,80.269137,123.413254,166.557371,,,,,,,,,,32.537500,31.973333,34.065000,35.544583,32.537500,34.395590,30.679410,33.466545,31.608455
2024-10-16,32.800000,2024-08-14,2024-06-30,0.120000,0.180000,182.222222,439.135251,235.416128,-5.705461,36.669442,79.044345,121.419248,163.794151,,,,,,,,,,32.642500,31.936667,34.005417,35.569792,32.642500,34.288636,30.996364,33.465568,31.819432
2024-10-17,33.250000,2024-08-14,2024-06-30,0.120000,0.180000,184.722222,432.862103,232.029879,-5.615578,36.149800,77.915179,119.680557,161.445935,,,,,,,,,,32.740000,31.898333,33.970000,35.600625,32.740000,34.278831,31.201169,33.509415,31.970585
2024-10-18,32.200000,2024-08-14,2024-06-30,0.120000,0.180000,178.888889,426.519511,228.425227,-5.459570,35.656971,76.773512,117.890053,159.006594,,,,,,,,,,32.762500,31.858333,33.925000,35.621458,32.762500,34.252775,31.272225,33.507638,32.017362
2024-10-21,32.950000,2024-08-14,2024-06-30,0.120000,0.180000,183.055556,420.117890,224.323576,-5.135267,35.242976,75.621220,115.999464,156.377708,,,,,,,,,,32.810000,31.852500,33.882500,35.647917,32.810000,34.257902,31.362098,33.533951,32.086049
2024-10-22,32.600000,2024-08-14,2024-06-30,0.120000,0.180000,181.111111,413.877149,220.402188,-4.846901,34.825493,74.497887,114.170281,153.842675,,,,,,,,,,32.840000,31.860833,33.844167,35.669375,32.840000,34.241353,31.438647,33.540676,32.139324
2024-10-23,33.300000,2024-08-14,2024-06-30,0.120000,0.180000,185.000000,407.762566,216.420059,-4.513959,34.441651,73.397262,112.352873,151.308483,,,,,,,,,,32.912500,31.863333,33.815417,35.696458,32.912500,34.246617,31.578383,33.579559,32.245441
2024-10-24,32.400000,2024-08-14,2024-06-30,0.120000,0.180000,180.000000,401.554233,212.100250,-4.076328,34.101717,72.279762,110.457807,148.635852,,,,,,,,,,32.940000,31.869167,33.777083,35.721458,32.940000,34.202662,31.677338,33.571331,32.308669
2024-10-25,32.150000,2024-08-14,2024-06-30,0.120000,0.180000,178.611111,395.344742,207.542315,-3.553180,33.804437,71.162054,108.519670,145.877287,,,,,,,,,,32.917500,31.893333,33.737083,35.742708,32.917500,34.221048,31.613952,33.569274,32.265726
2024-10-28,31.400000,2024-08-14,2024-06-30,0.120000,0.180000,174.444444,389.173446,202.919218,-2.999698,33.525761,70.051220,106.576679,143.102139,,,,,,,,,,32.820000,31.888333,33.693750,35.765833,32.820000,34.270735,31.369265,33.545367,32.094633
2024-10-29,31.150000,2024-08-14,2024-06-30,0.120000,0.180000,173.055556,383.053075,198.174830,-2.393385,33.278084,68.949554,104.621023,140.292492,,,,,,,,,,32.640000,31.882500,33.650833,35.788125,32.640000,33.970849,31.309151,33.305424,31.974576
2024-10-30,30.600000,2024-08-14,2024-06-30,0.120000,0.180000,170.000000,377.094742,193.653485,-1.838201,33.019426,67.877054,102.734681,137.592308,,,,,,,,,,32.465000,31.856667,33.610833,35.804375,32.465000,33.903603,31.026397,33.184302,31.745698
2024-11-01,31.150000,2024-08-14,2024-06-30,0.120000,0.180000,173.055556,371.088955,188.605453,-1.101951,32.847030,66.796012,100.744993,134.693975,,,,,,,,,,32.382500,31.862500,33.572500,35.825208,32.382500,33.925660,30.839340,33.154080,31.610920
2024-11-04,30.900000,2024-08-14,2024-06-30,0.120000,0.180000,171.666667,365.050761,183.171636,-0.232652,32.738242,65.709137,98.680031,131.650926,,,,,,,,,,32.262500,31.915000,33.531250,35.844167,32.262500,33.876868,30.648132,33.069684,31.455316
2024-11-05,31.200000,2024-08-14,2024-06-30,0.120000,0.180000,173.333333,359.359788,178.327015,0.487037,32.585899,64.684762,96.783625,128.882487,,,,,,,,,,32.177500,31.985000,33.505833,35.863542,32.177500,33.829126,30.525874,33.003313,31.351687
2024-11-06,31.550000,2024-08-14,2024-06-30,0.120000,0.180000,175.277778,353.653770,173.049779,1.359758,32.508718,63.657679,94.806639,125.955599,,,,,,,,,,32.102500,32.015833,33.482083,35.882500,32.102500,33.723245,30.481755,32.912873,31.292127
2024-11-07,32.000000,2024-08-14,2024-06-30,0.120000,0.180000,177.777778,348.072751,167.706011,2.278931,32.466013,62.653095,92.840177,123.027259,,,,,,,,,,32.057500,32.051667,33.466250,35.907500,32.057500,33.634397,30.480603,32.845949,31.269051
2024-11-08,31.250000,2024-08-14,2024-06-30,0.120000,0.180000,173.611111,342.311177,161.561473,3.453882,32.534947,61.616012,90.697077,119.778142,,,,,,,,,,32.012500,32.056667,33.438333,35.932292,32.012500,33.629149,30.395851,32.820824,31.204176
2024-11-11,31.000000,2024-08-14,2024-06-30,0.120000,0.180000,172.222222,339.633267,161.696392,2.923287,32.028637,61.133988,90.239339,119.344689,,,,,,,,,,31.937500,32.052500,33.408750,35.954375,31.937500,33.597517,30.277483,32.767509,31.107491
2024-11-12,30.450000,2024-08-14,2024-06-30,0.120000,0.180000,169.166667,336.947751,161.830201,2.391723,31.521159,60.650595,89.780032,118.909468,,,,,,,,,,31.840000,32.038333,33.375833,35.972917,31.840000,33.610994,30.069006,32.725497,30.954503
2024-11-13,30.250000,2024-08-14,2024-06-30,0.120000,0.180000,168.055556,334.181548,161.856690,1.884270,31.018474,60.152679,89.286883,118.421087,,,,,,,,,,31.727500,32.019167,33.336250,35.986875,31.727500,33.604641,29.850359,32.666070,30.788930
2024-11-14,29.600000,2024-11-14,2024-09-30,0.270000,0.310000,95.483871,330.905818,162.681461,1.718297,52.149551,102.580804,153.012057,203.443310,,,,,,,,,,31.567500,31.985833,33.297917,35.998125,31.567500,33.598905,29.536095,32.583202,30.551798
2024-11-15,31.100000,2024-11-14,2024-09-30,0.270000,0.310000,100.322581,327.616839,163.324427,0.300076,50.930648,101.561220,152.191792,202.822365,,,,,,,,,,31.460000,31.976667,33.268333,36.012083,31.460000,33.338297,29.581703,32.399149,30.520851
2024-11-18,30.700000,2024-11-14,2024-09-30,0.270000,0.310000,99.032258,324.329013,163.925637,-1.091901,49.725046,100.541994,151.358942,202.175889,,,,,,,,,,31.385000,31.950000,33.236250,36.012917,31.385000,33.258668,29.511332,32.321834,30.448166
2024-11-19,30.650000,2024-11-14,2024-09-30,0.270000,0.310000,98.870968,321.152938,164.575071,-2.479133,48.539139,99.557411,150.575683,201.593955,,,,,,,,,,31.270000,31.920833,33.211667,36.012708,31.270000,33.017299,29.522701,32.143649,30.396351
2024-11-20,30.050000,2024-11-14,2024-09-30,0.270000,0.310000,96.935484,317.913114,165.134093,-3.830072,47.361497,98.553065,149.744634,200.936203,,,,,,,,,,31.142500,31.874167,33.178750,36.008333,31.142500,32.852925,29.432075,31.997712,30.287288
2024-11-21,30.000000,2024-11-14,2024-09-30,0.270000,0.310000,96.774194,314.618376,165.572263,-5.123107,46.204295,97.531696,148.859098,200.186500,,,,,,,,,,30.977500,31.832500,33.141667,36.003750,30.977500,32.428625,29.526375,31.703062,30.251938
2024-11-22,30.250000,2024-11-14,2024-09-30,0.270000,0.310000,97.580645,311.169643,165.748382,-6.301408,45.080591,96.462589,147.844588,199.226586,,,,,,,,,,30.870000,31.800833,33.095417,36.002500,30.870000,32.190048,29.549952,31.530024,30.209976
2024-11-25,30.600000,2024-11-14,2024-09-30,0.270000,0.310000,98.709677,307.593414,165.663465,-7.357390,43.998284,95.353958,146.709633,198.065307,,,,,,,,,,30.792500,31.772500,33.042500,36.002292,30.792500,31.970489,29.614511,31.381494,30.203506
2024-11-26,30.500000,2024-11-14,2024-09-30,0.270000,0.310000,98.387097,304.151402,165.683674,-8.436943,42.924996,94.286935,145.648873,197.010812,,,,,,,,,,30.747500,31.743333,32.998333,35.998125,30.747500,31.896172,29.598828,31.321836,30.173164
2024-11-27,29.550000,2024-11-14,2024-09-30,0.270000,0.310000,95.322581,300.576709,165.521722,-9.444688,41.867046,93.178780,144.490514,195.802248,,,,,,,,,,30.667500,31.699167,32.938750,35.990833,30.667500,31.916615,29.418385,31.292058,30.042942
2024-11-28,29.200000,2024-11-14,2024-09-30,0.270000,0.310000,94.193548,297.004512,165.309732,-10.420635,40.825382,92.071399,143.317416,194.563432,,,,,,,,,,30.597500,31.644167,32.877083,35.977083,30.597500,32.008910,29.186090,31.303205,29.891795
2024-11-29,29.950000,2024-11-14,2024-09-30,0.270000,0.310000,96.612903,293.476286,165.028278,-11.339884,39.818883,90.977649,142.136415,193.295181,,,,,,,,,,30.537500,31.610000,32.823333,35.956042,30.537500,31.952039,29.122961,31.244770,29.830230
2024-12-02,29.800000,2024-11-14,2024-09-30,0.270000,0.310000,96.129032,290.003552,164.757432,-12.248507,38.826297,89.901101,140.975905,192.050709,,,,,,,,,,30.482500,31.573333,32.772500,35.938542,30.482500,31.922995,29.042005,31.202748,29.762252
2024-12-03,29.800000,2024-11-14,2024-09-30,0.270000,0.310000,96.129032,286.608199,164.517350,-13.152215,37.848163,88.848542,139.848920,190.849299,,,,,,,,,,30.412500,31.535833,32.727083,35.916667,30.412500,31.842213,28.982787,31.127356,29.697644
2024-12-04,30.400000,2024-11-14,2024-09-30,0.270000,0.310000,98.064516,283.014689,163.880357,-13.871268,36.931643,87.734554,138.537464,189.340375,,,,,,,,,,30.355000,31.540000,32.671667,35.882708,30.355000,31.680817,29.029183,31.017908,29.692092
2024-12-05,30.000000,2024-11-14,2024-09-30,0.270000,0.310000,96.774194,279.481855,163.281541,-14.595180,36.022097,86.639375,137.256653,187.873930,,,,,,,,,,30.255000,31.514167,32.617917,35.849583,30.255000,31.337833,29.172167,30.796416,29.713584
2024-12-06,30.650000,2024-11-14,2024-09-30,0.270000,0.310000,98.870968,275.924827,162.519917,-15.225652,35.155522,85.536696,135.917871,186.299045,,,,,,,,,,30.225000,31.503333,32.566667,35.823125,30.225000,31.221573,29.228427,30.723287,29.726713
2024-12-09,30.400000,2024-11-14,2024-09-30,0.270000,0.310000,98.064516,272.319412,161.616593,-15.783270,34.317874,84.419018,134.520162,184.621305,,,,,,,,,,30.195000,31.489167,32.510417,35.793542,30.195000,31.127399,29.262601,30.661200,29.728800
2024-12-10,30.350000,2024-11-14,2024-09-30,0.270000,0.310000,97.903226,268.611463,160.457626,-16.214175,33.527689,83.269554,133.011418,182.753282,,,,,,,,,,30.190000,31.487500,32.446667,35.763750,30.190000,31.117702,29.262298,30.653851,29.726149
2024-12-11,30.050000,2024-11-14,2024-09-30,0.270000,0.310000,96.935484,264.966878,159.335469,-16.648258,32.745737,82.139732,131.533727,180.927723,,,,,,,,,,30.180000,31.481667,32.385417,35.728333,30.180000,31.109289,29.250711,30.644645,29.715355
2024-12-12,30.200000,2024-11-14,2024-09-30,0.270000,0.310000,97.419355,261.409658,158.258767,-17.083442,31.976776,81.036994,130.097212,179.157430,,,,,,,,,,30.210000,31.473333,32.331250,35.696667,30.210000,31.098286,29.321714,30.654143,29.765857
2024-12-13,29.000000,2024-11-14,2024-09-30,0.270000,0.310000,93.548387,257.885657,157.237368,-17.542614,31.200970,79.944554,128.688138,177.431721,,,,,,,,,,30.105000,31.435000,32.271667,35.657083,30.105000,31.045269,29.164731,30.575134,29.634866
2024-12-16,28.050000,2024-11-14,2024-09-30,0.270000,0.310000,90.483871,254.092070,155.718942,-17.777202,30.495670,78.768542,127.041414,175.314285,,,,,,,,,,29.972500,31.373333,32.187083,35.622083,29.972500,31.247141,28.697859,30.609821,29.335179
2024-12-17,28.750000,2024-11-14,2024-09-30,0.270000,0.310000,92.741935,250.281586,154.002299,-17.894134,29.846579,77.587292,125.328004,173.068717,,,,,,,,,,29.877500,31.319167,32.105833,35.591458,29.877500,31.220895,28.534105,30.549198,29.205802
2024-12-18,28.750000,2024-11-14,2024-09-30,0.270000,0.310000,92.741935,246.643721,152.505010,-18.093553,29.183000,76.459554,123.736107,171.012660,,,,,,,,,,29.812500,31.265000,32.036667,35.557708,29.812500,31.243685,28.381315,30.528092,29.096908
2024-12-19,28.650000,2024-11-14,2024-09-30,0.270000,0.310000,92.419355,243.003168,150.907168,-18.231462,28.549760,75.330982,122.112204,168.893426,,,,,,,,,,29.745000,31.211667,31.966667,35.519167,29.745000,31.263621,28.226379,30.504311,28.985689
2024-12-20,28.400000,2024-11-14,2024-09-30,0.270000,0.310000,91.612903,239.427323,149.347178,-18.372780,27.924845,74.222470,120.520095,166.817721,,,,,,,,,,29.652500,31.154167,31.899583,35.473125,29.652500,31.264127,28.040873,30.458314,28.846686
2024-12-23,29.000000,2024-11-14,2024-09-30,0.270000,0.310000,93.548387,235.921179,147.770642,-18.482232,27.326667,73.135565,118.944464,164.753363,,,,,,,,,,29.572500,31.094167,31.841250,35.433125,29.572500,31.144450,28.000550,30.358475,28.786525
2024-12-24,28.750000,2024-11-14,2024-09-30,0.270000,0.310000,92.741935,232.372600,146.028700,-18.502288,26.766609,72.035506,117.304403,162.573300,,,,,,,,,,29.485000,31.017500,31.778333,35.390000,29.485000,31.034227,27.935773,30.259614,28.710386
2024-12-25,28.900000,2024-11-14,2024-09-30,0.270000,0.310000,93.225806,228.869720,144.257531,-18.490056,26.229778,70.949613,115.669448,160.389283,,,,,,,,,,29.452500,30.920000,31.719583,35.337708,29.452500,31.023110,27.881890,30.237805,28.667195
2024-12-26,28.850000,2024-11-14,2024-09-30,0.270000,0.310000,93.064516,225.401210,142.451061,-18.445283,25.714546,69.874375,114.034204,158.194033,,,,,,,,,,29.435000,30.832500,31.662917,35.292083,29.435000,31.025134,27.844866,30.230067,28.639933
2024-12-27,28.250000,2024-11-14,2024-09-30,0.270000,0.310000,91.129032,221.857047,140.425794,-18.288308,25.243688,68.775685,112.307681,155.839677,,,,,,,,,,29.350000,30.756667,31.597083,35.246458,29.350000,31.004658,27.695342,30.177329,28.522671
2024-12-30,27.750000,2024-11-14,2024-09-30,0.270000,0.310000,89.516129,218.216110,138.107514,-17.979665,24.833665,67.646994,110.460323,153.273653,,,,,,,,,,29.247500,30.664167,31.521250,35.197292,29.247500,31.033550,27.461450,30.140525,28.354475
2024-12-31,27.900000,2024-11-14,2024-09-30,0.270000,0.310000,90.000000,214.495872,135.450941,-17.485863,24.503928,66.493720,108.483512,150.473304,,,,,,,,,,29.152500,30.580833,31.440833,35.150000,29.152500,31.015287,27.289713,30.083893,28.221107
2025-01-02,27.250000,2024-11-14,2024-09-30,0.270000,0.310000,87.903226,210.865303,132.911932,-17.037154,24.165545,65.368244,106.570943,147.773642,,,,,,,,,,28.995000,30.484167,31.362500,35.105208,28.995000,30.944332,27.045668,29.969666,28.020334
2025-01-03,26.650000,2024-11-14,2024-09-30,0.270000,0.310000,85.967742,207.295987,130.423063,-16.600543,23.830606,64.261756,104.692905,145.124055,,,,,,,,,,28.827500,30.380000,31.284583,35.062083,28.827500,30.978503,26.676497,29.903002,27.751998
2025-01-06,27.400000,2024-11-14,2024-09-30,0.270000,0.310000,88.387097,203.746832,127.766723,-16.053850,23.553834,63.161518,102.769202,142.376886,,,,,,,,,,28.665000,30.300833,31.212917,35.022083,28.665000,30.725429,26.604571,29.695215,27.634785
2025-01-07,27.100000,2024-11-14,2024-09-30,0.270000,0.310000,87.419355,200.231279,125.064383,-15.468221,23.301738,62.071696,100.841655,139.611614,,,,,,,,,,28.500000,30.210833,31.141667,34.985000,28.500000,30.503155,26.496845,29.501578,27.498422
2025-01-08,27.050000,2024-11-14,2024-09-30,0.270000,0.310000,87.258065,196.744144,122.277916,-14.821623,23.084531,60.990685,98.896839,136.802993,,,,,,,,,,28.335000,30.121667,31.072083,34.948125,28.335000,30.237657,26.432343,29.286329,27.383671
2025-01-09,26.150000,2024-11-14,2024-09-30,0.270000,0.310000,84.354839,193.226863,119.329961,-14.084249,22.908039,59.900327,96.892615,133.884903,,,,,,,,,,28.140000,30.015833,30.994583,34.906250,28.140000,30.101095,26.178905,29.120548,27.159452
2025-01-10,25.900000,2024-11-14,2024-09-30,0.270000,0.310000,83.548387,189.756432,116.351809,-13.313627,22.755433,58.824494,94.893555,130.962616,,,,,,,,,,27.925000,29.900833,30.918750,34.868750,27.925000,29.878000,25.972000,28.901500,26.948500
2025-01-13,24.850000,2024-11-14,2024-09-30,0.270000,0.310000,80.161290,186.192300,113.028967,-12.358346,22.680633,57.719613,92.758593,127.797573,,,,,,,,,,27.717500,29.760833,30.829583,34.812500,27.717500,30.037045,25.397955,28.877273,26.557727
2025-01-14,25.950000,2024-11-14,2024-09-30,0.270000,0.310000,83.709677,182.770833,109.792260,-11.412243,22.623358,56.658958,90.694559,124.730159,,,,,,,,,,27.612500,29.656667,30.757500,34.760208,27.612500,30.055508,25.169492,28.834004,26.390996
2025-01-15,25.600000,2024-11-14,2024-09-30,0.270000,0.310000,82.580645,179.494720,106.802290,-10.574056,22.534653,55.643363,88.752073,121.860783,,,,,,,,,,27.455000,29.534167,30.693333,34.693958,27.455000,29.993524,24.916476,28.724262,26.185738
2025-01-16,25.850000,2024-11-14,2024-09-30,0.270000,0.310000,83.387097,176.368184,104.019253,-9.817800,22.428168,54.674137,86.920105,119.166074,,,,,,,,,,27.310000,29.421667,30.641250,34.636250,27.310000,29.868289,24.751711,28.589144,26.030856
2025-01-17,25.400000,2024-11-14,2024-09-30,0.270000,0.310000,81.935484,173.104551,100.707172,-8.776036,22.443187,53.662411,84.881634,116.100857,,,,,,,,,,27.147500,29.290000,30.576667,34.567500,27.147500,29.759713,24.535287,28.453607,25.841393
2025-01-20,25.350000,2024-11-14,2024-09-30,0.270000,0.310000,81.774194,169.970526,97.574309,-7.805208,22.442827,52.690863,82.938899,113.186935,,,,,,,,,,26.995000,29.172500,30.520833,34.494375,26.995000,29.655016,24.334984,28.325008,25.664992
2025-01-21,25.100000,2024-11-14,2024-09-30,0.270000,0.310000,80.967742,166.990495,94.721091,-6.960023,22.403515,51.767054,81.130592,110.494130,,,,,,,,,,26.800000,29.055000,30.474167,34.421458,26.800000,29.412520,24.187480,28.106260,25.493740
2025-01-22,25.350000,2024-11-14,2024-09-30,0.270000,0.310000,81.774194,163.898137,91.305779,-5.801160,22.503631,50.808423,79.113214,107.418005,,,,,,,,,,26.630000,28.954167,30.421250,34.346667,26.630000,29.149064,24.110936,27.889532,25.370468
2025-02-03,25.150000,2024-11-14,2024-09-30,0.270000,0.310000,81.129032,160.824213,87.732177,-4.538444,22.658531,49.855506,77.052481,104.249456,,,,,,,,,,26.442500,28.854167,30.368333,34.279375,26.442500,28.803426,24.081574,27.622963,25.262037
2025-02-04,25.750000,2024-11-14,2024-09-30,0.270000,0.310000,83.064516,157.689036,83.601849,-2.949545,22.967028,48.883601,74.800174,100.716748,,,,,,,,,,26.287500,28.773333,30.315000,34.219583,26.287500,28.374017,24.200983,27.330758,25.244242
2025-02-05,26.100000,2024-11-14,2024-09-30,0.270000,0.310000,84.193548,154.723982,79.724850,-1.464973,23.249731,47.964435,72.679138,97.393842,,,,,,,,,,26.180000,28.689167,30.275833,34.163125,26.180000,28.051223,24.308777,27.115611,25.244389
2025-02-06,26.500000,2024-11-14,2024-09-30,0.270000,0.310000,85.483871,152.132776,76.802569,-0.456432,23.352364,47.161161,70.969957,94.778754,,,,,,,,,,26.117500,28.615833,30.265417,34.111667,26.117500,27.845984,24.389016,26.981742,25.253258
2025-02-07,26.300000,2024-11-14,2024-09-30,0.270000,0.310000,84.838710,149.625480,73.972020,0.521247,23.452573,46.383899,69.315225,92.246551,,,,,,,,,,26.037500,28.534167,30.259583,34.056250,26.037500,27.553685,24.521315,26.795592,25.279408
2025-02-10,26.250000,2024-11-14,2024-09-30,0.270000,0.310000,84.677419,146.795411,69.751672,2.260541,23.883559,45.506577,67.129596,88.752614,,,,,,,,,,25.987500,28.445833,30.230833,34.002292,25.987500,27.397567,24.577433,26.692534,25.282466
2025-02-11,26.200000,2024-11-14,2024-09-30,0.270000,0.310000,84.516129,143.946141,65.058474,4.287050,24.455177,44.623304,64.791431,84.959557,,,,,,,,,,25.965000,28.349167,30.200417,33.951458,25.965000,27.344588,24.585412,26.654794,25.275206
2025-02-12,26.000000,2024-11-14,2024-09-30,0.270000,0.310000,83.870968,140.960541,59.217452,6.982948,25.340358,43.697768,62.055178,80.412588,,,,,,,,,,25.895000,28.261667,30.159167,33.902917,25.895000,27.098897,24.691103,26.496949,25.293051
2025-02-13,26.600000,2024-11-14,2024-09-30,0.270000,0.310000,85.806452,137.955357,52.335826,10.317948,26.542055,42.766161,58.990267,75.214373,,,,,,,,,,25.870000,28.188333,30.120417,33.852917,25.870000,26.986102,24.753898,26.428051,25.311949
2025-02-14,26.600000,2024-11-14,2024-09-30,0.270000,0.310000,85.806452,134.944220,44.152160,14.458369,28.145539,41.832708,55.519878,69.207047,,,,,,,,,,25.847500,28.124167,30.081250,33.792708,25.847500,26.878327,24.816673,26.362914,25.332086
2025-02-17,26.950000,2024-11-14,2024-09-30,0.270000,0.310000,86.935484,134.214979,44.216896,14.192168,27.899406,41.606644,55.313881,69.021119,,,,,,,,,,25.887500,28.069167,30.044167,33.738333,25.887500,27.024382,24.750618,26.455941,25.319059
2025-02-18,27.150000,2024-11-14,2024-09-30,0.270000,0.310000,87.580645,133.481855,44.255005,13.941272,27.660323,41.379375,55.098427,68.817478,,,,,,,,,,25.950000,28.028333,30.007083,33.674375,25.950000,27.219480,24.680520,26.584740,25.315260
2025-02-19,27.550000,2024-11-14,2024-09-30,0.270000,0.310000,88.870968,132.757168,44.267674,13.708764,27.431743,41.154722,54.877701,68.600680,,,,,,,,,,26.085000,27.969167,29.972917,33.607500,26.085000,27.433723,24.736277,26.759361,25.410639
2025-02-20,27.400000,2024-11-14,2024-09-30,0.270000,0.310000,88.387097,131.998357,44.241081,13.490020,27.204756,40.919491,54.634226,68.348961,,,,,,,,,,26.157500,27.914167,29.932083,33.542292,26.157500,27.626218,24.688782,26.891859,25.423141
2025-02-21,27.350000,2024-11-14,2024-09-30,0.270000,0.310000,88.225806,131.233572,44.197533,13.279937,26.981172,40.682407,54.383643,68.084878,,,,,,,,,,26.245000,27.859167,29.890000,33.477500,26.245000,27.780852,24.709148,27.012926,25.477074
2025-02-24,27.350000,2024-11-14,2024-09-30,0.270000,0.310000,88.225806,130.447954,44.116401,13.086697,26.762781,40.438866,54.114950,67.791035,,,,,,,,,,26.320000,27.814167,29.844167,33.407708,26.320000,27.919803,24.720197,27.119901,25.520099
2025-02-25,26.750000,2024-11-14,2024-09-30,0.270000,0.310000,86.290323,129.662410,44.055889,12.880696,26.538022,40.195347,53.852673,67.509999,,,,,,,,,,26.387500,27.760000,29.796250,33.327500,26.387500,27.936991,24.838009,27.162245,25.612755
2025-02-26,26.600000,2024-11-14,2024-09-30,0.270000,0.310000,85.806452,128.889038,44.003938,12.673160,26.314381,39.955602,53.596823,67.238043,,,,,,,,,,26.450000,27.699167,29.750000,33.239583,26.450000,27.922198,24.977802,27.186099,25.713901
2025-02-27,26.200000,2024-11-14,2024-09-30,0.270000,0.310000,84.516129,128.097969,43.940683,12.467147,26.088759,39.710370,53.331982,66.953594,,,,,,,,,,26.505000,27.625833,29.699167,33.152917,26.505000,27.840704,25.169296,27.172852,25.837148
2025-03-03,25.650000,2024-11-14,2024-09-30,0.270000,0.310000,82.741935,127.294430,43.880561,12.255326,25.858299,39.461273,53.064247,66.667221,,,,,,,,,,26.520000,27.545000,29.644167,33.072292,26.520000,27.806938,25.233062,27.163469,25.876531
2025-03-04,25.500000,2024-11-14,2024-09-30,0.270000,0.310000,82.258065,126.489173,43.812377,12.047970,25.629807,39.211644,52.793480,66.375317,,,,,,,,,,26.537500,27.477500,29.588333,32.995208,26.537500,27.753566,25.321434,27.145533,25.929467
2025-03-05,26.200000,2024-11-14,2024-09-30,0.270000,0.310000,84.516129,125.688844,43.693461,11.873596,25.418569,38.963542,52.508514,66.053487,,,,,,,,,,26.560000,27.427500,29.535833,32.916667,26.560000,27.730515,25.389485,27.145257,25.974743
2025-03-06,25.950000,2024-11-14,2024-09-30,0.270000,0.310000,83.709677,124.904943,43.594807,11.691752,25.206142,38.720532,52.234923,65.749313,,,,,,,,,,26.552500,27.360833,29.485417,32.846458,26.552500,27.737261,25.367739,27.144880,25.960120
2025-03-07,25.700000,2024-11-14,2024-09-30,0.270000,0.310000,82.903226,124.114322,43.488041,11.512855,24.994147,38.475440,51.956732,65.438025,,,,,,,,,,26.512500,27.292500,29.432917,32.782083,26.512500,27.757226,25.267774,27.134863,25.890137
2025-03-10,25.100000,2024-11-14,2024-09-30,0.270000,0.310000,80.967742,123.305257,43.379058,11.329614,24.777122,38.224630,51.672137,65.119645,,,,,,,,,,26.452500,27.214167,29.375000,32.712083,26.452500,27.847029,25.057971,27.149764,25.755236
2025-03-11,24.650000,2024-11-14,2024-09-30,0.270000,0.310000,79.516129,122.572058,43.369351,11.108340,24.552839,37.997338,51.441837,64.886336,,,,,,,,,,26.372500,27.118333,29.329167,32.627708,26.372500,27.982820,24.762180,27.177660,25.567340
2025-03-12,25.000000,2024-11-14,2024-09-30,0.270000,0.310000,80.645161,121.783453,43.263170,10.929705,24.341288,37.752870,51.164453,64.576036,,,,,,,,,,26.312500,27.035000,29.274583,32.550000,26.312500,28.035372,24.589628,27.173936,25.451064
2025-03-13,24.500000,2024-11-14,2024-09-30,0.270000,0.310000,79.032258,120.992981,43.169611,10.742665,24.125245,37.507824,50.890404,64.272983,,,,,,,,,,26.237500,26.932500,29.217917,32.474792,26.237500,28.138988,24.336012,27.188244,25.286756
2025-03-14,24.700000,2024-11-14,2024-09-30,0.270000,0.310000,79.677419,120.210200,43.058979,10.568595,23.916879,37.265162,50.613446,63.961729,,,,,,,,,,26.142500,26.837500,29.163333,32.404792,26.142500,28.154379,24.130621,27.148440,25.136560
2025-03-17,24.750000,2024-11-14,2024-09-30,0.270000,0.310000,79.838710,119.465800,42.977582,10.388298,23.711348,37.034398,50.357448,63.680499,,,,,,,,,,26.050000,26.744167,29.115833,32.323750,26.050000,28.141839,23.958161,27.095919,25.004081
2025-03-18,24.850000,2024-11-14,2024-09-30,0.270000,0.310000,80.161290,118.726404,42.883292,10.217544,23.511365,36.805185,50.099006,63.392826,,,,,,,,,,25.945000,26.657500,29.069583,32.240000,25.945000,28.057345,23.832655,27.001172,24.888828
2025-03-19,24.900000,2024-11-14,2024-09-30,0.270000,0.310000,80.322581,117.974462,42.757767,10.062268,23.317176,36.572083,49.826991,63.081899,,,,,,,,,,25.832500,26.569167,29.021250,32.163958,25.832500,27.914067,23.750933,26.873283,24.791717
2025-03-20,24.650000,2024-11-14,2024-09-30,0.270000,0.310000,79.516129,117.188023,42.588255,9.923569,23.125928,36.328287,49.530646,62.733005,,,,,,,,,,25.687500,26.496667,28.965833,32.086458,25.687500,27.666834,23.708166,26.677167,24.697833
2025-03-21,27.100000,2024-11-14,2024-09-30,0.270000,0.310000,87.419355,116.446610,42.322575,9.858453,22.978451,36.098449,49.218447,62.338446,,,,,,,,,,25.672500,26.480833,28.927083,32.022500,25.672500,27.601087,23.743913,26.636793,24.708207
2025-03-24,27.900000,2024-11-14,2024-09-30,0.270000,0.310000,90.000000,115.715128,42.011057,9.824834,22.848262,35.871690,48.895118,61.918545,,,,,,,,,,25.700000,26.466667,28.892917,31.959583,25.700000,27.741671,23.658329,26.720836,24.679164
2025-03-25,26.900000,2024-11-14,2024-09-30,0.270000,0.310000,86.774194,114.956765,41.701554,9.781634,22.709115,35.636597,48.564079,61.491561,,,,,,,,,,25.677500,26.435833,28.850417,31.897500,25.677500,27.651402,23.703598,26.664451,24.690549
2025-03-26,26.500000,2024-11-14,2024-09-30,0.270000,0.310000,85.483871,114.194594,41.393765,9.736190,22.568257,35.400324,48.232391,61.064458,,,,,,,,,,25.665000,26.400000,28.805833,31.829375,25.665000,27.613306,23.716694,26.639153,24.690847
2025-03-27,25.900000,2024-11-14,2024-09-30,0.270000,0.310000,83.548387,113.416293,41.080855,9.688921,22.423986,35.159051,47.894116,60.629181,,,,,,,,,,25.630000,26.358333,28.756250,31.762500,25.630000,27.532187,23.727813,26.581094,24.678906
2025-03-28,24.550000,2024-11-14,2024-09-30,0.270000,0.310000,79.193548,112.566980,40.721519,9.648422,22.272093,34.895764,47.519435,60.143106,,,,,,,,,,25.547500,26.284167,28.689167,31.692500,25.547500,27.488329,23.606671,26.517914,24.577086
2025-03-31,22.150000,2025-03-31,2024-12-31,0.010000,0.360000,61.527778,111.535730,40.430596,11.042834,25.597849,40.152863,54.707877,69.262892,,,,,,,,,,25.372500,26.174167,28.595833,31.611458,25.372500,27.835377,22.909623,26.603939,24.141061
2025-04-01,22.700000,2025-03-31,2024-12-31,0.010000,0.360000,63.055556,110.452397,39.966934,10.986670,25.374767,39.762863,54.150959,68.539056,,,,,,,,,,25.232500,26.070833,28.495417,31.536042,25.232500,27.968089,22.496911,26.600295,23.864705
2025-04-02,23.100000,2025-03-31,2024-12-31,0.010000,0.360000,64.166667,109.408415,39.519933,10.932678,25.159854,39.387030,53.614205,67.841381,,,,,,,,,,25.077500,25.975000,28.403750,31.463125,25.077500,27.931025,22.223975,26.504263,23.650737
2025-04-07,20.800000,2025-03-31,2024-12-31,0.010000,0.360000,57.777778,108.371378,39.224842,10.771810,24.892753,39.013696,53.134639,67.255583,,,,,,,,,,24.820000,25.850833,28.303750,31.385000,24.820000,28.219288,21.420712,26.519644,23.120356
2025-04-08,18.750000,2025-03-31,2024-12-31,0.010000,0.360000,52.083333,107.263740,38.918270,10.593792,24.604369,38.614946,52.625523,66.636101,,,,,,,,,,24.472500,25.700833,28.182500,31.301250,24.472500,28.789965,20.155035,26.631232,22.313768
2025-04-09,16.900000,2025-03-31,2024-12-31,0.010000,0.360000,46.944444,106.131795,38.678101,10.359213,24.283330,38.207446,52.131563,66.055679,,,,,,,,,,24.062500,25.517500,28.049167,31.208542,24.062500,29.532598,18.592402,26.797549,21.327451
2025-04-10,18.550000,2025-03-31,2024-12-31,0.010000,0.360000,51.527778,105.031101,38.332539,10.211768,24.011482,37.811196,51.610910,65.410624,,,,,,,,,,23.757500,25.372500,27.928333,31.127292,23.757500,29.745407,17.769593,26.751453,20.763547
2025-04-11,18.350000,2025-03-31,2024-12-31,0.010000,0.360000,50.972222,103.932721,37.972755,10.075396,23.745588,37.415780,51.085971,64.756163,,,,,,,,,,23.425000,25.234167,27.807083,31.041042,23.425000,29.845321,17.004679,26.635161,20.214839
2025-04-14,18.700000,2025-03-31,2024-12-31,0.010000,0.360000,51.944444,102.877165,37.638472,9.936079,23.485929,37.035780,50.585630,64.135480,,,,,,,,,,23.135000,25.089167,27.695000,30.960625,23.135000,29.867255,16.402745,26.501128,19.768872
2025-04-15,20.100000,2025-03-31,2024-12-31,0.010000,0.360000,55.833333,101.837814,37.194860,9.881314,23.271463,36.661613,50.051763,63.441912,,,,,,,,,,22.905000,24.972500,27.591667,30.891875,22.905000,29.725858,16.084142,26.315429,19.494571
2025-04-16,19.500000,2025-03-31,2024-12-31,0.010000,0.360000,54.166667,100.789203,36.743801,9.828577,23.056345,36.284113,49.511881,62.739649,,,,,,,,,,22.642500,24.846667,27.484167,30.811875,22.642500,29.567685,15.717315,26.105092,19.179908
2025-04-17,19.450000,2025-03-31,2024-12-31,0.010000,0.360000,54.027778,99.734804,36.247662,9.806213,22.855371,35.904530,48.953688,62.002846,,,,,,,,,,22.372500,24.735000,27.375417,30.720208,22.372500,29.356126,15.388874,25.864313,18.880687
2025-04-18,19.250000,2025-03-31,2024-12-31,0.010000,0.360000,53.472222,98.661888,35.686683,9.823868,22.671074,35.518280,48.365485,61.212691,,,,,,,,,,22.090000,24.624167,27.262500,30.633958,22.090000,29.100188,15.079812,25.595094,18.584906
2025-04-21,18.700000,2025-03-31,2024-12-31,0.010000,0.360000,51.944444,97.555406,35.048634,9.884930,22.502438,35.119946,47.737455,60.354963,,,,,,,,,,21.792500,24.521667,27.141250,30.555625,21.792500,28.850103,14.734897,25.321302,18.263698
2025-04-22,18.600000,2025-03-31,2024-12-31,0.010000,0.360000,51.666667,96.495221,34.487382,9.907364,22.322822,34.738280,47.153737,59.569195,,,,,,,,,,21.367500,24.399167,27.027917,30.476458,21.367500,28.095390,14.639610,24.731445,18.003555
2025-04-23,19.650000,2025-03-31,2024-12-31,0.010000,0.360000,54.583333,95.424619,33.764202,10.042638,22.197750,34.352863,46.507976,58.663088,,,,,,,,,,20.955000,24.300000,26.917083,30.399792,20.955000,26.970410,14.939590,23.962705,17.947295
2025-04-24,19.600000,2025-03-31,2024-12-31,0.010000,0.360000,54.444444,94.369064,33.035000,10.187663,22.080263,33.972863,45.865463,57.758063,,,,,,,,,,20.590000,24.195833,26.808750,30.326458,20.590000,25.935101,15.244899,23.262551,17.917449
2025-04-25,19.950000,2025-03-31,2024-12-31,0.010000,0.360000,55.416667,93.289203,32.153705,10.433446,22.008779,33.584113,45.159447,56.734780,,,,,,,,,,20.262500,24.105000,26.697500,30.256458,20.262500,24.828839,15.696161,22.545669,17.979331
2025-04-28,20.700000,2025-03-31,2024-12-31,0.010000,0.360000,57.500000,92.268369,31.311189,10.672557,21.944585,33.216613,44.488641,55.760669,,,,,,,,,,20.002500,24.027500,26.600000,30.188542,20.002500,23.732954,16.272046,21.867727,18.137273
2025-04-29,21.000000,2025-03-31,2024-12-31,0.010000,0.360000,58.333333,91.266054,30.436936,10.941186,21.898483,32.855780,43.813076,54.770373,,,,,,,,,,19.825000,23.959167,26.507083,30.122083,19.825000,22.929750,16.720250,21.377375,18.272625
2025-04-30,20.650000,2025-03-31,2024-12-31,0.010000,0.360000,57.361111,90.290360,29.613633,11.182714,21.843622,32.504530,43.165437,53.826345,,,,,,,,,,19.750000,23.880833,26.417500,30.055625,19.750000,22.686163,16.813837,21.218081,18.281919
2025-05-02,21.300000,2025-03-31,2024-12-31,0.010000,0.360000,59.166667,89.341286,28.751269,11.461949,21.812406,32.162863,42.513320,52.863776,,,,,,,,,,19.680000,23.816667,26.335417,29.993125,19.680000,22.377055,16.982945,21.028527,18.331473
2025-05-05,20.250000,2025-03-31,2024-12-31,0.010000,0.360000,56.250000,88.393369,27.933143,11.709750,21.765681,31.821613,41.877545,51.933476,,,,,,,,,,19.537500,23.725000,26.249167,29.930000,19.537500,21.727159,17.347841,20.632329,18.442671
2025-05-06,20.300000,2025-03-31,2024-12-31,0.010000,0.360000,56.388889,87.421147,26.975584,12.049192,21.760403,31.471613,41.182823,50.894033,,,,,,,,,,19.512500,23.628333,26.158750,29.865625,19.512500,21.652317,17.372683,20.582408,18.442592
2025-05-07,20.050000,2025-03-31,2024-12-31,0.010000,0.360000,55.694444,86.454712,25.991494,12.409821,21.766759,31.123696,40.480634,49.837572,,,,,,,,,,19.577500,23.520833,26.068333,29.799792,19.577500,21.698690,17.456310,20.638095,18.516905
2025-05-08,22.050000,2025-03-31,2024-12-31,0.010000,0.360000,61.250000,85.520684,24.831206,12.908978,21.848212,30.787446,39.726680,48.665914,,,,,,,,,,19.835000,23.450000,25.992083,29.748958,19.835000,21.834500,17.835500,20.834750,18.835250
2025-05-09,21.500000,2025-03-31,2024-12-31,0.010000,0.360000,59.722222,84.557721,23.527565,13.500933,21.970856,30.440780,38.910703,47.380627,,,,,,,,,,19.982500,23.370833,25.908333,29.695208,19.982500,22.017787,17.947213,21.000144,18.964856
2025-05-12,21.600000,2025-03-31,2024-12-31,0.010000,0.360000,60.000000,83.576240,22.014037,14.237340,22.162393,30.087446,38.012499,45.937553,,,,,,,,,,20.145000,23.294167,25.821667,29.643958,20.145000,22.150230,18.139770,21.147615,19.142385
2025-05-13,21.750000,2025-03-31,2024-12-31,0.010000,0.360000,60.416667,82.632953,20.496532,14.990360,22.369111,29.747863,37.126615,44.505366,,,,,,,,,,20.297500,23.223333,25.742500,29.590417,20.297500,22.303930,18.291070,21.300715,19.294285
2025-05-14,22.250000,2025-03-31,2024-12-31,0.010000,0.360000,61.805556,81.712814,18.853432,15.842142,22.629377,29.416613,36.203848,42.991084,,,,,,,,,,20.405000,23.150833,25.669583,29.539167,20.405000,22.589370,18.220630,21.497185,19.312815
2025-05-15,21.950000,2025-05-15,2025-03-31,-0.060000,0.340000,64.558824,80.841082,17.113970,15.848468,21.667218,27.485968,33.304718,39.123468,,,,,,,,,,20.527500,23.073333,25.598750,29.487292,20.527500,22.772137,18.282863,21.649818,19.405182
2025-05-16,21.700000,2025-05-15,2025-03-31,-0.060000,0.340000,63.823529,79.972481,15.186893,16.863556,22.027100,27.190644,32.354187,37.517731,,,,,,,,,,20.640000,22.985833,25.527500,29.431875,20.640000,22.882790,18.397210,21.761395,19.518605
2025-05-19,20.700000,2025-05-15,2025-03-31,-0.060000,0.340000,60.882353,79.684135,15.218360,16.744121,21.918364,27.092606,32.266848,37.441091,,,,,,,,,,20.712500,22.878333,25.453333,29.375625,20.712500,22.857721,18.567279,21.785111,19.639889
2025-05-20,20.750000,2025-05-15,2025-03-31,-0.060000,0.340000,61.029412,79.356692,15.193266,16.649854,21.815565,26.981275,32.146986,37.312697,,,,,,,,,,20.815000,22.765000,25.367083,29.317708,20.815000,22.739933,18.890067,21.777467,19.852533
2025-05-21,21.200000,2025-05-15,2025-03-31,-0.060000,0.340000,62.352941,79.051031,15.163034,16.566488,21.721919,26.877351,32.032782,37.188214,,,,,,,,,,20.945000,22.661667,25.287917,29.262083,20.945000,22.567506,19.322494,21.756253,20.133747
2025-05-22,20.950000,2025-05-15,2025-03-31,-0.060000,0.340000,61.617647,78.740587,15.135167,16.479886,21.625843,26.771800,31.917757,37.063713,,,,,,,,,,21.010000,22.555000,25.207083,29.209375,21.010000,22.513890,19.506110,21.761945,20.258055
2025-05-23,20.900000,2025-05-15,2025-03-31,-0.060000,0.340000,61.470588,78.445046,15.123147,16.387576,21.529446,26.671316,31.813186,36.955056,,,,,,,,,,21.075000,22.447500,25.130833,29.154792,21.075000,22.426997,19.723003,21.750998,20.399002
2025-05-26,20.800000,2025-05-15,2025-03-31,-0.060000,0.340000,61.176471,78.148399,15.109718,16.295847,21.433151,26.570455,31.707760,36.845064,,,,,,,,,,21.117500,22.348333,25.054167,29.097917,21.117500,22.370402,19.864598,21.743951,20.491049
2025-05-27,20.600000,2025-05-15,2025-03-31,-0.060000,0.340000,60.588235,77.840128,15.087272,16.206298,21.335971,26.465644,31.595316,36.724989,,,,,,,,,,21.112500,22.248333,24.973750,29.034583,21.112500,22.373191,19.851809,21.742846,20.482154
2025-05-28,20.500000,2025-05-15,2025-03-31,-0.060000,0.340000,60.294118,77.519999,15.048240,16.123996,21.240398,26.356800,31.473201,36.589603,,,,,,,,,,21.087500,22.153333,24.889583,28.966042,21.087500,22.377084,19.797916,21.732292,20.442708
2025-05-29,20.550000,2025-05-15,2025-03-31,-0.060000,0.340000,60.441176,77.203783,15.004690,16.046097,21.147691,26.249286,31.350881,36.452475,,,,,,,,,,21.082500,22.068333,24.806667,28.902500,21.082500,22.379977,19.785023,21.731239,20.433761
2025-06-02,19.900000,2025-05-15,2025-03-31,-0.060000,0.340000,58.529412,76.897173,15.007255,15.940105,21.042572,26.145039,31.247506,36.349972,,,,,,,,,,21.012500,21.975000,24.726250,28.832500,21.012500,22.407934,19.617066,21.710217,20.314783
2025-06-03,19.850000,2025-05-15,2025-03-31,-0.060000,0.340000,58.382353,76.598746,15.016477,15.832370,20.937972,26.043574,31.149176,36.254778,,,,,,,,,,20.992500,21.869167,24.648333,28.762708,20.992500,22.444277,19.540723,21.718389,20.266611
2025-06-04,20.300000,2025-05-15,2025-03-31,-0.060000,0.340000,59.705882,76.291188,14.981026,15.751906,20.845455,25.939004,31.032553,36.126101,,,,,,,,,,20.992500,21.775000,24.567917,28.695625,20.992500,22.444277,19.540723,21.718389,20.266611
2025-06-05,20.300000,2025-05-15,2025-03-31,-0.060000,0.340000,59.705882,75.987662,14.944655,15.673440,20.754622,25.835805,30.916988,35.998170,,,,,,,,,,21.005000,21.685000,24.488750,28.630625,21.005000,22.426600,19.583400,21.715800,20.294200
2025-06-06,20.500000,2025-05-15,2025-03-31,-0.060000,0.340000,60.294118,75.689037,14.896758,15.604477,20.669375,25.734273,30.799170,35.864068,,,,,,,,,,20.927500,21.608333,24.411250,28.569167,20.927500,22.276369,19.578631,21.601934,20.253066
2025-06-09,19.950000,2025-05-15,2025-03-31,-0.060000,0.340000,58.676471,75.360804,14.833397,15.535963,20.579318,25.622673,30.666028,35.709383,,,,,,,,,,20.850000,21.530000,24.324167,28.497917,20.850000,22.237918,19.462082,21.543959,20.156041
2025-06-10,20.150000,2025-05-15,2025-03-31,-0.060000,0.340000,59.264706,75.048225,14.773459,15.470444,20.493420,25.516396,30.539372,35.562349,,,,,,,,,,20.777500,21.449167,24.242083,28.430000,20.777500,22.151880,19.403120,21.464690,20.090310
2025-06-11,20.150000,2025-05-15,2025-03-31,-0.060000,0.340000,59.264706,74.718172,14.678882,15.422539,20.413359,25.404179,30.394999,35.385819,,,,,,,,,,20.697500,21.376667,24.154583,28.360625,20.697500,22.018773,19.376227,21.358137,20.036863
2025-06-12,20.350000,2025-05-15,2025-03-31,-0.060000,0.340000,59.852941,74.399743,14.582318,15.379936,20.337924,25.295912,30.253901,35.211889,,,,,,,,,,20.602500,21.304167,24.070833,28.290625,20.602500,21.709642,19.495358,21.156071,20.048929
2025-06-13,19.850000,2025-05-15,2025-03-31,-0.060000,0.340000,58.382353,74.070402,14.493048,15.328664,20.256300,25.183937,30.111573,35.039209,,,,,,,,,,20.497500,21.222500,23.983333,28.215000,20.497500,21.454730,19.540270,20.976115,20.018885
2025-06-16,19.550000,2025-05-15,2025-03-31,-0.060000,0.340000,57.500000,73.741773,14.417126,15.268557,20.170380,25.072203,29.974026,34.875849,,,,,,,,,,20.390000,21.134167,23.895833,28.140625,20.390000,21.257301,19.522699,20.823650,19.956350
2025-06-17,21.500000,2025-05-15,2025-03-31,-0.060000,0.340000,63.235294,73.456906,14.282442,15.263287,20.119318,24.975348,29.831378,34.687409,,,,,,,,,,20.430000,21.077500,23.823333,28.077292,20.430000,21.422286,19.437714,20.926143,19.933857
2025-06-18,21.100000,2025-05-15,2025-03-31,-0.060000,0.340000,62.058824,73.194493,14.199235,15.230647,20.058388,24.886128,29.713868,34.541608,,,,,,,,,,20.447500,21.018333,23.757500,28.014583,20.447500,21.475259,19.419741,20.961380,19.933620
2025-06-19,20.350000,2025-05-15,2025-03-31,-0.060000,0.340000,59.852941,72.939235,14.161088,15.169800,19.984570,24.799340,29.614110,34.428879,,,,,,,,,,20.405000,20.905833,23.693333,27.940208,20.405000,21.370129,19.439871,20.887564,19.922436
2025-06-20,20.900000,2025-05-15,2025-03-31,-0.060000,0.340000,61.470588,72.678640,14.081117,15.135578,19.923158,24.710738,29.498318,34.285897,,,,,,,,,,20.402500,20.789167,23.627917,27.866875,20.402500,21.361927,19.443073,20.882213,19.922787
2025-06-23,20.300000,2025-05-15,2025-03-31,-0.060000,0.340000,59.705882,72.403340,14.008319,15.091479,19.854307,24.617136,29.379964,34.142793,,,,,,,,,,20.372500,20.679167,23.557500,27.797083,20.372500,21.303529,19.441471,20.838015,19.906985
2025-06-24,20.950000,2025-05-15,2025-03-31,-0.060000,0.340000,61.617647,72.146659,13.920395,15.063995,19.796930,24.529864,29.262799,33.995733,,,,,,,,,,20.380000,20.586667,23.493333,27.730000,20.380000,21.327795,19.432205,20.853898,19.906102
2025-06-25,21.600000,2025-05-15,2025-03-31,-0.060000,0.340000,63.529412,71.912630,13.826130,15.048526,19.749410,24.450294,29.151178,33.852062,,,,,,,,,,20.430000,20.515000,23.436667,27.668125,20.430000,21.521305,19.338695,20.975653,19.884347
2025-06-26,21.800000,2025-05-15,2025-03-31,-0.060000,0.340000,64.117647,71.667374,13.699567,15.051201,19.709054,24.366907,29.024760,33.682613,,,,,,,,,,20.495000,20.469167,23.376667,27.608958,20.495000,21.746904,19.243096,21.120952,19.869048
2025-06-27,21.900000,2025-05-15,2025-03-31,-0.060000,0.340000,64.411765,71.431289,13.576895,15.054350,19.670494,24.286638,28.902783,33.518927,,,,,,,,,,20.562500,20.465000,23.319583,27.548958,20.562500,21.963580,19.161420,21.263040,19.861960
2025-06-30,21.450000,2025-05-15,2025-03-31,-0.060000,0.340000,63.088235,71.180143,13.448487,15.056277,19.628763,24.201249,28.773734,33.346220,,,,,,,,,,20.640000,20.444167,23.257500,27.488542,20.640000,22.058153,19.221847,21.349076,19.930924
2025-07-01,21.500000,2025-05-15,2025-03-31,-0.060000,0.340000,63.235294,70.931566,13.315605,15.062121,19.589427,24.116732,28.644038,33.171344,,,,,,,,,,20.722500,20.417500,23.196250,27.429583,20.722500,22.139121,19.305879,21.430811,20.014189
2025-07-02,21.450000,2025-05-15,2025-03-31,-0.060000,0.340000,63.088235,70.697893,13.203756,15.058729,19.548006,24.037283,28.526561,33.015838,,,,,,,,,,20.780000,20.428333,23.139583,27.368333,20.780000,22.217615,19.342385,21.498807,20.061193
2025-07-03,21.400000,2025-05-15,2025-03-31,-0.060000,0.340000,62.941176,70.476435,13.107993,15.048553,19.505270,23.961988,28.418705,32.875423,,,,,,,,,,20.835000,20.472500,23.086667,27.303958,20.835000,22.279445,19.390555,21.557222,20.112778
2025-07-04,20.800000,2025-05-15,2025-03-31,-0.060000,0.340000,61.176471,70.236238,13.010956,15.032871,19.456596,23.880321,28.304046,32.727771,,,,,,,,,,20.850000,20.537500,23.027500,27.234167,20.850000,22.286003,19.413997,21.568002,20.131998
2025-07-07,20.200000,2025-05-15,2025-03-31,-0.060000,0.340000,59.411765,69.998810,12.945651,14.996553,19.398074,23.799595,28.201117,32.602638,,,,,,,,,,20.862500,20.565000,22.968750,27.165625,20.862500,22.269578,19.455422,21.566039,20.158961
2025-07-08,19.950000,2025-05-15,2025-03-31,-0.060000,0.340000,58.676471,69.771382,12.902406,14.948634,19.335452,23.722270,28.109088,32.495906,,,,,,,,,,20.852500,20.591667,22.912917,27.098750,20.852500,22.283538,19.421462,21.568019,20.136981
2025-07-09,20.100000,2025-05-15,2025-03-31,-0.060000,0.340000,59.117647,69.527470,12.823952,14.919053,19.279196,23.639340,27.999484,32.359627,,,,,,,,,,20.850000,20.615000,22.852083,27.032500,20.850000,22.286370,19.413630,21.568185,20.131815
2025-07-10,20.050000,2025-05-15,2025-03-31,-0.060000,0.340000,58.970588,69.290397,12.753177,14.886575,19.222655,23.558735,27.894815,32.230895,,,,,,,,,,20.835000,20.614167,22.793333,26.967500,20.835000,22.299348,19.370652,21.567174,20.102826
2025-07-11,20.150000,2025-05-15,2025-03-31,-0.060000,0.340000,59.264706,69.057119,12.677555,14.858683,19.169052,23.479421,27.789789,32.100158,,,,,,,,,,20.850000,20.625000,22.735833,26.903958,20.850000,22.277549,19.422451,21.563774,20.136226
2025-07-14,20.000000,2025-05-15,2025-03-31,-0.060000,0.340000,58.823529,68.844358,12.632824,14.816762,19.111922,23.407082,27.702242,31.997402,,,,,,,,,,20.872500,20.634167,22.684583,26.839583,20.872500,22.226043,19.518957,21.549272,20.195728
2025-07-15,20.150000,2025-05-15,2025-03-31,-0.060000,0.340000,59.264706,68.641994,12.589728,14.777263,19.057771,23.338278,27.618785,31.899293,,,,,,,,,,20.805000,20.649167,22.636667,26.777708,20.805000,22.161427,19.448573,21.483214,20.126786
2025-07-16,20.450000,2025-05-15,2025-03-31,-0.060000,0.340000,60.147059,68.475209,12.568394,14.735063,19.008317,23.281571,27.554825,31.828079,,,,,,,,,,20.772500,20.678333,22.600000,26.714792,20.772500,22.130314,19.414686,21.451407,20.093593
2025-07-17,20.650000,2025-05-15,2025-03-31,-0.060000,0.340000,60.735294,68.283756,12.509223,14.710205,18.963341,23.216477,27.469613,31.722749,,,,,,,,,,20.787500,20.712500,22.555833,26.656667,20.787500,22.132227,19.442773,21.459863,20.115137
2025-07-18,20.400000,2025-05-15,2025-03-31,-0.060000,0.340000,60.000000,68.095584,12.462100,14.678270,18.915384,23.152499,27.389613,31.626727,,,,,,,,,,20.762500,20.725000,22.512500,26.602917,20.762500,22.116976,19.408024,21.439738,20.085262
2025-07-21,20.400000,2025-05-15,2025-03-31,-0.060000,0.340000,60.000000,67.900691,12.403686,14.651729,18.868982,23.086235,27.303488,31.520741,,,,,,,,,,20.767500,20.738333,22.467083,26.554167,20.767500,22.115510,19.419490,21.441505,20.093495
2025-07-22,20.050000,2025-05-15,2025-03-31,-0.060000,0.340000,58.970588,67.709317,12.362418,14.614724,18.817946,23.021168,27.224390,31.427612,,,,,,,,,,20.722500,20.740000,22.422500,26.499583,20.722500,22.104518,19.340482,21.413509,20.031491
2025-07-23,20.350000,2025-05-15,2025-03-31,-0.060000,0.340000,59.852941,67.526640,12.314708,14.585056,18.772057,22.959058,27.146058,31.333059,,,,,,,,,,20.660000,20.734167,22.380833,26.450833,20.660000,21.986888,19.333112,21.323444,19.996556
2025-07-24,20.300000,2025-05-15,2025-03-31,-0.060000,0.340000,59.705882,67.349458,12.272579,14.553462,18.726139,22.898816,27.071492,31.244169,,,,,,,,,,20.585000,20.722500,22.340833,26.407500,20.585000,21.805914,19.364086,21.195457,19.974543
2025-07-25,20.200000,2025-05-15,2025-03-31,-0.060000,0.340000,59.411765,67.163104,12.221380,14.524917,18.680186,22.835455,26.990725,31.145994,,,,,,,,,,20.500000,20.715000,22.297917,26.359583,20.500000,21.561776,19.438224,21.030888,19.969112
2025-07-28,20.450000,2025-05-15,2025-03-31,-0.060000,0.340000,60.147059,66.988255,12.169877,14.500490,18.638248,22.776007,26.913765,31.051523,,,,,,,,,,20.450000,20.700833,22.258750,26.313542,20.450000,21.413000,19.487000,20.931500,19.968500
2025-07-29,20.400000,2025-05-15,2025-03-31,-0.060000,0.340000,60.000000,66.796050,12.095752,14.485546,18.598101,22.710657,26.823213,30.935768,,,,,,,,,,20.395000,20.703333,22.214167,26.264583,20.395000,21.221470,19.568530,20.808235,19.981765
2025-07-30,20.300000,2025-05-15,2025-03-31,-0.060000,0.340000,59.705882,66.591986,12.006007,14.477191,18.559233,22.641275,26.723318,30.805360,,,,,,,,,,20.337500,20.703333,22.165833,26.220833,20.337500,20.998341,19.676659,20.667920,20.007080
2025-07-31,20.100000,2025-05-15,2025-03-31,-0.060000,0.340000,59.117647,66.372268,11.898142,14.475835,18.521203,22.566571,26.611939,30.657308,,,,,,,,,,20.272500,20.704167,22.112500,26.188958,20.272500,20.711967,19.833033,20.492234,20.052766
2025-08-01,20.150000,2025-05-15,2025-03-31,-0.060000,0.340000,59.264706,66.159151,11.793171,14.474755,18.484433,22.494111,26.503789,30.513467,,,,,,,,,,20.240000,20.672500,22.061250,26.160417,20.240000,20.605052,19.874948,20.422526,20.057474
2025-08-04,20.100000,2025-05-15,2025-03-31,-0.060000,0.340000,59.117647,65.946153,11.686233,14.475053,18.448373,22.421692,26.395011,30.368331,,,,,,,,,,20.235000,20.649167,22.010000,26.120417,20.235000,20.605064,19.864936,20.420032,20.049968
2025-08-05,20.100000,2025-05-15,2025-03-31,-0.060000,0.340000,59.117647,65.734499,11.576565,14.477665,18.413697,22.349730,26.285762,30.221794,,,,,,,,,,20.242500,20.624167,21.959167,26.079792,20.242500,20.593851,19.891149,20.418175,20.066825
2025-08-06,20.050000,2025-05-15,2025-03-31,-0.060000,0.340000,58.970588,65.526996,11.471433,14.478604,18.378891,22.279179,26.179466,30.079753,,,,,,,,,,20.240000,20.595833,21.909583,26.034375,20.240000,20.596297,19.883703,20.418148,20.061852
2025-08-07,19.750000,2025-05-15,2025-03-31,-0.060000,0.340000,58.088235,65.296011,11.337947,14.490840,18.345742,22.200644,26.055546,29.910448,,,,,,,,,,20.225000,20.554167,21.852500,25.986458,20.225000,20.636032,19.813968,20.430516,20.019484
2025-08-08,19.750000,2025-05-15,2025-03-31,-0.060000,0.340000,58.088235,65.065026,11.198067,14.507423,18.314766,22.122109,25.929451,29.736794,,,,,,,,,,20.205000,20.517500,21.795417,25.938333,20.205000,20.667146,19.742854,20.436073,19.973927
2025-08-11,19.450000,2025-05-15,2025-03-31,-0.060000,0.340000,57.205882,64.817279,11.037861,14.532129,18.285002,22.037875,25.790748,29.543620,,,,,,,,,,20.177500,20.480000,21.732917,25.888542,20.177500,20.744556,19.610444,20.461028,19.893972
2025-08-12,19.900000,2025-05-15,2025-03-31,-0.060000,0.340000,58.529412,64.575185,10.851412,14.576603,18.266083,21.955563,25.645043,29.334523,,,,,,,,,,20.165000,20.466667,21.672500,25.839792,20.165000,20.745472,19.584528,20.455236,19.874764
2025-08-13,19.950000,2025-05-15,2025-03-31,-0.060000,0.340000,58.676471,64.323565,10.631148,14.640831,18.255422,21.870012,25.484602,29.099193,,,,,,,,,,20.140000,20.453333,21.609167,25.791042,20.140000,20.711793,19.568207,20.425897,19.854103
2025-08-14,20.500000,2025-08-14,2025-06-30,-0.090000,0.130000,157.692308,64.901108,13.456490,4.938457,6.687800,8.437144,10.186488,11.935831,,,,,,,,,,20.132500,20.441667,21.551667,25.741875,20.132500,20.679525,19.585475,20.406013,19.858987
2025-08-15,20.550000,2025-08-14,2025-06-30,-0.090000,0.130000,158.076923,65.483201,15.783517,4.409102,6.460959,8.512816,10.564673,12.616530,,,,,,,,,,20.140000,20.435000,21.495000,25.692500,20.140000,20.706243,19.573757,20.423122,19.856878
2025-08-18,20.700000,2025-08-14,2025-06-30,-0.090000,0.130000,159.230769,66.074909,17.840228,3.951279,6.270508,8.589738,10.908968,13.228197,,,,,,,,,,20.155000,20.431667,21.439583,25.641875,20.155000,20.764486,19.545514,20.459743,19.850257
2025-08-19,20.550000,2025-08-14,2025-06-30,-0.090000,0.130000,158.076923,66.673130,19.636901,3.561913,6.114710,8.667507,11.220304,13.773101,,,,,,,,,,20.180000,20.427500,21.387917,25.592083,20.180000,20.811956,19.548044,20.495978,19.864022
2025-08-20,20.200000,2025-08-14,2025-06-30,-0.090000,0.130000,155.384615,67.252948,21.173680,3.237727,5.990305,8.742883,11.495462,14.248040,,,,,,,,,,20.172500,20.420833,21.334583,25.542292,20.172500,20.799502,19.545498,20.486001,19.858999
2025-08-21,20.550000,2025-08-14,2025-06-30,-0.090000,0.130000,158.076923,67.865955,22.688338,2.923606,5.873090,8.822574,11.772058,14.721542,,,,,,,,,,20.185000,20.421667,21.287500,25.493333,20.185000,20.832343,19.537657,20.508671,19.861329
2025-08-22,20.500000,2025-08-14,2025-06-30,-0.090000,0.130000,157.692308,68.490541,24.089677,2.640454,5.772112,8.903770,12.035428,15.167086,,,,,,,,,,20.200000,20.420833,21.244583,25.444375,20.200000,20.862531,19.537469,20.531266,19.868734
2025-08-25,20.600000,2025-08-14,2025-06-30,-0.090000,0.130000,158.461538,69.125570,25.423147,2.376306,5.681315,8.986324,12.291333,15.596342,,,,,,,,,,20.207500,20.432500,21.203750,25.396042,20.207500,20.885170,19.529830,20.546335,19.868665
2025-08-26,20.550000,2025-08-14,2025-06-30,-0.090000,0.130000,158.076923,69.738577,26.654404,2.135870,5.600942,9.066015,12.531088,15.996160,,,,,,,,,,20.215000,20.444167,21.156667,25.346250,20.215000,20.904851,19.525149,20.559926,19.870074
2025-08-27,20.700000,2025-08-14,2025-06-30,-0.090000,0.130000,159.230769,70.367919,27.851730,1.906380,5.527105,9.147830,12.768554,16.389279,,,,,,,,,,20.235000,20.450833,21.112917,25.299167,20.235000,20.957641,19.512359,20.596321,19.873679
2025-08-28,22.750000,2025-08-14,2025-06-30,-0.090000,0.130000,175.000000,71.135393,29.424537,1.597221,5.422411,9.247601,13.072791,16.897981,,,,,,,,,,20.367500,20.491667,21.088333,25.260625,20.367500,21.700196,19.034804,21.033848,19.701152
2025-08-29,22.700000,2025-08-14,2025-06-30,-0.090000,0.130000,174.615385,71.915790,30.892733,1.316942,5.332997,9.349053,13.365108,17.381163,,,,,,,,,,20.495000,20.528333,21.068333,25.221667,20.495000,22.181135,18.808865,21.338068,19.651932
2025-09-01,21.700000,2025-08-14,2025-06-30,-0.090000,0.130000,166.923077,72.644181,32.081030,1.102676,5.273210,9.443743,13.614277,17.784811,,,,,,,,,,20.575000,20.557500,21.043750,25.186458,20.575000,22.332540,18.817460,21.453770,19.696230
2025-09-02,21.500000,2025-08-14,2025-06-30,-0.090000,0.130000,165.384615,73.350343,33.172688,0.910646,5.223095,9.535545,13.847994,18.160443,,,,,,,,,,20.645000,20.580000,21.014583,25.144583,20.645000,22.434119,18.855881,21.539560,19.750440
2025-09-03,22.050000,2025-08-14,2025-06-30,-0.090000,0.130000,169.615385,74.105202,34.314063,0.712020,5.172848,9.633676,14.094505,18.555333,,,,,,,,,,20.745000,20.611667,20.994167,25.106042,20.745000,22.615801,18.874199,21.680400,19.809600
2025-09-04,21.550000,2025-08-14,2025-06-30,-0.090000,0.130000,165.769231,74.822634,35.316887,0.544552,5.135747,9.726942,14.318138,18.909333,,,,,,,,,,20.835000,20.631667,20.967917,25.065625,20.835000,22.677224,18.992776,21.756112,19.913888
2025-09-05,21.750000,2025-08-14,2025-06-30,-0.090000,0.130000,167.307692,75.551542,36.309962,0.381110,5.101405,9.821700,14.541996,19.262291,,,,,,,,,,20.935000,20.663333,20.942917,25.029375,20.935000,22.746106,19.123894,21.840553,20.029447
2025-09-08,22.400000,2025-08-14,2025-06-30,-0.090000,0.130000,172.307692,76.319429,37.367236,0.206044,5.063785,9.921526,14.779266,19.637007,,,,,,,,,,21.082500,20.710833,20.922500,24.996042,21.082500,22.864656,19.300344,21.973578,20.191422
2025-09-09,21.800000,2025-08-14,2025-06-30,-0.090000,0.130000,167.692308,77.047510,38.285778,0.061874,5.039025,10.016176,14.993327,19.970479,,,,,,,,,,21.177500,20.715833,20.896667,24.958958,21.177500,22.895662,19.459338,22.036581,20.318419
2025-09-10,21.200000,2025-08-14,2025-06-30,-0.090000,0.130000,163.076923,77.743850,39.082661,-0.054791,5.025955,10.106700,15.187446,20.268192,,,,,,,,,,21.240000,20.717500,20.867917,24.916875,21.240000,22.858186,19.621814,22.049093,20.430907
2025-09-11,20.450000,2025-08-14,2025-06-30,-0.090000,0.130000,157.307692,78.326253,39.743205,-0.150820,5.015796,10.182413,15.349030,20.515646,,,,,,,,,,21.237500,20.719167,20.812500,24.869792,21.237500,22.860647,19.614353,22.049073,20.425927
2025-09-12,20.750000,2025-08-14,2025-06-30,-0.090000,0.130000,159.615385,78.906381,40.417404,-0.250696,5.003567,10.257830,15.512092,20.766355,,,,,,,,,,21.247500,20.716667,20.752917,24.822917,21.247500,22.855203,19.639797,22.051352,20.443648
2025-09-15,21.050000,2025-08-14,2025-06-30,-0.090000,0.130000,161.923077,79.532622,41.116480,-0.351044,4.994098,10.339241,15.684383,21.029526,,,,,,,,,,21.265000,20.729167,20.704167,24.777292,21.265000,22.855134,19.674866,22.060067,20.469933
2025-09-16,21.150000,2025-08-14,2025-06-30,-0.090000,0.130000,162.692308,80.176025,41.808655,-0.447367,4.987758,10.422883,15.858008,21.293133,,,,,,,,,,21.295000,20.732500,20.659583,24.732708,21.295000,22.850601,19.739399,22.072801,20.517199
2025-09-17,21.500000,2025-08-14,2025-06-30,-0.090000,0.130000,165.384615,80.857994,42.525424,-0.545071,4.983234,10.511539,16.039844,21.568149,,,,,,,,,,21.360000,20.730833,20.622917,24.689583,21.360000,22.829192,19.890808,22.094596,20.625404
2025-09-18,22.200000,2025-08-14,2025-06-30,-0.090000,0.130000,170.769231,81.621125,43.309747,-0.649788,4.980479,10.610746,16.241013,21.871280,,,,,,,,,,21.442500,20.737500,20.603333,24.646250,21.442500,22.905473,19.979527,22.173986,20.711014
2025-09-19,22.000000,2025-08-14,2025-06-30,-0.090000,0.130000,169.230769,82.518649,44.000325,-0.712660,5.007382,10.727424,16.447467,22.167509,,,,,,,,,,21.517500,20.739167,20.602083,24.598958,21.517500,22.929954,20.105046,22.223727,20.811273
2025-09-22,21.800000,2025-08-14,2025-06-30,-0.090000,0.130000,167.692308,83.390622,44.643490,-0.766527,5.037127,10.840781,16.644435,22.448088,,,,,,,,,,21.577500,20.745000,20.594583,24.545000,21.577500,22.926369,20.228631,22.251934,20.903066
2025-09-23,21.400000,2025-08-14,2025-06-30,-0.090000,0.130000,164.615385,84.227695,45.218027,-0.807087,5.071257,10.949600,16.827944,22.706287,,,,,,,,,,21.620000,20.743333,20.580417,24.492083,21.620000,22.883412,20.356588,22.251706,20.988294
2025-09-24,21.250000,2025-08-14,2025-06-30,-0.090000,0.130000,163.461538,85.108393,45.724886,-0.824379,5.119856,11.064091,17.008326,22.952561,,,,,,,,,,21.647500,20.740000,20.584167,24.443958,21.647500,22.849023,20.445977,22.248262,21.046738
2025-09-25,21.050000,2025-08-14,2025-06-30,-0.090000,0.130000,161.923077,86.023724,46.155597,-0.817371,5.182857,11.183084,17.183312,23.183539,,,,,,,,,,21.562500,20.734167,20.603333,24.392917,21.562500,22.672680,20.452320,22.117590,21.007410
2025-09-26,20.550000,2025-08-14,2025-06-30,-0.090000,0.130000,158.076923,86.949828,46.478685,-0.780980,5.261249,11.303478,17.345707,23.387936,,,,,,,,,,21.455000,20.730000,20.633750,24.341458,21.455000,22.516726,20.393274,21.985863,20.924137
2025-09-30,20.900000,2025-08-14,2025-06-30,-0.090000,0.130000,160.769231,87.860174,46.847423,-0.758507,5.331658,11.421823,17.511988,23.602153,,,,,,,,,,21.415000,20.741667,20.653333,24.290833,21.415000,22.497930,20.332070,21.956465,20.873535
2025-10-01,20.800000,2025-08-14,2025-06-30,-0.090000,0.130000,160.000000,88.768738,47.182056,-0.727398,5.406269,11.539936,17.673603,23.807270,,,,,,,,,,21.380000,20.755833,20.673750,24.240417,21.380000,22.496102,20.263898,21.938051,20.821949
2025-10-02,20.700000,2025-08-14,2025-06-30,-0.090000,0.130000,159.230769,89.662791,47.493862,-0.692241,5.481961,11.656163,17.830365,24.004567,,,,,,,,,,21.312500,20.765833,20.690417,24.192708,21.312500,22.421257,20.203743,21.866879,20.758121
2025-10-03,20.150000,2025-08-14,2025-06-30,-0.090000,0.130000,155.000000,90.489180,47.762273,-0.654598,5.554498,11.763593,17.972689,24.181784,,,,,,,,,,21.242500,20.767500,20.690833,24.141250,21.242500,22.459604,20.025396,21.851052,20.633948
2025-10-07,21.650000,2025-08-14,2025-06-30,-0.090000,0.130000,166.538462,91.425612,48.144205,-0.632164,5.626583,11.885330,18.144076,24.402823,,,,,,,,,,21.237500,20.792500,20.708750,24.096458,21.237500,22.446621,20.028379,21.842061,20.632939
2025-10-08,21.900000,2025-08-14,2025-06-30,-0.090000,0.130000,168.461538,92.379226,48.529008,-0.608243,5.700528,12.009299,18.318070,24.626841,,,,,,,,,,21.212500,20.824167,20.729167,24.052292,21.212500,22.338216,20.086784,21.775358,20.649642
2025-10-09,21.450000,2025-08-14,2025-06-30,-0.090000,0.130000,165.000000,93.308625,48.844553,-0.569463,5.780329,12.130121,18.479913,24.829705,,,,,,,,,,21.195000,20.845833,20.747500,24.005000,21.195000,22.292797,20.097203,21.743898,20.646102
2025-10-13,20.800000,2025-08-14,2025-06-30,-0.090000,0.130000,160.000000,94.209087,49.071077,-0.511299,5.867941,12.247181,18.626421,25.005661,,,,,,,,,,21.175000,20.851667,20.765000,23.953125,21.175000,22.286897,20.063103,21.730949,20.619051
2025-10-14,20.500000,2025-08-14,2025-06-30,-0.090000,0.130000,157.692308,95.092634,49.252828,-0.443693,5.959175,12.362042,18.764910,25.167778,,,,,,,,,,21.177500,20.849167,20.780833,23.904375,21.177500,22.282739,20.072261,21.730119,20.624881
2025-10-15,20.800000,2025-08-14,2025-06-30,-0.090000,0.130000,160.000000,95.971107,49.463885,-0.384366,6.045939,12.476244,18.906549,25.336854,,,,,,,,,,21.180000,20.855833,20.790417,23.853750,21.180000,22.281387,20.078613,21.730693,20.629307
2025-10-16,21.300000,2025-08-14,2025-06-30,-0.090000,0.130000,163.846154,96.882788,49.699708,-0.327162,6.133800,12.594762,19.055724,25.516686,,,,,,,,,,21.192500,20.870833,20.804583,23.806667,21.192500,22.293349,20.091651,21.742924,20.642076
2025-10-17,21.200000,2025-08-14,2025-06-30,-0.090000,0.130000,163.076923,97.779956,49.916139,-0.266802,6.222296,12.711394,19.200492,25.689591,,,,,,,,,,21.195000,20.890000,20.815000,23.756250,21.195000,22.295670,20.094330,21.745335,20.644665
2025-10-20,21.200000,2025-08-14,2025-06-30,-0.090000,0.130000,163.076923,98.659764,50.130185,-0.208079,6.308845,12.825769,19.342693,25.859618,,,,,,,,,,21.180000,20.904167,20.819167,23.709583,21.180000,22.271305,20.088695,21.725653,20.634347
2025-10-21,21.700000,2025-08-14,2025-06-30,-0.090000,0.130000,166.923077,99.564679,50.375616,-0.154252,6.394578,12.943408,19.492238,26.041068,,,,,,,,,,21.155000,20.927500,20.825000,23.666042,21.155000,22.168020,20.141980,21.661510,20.648490
2025-10-22,21.600000,2025-08-14,2025-06-30,-0.090000,0.130000,166.153846,100.471285,50.588217,-0.091670,6.484799,13.061267,19.637735,26.214204,,,,,,,,,,21.135000,20.950833,20.832917,23.625208,21.135000,22.092024,20.177976,21.613512,20.656488
2025-10-23,21.200000,2025-08-14,2025-06-30,-0.090000,0.130000,163.076923,101.337204,50.764275,-0.024875,6.574481,13.173836,19.773192,26.372548,,,,,,,,,,21.105000,20.963333,20.832083,23.583750,21.105000,22.010480,20.199520,21.557740,20.652260
2025-10-27,20.950000,2025-08-14,2025-06-30,-0.090000,0.130000,161.153846,102.211402,50.884434,0.057530,6.672506,13.287482,19.902459,26.517435,,,,,,,,,,21.082500,20.972500,20.837917,23.543542,21.082500,21.979439,20.185561,21.530970,20.634030
2025-10-28,20.550000,2025-08-14,2025-06-30,-0.090000,0.130000,158.076923,103.058803,50.961588,0.147631,6.772638,13.397644,20.022651,26.647657,,,,,,,,,,21.047500,20.976667,20.840000,23.499375,21.047500,21.971151,20.123849,21.509326,20.585674
2025-10-29,20.950000,2025-08-14,2025-06-30,-0.090000,0.130000,161.153846,103.937631,51.047177,0.239626,6.875759,13.511892,20.148025,26.784158,,,,,,,,,,21.042500,20.990833,20.847500,23.457917,21.042500,21.967176,20.117824,21.504838,20.580162
2025-10-30,20.650000,2025-08-14,2025-06-30,-0.090000,0.130000,158.846154,104.750932,51.138734,0.321550,6.969586,13.617621,20.265657,26.913692,,,,,,,,,,21.047500,20.999167,20.835833,23.413958,21.047500,21.961989,20.133011,21.504744,20.590256
2025-10-31,20.600000,2025-08-14,2025-06-30,-0.090000,0.130000,158.461538,105.573760,51.202452,0.411951,7.068270,13.724589,20.380908,27.037226,,,,,,,,,,21.032500,21.007500,20.828333,23.368333,21.032500,21.966802,20.098198,21.499651,20.565349
2025-11-03,20.800000,2025-08-14,2025-06-30,-0.090000,0.130000,160.000000,106.407093,51.268215,0.503186,7.168054,13.832922,20.497790,27.162658,,,,,,,,,,21.032500,21.019167,20.821667,23.321667,21.032500,21.966802,20.098198,21.499651,20.565349
2025-11-04,20.100000,2025-08-14,2025-06-30,-0.090000,0.130000,154.615385,107.192082,51.279275,0.602359,7.268665,13.934971,20.601277,27.267582,,,,,,,,,,21.002500,21.020000,20.807917,23.275208,21.002500,22.016857,19.988143,21.509679,20.495321
2025-11-05,19.900000,2025-08-14,2025-06-30,-0.090000,0.130000,153.076923,107.952677,51.277314,0.701746,7.367797,14.033848,20.699899,27.365950,,,,,,,,,,20.990000,21.022500,20.788333,23.228958,20.990000,22.053559,19.926441,21.521780,20.458220
2025-11-06,19.800000,2025-08-14,2025-06-30,-0.090000,0.130000,152.307692,108.683918,51.278967,0.796378,7.462644,14.128909,20.795175,27.461441,,,,,,,,,,20.897500,21.023333,20.770417,23.184583,20.897500,22.038356,19.756644,21.467928,20.327072
2025-11-07,19.650000,2025-08-14,2025-06-30,-0.090000,0.130000,151.153846,109.411670,51.256649,0.896788,7.560153,14.223517,20.886882,27.550246,,,,,,,,,,20.785000,21.026667,20.753333,23.140417,20.785000,21.953039,19.616961,21.369020,20.200980
2025-11-10,19.500000,2025-08-14,2025-06-30,-0.090000,0.130000,150.000000,110.154317,51.193174,1.009836,7.664949,14.320061,20.975174,27.630286,,,,,,,,,,20.687500,21.020000,20.743333,23.098333,20.687500,21.944009,19.430991,21.315755,20.059245
2025-11-11,20.650000,2025-08-14,2025-06-30,-0.090000,0.130000,158.846154,110.969457,51.183152,1.118410,7.772220,14.426029,21.079839,27.733649,,,,,,,,,,20.680000,21.031667,20.742500,23.054792,20.680000,21.935472,19.424528,21.307736,20.052264
2025-11-12,20.300000,2025-08-14,2025-06-30,-0.090000,0.130000,156.153846,111.751131,51.150694,1.228467,7.878057,14.527647,21.177237,27.826828,,,,,,,,,,20.670000,21.028333,20.735000,23.011458,20.670000,21.934661,19.405339,21.302331,20.037669
2025-11-13,20.300000,2025-08-14,2025-06-30,-0.090000,0.130000,156.153846,112.538933,51.100049,1.344048,7.987055,14.630061,21.273068,27.916074,,,,,,,,,,20.645000,21.024167,20.729583,22.968333,20.645000,21.918578,19.371422,21.281789,20.008211
2025-11-14,19.800000,2025-11-14,2025-09-30,0.070000,-0.070000,-282.857143,109.669535,62.408027,1.060256,-3.308306,-7.676867,-12.045429,-16.413991,,,,,,,,,,20.570000,21.009167,20.720417,22.925625,20.570000,21.857756,19.282244,21.213878,19.926122
2025-11-17,19.250000,2025-11-14,2025-09-30,0.070000,-0.070000,-275.000000,106.868065,71.488022,2.527559,-2.476603,-7.480765,-12.484926,-17.489088,,,,,,,,,,20.472500,20.987500,20.707500,22.880833,20.472500,21.851468,19.093532,21.161984,19.783016
2025-11-18,18.800000,2025-11-14,2025-09-30,0.070000,-0.070000,-268.571429,104.125067,79.179832,3.796422,-1.746166,-7.288755,-12.831343,-18.373931,,,,,,,,,,20.352500,20.964167,20.692500,22.833125,20.352500,21.875128,18.829872,21.113814,19.591186
2025-11-19,18.500000,2025-11-14,2025-09-30,0.070000,-0.070000,-264.285714,101.420235,85.944650,4.932835,-1.083291,-7.099416,-13.115542,-19.131668,,,,,,,,,,20.192500,20.930000,20.675833,22.782708,20.192500,21.789627,18.595373,20.991064,19.393936
2025-11-20,18.600000,2025-11-14,2025-09-30,0.070000,-0.070000,-265.714286,98.702273,92.182385,5.996375,-0.456392,-6.909159,-13.361926,-19.814693,,,,,,,,,,20.042500,20.898333,20.659583,22.733125,20.042500,21.646533,18.438467,20.844516,19.240484
2025-11-21,18.050000,2025-11-14,2025-09-30,0.070000,-0.070000,-257.857143,96.065719,97.700453,6.953463,0.114431,-6.724600,-13.563632,-20.402664,,,,,,,,,,19.885000,20.855833,20.644167,22.685208,19.885000,21.623451,18.146549,20.754225,19.015775
2025-11-24,18.100000,2025-11-14,2025-09-30,0.070000,-0.070000,-258.571429,93.424437,102.875071,7.862799,0.661544,-6.539711,-13.740966,-20.942221,,,,,,,,,,19.742500,20.815000,20.629583,22.638958,19.742500,21.577905,17.907095,20.660202,18.824798
2025-11-25,18.200000,2025-11-14,2025-09-30,0.070000,-0.070000,-260.000000,90.760221,107.778581,8.735786,1.191285,-6.353215,-13.897716,-21.442217,,,,,,,,,,19.625000,20.773333,20.612083,22.590000,19.625000,21.541823,17.708177,20.583412,18.666588
2025-11-26,18.850000,2025-11-14,2025-09-30,0.070000,-0.070000,-269.285714,88.018625,112.649424,9.609616,1.724156,-6.161304,-14.046763,-21.932223,,,,,,,,,,19.520000,20.708333,20.600000,22.544375,19.520000,21.359737,17.680263,20.439868,18.600132
2025-11-27,19.000000,2025-11-14,2025-09-30,0.070000,-0.070000,-271.428571,85.254269,117.309254,10.455497,2.243849,-5.967799,-14.179447,-22.391094,,,,,,,,,,19.437500,20.646667,20.587500,22.499375,19.437500,21.210655,17.664345,20.324078,18.550922
2025-11-28,19.200000,2025-11-14,2025-09-30,0.070000,-0.070000,-274.285714,82.479584,121.795138,11.277748,2.752089,-5.773571,-14.299231,-22.824890,,,,,,,,,,19.367500,20.605000,20.581250,22.452708,19.367500,21.055936,17.679064,20.211718,18.523282
2025-12-01,19.450000,2025-11-14,2025-09-30,0.070000,-0.070000,-277.857143,79.670235,126.145479,12.083451,3.253267,-5.576916,-14.407100,-23.237284,,,,,,,,,,19.300000,20.570833,20.575417,22.408750,19.300000,20.849533,17.750467,20.074767,18.525233
2025-12-02,19.750000,2025-11-14,2025-09-30,0.070000,-0.070000,-282.142857,76.825172,130.388242,12.876592,3.749415,-5.377762,-14.504939,-23.632116,,,,,,,,,,19.282500,20.532500,20.572083,22.363333,19.282500,20.801598,17.763402,20.042049,18.522951
2025-12-03,20.100000,2025-11-14,2025-09-30,0.070000,-0.070000,-287.142857,73.933541,134.549089,13.661525,4.243088,-5.175348,-14.593784,-24.012220,,,,,,,,,,19.292500,20.508333,20.570000,22.320417,19.292500,20.831220,17.753780,20.061860,18.523140
2025-12-04,20.300000,2025-11-14,2025-09-30,0.070000,-0.070000,-290.000000,71.030354,138.585465,14.429840,4.728858,-4.972125,-14.673107,-24.374090,,,,,,,,,,19.317500,20.484167,20.573750,22.278542,19.317500,20.906368,17.728632,20.111934,18.523066
2025-12-05,21.100000,2025-11-14,2025-09-30,0.070000,-0.070000,-301.428571,68.039283,142.692441,15.214192,5.225721,-4.762750,-14.751221,-24.739692,,,,,,,,,,19.390000,20.462500,20.586667,22.241250,19.390000,21.164260,17.615740,20.277130,18.502870
2025-12-08,21.200000,2025-11-14,2025-09-30,0.070000,-0.070000,-302.857143,64.988513,146.654542,15.982440,5.716622,-4.549196,-14.815014,-25.080832,,,,,,,,,,19.475000,20.452500,20.584167,22.203750,19.475000,21.425573,17.524427,20.450287,18.499713
2025-12-09,21.500000,2025-11-14,2025-09-30,0.070000,-0.070000,-307.142857,61.911832,150.537867,16.741473,6.203822,-4.333828,-14.871479,-25.409130,,,,,,,,,,19.517500,20.457500,20.587500,22.172500,19.517500,21.607898,17.427102,20.562699,18.472301
2025-12-10,21.500000,2025-11-14,2025-09-30,0.070000,-0.070000,-307.142857,58.853534,154.261892,17.476917,6.678585,-4.119747,-14.918080,-25.716412,,,,,,,,,,19.577500,20.475000,20.597083,22.145208,19.577500,21.825417,17.329583,20.701459,18.453541
2025-12-11,21.300000,2025-11-14,2025-09-30,0.070000,-0.070000,-304.285714,55.805565,157.782945,18.183223,7.138417,-3.906390,-14.951196,-25.996002,,,,,,,,,,19.627500,20.484167,20.600417,22.114167,19.627500,21.984902,17.270098,20.806201,18.448799
2025-12-12,21.400000,2025-11-14,2025-09-30,0.070000,-0.070000,-305.714286,52.760396,161.196370,18.874264,7.590518,-3.693228,-14.976974,-26.260720,,,,,,,,,,19.707500,20.490000,20.609583,22.083542,19.707500,22.194577,17.220423,20.951039,18.463961
2025-12-15,21.550000,2025-11-14,2025-09-30,0.070000,-0.070000,-307.857143,49.681440,164.520108,19.555114,8.038707,-3.477701,-14.994108,-26.510516,,,,,,,,,,19.822500,20.496667,20.614583,22.053958,19.822500,22.430277,17.214723,21.126388,18.518612
2025-12-16,21.550000,2025-11-14,2025-09-30,0.070000,-0.070000,-307.857143,46.586552,167.719497,20.219671,8.479306,-3.261059,-15.001423,-26.741788,,,,,,,,,,19.960000,20.497500,20.614167,22.025417,19.960000,22.630029,17.289971,21.295014,18.624986
2025-12-17,21.650000,2025-11-14,2025-09-30,0.070000,-0.070000,-309.285714,43.474857,170.826600,20.872484,8.914622,-3.043240,-15.001102,-26.958964,,,,,,,,,,20.117500,20.488333,20.612917,21.994792,20.117500,22.796517,17.438483,21.457008,18.777992
2025-12-18,21.700000,2025-11-14,2025-09-30,0.070000,-0.070000,-310.000000,40.354759,173.833772,21.511895,9.343531,-2.824833,-14.993197,-27.161561,,,,,,,,,,20.272500,20.483333,20.611250,21.965417,20.272500,22.940532,17.604468,21.606516,18.938484
2025-12-19,21.700000,2025-11-14,2025-09-30,0.070000,-0.070000,-310.000000,37.245691,176.735932,22.135832,9.764317,-2.607198,-14.978714,-27.350229,,,,,,,,,,20.455000,20.481667,20.613333,21.935417,20.455000,22.978344,17.931656,21.716672,19.193328
2025-12-22,21.800000,2025-11-14,2025-09-30,0.070000,-0.070000,-311.428571,34.123492,179.559771,22.749724,10.180540,-2.388644,-14.957828,-27.527012,,,,,,,,,,20.640000,20.488333,20.615833,21.906042,20.640000,22.971613,18.308387,21.805807,19.474193
2025-12-23,21.900000,2025-11-14,2025-09-30,0.070000,-0.070000,-312.857143,30.990614,182.308780,23.353886,10.592272,-2.169343,-14.930958,-27.692572,,,,,,,,,,20.825000,20.499167,20.619583,21.879583,20.825000,22.916210,18.733790,21.870605,19.779395
2025-12-24,21.900000,2025-11-14,2025-09-30,0.070000,-0.070000,-312.857143,27.858961,184.963681,23.944788,10.997330,-1.950127,-14.897585,-27.845043,,,,,,,,,,20.977500,20.513333,20.623750,21.855208,20.977500,22.900347,19.054653,21.938924,20.016076
2025-12-26,21.850000,2025-11-14,2025-09-30,0.070000,-0.070000,-312.142857,24.747966,187.520438,24.520504,11.394073,-1.732358,-14.858788,-27.985219,,,,,,,,,,21.120000,20.535000,20.632500,21.830000,21.120000,22.837219,19.402781,21.978610,20.261390
2025-12-29,24.000000,2025-11-14,2025-09-30,0.070000,-0.070000,-342.857143,21.395726,190.468005,25.167820,11.835060,-1.497701,-14.830461,-28.163222,,,,,,,,,,21.360000,20.586667,20.664167,21.816458,21.360000,23.277400,19.442600,22.318700,20.401300
2025-12-30,23.500000,2025-11-14,2025-09-30,0.070000,-0.070000,-335.714286,18.109136,193.202353,25.780690,12.256525,-1.267640,-14.791804,-28.315969,,,,,,,,,,21.562500,20.631667,20.693750,21.803333,21.562500,23.486004,19.638996,22.524252,20.600748
2025-12-31,25.500000,2025-11-14,2025-09-30,0.070000,-0.070000,-364.285714,14.580775,196.288695,26.459763,12.719554,-1.020654,-14.760863,-28.501072,,,,,,,,,,21.850000,20.711667,20.738750,21.795417,21.850000,24.283970,19.416030,23.066985,20.633015
2026-01-02,25.300000,2025-11-14,2025-09-30,0.070000,-0.070000,-361.428571,11.077448,199.219501,27.115309,13.169944,-0.775421,-14.720786,-28.666152,,,,,,,,,,22.110000,20.797500,20.782500,21.787917,22.110000,24.848728,19.371272,23.479364,20.740636
2026-01-05,24.450000,2025-11-14,2025-09-30,0.070000,-0.070000,-349.285714,7.672861,201.862533,27.723654,13.593277,-0.537100,-14.667478,-28.797855,,,,,,,,,,22.317500,20.844167,20.818333,21.777083,22.317500,25.107194,19.527806,23.712347,20.922653
2026-01-06,23.650000,2025-11-14,2025-09-30,0.070000,-0.070000,-337.857143,4.367189,204.251713,28.289537,13.991917,-0.305703,-14.603323,-28.900943,,,,,,,,,,22.445000,20.873333,20.848750,21.766667,22.445000,25.233491,19.656509,23.839246,21.050754
2026-01-07,23.800000,2025-11-14,2025-09-30,0.070000,-0.070000,-340.000000,1.039983,206.588522,28.849594,14.388398,-0.072799,-14.533995,-28.995192,,,,,,,,,,22.575000,20.912500,20.879167,21.757917,22.575000,25.361528,19.788472,23.968264,21.181736
2026-01-08,22.800000,2025-11-14,2025-09-30,0.070000,-0.070000,-325.714286,-2.175528,208.653411,29.363764,14.758026,0.152287,-14.453452,-29.059191,,,,,,,,,,22.640000,20.945833,20.898750,21.749375,22.640000,25.381225,19.898775,24.010613,21.269387
2026-01-09,22.900000,2025-11-14,2025-09-30,0.070000,-0.070000,-327.142857,-5.407846,210.665323,29.871694,15.125122,0.378549,-14.368023,-29.114596,,,,,,,,,,22.710000,20.985833,20.917500,21.736667,22.710000,25.399668,20.020332,24.054834,21.365166
2026-01-12,23.800000,2025-11-14,2025-09-30,0.070000,-0.070000,-340.000000,-8.741179,212.775691,30.400479,15.506181,0.611883,-14.282416,-29.176714,,,,,,,,,,22.835000,21.035833,20.945833,21.729167,22.835000,25.480771,20.189229,24.157886,21.512114
2026-01-13,23.500000,2025-11-14,2025-09-30,0.070000,-0.070000,-335.714286,-12.038798,214.758552,30.908913,15.875815,0.842716,-14.190383,-29.223481,,,,,,,,,,22.940000,21.072500,20.971667,21.719375,22.940000,25.511627,20.368373,24.225813,21.654187
2026-01-14,24.200000,2025-11-14,2025-09-30,0.070000,-0.070000,-345.714286,-15.411172,216.801797,31.431034,16.254908,1.078782,-14.097344,-29.273470,,,,,,,,,,23.072500,21.122500,21.006250,21.714375,23.072500,25.615493,20.529507,24.343997,21.801003
2026-01-15,23.950000,2025-11-14,2025-09-30,0.070000,-0.070000,-342.142857,-18.761137,218.726288,31.934960,16.624120,1.313280,-13.997561,-29.308401,,,,,,,,,,23.192500,21.168333,21.036250,21.708542,23.192500,25.658324,20.726676,24.425412,21.959588
2026-01-16,23.900000,2025-11-14,2025-09-30,0.070000,-0.070000,-341.428571,-22.103924,220.574456,32.427699,16.987487,1.547275,-13.892937,-29.333149,,,,,,,,,,23.305000,21.205000,21.066250,21.703542,23.305000,25.678073,20.931927,24.491536,22.118464
2026-01-19,24.650000,2025-11-14,2025-09-30,0.070000,-0.070000,-352.142857,-25.533546,222.487602,32.935612,17.361480,1.787348,-13.786784,-29.360916,,,,,,,,,,23.452500,21.255833,21.103333,21.700625,23.452500,25.771637,21.133363,24.612068,22.292932
2026-01-20,24.500000,2025-11-14,2025-09-30,0.070000,-0.070000,-350.000000,-28.951438,224.303267,33.429058,17.727829,2.026601,-13.674628,-29.375857,,,,,,,,,,23.592500,21.310833,21.137083,21.697917,23.592500,25.801638,21.383362,24.697069,22.487931
2026-01-21,24.250000,2025-11-14,2025-09-30,0.070000,-0.070000,-346.428571,-32.338343,226.010811,33.905198,18.084441,2.263684,-13.557073,-29.377830,,,,,,,,,,23.715000,21.365833,21.169167,21.691667,23.715000,25.772106,21.657894,24.743553,22.686447
2026-01-22,25.200000,2025-11-14,2025-09-30,0.070000,-0.070000,-360.000000,-35.835892,227.814749,34.402577,18.455545,2.508512,-13.438520,-29.385552,,,,,,,,,,23.880000,21.443333,21.210000,21.687917,23.880000,25.851748,21.908252,24.865874,22.894126
2026-01-23,25.000000,2025-11-14,2025-09-30,0.070000,-0.070000,-357.142857,-39.304730,229.519514,34.884063,18.817697,2.751331,-13.315035,-29.381401,,,,,,,,,,24.035000,21.510833,21.250833,21.681667,24.035000,25.830931,22.239069,24.932966,23.137034
2026-01-26,25.250000,2025-11-14,2025-09-30,0.070000,-0.070000,-360.714286,-42.804555,231.199721,35.364280,19.180299,2.996319,-13.187662,-29.371642,,,,,,,,,,24.205000,21.587500,21.293333,21.677292,24.205000,25.757214,22.652786,24.981107,23.428893
2026-01-27,25.100000,2025-11-14,2025-09-30,0.070000,-0.070000,-358.571429,-46.285297,232.791079,35.830722,19.535346,3.239971,-13.055405,-29.350780,,,,,,,,,,24.260000,21.662500,21.335000,21.672500,24.260000,25.858881,22.661119,25.059441,23.460559
2026-01-28,25.150000,2025-11-14,2025-09-30,0.070000,-0.070000,-359.285714,-49.771991,234.327418,36.289878,19.886959,3.484039,-12.918880,-29.321799,,,,,,,,,,24.342500,21.735000,21.377083,21.668125,24.342500,25.946533,22.738467,25.144516,23.540484
2026-01-29,24.250000,2025-11-14,2025-09-30,0.070000,-0.070000,-346.428571,-53.150318,235.665015,36.713624,20.217073,3.720522,-12.776029,-29.272580,,,,,,,,,,24.280000,21.804167,21.412083,21.660833,24.280000,25.788712,22.771288,25.034356,23.525644
2026-01-30,23.700000,2025-11-14,2025-09-30,0.070000,-0.070000,-338.571429,-56.455815,236.870386,37.113761,20.532834,3.951907,-12.629020,-29.209947,,,,,,,,,,24.200000,21.867500,21.445000,21.648750,24.200000,25.649501,22.750499,24.924750,23.475250
2026-02-02,23.300000,2025-11-14,2025-09-30,0.070000,-0.070000,-332.857143,-59.713693,237.967685,37.495434,20.837696,4.179959,-12.477779,-29.135517,,,,,,,,,,24.142500,21.925833,21.474583,21.635000,24.142500,25.640666,22.644334,24.891583,23.393417
2026-02-03,23.600000,2025-11-14,2025-09-30,0.070000,-0.070000,-337.142857,-62.999933,239.059897,37.878381,21.144188,4.409995,-12.324198,-29.058390,,,,,,,,,,24.140000,21.991667,21.509167,21.621042,24.140000,25.641788,22.638212,24.890894,23.389106
2026-02-04,25.900000,2025-11-14,2025-09-30,0.070000,-0.070000,-370.000000,-66.571011,240.426020,38.319614,21.489792,4.659971,-12.169851,-28.999672,,,,,,,,,,24.245000,22.098333,21.559167,21.615833,24.245000,25.929262,22.560738,25.087131,23.402869
2026-02-05,24.750000,2025-11-14,2025-09-30,0.070000,-0.070000,-353.571429,-70.006410,241.563916,38.719397,21.809923,4.900449,-12.009025,-28.918500,,,,,,,,,,24.342500,22.166667,21.599167,21.604167,24.342500,25.895180,22.789820,25.118840,23.566160
2026-02-06,24.100000,2025-11-14,2025-09-30,0.070000,-0.070000,-344.285714,-74.189560,241.933815,39.064003,22.128636,5.193269,-11.742098,-28.677465,,,,,,,,,,24.402500,22.230000,21.629167,21.590417,24.402500,25.806058,22.998942,25.104279,23.700721
2026-02-09,22.800000,2025-11-14,2025-09-30,0.070000,-0.070000,-325.714286,-78.221154,242.061716,39.364121,22.419801,5.475481,-11.468839,-28.413159,,,,,,,,,,24.352500,22.271667,21.647917,21.571458,24.352500,25.909310,22.795690,25.130905,23.574095
2026-02-10,23.800000,2025-11-14,2025-09-30,0.070000,-0.070000,-340.000000,-82.381410,242.236409,39.679796,22.723247,5.766699,-11.189850,-28.146399,,,,,,,,,,24.367500,22.338333,21.673750,21.556667,24.367500,25.895235,22.839765,25.131367,23.603633
2026-02-11,23.700000,2025-11-14,2025-09-30,0.070000,-0.070000,-338.571429,-86.520147,242.336256,39.983486,23.019948,6.056410,-10.907128,-27.870666,,,,,,,,,,24.342500,22.412500,21.700000,21.543958,24.342500,25.897890,22.787110,25.120195,23.564805
2026-02-23,24.950000,2025-11-14,2025-09-30,0.070000,-0.070000,-356.428571,-90.785256,242.546819,40.311523,23.333245,6.354968,-10.623309,-27.601587,,,,,,,,,,24.392500,22.515000,21.739583,21.537083,24.392500,25.959016,22.825984,25.175758,23.609242
2026-02-24,24.750000,2025-11-14,2025-09-30,0.070000,-0.070000,-353.571429,-95.048993,242.632426,40.621969,23.637699,6.653429,-10.330840,-27.315110,,,,,,,,,,24.435000,22.619167,21.774583,21.531042,24.435000,25.991345,22.878655,25.213173,23.656827
2026-02-25,27.200000,2025-11-14,2025-09-30,0.070000,-0.070000,-388.571429,-99.601190,242.974899,40.988569,23.980326,6.972083,-10.036160,-27.044403,,,,,,,,,,24.562500,22.762500,21.830417,21.537500,24.562500,26.550854,22.574146,25.556677,23.568323
2026-02-26,27.250000,2025-11-14,2025-09-30,0.070000,-0.070000,-389.285714,-104.165751,243.231050,41.343950,24.317776,7.291603,-9.734571,-26.760744,,,,,,,,,,24.700000,22.915833,21.885833,21.544792,24.700000,27.022431,22.377569,25.861215,23.538785
2026-03-02,26.850000,2025-11-14,2025-09-30,0.070000,-0.070000,-383.571429,-108.679487,243.349376,41.676477,24.642020,7.607564,-9.426892,-26.461349,,,,,,,,,,24.830000,23.061667,21.938333,21.547500,24.830000,27.330610,22.329390,26.080305,23.579695
2026-03-03,26.800000,2025-11-14,2025-09-30,0.070000,-0.070000,-382.857143,-113.196886,243.365755,41.994988,24.959385,7.923782,-9.111821,-26.147424,,,,,,,,,,24.910000,23.205000,21.989167,21.551042,24.910000,27.558455,22.261545,26.234228,23.585772
2026-03-04,25.450000,2025-11-14,2025-09-30,0.070000,-0.070000,-363.571429,-117.684982,242.972019,42.254031,25.245990,8.237949,-8.770093,-25.778134,,,,,,,,,,24.932500,23.315000,22.011667,21.550000,24.932500,27.591798,22.273202,26.262149,23.602851
2026-03-05,26.050000,2025-11-14,2025-09-30,0.070000,-0.070000,-372.142857,-122.241300,242.570806,42.516804,25.536847,8.556891,-8.423065,-25.403022,,,,,,,,,,24.972500,23.432500,22.039583,21.553958,24.972500,27.675612,22.269388,26.324056,23.620944
2026-03-06,26.800000,2025-11-14,2025-09-30,0.070000,-0.070000,-382.857143,-126.822802,242.255104,42.793311,25.835453,8.877596,-8.080261,-25.038118,,,,,,,,,,25.057500,23.559167,22.082083,21.562917,25.057500,27.881695,22.233305,26.469598,23.645402
2026-03-09,25.200000,2025-11-14,2025-09-30,0.070000,-0.070000,-360.000000,-131.201007,241.676617,43.018797,26.101434,9.184071,-7.733293,-24.650656,,,,,,,,,,25.060000,23.655000,22.112917,21.563750,25.060000,27.884629,22.235371,26.472314,23.647686
2026-03-10,25.600000,2025-11-14,2025-09-30,0.070000,-0.070000,-365.714286,-135.662088,241.017115,43.238742,26.367544,9.496346,-7.374852,-24.246050,,,,,,,,,,25.127500,23.752500,22.142500,21.568333,25.127500,27.935098,22.319902,26.531299,23.723701
2026-03-11,26.400000,2025-11-14,2025-09-30,0.070000,-0.070000,-377.142857,-140.186355,240.406109,43.469900,26.641472,9.813045,-7.015383,-23.843810,,,,,,,,,,25.262500,23.857500,22.182917,21.575417,25.262500,28.040586,22.484414,26.651543,23.873457
2026-03-12,28.200000,2025-11-14,2025-09-30,0.070000,-0.070000,-402.857143,-144.937729,239.911588,43.733263,26.939452,10.145641,-6.648170,-23.441981,,,,,,,,,,25.507500,23.989167,22.236667,21.589792,25.507500,28.417967,22.597033,26.962733,24.052267
2026-03-13,27.200000,2025-11-14,2025-09-30,0.070000,-0.070000,-388.571429,-149.611722,239.141356,43.952610,27.212715,10.472821,-6.267074,-23.006969,,,,,,,,,,25.687500,24.090833,22.276667,21.599583,25.687500,28.546074,22.828926,27.116787,24.258213
2026-03-16,28.350000,2025-11-14,2025-09-30,0.070000,-0.070000,-405.000000,-154.384158,238.469387,44.192605,27.499748,10.806891,-5.885966,-22.578823,,,,,,,,,,25.810000,24.210000,22.331250,21.613958,25.810000,28.906959,22.713041,27.358480,24.261520
2026-03-17,27.700000,2025-11-14,2025-09-30,0.070000,-0.070000,-395.714286,-159.040751,237.672659,44.407025,27.769939,11.132853,-5.504234,-22.141320,,,,,,,,,,25.957500,24.313333,22.385417,21.626667,25.957500,29.122153,22.792847,27.539826,24.375174
2026-03-18,30.450000,2025-11-14,2025-09-30,0.070000,-0.070000,-435.000000,-163.976648,237.197582,44.686027,28.082196,11.478365,-5.125465,-21.729296,,,,,,,,,,26.275000,24.462500,22.468750,21.640625,26.275000,29.896209,22.653791,28.085605,24.464395
2026-03-19,29.050000,2025-11-14,2025-09-30,0.070000,-0.070000,-415.000000,-168.765110,236.408879,44.910801,28.362179,11.813558,-4.735064,-21.283685,,,,,,,,,,26.587500,24.591667,22.537917,21.645417,26.587500,30.019835,23.155165,28.303667,24.871333
2026-03-20,28.050000,2025-11-14,2025-09-30,0.070000,-0.070000,-400.714286,-173.453755,235.372359,45.093893,28.617828,12.141763,-4.334302,-20.810367,,,,,,,,,,26.800000,24.702500,22.596250,21.650208,26.800000,30.025719,23.574281,28.412860,25.187140
2026-03-23,27.700000,2025-11-14,2025-09-30,0.070000,-0.070000,-395.714286,-178.107143,234.187755,45.253786,28.860643,12.467500,-3.925643,-20.318786,,,,,,,,,,27.000000,24.805000,22.650833,21.655208,27.000000,29.895550,24.104450,28.447775,25.552225
2026-03-24,26.900000,2025-11-14,2025-09-30,0.070000,-0.070000,-384.285714,-182.687729,232.784205,45.377930,29.083035,12.788141,-3.506753,-19.801648,,,,,,,,,,27.097500,24.894167,22.695833,21.659375,27.097500,29.829084,24.365916,28.463292,25.731708
2026-03-25,27.350000,2025-11-14,2025-09-30,0.070000,-0.070000,-390.714286,-187.366758,231.257902,45.491779,29.303726,13.115673,-3.072380,-19.260433,,,,,,,,,,27.227500,24.989167,22.738750,21.671042,27.227500,29.726231,24.728769,28.476866,25.978134
2026-03-26,26.800000,2025-11-14,2025-09-30,0.070000,-0.070000,-382.857143,-191.967491,229.589706,45.580283,29.509004,13.437724,-2.633555,-18.704835,,,,,,,,,,27.207500,25.074167,22.778750,21.690417,27.207500,29.713551,24.701449,28.460525,25.954475
2026-03-27,26.600000,2025-11-14,2025-09-30,0.070000,-0.070000,-380.000000,-196.531593,227.816856,45.651571,29.704391,13.757212,-2.189968,-18.137148,,,,,,,,,,27.175000,25.155833,22.818750,21.706667,27.175000,29.695547,24.654453,28.435274,25.914726
2026-03-30,25.750000,2025-11-14,2025-09-30,0.070000,-0.070000,-367.857143,-200.968864,225.901080,45.693972,29.880896,14.067821,-1.745255,-17.558331,,,,,,,,,,27.120000,25.221667,22.855000,21.717708,27.120000,29.717246,24.522754,28.418623,25.821377
2026-03-31,24.900000,2026-03-31,2025-12-31,-0.080000,-0.160000,-155.625000,-203.627919,223.439924,104.081243,68.330855,32.580467,-3.169921,-38.920309,,,,,,,,,,27.025000,25.271667,22.885417,21.734792,27.025000,29.804152,24.245848,28.414576,25.635424
2026-04-01,25.300000,2026-03-31,2025-12-31,-0.080000,-0.160000,-158.125000,-206.294986,220.935976,103.706710,68.356954,33.007198,-2.342558,-37.692314,,,,,,,,,,27.017500,25.328333,22.920833,21.762083,27.017500,29.815295,24.219705,28.416398,25.618602
2026-04-02,24.950000,2026-03-31,2025-12-31,-0.080000,-0.160000,-155.937500,-208.911773,218.429444,103.323306,68.374595,33.425884,-1.522827,-36.471538,,,,,,,,,,26.962500,25.380000,22.957500,21.795625,26.962500,29.881021,24.043979,28.421760,25.503240
2026-04-07,24.750000,2026-03-31,2025-12-31,-0.080000,-0.160000,-154.687500,-211.540579,215.825680,102.910710,68.378601,33.846493,-0.685616,-35.217725,,,,,,,,,,26.860000,25.392500,22.989583,21.821458,26.860000,29.941968,23.778032,28.400984,25.319016
2026-04-08,25.550000,2026-03-31,2025-12-31,-0.080000,-0.160000,-159.687500,-214.204642,213.157551,102.483159,68.377951,34.272743,0.167534,-33.937674,,,,,,,,,,26.877500,25.426667,23.029167,21.851458,26.877500,29.923546,23.831454,28.400523,25.354477
2026-04-09,25.700000,2026-03-31,2025-12-31,-0.080000,-0.160000,-160.625000,-216.870106,210.431031,102.037147,68.368182,34.699217,1.030252,-32.638713,,,,,,,,,,26.882500,25.430000,23.070833,21.880625,26.882500,29.920033,23.844967,28.401266,25.363734
2026-04-10,25.600000,2026-03-31,2025-12-31,-0.080000,-0.160000,-160.000000,-219.495106,207.700192,101.583279,68.351248,35.119217,1.887186,-31.344844,,,,,,,,,,26.842500,25.435000,23.116250,21.903542,26.842500,29.927485,23.757515,28.384992,25.300008
2026-04-13,25.700000,2026-03-31,2025-12-31,-0.080000,-0.160000,-160.625000,-222.221469,204.716176,101.064611,68.310023,35.555435,2.800847,-29.953741,,,,,,,,,,26.717500,25.455833,23.150000,21.929375,26.717500,29.773344,23.661656,28.245422,25.189578
2026-04-14,26.400000,2026-03-31,2025-12-31,-0.080000,-0.160000,-165.000000,-225.000315,201.608058,100.514629,68.257340,36.000050,3.742761,-28.514528,,,,,,,,,,26.677500,25.501667,23.187500,21.958333,26.677500,29.727690,23.627310,28.202595,25.152405
2026-04-15,26.700000,2026-03-31,2025-12-31,-0.080000,-0.160000,-166.875000,-227.765940,198.464944,99.951332,68.196941,36.442550,4.688159,-27.066232,,,,,,,,,,26.595000,25.550000,23.231250,21.989375,26.595000,29.542238,23.647762,28.068619,25.121381
2026-04-16,26.500000,2026-03-31,2025-12-31,-0.080000,-0.160000,-165.625000,-230.479481,195.319760,99.379040,68.127879,36.876717,5.625556,-25.625606,,,,,,,,,,26.535000,25.611667,23.278750,22.021875,26.535000,29.436016,23.633984,27.985508,25.084492
2026-04-17,25.950000,2026-03-31,2025-12-31,-0.080000,-0.160000,-162.187500,-233.145147,192.134428,98.786240,68.044732,37.303223,6.561715,-24.179794,,,,,,,,,,26.310000,25.662500,23.324167,22.052500,26.310000,28.556775,24.063225,27.433388,25.186612
2026-04-20,27.050000,2026-03-31,2025-12-31,-0.080000,-0.160000,-169.062500,-235.887334,188.795432,98.156512,67.949243,37.741973,7.534704,-22.672565,,,,,,,,,,26.210000,25.716667,23.376250,22.083333,26.210000,28.091657,24.328343,27.150828,25.269172
2026-04-21,26.900000,2026-03-31,2025-12-31,-0.080000,-0.160000,-168.125000,-238.653760,185.288524,97.476929,67.830765,38.184602,8.538438,-21.107726,,,,,,,,,,26.152500,25.773333,23.422917,22.113750,26.152500,27.859598,24.445402,27.006049,25.298951
2026-04-22,29.000000,2026-03-31,2025-12-31,-0.080000,-0.160000,-181.250000,-241.523151,181.645334,96.770211,67.706958,38.643704,9.580451,-19.482803,,,,,,,,,,26.217500,25.853333,23.487917,22.151458,26.217500,28.242157,24.192843,27.229829,25.205171
2026-04-23,27.500000,2026-03-31,2025-12-31,-0.080000,-0.160000,-171.875000,-244.314417,177.910915,96.021800,67.556053,39.090307,10.624560,-17.841186,,,,,,,,,,26.247500,25.912500,23.540417,22.179792,26.247500,28.331644,24.163356,27.289572,25.205428
2026-04-24,28.750000,2026-03-31,2025-12-31,-0.080000,-0.160000,-179.687500,-247.202839,173.947789,95.215747,67.384100,39.552454,11.720808,-16.110838,,,,,,,,,,26.317500,25.993333,23.599167,22.212083,26.317500,28.638179,23.996821,27.477840,25.157160
2026-04-27,27.950000,2026-03-31,2025-12-31,-0.080000,-0.160000,-174.687500,-250.043183,169.876593,94.367419,67.187164,40.006909,12.826654,-14.353600,,,,,,,,,,26.375000,26.048333,23.652083,22.242500,26.375000,28.800631,23.949369,27.587815,25.162185
2026-04-28,27.550000,2026-03-31,2025-12-31,-0.080000,-0.160000,-172.187500,-252.837054,165.731517,93.488014,66.970971,40.453929,13.936886,-12.580157,,,,,,,,,,26.422500,26.099167,23.705000,22.268542,26.422500,28.903263,23.941737,27.662881,25.182119
2026-04-29,27.850000,2026-03-31,2025-12-31,-0.080000,-0.160000,-174.062500,-255.630523,161.465086,92.569711,66.735298,40.900884,15.066470,-10.767944,,,,,,,,,,26.527500,26.159167,23.762500,22.300208,26.527500,29.065521,23.989479,27.796511,25.258489
2026-04-30,28.250000,2026-03-31,2025-12-31,-0.080000,-0.160000,-176.562500,-258.419185,157.090420,91.616004,66.481537,41.347070,16.212602,-8.921865,,,,,,,,,,26.695000,26.210000,23.826667,22.333333,26.695000,29.222928,24.167072,27.958964,25.431036
2026-05-04,28.800000,2026-03-31,2025-12-31,-0.080000,-0.160000,-180.000000,-261.262134,152.451915,90.586554,66.194248,41.801941,17.409635,-6.982671,,,,,,,,,,26.870000,26.273333,23.892083,22.369792,26.870000,29.474733,24.265267,28.172366,25.567634
2026-05-05,29.350000,2026-03-31,2025-12-31,-0.080000,-0.160000,-183.437500,-264.114497,147.652162,89.507012,65.882666,42.258320,18.633974,-4.990372,,,,,,,,,,27.090000,26.341667,23.964583,22.400208,27.090000,29.754504,24.425496,28.422252,25.757748
2026-05-06,26.600000,2026-03-31,2025-12-31,-0.080000,-0.160000,-166.250000,-266.820427,142.736358,88.366903,65.529086,42.691268,19.853451,-2.984366,,,,,,,,,,27.182500,26.366667,24.014583,22.421458,27.182500,29.624086,24.740914,28.403293,25.961707
2026-05-07,26.400000,2026-03-31,2025-12-31,-0.080000,-0.160000,-165.000000,-269.528760,137.559093,87.143511,65.134057,43.124602,21.115147,-0.894308,,,,,,,,,,27.225000,26.387500,24.061250,22.441458,27.225000,29.574804,24.875196,28.399902,26.050098
2026-05-08,26.800000,2026-03-31,2025-12-31,-0.080000,-0.160000,-167.500000,-272.213055,132.253416,85.875182,64.714635,43.554089,22.393542,1.232996,,,,,,,,,,27.280000,26.430000,24.117083,22.462500,27.280000,29.528836,25.031164,28.404418,26.155582
2026-05-11,26.500000,2026-03-31,2025-12-31,-0.080000,-0.160000,-165.625000,-274.868905,126.725667,84.531238,64.255131,43.979025,23.702918,3.426811,,,,,,,,,,27.325000,26.476667,24.172083,22.480208,27.325000,29.465708,25.184292,28.395354,26.254646
2026-05-12,26.500000,2026-03-31,2025-12-31,-0.080000,-0.160000,-165.625000,-277.518344,120.909717,83.094045,63.748490,44.402935,25.057380,5.711825,,,,,,,,,,27.365000,26.530000,24.227917,22.499167,27.365000,29.405408,25.324592,28.385204,26.344796
2026-05-13,25.300000,2026-03-31,2025-12-31,-0.080000,-0.160000,-158.125000,-280.095667,114.839231,81.563861,63.189584,44.815307,26.441030,8.066753,,,,,,,,,,27.310000,26.558333,24.275000,22.514167,27.310000,29.512773,25.107227,28.411387,26.208613
2026-05-14,25.850000,2026-03-31,2025-12-31,-0.080000,-0.160000,-161.562500,-282.692022,108.373643,79.910289,62.570506,45.230723,27.890941,10.551158,,,,,,,,,,27.267500,26.557500,24.327917,22.535625,27.267500,29.551143,24.983857,28.409322,26.125678
2026-05-15,25.300000,2026-05-15,2026-03-31,-0.030000,-0.130000,-194.615385,-285.637534,100.811711,63.343924,50.238402,37.132879,24.027357,10.921835,,,,,,,,,,27.207500,26.566667,24.366667,22.554583,27.207500,29.634600,24.780400,28.421050,25.993950
2026-05-18,25.850000,2026-05-15,2026-03-31,-0.030000,-0.130000,-198.846154,-288.595868,92.613775,61.597044,49.557254,37.517463,25.477672,13.437881,,,,,,,,,,27.202500,26.595833,24.412917,22.573958,27.202500,29.640894,24.764106,28.421697,25.983303
2026-05-19,24.900000,2026-05-15,2026-03-31,-0.030000,-0.130000,-191.538462,-291.493304,83.581111,59.625218,48.759674,37.894129,27.028585,16.163040,,,,,,,,,,27.095000,26.630833,24.451250,22.590417,27.095000,29.742322,24.447678,28.418661,25.771339
2026-05-20,25.250000,2026-05-15,2026-03-31,-0.030000,-0.130000,-194.230769,-290.754750,84.048327,59.650682,48.724400,37.798118,26.871835,15.945553,,,,,,,,,,27.012500,26.655000,24.496667,22.608542,27.012500,29.785276,24.239724,28.398888,25.626112
2026-05-21,26.050000,2026-05-15,2026-03-31,-0.030000,-0.130000,-200.384615,-290.132956,84.440948,59.671931,48.694608,37.717284,26.739961,15.762638,,,,,,,,,,26.865000,26.694167,24.553333,22.630417,26.865000,29.503201,24.226799,28.184101,25.545899
2026-05-22,26.550000,2026-05-15,2026-03-31,-0.030000,-0.130000,-204.230769,-289.596783,84.782587,59.691055,48.669318,37.647582,26.625846,15.604109,,,,,,,,,,26.817500,26.720833,24.617917,22.655208,26.817500,29.441734,24.193266,28.129617,25.505383
2026-05-25,26.600000,2026-05-15,2026-03-31,-0.030000,-0.130000,-204.615385,-289.099531,85.106650,59.710668,48.646803,37.582939,26.519074,15.455210,,,,,,,,,,26.710000,26.751667,24.685417,22.680625,26.710000,29.172049,24.247951,27.941024,25.478976
2026-05-26,26.100000,2026-05-15,2026-03-31,-0.030000,-0.130000,-200.769231,-288.558322,85.462366,59.732797,48.622689,37.512582,26.402474,15.292367,,,,,,,,,,26.617500,26.733333,24.747917,22.703750,26.617500,29.021723,24.213277,27.819612,25.415388
2026-05-27,25.400000,2026-05-15,2026-03-31,-0.030000,-0.130000,-195.384615,-288.037717,85.840401,59.763408,48.604155,37.444903,26.285651,15.126399,,,,,,,,,,26.510000,26.702500,24.809167,22.726667,26.510000,28.930874,24.089126,27.720437,25.299563
2026-05-28,25.000000,2026-05-15,2026-03-31,-0.030000,-0.130000,-192.307692,-287.485520,86.243730,59.796487,48.584803,37.373118,26.161433,14.949748,,,,,,,,,,26.367500,26.671667,24.866667,22.748125,26.367500,28.791780,23.943220,27.579640,25.155360
2026-05-29,25.100000,2026-05-15,2026-03-31,-0.030000,-0.130000,-193.076923,-286.927827,86.638433,59.826610,48.563614,37.300618,26.037621,14.774625,,,,,,,,,,26.210000,26.643333,24.924167,22.768125,26.210000,28.526213,23.893787,27.368106,25.051894
2026-06-01,25.650000,2026-05-15,2026-03-31,-0.030000,-0.130000,-197.307692,-286.328011,87.009963,59.845232,48.533937,37.222641,25.911346,14.600051,,,,,,,,,,26.052500,26.646667,24.980833,22.790417,26.052500,28.030930,24.074070,27.041715,25.063285
2026-06-02,25.050000,2026-05-15,2026-03-31,-0.030000,-0.130000,-192.692308,-285.671875,87.419172,59.866329,48.501836,37.137344,25.772851,14.408359,,,,,,,,,,25.837500,26.630000,25.031250,22.809375,25.837500,27.118895,24.556105,26.478198,25.196802
2026-06-03,25.950000,2026-05-15,2026-03-31,-0.030000,-0.130000,-199.615385,-285.049622,87.765966,59.875602,48.466026,37.056451,25.646875,14.237300,,,,,,,,,,25.805000,26.615833,25.087500,22.834375,25.805000,27.036986,24.573014,26.420993,25.189007
2026-06-04,25.450000,2026-05-15,2026-03-31,-0.030000,-0.130000,-195.769231,-284.365556,88.141598,59.884338,48.425930,36.967522,25.509115,14.050707,,,,,,,,,,25.757500,26.620000,25.137500,22.856458,25.757500,26.965924,24.549076,26.361712,25.153288
2026-06-05,24.700000,2026-05-15,2026-03-31,-0.030000,-0.130000,-190.000000,-283.597699,88.561481,59.893686,48.380693,36.867701,25.354708,13.841716,,,,,,,,,,25.652500,26.605000,25.178750,22.875417,25.652500,26.844347,24.460653,26.248424,25.056576
2026-06-08,23.800000,2026-05-15,2026-03-31,-0.030000,-0.130000,-183.076923,-282.730483,89.034729,59.903992,48.329478,36.754963,25.180448,13.605933,,,,,,,,,,25.517500,26.561667,25.209583,22.889792,25.517500,26.901345,24.133655,26.209422,24.825578
2026-06-09,24.350000,2026-05-15,2026-03-31,-0.030000,-0.130000,-187.307692,-281.874714,89.456790,59.902478,48.273096,36.643713,25.014330,13.384947,,,,,,,,,,25.410000,26.497500,25.243333,22.908542,25.410000,26.806462,24.013538,26.108231,24.711769
2026-06-10,23.400000,2026-05-15,2026-03-31,-0.030000,-0.130000,-180.000000,-280.862809,89.919329,59.891191,48.201678,36.512165,24.822652,13.133140,,,,,,,,,,25.315000,26.434167,25.262500,22.924583,25.315000,26.976356,23.653644,26.145678,24.484322
2026-06-11,23.100000,2026-05-15,2026-03-31,-0.030000,-0.130000,-177.692308,-279.819769,90.386781,59.877133,48.126851,36.376570,24.626288,12.876007,,,,,,,,,,25.177500,26.346667,25.278333,22.931250,25.177500,27.088817,23.266183,26.133158,24.221842
2026-06-12,23.500000,2026-05-15,2026-03-31,-0.030000,-0.130000,-180.769231,-278.766655,90.801011,59.847928,48.043797,36.239665,24.435534,12.631402,,,,,,,,,,25.087500,26.276667,25.295000,22.941250,25.087500,27.138912,23.036088,26.113206,24.061794
2026-06-15,24.000000,2026-05-15,2026-03-31,-0.030000,-0.130000,-184.615385,-277.745593,91.167413,59.810454,47.958691,36.106927,24.255163,12.403400,,,,,,,,,,24.995000,26.169167,25.315833,22.956458,24.995000,27.068365,22.921635,26.031682,23.958318
2026-06-16,23.400000,2026-05-15,2026-03-31,-0.030000,-0.130000,-180.000000,-276.709879,91.568464,59.780085,47.876185,35.972284,24.068384,12.164483,,,,,,,,,,24.920000,26.075000,25.333333,22.966875,24.920000,27.112907,22.727093,26.016454,23.823546
2026-06-17,24.150000,2026-05-15,2026-03-31,-0.030000,-0.130000,-185.769231,-275.710337,91.903233,59.737184,47.789764,35.842344,23.894923,11.947503,,,,,,,,,,24.865000,26.010000,25.356250,22.982917,24.865000,27.078143,22.651857,25.971571,23.758429
2026-06-18,25.050000,2026-05-15,2026-03-31,-0.030000,-0.130000,-192.692308,-274.750630,92.165651,59.680651,47.699117,35.717582,23.736047,11.754513,,,,,,,,,,24.815000,25.965833,25.385417,23.000000,24.815000,26.959540,22.670460,25.887270,23.742730
2026-06-22,26.100000,2026-05-15,2026-03-31,-0.030000,-0.130000,-200.769231,-273.858230,92.360638,59.615336,47.608453,35.601570,23.594687,11.587804,,,,,,,,,,24.792500,25.952500,25.423333,23.018750,24.792500,26.868750,22.716250,25.830625,23.754375
2026-06-23,25.450000,2026-05-15,2026-03-31,-0.030000,-0.130000,-195.769231,-272.912260,92.575811,59.548305,47.513449,35.478594,23.443738,11.408883,,,,,,,,,,24.735000,25.920833,25.455000,23.033958,24.735000,26.658566,22.811434,25.696783,23.773217
2026-06-24,27.000000,2026-05-15,2026-03-31,-0.030000,-0.130000,-207.692308,-272.059696,92.702394,59.470383,47.419072,35.367760,23.316449,11.265138,,,,,,,,,,24.780000,25.924167,25.499167,23.055208,24.780000,26.872694,22.687306,25.826347,23.733653
2026-06-25,25.950000,2026-05-15,2026-03-31,-0.030000,-0.130000,-199.615385,-271.139824,92.870267,59.394447,47.321312,35.248177,23.175042,11.101908,,,,,,,,,,24.807500,25.913333,25.534583,23.073958,24.807500,26.948399,22.666601,25.877949,23.737051
2026-06-26,25.400000,2026-05-15,2026-03-31,-0.030000,-0.130000,-195.384615,-270.172791,93.051217,59.315779,47.219121,35.122463,23.025805,10.929146,,,,,,,,,,24.827500,25.907500,25.564583,23.090208,24.827500,26.983392,22.671608,25.905446,23.749554
2026-06-29,25.500000,2026-05-15,2026-03-31,-0.030000,-0.130000,-196.153846,-269.200263,93.211078,59.230914,47.113474,34.996034,22.878594,10.761154,,,,,,,,,,24.847500,25.917500,25.594583,23.107083,24.847500,27.021382,22.673618,25.934441,23.760559
2026-06-30,25.500000,2026-05-15,2026-03-31,-0.030000,-0.130000,-196.153846,-268.227736,93.360450,59.143323,47.006464,34.869606,22.732747,10.595889,,,,,,,,,,24.840000,25.920833,25.624583,23.124167,24.840000,27.003233,22.676767,25.921617,23.758383
2026-07-01,25.050000,2026-05-15,2026-03-31,-0.030000,-0.130000,-192.692308,-267.232315,93.524940,59.056685,46.898443,34.740201,22.581959,10.423716,,,,,,,,,,24.840000,25.922500,25.651250,23.141875,24.840000,27.003233,22.676767,25.921617,23.758383
2026-07-02,25.300000,2026-05-15,2026-03-31,-0.030000,-0.130000,-194.615385,-265.996967,93.496676,58.888742,46.734174,34.579606,22.425038,10.270470,,,,,,,,,,24.807500,25.931667,25.662083,23.163125,24.807500,26.919440,22.695560,25.863470,23.751530
2026-07-03,25.750000,2026-05-15,2026-03-31,-0.030000,-0.130000,-198.076923,-264.849989,93.478463,58.734899,46.582699,34.430499,22.278298,10.126098,,,,,,,,,,24.822500,25.935000,25.680833,23.187292,24.822500,26.957786,22.687214,25.890143,23.754857
2026-07-06,25.500000,2026-05-15,2026-03-31,-0.030000,-0.130000,-196.153846,-263.448890,93.235253,58.489521,46.368939,34.248356,22.127773,10.007190,,,,,,,,,,24.862500,25.931667,25.680833,23.209792,24.862500,27.018001,22.706999,25.940250,23.784750
2026-07-07,25.250000,2026-05-15,2026-03-31,-0.030000,-0.130000,-194.230769,-262.055575,93.007764,58.249243,46.158234,34.067225,21.976215,9.885206,,,,,,,,,,24.935000,25.925833,25.680417,23.231458,24.935000,27.036904,22.833096,25.985952,23.884048
2026-07-08,24.200000,2026-05-15,2026-03-31,-0.030000,-0.130000,-186.153846,-260.696142,92.914213,58.048194,45.969346,33.890499,21.811651,9.732803,,,,,,,,,,24.927500,25.900833,25.678333,23.248333,24.927500,27.039240,22.815760,25.983370,23.871630
2026-07-09,24.700000,2026-05-15,2026-03-31,-0.030000,-0.130000,-190.000000,-259.464000,92.862734,57.874631,45.802475,33.730320,21.658164,9.586009,,,,,,,,,,24.992500,25.872500,25.687083,23.267917,24.992500,26.982812,23.002188,25.987656,23.997344
2026-07-13,24.550000,2026-05-15,2026-03-31,-0.030000,-0.130000,-188.846154,-258.204384,92.786257,57.690997,45.628783,33.566570,21.504357,9.442143,,,,,,,,,,25.065000,25.836667,25.693333,23.286250,25.065000,26.861224,23.268776,25.963112,24.166888
2026-07-14,23.500000,2026-05-15,2026-03-31,-0.030000,-0.130000,-180.769231,-256.996509,92.843456,57.548845,45.479195,33.409546,21.339897,9.270247,,,,,,,,,,25.065000,25.786667,25.699167,23.298958,25.065000,26.861224,23.268776,25.963112,24.166888
2026-07-15,24.550000,2026-05-15,2026-03-31,-0.030000,-0.130000,-188.846154,-255.844036,92.823749,57.393899,45.326812,33.259725,21.192637,9.125550,,,,,,,,,,25.092500,25.763333,25.712917,23.315208,25.092500,26.836143,23.348857,25.964321,24.220679
2026-07-16,24.350000,2026-05-15,2026-03-31,-0.030000,-0.130000,-187.307692,-254.571600,92.706924,57.198108,45.146208,33.094308,21.042408,8.990508,,,,,,,,,,25.140000,25.718333,25.717500,23.331667,25.140000,26.734926,23.545074,25.937463,24.342537
2026-07-17,22.950000,2026-05-15,2026-03-31,-0.030000,-0.130000,-176.538462,-253.245135,92.674916,57.017346,44.969607,32.921868,20.874128,8.826389,,,,,,,,,,25.080000,25.652500,25.712917,23.342292,25.080000,26.905377,23.254623,25.992688,24.167312
2026-07-20,21.900000,2026-05-15,2026-03-31,-0.030000,-0.130000,-168.461538,-251.768029,92.601253,56.806170,44.768007,32.729844,20.691681,8.653518,,,,,,,,,,24.922500,25.534167,25.693750,23.350000,24.922500,27.236866,22.608134,26.079683,23.765317
2026-07-21,22.350000,2026-05-15,2026-03-31,-0.030000,-0.130000,-171.923077,-250.349531,92.508923,56.597759,44.571599,32.545439,20.519279,8.493119,,,,,,,,,,24.735000,25.448333,25.680417,23.358333,24.735000,27.246888,22.223112,25.990944,23.479056
2026-07-22,22.550000,2026-05-15,2026-03-31,-0.030000,-0.130000,-173.461538,-248.949805,92.389906,56.384850,44.374162,32.363475,20.352787,8.342099,,,,,,,,,,24.590000,25.345000,25.669167,23.367708,24.590000,27.258057,21.921943,25.924028,23.255972
2026-07-23,22.450000,2026-05-15,2026-03-31,-0.030000,-0.130000,-172.692308,-247.454384,92.157589,56.130043,44.149556,32.169070,20.188583,8.208097,,,,,,,,,,24.362500,25.253333,25.650833,23.377083,24.362500,26.939703,21.785297,25.651101,23.073899
2026-07-24,22.100000,2026-05-15,2026-03-31,-0.030000,-0.130000,-170.000000,-245.954384,91.939106,55.878237,43.926154,31.974070,20.021986,8.069902,,,,,,,,,,24.170000,25.162500,25.630833,23.383958,24.170000,26.821990,21.518010,25.495995,22.844005
2026-07-27,21.650000,2026-05-15,2026-03-31,-0.030000,-0.130000,-166.538462,-244.455300,91.753472,55.635092,43.707140,31.779189,19.851238,7.923286,,,,,,,,,,23.982500,25.059167,25.609167,23.389167,23.982500,26.793807,21.171193,25.388154,22.576846
2026-07-28,20.250000,2026-05-15,2026-03-31,-0.030000,-0.130000,-155.769231,-242.753377,91.485973,55.344292,43.451115,31.557939,19.664762,7.771586,,,,,,,,,,23.720000,24.925833,25.567917,23.388958,23.720000,26.891983,20.548017,25.305991,22.134009
2026-07-29,19.050000,2026-05-15,2026-03-31,-0.030000,-0.130000,-146.538462,-240.998340,91.293002,55.065965,43.197874,31.329784,19.461694,7.593604,,,,,,,,,,23.397500,24.763333,25.518333,23.384583,23.397500,27.078243,19.716757,25.237871,21.557129
2026-07-30,18.700000,2026-05-15,2026-03-31,-0.030000,-0.130000,-143.846154,-239.191106,91.049426,54.767694,42.931269,31.094844,19.258418,7.421993,,,,,,,,,,23.080000,24.585833,25.463750,23.378542,23.080000,27.226578,18.933422,25.153289,21.006711
2026-07-31,19.850000,2026-05-15,2026-03-31,-0.030000,-0.130000,-152.692308,-237.475446,90.720131,54.459042,42.665425,30.871808,19.078191,7.284574,,,,,,,,,,22.807500,24.473333,25.420000,23.377500,22.807500,27.054886,18.560114,24.931193,20.683807
2026-08-03,20.300000,2026-05-15,2026-03-31,-0.030000,-0.130000,-156.153846,-235.782681,90.322416,54.135577,42.393663,30.651749,18.909834,7.167920,,,,,,,,,,22.535000,24.371667,25.379583,23.378333,22.535000,26.685726,18.384274,24.610363,20.459637
2026-08-04,20.550000,2026-05-15,2026-03-31,-0.030000,-0.130000,-158.076923,-234.213084,90.019538,53.852781,42.150241,30.447701,18.745161,7.042621,,,,,,,,,,22.287500,24.267500,25.348750,23.380417,22.287500,26.281163,18.293837,24.284331,20.290669
2026-08-05,20.800000,2026-05-15,2026-03-31,-0.030000,-0.130000,-160.000000,-232.724989,89.755492,53.590676,41.922462,30.254249,18.586035,6.917821,,,,,,,,,,22.065000,24.172500,25.324583,23.384792,22.065000,25.854334,18.275666,23.959667,20.170333
2026-08-06,20.550000,2026-05-15,2026-03-31,-0.030000,-0.130000,-158.076923,-231.268487,89.534795,53.343950,41.704427,30.064903,18.425380,6.785857,,,,,,,,,,21.882500,24.073333,25.301667,23.388125,21.882500,25.589574,18.175426,23.736037,20.028963
2026-08-07,20.750000,2026-05-15,2026-03-31,-0.030000,-0.130000,-159.615385,-229.789091,89.236877,53.074170,41.473376,29.872582,18.271788,6.670994,,,,,,,,,,21.685000,23.997500,25.277917,23.393542,21.685000,25.174548,18.195452,23.429774,19.940226
2026-08-10,21.750000,2026-05-15,2026-03-31,-0.030000,-0.130000,-167.307692,-228.099989,88.475685,52.656677,41.154838,29.652999,18.151159,6.649320,,,,,,,,,,21.545000,23.929167,25.243333,23.401250,21.545000,24.764823,18.325177,23.154912,19.935088
2026-08-11,22.450000,2026-05-15,2026-03-31,-0.030000,-0.130000,-172.692308,-226.592663,87.858746,52.300320,40.878683,29.457046,18.035409,6.613772,,,,,,,,,,21.492500,23.881667,25.224167,23.411667,21.492500,24.610744,18.374256,23.051622,19.933378
2026-08-12,22.250000,2026-05-15,2026-03-31,-0.030000,-0.130000,-171.153846,-225.149897,87.329761,51.975225,40.622356,29.269487,17.916618,6.563749,,,,,,,,,,21.377500,23.821667,25.208750,23.418958,21.377500,24.174016,18.580984,22.775758,19.979242
2026-08-13,22.000000,2026-05-15,2026-03-31,-0.030000,-0.130000,-169.230769,-223.845868,86.983127,51.715576,40.407769,29.099963,17.792156,6.484350,,,,,,,,,,21.260000,23.773333,25.202083,23.425000,21.260000,23.706179,18.813821,22.483089,20.036911
2026-08-14,21.500000,2026-08-14,2026-06-30,0.260000,0.220000,97.727273,-220.198140,91.149635,-88.549430,-68.496511,-48.443591,-28.390671,-8.337751,,,,,,,,,,21.187500,23.710833,25.182917,23.428333,21.187500,23.505365,18.869635,22.346433,20.028567
2026-08-17,21.250000,2026-08-14,2026-06-30,0.260000,0.220000,96.590909,-216.571788,94.976666,-89.435526,-68.540660,-47.645793,-26.750927,-5.856060,,,,,,,,,,21.155000,23.630833,25.162500,23.431250,21.155000,23.448905,18.861095,22.301952,20.008048
2026-08-18,21.200000,2026-08-14,2026-06-30,0.260000,0.220000,96.363636,-212.798519,98.309562,-90.071882,-68.443778,-46.815674,-25.187571,-3.559467,,,,,,,,,,21.097500,23.541667,25.131250,23.435417,21.097500,23.321880,18.873120,22.209690,19.985310
2026-08-19,21.200000,2026-08-14,2026-06-30,0.260000,0.220000,96.363636,-209.049060,101.426168,-90.618307,-68.304550,-45.990793,-23.677036,-1.363279,,,,,,,,,,21.030000,23.451667,25.101667,23.438125,21.030000,23.148192,18.911808,22.089096,19.970904
2026-08-20,21.250000,2026-08-14,2026-06-30,0.260000,0.220000,96.590909,-205.006041,103.850686,-90.795631,-67.948480,-45.101329,-22.254178,0.592973,,,,,,,,,,20.970000,23.370833,25.052083,23.441250,20.970000,22.984265,18.955735,21.977132,19.962868
2026-08-21,20.900000,2026-08-14,2026-06-30,0.260000,0.220000,95.000000,-200.970327,106.016529,-90.860745,-67.537108,-44.213472,-20.889836,2.433801,,,,,,,,,,20.910000,23.295833,24.999167,23.442500,20.910000,22.852760,18.967240,21.881380,19.938620
2026-08-24,21.250000,2026-08-14,2026-06-30,0.260000,0.220000,96.590909,-196.968974,108.107449,-90.900452,-67.116813,-43.333174,-19.549535,4.234103,,,,,,,,,,20.890000,23.233333,24.952500,23.445417,20.890000,22.808772,18.971228,21.849386,19.930614
2026-08-25,21.350000,2026-08-14,2026-06-30,0.260000,0.220000,97.045455,-192.969785,110.032467,-90.867638,-66.660495,-42.453353,-18.246210,5.960933,,,,,,,,,,20.945000,23.170833,24.907083,23.448125,20.945000,22.849538,19.040462,21.897269,19.992731
2026-08-26,21.700000,2026-08-14,2026-06-30,0.260000,0.220000,98.636364,-189.118054,112.081117,-90.921663,-66.263817,-41.605972,-16.948126,7.709719,,,,,,,,,,21.077500,23.105000,24.875833,23.443750,21.077500,22.785523,19.369477,21.931511,20.223489
2026-08-27,21.800000,2026-08-14,2026-06-30,0.260000,0.220000,99.090909,-185.191106,113.855830,-90.838608,-65.790326,-40.742043,-15.693761,9.354522,,,,,,,,,,21.232500,23.050833,24.840417,23.440000,21.232500,22.550103,19.914897,21.891302,20.573698
2026-08-28,21.800000,2026-08-14,2026-06-30,0.260000,0.220000,99.090909,-181.174872,115.315556,-90.597317,-65.227894,-39.858472,-14.489049,10.880373,,,,,,,,,,21.330000,22.981667,24.798750,23.440417,21.330000,22.496822,20.163178,21.913411,20.746589
2026-08-31,21.450000,2026-08-14,2026-06-30,0.260000,0.220000,97.500000,-177.362372,116.905502,-90.458143,-64.738932,-39.019722,-13.300511,12.418699,,,,,,,,,,21.387500,22.915000,24.767500,23.440208,21.387500,22.449214,20.325786,21.918357,20.856643
2026-09-01,21.300000,2026-08-14,2026-06-30,0.260000,0.220000,96.818182,-173.507935,118.260374,-90.206310,-64.189028,-38.171746,-12.154463,13.862819,,,,,,,,,,21.425000,22.858333,24.731667,23.437083,21.425000,22.412554,20.437446,21.918777,20.931223
2026-09-02,21.200000,2026-08-14,2026-06-30,0.260000,0.220000,96.363636,-169.562047,119.303704,-89.797280,-63.550465,-37.303650,-11.056836,15.189979,,,,,,,,,,21.445000,22.815000,24.688333,23.435625,21.445000,22.394737,20.495263,21.919868,20.970132
2026-09-03,20.950000,2026-08-14,2026-06-30,0.260000,0.220000,95.227273,-165.411344,119.782396,-89.094750,-62.742623,-36.390496,-10.038369,16.313759,,,,,,,,,,21.465000,22.758333,24.627917,23.432292,21.465000,22.350022,20.579978,21.907511,21.022489
2026-09-04,20.850000,2026-08-14,2026-06-30,0.260000,0.220000,94.772727,-161.383476,120.340530,-88.454198,-61.979281,-35.504365,-9.029448,17.445469,,,,,,,,,,21.470000,22.715833,24.575000,23.425833,21.470000,22.338998,20.601002,21.904499,21.035501
2026-09-07,21.000000,2026-08-14,2026-06-30,0.260000,0.220000,95.454545,-157.213021,120.498578,-87.606239,-61.096552,-34.586865,-8.077177,18.432510,,,,,,,,,,21.432500,22.680833,24.513750,23.422500,21.432500,22.315244,20.549756,21.873872,20.991128
2026-09-08,20.300000,2026-08-14,2026-06-30,0.260000,0.220000,92.272727,-153.146463,120.616234,-86.763365,-60.227793,-33.692222,-7.156650,19.378921,,,,,,,,,,21.325000,22.627500,24.452083,23.418750,21.325000,22.209665,20.440335,21.767332,20.882668
2026-09-09,20.350000,2026-08-14,2026-06-30,0.260000,0.220000,92.500000,-148.750630,119.867812,-85.466976,-59.096057,-32.725139,-6.354220,20.016699,,,,,,,,,,21.230000,22.566667,24.367917,23.418333,21.230000,22.104432,20.355568,21.667216,20.792784
2026-09-10,20.000000,2026-08-14,2026-06-30,0.260000,0.220000,90.909091,-144.534720,119.320273,-84.298559,-58.048099,-31.797639,-5.547178,20.703282,,,,,,,,,,21.130000,22.510000,24.292500,23.415208,21.130000,22.087189,20.172811,21.608594,20.651406
2026-09-11,20.050000,2026-08-14,2026-06-30,0.260000,0.220000,91.136364,-140.435965,118.893318,-83.208972,-57.052442,-30.895912,-4.739382,21.417148,,,,,,,,,,21.057500,22.441667,24.225833,23.411042,21.057500,22.111452,20.003548,21.584476,20.530524
2026-09-14,20.300000,2026-08-14,2026-06-30,0.260000,0.220000,92.272727,-136.369407,118.433075,-82.111822,-56.056546,-30.001269,-3.945993,22.109283,,,,,,,,,,21.010000,22.362500,24.164167,23.407500,21.010000,22.111960,19.908040,21.560980,20.459020
2026-09-15,20.050000,2026-08-14,2026-06-30,0.260000,0.220000,91.136364,-132.407556,118.021278,-81.059025,-55.094343,-29.129662,-3.164981,22.799700,,,,,,,,,,20.952500,22.261667,24.107083,23.401458,20.952500,22.130131,19.774869,21.541316,20.363684
2026-09-16,20.300000,2026-08-14,2026-06-30,0.260000,0.220000,92.272727,-128.382664,117.372083,-79.887903,-54.066044,-28.244186,-2.422328,23.399531,,,,,,,,,,20.907500,22.175833,24.048333,23.393542,20.907500,22.113745,19.701255,21.510622,20.304378
2026-09-17,20.400000,2026-08-14,2026-06-30,0.260000,0.220000,92.727273,-124.419461,116.734851,-78.735616,-53.053949,-27.372281,-1.690614,23.991053,,,,,,,,,,20.865000,22.065833,23.995000,23.386875,20.865000,22.080297,19.649703,21.472649,20.257351
2026-09-18,20.700000,2026-08-14,2026-06-30,0.260000,0.220000,94.090909,-120.468703,116.032753,-77.557526,-52.030320,-26.503115,-0.975909,24.551297,,,,,,,,,,20.855000,21.978333,23.945833,23.382292,20.855000,22.072374,19.637626,21.463687,20.246313
2026-09-21,21.300000,2026-08-14,2026-06-30,0.260000,0.220000,96.818182,-116.596409,115.459679,-76.453469,-51.052339,-25.651210,-0.250081,25.151049,,,,,,,,,,20.857500,21.910000,23.908750,23.381875,20.857500,22.078490,19.636510,21.467995,20.247005
2026-09-22,21.150000,2026-08-14,2026-06-30,0.260000,0.220000,96.136364,-114.498397,117.021343,-76.679038,-50.934343,-25.189647,0.555048,26.299743,,,,,,,,,,20.847500,21.837500,23.877500,23.381458,20.847500,22.054704,19.640296,21.451102,20.243898
2026-09-23,21.400000,2026-08-14,2026-06-30,0.260000,0.220000,97.272727,-112.370083,118.533955,-76.876359,-50.798888,-24.721418,1.356052,27.433522,,,,,,,,,,20.832500,21.769167,23.845000,23.382917,20.832500,22.001969,19.663031,21.417235,20.247765
2026-09-24,21.350000,2026-08-14,2026-06-30,0.260000,0.220000,97.045455,-110.261892,119.993310,-77.054673,-50.656144,-24.257616,2.140912,28.539440,,,,,,,,,,20.810000,21.707500,23.815000,23.386250,20.810000,21.916726,19.703274,21.363363,20.256637
2026-09-29,21.800000,2026-08-14,2026-06-30,0.260000,0.220000,99.090909,-108.147072,121.431490,-77.222211,-50.507284,-23.792356,2.922572,29.637500,,,,,,,,,,20.810000,21.649167,23.790417,23.390000,20.810000,21.916726,19.703274,21.363363,20.256637
2026-09-30,22.800000,2026-08-14,2026-06-30,0.260000,0.220000,103.636364,-105.952706,122.863085,-77.369353,-50.339474,-23.309595,3.720283,30.750162,,,,,,,,,,20.877500,21.600000,23.767500,23.398333,20.877500,22.275045,19.479955,21.576272,20.178728
2026-10-01,23.550000,2026-08-14,2026-06-30,0.260000,0.220000,107.045455,-103.722119,124.283739,-77.503711,-50.161289,-22.818866,4.523556,31.865979,,,,,,,,,,20.990000,21.567500,23.749583,23.410208,20.990000,22.824637,19.155363,21.907319,20.072681
2026-10-02,23.550000,2026-08-14,2026-06-30,0.260000,0.220000,107.045455,-101.496740,125.650869,-77.615665,-49.972474,-22.329283,5.313908,32.957100,,,,,,,,,,21.107500,21.539167,23.732500,23.424375,21.107500,23.270411,18.944589,22.188956,20.026044
2026-10-05,23.600000,2026-08-14,2026-06-30,0.260000,0.220000,107.272727,-99.264259,126.964537,-77.702533,-49.770335,-21.838137,6.094061,34.026259,,,,,,,,,,21.240000,21.529167,23.715000,23.432500,21.240000,23.670421,18.809579,22.455211,20.024789
2026-10-06,24.400000,2026-08-14,2026-06-30,0.260000,0.220000,110.909091,-96.965017,128.255801,-77.764856,-49.548580,-21.332304,6.883972,35.100249,,,,,,,,,,21.417500,21.524167,23.698333,23.442917,21.417500,24.218303,18.616697,22.817902,20.017098
2026-10-07,24.950000,2026-08-14,2026-06-30,0.260000,0.220000,113.409091,-94.629316,129.517907,-77.806329,-49.312389,-20.818450,7.675490,36.169430,,,,,,,,,,21.615000,21.530833,23.683750,23.457500,21.615000,24.819783,18.410217,23.217391,20.012609
