# chart-version: skill-stock-dynamic-valuation-box@1.21.0; font: noto-sans-cjk-tc-v1; Updated: 2026-10-08 08:11 CST (1.21.0)
date,close,available_date,period_end,eps,ttm_eps,pe,pe_mean,pe_std,price_m2,price_m1,price_mean,price_p1,price_p2,forward_eps,forward_pe,forward_pe_mean,forward_pe_std,forward_price_m2,forward_price_m1,forward_price_mean,forward_price_p1,forward_price_p2,sma20,sma60,sma120,sma240,bband_mid,bband_upper2,bband_lower2,bband_upper1,bband_lower1
2023-10-11,71.500000,2023-08-14,2023-06-30,-1.060000,-0.970000,-73.711340,17.369541,66.024681,111.239426,47.195486,-16.848455,-80.892396,-144.936336,,,,,,,,,,73.310000,69.218333,65.486667,64.618333,73.310000,78.602656,68.017344,75.956328,70.663672
2023-10-12,72.400000,2023-08-14,2023-06-30,-1.060000,-0.970000,-74.639175,16.508278,66.547493,113.089107,48.538039,-16.013029,-80.564098,-145.115166,,,,,,,,,,73.300000,69.316667,65.532500,64.642917,73.300000,78.599057,68.000943,75.949528,70.650472
2023-10-13,72.700000,2023-08-14,2023-06-30,-1.060000,-0.970000,-74.948454,15.649444,67.059542,114.915551,49.867795,-15.179961,-80.227716,-145.275472,,,,,,,,,,73.385000,69.416667,65.592500,64.687917,73.385000,78.582277,68.187723,75.983638,70.786362
2023-10-16,73.500000,2023-08-14,2023-06-30,-1.060000,-0.970000,-75.773196,14.788745,67.566922,116.734747,51.194832,-14.345082,-79.884997,-145.424912,,,,,,,,,,73.410000,69.550000,65.670833,64.730000,73.410000,78.604288,68.215712,76.007144,70.812856
2023-10-17,74.300000,2023-08-14,2023-06-30,-1.060000,-0.970000,-76.597938,13.926537,68.069775,118.546623,52.518941,-13.508741,-79.536423,-145.564105,,,,,,,,,,73.110000,69.708333,65.768333,64.775833,73.110000,77.205646,69.014354,75.157823,71.062177
2023-10-18,73.300000,2023-08-14,2023-06-30,-1.060000,-0.970000,-75.567010,13.073636,68.546886,120.299531,53.809052,-12.681427,-79.171906,-145.662385,,,,,,,,,,72.900000,69.815000,65.859167,64.818333,72.900000,76.441038,69.358962,74.670519,71.129481
2023-10-19,75.500000,2023-08-14,2023-06-30,-1.060000,-0.970000,-77.835052,12.208988,69.036098,122.087313,55.122297,-11.842718,-78.807734,-145.772749,,,,,,,,,,72.870000,69.973333,65.985000,64.871250,72.870000,76.305481,69.434519,74.587740,71.152260
2023-10-20,75.600000,2023-08-14,2023-06-30,-1.060000,-0.970000,-77.938144,11.342765,69.511984,123.850767,56.424142,-11.002482,-78.429107,-145.855732,,,,,,,,,,72.890000,70.185000,66.110000,64.935833,72.890000,76.386705,69.393295,74.638353,71.141647
2023-10-23,73.200000,2023-08-14,2023-06-30,-1.060000,-0.970000,-75.463918,10.497876,69.948070,125.516315,57.666688,-10.182940,-78.032568,-145.882195,,,,,,,,,,72.840000,70.325000,66.216667,65.003333,72.840000,76.286066,69.393934,74.563033,71.116967
2023-10-24,75.800000,2023-08-14,2023-06-30,-1.060000,-0.970000,-78.144330,9.629578,70.398638,127.232667,58.945988,-9.340690,-77.627369,-145.914047,,,,,,,,,,72.905000,70.448333,66.342500,65.073333,72.905000,76.527430,69.282570,74.716215,71.093785
2023-10-25,75.700000,2023-08-14,2023-06-30,-1.060000,-0.970000,-78.041237,8.759992,70.834014,128.920794,60.211801,-8.497192,-77.206186,-145.915179,,,,,,,,,,72.985000,70.540000,66.462500,65.154167,72.985000,76.784875,69.185125,74.884938,71.085062
2023-10-26,73.400000,2023-08-14,2023-06-30,-1.060000,-0.970000,-75.670103,7.912312,71.232880,130.516844,61.420951,-7.674943,-76.770836,-145.866730,,,,,,,,,,72.930000,70.538333,66.568333,65.225417,72.930000,76.668899,69.191101,74.799450,71.060550
2023-10-27,72.300000,2023-08-14,2023-06-30,-1.060000,-0.970000,-74.536082,7.074082,71.608474,132.058579,62.598360,-6.861860,-76.322080,-145.782299,,,,,,,,,,72.940000,70.588333,66.665000,65.288333,72.940000,76.670613,69.209387,74.805307,71.074693
2023-10-30,71.300000,2023-08-14,2023-06-30,-1.060000,-0.970000,-73.505155,6.242655,71.962104,133.551105,63.747865,-6.055376,-75.858616,-145.661857,,,,,,,,,,72.985000,70.618333,66.749167,65.356250,72.985000,76.606733,69.363267,74.795866,71.174134
2023-10-31,70.200000,2023-08-14,2023-06-30,-1.060000,-0.970000,-72.371134,5.422109,72.294450,134.991788,64.866171,-5.259446,-75.385062,-145.510679,,,,,,,,,,72.965000,70.671667,66.827500,65.415000,72.965000,76.646118,69.283882,74.805559,71.124441
2023-11-01,71.000000,2023-08-14,2023-06-30,-1.060000,-0.970000,-73.195876,4.595405,72.623525,136.432095,65.987276,-4.457543,-74.902362,-145.347181,,,,,,,,,,72.925000,70.753333,66.914167,65.468333,72.925000,76.676140,69.173860,74.800570,71.049430
2023-11-02,72.300000,2023-08-14,2023-06-30,-1.060000,-0.970000,-74.536082,3.759679,72.954309,137.884470,67.118791,-3.646888,-74.412568,-145.178247,,,,,,,,,,72.970000,70.843333,67.016667,65.522083,72.970000,76.665289,69.274711,74.817644,71.122356
2023-11-03,73.000000,2023-08-14,2023-06-30,-1.060000,-0.970000,-75.257732,2.921158,73.281431,139.332453,68.249465,-2.833523,-73.916511,-144.999499,,,,,,,,,,73.105000,70.968333,67.132500,65.581250,73.105000,76.580311,69.629689,74.842656,71.367344
2023-11-06,75.000000,2023-08-14,2023-06-30,-1.060000,-0.970000,-77.319588,2.064739,73.615683,140.811628,69.404416,-2.002797,-73.410010,-144.817222,,,,,,,,,,73.330000,71.138333,67.263333,65.641667,73.330000,76.675445,69.984555,75.002722,71.657278
2023-11-07,77.000000,2023-08-14,2023-06-30,-1.060000,-0.970000,-79.381443,0.846714,73.744971,142.243931,70.711309,-0.821312,-72.353934,-143.886555,,,,,,,,,,73.450000,71.383333,67.420833,65.715000,73.450000,77.141527,69.758473,75.295763,71.604237
2023-11-08,80.400000,2023-08-14,2023-06-30,-1.060000,-0.970000,-82.886598,-0.415847,73.871728,143.714524,72.058948,0.403372,-71.252205,-142.907781,,,,,,,,,,73.895000,71.648333,67.593333,65.797917,73.895000,78.602653,69.187347,76.248827,71.541173
2023-11-09,80.000000,2023-08-14,2023-06-30,-1.060000,-0.970000,-82.474227,-1.680718,73.967213,145.126690,73.378493,1.630297,-70.117900,-141.866096,,,,,,,,,,74.275000,71.896667,67.757500,65.871667,74.275000,79.653662,68.896338,76.964331,71.585669
2023-11-10,79.000000,2023-08-14,2023-06-30,-1.060000,-0.970000,-81.443299,-2.930294,74.038103,146.476304,74.659345,2.842385,-68.974575,-140.791534,,,,,,,,,,74.590000,72.080000,67.919167,65.946667,74.590000,80.307526,68.872474,77.448763,71.731237
2023-11-13,77.300000,2023-08-14,2023-06-30,-1.060000,-0.970000,-79.690722,-4.166222,74.071539,147.740021,75.890629,4.041236,-67.808157,-139.657550,,,,,,,,,,74.780000,72.230000,68.065833,66.012500,74.780000,80.596709,68.963291,77.688355,71.871645
2023-11-14,76.600000,2023-11-14,2023-09-30,-0.180000,-2.060000,-37.184466,-5.048890,73.826198,314.564647,162.482680,10.400713,-141.681254,-293.763221,,,,,,,,,,74.895000,72.376667,68.205833,66.067917,74.895000,80.762475,69.027525,77.828738,71.961262
2023-11-15,78.600000,2023-11-14,2023-09-30,-0.180000,-2.060000,-38.155340,-5.942521,73.569931,315.349710,163.795652,12.241594,-139.312464,-290.866521,,,,,,,,,,75.160000,72.578333,68.360000,66.134583,75.160000,81.200356,69.119644,78.180178,72.139822
2023-11-16,78.700000,2023-11-14,2023-09-30,-0.180000,-2.060000,-38.203883,-6.832726,73.305947,316.095918,165.085667,14.075416,-136.934835,-287.945085,,,,,,,,,,75.320000,72.765000,68.518333,66.204583,75.320000,81.564357,69.075643,78.442179,72.197821
2023-11-17,79.000000,2023-11-14,2023-09-30,-0.180000,-2.060000,-38.349515,-7.725102,73.029569,316.795534,166.354623,15.913711,-134.527201,-284.968112,,,,,,,,,,75.490000,72.965000,68.678333,66.270833,75.490000,81.947929,69.032071,78.718964,72.261036
2023-11-20,77.400000,2023-11-14,2023-09-30,-0.180000,-2.060000,-37.572816,-8.613880,72.735380,317.414360,167.579476,17.744592,-132.090291,-281.925175,,,,,,,,,,75.700000,73.090000,68.822500,66.335000,75.700000,82.117411,69.282589,78.908705,72.491295
2023-11-21,77.900000,2023-11-14,2023-09-30,-0.180000,-2.060000,-37.815534,-9.518090,72.414969,317.956939,168.782102,19.607265,-129.567572,-278.742409,,,,,,,,,,75.805000,73.228333,68.959167,66.403750,75.805000,82.297579,69.312421,79.051289,72.558711
2023-11-22,78.900000,2023-11-14,2023-09-30,-0.180000,-2.060000,-38.300971,-10.435923,72.072313,318.435933,169.966968,21.498002,-126.970963,-275.439928,,,,,,,,,,75.965000,73.376667,69.095833,66.480417,75.965000,82.602779,69.327221,79.283889,72.646111
2023-11-23,78.000000,2023-11-14,2023-09-30,-0.180000,-2.060000,-37.864078,-11.335749,71.731437,318.885161,171.118402,23.351642,-124.415117,-272.181877,,,,,,,,,,76.195000,73.573333,69.237500,66.552917,76.195000,82.777105,69.612895,79.486052,72.903948
2023-11-24,78.500000,2023-11-14,2023-09-30,-0.180000,-2.060000,-38.106796,-12.242386,71.372638,319.274584,172.246949,25.219314,-121.808320,-268.835955,,,,,,,,,,76.505000,73.770000,69.379167,66.623333,76.505000,82.895939,70.114061,79.700470,73.309530
2023-11-27,77.500000,2023-11-14,2023-09-30,-0.180000,-2.060000,-37.621359,-13.144977,70.998933,319.594258,173.336456,27.078654,-119.179149,-265.436951,,,,,,,,,,76.815000,73.940000,69.512500,66.693750,76.815000,82.726372,70.903628,79.770686,73.859314
2023-11-28,78.900000,2023-11-14,2023-09-30,-0.180000,-2.060000,-38.300971,-14.056106,70.610066,319.869053,174.412316,28.955579,-116.501158,-261.957895,,,,,,,,,,77.250000,74.145000,69.655000,66.745000,77.250000,82.334341,72.165659,79.792171,74.707829
2023-11-29,81.400000,2023-11-14,2023-09-30,-0.180000,-2.060000,-39.514563,-14.964896,70.225847,320.158174,175.492930,30.827686,-113.837558,-258.502802,,,,,,,,,,77.770000,74.383333,69.829167,66.792500,77.770000,82.254875,73.285125,80.012438,75.527562
2023-11-30,82.200000,2023-11-14,2023-09-30,-0.180000,-2.060000,-39.902913,-15.876922,69.828701,320.400708,176.553584,32.706460,-111.140664,-254.987787,,,,,,,,,,78.265000,74.648333,70.010000,66.836250,78.265000,82.377766,74.152234,80.321383,76.208617
2023-12-01,90.400000,2023-11-14,2023-09-30,-0.180000,-2.060000,-43.883495,-16.818289,69.434082,320.714093,177.679884,34.645675,-108.388534,-251.422744,,,,,,,,,,79.135000,75.046667,70.262500,66.904583,79.135000,85.371489,72.898511,82.253244,76.016756
2023-12-04,90.100000,2023-11-14,2023-09-30,-0.180000,-2.060000,-43.737864,-17.757484,69.025015,320.963478,178.771947,36.580416,-105.611115,-247.802646,,,,,,,,,,79.890000,75.396667,70.513333,66.968750,79.890000,87.519279,72.260721,83.704639,76.075361
2023-12-05,84.400000,2023-11-14,2023-09-30,-0.180000,-2.060000,-40.970874,-18.679367,68.585086,321.050052,179.764774,38.479496,-102.805782,-244.091060,,,,,,,,,,80.260000,75.670000,70.711667,67.015417,80.260000,88.015853,72.504147,84.137927,76.382073
2023-12-06,82.700000,2023-11-14,2023-09-30,-0.180000,-2.060000,-40.145631,-19.590543,68.132654,321.063053,180.709785,40.356518,-99.996750,-240.350018,,,,,,,,,,80.375000,75.860000,70.899167,67.057917,80.375000,88.207422,72.542578,84.291211,76.458789
2023-12-07,81.500000,2023-11-14,2023-09-30,-0.180000,-2.060000,-39.563107,-20.495906,67.664705,321.000151,181.610858,42.221565,-97.167727,-236.557020,,,,,,,,,,80.450000,76.008333,71.077500,67.102083,80.450000,88.296018,72.603982,84.373009,76.526991
2023-12-08,81.000000,2023-11-14,2023-09-30,-0.180000,-2.060000,-39.320388,-21.399246,67.180647,320.866712,182.474579,44.082447,-94.309686,-232.701819,,,,,,,,,,80.550000,76.175000,71.251667,67.139167,80.550000,88.369140,72.730860,84.459570,76.640430
2023-12-11,79.400000,2023-11-14,2023-09-30,-0.180000,-2.060000,-38.543689,-22.295156,66.680431,320.651396,183.289709,45.928021,-91.433666,-228.795354,,,,,,,,,,80.655000,76.281667,71.413333,67.178333,80.655000,88.345726,72.964274,84.500363,76.809637
2023-12-12,77.500000,2023-11-14,2023-09-30,-0.180000,-2.060000,-37.621359,-23.183380,66.162457,320.347085,184.052424,47.757763,-88.536898,-224.831559,,,,,,,,,,80.700000,76.235000,71.559167,67.210417,80.700000,88.300831,73.099169,84.500415,76.899585
2023-12-13,76.700000,2023-11-14,2023-09-30,-0.180000,-2.060000,-37.233010,-24.068368,65.627610,319.966591,184.773714,49.580837,-85.612039,-220.804916,,,,,,,,,,80.605000,76.221667,71.698333,67.245000,80.605000,88.362231,72.847769,84.483615,76.726385
2023-12-14,77.300000,2023-11-14,2023-09-30,-0.180000,-2.060000,-37.524272,-24.968235,65.058430,319.475296,185.454930,51.434564,-82.585803,-216.606169,,,,,,,,,,80.535000,76.241667,71.831667,67.272917,80.535000,88.389271,72.680729,84.462136,76.607864
2023-12-15,76.600000,2023-11-14,2023-09-30,-0.180000,-2.060000,-37.184466,-25.854734,64.486821,318.946454,186.103603,53.260751,-79.582100,-212.424952,,,,,,,,,,80.415000,76.265000,71.968333,67.305000,80.415000,88.439509,72.390491,84.427254,76.402746
2023-12-18,74.800000,2023-11-14,2023-09-30,-0.180000,-2.060000,-36.310680,-26.730120,63.902335,318.341665,186.702855,55.064046,-76.574763,-208.213572,,,,,,,,,,80.285000,76.275000,72.093333,67.344583,80.285000,88.594354,71.975646,84.439677,76.130323
2023-12-19,73.500000,2023-11-14,2023-09-30,-0.180000,-2.060000,-35.679612,-27.606952,63.289209,317.621860,187.246090,56.870320,-73.505450,-203.881219,,,,,,,,,,80.065000,76.258333,72.201667,67.382083,80.065000,88.859083,71.270917,84.462041,75.667959
2023-12-20,73.700000,2023-11-14,2023-09-30,-0.180000,-2.060000,-35.776699,-28.484593,62.657807,316.828424,187.753343,58.678261,-70.396821,-199.471903,,,,,,,,,,79.805000,76.251667,72.311667,67.432500,79.805000,89.040509,70.569491,84.422755,75.187245
2023-12-21,72.600000,2023-11-14,2023-09-30,-0.180000,-2.060000,-35.242718,-29.355868,62.010084,315.954636,188.213862,60.473088,-67.267685,-195.008459,,,,,,,,,,79.535000,76.220000,72.414167,67.479583,79.535000,89.293618,69.776382,84.414309,74.655691
2023-12-22,72.600000,2023-11-14,2023-09-30,-0.180000,-2.060000,-35.242718,-30.230017,61.338336,314.987781,188.630808,62.273836,-64.083137,-190.440110,,,,,,,,,,79.240000,76.228333,72.514167,67.526667,79.240000,89.475418,69.004582,84.357709,74.122291
2023-12-25,71.800000,2023-11-14,2023-09-30,-0.180000,-2.060000,-34.854369,-31.130624,60.595578,313.782867,188.955976,64.129085,-60.697807,-185.524698,,,,,,,,,,78.955000,76.251667,72.581667,67.570417,78.955000,89.699198,68.210802,84.327099,73.582901
2023-12-26,72.800000,2023-11-14,2023-09-30,-0.180000,-2.060000,-35.339806,-32.041022,59.819912,312.462544,189.233525,66.004506,-57.224513,-180.453532,,,,,,,,,,78.650000,76.288333,72.652500,67.618750,78.650000,89.741486,67.558514,84.195743,73.104257
2023-12-27,78.400000,2023-11-14,2023-09-30,-0.180000,-2.060000,-38.058252,-32.970243,59.028323,311.115392,189.517047,67.918701,-53.679644,-175.277989,,,,,,,,,,78.500000,76.398333,72.773333,67.688750,78.500000,89.515778,67.484222,84.007889,72.992111
2023-12-28,74.300000,2023-11-14,2023-09-30,-0.180000,-2.060000,-36.067961,-33.943224,58.093971,309.270201,189.596621,69.923041,-49.750540,-169.424120,,,,,,,,,,78.105000,76.446667,72.807500,67.747500,78.105000,89.128702,67.081298,83.616851,72.593149
2023-12-29,74.200000,2023-11-14,2023-09-30,-0.180000,-2.060000,-36.019417,-34.963692,57.027358,306.977920,189.501563,72.025205,-45.451152,-162.927510,,,,,,,,,,77.295000,76.511667,72.799167,67.807917,77.295000,86.789480,67.800520,82.042240,72.547760
2024-01-02,73.200000,2023-11-14,2023-09-30,-0.180000,-2.060000,-35.533981,-35.925517,56.038800,304.886421,189.446493,74.006565,-41.433362,-156.873290,,,,,,,,,,76.450000,76.556667,72.830000,67.864583,76.450000,83.943295,68.956705,80.196648,72.703352
2024-01-03,72.200000,2023-11-14,2023-09-30,-0.180000,-2.060000,-35.048544,-36.898623,54.982579,302.539390,189.275277,76.011163,-37.252950,-150.517064,,,,,,,,,,75.840000,76.516667,72.839167,67.912500,75.840000,82.554133,69.125867,79.197066,72.482934
2024-01-04,71.000000,2023-11-14,2023-09-30,-0.180000,-2.060000,-34.466019,-37.838139,53.951568,300.227026,189.086796,77.946565,-33.193665,-144.333895,,,,,,,,,,75.255000,76.508333,72.863333,67.954167,75.255000,81.472962,69.037038,78.363981,72.146019
2024-01-05,72.000000,2023-11-14,2023-09-30,-0.180000,-2.060000,-34.951456,-38.766374,52.917251,297.877803,188.868266,79.858730,-29.150806,-138.160342,,,,,,,,,,74.780000,76.501667,72.909167,68.003750,74.780000,80.413210,69.146790,77.596605,71.963395
2024-01-08,72.800000,2023-11-14,2023-09-30,-0.180000,-2.060000,-35.339806,-39.699761,51.840935,295.366160,188.573834,81.781508,-25.010818,-131.803145,,,,,,,,,,74.370000,76.503333,72.960000,68.055417,74.370000,79.238848,69.501152,76.804424,71.935576
2024-01-09,70.300000,2023-11-14,2023-09-30,-0.180000,-2.060000,-34.126214,-40.611541,50.752298,292.759240,188.209507,83.659774,-20.889959,-125.439692,,,,,,,,,,73.915000,76.450000,73.000000,68.093333,73.915000,78.497013,69.332987,76.206006,71.623994
2024-01-10,69.400000,2023-11-14,2023-09-30,-0.180000,-2.060000,-33.689320,-41.512975,49.639321,290.030730,187.773729,85.516728,-16.740273,-118.997274,,,,,,,,,,73.510000,76.368333,73.038333,68.111250,73.510000,78.188686,68.831314,75.849343,71.170657
2024-01-11,69.800000,2023-11-14,2023-09-30,-0.180000,-2.060000,-33.883495,-42.436142,48.434182,286.967280,187.192866,87.418452,-12.355962,-112.130376,,,,,,,,,,73.165000,76.310000,73.062500,68.143333,73.165000,77.870775,68.459225,75.517887,70.812113
2024-01-12,70.000000,2023-11-14,2023-09-30,-0.180000,-2.060000,-33.980583,-43.351497,47.201963,283.776171,186.540128,89.304085,-7.931958,-105.168002,,,,,,,,,,72.800000,76.218333,73.095833,68.180833,72.800000,77.282481,68.317519,75.041240,70.558760
2024-01-15,71.500000,2023-11-14,2023-09-30,-0.180000,-2.060000,-34.708738,-44.243227,45.994088,280.636691,185.888870,91.141048,-3.606773,-98.354595,,,,,,,,,,72.545000,76.150000,73.167500,68.223333,72.545000,76.684400,68.405600,74.614700,70.475300
2024-01-16,70.200000,2023-11-14,2023-09-30,-0.180000,-2.060000,-34.077670,-45.147898,44.688328,277.120579,185.062624,93.004669,0.946714,-91.111241,,,,,,,,,,72.315000,76.100000,73.212500,68.259583,72.315000,76.437991,68.192009,74.376495,70.253505
2024-01-17,67.700000,2023-11-14,2023-09-30,-0.180000,-2.060000,-32.864078,-46.076937,43.228648,273.020520,183.969505,94.918491,5.867476,-83.183538,,,,,,,,,,72.025000,75.965000,73.206667,68.285833,72.025000,76.589335,67.460665,74.307168,69.742832
2024-01-18,67.100000,2023-11-14,2023-09-30,-0.180000,-2.060000,-32.572816,-47.020791,41.645048,268.440427,182.651629,96.862830,11.074031,-74.714768,,,,,,,,,,71.695000,75.821667,73.180833,68.304583,71.695000,76.684030,66.705970,74.189515,69.200485
2024-01-19,67.300000,2023-11-14,2023-09-30,-0.180000,-2.060000,-32.669903,-47.997063,39.871778,263.145676,181.009813,98.873951,16.738088,-65.397775,,,,,,,,,,71.430000,75.720000,73.129167,68.315000,71.430000,76.767494,66.092506,74.098747,68.761253
2024-01-22,68.200000,2023-11-14,2023-09-30,-0.180000,-2.060000,-33.106796,-48.936746,38.128702,257.899949,179.354823,100.809698,22.264572,-56.280554,,,,,,,,,,71.210000,75.651667,73.120000,68.330417,71.210000,76.704840,65.715160,73.957420,68.462580
2024-01-23,68.200000,2023-11-14,2023-09-30,-0.180000,-2.060000,-33.106796,-49.878345,36.270585,252.184202,177.466797,102.749391,28.031985,-46.685420,,,,,,,,,,71.030000,75.600000,73.109167,68.342083,71.030000,76.677207,65.382793,73.853604,68.206396
2024-01-24,68.300000,2023-11-14,2023-09-30,-0.180000,-2.060000,-33.155340,-50.796402,34.376631,246.272307,175.456448,104.640588,33.824729,-36.991130,,,,,,,,,,70.805000,75.568333,73.120000,68.359583,70.805000,76.513525,65.096475,73.659263,67.950737
2024-01-25,68.600000,2023-11-14,2023-09-30,-0.180000,-2.060000,-33.300971,-51.707052,32.379532,239.920197,173.218362,106.516527,39.814692,-26.887143,,,,,,,,,,70.315000,75.528333,73.140833,68.376250,70.315000,74.837819,65.792181,72.576410,68.053590
2024-01-26,68.000000,2023-11-14,2023-09-30,-0.180000,-2.060000,-33.009709,-52.622938,30.191781,232.793390,170.598321,108.403251,46.208182,-15.986888,,,,,,,,,,70.000000,75.456667,73.150000,68.387500,70.000000,74.221748,65.778252,72.110874,67.889126
2024-01-29,69.500000,2023-11-14,2023-09-30,-0.180000,-2.060000,-33.737864,-53.531481,27.860735,225.061078,167.667964,110.274851,52.881737,-4.511376,,,,,,,,,,69.765000,75.398333,73.183333,68.406250,69.765000,73.497235,66.032765,71.631118,67.898882
2024-01-30,69.800000,2023-11-14,2023-09-30,-0.180000,-2.060000,-33.883495,-54.434533,25.316614,216.439587,164.287363,112.135138,59.982914,7.830689,,,,,,,,,,69.595000,75.311667,73.225000,68.427917,69.595000,72.960131,66.229869,71.277565,67.912435
2024-01-31,69.600000,2023-11-14,2023-09-30,-0.180000,-2.060000,-33.786408,-55.312830,22.588302,207.008235,160.476332,113.944429,67.412527,20.880624,,,,,,,,,,69.465000,75.188333,73.285833,68.454167,69.465000,72.599376,66.330624,71.032188,67.897812
2024-02-01,70.000000,2023-11-14,2023-09-30,-0.180000,-2.060000,-33.980583,-56.213817,19.298123,195.308730,155.554597,115.800464,76.046331,36.292198,,,,,,,,,,69.415000,75.015000,73.331667,68.487083,69.415000,72.477352,66.352648,70.946176,67.883824
2024-02-02,69.000000,2023-11-14,2023-09-30,-0.180000,-2.060000,-33.495146,-55.933665,19.382398,195.078832,155.151091,115.223351,75.295610,35.367869,,,,,,,,,,69.265000,74.831667,73.364167,68.515417,69.265000,72.077959,66.452041,70.671479,67.858521
2024-02-05,68.200000,2023-11-14,2023-09-30,-0.180000,-2.060000,-33.106796,-55.625363,19.449243,194.719129,154.653688,114.588247,74.522806,34.457365,,,,,,,,,,69.035000,74.651667,73.365833,68.540417,69.035000,71.336738,66.733262,70.185869,67.884131
2024-02-15,70.900000,2023-11-14,2023-09-30,-0.180000,-2.060000,-34.417476,-55.325405,19.496782,194.297077,154.133706,113.970335,73.806964,33.643593,,,,,,,,,,69.065000,74.545000,73.387500,68.574583,69.065000,71.450284,66.679716,70.257642,67.872358
2024-02-16,72.100000,2023-11-14,2023-09-30,-0.180000,-2.060000,-35.000000,-55.034598,19.537824,193.867106,153.619189,113.371271,73.123354,32.875437,,,,,,,,,,69.200000,74.470000,73.423333,68.615000,69.200000,71.943797,66.456203,70.571898,67.828102
2024-02-19,72.000000,2023-11-14,2023-09-30,-0.180000,-2.060000,-34.951456,-54.754554,19.583164,193.477016,153.135699,112.794381,72.453064,32.111747,,,,,,,,,,69.310000,74.360000,73.469167,68.649167,69.310000,72.318689,66.301311,70.814345,67.805655
2024-02-20,72.000000,2023-11-14,2023-09-30,-0.180000,-2.060000,-34.951456,-54.465919,19.617922,193.025633,152.612713,112.199794,71.786874,31.373955,,,,,,,,,,69.410000,74.248333,73.506667,68.682500,69.410000,72.640056,66.179944,71.025028,67.794972
2024-02-21,73.800000,2023-11-14,2023-09-30,-0.180000,-2.060000,-35.825243,-54.188862,19.644659,192.565050,152.097052,111.629055,71.161058,30.693060,,,,,,,,,,69.525000,74.161667,73.563333,68.727500,69.525000,73.201311,65.848689,71.363156,67.686844
2024-02-22,71.900000,2023-11-14,2023-09-30,-0.180000,-2.060000,-34.902913,-53.879204,19.653426,191.963273,151.477217,110.991160,70.505103,30.019046,,,,,,,,,,69.610000,74.070000,73.580000,68.763333,69.610000,73.427908,65.792092,71.518954,67.701046
2024-02-23,71.000000,2023-11-14,2023-09-30,-0.180000,-2.060000,-34.466019,-53.568482,19.663221,191.363544,150.857309,110.351074,69.844839,29.338604,,,,,,,,,,69.775000,73.955000,73.591667,68.798750,69.775000,73.530067,66.019933,71.652533,67.897467
2024-02-26,72.400000,2023-11-14,2023-09-30,-0.180000,-2.060000,-35.145631,-53.259988,19.659407,190.712332,150.213954,109.715576,69.217198,28.718820,,,,,,,,,,70.040000,73.846667,73.611667,68.841250,70.040000,73.747971,66.332029,71.893986,68.186014
2024-02-27,77.000000,2023-11-14,2023-09-30,-0.180000,-2.060000,-37.378641,-53.002748,19.663607,190.199721,149.692691,109.185662,68.678632,28.171602,,,,,,,,,,70.525000,73.830000,73.701667,68.904583,70.525000,75.148453,65.901547,72.836726,68.213274
2024-02-29,78.000000,2023-11-14,2023-09-30,-0.180000,-2.060000,-37.864078,-52.745258,19.657803,189.645379,149.150305,108.655232,68.160159,27.665085,,,,,,,,,,71.015000,73.821667,73.795833,68.970833,71.015000,76.581923,65.448077,73.798461,68.231539
2024-03-01,76.000000,2023-11-14,2023-09-30,-0.180000,-2.060000,-36.893204,-52.474523,19.650476,189.057479,148.577498,108.097517,67.617536,27.137555,,,,,,,,,,71.405000,73.796667,73.868333,69.021667,71.405000,77.228537,65.581463,74.316768,68.493232
2024-03-04,77.300000,2023-11-14,2023-09-30,-0.180000,-2.060000,-37.524272,-52.215060,19.640524,188.481984,148.022504,107.563024,67.103544,26.644064,,,,,,,,,,71.855000,73.770000,73.957500,69.074583,71.855000,78.047517,65.662483,74.951258,68.758742
2024-03-05,78.200000,2023-11-14,2023-09-30,-0.180000,-2.060000,-37.961165,-51.954943,19.620706,187.864490,147.445836,107.027182,66.608528,26.189875,,,,,,,,,,72.335000,73.716667,74.050000,69.104583,72.335000,78.939711,65.730289,75.637356,69.032644
2024-03-06,80.000000,2023-11-14,2023-09-30,-0.180000,-2.060000,-38.834951,-51.708980,19.598435,187.266049,146.893274,106.520498,66.147723,25.774947,,,,,,,,,,72.935000,73.680000,74.164167,69.142083,72.935000,80.042676,65.827324,76.488838,69.381162
2024-03-07,76.800000,2023-11-14,2023-09-30,-0.180000,-2.060000,-37.281553,-51.448354,19.580451,186.655066,146.319337,105.983608,65.647880,25.312151,,,,,,,,,,73.300000,73.453333,74.250000,69.182500,73.300000,80.414699,66.185301,76.857350,69.742650
2024-03-08,72.600000,2023-11-14,2023-09-30,-0.180000,-2.060000,-35.242718,-51.148400,19.550435,185.913498,145.639601,105.365704,65.091808,24.817911,,,,,,,,,,73.440000,73.161667,74.279167,69.211667,73.440000,80.372578,66.507422,76.906289,69.973711
2024-03-11,71.300000,2023-11-14,2023-09-30,-0.180000,-2.060000,-34.611650,-50.852638,19.529725,185.218903,144.987669,104.756435,64.525201,24.293967,,,,,,,,,,73.525000,72.943333,74.306667,69.233333,73.525000,80.299216,66.750784,76.912108,70.137892
2024-03-12,71.600000,2023-11-14,2023-09-30,-0.180000,-2.060000,-34.757282,-50.529739,19.472286,184.317083,144.204173,104.091263,63.978353,23.865443,,,,,,,,,,73.605000,72.758333,74.309167,69.255833,73.605000,80.240304,66.969696,76.922652,70.287348
2024-03-13,69.400000,2023-11-14,2023-09-30,-0.180000,-2.060000,-33.689320,-50.186772,19.402733,183.324009,143.354380,103.384751,63.415122,23.445493,,,,,,,,,,73.625000,72.556667,74.282500,69.277500,73.625000,80.204034,67.045966,76.914517,70.335483
2024-03-14,70.600000,2023-11-14,2023-09-30,-0.180000,-2.060000,-34.271845,-49.862405,19.340100,182.397768,142.557162,102.716555,62.875948,23.035342,,,,,,,,,,73.745000,72.383333,74.279167,69.301667,73.745000,79.986280,67.503720,76.865640,70.624360
2024-03-15,69.800000,2023-11-14,2023-09-30,-0.180000,-2.060000,-33.883495,-49.517620,19.252160,181.325198,141.665748,102.006297,62.346847,22.687397,,,,,,,,,,73.690000,72.223333,74.252500,69.315417,73.690000,80.055003,67.324997,76.872501,70.507499
2024-03-18,70.100000,2023-11-14,2023-09-30,-0.180000,-2.060000,-34.029126,-49.111334,19.057697,179.687058,140.428203,101.169347,61.910491,22.651636,,,,,,,,,,73.590000,72.100000,74.167500,69.328333,73.590000,80.120866,67.059134,76.855433,70.324567
2024-03-19,69.300000,2023-11-14,2023-09-30,-0.180000,-2.060000,-33.640777,-48.725866,18.896903,178.230522,139.302903,100.375284,61.447664,22.520045,,,,,,,,,,73.455000,71.976667,74.099167,69.335833,73.455000,80.231267,66.678733,76.843133,70.066867
2024-03-20,68.700000,2023-11-14,2023-09-30,-0.180000,-2.060000,-33.349515,-48.349998,18.748624,176.845328,138.223162,99.600997,60.978831,22.356665,,,,,,,,,,73.290000,71.833333,74.037500,69.342500,73.290000,80.369370,66.210630,76.829685,69.750315
2024-03-21,68.900000,2023-11-14,2023-09-30,-0.180000,-2.060000,-33.446602,-47.982672,18.603445,175.490498,137.167401,98.844304,60.521207,22.198110,,,,,,,,,,73.045000,71.705000,73.985000,69.349167,73.045000,80.384432,65.705568,76.714716,69.375284
2024-03-22,70.600000,2023-11-14,2023-09-30,-0.180000,-2.060000,-34.271845,-47.630814,18.458374,174.167978,136.143727,98.119476,60.095225,22.070974,,,,,,,,,,72.980000,71.635000,73.955000,69.363333,72.980000,80.384863,65.575137,76.682432,69.277568
2024-03-25,70.900000,2023-11-14,2023-09-30,-0.180000,-2.060000,-34.417476,-47.277591,18.300300,172.789075,135.090457,97.391838,59.693220,21.994602,,,,,,,,,,72.975000,71.591667,73.925000,69.384167,72.975000,80.385625,65.564375,76.680313,69.269687
2024-03-26,68.900000,2023-11-14,2023-09-30,-0.180000,-2.060000,-33.446602,-46.919715,18.145423,171.413757,134.034185,96.654613,59.275042,21.895470,,,,,,,,,,72.800000,71.511667,73.881667,69.397500,72.800000,80.429858,65.170142,76.614929,68.985071
2024-03-27,69.000000,2023-11-14,2023-09-30,-0.180000,-2.060000,-33.495146,-46.558807,17.975946,169.972039,132.941591,95.911143,58.880694,21.850246,,,,,,,,,,72.400000,71.451667,73.835833,69.409583,72.400000,79.941046,64.858954,76.170523,68.629477
2024-03-28,68.200000,2023-11-14,2023-09-30,-0.180000,-2.060000,-33.106796,-46.215281,17.834105,168.679993,131.941736,95.203479,58.465222,21.726965,,,,,,,,,,71.910000,71.378333,73.803333,69.420417,71.910000,79.187912,64.632088,75.548956,68.271044
2024-03-29,71.000000,2023-11-14,2023-09-30,-0.180000,-2.060000,-34.466019,-45.897687,17.699539,167.471335,131.010285,94.549235,58.088186,21.627136,,,,,,,,,,71.660000,71.365000,73.808333,69.446250,71.660000,78.685487,64.634513,75.172744,68.147256
2024-04-01,70.400000,2024-03-31,2023-12-31,-0.600000,-2.670000,-26.367041,-45.510883,17.614025,215.572952,168.543505,121.514058,74.484611,27.455165,,,,,,,,,,71.315000,71.325000,73.806667,69.470417,71.315000,77.833726,64.796274,74.574363,68.055637
2024-04-02,69.100000,2024-03-31,2023-12-31,-0.600000,-2.670000,-25.880150,-45.109713,17.507132,213.931016,167.186974,120.442933,73.698891,26.954850,,,,,,,,,,70.860000,71.170000,73.784167,69.489583,70.860000,76.576237,65.143763,73.718119,68.001881
2024-04-03,69.300000,2024-03-31,2023-12-31,-0.600000,-2.670000,-25.955056,-44.712603,17.395370,212.273927,165.828288,119.382649,72.937010,26.491371,,,,,,,,,,70.325000,71.086667,73.766667,69.510833,70.325000,74.119109,66.530891,72.222055,68.427945
2024-04-08,69.200000,2024-03-31,2023-12-31,-0.600000,-2.670000,-25.917603,-44.324631,17.289855,210.674591,164.510678,118.346764,72.182851,26.018938,,,,,,,,,,69.945000,71.003333,73.757500,69.533333,69.945000,72.231321,67.658679,71.088160,68.801840
2024-04-09,68.500000,2024-03-31,2023-12-31,-0.600000,-2.670000,-25.655431,-43.932756,17.174295,209.011194,163.155826,117.300459,71.445091,25.589723,,,,,,,,,,69.740000,70.925000,73.740833,69.547083,69.740000,71.741473,67.738527,70.740737,68.739263
2024-04-10,68.500000,2024-03-31,2023-12-31,-0.600000,-2.670000,-25.655431,-43.505658,16.983598,206.852519,161.506312,116.160106,70.813900,25.467694,,,,,,,,,,69.600000,70.863333,73.690000,69.560833,69.600000,71.532547,67.667453,70.566273,68.633727
2024-04-11,68.100000,2024-03-31,2023-12-31,-0.600000,-2.670000,-25.505618,-43.103943,16.832572,204.973463,160.030496,115.087529,70.144562,25.201595,,,,,,,,,,69.425000,70.815000,73.661667,69.574167,69.425000,71.224269,67.625731,70.324634,68.525366
2024-04-12,68.000000,2024-03-31,2023-12-31,-0.600000,-2.670000,-25.468165,-42.694185,16.656017,202.936602,158.465038,113.993474,69.521910,25.050346,,,,,,,,,,69.355000,70.748333,73.625000,69.578750,69.355000,71.263954,67.446046,70.309477,68.400523
2024-04-15,66.700000,2024-03-31,2023-12-31,-0.600000,-2.670000,-24.981273,-42.277792,16.466397,200.812266,156.846985,112.881704,68.916423,24.951142,,,,,,,,,,69.160000,70.646667,73.575000,69.583750,69.160000,71.314457,67.005543,70.237228,68.082772
2024-04-16,64.000000,2024-03-31,2023-12-31,-0.600000,-2.670000,-23.970037,-41.846099,16.258623,198.550131,155.139607,111.729084,68.318561,24.908037,,,,,,,,,,68.870000,70.541667,73.495833,69.583333,68.870000,72.001571,65.738429,70.435785,67.304215
2024-04-17,65.200000,2024-03-31,2023-12-31,-0.600000,-2.670000,-24.419476,-41.411278,16.017350,196.100762,153.334437,110.568113,67.801789,25.035465,,,,,,,,,,68.625000,70.471667,73.420000,69.594167,68.625000,72.099342,65.150658,70.362171,66.887829
2024-04-18,64.900000,2024-03-31,2023-12-31,-0.600000,-2.670000,-24.307116,-40.984113,15.780572,193.695833,151.561707,109.427581,67.293454,25.159328,,,,,,,,,,68.405000,70.390000,73.350000,69.604583,68.405000,72.238083,64.571917,70.321542,66.488458
2024-04-19,63.100000,2024-03-31,2023-12-31,-0.600000,-2.670000,-23.632959,-40.532428,15.489963,190.937985,149.579785,108.221584,66.863383,25.505183,,,,,,,,,,68.125000,70.275000,73.246667,69.615833,68.125000,72.627105,63.622895,70.376052,65.873948
2024-04-22,62.300000,2024-03-31,2023-12-31,-0.600000,-2.670000,-23.333333,-40.077388,15.180845,188.072339,147.539483,107.006627,66.473771,25.940914,,,,,,,,,,67.795000,70.121667,73.135833,69.622917,67.795000,72.974504,62.615496,70.384752,65.205248
2024-04-23,63.800000,2024-03-31,2023-12-31,-0.600000,-2.670000,-23.895131,-39.647648,14.897974,185.414404,145.636812,105.859221,66.081630,26.304039,,,,,,,,,,67.455000,70.015000,73.057500,69.637083,67.455000,72.750669,62.159331,70.102834,64.807166
2024-04-24,64.300000,2024-03-31,2023-12-31,-0.600000,-2.670000,-24.082397,-39.197132,14.537096,182.284438,143.470391,104.656343,65.842296,27.028249,,,,,,,,,,67.125000,69.958333,72.961667,69.652083,67.125000,72.338697,61.911303,69.731848,64.518152
2024-04-25,64.900000,2024-03-31,2023-12-31,-0.600000,-2.670000,-24.307116,-38.749348,14.153041,179.037999,141.249379,103.460759,65.672139,27.883520,,,,,,,,,,66.925000,69.921667,72.871667,69.667083,66.925000,72.158847,61.691153,69.541924,64.308076
2024-04-26,65.300000,2024-03-31,2023-12-31,-0.600000,-2.670000,-24.456929,-38.322572,13.798062,176.002916,139.162091,102.321266,65.480441,28.639616,,,,,,,,,,66.740000,69.888333,72.804167,69.686250,66.740000,71.926379,61.553621,69.333189,64.146811
2024-04-29,66.300000,2024-03-31,2023-12-31,-0.600000,-2.670000,-24.831461,-37.908366,13.443313,173.002632,137.108985,101.215338,65.321691,29.428045,,,,,,,,,,66.645000,69.856667,72.754167,69.709583,66.645000,71.788202,61.501798,69.216601,64.073399
2024-04-30,66.300000,2024-03-31,2023-12-31,-0.600000,-2.670000,-24.831461,-37.502752,13.089906,170.032445,135.082397,100.132349,65.182301,30.232253,,,,,,,,,,66.410000,69.825000,72.712500,69.730833,66.410000,71.127225,61.692775,68.768612,64.051388
2024-05-02,65.800000,2024-03-31,2023-12-31,-0.600000,-2.670000,-24.644195,-37.105028,12.742006,167.112734,133.091579,99.070424,65.049269,31.028114,,,,,,,,,,66.180000,69.783333,72.675833,69.751667,66.180000,70.510844,61.849156,68.345422,64.014578
2024-05-03,65.600000,2024-03-31,2023-12-31,-0.600000,-2.670000,-24.569288,-36.699806,12.351837,163.947291,130.967887,97.988483,65.009078,32.029674,,,,,,,,,,66.005000,69.733333,72.630833,69.772500,66.005000,70.116332,61.893668,68.060666,63.949334
2024-05-06,65.600000,2024-03-31,2023-12-31,-0.600000,-2.670000,-24.569288,-36.283416,11.899558,160.420359,128.648540,96.876721,65.104903,33.333084,,,,,,,,,,65.820000,69.693333,72.575000,69.795833,65.820000,69.628909,62.011091,67.724455,63.915545
2024-05-07,65.300000,2024-03-31,2023-12-31,-0.600000,-2.670000,-24.456929,-35.860076,11.394271,156.591810,126.169107,95.746404,65.323700,34.900997,,,,,,,,,,65.625000,69.623333,72.510833,69.821667,65.625000,69.089026,62.160974,67.357013,63.892987
2024-05-08,67.200000,2024-03-31,2023-12-31,-0.600000,-2.670000,-25.168539,-35.425484,10.777526,152.138032,123.362037,94.586043,65.810048,37.034054,,,,,,,,,,65.560000,69.580000,72.445833,69.854583,65.560000,68.840821,62.279179,67.200411,63.919589
2024-05-09,66.300000,2024-03-31,2023-12-31,-0.600000,-2.670000,-24.831461,-34.970901,10.032620,146.946497,120.159401,93.372306,66.585210,39.798114,,,,,,,,,,65.450000,69.525000,72.356667,69.888750,65.450000,68.451403,62.448597,66.950702,63.949298
2024-05-10,66.100000,2024-03-31,2023-12-31,-0.600000,-2.670000,-24.756554,-34.486484,9.055395,140.434724,116.256818,92.078912,67.901006,43.723101,,,,,,,,,,65.350000,69.460000,72.237500,69.915417,65.350000,68.102606,62.597394,66.726303,63.973697
2024-05-13,65.500000,2024-03-31,2023-12-31,-0.600000,-2.670000,-24.531835,-34.003631,7.952758,133.257419,112.023557,90.789694,69.555831,48.321968,,,,,,,,,,65.225000,69.401667,72.116667,69.937083,65.225000,67.682106,62.767894,66.453553,63.996447
2024-05-14,64.500000,2024-03-31,2023-12-31,-0.600000,-2.670000,-24.157303,-33.526247,6.702186,125.304755,107.409918,89.515081,71.620243,53.725406,,,,,,,,,,65.115000,69.340000,71.995833,69.957500,65.115000,67.489669,62.740331,66.302334,63.927666
2024-05-15,63.700000,2024-05-15,2024-03-31,-0.840000,-2.680000,-23.768657,-33.060230,5.252761,116.756214,102.678816,88.601417,74.524018,60.446619,,,,,,,,,,65.100000,69.220000,71.882500,69.974167,65.100000,67.507882,62.692118,66.303941,63.896059
2024-05-16,64.200000,2024-05-15,2024-03-31,-0.840000,-2.680000,-23.955224,-32.949986,5.304051,116.735675,102.520819,88.305964,74.091108,59.876253,,,,,,,,,,65.050000,69.088333,71.779167,69.992500,65.050000,67.490449,62.609551,66.270224,63.829776
2024-05-17,64.700000,2024-05-15,2024-03-31,-0.840000,-2.680000,-24.141791,-32.833207,5.342609,116.629380,102.311187,87.992995,73.674802,59.356609,,,,,,,,,,65.040000,68.966667,71.663333,70.011667,65.040000,67.484672,62.595328,66.262336,63.817664
2024-05-20,64.700000,2024-05-15,2024-03-31,-0.840000,-2.680000,-24.141791,-32.716023,5.377921,116.504598,102.091769,87.678941,73.266113,58.853285,,,,,,,,,,65.120000,68.845000,71.546667,70.032500,65.120000,67.396285,62.843715,66.258143,63.981857
2024-05-21,64.800000,2024-05-15,2024-03-31,-0.840000,-2.680000,-24.179104,-32.597936,5.408670,116.352939,101.857704,87.362469,72.867233,58.371998,,,,,,,,,,65.245000,68.695000,71.428333,70.053333,65.245000,67.105928,63.384072,66.175464,64.314536
2024-05-22,65.500000,2024-05-15,2024-03-31,-0.840000,-2.680000,-24.440299,-32.488498,5.439933,116.227218,101.648197,87.069176,72.490155,57.911134,,,,,,,,,,65.330000,68.588333,71.329167,70.075833,65.330000,67.063994,63.596006,66.196997,64.463003
2024-05-23,65.300000,2024-05-15,2024-03-31,-0.840000,-2.680000,-24.365672,-32.376416,5.467741,116.075890,101.422343,86.768796,72.115248,57.461701,,,,,,,,,,65.380000,68.493333,71.224167,70.091667,65.380000,67.045249,63.714751,66.212624,64.547376
2024-05-24,66.900000,2024-05-15,2024-03-31,-0.840000,-2.680000,-24.962687,-32.265264,5.481848,115.853611,101.162259,86.470907,71.779555,57.088203,,,,,,,,,,65.480000,68.401667,71.124167,70.110000,65.480000,67.260124,63.699876,66.370062,64.589938
2024-05-27,66.500000,2024-05-15,2024-03-31,-0.840000,-2.680000,-24.813433,-32.156508,5.499268,115.655518,100.917481,86.179443,71.441405,56.703367,,,,,,,,,,65.540000,68.226667,71.028333,70.132917,65.540000,67.374637,63.705363,66.457319,64.622681
2024-05-28,66.400000,2024-05-15,2024-03-31,-0.840000,-2.680000,-24.776119,-32.045420,5.512686,115.429721,100.655723,85.881724,71.107726,56.333728,,,,,,,,,,65.545000,68.033333,70.927500,70.153333,65.545000,67.388880,63.701120,66.466940,64.623060
2024-05-29,65.800000,2024-05-15,2024-03-31,-0.840000,-2.680000,-24.552239,-31.936510,5.530669,115.234236,100.412042,85.589847,70.767653,55.945459,,,,,,,,,,65.520000,67.863333,70.830000,70.171250,65.520000,67.334097,63.705903,66.427048,64.612952
2024-05-30,63.900000,2024-05-15,2024-03-31,-0.840000,-2.680000,-23.843284,-31.816029,5.548306,115.005880,100.136419,85.266959,70.397499,55.528038,,,,,,,,,,65.425000,67.640000,70.705000,70.180000,65.425000,67.371522,63.478478,66.398261,64.451739
2024-05-31,64.000000,2024-05-15,2024-03-31,-0.840000,-2.680000,-23.880597,-31.685746,5.549568,114.663486,99.790643,84.917800,70.044958,55.172115,,,,,,,,,,65.345000,67.403333,70.560000,70.194583,65.345000,67.390251,63.299749,66.367626,64.322374
2024-06-03,63.900000,2024-05-15,2024-03-31,-0.840000,-2.680000,-23.843284,-31.551916,5.543381,114.271660,99.415398,84.559135,69.702873,54.846611,,,,,,,,,,65.260000,67.135000,70.407500,70.208750,65.260000,67.399749,63.120251,66.329875,64.190125
2024-06-04,63.500000,2024-05-15,2024-03-31,-0.840000,-2.680000,-23.694030,-31.383671,5.471885,113.437543,98.772890,84.108237,69.443584,54.778931,,,,,,,,,,65.170000,66.913333,70.183333,70.222917,65.170000,67.449520,62.890480,66.309760,64.030240
2024-06-05,63.000000,2024-05-15,2024-03-31,-0.840000,-2.680000,-23.507463,-31.215084,5.399222,112.596254,98.126340,83.656425,69.186510,54.716596,,,,,,,,,,64.960000,66.753333,69.957500,70.235417,64.960000,67.225903,62.694097,66.092951,63.827049
2024-06-06,63.400000,2024-05-15,2024-03-31,-0.840000,-2.680000,-23.656716,-31.070799,5.367577,112.039956,97.654849,83.269742,68.884635,54.499528,,,,,,,,,,64.815000,66.621667,69.782500,70.247083,64.815000,67.090984,62.539016,65.952992,63.677008
2024-06-07,64.300000,2024-05-15,2024-03-31,-0.840000,-2.680000,-23.992537,-30.936190,5.340562,111.534400,97.221695,82.908990,68.596284,54.283579,,,,,,,,,,64.725000,66.500000,69.629167,70.264167,64.725000,66.928227,62.521773,65.826614,63.623386
2024-06-11,63.600000,2024-05-15,2024-03-31,-0.840000,-2.680000,-23.731343,-30.804259,5.321170,111.076887,96.816150,82.555414,68.294677,54.033940,,,,,,,,,,64.630000,66.403333,69.480000,70.278750,64.630000,66.856255,62.403745,65.743127,63.516873
2024-06-12,64.500000,2024-05-15,2024-03-31,-0.840000,-2.680000,-24.067164,-30.677149,5.298163,110.612910,96.413834,82.214758,68.015682,53.816606,,,,,,,,,,64.630000,66.301667,69.342500,70.297083,64.630000,66.856255,62.403745,65.743127,63.516873
2024-06-13,65.000000,2024-05-15,2024-03-31,-0.840000,-2.680000,-24.253731,-30.558066,5.280429,110.198716,96.047166,81.895616,67.744066,53.592516,,,,,,,,,,64.695000,66.221667,69.222500,70.317917,64.695000,66.882500,62.507500,65.788750,63.601250
2024-06-14,65.000000,2024-05-15,2024-03-31,-0.840000,-2.680000,-24.253731,-30.446669,5.271163,109.850508,95.723790,81.597072,67.470355,53.343637,,,,,,,,,,64.735000,66.136667,69.118333,70.338750,64.735000,66.913628,62.556372,65.824314,63.645686
2024-06-17,69.200000,2024-05-15,2024-03-31,-0.840000,-2.680000,-25.820896,-30.351568,5.250604,109.485440,95.413821,81.342202,67.270583,53.198964,,,,,,,,,,64.960000,66.135000,69.055833,70.377083,64.960000,67.914675,62.005325,66.437338,63.482662
2024-06-18,68.500000,2024-05-15,2024-03-31,-0.840000,-2.680000,-25.559701,-30.251863,5.226801,109.090644,95.082818,81.074993,67.067168,53.059342,,,,,,,,,,65.150000,66.131667,68.982500,70.407083,65.150000,68.496955,61.803045,66.823477,63.476523
2024-06-19,66.900000,2024-05-15,2024-03-31,-0.840000,-2.680000,-24.962687,-30.150015,5.209625,108.725632,94.763836,80.802040,66.840244,52.878448,,,,,,,,,,65.255000,66.098333,68.901667,70.435000,65.255000,68.686418,61.823582,66.970709,63.539291
2024-06-20,68.700000,2024-05-15,2024-03-31,-0.840000,-2.680000,-25.634328,-30.061045,5.194673,108.407051,94.485326,80.563601,66.641877,52.720152,,,,,,,,,,65.415000,66.066667,68.850833,70.472083,65.415000,69.177012,61.652988,67.296006,63.533994
2024-06-21,68.100000,2024-05-15,2024-03-31,-0.840000,-2.680000,-25.410448,-29.975469,5.185915,108.130762,94.232509,80.334257,66.436004,52.537752,,,,,,,,,,65.555000,66.020000,68.805833,70.503750,65.555000,69.502804,61.607196,67.528902,63.581098
2024-06-24,66.700000,2024-05-15,2024-03-31,-0.840000,-2.680000,-24.888060,-29.884730,5.178812,107.849511,93.970294,80.091077,66.211860,52.332643,,,,,,,,,,65.545000,65.983333,68.747500,70.529583,65.545000,69.479450,61.610550,67.512225,63.577775
2024-06-25,66.800000,2024-05-15,2024-03-31,-0.840000,-2.680000,-24.925373,-29.798752,5.174754,107.597339,93.728998,79.860656,65.992315,52.123974,,,,,,,,,,65.560000,65.946667,68.699167,70.556667,65.560000,69.512028,61.607972,67.536014,63.583986
2024-06-26,67.000000,2024-05-15,2024-03-31,-0.840000,-2.680000,-25.000000,-29.713396,5.168675,107.335999,93.483951,79.631902,65.779854,51.927805,,,,,,,,,,65.590000,65.926667,68.652500,70.583333,65.590000,69.577824,61.602176,67.583912,63.596088
2024-06-27,66.700000,2024-05-15,2024-03-31,-0.840000,-2.680000,-24.888060,-29.630344,5.165444,107.096100,93.252711,79.409321,65.565932,51.722543,,,,,,,,,,65.635000,65.855000,68.610000,70.595833,65.635000,69.652999,61.617001,67.643999,63.626001
2024-06-28,66.900000,2024-05-15,2024-03-31,-0.840000,-2.680000,-24.962687,-29.543868,5.155911,106.813249,92.995408,79.177566,65.359724,51.541882,,,,,,,,,,65.785000,65.796667,68.560833,70.606667,65.785000,69.753972,61.816028,67.769486,63.800514
2024-07-01,66.100000,2024-05-15,2024-03-31,-0.840000,-2.680000,-24.664179,-29.432251,5.114856,106.294060,92.586246,78.878431,65.170617,51.462803,,,,,,,,,,65.890000,65.746667,68.458333,70.615833,65.890000,69.770260,62.009740,67.830130,63.949870
2024-07-02,66.300000,2024-05-15,2024-03-31,-0.840000,-2.680000,-24.738806,-29.337841,5.095866,105.939258,92.282336,78.625414,64.968492,51.311569,,,,,,,,,,66.010000,65.696667,68.391667,70.599583,66.010000,69.777954,62.242046,67.893977,64.126023
2024-07-03,66.100000,2024-05-15,2024-03-31,-0.840000,-2.680000,-24.664179,-29.243214,5.076143,105.579939,91.975876,78.371813,64.767751,51.163688,,,,,,,,,,66.140000,65.645000,68.324167,70.561667,66.140000,69.717944,62.562056,67.928972,64.351028
2024-07-04,66.200000,2024-05-15,2024-03-31,-0.840000,-2.680000,-24.701493,-29.152943,5.059624,105.249472,91.689680,78.129888,64.570096,51.010304,,,,,,,,,,66.300000,65.606667,68.265833,70.547917,66.300000,69.558673,63.041327,67.929336,64.670664
2024-07-05,67.700000,2024-05-15,2024-03-31,-0.840000,-2.680000,-25.261194,-29.071382,5.042646,104.939885,91.425594,77.911304,64.397013,50.882723,,,,,,,,,,66.515000,65.593333,68.228333,70.533750,66.515000,69.526050,63.503950,68.020525,65.009475
2024-07-08,73.800000,2024-05-15,2024-03-31,-0.840000,-2.680000,-27.537313,-29.013643,5.019974,104.663621,91.210092,77.756563,64.303033,50.849504,,,,,,,,,,66.990000,65.688333,68.251667,70.557500,66.990000,71.262753,62.717247,69.126377,64.853623
2024-07-09,74.700000,2024-05-15,2024-03-31,-0.840000,-2.680000,-27.873134,-28.954657,4.991120,104.350881,90.974680,77.598480,64.222280,50.846079,,,,,,,,,,67.545000,65.800000,68.274167,70.591667,67.545000,72.746407,62.343593,70.145703,64.944297
2024-07-10,72.900000,2024-05-15,2024-03-31,-0.840000,-2.680000,-27.201493,-28.886837,4.958816,103.995979,90.706352,77.416724,64.127097,50.837469,,,,,,,,,,67.965000,65.903333,68.275000,70.617500,67.965000,73.478343,62.451657,70.721671,65.208329
2024-07-11,71.200000,2024-05-15,2024-03-31,-0.840000,-2.680000,-26.567164,-28.823845,4.939675,103.724566,90.486236,77.247906,64.009575,50.771245,,,,,,,,,,68.275000,66.023333,68.282500,70.641250,68.275000,73.783606,62.766394,71.029303,65.520697
2024-07-12,71.000000,2024-05-15,2024-03-31,-0.840000,-2.680000,-26.492537,-28.763872,4.923770,103.478583,90.282880,77.087177,63.891475,50.695772,,,,,,,,,,68.575000,66.120000,68.295833,70.667083,68.575000,73.985273,63.164727,71.280136,65.869864
2024-07-15,68.500000,2024-05-15,2024-03-31,-0.840000,-2.680000,-25.559701,-28.694507,4.909651,103.217009,90.059144,76.901279,63.743415,50.585550,,,,,,,,,,68.540000,66.180000,68.285000,70.673750,68.540000,73.942300,63.137700,71.241150,65.838850
2024-07-16,68.000000,2024-05-15,2024-03-31,-0.840000,-2.680000,-25.373134,-28.622778,4.894627,102.944248,89.826647,76.709046,63.591445,50.473845,,,,,,,,,,68.515000,66.261667,68.268333,70.682083,68.515000,73.922704,63.107296,71.218852,65.811148
2024-07-17,68.200000,2024-05-15,2024-03-31,-0.840000,-2.680000,-25.447761,-28.545604,4.870814,102.609782,89.556000,76.502218,63.448436,50.394654,,,,,,,,,,68.580000,66.360000,68.240833,70.704167,68.580000,73.936983,63.223017,71.258491,65.901509
2024-07-18,67.200000,2024-05-15,2024-03-31,-0.840000,-2.680000,-25.074627,-28.470578,4.854196,102.319641,89.310396,76.301150,63.291904,50.282658,,,,,,,,,,68.505000,66.416667,68.215833,70.714167,68.505000,73.896797,63.113203,71.200898,65.809102
2024-07-19,64.900000,2024-05-15,2024-03-31,-0.840000,-2.680000,-24.216418,-28.398514,4.852614,102.118027,89.113023,76.108019,63.103015,50.098010,,,,,,,,,,68.345000,66.426667,68.192500,70.699583,68.345000,73.972180,62.717820,71.158590,65.531410
2024-07-22,63.100000,2024-05-15,2024-03-31,-0.840000,-2.680000,-23.544776,-28.323281,4.857334,101.941705,88.924049,75.906393,62.888737,49.871081,,,,,,,,,,68.165000,66.396667,68.159167,70.670000,68.165000,74.227230,62.102770,71.196115,65.133885
2024-07-23,63.500000,2024-05-15,2024-03-31,-0.840000,-2.680000,-23.694030,-28.248482,4.858948,101.749891,88.727911,75.705931,62.683952,49.661972,,,,,,,,,,68.000000,66.366667,68.127500,70.628333,68.000000,74.389465,61.610535,71.194733,64.805267
2024-07-26,63.800000,2024-05-15,2024-03-31,-0.840000,-2.680000,-23.805970,-28.170975,4.854979,101.520898,88.509555,75.498213,62.486871,49.475528,,,,,,,,,,67.840000,66.325000,68.090833,70.605417,67.840000,74.489860,61.190140,71.164930,64.515070
2024-07-29,61.100000,2024-05-15,2024-03-31,-0.840000,-2.680000,-22.798507,-28.085073,4.858107,101.307446,88.287720,75.267995,62.248269,49.228543,,,,,,,,,,67.560000,66.238333,68.031667,70.570417,67.560000,74.852505,60.267495,71.206253,63.913747
2024-07-30,61.400000,2024-05-15,2024-03-31,-0.840000,-2.680000,-22.910448,-27.999698,4.858275,101.079545,88.059368,75.039192,62.019016,48.998839,,,,,,,,,,67.285000,66.165000,67.974167,70.547083,67.285000,75.079809,59.490191,71.182405,63.387595
2024-07-31,61.500000,2024-05-15,2024-03-31,-0.840000,-2.680000,-22.947761,-27.913422,4.855269,100.832211,87.820091,74.807970,61.795850,48.783730,,,,,,,,,,67.055000,66.096667,67.915000,70.527917,67.055000,75.257817,58.852183,71.156409,62.953591
2024-08-01,63.200000,2024-05-15,2024-03-31,-0.840000,-2.680000,-23.582090,-27.834858,4.848382,100.584748,87.591084,74.597420,61.603756,48.610092,,,,,,,,,,66.900000,66.056667,67.875000,70.512500,66.900000,75.278167,58.521833,71.089084,62.710916
2024-08-02,61.200000,2024-05-15,2024-03-31,-0.840000,-2.680000,-22.835821,-27.744008,4.838974,100.290842,87.322391,74.353941,61.385491,48.417041,,,,,,,,,,66.655000,65.988333,67.805833,70.494583,66.655000,75.409782,57.900218,71.032391,62.277609
2024-08-05,55.100000,2024-05-15,2024-03-31,-0.840000,-2.680000,-20.559701,-27.632976,4.849765,100.051117,87.053747,74.056376,61.059006,48.061636,,,,,,,,,,66.100000,65.786667,67.683333,70.454167,66.100000,76.269304,55.930696,71.184652,61.015348
2024-08-06,52.300000,2024-05-15,2024-03-31,-0.840000,-2.680000,-19.514925,-27.514047,4.872532,99.854420,86.796033,73.737647,60.679260,47.620873,,,,,,,,,,65.330000,65.553333,67.539167,70.412500,65.330000,77.182088,53.477912,71.256044,59.403956
2024-08-07,56.100000,2024-05-15,2024-03-31,-0.840000,-2.680000,-20.932836,-27.405316,4.872599,99.563379,86.504813,73.446247,60.387681,47.329115,,,,,,,,,,64.445000,65.386667,67.423333,70.377500,64.445000,76.277422,52.612578,70.361211,58.528789
2024-08-08,55.700000,2024-05-15,2024-03-31,-0.840000,-2.680000,-20.783582,-27.299386,4.877266,99.304502,86.233429,73.162355,60.091282,47.020209,,,,,,,,,,63.495000,65.223333,67.312500,70.338333,63.495000,74.904041,52.085959,69.199520,57.790480
2024-08-09,55.800000,2024-05-15,2024-03-31,-0.840000,-2.680000,-20.820896,-27.197004,4.883282,99.062360,85.975165,72.887970,59.800775,46.713581,,,,,,,,,,62.640000,65.078333,67.209167,70.287500,62.640000,73.636918,51.643082,68.138459,57.141541
2024-08-12,55.900000,2024-05-15,2024-03-31,-0.840000,-2.680000,-20.858209,-27.084010,4.871663,98.697262,85.641204,72.585147,59.529089,46.473031,,,,,,,,,,61.875000,64.948333,67.084167,70.235833,61.875000,72.486588,51.263412,67.180794,56.569206
2024-08-13,55.800000,2024-05-15,2024-03-31,-0.840000,-2.680000,-20.820896,-26.965851,4.849957,98.264248,85.266364,72.268480,59.270596,46.272712,,,,,,,,,,61.115000,64.808333,66.948333,70.185833,61.115000,71.135668,51.094332,66.125334,56.104666
2024-08-14,55.700000,2024-08-14,2024-06-30,-0.830000,-2.450000,-22.734694,-26.864044,4.808970,89.380861,77.598885,65.816909,54.034933,42.252957,,,,,,,,,,60.475000,64.658333,66.812500,70.140833,60.475000,70.138360,50.811640,65.306680,55.643320
2024-08-15,56.000000,2024-08-14,2024-06-30,-0.830000,-2.450000,-22.857143,-26.763258,4.764581,88.916431,77.243207,65.569983,53.896759,42.223536,,,,,,,,,,59.875000,64.513333,66.679167,70.092917,59.875000,69.048847,50.701153,64.461924,55.288076
2024-08-16,56.600000,2024-08-14,2024-06-30,-0.830000,-2.450000,-23.102041,-26.657232,4.702389,88.351923,76.831070,65.310218,53.789365,42.268513,,,,,,,,,,59.295000,64.376667,66.535833,70.049583,59.295000,67.686092,50.903908,63.490546,55.099454
2024-08-19,57.300000,2024-08-14,2024-06-30,-0.830000,-2.450000,-23.387755,-26.561272,4.649908,87.859667,76.467392,65.075117,53.682842,42.290566,,,,,,,,,,58.800000,64.240000,66.414167,69.997083,58.800000,66.353877,51.246123,62.576938,55.023062
2024-08-20,58.000000,2024-08-14,2024-06-30,-0.830000,-2.450000,-23.673469,-26.471334,4.599835,87.393962,76.124365,64.854769,53.585172,42.315576,,,,,,,,,,58.455000,64.118333,66.305833,69.948750,58.455000,65.445061,51.464939,61.950030,54.959970
2024-08-21,58.500000,2024-08-14,2024-06-30,-0.830000,-2.450000,-23.877551,-26.377434,4.535838,86.850321,75.737516,64.624712,53.511908,42.399104,,,,,,,,,,58.225000,63.978333,66.190000,69.900833,58.225000,64.865506,51.584494,61.545253,54.904747
2024-08-22,58.900000,2024-08-14,2024-06-30,-0.830000,-2.450000,-24.040816,-26.266285,4.426084,86.040212,75.196305,64.352398,53.508491,42.664584,,,,,,,,,,57.995000,63.851667,66.039167,69.870417,57.995000,64.168449,51.821551,61.081725,54.908275
2024-08-23,59.700000,2024-08-14,2024-06-30,-0.830000,-2.450000,-24.367347,-26.153812,4.298540,85.139684,74.608262,64.076840,53.545418,43.013996,,,,,,,,,,57.790000,63.740000,65.886667,69.841250,57.790000,63.398227,52.181773,60.594114,54.985886
2024-08-26,59.000000,2024-08-14,2024-06-30,-0.830000,-2.450000,-24.081633,-26.047049,4.187223,84.332662,74.073966,63.815270,53.556575,43.297879,,,,,,,,,,57.685000,63.626667,65.745000,69.806667,57.685000,63.107866,52.262134,60.396433,54.973567
2024-08-27,59.500000,2024-08-14,2024-06-30,-0.830000,-2.450000,-24.285714,-25.936728,4.054588,83.412465,73.478724,63.544983,53.611242,43.677501,,,,,,,,,,57.590000,63.553333,65.596667,69.777083,57.590000,62.801283,52.378717,60.195642,54.984358
2024-08-28,59.000000,2024-08-14,2024-06-30,-0.830000,-2.450000,-24.081633,-25.821065,3.903857,82.390507,72.826058,63.261609,53.697161,44.132712,,,,,,,,,,57.465000,63.470000,65.436667,69.743333,57.465000,62.393659,52.536341,59.929330,55.000670
2024-08-29,58.900000,2024-08-14,2024-06-30,-0.830000,-2.450000,-24.040816,-25.697781,3.718629,81.180842,72.070202,62.959562,53.848922,44.738282,,,,,,,,,,57.250000,63.386667,65.260833,69.712500,57.250000,61.445988,53.054012,59.347994,55.152006
2024-08-30,62.300000,2024-08-14,2024-06-30,-0.830000,-2.450000,-25.428571,-25.599006,3.562495,80.173792,71.445678,62.717564,53.989450,45.261336,,,,,,,,,,57.305000,63.366667,65.140000,69.695000,57.305000,61.740965,52.869035,59.522983,55.087017
2024-09-02,67.600000,2024-08-14,2024-06-30,-0.830000,-2.450000,-27.591837,-25.535248,3.455304,79.492348,71.026853,62.561359,54.095864,45.630369,,,,,,,,,,57.930000,63.443333,65.098333,69.688750,57.930000,64.200768,51.659232,61.065384,54.794616
2024-09-03,66.500000,2024-08-14,2024-06-30,-0.830000,-2.450000,-27.142857,-25.473008,3.356286,78.854674,70.631772,62.408871,54.185969,45.963067,,,,,,,,,,58.640000,63.495000,65.058333,69.682500,58.640000,65.421523,51.858477,62.030761,55.249239
2024-09-04,62.800000,2024-08-14,2024-06-30,-0.830000,-2.450000,-25.632653,-25.396970,3.245719,78.126599,70.174588,62.222576,54.270565,46.318553,,,,,,,,,,58.975000,63.470000,64.985000,69.647083,58.975000,65.888869,52.061131,62.431934,55.518066
2024-09-05,61.400000,2024-08-14,2024-06-30,-0.830000,-2.450000,-25.061224,-25.325069,3.154772,77.504801,69.775610,62.046419,54.317228,46.588038,,,,,,,,,,59.260000,63.433333,64.918333,69.600417,59.260000,66.074659,52.445341,62.667330,55.852670
2024-09-06,66.600000,2024-08-14,2024-06-30,-0.830000,-2.450000,-27.183673,-25.266001,3.050484,76.849072,69.375387,61.901702,54.428018,46.954333,,,,,,,,,,59.800000,63.468333,64.885000,69.582083,59.800000,67.150761,52.449239,63.475380,56.124620
2024-09-09,66.300000,2024-08-14,2024-06-30,-0.830000,-2.450000,-27.061224,-25.209149,2.950463,76.219681,68.991048,61.762414,54.533781,47.305148,,,,,,,,,,60.320000,63.490000,64.855833,69.554167,60.320000,67.974266,52.665734,64.147133,56.492867
2024-09-10,65.900000,2024-08-14,2024-06-30,-0.830000,-2.450000,-26.897959,-25.149722,2.841113,75.538272,68.577546,61.616820,54.656094,47.695368,,,,,,,,,,60.825000,63.505000,64.820833,69.494167,60.825000,68.555970,53.094030,64.690485,56.959515
2024-09-11,67.000000,2024-08-14,2024-06-30,-0.830000,-2.450000,-27.346939,-25.097274,2.739316,74.910968,68.199644,61.488321,54.776997,48.065673,,,,,,,,,,61.390000,63.468333,64.801667,69.450417,61.390000,69.195234,53.584766,65.292617,57.487383
2024-09-12,72.900000,2024-08-14,2024-06-30,-0.830000,-2.450000,-29.755102,-25.067320,2.667020,74.483332,67.949134,61.414935,54.880736,48.346537,,,,,,,,,,62.235000,63.541667,64.836667,69.437083,62.235000,71.161902,53.308098,66.698451,57.771549
2024-09-13,70.200000,2024-08-14,2024-06-30,-0.830000,-2.450000,-28.653061,-25.027374,2.574765,73.933413,67.625240,61.317067,55.008893,48.700720,,,,,,,,,,62.915000,63.596667,64.847500,69.416250,62.915000,72.102698,53.727302,67.508849,58.321151
2024-09-16,68.000000,2024-08-14,2024-06-30,-0.830000,-2.450000,-27.755102,-24.973068,2.443524,73.157285,67.170651,61.184016,55.197382,49.210747,,,,,,,,,,63.450000,63.585000,64.825833,69.390417,63.450000,72.506199,54.393801,67.978099,58.921901
2024-09-18,70.300000,2024-08-14,2024-06-30,-0.830000,-2.450000,-28.693878,-24.925371,2.309828,72.385315,66.726237,61.067160,55.408082,49.749004,,,,,,,,,,64.065000,63.621667,64.820833,69.372917,64.065000,73.232741,54.897259,68.648870,59.481130
2024-09-19,71.100000,2024-08-14,2024-06-30,-0.830000,-2.450000,-29.020408,-24.888486,2.205600,71.784231,66.380511,60.976791,55.573072,50.169352,,,,,,,,,,64.695000,63.695000,64.839167,69.360417,64.695000,73.983470,55.406530,69.339235,60.050765
2024-09-20,68.900000,2024-08-14,2024-06-30,-0.830000,-2.450000,-28.122449,-24.843714,2.080399,71.061054,65.964077,60.867099,55.770121,50.673143,,,,,,,,,,65.195000,63.730000,64.838333,69.337083,65.195000,74.243518,56.146482,69.719259,60.670741
2024-09-23,68.900000,2024-08-14,2024-06-30,-0.830000,-2.450000,-28.122449,-24.802178,1.960329,70.370946,65.568140,60.765335,55.962530,51.159725,,,,,,,,,,65.655000,63.761667,64.844167,69.323750,65.655000,74.459419,56.850581,70.057209,61.252791
2024-09-24,68.100000,2024-08-14,2024-06-30,-0.830000,-2.450000,-27.795918,-24.746593,1.769265,69.298553,64.963854,60.629154,56.294454,51.959754,,,,,,,,,,66.110000,63.785000,64.820000,69.314167,66.110000,74.391342,57.828658,70.250671,61.969329
2024-09-25,67.400000,2024-08-14,2024-06-30,-0.830000,-2.450000,-27.510204,-24.756120,1.781102,69.379891,65.016192,60.652493,56.288795,51.925096,,,,,,,,,,66.505000,63.793333,64.795000,69.300833,66.505000,74.191071,58.818929,70.348035,62.661965
2024-09-26,66.900000,2024-08-14,2024-06-30,-0.830000,-2.450000,-27.306122,-24.768003,1.793378,69.469162,65.075384,60.681607,56.287830,51.894053,,,,,,,,,,66.900000,63.806667,64.776667,69.280417,66.900000,73.725957,60.074043,70.312978,63.487022
2024-09-27,67.100000,2024-08-14,2024-06-30,-0.830000,-2.450000,-27.387755,-24.779942,1.806072,69.560609,65.135733,60.710858,56.285983,51.861107,,,,,,,,,,67.310000,63.820000,64.758333,69.262500,67.310000,73.003912,61.616088,70.156956,64.463044
2024-09-30,66.400000,2024-08-14,2024-06-30,-0.830000,-2.450000,-27.102041,-24.789812,1.815553,69.631249,65.183145,60.735040,56.286936,51.838831,,,,,,,,,,67.515000,63.825000,64.735000,69.246250,67.515000,72.724010,62.305990,70.119505,64.910495
2024-10-01,68.000000,2024-08-14,2024-06-30,-0.830000,-2.450000,-27.755102,-24.807310,1.833989,69.764457,65.271183,60.777909,56.284635,51.791361,,,,,,,,,,67.535000,63.855000,64.730833,69.235833,67.535000,72.748454,62.321546,70.141727,64.928273
2024-10-04,74.400000,2024-08-14,2024-06-30,-0.830000,-2.450000,-30.367347,-24.846576,1.901499,70.191456,65.532783,60.874110,56.215437,51.556764,,,,,,,,,,67.930000,63.966667,64.780000,69.235000,67.930000,73.948253,61.911747,70.939126,64.920874
2024-10-07,77.800000,2024-08-14,2024-06-30,-0.830000,-2.450000,-31.755102,-24.898655,2.002595,70.814421,65.908062,61.001704,56.095345,51.188987,,,,,,,,,,68.680000,64.033333,64.860833,69.261250,68.680000,75.667086,61.692914,72.173543,65.186457
2024-10-08,77.400000,2024-08-14,2024-06-30,-0.830000,-2.450000,-31.591837,-24.949685,2.093202,71.383420,66.255074,61.126729,55.998383,50.870038,,,,,,,,,,69.480000,64.078333,64.939167,69.282083,69.480000,76.619689,62.340311,73.049844,65.910156
2024-10-09,75.600000,2024-08-14,2024-06-30,-0.830000,-2.450000,-30.857143,-24.998651,2.161557,71.838326,66.542510,61.246694,55.950879,50.655063,,,,,,,,,,69.930000,64.123333,65.013333,69.294167,69.930000,77.430765,62.429235,73.680382,66.179618
2024-10-11,75.300000,2024-08-14,2024-06-30,-0.830000,-2.450000,-30.734694,-25.055023,2.221874,72.271989,66.828397,61.384806,55.941215,50.497624,,,,,,,,,,70.380000,64.191667,65.107500,69.301667,70.380000,78.041963,62.718037,74.210982,66.549018
2024-10-14,77.000000,2024-08-14,2024-06-30,-0.830000,-2.450000,-31.428571,-25.113432,2.295921,72.777920,67.152914,61.527909,55.902903,50.277897,,,,,,,,,,70.935000,64.291667,65.205833,69.312917,70.935000,78.834973,63.035027,74.884987,66.985013
2024-10-15,80.600000,2024-08-14,2024-06-30,-0.830000,-2.450000,-32.897959,-25.185022,2.402052,73.473360,67.588333,61.703305,55.818277,49.933250,,,,,,,,,,71.615000,64.493333,65.336667,69.343333,71.615000,80.382470,62.847530,75.998735,67.231265
2024-10-16,79.600000,2024-08-14,2024-06-30,-0.830000,-2.450000,-32.489796,-25.258829,2.488477,74.077671,67.980901,61.884132,55.787363,49.690593,,,,,,,,,,71.950000,64.686667,65.474167,69.360417,71.950000,81.408942,62.491058,76.679471,67.220529
2024-10-17,80.100000,2024-08-14,2024-06-30,-0.830000,-2.450000,-32.693878,-25.336834,2.572890,74.682406,68.378825,62.075243,55.771662,49.468080,,,,,,,,,,72.445000,64.885000,65.622500,69.379167,72.445000,82.533550,62.356450,77.489275,67.400725
2024-10-18,78.500000,2024-08-14,2024-06-30,-0.830000,-2.450000,-32.040816,-25.404715,2.641085,75.182865,68.712208,62.241551,55.770894,49.300237,,,,,,,,,,72.970000,65.073333,65.745000,69.401250,72.970000,83.176726,62.763274,78.073363,67.866637
2024-10-21,77.100000,2024-08-14,2024-06-30,-0.830000,-2.450000,-31.469388,-25.466273,2.695532,75.600473,68.996421,62.392369,55.788316,49.184264,,,,,,,,,,73.310000,65.276667,65.851667,69.406667,73.310000,83.594971,63.025029,78.452486,68.167514
2024-10-22,75.500000,2024-08-14,2024-06-30,-0.830000,-2.450000,-30.816327,-25.520516,2.737181,75.937454,69.231360,62.525265,55.819170,49.113076,,,,,,,,,,73.530000,65.483333,65.940000,69.405833,73.530000,83.804158,63.255842,78.667079,68.392921
2024-10-23,75.300000,2024-08-14,2024-06-30,-0.830000,-2.450000,-30.734694,-25.572831,2.776394,76.257767,69.455602,62.653436,55.851271,49.049105,,,,,,,,,,73.850000,65.680000,66.023333,69.413750,73.850000,83.913483,63.786517,78.881741,68.818259
2024-10-24,75.300000,2024-08-14,2024-06-30,-0.830000,-2.450000,-30.734694,-25.622025,2.815175,76.568319,69.671139,62.773960,55.876781,48.979602,,,,,,,,,,74.170000,65.871667,66.098333,69.426250,74.170000,83.974424,64.365576,79.072212,69.267788
2024-10-25,71.700000,2024-08-14,2024-06-30,-0.830000,-2.450000,-29.265306,-25.658973,2.833747,76.749847,69.807166,62.864485,55.921804,48.979122,,,,,,,,,,74.350000,66.048333,66.143333,69.427917,74.350000,83.811390,64.888610,79.080695,69.619305
2024-10-28,69.800000,2024-08-14,2024-06-30,-0.830000,-2.450000,-28.489796,-25.691020,2.843902,76.878117,69.910558,62.942999,55.975440,49.007882,,,,,,,,,,74.470000,66.188333,66.176667,69.426250,74.470000,83.615859,65.324141,79.042929,69.897071
2024-10-29,69.900000,2024-08-14,2024-06-30,-0.830000,-2.450000,-28.530612,-25.724031,2.853745,77.007228,70.015552,63.023876,56.032200,49.040524,,,,,,,,,,74.620000,66.328333,66.212500,69.421667,74.620000,83.331179,65.908821,78.975589,70.264411
2024-10-30,67.500000,2024-08-14,2024-06-30,-0.830000,-2.450000,-27.551020,-25.748879,2.856586,77.082025,70.083389,63.084753,56.086117,49.087482,,,,,,,,,,74.640000,66.400000,66.228333,69.401667,74.640000,83.280029,65.999971,78.960015,70.319985
2024-11-01,67.300000,2024-08-14,2024-06-30,-0.830000,-2.450000,-27.469388,-25.773983,2.858373,77.152286,70.149272,63.146258,56.143243,49.140229,,,,,,,,,,74.685000,66.501667,66.245000,69.377917,74.685000,83.151970,66.218030,78.918485,70.451515
2024-11-04,67.500000,2024-08-14,2024-06-30,-0.830000,-2.450000,-27.551020,-25.793837,2.862404,77.220679,70.207789,63.194900,56.182010,49.169121,,,,,,,,,,74.660000,66.708333,66.247500,69.346667,74.660000,83.212599,66.107401,78.936299,70.383701
2024-11-05,67.600000,2024-08-14,2024-06-30,-0.830000,-2.450000,-27.591837,-25.816840,2.865695,77.293161,70.272209,63.251258,56.230306,49.209354,,,,,,,,,,74.320000,66.963333,66.258333,69.307500,74.320000,83.438079,65.201921,78.879040,69.760960
2024-11-06,67.600000,2024-08-14,2024-06-30,-0.830000,-2.450000,-27.591837,-25.840467,2.868566,77.365118,70.337131,63.309145,56.281158,49.253171,,,,,,,,,,73.810000,67.155000,66.270833,69.254167,73.810000,83.244070,64.375930,78.527035,69.092965
2024-11-07,68.600000,2024-08-14,2024-06-30,-0.830000,-2.450000,-28.000000,-25.869369,2.872739,77.456373,70.418163,63.379953,56.341743,49.303533,,,,,,,,,,73.370000,67.370000,66.296667,69.206667,73.370000,82.919230,63.820770,78.144615,68.595385
2024-11-08,68.300000,2024-08-14,2024-06-30,-0.830000,-2.450000,-27.877551,-25.900371,2.874181,77.539395,70.497651,63.455908,56.414165,49.372421,,,,,,,,,,73.005000,67.578333,66.328333,69.162083,73.005000,82.751357,63.258643,77.878178,68.131822
2024-11-11,69.100000,2024-08-14,2024-06-30,-0.830000,-2.450000,-28.204082,-25.937332,2.875056,77.634241,70.590353,63.546465,56.502576,49.458688,,,,,,,,,,72.695000,67.798333,66.373333,69.127917,72.695000,82.528022,62.861978,77.611511,67.778489
2024-11-12,68.600000,2024-08-14,2024-06-30,-0.830000,-2.450000,-28.000000,-25.971039,2.875333,77.718179,70.673612,63.629045,56.584479,49.539912,,,,,,,,,,72.275000,68.011667,66.410000,69.094583,72.275000,82.051206,62.498794,77.163103,67.386897
2024-11-13,69.600000,2024-08-14,2024-06-30,-0.830000,-2.450000,-28.408163,-26.006592,2.878899,77.822757,70.769454,63.716150,56.662847,49.609544,,,,,,,,,,71.725000,68.243333,66.450833,69.057083,71.725000,80.737010,62.712990,76.231005,67.218995
2024-11-14,68.800000,2024-11-14,2024-09-30,-1.020000,-3.290000,-20.911854,-25.979676,2.911396,104.630121,95.051627,85.473134,75.894640,66.316146,,,,,,,,,,71.185000,68.456667,66.485000,69.015833,71.185000,79.475584,62.894416,75.330292,67.039708
2024-11-15,67.700000,2024-11-14,2024-09-30,-1.020000,-3.290000,-20.577508,-25.949663,2.948443,104.775143,95.074766,85.374390,75.674013,65.973637,,,,,,,,,,70.565000,68.641667,66.509167,68.968750,70.565000,77.840995,63.289005,74.202998,66.927002
2024-11-18,66.800000,2024-11-14,2024-09-30,-1.020000,-3.290000,-20.303951,-25.915193,2.990121,104.935978,95.098482,85.260985,75.423488,65.585992,,,,,,,,,,69.980000,68.800000,66.520000,68.924583,69.980000,76.400887,63.559113,73.190443,66.769557
2024-11-19,71.000000,2024-11-14,2024-09-30,-1.020000,-3.290000,-21.580547,-25.891984,3.012971,105.009974,95.097300,85.184626,75.271952,65.359278,,,,,,,,,,69.675000,69.016667,66.567500,68.895833,69.675000,75.187044,64.162956,72.431022,66.918978
2024-11-20,68.900000,2024-11-14,2024-09-30,-1.020000,-3.290000,-20.942249,-25.858480,3.045568,105.114238,95.094319,85.074399,75.054480,65.034561,,,,,,,,,,69.345000,69.190000,66.584167,68.854167,69.345000,74.131153,64.558847,71.738077,66.951923
2024-11-21,70.200000,2024-11-14,2024-09-30,-1.020000,-3.290000,-21.337386,-25.829513,3.072007,105.192906,95.086002,84.979098,74.872193,64.765289,,,,,,,,,,69.090000,69.378333,66.615000,68.821667,69.090000,73.004292,65.175708,71.047146,67.132854
2024-11-22,72.100000,2024-11-14,2024-09-30,-1.020000,-3.290000,-21.914894,-25.805669,3.091295,105.241375,95.071014,84.900652,74.730291,64.559930,,,,,,,,,,68.930000,69.585000,66.662500,68.795000,68.930000,71.930421,65.929579,70.430211,67.429789
2024-11-25,74.300000,2024-11-14,2024-09-30,-1.020000,-3.290000,-22.583587,-25.789264,3.103204,105.265760,95.056219,84.846678,74.637138,64.427597,,,,,,,,,,69.060000,69.840000,66.733333,68.781667,69.060000,72.718818,65.401182,70.889409,67.230591
2024-11-26,73.300000,2024-11-14,2024-09-30,-1.020000,-3.290000,-22.279635,-25.776234,3.114705,105.298570,95.051189,84.803808,74.556428,64.309047,,,,,,,,,,69.235000,70.070000,66.811667,68.758333,69.235000,73.349301,65.120699,71.292151,67.177849
2024-11-27,72.000000,2024-11-14,2024-09-30,-1.020000,-3.290000,-21.884498,-25.759599,3.130206,105.345835,95.047459,84.749082,74.450705,64.152329,,,,,,,,,,69.340000,70.286667,66.878333,68.719167,69.340000,73.629228,65.050772,71.484614,67.195386
2024-11-28,71.300000,2024-11-14,2024-09-30,-1.020000,-3.290000,-21.671733,-25.741503,3.147606,105.400793,95.045169,84.689545,74.333922,63.978298,,,,,,,,,,69.530000,70.493333,66.940000,68.673750,69.530000,73.812695,65.247305,71.671347,67.388653
2024-11-29,73.200000,2024-11-14,2024-09-30,-1.020000,-3.290000,-22.249240,-25.729463,3.158249,105.431212,95.040573,84.649934,74.259295,63.868657,,,,,,,,,,69.825000,70.675000,67.020833,68.602083,69.825000,74.270637,65.379363,72.047818,67.602182
2024-12-02,80.500000,2024-11-14,2024-09-30,-1.020000,-3.290000,-24.468085,-25.737468,3.153784,105.428168,95.052220,84.676271,74.300323,63.924374,,,,,,,,,,70.475000,70.890000,67.166667,68.562083,70.475000,76.865412,64.084588,73.670206,67.279794
2024-12-03,88.500000,2024-11-14,2024-09-30,-1.020000,-3.290000,-26.899696,-25.764493,3.149696,105.490181,95.127682,84.765183,74.402684,64.040184,,,,,,,,,,71.520000,71.256667,67.375833,68.579167,71.520000,81.663933,61.376067,76.591966,66.448034
2024-12-04,97.300000,2024-11-14,2024-09-30,-1.020000,-3.290000,-29.574468,-25.811009,3.164490,105.740567,95.329394,84.918221,74.507048,64.095874,,,,,,,,,,73.005000,71.831667,67.650833,68.640000,73.005000,88.180531,57.829469,80.592765,65.417235
2024-12-05,107.000000,2024-11-14,2024-09-30,-1.020000,-3.290000,-32.522796,-25.884271,3.217266,106.328860,95.744057,85.159253,74.574450,63.989646,,,,,,,,,,74.925000,72.591667,68.012500,68.746250,74.925000,96.231967,53.618033,85.578483,64.271517
2024-12-06,108.500000,2024-11-14,2024-09-30,-1.020000,-3.290000,-32.978723,-25.958534,3.277261,106.967957,96.185768,85.403578,74.621389,63.839200,,,,,,,,,,76.935000,73.290000,68.379167,68.860833,76.935000,102.723718,51.146282,89.829359,64.040641
2024-12-09,108.500000,2024-11-14,2024-09-30,-1.020000,-3.290000,-32.978723,-26.031243,3.335391,107.589658,96.616223,85.642789,74.669354,63.695919,,,,,,,,,,78.905000,73.993333,68.741667,68.982083,78.905000,107.983368,49.826632,93.444184,64.365816
2024-12-10,105.000000,2024-11-14,2024-09-30,-1.020000,-3.290000,-31.914894,-26.095086,3.374177,108.054918,96.953875,85.852832,74.751789,63.650747,,,,,,,,,,80.725000,74.645000,69.075000,69.096667,80.725000,111.589313,49.860687,96.157156,65.292844
2024-12-11,97.800000,2024-11-14,2024-09-30,-1.020000,-3.290000,-29.726444,-26.127632,3.390307,108.268132,97.114021,85.959909,74.805798,63.651686,,,,,,,,,,82.135000,75.158333,69.313333,69.184583,82.135000,113.432908,50.837092,97.783954,66.486046
2024-12-12,95.400000,2024-11-14,2024-09-30,-1.020000,-3.290000,-28.996960,-26.156276,3.399975,108.425985,97.240066,86.054147,74.868229,63.682310,,,,,,,,,,83.465000,75.533333,69.537500,69.260000,83.465000,114.637409,52.292591,99.051204,67.878796
2024-12-13,93.000000,2024-11-14,2024-09-30,-1.020000,-3.290000,-28.267477,-26.183816,3.403608,108.540497,97.342625,86.144754,74.946882,63.749010,,,,,,,,,,84.730000,75.913333,69.755000,69.328333,84.730000,115.255372,54.204628,99.992686,69.467314
2024-12-16,90.700000,2024-11-14,2024-09-30,-1.020000,-3.290000,-27.568389,-26.199933,3.405563,108.606385,97.402082,86.197779,74.993476,63.789173,,,,,,,,,,85.925000,76.291667,69.938333,69.394583,85.925000,115.346215,56.503785,100.635608,71.214392
2024-12-17,88.000000,2024-11-14,2024-09-30,-1.020000,-3.290000,-26.747720,-26.211077,3.405146,108.640304,97.437373,86.234443,75.031512,63.828582,,,,,,,,,,86.775000,76.586667,70.104167,69.455000,86.775000,115.350799,58.199201,101.062900,72.487100
2024-12-18,88.800000,2024-11-14,2024-09-30,-1.020000,-3.290000,-26.990881,-26.228600,3.403691,108.688380,97.490238,86.292095,75.093953,63.895810,,,,,,,,,,87.770000,76.881667,70.288333,69.517917,87.770000,115.083085,60.456915,101.426543,74.113457
2024-12-19,83.300000,2024-11-14,2024-09-30,-1.020000,-3.290000,-25.319149,-26.231882,3.402613,108.692087,97.497489,86.302891,75.108293,63.913695,,,,,,,,,,88.425000,77.121667,70.425833,69.562500,88.425000,114.567192,62.282808,101.496096,75.353904
2024-12-20,84.000000,2024-11-14,2024-09-30,-1.020000,-3.290000,-25.531915,-26.236314,3.401341,108.698301,97.507888,86.317475,75.127061,63.936648,,,,,,,,,,89.020000,77.373333,70.567500,69.610000,89.020000,114.118593,63.921407,101.569296,76.470704
2024-12-23,84.500000,2024-11-14,2024-09-30,-1.020000,-3.290000,-25.683891,-26.242946,3.399466,108.707778,97.523536,86.339294,75.155051,63.970809,,,,,,,,,,89.530000,77.646667,70.715833,69.662917,89.530000,113.768994,65.291006,101.649497,77.410503
2024-12-24,81.700000,2024-11-14,2024-09-30,-1.020000,-3.290000,-24.832827,-26.241864,3.399897,108.707058,97.521396,86.335733,75.150071,63.964408,,,,,,,,,,89.950000,77.885000,70.839167,69.700000,89.950000,113.278907,66.621093,101.614453,78.285547
2024-12-25,82.000000,2024-11-14,2024-09-30,-1.020000,-3.290000,-24.924012,-26.244029,3.398967,108.708059,97.525458,86.342857,75.160256,63.977655,,,,,,,,,,90.450000,78.136667,70.971667,69.715000,90.450000,112.555632,68.344368,101.502816,79.397184
2024-12-26,83.300000,2024-11-14,2024-09-30,-1.020000,-3.290000,-25.319149,-26.248866,3.397220,108.712473,97.535620,86.358768,75.181916,64.005063,,,,,,,,,,91.050000,78.406667,71.113333,69.752500,91.050000,111.560998,70.539002,101.305499,80.794501
2024-12-27,82.900000,2024-11-14,2024-09-30,-1.020000,-3.290000,-25.197568,-26.253311,3.395477,108.715632,97.544512,86.373392,75.202272,64.031152,,,,,,,,,,91.535000,78.681667,71.253333,69.788750,91.535000,110.682216,72.387784,101.108608,81.961392
2024-12-30,82.900000,2024-11-14,2024-09-30,-1.020000,-3.290000,-25.197568,-26.257445,3.393874,108.718681,97.552837,86.386993,75.221148,64.055304,,,,,,,,,,91.655000,78.930000,71.392500,69.829167,91.655000,110.539299,72.770701,101.097149,82.212851
2024-12-31,85.700000,2024-11-14,2024-09-30,-1.020000,-3.290000,-26.048632,-26.264007,3.392692,108.732496,97.570539,86.408581,75.246624,64.084667,,,,,,,,,,91.515000,79.118333,71.542500,69.885417,91.515000,110.538783,72.491217,101.026891,82.003109
2025-01-02,83.000000,2024-11-14,2024-09-30,-1.020000,-3.290000,-25.227964,-26.244762,3.391959,108.664354,97.504810,86.345267,75.185723,64.026180,,,,,,,,,,90.800000,79.205000,71.619167,69.935417,90.800000,109.982558,71.617442,100.391279,81.208721
2025-01-03,83.000000,2024-11-14,2024-09-30,-1.020000,-3.290000,-25.227964,-26.222719,3.389882,108.578167,97.425456,86.272745,75.120034,63.967323,,,,,,,,,,89.600000,79.298333,71.688333,69.981250,89.600000,107.473591,71.726409,98.536796,80.663204
2025-01-06,84.700000,2024-11-14,2024-09-30,-1.020000,-3.290000,-25.744681,-26.210579,3.388956,108.532132,97.382468,86.232804,75.083140,63.933476,,,,,,,,,,88.410000,79.450000,71.786667,70.030833,88.410000,104.009852,72.810148,96.209926,80.610074
2025-01-07,82.100000,2024-11-14,2024-09-30,-1.020000,-3.290000,-24.954407,-26.197139,3.390727,108.499571,97.344079,86.188588,75.033096,63.877604,,,,,,,,,,87.090000,79.563333,71.877500,70.080000,87.090000,99.716605,74.463395,93.403303,80.776697
2025-01-08,83.500000,2024-11-14,2024-09-30,-1.020000,-3.290000,-25.379939,-26.187867,3.391434,108.473717,97.315900,86.158084,75.000268,63.842451,,,,,,,,,,86.015000,79.671667,71.981667,70.138750,86.015000,95.488570,76.541430,90.751785,81.278215
2025-01-09,81.900000,2024-11-14,2024-09-30,-1.020000,-3.290000,-24.893617,-26.182317,3.393015,108.465861,97.302841,86.139822,74.976803,63.813784,,,,,,,,,,85.220000,79.693333,72.093333,70.189167,85.220000,93.056648,77.383352,89.138324,81.301676
2025-01-10,86.800000,2024-11-14,2024-09-30,-1.020000,-3.290000,-26.382979,-26.190732,3.392243,108.488470,97.327990,86.167509,75.007028,63.846547,,,,,,,,,,84.790000,79.813333,72.250000,70.259167,84.790000,91.062379,78.517621,87.926189,81.653811
2025-01-13,78.200000,2024-11-14,2024-09-30,-1.020000,-3.290000,-23.768997,-26.176742,3.398789,108.485511,97.303497,86.121483,74.939468,63.757454,,,,,,,,,,84.050000,79.781667,72.333333,70.287083,84.050000,89.705924,78.394076,86.877962,81.222038
2025-01-14,75.200000,2024-11-14,2024-09-30,-1.020000,-3.290000,-22.857143,-26.158263,3.410838,108.503999,97.282343,86.060687,74.839030,63.617374,,,,,,,,,,83.275000,79.726667,72.400000,70.307917,83.275000,89.328055,77.221945,86.301527,80.248473
2025-01-15,73.100000,2024-11-14,2024-09-30,-1.020000,-3.290000,-22.218845,-26.141617,3.425239,108.543990,97.274955,86.005920,74.736885,63.467849,,,,,,,,,,82.530000,79.660000,72.468333,70.330417,82.530000,89.699262,75.360738,86.114631,78.945369
2025-01-16,76.600000,2024-11-14,2024-09-30,-1.020000,-3.290000,-23.282675,-26.139433,3.426992,108.548339,97.273536,85.998734,74.723931,63.449129,,,,,,,,,,81.920000,79.678333,72.580833,70.370000,81.920000,88.917022,74.922978,85.418511,78.421489
2025-01-17,73.100000,2024-11-14,2024-09-30,-1.020000,-3.290000,-22.218845,-26.127140,3.438464,108.583383,97.270836,85.958289,74.645742,63.333195,,,,,,,,,,81.410000,79.641667,72.660833,70.394167,81.410000,89.399967,73.420033,85.404984,77.415016
2025-01-20,79.000000,2024-11-14,2024-09-30,-1.020000,-3.290000,-24.012158,-26.128858,3.437346,108.581677,97.272810,85.963942,74.655075,63.346207,,,,,,,,,,81.160000,79.703333,72.787500,70.439167,81.160000,89.121592,73.198408,85.140796,77.179204
2025-01-21,79.100000,2024-11-14,2024-09-30,-1.020000,-3.290000,-24.042553,-26.139225,3.429083,108.561417,97.279733,85.998050,74.716366,63.434683,,,,,,,,,,80.890000,79.826667,72.937500,70.484583,80.890000,88.740149,73.039851,84.815075,76.964925
2025-01-22,80.400000,2024-11-14,2024-09-30,-1.020000,-3.290000,-24.437690,-26.151952,3.419820,108.542341,97.291131,86.039922,74.788712,63.537503,,,,,,,,,,80.825000,80.003333,73.095833,70.535000,80.825000,88.668435,72.981565,84.746718,76.903282
2025-02-03,75.800000,2024-11-14,2024-09-30,-1.020000,-3.290000,-23.039514,-26.152716,3.419108,108.540170,97.291303,86.042437,74.793571,63.544705,,,,,,,,,,80.515000,80.101667,73.215000,70.565000,80.515000,88.647657,72.382343,84.581328,76.448672
2025-02-04,74.300000,2024-11-14,2024-09-30,-1.020000,-3.290000,-22.583587,-26.144396,3.426624,108.562244,97.288653,86.015062,74.741470,63.467879,,,,,,,,,,80.065000,80.215000,73.307500,70.591250,80.065000,88.537687,71.592313,84.301343,75.828657
2025-02-05,75.900000,2024-11-14,2024-09-30,-1.020000,-3.290000,-23.069909,-26.146346,3.424790,108.556600,97.289040,86.021479,74.753919,63.486359,,,,,,,,,,79.715000,80.358333,73.430000,70.617917,79.715000,88.272490,71.157510,83.993745,75.436255
2025-02-06,76.900000,2024-11-14,2024-09-30,-1.020000,-3.290000,-23.373860,-26.169798,3.395726,108.442511,97.270572,86.098634,74.926696,63.754758,,,,,,,,,,79.415000,80.515000,73.611667,70.647500,79.415000,87.922897,70.907103,83.668949,75.161051
2025-02-07,81.000000,2024-11-14,2024-09-30,-1.020000,-3.290000,-24.620061,-26.212340,3.343224,108.237016,97.237808,86.238600,75.239392,64.240184,,,,,,,,,,79.180000,80.738333,73.850833,70.695000,79.180000,87.202757,71.157243,83.191379,75.168621
2025-02-10,79.000000,2024-11-14,2024-09-30,-1.020000,-3.290000,-24.012158,-26.238001,3.314051,108.129482,97.226253,86.323025,75.419796,64.516568,,,,,,,,,,78.980000,80.928333,74.041667,70.732500,78.980000,86.798628,71.161372,82.889314,75.070686
2025-02-11,79.900000,2024-11-14,2024-09-30,-1.020000,-3.290000,-24.285714,-26.267186,3.280869,108.007158,97.213100,86.419042,75.624984,64.830925,,,,,,,,,,78.825000,81.116667,74.243333,70.777917,78.825000,86.428012,71.221988,82.626506,75.023494
2025-02-12,80.500000,2024-11-14,2024-09-30,-1.020000,-3.290000,-24.468085,-26.297579,3.246707,107.882368,97.200702,86.519035,75.837369,65.155703,,,,,,,,,,78.615000,81.320000,74.449167,70.829167,78.615000,85.752529,71.477471,82.183764,75.046236
2025-02-13,85.900000,2024-11-14,2024-09-30,-1.020000,-3.290000,-26.109422,-26.341339,3.207935,107.771217,97.217111,86.663006,76.108901,65.554796,,,,,,,,,,78.805000,81.600000,74.699167,70.891667,78.805000,86.512679,71.097321,82.658840,74.951160
2025-02-14,84.200000,2024-11-14,2024-09-30,-1.020000,-3.290000,-25.592705,-26.381104,3.168259,107.640978,97.217405,86.793833,76.370261,65.946689,,,,,,,,,,78.840000,81.860000,74.935833,70.942083,78.840000,86.643211,71.036789,82.741606,74.938394
2025-02-17,83.500000,2024-11-14,2024-09-30,-1.020000,-3.290000,-25.379939,-26.403148,3.151835,107.605432,97.235895,86.866357,76.496820,66.127282,,,,,,,,,,78.920000,82.091667,75.167500,70.990000,78.920000,86.886403,70.953597,82.903202,74.936798
2025-02-18,82.700000,2024-11-14,2024-09-30,-1.020000,-3.290000,-25.136778,-26.422145,3.137118,107.571096,97.249977,86.928857,76.607738,66.286618,,,,,,,,,,78.715000,82.323333,75.390000,71.034583,78.715000,86.010355,71.419645,82.362678,75.067322
2025-02-19,82.900000,2024-11-14,2024-09-30,-1.020000,-3.290000,-25.197568,-26.439608,3.124288,107.544124,97.265217,86.986310,76.707402,66.428495,,,,,,,,,,78.950000,82.576667,75.609167,71.072500,78.950000,86.474696,71.425304,82.712348,75.187652
2025-02-20,83.000000,2024-11-14,2024-09-30,-1.020000,-3.290000,-25.227964,-26.454943,3.113681,107.524781,97.280771,87.036762,76.792753,66.548743,,,,,,,,,,79.340000,82.846667,75.823333,71.118750,79.340000,86.854869,71.825131,83.097435,75.582565
2025-02-21,86.000000,2024-11-14,2024-09-30,-1.020000,-3.290000,-26.139818,-26.475496,3.103289,107.524022,97.314202,87.104381,76.894560,66.684740,,,,,,,,,,79.985000,83.096667,76.056667,71.181250,79.985000,87.459103,72.510897,83.722051,76.247949
2025-02-24,85.900000,2024-11-14,2024-09-30,-1.020000,-3.290000,-26.109422,-26.494095,3.094263,107.525821,97.345696,87.165571,76.985447,66.805322,,,,,,,,,,80.450000,83.380000,76.285000,71.237500,80.450000,88.189849,72.710151,84.319925,76.580075
2025-02-25,84.600000,2024-11-14,2024-09-30,-1.020000,-3.290000,-25.714286,-26.508040,3.086876,107.523093,97.367273,87.211452,77.055632,66.899811,,,,,,,,,,81.025000,83.620000,76.499167,71.269167,81.025000,88.150012,73.899988,84.587506,77.462494
2025-02-26,84.500000,2024-11-14,2024-09-30,-1.020000,-3.290000,-25.683891,-26.519011,3.081538,107.524069,97.385808,87.247548,77.109287,66.971026,,,,,,,,,,81.300000,83.826667,76.705833,71.296250,81.300000,88.519856,74.080144,84.909928,77.690072
2025-02-27,86.500000,2024-11-14,2024-09-30,-1.020000,-3.290000,-26.291793,-26.537429,3.073442,107.531392,97.419768,87.308143,77.196518,67.084893,,,,,,,,,,81.670000,84.030000,76.935000,71.340000,81.670000,89.168238,74.171762,85.419119,77.920881
2025-03-03,80.900000,2024-11-14,2024-09-30,-1.020000,-3.290000,-24.589666,-26.539962,3.071696,107.528233,97.422355,87.316476,77.210598,67.104719,,,,,,,,,,81.695000,84.156667,77.113333,71.355000,81.695000,89.178730,74.211270,85.436865,77.953135
2025-03-04,79.700000,2024-11-14,2024-09-30,-1.020000,-3.290000,-24.224924,-26.541156,3.070760,107.526003,97.423204,87.320405,77.217606,67.114806,,,,,,,,,,81.890000,84.285000,77.285833,71.361250,81.890000,88.916237,74.863763,85.403118,78.376882
2025-03-05,80.300000,2024-11-14,2024-09-30,-1.020000,-3.290000,-24.407295,-26.544210,3.068433,107.520744,97.425598,87.330452,77.235306,67.140160,,,,,,,,,,82.190000,84.435000,77.464167,71.362500,82.190000,88.305003,76.074997,85.247502,79.132498
2025-03-06,80.700000,2024-11-14,2024-09-30,-1.020000,-3.290000,-24.528875,-26.536713,3.072279,107.521382,97.413584,87.305786,77.197988,67.090190,,,,,,,,,,82.430000,84.560000,77.617500,71.378750,82.430000,87.841917,77.018083,85.135958,79.724042
2025-03-07,79.400000,2024-11-14,2024-09-30,-1.020000,-3.290000,-24.133739,-26.507895,3.078511,107.467578,97.339277,87.210976,77.082675,66.954375,,,,,,,,,,82.555000,84.541667,77.715833,71.407083,82.555000,87.526699,77.583301,85.040849,80.069151
2025-03-10,79.200000,2024-11-14,2024-09-30,-1.020000,-3.290000,-24.072948,-26.482313,3.085937,107.432272,97.279541,87.126810,76.974078,66.821347,,,,,,,,,,82.465000,84.386667,77.821667,71.440000,82.465000,87.617118,77.312882,85.041059,79.888941
2025-03-11,79.900000,2024-11-14,2024-09-30,-1.020000,-3.290000,-24.285714,-26.471088,3.091498,107.431935,97.260908,87.089881,76.918854,66.747827,,,,,,,,,,82.510000,84.096667,77.964167,71.474583,82.510000,87.549173,77.470827,85.029586,79.990414
2025-03-12,79.500000,2024-11-14,2024-09-30,-1.020000,-3.290000,-24.164134,-26.463613,3.096017,107.437077,97.251181,87.065286,76.879390,66.693495,,,,,,,,,,82.490000,83.638333,78.115000,71.516667,82.490000,87.575749,77.404251,85.032874,79.947126
2025-03-13,77.900000,2024-11-14,2024-09-30,-1.020000,-3.290000,-23.677812,-26.434397,3.105691,107.404616,97.186891,86.969167,76.751442,66.533718,,,,,,,,,,82.360000,83.128333,78.209167,71.547083,82.360000,87.781750,76.938250,85.070875,79.649125
2025-03-14,78.600000,2024-11-14,2024-09-30,-1.020000,-3.290000,-23.890578,-26.407975,3.113791,107.370980,97.126609,86.882238,76.637867,66.393497,,,,,,,,,,81.995000,82.630000,78.311667,71.583750,81.995000,87.396160,76.593840,84.695580,79.294420
2025-03-17,79.900000,2024-11-14,2024-09-30,-1.020000,-3.290000,-24.285714,-26.386206,3.119462,107.336680,97.073650,86.810619,76.547588,66.284558,,,,,,,,,,81.780000,82.211667,78.428333,71.624583,81.780000,87.153855,76.406145,84.466927,79.093073
2025-03-18,80.600000,2024-11-14,2024-09-30,-1.020000,-3.290000,-24.498480,-26.362469,3.122926,107.281376,97.006950,86.732524,76.458098,66.183672,,,,,,,,,,81.635000,81.925000,78.541667,71.671667,81.635000,86.969801,76.300199,84.302401,78.967599
2025-03-19,82.500000,2024-11-14,2024-09-30,-1.020000,-3.290000,-25.075988,-26.323477,3.109392,107.064037,96.834137,86.604238,76.374339,66.144440,,,,,,,,,,81.625000,81.710000,78.621667,71.729167,81.625000,86.952140,76.297860,84.288570,78.961430
2025-03-20,81.500000,2024-11-14,2024-09-30,-1.020000,-3.290000,-24.772036,-26.291135,3.105138,106.929644,96.713739,86.497833,76.281928,66.066022,,,,,,,,,,81.555000,81.518333,78.715833,71.781667,81.555000,86.848283,76.261717,84.201641,78.908359
2025-03-21,81.900000,2024-11-14,2024-09-30,-1.020000,-3.290000,-24.893617,-26.267289,3.104789,106.848891,96.634136,86.419381,76.204626,65.989870,,,,,,,,,,81.500000,81.371667,78.831667,71.828750,81.500000,86.752769,76.247231,84.126384,78.873616
2025-03-24,77.600000,2024-11-14,2024-09-30,-1.020000,-3.290000,-23.586626,-26.224729,3.106250,106.718485,96.498921,86.279357,76.059793,65.840230,,,,,,,,,,81.080000,81.198333,78.892500,71.856667,81.080000,86.158168,76.001832,83.619084,78.540916
2025-03-25,77.200000,2024-11-14,2024-09-30,-1.020000,-3.290000,-23.465046,-26.178434,3.105632,106.562106,96.344577,86.127048,75.909519,65.691989,,,,,,,,,,80.645000,81.005000,78.943333,71.891250,80.645000,85.468833,75.821167,83.056917,78.233083
2025-03-26,76.700000,2024-11-14,2024-09-30,-1.020000,-3.290000,-23.313070,-26.138356,3.111361,106.467945,96.231568,85.995190,75.758813,65.522436,,,,,,,,,,80.250000,80.895000,79.008333,71.923333,80.250000,85.003503,75.496497,82.626751,77.873249
2025-03-27,75.700000,2024-11-14,2024-09-30,-1.020000,-3.290000,-23.009119,-26.095745,3.118965,106.377788,96.116394,85.855000,75.593606,65.332212,,,,,,,,,,79.810000,80.756667,79.065000,71.954583,79.810000,84.536142,75.083858,82.173071,77.446929
2025-03-28,72.300000,2024-11-14,2024-09-30,-1.020000,-3.290000,-21.975684,-26.047243,3.137503,106.340198,96.017813,85.695429,75.373044,65.050659,,,,,,,,,,79.100000,80.553333,79.100000,71.960000,79.100000,83.860805,74.339195,81.480402,76.719598
2025-03-31,66.000000,2025-03-31,2024-12-31,-0.880000,-3.570000,-18.487395,-25.972053,3.209439,115.635625,104.177927,92.720228,81.262529,69.804831,,,,,,,,,,78.355000,80.291667,79.088333,71.941667,78.355000,85.823242,70.886758,82.089121,74.620879
2025-04-01,68.600000,2025-03-31,2024-12-31,-0.880000,-3.570000,-19.215686,-25.904632,3.265664,115.796380,104.137959,92.479537,80.821116,69.162695,,,,,,,,,,77.800000,80.068333,79.102500,71.939583,77.800000,86.409909,69.190091,82.104954,73.495046
2025-04-02,68.900000,2025-03-31,2024-12-31,-0.880000,-3.570000,-19.299720,-25.837232,3.317845,115.928329,104.083623,92.238918,80.394213,68.549508,,,,,,,,,,77.230000,79.828333,79.117500,71.937917,77.230000,86.617360,67.842640,81.923680,72.536320
2025-04-07,62.100000,2025-03-31,2024-12-31,-0.880000,-3.570000,-17.394958,-25.756340,3.403965,116.254440,104.102286,91.950133,79.797979,67.645826,,,,,,,,,,76.300000,79.481667,79.081667,71.908333,76.300000,87.707846,64.892154,82.003923,70.596077
2025-04-08,55.900000,2025-03-31,2024-12-31,-0.880000,-3.570000,-15.658263,-25.655533,3.521371,116.732843,104.161547,91.590252,79.018956,66.447660,,,,,,,,,,75.125000,79.031667,78.980833,71.855833,75.125000,89.613453,60.636547,82.369226,67.880774
2025-04-09,50.400000,2025-03-31,2024-12-31,-0.880000,-3.570000,-14.117647,-25.520119,3.648791,117.159194,104.133009,91.106823,78.080638,65.054452,,,,,,,,,,73.685000,78.443333,78.780833,71.780417,73.685000,91.751226,55.618774,82.718113,64.651887
2025-04-10,55.400000,2025-03-31,2024-12-31,-0.880000,-3.570000,-15.518207,-25.384811,3.716072,117.156532,103.890154,90.623776,77.357397,64.091019,,,,,,,,,,72.460000,77.983333,78.594167,71.727500,72.460000,92.013156,52.906844,82.236578,62.683422
2025-04-11,56.500000,2025-03-31,2024-12-31,-0.880000,-3.570000,-15.826331,-25.253432,3.773036,117.094228,103.624490,90.154752,76.685014,63.215275,,,,,,,,,,71.310000,77.541667,78.420000,71.679583,71.310000,91.802659,50.817341,81.556329,61.063671
2025-04-14,57.400000,2025-03-31,2024-12-31,-0.880000,-3.570000,-16.078431,-25.130276,3.829364,117.056742,103.385914,89.715085,76.044257,62.373428,,,,,,,,,,70.285000,77.086667,78.268333,71.640833,70.285000,91.430140,49.139860,80.857570,59.712430
2025-04-15,60.800000,2025-03-31,2024-12-31,-0.880000,-3.570000,-17.030812,-25.016077,3.864997,116.903473,103.105434,89.307395,75.509355,61.711316,,,,,,,,,,69.395000,76.731667,78.147500,71.627500,69.395000,90.564936,48.225064,79.979968,58.810032
2025-04-16,59.100000,2025-03-31,2024-12-31,-0.880000,-3.570000,-16.554622,-24.892127,3.895999,116.682330,102.773612,88.864895,74.956177,61.047459,,,,,,,,,,68.355000,76.325000,77.998333,71.602083,68.355000,89.395260,47.314740,78.875130,57.834870
2025-04-17,59.100000,2025-03-31,2024-12-31,-0.880000,-3.570000,-16.554622,-24.755933,3.899443,116.220706,102.299693,88.378680,74.457668,60.536655,,,,,,,,,,67.280000,75.945000,77.819167,71.577917,67.280000,87.878375,46.681625,77.579187,56.980813
2025-04-18,60.800000,2025-03-31,2024-12-31,-0.880000,-3.570000,-17.030812,-24.627108,3.897151,115.744435,101.831605,87.918776,74.005946,60.093116,,,,,,,,,,66.195000,75.511667,77.662500,71.568333,66.195000,85.673406,46.716594,75.934203,56.455797
2025-04-21,61.600000,2025-03-31,2024-12-31,-0.880000,-3.570000,-17.254902,-24.498450,3.883424,115.187114,101.323290,87.459466,73.595642,59.731818,,,,,,,,,,65.200000,75.235000,77.508333,71.565417,65.200000,83.376098,47.023902,74.288049,56.111951
2025-04-22,61.600000,2025-03-31,2024-12-31,-0.880000,-3.570000,-17.254902,-24.375234,3.876667,114.698985,100.859285,87.019585,73.179885,59.340185,,,,,,,,,,64.185000,75.008333,77.367500,71.556250,64.185000,80.618121,47.751879,72.401561,55.968439
2025-04-23,64.700000,2025-03-31,2024-12-31,-0.880000,-3.570000,-18.123249,-24.264016,3.862851,114.203295,100.412916,86.622537,72.832158,59.041779,,,,,,,,,,63.540000,74.868333,77.264167,71.557917,63.540000,78.721069,48.358931,71.130534,55.949466
2025-04-24,64.900000,2025-03-31,2024-12-31,-0.880000,-3.570000,-18.179272,-24.158707,3.854969,113.771062,100.008824,86.246585,72.484347,58.722108,,,,,,,,,,62.925000,74.673333,77.175833,71.557917,62.925000,76.708266,49.141734,69.816633,56.033367
2025-04-25,66.100000,2025-03-31,2024-12-31,-0.880000,-3.570000,-18.515406,-24.056880,3.841166,113.308987,99.596024,85.883061,72.170098,58.457135,,,,,,,,,,62.395000,74.556667,77.099167,71.561250,62.395000,74.682002,50.107998,68.538501,56.251499
2025-04-28,70.200000,2025-03-31,2024-12-31,-0.880000,-3.570000,-19.663866,-23.964623,3.812272,112.773323,99.163514,85.553704,71.943895,58.334085,,,,,,,,,,62.120000,74.410000,77.056667,71.577500,62.120000,73.354271,50.885729,67.737135,56.502865
2025-04-29,69.700000,2025-03-31,2024-12-31,-0.880000,-3.570000,-19.523810,-23.883444,3.802155,112.411278,98.837586,85.263895,71.690203,58.116511,,,,,,,,,,61.990000,74.253333,77.040000,71.591667,61.990000,72.779644,51.200356,67.384822,56.595178
2025-04-30,68.000000,2025-03-31,2024-12-31,-0.880000,-3.570000,-19.047619,-23.804759,3.803728,112.141605,98.562297,84.982990,71.403682,57.824375,,,,,,,,,,62.090000,74.046667,77.025000,71.600833,62.090000,73.071496,51.108504,67.580748,56.599252
2025-05-02,68.800000,2025-03-31,2024-12-31,-0.880000,-3.570000,-19.271709,-23.727602,3.800966,111.846431,98.276984,84.707537,71.138091,57.568644,,,,,,,,,,62.100000,73.930000,77.015833,71.614167,62.100000,73.106792,51.093208,67.603396,56.596604
2025-05-05,68.800000,2025-03-31,2024-12-31,-0.880000,-3.570000,-19.271709,-23.658607,3.806119,111.636918,98.049073,84.461228,70.873383,57.285538,,,,,,,,,,62.095000,73.838333,77.026667,71.627500,62.095000,73.088869,51.101131,67.591935,56.598065
2025-05-06,72.800000,2025-03-31,2024-12-31,-0.880000,-3.570000,-20.392157,-23.599630,3.801403,111.392695,97.821688,84.250680,70.679673,57.108665,,,,,,,,,,62.630000,73.786667,77.072500,71.658750,62.630000,74.621067,50.638933,68.625533,56.634467
2025-05-07,70.100000,2025-03-31,2024-12-31,-0.880000,-3.570000,-19.635854,-23.533671,3.800934,111.153873,97.584538,84.015204,70.445870,56.876536,,,,,,,,,,63.340000,73.673333,77.094167,71.670833,63.340000,75.334806,51.345194,69.337403,57.342597
2025-05-08,70.300000,2025-03-31,2024-12-31,-0.880000,-3.570000,-19.691877,-23.467838,3.798469,110.901247,97.340714,83.780180,70.219647,56.659114,,,,,,,,,,64.335000,73.495000,77.116667,71.687500,64.335000,75.042651,53.627349,69.688825,58.981175
2025-05-09,70.100000,2025-03-31,2024-12-31,-0.880000,-3.570000,-19.635854,-23.401538,3.795314,110.642032,97.092761,83.543490,69.994219,56.444948,,,,,,,,,,65.070000,73.346667,77.137500,71.704167,65.070000,75.197628,54.942372,70.133814,60.006186
2025-05-12,72.000000,2025-03-31,2024-12-31,-0.880000,-3.570000,-20.168067,-23.336272,3.782893,110.320343,96.815417,83.310490,69.805563,56.300637,,,,,,,,,,65.845000,73.215000,77.165833,71.731250,65.845000,75.575792,56.114208,70.710396,60.979604
2025-05-13,72.100000,2025-03-31,2024-12-31,-0.880000,-3.570000,-20.196078,-23.272259,3.770372,110.002421,96.542194,83.081966,69.621738,56.161511,,,,,,,,,,66.580000,73.075000,77.197500,71.762917,66.580000,75.833983,57.326017,71.206992,61.953008
2025-05-14,74.500000,2025-03-31,2024-12-31,-0.880000,-3.570000,-20.868347,-23.211128,3.749147,109.632638,96.248183,82.863728,69.479273,56.094818,,,,,,,,,,67.265000,72.885000,77.242500,71.807917,67.265000,76.743013,57.786987,72.004007,62.525993
2025-05-15,73.600000,2025-05-15,2025-03-31,-0.560000,-3.290000,-22.370821,-23.164218,3.723856,100.713249,88.461764,76.210279,63.958793,51.707308,,,,,,,,,,67.990000,72.708333,77.284167,71.847083,67.990000,77.047222,58.932778,72.518611,63.461389
2025-05-16,77.000000,2025-05-15,2025-03-31,-0.560000,-3.290000,-23.404255,-23.122519,3.692526,100.369909,88.221499,76.073088,63.924678,51.776267,,,,,,,,,,68.885000,72.600000,77.345833,71.898333,68.885000,77.779534,59.990466,73.332267,64.437733
2025-05-19,76.700000,2025-05-15,2025-03-31,-0.560000,-3.290000,-23.313070,-23.142529,3.686948,100.399036,88.268979,76.138922,64.008864,51.878807,,,,,,,,,,69.680000,72.500000,77.411667,71.948333,69.680000,78.371823,60.988177,74.025912,65.334088
2025-05-20,76.500000,2025-05-15,2025-03-31,-0.560000,-3.290000,-23.252280,-23.164819,3.679388,100.422626,88.317440,76.212255,64.107069,52.001884,,,,,,,,,,70.425000,72.393333,77.485000,71.997083,70.425000,78.747164,62.102836,74.586082,66.263918
2025-05-21,75.500000,2025-05-15,2025-03-31,-0.560000,-3.290000,-22.948328,-23.186856,3.670016,100.433463,88.359109,76.284755,64.210401,52.136047,,,,,,,,,,71.120000,72.268333,77.557500,72.038750,71.120000,78.620063,63.619937,74.870032,67.369968
2025-05-22,75.300000,2025-05-15,2025-03-31,-0.560000,-3.290000,-22.887538,-23.197747,3.667147,100.450419,88.385503,76.320588,64.255673,52.190758,,,,,,,,,,71.650000,72.090000,77.593333,72.080417,71.650000,78.725979,64.574021,75.187989,68.112011
2025-05-23,73.900000,2025-05-15,2025-03-31,-0.560000,-3.290000,-22.462006,-23.210412,3.661913,100.457643,88.409949,76.362255,64.314561,52.266867,,,,,,,,,,72.100000,71.890000,77.635000,72.109583,72.100000,78.478913,65.721087,75.289456,68.910544
2025-05-26,75.600000,2025-05-15,2025-03-31,-0.560000,-3.290000,-22.978723,-23.224090,3.657921,100.476378,88.441816,76.407255,64.372693,52.338132,,,,,,,,,,72.575000,71.740000,77.680000,72.147500,72.575000,78.469109,66.680891,75.522055,69.627945
2025-05-27,74.000000,2025-05-15,2025-03-31,-0.560000,-3.290000,-22.492401,-23.228902,3.656564,100.483280,88.453184,76.423088,64.392992,52.362896,,,,,,,,,,72.765000,71.565000,77.695833,72.179167,72.765000,78.581230,66.948770,75.673115,69.856885
2025-05-28,73.600000,2025-05-15,2025-03-31,-0.560000,-3.290000,-22.370821,-23.227129,3.656931,100.479863,88.448559,76.417255,64.385951,52.354647,,,,,,,,,,72.960000,71.350000,77.690000,72.211667,72.960000,78.602471,67.317529,75.781235,70.138765
2025-05-29,75.300000,2025-05-15,2025-03-31,-0.560000,-3.290000,-22.887538,-23.232195,3.656029,100.490590,88.462256,76.433922,64.405587,52.377253,,,,,,,,,,73.325000,71.256667,77.706667,72.259167,73.325000,78.545153,68.104847,75.935077,70.714923
2025-06-02,73.800000,2025-05-15,2025-03-31,-0.560000,-3.290000,-22.431611,-23.236754,3.654675,100.496681,88.472802,76.448922,64.425042,52.401162,,,,,,,,,,73.575000,71.158333,77.721667,72.300000,73.575000,78.341937,68.808063,75.958468,71.191532
2025-06-03,73.500000,2025-05-15,2025-03-31,-0.560000,-3.290000,-22.340426,-23.242327,3.652778,100.502532,88.484894,76.467255,64.449616,52.431977,,,,,,,,,,73.810000,71.045000,77.740000,72.340000,73.810000,78.016211,69.603789,75.913105,71.706895
2025-06-04,74.700000,2025-05-15,2025-03-31,-0.560000,-3.290000,-22.705167,-23.246126,3.651973,100.509738,88.494747,76.479755,64.464763,52.449772,,,,,,,,,,73.905000,70.945000,77.752500,72.386667,73.905000,78.100976,69.709024,76.002988,71.807012
2025-06-05,73.400000,2025-05-15,2025-03-31,-0.560000,-3.290000,-22.310030,-23.228142,3.651219,100.445607,88.433098,76.420588,64.408079,52.395570,,,,,,,,,,74.070000,70.845000,77.693333,72.430000,74.070000,77.877527,70.262473,75.973764,72.166236
2025-06-06,74.200000,2025-05-15,2025-03-31,-0.560000,-3.290000,-22.553191,-23.191921,3.636017,100.226416,88.263919,76.301422,64.338924,52.376427,,,,,,,,,,74.265000,70.761667,77.574167,72.475000,74.265000,77.633757,70.896243,75.949379,72.580621
2025-06-09,73.600000,2025-05-15,2025-03-31,-0.560000,-3.290000,-22.370821,-23.131891,3.588917,99.718998,87.911460,76.103922,64.296384,52.488845,,,,,,,,,,74.440000,70.656667,77.376667,72.513750,74.440000,77.207785,71.672215,75.823892,73.056108
2025-06-10,71.400000,2025-05-15,2025-03-31,-0.560000,-3.290000,-21.702128,-23.041719,3.485430,98.741384,87.274319,75.807255,64.340190,52.873126,,,,,,,,,,74.410000,70.521667,77.080000,72.546250,74.410000,77.299473,71.520527,75.854736,72.965264
2025-06-11,71.500000,2025-05-15,2025-03-31,-0.560000,-3.290000,-21.732523,-22.948000,3.365113,97.641366,86.570144,75.498922,64.427699,53.356477,,,,,,,,,,74.380000,70.415000,76.771667,72.575417,74.380000,77.380772,71.379228,75.880386,72.879614
2025-06-12,71.100000,2025-05-15,2025-03-31,-0.560000,-3.290000,-21.610942,-22.853269,3.237970,96.493100,85.840177,75.187255,64.534332,53.881410,,,,,,,,,,74.210000,70.290000,76.460000,72.600833,74.210000,77.548389,70.871611,75.879195,72.540805
2025-06-13,71.000000,2025-05-15,2025-03-31,-0.560000,-3.290000,-21.580547,-22.767149,3.130585,95.503168,85.203545,74.903922,64.604298,54.304675,,,,,,,,,,74.080000,70.141667,76.176667,72.625833,74.080000,77.708310,70.451690,75.894155,72.265845
2025-06-16,73.200000,2025-05-15,2025-03-31,-0.560000,-3.290000,-22.249240,-22.704839,3.064622,94.864135,84.781528,74.698922,64.616315,54.533708,,,,,,,,,,73.890000,70.018333,75.971667,72.642500,73.890000,77.263519,70.516481,75.576760,72.203240
2025-06-17,74.200000,2025-05-15,2025-03-31,-0.560000,-3.290000,-22.553191,-22.651141,3.009402,94.324118,84.423186,74.522255,64.621323,54.720392,,,,,,,,,,73.765000,69.880000,75.795000,72.666250,73.765000,76.875102,70.654898,75.320051,72.209949
2025-06-18,75.300000,2025-05-15,2025-03-31,-0.560000,-3.290000,-22.887538,-22.606308,2.964772,93.882954,84.128854,74.374755,64.620656,54.866556,,,,,,,,,,73.705000,69.776667,75.647500,72.701250,73.705000,76.633966,70.776034,75.169483,72.240517
2025-06-19,73.600000,2025-05-15,2025-03-31,-0.560000,-3.290000,-22.370821,-22.562995,2.929426,93.507878,83.870066,74.232255,64.594443,54.956632,,,,,,,,,,73.610000,69.638333,75.505000,72.721667,73.610000,76.414433,70.805567,75.012216,72.207784
2025-06-20,73.000000,2025-05-15,2025-03-31,-0.560000,-3.290000,-22.188450,-22.525001,2.904152,93.216577,83.661916,74.107255,64.552594,54.997932,,,,,,,,,,73.495000,69.561667,75.380000,72.742083,73.495000,76.194298,70.795702,74.844649,72.145351
2025-06-23,69.900000,2025-05-15,2025-03-31,-0.560000,-3.290000,-21.246201,-22.477129,2.877140,92.881336,83.415546,73.949755,64.483964,55.018174,,,,,,,,,,73.295000,69.440000,75.222500,72.755417,73.295000,76.426151,70.163849,74.860575,71.729425
2025-06-24,72.400000,2025-05-15,2025-03-31,-0.560000,-3.290000,-22.006079,-22.449520,2.865511,92.713987,83.286454,73.858922,64.431389,55.003856,,,,,,,,,,73.135000,69.368333,75.131667,72.778750,73.135000,76.092435,70.177565,74.613717,71.656283
2025-06-25,72.500000,2025-05-15,2025-03-31,-0.560000,-3.290000,-22.036474,-22.420392,2.851647,92.526928,83.145008,73.763088,64.381169,54.999249,,,,,,,,,,73.060000,69.315000,75.035833,72.801667,73.060000,76.001106,70.118894,74.530553,71.589447
2025-06-26,75.000000,2025-05-15,2025-03-31,-0.560000,-3.290000,-22.796353,-22.396329,2.836018,92.344919,83.014420,73.683922,64.353423,55.022924,,,,,,,,,,73.130000,69.360000,74.956667,72.836250,73.130000,76.189481,70.070519,74.659740,71.600260
2025-06-27,74.200000,2025-05-15,2025-03-31,-0.560000,-3.290000,-22.553191,-22.377332,2.827181,92.224273,82.922847,73.621422,64.319996,55.018570,,,,,,,,,,73.075000,69.496667,74.894167,72.866667,73.075000,76.007127,70.142873,74.541063,71.608937
2025-06-30,73.500000,2025-05-15,2025-03-31,-0.560000,-3.290000,-22.340426,-22.355802,2.817445,92.089377,82.819982,73.550588,64.281194,55.011800,,,,,,,,,,73.060000,69.578333,74.823333,72.897500,73.060000,75.979553,70.140447,74.519776,71.600224
2025-07-01,73.100000,2025-05-15,2025-03-31,-0.560000,-3.290000,-22.218845,-22.329966,2.804227,91.917400,82.691494,73.465588,64.239682,55.013776,,,,,,,,,,73.040000,69.648333,74.738333,72.925833,73.040000,75.952333,70.127667,74.496167,71.583833
2025-07-02,72.500000,2025-05-15,2025-03-31,-0.560000,-3.290000,-22.036474,-22.303624,2.791883,91.749510,82.564216,73.378922,64.193627,55.008333,,,,,,,,,,72.930000,69.821667,74.651667,72.952500,72.930000,75.742828,70.117172,74.336414,71.523586
2025-07-03,75.000000,2025-05-15,2025-03-31,-0.560000,-3.290000,-22.796353,-22.283613,2.779545,91.602492,82.457790,73.313088,64.168386,55.023684,,,,,,,,,,73.010000,70.140000,74.585833,72.989167,73.010000,75.966456,70.053544,74.488228,71.531772
2025-07-04,71.500000,2025-05-15,2025-03-31,-0.560000,-3.290000,-21.732523,-22.247646,2.758259,91.344102,82.269429,73.194755,64.120081,55.045408,,,,,,,,,,72.875000,70.491667,74.467500,73.005000,72.875000,75.849187,69.900813,74.362094,71.387906
2025-07-07,70.200000,2025-05-15,2025-03-31,-0.560000,-3.290000,-21.337386,-22.215224,2.745771,91.155260,82.121674,73.088088,64.054502,55.020917,,,,,,,,,,72.705000,70.738333,74.360833,72.990000,72.705000,75.886178,69.523822,74.295589,71.114411
2025-07-08,70.400000,2025-05-15,2025-03-31,-0.560000,-3.290000,-21.398176,-22.183309,2.732685,90.964154,81.973621,72.983088,63.992555,55.002023,,,,,,,,,,72.655000,70.970000,74.255833,72.972083,72.655000,75.951873,69.358127,74.303436,71.006564
2025-07-09,73.000000,2025-05-15,2025-03-31,-0.560000,-3.290000,-22.188450,-22.153674,2.712950,90.736799,81.811194,72.885588,63.959983,55.034377,,,,,,,,,,72.730000,71.230000,74.158333,72.972500,72.730000,75.984212,69.475788,74.357106,71.102894
2025-07-10,74.500000,2025-05-15,2025-03-31,-0.560000,-3.290000,-22.644377,-22.134424,2.701079,90.595358,81.708806,72.822255,63.935703,55.049152,,,,,,,,,,72.900000,71.458333,74.095000,72.986250,72.900000,76.150911,69.649089,74.525455,71.274545
2025-07-11,75.600000,2025-05-15,2025-03-31,-0.560000,-3.290000,-22.978723,-22.114414,2.685684,90.428226,81.592324,72.756422,63.920520,55.084618,,,,,,,,,,73.130000,71.733333,74.029167,73.005417,73.130000,76.464730,69.795270,74.797365,71.462635
2025-07-14,73.600000,2025-05-15,2025-03-31,-0.560000,-3.290000,-22.370821,-22.093391,2.673593,90.279498,81.483377,72.687255,63.891133,55.095012,,,,,,,,,,73.150000,71.975000,73.960000,73.026667,73.150000,76.491289,69.808711,74.820644,71.479356
2025-07-15,77.200000,2025-05-15,2025-03-31,-0.560000,-3.290000,-23.465046,-22.069074,2.647393,90.027099,81.317177,72.607255,63.897333,55.187411,,,,,,,,,,73.300000,72.248333,73.880000,73.065000,73.300000,77.080281,69.519719,75.190141,71.409859
2025-07-16,76.200000,2025-05-15,2025-03-31,-0.560000,-3.290000,-23.161094,-22.064009,2.644693,89.992667,81.291627,72.590588,63.889549,55.188510,,,,,,,,,,73.345000,72.491667,73.863333,73.098333,73.345000,77.245054,69.444946,75.295027,71.394973
2025-07-17,77.000000,2025-05-15,2025-03-31,-0.560000,-3.290000,-23.404255,-22.068568,2.646543,90.019838,81.312713,72.605588,63.898463,55.191338,,,,,,,,,,73.515000,72.748333,73.878333,73.139167,73.515000,77.744359,69.285641,75.629679,71.400321
2025-07-18,76.000000,2025-05-15,2025-03-31,-0.560000,-3.290000,-23.100304,-22.075913,2.648186,90.054818,81.342286,72.629755,63.917223,55.204692,,,,,,,,,,73.665000,72.936667,73.902500,73.185417,73.665000,78.028135,69.301865,75.846568,71.483432
2025-07-21,76.500000,2025-05-15,2025-03-31,-0.560000,-3.290000,-23.252280,-22.075660,2.648071,90.053228,81.341075,72.628922,63.916768,55.204615,,,,,,,,,,73.995000,73.130000,73.901667,73.241250,73.995000,78.152669,69.837331,76.073834,71.916166
2025-07-22,74.800000,2025-05-15,2025-03-31,-0.560000,-3.290000,-22.735562,-22.079966,2.648726,90.071704,81.357396,72.643088,63.928781,55.214473,,,,,,,,,,74.115000,73.275000,73.915833,73.288333,74.115000,78.217002,70.012998,76.166001,72.063999
2025-07-23,75.400000,2025-05-15,2025-03-31,-0.560000,-3.290000,-22.917933,-22.070847,2.643897,90.009931,81.311510,72.613088,63.914667,55.216245,,,,,,,,,,74.260000,73.361667,73.885833,73.336667,74.260000,78.326500,70.193500,76.293250,72.226750
2025-07-24,75.100000,2025-05-15,2025-03-31,-0.560000,-3.290000,-22.826748,-22.060716,2.638602,89.941757,81.260756,72.579755,63.898754,55.217753,,,,,,,,,,74.265000,73.451667,73.852500,73.395000,74.265000,78.335575,70.194425,76.300287,72.229713
2025-07-25,74.500000,2025-05-15,2025-03-31,-0.560000,-3.290000,-22.644377,-22.045772,2.630091,89.836588,81.183588,72.530588,63.877588,55.224588,,,,,,,,,,74.280000,73.560000,73.803333,73.449583,74.280000,78.351777,70.208223,76.315889,72.244111
2025-07-28,73.100000,2025-05-15,2025-03-31,-0.560000,-3.290000,-22.218845,-22.038933,2.628552,89.803960,81.156024,72.508088,63.860152,55.212216,,,,,,,,,,74.260000,73.631667,73.780833,73.497917,74.260000,78.351789,70.168211,76.305894,72.214106
2025-07-29,71.700000,2025-05-15,2025-03-31,-0.560000,-3.290000,-21.793313,-22.032347,2.628166,89.779753,81.133087,72.486422,63.839756,55.193090,,,,,,,,,,74.190000,73.680000,73.759167,73.533333,74.190000,78.411200,69.968800,76.300600,72.079400
2025-07-30,70.900000,2025-05-15,2025-03-31,-0.560000,-3.290000,-21.550152,-22.019682,2.626785,89.729003,81.086879,72.444755,63.802631,55.160507,,,,,,,,,,74.110000,73.648333,73.717500,73.573750,74.110000,78.522375,69.697625,76.316187,71.903813
2025-07-31,70.600000,2025-05-15,2025-03-31,-0.560000,-3.290000,-21.458967,-22.003725,2.624305,89.660182,81.026218,72.392255,63.758291,55.124328,,,,,,,,,,73.890000,73.656667,73.665000,73.638333,73.890000,78.547490,69.232510,76.218745,71.561255
2025-08-01,71.900000,2025-05-15,2025-03-31,-0.560000,-3.290000,-21.854103,-21.980675,2.613256,89.511645,80.914033,72.316422,63.718810,55.121198,,,,,,,,,,73.910000,73.683333,73.589167,73.720000,73.910000,78.527541,69.292459,76.218770,71.601230
2025-08-04,73.700000,2025-05-15,2025-03-31,-0.560000,-3.290000,-22.401216,-21.967251,2.606862,89.425408,80.848832,72.272255,63.695678,55.119101,,,,,,,,,,74.085000,73.743333,73.545000,73.793333,74.085000,78.363354,69.806646,76.224177,71.945823
2025-08-05,72.600000,2025-05-15,2025-03-31,-0.560000,-3.290000,-22.066869,-21.948760,2.598134,89.307142,80.759282,72.211422,63.663562,55.115701,,,,,,,,,,74.195000,73.753333,73.484167,73.863750,74.195000,78.177316,70.212684,76.186158,72.203842
2025-08-06,74.000000,2025-05-15,2025-03-31,-0.560000,-3.290000,-22.492401,-21.932296,2.588276,89.188112,80.672683,72.157255,63.641827,55.126398,,,,,,,,,,74.245000,73.785000,73.430000,73.939583,74.245000,78.189069,70.300931,76.217035,72.272965
2025-08-07,75.000000,2025-05-15,2025-03-31,-0.560000,-3.290000,-22.796353,-21.904687,2.560870,88.916944,80.491683,72.066422,63.641160,55.215899,,,,,,,,,,74.270000,73.793333,73.339167,74.019167,74.270000,78.227192,70.312808,76.248596,72.291404
2025-08-08,73.600000,2025-05-15,2025-03-31,-0.560000,-3.290000,-22.370821,-21.877838,2.538672,88.682548,80.330318,71.978088,63.625858,55.273628,,,,,,,,,,74.170000,73.793333,73.250833,74.093333,74.170000,78.086551,70.253449,76.128275,72.211725
2025-08-11,74.500000,2025-05-15,2025-03-31,-0.560000,-3.290000,-22.644377,-21.855042,2.519167,88.479208,80.191148,71.903088,63.615028,55.326969,,,,,,,,,,74.215000,73.751667,73.175833,74.171667,74.215000,78.124651,70.305349,76.169825,72.260175
2025-08-12,77.700000,2025-05-15,2025-03-31,-0.560000,-3.290000,-23.617021,-21.842377,2.506318,88.352991,80.107206,71.861422,63.615637,55.369852,,,,,,,,,,74.240000,73.768333,73.134167,74.262083,74.240000,78.235471,70.244529,76.237736,72.242264
2025-08-13,77.400000,2025-05-15,2025-03-31,-0.560000,-3.290000,-23.525836,-21.828446,2.492117,88.213719,80.014654,71.815588,63.616523,55.417457,,,,,,,,,,74.300000,73.783333,73.088333,74.348750,74.300000,78.452361,70.147639,76.376181,72.223819
2025-08-14,80.200000,2025-08-14,2025-06-30,-1.220000,-3.680000,-21.793478,-21.799826,2.472391,98.420155,89.321757,80.223358,71.124959,62.026561,,,,,,,,,,74.460000,73.861667,73.065000,74.444167,74.460000,79.248319,69.671681,76.854160,72.065840
2025-08-15,80.500000,2025-08-14,2025-06-30,-1.220000,-3.680000,-21.875000,-21.764285,2.439920,98.050381,89.071475,80.092570,71.113665,62.134760,,,,,,,,,,74.685000,73.948333,73.019167,74.537917,74.685000,80.152714,69.217286,77.418857,71.951143
2025-08-18,80.300000,2025-08-14,2025-06-30,-1.220000,-3.680000,-21.820652,-21.728546,2.406926,97.676020,88.818534,79.961048,71.103562,62.246076,,,,,,,,,,74.875000,74.055000,72.972500,74.628750,74.875000,80.848935,68.901065,77.861967,71.888033
2025-08-19,79.600000,2025-08-14,2025-06-30,-1.220000,-3.680000,-21.630435,-21.694514,2.378804,97.343804,88.589807,79.835810,71.081813,62.327816,,,,,,,,,,75.115000,74.121667,72.930833,74.715000,75.115000,81.450954,68.779046,78.282977,71.947023
2025-08-20,79.600000,2025-08-14,2025-06-30,-1.220000,-3.680000,-21.630435,-21.660735,2.350287,97.009618,88.360561,79.711504,71.062447,62.413390,,,,,,,,,,75.325000,74.215000,72.890000,74.797917,75.325000,81.971527,68.678473,78.648263,72.001737
2025-08-21,81.000000,2025-08-14,2025-06-30,-1.220000,-3.680000,-22.010870,-21.625060,2.311574,96.593404,88.086813,79.580222,71.073632,62.567041,,,,,,,,,,75.620000,74.338333,72.844167,74.889583,75.620000,82.731917,68.508083,79.175959,72.064041
2025-08-22,78.100000,2025-08-14,2025-06-30,-1.220000,-3.680000,-21.222826,-21.597003,2.295666,96.373074,87.925023,79.476973,71.028922,62.580872,,,,,,,,,,75.800000,74.385000,72.820833,74.967083,75.800000,82.974516,68.625484,79.387258,72.212742
2025-08-25,78.700000,2025-08-14,2025-06-30,-1.220000,-3.680000,-21.385870,-21.573345,2.282950,96.192417,87.791163,79.389908,70.988654,62.587399,,,,,,,,,,76.080000,74.466667,72.812500,75.049167,76.080000,83.247940,68.912060,79.663970,72.496030
2025-08-26,80.600000,2025-08-14,2025-06-30,-1.220000,-3.680000,-21.902174,-21.552469,2.268224,96.007210,87.660147,79.313085,70.966022,62.618959,,,,,,,,,,76.525000,74.585000,72.815000,75.139583,76.525000,83.652966,69.397034,80.088983,72.961017
2025-08-27,80.900000,2025-08-14,2025-06-30,-1.220000,-3.680000,-21.983696,-21.531259,2.252000,95.809749,87.522391,79.235032,70.947674,62.660316,,,,,,,,,,77.025000,74.688333,72.816667,75.217083,77.025000,83.889669,70.160331,80.457335,73.592665
2025-08-28,80.700000,2025-08-14,2025-06-30,-1.220000,-3.680000,-21.929348,-21.512889,2.239549,95.650509,87.408970,79.167431,70.925892,62.684353,,,,,,,,,,77.530000,74.810000,72.827500,75.271667,77.530000,83.870546,71.189454,80.700273,74.359727
2025-08-29,81.400000,2025-08-14,2025-06-30,-1.220000,-3.680000,-22.119565,-21.496611,2.227853,95.504525,87.306026,79.107527,70.909028,62.710529,,,,,,,,,,78.005000,74.930000,72.845833,75.333750,78.005000,83.982669,72.027331,80.993834,75.016166
2025-09-01,77.400000,2025-08-14,2025-06-30,-1.220000,-3.680000,-21.032609,-21.469501,2.213374,95.298202,87.152983,79.007765,70.862547,62.717329,,,,,,,,,,78.190000,74.993333,72.825000,75.394583,78.190000,83.825937,72.554063,81.007969,75.372031
2025-09-02,76.400000,2025-08-14,2025-06-30,-1.220000,-3.680000,-20.760870,-21.441141,2.200322,95.097771,87.000585,78.903399,70.806213,62.709026,,,,,,,,,,78.380000,75.076667,72.799167,75.457083,78.380000,83.450285,73.309715,80.915142,75.844858
2025-09-03,75.300000,2025-08-14,2025-06-30,-1.220000,-3.680000,-20.461957,-21.414342,2.192421,94.941001,86.872890,78.804779,70.736668,62.668557,,,,,,,,,,78.445000,75.140000,72.777500,75.493333,78.445000,83.307953,73.582047,80.876477,76.013523
2025-09-04,76.300000,2025-08-14,2025-06-30,-1.220000,-3.680000,-20.733696,-21.388035,2.181371,94.762859,86.735413,78.707968,70.680523,62.653077,,,,,,,,,,78.510000,75.226667,72.758333,75.535000,78.510000,83.211131,73.808869,80.860565,76.159435
2025-09-05,78.700000,2025-08-14,2025-06-30,-1.220000,-3.680000,-21.385870,-21.363869,2.165002,94.553451,86.586245,78.619039,70.651834,62.684628,,,,,,,,,,78.765000,75.355000,72.748333,75.588333,78.765000,82.858782,74.671218,80.811891,76.718109
2025-09-08,78.500000,2025-08-14,2025-06-30,-1.220000,-3.680000,-21.331522,-21.337478,2.145686,94.314168,86.418044,78.521919,70.625795,62.729670,,,,,,,,,,78.965000,75.443333,72.730833,75.636250,78.965000,82.539338,75.390662,80.752169,77.177831
2025-09-09,75.200000,2025-08-14,2025-06-30,-1.220000,-3.680000,-20.434783,-21.298801,2.119400,93.978377,86.178983,78.379589,70.580195,62.780802,,,,,,,,,,78.840000,75.460000,72.670000,75.645833,78.840000,82.758861,74.921139,80.799431,76.880569
2025-09-10,74.600000,2025-08-14,2025-06-30,-1.220000,-3.680000,-20.271739,-21.261299,2.097125,93.676417,85.958999,78.241580,70.524161,62.806743,,,,,,,,,,78.700000,75.448333,72.612500,75.664167,78.700000,83.015456,74.384544,80.857728,76.542272
2025-09-11,73.700000,2025-08-14,2025-06-30,-1.220000,-3.680000,-20.027174,-21.220745,2.073210,93.351169,85.721756,78.092342,70.462929,62.833516,,,,,,,,,,78.375000,75.450000,72.544167,75.687917,78.375000,83.167483,73.582517,80.771242,75.978758
2025-09-12,73.300000,2025-08-14,2025-06-30,-1.220000,-3.680000,-19.918478,-21.190177,2.065060,93.178693,85.579273,77.979852,70.380432,62.781012,,,,,,,,,,78.015000,75.455000,72.508333,75.700417,78.015000,83.200922,72.829078,80.607961,75.422039
2025-09-15,71.500000,2025-08-14,2025-06-30,-1.220000,-3.680000,-19.429348,-21.156546,2.060558,93.021798,85.438944,77.856091,70.273238,62.690385,,,,,,,,,,77.575000,75.481667,72.460833,75.702083,77.575000,83.398681,71.751319,80.486841,74.663159
2025-09-16,72.600000,2025-08-14,2025-06-30,-1.220000,-3.680000,-19.728261,-21.126673,2.055009,92.871022,85.308590,77.746157,70.183724,62.621292,,,,,,,,,,77.225000,75.485000,72.426667,75.717500,77.225000,83.368846,71.081154,80.296923,74.153077
2025-09-17,73.500000,2025-08-14,2025-06-30,-1.220000,-3.680000,-19.972826,-21.101371,2.050323,92.743423,85.198234,77.653044,70.107854,62.562665,,,,,,,,,,76.920000,75.501667,72.408333,75.736667,76.920000,83.172107,70.667893,80.046054,73.793946
2025-09-18,73.800000,2025-08-14,2025-06-30,-1.220000,-3.680000,-20.054348,-21.085360,2.050940,92.689043,85.141583,77.594123,70.046663,62.499203,,,,,,,,,,76.560000,75.481667,72.420833,75.760417,76.560000,82.649992,70.470008,79.604996,73.515004
2025-09-19,73.500000,2025-08-14,2025-06-30,-1.220000,-3.680000,-19.972826,-21.097738,2.039579,92.650981,85.145329,77.639676,70.134024,62.628371,,,,,,,,,,76.330000,75.470000,72.483333,75.785833,76.330000,82.521709,70.138291,79.425855,73.234145
2025-09-22,72.600000,2025-08-14,2025-06-30,-1.220000,-3.680000,-19.728261,-21.102010,2.036139,92.641375,85.148385,77.655395,70.162405,62.669415,,,,,,,,,,76.025000,75.455000,72.516667,75.809583,76.025000,82.325167,69.724833,79.175084,72.874916
2025-09-23,72.000000,2025-08-14,2025-06-30,-1.220000,-3.680000,-19.565217,-21.104222,2.034307,92.636038,85.149788,77.663537,70.177287,62.691036,,,,,,,,,,75.595000,75.436667,72.542500,75.830000,75.595000,81.752742,69.437258,78.673871,72.516129
2025-09-24,73.400000,2025-08-14,2025-06-30,-1.220000,-3.680000,-19.945652,-21.125478,2.008385,92.523473,85.132616,77.741758,70.350901,62.960043,,,,,,,,,,75.220000,75.451667,72.636667,75.859167,75.220000,80.913431,69.526569,78.066716,72.373284
2025-09-25,71.700000,2025-08-14,2025-06-30,-1.220000,-3.680000,-19.483696,-21.157356,1.950399,92.214010,85.036541,77.859072,70.681603,63.504134,,,,,,,,,,74.770000,75.396667,72.768333,75.874583,74.770000,80.047200,69.492800,77.408600,72.131400
2025-09-26,70.000000,2025-08-14,2025-06-30,-1.220000,-3.680000,-19.021739,-21.198224,1.850473,91.628944,84.819204,78.009464,71.199724,64.389984,,,,,,,,,,74.200000,75.371667,72.931667,75.856250,74.200000,78.892211,69.507789,76.546105,71.853895
2025-09-30,72.000000,2025-08-14,2025-06-30,-1.220000,-3.680000,-19.565217,-21.231949,1.781684,91.246767,84.690169,78.133572,71.576975,65.020378,,,,,,,,,,73.930000,75.401667,73.070000,75.832083,73.930000,78.465753,69.394247,76.197876,71.662124
2025-10-01,73.500000,2025-08-14,2025-06-30,-1.220000,-3.680000,-19.972826,-21.266503,1.714924,90.882572,84.571652,78.260731,71.949811,65.638891,,,,,,,,,,73.785000,75.453333,73.211667,75.815833,73.785000,78.171234,69.398766,75.978117,71.591883
2025-10-02,72.100000,2025-08-14,2025-06-30,-1.220000,-3.680000,-19.592391,-21.295786,1.654529,90.545825,84.457159,78.368493,72.279827,66.191160,,,,,,,,,,73.625000,75.438333,73.334167,75.801250,73.625000,78.012002,69.237998,75.818501,71.431499
2025-10-03,72.200000,2025-08-14,2025-06-30,-1.220000,-3.680000,-19.619565,-21.317359,1.614853,90.333200,84.390540,78.447881,72.505222,66.562563,,,,,,,,,,73.420000,75.400000,73.429167,75.788333,73.420000,77.661450,69.178550,75.540725,71.299275
2025-10-07,73.400000,2025-08-14,2025-06-30,-1.220000,-3.680000,-19.945652,-21.345618,1.559531,90.030023,84.290948,78.551873,72.812798,67.073723,,,,,,,,,,73.155000,75.363333,73.548333,75.773333,73.155000,76.593773,69.716227,74.874386,71.435614
2025-10-08,73.300000,2025-08-14,2025-06-30,-1.220000,-3.680000,-19.918478,-21.373650,1.501856,89.708695,84.181863,78.655031,73.128199,67.601367,,,,,,,,,,72.895000,75.358333,73.666667,75.742917,72.895000,75.246685,70.543315,74.070842,71.719158
2025-10-09,73.100000,2025-08-14,2025-06-30,-1.220000,-3.680000,-19.864130,-21.397261,1.454534,89.447291,84.094605,78.741919,73.389234,68.036548,,,,,,,,,,72.790000,75.290000,73.769167,75.715833,72.790000,74.881487,70.698513,73.835743,71.744257
2025-10-13,71.200000,2025-08-14,2025-06-30,-1.220000,-3.680000,-19.347826,-21.414702,1.416497,89.231521,84.018812,78.806102,73.593393,68.380684,,,,,,,,,,72.620000,75.206667,73.849167,75.678750,72.620000,74.643650,70.596350,73.631825,71.608175
2025-10-14,70.000000,2025-08-14,2025-06-30,-1.220000,-3.680000,-19.021739,-21.429425,1.381649,89.029223,83.944754,78.860285,73.775817,68.691348,,,,,,,,,,72.435000,75.090000,73.919167,75.643333,72.435000,74.704500,70.165500,73.569750,71.300250
2025-10-15,70.400000,2025-08-14,2025-06-30,-1.220000,-3.680000,-19.130435,-21.437819,1.364347,88.932766,83.911969,78.891172,73.870376,68.849579,,,,,,,,,,72.290000,74.996667,73.966667,75.615417,72.290000,74.693419,69.886581,73.491709,71.088291
2025-10-16,71.400000,2025-08-14,2025-06-30,-1.220000,-3.680000,-19.402174,-21.448009,1.344222,88.822147,83.875411,78.928675,73.981939,69.035203,,,,,,,,,,72.285000,74.911667,74.020833,75.598333,72.285000,74.695743,69.874257,73.490372,71.079628
2025-10-17,71.700000,2025-08-14,2025-06-30,-1.220000,-3.680000,-19.483696,-21.456079,1.329293,88.741968,83.850168,78.958369,74.066570,69.174770,,,,,,,,,,72.240000,74.860000,74.067500,75.583333,72.240000,74.659569,69.820431,73.449785,71.030215
2025-10-20,72.300000,2025-08-14,2025-06-30,-1.220000,-3.680000,-19.646739,-21.455936,1.329488,88.742877,83.850361,78.957844,74.065327,69.172810,,,,,,,,,,72.180000,74.808333,74.085000,75.570833,72.180000,74.526419,69.833581,73.353210,71.006790
2025-10-21,72.800000,2025-08-14,2025-06-30,-1.220000,-3.680000,-19.782609,-21.458092,1.326534,88.729073,83.847427,78.965780,74.084134,69.202488,,,,,,,,,,72.130000,74.770000,74.110833,75.575417,72.130000,74.371334,69.888666,73.250667,71.009333
2025-10-22,72.000000,2025-08-14,2025-06-30,-1.220000,-3.680000,-19.565217,-21.462406,1.319453,88.692829,83.837241,78.981653,74.126066,69.270478,,,,,,,,,,72.055000,74.728333,74.144167,75.584583,72.055000,74.201699,69.908301,73.128349,70.981651
2025-10-23,71.200000,2025-08-14,2025-06-30,-1.220000,-3.680000,-19.347826,-21.463040,1.318409,88.687479,83.835733,78.983988,74.132242,69.280497,,,,,,,,,,71.985000,74.696667,74.164167,75.590000,71.985000,74.148112,69.821888,73.066556,70.903444
2025-10-27,71.400000,2025-08-14,2025-06-30,-1.220000,-3.680000,-19.402174,-21.464127,1.316639,88.678455,83.833222,78.987989,74.142755,69.297522,,,,,,,,,,71.955000,74.691667,74.185833,75.606250,71.955000,74.133822,69.776178,73.044411,70.865589
2025-10-28,70.700000,2025-08-14,2025-06-30,-1.220000,-3.680000,-19.211957,-21.454292,1.329063,88.733703,83.842749,78.951796,74.060842,69.169889,,,,,,,,,,71.820000,74.688333,74.168333,75.620417,71.820000,73.956007,69.683993,72.888004,70.751996
2025-10-29,74.500000,2025-08-14,2025-06-30,-1.220000,-3.680000,-20.244565,-21.459365,1.323213,88.709314,83.839889,78.970463,74.101037,69.231612,,,,,,,,,,71.960000,74.753333,74.205000,75.649583,71.960000,74.407254,69.512746,73.183627,70.736373
2025-10-30,75.000000,2025-08-14,2025-06-30,-1.220000,-3.680000,-20.380435,-21.465103,1.316963,88.684424,83.838001,78.991579,74.145156,69.298733,,,,,,,,,,72.210000,74.805000,74.244167,75.680417,72.210000,74.829683,69.590317,73.519841,70.900159
2025-10-31,76.900000,2025-08-14,2025-06-30,-1.220000,-3.680000,-20.896739,-21.475610,1.307240,88.651529,83.840887,79.030246,74.219604,69.408963,,,,,,,,,,72.455000,74.858333,74.300833,75.719167,72.455000,75.806339,69.103661,74.130670,70.779330
2025-11-03,76.700000,2025-08-14,2025-06-30,-1.220000,-3.680000,-20.842391,-21.481230,1.303014,88.641109,83.846017,79.050925,74.255833,69.460741,,,,,,,,,,72.615000,74.926667,74.340000,75.752917,72.615000,76.447424,68.782576,74.531212,70.698788
2025-11-04,75.100000,2025-08-14,2025-06-30,-1.220000,-3.680000,-20.407609,-21.482992,1.301403,88.635738,83.846575,79.057412,74.268249,69.479086,,,,,,,,,,72.765000,74.945000,74.365000,75.781250,72.765000,76.744566,68.785434,74.754783,70.775217
2025-11-05,73.600000,2025-08-14,2025-06-30,-1.220000,-3.680000,-20.000000,-21.475756,1.307250,88.652145,83.841464,79.030783,74.220101,69.409420,,,,,,,,,,72.835000,74.921667,74.357500,75.800000,72.835000,76.821966,68.848034,74.828483,70.841517
2025-11-06,74.100000,2025-08-14,2025-06-30,-1.220000,-3.680000,-20.135870,-21.457132,1.310308,88.606114,83.784179,78.962244,74.140309,69.318375,,,,,,,,,,72.870000,74.930000,74.361667,75.822917,72.870000,76.890003,68.849997,74.880001,70.859999
2025-11-07,72.600000,2025-08-14,2025-06-30,-1.220000,-3.680000,-19.728261,-21.426498,1.307371,88.471766,83.660640,78.849514,74.038387,69.227261,,,,,,,,,,72.835000,74.898333,74.325000,75.835417,72.835000,76.851427,68.818573,74.843213,70.826787
2025-11-10,72.600000,2025-08-14,2025-06-30,-1.220000,-3.680000,-19.728261,-21.396625,1.304855,88.343312,83.541446,78.739580,73.937713,69.135847,,,,,,,,,,72.810000,74.813333,74.290833,75.851250,72.810000,76.825706,68.794294,74.817853,70.802147
2025-11-11,74.000000,2025-08-14,2025-06-30,-1.220000,-3.680000,-20.108696,-21.370428,1.298829,88.202558,83.422867,78.643176,73.863485,69.083795,,,,,,,,,,72.950000,74.756667,74.270000,75.877500,72.950000,76.924392,68.975608,74.937196,70.962804
2025-11-12,73.000000,2025-08-14,2025-06-30,-1.220000,-3.680000,-19.836957,-21.344500,1.298121,88.101929,83.324845,78.547761,73.770677,68.993593,,,,,,,,,,73.100000,74.636667,74.249167,75.903333,73.100000,76.824174,69.375826,74.962087,71.237913
2025-11-13,72.000000,2025-08-14,2025-06-30,-1.220000,-3.680000,-19.565217,-21.316814,1.300361,88.016537,83.231207,78.445876,73.660546,68.875216,,,,,,,,,,73.180000,74.495000,74.221667,75.907500,73.180000,76.724365,69.635635,74.952183,71.407817
2025-11-14,71.000000,2025-11-14,2025-09-30,0.700000,-1.960000,-36.224490,-21.431502,1.879949,49.375143,45.690443,42.005743,38.321043,34.636343,,,,,,,,,,73.160000,74.340000,74.197500,75.916250,73.160000,76.750866,69.569134,74.955433,71.364567
2025-11-17,69.700000,2025-11-14,2025-09-30,0.700000,-1.960000,-35.561224,-21.536356,2.276121,51.133653,46.672455,42.211257,37.750060,33.288862,,,,,,,,,,73.060000,74.175000,74.148333,75.914167,73.060000,76.923132,69.196868,74.991566,71.128434
2025-11-18,65.500000,2025-11-14,2025-09-30,0.700000,-1.960000,-33.418367,-21.627405,2.520137,52.268653,47.329184,42.389715,37.450245,32.510776,,,,,,,,,,72.720000,73.940000,74.077500,75.886667,72.720000,77.853010,67.586990,75.286505,70.153495
2025-11-19,65.800000,2025-11-14,2025-09-30,0.700000,-1.960000,-33.571429,-21.720744,2.745266,53.334100,47.953379,42.572658,37.191937,31.811216,,,,,,,,,,72.370000,73.686667,74.012500,75.851250,72.370000,78.362662,66.377338,75.366331,69.373669
2025-11-20,66.800000,2025-11-14,2025-09-30,0.700000,-1.960000,-34.081633,-21.814028,2.966518,54.384247,48.569871,42.755495,36.941119,31.126743,,,,,,,,,,72.110000,73.498333,73.941667,75.824167,72.110000,78.600771,65.619229,75.355385,68.864615
2025-11-21,65.000000,2025-11-14,2025-09-30,0.700000,-1.960000,-33.163265,-21.903458,3.141872,55.246916,49.088847,42.930779,36.772710,30.614642,,,,,,,,,,71.800000,73.270000,73.868333,75.795000,71.800000,79.024520,64.575480,75.412260,68.187740
2025-11-24,65.400000,2025-11-14,2025-09-30,0.700000,-1.960000,-33.367347,-21.995349,3.311437,56.091718,49.601301,43.110885,36.620469,30.130052,,,,,,,,,,71.500000,73.016667,73.800833,75.770417,71.500000,79.272015,63.727985,75.386007,67.613993
2025-11-25,66.900000,2025-11-14,2025-09-30,0.700000,-1.960000,-34.132653,-22.090579,3.491442,56.983988,50.140761,43.297534,36.454307,29.611080,,,,,,,,,,71.310000,72.783333,73.735833,75.744167,71.310000,79.345684,63.274316,75.327842,67.292158
2025-11-26,68.400000,2025-11-14,2025-09-30,0.700000,-1.960000,-34.897959,-22.195478,3.681992,57.936544,50.719841,43.503137,36.286433,29.069729,,,,,,,,,,71.005000,72.578333,73.694167,75.693750,71.005000,78.993801,63.016199,74.999401,67.010599
2025-11-27,69.500000,2025-11-14,2025-09-30,0.700000,-1.960000,-35.459184,-22.303028,3.875912,58.907509,51.310722,43.713935,36.117147,28.520360,,,,,,,,,,70.730000,72.380000,73.655000,75.614583,70.730000,78.515844,62.944156,74.622922,66.837078
2025-11-28,76.400000,2025-11-14,2025-09-30,0.700000,-1.960000,-38.979592,-22.441434,4.164178,60.308788,52.147000,43.985211,35.823423,27.661634,,,,,,,,,,70.705000,72.363333,73.678333,75.527500,70.705000,78.410220,62.999780,74.557610,66.852390
2025-12-01,80.500000,2025-11-14,2025-09-30,0.700000,-1.960000,-41.071429,-22.602845,4.497346,61.931173,53.116375,44.301576,35.486778,26.671980,,,,,,,,,,70.895000,72.431667,73.754167,75.417083,70.895000,79.371463,62.418537,75.133231,66.656769
2025-12-02,82.300000,2025-11-14,2025-09-30,0.700000,-1.960000,-41.989796,-22.771656,4.832128,63.574385,54.103415,44.632445,35.161475,25.690505,,,,,,,,,,71.255000,72.548333,73.844167,75.307917,71.255000,81.000061,61.509939,76.127530,66.382470
2025-12-03,79.000000,2025-11-14,2025-09-30,0.700000,-1.960000,-40.306122,-22.927449,5.088943,64.886455,54.912127,44.937800,34.963473,24.989145,,,,,,,,,,71.525000,72.593333,73.910000,75.185000,71.525000,81.826942,61.223058,76.675971,66.374029
2025-12-04,78.700000,2025-11-14,2025-09-30,0.700000,-1.960000,-40.153061,-23.082220,5.324603,66.113594,55.677373,45.241151,34.804929,24.368708,,,,,,,,,,71.755000,72.593333,73.974167,75.075417,71.755000,82.495082,61.014918,77.125041,66.384959
2025-12-05,77.600000,2025-11-14,2025-09-30,0.700000,-1.960000,-39.591837,-23.226742,5.533081,67.214091,56.369252,45.524413,34.679575,23.834736,,,,,,,,,,72.005000,72.578333,74.010833,74.991250,72.005000,83.056168,60.953832,77.530584,66.479416
2025-12-08,79.100000,2025-11-14,2025-09-30,0.700000,-1.960000,-40.357143,-23.375108,5.749343,68.352637,57.083924,45.815211,34.546498,23.277786,,,,,,,,,,72.330000,72.643333,74.051667,74.923333,72.330000,83.828119,60.831881,78.079059,66.580941
2025-12-09,79.300000,2025-11-14,2025-09-30,0.700000,-1.960000,-40.459184,-23.521538,5.956843,69.453040,57.777627,46.102215,34.426802,22.751390,,,,,,,,,,72.595000,72.721667,74.085000,74.866250,72.595000,84.492541,60.697459,78.543770,66.646230
2025-12-10,80.700000,2025-11-14,2025-09-30,0.700000,-1.960000,-41.173469,-23.678227,6.169806,70.594964,58.502144,46.409325,34.316505,22.223686,,,,,,,,,,72.980000,72.838333,74.144167,74.824583,72.980000,85.418751,60.541249,79.199375,66.760625
2025-12-11,88.700000,2025-11-14,2025-09-30,0.700000,-1.960000,-45.255102,-23.870449,6.474788,72.167248,59.476664,46.786080,34.095496,21.404912,,,,,,,,,,73.815000,73.095000,74.275000,74.827500,73.815000,88.084183,59.545817,80.949591,66.680409
2025-12-12,97.500000,2025-11-14,2025-09-30,0.700000,-1.960000,-49.744898,-24.107938,6.887240,74.249539,60.750549,47.251559,33.752569,20.253579,,,,,,,,,,75.140000,73.528333,74.505000,74.863750,75.140000,92.821915,57.458085,83.980957,66.299043
2025-12-15,107.000000,2025-11-14,2025-09-30,0.700000,-1.960000,-54.591837,-24.379486,7.425063,76.890041,62.336917,47.783793,33.230669,18.677545,,,,,,,,,,77.005000,74.101667,74.793333,74.962500,77.005000,99.487693,54.522307,88.246346,65.763654
2025-12-16,99.300000,2025-11-14,2025-09-30,0.700000,-1.960000,-50.663265,-24.618043,7.799577,78.825705,63.538534,48.251364,32.964193,17.677023,,,,,,,,,,78.695000,74.531667,75.016667,75.026250,78.695000,102.574388,54.815612,90.634694,66.755306
2025-12-17,102.000000,2025-11-14,2025-09-30,0.700000,-1.960000,-52.040816,-24.861747,8.189324,80.831172,64.780097,48.729023,32.677949,16.626875,,,,,,,,,,80.505000,75.001667,75.241667,75.099167,80.505000,105.719405,55.290595,93.112202,67.897798
2025-12-18,96.100000,2025-11-14,2025-09-30,0.700000,-1.960000,-49.030612,-25.082392,8.478197,82.396022,65.778755,49.161488,32.544221,15.926954,,,,,,,,,,81.970000,75.378333,75.424167,75.159167,81.970000,107.236337,56.703663,94.603169,69.336831
2025-12-19,96.700000,2025-11-14,2025-09-30,0.700000,-1.960000,-49.336735,-25.307361,8.758372,83.935247,66.768837,49.602428,32.436018,15.269608,,,,,,,,,,83.555000,75.780000,75.617500,75.220417,83.555000,108.311029,58.798971,95.933014,71.176986
2025-12-22,97.500000,2025-11-14,2025-09-30,0.700000,-1.960000,-49.744898,-25.536745,9.032956,85.461208,67.756614,50.052020,32.347425,14.642831,,,,,,,,,,85.160000,76.205000,75.820833,75.279583,85.160000,109.109192,61.210808,97.134596,73.185404
2025-12-23,107.000000,2025-11-14,2025-09-30,0.700000,-1.960000,-54.591837,-25.808039,9.408041,87.463276,69.023517,50.583757,32.143998,13.704238,,,,,,,,,,87.165000,76.765000,76.108333,75.380000,87.165000,111.390196,62.939804,99.277598,75.052402
2025-12-24,105.500000,2025-11-14,2025-09-30,0.700000,-1.960000,-53.826531,-26.066624,9.744974,89.290882,70.190733,51.090584,31.990435,12.890286,,,,,,,,,,89.020000,77.328333,76.362500,75.474167,89.020000,112.873994,65.166006,100.946997,77.093003
2025-12-26,105.500000,2025-11-14,2025-09-30,0.700000,-1.960000,-53.826531,-26.334074,10.060331,91.051285,71.333035,51.614786,31.896536,12.178286,,,,,,,,,,90.820000,77.920000,76.645833,75.556667,90.820000,113.892298,67.747702,102.356149,79.283851
2025-12-29,98.900000,2025-11-14,2025-09-30,0.700000,-1.960000,-50.459184,-26.576756,10.287468,92.417318,72.253880,52.090442,31.927004,11.763566,,,,,,,,,,91.945000,78.368333,76.885000,75.622917,91.945000,114.237833,69.652167,103.091417,80.798583
2025-12-30,100.500000,2025-11-14,2025-09-30,0.700000,-1.960000,-51.275510,-26.825734,10.520001,93.816843,73.197641,52.578438,31.959236,11.340033,,,,,,,,,,92.945000,78.818333,77.135833,75.695833,92.945000,114.867397,71.022603,103.906198,81.983802
2025-12-31,97.900000,2025-11-14,2025-09-30,0.700000,-1.960000,-49.948980,-27.057072,10.720490,95.056179,74.044020,53.031860,32.019701,11.007541,,,,,,,,,,93.725000,79.248333,77.343333,75.750833,93.725000,115.157280,72.292720,104.441140,83.008860
2026-01-02,100.500000,2025-11-14,2025-09-30,0.700000,-1.960000,-51.275510,-27.295664,10.937857,96.375900,74.937701,53.499502,32.061303,10.623104,,,,,,,,,,94.800000,79.720000,77.560000,75.827500,94.800000,115.257092,74.342908,105.028546,84.571454
2026-01-05,97.000000,2025-11-14,2025-09-30,0.700000,-1.960000,-49.489796,-27.516590,11.116214,97.508074,75.720295,53.932516,32.144737,10.356958,,,,,,,,,,95.715000,80.113333,77.738333,75.883750,95.715000,114.725941,76.704059,105.220471,86.209529
2026-01-06,93.700000,2025-11-14,2025-09-30,0.700000,-1.960000,-47.806122,-27.728551,11.258853,98.482662,76.415311,54.347959,32.280608,10.213257,,,,,,,,,,96.520000,80.453333,77.905833,75.932917,96.520000,113.562807,79.477193,105.041403,87.998597
2026-01-07,90.000000,2025-11-14,2025-09-30,0.700000,-1.960000,-45.918367,-27.915662,11.373395,99.298407,77.006552,54.714697,32.422842,10.130987,,,,,,,,,,97.065000,80.735000,78.012500,75.946250,97.065000,112.370902,81.759098,104.717951,89.412049
2026-01-08,88.800000,2025-11-14,2025-09-30,0.700000,-1.960000,-45.306122,-28.100204,11.474808,100.057648,77.567024,55.076399,32.585775,10.095150,,,,,,,,,,97.540000,81.028333,78.117500,75.990417,97.540000,111.003307,84.076693,104.271653,90.808347
2026-01-09,89.100000,2025-11-14,2025-09-30,0.700000,-1.960000,-45.459184,-28.283995,11.575149,100.811214,78.123922,55.436630,32.749338,10.062046,,,,,,,,,,97.960000,81.346667,78.218333,76.048333,97.960000,109.613850,86.306150,103.786925,92.133075
2026-01-12,92.000000,2025-11-14,2025-09-30,0.700000,-1.960000,-46.938776,-28.482649,11.689433,101.648570,78.737281,55.825991,32.914702,10.003413,,,,,,,,,,98.125000,81.706667,78.351667,76.127083,98.125000,109.310870,86.939130,103.717935,92.532065
2026-01-13,87.500000,2025-11-14,2025-09-30,0.700000,-1.960000,-44.642857,-28.660903,11.771809,102.320861,79.248116,56.175371,33.102626,10.029881,,,,,,,,,,97.625000,81.975000,78.443333,76.172500,97.625000,109.780462,85.469538,103.702731,91.547269
2026-01-14,87.700000,2025-11-14,2025-09-30,0.700000,-1.960000,-44.744898,-28.844315,11.849912,102.986513,79.760685,56.534857,33.309028,10.083200,,,,,,,,,,96.660000,82.241667,78.550833,76.233333,96.660000,108.745903,84.574097,102.702952,90.617048
2026-01-15,92.200000,2025-11-14,2025-09-30,0.700000,-1.960000,-47.040816,-29.045339,11.952698,103.783440,80.356152,56.928864,33.501576,10.074287,,,,,,,,,,96.305000,82.573333,78.690833,76.288333,96.305000,108.481159,84.128841,102.393079,90.216921
2026-01-16,88.100000,2025-11-14,2025-09-30,0.700000,-1.960000,-44.948980,-29.229691,12.026354,104.433500,80.861847,57.290193,33.718540,10.146887,,,,,,,,,,95.610000,82.828333,78.799167,76.325833,95.610000,108.002341,83.217659,101.806170,89.413830
2026-01-19,90.100000,2025-11-14,2025-09-30,0.700000,-1.960000,-45.969388,-29.424066,12.107247,105.131577,81.401373,57.671169,33.940965,10.210761,,,,,,,,,,95.310000,83.130000,78.929167,76.366250,95.310000,107.940606,82.679394,101.625303,88.994697
2026-01-20,93.000000,2025-11-14,2025-09-30,0.700000,-1.960000,-47.448980,-29.634317,12.199788,105.906429,81.994845,58.083261,34.171677,10.260093,,,,,,,,,,95.125000,83.493333,79.095000,76.437917,95.125000,107.778250,82.471750,101.451625,88.798375
2026-01-21,95.000000,2025-11-14,2025-09-30,0.700000,-1.960000,-48.469388,-29.856617,12.298354,106.728518,82.623744,58.518970,34.414196,10.309422,,,,,,,,,,95.000000,83.886667,79.289167,76.524167,95.000000,107.603759,82.396241,101.301879,88.698121
2026-01-22,92.000000,2025-11-14,2025-09-30,0.700000,-1.960000,-46.938776,-30.068189,12.372416,107.433520,83.183585,58.933651,34.683717,10.433782,,,,,,,,,,94.250000,84.241667,79.465000,76.591250,94.250000,105.566592,82.933408,99.908296,88.591704
2026-01-23,88.600000,2025-11-14,2025-09-30,0.700000,-1.960000,-45.204082,-30.266065,12.423345,108.021001,83.671244,59.321488,34.971731,10.621975,,,,,,,,,,93.405000,84.476667,79.615000,76.640000,93.405000,103.658518,83.151482,98.531759,88.278241
2026-01-26,89.200000,2025-11-14,2025-09-30,0.700000,-1.960000,-45.510204,-30.463199,12.476317,108.615034,84.161452,59.707871,35.254289,10.800707,,,,,,,,,,92.590000,84.713333,79.759167,76.674167,92.590000,101.265410,83.914590,96.927705,88.252295
2026-01-27,92.600000,2025-11-14,2025-09-30,0.700000,-1.960000,-47.244898,-30.670230,12.547338,109.299215,84.706433,60.113651,35.520869,10.928087,,,,,,,,,,92.275000,84.975000,79.916667,76.730833,92.275000,100.427462,84.122538,96.351231,88.198769
2026-01-28,101.500000,2025-11-14,2025-09-30,0.700000,-1.960000,-51.785714,-30.917887,12.668804,110.260770,85.429914,60.599059,35.768203,10.937347,,,,,,,,,,92.325000,85.388333,80.157500,76.820833,92.325000,100.699114,83.950886,96.512057,88.137943
2026-01-29,111.500000,2025-11-14,2025-09-30,0.700000,-1.960000,-56.887755,-31.204515,12.864164,111.588372,86.374611,61.160850,35.947088,10.733327,,,,,,,,,,93.005000,85.995000,80.470000,76.950000,93.005000,104.796607,81.213393,98.900804,87.109196
2026-01-30,122.500000,2025-11-14,2025-09-30,0.700000,-1.960000,-62.500000,-31.535379,13.153423,113.370762,87.590052,61.809342,36.028633,10.247923,,,,,,,,,,94.105000,86.810000,80.865833,77.102500,94.105000,111.576959,76.633041,102.840980,85.369020
2026-02-02,124.000000,2025-11-14,2025-09-30,0.700000,-1.960000,-63.265306,-31.876166,13.440612,115.164484,88.820885,62.477286,36.133686,9.790087,,,,,,,,,,95.455000,87.641667,81.285833,77.268333,95.455000,117.454567,73.455433,106.454783,84.455217
2026-02-03,131.000000,2025-11-14,2025-09-30,0.700000,-1.960000,-66.836735,-32.244436,13.786516,117.242239,90.220667,63.199094,36.177522,9.155950,,,,,,,,,,97.320000,88.615000,81.756667,77.466250,97.320000,124.424911,70.215089,110.872456,83.767544
2026-02-04,128.000000,2025-11-14,2025-09-30,0.700000,-1.960000,-65.306122,-32.591845,14.089228,119.109791,91.494904,63.880016,36.265129,8.650241,,,,,,,,,,99.220000,89.538333,82.175833,77.655000,99.220000,129.325750,69.114250,114.272875,84.167125
2026-02-05,121.500000,2025-11-14,2025-09-30,0.700000,-1.960000,-61.989796,-32.912378,14.316933,120.630638,92.569450,64.508261,36.447072,8.385883,,,,,,,,,,100.855000,90.330000,82.543333,77.815833,100.855000,132.107956,69.602044,116.481478,85.228522
2026-02-06,120.500000,2025-11-14,2025-09-30,0.700000,-1.960000,-61.479592,-33.243096,14.514931,122.054999,93.605733,65.156467,36.707202,8.257936,,,,,,,,,,102.425000,91.121667,82.879167,77.972083,102.425000,134.339351,70.510649,118.382175,86.467825
2026-02-09,128.500000,2025-11-14,2025-09-30,0.700000,-1.960000,-65.561224,-33.607147,14.772968,123.780043,94.825026,65.870009,36.914992,7.959975,,,,,,,,,,104.250000,92.063333,83.279167,78.149167,104.250000,137.787442,70.712558,121.018721,87.481279
2026-02-10,141.000000,2025-11-14,2025-09-30,0.700000,-1.960000,-71.938776,-34.024799,15.140821,126.040622,96.364613,66.688605,37.012597,7.336589,,,,,,,,,,106.925000,93.230000,83.785000,78.378750,106.925000,143.255348,70.594652,125.090174,88.759826
2026-02-11,154.500000,2025-11-14,2025-09-30,0.700000,-1.960000,-78.826531,-34.501433,15.639425,128.929354,98.276081,67.622808,36.969535,6.316262,,,,,,,,,,110.265000,94.643333,84.409167,78.670000,110.265000,151.150374,69.379626,130.707687,89.822313
2026-02-23,168.500000,2025-11-14,2025-09-30,0.700000,-1.960000,-85.969388,-35.037591,16.284032,132.507083,100.590380,68.673678,36.756975,4.840272,,,,,,,,,,114.080000,96.360000,85.150000,79.020000,114.080000,161.573051,66.586949,137.826526,90.333474
2026-02-24,185.000000,2025-11-14,2025-09-30,0.700000,-1.960000,-94.387755,-35.640731,17.116577,136.952815,103.404324,69.855833,36.307343,2.758852,,,,,,,,,,118.925000,98.346667,86.016667,79.430417,118.925000,174.364407,63.485593,146.644704,91.205296
2026-02-25,177.000000,2025-11-14,2025-09-30,0.700000,-1.960000,-90.306122,-36.216425,17.776612,140.668514,105.826354,70.984194,36.142034,1.299873,,,,,,,,,,123.270000,100.183333,86.840833,79.830833,123.270000,182.676719,63.863281,152.973360,93.566640
2026-02-26,191.500000,2025-11-14,2025-09-30,0.700000,-1.960000,-97.704082,-36.852411,18.588239,145.096623,108.663674,72.230725,35.797775,-0.635174,,,,,,,,,,128.195000,102.291667,87.780833,80.296667,128.195000,193.111869,63.278131,160.653435,95.736565
2026-03-02,179.000000,2025-11-14,2025-09-30,0.700000,-1.960000,-91.326531,-37.430947,19.189666,148.588147,110.976401,73.364656,35.752910,-1.858835,,,,,,,,,,132.395000,104.185000,88.600833,80.707917,132.395000,199.113402,65.676598,165.754201,99.035799
2026-03-03,162.500000,2025-11-14,2025-09-30,0.700000,-1.960000,-82.908163,-37.938651,19.579525,151.111494,112.735625,74.359755,35.983886,-2.391983,,,,,,,,,,135.920000,105.778333,89.280833,81.048750,135.920000,201.083651,70.756349,168.501826,103.338174
2026-03-04,146.500000,2025-11-14,2025-09-30,0.700000,-1.960000,-74.744898,-38.378780,19.808905,152.873318,114.047864,75.222409,36.396955,-2.428500,,,,,,,,,,138.815000,107.080000,89.829167,81.328333,138.815000,200.159696,77.470304,169.487348,108.142652
2026-03-05,141.500000,2025-11-14,2025-09-30,0.700000,-1.960000,-72.193878,-38.796066,19.990111,154.401524,115.220907,76.040290,36.859673,-2.320944,,,,,,,,,,141.430000,108.280000,90.330000,81.587917,141.430000,198.154379,84.705621,169.792189,113.067811
2026-03-06,149.000000,2025-11-14,2025-09-30,0.700000,-1.960000,-76.020408,-39.254298,20.208546,156.155923,116.547173,76.938424,37.329675,-2.279075,,,,,,,,,,144.250000,109.490000,90.926667,81.875833,144.250000,196.156292,92.343708,170.203146,118.296854
2026-03-09,134.500000,2025-11-14,2025-09-30,0.700000,-1.960000,-68.622449,-39.653144,20.312526,157.345263,117.532713,77.720163,37.907613,-1.904937,,,,,,,,,,145.900000,110.390000,91.410833,82.105000,145.900000,194.046268,97.753732,169.973134,121.826866
2026-03-10,121.500000,2025-11-14,2025-09-30,0.700000,-1.960000,-61.989796,-39.999210,20.336558,158.117760,118.258106,78.398451,38.538797,-1.320858,,,,,,,,,,146.400000,111.043333,91.795833,82.286667,146.400000,193.231838,99.568162,169.815919,122.984081
2026-03-11,133.500000,2025-11-14,2025-09-30,0.700000,-1.960000,-68.112245,-40.394031,20.419132,159.215299,119.193800,79.172301,39.150802,-0.870697,,,,,,,,,,146.950000,111.951667,92.272500,82.515417,146.950000,192.849088,101.050912,169.899544,124.000456
2026-03-12,129.500000,2025-11-14,2025-09-30,0.700000,-1.960000,-66.071429,-40.766411,20.476950,160.171809,120.036987,79.902165,39.767343,-0.367479,,,,,,,,,,147.225000,112.798333,92.695833,82.722083,147.225000,192.608135,101.841865,169.916568,124.533432
2026-03-13,142.000000,2025-11-14,2025-09-30,0.700000,-1.960000,-72.448980,-41.192389,20.600573,161.491328,121.114206,80.737083,40.359961,-0.017162,,,,,,,,,,147.775000,113.871667,93.225000,82.977917,147.775000,192.593317,102.956683,170.184159,125.365841
2026-03-16,156.000000,2025-11-14,2025-09-30,0.700000,-1.960000,-79.591837,-41.685365,20.806456,163.264622,122.483969,81.703315,40.922662,0.142008,,,,,,,,,,149.175000,115.153333,93.898333,83.284167,149.175000,193.133443,105.216557,171.154222,127.195778
2026-03-17,171.500000,2025-11-14,2025-09-30,0.700000,-1.960000,-87.500000,-42.245600,21.127643,165.621737,124.211557,82.801377,41.391197,-0.018983,,,,,,,,,,151.675000,116.690000,94.705833,83.659167,151.675000,194.683292,108.666708,173.179146,130.170854
2026-03-18,158.500000,2025-11-14,2025-09-30,0.700000,-1.960000,-80.867347,-42.752602,21.319111,167.366013,125.580556,83.795100,42.009643,0.224186,,,,,,,,,,153.575000,117.986667,95.412500,83.978333,153.575000,194.068372,113.081628,173.821686,133.328314
2026-03-19,174.000000,2025-11-14,2025-09-30,0.700000,-1.960000,-88.775510,-43.326410,21.623834,169.685193,127.302479,84.919764,42.537050,0.154336,,,,,,,,,,155.850000,119.408333,96.251667,84.380000,155.850000,195.515841,116.184159,175.682921,136.017079
2026-03-20,169.000000,2025-11-14,2025-09-30,0.700000,-1.960000,-86.224490,-43.883037,21.861910,171.709438,128.860095,86.010752,43.161409,0.312066,,,,,,,,,,157.250000,120.600000,97.064167,84.762500,157.250000,196.684823,117.815177,176.967411,137.532589
2026-03-23,152.500000,2025-11-14,2025-09-30,0.700000,-1.960000,-77.806122,-44.367019,21.965298,173.063324,130.011341,86.959357,43.907373,0.855390,,,,,,,,,,157.150000,121.358333,97.730000,85.078333,157.150000,196.624309,117.675691,176.887154,137.412846
2026-03-24,145.000000,2025-11-14,2025-09-30,0.700000,-1.960000,-73.979592,-44.817075,22.014503,174.138320,130.989894,87.841467,44.693041,1.544614,,,,,,,,,,155.975000,122.120000,98.325833,85.367083,155.975000,195.425802,116.524198,175.700401,136.249599
2026-03-25,153.500000,2025-11-14,2025-09-30,0.700000,-1.960000,-78.316327,-45.302592,22.106063,175.448847,132.120963,88.793080,45.465196,2.137313,,,,,,,,,,154.400000,122.978333,98.990000,85.705417,154.400000,191.411520,117.388480,172.905760,135.894240
2026-03-26,144.500000,2025-11-14,2025-09-30,0.700000,-1.960000,-73.724490,-45.750522,22.133061,176.432623,133.051823,89.671024,46.290224,2.909424,,,,,,,,,,152.775000,123.785000,99.581667,86.032500,152.775000,188.437858,117.112142,170.606429,134.943571
2026-03-27,155.500000,2025-11-14,2025-09-30,0.700000,-1.960000,-79.336735,-46.247260,22.212889,177.719154,134.181891,90.644629,47.107366,3.570103,,,,,,,,,,150.975000,124.765000,100.272500,86.394583,150.975000,181.700397,120.249603,166.337698,135.612302
2026-03-30,151.000000,2025-11-14,2025-09-30,0.700000,-1.960000,-77.040816,-46.726223,22.252346,178.812595,135.197996,91.583397,47.968798,4.354199,,,,,,,,,,149.575000,125.656667,100.930833,86.736667,149.575000,177.331981,121.818019,163.453491,135.696509
2026-03-31,136.000000,2026-03-31,2025-12-31,0.300000,-0.780000,-174.358974,-48.013001,24.987238,76.430232,56.940186,37.450140,17.960094,-1.529952,,,,,,,,,,148.250000,126.140000,101.452500,87.044583,148.250000,175.939063,120.560937,162.094532,134.405468
2026-04-01,149.500000,2026-03-31,2025-12-31,0.300000,-0.780000,-191.666667,-49.447859,28.086673,82.384540,60.476935,38.569330,16.661725,-5.245881,,,,,,,,,,148.400000,126.873333,102.100833,87.434583,148.400000,176.081649,120.718351,162.240824,134.559176
2026-04-02,157.500000,2026-03-31,2025-12-31,0.300000,-0.780000,-201.923077,-50.972036,31.210677,88.446844,64.102516,39.758188,15.413861,-8.930467,,,,,,,,,,149.200000,127.740000,102.830000,87.880833,149.200000,176.966697,121.433303,163.083349,135.316651
2026-04-07,173.000000,2026-03-31,2025-12-31,0.300000,-0.780000,-221.794872,-52.657284,34.758700,95.296253,68.184467,41.072681,13.960895,-13.150891,,,,,,,,,,150.400000,128.975000,103.671667,88.370833,150.400000,180.134970,120.665030,165.267485,135.532515
2026-04-08,176.000000,2026-03-31,2025-12-31,0.300000,-0.780000,-225.641026,-54.371185,38.048455,101.765114,72.087319,42.409524,12.731730,-16.946065,,,,,,,,,,152.475000,130.233333,104.525833,88.868750,152.475000,183.309832,121.640168,167.892416,137.057584
2026-04-09,179.500000,2026-03-31,2025-12-31,0.300000,-0.780000,-230.128205,-56.125650,41.158241,107.984863,75.881435,43.778007,11.674579,-20.428848,,,,,,,,,,155.375000,131.593333,105.420833,89.377500,155.375000,184.822321,125.927679,170.098661,140.651339
2026-04-10,197.000000,2026-03-31,2025-12-31,0.300000,-0.780000,-252.564103,-58.066855,44.757918,115.114498,80.203323,45.292147,10.380971,-24.530205,,,,,,,,,,158.550000,133.201667,106.460833,89.945000,158.550000,191.545853,125.554147,175.047927,142.052073
2026-04-13,216.500000,2026-03-31,2025-12-31,0.300000,-0.780000,-277.564103,-60.213675,48.900691,123.251744,85.109205,46.966667,8.824128,-29.318411,,,,,,,,,,162.900000,135.193333,107.653333,90.600833,162.900000,202.122174,123.677826,182.511087,143.288913
2026-04-14,199.000000,2026-03-31,2025-12-31,0.300000,-0.780000,-255.128205,-62.173756,51.894282,129.450610,88.973070,48.495530,8.017990,-32.459551,,,,,,,,,,165.750000,136.948333,108.700833,91.183750,165.750000,206.817980,124.682020,186.283990,145.216010
2026-04-15,197.500000,2026-03-31,2025-12-31,0.300000,-0.780000,-253.205128,-64.118265,54.596928,135.183453,92.597850,50.012246,7.426643,-35.158961,,,,,,,,,,167.825000,138.740000,109.737500,91.753333,167.825000,210.960374,124.689626,189.392687,146.257313
2026-04-16,206.500000,2026-03-31,2025-12-31,0.300000,-0.780000,-264.743590,-66.163229,57.428247,141.195384,96.401351,51.607319,6.813286,-37.980746,,,,,,,,,,169.575000,140.701667,110.865000,92.357083,169.575000,216.048847,123.101153,192.811923,146.338077
2026-04-17,227.000000,2026-03-31,2025-12-31,0.300000,-0.780000,-291.025641,-68.429928,60.819795,148.254225,100.814784,53.375344,5.935904,-41.503536,,,,,,,,,,173.000000,143.000000,112.173333,93.046250,173.000000,225.714724,120.285276,199.357362,146.642638
2026-04-20,249.500000,2026-03-31,2025-12-31,0.300000,-0.780000,-319.871795,-70.936106,64.834989,156.472745,105.901454,55.330163,4.758872,-45.812419,,,,,,,,,,176.775000,145.625000,113.665833,93.816250,176.775000,239.629448,113.920552,208.202224,145.347776
2026-04-21,252.000000,2026-03-31,2025-12-31,0.300000,-0.780000,-323.076923,-73.466729,68.622477,164.355112,110.829581,57.304049,3.778517,-49.747015,,,,,,,,,,180.925000,148.366667,115.170833,94.595833,180.925000,252.035940,109.814060,216.480470,145.369530
2026-04-22,246.000000,2026-03-31,2025-12-31,0.300000,-0.780000,-315.384615,-75.932570,71.904274,171.398072,115.312738,59.227405,3.142072,-52.943262,,,,,,,,,,185.600000,151.005000,116.623333,95.345417,185.600000,261.006687,110.193313,223.303343,147.896657
2026-04-23,239.500000,2026-03-31,2025-12-31,0.300000,-0.780000,-307.051282,-78.327608,74.744165,177.696432,119.395983,61.095534,2.795085,-55.505364,,,,,,,,,,190.325000,153.460000,118.016667,96.050833,190.325000,266.854509,113.795491,228.589755,152.060245
2026-04-24,216.000000,2026-03-31,2025-12-31,0.300000,-0.780000,-276.923077,-80.470445,76.711715,182.437222,122.602085,62.766947,2.931810,-56.903328,,,,,,,,,,193.450000,155.591667,119.210000,96.660417,193.450000,268.742343,118.157657,231.096171,155.803829
2026-04-27,205.000000,2026-03-31,2025-12-31,0.300000,-0.780000,-262.820513,-82.497573,78.286629,186.475249,125.411678,64.348107,3.284536,-57.779035,,,,,,,,,,196.475000,157.506667,120.318333,97.231250,196.475000,268.266713,124.683287,232.370856,160.579144
2026-04-28,215.500000,2026-03-31,2025-12-31,0.300000,-0.780000,-276.282051,-84.638691,80.038918,190.878891,128.448535,66.018179,3.587824,-58.842532,,,,,,,,,,199.475000,159.548333,121.520833,97.842500,199.475000,269.037146,129.912854,234.256073,164.693927
2026-04-29,209.500000,2026-03-31,2025-12-31,0.300000,-0.780000,-268.589744,-86.715255,81.550413,194.856542,131.247220,67.637899,4.028577,-59.580745,,,,,,,,,,202.400000,161.456667,122.671667,98.428750,202.400000,268.197616,136.602384,235.298808,169.501192
2026-04-30,223.500000,2026-03-31,2025-12-31,0.300000,-0.780000,-286.538462,-88.942975,83.322951,199.359325,134.367423,69.375521,4.383619,-60.608283,,,,,,,,,,206.775000,163.648333,123.945000,99.056667,206.775000,265.206674,148.343326,235.990837,177.559163
2026-05-04,223.000000,2026-03-31,2025-12-31,0.300000,-0.780000,-285.897436,-91.156749,84.994636,203.693896,137.398080,71.102264,4.806448,-61.489367,,,,,,,,,,210.450000,165.888333,125.182500,99.693750,210.450000,262.624707,158.275293,236.537353,184.362647
2026-05-05,245.000000,2026-03-31,2025-12-31,0.300000,-0.780000,-314.102564,-93.604434,87.141491,208.952185,140.981821,73.011458,5.041095,-62.929268,,,,,,,,,,214.825000,168.485000,126.599167,100.421667,214.825000,262.811045,166.838955,238.818023,190.831977
2026-05-06,237.000000,2026-03-31,2025-12-31,0.300000,-0.780000,-303.846154,-95.962346,88.966574,213.638485,144.244557,74.850630,5.456702,-63.937226,,,,,,,,,,218.025000,170.891667,127.933333,101.117083,218.025000,262.688037,173.361963,240.356518,195.693482
2026-05-07,238.500000,2026-03-31,2025-12-31,0.300000,-0.780000,-305.769231,-98.336736,90.729559,218.240766,147.471710,76.702654,5.933598,-64.835458,,,,,,,,,,221.150000,173.175000,129.281667,101.810833,221.150000,262.017050,180.282950,241.583525,200.716475
2026-05-08,262.000000,2026-03-31,2025-12-31,0.300000,-0.780000,-335.897436,-100.965818,92.995129,223.825739,151.289538,78.753338,6.217137,-66.319063,,,,,,,,,,225.275000,175.683333,130.839167,102.602083,225.275000,265.081737,185.468263,245.178369,205.371631
2026-05-11,260.000000,2026-03-31,2025-12-31,0.300000,-0.780000,-333.333333,-103.576929,95.078218,229.112024,154.951014,80.790005,6.628995,-67.532015,,,,,,,,,,228.425000,177.975000,132.392500,103.375000,228.425000,268.777754,188.072246,248.601377,208.248623
2026-05-12,265.500000,2026-03-31,2025-12-31,0.300000,-0.780000,-340.384615,-106.245668,97.187553,234.484205,158.677913,82.871621,7.065330,-68.740962,,,,,,,,,,230.875000,180.333333,133.987500,104.174583,230.875000,274.031844,187.718156,252.453422,209.296578
2026-05-13,276.000000,2026-03-31,2025-12-31,0.300000,-0.780000,-353.846154,-109.029984,99.447866,240.182059,162.612723,85.043388,7.474052,-70.095284,,,,,,,,,,234.725000,182.750000,135.682500,105.003750,234.725000,279.612550,189.837450,257.168775,212.281225
2026-05-14,275.000000,2026-03-31,2025-12-31,0.300000,-0.780000,-352.564103,-111.803616,101.555399,245.633244,166.420032,87.206821,7.993609,-71.219602,,,,,,,,,,238.600000,185.200000,137.369167,105.830000,238.600000,283.337362,193.862638,260.968681,216.231319
2026-05-15,256.000000,2026-05-15,2026-03-31,0.740000,0.520000,492.307692,-107.533480,115.287759,-175.816679,-115.867044,-55.917409,4.032225,63.981860,,,,,,,,,,241.075000,187.441667,138.885833,106.577917,241.075000,283.765163,198.384837,262.420081,219.729919
2026-05-18,268.500000,2026-05-15,2026-03-31,0.740000,0.520000,516.346154,-103.065287,128.363984,-187.092493,-120.343221,-53.593949,13.155322,79.904594,,,,,,,,,,243.150000,189.908333,140.515000,107.382083,243.150000,286.978734,199.321266,265.064367,221.235633
2026-05-19,252.500000,2026-05-15,2026-03-31,0.740000,0.520000,485.576923,-98.855769,138.969834,-195.933627,-123.669314,-51.405000,20.859314,93.123627,,,,,,,,,,243.300000,191.975000,142.019167,108.120417,243.300000,287.240630,199.359370,265.270315,221.329685
2026-05-20,239.000000,2026-05-15,2026-03-31,0.740000,0.520000,459.615385,-94.723770,147.930250,-203.103820,-126.180090,-49.256361,27.667369,104.591099,,,,,,,,,,242.650000,193.608333,143.419167,108.808333,242.650000,286.433078,198.866922,264.541539,220.758461
2026-05-21,262.500000,2026-05-15,2026-03-31,0.740000,0.520000,504.807692,-90.220696,157.651465,-210.872285,-128.893524,-46.914762,35.064000,117.042762,,,,,,,,,,243.475000,195.408333,145.025833,109.587083,243.475000,288.136858,198.813142,265.805929,221.144071
2026-05-22,268.000000,2026-05-15,2026-03-31,0.740000,0.520000,515.384615,-85.647338,166.996341,-218.212810,-131.374713,-44.536616,42.301482,129.139579,,,,,,,,,,244.900000,197.066667,146.713333,110.395417,244.900000,290.828549,198.971451,267.864274,221.935726
2026-05-25,274.000000,2026-05-15,2026-03-31,0.740000,0.520000,526.923077,-80.976550,176.057626,-225.207737,-133.657772,-42.107806,49.442159,140.992125,,,,,,,,,,247.800000,198.550000,148.448333,111.230417,247.800000,293.368225,202.231775,270.584113,225.015887
2026-05-26,288.500000,2026-05-15,2026-03-31,0.740000,0.520000,554.807692,-76.069139,185.338454,-232.307945,-135.931949,-39.555952,56.820044,153.196040,,,,,,,,,,251.975000,200.408333,150.295833,112.118750,251.975000,296.316349,207.633651,274.145675,229.804325
2026-05-27,280.500000,2026-05-15,2026-03-31,0.740000,0.520000,539.423077,-71.297586,193.637199,-238.457431,-137.766088,-37.074745,63.616598,164.307942,,,,,,,,,,255.225000,201.891667,152.091667,112.980000,255.225000,297.803071,212.646929,276.514035,233.935965
2026-05-28,260.500000,2026-05-15,2026-03-31,0.740000,0.520000,500.961538,-66.844846,200.537324,-243.318137,-139.038728,-34.759320,69.520089,173.799497,,,,,,,,,,257.775000,203.250000,153.717500,113.759167,257.775000,294.533780,221.016220,276.154390,239.395610
2026-05-29,267.000000,2026-05-15,2026-03-31,0.740000,0.520000,513.461538,-62.281561,207.400833,-248.083278,-140.234845,-32.386412,75.462022,183.310455,,,,,,,,,,259.950000,204.991667,155.385000,114.560417,259.950000,293.144641,226.755359,276.547321,243.352679
2026-06-01,267.000000,2026-05-15,2026-03-31,0.740000,0.520000,513.461538,-57.711898,213.946942,-252.515007,-141.262597,-30.010187,81.242223,192.494633,,,,,,,,,,262.150000,207.000000,157.040000,115.367083,262.150000,290.514359,233.785641,276.332179,247.967821
2026-06-02,259.000000,2026-05-15,2026-03-31,0.740000,0.520000,498.076923,-53.265764,219.874981,-256.368177,-142.033187,-27.698197,86.636793,200.971783,,,,,,,,,,262.850000,208.958333,158.619167,116.137083,262.850000,290.101461,235.598539,276.475730,249.224270
2026-06-03,242.500000,2026-05-15,2026-03-31,0.740000,0.520000,466.346154,-49.054716,224.931742,-259.437464,-142.472958,-25.508452,91.456054,208.420560,,,,,,,,,,263.125000,210.516667,160.003333,116.840833,263.125000,289.370551,236.879449,276.247776,250.002224
2026-06-04,242.500000,2026-05-15,2026-03-31,0.740000,0.520000,466.346154,-44.826236,229.799859,-262.301497,-142.805570,-23.309643,96.186284,215.682211,,,,,,,,,,263.325000,212.316667,161.353333,117.553750,263.325000,288.830985,237.819015,276.077992,250.572008
2026-06-05,229.500000,2026-05-15,2026-03-31,0.740000,0.520000,441.346154,-40.798437,234.046570,-264.623620,-142.919403,-21.215187,100.489029,222.193246,,,,,,,,,,261.700000,214.116667,162.580000,118.212083,261.700000,291.363729,232.036271,276.531865,246.868135
2026-06-08,215.000000,2026-05-15,2026-03-31,0.740000,0.520000,413.461538,-37.017040,237.691875,-266.448410,-142.848635,-19.248861,104.350914,227.950689,,,,,,,,,,259.450000,215.475000,163.713333,118.811667,259.450000,295.742525,223.157475,277.596262,241.303738
2026-06-09,231.000000,2026-05-15,2026-03-31,0.740000,0.520000,444.230769,-32.980508,241.717041,-268.535587,-142.842725,-17.149864,108.542997,234.235859,,,,,,,,,,257.725000,217.166667,164.982500,119.478333,257.725000,296.030524,219.419476,276.877762,238.572238
2026-06-10,208.000000,2026-05-15,2026-03-31,0.740000,0.520000,400.000000,-29.317242,244.925753,-269.967749,-142.606357,-15.244966,112.116425,239.477817,,,,,,,,,,254.325000,218.266667,166.069167,120.040000,254.325000,297.555441,211.094559,275.940221,232.709779
2026-06-11,195.500000,2026-05-15,2026-03-31,0.740000,0.520000,375.961538,-25.847920,247.700873,-271.049826,-142.245372,-13.440918,115.363536,244.167989,,,,,,,,,,250.350000,218.925000,167.039167,120.545417,250.350000,299.754986,200.945014,275.052493,225.647507
2026-06-12,193.500000,2026-05-15,2026-03-31,0.740000,0.520000,372.115385,-22.409799,250.345539,-272.012456,-141.832776,-11.653095,118.526585,248.706266,,,,,,,,,,247.225000,219.291667,167.990833,121.037917,247.225000,302.663420,191.786580,274.944210,219.505790
2026-06-15,209.000000,2026-05-15,2026-03-31,0.740000,0.520000,401.923077,-18.717327,253.316555,-273.182228,-141.457619,-9.733010,121.991599,253.716207,,,,,,,,,,244.250000,220.133333,169.060000,121.602083,244.250000,301.245383,187.254617,272.747692,215.752308
2026-06-16,198.500000,2026-05-15,2026-03-31,0.740000,0.520000,381.730769,-15.159112,255.926051,-274.045831,-140.964285,-7.882738,125.198809,258.280355,,,,,,,,,,241.550000,220.541667,169.975000,122.125000,241.550000,301.916338,181.183662,271.733169,211.366831
2026-06-17,195.000000,2026-05-15,2026-03-31,0.740000,0.520000,375.000000,-11.619571,258.369217,-274.746163,-140.394170,-6.042177,128.309816,262.661809,,,,,,,,,,239.350000,220.975000,170.787500,122.646250,239.350000,303.213423,175.486577,271.281712,207.418288
2026-06-18,210.500000,2026-05-15,2026-03-31,0.740000,0.520000,404.807692,-7.791241,261.116059,-275.612147,-139.831796,-4.051446,131.728905,267.509256,,,,,,,,,,236.750000,221.941667,171.650000,123.221667,236.750000,300.878572,172.621428,268.814286,204.685714
2026-06-22,217.000000,2026-05-15,2026-03-31,0.740000,0.520000,417.307692,-3.891484,263.949576,-276.531131,-139.277351,-2.023571,135.230208,272.483988,,,,,,,,,,234.200000,223.141667,172.630833,123.823750,234.200000,297.141410,171.258590,265.670705,202.729295
2026-06-23,217.000000,2026-05-15,2026-03-31,0.740000,0.520000,417.307692,0.019754,266.693270,-277.350729,-138.670228,0.010272,138.690773,277.371273,,,,,,,,,,231.350000,224.200000,173.589167,124.415417,231.350000,291.816694,170.883306,261.583347,201.116653
2026-06-24,211.500000,2026-05-15,2026-03-31,0.740000,0.520000,406.730769,3.817766,269.222155,-278.005803,-138.010282,1.985238,141.980759,281.976279,,,,,,,,,,227.500000,225.316667,174.550833,124.987500,227.500000,282.173192,172.826808,254.836596,200.163404
2026-06-25,214.000000,2026-05-15,2026-03-31,0.740000,0.520000,411.538462,7.658392,271.733130,-278.620091,-137.318864,3.982364,145.283592,286.584819,,,,,,,,,,224.175000,226.291667,175.528333,125.572917,224.175000,273.058616,175.291384,248.616808,199.733192
2026-06-26,193.000000,2026-05-15,2026-03-31,0.740000,0.520000,371.153846,11.165882,273.695314,-278.836869,-136.515305,5.806259,148.127822,290.449386,,,,,,,,,,220.800000,226.991667,176.324167,126.072500,220.800000,268.428386,173.171614,244.614193,196.985807
2026-06-29,190.000000,2026-05-15,2026-03-31,0.740000,0.520000,365.384615,14.665686,275.526431,-278.921332,-135.647588,7.626156,150.899901,294.173645,,,,,,,,,,216.950000,227.891667,177.015833,126.562083,216.950000,261.181330,172.718670,239.065665,194.834335
2026-06-30,192.000000,2026-05-15,2026-03-31,0.740000,0.520000,369.230769,18.191163,277.343288,-278.977615,-134.759105,9.459405,153.677915,297.896424,,,,,,,,,,213.200000,228.600000,177.736667,127.049583,213.200000,251.941247,174.458753,232.570623,193.829377
2026-07-01,189.500000,2026-05-15,2026-03-31,0.740000,0.520000,364.423077,21.676576,279.053455,-278.943773,-133.835977,11.271820,156.379616,301.487413,,,,,,,,,,209.725000,229.133333,178.436667,127.541250,209.725000,243.291078,176.158922,226.508039,192.941961
2026-07-02,192.500000,2026-05-15,2026-03-31,0.740000,0.520000,370.192308,25.182005,280.776443,-278.912858,-132.909108,13.094643,159.098393,305.102144,,,,,,,,,,207.225000,229.458333,179.216667,128.050833,207.225000,237.830254,176.619746,222.527627,191.922373
2026-07-03,201.000000,2026-05-15,2026-03-31,0.740000,0.520000,386.538462,28.830455,282.613097,-278.925784,-131.966973,14.991837,161.950647,308.909457,,,,,,,,,,205.150000,229.875000,180.054167,128.595000,205.150000,230.932695,179.367305,218.041348,192.258652
2026-07-06,188.000000,2026-05-15,2026-03-31,0.740000,0.520000,361.538462,32.259517,284.141442,-278.732151,-130.978601,16.774949,164.528499,312.282049,,,,,,,,,,203.075000,230.016667,180.805000,129.074167,203.075000,227.235156,178.914844,215.155078,190.994922
2026-07-07,183.000000,2026-05-15,2026-03-31,0.740000,0.520000,351.923077,35.619505,285.525885,-278.424777,-129.951317,18.522143,166.995603,315.469063,,,,,,,,,,201.475000,229.783333,181.492500,129.526250,201.475000,226.531725,176.418275,214.003363,188.946637
2026-07-08,189.000000,2026-05-15,2026-03-31,0.740000,0.520000,363.461538,39.060767,286.976332,-278.143787,-128.916094,20.311599,169.539291,318.766984,,,,,,,,,,199.375000,229.325000,182.259167,129.998750,199.375000,220.787920,177.962080,210.081460,188.668540
2026-07-09,187.500000,2026-05-15,2026-03-31,0.740000,0.520000,360.576923,42.463959,288.355689,-277.808658,-127.863700,22.081259,172.026217,321.971175,,,,,,,,,,198.350000,229.133333,183.040833,130.473333,198.350000,219.985984,176.714016,209.167992,187.532008
2026-07-13,182.000000,2026-05-15,2026-03-31,0.740000,0.520000,350.000000,45.763278,289.598274,-277.385301,-126.794198,23.796905,174.388007,324.979110,,,,,,,,,,197.675000,228.875000,183.807500,130.910000,197.675000,220.495293,174.854707,209.085147,186.264853
2026-07-14,174.500000,2026-05-15,2026-03-31,0.740000,0.520000,335.576923,48.937304,290.677006,-276.856688,-125.704645,25.447398,176.599441,327.751484,,,,,,,,,,196.725000,228.341667,184.521667,131.319583,196.725000,221.752301,171.697699,209.238650,184.211350
2026-07-15,180.000000,2026-05-15,2026-03-31,0.740000,0.520000,346.153846,52.200746,291.804448,-276.332238,-124.593925,27.144388,178.882701,330.621013,,,,,,,,,,195.275000,227.558333,185.279167,131.748750,195.275000,220.665581,169.884419,207.970290,182.579710
2026-07-16,171.000000,2026-05-15,2026-03-31,0.740000,0.520000,328.846154,55.332287,292.746452,-275.683520,-123.455366,28.772789,181.000944,333.229099,,,,,,,,,,193.900000,226.250000,185.937500,132.144583,193.900000,221.442503,166.357497,207.671252,180.128748
2026-07-17,157.000000,2026-05-15,2026-03-31,0.740000,0.520000,301.923077,58.220336,293.460501,-274.924346,-122.324886,30.274575,182.874035,335.473496,,,,,,,,,,192.000000,224.666667,186.516667,132.480000,192.000000,224.090333,159.909667,208.045167,175.954833
2026-07-20,153.500000,2026-05-15,2026-03-31,0.740000,0.520000,295.192308,61.053146,294.098247,-274.114541,-121.183452,31.747636,184.678725,337.609813,,,,,,,,,,189.150000,223.125000,187.065000,132.807917,189.150000,224.300953,153.999047,206.725476,171.574524
2026-07-21,155.500000,2026-05-15,2026-03-31,0.740000,0.520000,299.038462,63.937140,294.725543,-273.267251,-120.009969,33.247313,186.504595,339.761877,,,,,,,,,,186.075000,221.725000,187.592500,133.141667,186.075000,221.724278,150.425722,203.899639,168.250361
2026-07-22,167.000000,2026-05-15,2026-03-31,0.740000,0.520000,321.153846,66.987997,295.482821,-272.468376,-118.817309,34.833759,188.484826,342.135893,,,,,,,,,,183.575000,220.908333,188.250000,133.524583,183.575000,217.038688,150.111312,200.306844,166.843156
2026-07-23,164.000000,2026-05-15,2026-03-31,0.740000,0.520000,315.384615,69.999280,296.162501,-271.609375,-117.604875,36.399626,190.404126,344.408627,,,,,,,,,,181.200000,220.225000,188.865833,133.897500,181.200000,213.020880,149.379120,197.110440,165.289560
2026-07-24,164.000000,2026-05-15,2026-03-31,0.740000,0.520000,315.384615,73.022894,296.804802,-270.705090,-116.366592,37.971905,192.310402,346.648899,,,,,,,,,,178.700000,219.366667,189.457500,134.276250,178.700000,207.371277,150.028723,193.035638,164.364362
2026-07-27,171.500000,2026-05-15,2026-03-31,0.740000,0.520000,329.807692,76.175203,297.511576,-269.800934,-115.094914,39.611105,194.317125,349.023144,,,,,,,,,,177.625000,218.733333,190.095000,134.692083,177.625000,205.643556,149.606444,191.634278,163.615722
2026-07-28,162.500000,2026-05-15,2026-03-31,0.740000,0.520000,312.500000,79.170526,298.070534,-268.824682,-113.828004,41.168673,196.165351,351.162029,,,,,,,,,,176.250000,217.716667,190.682500,135.073750,176.250000,204.410256,148.089744,190.330128,162.169872
2026-07-29,148.500000,2026-05-15,2026-03-31,0.740000,0.520000,285.576923,81.927034,298.439948,-267.775488,-112.586715,42.602058,197.790831,352.979603,,,,,,,,,,174.075000,216.475000,191.181667,135.398333,174.075000,203.789917,144.360083,188.932459,159.217541
2026-07-30,137.500000,2026-05-15,2026-03-31,0.740000,0.520000,264.423077,84.509812,298.668839,-266.670490,-111.362694,43.945102,199.252898,354.560694,,,,,,,,,,171.475000,214.683333,191.584167,135.671667,171.475000,204.430273,138.519727,187.952636,154.997364
2026-07-31,151.000000,2026-05-15,2026-03-31,0.740000,0.520000,290.384615,87.323391,299.007337,-265.559467,-110.075652,45.408163,200.891979,356.375794,,,,,,,,,,169.400000,213.250000,192.070833,135.993750,169.400000,202.005456,136.794544,185.702728,153.097272
2026-08-03,158.000000,2026-05-15,2026-03-31,0.740000,0.520000,303.846154,90.286990,299.379161,-264.405093,-108.727929,46.949235,202.626398,358.303562,,,,,,,,,,167.250000,211.908333,192.541667,136.349583,167.250000,196.589214,137.910786,181.919607,152.580393
2026-08-04,173.500000,2026-05-15,2026-03-31,0.740000,0.520000,333.653846,93.541503,299.888130,-263.242073,-107.300246,48.641582,204.583409,360.525237,,,,,,,,,,166.525000,210.433333,193.058333,136.764167,166.525000,194.384563,138.665437,180.454782,152.595218
2026-08-05,170.000000,2026-05-15,2026-03-31,0.740000,0.520000,326.923077,96.786695,300.292130,-261.974733,-105.822826,50.329082,206.480989,362.632896,,,,,,,,,,165.875000,208.933333,193.454167,137.160000,165.875000,192.703647,139.046353,179.289324,152.460676
2026-08-06,187.000000,2026-05-15,2026-03-31,0.740000,0.520000,359.615385,100.310701,300.878828,-260.752417,-104.295426,52.161565,208.618555,365.075546,,,,,,,,,,165.775000,207.625000,193.979167,137.632500,165.775000,192.253343,139.296657,179.014171,152.535829
2026-08-07,205.500000,2026-05-15,2026-03-31,0.740000,0.520000,395.192308,104.160943,301.677080,-259.580473,-102.708391,54.163690,211.035772,367.907854,,,,,,,,,,166.675000,206.450000,194.600000,138.178333,166.675000,197.180004,136.169996,181.927502,151.422498
2026-08-10,217.500000,2026-05-15,2026-03-31,0.740000,0.520000,418.269231,108.190738,302.622632,-258.468354,-101.104585,56.259184,213.622952,370.986721,,,,,,,,,,168.450000,205.491667,195.345833,138.760833,168.450000,206.022246,130.877754,187.236123,149.663877
2026-08-11,218.000000,2026-05-15,2026-03-31,0.740000,0.520000,419.230769,112.200909,303.535597,-257.332548,-99.494037,58.344473,216.182983,374.021493,,,,,,,,,,170.625000,204.858333,196.150000,139.346667,170.625000,214.224704,127.025296,192.424852,148.825148
2026-08-12,222.000000,2026-05-15,2026-03-31,0.740000,0.520000,426.923077,116.270931,304.460212,-256.177736,-97.858426,60.460884,218.780195,377.099505,,,,,,,,,,172.725000,204.083333,196.995833,139.937500,172.725000,221.913654,123.536346,197.319327,148.130673
2026-08-13,216.000000,2026-05-15,2026-03-31,0.740000,0.520000,415.384615,120.278813,305.211112,-254.874574,-96.164795,62.544983,221.254761,379.964540,,,,,,,,,,174.975000,203.475000,197.725000,140.502083,174.975000,227.812860,122.137140,201.393930,148.556070
2026-08-14,219.000000,2026-08-14,2026-06-30,2.220000,3.960000,55.303030,121.339162,304.758401,-1933.183456,-726.340188,480.503081,1687.346349,2894.189618,,,,,,,,,,178.075000,203.141667,198.375000,141.080000,178.075000,233.675336,122.474664,205.875168,150.274832
2026-08-17,239.500000,2026-08-14,2026-06-30,2.220000,3.960000,60.479798,122.500048,304.254429,-1924.594885,-719.747348,485.100190,1689.947727,2894.795265,,,,,,,,,,182.375000,202.758333,199.083333,141.746250,182.375000,243.043968,121.706032,212.709484,152.040516
2026-08-18,244.000000,2026-08-14,2026-06-30,2.220000,3.960000,61.616162,123.729927,303.702447,-1915.352864,-712.691176,489.970513,1692.632201,2895.293890,,,,,,,,,,186.800000,202.358333,199.712500,142.431250,186.800000,251.959238,121.640762,219.379619,154.220381
2026-08-19,231.000000,2026-08-14,2026-06-30,2.220000,3.960000,58.333333,125.002603,303.100130,-1905.542722,-705.266207,495.010309,1695.286824,2895.563340,,,,,,,,,,190.000000,201.641667,200.095833,143.056250,190.000000,257.315440,122.684560,223.657720,156.342280
2026-08-20,250.000000,2026-08-14,2026-06-30,2.220000,3.960000,63.131313,126.281249,302.507268,-1895.783817,-697.855036,500.073744,1698.002524,2895.931305,,,,,,,,,,194.300000,201.000000,200.704167,143.772500,194.300000,265.497575,123.102425,229.898788,158.701212
2026-08-21,241.000000,2026-08-14,2026-06-30,2.220000,3.960000,60.858586,127.602604,301.866298,-1885.474770,-690.084229,505.306312,1700.696853,2896.087394,,,,,,,,,,198.150000,200.341667,201.116667,144.448750,198.150000,270.762236,125.537764,234.456118,161.843882
2026-08-24,238.500000,2026-08-14,2026-06-30,2.220000,3.960000,60.227273,128.865552,301.259070,-1875.664247,-682.678329,510.307588,1703.293505,2896.279422,,,,,,,,,,201.500000,199.975000,201.612500,145.106667,201.500000,275.110640,127.889360,238.305320,164.694680
2026-08-25,255.000000,2026-08-14,2026-06-30,2.220000,3.960000,64.393939,130.093070,300.688480,-1866.284208,-675.557825,515.168557,1705.894939,2896.621322,,,,,,,,,,206.125000,199.775000,202.383333,145.832083,206.125000,281.030467,131.219533,243.577733,168.672267
2026-08-26,268.000000,2026-08-14,2026-06-30,2.220000,3.960000,67.676768,131.279917,300.153771,-1857.349396,-668.740462,519.868472,1708.477406,2897.086340,,,,,,,,,,212.100000,199.791667,203.395833,146.612500,212.100000,286.715224,137.484776,249.407612,174.792388
2026-08-27,259.500000,2026-08-14,2026-06-30,2.220000,3.960000,65.530303,132.427619,299.632063,-1848.672572,-662.129601,524.413370,1710.956341,2897.499312,,,,,,,,,,218.200000,199.800000,204.379167,147.354583,218.200000,286.845083,149.554917,252.522541,183.877459
2026-08-28,263.500000,2026-08-14,2026-06-30,2.220000,3.960000,66.540404,133.615625,299.080757,-1839.601720,-655.241922,529.117877,1713.477675,2897.837474,,,,,,,,,,223.825000,200.150000,205.333333,148.130000,223.825000,287.545008,160.104992,255.685004,191.964996
2026-08-31,261.000000,2026-08-14,2026-06-30,2.220000,3.960000,65.909091,134.736722,298.568007,-1831.101199,-648.771891,533.557418,1715.886726,2898.216034,,,,,,,,,,228.975000,200.458333,206.387500,148.899167,228.975000,286.657867,171.292133,257.816434,200.133566
2026-09-01,270.000000,2026-08-14,2026-06-30,2.220000,3.960000,68.181818,135.821485,298.083328,-1822.966875,-642.556897,537.853081,1718.263059,2898.673036,,,,,,,,,,233.800000,201.133333,207.625000,149.710417,233.800000,287.982343,179.617657,260.891172,206.708828
2026-09-02,257.000000,2026-08-14,2026-06-30,2.220000,3.960000,64.898990,136.929912,297.565477,-1814.476126,-636.116837,542.242452,1720.601741,2898.961030,,,,,,,,,,238.150000,201.833333,208.654167,150.463333,238.150000,284.111196,192.188804,261.130598,215.169402
2026-09-03,265.500000,2026-08-14,2026-06-30,2.220000,3.960000,67.045455,138.039219,297.050020,-1806.000847,-629.682769,546.635309,1722.953387,2899.271464,,,,,,,,,,242.075000,202.408333,209.787500,151.241667,242.075000,282.747343,201.402657,262.411171,221.738829
2026-09-04,269.500000,2026-08-14,2026-06-30,2.220000,3.960000,68.055556,139.210091,296.489756,-1796.926913,-622.827477,551.271958,1725.371394,2899.470829,,,,,,,,,,245.275000,203.433333,210.850000,152.037500,245.275000,283.847522,206.702478,264.561261,225.988739
2026-09-07,296.000000,2026-08-14,2026-06-30,2.220000,3.960000,74.747475,140.496251,295.866731,-1786.899350,-615.267097,556.365156,1727.997409,2899.629661,,,,,,,,,,249.200000,205.108333,212.016667,152.957500,249.200000,291.652946,206.747054,270.426473,227.973527
2026-09-08,307.000000,2026-08-14,2026-06-30,2.220000,3.960000,77.525253,141.871462,295.180811,-1776.021037,-607.105024,561.810989,1730.727002,2899.643015,,,,,,,,,,253.650000,207.000000,213.145833,153.925833,253.650000,300.737936,206.562064,277.193968,230.106032
2026-09-09,321.000000,2026-08-14,2026-06-30,2.220000,3.960000,81.060606,143.220861,294.523408,-1765.470783,-599.158086,567.154611,1733.467309,2899.780006,,,,,,,,,,258.600000,208.866667,214.500000,154.956250,258.600000,312.061841,205.138159,285.330920,231.869080
2026-09-10,322.000000,2026-08-14,2026-06-30,2.220000,3.960000,81.313131,144.638267,293.805940,-1754.175507,-590.703985,572.767537,1736.239058,2899.710580,,,,,,,,,,263.900000,210.925000,215.733333,155.992500,263.900000,320.504445,207.295555,292.202222,235.597778
2026-09-11,302.000000,2026-08-14,2026-06-30,2.220000,3.960000,76.262626,145.992326,293.106619,-1743.274808,-582.572598,578.129611,1738.831821,2899.534031,,,,,,,,,,268.050000,212.708333,216.841667,156.952917,268.050000,322.938308,213.161692,295.494154,240.605846
2026-09-14,312.000000,2026-08-14,2026-06-30,2.220000,3.960000,78.787879,147.297276,292.449718,-1732.904550,-574.803668,583.297214,1741.398095,2899.498977,,,,,,,,,,271.675000,214.400000,218.170833,157.950417,271.675000,328.176770,215.173230,299.925885,243.424115
2026-09-15,300.000000,2026-08-14,2026-06-30,2.220000,3.960000,75.757576,148.545086,291.816411,-1722.947431,-567.354446,588.238540,1743.831526,2899.424511,,,,,,,,,,274.475000,215.783333,219.462500,158.894167,274.475000,330.752017,218.197983,302.613508,246.336492
2026-09-16,330.000000,2026-08-14,2026-06-30,2.220000,3.960000,83.333333,149.892166,291.132676,-1712.197818,-559.312420,593.572979,1746.458377,2899.343776,,,,,,,,,,279.425000,217.666667,220.933333,159.961667,279.425000,337.001745,221.848255,308.213373,250.636627
2026-09-17,363.000000,2026-08-14,2026-06-30,2.220000,3.960000,91.666667,151.270426,290.455855,-1701.379485,-551.174299,599.030887,1749.236073,2899.441259,,,,,,,,,,285.075000,220.191667,222.754167,161.167917,285.075000,351.924615,218.225385,318.499808,251.650192
2026-09-18,373.500000,2026-08-14,2026-06-30,2.220000,3.960000,94.318182,152.717550,289.728944,-1689.891735,-542.565118,604.761499,1752.088116,2899.414733,,,,,,,,,,291.700000,222.850000,224.570833,162.421667,291.700000,366.004778,217.395222,328.852389,254.547611
2026-09-21,374.000000,2026-08-14,2026-06-30,2.220000,3.960000,94.444444,154.146594,289.008188,-1678.524340,-534.051913,610.420513,1754.892939,2899.365365,,,,,,,,,,298.475000,225.866667,226.429167,163.680000,298.475000,376.948244,220.001756,337.711622,259.238378
2026-09-22,356.000000,2026-08-14,2026-06-30,2.220000,3.960000,89.898990,156.348744,287.486823,-1657.754613,-519.306794,619.141026,1757.588845,2896.036664,,,,,,,,,,303.525000,228.633333,228.262500,164.857500,303.525000,383.208238,223.841762,343.366619,263.683381
2026-09-23,391.500000,2026-08-14,2026-06-30,2.220000,3.960000,98.863636,158.769830,285.749472,-1634.407295,-502.839385,628.728526,1760.296436,2891.864346,,,,,,,,,,309.700000,231.958333,230.279167,166.190000,309.700000,396.605514,222.794486,353.152757,266.247243
2026-09-24,389.000000,2026-08-14,2026-06-30,2.220000,3.960000,98.232323,161.271125,283.873170,-1609.641849,-485.504097,638.633654,1762.771405,2886.909156,,,,,,,,,,316.175000,235.283333,232.208333,167.519167,316.175000,406.559719,225.790281,361.367359,270.982641
2026-09-29,354.000000,2026-08-14,2026-06-30,2.220000,3.960000,89.393939,163.864365,281.757882,-1582.619539,-466.858327,648.902885,1764.664097,2880.425309,,,,,,,,,,320.700000,237.975000,233.716667,168.694167,320.700000,409.019039,232.380961,364.859519,276.540481
2026-09-30,345.000000,2026-08-14,2026-06-30,2.220000,3.960000,87.121212,166.470717,279.562576,-1554.911567,-447.843764,659.224038,1766.291841,2873.359644,,,,,,,,,,324.900000,240.375000,235.125000,169.825417,324.900000,409.161248,240.638752,367.030624,282.769376
2026-10-01,339.500000,2026-08-14,2026-06-30,2.220000,3.960000,85.732323,169.102888,277.274694,-1526.368140,-428.360352,669.647436,1767.655224,2865.663012,,,,,,,,,,328.375000,242.900000,236.458333,170.939583,328.375000,408.745769,248.004231,368.560385,288.189615
2026-10-02,361.500000,2026-08-14,2026-06-30,2.220000,3.960000,91.287879,171.968321,274.644710,-1494.191552,-406.598500,680.994551,1768.587603,2856.180654,,,,,,,,,,333.600000,245.875000,237.829167,172.145000,333.600000,407.782279,259.417721,370.691140,296.508860
2026-10-05,357.500000,2026-08-14,2026-06-30,2.220000,3.960000,90.277778,175.033670,271.621379,-1458.107991,-382.487329,693.133333,1768.753996,2844.374658,,,,,,,,,,338.200000,248.683333,239.004167,173.328750,338.200000,405.711714,270.688286,371.955857,304.444143
2026-10-06,351.000000,2026-08-14,2026-06-30,2.220000,3.960000,88.636364,177.898375,268.845073,-1424.775417,-360.148926,704.477564,1769.104055,2833.730545,,,,,,,,,,342.275000,251.408333,240.270833,174.485833,342.275000,401.678593,282.871407,371.976796,312.573204
2026-10-07,347.500000,2026-08-14,2026-06-30,2.220000,3.960000,87.752525,180.739689,266.037693,-1391.289360,-337.780097,715.729167,1769.238430,2822.747693,,,,,,,,,,344.850000,254.166667,241.520833,175.629167,344.850000,400.129291,289.570709,372.489645,317.210355
