# chart-version: skill-stock-dynamic-valuation-box@1.18.0; font: noto-sans-cjk-tc-v1; Updated: 2026-10-05 04:56 CST (1.18.0)
date,close,available_date,period_end,eps,ttm_eps,pe,pe_mean,pe_std,price_m2,price_m1,price_mean,price_p1,price_p2,forward_eps,forward_pe,forward_pe_mean,forward_pe_std,forward_price_m2,forward_price_m1,forward_price_mean,forward_price_p1,forward_price_p2,sma20,sma60,sma120,sma240,bband_mid,bband_upper2,bband_lower2,bband_upper1,bband_lower1
2023-10-02,14.500000,2023-08-14,2023-06-30,-0.530000,-2.770000,-5.234657,-5.876290,0.403921,18.515046,17.396185,16.277324,15.158463,14.039602,,,,,,,,,,14.822500,15.076667,15.639583,14.725417,14.822500,15.366825,14.278175,15.094662,14.550338
2023-10-03,14.500000,2023-08-14,2023-06-30,-0.530000,-2.770000,-5.234657,-5.868630,0.407315,18.512629,17.384368,16.256106,15.127844,13.999583,,,,,,,,,,14.800000,15.048333,15.627083,14.728333,14.800000,15.359135,14.240865,15.079567,14.520433
2023-10-04,14.650000,2023-08-14,2023-06-30,-0.530000,-2.770000,-5.288809,-5.860781,0.409349,18.502153,17.368258,16.234363,15.100467,13.966572,,,,,,,,,,14.772500,15.025833,15.614167,14.731667,14.772500,15.302123,14.242877,15.037311,14.507689
2023-10-05,14.400000,2023-08-14,2023-06-30,-0.530000,-2.770000,-5.198556,-5.853461,0.413285,18.503688,17.358887,16.214087,15.069286,13.924486,,,,,,,,,,14.722500,14.997500,15.602500,14.733958,14.722500,15.187569,14.257431,14.955035,14.489965
2023-10-06,14.400000,2023-08-14,2023-06-30,-0.530000,-2.770000,-5.198556,-5.844699,0.415945,18.494151,17.341984,16.189816,15.037648,13.885481,,,,,,,,,,14.682500,14.972500,15.587083,14.736875,14.682500,15.110808,14.254192,14.896654,14.468346
2023-10-11,14.350000,2023-08-14,2023-06-30,-0.530000,-2.770000,-5.180505,-5.835626,0.418473,18.483027,17.323856,16.164685,15.005514,13.846343,,,,,,,,,,14.652500,14.952500,15.570833,14.742500,14.652500,15.085938,14.219062,14.869219,14.435781
2023-10-12,14.500000,2023-08-14,2023-06-30,-0.530000,-2.770000,-5.234657,-5.828607,0.421445,18.480048,17.312645,16.145242,14.977840,13.810437,,,,,,,,,,14.630000,14.935000,15.560000,14.747500,14.630000,15.044729,14.215271,14.837364,14.422636
2023-10-13,14.400000,2023-08-14,2023-06-30,-0.530000,-2.770000,-5.198556,-5.820807,0.424386,18.474734,17.299184,16.123635,14.948086,13.772536,,,,,,,,,,14.607500,14.915833,15.547083,14.756042,14.607500,15.020799,14.194201,14.814149,14.400851
2023-10-16,14.450000,2023-08-14,2023-06-30,-0.530000,-2.770000,-5.216606,-5.814439,0.427686,18.475376,17.290686,16.105996,14.921305,13.736615,,,,,,,,,,14.590000,14.901667,15.537917,14.761667,14.590000,14.998592,14.181408,14.794296,14.385704
2023-10-17,14.450000,2023-08-14,2023-06-30,-0.530000,-2.770000,-5.216606,-5.809032,0.431123,18.479443,17.285231,16.091020,14.896808,13.702596,,,,,,,,,,14.565000,14.893333,15.531250,14.768125,14.565000,14.940710,14.189290,14.752855,14.377145
2023-10-18,14.450000,2023-08-14,2023-06-30,-0.530000,-2.770000,-5.216606,-5.802023,0.433875,18.475272,17.273438,16.071605,14.869771,13.667937,,,,,,,,,,14.545000,14.866667,15.520417,14.774167,14.545000,14.898777,14.191223,14.721888,14.368112
2023-10-19,14.500000,2023-08-14,2023-06-30,-0.530000,-2.770000,-5.234657,-5.797569,0.436948,18.479957,17.269611,16.059265,14.848919,13.638572,,,,,,,,,,14.522500,14.845000,15.516250,14.781042,14.522500,14.820696,14.224304,14.671598,14.373402
2023-10-20,14.700000,2023-08-14,2023-06-30,-0.530000,-2.770000,-5.306859,-5.793074,0.439212,18.480049,17.263432,16.046816,14.830200,13.613583,,,,,,,,,,14.512500,14.838333,15.512083,14.790208,14.512500,14.767709,14.257291,14.640104,14.384896
2023-10-23,14.900000,2023-08-14,2023-06-30,-0.530000,-2.770000,-5.379061,-5.788861,0.440748,18.476891,17.256019,16.035146,14.814274,13.593401,,,,,,,,,,14.517500,14.836667,15.508750,14.800000,14.517500,14.798990,14.236010,14.658245,14.376755
2023-10-24,14.850000,2023-08-14,2023-06-30,-0.530000,-2.770000,-5.361011,-5.783376,0.441951,18.468363,17.244157,16.019952,14.795747,13.571542,,,,,,,,,,14.527500,14.834167,15.502083,14.808750,14.527500,14.841179,14.213821,14.684340,14.370660
2023-10-25,15.100000,2023-08-14,2023-06-30,-0.530000,-2.770000,-5.451264,-5.778964,0.442607,18.459771,17.233750,16.007730,14.781709,13.555688,,,,,,,,,,14.550000,14.833333,15.498333,14.817917,14.550000,14.952623,14.147377,14.751311,14.348689
2023-10-26,15.100000,2023-08-14,2023-06-30,-0.530000,-2.770000,-5.451264,-5.775352,0.443504,18.454741,17.226234,15.997726,14.769219,13.540711,,,,,,,,,,14.572500,14.832500,15.496667,14.826667,14.572500,15.043194,14.101806,14.807847,14.337153
2023-10-27,15.200000,2023-08-14,2023-06-30,-0.530000,-2.770000,-5.487365,-5.771882,0.444120,18.448536,17.218324,15.988113,14.757901,13.527689,,,,,,,,,,14.607500,14.833333,15.495417,14.835417,14.607500,15.153562,14.061438,14.880531,14.334469
2023-10-30,15.100000,2023-08-14,2023-06-30,-0.530000,-2.770000,-5.451264,-5.766187,0.443810,18.431049,17.201694,15.972338,14.742983,13.513628,,,,,,,,,,14.645000,14.832500,15.488333,14.846667,14.645000,15.218906,14.071094,14.931953,14.358047
2023-10-31,14.850000,2023-08-14,2023-06-30,-0.530000,-2.770000,-5.361011,-5.759901,0.444165,18.415601,17.185263,15.954925,14.724587,13.494250,,,,,,,,,,14.667500,14.826667,15.479583,14.855625,14.667500,15.236224,14.098776,14.951862,14.383138
2023-11-01,14.700000,2023-08-14,2023-06-30,-0.530000,-2.770000,-5.306859,-5.754766,0.445822,18.410554,17.175627,15.940701,14.705774,13.470847,,,,,,,,,,14.677500,14.818333,15.473750,14.863542,14.677500,15.240831,14.114169,14.959166,14.395834
2023-11-02,14.700000,2023-08-14,2023-06-30,-0.530000,-2.770000,-5.306859,-5.749470,0.447347,18.404334,17.165183,15.926032,14.686882,13.447731,,,,,,,,,,14.687500,14.810833,15.467500,14.870833,14.687500,15.244631,14.130369,14.966065,14.408935
2023-11-03,14.750000,2023-08-14,2023-06-30,-0.530000,-2.770000,-5.324910,-5.745447,0.448987,18.402275,17.158582,15.914888,14.671195,13.427501,,,,,,,,,,14.692500,14.806667,15.464583,14.878333,14.692500,15.250009,14.134991,14.971254,14.413746
2023-11-06,15.050000,2023-08-14,2023-06-30,-0.530000,-2.770000,-5.433213,-5.741365,0.449585,18.394280,17.148930,15.903580,14.658231,13.412881,,,,,,,,,,14.725000,14.807500,15.461667,14.886875,14.725000,15.286483,14.163517,15.005741,14.444259
2023-11-07,15.100000,2023-08-14,2023-06-30,-0.530000,-2.770000,-5.451264,-5.737838,0.450191,18.387869,17.140840,15.893810,14.646781,13.399751,,,,,,,,,,14.760000,14.815833,15.458750,14.895833,14.760000,15.323448,14.196552,15.041724,14.478276
2023-11-08,15.000000,2023-08-14,2023-06-30,-0.530000,-2.770000,-5.415162,-5.732584,0.450248,18.373630,17.126444,15.879257,14.632070,13.384884,,,,,,,,,,14.792500,14.821667,15.451250,14.903333,14.792500,15.330797,14.254203,15.061648,14.523352
2023-11-09,15.100000,2023-08-14,2023-06-30,-0.530000,-2.770000,-5.451264,-5.726997,0.449538,18.354223,17.109002,15.863782,14.618561,13.373341,,,,,,,,,,14.822500,14.832500,15.442917,14.909583,14.822500,15.359034,14.285966,15.090767,14.554233
2023-11-10,14.750000,2023-08-14,2023-06-30,-0.530000,-2.770000,-5.324910,-5.720516,0.449683,18.337073,17.091451,15.845829,14.600207,13.354584,,,,,,,,,,14.840000,14.833333,15.432083,14.915625,14.840000,15.340105,14.339895,15.090053,14.589947
2023-11-13,14.500000,2023-08-14,2023-06-30,-0.530000,-2.770000,-5.234657,-5.713441,0.450600,18.322552,17.074392,15.826231,14.578070,13.329910,,,,,,,,,,14.842500,14.822500,15.419583,14.920625,14.842500,15.334836,14.350164,15.088668,14.596332
2023-11-14,14.450000,2023-11-14,2023-09-30,-0.730000,-2.950000,-4.898305,-5.703088,0.454952,19.508326,18.166217,16.824109,15.482000,14.139891,,,,,,,,,,14.842500,14.807500,15.405417,14.924375,14.842500,15.334836,14.350164,15.088668,14.596332
2023-11-15,14.500000,2023-11-14,2023-09-30,-0.730000,-2.950000,-4.915254,-5.693034,0.458937,19.502178,18.148314,16.794451,15.440587,14.086723,,,,,,,,,,14.845000,14.799167,15.392083,14.928333,14.845000,15.329388,14.360612,15.087194,14.602806
2023-11-16,14.500000,2023-11-14,2023-09-30,-0.730000,-2.950000,-4.915254,-5.682822,0.462512,19.493147,18.128736,16.764326,15.399915,14.035504,,,,,,,,,,14.845000,14.786667,15.378333,14.932917,14.845000,15.329388,14.360612,15.087194,14.602806
2023-11-17,14.350000,2023-11-14,2023-09-30,-0.730000,-2.950000,-4.864407,-5.671394,0.465666,19.478046,18.104330,16.730614,15.356897,13.983181,,,,,,,,,,14.827500,14.770833,15.361250,14.936250,14.827500,15.357123,14.297877,15.092311,14.562689
2023-11-20,14.500000,2023-11-14,2023-09-30,-0.730000,-2.950000,-4.915254,-5.660707,0.468195,19.461439,18.080262,16.699086,15.317910,13.936734,,,,,,,,,,14.807500,14.761667,15.346250,14.940833,14.807500,15.355487,14.259513,15.081493,14.533507
2023-11-21,14.500000,2023-11-14,2023-09-30,-0.730000,-2.950000,-4.915254,-5.650971,0.471463,19.451998,18.061180,16.670363,15.279546,13.888729,,,,,,,,,,14.790000,14.753333,15.333750,14.945417,14.790000,15.354381,14.225619,15.072191,14.507809
2023-11-22,14.350000,2023-11-14,2023-09-30,-0.730000,-2.950000,-4.864407,-5.640652,0.475031,19.442609,18.041266,16.639923,15.238580,13.837237,,,,,,,,,,14.752500,14.745000,15.319583,14.949583,14.752500,15.329676,14.175324,15.041088,14.463912
2023-11-23,14.400000,2023-11-14,2023-09-30,-0.730000,-2.950000,-4.881356,-5.630474,0.478123,19.430824,18.020362,16.609899,15.199436,13.788974,,,,,,,,,,14.717500,14.737500,15.305833,14.953750,14.717500,15.290833,14.144167,15.004166,14.430834
2023-11-24,14.300000,2023-11-14,2023-09-30,-0.730000,-2.950000,-4.847458,-5.620331,0.481732,19.422197,18.001087,16.579977,15.158866,13.737756,,,,,,,,,,14.672500,14.728333,15.292083,14.957292,14.672500,15.227359,14.117641,14.949929,14.395071
2023-11-27,14.300000,2023-11-14,2023-09-30,-0.730000,-2.950000,-4.847458,-5.609713,0.484623,19.407930,17.978291,16.548652,15.119013,13.689375,,,,,,,,,,14.632500,14.717500,15.277083,14.960417,14.632500,15.172748,14.092252,14.902624,14.362376
2023-11-28,14.300000,2023-11-14,2023-09-30,-0.730000,-2.950000,-4.847458,-5.598302,0.486328,19.384325,17.949658,16.514991,15.080324,13.645657,,,,,,,,,,14.605000,14.705000,15.260000,14.963542,14.605000,15.154545,14.055455,14.879773,14.330227
2023-11-29,14.400000,2023-11-14,2023-09-30,-0.730000,-2.950000,-4.881356,-5.587649,0.487925,19.362325,17.922945,16.483565,15.044185,13.604805,,,,,,,,,,14.590000,14.696667,15.245000,14.966875,14.590000,15.144977,14.035023,14.867489,14.312511
2023-11-30,14.600000,2023-11-14,2023-09-30,-0.730000,-2.950000,-4.949153,-5.577561,0.488513,19.336031,17.894918,16.453806,15.012694,13.571581,,,,,,,,,,14.585000,14.690833,15.231667,14.971250,14.585000,15.137602,14.032398,14.861301,14.308699
2023-12-01,14.600000,2023-11-14,2023-09-30,-0.730000,-2.950000,-4.949153,-5.565889,0.486636,19.290523,17.854948,16.419373,14.983798,13.548223,,,,,,,,,,14.577500,14.680833,15.214167,14.975000,14.577500,15.124718,14.030282,14.851109,14.303891
2023-12-04,14.600000,2023-11-14,2023-09-30,-0.730000,-2.950000,-4.949153,-5.554059,0.484202,19.241266,17.812869,16.384473,14.956076,13.527680,,,,,,,,,,14.555000,14.667500,15.196250,14.979583,14.555000,15.055421,14.054579,14.805210,14.304790
2023-12-05,14.550000,2023-11-14,2023-09-30,-0.730000,-2.950000,-4.932203,-5.542087,0.481641,19.190840,17.769998,16.349156,14.928314,13.507472,,,,,,,,,,14.527500,14.656667,15.177917,14.982917,14.527500,14.957280,14.097720,14.742390,14.312610
2023-12-06,14.450000,2023-11-14,2023-09-30,-0.730000,-2.950000,-4.898305,-5.529832,0.479131,19.139877,17.726441,16.313006,14.899571,13.486135,,,,,,,,,,14.500000,14.648333,15.158750,14.985833,14.500000,14.868496,14.131504,14.684248,14.315752
2023-12-07,14.550000,2023-11-14,2023-09-30,-0.730000,-2.950000,-4.932203,-5.515643,0.471276,19.051674,17.661410,16.271146,14.880882,13.490618,,,,,,,,,,14.472500,14.641667,15.134583,14.991250,14.472500,14.711962,14.233038,14.592231,14.352769
2023-12-08,14.500000,2023-11-14,2023-09-30,-0.730000,-2.950000,-4.915254,-5.501945,0.464537,18.971504,17.601122,16.230739,14.860356,13.489973,,,,,,,,,,14.460000,14.635833,15.111667,14.995833,14.460000,14.661573,14.258427,14.560786,14.359214
2023-12-11,14.500000,2023-11-14,2023-09-30,-0.730000,-2.950000,-4.915254,-5.488406,0.457655,18.890963,17.540881,16.190799,14.840717,13.490635,,,,,,,,,,14.460000,14.630833,15.089167,15.001250,14.460000,14.661573,14.258427,14.560786,14.359214
2023-12-12,14.500000,2023-11-14,2023-09-30,-0.730000,-2.950000,-4.915254,-5.473283,0.446120,18.778293,17.462239,16.146186,14.830132,13.514078,,,,,,,,,,14.462500,14.623333,15.062500,15.006667,14.462500,14.664790,14.260210,14.563645,14.361355
2023-12-13,14.600000,2023-11-14,2023-09-30,-0.730000,-2.950000,-4.949153,-5.456700,0.427781,18.621175,17.359220,16.097264,14.835309,13.573354,,,,,,,,,,14.467500,14.619167,15.032083,15.012500,14.467500,14.678450,14.256550,14.572975,14.362025
2023-12-14,14.750000,2023-11-14,2023-09-30,-0.730000,-2.950000,-5.000000,-5.440065,0.405653,18.441543,17.244867,16.048191,14.851515,13.654840,,,,,,,,,,14.480000,14.615833,15.001667,15.018333,14.480000,14.725807,14.234193,14.602903,14.357097
2023-12-15,15.000000,2023-11-14,2023-09-30,-0.730000,-2.950000,-5.084746,-5.428097,0.394530,18.340610,17.176748,16.012885,14.849023,13.685161,,,,,,,,,,14.512500,14.617500,14.983750,15.023333,14.512500,14.843169,14.181831,14.677835,14.347165
2023-12-18,14.800000,2023-11-14,2023-09-30,-0.730000,-2.950000,-5.016949,-5.416514,0.385861,18.255299,17.117008,15.978717,14.840426,13.702136,,,,,,,,,,14.527500,14.617500,14.966667,15.027500,14.527500,14.882131,14.172869,14.704816,14.350184
2023-12-19,14.600000,2023-11-14,2023-09-30,-0.730000,-2.950000,-4.949153,-5.404842,0.378507,18.177474,17.060879,15.944284,14.827689,13.711094,,,,,,,,,,14.532500,14.616667,14.949167,15.030833,14.532500,14.888316,14.176684,14.710408,14.354592
2023-12-20,14.550000,2023-11-14,2023-09-30,-0.730000,-2.950000,-4.932203,-5.392395,0.369091,18.085202,16.996384,15.907565,14.818747,13.729929,,,,,,,,,,14.542500,14.615000,14.929583,15.034792,14.542500,14.887807,14.197193,14.715153,14.369847
2023-12-21,14.750000,2023-11-14,2023-09-30,-0.730000,-2.950000,-5.000000,-5.380671,0.358797,17.989884,16.931432,15.872980,14.814529,13.756077,,,,,,,,,,14.560000,14.616667,14.912083,15.039375,14.560000,14.910338,14.209662,14.735169,14.384831
2023-12-22,14.750000,2023-11-14,2023-09-30,-0.730000,-2.950000,-5.000000,-5.369898,0.350493,17.909106,16.875153,15.841200,14.807246,13.773293,,,,,,,,,,14.582500,14.620833,14.897083,15.043333,14.582500,14.920100,14.244900,14.751300,14.413700
2023-12-25,14.750000,2023-11-14,2023-09-30,-0.730000,-2.950000,-5.000000,-5.359759,0.343315,17.836845,16.824067,15.811288,14.798510,13.785732,,,,,,,,,,14.605000,14.627500,14.883750,15.047292,14.605000,14.922722,14.287278,14.763861,14.446139
2023-12-26,14.700000,2023-11-14,2023-09-30,-0.730000,-2.950000,-4.983051,-5.349320,0.335409,17.759407,16.769950,15.780493,14.791036,13.801579,,,,,,,,,,14.625000,14.632500,14.869583,15.050833,14.625000,14.910620,14.339380,14.767810,14.482190
2023-12-27,14.550000,2023-11-14,2023-09-30,-0.730000,-2.950000,-4.932203,-5.338774,0.328330,17.686530,16.717956,15.749383,14.780809,13.812235,,,,,,,,,,14.632500,14.633333,14.855000,15.054375,14.632500,14.900583,14.364417,14.766541,14.498459
2023-12-28,14.750000,2023-11-14,2023-09-30,-0.730000,-2.950000,-5.000000,-5.329110,0.320948,17.614468,16.667671,15.720873,14.774076,13.827279,,,,,,,,,,14.640000,14.637500,14.842917,15.059583,14.640000,14.912609,14.367391,14.776305,14.503695
2023-12-29,14.500000,2023-11-14,2023-09-30,-0.730000,-2.950000,-4.915254,-5.319373,0.315543,17.553852,16.623001,15.692150,14.761300,13.830449,,,,,,,,,,14.635000,14.635000,14.830417,15.064583,14.635000,14.914285,14.355715,14.774642,14.495358
2024-01-02,14.350000,2023-11-14,2023-09-30,-0.730000,-2.950000,-4.864407,-5.308896,0.309494,17.487260,16.574251,15.661243,14.748234,13.835225,,,,,,,,,,14.622500,14.634167,14.815833,15.068542,14.622500,14.929394,14.315606,14.775947,14.469053
2024-01-03,14.250000,2023-11-14,2023-09-30,-0.730000,-2.950000,-4.830508,-5.298770,0.305033,17.431068,16.531220,15.631371,14.731522,13.831673,,,,,,,,,,14.607500,14.631667,14.802083,15.072500,14.607500,14.955842,14.259158,14.781671,14.433329
2024-01-04,14.200000,2023-11-14,2023-09-30,-0.730000,-2.950000,-4.813559,-5.289612,0.302941,17.391708,16.498031,15.604354,14.710677,13.817000,,,,,,,,,,14.595000,14.629167,14.790833,15.075625,14.595000,14.982842,14.207158,14.788921,14.401079
2024-01-05,14.100000,2023-11-14,2023-09-30,-0.730000,-2.950000,-4.779661,-5.280171,0.301012,17.352473,16.464488,15.576504,14.688520,13.800535,,,,,,,,,,14.572500,14.622500,14.778750,15.078333,14.572500,15.019095,14.125905,14.795798,14.349202
2024-01-08,14.100000,2023-11-14,2023-09-30,-0.730000,-2.950000,-4.779661,-5.270730,0.298769,17.311389,16.430022,15.548654,14.667286,13.785918,,,,,,,,,,14.552500,14.617500,14.766667,15.080625,14.552500,15.046117,14.058883,14.799309,14.305691
2024-01-09,13.950000,2023-11-14,2023-09-30,-0.730000,-2.950000,-4.728814,-5.261658,0.298556,17.283368,16.402629,15.521891,14.641152,13.760413,,,,,,,,,,14.525000,14.609167,14.755417,15.081250,14.525000,15.087420,13.962580,14.806210,14.243790
2024-01-10,13.700000,2023-11-14,2023-09-30,-0.730000,-2.950000,-4.644068,-5.252988,0.301269,17.273802,16.385059,15.496315,14.607572,13.718829,,,,,,,,,,14.485000,14.596667,14.745000,15.080833,14.485000,15.157857,13.812143,14.821429,14.148571
2024-01-11,13.650000,2023-11-14,2023-09-30,-0.730000,-2.950000,-4.627119,-5.240692,0.296370,17.208627,16.334335,15.460042,14.585749,13.711456,,,,,,,,,,14.437500,14.583333,14.725000,15.080833,14.437500,15.203814,13.671186,14.820657,14.054343
2024-01-12,13.750000,2023-11-14,2023-09-30,-0.730000,-2.950000,-4.661017,-5.229471,0.292557,17.153026,16.289982,15.426938,14.563894,13.700851,,,,,,,,,,14.387500,14.570833,14.707917,15.081667,14.387500,15.197227,13.577773,14.792364,13.982636
2024-01-15,14.000000,2023-11-14,2023-09-30,-0.730000,-2.950000,-4.745763,-5.221173,0.292034,17.125461,16.263961,15.402461,14.540961,13.679461,,,,,,,,,,14.337500,14.559167,14.698750,15.085417,14.337500,15.110651,13.564349,14.724076,13.950924
2024-01-16,13.700000,2023-11-14,2023-09-30,-0.730000,-2.950000,-4.644068,-5.212345,0.293342,17.107137,16.241778,15.376418,14.511059,13.645700,,,,,,,,,,14.282500,14.539167,14.687917,15.087500,14.282500,15.073419,13.491581,14.677959,13.887041
2024-01-17,13.900000,2023-11-14,2023-09-30,-0.730000,-2.950000,-4.711864,-5.204082,0.293358,17.082857,16.217450,15.352043,14.486635,13.621228,,,,,,,,,,14.247500,14.523333,14.678750,15.090625,14.247500,15.041209,13.453791,14.644354,13.850646
2024-01-18,13.700000,2023-11-14,2023-09-30,-0.730000,-2.950000,-4.644068,-5.194779,0.293268,17.054878,16.189738,15.324598,14.459458,13.594318,,,,,,,,,,14.205000,14.500000,14.666667,15.092708,14.205000,15.021217,13.388783,14.613109,13.796891
2024-01-19,13.950000,2023-11-14,2023-09-30,-0.730000,-2.950000,-4.728814,-5.186182,0.291663,17.020046,16.159641,15.299237,14.438832,13.578428,,,,,,,,,,14.165000,14.480833,14.656667,15.094583,14.165000,14.946429,13.383571,14.555715,13.774285
2024-01-22,13.850000,2023-11-14,2023-09-30,-0.730000,-2.950000,-4.694915,-5.177302,0.290249,16.985509,16.129276,15.273042,14.416809,13.560575,,,,,,,,,,14.120000,14.458333,14.645833,15.095208,14.120000,14.862258,13.377742,14.491129,13.748871
2024-01-23,13.800000,2023-11-14,2023-09-30,-0.730000,-2.950000,-4.677966,-5.168282,0.288790,16.950293,16.098362,15.246431,14.394500,13.542569,,,,,,,,,,14.072500,14.436667,14.634583,15.095417,14.072500,14.764921,13.380079,14.418711,13.726289
2024-01-24,13.800000,2023-11-14,2023-09-30,-0.730000,-2.950000,-4.677966,-5.159103,0.286698,16.910873,16.065113,15.219352,14.373592,13.527832,,,,,,,,,,14.027500,14.419167,14.622917,15.096250,14.027500,14.662841,13.392159,14.345170,13.709830
2024-01-25,13.750000,2023-11-14,2023-09-30,-0.730000,-2.950000,-4.661017,-5.149782,0.284533,16.870603,16.031230,15.191857,14.352484,13.513112,,,,,,,,,,13.987500,14.403333,14.610833,15.096875,13.987500,14.583871,13.391129,14.285685,13.689315
2024-01-26,13.850000,2023-11-14,2023-09-30,-0.730000,-2.950000,-4.694915,-5.140903,0.281930,16.829049,15.997356,15.165663,14.333969,13.502276,,,,,,,,,,13.942500,14.389167,14.600000,15.098125,13.942500,14.420737,13.464263,14.181618,13.703382
2024-01-29,13.850000,2023-11-14,2023-09-30,-0.730000,-2.950000,-4.694915,-5.132498,0.280046,16.793141,15.967005,15.140870,14.314735,13.488600,,,,,,,,,,13.910000,14.374167,14.590417,15.099167,13.910000,14.310789,13.509211,14.110394,13.709606
2024-01-30,13.800000,2023-11-14,2023-09-30,-0.730000,-2.950000,-4.677966,-5.123953,0.278117,16.756551,15.936106,15.115661,14.295216,13.474771,,,,,,,,,,13.882500,14.353333,14.580417,15.098958,13.882500,14.227807,13.537193,14.055153,13.709847
2024-01-31,13.800000,2023-11-14,2023-09-30,-0.730000,-2.950000,-4.677966,-5.116675,0.278266,16.735963,15.915077,15.094191,14.273305,13.452419,,,,,,,,,,13.860000,14.331667,14.573750,15.099583,13.860000,14.160175,13.559825,14.010088,13.709912
2024-02-01,14.000000,2023-11-14,2023-09-30,-0.730000,-2.950000,-4.745763,-5.109803,0.277148,16.709095,15.891507,15.073920,14.256333,13.438745,,,,,,,,,,13.850000,14.315000,14.568333,15.101667,13.850000,14.113579,13.586421,13.981789,13.718211
2024-02-02,13.900000,2023-11-14,2023-09-30,-0.730000,-2.950000,-4.711864,-5.105597,0.279335,16.709590,15.885551,15.061512,14.237473,13.413434,,,,,,,,,,13.840000,14.295000,14.563750,15.103333,13.840000,14.077531,13.602469,13.958766,13.721234
2024-02-05,13.950000,2023-11-14,2023-09-30,-0.730000,-2.950000,-4.728814,-5.100780,0.280816,16.704113,15.875707,15.047301,14.218895,13.390489,,,,,,,,,,13.832500,14.281667,14.557500,15.105417,13.832500,14.043450,13.621550,13.937975,13.727025
2024-02-15,14.050000,2023-11-14,2023-09-30,-0.730000,-2.950000,-4.762712,-5.094892,0.280431,16.684474,15.857202,15.029931,14.202659,13.375388,,,,,,,,,,13.837500,14.274167,14.548333,15.107708,13.837500,14.064320,13.610680,13.950910,13.724090
2024-02-16,14.250000,2023-11-14,2023-09-30,-0.730000,-2.950000,-4.830508,-5.088967,0.278419,16.655125,15.833789,15.012452,14.191115,13.369778,,,,,,,,,,13.865000,14.270833,14.539167,15.111042,13.865000,14.148029,13.581971,14.006514,13.723486
2024-02-19,14.750000,2023-11-14,2023-09-30,-0.730000,-2.950000,-5.000000,-5.085507,0.276907,16.635998,15.819122,15.002246,14.185370,13.368494,,,,,,,,,,13.920000,14.275000,14.537083,15.115417,13.920000,14.391727,13.448273,14.155863,13.684137
2024-02-20,14.750000,2023-11-14,2023-09-30,-0.730000,-2.950000,-5.000000,-5.081295,0.274298,16.608179,15.799000,14.989821,14.180642,13.371463,,,,,,,,,,13.970000,14.279167,14.532917,15.119792,13.970000,14.562408,13.377592,14.266204,13.673796
2024-02-21,14.550000,2023-11-14,2023-09-30,-0.730000,-2.950000,-4.932203,-5.076368,0.271586,16.577641,15.776463,14.975286,14.174108,13.372931,,,,,,,,,,13.997500,14.282500,14.526667,15.123750,13.997500,14.644334,13.350666,14.320917,13.674083
2024-02-22,14.800000,2023-11-14,2023-09-30,-0.730000,-2.950000,-5.016949,-5.072899,0.269641,16.555934,15.760493,14.965053,14.169612,13.374171,,,,,,,,,,14.052500,14.287500,14.524583,15.127917,14.052500,14.775414,13.329586,14.413957,13.691043
2024-02-23,14.650000,2023-11-14,2023-09-30,-0.730000,-2.950000,-4.966102,-5.069157,0.267962,16.534988,15.744501,14.954013,14.163526,13.373039,,,,,,,,,,14.090000,14.290000,14.521667,15.132292,14.090000,14.856125,13.323875,14.473062,13.706938
2024-02-26,14.400000,2023-11-14,2023-09-30,-0.730000,-2.950000,-4.881356,-5.065160,0.267148,16.518394,15.730308,14.942222,14.154135,13.366049,,,,,,,,,,14.125000,14.290833,14.517917,15.136250,14.125000,14.879983,13.370017,14.502492,13.747508
2024-02-27,14.550000,2023-11-14,2023-09-30,-0.730000,-2.950000,-4.932203,-5.061587,0.266023,16.501215,15.716448,14.931680,14.146913,13.362145,,,,,,,,,,14.155000,14.293333,14.515417,15.138750,14.155000,14.928168,13.381832,14.541584,13.768416
2024-02-29,14.700000,2023-11-14,2023-09-30,-0.730000,-2.950000,-4.983051,-5.058437,0.264682,16.484013,15.703201,14.922389,14.141577,13.360765,,,,,,,,,,14.197500,14.300000,14.514167,15.141458,14.197500,14.993196,13.401804,14.595348,13.799652
2024-03-01,14.700000,2023-11-14,2023-09-30,-0.730000,-2.950000,-4.983051,-5.054986,0.262923,16.463455,15.687832,14.912210,14.136587,13.360965,,,,,,,,,,14.242500,14.306667,14.512083,15.143750,14.242500,15.045308,13.439692,14.643904,13.841096
2024-03-04,14.800000,2023-11-14,2023-09-30,-0.730000,-2.950000,-5.016949,-5.051517,0.260627,16.439675,15.670826,14.901977,14.133127,13.364278,,,,,,,,,,14.292500,14.315000,14.510000,15.143542,14.292500,15.103786,13.481214,14.698143,13.886857
2024-03-05,14.800000,2023-11-14,2023-09-30,-0.730000,-2.950000,-5.016949,-5.048500,0.258893,16.420544,15.656809,14.893075,14.129340,13.365605,,,,,,,,,,14.345000,14.321667,14.509167,15.142917,14.345000,15.144276,13.545724,14.744638,13.945362
2024-03-06,14.600000,2023-11-14,2023-09-30,-0.730000,-2.950000,-4.949153,-5.044767,0.257047,16.398641,15.640352,14.882062,14.123773,13.365484,,,,,,,,,,14.382500,14.321667,14.506250,15.143125,14.382500,15.153879,13.611121,14.768190,13.996810
2024-03-07,14.550000,2023-11-14,2023-09-30,-0.730000,-2.950000,-4.932203,-5.040141,0.253992,16.366968,15.617691,14.868415,14.119138,13.369861,,,,,,,,,,14.417500,14.320833,14.500833,15.144792,14.417500,15.149674,13.685326,14.783587,14.051413
2024-03-08,14.100000,2023-11-14,2023-09-30,-0.730000,-2.950000,-4.779661,-5.033641,0.250544,16.327452,15.588347,14.849242,14.110137,13.371032,,,,,,,,,,14.432500,14.312500,14.490000,15.138750,14.432500,15.122485,13.742515,14.777492,14.087508
2024-03-11,14.600000,2023-11-14,2023-09-30,-0.730000,-2.950000,-4.949153,-5.029156,0.247148,16.294183,15.565097,14.836011,14.106925,13.377839,,,,,,,,,,14.472500,14.313333,14.485000,15.132917,14.472500,15.097821,13.847179,14.785160,14.159840
2024-03-12,14.400000,2023-11-14,2023-09-30,-0.730000,-2.950000,-4.881356,-5.024858,0.245172,16.269846,15.546589,14.823332,14.100075,13.376818,,,,,,,,,,14.492500,14.312500,14.480417,15.128750,14.492500,15.078544,13.906456,14.785522,14.199478
2024-03-13,14.350000,2023-11-14,2023-09-30,-0.730000,-2.950000,-4.864407,-5.020419,0.243190,16.245056,15.527646,14.810236,14.092826,13.375417,,,,,,,,,,14.515000,14.309167,14.475417,15.123750,14.515000,15.036233,13.993767,14.775617,14.254383
2024-03-14,14.300000,2023-11-14,2023-09-30,-0.730000,-2.950000,-4.847458,-5.016139,0.241660,16.223403,15.510507,14.797611,14.084716,13.371820,,,,,,,,,,14.532500,14.305833,14.470833,15.118542,14.532500,14.993934,14.071066,14.763217,14.301783
2024-03-15,14.050000,2023-11-14,2023-09-30,-0.730000,-2.950000,-4.762712,-5.011304,0.240869,16.204474,15.493911,14.783347,14.072783,13.362219,,,,,,,,,,14.532500,14.298333,14.464583,15.115833,14.532500,14.993934,14.071066,14.763217,14.301783
2024-03-18,13.600000,2023-11-14,2023-09-30,-0.730000,-2.950000,-4.610169,-5.004746,0.240989,16.185839,15.474920,14.764001,14.053082,13.342164,,,,,,,,,,14.500000,14.283333,14.453333,15.106250,14.500000,15.112158,13.887842,14.806079,14.193921
2024-03-19,13.500000,2023-11-14,2023-09-30,-0.730000,-2.950000,-4.576271,-4.998207,0.241886,16.171839,15.458274,14.744710,14.031145,13.317581,,,,,,,,,,14.437500,14.265000,14.442083,15.097292,14.437500,15.182925,13.692075,14.810212,14.064788
2024-03-20,13.350000,2023-11-14,2023-09-30,-0.730000,-2.950000,-4.525424,-4.990943,0.242893,16.156348,15.439814,14.723281,14.006747,13.290213,,,,,,,,,,14.367500,14.241667,14.428750,15.086667,14.367500,15.241255,13.493745,14.804377,13.930623
2024-03-21,13.300000,2023-11-14,2023-09-30,-0.730000,-2.950000,-4.508475,-4.983688,0.244201,16.142664,15.422271,14.701879,13.981486,13.261093,,,,,,,,,,14.305000,14.213333,14.415417,15.075833,14.305000,15.294896,13.315104,14.799948,13.810052
2024-03-22,13.450000,2023-11-14,2023-09-30,-0.730000,-2.950000,-4.559322,-4.977157,0.244989,16.128051,15.405333,14.682614,13.959896,13.237178,,,,,,,,,,14.237500,14.190833,14.404167,15.066458,14.237500,15.268532,13.206468,14.753016,13.721984
2024-03-25,13.400000,2023-11-14,2023-09-30,-0.730000,-2.950000,-4.542373,-4.970937,0.246481,16.118505,15.391385,14.664264,13.937144,13.210024,,,,,,,,,,14.175000,14.170833,14.393750,15.055833,14.175000,15.251300,13.098700,14.713150,13.636850
2024-03-26,13.100000,2023-11-14,2023-09-30,-0.730000,-2.950000,-4.440678,-4.963869,0.249432,16.115065,15.379240,14.643415,13.907590,13.171765,,,,,,,,,,14.110000,14.146667,14.380833,15.041875,14.110000,15.281863,12.938137,14.695932,13.524068
2024-03-27,13.050000,2023-11-14,2023-09-30,-0.730000,-2.950000,-4.423729,-4.956660,0.252445,16.111573,15.366861,14.622148,13.877436,13.132723,,,,,,,,,,14.035000,14.118333,14.367500,15.027917,14.035000,15.278128,12.791872,14.656564,13.413436
2024-03-28,13.250000,2023-11-14,2023-09-30,-0.730000,-2.950000,-4.491525,-4.950468,0.254673,16.106451,15.355165,14.603879,13.852594,13.101308,,,,,,,,,,13.962500,14.093333,14.357083,15.015000,13.962500,15.211447,12.713553,14.586973,13.338027
2024-03-29,13.150000,2023-11-14,2023-09-30,-0.730000,-2.950000,-4.457627,-4.944444,0.257717,16.106641,15.346375,14.586109,13.825842,13.065576,,,,,,,,,,13.885000,14.066667,14.347083,15.003542,13.885000,15.133620,12.636380,14.509310,13.260690
2024-04-01,13.600000,2024-03-31,2023-12-31,-1.070000,-2.910000,-4.673540,-4.940068,0.257824,15.876133,15.125866,14.375599,13.625332,12.875066,,,,,,,,,,13.825000,14.048333,14.340417,14.995000,13.825000,15.001748,12.648252,14.413374,13.236626
2024-04-02,13.350000,2024-03-31,2023-12-31,-1.070000,-2.910000,-4.587629,-4.934677,0.258376,15.863658,15.111783,14.359909,13.608034,12.856159,,,,,,,,,,13.752500,14.028333,14.330833,14.985208,13.752500,14.852488,12.652512,14.302494,13.202506
2024-04-03,13.200000,2024-03-31,2023-12-31,-1.070000,-2.910000,-4.536082,-4.928855,0.259428,15.852840,15.097904,14.342968,13.588032,12.833096,,,,,,,,,,13.682500,14.002500,14.320000,14.973542,13.682500,14.732450,12.632550,14.207475,13.157525
2024-04-08,13.150000,2024-03-31,2023-12-31,-1.070000,-2.910000,-4.518900,-4.922439,0.259971,15.837330,15.080814,14.324298,13.567782,12.811266,,,,,,,,,,13.612500,13.980000,14.307500,14.960833,13.612500,14.603977,12.621023,14.108238,13.116762
2024-04-09,13.100000,2024-03-31,2023-12-31,-1.070000,-2.910000,-4.501718,-4.916632,0.261530,15.829502,15.068451,14.307400,13.546349,12.785298,,,,,,,,,,13.562500,13.959167,14.296667,14.949583,13.562500,14.551319,12.573681,14.056910,13.068090
2024-04-10,13.200000,2024-03-31,2023-12-31,-1.070000,-2.910000,-4.536082,-4.911112,0.262519,15.819193,15.055264,14.291335,13.527405,12.763476,,,,,,,,,,13.492500,13.941667,14.286667,14.936875,13.492500,14.363238,12.621762,13.927869,13.057131
2024-04-11,13.100000,2024-03-31,2023-12-31,-1.070000,-2.910000,-4.501718,-4.905455,0.263974,15.811204,15.043039,14.274874,13.506709,12.738545,,,,,,,,,,13.427500,13.923333,14.276250,14.923542,13.427500,14.201740,12.653260,13.814620,13.040380
2024-04-12,13.250000,2024-03-31,2023-12-31,-1.070000,-2.910000,-4.553265,-4.899777,0.264162,15.795772,15.027061,14.258350,13.489640,12.720929,,,,,,,,,,13.372500,13.909167,14.265833,14.912917,13.372500,14.016071,12.728929,13.694286,13.050714
2024-04-15,13.100000,2024-03-31,2023-12-31,-1.070000,-2.910000,-4.501718,-4.893970,0.265196,15.784892,15.013172,14.241452,13.469732,12.698012,,,,,,,,,,13.312500,13.892500,14.255000,14.901042,13.312500,13.795773,12.829227,13.554136,13.070864
2024-04-16,12.800000,2024-03-31,2023-12-31,-1.070000,-2.910000,-4.398625,-4.887153,0.267337,15.777518,14.999567,14.221616,13.443665,12.665714,,,,,,,,,,13.250000,13.873333,14.241250,14.889583,13.250000,13.647360,12.852640,13.448680,13.051320
2024-04-17,13.000000,2024-03-31,2023-12-31,-1.070000,-2.910000,-4.467354,-4.880910,0.268326,15.765102,14.984274,14.203447,13.422619,12.641791,,,,,,,,,,13.220000,13.861667,14.229167,14.880208,13.220000,13.596130,12.843870,13.408065,13.031935
2024-04-18,12.900000,2024-03-31,2023-12-31,-1.070000,-2.910000,-4.432990,-4.874379,0.269619,15.753629,14.969037,14.184444,13.399851,12.615259,,,,,,,,,,13.190000,13.849167,14.216250,14.868333,13.190000,13.567805,12.812195,13.378903,13.001097
2024-04-19,12.650000,2024-03-31,2023-12-31,-1.070000,-2.910000,-4.347079,-4.866983,0.271818,15.744903,14.953912,14.162920,13.371929,12.580937,,,,,,,,,,13.155000,13.830833,14.200833,14.858542,13.155000,13.594976,12.715024,13.374988,12.935012
2024-04-22,12.650000,2024-03-31,2023-12-31,-1.070000,-2.910000,-4.347079,-4.858985,0.272885,15.727836,14.933741,14.139646,13.345550,12.551455,,,,,,,,,,13.122500,13.808333,14.183750,14.847917,13.122500,13.610757,12.634243,13.366628,12.878372
2024-04-23,12.800000,2024-03-31,2023-12-31,-1.070000,-2.910000,-4.398625,-4.850814,0.271858,15.698084,14.906977,14.115870,13.324763,12.533656,,,,,,,,,,13.090000,13.793333,14.166250,14.837500,13.090000,13.572973,12.607027,13.331487,12.848513
2024-04-24,13.000000,2024-03-31,2023-12-31,-1.070000,-2.910000,-4.467354,-4.843367,0.269998,15.665590,14.879894,14.094199,13.308503,12.522808,,,,,,,,,,13.070000,13.778333,14.150833,14.826458,13.070000,13.531576,12.608424,13.300788,12.839212
2024-04-25,13.000000,2024-03-31,2023-12-31,-1.070000,-2.910000,-4.467354,-4.835168,0.266297,15.620188,14.845264,14.070339,13.295414,12.520490,,,,,,,,,,13.065000,13.766667,14.133333,14.815833,13.065000,13.527374,12.602626,13.296187,12.833813
2024-04-26,13.000000,2024-03-31,2023-12-31,-1.070000,-2.910000,-4.467354,-4.826969,0.262285,15.572979,14.809729,14.046479,13.283229,12.519979,,,,,,,,,,13.062500,13.750833,14.115833,14.806250,13.062500,13.525755,12.599245,13.294128,12.830872
2024-04-29,12.800000,2024-03-31,2023-12-31,-1.070000,-2.910000,-4.398625,-4.817896,0.258045,15.521902,14.770989,14.020077,13.269165,12.518253,,,,,,,,,,13.040000,13.733333,14.095833,14.795625,13.040000,13.508593,12.571407,13.274296,12.805704
2024-04-30,12.950000,2024-03-31,2023-12-31,-1.070000,-2.910000,-4.450172,-4.809554,0.253540,15.471404,14.733602,13.995801,13.257999,12.520198,,,,,,,,,,13.030000,13.719167,14.077917,14.783125,13.030000,13.497243,12.562757,13.263621,12.796379
2024-05-02,12.850000,2024-03-31,2023-12-31,-1.070000,-2.910000,-4.415808,-4.801677,0.250933,15.433309,14.703094,13.972880,13.242665,12.512450,,,,,,,,,,12.992500,13.703333,14.061250,14.770417,12.992500,13.380850,12.604150,13.186675,12.798325
2024-05-03,12.800000,2024-03-31,2023-12-31,-1.070000,-2.910000,-4.398625,-4.794108,0.249259,15.401542,14.676199,13.950855,13.225511,12.500168,,,,,,,,,,12.965000,13.687500,14.045417,14.759583,12.965000,13.323506,12.606494,13.144253,12.785747
2024-05-06,12.900000,2024-03-31,2023-12-31,-1.070000,-2.910000,-4.432990,-4.786826,0.246907,15.366662,14.648163,13.929664,13.211164,12.492665,,,,,,,,,,12.950000,13.671667,14.030417,14.748958,12.950000,13.291822,12.608178,13.120911,12.779089
2024-05-07,12.850000,2024-03-31,2023-12-31,-1.070000,-2.910000,-4.415808,-4.779250,0.244190,15.328805,14.618212,13.907618,13.197024,12.486431,,,,,,,,,,12.935000,13.655000,14.014583,14.739583,12.935000,13.266027,12.603973,13.100514,12.769486
2024-05-08,12.750000,2024-03-31,2023-12-31,-1.070000,-2.910000,-4.381443,-4.770485,0.239348,15.275117,14.578615,13.882112,13.185610,12.489108,,,,,,,,,,12.917500,13.637500,13.995417,14.728542,12.917500,13.248805,12.586195,13.083153,12.751847
2024-05-09,12.850000,2024-03-31,2023-12-31,-1.070000,-2.910000,-4.415808,-4.761857,0.233184,15.214134,14.535568,13.857003,13.178437,12.499871,,,,,,,,,,12.900000,13.621667,13.976667,14.717708,12.900000,13.204354,12.595646,13.052177,12.747823
2024-05-10,12.950000,2024-03-31,2023-12-31,-1.070000,-2.910000,-4.450172,-4.753815,0.227023,15.154874,14.494238,13.833602,13.172965,12.512329,,,,,,,,,,12.892500,13.604167,13.959583,14.705417,12.892500,13.183189,12.601811,13.037844,12.747156
2024-05-13,12.700000,2024-03-31,2023-12-31,-1.070000,-2.910000,-4.364261,-4.744757,0.220554,15.090867,14.449055,13.807242,13.165429,12.523616,,,,,,,,,,12.865000,13.584167,13.939583,14.691250,12.865000,13.114420,12.615580,12.989710,12.740290
2024-05-14,12.700000,2024-03-31,2023-12-31,-1.070000,-2.910000,-4.364261,-4.736751,0.216720,15.045259,14.414603,13.783946,13.153290,12.522633,,,,,,,,,,12.845000,13.563333,13.922500,14.677292,12.845000,13.078734,12.611266,12.961867,12.728133
2024-05-15,12.700000,2024-05-15,2024-03-31,-0.600000,-2.930000,-4.334471,-4.729250,0.214913,15.116092,14.486397,13.856702,13.227006,12.597311,,,,,,,,,,12.840000,13.540833,13.907500,14.663542,12.840000,13.081922,12.598078,12.960961,12.719039
2024-05-16,12.900000,2024-05-15,2024-03-31,-0.600000,-2.930000,-4.402730,-4.725120,0.216394,15.112668,14.478635,13.844601,13.210568,12.576535,,,,,,,,,,12.835000,13.518333,13.894583,14.650000,12.835000,13.066926,12.603074,12.950963,12.719037
2024-05-17,12.850000,2024-05-15,2024-03-31,-0.600000,-2.930000,-4.385666,-4.720707,0.217879,15.108439,14.470055,13.831670,13.193286,12.554902,,,,,,,,,,12.832500,13.486667,13.880833,14.636458,12.832500,13.062546,12.602454,12.947523,12.717477
2024-05-20,13.050000,2024-05-15,2024-03-31,-0.600000,-2.930000,-4.453925,-4.716862,0.218486,15.100735,14.460571,13.820406,13.180242,12.540077,,,,,,,,,,12.852500,13.458333,13.868750,14.623542,12.852500,13.085275,12.619725,12.968888,12.736112
2024-05-21,14.350000,2024-05-15,2024-03-31,-0.600000,-2.930000,-4.897611,-4.717139,0.218696,15.102773,14.461995,13.821217,13.180439,12.539661,,,,,,,,,,12.937500,13.455000,13.868750,14.615000,12.937500,13.635524,12.239476,13.286512,12.588488
2024-05-22,15.750000,2024-05-15,2024-03-31,-0.600000,-2.930000,-5.375427,-4.720974,0.226108,15.157443,14.494948,13.832453,13.169958,12.507463,,,,,,,,,,13.085000,13.470833,13.879167,14.612708,13.085000,14.519206,11.650794,13.802103,12.367897
2024-05-23,15.000000,2024-05-15,2024-03-31,-0.600000,-2.930000,-5.119454,-4.722675,0.228339,15.175507,14.506473,13.837439,13.168405,12.499370,,,,,,,,,,13.185000,13.476667,13.883333,14.608542,13.185000,14.853942,11.516058,14.019471,12.350529
2024-05-24,14.600000,2024-05-15,2024-03-31,-0.600000,-2.930000,-4.982935,-4.723663,0.229212,15.183517,14.511925,13.840333,13.168741,12.497149,,,,,,,,,,13.265000,13.480000,13.885417,14.602500,13.265000,15.046218,11.483782,14.155609,12.374391
2024-05-27,14.500000,2024-05-15,2024-03-31,-0.600000,-2.930000,-4.948805,-4.724225,0.229684,15.187931,14.514955,13.841980,13.169004,12.496029,,,,,,,,,,13.340000,13.479167,13.886250,14.596042,13.340000,15.198862,11.481138,14.269431,12.410569
2024-05-28,14.700000,2024-05-15,2024-03-31,-0.600000,-2.930000,-5.017065,-4.725639,0.230967,15.199590,14.522856,13.846121,13.169387,12.492652,,,,,,,,,,13.435000,13.479167,13.889583,14.590833,13.435000,15.370295,11.499705,14.402648,12.467352
2024-05-29,14.850000,2024-05-15,2024-03-31,-0.600000,-2.930000,-5.068259,-4.727479,0.232818,15.215827,14.533669,13.851512,13.169355,12.487198,,,,,,,,,,13.530000,13.481667,13.894167,14.585625,13.530000,15.549745,11.510255,14.539872,12.520128
2024-05-30,14.850000,2024-05-15,2024-03-31,-0.600000,-2.930000,-5.068259,-4.729319,0.234640,15.231892,14.544398,13.856904,13.169409,12.481915,,,,,,,,,,13.630000,13.482500,13.898750,14.579375,13.630000,15.705268,11.554732,14.667634,12.592366
2024-05-31,14.700000,2024-05-15,2024-03-31,-0.600000,-2.930000,-5.017065,-4.730450,0.235703,15.241438,14.550828,13.860217,13.169606,12.478996,,,,,,,,,,13.725000,13.480833,13.901250,14.573125,13.725000,15.814195,11.635805,14.769598,12.680402
2024-06-03,14.650000,2024-05-15,2024-03-31,-0.600000,-2.930000,-5.000000,-4.730873,0.236145,15.245269,14.553364,13.861459,13.169554,12.477649,,,,,,,,,,13.812500,13.481667,13.901667,14.566667,13.812500,15.902797,11.722203,14.857649,12.767351
2024-06-04,14.600000,2024-05-15,2024-03-31,-0.600000,-2.930000,-4.982935,-4.731155,0.236427,15.247748,14.555016,13.862283,13.169551,12.476819,,,,,,,,,,13.900000,13.482500,13.901667,14.557917,13.900000,15.967034,11.832966,14.933517,12.866483
2024-06-05,14.300000,2024-05-15,2024-03-31,-0.600000,-2.930000,-4.880546,-4.730583,0.235978,15.243442,14.552025,13.860608,13.169192,12.477775,,,,,,,,,,13.977500,13.485833,13.899167,14.547708,13.977500,15.978151,11.976849,14.977826,12.977174
2024-06-06,14.150000,2024-05-15,2024-03-31,-0.600000,-2.930000,-4.829352,-4.729726,0.235426,15.237694,14.547895,13.858097,13.168299,12.478500,,,,,,,,,,14.042500,13.478333,13.895833,14.536875,14.042500,15.972124,12.112876,15.007312,13.077688
2024-06-07,14.050000,2024-05-15,2024-03-31,-0.600000,-2.930000,-4.795222,-4.728867,0.234993,15.232642,14.544111,13.855580,13.167049,12.478519,,,,,,,,,,14.097500,13.472500,13.892500,14.525625,14.097500,15.957459,12.237541,15.027479,13.167521
2024-06-11,13.850000,2024-05-15,2024-03-31,-0.600000,-2.930000,-4.726962,-4.727157,0.234247,15.223255,14.536912,13.850569,13.164226,12.477883,,,,,,,,,,14.155000,13.464167,13.886667,14.510625,14.155000,15.900641,12.409359,15.027821,13.282179
2024-06-12,13.950000,2024-05-15,2024-03-31,-0.600000,-2.930000,-4.761092,-4.725872,0.233628,15.215867,14.531336,13.846805,13.162273,12.477742,,,,,,,,,,14.217500,13.458333,13.882083,14.496875,14.217500,15.828082,12.606918,15.022791,13.412209
2024-06-13,14.000000,2024-05-15,2024-03-31,-0.600000,-2.930000,-4.778157,-4.724729,0.233029,15.209007,14.526232,13.843457,13.160682,12.477907,,,,,,,,,,14.282500,13.457500,13.877917,14.483542,14.282500,15.732101,12.832899,15.007300,13.557700
2024-06-14,14.100000,2024-05-15,2024-03-31,-0.600000,-2.930000,-4.812287,-4.723871,0.232511,15.203455,14.522199,13.840943,13.159687,12.478431,,,,,,,,,,14.342500,13.465833,13.874583,14.468542,14.342500,15.642814,13.042186,14.992657,13.692343
2024-06-17,14.350000,2024-05-15,2024-03-31,-0.600000,-2.930000,-4.897611,-4.723442,0.232138,15.200014,14.519850,13.839685,13.159520,12.479355,,,,,,,,,,14.417500,13.480000,13.872500,14.452292,14.417500,15.512116,13.322884,14.964808,13.870192
2024-06-18,14.250000,2024-05-15,2024-03-31,-0.600000,-2.930000,-4.863481,-4.722304,0.231104,15.190619,14.513485,13.836351,13.159218,12.482084,,,,,,,,,,14.477500,13.495000,13.868333,14.435000,14.477500,15.369261,13.585739,14.923380,14.031620
2024-06-19,14.200000,2024-05-15,2024-03-31,-0.600000,-2.930000,-4.846416,-4.720318,0.228977,15.172337,14.501435,13.830532,13.159629,12.488727,,,,,,,,,,14.470000,13.510000,13.861667,14.422708,14.470000,15.368771,13.571229,14.919386,14.020614
2024-06-20,14.350000,2024-05-15,2024-03-31,-0.600000,-2.930000,-4.897611,-4.719324,0.227935,15.163315,14.495467,13.827618,13.159770,12.491921,,,,,,,,,,14.400000,13.525000,13.857917,14.412292,14.400000,15.067280,13.732720,14.733640,14.066360
2024-06-21,14.300000,2024-05-15,2024-03-31,-0.600000,-2.930000,-4.880546,-4.718752,0.227439,15.158735,14.492339,13.825943,13.159547,12.493152,,,,,,,,,,14.365000,13.540000,13.855417,14.402292,14.365000,14.970327,13.759673,14.667664,14.062336
2024-06-24,14.900000,2024-05-15,2024-03-31,-0.600000,-2.930000,-5.085324,-4.720028,0.229070,15.172033,14.500857,13.829682,13.158506,12.487331,,,,,,,,,,14.380000,13.570000,13.858333,14.393958,14.380000,15.023510,13.736490,14.701755,14.058245
2024-06-25,14.450000,2024-05-15,2024-03-31,-0.600000,-2.930000,-4.931741,-4.719459,0.228453,15.166749,14.497382,13.828015,13.158648,12.489281,,,,,,,,,,14.377500,13.593333,13.855833,14.383958,14.377500,15.019434,13.735566,14.698467,14.056533
2024-06-26,14.300000,2024-05-15,2024-03-31,-0.600000,-2.930000,-4.880546,-4.718464,0.227478,15.158122,14.491610,13.825098,13.158587,12.492075,,,,,,,,,,14.357500,13.610833,13.852083,14.374583,14.357500,14.981810,13.733190,14.669655,14.045345
2024-06-27,14.250000,2024-05-15,2024-03-31,-0.600000,-2.930000,-4.863481,-4.717326,0.226397,15.148454,14.485110,13.821765,13.158421,12.495076,,,,,,,,,,14.327500,13.629167,13.847917,14.365833,14.327500,14.908312,13.746688,14.617906,14.037094
2024-06-28,14.400000,2024-05-15,2024-03-31,-0.600000,-2.930000,-4.914676,-4.716756,0.225808,15.143332,14.481714,13.820096,13.158477,12.496859,,,,,,,,,,14.305000,13.642500,13.845417,14.357500,14.305000,14.833055,13.776945,14.569028,14.040972
2024-07-01,14.400000,2024-05-15,2024-03-31,-0.600000,-2.930000,-4.914676,-4.716610,0.225673,15.142114,14.480891,13.819668,13.158445,12.497222,,,,,,,,,,14.290000,13.660000,13.844167,14.349583,14.290000,14.786938,13.793062,14.538469,14.041531
2024-07-02,14.250000,2024-05-15,2024-03-31,-0.600000,-2.930000,-4.863481,-4.715472,0.224574,15.132339,14.474337,13.816334,13.158332,12.500329,,,,,,,,,,14.270000,13.677500,13.840000,14.341458,14.270000,14.737243,13.802757,14.503621,14.036379
2024-07-03,14.300000,2024-05-15,2024-03-31,-0.600000,-2.930000,-4.880546,-4.715183,0.224337,15.130101,14.472794,13.815487,13.158180,12.500872,,,,,,,,,,14.255000,13.696667,13.838333,14.334375,14.255000,14.696171,13.813829,14.475585,14.034415
2024-07-04,14.400000,2024-05-15,2024-03-31,-0.600000,-2.930000,-4.914676,-4.715602,0.224665,15.133249,14.474982,13.816714,13.158447,12.500179,,,,,,,,,,14.260000,13.718333,13.838750,14.327292,14.260000,14.705563,13.814437,14.482781,14.037219
2024-07-05,14.500000,2024-05-15,2024-03-31,-0.600000,-2.930000,-4.948805,-4.716588,0.225431,15.140630,14.480116,13.819603,13.159089,12.498575,,,,,,,,,,14.277500,13.740000,13.840833,14.321458,14.277500,14.732270,13.822730,14.504885,14.050115
2024-07-08,15.950000,2024-05-15,2024-03-31,-0.600000,-2.930000,-5.443686,-4.721839,0.234851,15.211216,14.523102,13.834988,13.146874,12.458760,,,,,,,,,,14.372500,13.787500,13.855417,14.323125,14.372500,15.236685,13.508315,14.804593,13.940407
2024-07-09,17.500000,2024-05-15,2024-03-31,-0.600000,-2.930000,-5.972696,-4.731781,0.261105,15.394191,14.629154,13.864118,13.099082,12.334046,,,,,,,,,,14.555000,13.858333,13.883750,14.331250,14.555000,16.170028,12.939972,15.362514,13.747486
2024-07-10,17.300000,2024-05-15,2024-03-31,-0.600000,-2.930000,-5.904437,-4.741154,0.282176,15.545134,14.718358,13.891582,13.064806,12.238030,,,,,,,,,,14.722500,13.928333,13.910417,14.338542,14.722500,16.722362,12.722638,15.722431,13.722569
2024-07-11,16.000000,2024-05-15,2024-03-31,-0.600000,-2.930000,-5.460751,-4.747254,0.289717,15.607195,14.758324,13.909453,13.060582,12.211711,,,,,,,,,,14.822500,13.981667,13.927500,14.341458,14.822500,16.869700,12.775300,15.846100,13.798900
2024-07-12,17.600000,2024-05-15,2024-03-31,-0.600000,-2.930000,-6.006826,-4.758610,0.311526,15.768271,14.855499,13.942727,13.029955,12.117183,,,,,,,,,,14.997500,14.058333,13.960000,14.352500,14.997500,17.358917,12.636083,16.178208,13.816792
2024-07-15,17.800000,2024-05-15,2024-03-31,-0.600000,-2.930000,-6.075085,-4.770676,0.333647,15.933254,14.955668,13.978082,13.000495,12.022909,,,,,,,,,,15.170000,14.140000,13.994583,14.359792,15.170000,17.818813,12.521187,16.494407,13.845593
2024-07-16,17.400000,2024-05-15,2024-03-31,-0.600000,-2.930000,-5.938567,-4.781323,0.350096,16.060836,15.035055,14.009275,12.983495,11.957715,,,,,,,,,,15.327500,14.219167,14.025000,14.366458,15.327500,18.116855,12.538145,16.722177,13.932823
2024-07-17,17.350000,2024-05-15,2024-03-31,-0.600000,-2.930000,-5.921502,-4.791120,0.365218,16.178158,15.108071,14.037983,12.967895,11.897807,,,,,,,,,,15.485000,14.297500,14.052917,14.375833,15.485000,18.360688,12.609312,16.922844,14.047156
2024-07-18,17.050000,2024-05-15,2024-03-31,-0.600000,-2.930000,-5.819113,-4.800912,0.376810,16.274781,15.170727,14.066673,12.962619,11.858565,,,,,,,,,,15.620000,14.368333,14.080833,14.384375,15.620000,18.524697,12.715303,17.072348,14.167652
2024-07-19,16.600000,2024-05-15,2024-03-31,-0.600000,-2.930000,-5.665529,-4.808860,0.384887,16.345394,15.217676,14.089959,12.962241,11.834523,,,,,,,,,,15.735000,14.428333,14.103333,14.391042,15.735000,18.601522,12.868478,17.168261,14.301739
2024-07-22,15.750000,2024-05-15,2024-03-31,-0.600000,-2.930000,-5.375427,-4.814954,0.388033,16.381688,15.244752,14.107816,12.970880,11.833944,,,,,,,,,,15.777500,14.474167,14.120417,14.393542,15.777500,18.616973,12.938027,17.197236,14.357764
2024-07-23,16.300000,2024-05-15,2024-03-31,-0.600000,-2.930000,-5.563140,-4.821907,0.393907,16.436480,15.282334,14.128187,12.974041,11.819895,,,,,,,,,,15.870000,14.529167,14.140000,14.398333,15.870000,18.647238,13.092762,17.258619,14.481381
2024-07-26,15.400000,2024-05-15,2024-03-31,-0.600000,-2.930000,-5.255973,-4.826582,0.395712,16.460760,15.301323,14.141887,12.982450,11.823013,,,,,,,,,,15.925000,14.572500,14.152917,14.399375,15.925000,18.613474,13.236526,17.269237,14.580763
2024-07-29,15.000000,2024-05-15,2024-03-31,-0.600000,-2.930000,-5.119454,-4.830262,0.396371,16.475398,15.314032,14.152666,12.991300,11.829934,,,,,,,,,,15.962500,14.606667,14.162917,14.398750,15.962500,18.572375,13.352625,17.267437,14.657563
2024-07-30,15.250000,2024-05-15,2024-03-31,-0.600000,-2.930000,-5.204778,-4.834652,0.397585,16.495379,15.330454,14.165529,13.000604,11.835680,,,,,,,,,,16.005000,14.646667,14.175000,14.398958,16.005000,18.534177,13.475823,17.269589,14.740411
2024-07-31,15.200000,2024-05-15,2024-03-31,-0.600000,-2.930000,-5.187713,-4.839041,0.398558,16.513941,15.346165,14.178389,13.010613,11.842837,,,,,,,,,,16.045000,14.686667,14.187083,14.398958,16.045000,18.491243,13.598757,17.268122,14.821878
2024-08-01,15.850000,2024-05-15,2024-03-31,-0.600000,-2.930000,-5.409556,-4.844996,0.401713,16.549879,15.372859,14.195839,13.018818,11.841798,,,,,,,,,,16.125000,14.735833,14.203750,14.401875,16.125000,18.424313,13.825687,17.274657,14.975343
2024-08-02,15.350000,2024-05-15,2024-03-31,-0.600000,-2.930000,-5.238908,-4.849529,0.403073,16.571127,15.390124,14.209121,13.028118,11.847115,,,,,,,,,,16.177500,14.777500,14.216250,14.403333,16.177500,18.345564,14.009436,17.261532,15.093468
2024-08-05,13.900000,2024-05-15,2024-03-31,-0.600000,-2.930000,-4.744027,-4.850080,0.402881,16.571619,15.391177,14.210734,13.030291,11.849849,,,,,,,,,,16.152500,14.796667,14.217083,14.398750,16.152500,18.416282,13.888718,17.284391,15.020609
2024-08-06,13.250000,2024-05-15,2024-03-31,-0.600000,-2.930000,-4.522184,-4.848782,0.403691,16.572559,15.389745,14.206930,13.024116,11.841302,,,,,,,,,,16.090000,14.803333,14.212500,14.393125,16.090000,18.601364,13.578636,17.345682,14.834318
2024-08-07,14.300000,2024-05-15,2024-03-31,-0.600000,-2.930000,-4.880546,-4.849905,0.403589,16.575255,15.392738,14.210221,13.027705,11.845188,,,,,,,,,,16.007500,14.825833,14.215000,14.391667,16.007500,18.643541,13.371459,17.325520,14.689480
2024-08-08,14.350000,2024-05-15,2024-03-31,-0.600000,-2.930000,-4.897611,-4.851453,0.403412,16.578748,15.396753,14.214757,13.032761,11.850765,,,,,,,,,,15.850000,14.853333,14.218750,14.391250,15.850000,18.486984,13.213016,17.168492,14.531508
2024-08-09,14.450000,2024-05-15,2024-03-31,-0.600000,-2.930000,-4.931741,-4.853144,0.403318,16.583158,15.401435,14.219711,13.037988,11.856265,,,,,,,,,,15.707500,14.882500,14.222917,14.390208,15.707500,18.322492,13.092508,17.014996,14.400004
2024-08-12,14.450000,2024-05-15,2024-03-31,-0.600000,-2.930000,-4.931741,-4.854552,0.403295,16.587148,15.405493,14.223839,13.042184,11.860529,,,,,,,,,,15.630000,14.911667,14.226250,14.387292,15.630000,18.299792,12.960208,16.964896,14.295104
2024-08-13,14.200000,2024-05-15,2024-03-31,-0.600000,-2.930000,-4.846416,-4.854685,0.403290,16.587505,15.405866,14.224227,13.042588,11.860949,,,,,,,,,,15.460000,14.933333,14.225833,14.382500,15.460000,18.032854,12.887146,16.746427,14.173573
2024-08-14,14.300000,2024-08-14,2024-06-30,-0.730000,-3.130000,-4.568690,-4.851091,0.403905,17.712361,16.448138,15.183914,13.919690,12.655467,,,,,,,,,,15.285000,14.957500,14.222083,14.379583,15.285000,17.655898,12.914102,16.470449,14.099551
2024-08-15,14.400000,2024-08-14,2024-06-30,-0.730000,-3.130000,-4.600639,-4.847763,0.404313,17.704498,16.438998,15.173497,13.907997,12.642497,,,,,,,,,,15.135000,14.980000,14.219167,14.376042,15.135000,17.314353,12.955647,16.224676,14.045324
2024-08-16,14.400000,2024-08-14,2024-06-30,-0.730000,-3.130000,-4.600639,-4.845000,0.404864,17.699296,16.432073,15.164849,13.897625,12.630402,,,,,,,,,,14.987500,14.980833,14.217917,14.372292,14.987500,16.921102,13.053898,15.954301,14.020699
2024-08-19,14.450000,2024-08-14,2024-06-30,-0.730000,-3.130000,-4.616613,-4.841664,0.405084,17.690235,16.422321,15.154407,13.886493,12.618579,,,,,,,,,,14.857500,14.959167,14.215000,14.369792,14.857500,16.540628,13.174372,15.699064,14.015936
2024-08-20,14.450000,2024-08-14,2024-06-30,-0.730000,-3.130000,-4.616613,-4.838751,0.405438,17.683335,16.414313,15.145291,13.876269,12.607247,,,,,,,,,,14.750000,14.950000,14.213333,14.367500,14.750000,16.226482,13.273518,15.488241,14.011759
2024-08-21,14.350000,2024-08-14,2024-06-30,-0.730000,-3.130000,-4.584665,-4.836279,0.406081,17.679616,16.408584,15.137552,13.866520,12.595488,,,,,,,,,,14.680000,14.945833,14.212917,14.365417,14.680000,16.088022,13.271978,15.384011,13.975989
2024-08-22,14.800000,2024-08-14,2024-06-30,-0.730000,-3.130000,-4.728435,-4.834581,0.406102,17.674436,16.403337,15.132237,13.861138,12.590039,,,,,,,,,,14.605000,14.950833,14.215000,14.365208,14.605000,15.792168,13.417832,15.198584,14.011416
2024-08-23,14.850000,2024-08-14,2024-06-30,-0.730000,-3.130000,-4.744409,-4.832592,0.405953,17.667280,16.396646,15.126013,13.855379,12.584746,,,,,,,,,,14.577500,14.953333,14.216250,14.365208,14.577500,15.711415,13.443585,15.144457,14.010543
2024-08-26,14.800000,2024-08-14,2024-06-30,-0.730000,-3.130000,-4.728435,-4.830470,0.405826,17.659840,16.389606,15.119372,13.849138,12.578904,,,,,,,,,,14.567500,14.952500,14.217083,14.364583,14.567500,15.689188,13.445812,15.128344,14.006656
2024-08-27,14.800000,2024-08-14,2024-06-30,-0.730000,-3.130000,-4.728435,-4.828066,0.405566,17.650690,16.381268,15.111846,13.842424,12.573003,,,,,,,,,,14.545000,14.951667,14.217083,14.363542,14.545000,15.626373,13.463627,15.085687,14.004313
2024-08-28,14.650000,2024-08-14,2024-06-30,-0.730000,-3.130000,-4.680511,-4.825262,0.405412,17.640951,16.372011,15.103071,13.834131,12.565190,,,,,,,,,,14.517500,14.950833,14.215833,14.362500,14.517500,15.555856,13.479144,15.036678,13.998322
2024-08-29,14.650000,2024-08-14,2024-06-30,-0.730000,-3.130000,-4.680511,-4.823024,0.405464,17.634269,16.365166,15.096064,13.826961,12.557859,,,,,,,,,,14.457500,14.950833,14.216250,14.361250,14.457500,15.289919,13.625081,14.873709,14.041291
2024-08-30,14.650000,2024-08-14,2024-06-30,-0.730000,-3.130000,-4.680511,-4.820926,0.405545,17.628214,16.358856,15.089499,13.820141,12.550784,,,,,,,,,,14.422500,14.951667,14.217083,14.358958,14.422500,15.149046,13.695954,14.785773,14.059227
2024-09-02,16.100000,2024-08-14,2024-06-30,-0.730000,-3.130000,-5.143770,-4.823960,0.406595,17.644280,16.371638,15.098996,13.826354,12.553712,,,,,,,,,,14.532500,14.981667,14.233750,14.361875,14.532500,15.538417,13.526583,15.035458,14.029542
2024-09-03,15.600000,2024-08-14,2024-06-30,-0.730000,-3.130000,-4.984026,-4.824251,0.406698,17.645832,16.372869,15.099906,13.826942,12.553979,,,,,,,,,,14.650000,15.005833,14.242083,14.363542,14.650000,15.570526,13.729474,15.110263,14.189737
2024-09-04,14.750000,2024-08-14,2024-06-30,-0.730000,-3.130000,-4.712460,-4.822843,0.406791,17.642009,16.368755,15.095500,13.822246,12.548991,,,,,,,,,,14.672500,15.017500,14.245000,14.362708,14.672500,15.578895,13.766105,15.125698,14.219302
2024-09-05,14.600000,2024-08-14,2024-06-30,-0.730000,-3.130000,-4.664537,-4.821178,0.407028,17.638282,16.364285,15.090287,13.816289,12.542291,,,,,,,,,,14.685000,15.030000,14.247083,14.361250,14.685000,15.579486,13.790514,15.132243,14.237757
2024-09-06,14.600000,2024-08-14,2024-06-30,-0.730000,-3.130000,-4.664537,-4.819654,0.407271,17.635034,16.360275,15.085516,13.810757,12.535998,,,,,,,,,,14.692500,15.040833,14.249583,14.360208,14.692500,15.581186,13.803814,15.136843,14.248157
2024-09-09,14.500000,2024-08-14,2024-06-30,-0.730000,-3.130000,-4.632588,-4.818569,0.407597,17.633680,16.357901,15.082122,13.806342,12.530563,,,,,,,,,,14.695000,15.049167,14.253333,14.358958,14.695000,15.581091,13.808909,15.138046,14.251954
2024-09-10,14.400000,2024-08-14,2024-06-30,-0.730000,-3.130000,-4.600639,-4.818490,0.407639,17.633694,16.357783,15.081873,13.805963,12.530052,,,,,,,,,,14.705000,15.054167,14.260000,14.356667,14.705000,15.571876,13.838124,15.138438,14.271562
2024-09-11,14.350000,2024-08-14,2024-06-30,-0.730000,-3.130000,-4.584665,-4.818560,0.407598,17.633655,16.357873,15.082092,13.806310,12.530529,,,,,,,,,,14.707500,15.054167,14.267083,14.354583,14.707500,15.569734,13.845266,15.138617,14.276383
2024-09-12,14.400000,2024-08-14,2024-06-30,-0.730000,-3.130000,-4.600639,-4.819187,0.407201,17.633132,16.358593,15.084054,13.809515,12.534976,,,,,,,,,,14.707500,15.056667,14.275833,14.352292,14.707500,15.569734,13.845266,15.138617,14.276383
2024-09-13,14.250000,2024-08-14,2024-06-30,-0.730000,-3.130000,-4.552716,-4.819555,0.406937,17.632635,16.358921,15.085208,13.811494,12.537781,,,,,,,,,,14.700000,15.057500,14.283750,14.349583,14.700000,15.575996,13.824004,15.137998,14.262002
2024-09-16,14.300000,2024-08-14,2024-06-30,-0.730000,-3.130000,-4.568690,-4.819633,0.406888,17.632570,16.359011,15.085452,13.811893,12.538334,,,,,,,,,,14.692500,15.056667,14.290833,14.347500,14.692500,15.580001,13.804999,15.136250,14.248750
2024-09-18,14.250000,2024-08-14,2024-06-30,-0.730000,-3.130000,-4.552716,-4.819719,0.406830,17.632476,16.359099,15.085722,13.812345,12.538968,,,,,,,,,,14.682500,15.055833,14.297917,14.345833,14.682500,15.585871,13.779129,15.134185,14.230815
2024-09-19,14.600000,2024-08-14,2024-06-30,-0.730000,-3.130000,-4.664537,-4.821585,0.405588,17.630544,16.361052,15.091561,13.822069,12.552578,,,,,,,,,,14.695000,15.050833,14.310417,14.345625,14.695000,15.585830,13.804170,15.140415,14.249585
2024-09-20,14.500000,2024-08-14,2024-06-30,-0.730000,-3.130000,-4.632588,-4.823325,0.404313,17.628007,16.362508,15.097009,13.831509,12.566010,,,,,,,,,,14.680000,15.051667,14.322500,14.345000,14.680000,15.573485,13.786515,15.126743,14.233257
2024-09-23,14.450000,2024-08-14,2024-06-30,-0.730000,-3.130000,-4.616613,-4.824368,0.403611,17.626875,16.363573,15.100271,13.836969,12.573668,,,,,,,,,,14.660000,15.054167,14.332500,14.344792,14.660000,15.555368,13.764632,15.107684,14.212316
2024-09-24,14.600000,2024-08-14,2024-06-30,-0.730000,-3.130000,-4.664537,-4.826092,0.402471,17.625138,16.365403,15.105668,13.845933,12.586198,,,,,,,,,,14.650000,15.060000,14.344583,14.345833,14.650000,15.543250,13.756750,15.096625,14.203375
2024-09-25,14.800000,2024-08-14,2024-06-30,-0.730000,-3.130000,-4.728435,-4.826550,0.402328,17.625671,16.366385,15.107100,13.847815,12.588529,,,,,,,,,,14.650000,15.066667,14.354583,14.347500,14.650000,15.543250,13.756750,15.096625,14.203375
2024-09-26,16.250000,2024-08-14,2024-06-30,-0.730000,-3.130000,-5.191693,-4.831583,0.403091,17.646208,16.384532,15.122856,13.861180,12.599504,,,,,,,,,,14.730000,15.097500,14.378750,14.354792,14.730000,15.874506,13.585494,15.302253,14.157747
2024-09-27,15.800000,2024-08-14,2024-06-30,-0.730000,-3.130000,-5.047923,-4.835849,0.402646,17.656771,16.396489,15.136207,13.875924,12.615642,,,,,,,,,,14.787500,15.123333,14.400417,14.360208,14.787500,16.026717,13.548283,15.407108,14.167892
2024-09-30,16.400000,2024-08-14,2024-06-30,-0.730000,-3.130000,-5.239617,-4.841855,0.403253,17.679371,16.417188,15.155005,13.892822,12.630639,,,,,,,,,,14.875000,15.158333,14.427500,14.367500,14.875000,16.305679,13.444321,15.590339,14.159661
2024-10-01,16.500000,2024-08-14,2024-06-30,-0.730000,-3.130000,-5.271565,-4.848270,0.403920,17.703624,16.439355,15.175085,13.910816,12.646547,,,,,,,,,,14.895000,15.193333,14.455833,14.376250,14.895000,16.406674,13.383326,15.650837,14.139163
2024-10-04,16.000000,2024-08-14,2024-06-30,-0.730000,-3.130000,-5.111821,-4.853068,0.403600,17.716637,16.453370,15.190103,13.926835,12.663568,,,,,,,,,,14.915000,15.218333,14.479167,14.382917,14.915000,16.475735,13.354265,15.695368,14.134632
2024-10-07,16.000000,2024-08-14,2024-06-30,-0.730000,-3.130000,-5.111821,-4.858152,0.402979,17.728664,16.467340,15.206016,13.944692,12.683369,,,,,,,,,,14.977500,15.219167,14.503333,14.389792,14.977500,16.608927,13.346073,15.793213,14.161787
2024-10-08,15.800000,2024-08-14,2024-06-30,-0.730000,-3.130000,-5.047923,-4.862274,0.402363,17.737713,16.478316,15.218919,13.959521,12.700124,,,,,,,,,,15.037500,15.190833,14.524583,14.395208,15.037500,16.698468,13.376532,15.867984,14.207016
2024-10-09,15.850000,2024-08-14,2024-06-30,-0.730000,-3.130000,-5.063898,-4.866959,0.401402,17.746357,16.489969,15.233582,13.977195,12.720807,,,,,,,,,,15.100000,15.166667,14.547500,14.401250,15.100000,16.785542,13.414458,15.942771,14.257229
2024-10-11,15.700000,2024-08-14,2024-06-30,-0.730000,-3.130000,-5.015974,-4.872104,0.399299,17.749299,16.499492,15.249685,13.999877,12.750070,,,,,,,,,,15.160000,15.161667,14.571667,14.406458,15.160000,16.841040,13.478960,16.000520,14.319480
2024-10-14,15.750000,2024-08-14,2024-06-30,-0.730000,-3.130000,-5.031949,-4.876809,0.397814,17.754725,16.509568,15.264411,14.019254,12.774097,,,,,,,,,,15.227500,15.130833,14.594583,14.411875,15.227500,16.888342,13.566658,16.057921,14.397079
2024-10-15,16.450000,2024-08-14,2024-06-30,-0.730000,-3.130000,-5.255591,-4.883664,0.397189,17.772268,16.529068,15.285867,14.042667,12.799466,,,,,,,,,,15.332500,15.108333,14.624167,14.420208,15.332500,17.024983,13.640017,16.178742,14.486258
2024-10-16,16.600000,2024-08-14,2024-06-30,-0.730000,-3.130000,-5.303514,-4.891634,0.395925,17.789304,16.550059,15.310814,14.071569,12.832324,,,,,,,,,,15.442500,15.095000,14.657083,14.428958,15.442500,17.165495,13.719505,16.303997,14.581003
2024-10-17,16.750000,2024-08-14,2024-06-30,-0.730000,-3.130000,-5.351438,-4.900004,0.394931,17.809280,16.573146,15.337011,14.100877,12.864742,,,,,,,,,,15.567500,15.085000,14.691250,14.437500,15.567500,17.288967,13.846033,16.428233,14.706767
2024-10-18,16.750000,2024-08-14,2024-06-30,-0.730000,-3.130000,-5.351438,-4.907944,0.394344,17.830457,16.596160,15.361864,14.127567,12.893271,,,,,,,,,,15.690000,15.080000,14.724167,14.445208,15.690000,17.380095,13.999905,16.535047,14.844953
2024-10-21,17.800000,2024-08-14,2024-06-30,-0.730000,-3.130000,-5.686901,-4.918107,0.398586,17.888821,16.641247,15.393674,14.146100,12.898526,,,,,,,,,,15.867500,15.100000,14.764167,14.457500,15.867500,17.663189,14.071811,16.765345,14.969655
2024-10-22,18.200000,2024-08-14,2024-06-30,-0.730000,-3.130000,-5.814696,-4.929334,0.404712,17.962311,16.695564,15.428817,14.162070,12.895323,,,,,,,,,,16.047500,15.140833,14.807500,14.470417,16.047500,18.021135,14.073865,17.034318,15.060682
2024-10-23,17.800000,2024-08-14,2024-06-30,-0.730000,-3.130000,-5.686901,-4.939497,0.408309,18.016643,16.738635,15.460627,14.182618,12.904610,,,,,,,,,,16.212500,15.165833,14.847500,14.481667,16.212500,18.193163,14.231837,17.202832,15.222168
2024-10-24,17.950000,2024-08-14,2024-06-30,-0.730000,-3.130000,-5.734824,-4.950632,0.411641,18.072355,16.783917,15.495479,14.207042,12.918604,,,,,,,,,,16.387500,15.208333,14.890417,14.493125,16.387500,18.330605,14.444395,17.359053,15.415947
2024-10-25,17.700000,2024-08-14,2024-06-30,-0.730000,-3.130000,-5.654952,-4.960672,0.414018,18.118657,16.822780,15.526904,14.231027,12.935151,,,,,,,,,,16.542500,15.253333,14.930000,14.503958,16.542500,18.376757,14.708243,17.459629,15.625371
2024-10-28,17.250000,2024-08-14,2024-06-30,-0.730000,-3.130000,-5.511182,-4.969800,0.413979,18.146985,16.851230,15.555475,14.259720,12.963964,,,,,,,,,,16.665000,15.286667,14.966667,14.513958,16.665000,18.328573,15.001427,17.496786,15.833214
2024-10-29,17.250000,2024-08-14,2024-06-30,-0.730000,-3.130000,-5.511182,-4.979072,0.413538,18.173242,16.878868,15.584494,14.290120,12.995746,,,,,,,,,,16.715000,15.320833,15.003750,14.524583,16.715000,18.386148,15.043852,17.550574,15.879426
2024-10-30,17.350000,2024-08-14,2024-06-30,-0.730000,-3.130000,-5.543131,-4.988323,0.413636,18.202814,16.908132,15.613450,14.318768,13.024086,,,,,,,,,,16.792500,15.345833,15.040833,14.535625,16.792500,18.428373,15.156627,17.610436,15.974564
2024-11-01,17.350000,2024-08-14,2024-06-30,-0.730000,-3.130000,-5.543131,-4.997717,0.413326,18.230275,16.936565,15.642855,14.349144,13.055434,,,,,,,,,,16.840000,15.379167,15.078333,14.546458,16.840000,18.483040,15.196960,17.661520,16.018480
2024-11-04,17.200000,2024-08-14,2024-06-30,-0.730000,-3.130000,-5.495208,-5.006999,0.411873,18.250233,16.961069,15.671905,14.382742,13.093578,,,,,,,,,,16.875000,15.434167,15.115417,14.555417,16.875000,18.517367,15.232633,17.696183,16.053817
2024-11-05,17.850000,2024-08-14,2024-06-30,-0.730000,-3.130000,-5.702875,-5.017724,0.413105,18.291515,16.998496,15.705476,14.412457,13.119437,,,,,,,,,,16.967500,15.510833,15.157083,14.566875,16.967500,18.610756,15.324244,17.789128,16.145872
2024-11-06,0.000000,2024-08-14,2024-06-30,-0.730000,-3.130000,-0.000000,-4.980639,0.614930,19.438860,17.514131,15.589401,13.664672,11.739942,,,,,,,,,,16.167500,15.272500,15.049167,14.504375,16.167500,23.940413,8.394587,20.053957,12.281043
2024-11-07,16.750000,2024-08-14,2024-06-30,-0.730000,-3.130000,-5.351438,-4.988866,0.613215,19.453877,17.534513,15.615150,13.695786,11.776423,,,,,,,,,,16.215000,15.312500,15.082917,14.511250,16.215000,23.990068,8.439932,20.102534,12.327466
2024-11-08,16.900000,2024-08-14,2024-06-30,-0.730000,-3.130000,-5.399361,-4.997492,0.611633,19.470974,17.556561,15.642149,13.727736,11.813323,,,,,,,,,,16.267500,15.353333,15.117917,14.520208,16.267500,24.046370,8.488630,20.156935,12.378065
2024-11-11,16.200000,2024-08-14,2024-06-30,-0.730000,-3.130000,-5.175719,-5.004502,0.608785,19.475083,17.569587,15.664091,13.758595,11.853099,,,,,,,,,,16.292500,15.382500,15.147083,14.527292,16.292500,24.066903,8.518097,20.179702,12.405298
2024-11-12,15.950000,2024-08-14,2024-06-30,-0.730000,-3.130000,-5.095847,-5.010278,0.606310,19.477672,17.579921,15.682170,13.784419,11.886668,,,,,,,,,,16.302500,15.411667,15.172500,14.533542,16.302500,24.074479,8.530521,20.188490,12.416510
2024-11-13,15.600000,2024-08-14,2024-06-30,-0.730000,-3.130000,-4.984026,-5.015264,0.603585,19.476217,17.586997,15.697777,13.808558,11.919338,,,,,,,,,,16.260000,15.433333,15.195417,14.538125,16.260000,24.037877,8.482123,20.148938,12.371062
2024-11-14,15.400000,2024-11-14,2024-09-30,0.080000,-2.320000,-6.637931,-5.033464,0.619241,14.550913,13.114275,11.677637,10.240999,8.804361,,,,,,,,,,16.200000,15.450000,15.215000,14.541875,16.200000,23.985344,8.414656,20.092672,12.307328
2024-11-15,15.050000,2024-11-14,2024-09-30,0.080000,-2.320000,-6.487069,-5.046710,0.633153,14.646197,13.177282,11.708367,10.239452,8.770536,,,,,,,,,,16.115000,15.460833,15.220833,14.544792,16.115000,23.912172,8.317828,20.013586,12.216414
2024-11-18,15.150000,2024-11-14,2024-09-30,0.080000,-2.320000,-6.530172,-5.056333,0.646819,14.731931,13.231311,11.730692,10.230073,8.729453,,,,,,,,,,16.035000,15.472500,15.215833,14.547500,16.035000,23.837570,8.232430,19.936285,12.133715
2024-11-19,15.300000,2024-11-14,2024-09-30,0.080000,-2.320000,-6.594828,-5.068628,0.661875,14.830317,13.294767,11.759216,10.223665,8.688114,,,,,,,,,,15.910000,15.486667,15.218333,14.550833,15.910000,23.673518,8.146482,19.791759,12.028241
2024-11-20,14.950000,2024-11-14,2024-09-30,0.080000,-2.320000,-6.443966,-5.080803,0.673619,14.913057,13.350260,11.787462,10.224665,8.661868,,,,,,,,,,15.747500,15.496667,15.221250,14.553333,15.747500,23.444969,8.050031,19.596234,11.898766
2024-11-21,15.150000,2024-11-14,2024-09-30,0.080000,-2.320000,-6.530172,-5.093981,0.686363,15.002761,13.410398,11.818036,10.225673,8.633310,,,,,,,,,,15.615000,15.502500,15.226667,14.556458,15.615000,23.254723,7.975277,19.434862,11.795138
2024-11-22,15.200000,2024-11-14,2024-09-30,0.080000,-2.320000,-6.551724,-5.106770,0.699097,15.091517,13.469611,11.847706,10.225800,8.603894,,,,,,,,,,15.477500,15.508333,15.230833,14.560208,15.477500,23.038861,7.916139,19.258181,11.696819
2024-11-25,15.450000,2024-11-14,2024-09-30,0.080000,-2.320000,-6.659483,-5.120030,0.713307,15.188214,13.533342,11.878469,10.223597,8.568724,,,,,,,,,,15.365000,15.519167,15.235833,14.565000,15.365000,22.853735,7.876265,19.109368,11.620632
2024-11-26,15.350000,2024-11-14,2024-09-30,0.080000,-2.320000,-6.616379,-5.132931,0.726245,15.278178,13.593289,11.908400,10.223510,8.538621,,,,,,,,,,15.270000,15.528333,15.240000,14.569375,15.270000,22.706071,7.833929,18.988036,11.551964
2024-11-27,15.000000,2024-11-14,2024-09-30,0.080000,-2.320000,-6.465517,-5.145001,0.736271,15.352701,13.644552,11.936403,10.228254,8.520105,,,,,,,,,,15.157500,15.534167,15.242500,14.571875,15.157500,22.535296,7.779704,18.846398,11.468602
2024-11-28,14.900000,2024-11-14,2024-09-30,0.080000,-2.320000,-6.422414,-5.156855,0.745312,15.422148,13.693026,11.963903,10.234780,8.505657,,,,,,,,,,15.035000,15.538333,15.244583,14.573125,15.035000,22.340521,7.729479,18.687760,11.382240
2024-11-29,14.800000,2024-11-14,2024-09-30,0.080000,-2.320000,-6.379310,-5.168491,0.753430,15.486814,13.738857,11.990900,10.242942,8.494985,,,,,,,,,,14.907500,15.540833,15.246250,14.573958,14.907500,22.131457,7.683543,18.519478,11.295522
2024-12-02,14.800000,2024-11-14,2024-09-30,0.080000,-2.320000,-6.379310,-5.180981,0.761001,15.550920,13.785398,12.019876,10.254353,8.488831,,,,,,,,,,14.787500,15.519167,15.250417,14.574792,14.787500,21.930393,7.644607,18.358947,11.216053
2024-12-03,14.800000,2024-11-14,2024-09-30,0.080000,-2.320000,-6.379310,-5.193897,0.768103,15.613840,13.831841,12.049842,10.267842,8.485843,,,,,,,,,,14.635000,15.505833,15.255833,14.575833,14.635000,21.631322,7.638678,18.133161,11.136839
2024-12-04,14.800000,2024-11-14,2024-09-30,0.080000,-2.320000,-6.379310,-5.207098,0.774777,15.675433,13.877950,12.080467,10.282984,8.485502,,,,,,,,,,15.375000,15.506667,15.262083,14.577292,15.375000,16.622946,14.127054,15.998973,14.751027
2024-12-05,14.750000,2024-11-14,2024-09-30,0.080000,-2.320000,-6.357759,-5.220688,0.780565,15.733819,13.922908,12.111996,10.301084,8.490173,,,,,,,,,,15.275000,15.509167,15.269583,14.578125,15.275000,16.370205,14.179795,15.822602,14.727398
2024-12-06,15.600000,2024-11-14,2024-09-30,0.080000,-2.320000,-6.724138,-5.237047,0.791348,15.821804,13.985876,12.149948,10.314020,8.478093,,,,,,,,,,15.210000,15.525833,15.283333,14.582708,15.210000,16.014984,14.405016,15.612492,14.807508
2024-12-09,15.500000,2024-11-14,2024-09-30,0.080000,-2.320000,-6.681034,-5.252904,0.801081,15.903753,14.045245,12.186737,10.328229,8.469722,,,,,,,,,,15.175000,15.542500,15.295833,14.586875,15.175000,15.848951,14.501049,15.511976,14.838024
2024-12-10,15.350000,2024-11-14,2024-09-30,0.080000,-2.320000,-6.616379,-5.267938,0.809626,15.978279,14.099948,12.221616,10.343285,8.464953,,,,,,,,,,15.145000,15.558333,15.306250,14.590417,15.145000,15.719823,14.570177,15.432411,14.857589
2024-12-11,15.400000,2024-11-14,2024-09-30,0.080000,-2.320000,-6.637931,-5.282441,0.818475,16.052986,14.154124,12.255262,10.356401,8.457539,,,,,,,,,,15.135000,15.575833,15.315000,14.593750,15.135000,15.682819,14.587181,15.408909,14.861091
2024-12-12,16.450000,2024-11-14,2024-09-30,0.080000,-2.320000,-7.090517,-5.300999,0.833997,16.168064,14.233191,12.298318,10.363446,8.428573,,,,,,,,,,15.187500,15.610000,15.333333,14.600833,15.187500,15.986101,14.388899,15.586800,14.788200
2024-12-13,15.600000,2024-11-14,2024-09-30,0.080000,-2.320000,-6.724138,-5.316647,0.842963,16.245970,14.290296,12.334621,10.378947,8.423272,,,,,,,,,,15.215000,15.632500,15.345000,14.603333,15.215000,16.031346,14.398654,15.623173,14.806827
2024-12-16,15.250000,2024-11-14,2024-09-30,0.080000,-2.320000,-6.573276,-5.330611,0.849814,16.310156,14.338587,12.367017,10.395448,8.423879,,,,,,,,,,15.220000,15.648333,15.352500,14.605208,15.220000,16.035895,14.404105,15.627947,14.812053
2024-12-17,15.200000,2024-11-14,2024-09-30,0.080000,-2.320000,-6.551724,-5.344537,0.856047,16.371387,14.385357,12.399327,10.413297,8.427267,,,,,,,,,,15.215000,15.664167,15.360000,14.607708,15.215000,16.030056,14.399944,15.622528,14.807472
2024-12-18,15.000000,2024-11-14,2024-09-30,0.080000,-2.320000,-6.465517,-5.356039,0.861788,16.424707,14.425359,12.426010,10.426662,8.427314,,,,,,,,,,15.217500,15.670833,15.360833,14.609583,15.217500,16.029434,14.405566,15.623467,14.811533
2024-12-19,15.000000,2024-11-14,2024-09-30,0.080000,-2.320000,-6.465517,-5.368820,0.866802,16.477623,14.466643,12.455663,10.444684,8.433704,,,,,,,,,,15.210000,15.679167,15.365417,14.610625,15.210000,16.027313,14.392687,15.618656,14.801344
2024-12-20,14.950000,2024-11-14,2024-09-30,0.080000,-2.320000,-6.443966,-5.381849,0.871140,16.527978,14.506934,12.485890,10.464846,8.443802,,,,,,,,,,15.197500,15.687500,15.370833,14.611458,15.197500,16.023062,14.371938,15.610281,14.784719
2024-12-23,15.150000,2024-11-14,2024-09-30,0.080000,-2.320000,-6.530172,-5.395738,0.876078,16.583115,14.550613,12.518112,10.485611,8.453110,,,,,,,,,,15.182500,15.696667,15.378333,14.613125,15.182500,15.999603,14.365397,15.591052,14.773948
2024-12-24,14.950000,2024-11-14,2024-09-30,0.080000,-2.320000,-6.443966,-5.408482,0.880135,16.631505,14.589592,12.547679,10.505765,8.463852,,,,,,,,,,15.162500,15.699167,15.382917,14.614167,15.162500,15.981919,14.343081,15.572209,14.752791
2024-12-25,14.900000,2024-11-14,2024-09-30,0.080000,-2.320000,-6.422414,-5.421047,0.883781,16.677571,14.627200,12.576828,10.526457,8.476085,,,,,,,,,,15.157500,15.676667,15.387083,14.615625,15.157500,15.982297,14.332703,15.569898,14.745102
2024-12-26,14.950000,2024-11-14,2024-09-30,0.080000,-2.320000,-6.443966,-5.434217,0.887172,16.723863,14.665623,12.607384,10.549145,8.490906,,,,,,,,,,15.160000,15.662500,15.392917,14.616458,15.160000,15.981808,14.338192,15.570904,14.749096
2024-12-27,15.150000,2024-11-14,2024-09-30,0.080000,-2.320000,-6.530172,-5.447964,0.891292,16.774871,14.707074,12.639277,10.571480,8.503683,,,,,,,,,,15.177500,15.641667,15.400000,14.619167,15.177500,15.981749,14.373251,15.579624,14.775376
2024-12-30,14.800000,2024-11-14,2024-09-30,0.080000,-2.320000,-6.379310,-5.460170,0.893952,16.815530,14.741562,12.667593,10.593625,8.519656,,,,,,,,,,15.177500,15.613333,15.403333,14.621042,15.177500,15.981749,14.373251,15.579624,14.775376
2024-12-31,14.950000,2024-11-14,2024-09-30,0.080000,-2.320000,-6.443966,-5.472629,0.897179,16.859408,14.777954,12.696500,10.615045,8.533591,,,,,,,,,,15.185000,15.595833,15.407083,14.623958,15.185000,15.977132,14.392868,15.581066,14.788934
2025-01-02,14.900000,2024-11-14,2024-09-30,0.080000,-2.320000,-6.422414,-5.480785,0.901352,16.897696,14.806559,12.715422,10.624285,8.533148,,,,,,,,,,15.190000,15.577500,15.398333,14.626875,15.190000,15.973111,14.406889,15.581556,14.798444
2025-01-03,14.750000,2024-11-14,2024-09-30,0.080000,-2.320000,-6.357759,-5.483994,0.903800,16.916499,14.819683,12.722866,10.626050,8.529233,,,,,,,,,,15.190000,15.560000,15.375417,14.629583,15.190000,15.973111,14.406889,15.581556,14.798444
2025-01-06,14.850000,2024-11-14,2024-09-30,0.080000,-2.320000,-6.400862,-5.488131,0.906872,16.940349,14.836406,12.732464,10.628521,8.524579,,,,,,,,,,15.152500,15.543333,15.355000,14.632708,15.152500,15.924698,14.380302,15.538599,14.766401
2025-01-07,14.800000,2024-11-14,2024-09-30,0.080000,-2.320000,-6.379310,-5.495786,0.910508,16.974980,14.862601,12.750223,10.637844,8.525465,,,,,,,,,,15.117500,15.528333,15.345000,14.636250,15.117500,15.886830,14.348170,15.502165,14.732835
2025-01-08,14.650000,2024-11-14,2024-09-30,0.080000,-2.320000,-6.314655,-5.498351,0.912392,16.989671,14.872923,12.756174,10.639425,8.522677,,,,,,,,,,15.082500,15.510000,15.320417,14.640208,15.082500,15.870753,14.294247,15.476626,14.688374
2025-01-09,14.300000,2024-11-14,2024-09-30,0.080000,-2.320000,-6.163793,-5.499090,0.912899,16.993739,14.875814,12.757889,10.639964,8.522039,,,,,,,,,,15.027500,15.474167,15.291250,14.642917,15.027500,15.873839,14.181161,15.450669,14.604331
2025-01-10,14.550000,2024-11-14,2024-09-30,0.080000,-2.320000,-6.271552,-5.501865,0.914750,17.008766,14.886547,12.764327,10.642107,8.519887,,,,,,,,,,14.932500,15.440000,15.267500,14.646250,14.932500,15.480487,14.384513,15.206493,14.658507
2025-01-13,13.900000,2024-11-14,2024-09-30,0.080000,-2.320000,-5.991379,-5.502447,0.915042,17.011470,14.888574,12.765678,10.642781,8.519885,,,,,,,,,,14.847500,15.392500,15.238750,14.645833,14.847500,15.480351,14.214649,15.163925,14.531075
2025-01-14,13.850000,2024-11-14,2024-09-30,0.080000,-2.320000,-5.969828,-5.503703,0.915583,17.016897,14.892744,12.768592,10.644439,8.520286,,,,,,,,,,14.777500,15.344167,15.212083,14.646458,14.777500,15.522642,14.032358,15.150071,14.404929
2025-01-15,13.550000,2024-11-14,2024-09-30,0.080000,-2.320000,-5.840517,-5.505161,0.915982,17.022132,14.897053,12.771975,10.646896,8.521817,,,,,,,,,,14.695000,15.273333,15.186667,14.645000,14.695000,15.592892,13.797108,15.143946,14.246054
2025-01-16,14.900000,2024-11-14,2024-09-30,0.080000,-2.320000,-6.422414,-5.513886,0.919715,17.059693,14.925955,12.792216,10.658478,8.524739,,,,,,,,,,14.690000,15.218333,15.179583,14.650000,14.690000,15.581834,13.798166,15.135917,14.244083
2025-01-17,14.750000,2024-11-14,2024-09-30,0.080000,-2.320000,-6.357759,-5.520508,0.922927,17.089962,14.948771,12.807579,10.666387,8.525196,,,,,,,,,,14.677500,15.167500,15.166667,14.653333,14.677500,15.557975,13.797025,15.117738,14.237262
2025-01-20,14.500000,2024-11-14,2024-09-30,0.080000,-2.320000,-6.250000,-5.528792,0.924992,17.118759,14.972778,12.826797,10.680816,8.534835,,,,,,,,,,14.655000,15.110000,15.159167,14.656042,14.655000,15.529131,13.780869,15.092066,14.217934
2025-01-21,14.250000,2024-11-14,2024-09-30,0.080000,-2.320000,-6.142241,-5.537315,0.925900,17.142747,14.994659,12.846571,10.698483,8.550395,,,,,,,,,,14.610000,15.052500,15.152917,14.657917,14.610000,15.469376,13.750624,15.039688,14.180312
2025-01-22,14.400000,2024-11-14,2024-09-30,0.080000,-2.320000,-6.206897,-5.545666,0.927394,17.169051,15.017498,12.865945,10.714392,8.562839,,,,,,,,,,14.582500,15.005000,15.145833,14.660417,14.582500,15.431199,13.733801,15.006849,14.158151
2025-02-03,14.350000,2024-11-14,2024-09-30,0.080000,-2.320000,-6.185345,-5.553980,0.928629,17.194069,15.039651,12.885233,10.730814,8.576396,,,,,,,,,,14.555000,14.956667,15.138750,14.662917,14.555000,15.395989,13.714011,14.975495,14.134505
2025-02-04,14.600000,2024-11-14,2024-09-30,0.080000,-2.320000,-6.293103,-5.561342,0.930974,17.222032,15.062173,12.902315,10.742456,8.582597,,,,,,,,,,14.537500,14.910833,15.128333,14.666042,14.537500,15.358203,13.716797,14.947851,14.127149
2025-02-05,14.650000,2024-11-14,2024-09-30,0.080000,-2.320000,-6.314655,-5.570307,0.933020,17.252324,15.087718,12.923112,10.758507,8.593901,,,,,,,,,,14.512500,14.865833,15.122500,14.669375,14.512500,15.283607,13.741393,14.898053,14.126947
2025-02-06,14.350000,2024-11-14,2024-09-30,0.080000,-2.320000,-6.185345,-5.582318,0.931570,17.273460,15.112219,12.950978,10.789736,8.628495,,,,,,,,,,14.490000,14.818333,15.126250,14.671667,14.490000,15.251992,13.728008,14.870996,14.109004
2025-02-07,14.400000,2024-11-14,2024-09-30,0.080000,-2.320000,-6.206897,-5.596357,0.928147,17.290151,15.136850,12.983549,10.830248,8.676947,,,,,,,,,,14.462500,14.760833,15.135833,14.674167,14.462500,15.193667,13.731333,14.828084,14.096916
2025-02-10,14.250000,2024-11-14,2024-09-30,0.080000,-2.320000,-6.142241,-5.606871,0.927116,17.309759,15.158850,13.007942,10.857033,8.706125,,,,,,,,,,14.430000,14.998333,15.135417,14.675208,14.430000,15.136660,13.723340,14.783330,14.076670
2025-02-11,13.900000,2024-11-14,2024-09-30,0.080000,-2.320000,-5.991379,-5.615986,0.925459,17.323219,15.176153,13.029088,10.882022,8.734957,,,,,,,,,,14.387500,14.950833,15.131667,14.675208,14.387500,15.115059,13.659941,14.751280,14.023720
2025-02-12,13.900000,2024-11-14,2024-09-30,0.080000,-2.320000,-5.991379,-5.624816,0.923930,17.336608,15.193091,13.049574,10.906057,8.762540,,,,,,,,,,14.340000,14.900833,15.127083,14.675000,14.340000,15.064460,13.615540,14.702230,13.977770
2025-02-13,14.100000,2024-11-14,2024-09-30,0.080000,-2.320000,-6.077586,-5.634365,0.922627,17.352716,15.212221,13.071727,10.931233,8.790739,,,,,,,,,,14.305000,14.865833,15.124167,14.675208,14.305000,15.003042,13.606958,14.654021,13.955979
2025-02-14,14.050000,2024-11-14,2024-09-30,0.080000,-2.320000,-6.056034,-5.644445,0.920551,17.366471,15.230792,13.095113,10.959434,8.823755,,,,,,,,,,14.275000,14.834167,15.122917,14.674375,14.275000,14.962099,13.587901,14.618550,13.931450
2025-02-17,13.950000,2024-11-14,2024-09-30,0.080000,-2.320000,-6.012931,-5.656481,0.915797,17.372335,15.247685,13.123035,10.998385,8.873735,,,,,,,,,,14.257500,14.806667,15.120000,14.671042,14.257500,14.959583,13.555417,14.608542,13.906458
2025-02-18,13.850000,2024-11-14,2024-09-30,0.080000,-2.320000,-5.969828,-5.667891,0.911049,17.376774,15.263140,13.149506,11.035872,8.922238,,,,,,,,,,14.222500,14.780833,15.115417,14.667292,14.222500,14.932930,13.512070,14.577715,13.867285
2025-02-19,13.950000,2024-11-14,2024-09-30,0.080000,-2.320000,-6.012931,-5.679660,0.906256,17.381838,15.279324,13.176810,11.074297,8.971783,,,,,,,,,,14.225000,14.762500,15.111667,14.664792,14.225000,14.930989,13.519011,14.577995,13.872005
2025-02-20,14.000000,2024-11-14,2024-09-30,0.080000,-2.320000,-6.034483,-5.691475,0.901510,17.387230,15.295726,13.204223,11.112719,9.021216,,,,,,,,,,14.232500,14.743333,15.107917,14.661458,14.232500,14.924769,13.540231,14.578635,13.886365
2025-02-21,14.000000,2024-11-14,2024-09-30,0.080000,-2.320000,-6.034483,-5.703291,0.896582,17.391776,15.311706,13.231635,11.151564,9.071493,,,,,,,,,,14.255000,14.721667,15.104167,14.658750,14.255000,14.879837,13.630163,14.567418,13.942582
2025-02-24,14.000000,2024-11-14,2024-09-30,0.080000,-2.320000,-6.034483,-5.715373,0.891134,17.394524,15.327094,13.259665,11.192235,9.124805,,,,,,,,,,14.210000,14.705833,15.101250,14.657083,14.210000,14.764977,13.655023,14.487489,13.932511
2025-02-25,14.200000,2024-11-14,2024-09-30,0.080000,-2.320000,-6.120690,-5.726975,0.887231,17.403332,15.344957,13.286581,11.228206,9.169831,,,,,,,,,,14.182500,14.690000,15.096250,14.655625,14.182500,14.675904,13.689096,14.429202,13.935798
2025-02-26,13.950000,2024-11-14,2024-09-30,0.080000,-2.320000,-6.012931,-5.737546,0.882972,17.408098,15.359602,13.311106,11.262611,9.214115,,,,,,,,,,14.155000,14.669167,15.088750,14.652500,14.155000,14.635022,13.674978,14.395011,13.914989
2025-02-27,13.700000,2024-11-14,2024-09-30,0.080000,-2.320000,-5.905172,-5.747352,0.878192,17.408670,15.371263,13.333856,11.296450,9.259043,,,,,,,,,,14.127500,14.640000,15.079583,14.648333,14.127500,14.646076,13.608924,14.386788,13.868212
2025-03-03,13.700000,2024-11-14,2024-09-30,0.080000,-2.320000,-5.905172,-5.757158,0.873275,17.408605,15.382606,13.356607,11.330608,9.304609,,,,,,,,,,14.092500,14.612500,15.070417,14.643750,14.092500,14.627855,13.557145,14.360178,13.824822
2025-03-04,13.750000,2024-11-14,2024-09-30,0.080000,-2.320000,-5.926724,-5.767543,0.867757,17.407092,15.393896,13.380700,11.367504,9.354308,,,,,,,,,,14.062500,14.591667,15.062917,14.639375,14.062500,14.604305,13.520695,14.333402,13.791598
2025-03-05,13.650000,2024-11-14,2024-09-30,0.080000,-2.320000,-5.883621,-5.777569,0.862023,17.403748,15.403854,13.403960,11.404066,9.404172,,,,,,,,,,14.015000,14.570833,15.054583,14.635417,14.015000,14.523972,13.506028,14.269486,13.760514
2025-03-06,13.700000,2024-11-14,2024-09-30,0.080000,-2.320000,-5.905172,-5.787775,0.856155,17.400199,15.413918,13.427637,11.441356,9.455076,,,,,,,,,,13.967500,14.552500,15.046667,14.631875,13.967500,14.398258,13.536742,14.182879,13.752121
2025-03-07,13.650000,2024-11-14,2024-09-30,0.080000,-2.320000,-5.883621,-5.793940,0.854140,17.405152,15.423547,13.441941,11.460335,9.478729,,,,,,,,,,13.932500,14.533333,15.026250,14.630000,13.932500,14.345799,13.519201,14.139149,13.725851
2025-03-10,13.550000,2024-11-14,2024-09-30,0.080000,-2.320000,-5.840517,-5.801077,0.850888,17.406620,15.432560,13.458500,11.484440,9.510379,,,,,,,,,,13.890000,14.512500,15.009167,14.625625,13.890000,14.274708,13.505292,14.082354,13.697646
2025-03-11,13.400000,2024-11-14,2024-09-30,0.080000,-2.320000,-5.775862,-5.809939,0.844972,17.399729,15.439394,13.479059,11.518724,9.558388,,,,,,,,,,13.847500,14.489167,14.997917,14.621458,13.847500,14.252047,13.442953,14.049773,13.645227
2025-03-12,13.450000,2024-11-14,2024-09-30,0.080000,-2.320000,-5.797414,-5.819380,0.838370,17.390999,15.445980,13.500961,11.555942,9.610924,,,,,,,,,,13.825000,14.467500,14.988333,14.617708,13.825000,14.265693,13.384307,14.045347,13.604653
2025-03-13,13.750000,2024-11-14,2024-09-30,0.080000,-2.320000,-5.926724,-5.829898,0.831650,17.384222,15.454793,13.525363,11.595934,9.666505,,,,,,,,,,13.817500,14.436667,14.981250,14.615417,13.817500,14.257924,13.377076,14.037712,13.597288
2025-03-14,13.600000,2024-11-14,2024-09-30,0.080000,-2.320000,-5.862069,-5.840144,0.824317,17.373965,15.461549,13.549133,11.636718,9.724302,,,,,,,,,,13.792500,14.405000,14.973750,14.613542,13.792500,14.222035,13.362965,14.007267,13.577733
2025-03-17,13.700000,2024-11-14,2024-09-30,0.080000,-2.320000,-5.905172,-5.851015,0.816397,17.362437,15.468396,13.574354,11.680313,9.786271,,,,,,,,,,13.775000,14.377500,14.967917,14.613958,13.775000,14.188585,13.361415,13.981793,13.568207
2025-03-18,13.650000,2024-11-14,2024-09-30,0.080000,-2.320000,-5.883621,-5.861839,0.808034,17.348746,15.474107,13.599468,11.724828,9.850189,,,,,,,,,,13.760000,14.348333,14.962083,14.614583,13.760000,14.168592,13.351408,13.964296,13.555704
2025-03-19,13.400000,2024-11-14,2024-09-30,0.080000,-2.320000,-5.775862,-5.871633,0.799699,17.332790,15.477489,13.622188,11.766888,9.911587,,,,,,,,,,13.737500,14.297500,14.953750,14.614792,13.737500,14.173842,13.301158,13.955671,13.519329
2025-03-20,13.500000,2024-11-14,2024-09-30,0.080000,-2.320000,-5.818966,-5.882185,0.790450,17.314357,15.480513,13.646669,11.812826,9.978982,,,,,,,,,,13.715000,14.262500,14.947500,14.615625,13.715000,14.151614,13.278386,13.933307,13.496693
2025-03-21,13.650000,2024-11-14,2024-09-30,0.080000,-2.320000,-5.883621,-5.893143,0.781148,17.296617,15.484354,13.672091,11.859828,10.047566,,,,,,,,,,13.697500,14.235833,14.942083,14.616458,13.697500,14.113591,13.281409,13.905545,13.489455
2025-03-24,13.300000,2024-11-14,2024-09-30,0.080000,-2.320000,-5.732759,-5.902977,0.771500,17.274664,15.484785,13.694905,11.905026,10.115147,,,,,,,,,,13.662500,14.204167,14.934167,14.616042,13.662500,14.089084,13.235916,13.875792,13.449208
2025-03-25,13.300000,2024-11-14,2024-09-30,0.080000,-2.320000,-5.732759,-5.911878,0.763208,17.256844,15.486201,13.715558,11.944915,10.174271,,,,,,,,,,13.627500,14.175833,14.923333,14.616875,13.627500,14.052353,13.202647,13.839926,13.415074
2025-03-26,13.150000,2024-11-14,2024-09-30,0.080000,-2.320000,-5.668103,-5.920508,0.754426,17.236114,15.485846,13.735578,11.985310,10.235042,,,,,,,,,,13.575000,14.145000,14.912083,14.617292,13.575000,13.959571,13.190429,13.767285,13.382715
2025-03-27,13.000000,2024-11-14,2024-09-30,0.080000,-2.320000,-5.603448,-5.928731,0.745418,17.213396,15.484026,13.754657,12.025287,10.295917,,,,,,,,,,13.527500,14.112500,14.900000,14.616250,13.527500,13.949868,13.105132,13.738684,13.316316
2025-03-28,12.700000,2024-11-14,2024-09-30,0.080000,-2.320000,-5.474138,-5.935478,0.737502,17.192316,15.481313,13.770309,12.059305,10.348301,,,,,,,,,,13.477500,14.071667,14.884167,14.614375,13.477500,14.030459,12.924541,13.753979,13.201021
2025-03-31,12.050000,2025-03-31,2024-12-31,-0.690000,-1.940000,-6.211340,-5.947835,0.729487,14.369209,12.954005,11.538801,10.123597,8.708393,,,,,,,,,,13.395000,14.023333,14.861250,14.607917,13.395000,14.229077,12.560923,13.812038,12.977962
2025-04-01,12.250000,2025-03-31,2024-12-31,-0.690000,-1.940000,-6.314433,-5.957192,0.726902,14.377333,12.967143,11.556952,10.146761,8.736570,,,,,,,,,,13.320000,13.979167,14.827917,14.603333,13.320000,14.279934,12.360066,13.799967,12.840033
2025-04-02,13.050000,2025-03-31,2024-12-31,-0.690000,-1.940000,-6.726804,-5.971182,0.725410,14.398684,12.991389,11.584094,10.176798,8.769503,,,,,,,,,,13.290000,13.947500,14.805000,14.602708,13.290000,14.243994,12.336006,13.766997,12.813003
2025-04-07,11.750000,2025-03-31,2024-12-31,-0.690000,-1.940000,-6.056701,-5.977991,0.722314,14.399880,12.998592,11.597303,10.196015,8.794727,,,,,,,,,,13.192500,13.890833,14.766250,14.596875,13.192500,14.347478,12.037522,13.769989,12.615011
2025-04-08,10.600000,2025-03-31,2024-12-31,-0.690000,-1.940000,-5.463918,-5.979594,0.720945,14.397679,12.999046,11.600413,10.201780,8.803147,,,,,,,,,,13.040000,13.820833,14.717083,14.586458,13.040000,14.654604,11.425396,13.847302,12.232698
2025-04-09,9.990000,2025-03-31,2024-12-31,-0.690000,-1.940000,-5.149485,-5.979908,0.720572,14.396841,12.998931,11.601022,10.203112,8.805203,,,,,,,,,,12.862000,13.738167,14.667000,14.573083,12.862000,14.954177,10.769823,13.908088,11.815912
2025-04-10,10.950000,2025-03-31,2024-12-31,-0.690000,-1.940000,-5.644330,-5.984346,0.716811,14.390857,13.000244,11.609631,10.219018,8.828404,,,,,,,,,,12.739500,13.672333,14.624917,14.564125,12.739500,14.980641,10.498359,13.860071,11.618929
2025-04-11,11.000000,2025-03-31,2024-12-31,-0.690000,-1.940000,-5.670103,-5.989531,0.712216,14.383088,13.001389,11.619689,10.237990,8.856291,,,,,,,,,,12.617000,13.609833,14.584917,14.554750,12.617000,14.960134,10.273866,13.788567,11.445433
2025-04-14,10.900000,2025-03-31,2024-12-31,-0.690000,-1.940000,-5.618557,-5.994153,0.707945,14.375485,13.002070,11.628656,10.255242,8.881828,,,,,,,,,,12.474500,13.544000,14.543667,14.545583,12.474500,14.873495,10.075505,13.673998,11.275002
2025-04-15,11.950000,2025-03-31,2024-12-31,-0.690000,-1.940000,-6.159794,-6.003685,0.702343,14.372237,13.009693,11.647148,10.284603,8.922059,,,,,,,,,,12.392000,13.496500,14.512417,14.542042,12.392000,14.740989,10.043011,13.566495,11.217505
2025-04-16,11.550000,2025-03-31,2024-12-31,-0.690000,-1.940000,-5.953608,-6.011365,0.696643,14.365024,13.013536,11.662048,10.310561,8.959073,,,,,,,,,,12.284500,13.444833,14.477417,14.536000,12.284500,14.577569,9.991431,13.431035,11.137965
2025-04-17,11.250000,2025-03-31,2024-12-31,-0.690000,-1.940000,-5.798969,-6.015893,0.693448,14.361411,13.016122,11.670833,10.325544,8.980255,,,,,,,,,,12.164500,13.394000,14.434083,14.529125,12.164500,14.407332,9.921668,13.285916,11.043084
2025-04-18,11.450000,2025-03-31,2024-12-31,-0.690000,-1.940000,-5.902062,-6.020881,0.690427,14.359366,13.019938,11.680509,10.341081,9.001653,,,,,,,,,,12.067000,13.342333,14.391167,14.524125,12.067000,14.252494,9.881506,13.159747,10.974253
2025-04-21,10.950000,2025-03-31,2024-12-31,-0.690000,-1.940000,-5.644330,-6.023322,0.688556,14.356840,13.021042,11.685244,10.349446,9.013649,,,,,,,,,,11.939500,13.293167,14.342833,14.517042,11.939500,14.069827,9.809173,13.004664,10.874336
2025-04-22,10.950000,2025-03-31,2024-12-31,-0.690000,-1.940000,-5.644330,-6.025763,0.686670,14.354261,13.022120,11.689980,10.357839,9.025698,,,,,,,,,,11.804500,13.244833,14.294500,14.509333,11.804500,13.817390,9.791610,12.810945,10.798055
2025-04-23,11.200000,2025-03-31,2024-12-31,-0.690000,-1.940000,-5.773196,-6.026482,0.686358,14.354443,13.022909,11.691375,10.359841,9.028307,,,,,,,,,,11.699500,13.205667,14.239500,14.501833,11.699500,13.599865,9.799135,12.649683,10.749317
2025-04-24,11.050000,2025-03-31,2024-12-31,-0.690000,-1.940000,-5.695876,-6.025492,0.686751,14.354049,13.021751,11.689454,10.357156,9.024858,,,,,,,,,,11.587000,13.141500,14.179917,14.493708,11.587000,13.349846,9.824154,12.468423,10.705577
2025-04-25,11.100000,2025-03-31,2024-12-31,-0.690000,-1.940000,-5.721649,-6.025781,0.686615,14.354081,13.022048,11.690015,10.357983,9.025950,,,,,,,,,,11.484500,13.080667,14.124083,14.485792,11.484500,13.096644,9.872356,12.290572,10.678428
2025-04-28,11.250000,2025-03-31,2024-12-31,-0.690000,-1.940000,-5.798969,-6.026316,0.686411,14.354328,13.022690,11.691052,10.359415,9.027777,,,,,,,,,,11.397000,13.026500,14.068250,14.479333,11.397000,12.844351,9.949649,12.120676,10.673324
2025-04-29,11.250000,2025-03-31,2024-12-31,-0.690000,-1.940000,-5.798969,-6.027516,0.685882,14.354604,13.023992,11.693381,10.362769,9.032158,,,,,,,,,,11.324500,12.976500,14.014500,14.472250,11.324500,12.635915,10.013085,11.980208,10.668792
2025-04-30,11.150000,2025-03-31,2024-12-31,-0.690000,-1.940000,-5.747423,-6.029485,0.684726,14.353936,13.025568,11.697200,10.368832,9.040464,,,,,,,,,,11.279500,12.922333,13.963667,14.465167,11.279500,12.547129,10.011871,11.913314,10.645686
2025-05-02,11.400000,2025-03-31,2024-12-31,-0.690000,-1.940000,-5.876289,-6.032527,0.683213,14.353969,13.028536,11.703103,10.377669,9.052236,,,,,,,,,,11.237000,12.873167,13.914917,14.459333,11.237000,12.421925,10.052075,11.829462,10.644538
2025-05-05,11.000000,2025-03-31,2024-12-31,-0.690000,-1.940000,-5.670103,-6.033585,0.682547,14.353436,13.029296,11.705155,10.381015,9.056874,,,,,,,,,,11.134500,12.813167,13.862000,14.451417,11.134500,11.958903,10.310097,11.546702,10.722298
2025-05-06,11.000000,2025-03-31,2024-12-31,-0.690000,-1.940000,-5.670103,-6.034643,0.681878,14.352895,13.030051,11.707208,10.384365,9.061521,,,,,,,,,,11.097000,12.752333,13.809083,14.443708,11.097000,11.870158,10.323842,11.483579,10.710421
2025-05-07,11.000000,2025-03-31,2024-12-31,-0.690000,-1.940000,-5.670103,-6.036101,0.680902,14.351933,13.030984,11.710035,10.389086,9.068138,,,,,,,,,,11.117000,12.696500,13.757417,14.436417,11.117000,11.855964,10.378036,11.486482,10.747518
2025-05-08,11.200000,2025-03-31,2024-12-31,-0.690000,-1.940000,-5.773196,-6.036687,0.680643,14.352065,13.031619,11.711172,10.390726,9.070279,,,,,,,,,,11.177500,12.643167,13.702000,14.429542,11.177500,11.692000,10.663000,11.434750,10.920250
2025-05-09,11.200000,2025-03-31,2024-12-31,-0.690000,-1.940000,-5.773196,-6.084797,0.394071,13.333500,12.569003,11.804506,11.040008,10.275511,,,,,,,,,,11.190000,12.592333,13.795333,14.422250,11.190000,11.693253,10.686747,11.441626,10.938374
2025-05-12,11.450000,2025-03-31,2024-12-31,-0.690000,-1.940000,-5.902062,-6.089385,0.388628,13.321284,12.567346,11.813407,11.059469,10.305531,,,,,,,,,,11.212500,12.551500,13.751167,14.417042,11.212500,11.720204,10.704796,11.466352,10.958648
2025-05-13,11.950000,2025-03-31,2024-12-31,-0.690000,-1.940000,-6.159794,-6.095722,0.383447,13.313476,12.569589,11.825701,11.081813,10.337926,,,,,,,,,,11.265000,12.519000,13.709917,14.413917,11.265000,11.848185,10.681815,11.556593,10.973407
2025-05-14,11.800000,2025-03-31,2024-12-31,-0.690000,-1.940000,-6.082474,-6.103278,0.373983,13.291413,12.565887,11.840360,11.114834,10.389308,,,,,,,,,,11.257500,12.480667,13.673250,14.410167,11.257500,11.806446,10.708554,11.531973,10.983027
2025-05-15,11.600000,2025-05-15,2025-03-31,-0.480000,-1.820000,-6.373626,-6.113927,0.363090,12.448993,11.788170,11.127346,10.466523,9.805700,,,,,,,,,,11.260000,12.439833,13.637000,14.404750,11.260000,11.814977,10.705023,11.537489,10.982511
2025-05-16,11.600000,2025-05-15,2025-03-31,-0.480000,-1.820000,-6.373626,-6.125507,0.348622,12.417406,11.782914,11.148422,10.513930,9.879438,,,,,,,,,,11.277500,12.400667,13.603667,14.399542,11.277500,11.852849,10.702151,11.565174,10.989826
2025-05-19,11.700000,2025-05-15,2025-03-31,-0.480000,-1.820000,-6.428571,-6.123762,0.346554,12.406703,11.775975,11.145247,10.514519,9.883791,,,,,,,,,,11.290000,12.364833,13.572833,14.393917,11.290000,11.891402,10.688598,11.590701,10.989299
2025-05-20,11.550000,2025-05-15,2025-03-31,-0.480000,-1.820000,-6.346154,-6.122588,0.345550,12.400910,11.772010,11.143110,10.514209,9.885309,,,,,,,,,,11.320000,12.324833,13.543667,14.382250,11.320000,11.909737,10.730263,11.614868,11.025132
2025-05-21,11.500000,2025-05-15,2025-03-31,-0.480000,-1.820000,-6.318681,-6.120825,0.343989,12.392023,11.765962,11.139902,10.513842,9.887781,,,,,,,,,,11.347500,12.283167,13.513250,14.364542,11.347500,11.915484,10.779516,11.631492,11.063508
2025-05-22,11.200000,2025-05-15,2025-03-31,-0.480000,-1.820000,-6.153846,-6.117150,0.341227,12.375281,11.754247,11.133214,10.512180,9.891146,,,,,,,,,,11.347500,12.236500,13.479083,14.348708,11.347500,11.915484,10.779516,11.631492,11.063508
2025-05-23,11.250000,2025-05-15,2025-03-31,-0.480000,-1.820000,-6.181319,-6.114962,0.339953,12.366660,11.747945,11.129230,10.510515,9.891800,,,,,,,,,,11.357500,12.190667,13.448250,14.334750,11.357500,11.910268,10.804732,11.633884,11.081116
2025-05-26,11.300000,2025-05-15,2025-03-31,-0.480000,-1.820000,-6.208791,-6.112284,0.337915,12.354365,11.739361,11.124356,10.509351,9.894347,,,,,,,,,,11.367500,12.142333,13.416167,14.321417,11.367500,11.907748,10.827252,11.637624,11.097376
2025-05-27,11.050000,2025-05-15,2025-03-31,-0.480000,-1.820000,-6.071429,-6.108281,0.335502,12.338298,11.727685,11.117072,10.506458,9.895845,,,,,,,,,,11.357500,12.094000,13.381583,14.306208,11.357500,11.914064,10.800936,11.635782,11.079218
2025-05-28,10.950000,2025-05-15,2025-03-31,-0.480000,-1.820000,-6.016484,-6.102923,0.331738,12.314846,11.711083,11.107319,10.503556,9.899793,,,,,,,,,,11.342500,12.048167,13.344083,14.289958,11.342500,11.926745,10.758255,11.634622,11.050378
2025-05-29,10.700000,2025-05-15,2025-03-31,-0.480000,-1.820000,-5.879121,-6.096779,0.328964,12.293568,11.694853,11.096138,10.497423,9.898707,,,,,,,,,,11.320000,11.998167,13.305333,14.272667,11.320000,11.966773,10.673227,11.643387,10.996613
2025-06-02,11.750000,2025-05-15,2025-03-31,-0.480000,-1.820000,-6.456044,-6.096700,0.328876,12.293103,11.694549,11.095994,10.497439,9.898884,,,,,,,,,,11.337500,11.964833,13.278250,14.260375,11.337500,12.011744,10.663256,11.674622,11.000378
2025-06-03,11.100000,2025-05-15,2025-03-31,-0.480000,-1.820000,-6.098901,-6.094004,0.327507,12.283212,11.687150,11.091087,10.495025,9.898962,,,,,,,,,,11.342500,11.922333,13.246583,14.245583,11.342500,12.007628,10.677372,11.675064,11.009936
2025-06-04,11.200000,2025-05-15,2025-03-31,-0.480000,-1.820000,-6.153846,-6.092125,0.326502,12.276133,11.681901,11.087668,10.493435,9.899202,,,,,,,,,,11.352500,11.880667,13.216583,14.231417,11.352500,12.001771,10.703229,11.677135,11.027865
2025-06-05,11.200000,2025-05-15,2025-03-31,-0.480000,-1.820000,-6.153846,-6.090246,0.325482,12.269003,11.676626,11.084248,10.491871,9.899493,,,,,,,,,,11.362500,11.839833,13.186583,14.218500,11.362500,11.994852,10.730148,11.678676,11.046324
2025-06-06,10.950000,2025-05-15,2025-03-31,-0.480000,-1.820000,-6.016484,-6.087223,0.324458,12.259772,11.669259,11.078745,10.488232,9.897718,,,,,,,,,,11.350000,11.796500,13.154500,14.205167,11.350000,12.005342,10.694658,11.677671,11.022329
2025-06-09,10.900000,2025-05-15,2025-03-31,-0.480000,-1.820000,-5.989011,-6.083970,0.323460,12.250221,11.661523,11.072826,10.484128,9.895431,,,,,,,,,,11.335000,11.754833,13.122000,14.192042,11.335000,12.017950,10.652050,11.676475,10.993525
2025-06-10,10.850000,2025-05-15,2025-03-31,-0.480000,-1.820000,-5.961538,-6.080668,0.322663,12.241310,11.654063,11.066816,10.479570,9.892323,,,,,,,,,,11.305000,11.711500,13.089500,14.179542,11.305000,12.018701,10.591299,11.661850,10.948150
2025-06-11,10.650000,2025-05-15,2025-03-31,-0.480000,-1.820000,-5.851648,-6.073398,0.317836,12.210506,11.632045,11.053584,10.475123,9.896662,,,,,,,,,,11.240000,11.659833,13.048250,14.165792,11.240000,11.943076,10.536924,11.591538,10.888462
2025-06-12,10.600000,2025-05-15,2025-03-31,-0.480000,-1.820000,-5.824176,-6.066257,0.313668,12.182338,11.611463,11.040588,10.469713,9.898838,,,,,,,,,,11.180000,11.609833,13.007417,14.151625,11.180000,11.886660,10.473340,11.533330,10.826670
2025-06-13,10.150000,2025-05-15,2025-03-31,-0.480000,-1.820000,-5.576923,-6.057595,0.312699,12.163047,11.593935,11.024823,10.455711,9.886598,,,,,,,,,,11.107500,11.550667,12.964083,14.135167,11.107500,11.922023,10.292977,11.514761,10.700239
2025-06-16,10.350000,2025-05-15,2025-03-31,-0.480000,-1.820000,-5.686813,-6.049669,0.309907,12.138460,11.574429,11.010398,10.446367,9.882336,,,,,,,,,,11.045000,11.495667,12.922000,14.118500,11.045000,11.891603,10.198397,11.468302,10.621698
2025-06-17,10.100000,2025-05-15,2025-03-31,-0.480000,-1.820000,-5.549451,-6.036827,0.298119,12.072178,11.529601,10.987025,10.444448,9.901872,,,,,,,,,,10.965000,11.440667,12.869083,14.101208,10.965000,11.852397,10.077603,11.408699,10.521301
2025-06-18,9.810000,2025-05-15,2025-03-31,-0.480000,-1.820000,-5.390110,-6.025710,0.297145,12.048400,11.507596,10.966792,10.425988,9.885184,,,,,,,,,,10.878000,11.379167,12.820833,14.082917,10.878000,11.860041,9.895959,11.369020,10.386980
2025-06-19,9.550000,2025-05-15,2025-03-31,-0.480000,-1.820000,-5.247253,-6.014660,0.301239,12.043191,11.494936,10.946681,10.398426,9.850171,,,,,,,,,,10.780500,11.310833,12.773333,14.062917,10.780500,11.882412,9.678588,11.331456,10.229544
2025-06-20,9.180000,2025-05-15,2025-03-31,-0.480000,-1.820000,-5.043956,-6.002095,0.309968,12.052096,11.487954,10.923813,10.359671,9.795530,,,,,,,,,,10.679500,11.242167,12.723167,14.041583,10.679500,11.973136,9.385864,11.326318,10.032682
2025-06-23,9.400000,2025-05-15,2025-03-31,-0.480000,-1.820000,-5.164835,-5.991256,0.316303,12.055429,11.479758,10.904086,10.328414,9.752742,,,,,,,,,,10.587000,11.177167,12.676500,14.018667,10.587000,11.970331,9.203669,11.278665,9.895335
2025-06-24,9.850000,2025-05-15,2025-03-31,-0.480000,-1.820000,-5.412088,-5.982477,0.317645,12.044338,11.466224,10.888109,10.309994,9.731879,,,,,,,,,,10.514500,11.122167,12.633583,13.999500,10.514500,11.892469,9.136531,11.203485,9.825515
2025-06-25,9.670000,2025-05-15,2025-03-31,-0.480000,-1.820000,-5.313187,-5.973054,0.320599,12.037939,11.454449,10.870959,10.287469,9.703978,,,,,,,,,,10.445500,11.066667,12.589583,13.980208,10.445500,11.848541,9.042459,11.147021,9.743979
2025-06-26,9.950000,2025-05-15,2025-03-31,-0.480000,-1.820000,-5.467033,-5.964195,0.319763,12.018770,11.436802,10.854834,10.272867,9.690899,,,,,,,,,,10.395500,11.020833,12.546250,13.962292,10.395500,11.794108,8.996892,11.094804,9.696196
2025-06-27,9.780000,2025-05-15,2025-03-31,-0.480000,-1.820000,-5.373626,-5.955275,0.321192,12.007740,11.423171,10.838601,10.254031,9.669462,,,,,,,,,,10.349500,10.983000,12.503167,13.943042,10.349500,11.766338,8.932662,11.057919,9.641081
2025-06-30,9.540000,2025-05-15,2025-03-31,-0.480000,-1.820000,-5.241758,-5.945436,0.324825,12.003057,11.411876,10.820694,10.229513,9.638332,,,,,,,,,,10.239000,10.937833,12.458500,13.922792,10.239000,11.535553,8.942447,10.887276,9.590724
2025-07-01,9.750000,2025-05-15,2025-03-31,-0.480000,-1.820000,-5.357143,-5.936380,0.325958,11.990696,11.397454,10.804211,10.210968,9.617725,,,,,,,,,,10.171500,10.882833,12.415167,13.904042,10.171500,11.418953,8.924047,10.795226,9.547774
2025-07-02,9.500000,2025-05-15,2025-03-31,-0.480000,-1.820000,-5.219780,-5.925460,0.327842,11.977682,11.381009,10.784337,10.187664,9.590992,,,,,,,,,,10.086500,10.845333,12.368083,13.884042,10.086500,11.268849,8.904151,10.677674,9.495326
2025-07-03,9.520000,2025-05-15,2025-03-31,-0.480000,-1.820000,-5.230769,-5.915888,0.331229,11.972590,11.369753,10.766917,10.164081,9.561244,,,,,,,,,,10.002500,10.827333,12.324083,13.863708,10.002500,11.086370,8.918630,10.544435,9.460565
2025-07-04,9.500000,2025-05-15,2025-03-31,-0.480000,-1.820000,-5.219780,-5.905687,0.333671,11.962912,11.355631,10.748350,10.141070,9.533789,,,,,,,,,,9.930000,10.819167,12.278667,13.842875,9.930000,10.938365,8.921635,10.434183,9.425817
2025-07-07,9.470000,2025-05-15,2025-03-31,-0.480000,-1.820000,-5.203297,-5.895528,0.336354,11.954189,11.342025,10.729860,10.117696,9.505531,,,,,,,,,,9.858500,10.794500,12.233417,13.815875,9.858500,10.775963,8.941037,10.317231,9.399769
2025-07-08,9.400000,2025-05-15,2025-03-31,-0.480000,-1.820000,-5.164835,-5.885587,0.340185,11.950040,11.330904,10.711768,10.092631,9.473495,,,,,,,,,,9.786000,10.767833,12.188833,13.782125,9.786000,10.596494,8.975506,10.191247,9.380753
2025-07-09,9.480000,2025-05-15,2025-03-31,-0.480000,-1.820000,-5.208791,-5.875653,0.342409,11.940058,11.316873,10.693688,10.070503,9.447318,,,,,,,,,,9.727500,10.744167,12.144083,13.749542,9.727500,10.438167,9.016833,10.082833,9.372167
2025-07-10,9.420000,2025-05-15,2025-03-31,-0.480000,-1.820000,-5.175824,-5.865624,0.345147,11.931771,11.303603,10.675435,10.047267,9.419099,,,,,,,,,,9.668500,10.702000,12.099250,13.722125,9.668500,10.260136,9.076864,9.964318,9.372682
2025-07-11,9.100000,2025-05-15,2025-03-31,-0.480000,-1.820000,-5.000000,-5.854668,0.351579,11.935245,11.295370,10.655496,10.015622,9.375748,,,,,,,,,,9.616000,10.661167,12.053000,13.686708,9.616000,10.214046,9.017954,9.915023,9.316977
2025-07-14,9.080000,2025-05-15,2025-03-31,-0.480000,-1.820000,-4.989011,-5.844878,0.359173,11.945069,11.291374,10.637679,9.983983,9.330288,,,,,,,,,,9.552500,10.625000,12.009500,13.650375,9.552500,10.088916,9.016084,9.820708,9.284292
2025-07-15,9.090000,2025-05-15,2025-03-31,-0.480000,-1.820000,-4.994505,-5.834236,0.365292,11.947973,11.283141,10.618310,9.953479,9.288647,,,,,,,,,,9.502000,10.585667,11.964000,13.615750,9.502000,10.010852,8.993148,9.756426,9.247574
2025-07-16,9.090000,2025-05-15,2025-03-31,-0.480000,-1.820000,-4.994505,-5.825929,0.372943,11.960704,11.281948,10.603191,9.924434,9.245677,,,,,,,,,,9.466000,10.554667,11.923917,13.581333,9.466000,9.984881,8.947119,9.725441,9.206559
2025-07-17,9.080000,2025-05-15,2025-03-31,-0.480000,-1.820000,-4.989011,-5.817756,0.380436,11.973101,11.280708,10.588315,9.895922,9.203529,,,,,,,,,,9.442500,10.523500,11.884167,13.548125,9.442500,9.987289,8.897711,9.714894,9.170106
2025-07-18,9.190000,2025-05-15,2025-03-31,-0.480000,-1.820000,-5.049451,-5.811163,0.386838,11.984407,11.280362,10.576317,9.872272,9.168227,,,,,,,,,,9.443000,10.490000,11.847833,13.517250,9.443000,9.986792,8.899208,9.714896,9.171104
2025-07-21,9.030000,2025-05-15,2025-03-31,-0.480000,-1.820000,-4.961538,-5.798989,0.390411,11.975255,11.264708,10.554161,9.843613,9.133066,,,,,,,,,,9.424500,10.456333,11.798917,13.489250,9.424500,9.998772,8.850228,9.711636,9.137364
2025-07-22,9.080000,2025-05-15,2025-03-31,-0.480000,-1.820000,-4.989011,-5.787583,0.393927,11.967297,11.250349,10.533401,9.816454,9.099506,,,,,,,,,,9.386000,10.422667,11.751667,13.459167,9.386000,9.943151,8.828849,9.664575,9.107425
2025-07-23,9.050000,2025-05-15,2025-03-31,-0.480000,-1.820000,-4.972527,-5.776938,0.398560,11.964784,11.239405,10.514026,9.788647,9.063268,,,,,,,,,,9.355000,10.386000,11.706250,13.432708,9.355000,9.914605,8.795395,9.634803,9.075197
2025-07-24,9.110000,2025-05-15,2025-03-31,-0.480000,-1.820000,-5.005495,-5.767465,0.403285,11.964745,11.230765,10.496786,9.762806,9.028827,,,,,,,,,,9.313000,10.350333,11.663417,13.408167,9.313000,9.806797,8.819203,9.559899,9.066101
2025-07-25,9.150000,2025-05-15,2025-03-31,-0.480000,-1.820000,-5.027473,-5.757636,0.406842,11.959804,11.219351,10.478898,9.738445,8.997992,,,,,,,,,,9.281500,10.317000,11.619667,13.382750,9.281500,9.727973,8.835027,9.504736,9.058264
2025-07-28,9.030000,2025-05-15,2025-03-31,-0.480000,-1.820000,-4.961538,-5.747438,0.411345,11.957631,11.208984,10.460337,9.711690,8.963043,,,,,,,,,,9.256000,10.277500,11.575333,13.357042,9.256000,9.698548,8.813452,9.477274,9.034726
2025-07-29,9.080000,2025-05-15,2025-03-31,-0.480000,-1.820000,-4.989011,-5.736570,0.414025,11.947609,11.194084,10.440558,9.687032,8.933506,,,,,,,,,,9.222500,10.245500,11.529333,13.328833,9.222500,9.604951,8.840049,9.413725,9.031275
2025-07-30,8.980000,2025-05-15,2025-03-31,-0.480000,-1.820000,-4.934066,-5.725065,0.416998,11.937490,11.178554,10.419619,9.660683,8.901748,,,,,,,,,,9.196500,10.211833,11.482083,13.302292,9.196500,9.570118,8.822882,9.383309,9.009691
2025-07-31,9.050000,2025-05-15,2025-03-31,-0.480000,-1.820000,-4.972527,-5.714959,0.420431,11.931595,11.166410,10.401225,9.636039,8.870854,,,,,,,,,,9.173000,10.179333,11.437917,13.282083,9.173000,9.519051,8.826949,9.346026,8.999974
2025-08-01,9.100000,2025-05-15,2025-03-31,-0.480000,-1.820000,-5.000000,-5.704901,0.422992,11.922612,11.152766,10.382920,9.613074,8.843228,,,,,,,,,,9.153000,10.144333,11.393750,13.264792,9.153000,9.463931,8.842069,9.308465,8.997535
2025-08-04,9.030000,2025-05-15,2025-03-31,-0.480000,-1.820000,-4.961538,-5.695062,0.426452,11.917297,11.141155,10.365013,9.588870,8.812728,,,,,,,,,,9.131000,10.108167,11.350250,13.242833,9.131000,9.407893,8.854107,9.269446,8.992554
2025-08-05,9.010000,2025-05-15,2025-03-31,-0.480000,-1.820000,-4.950549,-5.686388,0.430935,11.917832,11.133529,10.349227,9.564924,8.780622,,,,,,,,,,9.111500,10.067500,11.309500,13.220583,9.111500,9.362332,8.860668,9.236916,8.986084
2025-08-06,8.850000,2025-05-15,2025-03-31,-0.480000,-1.820000,-4.862637,-5.676982,0.436505,11.920986,11.126547,10.332107,9.537668,8.743229,,,,,,,,,,9.080000,10.015833,11.267417,13.197250,9.080000,9.291062,8.868938,9.185531,8.974469
2025-08-07,8.690000,2025-05-15,2025-03-31,-0.480000,-1.820000,-4.774725,-5.666125,0.442617,11.923475,11.117911,10.312347,9.506784,8.701220,,,,,,,,,,9.043500,9.964000,11.222333,13.173250,9.043500,9.259422,8.827578,9.151461,8.935539
2025-08-08,8.690000,2025-05-15,2025-03-31,-0.480000,-1.820000,-4.774725,-5.655447,0.448548,11.925627,11.109271,10.292914,9.476558,8.660201,,,,,,,,,,9.023000,9.915500,11.177667,13.150292,9.023000,9.288497,8.757503,9.155748,8.890252
2025-08-11,8.600000,2025-05-15,2025-03-31,-0.480000,-1.820000,-4.725275,-5.644717,0.455275,11.930587,11.101986,10.273385,9.444784,8.616182,,,,,,,,,,8.999000,9.865500,11.133083,13.126542,8.999000,9.323112,8.674888,9.161056,8.836944
2025-08-12,8.590000,2025-05-15,2025-03-31,-0.480000,-1.820000,-4.719780,-5.634300,0.462025,11.936197,11.095311,10.254426,9.413540,8.572655,,,,,,,,,,8.974000,9.813667,11.089250,13.102333,8.974000,9.342633,8.605367,9.158317,8.789683
2025-08-13,8.450000,2025-05-15,2025-03-31,-0.480000,-1.820000,-4.642857,-5.622883,0.469458,11.942475,11.088060,10.233646,9.379232,8.524818,,,,,,,,,,8.942000,9.762000,11.043417,13.077542,8.942000,9.373916,8.510084,9.157958,8.726042
2025-08-14,8.420000,2025-08-14,2025-06-30,-0.500000,-1.590000,-5.295597,-5.616725,0.468860,10.421567,9.676080,8.930593,8.185106,7.439619,,,,,,,,,,8.909000,9.710667,10.996917,13.052417,8.909000,9.394100,8.423900,9.151550,8.666450
2025-08-15,9.260000,2025-08-14,2025-06-30,-0.500000,-1.590000,-5.823899,-5.614970,0.467676,10.415011,9.671407,8.927803,8.184199,7.440595,,,,,,,,,,8.912500,9.678333,10.957417,13.030792,8.912500,9.407055,8.417945,9.159777,8.665223
2025-08-18,10.150000,2025-08-14,2025-06-30,-0.500000,-1.590000,-6.383648,-5.617880,0.471379,10.431415,9.681922,8.932429,8.182937,7.433444,,,,,,,,,,8.968500,9.660000,10.925333,13.013292,8.968500,9.710709,8.226291,9.339605,8.597395
2025-08-19,11.150000,2025-08-14,2025-06-30,-0.500000,-1.590000,-7.012579,-5.625312,0.486173,10.490276,9.717262,8.944247,8.171232,7.398217,,,,,,,,,,9.072000,9.657500,10.899917,12.998083,9.072000,10.298799,7.845201,9.685400,8.458600
2025-08-20,12.250000,2025-08-14,2025-06-30,-0.500000,-1.590000,-7.704403,-5.639408,0.520793,10.622781,9.794720,8.966659,8.138597,7.310536,,,,,,,,,,9.232000,9.677500,10.885750,12.987250,9.232000,11.109071,7.354929,10.170535,8.293465
2025-08-21,11.400000,2025-08-14,2025-06-30,-0.500000,-1.590000,-7.169811,-5.649947,0.538704,10.696494,9.839954,8.983415,8.126876,7.270337,,,,,,,,,,9.346500,9.685000,10.866583,12.973083,9.346500,11.457088,7.235912,10.401794,8.291206
2025-08-22,11.300000,2025-08-14,2025-06-30,-0.500000,-1.590000,-7.106918,-5.659961,0.554429,10.762423,9.880881,8.999338,8.117796,7.236254,,,,,,,,,,9.454000,9.695000,10.846583,12.958500,9.454000,11.734613,7.173387,10.594307,8.313693
2025-08-25,11.200000,2025-08-14,2025-06-30,-0.500000,-1.590000,-7.044025,-5.669272,0.568158,10.820887,9.917515,9.014143,8.110771,7.207399,,,,,,,,,,9.562500,9.685833,10.825333,12.944125,9.562500,11.961578,7.163422,10.762039,8.362961
2025-08-26,11.400000,2025-08-14,2025-06-30,-0.500000,-1.590000,-7.169811,-5.679990,0.584143,10.888760,9.959972,9.031185,8.102397,7.173609,,,,,,,,,,9.678500,9.690833,10.806583,12.930583,9.678500,12.200548,7.156452,10.939524,8.417476
2025-08-27,11.050000,2025-08-14,2025-06-30,-0.500000,-1.590000,-6.949686,-5.688695,0.595204,10.937774,9.991399,9.045024,8.098650,7.152275,,,,,,,,,,9.782000,9.688333,10.784500,12.915583,9.782000,12.352780,7.211220,11.067390,8.496610
2025-08-28,10.700000,2025-08-14,2025-06-30,-0.500000,-1.590000,-6.729560,-5.695744,0.602497,10.972174,10.014204,9.056233,8.098263,7.140292,,,,,,,,,,9.864500,9.680000,10.759917,12.893083,9.864500,12.442263,7.286737,11.153382,8.575618
2025-08-29,10.300000,2025-08-14,2025-06-30,-0.500000,-1.590000,-6.477987,-5.701056,0.606581,10.993607,10.029143,9.064680,8.100216,7.135753,,,,,,,,,,9.924500,9.669167,10.732833,12.871000,9.924500,12.483130,7.365870,11.203815,8.645185
2025-09-01,9.950000,2025-08-14,2025-06-30,-0.500000,-1.590000,-6.257862,-5.705073,0.608673,11.006645,10.038855,9.071066,8.103277,7.135487,,,,,,,,,,9.970500,9.653333,10.704083,12.851000,9.970500,12.494261,7.446739,11.232380,8.708620
2025-09-02,10.050000,2025-08-14,2025-06-30,-0.500000,-1.590000,-6.320755,-5.709434,0.611209,11.021646,10.049823,9.078000,8.106177,7.134355,,,,,,,,,,10.022500,9.640000,10.675750,12.832042,10.022500,12.505460,7.539540,11.263980,8.781020
2025-09-03,10.000000,2025-08-14,2025-06-30,-0.500000,-1.590000,-6.289308,-5.712456,0.613186,11.032735,10.057770,9.082805,8.107839,7.132874,,,,,,,,,,10.080000,9.629167,10.644500,12.812875,10.080000,12.501126,7.658874,11.290563,8.869437
2025-09-04,10.100000,2025-08-14,2025-06-30,-0.500000,-1.590000,-6.352201,-5.716540,0.615817,11.047598,10.068448,9.089299,8.110149,7.131000,,,,,,,,,,10.150500,9.620833,10.615333,12.794542,10.150500,12.481648,7.819352,11.316074,8.984926
2025-09-05,10.100000,2025-08-14,2025-06-30,-0.500000,-1.590000,-6.352201,-5.720265,0.618315,11.061464,10.078343,9.095222,8.112101,7.128980,,,,,,,,,,10.221000,9.620000,10.585333,12.776625,10.221000,12.449182,7.992818,11.335091,9.106909
2025-09-08,10.000000,2025-08-14,2025-06-30,-0.500000,-1.590000,-6.289308,-5.723646,0.620322,11.073220,10.086909,9.100597,8.114286,7.127975,,,,,,,,,,10.291000,9.614167,10.554917,12.758500,10.291000,12.388918,8.193082,11.339959,9.242041
2025-09-09,9.980000,2025-08-14,2025-06-30,-0.500000,-1.590000,-6.276730,-5.727820,0.622358,11.086331,10.096782,9.107234,8.117685,7.128137,,,,,,,,,,10.360500,9.612167,10.526417,12.740083,10.360500,12.307843,8.413157,11.334172,9.386828
2025-09-10,9.940000,2025-08-14,2025-06-30,-0.500000,-1.590000,-6.251572,-5.731425,0.624140,11.097732,10.105349,9.112966,8.120583,7.128200,,,,,,,,,,10.435000,9.614333,10.496750,12.722125,10.435000,12.177865,8.692135,11.306433,9.563567
2025-09-11,9.720000,2025-08-14,2025-06-30,-0.500000,-1.590000,-6.113208,-5.733338,0.624962,11.103387,10.109698,9.116008,8.122318,7.128628,,,,,,,,,,10.500000,9.617167,10.464000,12.703042,10.500000,12.007525,8.992475,11.253762,9.746238
2025-09-12,9.700000,2025-08-14,2025-06-30,-0.500000,-1.590000,-6.100629,-5.736404,0.625861,11.111120,10.116001,9.120882,8.125763,7.130645,,,,,,,,,,10.522000,9.625833,10.434000,12.684083,10.522000,11.964784,9.079216,11.243392,9.800608
2025-09-15,9.560000,2025-08-14,2025-06-30,-0.500000,-1.590000,-6.012579,-5.738736,0.626368,11.116441,10.120515,9.124590,8.128664,7.132739,,,,,,,,,,10.492500,9.628500,10.402833,12.663083,10.492500,11.990384,8.994616,11.241442,9.743558
2025-09-16,9.780000,2025-08-14,2025-06-30,-0.500000,-1.590000,-6.150943,-5.742759,0.627461,11.126312,10.128650,9.130987,8.133325,7.135663,,,,,,,,,,10.424000,9.627333,10.374750,12.643417,10.424000,11.920584,8.927416,11.172292,9.675708
2025-09-17,9.700000,2025-08-14,2025-06-30,-0.500000,-1.590000,-6.100629,-5.746903,0.628174,11.135168,10.136372,9.137575,8.138778,7.139982,,,,,,,,,,10.296500,9.627833,10.347250,12.623625,10.296500,11.553368,9.039632,10.924934,9.668066
2025-09-18,10.650000,2025-08-14,2025-06-30,-0.500000,-1.590000,-6.698113,-5.757102,0.633621,11.168708,10.161250,9.153793,8.146335,7.138877,,,,,,,,,,10.259000,9.639500,10.330167,12.607167,10.259000,11.418199,9.099801,10.838600,9.679400
2025-09-19,10.600000,2025-08-14,2025-06-30,-0.500000,-1.590000,-6.666667,-5.760897,0.637714,11.187757,10.173792,9.159826,8.145860,7.131894,,,,,,,,,,10.224000,9.653167,10.318083,12.589667,10.224000,11.289327,9.158673,10.756664,9.691336
2025-09-22,10.400000,2025-08-14,2025-06-30,-0.500000,-1.590000,-6.540881,-5.762784,0.639698,11.197066,10.179946,9.162826,8.145706,7.128586,,,,,,,,,,10.184000,9.667500,10.302667,12.565292,10.184000,11.150522,9.217478,10.667261,9.700739
2025-09-23,10.250000,2025-08-14,2025-06-30,-0.500000,-1.590000,-6.446541,-5.760448,0.636653,11.183670,10.171391,9.159113,8.146834,7.134555,,,,,,,,,,10.126500,9.675833,10.279333,12.542167,10.126500,10.907438,9.345562,10.516969,9.736031
2025-09-24,9.900000,2025-08-14,2025-06-30,-0.500000,-1.590000,-6.226415,-5.761863,0.637505,11.188627,10.174994,9.161361,8.147729,7.134096,,,,,,,,,,10.069000,9.682500,10.263917,12.515083,10.069000,10.722602,9.415398,10.395801,9.742199
2025-09-25,9.960000,2025-08-14,2025-06-30,-0.500000,-1.590000,-6.264151,-5.768531,0.638547,11.202542,10.187254,9.171965,8.156676,7.141387,,,,,,,,,,10.032000,9.689833,10.258583,12.487833,10.032000,10.615189,9.448811,10.323595,9.740405
2025-09-26,10.300000,2025-08-14,2025-06-30,-0.500000,-1.590000,-6.477987,-5.779602,0.639240,11.222349,10.205958,9.189567,8.173176,7.156785,,,,,,,,,,10.032000,9.703167,10.261167,12.464083,10.032000,10.615189,9.448811,10.323595,9.740405
2025-09-30,9.950000,2025-08-14,2025-06-30,-0.500000,-1.590000,-6.257862,-5.784715,0.640601,11.234807,10.216252,9.197697,8.179141,7.160586,,,,,,,,,,10.032000,9.711167,10.252833,12.438875,10.032000,10.615189,9.448811,10.323595,9.740405
2025-10-01,9.930000,2025-08-14,2025-06-30,-0.500000,-1.590000,-6.245283,-5.789508,0.641887,11.246517,10.225917,9.205318,8.184718,7.164118,,,,,,,,,,10.026000,9.720000,10.243917,12.414417,10.026000,10.610876,9.441124,10.318438,9.733562
2025-10-02,9.930000,2025-08-14,2025-06-30,-0.500000,-1.590000,-6.245283,-5.794731,0.643033,11.258465,10.236044,9.213622,8.191200,7.168778,,,,,,,,,,10.022500,9.727500,10.235833,12.389750,10.022500,10.608867,9.436133,10.315684,9.729316
2025-10-03,9.970000,2025-08-14,2025-06-30,-0.500000,-1.590000,-6.270440,-5.795653,0.643640,11.261861,10.238475,9.215088,8.191701,7.168314,,,,,,,,,,10.016000,9.736667,10.219333,12.365875,10.016000,10.601631,9.430369,10.308816,9.723184
2025-10-07,10.150000,2025-08-14,2025-06-30,-0.500000,-1.590000,-6.383648,-5.799236,0.645720,11.274176,10.247481,9.220786,8.194091,7.167396,,,,,,,,,,10.018500,9.754167,10.207667,12.342542,10.018500,10.606065,9.430935,10.312283,9.724717
2025-10-08,10.050000,2025-08-14,2025-06-30,-0.500000,-1.590000,-6.320755,-5.803585,0.647473,11.286663,10.257181,9.227700,8.198218,7.168736,,,,,,,,,,10.021000,9.770333,10.197667,12.315875,10.021000,10.608659,9.433341,10.314830,9.727170
2025-10-09,10.200000,2025-08-14,2025-06-30,-0.500000,-1.590000,-6.415094,-5.807860,0.649818,11.300919,10.267708,9.234497,8.201286,7.168076,,,,,,,,,,10.032000,9.788833,10.187250,12.289208,10.032000,10.624643,9.439357,10.328321,9.735679
2025-10-13,9.960000,2025-08-14,2025-06-30,-0.500000,-1.590000,-6.264151,-5.813025,0.650970,11.312793,10.277752,9.242710,8.207668,7.172626,,,,,,,,,,10.033000,9.803333,10.179000,12.260917,10.033000,10.625056,9.440944,10.329028,9.736972
2025-10-14,10.000000,2025-08-14,2025-06-30,-0.500000,-1.590000,-6.289308,-5.818400,0.652227,11.325336,10.288296,9.251256,8.214216,7.177175,,,,,,,,,,10.047000,9.818667,10.171083,12.232792,10.047000,10.620855,9.473145,10.333927,9.760073
2025-10-15,10.050000,2025-08-14,2025-06-30,-0.500000,-1.590000,-6.320755,-5.822963,0.653821,11.337662,10.298086,9.258511,8.218935,7.179360,,,,,,,,,,10.064500,9.833000,10.161500,12.200500,10.064500,10.614657,9.514343,10.339578,9.789422
2025-10-16,10.050000,2025-08-14,2025-06-30,-0.500000,-1.590000,-6.320755,-5.828170,0.655287,11.350604,10.308697,9.266791,8.224884,7.182977,,,,,,,,,,10.089000,9.850000,10.153167,12.166542,10.089000,10.585595,9.592405,10.337297,9.840703
2025-10-17,10.000000,2025-08-14,2025-06-30,-0.500000,-1.590000,-6.289308,-5.832901,0.656559,11.362171,10.318242,9.274312,8.230383,7.186453,,,,,,,,,,10.100000,9.865333,10.144000,12.134042,10.100000,10.577141,9.622859,10.338570,9.861430
2025-10-20,9.810000,2025-08-14,2025-06-30,-0.500000,-1.590000,-6.169811,-5.835991,0.657271,11.369347,10.324286,9.279226,8.234165,7.189105,,,,,,,,,,10.105500,9.878000,10.132000,12.100125,10.105500,10.565453,9.645547,10.335477,9.875523
2025-10-21,10.750000,2025-08-14,2025-06-30,-0.500000,-1.590000,-6.761006,-5.844008,0.662660,11.399233,10.345603,9.291973,8.238343,7.184712,,,,,,,,,,10.110500,9.905333,10.127833,12.071167,10.110500,10.596795,9.624205,10.353648,9.867352
2025-10-22,11.800000,2025-08-14,2025-06-30,-0.500000,-1.590000,-7.421384,-5.857958,0.678051,11.470354,10.392253,9.314153,8.236052,7.157951,,,,,,,,,,10.170500,9.949500,10.133250,12.048458,10.170500,11.049027,9.291973,10.609763,9.731237
2025-10-23,12.850000,2025-08-14,2025-06-30,-0.500000,-1.590000,-8.081761,-5.876337,0.707790,11.594147,10.468761,9.343375,8.217989,7.092603,,,,,,,,,,10.293000,10.013167,10.145333,12.030125,10.293000,11.779290,8.806710,11.036145,9.549855
2025-10-27,12.250000,2025-08-14,2025-06-30,-0.500000,-1.590000,-7.704403,-5.893289,0.726913,11.681912,10.526121,9.370330,8.214539,7.058748,,,,,,,,,,10.393000,10.066000,10.155750,12.008875,10.393000,12.117194,8.668806,11.255097,9.530903
2025-10-28,13.450000,2025-08-14,2025-06-30,-0.500000,-1.590000,-8.459119,-5.916531,0.763388,11.834859,10.621072,9.407284,8.193496,6.979709,,,,,,,,,,10.570500,10.140500,10.176167,11.992625,10.570500,12.751427,8.389573,11.660963,9.480037
2025-10-29,14.750000,2025-08-14,2025-06-30,-0.500000,-1.590000,-9.276730,-5.946586,0.822328,12.070073,10.762573,9.455072,8.147571,6.840070,,,,,,,,,,10.810000,10.235500,10.207417,11.982417,10.810000,13.658505,7.961495,12.234252,9.385748
2025-10-30,16.200000,2025-08-14,2025-06-30,-0.500000,-1.590000,-10.188679,-5.983382,0.908750,12.403401,10.958489,9.513577,8.068665,6.623753,,,,,,,,,,11.105000,10.353833,10.249083,11.975542,11.105000,14.821051,7.388949,12.963025,9.246975
2025-10-31,15.500000,2025-08-14,2025-06-30,-0.500000,-1.590000,-9.748428,-6.016509,0.971324,12.655060,11.110654,9.566249,8.021843,6.477438,,,,,,,,,,11.382500,10.461667,10.284917,12.040125,11.382500,15.538277,7.226723,13.460388,9.304612
2025-11-03,14.100000,2025-08-14,2025-06-30,-0.500000,-1.590000,-8.867925,-6.041224,1.005519,12.803097,11.204322,9.605547,8.006771,6.407996,,,,,,,,,,11.591000,10.546500,10.307000,12.029083,11.591000,15.856908,7.325092,13.723954,9.458046
2025-11-04,13.000000,2025-08-14,2025-06-30,-0.500000,-1.590000,-8.176101,-6.058027,1.024190,12.889188,11.260725,9.632263,8.003800,6.375337,,,,,,,,,,11.744500,10.615667,10.315750,12.012833,11.744500,15.979579,7.509421,13.862039,9.626961
2025-11-05,14.300000,2025-08-14,2025-06-30,-0.500000,-1.590000,-8.993711,-6.082287,1.058673,13.037418,11.354127,9.670837,7.987546,6.304255,,,,,,,,,,11.961000,10.709167,10.336583,12.004917,11.961000,16.256402,7.665598,14.108701,9.813299
2025-11-06,15.700000,2025-08-14,2025-06-30,-0.500000,-1.590000,-9.874214,-6.111459,1.113574,13.258385,11.487802,9.717219,7.946636,6.176053,,,,,,,,,,12.238500,10.826000,10.370750,12.003875,12.238500,16.752806,7.724194,14.495653,9.981347
2025-11-07,16.850000,2025-08-14,2025-06-30,-0.500000,-1.590000,-10.597484,-6.146658,1.186311,13.545654,11.659420,9.773185,7.886951,6.000717,,,,,,,,,,12.578500,10.963500,10.414500,12.009083,12.578500,17.411815,7.745185,14.995158,10.161842
2025-11-10,18.450000,2025-08-14,2025-06-30,-0.500000,-1.590000,-11.603774,-6.189784,1.286485,13.932779,11.887268,9.841757,7.796246,5.750735,,,,,,,,,,12.991000,11.127833,10.470750,12.021792,12.991000,18.349291,7.632709,15.670145,10.311855
2025-11-11,16.700000,2025-08-14,2025-06-30,-0.500000,-1.590000,-10.503145,-6.224426,1.345352,14.175057,12.035947,9.896837,7.757727,5.618617,,,,,,,,,,13.328000,11.265333,10.513667,12.028667,13.328000,18.731253,7.924747,16.029626,10.626374
2025-11-12,17.800000,2025-08-14,2025-06-30,-0.500000,-1.590000,-11.194969,-6.265062,1.419806,14.476431,12.218939,9.961448,7.703956,5.446465,,,,,,,,,,13.718000,11.421667,10.566167,12.039708,13.718000,19.234637,8.201363,16.476319,10.959681
2025-11-13,18.000000,2025-08-14,2025-06-30,-0.500000,-1.590000,-11.320755,-6.308119,1.492872,14.777241,12.403575,10.029909,7.656244,5.282578,,,,,,,,,,14.115500,11.567333,10.622833,12.050958,14.115500,19.664882,8.566118,16.890191,11.340809
2025-11-14,17.550000,2025-11-14,2025-09-30,2.590000,0.920000,19.076087,-6.097641,2.756561,-10.681902,-8.145866,-5.609829,-3.073793,-0.537757,,,,,,,,,,14.490500,11.690667,10.675333,12.061792,14.490500,19.894870,9.086130,17.192685,11.788315
2025-11-17,16.700000,2025-11-14,2025-09-30,2.590000,0.920000,18.152174,-5.894633,3.535335,-11.928078,-8.675570,-5.423062,-2.170554,1.081954,,,,,,,,,,14.825500,11.783167,10.720333,12.068250,14.825500,19.876963,9.774037,17.351232,12.299768
2025-11-18,15.800000,2025-11-14,2025-09-30,2.590000,0.920000,17.173913,-5.700921,4.114900,-12.816265,-9.030556,-5.244848,-1.459139,2.326569,,,,,,,,,,15.125000,11.842333,10.759917,12.070750,15.125000,19.602017,10.647983,17.363509,12.886491
2025-11-19,14.750000,2025-11-14,2025-09-30,2.590000,0.920000,16.032609,-5.517179,4.568022,-13.480964,-9.278385,-5.075805,-0.873225,3.329355,,,,,,,,,,15.325000,11.898167,10.791583,12.067833,15.325000,19.309377,11.340623,17.317189,13.332811
2025-11-20,16.200000,2025-11-14,2025-09-30,2.590000,0.920000,17.608696,-5.321447,5.032023,-14.154654,-9.525193,-4.895731,-0.266270,4.363191,,,,,,,,,,15.545000,11.979833,10.837417,12.071375,15.545000,19.180483,11.909517,17.362742,13.727258
2025-11-21,16.650000,2025-11-14,2025-09-30,2.590000,0.920000,18.097826,-5.116832,5.465999,-14.764923,-9.736204,-4.707485,0.321234,5.349953,,,,,,,,,,15.735000,12.070667,10.878250,12.078250,15.735000,19.169055,12.300945,17.452028,14.017972
2025-11-24,16.050000,2025-11-14,2025-09-30,2.590000,0.920000,17.445652,-4.920627,5.840213,-15.272968,-9.899973,-4.526977,0.846019,6.219014,,,,,,,,,,15.925000,12.148167,10.919500,12.083042,15.925000,18.942406,12.907594,17.433703,14.416297
2025-11-25,15.550000,2025-11-14,2025-09-30,2.590000,0.920000,16.902174,-4.728494,6.169283,-15.701694,-10.025954,-4.350214,1.325526,7.001266,,,,,,,,,,16.030000,12.223167,10.955750,12.086167,16.030000,18.822546,13.237454,17.426273,14.633727
2025-11-26,15.250000,2025-11-14,2025-09-30,2.590000,0.920000,16.576087,-4.539077,6.466913,-16.075070,-10.125511,-4.175951,1.773608,7.723168,,,,,,,,,,16.055000,12.299000,10.989500,12.088042,16.055000,18.807970,13.302030,17.431485,14.678515
2025-11-27,16.750000,2025-11-14,2025-09-30,2.590000,0.920000,18.206522,-4.337219,6.790369,-16.484520,-10.237381,-3.990242,2.256898,8.504037,,,,,,,,,,16.082500,12.406500,11.037833,12.096167,16.082500,18.852504,13.312496,17.467502,14.697498
2025-11-28,17.650000,2025-11-14,2025-09-30,2.590000,0.920000,19.184783,-4.127437,7.119779,-16.897636,-10.347439,-3.797242,2.752954,9.303151,,,,,,,,,,16.190000,12.534833,11.094083,12.108042,16.190000,19.030793,13.349207,17.610397,14.769603
2025-12-01,16.800000,2025-11-14,2025-09-30,2.590000,0.920000,18.260870,-3.925584,7.404996,-17.236730,-10.424134,-3.611537,3.201059,10.013656,,,,,,,,,,16.325000,12.647333,11.143667,12.116583,16.325000,18.999342,13.650658,17.662171,14.987829
2025-12-02,16.350000,2025-11-14,2025-09-30,2.590000,0.920000,17.771739,-3.728722,7.662884,-17.530132,-10.480278,-3.430425,3.619429,10.669282,,,,,,,,,,16.492500,12.753167,11.191167,12.119708,16.492500,18.661971,14.323029,17.577236,15.407764
2025-12-03,16.500000,2025-11-14,2025-09-30,2.590000,0.920000,17.934783,-3.530731,7.911203,-17.804886,-10.526579,-3.248273,4.030034,11.308340,,,,,,,,,,16.602500,12.859833,11.240333,12.123875,16.602500,18.511337,14.693663,17.556918,15.648082
2025-12-04,15.850000,2025-11-14,2025-09-30,2.590000,0.920000,17.228261,-3.340688,8.132456,-18.037151,-10.555292,-3.073433,4.408426,11.890285,,,,,,,,,,16.610000,12.955667,11.287833,12.125958,16.610000,18.505035,14.714965,17.557518,15.662482
2025-12-05,16.100000,2025-11-14,2025-09-30,2.590000,0.920000,17.500000,-3.147465,8.348820,-18.257496,-10.576582,-2.895667,4.785247,12.466162,,,,,,,,,,16.572500,13.057333,11.335750,12.128875,16.572500,18.477196,14.667804,17.524848,15.620152
2025-12-08,15.850000,2025-11-14,2025-09-30,2.590000,0.920000,17.228261,-2.957650,8.550252,-18.453502,-10.587270,-2.721038,5.145193,13.011425,,,,,,,,,,16.442500,13.155167,11.383667,12.126375,16.442500,18.152617,14.732383,17.297558,15.587442
2025-12-09,16.000000,2025-11-14,2025-09-30,2.590000,0.920000,17.391304,-2.767805,8.746451,-18.639850,-10.593116,-2.546381,5.500354,13.547089,,,,,,,,,,16.407500,13.256167,11.435250,12.128042,16.407500,18.124068,14.690932,17.265784,15.549216
2025-12-10,16.000000,2025-11-14,2025-09-30,2.590000,0.920000,17.391304,-2.579150,8.934646,-18.812566,-10.592692,-2.372818,5.847056,14.066930,,,,,,,,,,16.317500,13.360833,11.489000,12.131167,16.317500,17.910998,14.724002,17.114249,15.520751
2025-12-11,15.850000,2025-11-14,2025-09-30,2.590000,0.920000,17.228261,-2.393549,9.112575,-18.969203,-10.585634,-2.202065,6.181504,14.565073,,,,,,,,,,16.210000,13.463333,11.544583,12.133875,16.210000,17.603066,14.816934,16.906533,15.513467
2025-12-12,15.550000,2025-11-14,2025-09-30,2.590000,0.920000,16.902174,-2.209657,9.277347,-19.103203,-10.568044,-2.032884,6.502275,15.037434,,,,,,,,,,16.110000,13.563167,11.595833,12.136167,16.110000,17.379729,14.840271,16.744864,15.475136
2025-12-15,15.200000,2025-11-14,2025-09-30,2.590000,0.920000,16.521739,-2.026875,9.428560,-19.213275,-10.539000,-1.864725,6.809550,15.483825,,,,,,,,,,16.035000,13.653500,11.640417,12.137000,16.035000,17.334838,14.735162,16.684919,15.385081
2025-12-16,15.500000,2025-11-14,2025-09-30,2.590000,0.920000,16.847826,-1.842200,9.579474,-19.321057,-10.507940,-1.694824,7.118292,15.931409,,,,,,,,,,16.020000,13.750167,11.689000,12.139292,16.020000,17.338053,14.701947,16.679026,15.360974
2025-12-17,15.100000,2025-11-14,2025-09-30,2.590000,0.920000,16.413043,-1.659866,9.717142,-19.406617,-10.466847,-1.527077,7.412694,16.352464,,,,,,,,,,16.037500,13.824333,11.731917,12.139083,16.037500,17.292333,14.782667,16.664916,15.410084
2025-12-18,15.000000,2025-11-14,2025-09-30,2.590000,0.920000,16.304348,-1.479216,9.848142,-19.481461,-10.421170,-1.360879,7.699412,16.759703,,,,,,,,,,15.977500,13.897667,11.775417,12.139292,15.977500,17.311854,14.643146,16.644677,15.310323
2025-12-19,15.100000,2025-11-14,2025-09-30,2.590000,0.920000,16.413043,-1.298760,9.976187,-19.551042,-10.372950,-1.194859,7.983233,17.161325,,,,,,,,,,15.900000,13.976000,11.821750,12.140125,15.900000,17.249854,14.550146,16.574927,15.225073
2025-12-22,15.400000,2025-11-14,2025-09-30,2.590000,0.920000,16.739130,-1.114624,10.103755,-19.616363,-10.320909,-1.025454,8.270001,17.565455,,,,,,,,,,15.867500,14.061833,11.868833,12.142000,15.867500,17.233352,14.501648,16.550426,15.184574
2025-12-23,14.950000,2025-11-14,2025-09-30,2.590000,0.920000,16.250000,-0.935709,10.219875,-19.665421,-10.263137,-0.860852,8.541432,17.943717,,,,,,,,,,15.837500,14.146000,11.914250,12.141167,15.837500,17.257980,14.417020,16.547740,15.127260
2025-12-24,15.150000,2025-11-14,2025-09-30,2.590000,0.920000,16.467391,-0.754891,10.334551,-19.710074,-10.202287,-0.694500,8.813287,18.321075,,,,,,,,,,15.832500,14.232500,11.961167,12.142625,15.832500,17.262360,14.402640,16.547430,15.117570
2025-12-26,15.150000,2025-11-14,2025-09-30,2.590000,0.920000,16.467391,-0.574165,10.444855,-19.746764,-10.137498,-0.528231,9.081035,18.690301,,,,,,,,,,15.752500,14.313333,12.008250,12.143458,15.752500,17.144762,14.360238,16.448631,15.056369
2025-12-29,14.900000,2025-11-14,2025-09-30,2.590000,0.920000,16.195652,-0.395840,10.547327,-19.771254,-10.067713,-0.364173,9.339368,19.042908,,,,,,,,,,15.615000,14.395833,12.053500,12.143458,15.615000,16.734727,14.495273,16.174864,15.055136
2025-12-30,14.600000,2025-11-14,2025-09-30,2.590000,0.920000,15.869565,-0.220553,10.641767,-19.783761,-9.993335,-0.202909,9.587517,19.377943,,,,,,,,,,15.505000,14.473667,12.096833,12.142833,15.505000,16.565238,14.444762,16.035119,14.974881
2025-12-31,15.200000,2025-11-14,2025-09-30,2.590000,0.920000,16.521739,-0.039466,10.740603,-19.799018,-9.917663,-0.036308,9.845046,19.726401,,,,,,,,,,15.447500,14.561500,12.144500,12.144292,15.447500,16.437170,14.457830,15.942335,14.952665
2026-01-02,15.500000,2025-11-14,2025-09-30,2.590000,0.920000,16.847826,0.144065,10.839804,-19.812700,-9.840080,0.132540,10.105160,20.077780,,,,,,,,,,15.397500,14.653667,12.195167,12.147208,15.397500,16.255573,14.539427,15.826537,14.968463
2026-01-05,15.100000,2025-11-14,2025-09-30,2.590000,0.920000,16.413043,0.322507,10.930283,-19.815014,-9.759154,0.296706,10.352567,20.408427,,,,,,,,,,15.360000,14.736167,12.245167,12.149083,15.360000,16.200175,14.519825,15.780088,14.939912
2026-01-06,15.350000,2025-11-14,2025-09-30,2.590000,0.920000,16.684783,0.503122,11.020476,-19.814804,-9.675966,0.462872,10.601710,20.740548,,,,,,,,,,15.322500,14.824500,12.297417,12.153458,15.322500,16.087164,14.557836,15.704832,14.940168
2026-01-07,15.900000,2025-11-14,2025-09-30,2.590000,0.920000,17.282609,0.688764,11.114321,-19.816688,-9.591512,0.633663,10.858839,21.084014,,,,,,,,,,15.325000,14.919500,12.354167,12.159083,15.325000,16.097215,14.552785,15.711107,14.938893
2026-01-08,15.000000,2025-11-14,2025-09-30,2.590000,0.920000,16.304348,0.866255,11.192590,-19.797411,-9.500228,0.796954,11.094137,21.391320,,,,,,,,,,15.275000,15.003500,12.403417,12.163667,15.275000,15.990615,14.559385,15.632808,14.917192
2026-01-09,14.900000,2025-11-14,2025-09-30,2.590000,0.920000,16.195652,1.042794,11.266288,-19.770600,-9.405615,0.959370,11.324355,21.689341,,,,,,,,,,15.220000,15.085167,12.451917,12.168042,15.220000,15.866773,14.573227,15.543387,14.896613
2026-01-12,15.250000,2025-11-14,2025-09-30,2.590000,0.920000,16.576087,1.223006,11.340732,-19.741780,-9.308307,1.125166,11.558639,21.992112,,,,,,,,,,15.190000,15.171833,12.502417,12.175125,15.190000,15.765463,14.614537,15.477732,14.902268
2026-01-13,14.950000,2025-11-14,2025-09-30,2.590000,0.920000,16.250000,1.399769,11.408630,-19.704092,-9.208152,1.287788,11.783727,22.279667,,,,,,,,,,15.160000,15.253500,12.551750,12.175333,15.160000,15.718758,14.601242,15.439379,14.880621
2026-01-14,15.200000,2025-11-14,2025-09-30,2.590000,0.920000,16.521739,1.579026,11.476196,-19.663497,-9.105397,1.452704,12.010804,22.568904,,,,,,,,,,15.160000,15.340167,12.602750,12.177208,15.160000,15.718758,14.601242,15.439379,14.880621
2026-01-15,15.300000,2025-11-14,2025-09-30,2.590000,0.920000,16.630435,1.759050,11.541812,-19.618609,-9.000141,1.618326,12.236794,22.855261,,,,,,,,,,15.150000,15.431667,12.654833,12.180542,15.150000,15.689981,14.610019,15.419990,14.880010
2026-01-16,15.050000,2025-11-14,2025-09-30,2.590000,0.920000,16.358696,1.937085,11.601212,-19.564111,-8.890996,1.782118,12.455233,23.128348,,,,,,,,,,15.147500,15.503333,12.704333,12.183875,15.147500,15.688916,14.606084,15.418208,14.876792
2026-01-19,15.350000,2025-11-14,2025-09-30,2.590000,0.920000,16.684783,2.118021,11.660840,-19.507366,-8.779393,1.948579,12.676551,23.404524,,,,,,,,,,15.165000,15.562500,12.756000,12.187833,15.165000,15.708962,14.621038,15.436981,14.893019
2026-01-20,15.900000,2025-11-14,2025-09-30,2.590000,0.920000,17.282609,2.303389,11.723985,-19.453015,-8.666949,2.119117,12.905184,23.691250,,,,,,,,,,15.205000,15.613333,12.813250,12.194292,15.205000,15.839035,14.570965,15.522017,14.887983
2026-01-21,17.250000,2025-11-14,2025-09-30,2.590000,0.920000,18.750000,2.501214,11.799937,-19.410768,-8.554826,2.301117,13.157059,24.013001,,,,,,,,,,15.297500,15.696667,12.881333,12.205333,15.297500,16.410332,14.184668,15.853916,14.741084
2026-01-22,17.100000,2025-11-14,2025-09-30,2.590000,0.920000,18.586957,2.697222,11.870534,-19.360339,-8.439447,2.481444,13.402336,24.323228,,,,,,,,,,15.405000,15.757500,12.949000,12.215542,15.405000,16.764528,14.045472,16.084764,14.725236
2026-01-23,16.500000,2025-11-14,2025-09-30,2.590000,0.920000,17.934783,2.888116,11.930198,-19.294498,-8.318715,2.657067,13.632850,24.608632,,,,,,,,,,15.472500,15.786667,13.011083,12.224500,15.472500,16.910508,14.034492,16.191504,14.753496
2026-01-26,16.300000,2025-11-14,2025-09-30,2.590000,0.920000,17.717391,3.077428,11.984097,-19.219504,-8.194135,2.831234,13.856603,24.881972,,,,,,,,,,15.530000,15.788333,13.071083,12.232417,15.530000,17.005198,14.054802,16.267599,14.792401
2026-01-27,15.550000,2025-11-14,2025-09-30,2.590000,0.920000,16.902174,3.259626,12.026974,-19.130778,-8.065961,2.998856,14.063672,25.128489,,,,,,,,,,15.562500,15.789167,13.125417,12.237833,15.562500,17.007592,14.117408,16.285046,14.839954
2026-01-28,15.350000,2025-11-14,2025-09-30,2.590000,0.920000,16.684783,3.439920,12.064969,-19.034816,-7.935045,3.164726,14.264498,25.364269,,,,,,,,,,15.600000,15.810000,13.178250,12.243875,15.600000,16.977259,14.222741,16.288629,14.911371
2026-01-29,14.900000,2025-11-14,2025-09-30,2.590000,0.920000,16.195652,3.615406,12.096299,-18.931017,-7.802422,3.326173,14.454768,25.583364,,,,,,,,,,15.585000,15.841667,13.228667,12.248042,15.585000,16.986916,14.183084,16.285958,14.884042
2026-01-30,16.350000,2025-11-14,2025-09-30,2.590000,0.920000,17.771739,3.803293,12.139907,-18.838400,-7.669685,3.499030,14.667744,25.836459,,,,,,,,,,15.627500,15.875833,13.292500,12.257417,15.627500,17.069529,14.185471,16.348514,14.906486
2026-02-02,15.400000,2025-11-14,2025-09-30,2.590000,0.920000,16.739130,3.982575,12.170981,-18.730636,-7.533334,3.663969,14.861272,26.058575,,,,,,,,,,15.642500,15.870833,13.348417,12.263042,15.642500,17.067567,14.217433,16.355033,14.929967
2026-02-03,15.400000,2025-11-14,2025-09-30,2.590000,0.920000,16.739130,4.161445,12.199623,-18.618777,-7.395124,3.828530,15.052183,26.275836,,,,,,,,,,15.645000,15.846667,13.405083,12.269083,15.645000,17.068080,14.221920,16.356540,14.933460
2026-02-04,15.750000,2025-11-14,2025-09-30,2.590000,0.920000,17.119565,4.343440,12.228884,-18.505182,-7.254609,3.995965,15.246538,26.497111,,,,,,,,,,15.637500,15.801667,13.464750,12.277000,15.637500,17.056497,14.218503,16.346999,14.928001
2026-02-05,15.150000,2025-11-14,2025-09-30,2.590000,0.920000,16.467391,4.519358,12.250347,-18.382829,-7.112510,4.157810,15.428129,26.698449,,,,,,,,,,15.645000,15.775833,13.520583,12.282000,15.645000,17.051339,14.238661,16.348170,14.941830
2026-02-06,14.850000,2025-11-14,2025-09-30,2.590000,0.920000,16.141304,4.697999,12.262314,-18.240498,-6.959170,4.322159,15.603488,26.884817,,,,,,,,,,15.642500,15.726667,13.574167,12.285542,15.642500,17.054581,14.230419,16.348541,14.936459
2026-02-09,14.550000,2025-11-14,2025-09-30,2.590000,0.920000,15.815217,4.878325,12.265391,-18.080259,-6.796100,4.488059,15.772219,27.056378,,,,,,,,,,15.607500,15.669167,13.618250,12.287833,15.607500,17.093319,14.121681,16.350409,14.864591
2026-02-10,14.550000,2025-11-14,2025-09-30,2.590000,0.920000,15.815217,5.063316,12.261511,-17.902930,-6.622340,4.658251,15.938841,27.219431,,,,,,,,,,15.587500,15.619167,13.654917,12.290125,15.587500,17.120600,14.054400,16.354050,14.820950
2026-02-11,14.600000,2025-11-14,2025-09-30,2.590000,0.920000,15.869565,5.254000,12.250055,-17.706421,-6.436371,4.833680,16.103731,27.373782,,,,,,,,,,15.557500,15.584167,13.683667,12.291792,15.557500,17.145042,13.969958,16.351271,14.763729
2026-02-23,15.000000,2025-11-14,2025-09-30,2.590000,0.920000,16.304348,5.454073,12.232683,-17.490389,-6.236321,5.017747,16.271816,27.525884,,,,,,,,,,15.542500,15.570833,13.706583,12.296167,15.542500,17.145876,13.939124,16.344188,14.740812
2026-02-24,14.900000,2025-11-14,2025-09-30,2.590000,0.920000,16.195652,5.648785,12.216002,-17.280561,-6.041839,5.196883,16.435605,27.674327,,,,,,,,,,15.535000,15.573333,13.735750,12.301167,15.535000,17.149441,13.920559,16.342221,14.727779
2026-02-25,14.500000,2025-11-14,2025-09-30,2.590000,0.920000,15.760870,5.839350,12.193690,-17.064187,-5.845992,5.372202,16.590397,27.808592,,,,,,,,,,15.492500,15.545000,13.762417,12.304500,15.492500,17.170931,13.814069,16.331716,14.653284
2026-02-26,14.650000,2025-11-14,2025-09-30,2.590000,0.920000,15.923913,6.030750,12.170002,-16.844513,-5.648112,5.548290,16.744691,27.941093,,,,,,,,,,15.430000,15.511667,13.791167,12.308250,15.430000,17.137383,13.722617,16.283692,14.576308
2026-03-02,15.050000,2025-11-14,2025-09-30,2.590000,0.920000,16.358696,6.226821,12.145049,-16.618214,-5.444770,5.728675,16.902120,28.075564,,,,,,,,,,15.320000,15.495000,13.821583,12.314083,15.320000,16.802317,13.837683,16.061158,14.578842
2026-03-03,14.400000,2025-11-14,2025-09-30,2.590000,0.920000,15.652174,6.415170,12.114205,-16.388182,-5.243113,5.901956,17.047025,28.192094,,,,,,,,,,15.185000,15.475833,13.849500,12.317000,15.185000,16.462374,13.907626,15.823687,14.546313
2026-03-04,13.600000,2025-11-14,2025-09-30,2.590000,0.920000,14.782609,6.594438,12.077166,-16.155104,-5.044111,6.066883,17.177876,28.288869,,,,,,,,,,15.040000,15.448333,13.873667,12.316792,15.040000,16.346905,13.733095,15.693452,14.386548
2026-03-05,13.950000,2025-11-14,2025-09-30,2.590000,0.920000,15.163043,6.774780,12.041848,-15.924203,-4.845703,6.232797,17.311297,28.389797,,,,,,,,,,14.922500,15.401667,13.904083,12.318458,14.922500,16.173805,13.671195,15.548152,14.296848
2026-03-06,14.200000,2025-11-14,2025-09-30,2.590000,0.920000,15.434783,6.955552,12.007333,-15.694386,-4.647639,6.399107,17.445854,28.492601,,,,,,,,,,14.855000,15.344167,13.939500,12.321792,14.855000,16.109424,13.600576,15.482212,14.227788
2026-03-09,13.250000,2025-11-14,2025-09-30,2.590000,0.920000,14.402174,7.128243,11.963728,-15.455276,-4.448646,6.557983,17.564613,28.571243,,,,,,,,,,14.750000,15.285000,13.966167,12.320958,14.750000,16.170526,13.329474,15.460263,14.039737
2026-03-10,13.400000,2025-11-14,2025-09-30,2.590000,0.920000,14.565217,7.302030,11.918567,-15.212296,-4.247214,6.717868,17.682950,28.648032,,,,,,,,,,14.675000,15.235833,13.994500,12.319500,14.675000,16.215506,13.134494,15.445253,13.904747
2026-03-11,13.800000,2025-11-14,2025-09-30,2.590000,0.920000,15.000000,7.479965,11.872303,-14.963470,-4.040951,6.881568,17.804087,28.726606,,,,,,,,,,14.547500,15.190833,14.025333,12.320333,14.547500,15.916893,13.178107,15.232196,13.862804
2026-03-12,13.800000,2025-11-14,2025-09-30,2.590000,0.920000,15.000000,7.657900,11.823158,-14.709343,-3.832037,7.045268,17.922574,28.799880,,,,,,,,,,14.467500,15.156667,14.056167,12.320750,14.467500,15.813948,13.121052,15.140724,13.794276
2026-03-13,14.150000,2025-11-14,2025-09-30,2.590000,0.920000,15.380435,7.838482,11.773728,-14.452257,-3.620427,7.211403,18.043233,28.875063,,,,,,,,,,14.405000,15.124167,14.090750,12.322833,14.405000,15.683527,13.126473,15.044264,13.765736
2026-03-16,13.750000,2025-11-14,2025-09-30,2.590000,0.920000,14.945652,8.015335,11.719187,-14.189195,-3.407544,7.374108,18.155760,28.937411,,,,,,,,,,14.305000,15.089167,14.122167,12.324292,14.305000,15.446052,13.163948,14.875526,13.734474
2026-03-17,14.000000,2025-11-14,2025-09-30,2.590000,0.920000,15.217391,8.194243,11.663296,-13.921761,-3.191529,7.538703,18.268936,28.999168,,,,,,,,,,14.247500,15.055833,14.156000,12.326375,14.247500,15.323298,13.171702,14.785399,13.709601
2026-03-18,14.000000,2025-11-14,2025-09-30,2.590000,0.920000,15.217391,8.371998,11.605814,-13.652459,-2.975111,7.702238,18.379587,29.056935,,,,,,,,,,14.205000,15.022500,14.191667,12.327833,14.205000,15.247214,13.162786,14.726107,13.683893
2026-03-19,13.750000,2025-11-14,2025-09-30,2.590000,0.920000,14.945652,8.547383,11.544128,-13.377602,-2.757005,7.863593,18.484190,29.104788,,,,,,,,,,14.165000,14.987500,14.225417,12.329708,14.165000,15.212855,13.117145,14.688927,13.641073
2026-03-20,13.550000,2025-11-14,2025-09-30,2.590000,0.920000,14.728261,8.720224,11.479388,-13.099468,-2.538431,8.022606,18.583643,29.144680,,,,,,,,,,14.115000,14.954167,14.258667,12.330750,14.115000,15.180784,13.049216,14.647892,13.582108
2026-03-23,13.700000,2025-11-14,2025-09-30,2.590000,0.920000,14.891304,8.895576,11.410826,-12.811989,-2.314030,8.183930,18.681889,29.179849,,,,,,,,,,14.070000,14.929167,14.291333,12.333042,14.070000,15.125512,13.014488,14.597756,13.542244
2026-03-24,13.600000,2025-11-14,2025-09-30,2.590000,0.920000,14.782609,9.069603,11.339217,-12.520124,-2.088045,8.344035,18.776114,29.208194,,,,,,,,,,14.000000,14.897500,14.323833,12.335542,14.000000,14.978721,13.021279,14.489360,13.510640
2026-03-25,13.650000,2025-11-14,2025-09-30,2.590000,0.920000,14.836957,9.249062,11.257692,-12.205016,-1.847940,8.509137,18.866213,29.223290,,,,,,,,,,13.937500,14.873333,14.348833,12.339500,13.937500,14.830086,13.044914,14.383793,13.491207
2026-03-26,13.300000,2025-11-14,2025-09-30,2.590000,0.920000,14.456522,9.425088,11.171553,-11.884577,-1.606748,8.671081,18.948910,29.226739,,,,,,,,,,13.877500,14.845000,14.371333,12.344708,13.877500,14.772207,12.982793,14.324853,13.430147
2026-03-27,13.000000,2025-11-14,2025-09-30,2.590000,0.920000,14.130435,9.597349,11.082311,-11.561891,-1.366165,8.829561,19.025287,29.221013,,,,,,,,,,13.795000,14.810000,14.393000,12.347833,13.795000,14.694064,12.895936,14.244532,13.345468
2026-03-30,13.350000,2025-11-14,2025-09-30,2.590000,0.920000,14.510870,9.771994,10.992118,-11.235262,-1.122514,8.990235,19.102983,29.215732,,,,,,,,,,13.710000,14.775833,14.418833,12.349083,13.710000,14.408570,13.011430,14.059285,13.360715
2026-03-31,12.650000,2026-03-31,2025-12-31,-0.380000,1.230000,10.284553,9.909586,10.893068,-14.608158,-1.209684,12.188790,25.587265,38.985739,,,,,,,,,,13.622500,14.737500,14.441750,12.352833,13.622500,14.391967,12.853033,14.007233,13.237767
2026-04-01,12.500000,2026-03-31,2025-12-31,-0.380000,1.230000,10.162602,10.046475,10.790846,-14.188315,-0.915575,12.357165,25.629905,38.902645,,,,,,,,,,13.567500,14.693333,14.462917,12.360750,13.567500,14.486467,12.648533,14.026983,13.108017
2026-04-02,12.250000,2026-03-31,2025-12-31,-0.380000,1.230000,9.959350,10.183453,10.683112,-13.754809,-0.614581,12.525647,25.665875,38.806104,,,,,,,,,,13.482500,14.645000,14.479167,12.370167,13.482500,14.554279,12.410721,14.018390,12.946610
2026-04-07,12.100000,2026-03-31,2025-12-31,-0.380000,1.230000,9.837398,10.317580,10.575452,-13.324988,-0.317182,12.690624,25.698430,38.706235,,,,,,,,,,13.377500,14.598333,14.497083,12.374958,13.377500,14.559147,12.195853,13.968323,12.786677
2026-04-08,12.500000,2026-03-31,2025-12-31,-0.380000,1.230000,10.162602,10.454313,10.465001,-12.885098,-0.013147,12.858805,25.730756,38.602708,,,,,,,,,,13.340000,14.563333,14.518500,12.381208,13.340000,14.584609,12.095391,13.962305,12.717695
2026-04-09,12.150000,2026-03-31,2025-12-31,-0.380000,1.230000,9.878049,10.588674,10.351683,-12.441071,0.291499,13.024069,25.756639,38.489208,,,,,,,,,,13.277500,14.512500,14.537000,12.386417,13.277500,14.630265,11.924735,13.953883,12.601117
2026-04-10,12.300000,2026-03-31,2025-12-31,-0.380000,1.230000,10.000000,10.724261,10.234902,-11.987019,0.601911,13.190841,25.779771,38.368701,,,,,,,,,,13.202500,14.459167,14.556417,12.387875,13.202500,14.598915,11.806085,13.900707,12.504293
2026-04-13,12.200000,2026-03-31,2025-12-31,-0.380000,1.230000,9.918699,10.860114,10.113386,-11.520989,0.918476,13.357940,25.797404,38.236868,,,,,,,,,,13.122500,14.410833,14.573500,12.390583,13.122500,14.557577,11.687423,13.840039,12.404961
2026-04-14,12.300000,2026-03-31,2025-12-31,-0.380000,1.230000,10.000000,10.996120,9.989375,-11.048634,1.238297,13.525228,25.812159,38.099089,,,,,,,,,,13.030000,14.360000,14.592250,12.394958,13.030000,14.424123,11.635877,13.727062,12.332938
2026-04-15,12.400000,2026-03-31,2025-12-31,-0.380000,1.230000,10.081301,11.133590,9.860431,-10.562345,1.565985,13.694316,25.822646,37.950976,,,,,,,,,,12.962500,14.301667,14.610583,12.398917,12.962500,14.340475,11.584525,13.651488,12.273512
2026-04-16,12.600000,2026-03-31,2025-12-31,-0.380000,1.230000,10.243902,11.271157,9.729960,-10.072179,1.895672,13.863523,25.831374,37.799226,,,,,,,,,,12.892500,14.261667,14.632583,12.405792,12.892500,14.188354,11.596646,13.540427,12.244573
2026-04-17,12.500000,2026-03-31,2025-12-31,-0.380000,1.230000,10.162602,11.408256,9.595424,-9.572587,2.229784,14.032155,25.834526,37.636898,,,,,,,,,,12.817500,14.221667,14.653417,12.412250,12.817500,14.013227,11.621773,13.415364,12.219636
2026-04-20,12.350000,2026-03-31,2025-12-31,-0.380000,1.230000,10.040650,11.544601,9.456627,-9.063444,2.568208,14.199860,25.831511,37.463163,,,,,,,,,,12.747500,14.173333,14.672583,12.417042,12.747500,13.875365,11.619635,13.311432,12.183568
2026-04-21,13.550000,2026-03-31,2025-12-31,-0.380000,1.230000,11.016260,11.689076,9.312733,-8.531758,2.922903,14.377564,25.832225,37.286887,,,,,,,,,,12.747500,14.150000,14.701750,12.427458,12.747500,13.875365,11.619635,13.311432,12.183568
2026-04-22,13.850000,2026-03-31,2025-12-31,-0.380000,1.230000,11.260163,11.835322,9.164650,-7.987594,3.284926,14.557446,25.829966,37.102486,,,,,,,,,,12.755000,14.127500,14.733833,12.438917,12.755000,13.911173,11.598827,13.333087,12.176913
2026-04-23,13.300000,2026-03-31,2025-12-31,-0.380000,1.230000,10.813008,11.976846,9.014164,-7.443324,3.644098,14.731520,25.818942,36.906364,,,,,,,,,,12.740000,14.094167,14.762917,12.447458,12.740000,13.857139,11.622861,13.298570,12.181430
2026-04-24,12.850000,2026-03-31,2025-12-31,-0.380000,1.230000,10.447154,12.120247,8.848932,-6.860470,4.023717,14.907904,25.792091,36.676277,,,,,,,,,,12.700000,14.057500,14.780417,12.454125,12.700000,13.734154,11.665846,13.217077,12.182923
2026-04-27,12.800000,2026-03-31,2025-12-31,-0.380000,1.230000,10.406504,12.268813,8.665852,-6.227356,4.431642,15.090640,25.749638,36.408636,,,,,,,,,,12.675000,14.015000,14.788750,12.461000,12.675000,13.671573,11.678427,13.173287,12.176713
2026-04-28,12.900000,2026-03-31,2025-12-31,-0.380000,1.230000,10.487805,12.423559,8.462818,-5.537554,4.871712,15.280978,25.690243,36.099509,,,,,,,,,,12.670000,13.965000,14.789167,12.467250,12.670000,13.660694,11.679306,13.165347,12.174653
2026-04-29,12.750000,2026-03-31,2025-12-31,-0.380000,1.230000,10.365854,12.574144,8.259994,-4.853388,5.306405,15.466198,25.625990,35.785783,,,,,,,,,,12.640000,13.890000,14.793333,12.474542,12.640000,13.578980,11.701020,13.109490,12.170510
2026-04-30,12.700000,2026-03-31,2025-12-31,-0.380000,1.230000,10.325203,12.730680,8.032911,-4.102225,5.778256,15.658737,25.539218,35.419699,,,,,,,,,,12.642500,13.816667,14.787083,12.481625,12.642500,13.581859,11.703141,13.112179,12.172821
2026-05-04,12.950000,2026-03-31,2025-12-31,-0.380000,1.230000,10.528455,12.895724,7.776309,-3.267980,6.296880,15.861740,25.426600,34.991460,,,,,,,,,,12.665000,13.757500,14.772083,12.489750,12.665000,13.611517,11.718483,13.138259,12.191741
2026-05-05,13.000000,2026-03-31,2025-12-31,-0.380000,1.230000,10.569106,13.068705,7.483865,-2.335800,6.869354,16.074507,25.279661,34.484815,,,,,,,,,,12.702500,13.702500,14.745417,12.497250,12.702500,13.639165,11.765835,13.170833,12.234167
2026-05-06,12.600000,2026-03-31,2025-12-31,-0.380000,1.230000,10.243902,13.235308,7.188347,-1.403904,7.437763,16.279429,25.121095,33.962761,,,,,,,,,,12.727500,13.653333,14.721250,12.503083,12.727500,13.622207,11.832793,13.174853,12.280147
2026-05-07,12.700000,2026-03-31,2025-12-31,-0.380000,1.230000,10.325203,13.395251,6.900160,-0.498235,7.988962,16.476158,24.963355,33.450552,,,,,,,,,,12.737500,13.609167,14.709583,12.508292,12.737500,13.625949,11.849051,13.181725,12.293275
2026-05-08,12.700000,2026-03-31,2025-12-31,-0.380000,1.230000,10.325203,13.549428,6.614920,0.393094,8.529446,16.665797,24.802148,32.938499,,,,,,,,,,12.765000,13.572500,14.707083,12.511417,12.765000,13.609861,11.920139,13.187430,12.342570
2026-05-11,12.300000,2026-03-31,2025-12-31,-0.380000,1.230000,10.000000,13.707709,6.290249,1.386469,9.123475,16.860482,24.597489,32.334496,,,,,,,,,,12.765000,13.505000,14.690417,12.513500,12.765000,13.609861,11.920139,13.187430,12.342570
2026-05-12,13.500000,2026-03-31,2025-12-31,-0.380000,1.230000,10.975610,13.881458,5.909852,2.535957,9.805075,17.074193,24.343311,31.612429,,,,,,,,,,12.830000,13.473333,14.672083,12.521417,12.830000,13.691700,11.968300,13.260850,12.399150
2026-05-13,13.650000,2026-03-31,2025-12-31,-0.380000,1.230000,11.097561,14.062250,5.470198,3.839880,10.568223,17.296567,24.024911,30.753255,,,,,,,,,,12.897500,13.444167,14.645417,12.529958,12.897500,13.795143,11.999857,13.346322,12.448678
2026-05-14,13.150000,2026-03-31,2025-12-31,-0.380000,1.230000,10.691057,14.248040,4.944501,5.361616,11.443353,17.525089,23.606826,29.688563,,,,,,,,,,12.935000,13.400833,14.601250,12.536000,12.935000,13.807444,12.062556,13.371222,12.498778
2026-05-15,13.450000,2026-05-15,2026-03-31,-0.400000,1.310000,10.267176,14.421126,4.404881,7.350887,13.121281,18.891675,24.662069,30.432463,,,,,,,,,,12.977500,13.372500,14.574167,12.543917,12.977500,13.863933,12.091067,13.420716,12.534284
2026-05-18,14.100000,2026-05-15,2026-03-31,-0.400000,1.310000,10.763359,14.604112,3.737310,9.339634,14.235510,19.131387,24.027263,28.923140,,,,,,,,,,13.057500,13.360000,14.543333,12.554750,13.057500,14.045467,12.069533,13.551484,12.563516
2026-05-19,13.400000,2026-05-15,2026-03-31,-0.400000,1.310000,10.229008,14.783693,2.906533,11.751522,15.559080,19.366638,23.174196,26.981754,,,,,,,,,,13.110000,13.340833,14.505000,12.563917,13.110000,14.050101,12.169899,13.580050,12.639950
2026-05-20,13.100000,2026-05-15,2026-03-31,-0.400000,1.310000,10.000000,14.708059,2.911981,11.638166,15.452862,19.267558,23.082253,26.896949,,,,,,,,,,13.087500,13.316667,14.467917,12.571625,13.087500,14.004517,12.170483,13.546009,12.628991
2026-05-21,13.150000,2026-05-15,2026-03-31,-0.400000,1.310000,10.038168,14.640443,2.925509,11.514145,15.346563,19.178980,23.011397,26.843814,,,,,,,,,,13.052500,13.292500,14.438333,12.579333,13.052500,13.897594,12.207406,13.475047,12.629953
2026-05-22,13.150000,2026-05-15,2026-03-31,-0.400000,1.310000,10.038168,14.580978,2.946030,11.382482,15.241782,19.101081,22.960381,26.819680,,,,,,,,,,13.045000,13.261667,14.416250,12.588083,13.045000,13.883482,12.206518,13.464241,12.625759
2026-05-25,13.400000,2026-05-15,2026-03-31,-0.400000,1.310000,10.229008,14.532615,2.969543,11.257524,15.147624,19.037725,22.927826,26.817927,,,,,,,,,,13.072500,13.236667,14.405000,12.598292,13.072500,13.920082,12.224918,13.496291,12.648709
2026-05-26,13.950000,2026-05-15,2026-03-31,-0.400000,1.310000,10.648855,14.474616,2.976916,11.162227,15.061987,18.961747,22.861507,26.761267,,,,,,,,,,13.130000,13.227500,14.386250,12.611833,13.130000,14.052468,12.207532,13.591234,12.668766
2026-05-27,13.500000,2026-05-15,2026-03-31,-0.400000,1.310000,10.305344,14.409679,2.982203,11.063307,14.969993,18.876679,22.783365,26.690051,,,,,,,,,,13.160000,13.208333,14.360000,12.619125,13.160000,14.089969,12.230031,13.624984,12.695016
2026-05-28,14.850000,2026-05-15,2026-03-31,-0.400000,1.310000,11.335878,14.358764,2.982090,10.996904,14.903442,18.809981,22.716519,26.623058,,,,,,,,,,13.265000,13.205000,14.350000,12.634750,13.265000,14.441570,12.088430,13.853285,12.676715
2026-05-29,16.300000,2026-05-15,2026-03-31,-0.400000,1.310000,12.442748,14.321602,2.977912,10.959169,14.860234,18.761299,22.662363,26.563428,,,,,,,,,,13.445000,13.236667,14.356250,12.656000,13.445000,15.211322,11.678678,14.328161,12.561839
2026-06-01,15.750000,2026-05-15,2026-03-31,-0.400000,1.310000,12.022901,14.283659,2.977952,10.909358,14.810476,18.711593,22.612711,26.513828,,,,,,,,,,13.585000,13.272500,14.360417,12.674958,13.585000,15.610911,11.559089,14.597956,12.572044
2026-06-02,17.300000,2026-05-15,2026-03-31,-0.400000,1.310000,13.206107,14.241989,2.957514,10.908319,14.782662,18.657005,22.531348,26.405691,,,,,,,,,,13.800000,13.328333,14.365000,12.701417,13.800000,16.396759,11.203241,15.098380,12.501620
2026-06-03,18.050000,2026-05-15,2026-03-31,-0.400000,1.310000,13.778626,14.196937,2.922557,10.940888,14.769438,18.597988,22.426538,26.255088,,,,,,,,,,14.072500,13.392500,14.368333,12.731208,14.072500,17.223686,10.921314,15.648093,12.496907
2026-06-04,16.650000,2026-05-15,2026-03-31,-0.400000,1.310000,12.709924,14.150680,2.901548,10.935335,14.736363,18.537390,22.338418,26.139445,,,,,,,,,,14.270000,13.449167,14.367083,12.755375,14.270000,17.551431,10.988569,15.910716,12.629284
2026-06-05,16.100000,2026-05-15,2026-03-31,-0.400000,1.310000,12.290076,14.104999,2.887175,10.913150,14.695349,18.477549,22.259748,26.041947,,,,,,,,,,14.440000,13.494167,14.365000,12.778083,14.440000,17.731232,11.148768,16.085616,12.794384
2026-06-08,15.050000,2026-05-15,2026-03-31,-0.400000,1.310000,11.488550,14.051280,2.875264,10.873985,14.640581,18.407177,22.173773,25.940369,,,,,,,,,,14.577500,13.515000,14.352917,12.796625,14.577500,17.718649,11.436351,16.148074,13.006926
2026-06-09,15.250000,2026-05-15,2026-03-31,-0.400000,1.310000,11.641221,14.004722,2.868615,10.830415,14.588300,18.346185,22.104071,25.861956,,,,,,,,,,14.665000,13.539167,14.347917,12.817875,14.665000,17.777132,11.552868,16.221066,13.108934
2026-06-10,15.050000,2026-05-15,2026-03-31,-0.400000,1.310000,11.488550,13.954626,2.859538,10.788570,14.534565,18.280560,22.026556,25.772551,,,,,,,,,,14.735000,13.554167,14.339167,12.837458,14.735000,17.813807,11.656193,16.274404,13.195596
2026-06-11,14.900000,2026-05-15,2026-03-31,-0.400000,1.310000,11.374046,13.905841,2.853150,10.741399,14.479026,18.216652,21.954278,25.691905,,,,,,,,,,14.822500,13.573333,14.331250,12.857458,14.822500,17.809749,11.835251,16.316125,13.328875
2026-06-12,14.700000,2026-05-15,2026-03-31,-0.400000,1.310000,11.221374,13.854425,2.845394,10.694364,14.421830,18.149297,21.876763,25.604230,,,,,,,,,,14.885000,13.585000,14.320417,12.877833,14.885000,17.802840,11.967160,16.343920,13.426080
2026-06-15,15.100000,2026-05-15,2026-03-31,-0.400000,1.310000,11.526718,13.805554,2.834479,10.658941,14.372108,18.085275,21.798442,25.511609,,,,,,,,,,14.935000,13.603333,14.312917,12.900958,14.935000,17.830387,12.039613,16.382693,13.487307
2026-06-16,14.800000,2026-05-15,2026-03-31,-0.400000,1.310000,11.297710,13.756132,2.825989,10.616443,14.318488,18.020533,21.722579,25.424624,,,,,,,,,,15.005000,13.620833,14.304167,12.924375,15.005000,17.810427,12.199573,16.407714,13.602286
2026-06-17,14.750000,2026-05-15,2026-03-31,-0.400000,1.310000,11.259542,13.709110,2.820140,10.570169,14.264552,17.958935,21.653318,25.347701,,,,,,,,,,15.087500,13.640833,14.297500,12.946667,15.087500,17.750477,12.424523,16.418989,13.756011
2026-06-18,16.200000,2026-05-15,2026-03-31,-0.400000,1.310000,12.366412,13.674483,2.810810,10.549251,14.231412,17.913572,21.595733,25.277893,,,,,,,,,,15.240000,13.682500,14.305833,12.973125,15.240000,17.782398,12.697602,16.511199,13.968801
2026-06-22,17.800000,2026-05-15,2026-03-31,-0.400000,1.310000,13.587786,13.647316,2.795594,10.553527,14.215755,17.877983,21.540212,25.202440,,,,,,,,,,15.472500,13.752500,14.325000,13.007000,15.472500,18.060219,12.884781,16.766359,14.178641
2026-06-23,19.550000,2026-05-15,2026-03-31,-0.400000,1.310000,14.923664,13.634904,2.786504,10.561085,14.211405,17.861724,21.512044,25.162364,,,,,,,,,,15.780000,13.850833,14.362083,13.047000,15.780000,18.762299,12.797701,17.271149,14.288851
2026-06-24,21.500000,2026-05-15,2026-03-31,-0.400000,1.310000,16.412214,13.635803,2.787389,10.559942,14.211422,17.862902,21.514382,25.165861,,,,,,,,,,16.157500,13.987500,14.416250,13.095833,16.157500,19.962383,12.352617,18.059941,14.255059
2026-06-25,21.000000,2026-05-15,2026-03-31,-0.400000,1.310000,16.030534,13.632615,2.784404,10.563589,14.211158,17.858726,21.506295,25.153864,,,,,,,,,,16.532500,14.120833,14.465417,13.143583,16.532500,20.696035,12.368965,18.614268,14.450732
2026-06-26,19.850000,2026-05-15,2026-03-31,-0.400000,1.310000,15.152672,13.619395,2.773274,10.575430,14.208419,17.841407,21.474396,25.107385,,,,,,,,,,16.782500,14.229167,14.502500,13.185667,16.782500,21.117580,12.447420,18.950040,14.614960
2026-06-29,19.750000,2026-05-15,2026-03-31,-0.400000,1.310000,15.076336,13.609614,2.765978,10.581731,14.205163,17.828595,21.452027,25.075458,,,,,,,,,,16.955000,14.347500,14.542500,13.228375,16.955000,21.479658,12.430342,19.217329,14.692671
2026-06-30,21.700000,2026-05-15,2026-03-31,-0.400000,1.310000,16.564885,13.610427,2.766839,10.580541,14.205100,17.829659,21.454218,25.078778,,,,,,,,,,17.252500,14.500833,14.597083,13.279125,17.252500,22.205699,12.299301,19.729100,14.775900
2026-07-01,21.000000,2026-05-15,2026-03-31,-0.400000,1.310000,16.030534,13.606786,2.763334,10.584956,14.204923,17.824890,21.444857,25.064824,,,,,,,,,,17.437500,14.646667,14.645833,13.327042,17.437500,22.666858,12.208142,20.052179,14.822821
2026-07-02,23.100000,2026-05-15,2026-03-31,-0.400000,1.310000,17.633588,13.618769,2.777734,10.562924,14.201756,17.840588,21.479420,25.118252,,,,,,,,,,17.690000,14.830000,14.714167,13.383833,17.690000,23.499393,11.880607,20.594697,14.785303
2026-07-03,25.100000,2026-05-15,2026-03-31,-0.400000,1.310000,19.160305,13.646192,2.816120,10.498276,14.187394,17.876512,21.565629,25.254747,,,,,,,,,,18.112500,15.040000,14.801667,13.449250,18.112500,24.770528,11.454472,21.441514,14.783486
2026-07-06,27.600000,2026-05-15,2026-03-31,-0.400000,1.310000,21.068702,13.684083,2.884887,10.367746,14.146947,17.926149,21.705351,25.484553,,,,,,,,,,18.687500,15.297500,14.905000,13.524750,18.687500,26.499965,10.875035,22.593732,14.781268
2026-07-07,25.050000,2026-05-15,2026-03-31,-0.400000,1.310000,19.122137,13.703036,2.913178,10.318451,14.134714,17.950977,21.767240,25.583504,,,,,,,,,,19.187500,15.510000,14.984583,13.589875,19.187500,27.294214,11.080786,23.240857,15.134143
2026-07-08,27.550000,2026-05-15,2026-03-31,-0.400000,1.310000,21.030534,13.741515,2.979025,10.196338,14.098861,18.001385,21.903908,25.806432,,,,,,,,,,19.802500,15.765833,15.088333,13.666750,19.802500,28.496447,11.108553,24.149473,15.455527
2026-07-09,27.950000,2026-05-15,2026-03-31,-0.400000,1.310000,21.335878,13.780274,3.047120,10.068705,14.060432,18.052159,22.043886,26.035613,,,,,,,,,,20.447500,16.026667,15.193333,13.745375,20.447500,29.560849,11.334151,25.004175,15.890825
2026-07-13,26.000000,2026-05-15,2026-03-31,-0.400000,1.310000,19.847328,13.801647,3.080701,10.008720,14.044439,18.080157,22.115876,26.151595,,,,,,,,,,21.002500,16.253333,15.277500,13.815833,21.002500,30.045059,11.959941,25.523779,16.481221
2026-07-14,23.950000,2026-05-15,2026-03-31,-0.400000,1.310000,18.282443,13.818131,3.099440,9.981218,14.041485,18.101752,22.162019,26.222286,,,,,,,,,,21.465000,16.442500,15.352083,13.877750,21.465000,30.086705,12.843295,25.775852,17.154148
2026-07-15,23.350000,2026-05-15,2026-03-31,-0.400000,1.310000,17.824427,13.831704,3.113474,9.962230,14.040881,18.119532,22.198184,26.276835,,,,,,,,,,21.877500,16.623333,15.422500,13.937208,21.877500,29.991456,13.763544,25.934478,17.820522
2026-07-16,22.050000,2026-05-15,2026-03-31,-0.400000,1.310000,16.832061,13.833837,3.115457,9.959829,14.041078,18.122327,22.203576,26.284825,,,,,,,,,,22.240000,16.785000,15.479167,13.990792,22.240000,29.638905,14.841095,25.939452,18.540548
2026-07-17,20.250000,2026-05-15,2026-03-31,-0.400000,1.310000,15.458015,13.827237,3.111132,9.962516,14.038098,18.113681,22.189264,26.264846,,,,,,,,,,22.515000,16.896667,15.523333,14.037542,22.515000,29.106550,15.923450,25.810775,19.219225
2026-07-20,19.950000,2026-05-15,2026-03-31,-0.400000,1.310000,15.229008,13.816465,3.103953,9.967212,14.033390,18.099569,22.165747,26.231926,,,,,,,,,,22.702500,16.998333,15.562917,14.082833,22.702500,28.726616,16.678384,25.714558,19.690442
2026-07-21,19.750000,2026-05-15,2026-03-31,-0.400000,1.310000,15.076336,13.803514,3.095344,9.972803,14.027703,18.082603,22.137503,26.192404,,,,,,,,,,22.800000,17.105833,15.600000,14.127417,22.800000,28.546761,17.053239,25.673381,19.926619
2026-07-22,21.700000,2026-05-15,2026-03-31,-0.400000,1.310000,16.564885,13.805232,3.096831,9.971157,14.028006,18.084854,22.141702,26.198551,,,,,,,,,,22.907500,17.253333,15.655417,14.179875,22.907500,28.475952,17.339048,25.691726,20.123274
2026-07-23,20.150000,2026-05-15,2026-03-31,-0.400000,1.310000,15.381679,13.794373,3.088923,9.977649,14.024139,18.070628,22.117118,26.163608,,,,,,,,,,22.840000,17.375833,15.695417,14.225708,22.840000,28.512055,17.167945,25.676028,20.003972
2026-07-24,19.000000,2026-05-15,2026-03-31,-0.400000,1.310000,14.503817,13.771216,3.072928,9.989222,14.014758,18.040293,22.065829,26.091364,,,,,,,,,,22.740000,17.477500,15.721250,14.267250,22.740000,28.615516,16.864484,25.677758,19.802242
2026-07-27,18.300000,2026-05-15,2026-03-31,-0.400000,1.310000,13.969466,13.731378,3.038636,10.026879,14.007492,17.988106,21.968719,25.949333,,,,,,,,,,22.662500,17.570000,15.730000,14.305667,22.662500,28.736073,16.588927,25.699287,19.625713
2026-07-28,16.750000,2026-05-15,2026-03-31,-0.400000,1.310000,12.786260,13.683039,3.006715,10.047187,13.985984,17.924782,21.863579,25.802376,,,,,,,,,,22.512500,17.637500,15.727083,14.338042,22.512500,29.021512,16.003488,25.767006,19.257994
2026-07-29,16.550000,2026-05-15,2026-03-31,-0.400000,1.310000,12.633588,13.638863,2.982568,10.052581,13.959745,17.866910,21.774075,25.681239,,,,,,,,,,22.255000,17.697500,15.727500,14.369292,22.255000,29.285902,15.224098,25.770451,18.739549
2026-07-30,15.050000,2026-05-15,2026-03-31,-0.400000,1.310000,11.488550,13.586956,2.965142,10.030239,13.914576,17.798912,21.683248,25.567585,,,,,,,,,,21.957500,17.731667,15.717083,14.394083,21.957500,29.681371,14.233629,25.819436,18.095564
2026-07-31,16.550000,2026-05-15,2026-03-31,-0.400000,1.310000,12.633588,13.551384,2.950605,10.021727,13.887020,17.752313,21.617606,25.482899,,,,,,,,,,21.630000,17.797500,15.725417,14.425417,21.630000,29.697700,13.562300,25.663850,17.596150
2026-08-03,16.850000,2026-05-15,2026-03-31,-0.400000,1.310000,12.862595,13.519533,2.937095,10.015397,13.862993,17.710588,21.558183,25.405778,,,,,,,,,,21.217500,17.866667,15.737917,14.458083,21.217500,29.381237,13.053763,25.299369,17.135631
2026-08-04,18.250000,2026-05-15,2026-03-31,-0.400000,1.310000,13.931298,13.500663,2.927015,10.017090,13.851479,17.685868,21.520257,25.354647,,,,,,,,,,20.750000,17.959167,15.765833,14.497250,20.750000,28.431420,13.068580,24.590710,16.909290
2026-08-05,17.650000,2026-05-15,2026-03-31,-0.400000,1.310000,13.473282,13.464842,2.900488,10.039665,13.839304,17.638944,21.438583,25.238223,,,,,,,,,,20.380000,18.048333,15.776667,14.534583,20.380000,27.900526,12.859474,24.140263,16.619737
2026-08-06,17.300000,2026-05-15,2026-03-31,-0.400000,1.310000,13.206107,13.435401,2.884862,10.042037,13.821206,17.600375,21.379544,25.158713,,,,,,,,,,19.867500,18.111667,15.792500,14.570458,19.867500,26.695868,13.039132,23.281684,16.453316
2026-08-07,17.200000,2026-05-15,2026-03-31,-0.400000,1.310000,13.129771,13.405323,2.868899,10.044457,13.802715,17.560973,21.319230,25.077488,,,,,,,,,,19.330000,18.170833,15.807500,14.606292,19.330000,25.088052,13.571948,22.209026,16.450974
2026-08-10,16.950000,2026-05-15,2026-03-31,-0.400000,1.310000,12.938931,13.370484,2.848729,10.051665,13.783499,17.515334,21.247169,24.979003,,,,,,,,,,18.877500,18.234167,15.817500,14.641125,18.877500,23.788655,13.966345,21.333078,16.421922
2026-08-11,17.050000,2026-05-15,2026-03-31,-0.400000,1.310000,13.015267,13.341716,2.834587,10.051029,13.764339,17.477648,21.190958,24.904268,,,,,,,,,,18.532500,18.294167,15.833333,14.676958,18.532500,22.880431,14.184569,20.706465,16.358535
2026-08-12,16.850000,2026-05-15,2026-03-31,-0.400000,1.310000,12.862595,13.314394,2.823154,10.045192,13.743524,17.441856,21.140188,24.838520,,,,,,,,,,18.207500,18.340000,15.850000,14.712083,18.207500,21.971775,14.443225,20.089637,16.325363
2026-08-13,16.850000,2026-05-15,2026-03-31,-0.400000,1.310000,12.862595,13.289789,2.814027,10.036872,13.723247,17.409623,21.095999,24.782374,,,,,,,,,,17.947500,18.397500,15.869167,14.743708,17.947500,21.288864,14.606136,19.618182,16.276818
2026-08-14,16.350000,2026-08-14,2026-06-30,-0.360000,1.450000,11.275862,13.251961,2.810301,11.065469,15.140406,19.215343,23.290280,27.365217,,,,,,,,,,17.752500,18.451667,15.884167,14.769542,17.752500,20.981395,14.523605,19.366948,16.138052
2026-08-17,16.450000,2026-08-14,2026-06-30,-0.360000,1.450000,11.344828,13.214254,2.805235,11.025486,15.093078,19.160669,23.228260,27.295852,,,,,,,,,,17.577500,18.506667,15.899583,14.791625,17.577500,20.681907,14.473093,19.129703,16.025297
2026-08-18,16.150000,2026-08-14,2026-06-30,-0.360000,1.450000,11.137931,13.171201,2.797046,10.986809,15.042525,19.098241,23.153957,27.209673,,,,,,,,,,17.397500,18.556667,15.909167,14.807875,17.397500,20.386863,14.408137,18.892181,15.902819
2026-08-19,17.750000,2026-08-14,2026-06-30,-0.360000,1.450000,12.241379,13.138249,2.784379,10.975762,15.013111,19.050461,23.087810,27.125159,,,,,,,,,,17.200000,18.629167,15.932917,14.834333,17.200000,19.413832,14.986168,18.306916,16.093084
2026-08-20,17.000000,2026-08-14,2026-06-30,-0.360000,1.450000,11.724138,13.104609,2.776802,10.948958,14.975320,19.001683,23.028046,27.054409,,,,,,,,,,17.042500,18.680000,15.953750,14.858083,17.042500,18.766716,15.318284,17.904608,16.180392
2026-08-21,17.100000,2026-08-14,2026-06-30,-0.360000,1.450000,11.793103,13.070186,2.767146,10.927047,14.939408,18.951769,22.964131,26.976492,,,,,,,,,,16.947500,18.740000,15.974167,14.882667,16.947500,18.406582,15.488418,17.677041,16.217959
2026-08-24,17.100000,2026-08-14,2026-06-30,-0.360000,1.450000,11.793103,13.032139,2.752901,10.913189,14.904895,18.896602,22.888308,26.880015,,,,,,,,,,16.887500,18.777500,15.991250,14.906417,16.887500,18.204144,15.570856,17.545822,16.229178
2026-08-25,17.900000,2026-08-14,2026-06-30,-0.360000,1.450000,12.344828,13.004578,2.742988,10.901973,14.879306,18.856638,22.833970,26.811303,,,,,,,,,,16.945000,18.804167,16.020417,14.934958,16.945000,18.334775,15.555225,17.639887,16.250113
2026-08-26,18.200000,2026-08-14,2026-06-30,-0.360000,1.450000,12.551724,12.985987,2.738392,10.888345,14.859013,18.829682,22.800350,26.771018,,,,,,,,,,17.027500,18.845000,16.058750,14.966208,17.027500,18.511263,15.543737,17.769381,16.285619
2026-08-27,17.700000,2026-08-14,2026-06-30,-0.360000,1.450000,12.206897,12.961353,2.731932,10.871359,14.832660,18.793962,22.755263,26.716564,,,,,,,,,,17.160000,18.851667,16.090000,14.997042,17.160000,18.343038,15.976962,17.751519,16.568481
2026-08-28,18.800000,2026-08-14,2026-06-30,-0.360000,1.450000,12.965517,12.940776,2.722428,10.869084,14.816604,18.764125,22.711645,26.659165,,,,,,,,,,17.272500,18.864167,16.128333,15.033917,17.272500,18.626821,15.918179,17.949660,16.595340
2026-08-31,17.400000,2026-08-14,2026-06-30,-0.360000,1.450000,12.000000,12.920757,2.720423,10.845872,14.790485,18.735098,22.679711,26.624324,,,,,,,,,,17.300000,18.876667,16.162917,15.064542,17.300000,18.640463,15.959537,17.970232,16.629768
2026-09-01,17.200000,2026-08-14,2026-06-30,-0.360000,1.450000,11.862069,12.898231,2.717882,10.820578,14.761506,18.702435,22.643364,26.584293,,,,,,,,,,17.247500,18.895000,16.194583,15.094542,17.247500,18.511360,15.983640,17.879430,16.615570
2026-09-02,16.900000,2026-08-14,2026-06-30,-0.360000,1.450000,11.655172,12.870358,2.713294,10.793467,14.727743,18.662019,22.596294,26.530570,,,,,,,,,,17.210000,18.925833,16.220417,15.122875,17.210000,18.468069,15.951931,17.839034,16.580966
2026-09-03,16.300000,2026-08-14,2026-06-30,-0.360000,1.450000,11.241379,12.839036,2.710196,10.757035,14.686818,18.616602,22.546385,26.476169,,,,,,,,,,17.160000,18.943333,16.241250,15.148708,17.160000,18.480925,15.839075,17.820462,16.499538
2026-09-04,16.950000,2026-08-14,2026-06-30,-0.360000,1.450000,11.689655,12.808279,2.702042,10.736082,14.654044,18.572005,22.489966,26.407928,,,,,,,,,,17.147500,18.975000,16.264583,15.177667,17.147500,18.471559,15.823441,17.809529,16.485471
2026-09-07,16.200000,2026-08-14,2026-06-30,-0.360000,1.450000,11.172414,12.776836,2.698913,10.699563,14.612987,18.526412,22.439836,26.353261,,,,,,,,,,17.110000,18.996667,16.285000,15.203583,17.110000,18.498524,15.721476,17.804262,16.415738
2026-09-08,16.300000,2026-08-14,2026-06-30,-0.360000,1.450000,11.241379,12.743702,2.693100,10.668379,14.573374,18.478368,22.383363,26.288357,,,,,,,,,,17.072500,19.023333,16.304167,15.230083,17.072500,18.507577,15.637423,17.790039,16.354961
2026-09-09,16.100000,2026-08-14,2026-06-30,-0.360000,1.450000,11.103448,12.709419,2.687524,10.634837,14.531748,18.428658,22.325569,26.222479,,,,,,,,,,17.035000,19.040000,16.321667,15.256667,17.035000,18.532401,15.537599,17.783701,16.286299
2026-09-10,16.050000,2026-08-14,2026-06-30,-0.360000,1.450000,11.068966,12.677114,2.683715,10.599041,14.490428,18.381815,22.273202,26.164588,,,,,,,,,,16.995000,19.060833,16.340833,15.283125,16.995000,18.554656,15.435344,17.774828,16.215172
2026-09-11,15.900000,2026-08-14,2026-06-30,-0.360000,1.450000,10.965517,12.645757,2.681529,10.559914,14.448131,18.336348,22.224566,26.112783,,,,,,,,,,16.972500,19.080000,16.360417,15.309542,16.972500,18.583474,15.361526,17.777987,16.167013
2026-09-14,15.850000,2026-08-14,2026-06-30,-0.360000,1.450000,10.931034,12.612755,2.678028,10.522213,14.405354,18.288495,22.171636,26.054777,,,,,,,,,,16.942500,19.074167,16.378333,15.334833,16.942500,18.615592,15.269408,17.779046,16.105954
2026-09-15,15.550000,2026-08-14,2026-06-30,-0.360000,1.450000,10.724138,12.578935,2.676021,10.478994,14.359224,18.239455,22.119686,25.999917,,,,,,,,,,16.912500,19.036667,16.394583,15.359208,16.912500,18.665055,15.159945,17.788777,16.036223
2026-09-16,16.200000,2026-08-14,2026-06-30,-0.360000,1.450000,11.172414,12.548397,2.670941,10.449445,14.322310,18.195175,22.068040,25.940905,,,,,,,,,,16.835000,18.980833,16.415833,15.382333,16.835000,18.568600,15.101400,17.701800,15.968200
2026-09-17,16.750000,2026-08-14,2026-06-30,-0.360000,1.450000,11.551724,12.524190,2.666662,10.426755,14.293415,18.160076,22.026736,25.893396,,,,,,,,,,16.822500,18.901667,16.444583,15.407958,16.822500,18.554695,15.090305,17.688598,15.956402
2026-09-18,16.600000,2026-08-14,2026-06-30,-0.360000,1.450000,11.448276,12.501839,2.664326,10.401122,14.264394,18.127666,21.990938,25.854211,,,,,,,,,,16.797500,18.828333,16.474583,15.433792,16.797500,18.527263,15.067737,17.662381,15.932619
2026-09-21,16.500000,2026-08-14,2026-06-30,-0.360000,1.450000,11.379310,12.475742,2.659815,10.376363,14.233095,18.089827,21.946558,25.803290,,,,,,,,,,16.767500,18.772500,16.500833,15.459833,16.767500,18.495984,15.039016,17.631742,15.903258
2026-09-22,16.200000,2026-08-14,2026-06-30,-0.360000,1.450000,11.172414,12.483141,2.654899,10.401348,14.250952,18.100555,21.950158,25.799761,,,,,,,,,,16.682500,18.713333,16.530417,15.486083,16.682500,18.342327,15.022673,17.512414,15.852586
2026-09-23,16.100000,2026-08-14,2026-06-30,-0.360000,1.450000,11.103448,12.490982,2.649372,10.428745,14.270334,18.111923,21.953512,25.795102,,,,,,,,,,16.577500,18.620000,16.560417,15.511667,16.577500,18.092504,15.062496,17.335002,15.819998
2026-09-24,15.900000,2026-08-14,2026-06-30,-0.360000,1.450000,10.965517,12.499366,2.642877,10.459739,14.291910,18.124081,21.956252,25.788423,,,,,,,,,,16.487500,18.535000,16.590833,15.535000,16.487500,17.934048,15.040952,17.210774,15.764226
2026-09-29,15.900000,2026-08-14,2026-06-30,-0.360000,1.450000,10.965517,12.508767,2.635324,10.495274,14.316493,18.137713,21.958932,25.780151,,,,,,,,,,16.342500,18.415000,16.622500,15.559792,16.342500,17.317598,15.367402,16.830049,15.854951
2026-09-30,16.450000,2026-08-14,2026-06-30,-0.360000,1.450000,11.344828,12.518619,2.628681,10.528824,14.340411,18.151998,21.963585,25.775171,,,,,,,,,,16.295000,18.270833,16.655417,15.586958,16.295000,17.136615,15.453385,16.715807,15.874193
2026-10-01,16.300000,2026-08-14,2026-06-30,-0.360000,1.450000,11.241379,12.529980,2.620104,10.570169,14.369320,18.168472,21.967623,25.766774,,,,,,,,,,16.250000,18.082500,16.690000,15.613500,16.250000,16.976201,15.523799,16.613101,15.886899
2026-10-02,16.300000,2026-08-14,2026-06-30,-0.360000,1.450000,11.241379,12.540325,2.612471,10.607306,14.395389,18.183472,21.971554,25.759637,,,,,,,,,,16.220000,17.936667,16.723333,15.639875,16.220000,16.879665,15.560335,16.549832,15.890168
