# chart-version: skill-stock-dynamic-valuation-box@1.21.0; font: noto-sans-cjk-tc-v1; Updated: 2026-10-08 08:20 CST (1.21.0)
date,close,available_date,period_end,eps,ttm_eps,pe,pe_mean,pe_std,price_m2,price_m1,price_mean,price_p1,price_p2,forward_eps,forward_pe,forward_pe_mean,forward_pe_std,forward_price_m2,forward_price_m1,forward_price_mean,forward_price_p1,forward_price_p2,sma20,sma60,sma120,sma240,bband_mid,bband_upper2,bband_lower2,bband_upper1,bband_lower1
2023-10-11,34.669811,2023-08-14,2023-06-30,2.420000,3.660377,9.471649,25.457385,12.824691,-0.702780,46.240428,93.183636,140.126844,187.070052,,,,,,,,,,36.566038,38.905660,32.201651,23.628341,36.566038,38.946295,34.185781,37.756166,35.375909
2023-10-12,33.254717,2023-08-14,2023-06-30,2.420000,3.660377,9.085052,25.337172,12.910415,-1.770373,45.486618,92.743610,140.000602,187.257594,,,,,,,,,,36.507075,38.732704,32.305031,23.687500,36.507075,39.153276,33.860875,37.830176,35.183975
2023-10-13,34.056604,2023-08-14,2023-06-30,2.420000,3.660377,9.304124,25.209032,12.993029,-2.844206,44.715183,92.274572,139.833961,187.393350,,,,,,,,,,36.478774,38.527516,32.406447,23.750000,36.478774,39.220228,33.737319,37.849501,35.108046
2023-10-16,32.924528,2023-08-14,2023-06-30,2.420000,3.660377,8.994845,25.084521,13.076651,-3.912139,43.953338,91.818814,139.684291,187.549768,,,,,,,,,,36.325472,38.507075,32.503931,23.887186,36.325472,39.491850,33.159094,37.908661,34.742283
2023-10-17,32.688679,2023-08-14,2023-06-30,2.420000,3.660377,8.930412,24.965236,13.158606,-4.948740,43.216722,91.382184,139.547647,187.713109,,,,,,,,,,36.162736,38.415094,32.604560,23.943593,36.162736,39.721975,32.603496,37.942356,34.383116
2023-10-18,32.830189,2023-08-14,2023-06-30,2.420000,3.660377,8.969072,24.836077,13.239344,-6.012576,42.448420,90.909416,139.370411,187.831407,,,,,,,,,,35.959906,38.300314,32.697327,24.080385,35.959906,39.796919,32.122892,37.878412,34.041399
2023-10-19,32.264151,2023-08-14,2023-06-30,2.420000,3.660377,8.814433,24.660418,13.311321,-7.182479,41.541978,90.266434,138.990891,187.715347,,,,,,,,,,35.735849,38.131289,32.745283,24.136203,35.735849,39.889996,31.581702,37.812923,33.658776
2023-10-20,31.981132,2023-08-14,2023-06-30,2.420000,3.660377,8.737113,24.493422,13.384747,-8.331280,40.661943,89.655167,138.648390,187.641614,,,,,,,,,,35.514151,37.951258,32.799135,24.189662,35.514151,39.977427,31.050874,37.745789,33.282513
2023-10-23,31.226415,2023-08-14,2023-06-30,2.420000,3.660377,8.530928,24.322935,13.457097,-9.484985,39.773067,89.031120,138.289173,187.547226,,,,,,,,,,35.162736,37.782233,32.845126,24.241156,35.162736,39.820002,30.505470,37.491369,32.834103
2023-10-24,31.084906,2023-08-14,2023-06-30,2.420000,3.660377,8.492268,24.168083,13.531874,-10.599228,38.932538,88.464305,137.996071,187.527838,,,,,,,,,,34.808962,37.601415,32.904088,24.288915,34.808962,39.580982,30.036942,37.194972,32.422952
2023-10-25,31.084906,2023-08-14,2023-06-30,2.420000,3.660377,8.492268,24.010572,13.603828,-11.702536,38.092609,87.887754,137.682899,187.478044,,,,,,,,,,34.478774,37.433176,32.960692,24.418436,34.478774,39.325111,29.632437,36.901942,32.055605
2023-10-26,30.141509,2023-08-14,2023-06-30,2.420000,3.660377,8.234536,23.857562,13.677567,-12.802431,37.262624,87.327680,137.392735,187.457790,,,,,,,,,,34.070755,37.246855,33.015330,24.465016,34.070755,38.935867,29.205643,36.503311,31.638199
2023-10-27,29.858491,2023-08-14,2023-06-30,2.420000,3.660377,8.157216,23.690610,13.746320,-13.916867,36.399852,86.716571,137.033290,187.350010,,,,,,,,,,33.747642,37.076258,33.055818,24.510810,33.747642,38.836781,28.658502,36.292211,31.203072
2023-10-30,32.311321,2023-08-14,2023-06-30,2.420000,3.660377,8.827320,23.528355,13.806261,-14.949592,35.586533,86.122658,136.658783,187.194908,,,,,,,,,,33.547170,36.970912,33.115959,24.566431,33.547170,38.524174,28.570166,36.035672,31.058668
2023-10-31,31.084906,2023-08-14,2023-06-30,2.420000,3.660377,8.492268,23.370401,13.869337,-15.989532,34.777477,85.544485,136.311494,187.078502,,,,,,,,,,33.280660,36.836478,33.172170,24.616942,33.280660,38.181303,28.380018,35.730982,30.830339
2023-11-01,32.169811,2023-08-14,2023-06-30,2.420000,3.660377,8.788660,23.213586,13.927301,-16.987871,33.991307,84.970485,135.949664,186.928842,,,,,,,,,,32.992925,36.717767,33.236242,24.750983,32.992925,37.396035,28.589814,35.194480,30.791370
2023-11-02,32.075472,2023-08-14,2023-06-30,2.420000,3.660377,8.762887,23.057887,13.983901,-17.972145,33.214211,84.400567,135.586923,186.773279,,,,,,,,,,32.707547,36.592767,33.300708,24.884631,32.707547,36.501114,28.913980,34.604331,30.810764
2023-11-03,31.084906,2023-08-14,2023-06-30,2.420000,3.660377,8.492268,22.905252,14.042458,-18.959526,32.441169,83.841864,135.242559,186.643254,,,,,,,,,,32.426887,36.476415,33.361635,25.014151,32.426887,35.782664,29.071109,34.104776,30.748998
2023-11-06,32.405660,2023-08-14,2023-06-30,2.420000,3.660377,8.853093,22.758283,14.096817,-19.895437,31.704232,83.303902,134.903572,186.503242,,,,,,,,,,32.252358,36.393082,33.435928,25.149175,32.252358,35.184784,29.319933,33.718571,30.786145
2023-11-07,32.500000,2023-08-14,2023-06-30,2.420000,3.660377,8.878866,22.612415,14.149459,-20.814748,30.977612,82.769972,134.562332,186.354692,,,,,,,,,,32.084906,36.259434,33.511792,25.205385,32.084906,34.487102,29.682709,33.286004,30.883807
2023-11-08,31.179245,2023-08-14,2023-06-30,2.420000,3.660377,8.518041,22.461767,14.202828,-21.756873,30.230836,82.218545,134.206254,186.193963,,,,,,,,,,31.910377,36.044811,33.575079,25.335299,31.910377,34.009971,29.810784,32.960174,30.860581
2023-11-09,32.735849,2023-08-14,2023-06-30,2.420000,3.660377,8.943299,22.313334,14.250575,-22.649742,29.512740,81.675222,133.837705,186.000187,,,,,,,,,,31.884434,35.843553,33.650157,25.471698,31.884434,33.926109,29.842758,32.905272,30.863596
2023-11-10,31.650943,2023-08-14,2023-06-30,2.420000,3.660377,8.646907,22.165977,14.300033,-23.551193,28.792323,81.135839,133.479355,185.822871,,,,,,,,,,31.764151,35.637579,33.719340,25.603577,31.764151,33.532107,29.996195,32.648129,30.880173
2023-11-13,33.820755,2023-08-14,2023-06-30,2.420000,3.660377,9.239691,22.025332,14.343776,-24.386240,28.117394,80.621027,133.124661,185.628295,,,,,,,,,,31.808962,35.479560,33.808176,25.744497,31.808962,33.738778,29.879146,32.773870,30.844054
2023-11-14,33.867925,2023-08-14,2023-06-30,2.420000,3.660377,9.252577,21.888785,14.387021,-25.202640,27.459286,80.121211,132.783137,185.445063,,,,,,,,,,31.867925,35.332547,33.900943,25.808962,31.867925,33.974845,29.761004,32.921385,30.814464
2023-11-15,33.820755,2023-08-14,2023-06-30,2.420000,3.660377,9.239691,21.754789,14.429619,-26.004967,26.812885,79.630737,132.448589,185.266441,,,,,,,,,,31.917453,35.186321,33.995676,25.949882,31.917453,34.161712,29.673193,33.039583,30.795323
2023-11-16,34.009434,2023-08-14,2023-06-30,2.420000,3.660377,9.291237,21.622996,14.470915,-26.789694,26.179316,79.148326,132.117335,185.086345,,,,,,,,,,32.004717,35.069969,34.093553,26.091588,32.004717,34.433848,29.575586,33.219282,30.790152
2023-11-17,34.009434,2023-08-14,2023-06-30,2.420000,3.660377,9.291237,21.489430,14.510428,-27.567857,25.545783,78.659424,131.773064,184.886705,,,,,,,,,,32.106132,34.961478,34.189858,26.233294,32.106132,34.695212,29.517052,33.400672,30.811592
2023-11-20,33.726415,2023-08-14,2023-06-30,2.420000,3.660377,9.213918,21.356107,14.549377,-28.341012,24.915198,78.171409,131.427619,184.683830,,,,,,,,,,32.231132,34.871855,34.284591,26.298349,32.231132,34.882041,29.580223,33.556587,30.905678
2023-11-21,34.009434,2023-08-14,2023-06-30,2.420000,3.660377,9.291237,21.219881,14.585430,-29.103583,24.284594,77.672772,131.060950,184.449127,,,,,,,,,,32.377358,34.801887,34.378538,26.363404,32.377358,35.084100,29.670617,33.730729,31.023988
2023-11-22,34.103774,2023-08-14,2023-06-30,2.420000,3.660377,9.317010,21.084757,14.620215,-29.852840,23.662663,77.178166,130.693670,184.209173,,,,,,,,,,32.528302,34.720912,34.474057,26.505503,32.528302,35.268069,29.788535,33.898185,31.158418
2023-11-23,34.056604,2023-08-14,2023-06-30,2.420000,3.660377,9.304124,20.951742,14.654425,-30.590171,23.050554,76.691280,130.332006,183.972732,,,,,,,,,,32.724057,34.643082,34.571148,26.647406,32.724057,35.300368,30.147745,34.012213,31.435901
2023-11-24,35.330189,2023-08-14,2023-06-30,2.420000,3.660377,9.652062,20.818966,14.684242,-31.294460,22.455406,76.205272,129.955139,183.705005,,,,,,,,,,32.997642,34.597484,34.676494,26.715998,32.997642,35.451899,30.543384,34.224770,31.770513
2023-11-27,35.707547,2023-08-14,2023-06-30,2.420000,3.660377,9.755155,20.691039,14.713416,-31.976301,21.880355,75.737012,129.593668,183.450324,,,,,,,,,,33.167453,34.566824,34.788522,26.786360,33.167453,35.878323,30.456583,34.522888,31.812018
2023-11-28,37.924528,2023-08-14,2023-06-30,2.420000,3.660377,10.360825,20.566387,14.737222,-32.606851,21.336942,75.280736,129.224529,183.168322,,,,,,,,,,33.509434,34.563679,34.917453,26.944379,33.509434,36.781666,30.237202,35.145550,31.873318
2023-11-29,37.594340,2023-08-14,2023-06-30,2.420000,3.660377,10.270619,20.430344,14.756434,-33.245464,20.768652,74.782768,128.796884,182.811000,,,,,,,,,,33.780660,34.557390,35.034198,27.022013,33.780660,37.459368,30.101953,35.620014,31.941307
2023-11-30,37.735849,2023-08-14,2023-06-30,2.420000,3.660377,10.309278,20.281325,14.767687,-33.873308,20.181998,74.237304,128.292610,182.347917,,,,,,,,,,34.063679,34.555031,35.140330,27.102201,34.063679,38.048257,30.079102,36.055968,32.071391
2023-12-01,38.066038,2023-08-14,2023-06-30,2.420000,3.660377,10.399485,20.129956,14.775168,-34.482147,19.600544,73.683235,127.765925,181.848616,,,,,,,,,,34.412736,34.568396,35.246462,27.181997,34.412736,38.519830,30.305642,36.466283,32.359189
2023-12-04,38.537736,2023-08-14,2023-06-30,2.420000,3.660377,10.528351,19.994288,14.788067,-35.073173,19.056733,73.186639,127.316544,181.446450,,,,,,,,,,34.719340,34.584119,35.369497,27.342571,34.719340,39.101870,30.336810,36.910605,32.528075
2023-12-05,37.924528,2023-08-14,2023-06-30,2.420000,3.660377,10.360825,19.831071,14.785383,-35.650958,18.469123,72.589204,126.709286,180.829367,,,,,,,,,,34.990566,34.586478,35.464230,27.500590,34.990566,39.465236,30.515896,37.227901,32.753231
2023-12-06,39.811321,2023-08-14,2023-06-30,2.420000,3.660377,10.876289,19.676140,14.780959,-36.185681,17.918207,72.022096,126.125985,180.229874,,,,,,,,,,35.422170,34.632862,35.578223,27.590998,35.422170,40.012676,30.831663,37.717423,33.126917
2023-12-07,38.301887,2023-08-14,2023-06-30,2.420000,3.660377,10.463918,19.511123,14.772273,-36.726119,17.345977,71.418072,125.490167,179.562262,,,,,,,,,,35.700472,34.697327,35.673742,27.674725,35.700472,40.280129,31.120815,37.990300,33.410643
2023-12-08,39.764151,2023-08-14,2023-06-30,2.420000,3.660377,10.863402,19.351208,14.761057,-37.229352,16.801685,70.832723,124.863760,178.894798,,,,,,,,,,36.106132,34.783019,35.783019,27.763758,36.106132,40.612188,31.600076,38.359160,33.853104
2023-12-11,38.679245,2023-08-14,2023-06-30,2.420000,3.660377,10.567010,19.199461,14.756946,-37.754709,16.261282,70.277273,124.293264,178.309256,,,,,,,,,,36.349057,34.827830,35.892689,27.924921,36.349057,40.860196,31.837917,38.604626,34.093487
2023-12-12,37.594340,2023-08-14,2023-06-30,2.420000,3.660377,10.270619,19.032390,14.743480,-38.267672,15.699029,69.665730,123.632431,177.599132,,,,,,,,,,36.535377,34.855346,35.981918,28.006486,36.535377,40.921113,32.149642,38.728245,34.342510
2023-12-13,37.594340,2023-08-14,2023-06-30,2.420000,3.660377,10.270619,18.870195,14.731816,-38.775975,15.148029,69.072034,122.996039,176.920044,,,,,,,,,,36.724057,34.867138,36.075472,28.163129,36.724057,40.939440,32.508673,38.831748,34.616365
2023-12-14,37.500000,2023-08-14,2023-06-30,2.420000,3.660377,10.244845,18.712661,14.722049,-39.281107,14.607147,68.495400,122.383654,176.271907,,,,,,,,,,36.898585,34.879717,36.172563,28.244104,36.898585,40.925563,32.871607,38.912074,34.885096
2023-12-15,36.273585,2023-08-14,2023-06-30,2.420000,3.660377,9.909794,18.551891,14.711873,-39.795094,14.055915,67.906923,121.757932,175.608940,,,,,,,,,,37.011792,34.877358,36.259041,28.319772,37.011792,40.818041,33.205544,38.914917,35.108668
2023-12-18,37.830189,2023-08-14,2023-06-30,2.420000,3.660377,10.335052,18.393779,14.697247,-40.266766,13.530703,67.328173,121.125643,174.923112,,,,,,,,,,37.216981,34.870283,36.357704,28.477398,37.216981,40.706809,33.727153,38.961895,35.472067
2023-12-19,36.179245,2023-08-14,2023-06-30,2.420000,3.660377,9.884021,18.230579,14.681967,-40.752282,12.989258,66.730798,120.472337,174.213877,,,,,,,,,,37.325472,34.837264,36.441431,28.553066,37.325472,40.517663,34.133281,38.921567,35.729376
2023-12-20,36.179245,2023-08-14,2023-06-30,2.420000,3.660377,9.884021,18.063389,14.661646,-41.215493,12.451663,66.118819,119.785976,173.453132,,,,,,,,,,37.429245,34.812107,36.521619,28.628734,37.429245,40.299126,34.559365,38.864186,35.994305
2023-12-21,36.132075,2023-08-14,2023-06-30,2.420000,3.660377,9.871134,17.897421,14.640527,-41.668390,11.921463,65.511316,119.101169,172.691022,,,,,,,,,,37.533019,34.775943,36.602594,28.779285,37.533019,40.013026,35.053011,38.773023,36.293015
2023-12-22,36.273585,2023-08-14,2023-06-30,2.420000,3.660377,9.909794,17.725127,14.611588,-42.087196,11.396729,64.880654,118.364578,171.848503,,,,,,,,,,37.580189,34.775157,36.678852,28.930425,37.580189,39.915447,35.244931,38.747818,36.412560
2023-12-25,37.688679,2023-08-14,2023-06-30,2.420000,3.660377,10.296392,17.532562,14.555377,-42.380556,10.897618,64.175791,117.453965,170.732138,,,,,,,,,,37.679245,34.797956,36.746069,29.087461,37.679245,39.841726,35.516765,38.760486,36.598005
2023-12-26,36.273585,2023-08-14,2023-06-30,2.420000,3.660377,9.909794,17.346526,14.508485,-42.718232,10.388300,63.494831,116.601363,169.707895,,,,,,,,,,37.596698,34.795597,36.810142,29.160967,37.596698,39.844128,35.349268,38.720413,36.472983
2023-12-27,37.075472,2023-08-14,2023-06-30,2.420000,3.660377,10.128866,17.158770,14.454338,-43.009086,9.899244,62.807574,115.715904,168.624233,,,,,,,,,,37.570755,34.781447,36.877752,29.237814,37.570755,39.830246,35.311263,38.700500,36.441009
2023-12-28,36.839623,2023-08-14,2023-06-30,2.420000,3.660377,10.064433,16.967375,14.394325,-43.270328,9.418333,62.106994,114.795654,167.484315,,,,,,,,,,37.525943,34.765723,36.940645,29.313679,37.525943,39.807093,35.244793,38.666518,36.385368
2023-12-29,36.792453,2023-08-14,2023-06-30,2.420000,3.660377,10.051546,16.758584,14.310473,-43.420722,8.961010,61.342742,113.724475,166.106207,,,,,,,,,,37.462264,34.767296,36.987814,29.389741,37.462264,39.751025,35.173503,38.606644,36.317884
2024-01-02,37.971698,2023-08-14,2023-06-30,2.420000,3.660377,10.373711,16.520120,14.174691,-43.299564,8.585156,60.469875,112.354594,164.239313,,,,,,,,,,37.433962,34.801887,37.016116,29.469536,37.433962,39.680334,35.187590,38.557148,36.310776
2024-01-03,37.877358,2023-08-14,2023-06-30,2.420000,3.660377,10.347938,16.167523,13.789175,-41.767930,8.705653,59.179237,109.652820,160.126404,,,,,,,,,,37.431604,34.835692,36.942610,29.549725,37.431604,39.675905,35.187303,38.553754,36.309453
2024-01-04,37.877358,2023-08-14,2023-06-30,2.420000,3.660377,10.347938,15.846841,13.466898,-40.582437,8.711491,58.005420,107.299348,156.593276,,,,,,,,,,37.334906,34.889151,36.897406,29.632075,37.334906,39.296315,35.373496,38.315610,36.354201
2024-01-05,36.839623,2023-08-14,2023-06-30,2.420000,3.660377,10.064433,15.520694,13.121802,-39.249895,8.780851,56.811597,104.842343,152.873089,,,,,,,,,,37.261792,34.948899,36.840802,29.785574,37.261792,39.179971,35.343614,38.220882,36.302703
2024-01-08,37.122642,2023-08-14,2023-06-30,2.420000,3.660377,10.141753,15.169482,12.686250,-37.346899,9.089564,55.526027,101.962490,148.398953,,,,,,,,,,37.129717,35.000000,36.763758,29.865173,37.129717,38.643574,35.615860,37.886646,36.372788
2024-01-09,37.216981,2023-08-14,2023-06-30,2.420000,3.660377,10.167526,14.933289,12.510664,-36.926027,8.867723,54.661473,100.455223,146.248973,,,,,,,,,,37.056604,35.071541,36.789308,29.944182,37.056604,38.385279,35.727928,37.720941,36.392266
2024-01-10,37.122642,2023-08-14,2023-06-30,2.420000,3.660377,10.141753,14.658761,12.246378,-35.996130,8.830234,53.656597,98.482961,143.309324,,,,,,,,,,37.033019,35.145440,36.780267,30.098860,37.033019,38.338039,35.727998,37.685529,36.380509
2024-01-11,35.990566,2023-08-14,2023-06-30,2.420000,3.660377,9.832474,14.367471,11.935493,-34.786453,8.901957,52.590367,96.278777,139.967187,,,,,,,,,,36.952830,35.198113,36.749214,30.170991,36.952830,38.308725,35.596935,37.630778,36.274883
2024-01-12,36.556604,2023-08-14,2023-06-30,2.420000,3.660377,9.987113,14.052204,11.537484,-33.026717,9.204827,51.436371,93.667915,135.899459,,,,,,,,,,36.905660,35.269654,36.700472,30.246659,36.905660,38.246967,35.564353,37.576314,36.235007
2024-01-15,37.264151,2023-08-14,2023-06-30,2.420000,3.660377,10.180412,13.735002,11.104659,-31.019195,9.628048,50.275291,90.922534,131.569777,,,,,,,,,,36.955189,35.357704,36.654481,30.325472,36.955189,38.271138,35.639239,37.613163,36.297214
2024-01-16,35.896226,2023-08-14,2023-06-30,2.420000,3.660377,9.806701,13.427984,10.688521,-29.096557,10.027465,49.151487,88.275509,127.399531,,,,,,,,,,36.858491,35.435535,36.608884,30.397602,36.858491,38.187871,35.529110,37.523181,36.193800
2024-01-17,35.849057,2023-08-14,2023-06-30,2.420000,3.660377,9.793814,13.115538,10.228539,-26.872805,10.567507,48.007820,85.448132,122.888445,,,,,,,,,,36.841981,35.514937,36.558176,30.469536,36.841981,38.214384,35.469578,37.528183,36.155780
2024-01-18,35.754717,2023-08-14,2023-06-30,2.420000,3.660377,9.768041,12.809971,9.761817,-24.574539,11.157394,46.889327,82.621259,118.353192,,,,,,,,,,36.820755,35.592767,36.512972,30.538129,36.820755,38.248339,35.393170,37.534547,36.106962
2024-01-19,35.188679,2023-08-14,2023-06-30,2.420000,3.660377,9.613402,12.501784,9.256938,-22.006523,11.877363,45.761249,79.645135,113.529020,,,,,,,,,,36.773585,35.676887,36.461871,30.602398,36.773585,38.351417,35.195753,37.562501,35.984669
2024-01-22,34.905660,2023-08-14,2023-06-30,2.420000,3.660377,9.536082,12.204479,8.756941,-19.434417,12.619291,44.672998,76.726705,108.780412,,,,,,,,,,36.705189,35.761006,36.418632,30.666863,36.705189,38.480515,34.929863,37.592852,35.817526
2024-01-23,34.716981,2023-08-14,2023-06-30,2.420000,3.660377,9.484536,11.920485,8.270484,-16.912713,13.360379,43.633472,73.906565,104.179658,,,,,,,,,,36.556604,35.801101,36.386006,30.727005,36.556604,38.476863,34.636344,37.516733,35.596474
2024-01-24,34.716981,2023-08-14,2023-06-30,2.420000,3.660377,9.484536,11.631615,7.722582,-13.959033,14.308533,42.576099,70.843665,99.111231,,,,,,,,,,36.478774,35.861635,36.349057,30.785181,36.478774,38.566234,34.391313,37.522504,35.435043
2024-01-25,34.481132,2023-08-14,2023-06-30,2.420000,3.660377,9.420103,11.340878,7.114858,-10.574237,15.468828,41.511893,67.554958,93.598022,,,,,,,,,,36.349057,35.900157,36.308962,30.840409,36.349057,38.596679,34.101434,37.472868,35.225245
2024-01-26,34.764151,2023-08-14,2023-06-30,2.420000,3.660377,9.497423,11.048126,6.422798,-6.579416,16.930447,40.440310,63.950173,87.460036,,,,,,,,,,36.245283,35.944969,36.268868,30.894064,36.245283,38.587211,33.903355,37.416247,35.074319
2024-01-29,34.811321,2023-08-14,2023-06-30,2.420000,3.660377,9.510309,10.769666,5.714436,-2.412941,18.504050,39.421041,60.338032,81.255023,,,,,,,,,,36.146226,36.007075,36.241745,30.952634,36.146226,38.557279,33.735174,37.351753,34.940700
2024-01-30,34.669811,2023-08-14,2023-06-30,2.420000,3.660377,9.471649,10.497089,4.929780,2.333598,20.378453,38.423307,56.468162,74.513016,,,,,,,,,,35.981132,36.044811,36.218947,31.011596,35.981132,38.316891,33.645373,37.149012,34.813252
2024-01-31,35.141509,2023-08-14,2023-06-30,2.420000,3.660377,9.600515,10.196331,3.716111,10.117683,23.720051,37.322419,50.924787,64.527155,,,,,,,,,,35.844340,36.088836,36.174135,31.075079,35.844340,38.028009,33.660670,36.936174,34.752505
2024-02-01,35.188679,2023-08-14,2023-06-30,2.420000,3.660377,9.613402,9.862436,0.773849,30.435075,33.267656,36.100236,38.932816,41.765396,,,,,,,,,,35.709906,36.155660,36.100236,31.141116,35.709906,37.687956,33.731856,36.698931,34.720881
2024-02-02,34.528302,2023-08-14,2023-06-30,2.420000,3.660377,9.432990,9.839025,0.743133,30.574251,33.294397,36.014544,38.734691,41.454838,,,,,,,,,,35.594340,36.185535,36.014544,31.203616,35.594340,37.564542,33.624138,36.579441,34.609239
2024-02-05,34.764151,2023-08-14,2023-06-30,2.420000,3.660377,9.497423,9.817977,0.716025,30.695659,33.316580,35.937500,38.558420,41.179341,,,,,,,,,,35.476415,36.237421,35.937500,31.270244,35.476415,37.340956,33.611874,36.408686,34.544145
2024-02-15,35.943396,2023-08-14,2023-06-30,2.420000,3.660377,9.819588,9.801224,0.691660,30.812709,33.344444,35.876179,38.407914,40.939649,,,,,,,,,,35.412736,36.272799,35.876179,31.338050,35.412736,37.106119,33.719353,36.259427,34.566044
2024-02-16,35.801887,2023-08-14,2023-06-30,2.420000,3.660377,9.780928,9.785546,0.670105,30.913117,33.365953,35.818789,38.271626,40.724462,,,,,,,,,,35.346698,36.305031,35.818789,31.405071,35.346698,36.851867,33.841529,36.099282,34.594114
2024-02-19,35.990566,2023-08-14,2023-06-30,2.420000,3.660377,9.832474,9.770511,0.648103,31.019154,33.391456,35.763758,38.136060,40.508362,,,,,,,,,,35.346698,36.341195,35.763758,31.472091,35.346698,36.851867,33.841529,36.099282,34.594114
2024-02-20,35.518868,2023-08-14,2023-06-30,2.420000,3.660377,9.703608,9.758054,0.634653,31.072023,33.395091,35.718160,38.041229,40.364298,,,,,,,,,,35.294811,36.366352,35.718160,31.531447,35.294811,36.692042,33.897580,35.993427,34.596196
2024-02-21,35.283019,2023-08-14,2023-06-30,2.420000,3.660377,9.639175,9.746134,0.623141,31.112665,33.393596,35.674528,37.955460,40.236392,,,,,,,,,,35.195755,36.387579,35.674528,31.594340,35.195755,36.241931,34.149578,35.718843,34.672667
2024-02-22,35.518868,2023-08-14,2023-06-30,2.420000,3.660377,9.703608,9.737973,0.617153,31.126631,33.385643,35.644654,37.903665,40.162677,,,,,,,,,,35.176887,36.417453,35.644654,31.659984,35.176887,36.182704,34.171070,35.679795,34.673978
2024-02-23,35.754717,2023-08-14,2023-06-30,2.420000,3.660377,9.768041,9.732388,0.613786,31.130834,33.377524,35.624214,37.870904,40.117594,,,,,,,,,,35.172170,36.446541,35.624214,31.728184,35.172170,36.165522,34.178818,35.668846,34.675494
2024-02-26,35.943396,2023-08-14,2023-06-30,2.420000,3.660377,9.819588,9.725515,0.608080,31.147451,33.373254,35.599057,37.824860,40.050663,,,,,,,,,,35.181604,36.477201,35.599057,31.791470,35.181604,36.201480,34.161727,35.691542,34.671665
2024-02-27,35.424528,2023-08-14,2023-06-30,2.420000,3.660377,9.677835,9.717998,0.602984,31.157244,33.364393,35.571541,37.778689,39.985837,,,,,,,,,,35.193396,36.500000,35.571541,31.852201,35.193396,36.219055,34.167738,35.706226,34.680567
2024-02-29,35.896226,2023-08-14,2023-06-30,2.420000,3.660377,9.806701,9.713058,0.599774,31.162664,33.358062,35.553459,37.748856,39.944254,,,,,,,,,,35.242925,36.509434,35.553459,31.916863,35.242925,36.305097,34.180752,35.774011,34.711838
2024-03-01,35.849057,2023-08-14,2023-06-30,2.420000,3.660377,9.793814,9.709192,0.597725,31.163511,33.351410,35.539308,37.727207,39.915105,,,,,,,,,,35.299528,36.511792,35.539308,31.980149,35.299528,36.364344,34.234713,35.831936,34.767121
2024-03-04,35.235849,2023-08-14,2023-06-30,2.420000,3.660377,9.626289,9.702642,0.594251,31.164964,33.340147,35.515330,37.690513,39.865696,,,,,,,,,,35.325472,36.466981,35.515330,32.040094,35.325472,36.355233,34.295711,35.840352,34.810591
2024-03-05,35.188679,2023-08-14,2023-06-30,2.420000,3.660377,9.613402,9.696306,0.591081,31.164981,33.328560,35.492138,37.655717,39.819295,,,,,,,,,,35.360849,36.426887,35.492138,32.100039,35.360849,36.314259,34.407439,35.837554,34.884144
2024-03-06,35.047170,2023-08-14,2023-06-30,2.420000,3.660377,9.574742,9.689863,0.588125,31.163038,33.315796,35.468553,37.621311,39.774069,,,,,,,,,,35.375000,36.382075,35.468553,32.158608,35.375000,36.299070,34.450930,35.837035,34.912965
2024-03-07,35.613208,2023-08-14,2023-06-30,2.420000,3.660377,9.729381,9.686104,0.586402,31.161891,33.308343,35.454796,37.601248,39.747700,,,,,,,,,,35.415094,36.341195,35.454796,32.222877,35.415094,36.305145,34.525043,35.860120,34.970069
2024-03-08,35.990566,2023-08-14,2023-06-30,2.420000,3.660377,9.832474,9.682453,0.584091,31.165441,33.303436,35.441431,37.579426,39.717420,,,,,,,,,,35.481132,36.298742,35.441431,32.288915,35.481132,36.333547,34.628717,35.907340,35.054924
2024-03-11,36.650943,2023-08-14,2023-06-30,2.420000,3.660377,10.012887,9.679875,0.581923,31.171880,33.301938,35.431997,37.562055,39.692114,,,,,,,,,,35.556604,36.277516,35.431997,32.359080,35.556604,36.539682,34.573526,36.048143,35.065065
2024-03-12,36.933962,2023-08-14,2023-06-30,2.420000,3.660377,10.090206,9.679661,0.581766,31.172247,33.301729,35.431211,37.560692,39.690174,,,,,,,,,,35.643868,36.229560,35.431211,32.428263,35.643868,36.786354,34.501382,36.215111,35.072625
2024-03-13,36.792453,2023-08-14,2023-06-30,2.420000,3.660377,10.051546,9.685030,0.582203,31.188698,33.319781,35.450865,37.581948,39.713032,,,,,,,,,,35.757075,36.204403,35.450865,32.499017,35.757075,36.882709,34.631442,36.319892,35.194259
2024-03-14,36.792453,2023-08-14,2023-06-30,2.420000,3.660377,10.051546,9.689970,0.582782,31.202544,33.335745,35.468947,37.602148,39.735349,,,,,,,,,,35.858491,36.154874,35.468947,32.570165,35.858491,36.972884,34.744097,36.415687,35.301294
2024-03-15,35.849057,2023-08-14,2023-06-30,2.420000,3.660377,9.793814,9.689648,0.582713,31.201868,33.334818,35.467767,37.600717,39.733667,,,,,,,,,,35.853774,36.107704,35.467767,32.636989,35.853774,36.967452,34.740095,36.410613,35.296934
2024-03-18,35.754717,2023-08-14,2023-06-30,2.420000,3.660377,9.768041,9.689218,0.582635,31.200864,33.333529,35.466195,37.598861,39.731526,,,,,,,,,,35.851415,36.077044,35.466195,32.703027,35.851415,36.965756,34.737074,36.408586,35.294245
2024-03-19,35.849057,2023-08-14,2023-06-30,2.420000,3.660377,9.793814,9.686856,0.581622,31.199632,33.328590,35.457547,37.586505,39.715462,,,,,,,,,,35.844340,36.047956,35.457547,32.770637,35.844340,36.956756,34.731923,36.400548,35.288132
2024-03-20,35.377358,2023-08-14,2023-06-30,2.420000,3.660377,9.664948,9.683741,0.580723,31.194819,33.320484,35.446148,37.571812,39.697476,,,,,,,,,,35.837264,36.012579,35.446148,32.836675,35.837264,36.960148,34.714381,36.398706,35.275822
2024-03-21,35.801887,2023-08-14,2023-06-30,2.420000,3.660377,9.780928,9.682345,0.580282,31.192934,33.316986,35.441038,37.565089,39.689141,,,,,,,,,,35.863208,36.004717,35.441038,32.903105,35.863208,36.955739,34.770676,36.409473,35.316942
2024-03-22,36.084906,2023-08-14,2023-06-30,2.420000,3.660377,9.858247,9.677405,0.576192,31.204794,33.313875,35.422956,37.532037,39.641118,,,,,,,,,,35.891509,35.975629,35.422956,32.973270,35.891509,36.975778,34.807241,36.433644,35.349375
2024-03-25,36.792453,2023-08-14,2023-06-30,2.420000,3.660377,10.051546,9.674291,0.573118,31.215901,33.313729,35.411557,37.509384,39.607212,,,,,,,,,,35.943396,35.985849,35.411557,33.043632,35.943396,37.097193,34.789599,36.520295,35.366498
2024-03-26,36.745283,2023-08-14,2023-06-30,2.420000,3.660377,10.038660,9.672143,0.571247,31.221737,33.312716,35.403695,37.494674,39.585653,,,,,,,,,,35.983491,35.995283,35.403695,33.117138,35.983491,37.191734,34.775247,36.587612,35.379369
2024-03-27,36.556604,2023-08-14,2023-06-30,2.420000,3.660377,9.987113,9.668170,0.567338,31.235807,33.312479,35.389151,37.465823,39.542494,,,,,,,,,,36.040094,36.002358,35.389151,33.189465,36.040094,37.244143,34.836045,36.642119,35.438070
2024-03-28,36.320755,2023-08-14,2023-06-30,2.420000,3.660377,9.922680,9.668170,0.567338,31.235807,33.312479,35.389151,37.465823,39.542494,,,,,,,,,,36.061321,36.003145,35.389151,33.258255,36.061321,37.269651,34.852990,36.665486,35.457156
2024-03-29,35.707547,2023-08-14,2023-06-30,2.420000,3.660377,9.755155,9.666774,0.566913,31.233813,33.308927,35.384041,37.459155,39.534269,,,,,,,,,,36.054245,35.970126,35.384041,33.324489,36.054245,37.269447,34.839044,36.661846,35.446644
2024-04-01,35.707547,2024-03-31,2023-12-31,3.200000,6.971698,5.121786,9.626552,0.701911,57.326388,62.219901,67.113413,72.006926,76.900438,,,,,,,,,,36.077830,35.960692,35.378145,33.388168,36.077830,37.243452,34.912209,36.660641,35.495019
2024-04-02,35.707547,2024-03-31,2023-12-31,3.200000,6.971698,5.121786,9.582893,0.810404,55.509250,61.159144,66.809038,72.458932,78.108826,,,,,,,,,,36.103774,35.937893,35.359670,33.452437,36.103774,37.207524,35.000023,36.655649,35.551898
2024-04-03,34.952830,2024-03-31,2023-12-31,3.200000,6.971698,5.013532,9.538655,0.908649,53.830965,60.165792,66.500620,72.835448,79.170275,,,,,,,,,,36.099057,35.906447,35.336085,33.514544,36.099057,37.222451,34.975662,36.660754,35.537359
2024-04-08,35.141509,2024-03-31,2023-12-31,3.200000,6.971698,5.040595,9.497111,0.995957,52.323971,59.267483,66.210994,73.154505,80.098016,,,,,,,,,,36.075472,35.878931,35.323113,33.578223,36.075472,37.259959,34.890985,36.667715,35.483228
2024-04-09,35.990566,2024-03-31,2023-12-31,3.200000,6.971698,5.162382,9.458409,1.071220,51.004724,58.472947,65.941170,73.409394,80.877617,,,,,,,,,,36.075472,35.845912,35.323899,33.641509,36.075472,37.259959,34.890985,36.667715,35.483228
2024-04-10,36.792453,2024-03-31,2023-12-31,3.200000,6.971698,5.277402,9.420772,1.136678,49.829630,57.754204,65.678778,73.603353,81.527927,,,,,,,,,,36.082547,35.827830,35.331761,33.708726,36.082547,37.283090,34.882005,36.682818,35.482276
2024-04-11,35.283019,2024-03-31,2023-12-31,3.200000,6.971698,5.060893,9.384016,1.204321,48.630206,57.026365,65.422524,73.818683,82.214842,,,,,,,,,,36.000000,35.784591,35.336871,33.769261,36.000000,37.180922,34.819078,36.590461,35.409539
2024-04-12,34.905660,2024-03-31,2023-12-31,3.200000,6.971698,5.006766,9.350030,1.268654,47.496240,56.340913,65.185586,74.030259,82.874933,,,,,,,,,,35.905660,35.752358,35.350629,33.827830,35.905660,37.120987,34.690334,36.513324,35.297997
2024-04-15,34.009434,2024-03-31,2023-12-31,3.200000,6.971698,4.878214,9.313147,1.332718,46.345839,55.637146,64.928452,74.219759,83.511065,,,,,,,,,,35.766509,35.700472,35.350236,33.878341,35.766509,37.176090,34.356929,36.471300,35.061719
2024-04-16,33.490566,2024-03-31,2023-12-31,3.200000,6.971698,4.803789,9.278222,1.394608,45.239388,54.962175,64.684962,74.407749,84.130537,,,,,,,,,,35.648585,35.638365,35.354953,33.929442,35.648585,37.385663,33.911507,36.517124,34.780046
2024-04-17,33.490566,2024-03-31,2023-12-31,3.200000,6.971698,4.803789,9.243833,1.452915,44.186642,54.315929,64.445216,74.574503,84.703789,,,,,,,,,,35.535377,35.577830,35.361635,33.983097,35.535377,37.520708,33.550047,36.528043,34.542712
2024-04-18,34.905660,2024-03-31,2023-12-31,3.200000,6.971698,5.006766,9.210814,1.503360,43.253066,53.734041,64.215016,74.695990,85.176965,,,,,,,,,,35.488208,35.559748,35.378931,34.038129,35.488208,37.486941,33.489474,36.487574,34.488841
2024-04-19,33.915094,2024-03-31,2023-12-31,3.200000,6.971698,4.864682,9.177900,1.554480,42.310808,53.148177,63.985545,74.822914,85.660282,,,,,,,,,,35.415094,35.515723,35.392689,34.068986,35.415094,37.534252,33.295937,36.474673,34.355516
2024-04-22,35.377358,2024-03-31,2023-12-31,3.200000,6.971698,5.074425,9.147377,1.598542,41.483644,52.628198,63.772752,74.917306,86.061861,,,,,,,,,,35.393868,35.484277,35.420991,34.110063,35.393868,37.505203,33.282533,36.449535,34.338201
2024-04-23,35.047170,2024-03-31,2023-12-31,3.200000,6.971698,5.027064,9.118178,1.641325,40.683540,52.126363,63.569186,75.012010,86.454833,,,,,,,,,,35.341981,35.470126,35.452830,34.148978,35.341981,37.432716,33.251247,36.387348,34.296614
2024-04-24,34.339623,2024-03-31,2023-12-31,3.200000,6.971698,4.925575,9.088456,1.684482,39.874574,51.618272,63.361971,75.105669,86.849367,,,,,,,,,,35.219340,35.444969,35.479953,34.192020,35.219340,37.238360,33.200320,36.228850,34.209830
2024-04-25,34.386792,2024-03-31,2023-12-31,3.200000,6.971698,4.932341,9.058790,1.725908,39.090130,51.122639,63.155148,75.187657,87.220165,,,,,,,,,,35.101415,35.422170,35.507469,34.234080,35.101415,37.018079,33.184751,36.059747,34.143083
2024-04-26,33.584906,2024-03-31,2023-12-31,3.200000,6.971698,4.817321,9.030313,1.767317,38.314220,50.635418,62.956616,75.277814,87.599012,,,,,,,,,,34.952830,35.395440,35.536164,34.275747,34.952830,36.855199,33.050462,35.904015,34.001646
2024-04-29,34.198113,2024-03-31,2023-12-31,3.200000,6.971698,4.905277,9.003214,1.805340,37.595115,50.181401,62.767687,75.353972,87.940258,,,,,,,,,,34.846698,35.383648,35.572327,34.314072,34.846698,36.662615,33.030781,35.754657,33.938740
2024-04-30,34.009434,2024-03-31,2023-12-31,3.200000,6.971698,4.878214,8.970304,1.844150,36.824541,49.681397,62.538254,75.395110,88.251967,,,,,,,,,,34.761792,35.371855,35.586478,34.351219,34.761792,36.566998,32.956586,35.664395,33.859189
2024-05-02,34.858491,2024-03-31,2023-12-31,3.200000,6.971698,5.000000,8.941202,1.878984,36.135949,49.235655,62.335362,75.435068,88.534774,,,,,,,,,,34.719340,35.374214,35.617925,34.395047,34.719340,36.470009,32.968670,35.594674,33.844005
2024-05-03,34.764151,2024-03-31,2023-12-31,3.200000,6.971698,4.986468,8.909517,1.913322,35.436263,48.775364,62.114464,75.453564,88.792664,,,,,,,,,,34.672170,35.378931,35.639544,34.437893,34.672170,36.360455,32.983885,35.516312,33.828027
2024-05-06,34.056604,2024-03-31,2023-12-31,3.200000,6.971698,4.884980,8.877201,1.948249,34.723960,48.306564,61.889167,75.471771,89.054374,,,,,,,,,,34.627358,35.367138,35.656053,34.478381,34.627358,36.331777,32.922940,35.479568,33.775149
2024-05-07,34.009434,2024-03-31,2023-12-31,3.200000,6.971698,4.878214,8.847084,1.981893,34.044880,47.862040,61.679200,75.496359,89.313519,,,,,,,,,,34.570755,35.353774,35.680425,34.521030,34.570755,36.278468,32.863042,35.424611,33.716898
2024-05-08,33.962264,2024-03-31,2023-12-31,3.200000,6.971698,4.871448,8.813904,2.014847,33.354060,47.400968,61.447876,75.494784,89.541693,,,,,,,,,,34.469340,35.341981,35.693396,34.564662,34.469340,36.058848,32.879832,35.264094,33.674586
2024-05-09,33.915094,2024-03-31,2023-12-31,3.200000,6.971698,4.864682,8.780452,2.046829,32.674917,46.944790,61.214662,75.484535,89.754407,,,,,,,,,,34.325472,35.321541,35.705189,34.608491,34.325472,35.495035,33.155909,34.910253,33.740690
2024-05-10,34.198113,2024-03-31,2023-12-31,3.200000,6.971698,4.905277,8.750346,2.077067,32.043397,46.524083,61.004770,75.485456,89.966142,,,,,,,,,,34.271226,35.305031,35.730346,34.652712,34.271226,35.350982,33.191471,34.811104,33.731349
2024-05-13,34.433962,2024-03-31,2023-12-31,3.200000,6.971698,4.939107,8.716978,2.105905,31.408667,46.090401,60.772136,75.453871,90.135606,,,,,,,,,,34.247642,35.303459,35.744497,34.697327,34.247642,35.288971,33.206312,34.768306,33.726977
2024-05-14,34.339623,2024-03-31,2023-12-31,3.200000,6.971698,4.925575,8.685966,2.134156,30.798555,45.677245,60.555936,75.434627,90.313317,,,,,,,,,,34.264151,35.296384,35.766903,34.743121,34.264151,35.300034,33.228267,34.782093,33.746209
2024-05-15,33.962264,2024-03-31,2023-12-31,3.200000,6.971698,4.871448,8.649564,2.161708,30.160599,45.231376,60.302152,75.372929,90.443706,,,,,,,,,,34.287736,35.263365,35.768082,34.788129,34.287736,35.269527,33.305945,34.778631,33.796840
2024-05-16,34.245283,2024-03-31,2023-12-31,3.200000,6.971698,4.912043,8.613393,2.187692,29.546128,44.798053,60.049978,75.301903,90.553828,,,,,,,,,,34.325472,35.237421,35.771226,34.836085,34.325472,35.233498,33.417446,34.779485,33.871459
2024-05-17,34.905660,2024-03-31,2023-12-31,3.200000,6.971698,5.006766,8.578119,2.211505,28.968172,44.386114,59.804056,75.221998,90.639940,,,,,,,,,,34.325472,35.219340,35.780267,34.887972,34.325472,35.233498,33.417446,34.779485,33.871459
2024-05-20,34.103774,2024-03-31,2023-12-31,3.200000,6.971698,4.891746,8.541457,2.235916,28.372196,43.960326,59.548456,75.136587,90.724717,,,,,,,,,,34.334906,35.195755,35.781053,34.937303,34.334906,35.228790,33.441021,34.781848,33.887963
2024-05-21,34.339623,2024-03-31,2023-12-31,3.200000,6.971698,4.925575,8.505076,2.259011,27.796535,43.545679,59.294822,75.043966,90.793110,,,,,,,,,,34.283019,35.180031,35.783805,34.986832,34.283019,35.030627,33.535411,34.656823,33.909215
2024-05-22,34.528302,2024-03-31,2023-12-31,3.200000,6.971698,4.952639,8.469565,2.281159,27.240149,43.143701,59.047253,74.950805,90.854356,,,,,,,,,,34.257075,35.163522,35.790487,35.037539,34.257075,34.924771,33.589379,34.590923,33.923227
2024-05-23,34.245283,2024-03-31,2023-12-31,3.200000,6.971698,4.912043,8.433072,2.302829,26.683572,42.738203,58.792833,74.847463,90.902093,,,,,,,,,,34.252358,35.138365,35.792453,35.085495,34.252358,34.918931,33.585786,34.585645,33.919072
2024-05-24,35.047170,2024-03-31,2023-12-31,3.200000,6.971698,5.027064,8.397323,2.322209,26.164119,42.353858,58.543598,74.733337,90.923077,,,,,,,,,,34.285377,35.123428,35.800314,35.137186,34.285377,35.039644,33.531110,34.662511,33.908244
2024-05-27,34.198113,2024-03-31,2023-12-31,3.200000,6.971698,4.905277,8.360665,2.342405,25.626949,41.957492,58.288036,74.618579,90.949122,,,,,,,,,,34.316038,35.102987,35.801494,35.186321,34.316038,34.996675,33.635401,34.656356,33.975719
2024-05-28,34.056604,2024-03-31,2023-12-31,3.200000,6.971698,4.884980,8.320940,2.360672,25.095293,41.553186,58.011080,74.468974,90.926868,,,,,,,,,,34.308962,35.072327,35.790881,35.233687,34.308962,34.997655,33.620269,34.653309,33.964616
2024-05-29,34.858491,2024-03-31,2023-12-31,3.200000,6.971698,5.000000,8.281314,2.376254,24.601770,41.168294,57.734818,74.301342,90.867865,,,,,,,,,,34.351415,35.055818,35.783805,35.286164,34.351415,35.066535,33.636295,34.708975,33.993855
2024-05-30,34.292453,2024-03-31,2023-12-31,3.200000,6.971698,4.918809,8.235963,2.388133,24.119961,40.769306,57.418650,74.067995,90.717340,,,,,,,,,,34.323113,35.040094,35.753538,35.335495,34.323113,34.997371,33.648855,34.660242,33.985984
2024-05-31,34.009434,2024-03-31,2023-12-31,3.200000,6.971698,4.878214,8.191027,2.400229,23.638020,40.371693,57.105365,73.839038,90.572710,,,,,,,,,,34.285377,35.020440,35.723664,35.378931,34.285377,34.939895,33.630860,34.612636,33.958119
2024-06-03,33.820755,2024-03-31,2023-12-31,3.200000,6.971698,4.851150,8.145542,2.411441,23.164591,39.976426,56.788262,73.600097,90.411932,,,,,,,,,,34.273585,35.000000,35.691038,35.415684,34.273585,34.953464,33.593705,34.613525,33.933645
2024-06-04,34.292453,2024-03-31,2023-12-31,3.200000,6.971698,4.918809,8.099870,2.420278,22.722956,39.596402,56.469848,73.343295,90.216741,,,,,,,,,,34.287736,34.977987,35.659591,35.453027,34.287736,34.956151,33.619321,34.621943,33.953528
2024-06-05,34.150943,2024-03-31,2023-12-31,3.200000,6.971698,4.898512,8.052955,2.427363,22.297089,39.219929,56.142769,73.065609,89.988449,,,,,,,,,,34.297170,34.947327,35.623035,35.496266,34.297170,34.951419,33.642921,34.624294,33.970045
2024-06-06,34.858491,2024-03-31,2023-12-31,3.200000,6.971698,5.000000,8.008281,2.433853,21.895136,38.863227,55.831318,72.799410,89.767501,,,,,,,,,,34.344340,34.917453,35.597484,35.530857,34.344340,35.018337,33.670342,34.681338,34.007341
2024-06-07,34.056604,2024-03-31,2023-12-31,3.200000,6.971698,4.884980,7.958354,2.435977,21.517451,38.500345,55.483238,72.466132,89.449026,,,,,,,,,,34.337264,34.869497,35.549528,35.563876,34.337264,35.020631,33.653897,34.678948,33.995581
2024-06-11,33.726415,2024-03-31,2023-12-31,3.200000,6.971698,4.837618,7.911468,2.441485,21.113767,38.135066,55.156364,72.177663,89.198962,,,,,,,,,,34.301887,34.818396,35.511399,35.592571,34.301887,35.035581,33.568192,34.668734,33.935040
2024-06-12,33.584906,2024-03-31,2023-12-31,3.200000,6.971698,4.817321,7.861084,2.442441,20.749185,37.777144,54.805102,71.833061,88.861020,,,,,,,,,,34.264151,34.764937,35.459906,35.621462,34.264151,35.064298,33.464004,34.664224,33.864077
2024-06-13,33.679245,2024-03-31,2023-12-31,3.200000,6.971698,4.830853,7.813282,2.445168,20.377906,37.424876,54.471846,71.518816,88.565786,,,,,,,,,,34.250000,34.728774,35.418239,35.655464,34.250000,35.082004,33.417996,34.666002,33.833998
2024-06-14,33.018868,2024-03-31,2023-12-31,3.200000,6.971698,4.736130,7.767162,2.450617,19.980376,37.065341,54.150306,71.235271,88.320237,,,,,,,,,,34.188679,34.683176,35.380110,35.681014,34.188679,35.186419,33.190940,34.687549,33.689809
2024-06-17,32.358491,2024-03-31,2023-12-31,3.200000,6.971698,4.641407,7.720252,2.456165,19.575988,36.699625,53.823263,70.946901,88.070539,,,,,,,,,,34.061321,34.625000,35.336478,35.705975,34.061321,35.295882,32.826759,34.678602,33.444040
2024-06-18,32.216981,2024-03-31,2023-12-31,3.200000,6.971698,4.621110,7.673387,2.461236,19.178552,36.337545,53.496538,70.655531,87.814524,,,,,,,,,,33.966981,34.572327,35.292453,35.732508,33.966981,35.451034,32.482928,34.709008,33.224955
2024-06-19,31.226415,2024-03-31,2023-12-31,3.200000,6.971698,4.479026,7.628131,2.469683,18.745255,35.963140,53.181024,70.398909,87.616793,,,,,,,,,,33.811321,34.496069,35.250393,35.754717,33.811321,35.722435,31.900206,34.766878,32.855764
2024-06-20,30.754717,2024-03-31,2023-12-31,3.200000,6.971698,4.411367,7.578767,2.474319,18.336458,35.586665,52.836873,70.087081,87.337289,,,,,,,,,,33.622642,34.407233,35.191431,35.774568,33.622642,35.938057,31.307226,34.780350,32.464934
2024-06-21,30.896226,2024-03-31,2023-12-31,3.200000,6.971698,4.431664,7.533330,2.481682,17.917027,35.218566,52.520105,69.821644,87.123183,,,,,,,,,,33.455189,34.308962,35.147406,35.794418,33.455189,36.048716,30.861662,34.751952,32.158425
2024-06-24,29.622642,2024-03-31,2023-12-31,3.200000,6.971698,4.248985,7.486372,2.490127,17.471891,34.832307,52.192724,69.553140,86.913556,,,,,,,,,,33.183962,34.190252,35.092767,35.807193,33.183962,36.179856,30.188068,34.681909,31.686015
2024-06-25,30.188679,2024-03-31,2023-12-31,3.200000,6.971698,4.330176,7.440197,2.496899,17.055556,34.463182,51.870808,69.278434,86.686059,,,,,,,,,,32.983491,34.084119,35.043239,35.822917,32.983491,36.220529,29.746452,34.602010,31.364971
2024-06-26,30.094340,2024-03-31,2023-12-31,3.200000,6.971698,4.316644,7.393587,2.502609,16.650995,34.098427,51.545860,68.993292,86.440725,,,,,,,,,,32.785377,33.980346,34.991745,35.835299,32.785377,36.224568,29.346187,34.504972,31.065782
2024-06-27,30.377358,2024-03-31,2023-12-31,3.200000,6.971698,4.357240,7.344095,2.503447,16.294261,33.747535,51.200810,68.654085,86.107359,,,,,,,,,,32.561321,33.891509,34.930818,35.838443,32.561321,36.015681,29.106961,34.288501,30.834141
2024-06-28,32.735849,2024-03-31,2023-12-31,3.200000,6.971698,4.695535,7.300642,2.503792,15.986517,33.442196,50.897875,68.353554,85.809232,,,,,,,,,,32.483491,33.841981,34.901336,35.855739,32.483491,35.842449,29.124532,34.162970,30.804011
2024-07-01,32.688679,2024-03-31,2023-12-31,3.200000,6.971698,4.688769,7.255308,2.501401,15.703787,33.142803,50.581819,68.020835,85.459850,,,,,,,,,,32.417453,33.791667,34.864780,35.871266,32.417453,35.701184,29.133721,34.059319,30.775587
2024-07-02,33.254717,2024-03-31,2023-12-31,3.200000,6.971698,4.769959,7.211188,2.498128,15.441842,32.858032,50.274223,67.690414,85.106605,,,,,,,,,,32.389151,33.763365,34.834906,35.887775,32.389151,35.631453,29.146849,34.010302,30.768000
2024-07-03,33.773585,2024-03-31,2023-12-31,3.200000,6.971698,4.844384,7.167795,2.493596,15.202504,32.587102,49.971700,67.356298,84.740896,,,,,,,,,,32.363208,33.740566,34.809748,35.898781,32.363208,35.549200,29.177215,33.956204,30.770211
2024-07-04,34.386792,2024-03-31,2023-12-31,3.200000,6.971698,4.932341,7.122450,2.484265,15.016481,32.336026,49.655570,66.975115,84.294660,,,,,,,,,,32.375000,33.713836,34.779874,35.897995,32.375000,35.590464,29.159536,33.982732,30.767268
2024-07-05,39.245283,2024-03-31,2023-12-31,3.200000,6.971698,5.629229,7.083127,2.470086,14.940042,32.160734,49.381425,66.602116,83.822808,,,,,,,,,,32.594340,33.754717,34.791274,35.866942,32.594340,36.927373,28.261306,34.760856,30.427823
2024-07-08,37.500000,2024-03-31,2023-12-31,3.200000,6.971698,5.378890,7.041719,2.456508,14.840677,31.966707,49.092736,66.218765,83.344794,,,,,,,,,,32.766509,33.791667,34.788129,35.842767,32.766509,37.590060,27.942959,35.178285,30.354734
2024-07-09,35.141509,2024-03-31,2023-12-31,3.200000,6.971698,5.040595,6.999853,2.447352,14.676460,31.738662,48.800864,65.863065,82.925267,,,,,,,,,,32.837264,33.795597,34.773978,35.807390,32.837264,37.760584,27.913944,35.298924,30.375604
2024-07-10,35.141509,2024-03-31,2023-12-31,3.200000,6.971698,5.040595,6.957344,2.436599,14.530033,31.517266,48.504499,65.491732,82.478966,,,,,,,,,,32.915094,33.814465,34.757469,35.760613,32.915094,37.936418,27.893771,35.425756,30.404432
2024-07-11,36.415094,2024-03-31,2023-12-31,3.200000,6.971698,5.223275,6.916141,2.423628,14.423644,31.320447,48.217251,65.114054,82.010857,,,,,,,,,,33.051887,33.863208,34.750786,35.770047,33.051887,38.304593,27.799181,35.678240,30.425534
2024-07-12,36.084906,2024-03-31,2023-12-31,3.200000,6.971698,5.175913,6.874760,2.410448,14.318910,31.123829,47.928748,64.733667,81.538585,,,,,,,,,,33.205189,33.906447,34.742138,35.761203,33.205189,38.629985,27.780393,35.917587,30.492791
2024-07-15,35.235849,2024-03-31,2023-12-31,3.200000,6.971698,5.054127,6.834940,2.400626,14.178262,30.914700,47.651138,64.387576,81.124014,,,,,,,,,,33.349057,33.911950,34.735849,35.742531,33.349057,38.831616,27.866497,36.090336,30.607777
2024-07-16,35.330189,2024-03-31,2023-12-31,3.200000,6.971698,5.067659,6.793944,2.388317,14.064080,30.714705,47.365330,64.015955,80.666580,,,,,,,,,,33.504717,33.935535,34.725629,35.713050,33.504717,39.028567,27.980867,36.266642,30.742792
2024-07-17,35.660377,2024-03-31,2023-12-31,3.200000,6.971698,5.115020,6.751733,2.372673,13.987923,30.529483,47.071043,63.612604,80.154164,,,,,,,,,,33.726415,33.940252,34.712264,35.683373,33.726415,39.221093,28.231737,36.473754,30.979076
2024-07-18,35.801887,2024-03-31,2023-12-31,3.200000,6.971698,5.135318,6.712805,2.360419,13.887389,30.343518,46.799648,63.255777,79.711907,,,,,,,,,,33.978774,33.952830,34.711478,35.660181,33.978774,39.361250,28.596298,36.670012,31.287536
2024-07-19,33.773585,2024-03-31,2023-12-31,3.200000,6.971698,4.844384,6.671559,2.349347,13.754229,30.133164,46.512098,62.891033,79.269968,,,,,,,,,,34.122642,33.943396,34.694182,35.626179,34.122642,39.308422,28.936861,36.715532,31.529751
2024-07-22,32.311321,2024-03-31,2023-12-31,3.200000,6.971698,4.634641,6.628781,2.339204,13.597410,29.905635,46.213861,62.522086,78.830312,,,,,,,,,,34.257075,33.908805,34.665487,35.589230,34.257075,39.078256,29.435895,36.667666,31.846485
2024-07-23,33.679245,2024-03-31,2023-12-31,3.200000,6.971698,4.830853,6.588927,2.328644,13.466803,29.701405,45.936007,62.170608,78.405210,,,,,,,,,,34.431604,33.910377,34.652909,35.557390,34.431604,38.870209,29.992998,36.650907,32.212301
2024-07-26,33.443396,2024-03-31,2023-12-31,3.200000,6.971698,4.797023,6.549434,2.318405,13.334237,29.497458,45.660679,61.823900,77.987121,,,,,,,,,,34.599057,33.897799,34.640723,35.529678,34.599057,38.577543,30.620570,36.588300,32.609814
2024-07-29,32.735849,2024-03-31,2023-12-31,3.200000,6.971698,4.695535,6.509526,2.308654,13.191968,29.287209,45.382450,61.477691,77.572933,,,,,,,,,,34.716981,33.876572,34.624214,35.505110,34.716981,38.287485,31.146477,36.502233,32.931729
2024-07-30,32.452830,2024-03-31,2023-12-31,3.200000,6.971698,4.654939,6.469279,2.298430,13.053946,29.077905,45.101863,61.125821,77.149780,,,,,,,,,,34.702830,33.836478,34.605346,35.477201,34.702830,38.308465,31.097196,36.505647,32.900013
2024-07-31,32.971698,2024-03-31,2023-12-31,3.200000,6.971698,4.729364,6.430190,2.287686,12.931231,28.880287,44.829343,60.778398,76.727454,,,,,,,,,,34.716981,33.806604,34.592767,35.450865,34.716981,38.291418,31.142544,36.504200,32.929763
2024-08-01,33.018868,2024-03-31,2023-12-31,3.200000,6.971698,4.736130,6.390512,2.275297,12.827353,28.690038,44.552724,60.415409,76.278095,,,,,,,,,,34.705189,33.789308,34.578223,35.423546,34.705189,38.301428,31.108949,36.503308,32.907069
2024-08-02,32.264151,2024-03-31,2023-12-31,3.200000,6.971698,4.627876,6.349826,2.262659,12.719916,28.494491,44.269066,60.043642,75.818217,,,,,,,,,,34.629717,33.760220,34.556997,35.399371,34.629717,38.368794,30.890640,36.499255,32.760179
2024-08-05,29.150943,2024-03-31,2023-12-31,3.200000,6.971698,4.181326,6.305739,2.252839,12.549483,28.255598,43.961712,59.667826,75.373941,,,,,,,,,,34.367925,33.680031,34.511006,35.364976,34.367925,38.839956,29.895893,36.603940,32.131909
2024-08-06,29.150943,2024-03-31,2023-12-31,3.200000,6.971698,4.181326,6.260580,2.240520,12.406412,28.026642,43.646871,59.267100,74.887329,,,,,,,,,,33.863208,33.600629,34.461085,35.317610,33.863208,38.295839,29.430577,36.079523,31.646892
2024-08-07,30.188679,2024-03-31,2023-12-31,3.200000,6.971698,4.330176,6.216553,2.225943,12.302717,27.821323,43.339929,58.858535,74.377140,,,,,,,,,,33.497642,33.533805,34.419418,35.259827,33.497642,37.872983,29.122300,35.685312,31.309971
2024-08-08,29.575472,2024-03-31,2023-12-31,3.200000,6.971698,4.242219,6.173296,2.213314,12.177250,27.607804,43.038358,58.468912,73.899466,,,,,,,,,,33.219340,33.452830,34.378145,35.196344,33.219340,37.854769,28.583910,35.537054,30.901625
2024-08-09,28.349057,2024-03-31,2023-12-31,3.200000,6.971698,4.066306,6.128037,2.200259,12.043734,27.383279,42.722824,58.062369,73.401913,,,,,,,,,,32.879717,33.352987,34.324686,35.131093,32.879717,37.901402,27.858032,35.390560,30.368874
2024-08-12,30.188679,2024-03-31,2023-12-31,3.200000,6.971698,4.330176,6.082292,2.179834,12.009612,27.206758,42.403903,57.601048,72.798193,,,,,,,,,,32.568396,33.290094,34.276730,35.076454,32.568396,37.436913,27.699879,35.002655,30.134138
2024-08-13,28.962264,2024-03-31,2023-12-31,3.200000,6.971698,4.154263,6.035403,2.160032,11.958819,27.017913,42.077008,57.136102,72.195196,,,,,,,,,,32.212264,33.202044,34.219733,35.019261,32.212264,37.039564,27.384964,34.625914,29.798614
2024-08-14,27.028302,2024-08-14,2024-06-30,0.050000,6.603774,4.092857,5.987573,2.138688,11.293755,25.417165,39.540575,53.663985,67.787396,,,,,,,,,,31.801887,33.070755,34.145047,34.954403,31.801887,36.932838,26.670936,34.367362,29.236411
2024-08-15,28.962264,2024-08-14,2024-06-30,0.050000,6.603774,4.385714,5.943257,2.116017,11.300534,25.274229,39.247924,53.221619,67.195314,,,,,,,,,,31.483491,32.985063,34.090409,34.904285,31.483491,36.481146,26.485836,33.982318,28.984663
2024-08-16,28.867925,2024-08-14,2024-06-30,0.050000,6.603774,4.371429,5.899359,2.093217,11.311772,25.134902,38.958032,52.781162,66.604292,,,,,,,,,,31.143868,32.893868,34.036950,34.855739,31.143868,35.861730,26.426006,33.502799,28.784937
2024-08-19,28.962264,2024-08-14,2024-06-30,0.050000,6.603774,4.385714,5.855043,2.068142,11.350291,25.007836,38.665381,52.322925,65.980470,,,,,,,,,,30.801887,32.801101,33.982311,34.813483,30.801887,35.068028,26.535746,32.934957,28.668816
2024-08-20,28.915094,2024-08-14,2024-06-30,0.050000,6.603774,4.378571,5.810131,2.040791,11.414941,24.891866,38.368790,51.845715,65.322640,,,,,,,,,,30.558962,32.712264,33.925314,34.774764,30.558962,34.662839,26.455086,32.610900,28.507024
2024-08-21,29.433962,2024-08-14,2024-06-30,0.050000,6.603774,4.457143,5.765444,2.010748,11.516634,24.795161,38.073687,51.352214,64.630741,,,,,,,,,,30.415094,32.618711,33.871069,34.735063,30.415094,34.461651,26.368537,32.438373,28.391816
2024-08-22,30.660377,2024-08-14,2024-06-30,0.050000,6.603774,4.642857,5.723486,1.980731,11.636008,24.716307,37.796605,50.876904,63.957202,,,,,,,,,,30.264151,32.559748,33.831368,34.701454,30.264151,34.012253,26.516049,32.138202,28.390100
2024-08-23,30.377358,2024-08-14,2024-06-30,0.050000,6.603774,4.600000,5.680097,1.947279,11.791288,24.650681,37.510073,50.369465,63.228858,,,,,,,,,,30.110849,32.498428,33.785377,34.669418,30.110849,33.549467,26.672231,31.830158,28.391540
2024-08-26,29.292453,2024-08-14,2024-06-30,0.050000,6.603774,4.435714,5.635446,1.913293,11.945296,24.580252,37.215209,49.850166,62.485122,,,,,,,,,,29.938679,32.405660,33.730739,34.635024,29.938679,33.161974,26.715384,31.550327,28.327032
2024-08-27,30.660377,2024-08-14,2024-06-30,0.050000,6.603774,4.642857,5.593917,1.879732,12.114312,24.527638,36.940964,49.354289,61.767615,,,,,,,,,,29.849057,32.345126,33.692610,34.603970,29.849057,32.871429,26.826684,31.360243,28.337870
2024-08-28,29.245283,2024-08-14,2024-06-30,0.050000,6.603774,4.428571,5.550710,1.845848,12.276507,24.466071,36.655635,48.845199,61.034762,,,,,,,,,,29.662736,32.265723,33.643082,34.567610,29.662736,32.310847,27.014625,30.986791,28.338680
2024-08-29,29.764151,2024-08-14,2024-06-30,0.050000,6.603774,4.507143,5.508480,1.810645,12.462581,24.419669,36.376757,48.333846,60.290934,,,,,,,,,,29.500000,32.198113,33.599057,34.533805,29.500000,31.628817,27.371183,30.564409,28.435591
2024-08-30,30.283019,2024-08-14,2024-06-30,0.050000,6.603774,4.585714,5.465617,1.770317,12.712146,24.402920,36.093694,47.784468,59.475242,,,,,,,,,,29.400943,32.131289,33.554638,34.504717,29.400943,31.136193,27.665694,30.268568,28.533318
2024-09-02,28.867925,2024-08-14,2024-06-30,0.050000,6.603774,4.371429,5.420108,1.726774,12.986717,24.389941,35.793165,47.196389,58.599612,,,,,,,,,,29.386792,32.043239,33.495283,34.468357,29.386792,31.135193,27.638392,30.260993,28.512592
2024-09-03,28.490566,2024-08-14,2024-06-30,0.050000,6.603774,4.314286,5.372619,1.677049,13.329862,24.404712,35.479563,46.554413,57.629264,,,,,,,,,,29.353774,31.937107,33.427280,34.429638,29.353774,31.145338,27.562209,30.249556,28.457992
2024-09-04,29.245283,2024-08-14,2024-06-30,0.050000,6.603774,4.428571,5.325439,1.621948,13.746040,24.457017,35.167995,45.878972,56.589949,,,,,,,,,,29.306604,31.856918,33.363208,34.397209,29.306604,31.054763,27.558445,30.180683,28.432524
2024-09-05,28.301887,2024-08-14,2024-06-30,0.050000,6.603774,4.285714,5.277391,1.565175,14.178568,24.514630,34.850693,45.186755,55.522817,,,,,,,,,,29.242925,31.766509,33.292453,34.371659,29.242925,31.041892,27.443957,30.142408,28.343441
2024-09-06,28.396226,2024-08-14,2024-06-30,0.050000,6.603774,4.300000,5.229461,1.504643,14.661535,24.597856,34.534177,44.470497,54.406818,,,,,,,,,,29.245283,31.680031,33.222484,34.345715,29.245283,31.039434,27.451132,30.142358,28.348208
2024-09-09,27.641509,2024-08-14,2024-06-30,0.050000,6.603774,4.185714,5.182727,1.447699,15.105002,24.665278,34.225555,43.785831,53.346108,,,,,,,,,,29.117925,31.579403,33.154088,34.310928,29.117925,30.990037,27.245812,30.053981,28.181868
2024-09-10,27.500000,2024-08-14,2024-06-30,0.050000,6.603774,4.164286,5.136029,1.387684,15.589265,24.753218,33.917172,43.081126,52.245079,,,,,,,,,,29.044811,31.487421,33.085299,34.275747,29.044811,31.051871,27.037752,30.048341,28.041282
2024-09-11,27.358491,2024-08-14,2024-06-30,0.050000,6.603774,4.142857,5.088938,1.322653,16.137194,24.871693,33.606192,42.340691,51.075189,,,,,,,,,,29.061321,31.404088,33.014544,34.236046,29.061321,31.002904,27.119738,30.032112,28.090529
2024-09-12,27.358491,2024-08-14,2024-06-30,0.050000,6.603774,4.142857,5.042920,1.256515,16.706816,25.004560,33.302303,41.600046,49.897790,,,,,,,,,,28.981132,31.323113,32.947720,34.196934,28.981132,31.067050,26.895215,30.024091,27.938173
2024-09-13,27.405660,2024-08-14,2024-06-30,0.050000,6.603774,4.150000,4.995996,1.180960,17.394843,25.193634,32.992425,40.791216,48.590007,,,,,,,,,,28.908019,31.259434,32.877752,34.159395,28.908019,31.109926,26.706111,30.008973,27.807065
2024-09-16,26.462264,2024-08-14,2024-06-30,0.050000,6.603774,4.007143,4.947237,1.096274,18.191334,25.430882,32.670430,39.909978,47.149526,,,,,,,,,,28.783019,31.187893,32.797563,34.110259,28.783019,31.240924,26.325114,30.011971,27.554066
2024-09-18,26.839623,2024-08-14,2024-06-30,0.050000,6.603774,4.064286,4.897343,0.993437,19.220073,25.780508,32.340942,38.901377,45.461812,,,,,,,,,,28.679245,31.120283,32.714623,34.063090,28.679245,31.284508,26.073983,29.981877,27.376614
2024-09-19,27.500000,2024-08-14,2024-06-30,0.050000,6.603774,4.164286,4.848390,0.875722,20.451524,26.234596,32.017667,37.800739,43.583810,,,,,,,,,,28.582547,31.084906,32.637579,34.020637,28.582547,31.213302,25.951793,29.897924,27.267170
2024-09-20,27.452830,2024-08-14,2024-06-30,0.050000,6.603774,4.157143,4.799807,0.739339,21.931987,26.814411,31.696835,36.579260,41.461684,,,,,,,,,,28.422170,31.039308,32.561714,33.975432,28.422170,30.906588,25.937751,29.664379,27.179960
2024-09-23,27.311321,2024-08-14,2024-06-30,0.050000,6.603774,4.135714,4.751582,0.572229,23.820631,27.599500,31.378370,35.157240,38.936110,,,,,,,,,,28.268868,30.992925,32.486635,33.937893,28.268868,30.620118,25.917618,29.444493,27.093243
2024-09-24,27.358491,2024-08-14,2024-06-30,0.050000,6.603774,4.142857,4.704813,0.343467,26.533161,28.801339,31.069517,33.337696,35.605874,,,,,,,,,,28.172170,30.942610,32.417060,33.900550,28.172170,30.505175,25.839165,29.338672,27.005667
2024-09-25,30.330189,2024-08-14,2024-06-30,0.050000,6.603774,4.592857,4.700405,0.341459,26.530574,28.785492,31.040410,33.295328,35.550246,,,,,,,,,,28.155660,30.902516,32.372248,33.875197,28.155660,30.418135,25.893186,29.286898,27.024423
2024-09-26,31.037736,2024-08-14,2024-06-30,0.050000,6.603774,4.700000,4.696890,0.339249,26.536555,28.776877,31.017198,33.257520,35.497841,,,,,,,,,,28.245283,30.875000,32.333333,33.846502,28.245283,30.811160,25.679406,29.528222,26.962344
2024-09-27,32.028302,2024-08-14,2024-06-30,0.050000,6.603774,4.850000,4.695527,0.338293,26.540176,28.774187,31.008199,33.242210,35.476222,,,,,,,,,,28.358491,30.854560,32.308962,33.822524,28.358491,31.367972,25.349009,29.863231,26.853750
2024-09-30,31.698113,2024-08-14,2024-06-30,0.050000,6.603774,4.800000,4.693522,0.336941,26.544793,28.769876,30.994959,33.220042,35.445124,,,,,,,,,,28.429245,30.819969,32.280267,33.801690,28.429245,31.685649,25.172841,30.057447,26.801043
2024-10-01,32.075472,2024-08-14,2024-06-30,0.050000,6.603774,4.857143,4.690979,0.334515,26.560034,28.769098,30.978161,33.187224,35.396287,,,,,,,,,,28.589623,30.781447,32.247642,33.785770,28.589623,32.230268,24.948978,30.409945,26.769300
2024-10-04,31.132075,2024-08-14,2024-06-30,0.050000,6.603774,4.714286,4.686286,0.330141,26.586821,28.766996,30.947172,33.127347,35.307523,,,,,,,,,,28.721698,30.646226,32.200472,33.766116,28.721698,32.534786,24.908610,30.628242,26.815154
2024-10-07,31.226415,2024-08-14,2024-06-30,0.050000,6.603774,4.728571,4.683517,0.328361,26.592039,28.760461,30.928884,33.097306,35.265729,,,,,,,,,,28.820755,30.541667,32.166667,33.751769,28.820755,32.790814,24.850696,30.805784,26.835725
2024-10-08,31.037736,2024-08-14,2024-06-30,0.050000,6.603774,4.700000,4.680960,0.327015,26.592939,28.752470,30.912002,33.071533,35.231065,,,,,,,,,,28.957547,30.473270,32.134434,33.742531,28.957547,33.039292,24.875802,30.998420,26.916675
2024-10-09,31.179245,2024-08-14,2024-06-30,0.050000,6.603774,4.721429,4.679654,0.326533,26.590675,28.747024,30.903374,33.059723,35.216072,,,,,,,,,,29.096698,30.407233,32.110849,33.730542,29.096698,33.286200,24.907196,31.191449,27.001947
2024-10-11,30.188679,2024-08-14,2024-06-30,0.050000,6.603774,4.571429,4.677717,0.326480,26.578593,28.734590,30.890587,33.046583,35.202580,,,,,,,,,,29.224057,30.303459,32.083333,33.719143,29.224057,33.382044,25.066069,31.303050,27.145063
2024-10-14,30.188679,2024-08-14,2024-06-30,0.050000,6.603774,4.571429,4.675781,0.326415,26.566664,28.722232,30.877799,33.033367,35.188935,,,,,,,,,,29.358491,30.205189,32.055818,33.708726,29.358491,33.455184,25.261797,31.406837,27.310144
2024-10-15,29.764151,2024-08-14,2024-06-30,0.050000,6.603774,4.507143,4.671618,0.325342,26.553336,28.701820,30.850304,32.998789,35.147273,,,,,,,,,,29.478774,30.113994,32.012972,33.695951,29.478774,33.468074,25.489473,31.473424,27.484123
2024-10-16,29.764151,2024-08-14,2024-06-30,0.050000,6.603774,4.507143,4.668638,0.325196,26.535585,28.683107,30.830629,32.978150,35.125672,,,,,,,,,,29.599057,30.021226,31.978381,33.685535,29.599057,33.462255,25.735858,31.530656,27.667457
2024-10-17,29.339623,2024-08-14,2024-06-30,0.050000,6.603774,4.442857,4.663375,0.323681,26.520843,28.658358,30.795872,32.933387,35.070902,,,,,,,,,,29.695755,29.915881,31.928066,33.674528,29.695755,33.422182,25.969327,31.558969,27.832541
2024-10-18,28.915094,2024-08-14,2024-06-30,0.050000,6.603774,4.378571,4.657971,0.322970,26.494538,28.627361,30.760185,32.893009,35.025832,,,,,,,,,,29.818396,29.801101,31.876965,33.664898,29.818396,33.246236,26.390557,31.532316,28.104476
2024-10-21,28.820755,2024-08-14,2024-06-30,0.050000,6.603774,4.364286,4.653293,0.323127,26.461585,28.595441,30.729296,32.863152,34.997008,,,,,,,,,,29.917453,29.718553,31.830975,33.655464,29.917453,33.087671,26.747234,31.502562,28.332344
2024-10-22,27.971698,2024-08-14,2024-06-30,0.050000,6.603774,4.235714,4.647488,0.324327,26.407399,28.549180,30.690960,32.832741,34.974521,,,,,,,,,,29.941038,29.646226,31.777516,33.642492,29.941038,33.041788,26.840287,31.491413,28.390662
2024-10-23,28.301887,2024-08-14,2024-06-30,0.050000,6.603774,4.285714,4.643058,0.325616,26.361122,28.511413,30.661705,32.811997,34.962288,,,,,,,,,,29.983491,29.556604,31.733491,33.634827,29.983491,32.961629,27.005352,31.472560,28.494422
2024-10-24,27.641509,2024-08-14,2024-06-30,0.050000,6.603774,4.185714,4.637062,0.327367,26.298392,28.460249,30.622106,32.783964,34.945821,,,,,,,,,,30.000000,29.459906,31.678852,33.625590,30.000000,32.918837,27.081163,31.459418,28.540582
2024-10-25,28.254717,2024-08-14,2024-06-30,0.050000,6.603774,4.278571,4.632065,0.328230,26.253988,28.421548,30.589107,32.756667,34.924226,,,,,,,,,,30.044811,29.385220,31.630896,33.608687,30.044811,32.816716,27.272906,31.430764,28.658859
2024-10-28,28.254717,2024-08-14,2024-06-30,0.050000,6.603774,4.278571,4.626053,0.328041,26.216783,28.383094,30.549406,32.715718,34.882029,,,,,,,,,,29.941038,29.315252,31.575865,33.596895,29.941038,32.821244,27.060832,31.381141,28.500935
2024-10-29,0.000000,2024-08-14,2024-06-30,0.050000,6.603774,0.000000,4.584499,0.533492,23.228877,26.751935,30.274993,33.798052,37.321110,,,,,,,,,,28.389151,28.765723,31.286164,33.462854,28.389151,42.050468,14.727834,35.219809,21.558493
2024-10-30,28.301887,2024-08-14,2024-06-30,0.050000,6.603774,4.285714,4.579505,0.533460,23.196315,26.719165,30.242015,33.764865,37.287715,,,,,,,,,,28.202830,28.687107,31.238208,33.447131,28.202830,41.756388,14.649273,34.979609,21.426051
2024-11-01,28.396226,2024-08-14,2024-06-30,0.050000,6.603774,4.300000,4.574687,0.533351,23.165940,26.688068,30.210195,33.732322,37.254450,,,,,,,,,,28.037736,28.622642,31.191431,33.435928,28.037736,41.492104,14.583367,34.764920,21.310552
2024-11-04,27.547170,2024-08-14,2024-06-30,0.050000,6.603774,4.171429,4.568853,0.533906,23.120089,26.645881,30.171672,33.697463,37.223255,,,,,,,,,,27.811321,28.595912,31.137972,33.415684,27.811321,41.131327,14.491314,34.471324,21.151318
2024-11-05,27.547170,2024-08-14,2024-06-30,0.050000,6.603774,4.171429,4.563076,0.534428,23.075037,26.604279,30.133521,33.662763,37.192005,,,,,,,,,,27.632075,28.569182,31.084906,33.395047,27.632075,40.860092,14.404059,34.246084,21.018067
2024-11-06,28.726415,2024-08-14,2024-06-30,0.050000,6.603774,4.350000,4.558449,0.533844,23.052196,26.577580,30.102963,33.628347,37.153731,,,,,,,,,,27.507075,28.544811,31.039308,33.384827,27.507075,40.638980,14.375171,34.073028,20.941123
2024-11-07,28.679245,2024-08-14,2024-06-30,0.050000,6.603774,4.342857,4.553480,0.533045,23.029930,26.550041,30.070151,33.590261,37.110372,,,,,,,,,,27.389151,28.529874,30.991352,33.367925,27.389151,40.429599,14.348703,33.909375,20.868927
2024-11-08,28.679245,2024-08-14,2024-06-30,0.050000,6.603774,4.342857,4.548624,0.532281,23.007960,26.523022,30.038083,33.553145,37.068206,,,,,,,,,,27.264151,28.535377,30.944182,33.355542,27.264151,40.199131,14.329171,33.731641,20.796661
2024-11-11,28.679245,2024-08-14,2024-06-30,0.050000,6.603774,4.342857,4.544219,0.531774,22.985568,26.497281,30.008994,33.520707,37.032420,,,,,,,,,,27.188679,28.510220,30.900157,33.334119,27.188679,40.069312,14.308046,33.628996,20.748363
2024-11-12,28.584906,2024-08-14,2024-06-30,0.050000,6.603774,4.328571,4.539357,0.531049,22.963027,26.469956,29.976885,33.483814,36.990743,,,,,,,,,,27.108491,28.503931,30.852987,33.312107,27.108491,39.930320,14.286662,33.519405,20.697576
2024-11-13,28.584906,2024-08-14,2024-06-30,0.050000,6.603774,4.328571,4.533705,0.529640,22.944317,26.441940,29.939563,33.437185,36.934808,,,,,,,,,,27.049528,28.529874,30.800314,33.290291,27.049528,39.830719,14.268338,33.440123,20.658933
2024-11-14,27.358491,2024-08-14,2024-06-30,0.050000,6.603774,4.142857,4.527464,0.529798,22.901021,26.399685,29.898350,33.397015,36.895680,,,,,,,,,,26.929245,28.503145,30.744104,33.262579,26.929245,39.647995,14.210495,33.288620,20.569870
2024-11-15,26.981132,2024-08-14,2024-06-30,0.050000,6.603774,4.085714,4.520466,0.530042,22.851579,26.351855,29.852132,33.352408,36.852684,,,,,,,,,,26.811321,28.471698,30.682783,33.233294,26.811321,39.479607,14.143035,33.145464,20.477178
2024-11-18,26.981132,2024-08-14,2024-06-30,0.050000,6.603774,4.085714,4.513241,0.530010,22.804293,26.304358,29.804423,33.304489,36.804554,,,,,,,,,,26.714623,28.438679,30.619890,33.205189,26.714623,39.344762,14.084484,33.029692,20.399553
2024-11-19,27.122642,2024-08-14,2024-06-30,0.050000,6.603774,4.107143,4.506534,0.530014,22.759948,26.260038,29.760129,33.260219,36.760309,,,,,,,,,,26.629717,28.408805,30.560535,33.176494,26.629717,39.223019,14.036415,32.926368,20.333066
2024-11-20,28.254717,2024-08-14,2024-06-30,0.050000,6.603774,4.278571,4.500296,0.528238,22.742214,26.230576,29.718938,33.207300,36.695662,,,,,,,,,,26.643868,28.389151,30.503931,33.152123,26.643868,39.244153,14.043583,32.944011,20.343725
2024-11-21,27.924528,2024-08-14,2024-06-30,0.050000,6.603774,4.228571,4.494657,0.527490,22.714855,26.198277,29.681698,33.165119,36.648541,,,,,,,,,,26.625000,28.343553,30.451651,33.126572,26.625000,39.215958,14.034042,32.920479,20.329521
2024-11-22,26.933962,2024-08-14,2024-06-30,0.050000,6.603774,4.078571,4.487937,0.527612,22.668862,26.153091,29.637320,33.121549,36.605778,,,,,,,,,,26.589623,28.286164,30.392296,33.091588,26.589623,39.172529,14.006717,32.881076,20.298170
2024-11-25,26.509434,2024-08-14,2024-06-30,0.050000,6.603774,4.014286,4.479723,0.527246,22.619452,26.101264,29.583075,33.064886,36.546697,,,,,,,,,,26.502358,28.239780,30.322720,33.053263,26.502358,39.060827,13.943890,32.781593,20.223124
2024-11-26,25.896226,2024-08-14,2024-06-30,0.050000,6.603774,3.921429,4.471411,0.528126,22.552933,26.040560,29.528188,33.015815,36.503442,,,,,,,,,,26.384434,28.160377,30.252752,33.003145,26.384434,38.917887,13.850981,32.651160,20.117708
2024-11-27,25.896226,2024-08-14,2024-06-30,0.050000,6.603774,3.921429,4.463438,0.529155,22.486700,25.981117,29.475534,32.969951,36.464368,,,,,,,,,,27.679245,28.104560,30.185142,32.954403,27.679245,29.556231,25.802260,28.617738,26.740753
2024-11-28,26.415094,2024-08-14,2024-06-30,0.050000,6.603774,4.000000,4.456345,0.529618,22.433736,25.931215,29.428694,32.926173,36.423652,,,,,,,,,,27.584906,28.048742,30.123428,32.907233,27.584906,29.518922,25.650889,28.551914,26.617897
2024-11-29,26.367925,2024-08-14,2024-06-30,0.050000,6.603774,3.992857,4.448629,0.529569,22.383429,25.880584,29.377738,32.874892,36.372046,,,,,,,,,,27.483491,27.983491,30.057390,32.858491,27.483491,29.450808,25.516173,28.467149,26.499832
2024-12-02,26.415094,2024-08-14,2024-06-30,0.050000,6.603774,4.000000,4.441141,0.529507,22.334806,25.831549,29.328291,32.825034,36.321777,,,,,,,,,,27.426887,27.942610,29.992925,32.807980,27.426887,29.450819,25.402954,28.438853,26.414921
2024-12-03,26.367925,2024-08-14,2024-06-30,0.050000,6.603774,3.992857,4.432748,0.528555,22.291950,25.782408,29.272867,32.763325,36.253784,,,,,,,,,,27.367925,27.907233,29.922170,32.759827,27.367925,29.445111,25.290738,28.406518,26.329331
2024-12-04,26.367925,2024-08-14,2024-06-30,0.050000,6.603774,3.992857,4.425314,0.528415,22.244708,25.734240,29.223772,32.713304,36.202836,,,,,,,,,,27.250000,27.859277,29.858097,32.703813,27.250000,29.269443,25.230557,28.259722,26.240278
2024-12-05,25.283019,2024-08-14,2024-06-30,0.050000,6.603774,3.828571,4.416905,0.529825,22.170549,25.669396,29.168243,32.667089,36.165936,,,,,,,,,,27.080189,27.808962,29.787736,32.649568,27.080189,29.163747,24.996630,28.121968,26.038410
2024-12-06,25.471698,2024-08-14,2024-06-30,0.050000,6.603774,3.857143,4.408904,0.530977,22.102505,25.608954,29.115403,32.621851,36.128300,,,,,,,,,,26.919811,27.760220,29.720126,32.590016,26.919811,28.978764,24.860858,27.949288,25.890335
2024-12-09,26.273585,2024-08-14,2024-06-30,0.050000,6.603774,3.978571,4.401802,0.530985,22.055489,25.561995,29.068500,32.575006,36.081512,,,,,,,,,,26.799528,27.737421,29.658412,32.538325,26.799528,28.700733,24.898323,27.750131,25.848926
2024-12-10,26.698113,2024-08-14,2024-06-30,0.050000,6.603774,4.042857,4.396024,0.531089,22.015972,25.523160,29.030349,32.537537,36.044725,,,,,,,,,,26.705189,27.724057,29.605739,32.492925,26.705189,28.410534,24.999843,27.557862,25.852516
2024-12-11,27.264151,2024-08-14,2024-06-30,0.050000,6.603774,4.128571,4.391751,0.531161,21.986797,25.494462,29.002127,32.509792,36.017457,,,,,,,,,,26.639151,27.722484,29.563286,32.449882,26.639151,28.126349,25.151953,27.382750,25.895552
2024-12-12,27.358491,2024-08-14,2024-06-30,0.050000,6.603774,4.142857,4.387765,0.531220,21.959701,25.467754,28.975808,32.483861,35.991915,,,,,,,,,,26.639151,27.722484,29.522799,32.407626,26.639151,28.126349,25.151953,27.382750,25.895552
2024-12-13,27.311321,2024-08-14,2024-06-30,0.050000,6.603774,4.135714,4.384904,0.531648,21.935146,25.446030,28.956915,32.467799,35.978683,,,,,,,,,,26.655660,27.720912,29.490173,32.370283,26.655660,28.165994,25.145327,27.410827,25.900494
2024-12-16,27.311321,2024-08-14,2024-06-30,0.050000,6.603774,4.135714,4.382607,0.532128,21.913637,25.427691,28.941745,32.455799,35.969853,,,,,,,,,,26.672170,27.735063,29.461478,32.326454,26.672170,28.204541,25.139798,27.438355,25.905984
2024-12-17,27.311321,2024-08-14,2024-06-30,0.050000,6.603774,4.135714,4.380141,0.532585,21.891323,25.408391,28.925459,32.442526,35.959594,,,,,,,,,,26.681604,27.742925,29.431604,32.289505,26.681604,28.227912,25.135296,27.454758,25.908450
2024-12-18,26.132075,2024-08-14,2024-06-30,0.050000,6.603774,3.957143,4.377709,0.533853,21.858505,25.383952,28.909398,32.434845,35.960291,,,,,,,,,,26.575472,27.720126,29.402516,32.247642,26.575472,27.948873,25.202071,27.262172,25.888771
2024-12-19,26.226415,2024-08-14,2024-06-30,0.050000,6.603774,3.971429,4.374719,0.535125,21.821971,25.355813,28.889656,32.423498,35.957341,,,,,,,,,,26.490566,27.699686,29.369497,32.206368,26.490566,27.714649,25.266483,27.102608,25.878525
2024-12-20,25.000000,2024-08-14,2024-06-30,0.050000,6.603774,3.785714,4.370295,0.537797,21.757457,25.308948,28.860438,32.411928,35.963418,,,,,,,,,,26.393868,27.661164,29.327044,32.159395,26.393868,27.766953,25.020782,27.080411,25.707325
2024-12-23,26.933962,2024-08-14,2024-06-30,0.050000,6.603774,4.078571,4.367973,0.538455,21.733430,25.289266,28.845102,32.400939,35.956775,,,,,,,,,,26.415094,27.654088,29.298349,32.114583,26.415094,27.808675,25.021514,27.111884,25.718304
2024-12-24,26.839623,2024-08-14,2024-06-30,0.050000,6.603774,4.064286,4.362712,0.538312,21.700587,25.255476,28.810364,32.365252,35.920141,,,,,,,,,,26.462264,27.595912,29.249214,32.075275,26.462264,27.845724,25.078804,27.153994,25.770534
2024-12-25,26.603774,2024-08-14,2024-06-30,0.050000,6.603774,4.028571,4.357211,0.538325,21.664080,25.219056,28.774032,32.329008,35.883985,,,,,,,,,,26.497642,27.522013,29.198506,32.031643,26.497642,27.856117,25.139166,27.176879,25.818404
2024-12-26,26.792453,2024-08-14,2024-06-30,0.050000,6.603774,4.057143,4.351270,0.537665,21.633574,25.184190,28.734805,32.285420,35.836036,,,,,,,,,,26.516509,27.434748,29.144654,31.989780,26.516509,27.880628,25.152391,27.198569,25.834450
2024-12-27,25.518868,2024-08-14,2024-06-30,0.050000,6.603774,3.864286,4.343103,0.537555,21.581084,25.130977,28.680869,32.230761,35.780653,,,,,,,,,,26.474057,27.331761,29.075865,31.942807,26.474057,27.908670,25.039443,27.191364,25.756750
2024-12-30,25.471698,2024-08-14,2024-06-30,0.050000,6.603774,3.857143,4.334143,0.536611,21.534384,25.078041,28.621699,32.165357,35.709014,,,,,,,,,,26.426887,27.221698,29.001572,31.890723,26.426887,27.930062,24.923711,27.178475,25.675299
2024-12-31,25.471698,2024-08-14,2024-06-30,0.050000,6.603774,3.857143,4.319376,0.524928,21.591173,25.057676,28.524179,31.990681,35.457184,,,,,,,,,,26.382075,27.127358,28.886792,31.839033,26.382075,27.944903,24.819247,27.163489,25.600661
2025-01-02,26.462264,2024-08-14,2024-06-30,0.050000,6.603774,4.007143,4.307944,0.516530,21.626597,25.037643,28.448689,31.859735,35.270781,,,,,,,,,,26.386792,27.047956,28.794811,31.791470,26.386792,27.950010,24.823575,27.168401,25.605184
2025-01-03,25.471698,2024-08-14,2024-06-30,0.050000,6.603774,3.857143,4.298082,0.513714,21.598661,24.991112,28.383562,31.776013,35.168463,,,,,,,,,,26.396226,26.955189,28.714230,31.744104,26.396226,27.933458,24.858995,27.164842,25.627611
2025-01-06,25.660377,2024-08-14,2024-06-30,0.050000,6.603774,3.885714,4.288458,0.510494,21.577628,24.948818,28.320007,31.691197,35.062387,,,,,,,,,,26.405660,26.863208,28.635220,31.696344,26.405660,27.921165,24.890156,27.163412,25.647908
2025-01-07,26.415094,2024-08-14,2024-06-30,0.050000,6.603774,4.000000,4.278264,0.503841,21.598189,24.925439,28.252689,31.579939,34.907189,,,,,,,,,,26.412736,26.800314,28.551887,31.651336,26.412736,27.926965,24.898507,27.169850,25.655622
2025-01-08,25.330189,2024-08-14,2024-06-30,0.050000,6.603774,3.835714,4.267096,0.498602,21.593622,24.886279,28.178936,31.471593,34.764249,,,,,,,,,,26.344340,26.719340,28.462264,31.602201,26.344340,27.926352,24.762327,27.135346,25.553333
2025-01-09,24.952830,2024-08-14,2024-06-30,0.050000,6.603774,3.778571,4.256466,0.495268,21.567461,24.838100,28.108740,31.379380,34.650019,,,,,,,,,,26.228774,26.639151,28.376572,31.556211,26.228774,27.864639,24.592908,27.046706,25.410841
2025-01-10,25.000000,2024-08-14,2024-06-30,0.050000,6.603774,3.785714,4.245783,0.491435,21.547545,24.792869,28.038193,31.283517,34.528841,,,,,,,,,,26.110849,26.559748,28.290487,31.508058,26.110849,27.743848,24.477850,26.927349,25.294349
2025-01-13,27.122642,2024-08-14,2024-06-30,0.050000,6.603774,4.107143,4.237384,0.485025,21.576738,24.779733,27.982728,31.185723,34.388717,,,,,,,,,,26.101415,26.522799,28.219340,31.465802,26.101415,27.707166,24.495664,26.904291,25.298540
2025-01-14,26.132075,2024-08-14,2024-06-30,0.050000,6.603774,3.957143,4.227566,0.478578,21.597056,24.757474,27.917891,31.078309,34.238726,,,,,,,,,,26.042453,26.476415,28.138758,31.425118,26.042453,27.544389,24.540516,26.793421,25.291485
2025-01-15,26.367925,2024-08-14,2024-06-30,0.050000,6.603774,3.992857,4.220470,0.475659,21.588743,24.729887,27.871030,31.012174,34.153318,,,,,,,,,,25.995283,26.435535,28.077044,31.385613,25.995283,27.384453,24.606113,26.689868,25.300698
2025-01-16,25.141509,2024-08-14,2024-06-30,0.050000,6.603774,3.807143,4.213574,0.475602,21.543952,24.684722,27.825492,30.966262,34.107032,,,,,,,,,,25.945755,26.388365,28.017296,31.341392,25.945755,27.384151,24.507358,26.664953,25.226557
2025-01-17,26.839623,2024-08-14,2024-06-30,0.050000,6.603774,4.064286,4.207186,0.472379,21.544341,24.663824,27.783307,30.902790,34.022272,,,,,,,,,,25.976415,26.363994,27.960299,31.306604,25.976415,27.465258,24.487572,26.720837,25.231994
2025-01-20,26.603774,2024-08-14,2024-06-30,0.050000,6.603774,4.028571,4.200783,0.469516,21.539868,24.640443,27.741018,30.841592,33.942167,,,,,,,,,,26.056604,26.346698,27.903302,31.272013,26.056604,27.495952,24.617255,26.776278,25.336929
2025-01-21,27.547170,2024-08-14,2024-06-30,0.050000,6.603774,4.171429,4.196415,0.467307,21.540194,24.626185,27.712175,30.798166,33.884156,,,,,,,,,,26.087264,26.334906,27.860063,31.242138,26.087264,27.627867,24.546661,26.857565,25.316963
2025-01-22,26.226415,2024-08-14,2024-06-30,0.050000,6.603774,3.971429,4.190719,0.465835,21.522029,24.598295,27.674561,30.750827,33.827093,,,,,,,,,,26.056604,26.301101,27.808176,31.206761,26.056604,27.558072,24.555135,26.807338,25.305869
2025-02-03,27.405660,2024-08-14,2024-06-30,0.050000,6.603774,4.150000,4.185891,0.463200,21.524943,24.583810,27.642678,30.701545,33.760412,,,,,,,,,,26.096698,26.757862,27.761792,31.177280,26.096698,27.699120,24.494276,26.897909,25.295487
2025-02-04,27.688679,2024-08-14,2024-06-30,0.050000,6.603774,4.192857,4.181364,0.460423,21.531717,24.572249,27.612780,30.653312,33.693843,,,,,,,,,,26.141509,26.747642,27.717374,31.147799,26.141509,27.870946,24.412073,27.006228,25.276791
2025-02-05,27.783019,2024-08-14,2024-06-30,0.050000,6.603774,4.207143,4.177858,0.458593,21.532740,24.561183,27.589627,30.618071,33.646514,,,,,,,,,,26.254717,26.737421,27.680031,31.118514,26.254717,28.104756,24.404678,27.179737,25.329697
2025-02-06,27.830189,2024-08-14,2024-06-30,0.050000,6.603774,4.214286,4.178132,0.458605,21.534395,24.562918,27.591441,30.619963,33.648486,,,,,,,,,,26.372642,26.742138,27.669025,31.090016,26.372642,28.311085,24.434198,27.341863,25.403420
2025-02-07,27.877358,2024-08-14,2024-06-30,0.050000,6.603774,4.221429,4.178467,0.458622,21.536378,24.565013,27.593648,30.622282,33.650917,,,,,,,,,,26.492925,26.747642,27.658412,31.059748,26.492925,28.493532,24.492317,27.493228,25.492621
2025-02-10,27.877358,2024-08-14,2024-06-30,0.050000,6.603774,4.221429,4.177560,0.458427,21.532968,24.560315,27.587663,30.615011,33.642358,,,,,,,,,,26.563679,26.733491,27.639151,31.029285,26.563679,28.657637,24.469721,27.610658,25.516700
2025-02-11,26.745283,2024-08-14,2024-06-30,0.050000,6.603774,4.050000,4.175959,0.458535,21.520964,24.549024,27.577085,30.605146,33.633206,,,,,,,,,,26.627358,26.701258,27.615566,30.996855,26.627358,28.657997,24.596720,27.642678,25.612039
2025-02-12,25.518868,2024-08-14,2024-06-30,0.050000,6.603774,3.864286,4.174275,0.459311,21.499595,24.532781,27.565968,30.599154,33.632340,,,,,,,,,,26.620283,26.648585,27.591981,30.958333,26.620283,28.666038,24.574528,27.643161,25.597405
2025-02-13,26.698113,2024-08-14,2024-06-30,0.050000,6.603774,4.042857,4.171881,0.459240,21.484716,24.517436,27.550156,30.582876,33.615596,,,,,,,,,,26.634434,26.615566,27.562893,30.919811,26.634434,28.678127,24.590740,27.656281,25.612587
2025-02-14,26.698113,2024-08-14,2024-06-30,0.050000,6.603774,4.042857,4.170952,0.459389,21.476624,24.510325,27.544025,30.577726,33.611426,,,,,,,,,,26.702830,26.584119,27.544025,30.881879,26.702830,28.652118,24.753542,27.677474,25.728186
2025-02-17,26.698113,2024-08-14,2024-06-30,0.050000,6.603774,4.042857,4.170536,0.459483,21.472630,24.506952,27.541274,30.575595,33.609917,,,,,,,,,,26.790094,26.552673,27.541274,30.843160,26.790094,28.557275,25.022914,27.673685,25.906504
2025-02-18,26.698113,2024-08-14,2024-06-30,0.050000,6.603774,4.042857,4.167679,0.459200,21.457505,24.489955,27.522406,30.554856,33.587307,,,,,,,,,,26.875000,26.541667,27.522406,30.806407,26.875000,28.430550,25.319450,27.652775,26.097225
2025-02-19,26.698113,2024-08-14,2024-06-30,0.050000,6.603774,4.042857,4.164940,0.458954,21.442667,24.473495,27.504324,30.535153,33.565981,,,,,,,,,,26.853774,26.536950,27.504324,30.770637,26.853774,28.406679,25.300868,27.630226,26.077321
2025-02-20,24.764151,2024-08-14,2024-06-30,0.050000,6.603774,3.750000,4.159643,0.460052,21.393182,24.431261,27.469340,30.507418,33.545497,,,,,,,,,,26.785377,26.500000,27.469340,30.725825,26.785377,28.574633,24.996122,27.680005,25.890750
2025-02-21,25.518868,2024-08-14,2024-06-30,0.050000,6.603774,3.864286,4.155357,0.460391,21.360406,24.400722,27.441038,30.481353,33.521669,,,,,,,,,,26.742925,26.473270,27.441038,30.683176,26.742925,28.612377,24.873472,27.677651,25.808198
2025-02-24,24.952830,2024-08-14,2024-06-30,0.050000,6.603774,3.778571,4.149702,0.460820,21.317394,24.360545,27.403695,30.446845,33.489996,,,,,,,,,,26.733491,26.418239,27.403695,30.637382,26.733491,28.638535,24.828446,27.686013,25.780968
2025-02-25,24.575472,2024-08-14,2024-06-30,0.050000,6.603774,3.721429,4.142024,0.460210,21.274743,24.313865,27.352987,30.392109,33.431231,,,,,,,,,,26.620283,26.362421,27.352987,30.592178,26.620283,28.754127,24.486439,27.687205,25.553361
2025-02-26,24.528302,2024-08-14,2024-06-30,0.050000,6.603774,3.714286,4.134643,0.459906,21.230020,24.267133,27.304245,30.341358,33.378470,,,,,,,,,,26.516509,26.322327,27.304245,30.544811,26.516509,28.846582,24.186437,27.681545,25.351473
2025-02-27,24.528302,2024-08-14,2024-06-30,0.050000,6.603774,3.714286,4.128631,0.460652,21.180467,24.222505,27.264544,30.306583,33.348621,,,,,,,,,,26.365566,26.289308,27.264544,30.497642,26.365566,28.803162,23.927970,27.584364,25.146768
2025-03-03,23.207547,2024-08-14,2024-06-30,0.050000,6.603774,3.514286,4.119226,0.461584,21.106039,24.154238,27.202437,30.250636,33.298835,,,,,,,,,,26.214623,26.244497,27.202437,30.447524,26.214623,29.032683,23.396563,27.623653,24.805593
2025-03-04,24.292453,2024-08-14,2024-06-30,0.050000,6.603774,3.678571,4.112976,0.462437,21.053499,24.107331,27.161164,30.214996,33.268828,,,,,,,,,,26.058962,26.217767,27.161164,30.402123,26.058962,28.943166,23.174758,27.501064,24.616860
2025-03-05,25.330189,2024-08-14,2024-06-30,0.050000,6.603774,3.835714,4.107381,0.461690,21.026428,24.075321,27.124214,30.173107,33.222000,,,,,,,,,,25.941038,26.199686,27.124214,30.361635,25.941038,28.736166,23.145910,27.338602,24.543474
2025-03-06,26.509434,2024-08-14,2024-06-30,0.050000,6.603774,4.014286,4.102619,0.459657,21.021827,24.057297,27.092767,30.128237,33.163707,,,,,,,,,,25.877358,26.202044,27.092767,30.323703,25.877358,28.551192,23.203524,27.214275,24.540441
2025-03-07,26.084906,2024-08-14,2024-06-30,0.050000,6.603774,3.950000,4.099107,0.459196,21.004729,24.037152,27.069575,30.101999,33.134422,,,,,,,,,,25.790094,26.196541,27.069575,30.282429,25.790094,28.304760,23.275429,27.047427,24.532762
2025-03-10,27.028302,2024-08-14,2024-06-30,0.050000,6.603774,4.092857,4.097262,0.458768,20.998186,24.027788,27.057390,30.086992,33.116594,,,,,,,,,,25.747642,26.207547,27.057390,30.242335,25.747642,28.139613,23.355670,26.943627,24.551656
2025-03-11,28.349057,2024-08-14,2024-06-30,0.050000,6.603774,4.292857,4.096131,0.458111,20.999392,24.024657,27.049921,30.075186,33.100451,,,,,,,,,,25.771226,26.240566,27.049921,30.206564,25.771226,28.258999,23.283454,27.015113,24.527340
2025-03-12,28.915094,2024-08-14,2024-06-30,0.050000,6.603774,4.378571,4.096905,0.458513,20.999204,24.027118,27.055031,30.082945,33.110859,,,,,,,,,,25.879717,26.301101,27.055031,30.173742,25.879717,28.711771,23.047663,27.295744,24.463690
2025-03-13,27.452830,2024-08-14,2024-06-30,0.050000,6.603774,4.157143,4.095714,0.458166,20.995917,24.021544,27.047170,30.072796,33.098422,,,,,,,,,,25.976415,26.334119,27.047170,30.134827,25.976415,28.887555,23.065276,27.431985,24.520845
2025-03-14,27.405660,2024-08-14,2024-06-30,0.050000,6.603774,4.150000,4.095417,0.458119,20.994578,24.019891,27.045204,30.070518,33.095831,,,,,,,,,,26.011792,26.352987,27.045204,30.099646,26.011792,28.976563,23.047022,27.494178,24.529407
2025-03-17,28.773585,2024-08-14,2024-06-30,0.050000,6.603774,4.357143,4.097024,0.458700,20.997510,24.026664,27.055818,30.084971,33.114125,,,,,,,,,,26.115566,26.387579,27.055818,30.070558,26.115566,29.317307,22.913825,27.716436,24.514696
2025-03-18,28.773585,2024-08-14,2024-06-30,0.050000,6.603774,4.357143,4.098810,0.459297,21.001422,24.034516,27.067610,30.100704,33.133798,,,,,,,,,,26.219340,26.412736,27.067610,30.041077,26.219340,29.628407,22.810273,27.923873,24.514806
2025-03-19,26.509434,2024-08-14,2024-06-30,0.050000,6.603774,4.014286,4.097738,0.459343,20.993735,24.027135,27.060535,30.093935,33.127335,,,,,,,,,,26.209906,26.398585,27.060535,30.004127,26.209906,29.614435,22.805376,27.912170,24.507641
2025-03-20,28.867925,2024-08-14,2024-06-30,0.050000,6.603774,4.371429,4.099583,0.459999,20.997256,24.034988,27.072720,30.110452,33.148184,,,,,,,,,,26.318396,26.424528,27.072720,29.975236,26.318396,29.920960,22.715832,28.119678,24.517114
2025-03-21,26.603774,2024-08-14,2024-06-30,0.050000,6.603774,4.028571,4.099762,0.459967,20.998858,24.036379,27.073899,30.111420,33.148940,,,,,,,,,,26.410377,26.412736,27.073899,29.935731,26.410377,29.939035,22.881720,28.174706,24.646049
2025-03-24,27.830189,2024-08-14,2024-06-30,0.050000,6.603774,4.214286,4.101012,0.460074,21.005705,24.043930,27.082154,30.120378,33.158603,,,,,,,,,,26.525943,26.421384,27.082154,29.898388,26.525943,30.082945,22.968942,28.304444,24.747443
2025-03-25,27.877358,2024-08-14,2024-06-30,0.050000,6.603774,4.221429,4.101488,0.460170,21.007587,24.046443,27.085299,30.124154,33.163010,,,,,,,,,,26.672170,26.450472,27.085299,29.861439,26.672170,30.197185,23.147155,28.434677,24.909662
2025-03-26,27.830189,2024-08-14,2024-06-30,0.050000,6.603774,4.214286,4.101964,0.460257,21.009575,24.049009,27.088443,30.127878,33.167312,,,,,,,,,,26.834906,26.477201,27.088443,29.825079,26.834906,30.251196,23.418615,28.543051,25.126761
2025-03-27,27.830189,2024-08-14,2024-06-30,0.050000,6.603774,4.214286,4.102619,0.460362,21.012521,24.052644,27.092767,30.132890,33.173014,,,,,,,,,,27.000000,26.524371,27.092767,29.789701,27.000000,30.262627,23.737373,28.631313,25.368687
2025-03-28,27.641509,2024-08-14,2024-06-30,0.050000,6.603774,4.185714,4.102976,0.460410,21.014244,24.054685,27.095126,30.135567,33.176007,,,,,,,,,,27.155660,26.536164,27.095126,29.756093,27.155660,30.212322,24.098998,28.683991,25.627329
2025-03-31,26.367925,2025-03-31,2024-12-31,1.060000,6.349057,4.153046,4.099311,0.458223,20.208197,23.117478,26.026758,28.936039,31.845319,,,,,,,,,,27.313679,26.528302,27.062107,29.717178,27.313679,29.780881,24.846478,28.547280,26.080078
2025-04-01,27.783019,2025-03-31,2024-12-31,1.060000,6.349057,4.375929,4.096611,0.455600,20.224352,23.116982,26.009612,28.902242,31.794872,,,,,,,,,,27.488208,26.547956,27.034984,29.684159,27.488208,29.508990,25.467425,28.498599,26.477816
2025-04-02,28.726415,2025-03-31,2024-12-31,1.060000,6.349057,4.524517,4.093898,0.452032,20.252438,23.122414,25.992391,28.862368,31.732344,,,,,,,,,,27.658019,26.580189,27.007469,29.658215,27.658019,29.475844,25.840194,28.566931,26.749107
2025-04-07,25.283019,2025-03-31,2024-12-31,1.060000,6.349057,3.982169,4.087083,0.447439,20.267496,23.108308,25.949121,28.789933,31.630746,,,,,,,,,,27.596698,26.576258,26.954009,29.617138,27.596698,29.645702,25.547694,28.621200,26.572196
2025-04-08,25.566038,2025-03-31,2024-12-31,1.060000,6.349057,4.026746,4.080163,0.441815,20.294970,23.100078,25.905185,28.710293,31.515401,,,,,,,,,,27.570755,26.577830,26.899764,29.573703,27.570755,29.711443,25.430067,28.641099,26.500411
2025-04-09,25.754717,2025-03-31,2024-12-31,1.060000,6.349057,4.056464,4.074681,0.437945,20.309307,23.089844,25.870381,28.650918,31.431454,,,,,,,,,,27.507075,26.582547,26.854953,29.527712,27.507075,29.786952,25.227199,28.647014,26.367137
2025-04-10,27.877358,2025-03-31,2024-12-31,1.060000,6.349057,4.390788,4.071866,0.434781,20.331613,23.092061,25.852509,28.612957,31.373405,,,,,,,,,,27.483491,26.606132,26.827044,29.496855,27.483491,29.736291,25.230690,28.609891,26.357090
2025-04-11,28.726415,2025-03-31,2024-12-31,1.060000,6.349057,4.524517,4.070404,0.432942,20.345683,23.094454,25.843224,28.591995,31.340766,,,,,,,,,,27.474057,26.660377,26.807783,29.471108,27.474057,29.703070,25.245044,28.588563,26.359550
2025-04-14,27.405660,2025-03-31,2024-12-31,1.060000,6.349057,4.316493,4.067029,0.429388,20.369379,23.095590,25.821800,28.548010,31.274220,,,,,,,,,,27.471698,26.689465,26.776336,29.443593,27.471698,29.700905,25.242491,28.586302,26.357094
2025-04-15,27.311321,2025-03-31,2024-12-31,1.060000,6.349057,4.301634,4.064781,0.427427,20.380011,23.093768,25.807525,28.521282,31.235040,,,,,,,,,,27.466981,26.704403,26.752358,29.417846,27.466981,29.697176,25.236786,28.582078,26.351884
2025-04-16,28.160377,2025-03-31,2024-12-31,1.060000,6.349057,4.435364,4.063647,0.426250,20.387751,23.094039,25.800326,28.506614,31.212902,,,,,,,,,,27.436321,26.751572,26.735456,29.395637,27.436321,29.606947,25.265695,28.521634,26.351008
2025-04-17,28.066038,2025-03-31,2024-12-31,1.060000,6.349057,4.420505,4.062925,0.425566,20.391861,23.093802,25.795742,28.497683,31.199624,,,,,,,,,,27.400943,26.803459,26.721305,29.367138,27.400943,29.501741,25.300145,28.451342,26.350544
2025-04-18,26.556604,2025-03-31,2024-12-31,1.060000,6.349057,4.182764,4.060222,0.423747,20.397797,23.088188,25.778580,28.468971,31.159363,,,,,,,,,,27.403302,26.829403,26.694575,29.336478,27.403302,29.499988,25.306616,28.451645,26.354959
2025-04-21,27.641509,2025-03-31,2024-12-31,1.060000,6.349057,4.353640,4.059479,0.423148,20.400684,23.087272,25.773860,28.460447,31.147035,,,,,,,,,,27.341981,26.838050,26.680425,29.304245,27.341981,29.327076,25.356887,28.334528,26.349434
2025-04-22,27.547170,2025-03-31,2024-12-31,1.060000,6.349057,4.338782,4.059147,0.422911,20.401584,23.086669,25.771754,28.456840,31.141925,,,,,,,,,,27.389151,26.861635,26.669025,29.272995,27.389151,29.345006,25.433296,28.367078,26.411223
2025-04-23,27.452830,2025-03-31,2024-12-31,1.060000,6.349057,4.323923,4.058811,0.422682,20.402353,23.085986,25.769619,28.453252,31.136885,,,,,,,,,,27.370283,26.879717,26.657626,29.244300,27.370283,29.315475,25.425091,28.342879,26.397687
2025-04-24,27.405660,2025-03-31,2024-12-31,1.060000,6.349057,4.316493,4.059484,0.423030,20.402204,23.088048,25.773893,28.459737,31.145581,,,,,,,,,,27.346698,26.917453,26.652909,29.215212,27.346698,29.277388,25.416008,28.312043,26.381353
2025-04-25,26.084906,2025-03-31,2024-12-31,1.060000,6.349057,4.108470,4.058007,0.422543,20.399015,23.081765,25.764515,28.447265,31.130015,,,,,,,,,,27.259434,26.904874,26.634434,29.183962,27.259434,29.254796,25.264072,28.257115,26.261753
2025-04-28,27.264151,2025-03-31,2024-12-31,1.060000,6.349057,4.294205,4.058911,0.422934,20.399785,23.085020,25.770255,28.455490,31.140725,,,,,,,,,,27.231132,26.915881,26.631289,29.155071,27.231132,29.208383,25.253881,28.219757,26.242507
2025-04-29,27.216981,2025-03-31,2024-12-31,1.060000,6.349057,4.286776,4.058979,0.422971,20.399756,23.085222,25.770689,28.456156,31.141622,,,,,,,,,,27.209906,26.910377,26.622642,29.126769,27.209906,29.177699,25.242112,28.193802,26.226009
2025-04-30,27.264151,2025-03-31,2024-12-31,1.060000,6.349057,4.294205,4.059110,0.423042,20.399686,23.085601,25.771516,28.457431,31.143346,,,,,,,,,,27.254717,26.927673,26.614387,29.095126,27.254717,29.182183,25.327251,28.218450,26.290984
2025-05-02,27.264151,2025-03-31,2024-12-31,1.060000,6.349057,4.294205,4.094895,0.199199,23.469261,24.733989,25.998717,27.263446,28.528174,,,,,,,,,,27.228774,26.925314,26.841588,29.063876,27.228774,29.140200,25.317347,28.184487,26.273060
2025-05-05,27.264151,2025-03-31,2024-12-31,1.060000,6.349057,4.294205,4.094965,0.199269,23.468823,24.733995,25.999167,27.264338,28.529510,,,,,,,,,,27.155660,26.918239,26.832940,29.035574,27.155660,28.933050,25.378271,28.044355,26.266966
2025-05-06,27.641509,2025-03-31,2024-12-31,1.060000,6.349057,4.353640,4.095412,0.199793,23.465017,24.733511,26.002005,27.270499,28.538993,,,,,,,,,,27.273585,26.915881,26.826651,29.009041,27.273585,28.826641,25.720529,28.050113,26.497057
2025-05-07,27.641509,2025-03-31,2024-12-31,1.060000,6.349057,4.353640,4.096931,0.201063,23.458519,24.735082,26.011645,27.288209,28.564772,,,,,,,,,,27.377358,26.912736,26.827437,28.982704,27.377358,28.712014,26.042703,28.044686,26.710031
2025-05-08,27.405660,2025-03-31,2024-12-31,1.060000,6.349057,4.316493,4.098140,0.201949,23.454946,24.737133,26.019321,27.301508,28.583695,,,,,,,,,,27.459906,26.904874,26.826258,28.955582,27.459906,28.554654,26.365157,28.007280,26.912531
2025-05-09,27.641509,2025-03-31,2024-12-31,1.060000,6.349057,4.353640,4.098170,0.201988,23.454650,24.737082,26.019513,27.301945,28.584376,,,,,,,,,,27.448113,26.900943,26.817217,28.928263,27.448113,28.528920,26.367306,27.988517,26.907710
2025-05-12,29.905660,2025-03-31,2024-12-31,1.060000,6.349057,4.710253,4.101232,0.208410,23.392538,24.715745,26.038952,27.362159,28.685366,,,,,,,,,,27.507075,26.953616,26.827437,28.909395,27.507075,28.949634,26.064517,28.228355,26.785796
2025-05-13,30.000000,2025-03-31,2024-12-31,1.060000,6.349057,4.725111,4.104417,0.214953,23.329681,24.694429,26.059176,27.423924,28.788671,,,,,,,,,,27.636792,27.028302,26.838443,28.891313,27.636792,29.457867,25.815717,28.547330,26.726255
2025-05-14,31.226415,2025-03-31,2024-12-31,1.060000,6.349057,4.918276,4.109212,0.226428,23.214406,24.652014,26.089621,27.527228,28.964835,,,,,,,,,,27.832547,27.103774,26.859670,28.879914,27.832547,30.250269,25.414825,29.041408,26.623686
2025-05-15,31.320755,2025-03-31,2024-12-31,1.060000,6.349057,4.933135,4.114250,0.237791,23.102112,24.611860,26.121608,27.631356,29.141104,,,,,,,,,,27.990566,27.180818,26.882469,28.867728,27.990566,30.867929,25.113203,29.429247,26.551885
2025-05-16,30.424528,2025-03-31,2024-12-31,1.060000,6.349057,4.791976,4.118112,0.244956,23.035652,24.590889,26.146126,27.701363,29.256600,,,,,,,,,,28.108491,27.242925,26.897799,28.849057,28.108491,31.185284,25.031697,29.646887,26.570094
2025-05-19,31.320755,2025-03-31,2024-12-31,1.060000,6.349057,4.933135,4.124698,0.256001,22.937211,24.562575,26.187939,27.813302,29.438666,,,,,,,,,,28.346698,27.319969,26.930818,28.837461,28.346698,31.647162,25.046234,29.996930,26.696466
2025-05-20,30.613208,2025-03-31,2024-12-31,1.060000,6.349057,4.821694,4.130831,0.263758,22.877654,24.552266,26.226878,27.901491,29.576103,,,,,,,,,,28.495283,27.385220,26.961085,28.821934,28.495283,31.927032,25.063534,30.211158,26.779409
2025-05-21,32.122642,2025-03-31,2024-12-31,1.060000,6.349057,5.059435,4.138945,0.277003,22.760977,24.519687,26.278397,28.037107,29.795817,,,,,,,,,,28.724057,27.507862,27.003931,28.811910,28.724057,32.484021,24.964092,30.604039,26.844074
2025-05-22,32.122642,2025-03-31,2024-12-31,1.060000,6.349057,5.059435,4.146881,0.289446,22.653362,24.491072,26.328781,28.166491,30.004201,,,,,,,,,,28.957547,27.617925,27.045597,28.803066,28.957547,32.957451,24.957643,30.957499,26.957595
2025-05-23,30.613208,2025-03-31,2024-12-31,1.060000,6.349057,4.821694,4.151407,0.295701,22.602667,24.480092,26.357517,28.234942,30.112367,,,,,,,,,,29.117925,27.712264,27.065252,28.784591,29.117925,33.113048,25.122801,31.115486,27.120363
2025-05-26,30.613208,2025-03-31,2024-12-31,1.060000,6.349057,4.821694,4.156350,0.301894,22.555411,24.472155,26.388899,28.305643,30.222386,,,,,,,,,,29.344340,27.812893,27.087657,28.769654,29.344340,33.123122,25.565557,31.233731,27.454948
2025-05-27,33.018868,2025-03-31,2024-12-31,1.060000,6.349057,5.200594,4.165700,0.316488,22.429465,24.438864,26.448264,28.457663,30.467063,,,,,,,,,,29.632075,27.954403,27.138365,28.765330,29.632075,33.614810,25.649341,31.623443,27.640708
2025-05-28,31.886792,2025-03-31,2024-12-31,1.060000,6.349057,5.022288,4.174100,0.325679,22.366090,24.433843,26.501596,28.569349,30.637102,,,,,,,,,,29.865566,28.077044,27.183176,28.752948,29.865566,33.799388,25.931744,31.832477,27.898655
2025-05-29,33.396226,2025-03-31,2024-12-31,1.060000,6.349057,5.260030,4.185255,0.339580,22.260399,24.416409,26.572420,28.728430,30.884440,,,,,,,,,,30.172170,28.246855,27.245676,28.749214,30.172170,34.206864,26.137475,32.189517,28.154822
2025-06-02,36.037736,2025-03-31,2024-12-31,1.060000,6.349057,5.676077,4.199877,0.364953,22.031041,24.348149,26.665256,28.982363,31.299471,,,,,,,,,,30.610849,28.442610,27.330189,28.757665,30.610849,35.185921,26.035777,32.898385,28.323313
2025-06-03,38.066038,2025-03-31,2024-12-31,1.060000,6.349057,5.995542,4.216506,0.399590,21.696801,24.233819,26.770838,29.307856,31.844875,,,,,,,,,,31.150943,28.654874,27.427280,28.775354,31.150943,36.540388,25.761499,33.845666,28.456221
2025-06-04,39.669811,2025-03-31,2024-12-31,1.060000,6.349057,6.248143,4.235300,0.439978,21.303270,24.096716,26.890162,29.683609,32.477055,,,,,,,,,,31.752358,28.874214,27.538129,28.797759,31.752358,38.093370,25.411347,34.922864,28.581853
2025-06-05,39.433962,2025-03-31,2024-12-31,1.060000,6.349057,6.210996,4.253725,0.474947,20.976213,23.991678,27.007143,30.022609,33.038074,,,,,,,,,,32.341981,29.096698,27.646619,28.819772,32.341981,39.241941,25.442021,35.791961,28.892001
2025-06-06,38.679245,2025-03-31,2024-12-31,1.060000,6.349057,6.092125,4.271219,0.503086,20.729975,23.924094,27.118213,30.312332,33.506451,,,,,,,,,,32.905660,29.290881,27.749214,28.835692,32.905660,39.948146,25.863175,36.426903,29.384418
2025-06-09,38.207547,2025-03-31,2024-12-31,1.060000,6.349057,6.017831,4.288094,0.527060,20.532681,23.879017,27.225352,30.571688,33.918023,,,,,,,,,,33.433962,29.455189,27.847877,28.852987,33.433962,40.398542,26.469383,36.916252,29.951672
2025-06-10,38.632075,2025-03-31,2024-12-31,1.060000,6.349057,6.084695,4.306895,0.550260,20.357460,23.851091,27.344721,30.838351,34.331982,,,,,,,,,,33.870283,29.617138,27.959119,28.873428,33.870283,40.995693,26.744873,37.432988,30.307578
2025-06-11,37.028302,2025-03-31,2024-12-31,1.060000,6.349057,5.832095,4.323353,0.566004,20.262025,23.855619,27.449213,31.042808,34.636402,,,,,,,,,,34.221698,29.776730,28.055425,28.887775,34.221698,41.235798,27.207598,37.728748,30.714648
2025-06-12,37.122642,2025-03-31,2024-12-31,1.060000,6.349057,5.846954,4.338923,0.581915,20.158847,23.853457,27.548067,31.242677,34.937287,,,,,,,,,,34.516509,29.938679,28.145833,28.902123,34.516509,41.496090,27.536929,38.006300,31.026719
2025-06-13,36.745283,2025-03-31,2024-12-31,1.060000,6.349057,5.787519,4.353462,0.596078,20.071309,23.855842,27.640375,31.424908,35.209441,,,,,,,,,,34.787736,30.071541,28.229560,28.917649,34.787736,41.665272,27.910200,38.226504,31.348968
2025-06-16,37.594340,2025-03-31,2024-12-31,1.060000,6.349057,5.921248,4.368401,0.612629,19.955994,23.845609,27.735223,31.624838,35.514453,,,,,,,,,,35.146226,30.218553,28.315645,28.939465,35.146226,41.810294,28.482159,38.478260,31.814193
2025-06-17,37.971698,2025-03-31,2024-12-31,1.060000,6.349057,5.980684,4.383716,0.629678,19.836740,23.834601,27.832461,31.830321,35.828181,,,,,,,,,,35.478774,30.409591,28.404088,28.963443,35.478774,42.001347,28.956200,38.740060,32.217487
2025-06-18,39.811321,2025-03-31,2024-12-31,1.060000,6.349057,6.270431,4.401505,0.652358,19.661684,23.803545,27.945406,32.087267,36.229128,,,,,,,,,,35.938679,30.591981,28.508255,28.999214,35.938679,42.312157,29.565202,39.125418,32.751940
2025-06-19,40.566038,2025-03-31,2024-12-31,1.060000,6.349057,6.389302,4.420285,0.676629,19.472729,23.768685,28.064641,32.360596,36.656552,,,,,,,,,,36.360849,30.824686,28.618711,29.040094,36.360849,42.788365,29.933334,39.574607,33.147091
2025-06-20,39.386792,2025-03-31,2024-12-31,1.060000,6.349057,6.203566,4.437517,0.695392,19.343880,23.758964,28.174048,32.589132,37.004217,,,,,,,,,,36.724057,31.017296,28.719340,29.075472,36.724057,42.961331,30.486782,39.842694,33.605419
2025-06-23,39.386792,2025-03-31,2024-12-31,1.060000,6.349057,6.203566,4.456237,0.712381,19.247005,23.769954,28.292904,32.815853,37.338803,,,,,,,,,,37.162736,31.209119,28.829796,29.116156,37.162736,42.795179,31.530293,39.978957,34.346514
2025-06-24,39.386792,2025-03-31,2024-12-31,1.060000,6.349057,6.203566,4.474839,0.728574,19.159489,23.785246,28.411003,33.036761,37.662518,,,,,,,,,,37.601415,31.401730,28.939465,29.154481,37.601415,42.389389,32.813441,39.995402,35.207428
2025-06-25,39.622642,2025-03-31,2024-12-31,1.060000,6.349057,6.240713,4.495297,0.743378,19.101391,23.821143,28.540895,33.260646,37.980398,,,,,,,,,,37.931604,31.598270,29.061321,29.194182,37.931604,42.279559,33.583648,40.105582,35.757626
2025-06-26,41.179245,2025-03-31,2024-12-31,1.060000,6.349057,6.485884,4.515358,0.764228,18.964011,23.816137,28.668263,33.520388,38.372514,,,,,,,,,,38.396226,31.823899,29.180031,29.239190,38.396226,41.935104,34.857349,40.165665,36.626788
2025-06-27,40.188679,2025-03-31,2024-12-31,1.060000,6.349057,6.329866,4.534238,0.780796,18.873495,23.830813,28.788132,33.745450,38.702769,,,,,,,,,,38.735849,32.054245,29.291274,29.270244,38.735849,41.465545,36.006154,40.100697,37.371001
2025-06-30,39.575472,2025-03-31,2024-12-31,1.060000,6.349057,6.233284,4.552610,0.794614,18.814678,23.859729,28.904780,33.949831,38.994882,,,,,,,,,,38.912736,32.250786,29.399371,29.298939,38.912736,41.348986,36.476485,40.130861,37.694611
2025-07-01,39.339623,2025-03-31,2024-12-31,1.060000,6.349057,6.196137,4.570435,0.807296,18.766811,23.892381,29.017952,34.143523,39.269093,,,,,,,,,,38.976415,32.427673,29.503931,29.324292,38.976415,41.385913,36.566917,40.181164,37.771666
2025-07-02,40.849057,2025-03-31,2024-12-31,1.060000,6.349057,6.433878,4.591849,0.822347,18.711649,23.932778,29.153906,34.375035,39.596163,,,,,,,,,,39.035377,32.687107,29.631682,29.353774,39.035377,41.570746,36.500009,40.303062,37.767693
2025-07-03,40.849057,2025-03-31,2024-12-31,1.060000,6.349057,6.433878,4.613321,0.836521,18.668003,23.979120,29.290238,34.601356,39.912474,,,,,,,,,,39.106132,32.941824,29.759827,29.380700,39.106132,41.764342,36.447922,40.435237,37.777027
2025-07-04,40.849057,2025-03-31,2024-12-31,1.060000,6.349057,6.433878,4.634794,0.849911,18.634300,24.030435,29.426570,34.822705,40.218840,,,,,,,,,,39.214623,33.193396,29.887972,29.387382,39.214623,41.974639,36.454606,40.594631,37.834614
2025-07-07,40.849057,2025-03-31,2024-12-31,1.060000,6.349057,6.433878,4.655017,0.863612,18.588723,24.071845,29.554966,35.038087,40.521208,,,,,,,,,,39.346698,33.409591,30.007862,29.401336,39.346698,42.156168,36.537228,40.751433,37.941963
2025-07-08,40.754717,2025-03-31,2024-12-31,1.060000,6.349057,6.419019,4.676366,0.875309,18.575744,24.133128,29.690512,35.247896,40.805279,,,,,,,,,,39.452830,33.610063,30.135220,29.424725,39.452830,42.308623,36.597037,40.880727,38.024934
2025-07-09,40.754717,2025-03-31,2024-12-31,1.060000,6.349057,6.419019,4.697477,0.886556,18.566952,24.195749,29.824546,35.453342,41.082139,,,,,,,,,,39.639151,33.832547,30.261006,29.448113,39.639151,42.309106,36.969196,40.974129,38.304173
2025-07-10,42.735849,2025-03-31,2024-12-31,1.060000,6.349057,6.731055,4.720236,0.903396,18.497624,24.233333,29.969043,35.704752,41.440461,,,,,,,,,,39.919811,34.089623,30.397013,29.474450,39.919811,42.655249,37.184373,41.287530,38.552092
2025-07-11,43.443396,2025-03-31,2024-12-31,1.060000,6.349057,6.842496,4.745292,0.920198,18.443349,24.285738,30.128128,35.970517,41.812907,,,,,,,,,,40.254717,34.344340,30.547956,29.505110,40.254717,42.993800,37.515634,41.624259,38.885175
2025-07-14,46.603774,2025-03-31,2024-12-31,1.060000,6.349057,7.340267,4.774973,0.945838,18.306211,24.311392,30.316573,36.321754,42.326935,,,,,,,,,,40.705189,34.653302,30.728381,29.552476,40.705189,44.399043,37.011334,42.552116,38.858262
2025-07-15,52.264151,2025-03-31,2024-12-31,1.060000,6.349057,8.231798,4.812024,0.992683,17.946611,24.249210,30.551810,36.854409,43.157009,,,,,,,,,,41.419811,35.081761,30.955582,29.623035,41.419811,47.588247,35.251376,44.504029,38.335594
2025-07-16,56.226415,2025-03-31,2024-12-31,1.060000,6.349057,8.855869,4.851596,1.056921,17.382155,24.092607,30.803059,37.513511,44.223964,,,,,,,,,,42.240566,35.558176,31.198113,29.708726,42.240566,51.230749,33.250383,46.735657,37.745475
2025-07-17,51.698113,2025-03-31,2024-12-31,1.060000,6.349057,8.142645,4.886475,1.095513,17.113558,24.069034,31.024509,37.979985,44.935460,,,,,,,,,,42.797170,35.960692,31.411164,29.774961,42.797170,52.684494,32.909846,47.740832,37.853508
2025-07-18,53.490566,2025-03-31,2024-12-31,1.060000,6.349057,8.424963,4.923410,1.138982,16.796080,24.027543,31.259007,38.490470,45.721933,,,,,,,,,,43.502358,36.394654,31.637186,29.857115,43.502358,54.332417,32.672300,48.917388,38.087329
2025-07-21,53.207547,2025-03-31,2024-12-31,1.060000,6.349057,8.380386,4.961520,1.177188,16.552908,24.026940,31.500971,38.975003,46.449035,,,,,,,,,,44.193396,36.824686,31.871069,29.944182,44.193396,55.662627,32.724165,49.928012,38.458781
2025-07-22,52.924528,2025-03-31,2024-12-31,1.060000,6.349057,8.335810,4.997116,1.213840,16.313495,24.020234,31.726973,39.433712,47.140451,,,,,,,,,,44.870283,37.272013,32.088443,30.024371,44.870283,56.736167,33.004399,50.803225,38.937341
2025-07-23,54.622642,2025-03-31,2024-12-31,1.060000,6.349057,8.603269,5.035239,1.254328,16.041413,24.005214,31.969014,39.932815,47.896616,,,,,,,,,,45.620283,37.727987,32.321934,30.112618,45.620283,57.975695,33.264871,51.797989,39.442577
2025-07-24,52.500000,2025-03-31,2024-12-31,1.060000,6.349057,8.268945,5.069385,1.285988,15.856184,24.020997,32.185809,40.350622,48.515434,,,,,,,,,,46.186321,38.149371,32.529874,30.194969,46.186321,58.721044,33.651597,52.453682,39.918959
2025-07-25,49.900000,2025-03-31,2024-12-31,1.060000,6.349057,7.859435,5.101785,1.306902,15.796334,24.093926,32.391519,40.689112,48.986704,,,,,,,,,,46.671887,38.526635,32.727154,30.267665,46.671887,58.978674,34.365099,52.825281,40.518493
2025-07-28,49.500000,2025-03-31,2024-12-31,1.060000,6.349057,7.796434,5.132172,1.326826,15.736265,24.160356,32.584447,41.008538,49.432629,,,,,,,,,,47.168113,38.897233,32.911274,30.336533,47.168113,59.063580,35.272646,53.115847,41.220380
2025-07-29,49.950000,2025-03-31,2024-12-31,1.060000,6.349057,7.867311,5.162792,1.347209,15.671847,24.225353,32.778858,41.332364,49.885869,,,,,,,,,,47.698632,39.275330,33.096785,30.407079,47.698632,59.058393,36.338871,53.378512,42.018752
2025-07-30,49.950000,2025-03-31,2024-12-31,1.060000,6.349057,7.867311,5.193293,1.366684,15.618207,24.295360,32.972513,41.649667,50.326820,,,,,,,,,,48.153679,39.647138,33.281509,30.480770,48.153679,59.078980,37.228379,53.616329,42.691029
2025-07-31,49.900000,2025-03-31,2024-12-31,1.060000,6.349057,7.859435,5.223670,1.385126,15.576888,24.371131,33.165374,41.959617,50.753860,,,,,,,,,,48.606226,40.018113,33.465425,30.567225,48.606226,58.994140,38.218313,53.800183,43.412270
2025-08-01,48.950000,2025-03-31,2024-12-31,1.060000,6.349057,7.709807,5.252739,1.400436,15.567046,24.458493,33.349940,42.241387,51.132834,,,,,,,,,,49.011274,40.377186,33.641030,30.649721,49.011274,58.736226,39.286322,53.873750,44.148798
2025-08-04,48.450000,2025-03-31,2024-12-31,1.060000,6.349057,7.631055,5.281153,1.413860,15.576979,24.553659,33.530339,42.507019,51.483700,,,,,,,,,,49.391321,40.723994,33.812469,30.725810,49.391321,58.335996,40.446645,53.863659,44.918983
2025-08-05,48.450000,2025-03-31,2024-12-31,1.060000,6.349057,7.631055,5.310995,1.425402,15.619897,24.669853,33.719809,42.769764,51.819720,,,,,,,,,,49.776085,41.033066,33.993341,30.804454,49.776085,57.767773,41.784397,53.771929,45.780241
2025-08-06,47.450000,2025-03-31,2024-12-31,1.060000,6.349057,7.473551,5.341072,1.432679,15.718450,24.814610,33.910770,43.006931,52.103091,,,,,,,,,,50.110849,41.323899,34.176101,30.884041,50.110849,56.995658,43.226040,53.553254,46.668444
2025-08-07,47.350000,2025-03-31,2024-12-31,1.060000,6.349057,7.457801,5.369530,1.440570,15.798932,24.945192,34.091451,43.237710,52.383970,,,,,,,,,,50.341557,41.592626,34.348200,30.955546,50.341557,56.451428,44.231686,53.396492,47.286621
2025-08-08,49.450000,2025-03-31,2024-12-31,1.060000,6.349057,7.788559,5.400744,1.452117,15.850491,25.070061,34.289632,43.509202,52.728772,,,,,,,,,,50.641887,41.894780,34.537799,31.040912,50.641887,55.847679,45.436095,53.244783,48.038991
2025-08-11,51.500000,2025-03-31,2024-12-31,1.060000,6.349057,8.111441,5.434649,1.467561,15.869639,25.187267,34.504896,43.822524,53.140152,,,,,,,,,,50.886698,42.246038,34.744481,31.142877,50.886698,55.741595,46.031801,53.314147,48.459249
2025-08-12,51.700000,2025-03-31,2024-12-31,1.060000,6.349057,8.142942,5.468817,1.482538,15.896396,25.309111,34.721826,44.134541,53.547256,,,,,,,,,,50.858491,42.585692,34.952830,31.237618,50.858491,55.686170,46.030812,53.272330,48.444651
2025-08-13,51.400000,2025-03-31,2024-12-31,1.060000,6.349057,8.095691,5.502590,1.495884,15.941358,25.438808,34.936257,44.433706,53.931155,,,,,,,,,,50.617170,42.932138,35.158679,31.331502,50.617170,54.747155,46.487184,52.682163,48.552177
2025-08-14,49.450000,2025-08-14,2025-06-30,2.310000,6.620000,7.469789,5.533588,1.497801,16.801474,26.716915,36.632356,46.547796,56.463237,,,,,,,,,,50.504764,43.220928,35.364395,31.416867,50.504764,54.633249,46.376279,52.569007,48.440522
2025-08-15,51.600000,2025-08-14,2025-06-30,2.310000,6.620000,7.794562,5.566341,1.503950,16.936873,26.893025,36.849176,46.805327,56.761478,,,,,,,,,,50.410236,43.545550,35.581737,31.511388,50.410236,54.332283,46.488188,52.371260,48.449212
2025-08-18,50.700000,2025-08-14,2025-06-30,2.310000,6.620000,7.658610,5.598674,1.506898,17.111899,27.087562,37.063225,47.038887,57.014550,,,,,,,,,,50.284858,43.880330,35.796297,31.599996,50.284858,53.984397,46.585320,52.134628,48.435089
2025-08-19,49.900000,2025-08-14,2025-06-30,2.310000,6.620000,7.537764,5.630477,1.507217,17.318201,27.295980,37.273759,47.251538,57.229317,,,,,,,,,,50.133632,44.201777,36.007335,31.680161,50.133632,53.619971,46.647293,51.876802,48.390462
2025-08-20,49.550000,2025-08-14,2025-06-30,2.310000,6.620000,7.484894,5.661899,1.506237,17.539188,27.510479,37.481771,47.453063,57.424354,,,,,,,,,,49.880000,44.477296,36.215849,31.760047,49.880000,52.657238,47.102762,51.268619,48.491381
2025-08-21,49.350000,2025-08-14,2025-06-30,2.310000,6.620000,7.454683,5.693069,1.504295,17.771244,27.729680,37.688116,47.646552,57.604988,,,,,,,,,,49.722500,44.768349,36.422697,31.843620,49.722500,52.217015,47.227985,50.969758,48.475242
2025-08-22,48.200000,2025-08-14,2025-06-30,2.310000,6.620000,7.280967,5.724458,1.497734,18.065909,27.980910,37.895912,47.810913,57.725914,,,,,,,,,,49.637500,45.015079,36.630967,31.916702,49.637500,52.220822,47.054178,50.929161,48.345839
2025-08-25,48.750000,2025-08-14,2025-06-30,2.310000,6.620000,7.364048,5.755170,1.493209,18.329137,28.214182,38.099227,47.984272,57.869317,,,,,,,,,,49.600000,45.226950,36.834780,31.997972,49.600000,52.213326,46.986674,50.906663,48.293337
2025-08-26,50.900000,2025-08-14,2025-06-30,2.310000,6.620000,7.688822,5.787279,1.493015,18.544272,28.428031,38.311790,48.195549,58.079309,,,,,,,,,,49.647500,45.440849,37.047862,32.086038,49.647500,52.321443,46.973557,50.984472,48.310528
2025-08-27,52.000000,2025-08-14,2025-06-30,2.310000,6.620000,7.854985,5.819285,1.495852,18.718591,28.621130,38.523669,48.426207,58.328746,,,,,,,,,,49.750000,45.646352,37.260283,32.176525,49.750000,52.622556,46.877444,51.186278,48.313722
2025-08-28,51.200000,2025-08-14,2025-06-30,2.310000,6.620000,7.734139,5.850820,1.496001,18.925375,28.828901,38.732427,48.635953,58.539479,,,,,,,,,,49.815000,45.842453,37.469575,32.269575,49.815000,52.759772,46.870228,51.287386,48.342614
2025-08-29,52.400000,2025-08-14,2025-06-30,2.310000,6.620000,7.915408,5.882674,1.498948,19.097233,29.020269,38.943304,48.866340,58.789376,,,,,,,,,,49.987500,46.071132,37.681006,32.369198,49.987500,53.117302,46.857698,51.552401,48.422599
2025-09-01,52.000000,2025-08-14,2025-06-30,2.310000,6.620000,7.854985,5.912359,1.502467,19.247157,29.193486,39.139815,49.086144,59.032473,,,,,,,,,,50.165000,46.301006,37.878097,32.464009,50.165000,53.330122,46.999878,51.747561,48.582439
2025-09-02,50.500000,2025-08-14,2025-06-30,2.310000,6.620000,7.628399,5.939441,1.503876,19.407776,29.363437,39.319097,49.274758,59.230418,,,,,,,,,,50.267500,46.498805,38.057972,32.556502,50.267500,53.329882,47.205118,51.798691,48.736309
2025-09-03,50.700000,2025-08-14,2025-06-30,2.310000,6.620000,7.658610,5.968620,1.502973,19.612900,29.562581,39.512262,49.461942,59.411623,,,,,,,,,,50.430000,46.726667,38.251698,32.649434,50.430000,53.193179,47.666821,51.811589,49.048411
2025-09-04,50.600000,2025-08-14,2025-06-30,2.310000,6.620000,7.643505,5.997732,1.501284,19.827988,29.766487,39.704987,49.643486,59.581985,,,,,,,,,,50.592500,46.951289,38.444984,32.745094,50.592500,52.944716,48.240284,51.768608,49.416392
2025-09-05,49.900000,2025-08-14,2025-06-30,2.310000,6.620000,7.537764,6.024237,1.500152,20.018433,29.949442,39.880451,49.811460,59.742468,,,,,,,,,,50.615000,47.170535,38.621038,32.838428,50.615000,52.929508,48.300492,51.772254,49.457746
2025-09-08,50.300000,2025-08-14,2025-06-30,2.310000,6.620000,7.598187,6.051246,1.499061,20.211677,30.135463,40.059248,49.983034,59.906820,,,,,,,,,,50.555000,47.382296,38.800425,32.934017,50.555000,52.834866,48.275134,51.694933,49.415067
2025-09-09,50.300000,2025-08-14,2025-06-30,2.310000,6.620000,7.598187,6.081112,1.493830,20.478654,30.367807,40.256960,50.146114,60.035267,,,,,,,,,,50.485000,47.587767,38.998679,33.029607,50.485000,52.701944,48.268056,51.593472,49.376528
2025-09-10,56.400000,2025-08-14,2025-06-30,2.310000,6.620000,8.519637,6.115680,1.501908,20.600535,30.543169,40.485803,50.428437,60.371071,,,,,,,,,,50.735000,47.864245,39.228113,33.150417,50.735000,54.176098,47.293902,52.455549,49.014451
2025-09-11,53.500000,2025-08-14,2025-06-30,2.310000,6.620000,8.081571,6.149455,1.500150,20.847407,30.778400,40.709394,50.640387,60.571380,,,,,,,,,,50.937500,48.079811,39.452248,33.263074,50.937500,54.533386,47.341614,52.735443,49.139557
2025-09-12,53.500000,2025-08-14,2025-06-30,2.310000,6.620000,8.081571,6.181683,1.499768,21.065813,30.994276,40.922739,50.851202,60.779665,,,,,,,,,,51.032500,48.315031,39.666164,33.374159,51.032500,54.798452,47.266548,52.915476,49.149524
2025-09-15,54.900000,2025-08-14,2025-06-30,2.310000,6.620000,8.293051,6.215613,1.501104,21.272740,31.210048,41.147357,51.084665,61.021973,,,,,,,,,,51.242500,48.573585,39.891352,33.488325,51.242500,55.380422,47.104578,53.311461,49.173539
2025-09-16,54.300000,2025-08-14,2025-06-30,2.310000,6.620000,8.202417,6.248847,1.500571,21.499812,31.433590,41.367369,51.301147,61.234925,,,,,,,,,,51.462500,48.822138,40.111934,33.600189,51.462500,55.764504,47.160496,53.613502,49.311498
2025-09-17,52.400000,2025-08-14,2025-06-30,2.310000,6.620000,7.915408,6.279690,1.496432,21.758792,31.665169,41.571547,51.477925,61.384303,,,,,,,,,,51.605000,49.035094,40.316682,33.704725,51.605000,55.828356,47.381644,53.716678,49.493322
2025-09-18,53.700000,2025-08-14,2025-06-30,2.310000,6.620000,8.111782,6.312407,1.493181,22.018424,31.903280,41.788135,51.672991,61.557846,,,,,,,,,,51.822500,49.243774,40.533836,33.814481,51.822500,56.004727,47.640273,53.913614,49.731386
2025-09-19,53.700000,2025-08-14,2025-06-30,2.310000,6.620000,8.111782,6.345397,1.488797,22.294859,32.150692,42.006526,51.862359,61.718193,,,,,,,,,,52.097500,49.468962,40.761604,33.911855,52.097500,55.990067,48.204933,54.043784,50.151216
2025-09-22,53.300000,2025-08-14,2025-06-30,2.310000,6.620000,8.051360,6.376025,1.485742,22.538056,32.373672,42.209287,52.044902,61.880517,,,,,,,,,,52.325000,49.697704,40.974245,34.004615,52.325000,55.913798,48.736202,54.119399,50.530601
2025-09-23,52.100000,2025-08-14,2025-06-30,2.310000,6.620000,7.870091,6.403905,1.482092,22.770948,32.582400,42.393851,52.205302,62.016754,,,,,,,,,,52.385000,49.910377,41.169025,34.088247,52.385000,55.913098,48.856902,54.149049,50.620951
2025-09-24,53.000000,2025-08-14,2025-06-30,2.310000,6.620000,8.006042,6.437437,1.472328,23.122211,32.869023,42.615835,52.362646,62.109458,,,,,,,,,,52.435000,50.112893,41.400000,34.177005,52.435000,55.968464,48.901536,54.201732,50.668268
2025-09-25,52.700000,2025-08-14,2025-06-30,2.310000,6.620000,7.960725,6.470220,1.461961,23.476496,33.154678,42.832859,52.511041,62.189222,,,,,,,,,,52.510000,50.310409,41.626116,34.262940,52.510000,55.996455,49.023545,54.253227,50.766773
2025-09-26,52.400000,2025-08-14,2025-06-30,2.310000,6.620000,7.915408,6.502378,1.450820,23.836890,33.441317,43.045744,52.650171,62.254599,,,,,,,,,,52.510000,50.502925,41.848160,34.351557,52.510000,55.996455,49.023545,54.253227,50.766773
2025-09-30,51.400000,2025-08-14,2025-06-30,2.310000,6.620000,7.764350,6.530491,1.442219,24.136876,33.684364,43.231853,52.779341,62.326829,,,,,,,,,,52.480000,50.678774,42.044182,34.435613,52.480000,55.995140,48.964860,54.237570,50.722430
2025-10-01,53.700000,2025-08-14,2025-06-30,2.310000,6.620000,8.111782,6.560385,1.437460,24.397777,33.913764,43.429750,52.945736,62.461723,,,,,,,,,,52.640000,50.894528,42.252296,34.530039,52.640000,56.065846,49.214154,54.352923,50.927077
2025-10-02,53.700000,2025-08-14,2025-06-30,2.310000,6.620000,8.111782,6.592013,1.429405,24.713808,34.176466,43.639123,53.101781,62.564439,,,,,,,,,,52.790000,51.110283,42.471415,34.623876,52.790000,56.119549,49.460451,54.454774,51.125226
2025-10-03,52.500000,2025-08-14,2025-06-30,2.310000,6.620000,7.930514,6.622253,1.418890,25.053218,34.446267,43.839317,53.232366,62.625415,,,,,,,,,,52.885000,51.273019,42.681321,34.716840,52.885000,56.056103,49.713897,54.470552,51.299448
2025-10-07,52.600000,2025-08-14,2025-06-30,2.310000,6.620000,7.945619,6.651505,1.409579,25.370141,34.701553,44.032966,53.364378,62.695791,,,,,,,,,,53.020000,51.425629,42.884984,34.810220,53.020000,55.869635,50.170365,54.444818,51.595182
2025-10-08,52.900000,2025-08-14,2025-06-30,2.310000,6.620000,7.990937,6.681259,1.399739,25.697388,34.963661,44.229934,53.496208,62.762481,,,,,,,,,,53.150000,51.530566,43.091934,34.906619,53.150000,55.698477,50.601523,54.424239,51.875761
2025-10-09,52.500000,2025-08-14,2025-06-30,2.310000,6.620000,7.930514,6.712490,1.385259,26.095854,35.266270,44.436685,53.607101,62.777517,,,,,,,,,,53.260000,51.534497,43.308129,35.001352,53.260000,55.456073,51.063927,54.358037,52.161963
2025-10-13,53.500000,2025-08-14,2025-06-30,2.310000,6.620000,8.081571,6.743556,1.373668,26.454982,35.548662,44.642343,53.736023,62.829704,,,,,,,,,,53.115000,51.489057,43.523616,35.102020,53.115000,54.749207,51.480793,53.932103,52.297897
2025-10-14,52.700000,2025-08-14,2025-06-30,2.310000,6.620000,7.960725,6.773739,1.360109,26.834304,35.838229,44.842153,53.846078,62.850003,,,,,,,,,,53.075000,51.505755,43.733223,35.201124,53.075000,54.708691,51.441309,53.891846,52.258154
2025-10-15,52.200000,2025-08-14,2025-06-30,2.310000,6.620000,7.885196,6.803416,1.344975,27.231151,36.134884,45.038617,53.942350,62.846083,,,,,,,,,,53.010000,51.484245,43.939450,35.298538,53.010000,54.675628,51.344372,53.842814,52.177186
2025-10-16,52.900000,2025-08-14,2025-06-30,2.310000,6.620000,7.990937,6.834037,1.329620,27.637157,36.439240,45.241324,54.043407,62.845491,,,,,,,,,,52.910000,51.479119,44.151903,35.402406,52.910000,54.318097,51.501903,53.614048,52.205952
2025-10-17,53.000000,2025-08-14,2025-06-30,2.310000,6.620000,8.006042,6.866517,1.309940,28.112739,36.784539,45.456340,54.128140,62.799941,,,,,,,,,,52.845000,51.480377,44.376195,35.505314,52.845000,54.093957,51.596043,53.469479,52.220521
2025-10-20,53.200000,2025-08-14,2025-06-30,2.310000,6.620000,8.036254,6.897700,1.292616,28.548540,37.105658,45.662776,54.219894,62.777013,,,,,,,,,,52.885000,51.456667,44.592327,35.611808,52.885000,54.125161,51.644839,53.505081,52.264919
2025-10-21,53.000000,2025-08-14,2025-06-30,2.310000,6.620000,8.006042,6.928694,1.273941,29.000979,37.434467,45.867956,54.301444,62.734933,,,,,,,,,,52.850000,51.465000,44.807186,35.714914,52.850000,54.031435,51.668565,53.440718,52.259282
2025-10-22,53.400000,2025-08-14,2025-06-30,2.310000,6.620000,8.066465,6.960130,1.254784,29.462716,37.769388,46.076059,54.382730,62.689401,,,,,,,,,,52.835000,51.523333,45.024984,35.819686,52.835000,53.977988,51.692012,53.406494,52.263506
2025-10-23,52.900000,2025-08-14,2025-06-30,2.310000,6.620000,7.990937,6.990936,1.233990,29.941967,38.110981,46.279995,54.449009,62.618023,,,,,,,,,,52.815000,51.580000,45.238616,36.040102,52.815000,53.937544,51.692456,53.376272,52.253728
2025-10-27,52.800000,2025-08-14,2025-06-30,2.310000,6.620000,7.975831,7.021616,1.211949,30.436888,38.459993,46.483098,54.506203,62.529309,,,,,,,,,,52.850000,51.627500,45.451415,36.142178,52.850000,53.921153,51.778847,53.385576,52.314424
2025-10-28,52.900000,2025-08-14,2025-06-30,2.310000,6.620000,7.990937,7.051927,1.189947,30.928853,38.806304,46.683756,54.561207,62.438659,,,,,,,,,,52.845000,51.676667,45.661903,36.244277,52.845000,53.914136,51.775864,53.379568,52.310432
2025-10-29,52.100000,2025-08-14,2025-06-30,2.310000,6.620000,7.870091,7.081231,1.165998,31.439934,39.158840,46.877747,54.596653,62.315559,,,,,,,,,,52.815000,51.713333,45.865723,36.346580,52.815000,53.933787,51.696213,53.374393,52.255607
2025-10-30,51.400000,2025-08-14,2025-06-30,2.310000,6.620000,7.764350,7.109963,1.139477,31.981284,39.524619,47.067953,54.611288,62.154623,,,,,,,,,,52.765000,51.754167,46.065676,36.445967,52.765000,54.040312,51.489688,53.402656,52.127344
2025-10-31,51.900000,2025-08-14,2025-06-30,2.310000,6.620000,7.839879,7.139015,1.112740,32.527603,39.893940,47.260277,54.626615,61.992952,,,,,,,,,,52.790000,51.811667,46.267830,36.542524,52.790000,53.968581,51.611419,53.379290,52.200710
2025-11-03,50.500000,2025-08-14,2025-06-30,2.310000,6.620000,7.628399,7.163333,1.090888,32.977911,40.199586,47.421262,54.642937,61.864613,,,,,,,,,,52.630000,51.845833,46.439450,36.633443,52.630000,54.116925,51.143075,53.373463,51.886537
2025-11-04,50.700000,2025-08-14,2025-06-30,2.310000,6.620000,7.658610,7.187778,1.068427,33.437115,40.510104,47.583093,54.656082,61.729071,,,,,,,,,,52.480000,51.900000,46.611950,36.725197,52.480000,54.110757,50.849243,53.295379,51.664621
2025-11-05,49.500000,2025-08-14,2025-06-30,2.310000,6.620000,7.477341,7.209104,1.048094,33.847508,40.785888,47.724268,54.662648,61.601028,,,,,,,,,,52.330000,51.935833,46.764230,36.811950,52.330000,54.435732,50.224268,53.382866,51.277134
2025-11-06,49.500000,2025-08-14,2025-06-30,2.310000,6.620000,7.477341,7.230306,1.027191,34.264611,41.064617,47.864624,54.664630,61.464636,,,,,,,,,,52.175000,51.936667,46.915723,36.899096,52.175000,54.625242,49.724758,53.400121,50.949879
2025-11-07,48.500000,2025-08-14,2025-06-30,2.310000,6.620000,7.326284,7.251425,1.002391,34.732776,41.368604,48.004433,54.640262,61.276090,,,,,,,,,,51.955000,51.886667,47.066352,36.982075,51.955000,54.876049,49.033951,53.415524,50.494476
2025-11-10,47.200000,2025-08-14,2025-06-30,2.310000,6.620000,7.129909,7.269731,0.979495,35.157109,41.641365,48.125622,54.609878,61.094135,,,,,,,,,,51.690000,51.811667,47.198679,37.064748,51.690000,55.286431,48.093569,53.488215,49.891785
2025-11-11,45.300000,2025-08-14,2025-06-30,2.310000,6.620000,6.842900,7.286575,0.954094,35.604924,41.921024,48.237125,54.553225,60.869326,,,,,,,,,,51.280000,51.710000,47.321069,37.141077,51.280000,55.766987,46.793013,53.523494,49.036506
2025-11-12,43.450000,2025-08-14,2025-06-30,2.310000,6.620000,6.563444,7.299108,0.934264,35.950444,42.135270,48.320096,54.504922,60.689748,,,,,,,,,,50.817500,51.610000,47.415464,37.209697,50.817500,56.449110,45.185890,53.633305,48.001695
2025-11-13,43.600000,2025-08-14,2025-06-30,2.310000,6.620000,6.586103,7.311830,0.913677,36.307237,42.355777,48.404317,54.452857,60.501398,,,,,,,,,,50.387500,51.476667,47.511108,37.278353,50.387500,56.829621,43.945379,53.608560,47.166440
2025-11-14,43.250000,2025-08-14,2025-06-30,2.310000,6.620000,6.533233,7.326093,0.887461,36.748754,42.623746,48.498737,54.373729,60.248720,,,,,,,,,,49.905000,51.352500,47.616415,37.340833,49.905000,56.970178,42.839822,53.437589,46.372411
2025-11-17,44.200000,2025-08-14,2025-06-30,2.310000,6.620000,6.676737,7.341552,0.859176,37.225584,42.913329,48.601074,54.288819,59.976563,,,,,,,,,,49.465000,51.257500,47.729638,37.408648,49.465000,56.809178,42.120822,53.137089,45.792911
2025-11-18,45.700000,2025-08-14,2025-06-30,2.310000,6.620000,6.903323,7.355741,0.837303,37.609121,43.152064,48.695008,54.237951,59.780894,,,,,,,,,,49.090000,51.193333,47.835314,37.486840,49.090000,56.396997,41.783003,52.743499,45.436501
2025-11-19,45.500000,2025-08-14,2025-06-30,2.310000,6.620000,6.873112,7.371165,0.810578,38.065057,43.431084,48.797111,54.163138,59.529165,,,,,,,,,,48.715000,51.129167,47.948758,37.565967,48.715000,55.946517,41.483483,52.330759,45.099241
2025-11-20,44.450000,2025-08-14,2025-06-30,2.310000,6.620000,6.714502,7.383285,0.789341,38.426473,43.651911,48.877350,54.102788,59.328226,,,,,,,,,,48.267500,51.066667,48.040873,37.643274,48.267500,55.385104,41.149896,51.826302,44.708698
2025-11-21,43.700000,2025-08-14,2025-06-30,2.310000,6.620000,6.601208,7.390995,0.776947,38.641603,43.784994,48.928386,54.071778,59.215170,,,,,,,,,,47.807500,50.982500,48.104725,37.717457,47.807500,54.853311,40.761689,51.330405,44.284595
2025-11-24,43.800000,2025-08-14,2025-06-30,2.310000,6.620000,6.616314,7.396168,0.769610,38.772995,43.867814,48.962632,54.057450,59.152269,,,,,,,,,,47.357500,50.864167,48.152508,37.789894,47.357500,54.207646,40.507354,50.782573,43.932427
2025-11-25,42.300000,2025-08-14,2025-06-30,2.310000,6.620000,6.389728,7.397348,0.767942,38.802891,43.886667,48.970443,54.054218,59.137994,,,,,,,,,,46.827500,50.702500,48.174426,37.856278,46.827500,53.510272,40.144728,50.168886,43.486114
2025-11-26,42.200000,2025-08-14,2025-06-30,2.310000,6.620000,6.374622,7.398711,0.765960,38.838153,43.908811,48.979470,54.050128,59.120786,,,,,,,,,,46.332500,50.552500,48.197476,37.922048,46.332500,52.835072,39.829928,49.583786,43.081214
2025-11-27,44.000000,2025-08-14,2025-06-30,2.310000,6.620000,6.646526,7.403331,0.759659,38.952163,43.981109,49.010054,54.038999,59.067945,,,,,,,,,,45.962500,50.412500,48.241816,37.995515,45.962500,52.081829,39.843171,49.022164,42.902836
2025-11-28,43.900000,2025-08-14,2025-06-30,2.310000,6.620000,6.631420,7.408445,0.752285,39.083656,44.063780,49.043904,54.024027,59.004151,,,,,,,,,,45.562500,50.277500,48.289253,38.068565,45.562500,51.062153,40.062847,48.312327,42.812673
2025-12-01,43.800000,2025-08-14,2025-06-30,2.310000,6.620000,6.616314,7.412875,0.745962,39.196690,44.134961,49.073231,54.011502,58.949772,,,,,,,,,,45.227500,50.165833,48.332319,38.145719,45.227500,50.256937,40.198063,47.742219,42.712781
2025-12-02,43.400000,2025-08-14,2025-06-30,2.310000,6.620000,6.555891,7.418906,0.735932,39.369422,44.241291,49.113161,53.985030,58.856900,,,,,,,,,,44.862500,50.044167,48.385417,38.220421,44.862500,49.236571,40.488429,47.049536,42.675464
2025-12-03,44.000000,2025-08-14,2025-06-30,2.310000,6.620000,6.646526,7.425570,0.725120,39.556679,44.356975,49.157270,53.957566,58.757862,,,,,,,,,,44.587500,49.934167,48.442728,38.294281,44.587500,48.387898,40.787102,46.487699,42.687301
2025-12-04,43.950000,2025-08-14,2025-06-30,2.310000,6.620000,6.638973,7.432665,0.713022,39.763835,44.484039,49.204242,53.924446,58.644650,,,,,,,,,,44.310000,49.835000,48.502767,38.366164,44.310000,47.330561,41.289439,45.820281,42.799719
2025-12-05,43.500000,2025-08-14,2025-06-30,2.310000,6.620000,6.570997,7.438080,0.703856,39.921034,44.580560,49.240087,53.899613,58.559139,,,,,,,,,,44.060000,49.721667,48.551981,38.433813,44.060000,46.362767,41.757233,45.211384,42.908616
2025-12-08,44.000000,2025-08-14,2025-06-30,2.310000,6.620000,6.646526,7.443628,0.694837,40.077176,44.676998,49.276819,53.876640,58.476462,,,,,,,,,,43.900000,49.616667,48.602217,38.503153,43.900000,45.666352,42.133648,44.783176,43.016824
2025-12-09,42.500000,2025-08-14,2025-06-30,2.310000,6.620000,6.419940,7.444874,0.692847,40.111774,44.698420,49.285067,53.871714,58.458360,,,,,,,,,,43.760000,49.385000,48.624623,38.566439,43.760000,45.502835,42.017165,44.631417,42.888583
2025-12-10,43.100000,2025-08-14,2025-06-30,2.310000,6.620000,6.510574,7.445885,0.691381,40.137870,44.714814,49.291757,53.868701,58.445644,,,,,,,,,,43.742500,49.211667,48.645739,38.632225,43.742500,45.505355,41.979645,44.623928,42.861072
2025-12-11,43.000000,2025-08-14,2025-06-30,2.310000,6.620000,6.495468,7.448317,0.687476,40.205678,44.756769,49.307860,53.858952,58.410043,,,,,,,,,,43.712500,49.036667,48.675849,38.697594,43.712500,45.505726,41.919274,44.609113,42.815887
2025-12-12,43.000000,2025-08-14,2025-06-30,2.310000,6.620000,6.495468,7.450750,0.683540,40.273896,44.798930,49.323964,53.848997,58.374031,,,,,,,,,,43.700000,48.838333,48.705959,38.767877,43.700000,45.510205,41.889795,44.605102,42.794898
2025-12-15,43.000000,2025-08-14,2025-06-30,2.310000,6.620000,6.495468,7.453182,0.679572,40.342533,44.841300,49.340067,53.838834,58.337601,,,,,,,,,,43.640000,48.650000,48.736069,38.837767,43.640000,45.459948,41.820052,44.549974,42.730026
2025-12-16,43.300000,2025-08-14,2025-06-30,2.310000,6.620000,6.540785,7.455683,0.675614,40.411496,44.884059,49.356621,53.829183,58.301746,,,,,,,,,,43.520000,48.498333,48.766714,38.914017,43.520000,45.063543,41.976457,44.291772,42.748228
2025-12-17,43.800000,2025-08-14,2025-06-30,2.310000,6.620000,6.616314,7.456770,0.674144,40.438154,44.900985,49.363816,53.826647,58.289478,,,,,,,,,,43.435000,48.333333,48.788553,38.984292,43.435000,44.677281,42.192719,44.056141,42.813859
2025-12-18,43.800000,2025-08-14,2025-06-30,2.310000,6.620000,6.616314,7.459157,0.670618,40.500639,44.940129,49.379619,53.819109,58.258598,,,,,,,,,,43.402500,48.168333,48.818648,39.054961,43.402500,44.564384,42.240616,43.983442,42.821558
2025-12-19,44.250000,2025-08-14,2025-06-30,2.310000,6.620000,6.684290,7.462915,0.664930,40.600833,45.002666,49.404499,53.806333,58.208166,,,,,,,,,,43.430000,48.017500,48.857602,39.128487,43.430000,44.646293,42.213707,44.038146,42.821854
2025-12-22,43.950000,2025-08-14,2025-06-30,2.310000,6.620000,6.638973,7.466606,0.659043,40.703204,45.066066,49.428929,53.791792,58.154655,,,,,,,,,,43.437500,47.881667,48.896022,39.199976,43.437500,44.665196,42.209804,44.051348,42.823652
2025-12-23,43.950000,2025-08-14,2025-06-30,2.310000,6.620000,6.638973,7.468315,0.656603,40.746814,45.093529,49.440243,53.786958,58.133673,,,,,,,,,,43.520000,47.730833,48.921863,39.276773,43.520000,44.643153,42.396847,44.081577,42.958423
2025-12-24,44.600000,2025-08-14,2025-06-30,2.310000,6.620000,6.737160,7.470842,0.653163,40.809097,45.133036,49.456974,53.780913,58.104852,,,,,,,,,,43.640000,47.595833,48.953121,39.356474,43.640000,44.679028,42.600972,44.159514,43.120486
2025-12-26,44.600000,2025-08-14,2025-06-30,2.310000,6.620000,6.737160,7.473369,0.649694,40.871752,45.172729,49.473706,53.774682,58.075659,,,,,,,,,,43.670000,47.465833,48.984379,39.436175,43.670000,44.784687,42.555313,44.227343,43.112657
2025-12-29,44.800000,2025-08-14,2025-06-30,2.310000,6.620000,6.767372,7.476149,0.645913,40.940218,45.216161,49.492103,53.768046,58.043988,,,,,,,,,,43.715000,47.355833,49.017303,39.512583,43.715000,44.936345,42.493655,44.325673,43.104327
2025-12-30,45.300000,2025-08-14,2025-06-30,2.310000,6.620000,6.842900,7.479681,0.641225,41.025668,45.270578,49.515487,53.760397,58.005307,,,,,,,,,,43.790000,47.215833,49.055181,39.595200,43.790000,45.202575,42.377425,44.496288,43.083712
2025-12-31,46.300000,2025-08-14,2025-06-30,2.310000,6.620000,6.993958,7.484472,0.635354,41.135113,45.341159,49.547205,53.753251,57.959297,,,,,,,,,,43.935000,47.092500,49.101392,39.681199,43.935000,45.724178,42.145822,44.829589,43.040411
2026-01-02,46.600000,2025-08-14,2025-06-30,2.310000,6.620000,7.039275,7.487041,0.632901,41.184596,45.374402,49.564208,53.754015,57.943821,,,,,,,,,,44.065000,46.994167,49.133593,39.765303,44.065000,46.215422,41.914578,45.140211,42.989789
2026-01-05,47.300000,2025-08-14,2025-06-30,2.310000,6.620000,7.145015,7.489562,0.630912,41.227626,45.404262,49.580897,53.757533,57.934168,,,,,,,,,,44.232500,46.905833,49.165731,39.856844,44.232500,46.822211,41.642789,45.527356,42.937644
2026-01-06,47.000000,2025-08-14,2025-06-30,2.310000,6.620000,7.099698,7.487557,0.631772,41.202969,45.385297,49.567626,53.749954,57.932283,,,,,,,,,,44.407500,46.807500,49.169033,39.948707,44.407500,47.249529,41.565471,45.828515,42.986485
2026-01-07,48.350000,2025-08-14,2025-06-30,2.310000,6.620000,7.303625,7.479822,0.628255,41.198320,45.357371,49.516422,53.675472,57.834523,,,,,,,,,,44.625000,46.738333,49.136415,40.045998,44.625000,47.958956,41.291044,46.291978,42.958022
2026-01-08,49.000000,2025-08-14,2025-06-30,2.310000,6.620000,7.401813,7.467705,0.615383,41.288536,45.362371,49.436206,53.510041,57.583876,,,,,,,,,,44.950000,46.663333,49.076195,40.137154,44.950000,48.658028,41.241972,46.804014,43.095986
2026-01-09,49.400000,2025-08-14,2025-06-30,2.310000,6.620000,7.462236,7.462035,0.612238,41.292634,45.345652,49.398670,53.451688,57.504707,,,,,,,,,,45.265000,46.608333,49.057044,40.234104,45.265000,49.361353,41.168647,47.313176,43.216824
2026-01-12,50.600000,2025-08-14,2025-06-30,2.310000,6.620000,7.643505,7.455523,0.606035,41.331661,45.343611,49.355560,53.367509,57.379458,,,,,,,,,,45.645000,46.581667,49.032956,40.335071,45.645000,50.236743,41.053257,47.940872,43.349128
2026-01-13,49.250000,2025-08-14,2025-06-30,2.310000,6.620000,7.439577,7.447683,0.600025,41.359326,45.331492,49.303658,53.275825,57.247991,,,,,,,,,,45.957500,46.520833,48.999976,40.435523,45.957500,50.641097,41.273903,48.299298,43.615702
2026-01-14,49.250000,2025-08-14,2025-06-30,2.310000,6.620000,7.439577,7.440214,0.594429,41.383973,45.319095,49.254216,53.189338,57.124459,,,,,,,,,,46.270000,46.458333,48.969355,40.528899,46.270000,50.956756,41.583244,48.613378,43.926622
2026-01-15,49.250000,2025-08-14,2025-06-30,2.310000,6.620000,7.439577,7.430517,0.584709,41.448478,45.319249,49.190019,53.060790,56.931560,,,,,,,,,,46.567500,46.392500,48.924583,40.623259,46.567500,51.215677,41.919323,48.891589,44.243411
2026-01-16,49.300000,2025-08-14,2025-06-30,2.310000,6.620000,7.447130,7.423668,0.579596,41.470828,45.307755,49.144682,52.981610,56.818537,,,,,,,,,,46.842500,46.330833,48.897917,40.713895,46.842500,51.451904,42.233096,49.147202,44.537798
2026-01-19,49.250000,2025-08-14,2025-06-30,2.310000,6.620000,7.439577,7.420169,0.578209,41.466030,45.293775,49.121520,52.949265,56.777010,,,,,,,,,,47.115000,46.261667,48.892500,40.809827,47.115000,51.610038,42.619962,49.362519,44.867481
2026-01-20,49.200000,2025-08-14,2025-06-30,2.310000,6.620000,7.432024,7.417132,0.577172,41.459654,45.280535,49.101417,52.922299,56.743181,,,,,,,,,,47.362500,46.200000,48.890000,40.900637,47.362500,51.736812,42.988188,49.549656,45.175344
2026-01-21,49.000000,2025-08-14,2025-06-30,2.310000,6.620000,7.401813,7.413253,0.575684,41.453684,45.264710,49.075737,52.886764,56.697790,,,,,,,,,,47.615000,46.136667,48.882083,40.989434,47.615000,51.735565,43.494435,49.675282,45.554718
2026-01-22,48.350000,2025-08-14,2025-06-30,2.310000,6.620000,7.303625,7.408556,0.574246,41.441628,45.243134,49.044640,52.846147,56.647653,,,,,,,,,,47.835000,46.060833,48.868750,41.075130,47.835000,51.584821,44.085179,49.709911,45.960089
2026-01-23,48.500000,2025-08-14,2025-06-30,2.310000,6.620000,7.326284,7.404113,0.572789,41.431508,45.223368,49.015228,52.807088,56.598948,,,,,,,,,,48.030000,46.000833,48.857083,41.161254,48.030000,51.463795,44.596205,49.746897,46.313103
2026-01-26,48.550000,2025-08-14,2025-06-30,2.310000,6.620000,7.333837,7.400980,0.572130,41.419483,45.206985,48.994487,52.781990,56.569492,,,,,,,,,,48.227500,45.953333,48.853750,41.247390,48.227500,51.261774,45.193226,49.744637,46.710363
2026-01-27,46.750000,2025-08-14,2025-06-30,2.310000,6.620000,7.061934,7.396237,0.572566,41.382321,45.172706,48.963091,52.753476,56.543861,,,,,,,,,,48.325000,45.867500,48.839583,41.326026,48.325000,50.999539,45.650461,49.662269,46.987731
2026-01-28,46.000000,2025-08-14,2025-06-30,2.310000,6.620000,6.948640,7.390550,0.573602,41.330956,45.128200,48.925444,52.722688,56.519933,,,,,,,,,,48.360000,45.792500,48.819167,41.406254,48.360000,50.881821,45.838179,49.620910,47.099090
2026-01-29,45.250000,2025-08-14,2025-06-30,2.310000,6.620000,6.835347,7.385232,0.575780,41.266905,45.078571,48.890237,52.701903,56.513568,,,,,,,,,,48.307500,45.701667,48.800833,41.488467,48.307500,51.044435,45.570565,49.675968,46.939032
2026-01-30,43.600000,2025-08-14,2025-06-30,2.310000,6.620000,6.586103,7.377968,0.580338,41.158475,45.000311,48.842148,52.683984,56.525821,,,,,,,,,,48.157500,45.603333,48.769583,41.558892,48.157500,51.540939,44.774061,49.849219,46.465781
2026-02-02,43.600000,2025-08-14,2025-06-30,2.310000,6.620000,6.586103,7.367947,0.583561,41.049465,44.912639,48.775812,52.638986,56.502160,,,,,,,,,,47.972500,45.505000,48.720833,41.629316,47.972500,51.912240,44.032760,49.942370,46.002630
2026-02-03,43.800000,2025-08-14,2025-06-30,2.310000,6.620000,6.616314,7.355488,0.583514,40.967600,44.830466,48.693331,52.556197,56.419063,,,,,,,,,,47.812500,45.426667,48.656667,41.700574,47.812500,52.157597,43.467403,49.985049,45.639951
2026-02-04,43.800000,2025-08-14,2025-06-30,2.310000,6.620000,6.616314,7.342766,0.582843,40.892264,44.750688,48.609112,52.467536,56.325960,,,,,,,,,,47.585000,45.370000,48.590833,41.771832,47.585000,52.274417,42.895583,49.929708,45.240292
2026-02-05,43.800000,2025-08-14,2025-06-30,2.310000,6.620000,6.616314,7.330438,0.582430,40.816133,44.671816,48.527500,52.383184,56.238867,,,,,,,,,,47.325000,45.345000,48.527500,41.843090,47.325000,52.254556,42.395444,49.789778,44.860222
2026-02-06,43.000000,2025-08-14,2025-06-30,2.310000,6.620000,6.495468,7.322319,0.587242,40.698666,44.586208,48.473750,52.361292,56.248834,,,,,,,,,,47.005000,45.337500,48.473750,41.919072,47.005000,52.191612,41.818388,49.598306,44.411694
2026-02-09,41.800000,2025-08-14,2025-06-30,2.310000,6.620000,6.314199,7.309982,0.592761,40.543924,44.468003,48.392083,52.316163,56.240243,,,,,,,,,,46.565000,45.307500,48.392083,41.986910,46.565000,51.956524,41.173476,49.260762,43.869238
2026-02-10,41.800000,2025-08-14,2025-06-30,2.310000,6.620000,6.314199,7.298779,0.598791,40.389924,44.353920,48.317917,52.281913,56.245910,,,,,,,,,,46.192500,45.283333,48.317917,42.057107,46.192500,51.826913,40.558087,49.009706,43.375294
2026-02-11,40.900000,2025-08-14,2025-06-30,2.310000,6.620000,6.178248,7.287450,0.607036,40.205762,44.224340,48.242917,52.261494,56.280071,,,,,,,,,,45.775000,45.228333,48.242917,42.125126,45.775000,51.686140,39.863860,48.730570,42.819430
2026-02-23,40.050000,2025-08-14,2025-06-30,2.310000,6.620000,6.049849,7.275491,0.617164,39.992495,44.078123,48.163750,52.249377,56.335005,,,,,,,,,,45.315000,45.134167,48.163750,42.189800,45.315000,51.512461,39.117539,48.413731,42.216269
2026-02-24,40.050000,2025-08-14,2025-06-30,2.310000,6.620000,6.049849,7.263784,0.626983,39.785000,43.935625,48.086250,52.236875,56.387500,,,,,,,,,,44.852500,45.043333,48.086250,42.254473,44.852500,51.177095,38.527905,48.014797,41.690203
2026-02-25,39.850000,2025-08-14,2025-06-30,2.310000,6.620000,6.019637,7.253273,0.637182,39.580377,43.798522,48.016667,52.234811,56.452956,,,,,,,,,,44.382500,44.966667,48.016667,42.323817,44.382500,50.728180,38.036820,47.555340,41.209660
2026-02-26,41.500000,2025-08-14,2025-06-30,2.310000,6.620000,6.268882,7.244147,0.643395,39.437703,43.696977,47.956250,52.215523,56.474797,,,,,,,,,,43.997500,44.930000,47.956250,42.395515,43.997500,50.039587,37.955413,47.018544,40.976456
2026-03-02,40.550000,2025-08-14,2025-06-30,2.310000,6.620000,6.125378,7.231118,0.650109,39.262554,43.566277,47.870000,52.173723,56.477446,,,,,,,,,,43.575000,44.875833,47.870000,42.458931,43.575000,49.318601,37.831399,46.446800,40.703200
2026-03-03,40.500000,2025-08-14,2025-06-30,2.310000,6.620000,6.117825,7.216641,0.655420,39.096406,43.435286,47.774167,52.113047,56.451927,,,,,,,,,,43.182500,44.845833,47.774167,42.517225,43.182500,48.616726,37.748274,45.899613,40.465387
2026-03-04,40.900000,2025-08-14,2025-06-30,2.310000,6.620000,6.178248,7.203676,0.660467,38.943753,43.316043,47.688333,52.060624,56.432914,,,,,,,,,,42.802500,44.824167,47.688333,42.578954,42.802500,47.708294,37.896706,45.255397,40.349603
2026-03-05,39.950000,2025-08-14,2025-06-30,2.310000,6.620000,6.034743,7.188004,0.665728,38.770340,43.177462,47.584583,51.991705,56.398827,,,,,,,,,,42.372500,44.756667,47.584583,42.632795,42.372500,46.620654,38.124346,44.496577,40.248423
2026-03-06,39.100000,2025-08-14,2025-06-30,2.310000,6.620000,5.906344,7.171765,0.673048,38.565926,43.021505,47.477083,51.932662,56.388240,,,,,,,,,,41.990000,44.676667,47.477083,42.677590,41.990000,45.946154,38.033846,43.968077,40.011923
2026-03-09,38.500000,2025-08-14,2025-06-30,2.310000,6.620000,5.815710,7.156659,0.682982,38.334403,42.855743,47.377083,51.898423,56.419764,,,,,,,,,,41.615000,44.588333,47.377083,42.717528,41.615000,45.388327,37.841673,43.501664,39.728336
2026-03-10,38.950000,2025-08-14,2025-06-30,2.310000,6.620000,5.883686,7.141868,0.691190,38.127810,42.703488,47.279167,51.854845,56.430523,,,,,,,,,,41.300000,44.514167,47.279167,42.765432,41.300000,44.840294,37.759706,43.070147,39.529853
2026-03-11,38.700000,2025-08-14,2025-06-30,2.310000,6.620000,5.845921,7.126888,0.699654,37.916578,42.548289,47.180000,51.811711,56.443422,,,,,,,,,,41.055000,44.425833,47.180000,42.812492,41.055000,44.603298,37.506702,42.829149,39.280851
2026-03-12,40.000000,2025-08-14,2025-06-30,2.310000,6.620000,6.042296,7.114426,0.705568,37.755781,42.426641,47.097500,51.768359,56.439219,,,,,,,,,,40.875000,44.360000,47.097500,42.859269,40.875000,44.240225,37.509775,42.557612,39.192388
2026-03-13,40.300000,2025-08-14,2025-06-30,2.310000,6.620000,6.087613,7.101838,0.710324,37.609482,42.311824,47.014167,51.716509,56.418852,,,,,,,,,,40.700000,44.306667,47.014167,42.907296,40.700000,43.776396,37.623604,42.238198,39.161802
2026-03-16,40.000000,2025-08-14,2025-06-30,2.310000,6.620000,6.042296,7.088872,0.715370,37.456839,42.192586,46.928333,51.664080,56.399827,,,,,,,,,,40.510000,44.240000,46.928333,42.963506,40.510000,43.228862,37.791138,41.869431,39.150569
2026-03-17,40.000000,2025-08-14,2025-06-30,2.310000,6.620000,6.042296,7.068228,0.709455,37.398487,42.095077,46.791667,51.488256,56.184846,,,,,,,,,,40.320000,44.198333,46.791667,43.009890,40.320000,42.559690,38.080310,41.439845,39.200155
2026-03-18,39.450000,2025-08-14,2025-06-30,2.310000,6.620000,5.959215,7.050541,0.710434,37.268435,41.971509,46.674583,51.377658,56.080732,,,,,,,,,,40.142500,44.137500,46.674583,43.063416,40.142500,42.021547,38.263453,41.082023,39.202977
2026-03-19,39.100000,2025-08-14,2025-06-30,2.310000,6.620000,5.906344,7.032414,0.711656,37.132261,41.843422,46.554583,51.265745,55.976906,,,,,,,,,,40.007500,44.072500,46.554583,43.110373,40.007500,41.769459,38.245541,40.888480,39.126520
2026-03-20,39.100000,2025-08-14,2025-06-30,2.310000,6.620000,5.906344,7.012525,0.709476,37.029455,41.726186,46.422917,51.119648,55.816379,,,,,,,,,,39.872500,44.007500,46.422917,43.157134,39.872500,41.461434,38.283566,40.666967,39.078033
2026-03-23,38.650000,2025-08-14,2025-06-30,2.310000,6.620000,5.838369,6.992825,0.708980,36.905609,41.599054,46.292500,50.985946,55.679391,,,,,,,,,,39.760000,43.935000,46.292500,43.202217,39.760000,41.361184,38.158816,40.560592,38.959408
2026-03-24,38.600000,2025-08-14,2025-06-30,2.310000,6.620000,5.830816,6.975453,0.711718,36.754358,41.465929,46.177500,50.889071,55.600642,,,,,,,,,,39.687500,43.856667,46.177500,43.247091,39.687500,41.362981,38.012019,40.525241,38.849759
2026-03-25,38.750000,2025-08-14,2025-06-30,2.310000,6.620000,5.853474,6.956634,0.711275,36.635632,41.344274,46.052917,50.761559,55.470202,,,,,,,,,,39.622500,43.772500,46.052917,43.293377,39.622500,41.339129,37.905871,40.480815,38.764185
2026-03-26,38.750000,2025-08-14,2025-06-30,2.310000,6.620000,5.853474,6.937815,0.710330,36.523563,41.225948,45.928333,50.630718,55.333104,,,,,,,,,,39.567500,43.688333,45.928333,43.344969,39.567500,41.323475,37.811525,40.445487,38.689513
2026-03-27,38.650000,2025-08-14,2025-06-30,2.310000,6.620000,5.838369,6.919373,0.709904,36.407121,41.106686,45.806250,50.505814,55.205379,,,,,,,,,,39.425000,43.595000,45.806250,43.390248,39.425000,40.970622,37.879378,40.197811,38.652189
2026-03-30,38.450000,2025-08-14,2025-06-30,2.310000,6.620000,5.808157,6.902190,0.711651,36.270243,40.981371,45.692500,50.403629,55.114757,,,,,,,,,,39.320000,43.503333,45.692500,43.430763,39.320000,40.828712,37.811288,40.074356,38.565644
2026-03-31,38.150000,2026-03-31,2025-12-31,3.960000,7.380000,5.169377,6.878551,0.721718,40.111158,45.437434,50.763710,56.089986,61.416262,,,,,,,,,,39.202500,43.406667,45.568750,43.484375,39.202500,40.690160,37.714840,39.946330,38.458670
2026-04-01,38.100000,2026-03-31,2025-12-31,3.960000,7.380000,5.162602,6.855234,0.731594,39.793291,45.192458,50.591625,55.990792,61.389959,,,,,,,,,,39.062500,43.298333,45.447083,43.536600,39.062500,40.396617,37.728383,39.729559,38.395441
2026-04-02,37.950000,2026-03-31,2025-12-31,3.960000,7.380000,5.142276,6.832124,0.741555,39.475723,44.948400,50.421078,55.893755,61.366432,,,,,,,,,,38.962500,43.187500,45.326667,43.587414,38.962500,40.316199,37.608801,39.639349,38.285651
2026-04-07,36.900000,2026-03-31,2025-12-31,3.960000,7.380000,5.000000,6.809088,0.755165,39.104841,44.677956,50.251070,55.824184,61.397299,,,,,,,,,,38.852500,43.055833,45.205833,43.625008,38.852500,40.487471,37.217529,39.669986,38.035014
2026-04-08,37.150000,2026-03-31,2025-12-31,3.960000,7.380000,5.033875,6.783439,0.762779,38.803162,44.432470,50.061779,55.691087,61.320395,,,,,,,,,,38.785000,42.920000,45.067917,43.660106,38.785000,40.584444,36.985556,39.684722,37.885278
2026-04-09,38.350000,2026-03-31,2025-12-31,3.960000,7.380000,5.196477,6.759145,0.766533,38.568466,44.225477,49.882487,55.539498,61.196508,,,,,,,,,,38.755000,42.787500,44.940000,43.705708,38.755000,40.562848,36.947152,39.658924,37.851076
2026-04-10,37.650000,2026-03-31,2025-12-31,3.960000,7.380000,5.101626,6.735571,0.773672,38.289110,43.998810,49.708511,55.418211,61.127912,,,,,,,,,,38.702500,42.638333,44.816250,43.748785,38.702500,40.576835,36.828165,39.639667,37.765333
2026-04-13,36.800000,2026-03-31,2025-12-31,3.960000,7.380000,4.986450,6.710911,0.781895,37.985745,43.756133,49.526522,55.296910,61.067299,,,,,,,,,,38.542500,42.463333,44.684583,43.784784,38.542500,40.495170,36.589830,39.518835,37.566165
2026-04-14,36.000000,2026-03-31,2025-12-31,3.960000,7.380000,4.878049,6.684970,0.790660,37.664936,43.500008,49.335079,55.170151,61.005223,,,,,,,,,,38.327500,42.280000,44.543750,43.817842,38.327500,40.408106,36.246894,39.367803,37.287197
2026-04-15,37.050000,2026-03-31,2025-12-31,3.960000,7.380000,5.020325,6.660719,0.796743,37.396174,43.276138,49.156103,55.036067,60.916031,,,,,,,,,,38.180000,42.091667,44.415000,43.861564,38.180000,40.177999,36.182001,39.178999,37.181001
2026-04-16,37.000000,2026-03-31,2025-12-31,3.960000,7.380000,5.013550,6.635152,0.799985,37.159648,43.063534,48.967419,54.871305,60.775191,,,,,,,,,,38.030000,41.891667,44.277500,43.900558,38.030000,39.898971,36.161029,38.964486,37.095514
2026-04-17,35.800000,2026-03-31,2025-12-31,3.960000,7.380000,4.850949,6.609237,0.807021,36.864535,42.820352,48.776168,54.731985,60.687801,,,,,,,,,,37.847500,41.665000,44.136667,43.934945,37.847500,39.841300,35.853700,38.844400,36.850600
2026-04-20,36.400000,2026-03-31,2025-12-31,3.960000,7.380000,4.932249,6.584629,0.812788,36.597814,42.596188,48.594562,54.592936,60.591309,,,,,,,,,,37.712500,41.428333,44.005000,43.972225,37.712500,39.714834,35.710166,38.713667,36.711333
2026-04-21,44.050000,2026-03-31,2025-12-31,3.960000,7.380000,5.968835,6.567778,0.804304,36.598676,42.534439,48.470203,54.405966,60.341729,,,,,,,,,,37.960000,41.341667,43.931250,44.041576,37.960000,41.395358,34.524642,39.677679,36.242321
2026-04-22,51.400000,2026-03-31,2025-12-31,3.960000,7.380000,6.964770,6.559101,0.794210,36.683619,42.544892,48.406164,54.267437,60.128709,,,,,,,,,,38.597500,41.377500,43.917917,44.147056,38.597500,45.527031,31.667969,42.062265,35.132735
2026-04-23,46.500000,2026-03-31,2025-12-31,3.960000,7.380000,6.300813,6.544639,0.782805,36.745231,42.522333,48.299435,54.076536,59.853638,,,,,,,,,,38.992500,41.331667,43.862083,44.227205,38.992500,46.771235,31.213765,42.881867,35.103133
2026-04-24,45.000000,2026-03-31,2025-12-31,3.960000,7.380000,6.097561,6.528735,0.772180,36.784692,42.483378,48.182063,53.880749,59.579434,,,,,,,,,,39.305000,41.260000,43.795417,44.301301,39.305000,47.531971,31.078029,43.418486,35.191514
2026-04-27,43.600000,2026-03-31,2025-12-31,3.960000,7.380000,5.907859,6.510746,0.761120,36.815177,42.432243,48.049309,53.666375,59.283441,,,,,,,,,,39.547500,41.165833,43.713750,44.369367,39.547500,47.988719,31.106281,43.768110,35.326890
2026-04-28,43.450000,2026-03-31,2025-12-31,3.960000,7.380000,5.887534,6.493218,0.750897,36.836710,42.378330,47.919950,53.461569,59.003189,,,,,,,,,,39.787500,41.070000,43.635000,44.436808,39.787500,48.392632,31.182368,44.090066,35.484934
2026-04-29,41.550000,2026-03-31,2025-12-31,3.960000,7.380000,5.630081,6.473670,0.742462,36.816948,42.296317,47.775686,53.255055,58.734424,,,,,,,,,,39.942500,40.945833,43.541250,44.496333,39.942500,48.557864,31.327136,44.250182,35.634818
2026-04-30,42.000000,2026-03-31,2025-12-31,3.960000,7.380000,5.691057,6.454505,0.732585,36.821288,42.227766,47.634243,53.040721,58.447199,,,,,,,,,,40.135000,40.840000,43.450417,44.556160,40.135000,48.753774,31.516226,44.444387,35.825613
2026-05-04,41.100000,2026-03-31,2025-12-31,3.960000,7.380000,5.569106,6.435330,0.725299,36.787322,42.140027,47.492733,52.845438,58.198144,,,,,,,,,,40.285000,40.716667,43.358750,44.612237,40.285000,48.858957,31.711043,44.571978,35.998022
2026-05-05,41.100000,2026-03-31,2025-12-31,3.960000,7.380000,5.569106,6.417036,0.719155,36.743002,42.050363,47.357725,52.665087,57.972449,,,,,,,,,,40.442500,40.592500,43.272917,44.669296,40.442500,48.951336,31.933664,44.696918,36.188082
2026-05-06,39.600000,2026-03-31,2025-12-31,3.960000,7.380000,5.365854,6.396419,0.713462,36.674874,41.940223,47.205573,52.470922,57.736272,,,,,,,,,,40.577500,40.473333,43.170417,44.719123,40.577500,48.933996,32.221004,44.755748,36.399252
2026-05-07,41.000000,2026-03-31,2025-12-31,3.960000,7.380000,5.555556,6.379145,0.708459,36.621236,41.849665,47.078093,52.306521,57.534950,,,,,,,,,,40.770000,40.390000,43.091250,44.765350,40.770000,48.969961,32.570039,44.869981,36.670019
2026-05-08,41.300000,2026-03-31,2025-12-31,3.960000,7.380000,5.596206,6.361959,0.702148,36.587558,41.769406,46.951255,52.133104,57.314952,,,,,,,,,,40.917500,40.324167,43.012917,44.812433,40.917500,49.039936,32.795064,44.978718,36.856282
2026-05-11,40.950000,2026-03-31,2025-12-31,3.960000,7.380000,5.548780,6.345887,0.698465,36.523309,41.677979,46.832649,51.987318,57.141988,,,,,,,,,,41.082500,40.280000,42.941667,44.852948,41.082500,49.058205,33.106795,45.070352,37.094648
2026-05-12,39.800000,2026-03-31,2025-12-31,3.960000,7.380000,5.392954,6.328517,0.696004,36.431437,41.567948,46.704459,51.840970,56.977480,,,,,,,,,,41.232500,40.216667,42.860833,44.888278,41.232500,48.978621,33.486379,45.105561,37.359439
2026-05-13,39.400000,2026-03-31,2025-12-31,3.960000,7.380000,5.338753,6.311955,0.695709,36.313555,41.447890,46.582226,51.716561,56.850896,,,,,,,,,,41.402500,40.143333,42.785000,44.925676,41.402500,48.806800,33.998200,45.104650,37.700350
2026-05-14,37.400000,2026-03-31,2025-12-31,3.960000,7.380000,5.067751,6.294770,0.700785,36.111810,41.283606,46.455403,51.627199,56.798996,,,,,,,,,,41.420000,40.036667,42.703333,44.951006,41.420000,48.782522,34.057478,45.101261,37.738739
2026-05-15,38.200000,2026-03-31,2025-12-31,3.960000,7.380000,5.176152,6.280880,0.706326,35.927529,41.140213,46.352898,51.565582,56.778266,,,,,,,,,,41.480000,39.943333,42.644167,44.982618,41.480000,48.709210,34.250790,45.094605,37.865395
2026-05-18,38.100000,2026-03-31,2025-12-31,3.960000,7.380000,5.162602,6.269207,0.713160,35.740511,41.003628,46.266746,51.529864,56.792981,,,,,,,,,,41.595000,39.861667,42.599583,45.007524,41.595000,48.510117,34.679883,45.052558,38.137442
2026-05-19,39.250000,2026-03-31,2025-12-31,3.960000,7.380000,5.318428,6.258643,0.717800,35.594058,40.891421,46.188784,51.486147,56.783510,,,,,,,,,,41.737500,39.819167,42.563333,45.037221,41.737500,48.310881,35.164119,45.024191,38.450809
2026-05-20,39.800000,2026-03-31,2025-12-31,3.960000,7.380000,5.392954,6.249140,0.721671,35.466787,40.792722,46.118657,51.444592,56.770526,,,,,,,,,,41.525000,39.785833,42.534583,45.075499,41.525000,48.058275,34.991725,44.791638,38.258362
2026-05-21,40.400000,2026-03-31,2025-12-31,3.960000,7.380000,5.474255,6.239120,0.724029,35.358040,40.701372,46.044704,51.388036,56.731369,,,,,,,,,,40.975000,39.777500,42.502917,45.116278,40.975000,45.573570,36.376430,43.274285,38.675715
2026-05-22,40.700000,2026-03-31,2025-12-31,3.960000,7.380000,5.514905,6.227550,0.724419,35.266893,40.613105,45.959316,51.305528,56.651740,,,,,,,,,,40.685000,39.788333,42.461250,45.148282,40.685000,44.477388,36.892612,42.581194,38.788806
2026-05-25,40.350000,2026-03-31,2025-12-31,3.960000,7.380000,5.467480,6.215836,0.725257,35.168084,40.520477,45.872870,51.225263,56.577656,,,,,,,,,,40.452500,39.793333,42.418333,45.183546,40.452500,43.655373,37.249627,42.053936,38.851064
2026-05-26,40.600000,2026-03-31,2025-12-31,3.960000,7.380000,5.501355,6.205727,0.726701,35.072157,40.435209,45.798262,51.161314,56.524366,,,,,,,,,,40.302500,39.805833,42.386250,45.213561,40.302500,43.145492,37.459508,41.723996,38.881004
2026-05-27,40.000000,2026-03-31,2025-12-31,3.960000,7.380000,5.420054,6.195884,0.729294,34.961246,40.343433,45.725621,51.107808,56.489996,,,,,,,,,,40.130000,39.780833,42.355417,45.230071,40.130000,42.557127,37.702873,41.343564,38.916436
2026-05-28,39.800000,2026-03-31,2025-12-31,3.960000,7.380000,5.392954,6.185689,0.731913,34.847347,40.248866,45.650384,51.051902,56.453420,,,,,,,,,,40.042500,39.768333,42.322083,45.237296,40.042500,42.378550,37.706450,41.210525,38.874475
2026-05-29,39.350000,2026-03-31,2025-12-31,3.960000,7.380000,5.331978,6.176874,0.735794,34.725010,40.155171,45.585332,51.015493,56.445654,,,,,,,,,,39.910000,39.749167,42.297500,45.235963,39.910000,42.072747,37.747253,40.991373,38.828627
2026-06-01,39.050000,2026-03-31,2025-12-31,3.960000,7.380000,5.291328,6.167847,0.739981,34.596588,40.057649,45.518710,50.979771,56.440832,,,,,,,,,,39.807500,39.718333,42.271250,45.234363,39.807500,41.926654,37.688346,40.867077,38.747923
2026-06-02,38.900000,2026-03-31,2025-12-31,3.960000,7.380000,5.271003,6.156384,0.743151,34.465208,39.949662,45.434115,50.918568,56.403022,,,,,,,,,,39.697500,39.700833,42.228750,45.235283,39.697500,41.761853,37.633147,40.729676,38.665324
2026-06-03,39.400000,2026-03-31,2025-12-31,3.960000,7.380000,5.338753,6.145612,0.745572,34.349972,39.852294,45.354616,50.856938,56.359260,,,,,,,,,,39.687500,39.705833,42.191250,45.240252,39.687500,41.755775,37.619225,40.721638,38.653362
2026-06-04,38.950000,2026-03-31,2025-12-31,3.960000,7.380000,5.277778,6.134457,0.748478,34.224761,39.748529,45.272296,50.796063,56.319831,,,,,,,,,,39.585000,39.713333,42.150833,45.241576,39.585000,41.581339,37.588661,40.583169,38.586831
2026-06-05,39.150000,2026-03-31,2025-12-31,3.960000,7.380000,5.304878,6.124032,0.751266,34.106675,39.651017,45.195359,50.739701,56.284043,,,,,,,,,,39.477500,39.716667,42.115417,45.250417,39.477500,41.309805,37.645195,40.393653,38.561347
2026-06-08,38.100000,2026-03-31,2025-12-31,3.960000,7.380000,5.162602,6.111666,0.754798,33.963282,39.533690,45.104097,50.674505,56.244913,,,,,,,,,,39.335000,39.706667,42.066250,45.254489,39.335000,41.127998,37.542002,40.231499,38.438501
2026-06-09,38.250000,2026-03-31,2025-12-31,3.960000,7.380000,5.182927,6.099533,0.757947,33.827259,39.420905,45.014551,50.608197,56.201842,,,,,,,,,,39.257500,39.677500,42.018750,45.260759,39.257500,41.099203,37.415797,40.178351,38.336649
2026-06-10,38.450000,2026-03-31,2025-12-31,3.960000,7.380000,5.210027,6.088191,0.761009,33.698361,39.314606,44.930851,50.547096,56.163341,,,,,,,,,,39.210000,39.646667,41.976667,45.264324,39.210000,41.084932,37.335068,40.147466,38.272534
2026-06-11,37.400000,2026-03-31,2025-12-31,3.960000,7.380000,5.067751,6.075035,0.764912,33.543653,39.188705,44.833756,50.478808,56.123860,,,,,,,,,,39.210000,39.603333,41.921667,45.261942,39.210000,41.084932,37.335068,40.147466,38.272534
2026-06-12,37.450000,2026-03-31,2025-12-31,3.960000,7.380000,5.074526,6.063823,0.769660,33.390836,39.070925,44.751013,50.431102,56.111191,,,,,,,,,,39.172500,39.560833,41.879583,45.252103,39.172500,41.159159,37.185841,40.165830,38.179170
2026-06-15,37.200000,2026-03-31,2025-12-31,3.960000,7.380000,5.040650,6.051574,0.774174,33.233809,38.947211,44.660613,50.374015,56.087417,,,,,,,,,,39.127500,39.523333,41.830417,45.238078,39.127500,41.252409,37.002591,40.189954,38.065046
2026-06-16,37.300000,2026-03-31,2025-12-31,3.960000,7.380000,5.054201,6.039563,0.778398,33.082826,38.827400,44.571975,50.316550,56.061124,,,,,,,,,,39.030000,39.493333,41.782917,45.229383,39.030000,41.304897,36.755103,40.167449,37.892551
2026-06-17,37.300000,2026-03-31,2025-12-31,3.960000,7.380000,5.054201,6.027552,0.782413,32.934923,38.709130,44.483337,50.257544,56.031751,,,,,,,,,,38.905000,39.463333,41.735417,45.220688,38.905000,41.274521,36.535479,40.089761,37.720239
2026-06-18,37.800000,2026-03-31,2025-12-31,3.960000,7.380000,5.121951,6.016106,0.785551,32.804140,38.601503,44.398866,50.196229,55.993592,,,,,,,,,,38.775000,39.449167,41.692083,45.214076,38.775000,41.083679,36.466321,39.929340,37.620660
2026-06-22,37.850000,2026-03-31,2025-12-31,3.960000,7.380000,5.128726,6.004339,0.788197,32.678242,38.495133,44.312024,50.128915,55.945806,,,,,,,,,,38.632500,39.436667,41.646667,45.206690,38.632500,40.787610,36.477390,39.710055,37.554945
2026-06-23,38.350000,2026-03-31,2025-12-31,3.960000,7.380000,5.196477,5.992507,0.789588,32.570379,38.397541,44.224704,50.051867,55.879030,,,,,,,,,,38.532500,39.430000,41.601250,45.194902,38.532500,40.532046,36.532954,39.532273,37.532727
2026-06-24,38.750000,2026-03-31,2025-12-31,3.960000,7.380000,5.250678,5.981127,0.790363,32.474959,38.307838,44.140718,49.973597,55.806476,,,,,,,,,,38.440000,39.430000,41.559167,45.188907,38.440000,40.192772,36.687228,39.316386,37.563614
2026-06-25,38.750000,2026-03-31,2025-12-31,3.960000,7.380000,5.250678,5.969180,0.790480,32.385066,38.218808,44.052550,49.886292,55.720034,,,,,,,,,,38.377500,39.431667,41.513333,45.185468,38.377500,39.978643,36.776357,39.178071,37.576929
2026-06-26,38.750000,2026-03-31,2025-12-31,3.960000,7.380000,5.250678,5.957611,0.790754,32.295642,38.131406,43.967170,49.802934,55.638699,,,,,,,,,,38.325000,39.436667,41.470000,45.183011,38.325000,39.793081,36.856919,39.059041,37.590959
2026-06-29,38.750000,2026-03-31,2025-12-31,3.960000,7.380000,5.250678,5.946042,0.790857,32.208737,38.045264,43.881790,49.718317,55.554843,,,,,,,,,,38.295000,39.446667,41.426667,45.174265,38.295000,39.697967,36.892033,38.996483,37.593517
2026-06-30,38.150000,2026-03-31,2025-12-31,3.960000,7.380000,5.169377,5.932977,0.790628,32.115702,37.950537,43.785371,49.620206,55.455041,,,,,,,,,,38.250000,39.447500,41.372917,45.163019,38.250000,39.608017,36.891983,38.929009,37.570991
2026-07-01,38.150000,2026-03-31,2025-12-31,3.960000,7.380000,5.169377,5.919912,0.790181,32.025882,37.857418,43.688953,49.520488,55.352023,,,,,,,,,,38.212500,39.450833,41.319167,45.151773,38.212500,39.535923,36.889077,38.874211,37.550789
2026-07-02,38.700000,2026-03-31,2025-12-31,3.960000,7.380000,5.243902,5.907217,0.788688,31.954228,37.774744,43.595259,49.415775,55.236291,,,,,,,,,,38.177500,39.480833,41.268333,45.142818,38.177500,39.402019,36.952981,38.789760,37.565240
2026-07-03,38.650000,2026-03-31,2025-12-31,3.960000,7.380000,5.237127,5.893835,0.786298,31.890752,37.693628,43.496504,49.299381,55.102257,,,,,,,,,,38.162500,39.505833,41.212917,45.134049,38.162500,39.354082,36.970918,38.758291,37.566709
2026-07-06,38.450000,2026-03-31,2025-12-31,3.960000,7.380000,5.210027,5.878969,0.782177,31.841867,37.614330,43.386793,49.159255,54.931718,,,,,,,,,,38.127500,39.507500,41.147500,45.124446,38.127500,39.235117,37.019883,38.681309,37.573691
2026-07-07,38.100000,2026-03-31,2025-12-31,3.960000,7.380000,5.162602,5.863330,0.777530,31.795039,37.533208,43.271377,49.009546,54.747715,,,,,,,,,,38.127500,39.515000,41.076667,45.105130,38.127500,39.235117,37.019883,38.681309,37.573691
2026-07-08,38.150000,2026-03-31,2025-12-31,3.960000,7.380000,5.169377,5.846867,0.771052,31.769144,37.459510,43.149875,48.840241,54.530606,,,,,,,,,,38.122500,39.537500,41.000417,45.083074,38.122500,39.228691,37.016309,38.675595,37.569405
2026-07-09,38.050000,2026-03-31,2025-12-31,3.960000,7.380000,5.155827,5.830668,0.764905,31.740326,37.385326,43.030327,48.675328,54.320329,,,,,,,,,,38.102500,39.571667,40.925833,45.047433,38.102500,39.198173,37.006827,38.650337,37.554663
2026-07-13,38.050000,2026-03-31,2025-12-31,3.960000,7.380000,5.155827,5.812769,0.755217,31.751242,37.324740,42.898238,48.471736,54.045234,,,,,,,,,,38.135000,39.588333,40.840000,44.988208,38.135000,39.180341,37.089659,38.657670,37.612330
2026-07-14,37.400000,2026-03-31,2025-12-31,3.960000,7.380000,5.067751,5.793319,0.743919,31.774445,37.264569,42.754693,48.244817,53.734941,,,,,,,,,,38.132500,39.595000,40.743333,44.909764,38.132500,39.184953,37.080047,38.658727,37.606273
2026-07-15,36.600000,2026-03-31,2025-12-31,3.960000,7.380000,4.959350,5.772461,0.731721,31.800560,37.200662,42.600765,48.000868,53.400971,,,,,,,,,,38.102500,39.608333,40.636667,44.846855,38.102500,39.292137,36.912863,38.697319,37.507681
2026-07-16,37.600000,2026-03-31,2025-12-31,3.960000,7.380000,5.094851,5.751223,0.713723,31.909466,37.176745,42.444023,47.711302,52.978580,,,,,,,,,,38.117500,39.628333,40.528333,44.780645,38.117500,39.271566,36.963434,38.694533,37.540467
2026-07-17,37.450000,2026-03-31,2025-12-31,3.960000,7.380000,5.074526,5.731514,0.699216,31.978141,37.138357,42.298573,47.458788,52.619004,,,,,,,,,,38.125000,39.518333,40.430000,44.714988,38.125000,39.258462,36.991538,38.691731,37.558269
2026-07-20,37.450000,2026-03-31,2025-12-31,3.960000,7.380000,5.074526,5.711805,0.683829,32.059805,37.106464,42.153122,47.199780,52.246438,,,,,,,,,,38.107500,39.285833,40.331667,44.650511,38.107500,39.272460,36.942540,38.689980,37.525020
2026-07-21,37.400000,2026-03-31,2025-12-31,3.960000,7.380000,5.067751,5.692040,0.667554,32.154158,37.080706,42.007255,46.933803,51.860351,,,,,,,,,,38.085000,39.134167,40.232917,44.578750,38.085000,39.287672,36.882328,38.686336,37.483664
2026-07-22,37.650000,2026-03-31,2025-12-31,3.960000,7.380000,5.101626,5.672494,0.649836,32.271423,37.067215,41.863006,46.658797,51.454589,,,,,,,,,,38.050000,39.011667,40.135833,44.516875,38.050000,39.260915,36.839085,38.655458,37.444542
2026-07-23,38.000000,2026-03-31,2025-12-31,3.960000,7.380000,5.149051,5.653406,0.630858,32.410673,37.066406,41.722139,46.377872,51.033605,,,,,,,,,,38.012500,38.918333,40.042083,44.467292,38.012500,39.177731,36.847269,38.595115,37.429885
2026-07-24,38.150000,2026-03-31,2025-12-31,3.960000,7.380000,5.169377,5.634551,0.610744,32.568403,37.075694,41.582986,46.090277,50.597569,,,,,,,,,,37.982500,38.830000,39.950000,44.420000,37.982500,39.097600,36.867400,38.540050,37.424950
2026-07-27,38.150000,2026-03-31,2025-12-31,3.960000,7.380000,5.169377,5.615947,0.590112,32.735637,37.090664,41.445691,45.800718,50.155745,,,,,,,,,,37.952500,38.773333,39.859583,44.370833,37.952500,39.011534,36.893466,38.482017,37.422983
2026-07-28,36.450000,2026-03-31,2025-12-31,3.960000,7.380000,4.939024,5.596242,0.572500,32.850166,37.075217,41.300268,45.525319,49.750370,,,,,,,,,,37.837500,38.680833,39.760417,44.314583,37.837500,39.023770,36.651230,38.430635,37.244365
2026-07-29,33.650000,2026-03-31,2025-12-31,3.960000,7.380000,4.559621,5.573187,0.557762,32.897546,37.013832,41.130118,45.246405,49.362691,,,,,,,,,,37.612500,38.556667,39.636667,44.246875,37.612500,39.818204,35.406796,38.715352,36.509648
2026-07-30,33.350000,2026-03-31,2025-12-31,3.960000,7.380000,4.518970,5.549730,0.542064,32.956134,36.956569,40.957004,44.957439,48.957874,,,,,,,,,,37.372500,38.427500,39.510000,44.181875,37.372500,40.268500,34.476500,38.820500,35.924500
2026-07-31,34.500000,2026-03-31,2025-12-31,3.960000,7.380000,4.674797,5.529837,0.529765,32.990862,36.900529,40.810195,44.719862,48.629528,,,,,,,,,,37.162500,38.342500,39.407917,44.123750,37.162500,40.255595,34.069405,38.709048,35.615952
2026-08-03,33.400000,2026-03-31,2025-12-31,3.960000,7.380000,4.525745,5.509646,0.521341,32.966196,36.813692,40.661187,44.508682,48.356178,,,,,,,,,,36.900000,38.215833,39.302917,44.061042,36.900000,40.333887,33.466113,38.616943,35.183057
2026-08-04,33.300000,2026-03-31,2025-12-31,3.960000,7.380000,4.512195,5.490286,0.514791,32.919993,36.719153,40.518313,44.317473,48.116633,,,,,,,,,,36.642500,38.082500,39.203333,44.002083,36.642500,40.348580,32.936420,38.495540,34.789460
2026-08-05,32.250000,2026-03-31,2025-12-31,3.960000,7.380000,4.369919,5.471818,0.514901,32.782074,36.582046,40.382018,44.181990,47.981962,,,,,,,,,,36.350000,37.937500,39.108750,43.939167,36.350000,40.471829,32.228171,38.410914,34.289086
2026-08-06,32.350000,2026-03-31,2025-12-31,3.960000,7.380000,4.383469,5.453463,0.514105,32.658371,36.452464,40.246556,44.040648,47.834741,,,,,,,,,,36.060000,37.813333,39.015000,43.867917,36.060000,40.455644,31.664356,38.257822,33.862178
2026-08-07,31.150000,2026-03-31,2025-12-31,3.960000,7.380000,4.220867,5.433501,0.515078,32.496679,36.297958,40.099236,43.900514,47.701792,,,,,,,,,,35.715000,37.675833,38.909583,43.783125,35.715000,40.517313,30.912687,38.116157,33.313843
2026-08-10,31.150000,2026-03-31,2025-12-31,3.960000,7.380000,4.220867,5.413539,0.515271,32.346517,36.149216,39.951916,43.754615,47.557315,,,,,,,,,,35.370000,37.571667,38.804167,43.697500,35.370000,40.449411,30.290589,37.909706,32.830294
2026-08-11,31.000000,2026-03-31,2025-12-31,3.960000,7.380000,4.200542,5.393407,0.515076,32.200829,36.002087,39.803346,43.604605,47.405863,,,,,,,,,,35.050000,37.451667,38.697500,43.612500,35.050000,40.390609,29.709391,37.720305,32.379695
2026-08-12,29.850000,2026-03-31,2025-12-31,3.960000,7.380000,4.044715,5.372984,0.519578,31.983649,35.818137,39.652625,43.487113,47.321600,,,,,,,,,,34.712500,37.314167,38.587917,43.530833,34.712500,40.476990,28.948010,37.594745,31.830255
2026-08-13,30.050000,2026-03-31,2025-12-31,3.960000,7.380000,4.071816,5.354298,0.525730,31.754939,35.634829,39.514718,43.394607,47.274497,,,,,,,,,,34.335000,37.160833,38.490000,43.441042,34.335000,40.289043,28.380957,37.312022,31.357978
2026-08-14,31.100000,2026-08-14,2026-06-30,0.790000,8.120000,3.830049,5.333597,0.536415,34.597425,38.953115,43.308804,47.664494,52.020183,,,,,,,,,,34.017500,37.015833,38.400833,43.359375,34.017500,39.949330,28.085670,36.983415,31.051585
2026-08-17,37.200000,2026-08-14,2026-06-30,0.790000,8.120000,4.581281,5.320289,0.535092,34.510851,38.855797,43.200743,47.545689,51.890635,,,,,,,,,,34.005000,36.962500,38.370000,43.306458,34.005000,39.907355,28.102645,36.956177,31.053823
2026-08-18,38.550000,2026-08-14,2026-06-30,0.790000,8.120000,4.747537,5.309436,0.533375,34.450616,38.781618,43.112620,47.443621,51.774623,,,,,,,,,,34.062500,36.926667,38.357500,43.260625,34.062500,40.124363,28.000637,37.093432,31.031568
2026-08-19,38.750000,2026-08-14,2026-06-30,0.790000,8.120000,4.772167,5.298789,0.531218,34.399176,38.712670,43.026163,47.339657,51.653150,,,,,,,,,,34.117500,36.900000,38.346667,43.216458,34.117500,40.334393,27.900607,37.225947,31.009053
2026-08-20,36.750000,2026-08-14,2026-06-30,0.790000,8.120000,4.525862,5.286340,0.531686,34.290497,38.607791,42.925084,47.242378,51.559672,,,,,,,,,,34.055000,36.835833,38.320833,43.168750,34.055000,40.131088,27.978912,37.093044,31.016956
2026-08-21,37.350000,2026-08-14,2026-06-30,0.790000,8.120000,4.599754,5.272431,0.527583,34.244186,38.528163,42.812140,47.096117,51.380094,,,,,,,,,,34.015000,36.791667,38.286250,43.121250,34.015000,39.987225,28.042775,37.001113,31.028887
2026-08-24,37.450000,2026-08-14,2026-06-30,0.790000,8.120000,4.612069,5.259820,0.525105,34.182042,38.445891,42.709740,46.973588,51.237437,,,,,,,,,,33.980000,36.752500,38.260417,43.065208,33.980000,39.857647,28.102353,36.918824,31.041176
2026-08-25,37.750000,2026-08-14,2026-06-30,0.790000,8.120000,4.649015,5.247580,0.522046,34.132315,38.371333,42.610350,46.849367,51.088385,,,,,,,,,,34.045000,36.725833,38.237500,43.005833,34.045000,40.064696,28.025304,37.054848,31.035152
2026-08-26,38.150000,2026-08-14,2026-06-30,0.790000,8.120000,4.698276,5.235247,0.517336,34.108674,38.309439,42.510205,46.710971,50.911737,,,,,,,,,,34.270000,36.710833,38.214583,42.951458,34.270000,40.557950,27.982050,37.413975,31.126025
2026-08-27,38.250000,2026-08-14,2026-06-30,0.790000,8.120000,4.710591,5.224212,0.514252,34.069151,38.244877,42.420604,46.596331,50.772058,,,,,,,,,,34.515000,36.700000,38.200417,42.892500,34.515000,41.029769,28.000231,37.772384,31.257616
2026-08-28,38.350000,2026-08-14,2026-06-30,0.790000,8.120000,4.722906,5.214350,0.512405,34.019069,38.179797,42.340525,46.501253,50.661981,,,,,,,,,,34.707500,36.682500,38.194167,42.835625,34.707500,41.444146,27.970854,38.075823,31.339177
2026-08-31,36.900000,2026-08-14,2026-06-30,0.790000,8.120000,4.544335,5.203756,0.513010,33.923215,38.088855,42.254495,46.420136,50.585776,,,,,,,,,,34.882500,36.648333,38.180833,42.778958,34.882500,41.657864,28.107136,38.270182,31.494818
2026-09-01,36.500000,2026-08-14,2026-06-30,0.790000,8.120000,4.495074,5.192184,0.513205,33.826080,37.993306,42.160533,46.327759,50.494986,,,,,,,,,,35.042500,36.604167,38.160417,42.719792,35.042500,41.811646,28.273354,38.427073,31.657927
2026-09-02,36.250000,2026-08-14,2026-06-30,0.790000,8.120000,4.464286,5.180670,0.513913,33.721088,37.894065,42.067042,46.240019,50.412995,,,,,,,,,,35.242500,36.573333,38.140000,42.660000,35.242500,41.899690,28.585310,38.571095,31.913905
2026-09-03,35.500000,2026-08-14,2026-06-30,0.790000,8.120000,4.371921,5.166750,0.513000,33.622887,37.788450,41.954013,46.119576,50.285139,,,,,,,,,,35.400000,36.527500,38.102500,42.600000,35.400000,41.916618,28.883382,38.658309,32.141691
2026-09-04,36.250000,2026-08-14,2026-06-30,0.790000,8.120000,4.464286,5.153223,0.509907,33.563272,37.703720,41.844168,45.984616,50.125064,,,,,,,,,,35.655000,36.490833,38.068750,42.541458,35.655000,41.863220,29.446780,38.759110,32.550890
2026-09-07,36.250000,2026-08-14,2026-06-30,0.790000,8.120000,4.464286,5.140073,0.507126,33.501655,37.619522,41.737389,45.855256,49.973123,,,,,,,,,,35.910000,36.471667,38.037500,42.482917,35.910000,41.746960,30.073040,38.828480,32.991520
2026-09-08,34.900000,2026-08-14,2026-06-30,0.790000,8.120000,4.298030,5.125537,0.506046,33.401181,37.510271,41.619361,45.728451,49.837540,,,,,,,,,,36.105000,36.429167,37.995000,42.393333,36.105000,41.494747,30.715253,38.799873,33.410127
2026-09-09,33.300000,2026-08-14,2026-06-30,0.790000,8.120000,4.100985,5.110052,0.508744,33.231611,37.362616,41.493620,45.624625,49.755629,,,,,,,,,,36.277500,36.364167,37.943750,42.309167,36.277500,41.004408,31.550592,38.640954,33.914046
2026-09-10,33.600000,2026-08-14,2026-06-30,0.790000,8.120000,4.137931,5.095315,0.511092,33.073828,37.223893,41.373958,45.524023,49.674088,,,,,,,,,,36.455000,36.302500,37.897917,42.226250,36.455000,40.399069,32.510931,38.427035,34.482965
2026-09-11,33.300000,2026-08-14,2026-06-30,0.790000,8.120000,4.100985,5.080270,0.513583,32.911209,37.081502,41.251795,45.422088,49.592382,,,,,,,,,,36.565000,36.235833,37.849583,42.136250,36.565000,39.965480,33.164520,38.265240,34.864760
2026-09-14,34.400000,2026-08-14,2026-06-30,0.790000,8.120000,4.236453,5.066921,0.514530,32.787424,36.965412,41.143399,45.321386,49.499374,,,,,,,,,,36.425000,36.179167,37.814167,42.053333,36.425000,39.943896,32.906104,38.184448,34.665552
2026-09-15,32.850000,2026-08-14,2026-06-30,0.790000,8.120000,4.045567,5.052044,0.518055,32.609386,36.815991,41.022597,45.229203,49.435808,,,,,,,,,,36.140000,36.095833,37.766250,41.971875,36.140000,39.852227,32.427773,37.996114,34.283886
2026-09-16,34.450000,2026-08-14,2026-06-30,0.790000,8.120000,4.242611,5.038620,0.517984,32.501534,36.707565,40.913595,45.119626,49.325656,,,,,,,,,,35.925000,36.030833,37.730417,41.891667,35.925000,39.496156,32.353844,37.710578,34.139422
2026-09-17,32.850000,2026-08-14,2026-06-30,0.790000,8.120000,4.045567,5.023554,0.520371,32.340437,36.565848,40.791260,45.016672,49.242084,,,,,,,,,,35.730000,35.932500,37.681250,41.804792,35.730000,39.530055,31.929945,37.630028,33.829972
2026-09-18,32.500000,2026-08-14,2026-06-30,0.790000,8.120000,4.002463,5.008255,0.523194,32.170356,36.418693,40.667031,44.915368,49.163705,,,,,,,,,,35.487500,35.828333,37.630000,41.718125,35.487500,39.467036,31.507964,37.477268,33.497732
2026-09-21,33.000000,2026-08-14,2026-06-30,0.790000,8.120000,4.064039,4.993721,0.525009,32.022868,36.285940,40.549012,44.812084,49.075156,,,,,,,,,,35.265000,35.732500,37.584583,41.638542,35.265000,39.279985,31.250015,37.272493,33.257507
2026-09-22,31.450000,2026-08-14,2026-06-30,0.790000,8.120000,3.873153,4.982919,0.534611,31.779213,36.120257,40.461301,44.802345,49.143389,,,,,,,,,,34.950000,35.610833,37.528750,41.548750,34.950000,39.129272,30.770728,37.039636,32.860364
2026-09-23,31.450000,2026-08-14,2026-06-30,0.790000,8.120000,3.873153,4.972173,0.543848,31.541952,35.958000,40.374048,44.790096,49.206144,,,,,,,,,,34.615000,35.499167,37.473333,41.460208,34.615000,38.788362,30.441638,36.701681,32.528319
2026-09-24,33.000000,2026-08-14,2026-06-30,0.790000,8.120000,4.064039,4.963188,0.549888,31.370908,35.835998,40.301087,44.766177,49.231267,,,,,,,,,,34.352500,35.413333,37.432083,41.379375,34.352500,38.211798,30.493202,36.282149,32.422851
2026-09-29,31.450000,2026-08-14,2026-06-30,0.790000,8.120000,3.873153,4.953798,0.558803,31.149873,35.687355,40.224837,44.762320,49.299802,,,,,,,,,,34.007500,35.292500,37.386667,41.296250,34.007500,37.585543,30.429457,35.796522,32.218478
2026-09-30,32.000000,2026-08-14,2026-06-30,0.790000,8.120000,3.940887,4.944689,0.566344,30.953456,35.552167,40.150879,44.749590,49.348301,,,,,,,,,,33.762500,35.181667,37.343750,41.205833,33.762500,37.173762,30.351238,35.468131,32.056869
2026-10-01,31.650000,2026-08-14,2026-06-30,0.790000,8.120000,3.897783,4.933867,0.573851,30.743665,35.403333,40.063000,44.722668,49.382335,,,,,,,,,,33.520000,35.068333,37.287917,41.113958,33.520000,36.798864,30.241136,35.159432,31.880568
2026-10-02,31.950000,2026-08-14,2026-06-30,0.790000,8.120000,3.934729,4.924143,0.580828,30.551387,35.267714,39.984040,44.700367,49.416693,,,,,,,,,,33.305000,34.965833,37.240417,41.028333,33.305000,36.388214,30.221786,34.846607,31.763393
2026-10-05,29.350000,2026-08-14,2026-06-30,0.790000,8.120000,3.614532,4.912710,0.592967,30.261426,35.076317,39.891207,44.706098,49.520988,,,,,,,,,,32.997500,34.819167,37.178333,40.931458,32.997500,36.371936,29.623064,34.684718,31.310282
2026-10-06,29.600000,2026-08-14,2026-06-30,0.790000,8.120000,3.645320,4.902437,0.604145,29.996477,34.902134,39.807792,44.713450,49.619108,,,,,,,,,,32.665000,34.678333,37.125000,40.834375,32.665000,36.000313,29.329687,34.332657,30.997343
2026-10-07,28.700000,2026-08-14,2026-06-30,0.790000,8.120000,3.534483,4.890055,0.616802,29.690381,34.698816,39.707250,44.715685,49.724120,,,,,,,,,,32.287500,34.522500,37.055417,40.735208,32.287500,35.623409,28.951591,33.955455,30.619545
