date,close,available_date,period_end,ttm_eps,pe,pe_mean,pe_std,price_m2,price_m1,price_mean,price_p1,price_p2,forward_eps,forward_pe,forward_pe_mean,forward_pe_std,forward_price_m2,forward_price_m1,forward_price_mean,forward_price_p1,forward_price_p2
2023-10-02,108.000000,2023-08-14,2023-06-30,5.830000,18.524871,24.385178,3.860454,97.152690,119.659138,142.165587,164.672035,187.178483,,,,,,,,,
2023-10-03,108.000000,2023-08-14,2023-06-30,5.830000,18.524871,24.340655,3.897109,96.465734,119.185876,141.906019,164.626162,187.346305,,,,,,,,,
2023-10-04,105.500000,2023-08-14,2023-06-30,5.830000,18.096055,24.296914,3.937624,95.738313,118.694662,141.651011,164.607359,187.563708,,,,,,,,,
2023-10-05,107.000000,2023-08-14,2023-06-30,5.830000,18.353345,24.259673,3.972665,95.112617,118.273255,141.433894,164.594532,187.755171,,,,,,,,,
2023-10-06,117.500000,2023-08-14,2023-06-30,5.830000,20.154374,24.229455,3.990093,94.733237,117.995481,141.257725,164.519969,187.782214,,,,,,,,,
2023-10-11,122.000000,2023-08-14,2023-06-30,5.830000,20.926244,24.186071,3.997525,94.393649,117.699221,141.004793,164.310364,187.615936,,,,,,,,,
2023-10-12,122.000000,2023-08-14,2023-06-30,5.830000,20.926244,24.157204,4.008530,94.097037,117.466768,140.836500,164.206231,187.575963,,,,,,,,,
2023-10-13,118.000000,2023-08-14,2023-06-30,5.830000,20.240137,24.102295,4.016741,93.681173,117.098776,140.516378,163.933980,187.351582,,,,,,,,,
2023-10-16,118.000000,2023-08-14,2023-06-30,5.830000,20.240137,24.063355,4.031440,93.282771,116.786065,140.289360,163.792654,187.295949,,,,,,,,,
2023-10-17,117.500000,2023-08-14,2023-06-30,5.830000,20.154374,24.009183,4.039989,92.867268,116.420402,139.973535,163.526669,187.079803,,,,,,,,,
2023-10-18,115.000000,2023-08-14,2023-06-30,5.830000,19.725557,23.929660,4.029504,92.525896,116.017907,139.509917,163.001928,186.493939,,,,,,,,,
2023-10-19,113.500000,2023-08-14,2023-06-30,5.830000,19.468268,23.857430,4.031157,92.085520,115.587168,139.088815,162.590463,186.092111,,,,,,,,,
2023-10-20,110.500000,2023-08-14,2023-06-30,5.830000,18.953688,23.785267,4.040856,91.551730,115.109918,138.668106,162.226293,185.784481,,,,,,,,,
2023-10-23,109.500000,2023-08-14,2023-06-30,5.830000,18.782161,23.717482,4.056087,90.978947,114.625933,138.272918,161.919904,185.566890,,,,,,,,,
2023-10-24,120.000000,2023-08-14,2023-06-30,5.830000,20.583190,23.642928,4.030498,90.842664,114.340468,137.838271,161.336074,184.833878,,,,,,,,,
2023-10-25,116.500000,2023-08-14,2023-06-30,5.830000,19.982847,23.539417,3.962530,91.031701,114.133251,137.234801,160.336351,183.437902,,,,,,,,,
2023-10-26,122.000000,2023-08-14,2023-06-30,5.830000,20.926244,23.456834,3.912125,91.137957,113.945649,136.753341,159.561032,182.368724,,,,,,,,,
2023-10-27,131.500000,2023-08-14,2023-06-30,5.830000,22.555746,23.383474,3.844658,91.496941,113.911298,136.325655,158.740012,181.154369,,,,,,,,,
2023-10-30,131.000000,2023-08-14,2023-06-30,5.830000,22.469983,23.305045,3.765015,91.968332,113.918371,135.868410,157.818449,179.768488,,,,,,,,,
2023-10-31,123.500000,2023-08-14,2023-06-30,5.830000,21.183533,23.223880,3.703890,92.207862,113.801540,135.395218,156.988896,178.582574,,,,,,,,,
2023-11-01,122.500000,2023-08-14,2023-06-30,5.830000,21.012007,23.148544,3.655457,92.333381,113.644697,134.956012,156.267328,177.578643,,,,,,,,,
2023-11-02,123.500000,2023-08-14,2023-06-30,5.830000,21.183533,23.068105,3.590494,92.621893,113.554472,134.487052,155.419631,176.352210,,,,,,,,,
2023-11-03,135.500000,2023-08-14,2023-06-30,5.830000,23.241852,23.018610,3.546181,92.850031,113.524265,134.198499,154.872733,175.546967,,,,,,,,,
2023-11-06,140.500000,2023-08-14,2023-06-30,5.830000,24.099485,22.966826,3.483578,93.278083,113.587340,133.896597,154.205854,174.515111,,,,,,,,,
2023-11-07,142.000000,2023-08-14,2023-06-30,5.830000,24.356775,22.942031,3.462771,93.376125,113.564082,133.752039,153.939996,174.127953,,,,,,,,,
2023-11-08,143.000000,2023-08-14,2023-06-30,5.830000,24.528302,22.905708,3.422513,93.633773,113.587024,133.540276,153.493527,173.446778,,,,,,,,,
2023-11-09,138.000000,2023-08-14,2023-06-30,5.830000,23.670669,22.858146,3.371083,93.956159,113.609575,133.262991,152.916407,172.569823,,,,,,,,,
2023-11-10,138.500000,2023-08-14,2023-06-30,5.830000,23.756432,22.805162,3.305400,94.413128,113.683610,132.954092,152.224573,171.495055,,,,,,,,,
2023-11-13,142.000000,2023-08-14,2023-06-30,5.830000,24.356775,22.770819,3.267153,94.658867,113.706370,132.753873,151.801377,170.848880,,,,,,,,,
2023-11-14,138.000000,2023-11-14,2023-09-30,5.810000,23.752151,22.724618,3.212850,94.696712,113.363371,132.030031,150.696691,169.363350,,,,,,,,,
2023-11-15,142.000000,2023-11-14,2023-09-30,5.810000,24.440620,22.690974,3.172989,94.964433,113.399496,131.834559,150.269622,168.704685,,,,,,,,,
2023-11-16,139.000000,2023-11-14,2023-09-30,5.810000,23.924269,22.653027,3.130139,95.241874,113.427981,131.614087,149.800194,167.986300,,,,,,,,,
2023-11-17,137.500000,2023-11-14,2023-09-30,5.810000,23.666093,22.617702,3.094081,95.455629,113.432240,131.408850,149.385460,167.362070,,,,,,,,,
2023-11-20,137.000000,2023-11-14,2023-09-30,5.810000,23.580034,22.585070,3.062690,95.630796,113.425026,131.219256,149.013486,166.807717,,,,,,,,,
2023-11-21,135.000000,2023-11-14,2023-09-30,5.810000,23.235800,22.535248,3.001969,96.046918,113.488355,130.929792,148.371230,165.812667,,,,,,,,,
2023-11-22,141.500000,2023-11-14,2023-09-30,5.810000,24.354561,22.498159,2.950912,96.424705,113.569505,130.714305,147.859106,165.003906,,,,,,,,,
2023-11-23,137.500000,2023-11-14,2023-09-30,5.810000,23.666093,22.462152,2.909446,96.697344,113.601225,130.505106,147.408987,164.312868,,,,,,,,,
2023-11-24,131.500000,2023-11-14,2023-09-30,5.810000,22.633391,22.411402,2.851857,97.071675,113.640961,130.210248,146.779534,163.348821,,,,,,,,,
2023-11-27,131.500000,2023-11-14,2023-09-30,5.810000,22.633391,22.364744,2.801172,97.389544,113.664353,129.939162,146.213971,162.488780,,,,,,,,,
2023-11-28,133.500000,2023-11-14,2023-09-30,5.810000,22.977625,22.321636,2.750734,97.725176,113.706941,129.688705,145.670470,161.652235,,,,,,,,,
2023-11-29,137.000000,2023-11-14,2023-09-30,5.810000,23.580034,22.289004,2.711787,97.988150,113.743631,129.499112,145.254592,161.010073,,,,,,,,,
2023-11-30,137.500000,2023-11-14,2023-09-30,5.810000,23.666093,22.253679,2.665224,98.323968,113.808921,129.293874,144.778828,160.263781,,,,,,,,,
2023-12-01,142.000000,2023-11-14,2023-09-30,5.810000,24.440620,22.237083,2.645112,98.461249,113.829352,129.197455,144.565557,159.933660,,,,,,,,,
2023-12-04,135.500000,2023-11-14,2023-09-30,5.810000,23.321859,22.215939,2.625986,98.560641,113.817622,129.074603,144.331583,159.588564,,,,,,,,,
2023-12-05,137.500000,2023-11-14,2023-09-30,5.810000,23.666093,22.207209,2.619347,98.587078,113.805482,129.023887,144.242291,159.460695,,,,,,,,,
2023-12-06,141.000000,2023-11-14,2023-09-30,5.810000,24.268503,22.207592,2.619647,98.585813,113.805961,129.026110,144.246258,159.466407,,,,,,,,,
2023-12-07,140.000000,2023-11-14,2023-09-30,5.810000,24.096386,22.207904,2.619872,98.585015,113.806470,129.027924,144.249378,159.470832,,,,,,,,,
2023-12-08,138.500000,2023-11-14,2023-09-30,5.810000,23.838210,22.209475,2.620800,98.583358,113.810203,129.037048,144.263893,159.490739,,,,,,,,,
2023-12-11,139.500000,2023-11-14,2023-09-30,5.810000,24.010327,22.211798,2.622283,98.579615,113.815079,129.050544,144.286008,159.521473,,,,,,,,,
2023-12-12,136.500000,2023-11-14,2023-09-30,5.810000,23.493976,22.199588,2.612778,98.619130,113.799369,128.979608,144.159847,159.340086,,,,,,,,,
2023-12-13,133.000000,2023-11-14,2023-09-30,5.810000,22.891566,22.188496,2.606936,98.622565,113.768865,128.915165,144.061464,159.207764,,,,,,,,,
2023-12-14,134.000000,2023-11-14,2023-09-30,5.810000,23.063683,22.174747,2.597842,98.648360,113.741821,128.835282,143.928743,159.022204,,,,,,,,,
2023-12-15,135.000000,2023-11-14,2023-09-30,5.810000,23.235800,22.169934,2.595314,98.649767,113.728541,128.807315,143.886090,158.964864,,,,,,,,,
2023-12-18,142.000000,2023-11-14,2023-09-30,5.810000,24.440620,22.168341,2.593849,98.657540,113.727801,128.798062,143.868322,158.938583,,,,,,,,,
2023-12-19,140.000000,2023-11-14,2023-09-30,5.810000,24.096386,22.161152,2.587236,98.692611,113.724452,128.756293,143.788133,158.819974,,,,,,,,,
2023-12-20,136.000000,2023-11-14,2023-09-30,5.810000,23.407917,22.148907,2.577733,98.731894,113.708523,128.685152,143.661781,158.638410,,,,,,,,,
2023-12-21,138.500000,2023-11-14,2023-09-30,5.810000,23.838210,22.144340,2.574219,98.746195,113.702406,128.658618,143.614830,158.571041,,,,,,,,,
2023-12-22,136.500000,2023-11-14,2023-09-30,5.810000,23.493976,22.124630,2.554515,98.860635,113.702367,128.544099,143.385832,158.227564,,,,,,,,,
2023-12-25,134.000000,2023-11-14,2023-09-30,5.810000,23.063683,22.108153,2.541892,98.911583,113.679976,128.448368,143.216761,157.985154,,,,,,,,,
2023-12-26,136.000000,2023-11-14,2023-09-30,5.810000,23.407917,22.097272,2.533426,98.946740,113.665946,128.385152,143.104358,157.823564,,,,,,,,,
2023-12-27,136.500000,2023-11-14,2023-09-30,5.810000,23.493976,22.090519,2.528568,98.963948,113.654931,128.345913,143.036896,157.727878,,,,,,,,,
2023-12-28,134.500000,2023-11-14,2023-09-30,5.810000,23.149742,22.080896,2.522262,98.981324,113.635666,128.290008,142.944350,157.598691,,,,,,,,,
2023-12-29,136.500000,2023-11-14,2023-09-30,5.810000,23.493976,22.076870,2.519594,98.988935,113.627776,128.266617,142.905458,157.544300,,,,,,,,,
2024-01-02,136.000000,2023-11-14,2023-09-30,5.810000,23.407917,22.072127,2.516521,98.997089,113.618075,128.239060,142.860045,157.481030,,,,,,,,,
2024-01-03,137.000000,2023-11-14,2023-09-30,5.810000,23.580034,22.074956,2.518035,98.995922,113.625709,128.255495,142.885281,157.515067,,,,,,,,,
2024-01-04,135.000000,2023-11-14,2023-09-30,5.810000,23.235800,22.077644,2.519110,98.999056,113.635083,128.271111,142.907139,157.543167,,,,,,,,,
2024-01-05,135.000000,2023-11-14,2023-09-30,5.810000,23.235800,22.080332,2.520181,99.002228,113.644478,128.286728,142.928977,157.571227,,,,,,,,,
2024-01-08,135.000000,2023-11-14,2023-09-30,5.810000,23.235800,22.080292,2.520162,99.002211,113.644353,128.286496,142.928638,157.570781,,,,,,,,,
2024-01-09,137.500000,2023-11-14,2023-09-30,5.810000,23.666093,22.086566,2.523188,99.003496,113.663221,128.322946,142.982670,157.642395,,,,,,,,,
2024-01-10,140.000000,2023-11-14,2023-09-30,5.810000,24.096386,22.096425,2.528751,98.996139,113.688184,128.380229,143.072274,157.764319,,,,,,,,,
2024-01-11,141.000000,2023-11-14,2023-09-30,5.810000,24.268503,22.088624,2.520513,99.046545,113.690726,128.334907,142.979088,157.623269,,,,,,,,,
2024-01-12,138.000000,2023-11-14,2023-09-30,5.810000,23.752151,22.072429,2.503327,99.152149,113.696481,128.240812,142.785144,157.329476,,,,,,,,,
2024-01-15,142.000000,2023-11-14,2023-09-30,5.810000,24.440620,22.059243,2.486454,99.271603,113.717903,128.164203,142.610503,157.056803,,,,,,,,,
2024-01-16,138.000000,2023-11-14,2023-09-30,5.810000,23.752151,22.036910,2.458729,99.464016,113.749233,128.034450,142.319667,156.604884,,,,,,,,,
2024-01-17,134.500000,2023-11-14,2023-09-30,5.810000,23.149742,21.987736,2.374853,100.152956,113.950850,127.748743,141.546637,155.344531,,,,,,,,,
2024-01-18,134.500000,2023-11-14,2023-09-30,5.810000,23.149742,21.947426,2.312400,100.644451,114.079498,127.514544,140.949590,154.384637,,,,,,,,,
2024-01-19,134.500000,2023-11-14,2023-09-30,5.810000,23.149742,21.905752,2.243711,101.200499,114.236460,127.272421,140.308381,153.344342,,,,,,,,,
2024-01-22,135.000000,2023-11-14,2023-09-30,5.810000,23.235800,21.886618,2.222215,101.339113,114.250182,127.161250,140.072319,152.983388,,,,,,,,,
2024-01-23,133.000000,2023-11-14,2023-09-30,5.810000,22.891566,21.870071,2.207100,101.418606,114.241858,127.065110,139.888362,152.711614,,,,,,,,,
2024-01-24,134.500000,2023-11-14,2023-09-30,5.810000,23.149742,21.850901,2.185630,101.556711,114.255223,126.953735,139.652248,152.350760,,,,,,,,,
2024-01-25,133.500000,2023-11-14,2023-09-30,5.810000,22.977625,21.829615,2.161788,101.710090,114.270078,126.830065,139.390053,151.950040,,,,,,,,,
2024-01-26,130.500000,2023-11-14,2023-09-30,5.810000,22.461274,21.807436,2.141273,101.819609,114.260407,126.701205,139.142003,151.582801,,,,,,,,,
2024-01-29,131.500000,2023-11-14,2023-09-30,5.810000,22.633391,21.792829,2.129480,101.871782,114.244060,126.616338,138.988615,151.360893,,,,,,,,,
2024-01-30,131.000000,2023-11-14,2023-09-30,5.810000,22.547332,21.786370,2.125974,101.874994,114.226902,126.578810,138.930719,151.282627,,,,,,,,,
2024-01-31,129.000000,2023-11-14,2023-09-30,5.810000,22.203098,21.784544,2.125517,101.869690,114.218945,126.568199,138.917454,151.266708,,,,,,,,,
2024-02-01,129.000000,2023-11-14,2023-09-30,5.810000,22.203098,21.781354,2.124591,101.861913,114.205789,126.549664,138.893540,151.237415,,,,,,,,,
2024-02-02,129.000000,2023-11-14,2023-09-30,5.810000,22.203098,21.776985,2.123169,101.853067,114.188676,126.524285,138.859895,151.195504,,,,,,,,,
2024-02-05,130.000000,2023-11-14,2023-09-30,5.810000,22.375215,21.768334,2.118555,101.856415,114.165218,126.474021,138.782824,151.091627,,,,,,,,,
2024-02-15,131.500000,2023-11-14,2023-09-30,5.810000,22.633391,21.766837,2.117874,101.855631,114.160477,126.465323,138.770169,151.075015,,,,,,,,,
2024-02-16,129.500000,2023-11-14,2023-09-30,5.810000,22.289157,21.768189,2.118157,101.860191,114.166684,126.473178,138.779671,151.086164,,,,,,,,,
2024-02-19,127.000000,2023-11-14,2023-09-30,5.810000,21.858864,21.775961,2.116753,101.921667,114.220000,126.518332,138.816664,151.114996,,,,,,,,,
2024-02-20,129.000000,2023-11-14,2023-09-30,5.810000,22.203098,21.789460,2.114246,102.029226,114.312994,126.596762,138.880530,151.164298,,,,,,,,,
2024-02-21,129.500000,2023-11-14,2023-09-30,5.810000,22.289157,21.806535,2.109898,102.178958,114.437464,126.695969,138.954474,151.212980,,,,,,,,,
2024-02-22,129.500000,2023-11-14,2023-09-30,5.810000,22.289157,21.820752,2.107331,102.291376,114.534971,126.778566,139.022161,151.265756,,,,,,,,,
2024-02-23,128.000000,2023-11-14,2023-09-30,5.810000,22.030981,21.843537,2.094554,102.572226,114.741587,126.910949,139.080311,151.249672,,,,,,,,,
2024-02-26,128.500000,2023-11-14,2023-09-30,5.810000,22.117040,21.866325,2.082395,102.845922,114.944634,127.043346,139.142058,151.240771,,,,,,,,,
2024-02-27,128.000000,2023-11-14,2023-09-30,5.810000,22.030981,21.893398,2.062989,103.228714,115.214679,127.200643,139.186608,151.172572,,,,,,,,,
2024-02-29,128.000000,2023-11-14,2023-09-30,5.810000,22.030981,21.918328,2.046218,103.568427,115.456955,127.345483,139.234011,151.122540,,,,,,,,,
2024-03-01,128.500000,2023-11-14,2023-09-30,5.810000,22.117040,21.941830,2.032002,103.870175,115.676104,127.482033,139.287961,151.093890,,,,,,,,,
2024-03-04,128.500000,2023-11-14,2023-09-30,5.810000,22.117040,21.963903,2.019253,104.146563,115.878420,127.610277,139.342134,151.073992,,,,,,,,,
2024-03-05,130.500000,2023-11-14,2023-09-30,5.810000,22.461274,21.986701,2.009187,104.395977,116.069354,127.742732,139.416109,151.089486,,,,,,,,,
2024-03-06,129.500000,2023-11-14,2023-09-30,5.810000,22.289157,22.004491,2.002266,104.579760,116.212925,127.846091,139.479256,151.112421,,,,,,,,,
2024-03-07,128.000000,2023-11-14,2023-09-30,5.810000,22.030981,22.022273,1.992846,104.792536,116.370971,127.949407,139.527842,151.106278,,,,,,,,,
2024-03-08,124.000000,2023-11-14,2023-09-30,5.810000,21.342513,22.032174,1.986429,104.924629,116.465781,128.006933,139.548084,151.089236,,,,,,,,,
2024-03-11,124.500000,2023-11-14,2023-09-30,5.810000,21.428571,22.044222,1.978263,105.089518,116.583224,128.076930,139.570636,151.064341,,,,,,,,,
2024-03-12,127.000000,2023-11-14,2023-09-30,5.810000,21.858864,22.065573,1.962121,105.401135,116.801057,128.200979,139.600901,151.000823,,,,,,,,,
2024-03-13,125.500000,2023-11-14,2023-09-30,5.810000,21.600688,22.091920,1.934042,105.880481,117.117267,128.354052,139.590838,150.827623,,,,,,,,,
2024-03-14,127.000000,2023-11-14,2023-09-30,5.810000,21.858864,22.122562,1.900408,106.449340,117.490711,128.532083,139.573454,150.614825,,,,,,,,,
2024-03-15,129.500000,2023-11-14,2023-09-30,5.810000,22.289157,22.157504,1.863950,107.075994,117.905546,128.735099,139.564651,150.394203,,,,,,,,,
2024-03-18,131.500000,2023-11-14,2023-09-30,5.810000,22.633391,22.191742,1.834160,107.621085,118.277552,128.934019,139.590487,150.246954,,,,,,,,,
2024-03-19,131.000000,2023-11-14,2023-09-30,5.810000,22.547332,22.218830,1.814948,108.001710,118.546556,129.091402,139.636248,150.181095,,,,,,,,,
2024-03-20,134.500000,2023-11-14,2023-09-30,5.810000,23.149742,22.250938,1.796810,108.399023,118.838488,129.277952,139.717416,150.156880,,,,,,,,,
2024-03-21,135.500000,2023-11-14,2023-09-30,5.810000,23.321859,22.287340,1.773546,108.880837,119.185140,129.489444,139.793747,150.098051,,,,,,,,,
2024-03-22,136.500000,2023-11-14,2023-09-30,5.810000,23.493976,22.328034,1.744257,109.457610,119.591745,129.725879,139.860014,149.994148,,,,,,,,,
2024-03-25,137.500000,2023-11-14,2023-09-30,5.810000,23.666093,22.374451,1.704349,110.191029,120.093295,129.995562,139.897828,149.800095,,,,,,,,,
2024-03-26,138.000000,2023-11-14,2023-09-30,5.810000,23.752151,22.420156,1.666408,110.897451,120.579279,130.261106,139.942934,149.624762,,,,,,,,,
2024-03-27,137.500000,2023-11-14,2023-09-30,5.810000,23.666093,22.465144,1.625734,111.631453,121.076969,130.522484,139.968000,149.413516,,,,,,,,,
2024-03-28,135.000000,2023-11-14,2023-09-30,5.810000,23.235800,22.507975,1.576623,112.450970,121.611152,130.771334,139.931516,149.091698,,,,,,,,,
2024-03-29,133.500000,2023-11-14,2023-09-30,5.810000,22.977625,22.549369,1.521800,113.328524,122.170179,131.011835,139.853491,148.695147,,,,,,,,,
2024-04-01,135.500000,2024-03-31,2023-12-31,6.340000,21.372240,22.577385,1.467512,124.532577,133.836600,143.140624,152.444647,161.748671,,,,,,,,,
2024-04-02,137.500000,2024-03-31,2023-12-31,6.340000,21.687697,22.603742,1.421807,125.279219,134.293473,143.307727,152.321981,161.336235,,,,,,,,,
2024-04-03,134.000000,2024-03-31,2023-12-31,6.340000,21.135647,22.625499,1.378173,125.970432,134.708047,143.445663,152.183278,160.920894,,,,,,,,,
2024-04-08,131.000000,2024-03-31,2023-12-31,6.340000,20.662461,22.646886,1.326227,126.764690,135.172972,143.581254,151.989537,160.397819,,,,,,,,,
2024-04-09,130.500000,2024-03-31,2023-12-31,6.340000,20.583596,22.665471,1.280388,127.463764,135.581425,143.699086,151.816747,159.934407,,,,,,,,,
2024-04-10,131.000000,2024-03-31,2023-12-31,6.340000,20.662461,22.669705,1.272832,127.586416,135.656173,143.725930,151.795687,159.865444,,,,,,,,,
2024-04-11,129.000000,2024-03-31,2023-12-31,6.340000,20.347003,22.664878,1.280574,127.457643,135.576485,143.695327,151.814169,159.933011,,,,,,,,,
2024-04-12,128.500000,2024-03-31,2023-12-31,6.340000,20.268139,22.659394,1.289461,127.310188,135.485372,143.660557,151.835741,160.010926,,,,,,,,,
2024-04-15,127.500000,2024-03-31,2023-12-31,6.340000,20.110410,22.658313,1.291559,127.276731,135.465217,143.653703,151.842189,160.030674,,,,,,,,,
2024-04-16,126.500000,2024-03-31,2023-12-31,6.340000,19.952681,22.655917,1.296340,127.200928,135.419722,143.638516,151.857309,160.076103,,,,,,,,,
2024-04-17,126.500000,2024-03-31,2023-12-31,6.340000,19.952681,22.654237,1.299737,127.147199,135.387529,143.627860,151.868190,160.108520,,,,,,,,,
2024-04-18,126.500000,2024-03-31,2023-12-31,6.340000,19.952681,22.656129,1.295595,127.211718,135.425788,143.639859,151.853930,160.068001,,,,,,,,,
2024-04-19,121.500000,2024-03-31,2023-12-31,6.340000,19.164038,22.653594,1.302166,127.112318,135.368052,143.623786,151.879520,160.135254,,,,,,,,,
2024-04-22,122.000000,2024-03-31,2023-12-31,6.340000,19.242902,22.656004,1.295511,127.211982,135.425524,143.639066,151.852608,160.066150,,,,,,,,,
2024-04-23,122.500000,2024-03-31,2023-12-31,6.340000,19.321767,22.660501,1.282827,127.401333,135.534454,143.667575,151.800696,159.933817,,,,,,,,,
2024-04-24,124.500000,2024-03-31,2023-12-31,6.340000,19.637224,22.652618,1.298510,127.152492,135.385044,143.617597,151.850149,160.082701,,,,,,,,,
2024-04-25,0.000000,2024-03-31,2023-12-31,6.340000,0.000000,22.486094,2.431127,111.735147,127.148491,142.561836,157.975181,173.388525,,,,,,,,,
2024-04-26,125.000000,2024-03-31,2023-12-31,6.340000,19.716088,22.476009,2.440145,111.556861,127.027380,142.497900,157.968419,173.438938,,,,,,,,,
2024-04-29,124.500000,2024-03-31,2023-12-31,6.340000,19.637224,22.451688,2.453850,111.228892,126.786298,142.343704,157.901111,173.458517,,,,,,,,,
2024-04-30,124.000000,2024-03-31,2023-12-31,6.340000,19.558360,22.427425,2.468021,110.895364,126.542619,142.189874,157.837128,173.484383,,,,,,,,,
2024-05-02,123.000000,2024-03-31,2023-12-31,6.340000,19.400631,22.412567,2.480905,110.637797,126.366737,142.095677,157.824617,173.553556,,,,,,,,,
2024-05-03,124.000000,2024-03-31,2023-12-31,6.340000,19.558360,22.400454,2.491328,110.428831,126.223853,142.018876,157.813898,173.608921,,,,,,,,,
2024-05-06,124.500000,2024-03-31,2023-12-31,6.340000,19.637224,22.387568,2.501653,110.216216,126.076698,141.937179,157.797661,173.658142,,,,,,,,,
2024-05-07,123.500000,2024-03-31,2023-12-31,6.340000,19.479495,22.356215,2.514401,109.855800,125.797101,141.738401,157.679702,173.621003,,,,,,,,,
2024-05-08,116.500000,2024-03-31,2023-12-31,6.340000,18.375394,22.308514,2.535261,109.288874,125.362426,141.435978,157.509531,173.583083,,,,,,,,,
2024-05-09,114.500000,2024-03-31,2023-12-31,6.340000,18.059937,22.256040,2.557577,108.673223,124.888259,141.103295,157.318332,173.533368,,,,,,,,,
2024-05-10,115.000000,2024-03-31,2023-12-31,6.340000,18.138801,22.202794,2.576316,108.098034,124.431876,140.765717,157.099558,173.433400,,,,,,,,,
2024-05-13,115.000000,2024-03-31,2023-12-31,6.340000,18.138801,22.156696,2.599220,107.515343,123.994397,140.473450,156.952503,173.431556,,,,,,,,,
2024-05-14,115.000000,2024-03-31,2023-12-31,6.340000,18.138801,22.109882,2.620665,106.946614,123.561633,140.176652,156.791671,173.406690,,,,,,,,,
2024-05-15,115.500000,2024-05-15,2024-03-31,5.930000,19.477234,22.069219,2.623364,99.757375,115.313922,130.870469,146.427017,161.983564,,,,,,,,,
2024-05-16,114.500000,2024-05-15,2024-03-31,5.930000,19.308600,22.032190,2.630760,99.450074,115.050479,130.650884,146.251289,161.851694,,,,,,,,,
2024-05-17,115.500000,2024-05-15,2024-03-31,5.930000,19.477234,21.990828,2.631593,99.194914,114.800262,130.405610,146.010958,161.616306,,,,,,,,,
2024-05-20,114.500000,2024-05-15,2024-03-31,5.930000,19.308600,21.952364,2.636823,98.904801,114.541160,130.177519,145.813878,161.450237,,,,,,,,,
2024-05-21,116.000000,2024-05-15,2024-03-31,5.930000,19.561551,21.918160,2.641024,98.652140,114.313413,129.974686,145.635959,161.297233,,,,,,,,,
2024-05-22,116.500000,2024-05-15,2024-03-31,5.930000,19.645868,21.885375,2.644637,98.414878,114.097575,129.780273,145.462971,161.145668,,,,,,,,,
2024-05-23,115.000000,2024-05-15,2024-03-31,5.930000,19.392917,21.853351,2.651405,98.144702,113.867536,129.590370,145.313205,161.036039,,,,,,,,,
2024-05-24,114.500000,2024-05-15,2024-03-31,5.930000,19.308600,21.811301,2.651417,97.895206,113.618111,129.341016,145.063921,160.786826,,,,,,,,,
2024-05-27,114.500000,2024-05-15,2024-03-31,5.930000,19.308600,21.774989,2.655637,97.629826,113.377754,129.125683,144.873612,160.621541,,,,,,,,,
2024-05-28,114.000000,2024-05-15,2024-03-31,5.930000,19.224283,21.746579,2.664597,97.355098,113.156157,128.957216,144.758276,160.559335,,,,,,,,,
2024-05-29,113.500000,2024-05-15,2024-03-31,5.930000,19.139966,21.717468,2.673894,97.072200,112.928392,128.784583,144.640774,160.496966,,,,,,,,,
2024-05-30,113.000000,2024-05-15,2024-03-31,5.930000,19.055649,21.684784,2.682318,96.778486,112.684629,128.590772,144.496915,160.403058,,,,,,,,,
2024-05-31,113.000000,2024-05-15,2024-03-31,5.930000,19.055649,21.647081,2.687247,96.496443,112.431817,128.367192,144.302567,160.237941,,,,,,,,,
2024-06-03,112.000000,2024-05-15,2024-03-31,5.930000,18.887015,21.607256,2.692482,96.198192,112.164609,128.131026,144.097443,160.063860,,,,,,,,,
2024-06-04,109.000000,2024-05-15,2024-03-31,5.930000,18.381113,21.556760,2.695716,95.860388,111.845987,127.831585,143.817184,159.802782,,,,,,,,,
2024-06-05,110.000000,2024-05-15,2024-03-31,5.930000,18.549747,21.516992,2.704643,95.518694,111.557229,127.595763,143.634298,159.672833,,,,,,,,,
2024-06-06,109.500000,2024-05-15,2024-03-31,5.930000,18.465430,21.473653,2.711575,95.179479,111.259121,127.338764,143.418407,159.498049,,,,,,,,,
2024-06-07,111.500000,2024-05-15,2024-03-31,5.930000,18.802698,21.428105,2.710140,94.926402,110.997532,127.068662,143.139792,159.210923,,,,,,,,,
2024-06-11,111.500000,2024-05-15,2024-03-31,5.930000,18.802698,21.383991,2.709426,94.673273,110.740170,126.807066,142.873962,158.940858,,,,,,,,,
2024-06-12,113.500000,2024-05-15,2024-03-31,5.930000,19.139966,21.344839,2.707609,94.462655,110.518775,126.574894,142.631014,158.687133,,,,,,,,,
2024-06-13,113.000000,2024-05-15,2024-03-31,5.930000,19.055649,21.303550,2.704396,94.255913,110.292982,126.330051,142.367119,158.404188,,,,,,,,,
2024-06-14,113.000000,2024-05-15,2024-03-31,5.930000,19.055649,21.266564,2.704537,94.034910,110.072817,126.110723,142.148630,158.186536,,,,,,,,,
2024-06-17,113.000000,2024-05-15,2024-03-31,5.930000,19.055649,21.234598,2.707836,93.806224,109.863695,125.921165,141.978636,158.036106,,,,,,,,,
2024-06-18,112.000000,2024-05-15,2024-03-31,5.930000,18.887015,21.199792,2.710969,93.562671,109.638719,125.714768,141.790817,157.866865,,,,,,,,,
2024-06-19,108.500000,2024-05-15,2024-03-31,5.930000,18.296796,21.158634,2.717284,93.243715,109.357207,125.470699,141.584191,157.697683,,,,,,,,,
2024-06-20,109.000000,2024-05-15,2024-03-31,5.930000,18.381113,21.108138,2.712079,93.006003,109.088631,125.171258,141.253886,157.336514,,,,,,,,,
2024-06-21,110.000000,2024-05-15,2024-03-31,5.930000,18.549747,21.061916,2.707985,92.780462,108.838812,124.897162,140.955512,157.013862,,,,,,,,,
2024-06-24,109.000000,2024-05-15,2024-03-31,5.930000,18.381113,21.020026,2.710268,92.504971,108.576862,124.648754,140.720646,156.792537,,,,,,,,,
2024-06-25,109.000000,2024-05-15,2024-03-31,5.930000,18.381113,20.974550,2.708366,92.257857,108.318470,124.379082,140.439695,156.500308,,,,,,,,,
2024-06-26,109.000000,2024-05-15,2024-03-31,5.930000,18.381113,20.931943,2.708615,92.002243,108.064332,124.126422,140.188511,156.250601,,,,,,,,,
2024-06-27,110.500000,2024-05-15,2024-03-31,5.930000,18.634064,20.895029,2.709503,91.772816,107.840170,123.907525,139.974879,156.042233,,,,,,,,,
2024-06-28,110.500000,2024-05-15,2024-03-31,5.930000,18.634064,20.855247,2.707343,91.562530,107.617073,123.671617,139.726161,155.780704,,,,,,,,,
2024-07-01,110.500000,2024-05-15,2024-03-31,5.930000,18.634064,20.814748,2.703886,91.363368,107.397412,123.431456,139.465500,155.499544,,,,,,,,,
2024-07-02,117.500000,2024-05-15,2024-03-31,5.930000,19.814503,20.786954,2.696815,91.282414,107.274527,123.266640,139.258753,155.250866,,,,,,,,,
2024-07-03,116.500000,2024-05-15,2024-03-31,5.930000,19.645868,20.754887,2.687217,91.206083,107.141281,123.076479,139.011677,154.946876,,,,,,,,,
2024-07-04,115.000000,2024-05-15,2024-03-31,5.930000,19.392917,20.721429,2.678889,91.106444,106.992258,122.878071,138.763885,154.649698,,,,,,,,,
2024-07-05,115.500000,2024-05-15,2024-03-31,5.930000,19.477234,20.687239,2.668259,91.029767,106.852546,122.675325,138.498103,154.320882,,,,,,,,,
2024-07-08,127.000000,2024-05-15,2024-03-31,5.930000,21.416526,20.672078,2.658809,91.051948,106.818685,122.585422,138.352159,154.118896,,,,,,,,,
2024-07-09,128.500000,2024-05-15,2024-03-31,5.930000,21.669477,20.659025,2.649947,91.079646,106.793833,122.508020,138.222207,153.936394,,,,,,,,,
2024-07-10,127.500000,2024-05-15,2024-03-31,5.930000,21.500843,20.644567,2.640486,91.106116,106.764200,122.422284,138.080368,153.738452,,,,,,,,,
2024-07-11,127.000000,2024-05-15,2024-03-31,5.930000,21.416526,20.625821,2.626805,91.157216,106.734167,122.311118,137.888069,153.465020,,,,,,,,,
2024-07-12,121.500000,2024-05-15,2024-03-31,5.930000,20.489039,20.595760,2.607323,91.210009,106.671432,122.132855,137.594278,153.055701,,,,,,,,,
2024-07-15,121.000000,2024-05-15,2024-03-31,5.930000,20.404722,20.563561,2.585351,91.279658,106.610789,121.941920,137.273050,152.604181,,,,,,,,,
2024-07-16,123.500000,2024-05-15,2024-03-31,5.930000,20.826307,20.539179,2.568770,91.331716,106.564525,121.797334,137.030143,152.262952,,,,,,,,,
2024-07-17,123.500000,2024-05-15,2024-03-31,5.930000,20.826307,20.509060,2.543708,91.450350,106.534538,121.618727,136.702915,151.787103,,,,,,,,,
2024-07-18,123.500000,2024-05-15,2024-03-31,5.930000,20.826307,20.484678,2.526324,91.511938,106.493040,121.474141,136.455243,151.436344,,,,,,,,,
2024-07-19,120.000000,2024-05-15,2024-03-31,5.930000,20.236088,20.460398,2.514469,91.508560,106.419359,121.330158,136.240957,151.151756,,,,,,,,,
2024-07-22,114.500000,2024-05-15,2024-03-31,5.930000,19.308600,20.428388,2.504374,91.438465,106.289404,121.140342,135.991280,150.842218,,,,,,,,,
2024-07-23,116.000000,2024-05-15,2024-03-31,5.930000,19.561551,20.398487,2.493004,91.395998,106.179512,120.963025,135.746539,150.530053,,,,,,,,,
2024-07-26,113.500000,2024-05-15,2024-03-31,5.930000,19.139966,20.364355,2.481845,91.325943,106.043283,120.760623,135.477963,150.195303,,,,,,,,,
2024-07-29,109.000000,2024-05-15,2024-03-31,5.930000,18.381113,20.326768,2.477400,91.155766,105.846749,120.537731,135.228714,149.919696,,,,,,,,,
2024-07-30,110.000000,2024-05-15,2024-03-31,5.930000,18.549747,20.288434,2.468926,91.028948,105.669681,120.310415,134.951149,149.591882,,,,,,,,,
2024-07-31,108.500000,2024-05-15,2024-03-31,5.930000,18.296796,20.249427,2.463052,90.867307,105.473205,120.079104,134.685003,149.290901,,,,,,,,,
2024-08-01,109.000000,2024-05-15,2024-03-31,5.930000,18.381113,20.215426,2.460423,90.696861,105.287168,119.877476,134.467784,149.058092,,,,,,,,,
2024-08-02,108.000000,2024-05-15,2024-03-31,5.930000,18.212479,20.178585,2.457009,90.518881,105.088945,119.659009,134.229074,148.799138,,,,,,,,,
2024-08-05,97.500000,2024-05-15,2024-03-31,5.930000,16.441821,20.127706,2.470723,90.054521,104.705908,119.357295,134.008683,148.660070,,,,,,,,,
2024-08-06,95.800000,2024-05-15,2024-03-31,5.930000,16.155143,20.077306,2.489645,89.531239,104.294832,119.058426,133.822019,148.585612,,,,,,,,,
2024-08-07,101.500000,2024-05-15,2024-03-31,5.930000,17.116358,20.034917,2.496441,89.199264,104.003160,118.807056,133.610952,148.414847,,,,,,,,,
2024-08-08,111.500000,2024-05-15,2024-03-31,5.930000,18.802698,20.006580,2.490916,89.096753,103.867886,118.639019,133.410152,148.181286,,,,,,,,,
2024-08-09,114.000000,2024-05-15,2024-03-31,5.930000,19.224283,19.980322,2.482330,89.042871,103.763091,118.483311,133.203531,147.923750,,,,,,,,,
2024-08-12,113.000000,2024-05-15,2024-03-31,5.930000,19.055649,19.950508,2.471660,88.992621,103.649566,118.306511,132.963455,147.620400,,,,,,,,,
2024-08-13,113.500000,2024-05-15,2024-03-31,5.930000,19.139966,19.924264,2.463325,88.935854,103.543371,118.150888,132.758405,147.365922,,,,,,,,,
2024-08-14,112.000000,2024-08-14,2024-06-30,6.240000,17.948718,19.891680,2.463381,93.381091,108.752587,124.124083,139.495578,154.867074,,,,,,,,,
2024-08-15,111.000000,2024-08-14,2024-06-30,6.240000,17.788462,19.854891,2.461535,93.174561,108.534541,123.894522,139.254502,154.614482,,,,,,,,,
2024-08-16,115.500000,2024-08-14,2024-06-30,6.240000,18.509615,19.823395,2.454296,93.068372,108.383179,123.697985,139.012792,154.327599,,,,,,,,,
2024-08-19,115.500000,2024-08-14,2024-06-30,6.240000,18.509615,19.791899,2.446626,92.967553,108.234501,123.501449,138.768397,154.035346,,,,,,,,,
2024-08-20,115.000000,2024-08-14,2024-06-30,6.240000,18.429487,19.761886,2.441012,92.850341,108.082256,123.314172,138.546087,153.778002,,,,,,,,,
2024-08-21,120.000000,2024-08-14,2024-06-30,6.240000,19.230769,19.737834,2.431813,92.815056,107.989571,123.164086,138.338600,153.513115,,,,,,,,,
2024-08-22,117.000000,2024-08-14,2024-06-30,6.240000,18.750000,19.710493,2.424247,92.738874,107.866174,122.993474,138.120775,153.248075,,,,,,,,,
2024-08-23,115.500000,2024-08-14,2024-06-30,6.240000,18.509615,19.681148,2.417224,92.643404,107.726884,122.810363,137.893843,152.977323,,,,,,,,,
2024-08-26,124.000000,2024-08-14,2024-06-30,6.240000,19.871795,19.662438,2.406878,92.655767,107.674689,122.693611,137.712533,152.731454,,,,,,,,,
2024-08-27,113.500000,2024-08-14,2024-06-30,6.240000,18.189103,19.629705,2.399915,92.538413,107.513886,122.489358,137.464830,152.440303,,,,,,,,,
2024-08-28,112.500000,2024-08-14,2024-06-30,6.240000,18.028846,19.592768,2.390058,92.430947,107.344909,122.258872,137.172834,152.086797,,,,,,,,,
2024-08-29,113.000000,2024-08-14,2024-06-30,6.240000,18.108974,19.557933,2.380873,92.328201,107.184852,122.041502,136.898153,151.754803,,,,,,,,,
2024-08-30,115.000000,2024-08-14,2024-06-30,6.240000,18.429487,19.527921,2.372121,92.250159,107.052192,121.854225,136.656257,151.458290,,,,,,,,,
2024-09-02,113.000000,2024-08-14,2024-06-30,6.240000,18.108974,19.500974,2.369699,92.112237,106.899159,121.686081,136.473002,151.259924,,,,,,,,,
2024-09-03,114.000000,2024-08-14,2024-06-30,6.240000,18.269231,19.474647,2.365650,91.998483,106.760139,121.521795,136.283451,151.045107,,,,,,,,,
2024-09-04,112.500000,2024-08-14,2024-06-30,6.240000,18.028846,19.442730,2.359040,91.881814,106.602224,121.322634,136.043044,150.763454,,,,,,,,,
2024-09-05,112.500000,2024-08-14,2024-06-30,6.240000,18.028846,19.412964,2.354112,91.757582,106.447240,121.136898,135.826556,150.516214,,,,,,,,,
2024-09-06,112.000000,2024-08-14,2024-06-30,6.240000,17.948718,19.380380,2.347023,91.642725,106.288148,120.933571,135.578993,150.224416,,,,,,,,,
2024-09-09,115.500000,2024-08-14,2024-06-30,6.240000,18.509615,19.348884,2.332978,91.621467,106.179251,120.737034,135.294818,149.852602,,,,,,,,,
2024-09-10,113.500000,2024-08-14,2024-06-30,6.240000,18.189103,19.311848,2.315610,91.607113,106.056522,120.505931,134.955341,149.404750,,,,,,,,,
2024-09-11,114.500000,2024-08-14,2024-06-30,6.240000,18.349359,19.276865,2.297963,91.609061,105.948349,120.287637,134.626925,148.966213,,,,,,,,,
2024-09-12,115.500000,2024-08-14,2024-06-30,6.240000,18.509615,19.238197,2.271129,91.702655,105.874503,120.046350,134.218198,148.390045,,,,,,,,,
2024-09-13,117.000000,2024-08-14,2024-06-30,6.240000,18.750000,19.200098,2.240185,91.851099,105.829856,119.808614,133.787371,147.766128,,,,,,,,,
2024-09-16,121.500000,2024-08-14,2024-06-30,6.240000,19.471154,19.166575,2.205216,92.078327,105.838877,119.599427,133.359977,147.120527,,,,,,,,,
2024-09-18,118.500000,2024-08-14,2024-06-30,6.240000,18.990385,19.127611,2.166005,92.324549,105.840419,119.356290,132.872161,146.388031,,,,,,,,,
2024-09-19,119.000000,2024-08-14,2024-06-30,6.240000,19.070513,19.088597,2.123759,92.608332,105.860589,119.112845,132.365101,145.617357,,,,,,,,,
2024-09-20,118.500000,2024-08-14,2024-06-30,6.240000,18.990385,19.049633,2.081543,92.892046,105.880877,118.869708,131.858539,144.847370,,,,,,,,,
2024-09-23,117.000000,2024-08-14,2024-06-30,6.240000,18.750000,19.012251,2.045705,93.106052,105.871249,118.636446,131.401644,144.166841,,,,,,,,,
2024-09-24,115.000000,2024-08-14,2024-06-30,6.240000,18.429487,18.974350,2.013499,93.271479,105.835711,118.399943,130.964175,143.528407,,,,,,,,,
2024-09-25,116.000000,2024-08-14,2024-06-30,6.240000,18.589744,18.951162,2.001639,93.274796,105.765025,118.255253,130.745482,143.235711,,,,,,,,,
2024-09-26,117.500000,2024-08-14,2024-06-30,6.240000,18.830128,18.927349,1.985745,93.324568,105.715614,118.106660,130.497706,142.888751,,,,,,,,,
2024-09-27,121.000000,2024-08-14,2024-06-30,6.240000,19.391026,18.912811,1.975802,93.357925,105.686933,118.015940,130.344947,142.673954,,,,,,,,,
2024-09-30,125.000000,2024-08-14,2024-06-30,6.240000,20.032051,18.907557,1.971946,93.373278,105.678218,117.983158,130.288098,142.593039,,,,,,,,,
2024-10-01,122.500000,2024-08-14,2024-06-30,6.240000,19.631410,18.899623,1.967054,93.384806,105.659225,117.933645,130.208064,142.482483,,,,,,,,,
2024-10-04,119.500000,2024-08-14,2024-06-30,6.240000,19.150641,18.887024,1.960499,93.387997,105.621514,117.855030,130.088546,142.322063,,,,,,,,,
2024-10-07,120.000000,2024-08-14,2024-06-30,6.240000,19.230769,18.877722,1.956157,93.384142,105.590564,117.796986,130.003408,142.209830,,,,,,,,,
2024-10-08,119.000000,2024-08-14,2024-06-30,6.240000,19.070513,18.867742,1.952055,93.373066,105.553888,117.734709,129.915531,142.096352,,,,,,,,,
2024-10-09,116.000000,2024-08-14,2024-06-30,6.240000,18.589744,18.855070,1.948853,93.333948,105.494791,117.655635,129.816478,141.977322,,,,,,,,,
2024-10-11,116.000000,2024-08-14,2024-06-30,6.240000,18.589744,18.843712,1.946373,93.294033,105.439397,117.584762,129.730126,141.875491,,,,,,,,,
2024-10-14,115.000000,2024-08-14,2024-06-30,6.240000,18.429487,18.831019,1.944045,93.243875,105.374715,117.505556,129.636396,141.767237,,,,,,,,,
2024-10-15,115.500000,2024-08-14,2024-06-30,6.240000,18.509615,18.818993,1.941510,93.200473,105.315495,117.430516,129.545538,141.660559,,,,,,,,,
2024-10-16,115.500000,2024-08-14,2024-06-30,6.240000,18.509615,18.813539,1.941452,93.167170,105.281828,117.396486,129.511145,141.625803,,,,,,,,,
2024-10-17,116.000000,2024-08-14,2024-06-30,6.240000,18.589744,18.808096,1.941153,93.136929,105.249725,117.362522,129.475319,141.588116,,,,,,,,,
2024-10-18,116.500000,2024-08-14,2024-06-30,6.240000,18.669872,18.802664,1.940616,93.109738,105.219181,117.328624,129.438066,141.547509,,,,,,,,,
2024-10-21,117.000000,2024-08-14,2024-06-30,6.240000,18.750000,18.795270,1.939099,93.082532,105.182510,117.282488,129.382466,141.482444,,,,,,,,,
2024-10-22,116.000000,2024-08-14,2024-06-30,6.240000,18.589744,18.950185,0.876168,107.314580,112.781867,118.249155,123.716442,129.183729,,,,,,,,,
2024-10-23,116.000000,2024-08-14,2024-06-30,6.240000,18.589744,18.940799,0.873924,107.284011,112.737298,118.190585,123.643871,129.097158,,,,,,,,,
2024-10-24,127.500000,2024-08-14,2024-06-30,6.240000,20.432692,18.947428,0.882229,107.221737,112.726843,118.231949,123.737055,129.242161,,,,,,,,,
2024-10-25,125.000000,2024-08-14,2024-06-30,6.240000,20.032051,18.951375,0.886037,107.198845,112.727713,118.256581,123.785449,129.314317,,,,,,,,,
2024-10-28,121.000000,2024-08-14,2024-06-30,6.240000,19.391026,18.951295,0.885996,107.198850,112.727466,118.256082,123.784697,129.313313,,,,,,,,,
2024-10-29,121.000000,2024-08-14,2024-06-30,6.240000,19.391026,18.949901,0.885164,107.200535,112.723957,118.247380,123.770803,129.294226,,,,,,,,,
2024-10-30,126.000000,2024-08-14,2024-06-30,6.240000,20.192308,18.954526,0.890222,107.166276,112.721260,118.276244,123.831229,129.386213,,,,,,,,,
2024-11-01,125.500000,2024-08-14,2024-06-30,6.240000,20.112179,18.959799,0.895217,107.136840,112.722992,118.309144,123.895296,129.481448,,,,,,,,,
2024-11-04,125.000000,2024-08-14,2024-06-30,6.240000,20.032051,18.973604,0.898895,107.177081,112.786185,118.395290,124.004395,129.613500,,,,,,,,,
2024-11-05,126.000000,2024-08-14,2024-06-30,6.240000,20.192308,18.991374,0.901754,107.252287,112.879230,118.506174,124.133117,129.760060,,,,,,,,,
2024-11-06,123.500000,2024-08-14,2024-06-30,6.240000,19.791667,19.005148,0.901245,107.344587,112.968355,118.592123,124.215890,129.839658,,,,,,,,,
2024-11-07,123.000000,2024-08-14,2024-06-30,6.240000,19.711538,19.018254,0.899975,107.442216,113.058061,118.673905,124.289749,129.905593,,,,,,,,,
2024-11-08,121.000000,2024-08-14,2024-06-30,6.240000,19.391026,19.028689,0.896947,107.545125,113.142073,118.739021,124.335968,129.932916,,,,,,,,,
2024-11-11,121.000000,2024-08-14,2024-06-30,6.240000,19.391026,19.027971,0.896619,107.544733,113.139635,118.734538,124.329440,129.924342,,,,,,,,,
2024-11-12,118.000000,2024-08-14,2024-06-30,6.240000,18.910256,19.024651,0.896309,107.527893,113.120858,118.713824,124.306789,129.899755,,,,,,,,,
2024-11-13,119.500000,2024-08-14,2024-06-30,6.240000,19.150641,19.021930,0.895418,107.522022,113.109431,118.696841,124.284250,129.871660,,,,,,,,,
2024-11-14,116.000000,2024-11-14,2024-09-30,6.540000,17.737003,19.008833,0.902654,112.511052,118.414410,124.317768,130.221126,136.124483,,,,,,,,,
2024-11-15,117.000000,2024-11-14,2024-09-30,6.540000,17.889908,18.994903,0.906941,112.363871,118.295267,124.226663,130.158059,136.089455,,,,,,,,,
2024-11-18,116.500000,2024-11-14,2024-09-30,6.540000,17.813456,18.979633,0.911305,112.206934,118.166865,124.126797,130.086728,136.046660,,,,,,,,,
2024-11-19,125.000000,2024-11-14,2024-09-30,6.540000,19.113150,18.977301,0.910596,112.200955,118.156252,124.111549,130.066847,136.022144,,,,,,,,,
2024-11-20,124.000000,2024-11-14,2024-09-30,6.540000,18.960245,18.974398,0.910086,112.188639,118.140602,124.092564,130.044526,135.996489,,,,,,,,,
2024-11-21,123.500000,2024-11-14,2024-09-30,6.540000,18.883792,18.970858,0.909601,112.171829,118.120620,124.069412,130.018204,135.966995,,,,,,,,,
2024-11-22,120.500000,2024-11-14,2024-09-30,6.540000,18.425076,18.964198,0.910655,112.114484,118.070170,124.025855,129.981541,135.937226,,,,,,,,,
2024-11-25,124.000000,2024-11-14,2024-09-30,6.540000,18.960245,18.962700,0.910512,112.106569,118.061315,124.016060,129.970806,135.925551,,,,,,,,,
2024-11-26,122.500000,2024-11-14,2024-09-30,6.540000,18.730887,18.959994,0.910716,112.086201,118.042281,123.998361,129.954441,135.910521,,,,,,,,,
2024-11-27,119.500000,2024-11-14,2024-09-30,6.540000,18.272171,18.953465,0.912830,112.015845,117.985753,123.955661,129.925570,135.895478,,,,,,,,,
2024-11-28,118.500000,2024-11-14,2024-09-30,6.540000,18.119266,18.947067,0.915985,111.932739,117.923279,123.913819,129.904359,135.894899,,,,,,,,,
2024-11-29,119.500000,2024-11-14,2024-09-30,6.540000,18.272171,18.946159,0.916604,111.918699,117.913290,123.907882,129.902473,135.897064,,,,,,,,,
2024-12-02,119.500000,2024-11-14,2024-09-30,6.540000,18.272171,18.943846,0.917962,111.885808,117.889281,123.892754,129.896226,135.899699,,,,,,,,,
2024-12-03,119.000000,2024-11-14,2024-09-30,6.540000,18.195719,18.941599,0.919472,111.851356,117.864705,123.878054,129.891404,135.904753,,,,,,,,,
2024-12-04,118.500000,2024-11-14,2024-09-30,6.540000,18.119266,18.935903,0.922452,111.775139,117.807973,123.840807,129.873642,135.906476,,,,,,,,,
2024-12-05,126.000000,2024-11-14,2024-09-30,6.540000,19.266055,18.939765,0.922859,111.795063,117.830561,123.866060,129.901559,135.937058,,,,,,,,,
2024-12-06,125.000000,2024-11-14,2024-09-30,6.540000,19.113150,18.939541,0.922814,111.794198,117.829398,123.864599,129.899799,135.935000,,,,,,,,,
2024-12-09,133.500000,2024-11-14,2024-09-30,6.540000,20.412844,18.950851,0.932514,111.741278,117.839922,123.938566,130.037210,136.135854,,,,,,,,,
2024-12-10,145.500000,2024-11-14,2024-09-30,6.540000,22.247706,18.977452,0.979855,111.296032,117.704283,124.112533,130.520784,136.929034,,,,,,,,,
2024-12-11,151.500000,2024-11-14,2024-09-30,6.540000,23.165138,19.011697,1.051784,110.579170,117.457835,124.336500,131.215165,138.093830,,,,,,,,,
2024-12-12,145.500000,2024-11-14,2024-09-30,6.540000,22.247706,19.039703,1.092394,110.231141,117.375399,124.519658,131.663916,138.808175,,,,,,,,,
2024-12-13,143.500000,2024-11-14,2024-09-30,6.540000,21.941896,19.070079,1.121845,110.044584,117.381450,124.718316,132.055182,139.392048,,,,,,,,,
2024-12-16,140.000000,2024-11-14,2024-09-30,6.540000,21.406728,19.095292,1.140082,109.970934,117.427073,124.883212,132.339351,139.795490,,,,,,,,,
2024-12-17,134.500000,2024-11-14,2024-09-30,6.540000,20.565749,19.112092,1.146810,109.992814,117.492949,124.993084,132.493219,139.993354,,,,,,,,,
2024-12-18,135.000000,2024-11-14,2024-09-30,6.540000,20.642202,19.130935,1.153256,110.031730,117.574022,125.116313,132.658605,140.200896,,,,,,,,,
2024-12-19,132.500000,2024-11-14,2024-09-30,6.540000,20.259939,19.146592,1.155741,110.101613,117.660161,125.218709,132.777257,140.335805,,,,,,,,,
2024-12-20,126.500000,2024-11-14,2024-09-30,6.540000,19.342508,19.154603,1.153721,110.180437,117.725771,125.271105,132.816439,140.361774,,,,,,,,,
2024-12-23,127.500000,2024-11-14,2024-09-30,6.540000,19.495413,19.161781,1.153134,110.235051,117.776550,125.318049,132.859548,140.401046,,,,,,,,,
2024-12-24,127.500000,2024-11-14,2024-09-30,6.540000,19.495413,19.168959,1.152503,110.290259,117.827626,125.364992,132.902359,140.439725,,,,,,,,,
2024-12-25,130.000000,2024-11-14,2024-09-30,6.540000,19.877676,19.179323,1.153243,110.348346,117.890557,125.432769,132.974981,140.517193,,,,,,,,,
2024-12-26,126.500000,2024-11-14,2024-09-30,6.540000,19.342508,19.175389,1.151863,110.340679,117.873862,125.407045,132.940229,140.473412,,,,,,,,,
2024-12-27,124.000000,2024-11-14,2024-09-30,6.540000,18.960245,19.169676,1.151210,110.311854,117.840767,125.369679,132.898591,140.427503,,,,,,,,,
2024-12-30,125.000000,2024-11-14,2024-09-30,6.540000,19.113150,19.167344,1.151037,110.298865,117.826648,125.354432,132.882215,140.409998,,,,,,,,,
2024-12-31,125.500000,2024-11-14,2024-09-30,6.540000,19.189602,19.164947,1.150686,110.287784,117.813270,125.338756,132.864241,140.389727,,,,,,,,,
2025-01-02,130.500000,2024-11-14,2024-09-30,6.540000,19.954128,19.152761,1.134266,110.422851,117.840953,125.259055,132.677157,140.095259,,,,,,,,,
2025-01-03,127.500000,2024-11-14,2024-09-30,6.540000,19.495413,19.134644,1.110851,110.610636,117.875602,125.140568,132.405534,139.670501,,,,,,,,,
2025-01-06,129.000000,2024-11-14,2024-09-30,6.540000,19.724771,19.119843,1.090709,110.777299,117.910536,125.043773,132.177009,139.310246,,,,,,,,,
2025-01-07,138.000000,2024-11-14,2024-09-30,6.540000,21.100917,19.117213,1.085492,110.828331,117.927452,125.026572,132.125692,139.224812,,,,,,,,,
2025-01-08,141.500000,2024-11-14,2024-09-30,6.540000,21.636086,19.126772,1.102590,110.667211,117.878149,125.089086,132.300023,139.510960,,,,,,,,,
2025-01-09,128.500000,2024-11-14,2024-09-30,6.540000,19.648318,19.120468,1.097372,110.694232,117.871047,125.047862,132.224677,139.401492,,,,,,,,,
2025-01-10,130.000000,2024-11-14,2024-09-30,6.540000,19.877676,19.112563,1.088360,110.760408,117.878285,124.996162,132.114038,139.231915,,,,,,,,,
2025-01-13,126.000000,2024-11-14,2024-09-30,6.540000,19.266055,19.099561,1.076975,110.824291,117.867709,124.911128,131.954546,138.997965,,,,,,,,,
2025-01-14,125.500000,2024-11-14,2024-09-30,6.540000,19.189602,19.085922,1.065223,110.888808,117.855368,124.821927,131.788487,138.755047,,,,,,,,,
2025-01-15,124.000000,2024-11-14,2024-09-30,6.540000,18.960245,19.075290,1.060001,110.887578,117.819986,124.752394,131.684802,138.617210,,,,,,,,,
2025-01-16,126.000000,2024-11-14,2024-09-30,6.540000,19.266055,19.074935,1.059930,110.886196,117.818135,124.750075,131.682015,138.613955,,,,,,,,,
2025-01-17,123.000000,2024-11-14,2024-09-30,6.540000,18.807339,19.068650,1.059256,110.853905,117.781438,124.708971,131.636504,138.564037,,,,,,,,,
2025-01-20,125.500000,2024-11-14,2024-09-30,6.540000,19.189602,19.069064,1.059294,110.856116,117.783896,124.711676,131.639456,138.567236,,,,,,,,,
2025-01-21,123.000000,2024-11-14,2024-09-30,6.540000,18.807339,19.072615,1.057681,110.900440,117.817673,124.734905,131.652138,138.569370,,,,,,,,,
2025-01-22,125.500000,2024-11-14,2024-09-30,6.540000,19.189602,19.077948,1.056635,110.948991,117.859384,124.769777,131.680170,138.590564,,,,,,,,,
2025-02-03,132.000000,2024-11-14,2024-09-30,6.540000,20.183486,19.093670,1.058948,111.021559,117.947081,124.872602,131.798123,138.723645,,,,,,,,,
2025-02-04,144.000000,2024-11-14,2024-09-30,6.540000,22.018349,19.123980,1.089981,110.813881,117.942356,125.070831,132.199307,139.327782,,,,,,,,,
2025-02-05,147.500000,2024-11-14,2024-09-30,6.540000,22.553517,19.160156,1.130750,110.517211,117.912315,125.307418,132.702521,140.097624,,,,,,,,,
2025-02-06,146.500000,2024-11-14,2024-09-30,6.540000,22.400612,19.209812,1.141163,110.705759,118.168966,125.632172,133.095378,140.558585,,,,,,,,,
2025-02-07,161.000000,2024-11-14,2024-09-30,6.540000,24.617737,19.280334,1.210202,110.263946,118.178665,126.093383,134.008102,141.922821,,,,,,,,,
2025-02-10,161.000000,2024-11-14,2024-09-30,6.540000,24.617737,19.342845,1.288678,109.646304,118.074256,126.502208,134.930160,143.358112,,,,,,,,,
2025-02-11,155.000000,2024-11-14,2024-09-30,6.540000,23.700306,19.383659,1.347634,109.142076,117.955602,126.769128,135.582654,144.396180,,,,,,,,,
2025-02-12,154.500000,2024-11-14,2024-09-30,6.540000,23.623853,19.420322,1.402011,108.670603,117.839754,127.008905,136.178055,145.347206,,,,,,,,,
2025-02-13,151.500000,2024-11-14,2024-09-30,6.540000,23.165138,19.454568,1.442630,108.363277,117.798075,127.232872,136.667669,146.102466,,,,,,,,,
2025-02-14,145.500000,2024-11-14,2024-09-30,6.540000,22.247706,19.480465,1.464661,108.244478,117.823361,127.402244,136.981126,146.560009,,,,,,,,,
2025-02-17,146.500000,2024-11-14,2024-09-30,6.540000,22.400612,19.517564,1.481818,108.262690,117.953781,127.644872,137.335963,147.027053,,,,,,,,,
2025-02-18,149.000000,2024-11-14,2024-09-30,6.540000,22.782875,19.559185,1.502835,108.259987,118.088527,127.917067,137.745607,147.574148,,,,,,,,,
2025-02-19,150.000000,2024-11-14,2024-09-30,6.540000,22.935780,19.596069,1.530913,108.133955,118.146124,128.158293,138.170462,148.182632,,,,,,,,,
2025-02-20,149.500000,2024-11-14,2024-09-30,6.540000,22.859327,19.632317,1.556257,108.039511,118.217432,128.395353,138.573273,148.751194,,,,,,,,,
2025-02-21,149.500000,2024-11-14,2024-09-30,6.540000,22.859327,19.669232,1.579846,107.972396,118.304587,128.636779,138.968970,149.301162,,,,,,,,,
2025-02-24,146.000000,2024-11-14,2024-09-30,6.540000,22.324159,19.695010,1.597767,107.906576,118.355972,128.805369,139.254765,149.704161,,,,,,,,,
2025-02-25,144.500000,2024-11-14,2024-09-30,6.540000,22.094801,19.722884,1.610269,107.925342,118.456501,128.987660,139.518820,150.049979,,,,,,,,,
2025-02-26,144.000000,2024-11-14,2024-09-30,6.540000,22.018349,19.752123,1.619881,107.990849,118.584868,129.178886,139.772905,150.366923,,,,,,,,,
2025-02-27,138.000000,2024-11-14,2024-09-30,6.540000,21.100917,19.762366,1.624523,107.997114,118.621494,129.245873,139.870253,150.494632,,,,,,,,,
2025-03-03,135.000000,2024-11-14,2024-09-30,6.540000,20.642202,19.782808,1.619987,108.190134,118.784851,129.379567,139.974284,150.569000,,,,,,,,,
2025-03-04,139.000000,2024-11-14,2024-09-30,6.540000,21.253823,19.809683,1.617394,108.399820,118.977574,129.555329,140.133083,150.710837,,,,,,,,,
2025-03-05,140.000000,2024-11-14,2024-09-30,6.540000,21.406728,19.837165,1.616270,108.594248,119.164652,129.735056,140.305460,150.875864,,,,,,,,,
2025-03-06,137.500000,2024-11-14,2024-09-30,6.540000,21.024465,19.858789,1.614636,108.757039,119.316760,129.876482,140.436204,150.995926,,,,,,,,,
2025-03-07,139.000000,2024-11-14,2024-09-30,6.540000,21.253823,19.884996,1.611515,108.969254,119.508565,130.047877,140.587188,151.126499,,,,,,,,,
2025-03-10,139.500000,2024-11-14,2024-09-30,6.540000,21.330275,19.910505,1.609950,109.156551,119.685627,130.214704,140.743780,151.272856,,,,,,,,,
2025-03-11,137.000000,2024-11-14,2024-09-30,6.540000,20.948012,19.934832,1.603320,109.402368,119.888083,130.373798,140.859513,151.345228,,,,,,,,,
2025-03-12,137.000000,2024-11-14,2024-09-30,6.540000,20.948012,19.959158,1.596289,109.653434,120.093164,130.532893,140.972622,151.412351,,,,,,,,,
2025-03-13,135.500000,2024-11-14,2024-09-30,6.540000,20.718654,19.982241,1.586973,109.926249,120.305052,130.683854,141.062657,151.441459,,,,,,,,,
2025-03-14,136.000000,2024-11-14,2024-09-30,6.540000,20.795107,20.001286,1.582860,110.104604,120.456509,130.808413,141.160318,151.512223,,,,,,,,,
2025-03-17,135.500000,2024-11-14,2024-09-30,6.540000,20.718654,20.022366,1.575349,110.340705,120.643489,130.946274,141.249059,151.551844,,,,,,,,,
2025-03-18,139.500000,2024-11-14,2024-09-30,6.540000,21.330275,20.047207,1.572246,110.543755,120.826245,131.108734,141.391223,151.673713,,,,,,,,,
2025-03-19,137.500000,2024-11-14,2024-09-30,6.540000,21.024465,20.068164,1.568335,110.731978,120.988885,131.245793,141.502701,151.759609,,,,,,,,,
2025-03-20,143.500000,2024-11-14,2024-09-30,6.540000,21.941896,20.094763,1.572851,110.846855,121.133303,131.419752,141.706200,151.992648,,,,,,,,,
2025-03-21,142.000000,2024-11-14,2024-09-30,6.540000,21.712538,20.113441,1.578681,110.892754,121.217331,131.541907,141.866483,152.191060,,,,,,,,,
2025-03-24,142.000000,2024-11-14,2024-09-30,6.540000,21.712538,20.136126,1.581963,110.998194,121.344229,131.690264,142.036300,152.382335,,,,,,,,,
2025-03-25,149.500000,2024-11-14,2024-09-30,6.540000,22.859327,20.167700,1.598242,110.991756,121.444255,131.896755,142.349254,152.801754,,,,,,,,,
2025-03-26,145.000000,2024-11-14,2024-09-30,6.540000,22.171254,20.194207,1.604915,111.077822,121.573967,132.070112,142.566258,153.062403,,,,,,,,,
2025-03-27,140.000000,2024-11-14,2024-09-30,6.540000,21.406728,20.216346,1.603149,111.245718,121.730311,132.214904,142.699497,153.184090,,,,,,,,,
2025-03-28,136.500000,2024-11-14,2024-09-30,6.540000,20.871560,20.236697,1.595758,111.475476,121.911736,132.347997,142.784257,153.220518,,,,,,,,,
2025-03-31,131.000000,2025-03-31,2024-12-31,6.340000,20.662461,20.253969,1.588985,108.261834,118.336000,128.410166,138.484332,148.558498,,,,,,,,,
2025-04-01,134.000000,2025-03-31,2024-12-31,6.340000,21.135647,20.273182,1.585559,108.427085,118.479529,128.531974,138.584419,148.636864,,,,,,,,,
2025-04-02,134.500000,2025-03-31,2024-12-31,6.340000,21.214511,20.288378,1.585772,108.520731,118.574523,128.628315,138.682107,148.735899,,,,,,,,,
2025-04-07,121.500000,2025-03-31,2024-12-31,6.340000,19.164038,20.281144,1.588927,108.434858,118.508656,128.582455,138.656254,148.730052,,,,,,,,,
2025-04-08,111.500000,2025-03-31,2024-12-31,6.340000,17.586751,20.264105,1.606815,108.100009,118.287219,128.474429,138.661639,148.848848,,,,,,,,,
2025-04-09,110.500000,2025-03-31,2024-12-31,6.340000,17.429022,20.249759,1.624430,107.785695,118.084583,128.383470,138.682357,148.981245,,,,,,,,,
2025-04-10,121.500000,2025-03-31,2024-12-31,6.340000,19.164038,20.249203,1.624793,107.777565,118.078755,128.379944,138.681134,148.982324,,,,,,,,,
2025-04-11,126.000000,2025-03-31,2024-12-31,6.340000,19.873817,20.255897,1.621548,107.861159,118.141772,128.422386,138.702999,148.983612,,,,,,,,,
2025-04-14,126.000000,2025-03-31,2024-12-31,6.340000,19.873817,20.266597,1.614683,108.016050,118.253139,128.490227,138.727316,148.964405,,,,,,,,,
2025-04-15,130.500000,2025-03-31,2024-12-31,6.340000,20.583596,20.283213,1.607525,108.212148,118.403859,128.595569,138.787280,148.978990,,,,,,,,,
2025-04-16,129.500000,2025-03-31,2024-12-31,6.340000,20.425868,20.299849,1.598485,108.432260,118.566652,128.701045,138.835437,148.969830,,,,,,,,,
2025-04-17,137.500000,2025-03-31,2024-12-31,6.340000,21.687697,20.326333,1.594898,108.645648,118.757300,128.868953,138.980606,149.092259,,,,,,,,,
2025-04-18,139.000000,2025-03-31,2024-12-31,6.340000,21.924290,20.354789,1.592672,108.854275,118.951819,129.049362,139.146906,149.244449,,,,,,,,,
2025-04-21,138.000000,2025-03-31,2024-12-31,6.340000,21.766562,20.381262,1.589487,109.062513,119.139858,129.217204,139.294550,149.371895,,,,,,,,,
2025-04-22,134.500000,2025-03-31,2024-12-31,6.340000,21.214511,20.402468,1.583426,109.273809,119.312727,129.351646,139.390564,149.429483,,,,,,,,,
2025-04-23,143.500000,2025-03-31,2024-12-31,6.340000,22.634069,20.434835,1.589051,109.407689,119.482271,129.556854,139.631437,149.706019,,,,,,,,,
2025-04-24,148.000000,2025-03-31,2024-12-31,6.340000,23.343849,20.474453,1.601875,109.496252,119.652140,129.808029,139.963918,150.119807,,,,,,,,,
2025-04-25,162.500000,2025-03-31,2024-12-31,6.340000,25.630915,20.533129,1.660157,109.129250,119.654644,130.180038,140.705431,151.230825,,,,,,,,,
2025-04-28,178.500000,2025-03-31,2024-12-31,6.340000,28.154574,20.597478,1.799995,107.764077,119.176044,130.588011,141.999977,153.411944,,,,,,,,,
2025-04-29,185.500000,2025-03-31,2024-12-31,6.340000,29.258675,20.674367,1.965127,106.157679,118.616581,131.075484,143.534386,155.993289,,,,,,,,,
2025-04-30,182.500000,2025-03-31,2024-12-31,6.340000,28.785489,20.752654,2.096321,104.990474,118.281149,131.571825,144.862500,158.153175,,,,,,,,,
2025-05-02,186.500000,2025-03-31,2024-12-31,6.340000,29.416404,20.836199,2.236673,103.740490,117.920994,132.101499,146.282003,160.462507,,,,,,,,,
2025-05-05,193.500000,2025-03-31,2024-12-31,6.340000,30.520505,20.922267,2.404135,102.162737,117.404955,132.647172,147.889389,163.131607,,,,,,,,,
2025-05-06,194.000000,2025-03-31,2024-12-31,6.340000,30.599369,21.009660,2.559999,100.740461,116.970853,133.201245,149.431637,165.662029,,,,,,,,,
2025-05-07,189.500000,2025-03-31,2024-12-31,6.340000,29.889590,21.091806,2.683540,99.694759,116.708405,133.722052,150.735698,167.749344,,,,,,,,,
2025-05-08,194.500000,2025-03-31,2024-12-31,6.340000,30.678233,21.179189,2.821198,98.503273,116.389666,134.276058,152.162450,170.048843,,,,,,,,,
2025-05-09,201.500000,2025-03-31,2024-12-31,6.340000,31.782334,21.279111,2.979542,97.128971,116.019268,134.909565,153.799862,172.690159,,,,,,,,,
2025-05-12,181.500000,2025-03-31,2024-12-31,6.340000,28.627760,21.353413,3.050452,96.700906,116.040772,135.380639,154.720505,174.060372,,,,,,,,,
2025-05-13,178.500000,2025-03-31,2024-12-31,6.340000,28.154574,21.426443,3.107446,96.441226,116.142436,135.843646,155.544856,175.246066,,,,,,,,,
2025-05-14,177.500000,2025-03-31,2024-12-31,6.340000,27.996845,21.498158,3.158955,96.242770,116.270545,136.298320,156.326095,176.353870,,,,,,,,,
2025-05-15,172.500000,2025-05-15,2025-03-31,6.910000,24.963821,21.548604,3.165609,105.152133,127.026494,148.900855,170.775216,192.649576,,,,,,,,,
2025-05-16,167.500000,2025-05-15,2025-03-31,6.910000,24.240232,21.591017,3.167306,105.421758,127.307844,149.193930,171.080016,192.966102,,,,,,,,,
2025-05-19,162.500000,2025-05-15,2025-03-31,6.910000,23.516643,21.639181,3.152115,105.964508,127.745625,149.526741,171.307858,193.088974,,,,,,,,,
2025-05-20,173.000000,2025-05-15,2025-03-31,6.910000,25.036179,21.698733,3.148190,106.430263,128.184255,149.938247,171.692239,193.446231,,,,,,,,,
2025-05-21,174.000000,2025-05-15,2025-03-31,6.910000,25.180897,21.760129,3.143619,106.917673,128.640081,150.362489,172.084897,193.807305,,,,,,,,,
2025-05-22,174.500000,2025-05-15,2025-03-31,6.910000,25.253256,21.811296,3.150137,107.181170,128.948614,150.716057,172.483500,194.250944,,,,,,,,,
2025-05-23,166.500000,2025-05-15,2025-03-31,6.910000,24.095514,21.854090,3.145958,107.534622,129.273192,151.011763,172.750333,194.488904,,,,,,,,,
2025-05-26,163.000000,2025-05-15,2025-03-31,6.910000,23.589001,21.893300,3.137938,107.916400,129.599552,151.282705,172.965857,194.649009,,,,,,,,,
2025-05-27,163.000000,2025-05-15,2025-03-31,6.910000,23.589001,21.936333,3.125359,108.387595,129.983828,151.580061,173.176293,194.772526,,,,,,,,,
2025-05-28,160.000000,2025-05-15,2025-03-31,6.910000,23.154848,21.971288,3.115235,108.769058,130.295329,151.821600,173.347870,194.874141,,,,,,,,,
2025-05-29,163.500000,2025-05-15,2025-03-31,6.910000,23.661360,22.012375,3.104634,109.199476,130.652495,152.105513,173.558531,195.011549,,,,,,,,,
2025-06-02,162.000000,2025-05-15,2025-03-31,6.910000,23.444284,22.055476,3.088131,109.725375,131.064358,152.403340,173.742323,195.081306,,,,,,,,,
2025-06-03,160.000000,2025-05-15,2025-03-31,6.910000,23.154848,22.097439,3.068344,110.288798,131.491052,152.693306,173.895560,195.097813,,,,,,,,,
2025-06-04,160.500000,2025-05-15,2025-03-31,6.910000,23.227207,22.138731,3.049717,110.831542,131.905088,152.978633,174.052179,195.125725,,,,,,,,,
2025-06-05,156.000000,2025-05-15,2025-03-31,6.910000,22.575977,22.174596,3.029101,111.364288,132.295374,153.226461,174.157547,195.088634,,,,,,,,,
2025-06-06,154.500000,2025-05-15,2025-03-31,6.910000,22.358900,22.209290,3.006906,111.910745,132.688468,153.466191,174.243914,195.021636,,,,,,,,,
2025-06-09,153.500000,2025-05-15,2025-03-31,6.910000,22.214182,22.243414,2.983243,112.473574,133.087782,153.701990,174.316198,194.930406,,,,,,,,,
2025-06-10,150.000000,2025-05-15,2025-03-31,6.910000,21.707670,22.263761,2.971067,112.782440,133.312513,153.842586,174.372659,194.902732,,,,,,,,,
2025-06-11,153.000000,2025-05-15,2025-03-31,6.910000,22.141823,22.289000,2.956908,113.152513,133.584750,154.016987,174.449224,194.881461,,,,,,,,,
2025-06-12,156.500000,2025-05-15,2025-03-31,6.910000,22.648336,22.307629,2.952027,113.348702,133.747208,154.145714,174.544220,194.942726,,,,,,,,,
2025-06-13,148.500000,2025-05-15,2025-03-31,6.910000,21.490593,22.301319,2.952965,113.292141,133.697129,154.102117,174.507105,194.912093,,,,,,,,,
2025-06-16,151.500000,2025-05-15,2025-03-31,6.910000,21.924747,22.290983,2.952087,113.232854,133.631772,154.030691,174.429610,194.828529,,,,,,,,,
2025-06-17,153.000000,2025-05-15,2025-03-31,6.910000,22.141823,22.290100,2.952116,113.226358,133.625476,154.024594,174.423712,194.822831,,,,,,,,,
2025-06-18,154.500000,2025-05-15,2025-03-31,6.910000,22.358900,22.293575,2.951948,113.252690,133.650649,154.048607,174.446565,194.844523,,,,,,,,,
2025-06-19,148.500000,2025-05-15,2025-03-31,6.910000,21.490593,22.294274,2.951746,113.260309,133.656872,154.053436,174.450000,194.846563,,,,,,,,,
2025-06-20,148.500000,2025-05-15,2025-03-31,6.910000,21.490593,22.301981,2.948400,113.359801,133.733246,154.106692,174.480137,194.853582,,,,,,,,,
2025-06-23,144.500000,2025-05-15,2025-03-31,6.910000,20.911722,22.304227,2.947228,113.391526,133.756869,154.122211,174.487554,194.852897,,,,,,,,,
2025-06-24,151.000000,2025-05-15,2025-03-31,6.910000,21.852388,22.317498,2.941525,113.562033,133.887971,154.213910,174.539849,194.865787,,,,,,,,,
2025-06-25,148.500000,2025-05-15,2025-03-31,6.910000,21.490593,22.335399,2.929781,113.848026,134.092815,154.337604,174.582393,194.827181,,,,,,,,,
2025-06-26,152.000000,2025-05-15,2025-03-31,6.910000,21.997106,22.356246,2.918281,114.151015,134.316338,154.481660,174.646982,194.812304,,,,,,,,,
2025-06-27,150.500000,2025-05-15,2025-03-31,6.910000,21.780029,22.375284,2.906891,114.439988,134.526602,154.613215,174.699829,194.786443,,,,,,,,,
2025-06-30,150.000000,2025-05-15,2025-03-31,6.910000,21.707670,22.390534,2.898466,114.661797,134.690195,154.718593,174.746990,194.775388,,,,,,,,,
2025-07-01,148.000000,2025-05-15,2025-03-31,6.910000,21.418234,22.407832,2.886291,114.949581,134.893851,154.838120,174.782389,194.726659,,,,,,,,,
2025-07-02,152.000000,2025-05-15,2025-03-31,6.910000,21.997106,22.433139,2.869070,115.362439,135.187716,155.012992,174.838269,194.663546,,,,,,,,,
2025-07-03,151.500000,2025-05-15,2025-03-31,6.910000,21.924747,22.456569,2.853166,115.744133,135.459513,155.174894,174.890274,194.605654,,,,,,,,,
2025-07-04,146.500000,2025-05-15,2025-03-31,6.910000,21.201158,22.473332,2.839688,116.046232,135.668479,155.290726,174.912972,194.535219,,,,,,,,,
2025-07-07,144.500000,2025-05-15,2025-03-31,6.910000,20.911722,22.481312,2.833889,116.181520,135.763693,155.345867,174.928041,194.510215,,,,,,,,,
2025-07-08,146.500000,2025-05-15,2025-03-31,6.910000,21.201158,22.495527,2.823043,116.429629,135.936859,155.444090,174.951320,194.458550,,,,,,,,,
2025-07-09,149.500000,2025-05-15,2025-03-31,6.910000,21.635311,22.511448,2.812654,116.683224,136.118665,155.554105,174.989545,194.424985,,,,,,,,,
2025-07-10,149.500000,2025-05-15,2025-03-31,6.910000,21.635311,22.515901,2.810825,116.739282,136.162079,155.584877,175.007675,194.430473,,,,,,,,,
2025-07-11,149.500000,2025-05-15,2025-03-31,6.910000,21.635311,22.515895,2.810827,116.739209,136.162021,155.584832,175.007644,194.430456,,,,,,,,,
2025-07-14,145.000000,2025-05-15,2025-03-31,6.910000,20.984081,22.527026,2.802006,116.938025,136.299888,155.661750,175.023613,194.385475,,,,,,,,,
2025-07-15,145.000000,2025-05-15,2025-03-31,6.910000,20.984081,22.536246,2.795027,117.098190,136.411825,155.725461,175.039096,194.352731,,,,,,,,,
2025-07-16,145.000000,2025-05-15,2025-03-31,6.910000,20.984081,22.550563,2.782507,117.370139,136.597265,155.824390,175.051516,194.278641,,,,,,,,,
2025-07-17,148.500000,2025-05-15,2025-03-31,6.910000,21.490593,22.569738,2.767037,117.716440,136.836665,155.956889,175.077113,194.197338,,,,,,,,,
2025-07-18,147.500000,2025-05-15,2025-03-31,6.910000,21.345876,22.589618,2.749400,118.097559,137.095910,156.094262,175.092613,194.090965,,,,,,,,,
2025-07-21,145.000000,2025-05-15,2025-03-31,6.910000,20.984081,22.603935,2.736390,118.376284,137.284738,156.193191,175.101645,194.010099,,,,,,,,,
2025-07-22,140.000000,2025-05-15,2025-03-31,6.910000,20.260492,22.616045,2.722628,118.650150,137.463509,156.276869,175.090228,193.903587,,,,,,,,,
2025-07-23,142.000000,2025-05-15,2025-03-31,6.910000,20.549928,22.627381,2.711049,118.888504,137.621852,156.355201,175.088549,193.821897,,,,,,,,,
2025-07-24,139.500000,2025-05-15,2025-03-31,6.910000,20.188133,22.638887,2.697596,119.153934,137.794323,156.434711,175.075100,193.715489,,,,,,,,,
2025-07-25,141.500000,2025-05-15,2025-03-31,6.910000,20.477569,22.649620,2.686295,119.384273,137.946575,156.508877,175.071179,193.633480,,,,,,,,,
2025-07-28,141.000000,2025-05-15,2025-03-31,6.910000,20.405210,22.651468,2.684661,119.419633,137.970639,156.521644,175.072650,193.623655,,,,,,,,,
2025-07-29,140.000000,2025-05-15,2025-03-31,6.910000,20.260492,22.636819,2.692927,119.204163,137.812292,156.420421,175.028550,193.636679,,,,,,,,,
2025-07-30,141.500000,2025-05-15,2025-03-31,6.910000,20.477569,22.619520,2.700126,118.985146,137.643014,156.300881,174.958748,193.616616,,,,,,,,,
2025-07-31,144.000000,2025-05-15,2025-03-31,6.910000,20.839363,22.606509,2.704946,118.828622,137.519801,156.210979,174.902158,193.593337,,,,,,,,,
2025-08-01,145.500000,2025-05-15,2025-03-31,6.910000,21.056440,22.576832,2.702230,118.661094,137.333501,156.005908,174.678315,193.350722,,,,,,,,,
2025-08-04,145.500000,2025-05-15,2025-03-31,6.910000,21.056440,22.547154,2.699181,118.498151,137.149494,155.800837,174.452179,193.103522,,,,,,,,,
2025-08-05,150.500000,2025-05-15,2025-03-31,6.910000,21.780029,22.531152,2.697979,118.404187,137.047224,155.690261,174.333297,192.976334,,,,,,,,,
2025-08-06,152.000000,2025-05-15,2025-03-31,6.910000,21.997106,22.517596,2.696529,118.330553,136.963570,155.596587,174.229604,192.862621,,,,,,,,,
2025-08-07,151.500000,2025-05-15,2025-03-31,6.910000,21.924747,22.507259,2.696404,118.260864,136.893013,155.525161,174.157310,192.789458,,,,,,,,,
2025-08-08,150.500000,2025-05-15,2025-03-31,6.910000,21.780029,22.503362,2.697120,118.224036,136.861133,155.498231,174.135328,192.772426,,,,,,,,,
2025-08-11,149.000000,2025-05-15,2025-03-31,6.910000,21.562952,22.496381,2.698472,118.157118,136.803557,155.449996,174.096434,192.742873,,,,,,,,,
2025-08-12,159.000000,2025-05-15,2025-03-31,6.910000,23.010130,22.498275,2.698754,118.166301,136.814691,155.463082,174.111472,192.759863,,,,,,,,,
2025-08-13,159.500000,2025-05-15,2025-03-31,6.910000,23.082489,22.499498,2.698987,118.171528,136.821529,155.471530,174.121531,192.771532,,,,,,,,,
2025-08-14,159.000000,2025-08-14,2025-06-30,7.380000,21.544715,22.488543,2.700182,126.110758,146.038102,165.965445,185.892788,205.820132,,,,,,,,,
2025-08-15,157.500000,2025-08-14,2025-06-30,7.380000,21.341463,22.475894,2.701985,125.990796,145.931446,165.872096,185.812746,205.753396,,,,,,,,,
2025-08-18,154.000000,2025-08-14,2025-06-30,7.380000,20.867209,22.463753,2.705943,125.842774,145.812634,165.782494,185.752354,205.722214,,,,,,,,,
2025-08-19,154.500000,2025-08-14,2025-06-30,7.380000,20.934959,22.454087,2.709341,125.721286,145.716225,165.711164,185.706103,205.701042,,,,,,,,,
2025-08-20,154.500000,2025-08-14,2025-06-30,7.380000,20.934959,22.445059,2.712609,125.606432,145.625484,165.644535,185.663587,205.682639,,,,,,,,,
2025-08-21,153.000000,2025-08-14,2025-06-30,7.380000,20.731707,22.441982,2.714355,125.557951,145.589890,165.621829,185.653768,205.685706,,,,,,,,,
2025-08-22,158.000000,2025-08-14,2025-06-30,7.380000,21.409214,22.448374,2.710982,125.654904,145.661952,165.669000,185.676048,205.683096,,,,,,,,,
2025-08-25,158.500000,2025-08-14,2025-06-30,7.380000,21.476965,22.450234,2.710232,125.679695,145.681209,165.682723,185.684237,205.685751,,,,,,,,,
2025-08-26,147.000000,2025-08-14,2025-06-30,7.380000,19.918699,22.437833,2.718438,125.467058,145.529134,165.591210,185.653285,205.715361,,,,,,,,,
2025-08-27,149.000000,2025-08-14,2025-06-30,7.380000,20.189702,22.430877,2.723150,125.346184,145.443028,165.539872,185.636716,205.733560,,,,,,,,,
2025-08-28,147.500000,2025-08-14,2025-06-30,7.380000,19.986450,22.420315,2.730202,125.164153,145.313041,165.461928,185.610816,205.759703,,,,,,,,,
2025-08-29,147.000000,2025-08-14,2025-06-30,7.380000,19.918699,22.408552,2.737967,124.962718,145.168917,165.375116,185.581315,205.787515,,,,,,,,,
2025-09-01,144.000000,2025-08-14,2025-06-30,7.380000,19.512195,22.396587,2.747524,124.733355,145.010084,165.286814,185.563543,205.840273,,,,,,,,,
2025-09-02,143.500000,2025-08-14,2025-06-30,7.380000,19.444444,22.384057,2.757596,124.492230,144.843287,165.194344,185.545401,205.896459,,,,,,,,,
2025-09-03,142.000000,2025-08-14,2025-06-30,7.380000,19.241192,22.371745,2.768371,124.242320,144.672900,165.103480,185.534060,205.964641,,,,,,,,,
2025-09-04,142.000000,2025-08-14,2025-06-30,7.380000,19.241192,22.358796,2.779420,123.983670,144.495792,165.007914,185.520037,206.032159,,,,,,,,,
2025-09-05,142.500000,2025-08-14,2025-06-30,7.380000,19.308943,22.347048,2.789372,123.750083,144.335650,164.921217,185.506784,206.092352,,,,,,,,,
2025-09-08,144.500000,2025-08-14,2025-06-30,7.380000,19.579946,22.332462,2.799293,123.496014,144.154793,164.813572,185.472351,206.131130,,,,,,,,,
2025-09-09,142.000000,2025-08-14,2025-06-30,7.380000,19.241192,22.317602,2.811004,123.213488,143.958694,164.703901,185.449107,206.194314,,,,,,,,,
2025-09-10,142.500000,2025-08-14,2025-06-30,7.380000,19.308943,22.295660,2.824206,122.856700,143.699337,164.541974,185.384611,206.227248,,,,,,,,,
2025-09-11,141.500000,2025-08-14,2025-06-30,7.380000,19.173442,22.274501,2.838088,122.495634,143.440727,164.385820,185.330913,206.276005,,,,,,,,,
2025-09-12,139.000000,2025-08-14,2025-06-30,7.380000,18.834688,22.250519,2.854986,122.069242,143.139037,164.208832,185.278627,206.348421,,,,,,,,,
2025-09-15,134.000000,2025-08-14,2025-06-30,7.380000,18.157182,22.211335,2.878729,121.429606,142.674628,163.919650,185.164672,206.409694,,,,,,,,,
2025-09-16,134.500000,2025-08-14,2025-06-30,7.380000,18.224932,22.178449,2.901641,120.848733,142.262842,163.676951,185.091060,206.505170,,,,,,,,,
2025-09-17,135.000000,2025-08-14,2025-06-30,7.380000,18.292683,22.152498,2.922451,120.350061,141.917749,163.485437,185.053125,206.620813,,,,,,,,,
2025-09-18,135.500000,2025-08-14,2025-06-30,7.380000,18.360434,22.131572,2.940634,119.927246,141.629125,163.331003,185.032882,206.734760,,,,,,,,,
2025-09-19,136.000000,2025-08-14,2025-06-30,7.380000,18.428184,22.112953,2.957041,119.547663,141.370629,163.193595,185.016561,206.839527,,,,,,,,,
2025-09-22,137.000000,2025-08-14,2025-06-30,7.380000,18.563686,22.091520,2.973460,119.147150,141.091285,163.035420,184.979554,206.923689,,,,,,,,,
2025-09-23,136.500000,2025-08-14,2025-06-30,7.380000,18.495935,22.068865,2.990506,118.728363,140.798295,162.868227,184.938159,207.008091,,,,,,,,,
2025-09-24,136.500000,2025-08-14,2025-06-30,7.380000,18.495935,22.063298,2.996575,118.597693,140.712416,162.827139,184.941861,207.056584,,,,,,,,,
2025-09-25,136.000000,2025-08-14,2025-06-30,7.380000,18.428184,22.070310,2.986981,118.791049,140.834968,162.878887,184.922806,206.966725,,,,,,,,,
2025-09-26,132.500000,2025-08-14,2025-06-30,7.380000,17.953930,22.074684,2.980504,118.918926,140.915047,162.911169,184.907290,206.903412,,,,,,,,,
2025-09-30,135.500000,2025-08-14,2025-06-30,7.380000,18.360434,22.067987,2.987992,118.758980,140.810364,162.861747,184.913131,206.964514,,,,,,,,,
2025-10-01,135.500000,2025-08-14,2025-06-30,7.380000,18.360434,22.055376,3.000499,118.481312,140.624993,162.768674,184.912355,207.056036,,,,,,,,,
2025-10-02,134.000000,2025-08-14,2025-06-30,7.380000,18.157182,22.041071,3.015044,118.161052,140.412076,162.663101,184.914126,207.165150,,,,,,,,,
2025-10-03,134.000000,2025-08-14,2025-06-30,7.380000,18.157182,22.020850,3.032983,117.747041,140.130459,162.513876,184.897294,207.280712,,,,,,,,,
2025-10-07,133.500000,2025-08-14,2025-06-30,7.380000,18.089431,22.001380,3.050756,117.341029,139.855607,162.370186,184.884764,207.399342,,,,,,,,,
2025-10-08,136.000000,2025-08-14,2025-06-30,7.380000,18.428184,21.974218,3.068034,116.885545,139.527635,162.169726,184.811816,207.453906,,,,,,,,,
2025-10-09,136.000000,2025-08-14,2025-06-30,7.380000,18.428184,21.945083,3.085064,116.419165,139.186940,161.954715,184.722490,207.490265,,,,,,,,,
2025-10-13,132.500000,2025-08-14,2025-06-30,7.380000,17.953930,21.913311,3.106476,115.868645,138.794442,161.720238,184.646035,207.571831,,,,,,,,,
2025-10-14,130.000000,2025-08-14,2025-06-30,7.380000,17.615176,21.883317,3.130564,115.291760,138.395319,161.498879,184.602439,207.705999,,,,,,,,,
2025-10-15,130.500000,2025-08-14,2025-06-30,7.380000,17.682927,21.842057,3.153132,114.654162,137.924273,161.194384,184.464495,207.734605,,,,,,,,,
2025-10-16,130.000000,2025-08-14,2025-06-30,7.380000,17.615176,21.794318,3.173504,114.001154,137.421612,160.842070,184.262529,207.682987,,,,,,,,,
2025-10-17,129.000000,2025-08-14,2025-06-30,7.380000,17.479675,21.726391,3.177927,113.434569,136.887669,160.340769,183.793869,207.246969,,,,,,,,,
2025-10-20,129.000000,2025-08-14,2025-06-30,7.380000,17.479675,21.637434,3.145719,113.253445,136.468854,159.684263,182.899672,206.115081,,,,,,,,,
2025-10-21,130.500000,2025-08-14,2025-06-30,7.380000,17.682927,21.540969,3.086986,113.408436,136.190395,158.972354,181.754313,204.536273,,,,,,,,,
2025-10-22,130.500000,2025-08-14,2025-06-30,7.380000,17.682927,21.448448,3.033957,113.508334,135.898940,158.289547,180.680153,203.070759,,,,,,,,,
2025-10-23,129.500000,2025-08-14,2025-06-30,7.380000,17.547425,21.349540,2.964692,113.800747,135.680176,157.559605,179.439033,201.318462,,,,,,,,,
2025-10-27,129.000000,2025-08-14,2025-06-30,7.380000,17.479675,21.240866,2.862964,114.500252,135.628923,156.757594,177.886264,199.014935,,,,,,,,,
2025-10-28,128.500000,2025-08-14,2025-06-30,7.380000,17.411924,21.130971,2.751654,115.332146,135.639356,155.946566,176.253775,196.560985,,,,,,,,,
2025-10-29,130.500000,2025-08-14,2025-06-30,7.380000,17.682927,21.029249,2.648854,116.098778,135.647317,155.195856,174.744395,194.292934,,,,,,,,,
2025-10-30,130.000000,2025-08-14,2025-06-30,7.380000,17.615176,20.920390,2.513970,117.286277,135.839378,154.392478,172.945578,191.498679,,,,,,,,,
2025-10-31,129.000000,2025-08-14,2025-06-30,7.380000,17.479675,20.801201,2.326749,119.170051,136.341458,153.512864,170.684271,187.855678,,,,,,,,,
2025-11-03,133.500000,2025-08-14,2025-06-30,7.380000,18.089431,20.713382,2.225541,120.015778,136.440267,152.864757,169.289247,185.713736,,,,,,,,,
2025-11-04,130.500000,2025-08-14,2025-06-30,7.380000,17.682927,20.626118,2.134765,120.711624,136.466187,152.220751,167.975314,183.729877,,,,,,,,,
2025-11-05,126.500000,2025-08-14,2025-06-30,7.380000,17.140921,20.535652,2.048049,121.323907,136.438509,151.553111,166.667713,181.782315,,,,,,,,,
2025-11-06,126.500000,2025-08-14,2025-06-30,7.380000,17.140921,20.470461,2.030340,121.104177,136.088090,151.072003,166.055916,181.039829,,,,,,,,,
2025-11-07,123.500000,2025-08-14,2025-06-30,7.380000,16.734417,20.407913,2.028845,120.664651,135.637523,150.610396,165.583268,180.556141,,,,,,,,,
2025-11-10,126.500000,2025-08-14,2025-06-30,7.380000,17.140921,20.354782,2.030232,120.252062,135.235175,150.218289,165.201402,180.184516,,,,,,,,,
2025-11-11,127.000000,2025-08-14,2025-06-30,7.380000,17.208672,20.289552,2.004137,120.155836,134.946366,149.736897,164.527428,179.317958,,,,,,,,,
2025-11-12,125.500000,2025-08-14,2025-06-30,7.380000,17.005420,20.221423,1.975213,120.079961,134.657033,149.234105,163.811177,178.388249,,,,,,,,,
2025-11-13,124.500000,2025-08-14,2025-06-30,7.380000,16.869919,20.151562,1.943751,120.028762,134.373646,148.718530,163.063414,177.408298,,,,,,,,,
2025-11-14,122.500000,2025-11-14,2025-09-30,7.240000,16.919890,20.091765,1.931738,117.492811,131.478596,145.464382,159.450167,173.435953,,,,,,,,,
2025-11-17,118.500000,2025-11-14,2025-09-30,7.240000,16.367403,20.031585,1.934359,117.019162,131.023920,145.028679,159.033437,173.038195,,,,,,,,,
2025-11-18,116.000000,2025-11-14,2025-09-30,7.240000,16.022099,19.968528,1.940742,116.470194,130.521168,144.572142,158.623116,172.674091,,,,,,,,,
2025-11-19,117.000000,2025-11-14,2025-09-30,7.240000,16.160221,19.910239,1.949260,115.924851,130.037492,144.150133,158.262774,172.375415,,,,,,,,,
2025-11-20,118.000000,2025-11-14,2025-09-30,7.240000,16.298343,19.848881,1.946074,115.526750,129.616324,143.705898,157.795472,171.885046,,,,,,,,,
2025-11-21,115.500000,2025-11-14,2025-09-30,7.240000,15.953039,19.786454,1.949920,115.019091,129.136508,143.253926,157.371344,171.488761,,,,,,,,,
2025-11-24,118.000000,2025-11-14,2025-09-30,7.240000,16.298343,19.729316,1.950844,114.592030,128.716140,142.840250,156.964360,171.088470,,,,,,,,,
2025-11-25,121.500000,2025-11-14,2025-09-30,7.240000,16.781768,19.675604,1.942440,114.324840,128.388107,142.451375,156.514643,170.577911,,,,,,,,,
2025-11-26,119.500000,2025-11-14,2025-09-30,7.240000,16.505525,19.625017,1.945315,113.916957,128.001041,142.085125,156.169208,170.253292,,,,,,,,,
2025-11-27,120.500000,2025-11-14,2025-09-30,7.240000,16.643646,19.577390,1.947781,113.536435,127.638370,141.740304,155.842239,169.944174,,,,,,,,,
2025-11-28,120.000000,2025-11-14,2025-09-30,7.240000,16.574586,19.530393,1.951658,113.140039,127.270044,141.400049,155.530054,169.660059,,,,,,,,,
2025-12-01,120.500000,2025-11-14,2025-09-30,7.240000,16.643646,19.488193,1.958919,112.729367,126.911943,141.094519,155.277096,169.459672,,,,,,,,,
2025-12-02,121.500000,2025-11-14,2025-09-30,7.240000,16.781768,19.443526,1.959013,112.404624,126.587876,140.771129,154.954382,169.137635,,,,,,,,,
2025-12-03,124.000000,2025-11-14,2025-09-30,7.240000,17.127072,19.397516,1.947917,112.232180,126.335096,140.438013,154.540930,168.643846,,,,,,,,,
2025-12-04,121.500000,2025-11-14,2025-09-30,7.240000,16.781768,19.358275,1.952821,111.877070,126.015492,140.153914,154.292336,168.430757,,,,,,,,,
2025-12-05,121.500000,2025-11-14,2025-09-30,7.240000,16.781768,19.315417,1.952457,111.572037,125.707829,139.843621,153.979413,168.115205,,,,,,,,,
2025-12-08,128.500000,2025-11-14,2025-09-30,7.240000,17.748619,19.278807,1.940164,111.484988,125.531776,139.578564,153.625352,167.672140,,,,,,,,,
2025-12-09,129.500000,2025-11-14,2025-09-30,7.240000,17.886740,19.241539,1.923382,111.458173,125.383459,139.308744,153.234029,167.159315,,,,,,,,,
2025-12-10,126.500000,2025-11-14,2025-09-30,7.240000,17.472376,19.208054,1.918870,111.281069,125.173690,139.066311,152.958932,166.851553,,,,,,,,,
2025-12-11,125.000000,2025-11-14,2025-09-30,7.240000,17.265193,19.172842,1.915399,111.076407,124.943893,138.811379,152.678865,166.546351,,,,,,,,,
2025-12-12,125.000000,2025-11-14,2025-09-30,7.240000,17.265193,19.142455,1.916505,110.840376,124.715874,138.591372,152.466869,166.342367,,,,,,,,,
2025-12-15,123.500000,2025-11-14,2025-09-30,7.240000,17.058011,19.102502,1.909498,110.652581,124.477346,138.302111,152.126876,165.951641,,,,,,,,,
2025-12-16,120.500000,2025-11-14,2025-09-30,7.240000,16.643646,19.062110,1.909822,110.355459,124.182569,138.009679,151.836788,165.663898,,,,,,,,,
2025-12-17,121.500000,2025-11-14,2025-09-30,7.240000,16.781768,19.018649,1.901795,110.157031,123.926025,137.695020,151.464014,165.233009,,,,,,,,,
2025-12-18,122.500000,2025-11-14,2025-09-30,7.240000,16.919890,18.978148,1.894230,109.973342,123.687567,137.401791,151.116016,164.830241,,,,,,,,,
2025-12-19,122.500000,2025-11-14,2025-09-30,7.240000,16.919890,18.938250,1.886662,109.794059,123.453494,137.112929,150.772364,164.431798,,,,,,,,,
2025-12-22,125.000000,2025-11-14,2025-09-30,7.240000,17.265193,18.903641,1.878863,109.656429,123.259395,136.862362,150.465328,164.068295,,,,,,,,,
2025-12-23,125.000000,2025-11-14,2025-09-30,7.240000,17.265193,18.864209,1.862982,109.600898,123.088884,136.576870,150.064856,163.552842,,,,,,,,,
2025-12-24,124.000000,2025-11-14,2025-09-30,7.240000,17.127072,18.824228,1.848170,109.525905,122.906658,136.287410,149.668162,163.048915,,,,,,,,,
2025-12-26,123.000000,2025-11-14,2025-09-30,7.240000,16.988950,18.789126,1.842639,109.351863,122.692568,136.033274,149.373979,162.714684,,,,,,,,,
2025-12-29,125.500000,2025-11-14,2025-09-30,7.240000,17.334254,18.759314,1.836940,109.218544,122.517988,135.817433,149.116878,162.416322,,,,,,,,,
2025-12-30,123.000000,2025-11-14,2025-09-30,7.240000,16.988950,18.724212,1.830120,109.063166,122.313231,135.563296,148.813362,162.063427,,,,,,,,,
2025-12-31,123.500000,2025-11-14,2025-09-30,7.240000,17.058011,18.686068,1.816586,108.982964,122.135048,135.287133,148.439217,161.591302,,,,,,,,,
2026-01-02,127.000000,2025-11-14,2025-09-30,7.240000,17.541436,18.651952,1.799091,108.989295,122.014715,135.040136,148.065556,161.090976,,,,,,,,,
2026-01-05,123.000000,2025-11-14,2025-09-30,7.240000,16.988950,18.613233,1.784282,108.923395,121.841600,134.759805,147.678010,160.596215,,,,,,,,,
2026-01-06,124.500000,2025-11-14,2025-09-30,7.240000,17.196133,18.581667,1.775472,108.822435,121.676850,134.531266,147.385681,160.240096,,,,,,,,,
2026-01-07,126.500000,2025-11-14,2025-09-30,7.240000,17.472376,18.552402,1.764448,108.770188,121.544791,134.319393,147.093995,159.868597,,,,,,,,,
2026-01-08,122.500000,2025-11-14,2025-09-30,7.240000,16.919890,18.518534,1.756367,108.641990,121.358088,134.074186,146.790285,159.506383,,,,,,,,,
2026-01-09,124.000000,2025-11-14,2025-09-30,7.240000,17.127072,18.482171,1.739406,108.624317,121.217619,133.810921,146.404223,158.997525,,,,,,,,,
2026-01-12,123.000000,2025-11-14,2025-09-30,7.240000,16.988950,18.445864,1.724537,108.576757,121.062405,133.548053,146.033701,158.519349,,,,,,,,,
2026-01-13,125.000000,2025-11-14,2025-09-30,7.240000,17.265193,18.414873,1.711910,108.535229,120.929454,133.323680,145.717906,158.112131,,,,,,,,,
2026-01-14,126.000000,2025-11-14,2025-09-30,7.240000,17.403315,18.391063,1.705883,108.450110,120.800703,133.151297,145.501891,157.852484,,,,,,,,,
2026-01-15,125.000000,2025-11-14,2025-09-30,7.240000,17.265193,18.363690,1.697283,108.376467,120.664792,132.953118,145.241444,157.529769,,,,,,,,,
2026-01-16,123.000000,2025-11-14,2025-09-30,7.240000,16.988950,18.337030,1.693506,108.238138,120.499119,132.760101,145.021082,157.282063,,,,,,,,,
2026-01-19,124.000000,2025-11-14,2025-09-30,7.240000,17.127072,18.309110,1.685519,108.151638,120.354796,132.557954,144.761112,156.964270,,,,,,,,,
2026-01-20,123.000000,2025-11-14,2025-09-30,7.240000,16.988950,18.280641,1.678655,108.044920,120.198380,132.351840,144.505299,156.658759,,,,,,,,,
2026-01-21,120.500000,2025-11-14,2025-09-30,7.240000,16.643646,18.250500,1.675275,107.875648,120.004636,132.133623,144.262611,156.391598,,,,,,,,,
2026-01-22,121.500000,2025-11-14,2025-09-30,7.240000,16.781768,18.219702,1.667944,107.758817,119.834730,131.910643,143.986556,156.062469,,,,,,,,,
2026-01-23,121.000000,2025-11-14,2025-09-30,7.240000,16.712707,18.185313,1.655977,107.683124,119.672396,131.661668,143.650940,155.640212,,,,,,,,,
2026-01-26,123.500000,2025-11-14,2025-09-30,7.240000,17.058011,18.151993,1.637848,107.704388,119.562409,131.420430,143.278451,155.136471,,,,,,,,,
2026-01-27,122.500000,2025-11-14,2025-09-30,7.240000,16.919890,18.117522,1.619635,107.718549,119.444704,131.170858,142.897012,154.623167,,,,,,,,,
2026-01-28,121.500000,2025-11-14,2025-09-30,7.240000,16.781768,18.075870,1.588628,107.865967,119.367632,130.869296,142.370961,153.872625,,,,,,,,,
2026-01-29,120.000000,2025-11-14,2025-09-30,7.240000,16.574586,18.030682,1.552871,108.056567,119.299352,130.542138,141.784923,153.027708,,,,,,,,,
2026-01-30,116.500000,2025-11-14,2025-09-30,7.240000,16.091160,17.982069,1.520924,108.167198,119.178688,130.190178,141.201668,152.213157,,,,,,,,,
2026-02-02,115.000000,2025-11-14,2025-09-30,7.240000,15.883978,17.932935,1.492164,108.227919,119.031184,129.834449,140.637715,151.440980,,,,,,,,,
2026-02-03,116.500000,2025-11-14,2025-09-30,7.240000,16.091160,17.887337,1.463636,108.310871,118.907594,129.504318,140.101041,150.697765,,,,,,,,,
2026-02-04,116.000000,2025-11-14,2025-09-30,7.240000,16.022099,17.829103,1.395535,108.875365,118.979036,129.082707,139.186378,149.290048,,,,,,,,,
2026-02-05,114.500000,2025-11-14,2025-09-30,7.240000,15.814917,17.768540,1.321361,109.510929,119.077580,128.644230,138.210880,147.777531,,,,,,,,,
2026-02-06,113.500000,2025-11-14,2025-09-30,7.240000,15.676796,17.719641,1.288613,109.631086,118.960643,128.290199,137.619755,146.949311,,,,,,,,,
2026-02-09,115.000000,2025-11-14,2025-09-30,7.240000,15.883978,17.674162,1.255596,109.779899,118.870415,127.960930,137.051446,146.141962,,,,,,,,,
2026-02-10,116.500000,2025-11-14,2025-09-30,7.240000,16.091160,17.634361,1.228945,109.877655,118.775215,127.672776,136.570336,145.467896,,,,,,,,,
2026-02-11,115.000000,2025-11-14,2025-09-30,7.240000,15.883978,17.592270,1.201133,109.975634,118.671833,127.368033,136.064233,144.760432,,,,,,,,,
2026-02-23,115.500000,2025-11-14,2025-09-30,7.240000,15.953039,17.550754,1.170327,110.121116,118.594287,127.067457,135.540628,144.013798,,,,,,,,,
2026-02-24,115.500000,2025-11-14,2025-09-30,7.240000,15.953039,17.510932,1.142142,110.240922,118.510033,126.779144,135.048255,143.317366,,,,,,,,,
2026-02-25,116.000000,2025-11-14,2025-09-30,7.240000,16.022099,17.466039,1.092420,110.635880,118.545001,126.454121,134.363242,142.272363,,,,,,,,,
2026-02-26,124.500000,2025-11-14,2025-09-30,7.240000,17.196133,17.430365,1.028358,111.305215,118.750530,126.195845,133.641159,141.086474,,,,,,,,,
2026-03-02,125.500000,2025-11-14,2025-09-30,7.240000,17.334254,17.408828,1.002546,111.523047,118.781482,126.039916,133.298351,140.556786,,,,,,,,,
2026-03-03,120.500000,2025-11-14,2025-09-30,7.240000,16.643646,17.379278,0.971675,111.756111,118.791041,125.825971,132.860901,139.895832,,,,,,,,,
2026-03-04,113.500000,2025-11-14,2025-09-30,7.240000,15.676796,17.343364,0.953986,111.752243,118.659099,125.565955,132.472812,139.379668,,,,,,,,,
2026-03-05,118.500000,2025-11-14,2025-09-30,7.240000,16.367403,17.313770,0.928157,111.911979,118.631836,125.351694,132.071551,138.791409,,,,,,,,,
2026-03-06,117.000000,2025-11-14,2025-09-30,7.240000,16.160221,17.285837,0.911733,111.947565,118.548512,125.149458,131.750404,138.351351,,,,,,,,,
2026-03-09,112.500000,2025-11-14,2025-09-30,7.240000,15.538674,17.253289,0.903706,111.828149,118.370979,124.913810,131.456640,137.999471,,,,,,,,,
2026-03-10,116.500000,2025-11-14,2025-09-30,7.240000,16.091160,17.227038,0.891140,111.820051,118.271904,124.723758,131.175611,137.627465,,,,,,,,,
2026-03-11,118.500000,2025-11-14,2025-09-30,7.240000,16.367403,17.203090,0.875026,111.879991,118.215182,124.550373,130.885563,137.220754,,,,,,,,,
2026-03-12,118.500000,2025-11-14,2025-09-30,7.240000,16.367403,17.178577,0.856544,111.970138,118.171519,124.372900,130.574281,136.775661,,,,,,,,,
2026-03-13,117.500000,2025-11-14,2025-09-30,7.240000,16.229282,17.150655,0.831863,112.125366,118.148054,124.170743,130.193432,136.216120,,,,,,,,,
2026-03-16,118.000000,2025-11-14,2025-09-30,7.240000,16.298343,17.126131,0.812877,112.222736,118.107963,123.993191,129.878419,135.763647,,,,,,,,,
2026-03-17,118.000000,2025-11-14,2025-09-30,7.240000,16.298343,17.101043,0.791109,112.356298,118.083925,123.811551,129.539178,135.266805,,,,,,,,,
2026-03-18,119.500000,2025-11-14,2025-09-30,7.240000,16.505525,17.078810,0.769574,112.507160,118.078874,123.650587,129.222301,134.794014,,,,,,,,,
2026-03-19,118.000000,2025-11-14,2025-09-30,7.240000,16.298343,17.057674,0.755648,112.555783,118.026672,123.497561,128.968450,134.439339,,,,,,,,,
2026-03-20,116.500000,2025-11-14,2025-09-30,7.240000,16.091160,17.040457,0.753920,112.456148,117.914529,123.372911,128.831293,134.289674,,,,,,,,,
2026-03-23,114.500000,2025-11-14,2025-09-30,7.240000,15.814917,17.020374,0.754202,112.306664,117.767085,123.227507,128.687928,134.148350,,,,,,,,,
2026-03-24,114.500000,2025-11-14,2025-09-30,7.240000,15.814917,16.999726,0.752993,112.174675,117.626345,123.078015,128.529685,133.981355,,,,,,,,,
2026-03-25,117.000000,2025-11-14,2025-09-30,7.240000,16.160221,16.981391,0.746340,112.138270,117.541769,122.945269,128.348768,133.752268,,,,,,,,,
2026-03-26,118.500000,2025-11-14,2025-09-30,7.240000,16.367403,16.964218,0.736413,112.157681,117.489308,122.820935,128.152562,133.484189,,,,,,,,,
2026-03-27,113.000000,2025-11-14,2025-09-30,7.240000,15.607735,16.939585,0.731885,112.044896,117.343744,122.642593,127.941441,133.240289,,,,,,,,,
2026-03-30,109.500000,2025-11-14,2025-09-30,7.240000,15.124309,16.911488,0.736340,111.776975,117.108073,122.439171,127.770269,133.101367,,,,,,,,,
2026-03-31,102.000000,2026-03-31,2025-12-31,7.580000,13.456464,16.869492,0.787168,115.937283,121.904017,127.870750,133.837484,139.804218,,,,,,,,,
2026-04-01,106.500000,2026-03-31,2025-12-31,7.580000,14.050132,16.833008,0.815274,115.234650,121.414427,127.594203,133.773980,139.953757,,,,,,,,,
2026-04-02,105.000000,2026-03-31,2025-12-31,7.580000,13.852243,16.798828,0.852994,114.403726,120.869420,127.335114,133.800807,140.266501,,,,,,,,,
2026-04-07,106.000000,2026-03-31,2025-12-31,7.580000,13.984169,16.762359,0.878828,113.735645,120.397162,127.058680,133.720197,140.381714,,,,,,,,,
2026-04-08,107.000000,2026-03-31,2025-12-31,7.580000,14.116095,16.726989,0.899146,113.159532,119.975055,126.790579,133.606102,140.421626,,,,,,,,,
2026-04-09,104.500000,2026-03-31,2025-12-31,7.580000,13.786280,16.690565,0.928766,112.434388,119.474436,126.514484,133.554531,140.594579,,,,,,,,,
2026-04-10,105.000000,2026-03-31,2025-12-31,7.580000,13.852243,16.654691,0.954427,111.773436,119.007995,126.242555,133.477114,140.711674,,,,,,,,,
2026-04-13,102.500000,2026-03-31,2025-12-31,7.580000,13.522427,16.616632,0.987228,110.987698,118.470885,125.954072,133.437260,140.920447,,,,,,,,,
2026-04-14,103.000000,2026-03-31,2025-12-31,7.580000,13.588391,16.576301,1.011169,110.319043,117.983701,125.648359,133.313017,140.977675,,,,,,,,,
2026-04-15,103.500000,2026-03-31,2025-12-31,7.580000,13.654354,16.536519,1.031403,109.710736,117.528774,125.346812,133.164850,140.982887,,,,,,,,,
2026-04-16,105.000000,2026-03-31,2025-12-31,7.580000,13.852243,16.502338,1.051799,109.142450,117.115086,125.087722,133.060358,141.032994,,,,,,,,,
2026-04-17,105.500000,2026-03-31,2025-12-31,7.580000,13.918206,16.471530,1.072862,108.589611,116.721904,124.854197,132.986490,141.118783,,,,,,,,,
2026-04-20,104.000000,2026-03-31,2025-12-31,7.580000,13.720317,16.438508,1.095996,107.988589,116.296240,124.603892,132.911543,141.219195,,,,,,,,,
2026-04-21,105.000000,2026-03-31,2025-12-31,7.580000,13.852243,16.407150,1.115701,107.452168,115.909184,124.366200,132.823216,141.280232,,,,,,,,,
2026-04-22,108.500000,2026-03-31,2025-12-31,7.580000,14.313984,16.380770,1.127492,107.073448,115.619841,124.166234,132.712627,141.259019,,,,,,,,,
2026-04-23,105.000000,2026-03-31,2025-12-31,7.580000,13.852243,16.350541,1.146253,106.559902,115.248502,123.937101,132.625700,141.314300,,,,,,,,,
2026-04-24,104.500000,2026-03-31,2025-12-31,7.580000,13.786280,16.318069,1.163259,106.055961,114.873462,123.690963,132.508464,141.325965,,,,,,,,,
2026-04-27,102.500000,2026-03-31,2025-12-31,7.580000,13.522427,16.283398,1.184053,105.477912,114.453035,123.428158,132.403281,141.378404,,,,,,,,,
2026-04-28,105.000000,2026-03-31,2025-12-31,7.580000,13.852243,16.252605,1.198861,105.020015,114.107380,123.194745,132.282111,141.369476,,,,,,,,,
2026-04-29,104.000000,2026-03-31,2025-12-31,7.580000,13.720317,16.221277,1.215529,104.529857,113.743568,122.957279,132.170990,141.384701,,,,,,,,,
2026-04-30,105.000000,2026-03-31,2025-12-31,7.580000,13.852243,16.191613,1.229583,104.091955,113.412190,122.732426,132.052662,141.372898,,,,,,,,,
2026-05-04,105.000000,2026-03-31,2025-12-31,7.580000,13.852243,16.159691,1.240220,103.688723,113.089589,122.490455,131.891321,141.292186,,,,,,,,,
2026-05-05,106.500000,2026-03-31,2025-12-31,7.580000,14.050132,16.129982,1.247738,103.349555,112.807409,122.265263,131.723116,141.180970,,,,,,,,,
2026-05-06,105.000000,2026-03-31,2025-12-31,7.580000,13.852243,16.099753,1.258657,102.954887,112.495509,122.036130,131.576751,141.117372,,,,,,,,,
2026-05-07,103.500000,2026-03-31,2025-12-31,7.580000,13.654354,16.062794,1.264842,102.580978,112.168479,121.755981,131.343482,140.930984,,,,,,,,,
2026-05-08,103.000000,2026-03-31,2025-12-31,7.580000,13.588391,16.028673,1.275949,102.153963,111.825653,121.497343,131.169032,140.840722,,,,,,,,,
2026-05-11,103.000000,2026-03-31,2025-12-31,7.580000,13.588391,15.999069,1.291049,101.700642,111.486792,121.272941,131.059091,140.845240,,,,,,,,,
2026-05-12,102.500000,2026-03-31,2025-12-31,7.580000,13.522427,15.968915,1.306322,101.240529,111.142451,121.044373,130.946295,140.848217,,,,,,,,,
2026-05-13,101.500000,2026-03-31,2025-12-31,7.580000,13.390501,15.941049,1.325382,100.740357,110.786753,120.833149,130.879545,140.925941,,,,,,,,,
2026-05-14,100.000000,2026-03-31,2025-12-31,7.580000,13.192612,15.908146,1.344219,100.205381,110.394564,120.583747,130.772930,140.962113,,,,,,,,,
2026-05-15,98.100000,2026-05-15,2026-03-31,7.580000,12.941953,15.872590,1.365787,99.608908,109.961570,120.314233,130.666895,141.019558,,,,,,,,,
2026-05-18,101.000000,2026-05-15,2026-03-31,7.580000,13.324538,15.841916,1.381376,99.140064,109.610894,120.081724,130.552554,141.023384,,,,,,,,,
2026-05-19,100.500000,2026-05-15,2026-03-31,7.580000,13.258575,15.811822,1.398030,98.659478,109.256543,119.853607,130.450672,141.047736,,,,,,,,,
2026-05-20,100.000000,2026-05-15,2026-03-31,7.580000,13.192612,15.780761,1.414512,98.174159,108.896163,119.618168,130.340172,141.062176,,,,,,,,,
2026-05-21,101.000000,2026-05-15,2026-03-31,7.580000,13.324538,15.755404,1.431084,97.730719,108.578340,119.425960,130.273580,141.121200,,,,,,,,,
2026-05-22,100.500000,2026-05-15,2026-03-31,7.580000,13.258575,15.732374,1.448882,97.286351,108.268874,119.251397,130.233920,141.216443,,,,,,,,,
2026-05-25,98.700000,2026-05-15,2026-03-31,7.580000,13.021108,15.706215,1.469286,96.778728,107.915919,119.053110,130.190301,141.327492,,,,,,,,,
2026-05-26,99.000000,2026-05-15,2026-03-31,7.580000,13.060686,15.679235,1.487930,96.291579,107.570088,118.848598,130.127108,141.405618,,,,,,,,,
2026-05-27,98.000000,2026-05-15,2026-03-31,7.580000,12.928760,15.654032,1.508721,95.785361,107.221463,118.657564,130.093666,141.529768,,,,,,,,,
2026-05-28,98.700000,2026-05-15,2026-03-31,7.580000,13.021108,15.626722,1.526516,95.308568,106.879560,118.450552,130.021545,141.592537,,,,,,,,,
2026-05-29,101.000000,2026-05-15,2026-03-31,7.580000,13.324538,15.597912,1.537121,94.929413,106.580792,118.232171,129.883550,141.534928,,,,,,,,,
2026-06-01,106.500000,2026-05-15,2026-03-31,7.580000,14.050132,15.577450,1.541275,94.711344,106.394208,118.077072,129.759936,141.442799,,,,,,,,,
2026-06-02,107.500000,2026-05-15,2026-03-31,7.580000,14.182058,15.556937,1.543345,94.524472,106.223027,117.921581,129.620136,141.318691,,,,,,,,,
2026-06-03,107.500000,2026-05-15,2026-03-31,7.580000,14.182058,15.536999,1.545540,94.340062,106.055258,117.770453,129.485649,141.200845,,,,,,,,,
2026-06-04,105.000000,2026-05-15,2026-03-31,7.580000,13.852243,15.513737,1.549745,94.099993,105.847061,117.594130,129.341198,141.088267,,,,,,,,,
2026-06-05,103.500000,2026-05-15,2026-03-31,7.580000,13.654354,15.487676,1.554531,93.829893,105.613237,117.396581,129.179926,140.963270,,,,,,,,,
2026-06-08,100.500000,2026-05-15,2026-03-31,7.580000,13.258575,15.455438,1.560349,93.497332,105.324777,117.152221,128.979666,140.807111,,,,,,,,,
2026-06-09,101.500000,2026-05-15,2026-03-31,7.580000,13.390501,15.427178,1.566822,93.184980,105.061493,116.938006,128.814520,140.691033,,,,,,,,,
2026-06-10,98.400000,2026-05-15,2026-03-31,7.580000,12.981530,15.395509,1.577582,92.781822,104.739890,116.697958,128.656026,140.614095,,,,,,,,,
2026-06-11,100.000000,2026-05-15,2026-03-31,7.580000,13.192612,15.357542,1.575296,92.528676,104.469423,116.410170,128.350918,140.291665,,,,,,,,,
2026-06-12,100.000000,2026-05-15,2026-03-31,7.580000,13.192612,15.318425,1.570238,92.308852,104.211255,116.113658,128.016061,139.918463,,,,,,,,,
2026-06-15,100.500000,2026-05-15,2026-03-31,7.580000,13.258575,15.283310,1.568780,92.064779,103.956132,115.847486,127.738840,139.630194,,,,,,,,,
2026-06-16,101.500000,2026-05-15,2026-03-31,7.580000,13.390501,15.251020,1.567520,91.839129,103.720932,115.602735,127.484538,139.366341,,,,,,,,,
2026-06-17,102.000000,2026-05-15,2026-03-31,7.580000,13.456464,15.219281,1.564952,91.637478,103.499814,115.362150,127.224486,139.086822,,,,,,,,,
2026-06-18,102.000000,2026-05-15,2026-03-31,7.580000,13.456464,15.189268,1.563927,91.425514,103.280083,115.134652,126.989222,138.843791,,,,,,,,,
2026-06-22,100.500000,2026-05-15,2026-03-31,7.580000,13.258575,15.161059,1.567997,91.149990,103.035409,114.920829,126.806248,138.691668,,,,,,,,,
2026-06-23,99.300000,2026-05-15,2026-03-31,7.580000,13.100264,15.130380,1.572031,90.856291,102.772286,114.688280,126.604275,138.520270,,,,,,,,,
2026-06-24,98.600000,2026-05-15,2026-03-31,7.580000,13.007916,15.097780,1.575168,90.561622,102.501398,114.441174,126.380950,138.320726,,,,,,,,,
2026-06-25,99.000000,2026-05-15,2026-03-31,7.580000,13.060686,15.065620,1.577049,90.289335,102.243368,114.197401,126.151434,138.105467,,,,,,,,,
2026-06-26,97.200000,2026-05-15,2026-03-31,7.580000,12.823219,15.028604,1.577118,90.007707,101.962262,113.916816,125.871371,137.825925,,,,,,,,,
2026-06-29,98.100000,2026-05-15,2026-03-31,7.580000,12.941953,14.992577,1.574975,89.767116,101.705424,113.643732,125.582039,137.520347,,,,,,,,,
2026-06-30,99.000000,2026-05-15,2026-03-31,7.580000,13.060686,14.958690,1.572407,89.549181,101.468026,113.386872,125.305717,137.224562,,,,,,,,,
2026-07-01,99.900000,2026-05-15,2026-03-31,7.580000,13.179420,14.926944,1.569526,89.352218,101.249227,113.146236,125.043245,136.940255,,,,,,,,,
2026-07-02,101.000000,2026-05-15,2026-03-31,7.580000,13.324538,14.893530,1.560502,89.235750,101.064353,112.892956,124.721559,136.550161,,,,,,,,,
2026-07-03,103.500000,2026-05-15,2026-03-31,7.580000,13.654354,14.865741,1.552544,89.145751,100.914036,112.682320,124.450605,136.218890,,,,,,,,,
2026-07-06,103.500000,2026-05-15,2026-03-31,7.580000,13.654354,14.837378,1.543220,89.072114,100.769718,112.467323,124.164927,135.862532,,,,,,,,,
2026-07-07,99.400000,2026-05-15,2026-03-31,7.580000,13.113456,14.800478,1.530909,88.979039,100.583331,112.187622,123.791913,135.396205,,,,,,,,,
2026-07-08,99.700000,2026-05-15,2026-03-31,7.580000,13.153034,14.768512,1.524865,88.828370,100.386845,111.945320,123.503795,135.062270,,,,,,,,,
2026-07-09,100.500000,2026-05-15,2026-03-31,7.580000,13.258575,14.735699,1.514517,88.736519,100.216558,111.696598,123.176637,134.656676,,,,,,,,,
2026-07-13,99.700000,2026-05-15,2026-03-31,7.580000,13.153034,14.699704,1.500189,88.680888,100.052324,111.423759,122.795195,134.166630,,,,,,,,,
2026-07-14,97.500000,2026-05-15,2026-03-31,7.580000,12.862797,14.665895,1.495443,88.496577,99.832032,111.167486,122.502941,133.838395,,,,,,,,,
2026-07-15,99.200000,2026-05-15,2026-03-31,7.580000,13.087071,14.632229,1.485008,88.399566,99.655929,110.912293,122.168656,133.425020,,,,,,,,,
2026-07-16,99.900000,2026-05-15,2026-03-31,7.580000,13.179420,14.600483,1.474889,88.312344,99.492001,110.671657,121.851314,133.030971,,,,,,,,,
2026-07-17,97.800000,2026-05-15,2026-03-31,7.580000,12.902375,14.564126,1.462370,88.226544,99.311308,110.396073,121.480837,132.565601,,,,,,,,,
2026-07-20,99.600000,2026-05-15,2026-03-31,7.580000,13.139842,14.528597,1.444493,88.228247,99.177505,110.126763,121.076021,132.025280,,,,,,,,,
2026-07-21,100.000000,2026-05-15,2026-03-31,7.580000,13.192612,14.494659,1.427398,88.230157,99.049834,109.869512,120.689190,131.508867,,,,,,,,,
2026-07-22,100.000000,2026-05-15,2026-03-31,7.580000,13.192612,14.463022,1.413655,88.198697,98.914203,109.629710,120.345216,131.060723,,,,,,,,,
2026-07-23,99.300000,2026-05-15,2026-03-31,7.580000,13.100264,14.429466,1.397588,88.187920,98.781635,109.375350,119.969065,130.562780,,,,,,,,,
2026-07-24,98.600000,2026-05-15,2026-03-31,7.580000,13.007916,14.396290,1.383500,88.150016,98.636949,109.123881,119.610814,130.097746,,,,,,,,,
2026-07-27,98.800000,2026-05-15,2026-03-31,7.580000,13.034301,14.366213,1.373429,88.074708,98.485299,108.895891,119.306482,129.717074,,,,,,,,,
2026-07-28,97.400000,2026-05-15,2026-03-31,7.580000,12.849604,14.333444,1.362175,87.996940,98.322224,108.647509,118.972794,129.298079,,,,,,,,,
2026-07-29,93.200000,2026-05-15,2026-03-31,7.580000,12.295515,14.296635,1.357013,87.796176,98.082333,108.368490,118.654647,128.940804,,,,,,,,,
2026-07-30,94.000000,2026-05-15,2026-03-31,7.580000,12.401055,14.257827,1.343906,87.700713,97.887519,108.074326,118.261132,128.447938,,,,,,,,,
2026-07-31,94.900000,2026-05-15,2026-03-31,7.580000,12.519789,14.221159,1.330624,87.624124,97.710255,107.796386,117.882517,127.968648,,,,,,,,,
2026-08-03,96.000000,2026-05-15,2026-03-31,7.580000,12.664908,14.186852,1.317053,87.569820,97.553079,107.536337,117.519596,127.502855,,,,,,,,,
2026-08-04,97.000000,2026-05-15,2026-03-31,7.580000,12.796834,14.155371,1.304590,87.520126,97.408918,107.297709,117.186501,127.075293,,,,,,,,,
2026-08-05,98.400000,2026-05-15,2026-03-31,7.580000,12.981530,14.129457,1.296675,87.443687,97.272486,107.101285,116.930084,126.758883,,,,,,,,,
2026-08-06,99.600000,2026-05-15,2026-03-31,7.580000,13.139842,14.106589,1.289651,87.376830,97.152389,106.927947,116.703505,126.479063,,,,,,,,,
2026-08-07,99.500000,2026-05-15,2026-03-31,7.580000,13.126649,14.081885,1.279671,87.340874,97.040781,106.740688,116.440596,126.140503,,,,,,,,,
2026-08-10,98.600000,2026-05-15,2026-03-31,7.580000,13.007916,14.056767,1.270819,87.284678,96.917485,106.550292,116.183100,125.815907,,,,,,,,,
2026-08-11,101.500000,2026-05-15,2026-03-31,7.580000,13.390501,14.036563,1.261873,87.267153,96.832152,106.397150,115.962148,125.527147,,,,,,,,,
2026-08-12,100.500000,2026-05-15,2026-03-31,7.580000,13.258575,14.016412,1.254748,87.222420,96.733410,106.244399,115.755389,125.266378,,,,,,,,,
2026-08-13,101.000000,2026-05-15,2026-03-31,7.580000,13.324538,13.995083,1.244446,87.216919,96.649824,106.082728,115.515632,124.948537,,,,,,,,,
2026-08-14,100.000000,2026-08-14,2026-06-30,6.880000,14.534884,13.982114,1.230449,79.265961,87.731452,96.196943,104.662435,113.127926,,,,,,,,,
2026-08-17,100.000000,2026-08-14,2026-06-30,6.880000,14.534884,13.970871,1.219037,79.345652,87.732624,96.119595,104.506567,112.893538,,,,,,,,,
2026-08-18,100.500000,2026-08-14,2026-06-30,6.880000,14.607558,13.959659,1.206778,79.437189,87.739822,96.042454,104.345087,112.647720,,,,,,,,,
2026-08-19,101.000000,2026-08-14,2026-06-30,6.880000,14.680233,13.949052,1.194643,79.531194,87.750337,95.969480,104.188623,112.407766,,,,,,,,,
2026-08-20,100.000000,2026-08-14,2026-06-30,6.880000,14.534884,13.936659,1.180588,79.639328,87.761770,95.884213,104.006656,112.129099,,,,,,,,,
2026-08-21,100.500000,2026-08-14,2026-06-30,6.880000,14.607558,13.915087,1.143600,79.999862,87.867832,95.735802,103.603771,111.471741,,,,,,,,,
2026-08-24,99.800000,2026-08-14,2026-06-30,6.880000,14.505814,13.891517,1.100887,80.425430,87.999534,95.573638,103.147741,110.721845,,,,,,,,,
2026-08-25,96.800000,2026-08-14,2026-06-30,6.880000,14.069767,13.870068,1.071497,80.682264,88.054166,95.426069,102.797971,110.169873,,,,,,,,,
2026-08-26,96.500000,2026-08-14,2026-06-30,6.880000,14.026163,13.856313,1.058626,80.764733,88.048083,95.331432,102.614782,109.898132,,,,,,,,,
2026-08-27,96.500000,2026-08-14,2026-06-30,6.880000,14.026163,13.836803,1.033228,80.979982,88.088591,95.197201,102.305811,109.414421,,,,,,,,,
2026-08-28,96.600000,2026-08-14,2026-06-30,6.880000,14.040698,13.819140,1.011055,81.163569,88.119626,95.075682,102.031738,108.987794,,,,,,,,,
2026-08-31,97.000000,2026-08-14,2026-06-30,6.880000,14.098837,13.807141,0.998948,81.247609,88.120370,94.993131,101.865892,108.738653,,,,,,,,,
2026-09-01,0.000000,2026-08-14,2026-06-30,6.880000,0.000000,13.673048,1.593085,72.149724,83.110148,94.070571,105.030995,115.991419,,,,,,,,,
2026-09-02,97.000000,2026-08-14,2026-06-30,6.880000,14.098837,13.654143,1.574191,72.279636,83.110072,93.940507,104.770942,115.601378,,,,,,,,,
2026-09-03,97.000000,2026-08-14,2026-06-30,6.880000,14.098837,13.635239,1.554836,72.415896,83.113169,93.810442,104.507715,115.204988,,,,,,,,,
2026-09-04,96.300000,2026-08-14,2026-06-30,6.880000,13.997093,13.616637,1.536789,72.536248,83.109356,93.682464,104.255572,114.828680,,,,,,,,,
2026-09-07,97.100000,2026-08-14,2026-06-30,6.880000,14.113372,13.598429,1.517572,72.675394,83.116293,93.557192,103.998091,114.438990,,,,,,,,,
2026-09-08,95.200000,2026-08-14,2026-06-30,6.880000,13.837209,13.577920,1.497272,72.813619,83.114853,93.416087,103.717321,114.018555,,,,,,,,,
2026-09-09,97.100000,2026-08-14,2026-06-30,6.880000,14.113372,13.557985,1.473706,73.000744,83.139840,93.278937,103.418034,113.557130,,,,,,,,,
2026-09-10,95.100000,2026-08-14,2026-06-30,6.880000,13.822674,13.537354,1.452193,73.154830,83.145914,93.136999,103.128083,113.119168,,,,,,,,,
2026-09-11,95.000000,2026-08-14,2026-06-30,6.880000,13.808140,13.518329,1.433286,73.284093,83.145099,93.006105,102.867112,112.728118,,,,,,,,,
2026-09-14,96.600000,2026-08-14,2026-06-30,6.880000,14.040698,13.503544,1.418471,73.386228,83.145306,92.904384,102.663461,112.422539,,,,,,,,,
2026-09-15,99.000000,2026-08-14,2026-06-30,6.880000,14.389535,13.491666,1.404855,73.491852,83.157257,92.822662,102.488066,112.153471,,,,,,,,,
2026-09-16,96.600000,2026-08-14,2026-06-30,6.880000,14.040698,13.474003,1.384195,73.654623,83.177882,92.701142,102.224402,111.747662,,,,,,,,,
2026-09-17,96.100000,2026-08-14,2026-06-30,6.880000,13.968023,13.454008,1.359151,73.861658,83.212618,92.563578,101.914538,111.265498,,,,,,,,,
2026-09-18,97.200000,2026-08-14,2026-06-30,6.880000,14.127907,13.441677,1.346096,73.956448,83.217591,92.478734,101.739878,111.001021,,,,,,,,,
2026-09-21,96.500000,2026-08-14,2026-06-30,6.880000,14.026163,13.432525,1.338271,74.001162,83.208468,92.415774,101.623080,110.830386,,,,,,,,,
2026-09-22,97.000000,2026-08-14,2026-06-30,6.880000,14.098837,13.437878,1.339652,74.018995,83.235799,92.452603,101.669408,110.886212,,,,,,,,,
2026-09-23,96.100000,2026-08-14,2026-06-30,6.880000,13.968023,13.437194,1.339357,74.018338,83.233117,92.447896,101.662675,110.877454,,,,,,,,,
2026-09-24,96.400000,2026-08-14,2026-06-30,6.880000,14.011628,13.438522,1.339851,74.020679,83.238856,92.457034,101.675211,110.893389,,,,,,,,,
2026-09-29,95.900000,2026-08-14,2026-06-30,6.880000,13.938953,13.438146,1.339703,74.020128,83.237285,92.454442,101.671598,110.888755,,,,,,,,,
