# chart-version: skill-stock-dynamic-valuation-box@1.21.0; font: noto-sans-cjk-tc-v1; Updated: 2026-10-06 17:29 CST (1.21.0)
date,close,available_date,period_end,eps,ttm_eps,pe,pe_mean,pe_std,price_m2,price_m1,price_mean,price_p1,price_p2,forward_eps,forward_pe,forward_pe_mean,forward_pe_std,forward_price_m2,forward_price_m1,forward_price_mean,forward_price_p1,forward_price_p2,sma20,sma60,sma120,sma240,bband_mid,bband_upper2,bband_lower2,bband_upper1,bband_lower1
2023-10-06,88.602639,2023-08-14,2023-06-30,1.300000,4.849374,18.270945,18.485348,2.009609,70.151669,79.897015,89.642362,99.387708,109.133055,,,,,,,,,,89.207730,89.301376,88.823717,83.285881,89.207730,91.257154,87.158307,90.232442,88.183019
2023-10-11,88.170431,2023-08-14,2023-06-30,1.300000,4.849374,18.181818,18.486602,2.009371,70.160064,79.904253,89.648442,99.392631,109.136820,,,,,,,,,,89.207730,89.243748,88.848415,83.306805,89.207730,91.257154,87.158307,90.232442,88.183019
2023-10-12,88.602639,2023-08-14,2023-06-30,1.300000,4.849374,18.270945,18.489324,2.008851,70.178307,79.919976,89.661644,99.403313,109.144981,,,,,,,,,,89.250951,89.171713,88.880144,83.329530,89.250951,91.204084,87.297818,90.227518,88.274385
2023-10-13,89.034847,2023-08-14,2023-06-30,1.300000,4.849374,18.360071,18.493516,2.008045,70.206444,79.944206,89.681968,99.419730,109.157493,,,,,,,,,,89.250951,89.128492,88.918906,83.360917,89.250951,91.204084,87.297818,90.227518,88.274385
2023-10-16,88.170431,2023-08-14,2023-06-30,1.300000,4.849374,18.181818,18.498399,2.006556,70.244571,79.975110,89.705649,99.436189,109.166728,,,,,,,,,,89.272562,89.078068,88.960754,83.385271,89.272562,91.163805,87.381319,90.218183,88.326940
2023-10-17,88.170431,2023-08-14,2023-06-30,1.300000,4.849374,18.181818,18.504734,2.004326,70.296915,80.016643,89.736371,99.456099,109.175827,,,,,,,,,,89.272562,89.070865,89.009464,83.401050,89.272562,91.163805,87.381319,90.218183,88.326940
2023-10-18,88.602639,2023-08-14,2023-06-30,1.300000,4.849374,18.270945,18.512538,2.001553,70.361657,80.067936,89.774214,99.480493,109.186771,,,,,,,,,,89.272562,89.034847,89.065205,83.423776,89.272562,91.163805,87.381319,90.218183,88.326940
2023-10-19,89.034847,2023-08-14,2023-06-30,1.300000,4.849374,18.360071,18.520358,1.999087,70.423504,80.117821,89.812139,99.506457,109.200774,,,,,,,,,,89.229341,89.027644,89.121117,83.451732,89.229341,91.099674,87.359008,90.164507,88.294174
2023-10-20,88.170431,2023-08-14,2023-06-30,1.300000,4.849374,18.181818,18.526984,1.996614,70.479614,80.161941,89.844268,99.526595,109.208922,,,,,,,,,,89.186120,89.049254,89.171199,83.476086,89.186120,91.114430,87.257810,90.150275,88.221965
2023-10-23,88.170431,2023-08-14,2023-06-30,1.300000,4.849374,18.181818,18.533464,1.994200,70.534456,80.205075,89.875694,99.546313,109.216932,,,,,,,,,,89.099678,89.070865,89.220594,83.843463,89.099678,91.048276,87.151081,90.073977,88.125380
2023-10-24,88.602639,2023-08-14,2023-06-30,1.300000,4.849374,18.270945,18.540687,1.991643,70.594279,80.252500,89.910721,99.568942,109.227163,,,,,,,,,,89.034847,89.085272,89.273591,83.864473,89.034847,90.957540,87.112154,89.996194,88.073501
2023-10-25,88.170431,2023-08-14,2023-06-30,1.300000,4.849374,18.181818,18.544845,1.990358,70.626905,80.278894,89.930882,99.582870,109.234859,,,,,,,,,,88.948406,89.049254,89.312009,83.897403,88.948406,90.862899,87.033912,89.905653,87.991159
2023-10-26,88.170431,2023-08-14,2023-06-30,1.300000,4.849374,18.181818,18.696360,1.024437,80.729881,85.697758,90.665636,95.633513,100.601390,,,,,,,,,,88.775522,88.948406,90.046763,83.935479,88.775522,90.243557,87.307488,89.509540,88.041505
2023-10-27,89.034847,2023-08-14,2023-06-30,1.300000,4.849374,18.360071,18.702003,1.020666,80.793821,85.743410,90.693000,95.642589,100.592179,,,,,,,,,,88.689081,88.919592,90.092385,83.963435,88.689081,89.831736,87.546426,89.260408,88.117754
2023-10-30,89.034847,2023-08-14,2023-06-30,1.300000,4.849374,18.360071,18.709097,1.015246,80.880791,85.804098,90.727405,95.650712,100.574019,,,,,,,,,,88.645860,88.876371,90.144867,83.989676,88.645860,89.653153,87.638567,89.149507,88.142214
2023-10-31,89.034847,2023-08-14,2023-06-30,1.300000,4.849374,18.360071,18.717499,1.008067,80.991162,85.879654,90.768146,95.656637,100.545129,,,,,,,,,,88.602639,88.854761,90.203524,84.360655,88.602639,89.444000,87.761279,89.023320,88.181959
2023-11-01,88.602639,2023-08-14,2023-06-30,1.300000,4.849374,18.270945,18.725302,1.000869,81.098809,85.952399,90.805989,95.659579,100.513168,,,,,,,,,,88.559418,88.833150,90.259265,84.392985,88.559418,89.296110,87.822727,88.927764,88.191073
2023-11-02,89.034847,2023-08-14,2023-06-30,1.300000,4.849374,18.360071,18.733994,0.993036,81.216937,86.032538,90.848138,95.663738,100.479339,,,,,,,,,,88.559418,88.818743,90.319294,84.427459,88.559418,89.296110,87.822727,88.927764,88.191073
2023-11-03,89.034847,2023-08-14,2023-06-30,1.300000,4.849374,18.360071,18.743557,0.983743,81.353437,86.123974,90.894511,95.665048,100.435585,,,,,,,,,,88.581029,88.804336,90.383439,84.798437,88.581029,89.347801,87.814256,88.964415,88.197643
2023-11-06,88.602639,2023-08-14,2023-06-30,1.300000,4.849374,18.270945,18.750925,0.976782,81.456683,86.193463,90.930242,95.667022,100.403802,,,,,,,,,,88.602639,88.789929,90.437122,84.831453,88.602639,89.344650,87.860629,88.973644,88.231634
2023-11-07,88.602639,2023-08-14,2023-06-30,1.300000,4.849374,18.270945,18.761387,0.964685,81.624739,86.302859,90.980979,95.659099,100.337219,,,,,,,,,,88.602639,88.782726,90.494921,84.858294,88.602639,89.344650,87.860629,88.973644,88.231634
2023-11-08,89.034847,2023-08-14,2023-06-30,1.300000,4.849374,18.360071,18.772450,0.952225,81.799235,86.416930,91.034625,95.652320,100.270015,,,,,,,,,,88.645860,88.797133,90.555636,84.886251,88.645860,89.382551,87.909169,89.014206,88.277514
2023-11-09,89.467055,2023-08-14,2023-06-30,1.300000,4.849374,18.449198,18.783969,0.939698,81.976593,86.533539,91.090486,95.647432,100.204378,,,,,,,,,,88.689081,88.840354,90.618581,84.917723,88.689081,89.511532,87.866630,89.100307,88.277855
2023-11-10,89.034847,2023-08-14,2023-06-30,1.300000,4.849374,18.360071,18.794603,0.927440,82.147047,86.644549,91.142052,95.639554,100.137056,,,,,,,,,,88.689081,88.869168,90.677238,85.288702,88.689081,89.511532,87.866630,89.100307,88.277855
2023-11-13,91.195887,2023-08-14,2023-06-30,1.300000,4.849374,18.805704,18.808378,0.915040,82.334108,86.771481,91.208854,95.646226,100.083599,,,,,,,,,,88.840354,88.897981,90.751159,85.322232,88.840354,90.199180,87.481528,89.519767,88.160941
2023-11-14,91.195887,2023-11-14,2023-09-30,1.070000,4.391233,20.767717,18.838503,0.919569,74.648177,78.686220,82.724262,86.762305,90.800347,,,,,,,,,,88.991626,88.941202,90.825080,85.361594,88.991626,90.672009,87.311244,89.831818,88.151435
2023-11-15,92.060303,2023-11-14,2023-09-30,1.070000,4.391233,20.964567,18.868840,0.929190,74.696900,78.777188,82.857477,86.937766,91.018054,,,,,,,,,,89.164510,89.013237,90.899345,85.378145,89.164510,91.320539,87.008480,90.242525,88.086495
2023-11-16,91.628095,2023-11-14,2023-09-30,1.070000,4.391233,20.866142,18.897642,0.937120,74.753724,78.868838,82.983952,87.099065,91.214179,,,,,,,,,,89.294172,89.078068,90.966577,85.391180,89.294172,91.713237,86.875108,90.503704,88.084640
2023-11-17,91.628095,2023-11-14,2023-09-30,1.070000,4.391233,20.866142,18.925728,0.945223,74.805902,78.956595,83.107288,87.257981,91.408674,,,,,,,,,,89.467055,89.164510,91.030379,85.416220,89.467055,92.037455,86.896656,90.752255,88.181856
2023-11-20,92.924719,2023-11-14,2023-09-30,1.070000,4.391233,21.161417,18.941982,0.966694,74.688700,78.933680,83.178661,87.423642,91.668623,,,,,,,,,,89.704770,89.243748,91.036382,85.432942,89.704770,92.625731,86.783808,91.165250,88.244289
2023-11-21,93.789135,2023-11-14,2023-09-30,1.070000,4.391233,21.358268,18.947012,0.977712,74.614020,78.907384,83.200748,87.494111,91.787475,,,,,,,,,,89.964094,89.344596,90.987844,85.463557,89.964094,93.356018,86.572171,91.660056,88.268133
2023-11-22,94.653551,2023-11-14,2023-09-30,1.070000,4.391233,21.555118,18.959399,1.001178,74.462333,78.858739,83.255144,87.651550,92.047955,,,,,,,,,,90.288250,89.459852,90.973952,85.504634,90.288250,94.163181,86.413320,92.225716,88.350785
2023-11-23,93.789135,2023-11-14,2023-09-30,1.070000,4.391233,21.358268,18.975864,1.024176,74.332650,78.830047,83.327445,87.824842,92.322239,,,,,,,,,,90.569186,89.560700,90.980298,85.530104,90.569186,94.608837,86.529534,92.589011,88.549360
2023-11-24,93.356927,2023-11-14,2023-09-30,1.070000,4.391233,21.259843,18.997941,1.044587,74.250341,78.837365,83.424389,88.011412,92.598436,,,,,,,,,,90.785290,89.654345,91.013914,85.919091,90.785290,94.940122,86.630457,92.862706,88.707873
2023-11-27,92.060303,2023-11-14,2023-09-30,1.070000,4.391233,20.964567,19.017557,1.059252,74.207686,78.859107,83.510527,88.161948,92.813369,,,,,,,,,,90.936562,89.719177,91.036725,85.942502,90.936562,95.043077,86.830048,92.989820,88.883305
2023-11-28,98.543423,2023-11-14,2023-09-30,1.070000,4.391233,22.440945,19.048047,1.104126,73.947464,78.795940,83.644416,88.492891,93.341367,,,,,,,,,,91.411991,89.841636,91.106701,85.989496,91.411991,96.640025,86.183957,94.026008,88.797974
2023-11-29,97.246799,2023-11-14,2023-09-30,1.070000,4.391233,22.145669,19.079649,1.137833,73.790208,78.786699,83.783190,88.779682,93.776173,,,,,,,,,,91.844199,89.935281,91.183024,86.031087,91.844199,97.505612,86.182787,94.674905,89.013493
2023-11-30,97.246799,2023-11-14,2023-09-30,1.070000,4.391233,22.145669,19.109108,1.170870,73.629424,78.770987,83.912550,89.054113,94.195676,,,,,,,,,,92.254797,90.057740,91.249056,86.077824,92.254797,98.240198,86.269396,95.247497,89.262096
2023-12-01,97.679007,2023-11-14,2023-09-30,1.070000,4.391233,22.244094,19.134384,1.205319,73.437867,78.730705,84.023543,89.316381,94.609218,,,,,,,,,,92.687005,90.194605,91.294678,86.124647,92.687005,98.935993,86.438017,95.811499,89.562511
2023-12-04,97.246799,2023-11-14,2023-09-30,1.070000,4.391233,22.145669,19.153122,1.234404,73.264718,78.685272,84.105827,89.526381,94.946935,,,,,,,,,,93.119213,90.324268,91.309256,86.169668,93.119213,99.374491,86.863935,96.246852,89.991574
2023-12-05,96.382383,2023-11-14,2023-09-30,1.070000,4.391233,21.948819,19.172364,1.259789,73.126266,78.658294,84.190322,89.722350,95.254378,,,,,,,,,,93.508200,90.439523,91.326922,86.207658,93.508200,99.544634,87.471767,96.526417,90.489983
2023-12-06,96.814591,2023-11-14,2023-09-30,1.070000,4.391233,22.047244,19.190282,1.285218,72.981623,78.625314,84.269004,89.912695,95.556386,,,,,,,,,,93.897187,90.583593,91.337898,86.252594,93.897187,99.718711,88.075664,96.807949,90.986426
2023-12-07,95.950175,2023-11-14,2023-09-30,1.070000,4.391233,21.850394,19.193695,1.291772,72.939050,78.611521,84.283992,89.956463,95.628934,,,,,,,,,,94.221343,90.720458,91.279928,86.297358,94.221343,99.717089,88.725598,96.969216,91.473471
2023-12-08,95.950175,2023-11-14,2023-09-30,1.070000,4.391233,21.850394,19.194249,1.292906,72.931520,78.608973,84.286426,89.963879,95.641332,,,,,,,,,,94.567110,90.835714,91.208236,86.336978,94.567110,99.533593,89.600626,97.050352,92.083868
2023-12-11,93.356927,2023-11-14,2023-09-30,1.070000,4.391233,21.259843,19.194885,1.293911,72.925486,78.607352,84.289219,89.971085,95.652951,,,,,,,,,,94.675162,90.929359,91.138946,86.370937,94.675162,99.421999,89.928324,97.048580,92.301743
2023-12-12,92.924719,2023-11-14,2023-09-30,1.070000,4.391233,21.161417,19.193272,1.291313,72.941221,78.611677,84.282132,89.952588,95.623043,,,,,,,,,,94.761603,91.008597,91.059193,86.404810,94.761603,99.300058,90.223148,97.030831,92.492376
2023-12-13,92.924719,2023-11-14,2023-09-30,1.070000,4.391233,21.161417,19.195946,1.295080,72.919881,78.606879,84.293877,89.980874,95.667872,,,,,,,,,,94.804824,91.080632,91.000022,86.791996,94.804824,99.250478,90.359170,97.027651,92.581997
2023-12-14,92.924719,2023-11-14,2023-09-30,1.070000,4.391233,21.161417,19.198621,1.298830,72.898686,78.602153,84.305621,90.009089,95.712556,,,,,,,,,,94.869655,91.131056,90.940850,86.827585,94.869655,99.155184,90.584126,97.012420,92.726891
2023-12-15,91.628095,2023-11-14,2023-09-30,1.070000,4.391233,20.866142,19.198120,1.298170,72.902286,78.602854,84.303422,90.003989,95.704557,,,,,,,,,,94.869655,91.174277,90.867443,86.862916,94.869655,99.155184,90.584126,97.012420,92.726891
2023-12-18,92.924719,2023-11-14,2023-09-30,1.070000,4.391233,21.161417,19.205797,1.307078,72.857766,78.597450,84.337135,90.076819,95.816503,,,,,,,,,,94.869655,91.224701,90.832284,86.901935,94.869655,99.155184,90.584126,97.012420,92.726891
2023-12-19,92.060303,2023-11-14,2023-09-30,1.070000,4.391233,20.964567,19.209690,1.311645,72.834752,78.594491,84.354229,90.113967,95.873705,,,,,,,,,,94.783214,91.260718,90.779630,86.935637,94.783214,99.227319,90.339108,97.005266,92.561161
2023-12-20,92.060303,2023-11-14,2023-09-30,1.070000,4.391233,20.964567,19.220015,1.320586,72.801567,78.600568,84.399569,90.198570,95.997570,,,,,,,,,,94.653551,91.296736,90.757848,86.976199,94.653551,99.261874,90.045229,96.957713,92.349390
2023-12-21,92.924719,2023-11-14,2023-09-30,1.070000,4.391233,21.161417,19.229836,1.330651,72.756297,78.599497,84.442697,90.285897,96.129096,,,,,,,,,,94.610330,91.318346,90.732979,87.015218,94.610330,99.268731,89.951930,96.939531,92.281130
2023-12-22,93.356927,2023-11-14,2023-09-30,1.070000,4.391233,21.259843,19.241193,1.342159,72.705099,78.598832,84.492565,90.386298,96.280032,,,,,,,,,,94.610330,91.361567,90.715142,87.061183,94.610330,99.268731,89.951930,96.939531,92.281130
2023-12-25,93.356927,2023-11-14,2023-09-30,1.070000,4.391233,21.259843,19.248976,1.351179,72.660054,78.593398,84.526741,90.460085,96.393429,,,,,,,,,,94.675162,91.419195,90.680153,87.107148,94.675162,99.218813,90.131511,96.946987,92.403336
2023-12-26,92.492511,2023-11-14,2023-09-30,1.070000,4.391233,21.062992,19.252974,1.355862,72.636482,78.590391,84.544299,90.498207,96.452116,,,,,,,,,,94.372616,91.462416,90.627671,87.149511,94.372616,98.628447,90.116785,96.500532,92.244700
2023-12-27,92.924719,2023-11-14,2023-09-30,1.070000,4.391233,21.161417,19.257078,1.360920,72.610084,78.586202,84.562320,90.538438,96.514556,,,,,,,,,,94.156512,91.520043,90.575360,87.200193,94.156512,98.232990,90.080035,96.194751,92.118273
2023-12-28,92.924719,2023-11-14,2023-09-30,1.070000,4.391233,21.161417,19.264040,1.368550,72.573648,78.583271,84.592895,90.602518,96.612141,,,,,,,,,,93.940408,91.584874,90.536770,87.587379,93.940408,97.778372,90.102444,95.859390,92.021426
2023-12-29,93.789135,2023-11-14,2023-09-30,1.070000,4.391233,21.358268,19.279933,1.381751,72.527501,78.595093,84.662684,90.730276,96.797868,,,,,,,,,,93.745914,91.671316,90.540372,87.642006,93.745914,97.156627,90.335202,95.451271,92.040558
2024-01-02,95.085759,2023-11-14,2023-09-30,1.070000,4.391233,21.653543,19.301289,1.398507,72.474122,78.615291,84.756460,90.897629,97.038798,,,,,,,,,,93.637862,91.786572,90.569186,87.698604,93.637862,96.700783,90.574942,95.169323,92.106402
2024-01-03,94.221343,2023-11-14,2023-09-30,1.070000,4.391233,21.456693,19.321004,1.412125,72.441092,78.642062,84.843033,91.044003,97.244974,,,,,,,,,,93.529810,91.880217,90.590796,87.748171,93.529810,96.325920,90.733701,94.927865,92.131756
2024-01-04,95.085759,2023-11-14,2023-09-30,1.070000,4.391233,21.653543,19.342359,1.427905,72.396280,78.666545,84.936809,91.207073,97.477337,,,,,,,,,,93.443369,91.995472,90.619610,87.804770,93.443369,95.897939,90.988799,94.670654,92.216084
2024-01-05,96.382383,2023-11-14,2023-09-30,1.070000,4.391233,21.948819,19.363923,1.447595,72.318052,78.674778,85.031504,91.388230,97.744956,,,,,,,,,,93.464979,92.125134,90.648424,87.870201,93.464979,96.018108,90.911850,94.741544,92.188415
2024-01-08,97.246799,2023-11-14,2023-09-30,1.070000,4.391233,22.145669,19.389380,1.469448,72.237913,78.690601,85.143289,91.595977,98.048665,,,,,,,,,,93.529810,92.262000,90.695246,87.938891,93.529810,96.395382,90.664239,94.962596,92.097025
2024-01-09,97.246799,2023-11-14,2023-09-30,1.070000,4.391233,22.145669,19.415587,1.490355,72.169379,78.713874,85.258369,91.802864,98.347359,,,,,,,,,,93.724304,92.413273,90.745671,88.001750,93.724304,97.034072,90.414536,95.379188,92.069420
2024-01-10,96.814591,2023-11-14,2023-09-30,1.070000,4.391233,22.047244,19.445476,1.506914,72.155197,78.772408,85.389619,92.006830,98.624041,,,,,,,,,,93.918798,92.557342,90.814104,88.065552,93.918798,97.478460,90.359136,95.698629,92.138967
2024-01-11,96.814591,2023-11-14,2023-09-30,1.070000,4.391233,22.047244,19.471613,1.524658,72.114132,78.809263,85.504393,92.199523,98.894653,,,,,,,,,,94.113291,92.694208,90.864528,88.468946,94.113291,97.864194,90.362388,95.988743,92.237840
2024-01-12,96.382383,2023-11-14,2023-09-30,1.070000,4.391233,21.948819,19.499181,1.539345,72.106208,78.865829,85.625450,92.385071,99.144692,,,,,,,,,,94.286174,92.816667,90.922156,88.530948,94.286174,98.124138,90.448210,96.205156,92.367192
2024-01-15,96.382383,2023-11-14,2023-09-30,1.070000,4.391233,21.948819,19.531251,1.550009,72.153379,78.959830,85.766280,92.572731,99.379181,,,,,,,,,,94.523889,92.953533,91.001394,88.589862,94.523889,98.256135,90.791643,96.390012,92.657766
2024-01-16,95.950175,2023-11-14,2023-09-30,1.070000,4.391233,21.850394,19.562502,1.558696,72.214311,79.058910,85.903508,92.748106,99.592705,,,,,,,,,,94.675162,93.083196,91.077030,88.644917,94.675162,98.379645,90.970679,96.527403,92.822920
2024-01-17,96.814591,2023-11-14,2023-09-30,1.070000,4.391233,22.047244,19.593892,1.570544,72.248095,79.144722,86.041349,92.937975,99.834602,,,,,,,,,,94.912876,93.220061,91.152666,88.703574,94.912876,98.519732,91.306021,96.716304,93.109448
2024-01-18,103.729919,2023-11-14,2023-09-30,1.070000,4.391233,23.622047,19.633902,1.611312,72.065754,79.141400,86.217045,93.292691,100.368337,,,,,,,,,,95.496357,93.479386,91.264320,88.792759,95.496357,100.617803,90.374910,98.057080,92.935634
2024-01-19,103.729919,2023-11-14,2023-09-30,1.070000,4.391233,23.622047,19.667159,1.651929,71.855077,79.109080,86.363084,93.617088,100.871092,,,,,,,,,,96.036617,93.738711,91.343558,88.881945,96.036617,102.191279,89.881955,99.113948,92.959286
2024-01-22,101.568879,2023-11-14,2023-09-30,1.070000,4.391233,23.129921,19.702319,1.680350,71.759858,79.138667,86.517477,93.896286,101.275096,,,,,,,,,,96.447214,93.947612,91.433602,88.962470,96.447214,102.935792,89.958637,99.691503,93.202926
2024-01-23,101.136671,2023-11-14,2023-09-30,1.070000,4.391233,23.031496,19.735157,1.706601,71.673514,79.167596,86.661677,94.155759,101.649840,,,,,,,,,,96.836202,94.149309,91.512840,89.039135,96.836202,103.475759,90.196644,100.155980,93.516423
2024-01-24,105.026543,2023-11-14,2023-09-30,1.070000,4.391233,23.917323,19.777628,1.746602,71.508703,79.178441,86.848179,94.517917,102.187655,,,,,,,,,,97.462903,94.415837,91.635299,89.132008,97.462903,104.714133,90.211673,101.088518,93.837288
2024-01-25,105.890959,2023-11-14,2023-09-30,1.070000,4.391233,24.114173,19.822491,1.788130,71.340985,79.193082,87.045180,94.897277,102.749374,,,,,,,,,,98.111215,94.703976,91.768563,89.230198,98.111215,105.948877,90.273554,102.030046,94.192384
2024-01-26,106.755375,2023-11-14,2023-09-30,1.070000,4.391233,24.311024,19.868993,1.831533,71.164003,79.206693,87.249384,95.292074,103.334764,,,,,,,,,,98.802748,94.999318,91.909030,89.328560,98.802748,107.138402,90.467094,102.970575,94.634921
2024-01-29,106.323167,2023-11-14,2023-09-30,1.070000,4.391233,24.212598,19.914676,1.870847,71.019338,79.234662,87.449986,95.665310,103.880634,,,,,,,,,,99.429450,95.287456,92.045896,89.426836,99.429450,108.057557,90.801342,103.743504,95.115396
2024-01-30,105.026543,2023-11-14,2023-09-30,1.070000,4.391233,23.917323,19.958648,1.902396,70.935352,79.289215,87.643078,95.996942,104.350805,,,,,,,,,,99.926489,95.561188,92.175559,89.517994,99.926489,108.645844,91.207133,104.286167,95.566811
2024-01-31,103.297711,2023-11-14,2023-09-30,1.070000,4.391233,23.523622,20.000090,1.925491,70.914499,79.369779,87.825059,96.280339,104.735620,,,,,,,,,,100.380307,95.806106,92.294416,89.603664,100.380307,108.788654,91.971960,104.584481,96.176134
2024-02-01,102.865503,2023-11-14,2023-09-30,1.070000,4.391233,23.425197,20.042212,1.944735,70.930460,79.470245,88.010029,96.549813,105.089598,,,,,,,,,,100.769294,96.036617,92.416875,89.689248,100.769294,108.860149,92.678439,104.814722,96.723867
2024-02-02,107.187583,2023-11-14,2023-09-30,1.070000,4.391233,24.409449,20.096337,1.975163,70.900901,79.574303,88.247705,96.921107,105.594508,,,,,,,,,,101.309554,96.331959,92.586156,89.791126,101.309554,109.607379,93.011730,105.458467,97.160642
2024-02-05,110.213039,2023-11-14,2023-09-30,1.070000,4.391233,25.098425,20.155461,2.017721,70.786761,79.647046,88.507331,97.367617,106.227902,,,,,,,,,,101.957866,96.684929,92.777048,89.909039,101.957866,110.918786,92.996947,106.438326,97.477406
2024-02-15,119.289407,2023-11-14,2023-09-30,1.070000,4.391233,27.165354,20.228096,2.110532,70.290614,79.558450,88.826287,98.094124,107.361960,,,,,,,,,,103.059997,97.153154,93.025568,90.063056,103.059997,114.625010,91.494984,108.842503,97.277490
2024-02-16,129.662399,2023-11-14,2023-09-30,1.070000,4.391233,29.527559,20.321901,2.267158,69.326969,79.282588,89.238207,99.193826,109.149445,,,,,,,,,,104.702387,97.794263,93.367732,90.260980,104.702387,120.924815,88.479959,112.813601,96.591173
2024-02-19,127.933567,2023-11-14,2023-09-30,1.070000,4.391233,29.133858,20.413911,2.396296,68.596854,79.119549,89.642243,100.164938,110.687632,,,,,,,,,,106.258336,98.392150,93.702694,90.454102,106.258336,125.059763,87.456909,115.659049,96.857622
2024-02-20,125.340319,2023-11-14,2023-09-30,1.070000,4.391233,28.543307,20.500999,2.498932,68.077881,79.051275,90.024669,100.998063,111.971457,,,,,,,,,,107.706233,98.954021,94.016044,90.636075,107.706233,127.725983,87.686482,117.716108,97.696358
2024-02-21,129.662399,2023-11-14,2023-09-30,1.070000,4.391233,29.527559,20.598518,2.619085,67.450871,78.951884,90.452897,101.953909,113.454922,,,,,,,,,,109.370234,99.587926,94.376218,90.836743,109.370234,130.902193,87.838274,120.136213,98.604254
2024-02-22,133.120063,2023-11-14,2023-09-30,1.070000,4.391233,30.314961,20.699627,2.755644,66.695543,78.796218,90.896892,102.997566,115.098241,,,,,,,,,,111.228728,100.257848,94.750798,91.051475,111.228728,134.248612,88.208844,122.738670,99.718786
2024-02-23,131.823439,2023-11-14,2023-09-30,1.070000,4.391233,30.019685,20.799019,2.873403,66.097777,78.715560,91.333344,103.951127,116.568911,,,,,,,,,,112.979170,100.891753,95.118175,91.256002,112.979170,136.697652,89.260688,124.838411,101.119929
2024-02-26,135.713311,2023-11-14,2023-09-30,1.070000,4.391233,30.905512,20.905793,3.006947,65.393799,78.598005,91.802211,105.006417,118.210623,,,,,,,,,,114.578340,101.576083,95.517967,91.473306,114.578340,139.927838,89.228842,127.253089,101.903591
2024-02-27,129.662399,2023-11-14,2023-09-30,1.070000,4.391233,29.527559,21.001083,3.096891,65.022309,78.621482,92.220654,105.819827,119.418999,,,,,,,,,,115.874964,102.173970,95.867335,91.667114,115.874964,141.538995,90.210933,128.706980,103.042948
2024-02-29,125.772527,2023-11-14,2023-09-30,1.070000,4.391233,28.641732,21.088992,3.162664,64.830688,78.718685,92.606682,106.494679,120.382676,,,,,,,,,,117.085146,102.714230,96.184288,91.846429,117.085146,142.185193,91.985099,129.635170,104.535123
2024-03-01,124.475903,2023-11-14,2023-09-30,1.070000,4.391233,28.346457,21.173697,3.219752,64.701282,78.839962,92.978643,107.117323,121.256003,,,,,,,,,,118.252108,103.254490,96.486833,92.018626,118.252108,142.381549,94.122667,130.316828,106.187387
2024-03-04,126.204735,2023-11-14,2023-09-30,1.070000,4.391233,28.740157,21.256484,3.285403,64.488240,78.915210,93.342180,107.769150,122.196120,,,,,,,,,,119.311017,103.715512,96.778574,92.198027,119.311017,142.848200,95.773835,131.079609,107.542426
2024-03-05,121.018239,2023-11-14,2023-09-30,1.070000,4.391233,27.559055,21.328686,3.327994,64.431235,79.045235,93.659235,108.273235,122.887235,,,,,,,,,,120.067381,104.111703,97.023492,92.359247,120.067381,142.745310,97.389453,131.406346,108.728417
2024-03-06,120.153823,2023-11-14,2023-09-30,1.070000,4.391233,27.362205,21.402218,3.363120,64.445645,79.213889,93.982133,108.750377,123.518621,,,,,,,,,,120.737304,104.493487,97.275613,92.510005,120.737304,142.533934,98.940674,131.635619,109.838989
2024-03-07,125.340319,2023-11-14,2023-09-30,1.070000,4.391233,28.543307,21.486336,3.414483,64.363934,79.357724,94.351513,109.345302,124.339091,,,,,,,,,,121.688161,104.954508,97.574557,92.685804,121.688161,142.472922,100.903400,132.080542,111.295781
2024-03-08,121.018239,2023-11-14,2023-09-30,1.070000,4.391233,27.559055,21.562251,3.447501,64.407313,79.546094,94.684875,109.823657,124.962438,,,,,,,,,,122.487746,105.350699,97.837483,92.840164,122.487746,141.748191,103.227302,132.117968,112.857524
2024-03-11,115.399535,2023-11-14,2023-09-30,1.070000,4.391233,26.279528,21.627504,3.462157,64.565140,79.768278,94.971415,110.174553,125.377691,,,,,,,,,,123.092837,105.667652,98.053587,92.974543,123.092837,140.484578,105.701097,131.788708,114.396967
2024-03-12,117.560575,2023-11-14,2023-09-30,1.070000,4.391233,26.771654,21.699086,3.479075,64.730888,80.008318,95.285749,110.563179,125.840609,,,,,,,,,,123.827591,106.013418,98.298505,93.116211,123.827591,138.677072,108.978110,131.252331,116.402851
2024-03-13,112.374079,2023-11-14,2023-09-30,1.070000,4.391233,25.590551,21.761568,3.481090,64.987565,80.273844,95.560122,110.846401,126.132679,,,,,,,,,,124.086916,106.287150,98.503804,93.239699,124.086916,137.854588,110.319244,130.970752,117.203080
2024-03-14,112.374079,2023-11-14,2023-09-30,1.070000,4.391233,25.590551,21.821822,3.484294,65.224021,80.524366,95.824712,111.125057,126.425403,,,,,,,,,,124.194968,106.560882,98.698298,93.364903,124.194968,137.531339,110.858596,130.863153,117.526782
2024-03-15,112.374079,2023-11-14,2023-09-30,1.070000,4.391233,25.590551,21.884304,3.484087,65.500212,80.799649,96.099085,111.398522,126.697959,,,,,,,,,,123.849201,106.877834,98.903597,93.490792,123.849201,138.051552,109.646851,130.950377,116.748026
2024-03-18,115.831743,2023-11-14,2023-09-30,1.070000,4.391233,26.377953,21.952606,3.491224,65.737452,81.068232,96.399012,111.729791,127.060571,,,,,,,,,,123.157669,107.259618,99.134107,93.633832,123.157669,137.514249,108.801088,130.335959,115.979379
2024-03-19,117.560575,2023-11-14,2023-09-30,1.070000,4.391233,26.771654,22.023445,3.502119,65.952844,81.331463,96.710083,112.088703,127.467323,,,,,,,,,,122.639019,107.670215,99.375424,93.781331,122.639019,137.018591,108.259447,129.828805,115.449233
2024-03-20,117.992783,2023-11-14,2023-09-30,1.070000,4.391233,26.870079,22.092876,3.515011,66.144509,81.579741,97.014972,112.450204,127.885435,,,,,,,,,,122.271642,108.088016,99.609536,93.933376,122.271642,136.735816,107.807468,129.503729,115.039555
2024-03-21,116.263951,2023-11-14,2023-09-30,1.070000,4.391233,26.476378,22.160512,3.520663,66.391874,81.851925,97.311977,112.772029,128.232081,,,,,,,,,,121.601720,108.498614,99.836445,94.077188,121.601720,135.864308,107.339132,128.733014,114.470426
2024-03-22,118.424991,2023-11-14,2023-09-30,1.070000,4.391233,26.968504,22.230764,3.531868,66.601952,82.111210,97.620468,113.129726,128.638984,,,,,,,,,,120.866966,108.923619,100.074160,94.224173,120.866966,134.108638,107.625295,127.487802,114.246130
2024-03-25,121.450447,2023-11-14,2023-09-30,1.070000,4.391233,27.657480,22.306756,3.549813,66.778058,82.366114,97.954171,113.542227,129.130283,,,,,,,,,,120.348317,109.413454,100.337086,94.383764,120.348317,132.555218,108.141415,126.451767,114.244866
2024-03-26,119.289407,2023-11-14,2023-09-30,1.070000,4.391233,27.165354,22.378648,3.560196,67.002567,82.636216,98.269865,113.903514,129.537163,,,,,,,,,,119.527121,109.867273,100.582004,94.527491,119.527121,129.360909,109.693333,124.444015,114.610227
2024-03-27,119.721615,2023-11-14,2023-09-30,1.070000,4.391233,27.263780,22.448390,3.573323,67.193524,82.884819,98.576115,114.267410,129.958706,,,,,,,,,,119.030082,110.313888,100.816117,94.676448,119.030082,127.635027,110.425137,123.332555,114.727610
2024-03-28,117.560575,2023-11-14,2023-09-30,1.070000,4.391233,26.771654,22.515515,3.578286,67.444703,83.157791,98.870879,114.583967,130.297055,,,,,,,,,,118.619485,110.717282,101.039424,94.816401,118.619485,126.633173,110.605797,122.626329,114.612641
2024-03-29,119.721615,2023-11-14,2023-09-30,1.070000,4.391233,27.263780,22.588227,3.585434,67.701222,83.445699,99.190175,114.934651,130.679128,,,,,,,,,,118.381770,111.156693,101.287944,94.958498,118.381770,125.932693,110.830847,122.157232,114.606309
2024-04-01,120.586031,2024-03-31,2023-12-31,1.000000,4.123264,29.245283,22.677452,3.616889,63.678351,78.591740,93.505128,108.418517,123.331905,,,,,,,,,,118.100835,111.624919,101.543667,95.102482,118.100835,124.795838,111.405832,121.448337,114.753333
2024-04-02,125.772527,2024-03-31,2023-12-31,1.000000,4.123264,30.503145,22.777902,3.665530,63.691413,78.805361,93.919308,109.033256,124.147204,,,,,,,,,,118.338549,112.172382,101.846213,95.271506,118.338549,125.767129,110.909970,122.052839,114.624260
2024-04-03,124.043695,2024-03-31,2023-12-31,1.000000,4.123264,30.083857,22.875600,3.702839,63.786574,79.054359,94.322144,109.589929,124.857714,,,,,,,,,,118.533043,112.691032,102.137953,95.435042,118.533043,126.355009,110.711078,122.444026,114.622060
2024-04-08,127.501359,2024-03-31,2023-12-31,1.000000,4.123264,30.922432,22.981029,3.750435,63.828784,79.292820,94.756856,110.220892,125.684928,,,,,,,,,,118.641095,113.252902,102.462109,95.611269,118.641095,126.906153,110.376037,122.773624,114.508566
2024-04-09,127.501359,2024-03-31,2023-12-31,1.000000,4.123264,30.922432,23.087201,3.793523,63.911238,79.552934,95.194630,110.836326,126.478022,,,,,,,,,,118.965251,113.793162,102.789867,95.789212,118.965251,128.087001,109.843501,123.526126,114.404376
2024-04-10,127.501359,2024-03-31,2023-12-31,1.000000,4.123264,30.922432,23.192630,3.834132,64.011064,79.820203,95.629342,111.438481,127.247620,,,,,,,,,,119.570342,114.347829,103.114023,95.968870,119.570342,129.282604,109.858080,124.426473,114.714211
2024-04-11,126.204735,2024-03-31,2023-12-31,1.000000,4.123264,30.607966,23.296181,3.865338,64.180690,80.118501,96.056311,111.994121,127.931931,,,,,,,,,,120.002550,114.866479,103.430975,96.139695,120.002550,130.099950,109.905150,125.051250,114.953850
2024-04-12,125.772527,2024-03-31,2023-12-31,1.000000,4.123264,30.503145,23.398116,3.892894,64.373755,80.425185,96.476616,112.528046,128.579477,,,,,,,,,,120.672473,115.356314,103.740724,96.310434,120.672473,130.410312,110.934633,125.541392,115.803553
2024-04-15,124.043695,2024-03-31,2023-12-31,1.000000,4.123264,30.083857,23.495814,3.912458,64.615254,80.747353,96.879451,113.011550,129.143649,,,,,,,,,,121.255953,115.802929,104.032465,96.475685,121.255953,130.271893,112.240014,125.763923,116.747984
2024-04-16,121.882655,2024-03-31,2023-12-31,1.000000,4.123264,29.559748,23.590630,3.920455,64.940261,81.105332,97.270403,113.435475,129.600546,,,,,,,,,,121.731382,116.213527,104.313400,96.637077,121.731382,129.719511,113.743254,125.725446,117.737318
2024-04-17,123.179279,2024-03-31,2023-12-31,1.000000,4.123264,29.874214,23.688067,3.930184,65.261789,81.466974,97.672160,113.877346,130.082532,,,,,,,,,,122.098759,116.652938,104.605140,96.807302,122.098759,129.605805,114.591713,125.852282,118.345236
2024-04-18,122.747071,2024-03-31,2023-12-31,1.000000,4.123264,29.769392,23.783887,3.937164,65.599314,81.833284,98.067253,114.301223,130.535192,,,,,,,,,,122.358084,117.085146,104.889677,96.977441,122.358084,129.557060,115.159107,125.957572,118.758596
2024-04-19,118.857199,2024-03-31,2023-12-31,1.000000,4.123264,28.825996,23.871103,3.931923,66.002148,82.214508,98.426868,114.639228,130.851587,,,,,,,,,,122.401305,117.459727,105.138197,97.129657,122.401305,129.499606,115.303003,125.950455,118.852154
2024-04-22,119.289407,2024-03-31,2023-12-31,1.000000,4.123264,28.930818,23.960678,3.923654,66.439681,82.617945,98.796209,114.974473,131.152737,,,,,,,,,,122.552577,117.841510,105.397522,97.284360,122.552577,129.215785,115.889370,125.884181,119.220974
2024-04-23,121.882655,2024-03-31,2023-12-31,1.000000,4.123264,29.559748,24.055494,3.920307,66.858237,83.022699,99.187161,115.351623,131.516085,,,,,,,,,,122.725461,118.273718,105.678457,97.449525,122.725461,129.111402,116.339520,125.918431,119.532490
2024-04-24,124.043695,2024-03-31,2023-12-31,1.000000,4.123264,30.083857,24.153935,3.922147,67.248960,83.421010,99.593059,115.765108,131.937158,,,,,,,,,,122.855123,118.727537,105.973799,97.623695,122.855123,129.237368,116.472878,126.046245,119.664001
2024-04-25,120.153823,2024-03-31,2023-12-31,1.000000,4.123264,29.140461,24.245257,3.909484,67.729931,83.849768,99.969604,116.089440,132.209276,,,,,,,,,,122.898344,119.001268,106.240327,97.776168,122.898344,129.189981,116.606707,126.044162,119.752525
2024-04-26,120.586031,2024-03-31,2023-12-31,1.000000,4.123264,29.245283,24.337453,3.895719,68.223590,84.286670,100.349750,116.412831,132.475911,,,,,,,,,,122.941565,119.282204,106.510457,98.278610,122.941565,129.152678,116.730452,126.047121,119.836008
2024-04-29,121.450447,2024-03-31,2023-12-31,1.000000,4.123264,29.454927,24.429910,3.884306,68.698932,84.714954,100.730976,116.746997,132.763019,,,,,,,,,,123.136058,119.613563,106.780587,98.436486,123.136058,128.862396,117.409721,125.999227,120.272889
2024-04-30,121.018239,2024-03-31,2023-12-31,1.000000,4.123264,29.350105,24.521494,3.869523,69.198471,85.153535,101.108599,117.063663,133.018727,,,,,,,,,,123.200889,119.944922,107.047116,98.595991,123.200889,128.792229,117.609549,125.996559,120.405219
2024-05-02,119.721615,2024-03-31,2023-12-31,1.000000,4.123264,29.035639,24.610457,3.849344,69.731696,85.603557,101.475417,117.347278,133.219138,,,,,,,,,,123.157669,120.189840,107.302839,98.753181,123.157669,128.846626,117.468711,126.002148,120.313190
2024-05-03,121.018239,2024-03-31,2023-12-31,1.000000,4.123264,29.350105,24.702783,3.828825,70.281591,86.068847,101.856103,117.643359,133.430616,,,,,,,,,,122.919954,120.441962,107.572969,98.916117,122.919954,128.545828,117.294081,125.732891,120.107017
2024-05-06,122.314863,2024-03-31,2023-12-31,1.000000,4.123264,29.664570,24.796987,3.810481,70.821289,86.532910,102.244532,117.956153,133.667775,,,,,,,,,,122.833513,120.701286,107.850302,99.084798,122.833513,128.439779,117.227246,125.636646,120.030379
2024-05-07,121.450447,2024-03-31,2023-12-31,1.000000,4.123264,29.454927,24.889444,3.787517,71.391888,87.008823,102.625757,118.242691,133.859626,,,,,,,,,,122.530967,120.953408,108.120432,99.251936,122.530967,127.713670,117.348264,125.122319,119.939615
2024-05-08,119.721615,2024-03-31,2023-12-31,1.000000,4.123264,29.035639,24.979150,3.756798,72.015099,87.505368,102.995638,118.485907,133.976176,,,,,,,,,,122.141980,121.198326,108.379757,99.408439,122.141980,126.904739,117.379221,124.523359,119.760600
2024-05-09,124.475903,2024-03-31,2023-12-31,1.000000,4.123264,30.188679,25.078465,3.735437,72.600748,88.002943,103.405137,118.807332,134.209527,,,,,,,,,,121.990707,121.551296,108.678701,99.586811,121.990707,126.196342,117.785072,124.093525,119.887890
2024-05-10,121.882655,2024-03-31,2023-12-31,1.000000,4.123264,29.559748,25.171795,3.705963,73.228635,88.509300,103.789964,119.070629,134.351294,,,,,,,,,,121.774603,121.868248,108.952432,99.754034,121.774603,125.483330,118.065876,123.628966,119.920240
2024-05-13,117.992783,2024-03-31,2023-12-31,1.000000,4.123264,28.616352,25.256522,3.666995,73.899334,89.019324,104.139313,119.259303,134.379292,,,,,,,,,,121.385616,122.048335,109.190147,99.904364,121.385616,124.958236,117.812996,123.171926,119.599306
2024-05-14,117.992783,2024-03-31,2023-12-31,1.000000,4.123264,28.616352,25.341991,3.624179,74.604827,89.548276,104.491724,119.435173,134.378622,,,,,,,,,,121.083070,122.177997,109.431463,100.054350,121.083070,124.731932,117.434209,122.907501,119.258639
2024-05-15,115.831743,2024-05-15,2024-03-31,1.190000,3.941737,29.385965,25.430159,3.592387,71.918509,86.078753,100.238998,114.399243,128.559488,,,,,,,,,,120.780525,122.120369,109.636762,100.193960,120.780525,125.093268,116.467781,122.936896,118.624153
2024-05-16,114.535119,2024-05-15,2024-03-31,1.190000,3.941737,29.057018,25.499237,3.581661,72.275352,86.393318,100.511284,114.629249,128.747215,,,,,,,,,,120.348317,121.868248,109.831255,100.328168,120.348317,125.329625,115.367008,122.838971,117.857662
2024-05-17,117.560575,2024-05-15,2024-03-31,1.190000,3.941737,29.824561,25.573070,3.578717,72.589596,86.695956,100.802315,114.908674,129.015034,,,,,,,,,,120.088992,121.695365,110.043758,100.471551,120.088992,125.084491,115.093492,122.586742,117.591242
2024-05-20,116.696159,2024-05-15,2024-03-31,1.190000,3.941737,29.605263,25.645896,3.571038,72.937190,87.013283,101.089376,115.165469,129.241562,,,,,,,,,,119.980940,121.551296,110.252658,100.609618,119.980940,125.178041,114.783839,122.579490,117.382389
2024-05-21,116.696159,2024-05-15,2024-03-31,1.190000,3.941737,29.605263,25.718722,3.561842,73.296750,87.336593,101.376437,115.416280,129.456124,,,,,,,,,,119.851277,121.335192,110.461559,100.745969,119.851277,125.246639,114.455916,122.548958,117.153597
2024-05-22,117.560575,2024-05-15,2024-03-31,1.190000,3.941737,29.824561,25.790915,3.556486,73.623535,87.642269,101.661002,115.679736,129.698470,,,,,,,,,,119.635173,121.075867,110.666858,100.851620,119.635173,125.034178,114.236169,122.334676,116.935671
2024-05-23,116.263951,2024-05-15,2024-03-31,1.190000,3.941737,29.495614,25.858726,3.548828,73.951203,87.939750,101.928296,115.916843,129.905389,,,,,,,,,,119.246186,120.816542,110.854148,100.920996,119.246186,124.424335,114.068038,121.835260,116.657112
2024-05-24,118.424991,2024-05-15,2024-03-31,1.190000,3.941737,30.043860,25.929466,3.546926,74.245036,88.226084,102.207133,116.188181,130.169230,,,,,,,,,,119.159745,120.528403,111.052243,101.013097,119.159745,124.331814,113.987676,121.745779,116.573710
2024-05-27,119.289407,2024-05-15,2024-03-31,1.190000,3.941737,30.263158,26.003673,3.543636,74.563476,88.531557,102.499639,116.467720,130.435802,,,,,,,,,,119.094913,120.355520,111.264745,101.122522,119.094913,124.224033,113.965794,121.659473,116.530354
2024-05-28,119.289407,2024-05-15,2024-03-31,1.190000,3.941737,30.263158,26.078701,3.537660,74.906331,88.850854,102.795378,116.739902,130.684426,,,,,,,,,,118.986861,120.247468,111.480849,101.247382,118.986861,123.996708,113.977015,121.491785,116.481938
2024-05-29,118.857199,2024-05-15,2024-03-31,1.190000,3.941737,30.153509,26.155275,3.525460,75.304343,89.200779,103.097215,116.993651,130.890087,,,,,,,,,,118.878809,120.153823,111.704157,101.370441,118.878809,123.796553,113.961066,121.337681,116.419938
2024-05-30,118.424991,2024-05-15,2024-03-31,1.190000,3.941737,30.043860,26.218633,3.526465,75.546161,89.446557,103.346954,117.247350,131.147746,,,,,,,,,,118.813978,120.024161,111.869836,101.488269,118.813978,123.719111,113.908846,121.266544,116.361412
2024-05-31,118.424991,2024-05-15,2024-03-31,1.190000,3.941737,30.043860,26.284451,3.523513,75.828871,89.717631,103.606392,117.495153,131.383913,,,,,,,,,,118.684316,119.980940,112.046321,101.614673,118.684316,123.479990,113.888642,121.082153,116.286479
2024-06-03,117.128367,2024-05-15,2024-03-31,1.190000,3.941737,29.714912,26.347528,3.516543,76.132449,89.993737,103.855025,117.716313,131.577601,,,,,,,,,,118.424991,119.930516,112.212001,101.730528,118.424991,122.947169,113.902813,120.686080,116.163902
2024-06-04,116.263951,2024-05-15,2024-03-31,1.190000,3.941737,29.495614,26.407958,3.507731,76.440115,90.266668,104.093222,117.919775,131.746328,,,,,,,,,,118.165666,119.779243,112.366876,101.830777,118.165666,122.550081,113.781252,120.357873,115.973459
2024-06-05,117.128367,2024-05-15,2024-03-31,1.190000,3.941737,29.714912,26.471035,3.498485,76.761637,90.551746,104.341855,118.131963,131.922072,,,,,,,,,,118.036004,119.714412,112.532555,101.920906,118.036004,122.379867,113.692141,120.207935,115.864072
2024-06-06,116.696159,2024-05-15,2024-03-31,1.190000,3.941737,29.605263,26.534838,3.485110,77.118579,90.855965,104.593352,118.330739,132.068125,,,,,,,,,,117.647017,119.736022,112.701837,102.014379,117.647017,120.790099,114.503934,119.218558,116.075475
2024-06-07,116.696159,2024-05-15,2024-03-31,1.190000,3.941737,29.605263,26.597822,3.471597,77.473376,91.157496,104.841616,118.525737,132.209857,,,,,,,,,,117.387692,119.721615,112.867517,102.102708,117.387692,119.839055,114.936329,118.613373,116.162010
2024-06-11,115.399535,2024-05-15,2024-03-31,1.190000,3.941737,29.276316,26.659704,3.452393,77.868696,91.477119,105.085542,118.693965,132.302388,,,,,,,,,,117.258029,119.772039,113.029595,102.154761,117.258029,119.845204,114.670855,118.551617,115.964442
2024-06-12,114.967327,2024-05-15,2024-03-31,1.190000,3.941737,29.166667,26.720673,3.431285,78.275422,91.800644,105.325865,118.851086,132.376308,,,,,,,,,,117.106757,119.815260,113.188071,102.198153,117.106757,119.861419,114.352094,118.484088,115.729425
2024-06-13,116.263951,2024-05-15,2024-03-31,1.190000,3.941737,29.495614,26.789305,3.403392,78.765838,92.181115,105.596392,119.011669,132.426946,,,,,,,,,,117.128367,119.880091,113.378963,102.258954,117.128367,119.847465,114.409269,118.487916,115.768818
2024-06-14,116.263951,2024-05-15,2024-03-31,1.190000,3.941737,29.495614,26.858756,3.372477,79.283318,92.576735,105.870152,119.163569,132.456987,,,,,,,,,,117.214809,119.887295,113.573456,102.316325,117.214809,119.685348,114.744269,118.450079,115.979539
2024-06-17,117.992783,2024-05-15,2024-03-31,1.190000,3.941737,29.934211,26.931863,3.342892,79.804721,92.981520,106.158319,119.335118,132.511917,,,,,,,,,,117.236419,119.894498,113.782357,102.391189,117.236419,119.727172,114.745666,118.481796,115.991043
2024-06-18,116.696159,2024-05-15,2024-03-31,1.190000,3.941737,29.605263,27.002228,3.309105,80.348440,93.392060,106.435681,119.479302,132.522923,,,,,,,,,,117.236419,119.872888,113.980452,102.460651,117.236419,119.727172,114.745666,118.481796,115.991043
2024-06-19,116.696159,2024-05-15,2024-03-31,1.190000,3.941737,29.605263,27.075054,3.268848,80.952865,93.837804,106.722742,119.607681,132.492619,,,,,,,,,,117.236419,119.880091,114.189353,102.528398,117.236419,119.727172,114.745666,118.481796,115.991043
2024-06-20,117.128367,2024-05-15,2024-03-31,1.190000,3.941737,29.714912,27.146334,3.231862,81.525409,94.264557,107.003706,119.742854,132.482003,,,,,,,,,,117.214809,119.858481,114.391050,102.611667,117.214809,119.701216,114.728401,118.458012,115.971605
2024-06-21,116.696159,2024-05-15,2024-03-31,1.190000,3.941737,29.605263,27.218339,3.188947,82.147553,94.717543,107.287534,119.857524,132.427514,,,,,,,,,,117.236419,119.779243,114.596349,102.687989,117.236419,119.695391,114.777447,118.465905,116.006933
2024-06-24,115.399535,2024-05-15,2024-03-31,1.190000,3.941737,29.276316,27.287604,3.141892,82.791536,95.176046,107.560556,119.945067,132.329577,,,,,,,,,,117.085146,119.714412,114.790842,102.774345,117.085146,119.607670,114.562623,118.346408,115.823884
2024-06-25,117.560575,2024-05-15,2024-03-31,1.190000,3.941737,29.824561,27.359797,3.099183,83.412796,95.628959,107.845122,120.061284,132.277447,,,,,,,,,,116.998705,119.678394,114.996141,102.864560,116.998705,119.313084,114.684325,118.155894,115.841515
2024-06-26,117.560575,2024-05-15,2024-03-31,1.190000,3.941737,29.824561,27.431170,3.055841,84.035813,96.081133,108.126454,120.171774,132.217095,,,,,,,,,,116.912263,119.678394,115.197838,102.956490,116.912263,118.982687,114.841839,117.947475,115.877051
2024-06-27,117.560575,2024-05-15,2024-03-31,1.190000,3.941737,29.824561,27.502542,3.010169,84.677196,96.542491,108.407786,120.273081,132.138377,,,,,,,,,,116.847432,119.642377,115.399535,103.039844,116.847432,118.734511,114.960352,117.790972,115.903892
2024-06-28,116.696159,2024-05-15,2024-03-31,1.190000,3.941737,29.605263,27.573728,2.957143,85.375821,97.032101,108.688381,120.344661,132.000941,,,,,,,,,,116.760990,119.577546,115.601232,103.114452,116.760990,118.496067,115.025914,117.628528,115.893452
2024-07-01,118.424991,2024-05-15,2024-03-31,1.190000,3.941737,30.043860,27.647748,2.906014,86.070666,97.525408,108.980150,120.434892,131.889634,,,,,,,,,,116.760990,119.455087,115.813734,103.194547,116.760990,118.496067,115.025914,117.628528,115.893452
2024-07-02,117.992783,2024-05-15,2024-03-31,1.190000,3.941737,29.934211,27.720855,2.851299,86.790172,98.029245,109.268317,120.507389,131.746461,,,,,,,,,,116.804211,119.354238,116.022635,103.279702,116.804211,118.619051,114.989371,117.711631,115.896791
2024-07-03,121.018239,2024-05-15,2024-03-31,1.190000,3.941737,30.701754,27.798717,2.803262,87.475790,98.525510,109.575230,120.624950,131.674670,,,,,,,,,,117.041925,119.246186,116.249544,103.394958,117.041925,119.636690,114.447161,118.339307,115.744543
2024-07-04,122.747071,2024-05-15,2024-03-31,1.190000,3.941737,31.140351,27.877774,2.761969,88.112941,98.999896,109.886851,120.773806,131.660760,,,,,,,,,,117.322861,119.166948,116.480055,103.524620,117.322861,120.963090,113.682631,119.142975,115.502746
2024-07-05,124.475903,2024-05-15,2024-03-31,1.190000,3.941737,31.578947,27.962126,2.718444,88.788560,99.503952,110.219345,120.934737,131.650129,,,,,,,,,,117.711848,119.116524,116.732176,103.661486,117.711848,122.539195,112.884501,120.125521,115.298174
2024-07-08,122.077149,2024-05-15,2024-03-31,1.190000,3.941737,30.970395,28.039766,2.669358,89.481572,100.003478,110.525383,121.047288,131.569193,,,,,,,,,,117.980897,119.047731,116.957105,103.788357,117.980897,123.157099,112.804696,120.568998,115.392797
2024-07-09,117.992783,2024-05-15,2024-03-31,1.190000,3.941737,29.934211,28.106311,2.615225,90.170628,100.479157,110.787685,121.096214,131.404743,,,,,,,,,,118.110560,118.918068,117.137191,103.892808,118.110560,123.142406,113.078714,120.626483,115.594637
2024-07-10,118.446601,2024-05-15,2024-03-31,1.190000,3.941737,30.049342,28.172175,2.562848,90.843162,100.945233,111.047304,121.149374,131.251445,,,,,,,,,,118.284523,118.824783,117.313856,104.004551,118.284523,123.094497,113.474550,120.689510,115.879537
2024-07-11,119.354238,2024-05-15,2024-03-31,1.190000,3.941737,30.279605,28.239958,2.509119,91.533915,101.424200,111.314486,121.204771,131.095056,,,,,,,,,,118.439038,118.782643,117.498085,104.121878,118.439038,123.173666,113.704410,120.806352,116.071724
2024-07-12,118.446601,2024-05-15,2024-03-31,1.190000,3.941737,30.049342,28.306642,2.448762,92.272583,101.924960,111.577337,121.229714,130.882091,,,,,,,,,,118.548170,118.703765,117.678352,104.246228,118.548170,123.171001,113.925339,120.859586,116.236755
2024-07-15,116.631328,2024-05-15,2024-03-31,1.190000,3.941737,29.588816,28.369489,2.382651,93.041496,102.433278,111.825061,121.216844,130.608626,,,,,,,,,,118.480098,118.601836,117.843491,104.354009,118.480098,123.176868,113.783327,120.828483,116.131712
2024-07-16,117.085146,2024-05-15,2024-03-31,1.190000,3.941737,29.703947,28.434115,2.311136,93.860021,102.969910,112.079800,121.189690,130.299579,,,,,,,,,,118.499547,118.572302,118.016014,104.469085,118.499547,123.168351,113.830743,120.833949,116.165145
2024-07-17,116.177509,2024-05-15,2024-03-31,1.190000,3.941737,29.473684,28.496822,2.234508,94.711286,103.519131,112.326975,121.134820,129.942664,,,,,,,,,,118.473614,118.520437,118.180974,104.591184,118.473614,123.190112,113.757117,120.831863,116.115365
2024-07-18,113.454599,2024-05-15,2024-03-31,1.190000,3.941737,28.782895,28.554593,2.149217,95.611401,104.083047,112.554693,121.026339,129.497985,,,,,,,,,,118.289926,118.379969,118.326844,104.701937,118.289926,123.488538,113.091314,120.889232,115.690620
2024-07-19,113.454599,2024-05-15,2024-03-31,1.190000,3.941737,28.782895,28.610723,2.064109,96.503592,104.639768,112.775944,120.912120,129.048296,,,,,,,,,,118.127848,118.203484,118.465511,104.809089,118.127848,123.722702,112.532995,120.925275,115.330421
2024-07-22,108.916415,2024-05-15,2024-03-31,1.190000,3.941737,27.631579,28.644136,2.014533,97.026128,104.966888,112.907648,120.848409,128.789169,,,,,,,,,,117.803692,118.016194,118.508731,104.886526,117.803692,124.670724,110.936660,121.237208,114.370176
2024-07-23,110.731689,2024-05-15,2024-03-31,1.190000,3.941737,28.092105,28.681386,1.961520,97.590886,105.322683,113.054480,120.786277,128.518074,,,,,,,,,,117.462248,117.851955,118.567079,104.955319,117.462248,125.024119,109.900376,121.243184,113.681312
2024-07-26,108.462597,2024-05-15,2024-03-31,1.190000,3.941737,27.516447,28.717941,1.897007,98.243560,105.721064,113.198568,120.676072,128.153576,,,,,,,,,,117.007349,117.635491,118.624527,105.029064,117.007349,125.572387,108.442311,121.289868,112.724830
2024-07-29,108.008778,2024-05-15,2024-03-31,1.190000,3.941737,27.401316,28.754356,1.827605,98.934233,106.138170,113.342107,120.546044,127.749981,,,,,,,,,,116.529759,117.418667,118.681795,105.097317,116.529759,125.983979,107.075539,121.256869,111.802649
2024-07-30,109.370234,2024-05-15,2024-03-31,1.190000,3.941737,27.746711,28.786268,1.775115,99.473824,106.470859,113.467894,120.464929,127.461963,,,,,,,,,,116.163463,117.246144,118.717992,105.176645,116.163463,126.143585,106.183341,121.153524,111.173402
2024-07-31,107.554960,2024-05-15,2024-03-31,1.190000,3.941737,27.286184,28.812701,1.727948,99.949854,106.760971,113.572087,120.383204,127.194321,,,,,,,,,,115.619961,117.021756,118.731859,105.250211,115.619961,126.244633,104.995289,120.932297,110.307625
2024-08-01,112.093144,2024-05-15,2024-03-31,1.190000,3.941737,28.437500,28.847088,1.677945,100.479596,107.093615,113.707633,120.321652,126.935670,,,,,,,,,,115.324979,116.851394,118.776340,105.342685,115.324979,125.999743,104.650216,120.662361,109.987597
2024-08-02,0.000000,2024-05-15,2024-03-31,1.190000,3.941737,0.000000,28.645317,3.096264,88.502988,100.707645,112.912302,125.116960,137.321617,,,,,,,,,,109.274067,114.827220,117.890314,104.968105,109.274067,161.742468,56.805666,135.508268,83.039867
2024-08-05,101.655321,2024-05-15,2024-03-31,1.190000,3.941737,25.789474,28.660918,3.076897,88.717165,100.845482,112.973798,125.102115,137.230432,,,,,,,,,,108.219480,114.526115,117.862220,105.018889,108.219480,160.394716,56.044244,134.307098,82.131862
2024-08-06,98.932410,2024-05-15,2024-03-31,1.190000,3.941737,25.098684,28.674043,3.058100,88.917087,100.971312,113.025536,125.079760,137.133984,,,,,,,,,,106.942305,114.100390,117.825843,105.060129,106.942305,158.690821,55.193789,132.816563,81.068047
2024-08-07,107.554960,2024-05-15,2024-03-31,1.190000,3.941737,27.286184,28.706218,3.022515,89.324439,101.238400,113.152361,125.066322,136.980282,,,,,,,,,,106.216196,113.861595,117.864922,105.140898,106.216196,157.475771,54.956620,131.845984,80.586408
2024-08-08,102.562958,2024-05-15,2024-03-31,1.190000,3.941737,26.019737,28.719637,3.006813,89.501127,101.353191,113.205255,125.057319,136.909384,,,,,,,,,,105.444704,113.604431,117.826383,105.206270,105.444704,156.421662,54.467746,130.933183,79.956225
2024-08-09,112.546962,2024-05-15,2024-03-31,1.190000,3.941737,28.552632,28.748422,2.988332,89.760284,101.539501,113.318718,125.097935,136.877153,,,,,,,,,,105.149722,113.513668,117.845832,105.311440,105.149722,155.877564,54.421881,130.513643,79.785802
2024-08-12,110.731689,2024-05-15,2024-03-31,1.190000,3.941737,28.092105,28.756145,2.985402,89.813820,101.581490,113.349160,125.116830,136.884500,,,,,,,,,,104.718595,113.428667,117.774518,105.400043,104.718595,155.083398,54.353791,129.900997,79.536193
2024-08-13,113.454599,2024-05-15,2024-03-31,1.190000,3.941737,28.782895,28.749940,2.984559,89.796007,101.560353,113.324699,125.089046,136.853392,,,,,,,,,,104.468995,113.410658,117.639453,105.503593,104.468995,154.596259,54.341731,129.532627,79.405363
2024-08-14,109.824052,2024-08-14,2024-06-30,1.420000,4.247740,25.854701,28.722613,2.996004,96.553705,109.279952,122.006200,134.732447,147.458695,,,,,,,,,,104.128631,113.281716,117.488540,105.595617,104.128631,153.999970,54.257292,129.064301,79.192961
2024-08-15,114.362236,2024-08-14,2024-06-30,1.420000,4.247740,26.923077,28.709112,3.000467,96.458442,109.203644,121.948847,134.694050,147.439253,,,,,,,,,,103.992486,113.242817,117.397056,105.706550,103.992486,153.729583,54.255388,128.861034,79.123937
2024-08-16,111.185507,2024-08-14,2024-06-30,1.420000,4.247740,26.175214,28.681175,3.008378,96.272564,109.051373,121.830181,134.608990,147.387799,,,,,,,,,,103.742885,113.150973,117.243082,105.809650,103.742885,153.272182,54.213589,128.507534,78.978237
2024-08-19,113.908417,2024-08-14,2024-06-30,1.420000,4.247740,26.816239,28.652019,3.009365,96.140333,108.923333,121.706334,134.489335,147.272336,,,,,,,,,,103.765576,113.090104,117.082985,105.916892,103.765576,153.314018,54.217134,128.539797,78.991355
2024-08-20,113.908417,2024-08-14,2024-06-30,1.420000,4.247740,26.816239,28.625324,3.011339,96.010170,108.801555,121.592939,134.384323,147.175708,,,,,,,,,,103.788267,113.050845,116.933693,106.025934,103.788267,153.355804,54.220731,128.572036,79.004499
2024-08-21,112.093144,2024-08-14,2024-06-30,1.420000,4.247740,26.388889,28.587685,3.010826,95.854650,108.643855,121.433060,134.222266,147.011471,,,,,,,,,,103.947104,112.945314,116.736859,106.127413,103.947104,153.604110,54.290097,128.775607,79.118601
2024-08-22,0.000000,2024-08-14,2024-06-30,1.420000,4.247740,0.000000,28.341622,3.983000,86.550351,103.469100,120.387849,137.306597,154.225346,,,,,,,,,,98.410519,110.957157,115.656339,105.761837,98.410519,166.247058,30.573980,132.328789,64.492250
2024-08-23,112.546962,2024-08-14,2024-06-30,1.420000,4.247740,26.495726,28.323739,3.986457,86.445015,103.378450,120.311885,137.245320,154.178754,,,,,,,,,,98.614738,110.844783,115.546126,105.865207,98.614738,166.603114,30.626361,132.608926,64.620549
2024-08-26,113.454599,2024-08-14,2024-06-30,1.420000,4.247740,26.709402,28.310097,3.989179,86.363944,103.308940,120.253937,137.198933,154.143929,,,,,,,,,,98.887029,110.754740,115.454281,105.970557,98.887029,167.077138,30.696919,132.982083,64.791974
2024-08-27,113.454599,2024-08-14,2024-06-30,1.420000,4.247740,26.709402,28.293174,3.991646,86.271102,103.226577,120.182052,137.137527,154.093003,,,,,,,,,,99.091247,110.671900,115.348030,106.063302,99.091247,167.437833,30.744661,133.264540,64.917954
2024-08-28,113.454599,2024-08-14,2024-06-30,1.420000,4.247740,26.709402,28.286094,3.993712,86.223473,103.187725,120.151976,137.116228,154.080480,,,,,,,,,,99.386229,110.589060,115.285000,106.154246,99.386229,167.937241,30.835216,133.661735,65.110723
2024-08-29,116.631328,2024-08-14,2024-06-30,1.420000,4.247740,27.457265,28.286886,3.993537,86.228328,103.191835,120.155341,137.118848,154.082355,,,,,,,,,,99.613138,110.580776,115.255646,106.265629,99.613138,168.370980,30.855296,133.992059,65.234217
2024-08-30,116.177509,2024-08-14,2024-06-30,1.420000,4.247740,27.350427,28.276945,3.994378,86.178958,103.146037,120.113116,137.080195,154.047273,,,,,,,,,,105.422013,110.579335,115.179289,106.376923,105.422013,155.962325,54.881702,130.692169,80.151858
2024-09-02,114.816054,2024-08-14,2024-06-30,1.420000,4.247740,27.029915,28.272536,3.995469,86.150959,103.122672,120.094385,137.066099,154.037812,,,,,,,,,,106.080050,110.540797,115.127604,106.482544,106.080050,156.756390,55.403710,131.418220,80.741880
2024-09-03,113.454599,2024-08-14,2024-06-30,1.420000,4.247740,26.709402,28.276118,3.993859,86.179849,103.144726,120.109602,137.074479,154.039355,,,,,,,,,,106.806160,110.486771,115.111396,106.582492,106.806160,157.467439,56.144880,132.136799,81.475520
2024-09-04,110.277870,2024-08-14,2024-06-30,1.420000,4.247740,25.961538,28.269367,3.997107,86.123581,103.102254,120.080926,137.059598,154.038270,,,,,,,,,,106.942305,110.379799,115.050707,106.674606,106.942305,157.626687,56.257923,132.284496,81.600114
2024-09-05,114.362236,2024-08-14,2024-06-30,1.420000,4.247740,26.923077,28.280471,3.991449,86.218814,103.173454,120.128094,137.082734,154.037374,,,,,,,,,,107.532269,110.362511,115.067275,106.785540,107.532269,158.276668,56.787870,132.904469,82.160069
2024-09-06,116.631328,2024-08-14,2024-06-30,1.420000,4.247740,27.457265,28.296027,3.984509,86.343851,103.269011,120.194172,137.119333,154.044493,,,,,,,,,,107.736487,110.390244,115.102752,106.900525,107.736487,158.598599,56.874376,133.167543,82.305431
2024-09-09,120.715693,2024-08-14,2024-06-30,1.420000,4.247740,28.418803,28.319596,3.976729,86.510064,103.402175,120.294286,137.186397,154.078508,,,,,,,,,,108.235688,110.464440,115.172266,107.037931,108.235688,159.416560,57.054815,133.826124,82.645251
2024-09-10,123.438604,2024-08-14,2024-06-30,1.420000,4.247740,29.059829,28.341945,3.973260,86.634469,103.511844,120.389219,137.266594,154.143969,,,,,,,,,,108.734888,110.584018,115.235656,107.184882,108.734888,160.323229,57.146546,134.529058,82.940717
2024-09-11,126.615333,2024-08-14,2024-06-30,1.420000,4.247740,29.807692,28.367245,3.972843,86.745479,103.621084,120.496688,137.372292,154.247896,,,,,,,,,,109.574452,110.727727,115.311113,107.343268,109.574452,161.780264,57.368640,135.677358,83.471546
2024-09-12,125.707696,2024-08-14,2024-06-30,1.420000,4.247740,29.594017,28.389945,3.971998,86.849075,103.721092,120.593109,137.465126,154.337144,,,,,,,,,,110.141725,110.877919,115.375403,107.492470,110.141725,162.811091,57.472359,136.476408,83.807042
2024-09-13,123.892422,2024-08-14,2024-06-30,1.420000,4.247740,29.166667,28.412364,3.968698,86.972344,103.830342,120.688340,137.546337,154.404335,,,,,,,,,,110.777071,110.997857,115.438974,107.637710,110.777071,163.804797,57.749344,137.290934,84.263207
2024-09-16,122.530967,2024-08-14,2024-06-30,1.420000,4.247740,28.846154,28.428011,3.966658,87.056136,103.905470,120.754804,137.604139,154.453473,,,,,,,,,,111.208198,111.087900,115.473191,107.773675,111.208198,164.482750,57.933646,137.845474,84.570922
2024-09-18,123.438604,2024-08-14,2024-06-30,1.420000,4.247740,29.059829,28.439697,3.966435,87.107674,103.956059,120.804444,137.652830,154.501215,,,,,,,,,,111.684707,111.200274,115.489758,107.913422,111.684707,165.230744,58.138671,138.457726,84.911689
2024-09-19,127.069151,2024-08-14,2024-06-30,1.420000,4.247740,29.914530,28.462607,3.966952,87.200596,104.051178,120.901759,137.752341,154.602923,,,,,,,,,,112.433508,111.394768,115.554590,108.068297,112.433508,166.420633,58.446383,139.427070,85.439945
2024-09-20,123.892422,2024-08-14,2024-06-30,1.420000,4.247740,29.166667,28.478464,3.965923,87.276698,104.122908,120.969117,137.815327,154.661537,,,,,,,,,,118.628129,111.500299,115.589346,108.202732,118.628129,129.553158,107.703099,124.090644,113.165614
2024-09-23,124.800059,2024-08-14,2024-06-30,1.420000,4.247740,29.380342,28.500203,3.963637,87.388455,104.224957,121.061459,137.897961,154.734463,,,,,,,,,,119.240784,111.620957,115.649675,108.344550,119.240784,130.104024,108.377543,124.672404,113.809163
2024-09-24,123.438604,2024-08-14,2024-06-30,1.420000,4.247740,29.059829,28.515170,3.962320,87.463223,104.294129,121.125036,137.955942,154.786849,,,,,,,,,,119.739984,111.718924,115.680650,108.484297,119.739984,130.399353,109.080614,125.069669,114.410299
2024-09-25,124.800059,2024-08-14,2024-06-30,1.420000,4.247740,29.380342,28.516296,3.962548,87.466064,104.297940,121.129816,137.961693,154.793569,,,,,,,,,,120.307257,111.853989,115.715767,108.629717,120.307257,130.763860,109.850654,125.535558,115.078955
2024-09-26,123.892422,2024-08-14,2024-06-30,1.420000,4.247740,29.166667,28.505159,3.958794,87.450655,104.266581,121.082508,137.898435,154.714361,,,,,,,,,,120.829148,111.945113,115.700100,108.773156,120.829148,130.879701,110.778595,125.854424,115.803872
2024-09-27,122.984785,2024-08-14,2024-06-30,1.420000,4.247740,28.952991,28.495735,3.956349,87.431391,104.236934,121.042478,137.848021,154.653565,,,,,,,,,,121.146821,112.028313,115.691275,108.914614,121.146821,131.039098,111.254544,126.092959,116.200682
2024-09-30,122.530967,2024-08-14,2024-06-30,1.420000,4.247740,28.846154,28.478432,3.950183,87.410283,104.189633,120.968982,137.748331,154.527681,,,,,,,,,,121.464494,112.053525,115.649856,109.055982,121.464494,131.089296,111.839691,126.276895,116.652093
2024-10-01,123.892422,2024-08-14,2024-06-30,1.420000,4.247740,29.166667,28.463801,3.944301,87.398097,104.152465,120.906832,137.661199,154.415566,,,,,,,,,,121.918312,112.072614,115.619781,109.204824,121.918312,131.067358,112.769266,126.492835,117.343789
2024-10-04,0.000000,2024-08-14,2024-06-30,1.420000,4.247740,0.000000,28.206114,4.716785,79.740893,99.776569,119.812245,139.847920,159.883596,,,,,,,,,,116.245582,109.998016,114.557270,108.835646,116.245582,171.584618,60.906547,143.915100,88.576064
2024-10-07,121.623330,2024-08-14,2024-06-30,1.420000,4.247740,28.632479,28.189652,4.711776,79.713516,99.727916,119.742317,139.756717,159.771118,,,,,,,,,,116.812855,109.990452,114.519091,108.975033,116.812855,172.126911,61.498799,144.469883,89.155827
2024-10-08,118.900420,2024-08-14,2024-06-30,1.420000,4.247740,27.991453,28.168721,4.706989,79.665276,99.659342,119.653408,139.647474,159.641540,,,,,,,,,,117.039764,110.005579,114.461824,109.101274,117.039764,172.348725,61.730804,144.694245,89.385284
2024-10-09,116.177509,2024-08-14,2024-06-30,1.420000,4.247740,27.350427,28.145942,4.704256,79.591734,99.574192,119.556651,139.539109,159.521568,,,,,,,,,,117.017073,109.967761,114.396272,109.214369,117.017073,172.327112,61.707035,144.672093,89.362054
2024-10-11,117.538965,2024-08-14,2024-06-30,1.420000,4.247740,27.670940,28.130202,4.702646,79.538557,99.514174,119.489791,139.465408,159.441025,,,,,,,,,,116.858237,109.937507,114.360075,109.336737,116.858237,172.141793,61.574682,144.500015,89.216459
2024-10-14,122.077149,2024-08-14,2024-06-30,1.420000,4.247740,28.739316,28.120745,4.700249,79.518741,99.484180,119.449618,139.415056,159.380495,,,,,,,,,,116.790164,109.998016,114.350890,109.478015,116.790164,172.042948,61.537381,144.416556,89.163773
2024-10-15,119.354238,2024-08-14,2024-06-30,1.420000,4.247740,28.098291,28.106819,4.697799,79.480408,99.435436,119.390465,139.345493,159.300521,,,,,,,,,,116.427110,110.043397,114.322617,109.606147,116.427110,171.503205,61.351014,143.965157,88.889062
2024-10-16,117.992783,2024-08-14,2024-06-30,1.420000,4.247740,27.777778,28.098084,4.697425,79.446480,99.399920,119.353360,139.306800,159.260240,,,,,,,,,,116.041364,110.058525,114.315413,109.726805,116.041364,170.951594,61.131134,143.496479,88.586249
2024-10-17,117.992783,2024-08-14,2024-06-30,1.420000,4.247740,27.777778,28.088475,4.696886,79.410240,99.361392,119.312545,139.263698,159.214850,,,,,,,,,,115.746382,110.088779,114.304608,109.851065,115.746382,170.542294,60.950470,143.144338,88.348426
2024-10-18,117.085146,2024-08-14,2024-06-30,1.420000,4.247740,27.564103,28.071845,4.695166,79.354214,99.298059,119.241903,139.185748,159.129593,,,,,,,,,,115.474091,110.149288,114.264629,109.971543,115.474091,170.182102,60.766080,142.828096,88.120085
2024-10-21,119.354238,2024-08-14,2024-06-30,1.420000,4.247740,28.098291,28.055298,4.691513,79.314962,99.243291,119.171619,139.099947,159.028275,,,,,,,,,,115.269873,110.247616,114.225550,110.099675,115.269873,169.883113,60.656632,142.576493,87.963252
2024-10-22,117.085146,2024-08-14,2024-06-30,1.420000,4.247740,27.564103,28.042162,4.690656,79.266445,99.191132,119.115819,139.040506,158.965193,,,,,,,,,,114.770672,110.383761,114.199978,110.220153,114.770672,169.111637,60.429708,141.941155,87.600190
2024-10-23,122.530967,2024-08-14,2024-06-30,1.420000,4.247740,28.846154,28.038836,4.689937,79.258423,99.180057,119.101691,139.023324,158.944958,,,,,,,,,,114.702600,110.580416,114.216186,110.363321,114.702600,168.998844,60.406356,141.850722,87.554478
2024-10-24,124.346241,2024-08-14,2024-06-30,1.420000,4.247740,29.273504,28.037324,4.689506,79.255664,99.175466,119.095269,139.015071,158.934873,,,,,,,,,,114.679909,110.845143,114.240317,110.510452,114.679909,168.958762,60.401056,141.819335,87.540482
2024-10-25,123.892422,2024-08-14,2024-06-30,1.420000,4.247740,29.166667,28.035796,4.689104,79.252583,99.170679,119.088775,139.006872,158.924968,,,,,,,,,,114.702600,111.109871,114.264269,110.655692,114.702600,168.997247,60.407953,141.849923,87.555276
2024-10-28,128.884425,2024-08-14,2024-06-30,1.420000,4.247740,30.341880,28.046681,4.692959,79.266070,99.200542,119.135013,139.069485,159.003957,,,,,,,,,,114.906818,111.435107,114.340625,110.821732,114.906818,169.391770,60.421866,142.149294,87.664342
2024-10-29,126.161514,2024-08-14,2024-06-30,1.420000,4.247740,29.700855,28.049604,4.693887,79.270604,99.209016,119.147429,139.085842,159.024255,,,,,,,,,,115.020273,111.745216,114.383486,110.978227,115.020273,169.593386,60.447159,142.306829,87.733716
2024-10-30,125.253877,2024-08-14,2024-06-30,1.420000,4.247740,29.487179,28.048126,4.693402,79.268444,99.204797,119.141150,139.077503,159.013856,,,,,,,,,,115.133727,111.964562,114.407978,111.129140,115.133727,169.785935,60.481519,142.459831,87.807623
2024-11-01,125.253877,2024-08-14,2024-06-30,1.420000,4.247740,29.487179,28.048394,4.693484,79.268888,99.205590,119.142292,139.078993,159.015695,,,,,,,,,,115.269873,114.052127,114.439673,111.280053,115.269873,170.013160,60.526585,142.641516,87.898229
2024-11-04,125.707696,2024-08-14,2024-06-30,1.420000,4.247740,29.594017,28.053047,4.694748,79.277918,99.219988,119.162057,139.104126,159.046196,,,,,,,,,,115.360636,114.453000,114.489557,111.434657,115.360636,170.170097,60.551176,142.765367,87.955906
2024-11-05,126.615333,2024-08-14,2024-06-30,1.420000,4.247740,29.807692,28.049873,4.693420,79.275712,99.212142,119.148571,139.085000,159.021430,,,,,,,,,,121.691403,114.914382,114.507386,111.593043,121.691403,129.456173,113.926633,125.573788,117.809018
2024-11-06,123.892422,2024-08-14,2024-06-30,1.420000,4.247740,29.166667,28.046597,4.692495,79.269661,99.202159,119.134657,139.067154,158.999652,,,,,,,,,,121.804858,115.186673,114.524134,111.738283,121.804858,129.631503,113.978213,125.718180,117.891535
2024-11-07,123.892422,2024-08-14,2024-06-30,1.420000,4.247740,29.166667,28.051183,4.693325,79.282087,99.218112,119.154137,139.090161,159.026186,,,,,,,,,,122.054458,115.542164,114.573297,111.881722,122.054458,129.809170,114.299745,125.931814,118.177102
2024-11-08,123.438604,2024-08-14,2024-06-30,1.420000,4.247740,29.059829,28.054878,4.693948,79.292490,99.231162,119.169835,139.108507,159.047180,,,,,,,,,,122.417512,115.723691,114.618679,112.025071,122.417512,129.677860,115.157165,126.047686,118.787338
2024-11-11,122.530967,2024-08-14,2024-06-30,1.420000,4.247740,28.846154,28.050380,4.692920,79.282113,99.216420,119.150727,139.085033,159.019340,,,,,,,,,,122.667113,115.920346,114.674506,112.155634,122.667113,129.554962,115.779263,126.111037,119.223188
2024-11-12,120.715693,2024-08-14,2024-06-30,1.420000,4.247740,28.418803,28.045062,4.692132,79.266223,99.197179,119.128135,139.059091,158.990047,,,,,,,,,,122.599040,116.041364,114.726011,112.278633,122.599040,129.538159,115.659921,126.068599,119.129480
2024-11-13,121.623330,2024-08-14,2024-06-30,1.420000,4.247740,28.632479,28.035128,4.689594,79.245587,99.165763,119.085938,139.006114,158.926289,,,,,,,,,,122.712494,116.238019,114.759867,112.401812,122.712494,129.500795,115.924194,126.106645,119.318344
2024-11-14,122.984785,2024-11-14,2024-09-30,1.740000,4.855857,25.327103,27.999476,4.693817,90.376444,113.168946,135.961448,158.753950,181.546452,,,,,,,,,,122.962094,116.381728,114.812272,112.532465,122.962094,129.376508,116.547681,126.169301,119.754888
2024-11-15,121.623330,2024-11-14,2024-09-30,1.740000,4.855857,25.046729,27.961488,4.699155,90.140137,112.958561,135.776985,158.595409,181.413833,,,,,,,,,,123.143622,116.555691,114.853332,112.657445,123.143622,129.158980,117.128264,126.151301,120.135943
2024-11-18,117.992783,2024-11-14,2024-09-30,1.740000,4.855857,24.299065,27.915443,4.707809,89.832497,112.692945,135.553393,158.413841,181.274289,,,,,,,,,,123.189004,116.623764,114.856934,112.761896,123.189004,129.022868,117.355140,126.105936,120.272072
2024-11-19,121.169512,2024-11-14,2024-09-30,1.740000,4.855857,24.953271,27.877590,4.713255,89.595798,112.482692,135.369585,158.256478,181.143372,,,,,,,,,,123.279767,116.744782,114.897814,112.875981,123.279767,128.915546,117.643989,126.097657,120.461878
2024-11-20,117.085146,2024-11-14,2024-09-30,1.740000,4.855857,24.112150,27.828159,4.721443,89.276252,112.202904,135.129556,158.056207,180.982859,,,,,,,,,,123.279767,116.827982,114.886648,112.969446,123.279767,128.915546,117.643989,126.097657,120.461878
2024-11-21,118.446601,2024-11-14,2024-09-30,1.740000,4.855857,24.392523,27.779237,4.726413,88.990432,111.941215,134.891998,157.842780,180.793563,,,,,,,,,,123.075549,118.802093,114.879625,113.072185,123.075549,129.107642,117.043456,126.091596,120.059503
2024-11-22,120.261875,2024-11-14,2024-09-30,1.740000,4.855857,24.766355,27.733430,4.728773,88.745078,111.707322,134.669567,157.631811,180.594056,,,,,,,,,,122.871331,118.930674,114.887729,113.184289,122.871331,128.998100,116.744561,125.934716,119.807946
2024-11-25,117.992783,2024-11-14,2024-09-30,1.740000,4.855857,24.299065,27.684643,4.733793,88.459425,111.446044,134.432664,157.419284,180.405903,,,,,,,,,,122.576349,119.006311,114.880525,113.292341,122.576349,129.054157,116.098540,125.815253,119.337445
2024-11-26,117.085146,2024-11-14,2024-09-30,1.740000,4.855857,24.112150,27.635212,4.739916,88.159924,111.176279,134.192635,157.208990,180.225345,,,,,,,,,,121.986385,119.066820,114.869360,113.369598,121.986385,128.188589,115.784181,125.087487,118.885283
2024-11-27,114.362236,2024-11-14,2024-09-30,1.740000,4.855857,23.551402,27.581108,4.749237,87.806687,110.868301,133.929914,156.991528,180.053141,,,,,,,,,,121.396421,119.081947,114.835504,113.440912,121.396421,128.146932,114.645910,124.771677,118.021166
2024-11-28,115.269873,2024-11-14,2024-09-30,1.740000,4.855857,23.738318,27.531303,4.758002,87.479719,110.583894,133.688068,156.792243,179.896418,,,,,,,,,,120.897221,119.059256,114.820016,113.516009,120.897221,127.917871,113.876571,124.407546,117.386896
2024-11-29,116.177509,2024-11-14,2024-09-30,1.740000,4.855857,23.925234,27.484884,4.765843,87.178160,110.320410,133.462660,156.604910,179.747160,,,,,,,,,,120.443402,119.059256,114.819296,113.593086,120.443402,127.451690,113.435115,123.947546,116.939259
2024-12-02,117.085146,2024-11-14,2024-09-30,1.740000,4.855857,24.112150,27.438194,4.771253,86.898894,110.067418,133.235942,156.404466,179.572989,,,,,,,,,,120.012275,119.097074,114.818936,113.675746,120.012275,126.711044,113.313506,123.361659,116.662891
2024-12-03,117.085146,2024-11-14,2024-09-30,1.740000,4.855857,24.112150,27.392418,4.776635,86.624345,109.819003,133.013660,156.208318,179.402976,,,,,,,,,,119.535766,119.157584,114.822177,113.762007,119.535766,125.580783,113.490748,122.558274,116.513257
2024-12-04,118.900420,2024-11-14,2024-09-30,1.740000,4.855857,24.485981,27.349757,4.779566,86.388733,109.597620,132.806506,156.015393,179.224280,,,,,,,,,,119.286165,119.301293,114.840546,113.854031,119.286165,124.975543,113.596788,122.130854,116.441477
2024-12-05,118.446601,2024-11-14,2024-09-30,1.740000,4.855857,24.392523,27.309059,4.783814,86.149849,109.379365,132.608881,155.838397,179.067914,,,,,,,,,,119.013874,119.369366,114.865938,113.947766,119.013874,124.280597,113.747152,121.647236,116.380513
2024-12-06,117.085146,2024-11-14,2024-09-30,1.740000,4.855857,24.112150,27.266938,4.789569,85.889422,109.146885,132.404348,155.661811,178.919274,,,,,,,,,,118.696202,119.376929,114.883587,114.035829,118.696202,123.592617,113.799787,121.144409,116.247994
2024-12-09,128.430606,2024-11-14,2024-09-30,1.740000,4.855857,26.448598,27.241546,4.785730,85.803408,109.042229,132.281049,155.519869,178.758689,,,,,,,,,,118.991184,119.505511,114.984976,114.181969,118.991184,125.352143,112.630224,122.171663,115.810704
2024-12-10,126.161514,2024-11-14,2024-09-30,1.740000,4.855857,25.981308,27.212260,4.782572,85.691868,108.915354,132.138841,155.362327,178.585814,,,,,,,,,,119.263475,119.550893,115.067455,114.320456,119.263475,126.359069,112.167880,122.811272,115.715677
2024-12-11,122.077149,2024-11-14,2024-09-30,1.740000,4.855857,25.140187,27.172310,4.779666,85.526100,108.735474,131.944848,155.154223,178.363597,,,,,,,,,,119.286165,119.475256,115.101492,114.441924,119.286165,126.416353,112.155978,122.851259,115.721072
2024-12-12,117.992783,2024-11-14,2024-09-30,1.740000,4.855857,24.299065,27.128092,4.781513,85.293443,108.511787,131.730131,154.948474,178.166818,,,,,,,,,,119.036565,119.346675,115.112297,114.546374,119.036565,125.968339,112.104792,122.502452,115.570679
2024-12-13,115.269873,2024-11-14,2024-09-30,1.740000,4.855857,23.738318,27.079201,4.785964,85.012810,108.252766,131.492722,154.732678,177.972634,,,,,,,,,,118.718892,119.202965,115.100411,114.644882,118.718892,125.733364,111.704421,122.226128,115.211657
2024-12-16,115.269873,2024-11-14,2024-09-30,1.740000,4.855857,23.738318,27.029396,4.789401,84.737581,107.994228,131.250876,154.507524,177.764172,,,,,,,,,,118.582747,119.081947,115.084924,114.737987,118.582747,125.760360,111.405134,122.171554,114.993940
2024-12-17,116.177509,2024-11-14,2024-09-30,1.740000,4.855857,23.925234,26.982062,4.791797,84.484466,107.752749,131.021031,154.289314,177.557596,,,,,,,,,,118.333147,118.960929,115.080602,114.838475,118.333147,125.479128,111.187166,121.906137,114.760156
2024-12-18,116.177509,2024-11-14,2024-09-30,1.740000,4.855857,23.925234,26.937470,4.795165,84.235226,107.519862,130.804497,154.089132,177.373768,,,,,,,,,,118.287765,118.779402,115.087085,114.938963,118.287765,125.478505,111.097025,121.883135,114.692395
2024-12-19,116.177509,2024-11-14,2024-09-30,1.740000,4.855857,23.925234,26.888309,4.795558,83.992693,107.279235,130.565778,153.852320,177.138863,,,,,,,,,,118.174310,118.650820,115.075559,115.035850,118.174310,125.425844,110.922776,121.800077,114.548543
2024-12-20,116.177509,2024-11-14,2024-09-30,1.740000,4.855857,23.925234,26.839148,4.795442,83.755095,107.041077,130.327059,153.613041,176.899023,,,,,,,,,,117.970092,118.507111,115.064034,115.130936,117.970092,125.204116,110.736068,121.587104,114.353080
2024-12-23,118.446601,2024-11-14,2024-09-30,1.740000,4.855857,24.392523,26.793881,4.792662,83.562290,106.834769,130.107249,153.379729,176.652208,,,,,,,,,,117.992783,118.423911,115.071417,115.235476,117.992783,125.229953,110.755613,121.611368,114.374198
2024-12-24,118.446601,2024-11-14,2024-09-30,1.740000,4.855857,24.392523,26.750441,4.790589,83.371484,106.633898,129.896313,153.158727,176.421142,,,,,,,,,,118.060856,118.318020,115.086004,115.343618,118.060856,125.287684,110.834028,121.674270,114.447442
2024-12-25,118.900420,2024-11-14,2024-09-30,1.740000,4.855857,24.485981,26.704126,4.785345,83.197514,106.434462,129.671411,152.908359,176.145307,,,,,,,,,,118.287765,118.234820,115.089966,115.451850,118.287765,125.307643,111.267887,121.797704,114.777826
2024-12-26,122.077149,2024-11-14,2024-09-30,1.740000,4.855857,25.140187,26.664175,4.778158,83.073318,106.275368,129.477418,152.679468,175.881518,,,,,,,,,,118.628129,118.219692,115.124002,115.573319,118.628129,125.691877,111.564380,122.160003,115.096255
2024-12-27,133.876427,2024-11-14,2024-09-30,1.740000,4.855857,27.570093,26.638078,4.764453,83.079694,106.215194,129.350694,152.486194,175.621694,,,,,,,,,,119.513075,118.408783,115.231154,115.740349,119.513075,129.223092,109.803058,124.368083,114.658066
2024-12-30,147.037160,2024-11-14,2024-09-30,1.740000,4.855857,30.280374,26.630912,4.758266,83.104974,106.210434,129.315895,152.421355,175.526815,,,,,,,,,,121.010675,118.794529,115.433571,115.956813,121.010675,136.602005,105.419346,128.806340,113.215011
2024-12-31,151.575344,2024-11-14,2024-09-30,1.740000,4.855857,31.214953,26.627878,4.755201,83.120018,106.210592,129.301166,152.391739,175.482313,,,,,,,,,,122.735185,121.320785,115.659400,116.195788,122.735185,143.326373,102.143997,133.030779,112.439591
2025-01-02,151.575344,2024-11-14,2024-09-30,1.740000,4.855857,31.214953,26.629916,4.757129,83.111183,106.211122,129.311062,152.411001,175.510941,,,,,,,,,,124.368932,121.819985,115.905218,116.431162,124.368932,148.550929,100.186934,136.459930,112.277933
2025-01-03,145.221887,2024-11-14,2024-09-30,1.740000,4.855857,29.906542,26.629686,4.756969,83.111625,106.210784,129.309942,152.409101,175.508259,,,,,,,,,,125.707696,122.258676,116.132128,116.634659,125.707696,151.425102,99.990290,138.566399,112.848993
2025-01-06,147.944797,2024-11-14,2024-09-30,1.740000,4.855857,30.467290,26.633169,4.759646,83.102539,106.214697,129.326855,152.439012,175.551170,,,,,,,,,,127.250678,122.788131,116.377946,116.845901,127.250678,154.450148,100.051208,140.850413,113.650943
2025-01-07,142.045158,2024-11-14,2024-09-30,1.740000,4.855857,29.252336,26.624608,4.753953,83.116260,106.200773,129.285286,152.369799,175.454312,,,,,,,,,,127.931406,123.196567,116.567037,117.032561,127.931406,155.925088,99.937724,141.928247,113.934565
2025-01-08,140.683703,2024-11-14,2024-09-30,1.740000,4.855857,28.971963,26.615630,4.748445,83.126155,106.183922,129.241689,152.299456,175.357223,,,,,,,,,,128.657515,123.506677,116.752346,117.215349,128.657515,157.205770,100.109261,142.931643,114.383388
2025-01-09,135.237882,2024-11-14,2024-09-30,1.740000,4.855857,27.850467,26.601144,4.741945,83.118933,106.145139,129.171346,152.197552,175.223759,,,,,,,,,,129.315552,123.771404,116.907401,117.375446,129.315552,157.831857,100.799247,143.573704,115.057400
2025-01-10,133.422609,2024-11-14,2024-09-30,1.740000,4.855857,27.476636,26.582583,4.734051,83.105474,106.093345,129.081217,152.069088,175.056960,,,,,,,,,,130.087043,124.028568,117.043546,117.529780,130.087043,158.144736,102.029350,144.115890,116.058197
2025-01-13,128.430606,2024-11-14,2024-09-30,1.740000,4.855857,26.448598,26.557374,4.726574,83.055668,106.007237,128.958805,151.910373,174.861942,,,,,,,,,,130.745080,124.202531,117.145655,117.663314,130.745080,157.943753,103.546407,144.344416,117.145743
2025-01-14,129.792061,2024-11-14,2024-09-30,1.740000,4.855857,26.728972,26.540258,4.722164,83.015384,105.945538,128.875692,151.805846,174.736000,,,,,,,,,,131.471189,124.414313,117.281801,117.804322,131.471189,157.688013,105.254366,144.579601,118.362778
2025-01-15,132.514972,2024-11-14,2024-09-30,1.740000,4.855857,27.289720,26.527815,4.718171,82.993746,105.904508,128.815270,151.726032,174.636794,,,,,,,,,,132.288063,124.633659,117.440637,117.953074,132.288063,157.497191,107.078934,144.892627,119.683498
2025-01-16,142.498976,2024-11-14,2024-09-30,1.740000,4.855857,29.345794,26.542100,4.724132,83.005219,105.944928,128.884637,151.824345,174.764054,,,,,,,,,,133.604136,125.057223,117.720492,118.114612,133.604136,158.007318,109.200954,145.805727,121.402545
2025-01-17,140.683703,2024-11-14,2024-09-30,1.740000,4.855857,28.971963,26.549432,4.727240,83.010642,105.965441,128.920240,151.875040,174.829839,,,,,,,,,,134.829446,125.359768,117.970092,118.268586,134.829446,157.977040,111.681851,146.403243,123.255648
2025-01-20,140.229884,2024-11-14,2024-09-30,1.740000,4.855857,28.878505,26.560782,4.731215,83.027155,106.001256,128.975357,151.949458,174.923559,,,,,,,,,,136.032064,125.624496,118.234820,118.429673,136.032064,157.540678,114.523451,146.786371,125.277758
2025-01-21,148.398616,2024-11-14,2024-09-30,1.740000,4.855857,30.560748,26.587111,4.744703,83.024007,106.063606,129.103205,152.142804,175.182403,,,,,,,,,,137.529665,126.032932,118.571402,118.626598,137.529665,158.030110,117.029220,147.779887,127.279443
2025-01-22,144.768068,2024-11-14,2024-09-30,1.740000,4.855857,29.813084,26.604331,4.752690,83.030058,106.108440,129.186821,152.265203,175.343585,,,,,,,,,,138.845738,126.297660,118.866383,118.792188,138.845738,157.482794,120.208683,148.164266,129.527211
2025-02-03,136.145519,2024-11-14,2024-09-30,1.740000,4.855857,28.037383,26.610591,4.754090,83.046857,106.132038,129.217219,152.302400,175.387581,,,,,,,,,,139.707993,126.464060,119.104638,118.918248,139.707993,155.894213,123.521774,147.801103,131.614884
2025-02-04,137.960792,2024-11-14,2024-09-30,1.740000,4.855857,28.411215,26.610372,4.754006,83.046612,106.131384,129.216155,152.300927,175.385699,,,,,,,,,,140.502176,126.675842,119.320202,119.048271,140.502176,154.449909,126.554442,147.476042,133.528309
2025-02-05,143.860432,2024-11-14,2024-09-30,1.740000,4.855857,29.626168,26.857256,4.082281,90.769051,110.592022,130.414992,150.237963,170.060934,,,,,,,,,,141.001376,126.985951,120.519039,119.204676,141.001376,154.662345,127.340406,147.831860,134.170891
2025-02-06,144.768068,2024-11-14,2024-09-30,1.740000,4.855857,29.813084,26.890787,4.089954,90.857351,110.717581,130.577810,150.438039,170.298268,,,,,,,,,,140.887921,127.303624,120.878312,119.370266,140.887921,154.374403,127.401439,147.631162,134.144680
2025-02-07,146.129524,2024-11-14,2024-09-30,1.740000,4.855857,30.093458,26.932410,4.096972,90.991307,110.885616,130.779926,150.674235,170.568544,,,,,,,,,,140.615630,127.628860,121.271621,119.548732,140.615630,153.394933,127.836327,147.005281,134.225979
2025-02-10,149.306252,2024-11-14,2024-09-30,1.740000,4.855857,30.747664,26.961255,4.111643,90.988896,110.954446,130.919996,150.885546,170.851096,,,,,,,,,,140.502176,128.052424,121.619548,119.742235,140.502176,152.906584,128.097767,146.704380,134.299971
2025-02-11,151.575344,2024-11-14,2024-09-30,1.740000,4.855857,31.214953,27.004549,4.128961,91.030935,111.080579,131.130223,151.179867,171.229511,,,,,,,,,,140.819848,128.513806,122.027985,119.927184,140.819848,154.032286,127.607410,147.426067,134.213629
2025-02-12,152.936800,2024-11-14,2024-09-30,1.740000,4.855857,31.495327,27.029071,4.146932,90.975484,111.112392,131.249300,151.386209,171.523117,,,,,,,,,,141.069448,129.005443,122.364567,120.105200,141.069448,155.016794,127.122103,148.043121,134.095776
2025-02-13,164.282259,2024-11-14,2024-09-30,1.740000,4.855857,33.831776,27.076902,4.192150,90.768597,111.125078,131.481559,151.838040,172.194521,,,,,,,,,,142.181304,129.701298,122.810822,120.292670,142.181304,159.575605,124.787002,150.878454,133.484153
2025-02-14,162.013167,2024-11-14,2024-09-30,1.740000,4.855857,33.364486,27.115082,4.228524,90.600745,111.133850,131.666955,152.200060,172.733165,,,,,,,,,,143.247777,130.389589,123.215476,120.427465,143.247777,162.743962,123.751591,152.995870,133.499684
2025-02-17,160.651712,2024-11-14,2024-09-30,1.740000,4.855857,33.084112,27.175327,4.261785,90.570264,111.264881,131.959497,152.654113,173.348729,,,,,,,,,,144.518468,131.040062,123.639040,120.563790,144.518468,165.099125,123.937811,154.808797,134.228140
2025-02-18,163.374623,2024-11-14,2024-09-30,1.740000,4.855857,33.644860,27.231342,4.302422,90.447611,111.339554,132.231497,153.123440,174.015383,,,,,,,,,,146.016069,131.713226,124.047477,120.722267,146.016069,167.534759,124.497379,156.775414,135.256724
2025-02-19,165.643715,2024-11-14,2024-09-30,1.740000,4.855857,34.112150,27.297483,4.346827,90.337526,111.445097,132.552669,153.660240,174.767812,,,,,,,,,,147.876724,132.446899,124.501295,120.872189,147.876724,169.428434,126.325015,158.652579,137.100870
2025-02-20,168.820443,2024-11-14,2024-09-30,1.740000,4.855857,34.766355,27.363734,4.399694,90.145803,111.510089,132.874374,154.238659,175.602945,,,,,,,,,,149.828144,133.294027,124.958895,121.020940,149.828144,171.552180,128.104107,160.690162,138.966125
2025-02-21,163.374623,2024-11-14,2024-09-30,1.740000,4.855857,33.644860,27.420639,4.436559,90.064103,111.607400,133.150697,154.693995,176.237292,,,,,,,,,,151.371126,133.997445,125.371114,121.152404,151.371126,172.286146,130.456106,161.828636,140.913616
2025-02-24,161.105531,2024-11-14,2024-09-30,1.740000,4.855857,33.177570,27.477211,4.466474,90.048285,111.736845,133.425404,155.113964,176.802524,,,,,,,,,,152.301454,134.731118,125.779550,121.258205,152.301454,173.210098,131.392810,162.755776,141.847132
2025-02-25,158.836439,2024-11-14,2024-09-30,1.740000,4.855857,32.710280,27.749797,3.709458,98.723849,116.736445,134.749041,152.761638,170.774234,,,,,,,,,,153.209091,135.404282,127.103187,121.379763,153.209091,173.562918,132.855263,163.386004,143.032177
2025-02-26,155.659710,2024-11-14,2024-09-30,1.740000,4.855857,32.056075,27.796133,3.728341,98.765460,116.869752,134.974044,153.078335,171.182627,,,,,,,,,,153.980582,135.994246,127.462460,121.504293,153.980582,173.411776,134.549388,163.696179,144.264985
2025-02-27,152.482981,2024-11-14,2024-09-30,1.740000,4.855857,31.401869,27.835237,3.741433,98.828205,116.996066,135.163927,153.331787,171.499648,,,,,,,,,,154.184800,136.569083,127.787697,121.620989,154.184800,173.454160,134.915441,163.819480,144.550120
2025-03-03,149.760071,2024-11-14,2024-09-30,1.740000,4.855857,30.841121,27.869668,3.749986,98.912324,117.121721,135.331119,153.540516,171.749913,,,,,,,,,,154.434400,137.113665,128.090242,121.719136,154.434400,173.315588,135.553213,163.874994,144.993806
2025-03-04,151.121526,2024-11-14,2024-09-30,1.740000,4.855857,31.121495,27.906436,3.760131,98.992344,117.251000,135.509656,153.768312,172.026968,,,,,,,,,,155.183201,137.726320,128.404133,121.844567,155.183201,172.095665,138.270737,163.639433,146.726969
2025-03-05,156.113528,2024-11-14,2024-09-30,1.740000,4.855857,32.149533,27.945538,3.779767,98.991516,117.345524,135.699531,154.053538,172.407545,,,,,,,,,,156.090837,138.407047,128.733152,121.994399,156.090837,170.933361,141.248314,163.512099,148.669576
2025-03-06,153.390618,2024-11-14,2024-09-30,1.740000,4.855857,31.588785,27.980857,3.793935,99.025426,117.448232,135.871038,154.293844,172.716650,,,,,,,,,,156.567347,139.027266,129.043261,122.111275,156.567347,170.329190,142.805503,163.448268,149.686425
2025-03-07,150.667708,2024-11-14,2024-09-30,1.740000,4.855857,31.028037,28.014175,3.803058,99.098609,117.565717,136.032824,154.499931,172.967038,,,,,,,,,,156.862329,139.586975,129.342025,122.234814,156.862329,169.786700,143.937957,163.324514,150.400143
2025-03-10,152.029163,2024-11-14,2024-09-30,1.740000,4.855857,31.308411,28.052500,3.812959,99.188555,117.703740,136.218925,154.734110,173.249295,,,,,,,,,,157.157311,140.169375,129.663479,122.387438,157.157311,169.295664,145.018958,163.226487,151.088134
2025-03-11,160.651712,2024-11-14,2024-09-30,1.740000,4.855857,33.084112,28.111855,3.835507,99.257796,117.882470,136.507143,155.131817,173.756491,,,,,,,,,,157.724584,140.865230,130.083261,122.566984,157.724584,169.368411,146.080756,163.546497,151.902670
2025-03-12,157.021165,2024-11-14,2024-09-30,1.740000,4.855857,32.336449,28.156966,3.853202,99.305006,118.015602,136.726198,155.436794,174.147390,,,,,,,,,,157.996875,141.508140,130.438753,122.753014,157.996875,169.284480,146.709269,163.640678,152.353072
2025-03-13,151.121526,2024-11-14,2024-09-30,1.740000,4.855857,31.121495,28.187502,3.862119,99.366681,118.120577,136.874473,155.628369,174.382265,,,,,,,,,,157.906111,142.075413,130.726171,122.914462,157.906111,169.392478,146.419744,163.649295,152.162927
2025-03-14,151.121526,2024-11-14,2024-09-30,1.740000,4.855857,31.121495,28.210024,3.871349,99.386410,118.185124,136.983838,155.782553,174.581267,,,,,,,,,,157.248074,142.453595,130.979553,123.075909,157.248074,168.704298,145.791850,162.976186,151.519962
2025-03-17,145.221887,2024-11-14,2024-09-30,1.740000,4.855857,29.906542,28.217080,3.873681,99.398017,118.208059,137.018101,155.828143,174.638185,,,,,,,,,,156.408510,142.771267,131.161080,123.198368,156.408510,168.815977,144.001044,162.612244,150.204777
2025-03-18,148.852434,2024-11-14,2024-09-30,1.740000,4.855857,30.654206,28.224134,3.877371,99.396436,118.224396,137.052356,155.880316,174.708276,,,,,,,,,,155.818546,143.217522,131.346389,123.328751,155.818546,168.495655,143.141437,162.157101,149.479992
2025-03-19,149.306252,2024-11-14,2024-09-30,1.740000,4.855857,30.747664,28.233748,3.882224,99.395995,118.247517,137.099039,155.950560,174.802082,,,,,,,,,,155.115128,143.739413,131.543044,123.459224,155.115128,167.586467,142.643789,161.350797,148.879458
2025-03-20,148.852434,2024-11-14,2024-09-30,1.740000,4.855857,30.654206,28.246144,3.887599,99.403988,118.281610,137.159233,156.036855,174.914477,,,,,,,,,,154.275564,144.299123,131.751044,123.595009,154.275564,166.001027,142.550101,160.138295,148.412832
2025-03-21,147.944797,2024-11-14,2024-09-30,1.740000,4.855857,30.467290,28.259654,3.892515,99.421843,118.323338,137.224833,156.126327,175.027822,,,,,,,,,,153.231782,144.843705,131.962826,123.718008,153.231782,163.070440,143.393123,158.151111,148.312452
2025-03-24,149.760071,2024-11-14,2024-09-30,1.740000,4.855857,30.841121,28.274498,3.898983,99.431106,118.364010,137.296913,156.229817,175.162720,,,,,,,,,,152.551054,145.403414,132.182172,123.835965,152.551054,161.253189,143.848919,156.902121,148.199987
2025-03-25,150.213889,2024-11-14,2024-09-30,1.740000,4.855857,30.934579,28.282998,3.903698,99.426596,118.382393,137.338190,156.293987,175.249785,,,,,,,,,,152.006472,145.970687,132.375044,123.964817,152.006472,159.766773,144.246170,155.886623,148.126321
2025-03-26,150.667708,2024-11-14,2024-09-30,1.740000,4.855857,31.028037,28.298510,3.910930,99.431680,118.422596,137.413511,156.404427,175.395343,,,,,,,,,,151.598035,146.545524,132.598172,124.093759,151.598035,158.674509,144.521562,155.136272,148.059799
2025-03-27,147.944797,2024-11-14,2024-09-30,1.740000,4.855857,30.467290,28.307567,3.914713,99.438920,118.448207,137.457495,156.466783,175.476071,,,,,,,,,,151.212290,147.074979,132.791045,124.220360,151.212290,158.197028,144.227551,154.704659,147.719920
2025-03-28,145.221887,2024-11-14,2024-09-30,1.740000,4.855857,29.906542,28.314623,3.916843,99.452499,118.472128,137.491758,156.511388,175.531017,,,,,,,,,,150.849235,147.521233,132.972572,124.326611,150.849235,158.295468,143.403002,154.572351,147.126119
2025-03-31,136.145519,2025-03-31,2024-12-31,1.520000,5.327828,25.553663,28.282734,3.923665,108.876317,129.780930,150.685544,171.590157,192.494770,,,,,,,,,,150.168507,147.816215,133.067117,124.391442,150.168507,160.106372,140.230642,155.137440,145.199575
2025-04-01,139.776066,2025-03-31,2024-12-31,1.520000,5.327828,26.235094,28.258305,3.927240,108.708066,129.631726,150.555386,171.479046,192.402706,,,,,,,,,,149.601234,148.164143,133.199481,124.449790,149.601234,160.553515,138.648954,155.077375,144.125094
2025-04-02,142.045158,2025-03-31,2024-12-31,1.520000,5.327828,26.660988,28.239205,3.929406,108.583225,129.518425,150.453624,171.388824,192.324024,,,,,,,,,,148.897816,148.496943,133.358318,124.524797,148.897816,159.896021,137.899610,154.396919,143.398713
2025-04-07,127.976788,2025-03-31,2024-12-31,1.520000,5.327828,24.020443,28.198990,3.947793,108.173047,129.206209,150.239370,171.272531,192.305692,,,,,,,,,,147.627124,148.398616,133.403699,124.526777,147.627124,161.841820,133.412429,154.734472,140.519776
2025-04-08,119.808057,2025-03-31,2024-12-31,1.520000,5.327828,22.487223,28.143328,3.980983,107.522823,128.732817,149.942812,171.152807,192.362802,,,,,,,,,,146.084142,147.944797,133.369663,124.494722,146.084142,164.872789,127.295495,155.478465,136.689818
2025-04-09,108.008778,2025-03-31,2024-12-31,1.520000,5.327828,20.272572,28.312266,3.111940,117.683123,134.263004,150.842885,167.422766,184.002647,,,,,,,,,,143.883123,147.218688,134.269736,124.413503,143.883123,168.990527,118.775718,156.436825,131.329420
2025-04-10,118.446601,2025-03-31,2024-12-31,1.520000,5.327828,22.231687,28.258927,3.160877,116.877485,133.718092,150.558699,167.399306,184.239913,,,,,,,,,,141.772867,146.666542,134.243263,124.381177,141.772867,168.014981,115.530753,154.893924,128.651810
2025-04-11,115.723691,2025-03-31,2024-12-31,1.520000,5.327828,21.720613,28.206670,3.216679,116.004455,133.142369,150.280283,167.418197,184.556111,,,,,,,,,,139.707993,146.174905,134.216791,124.339307,139.707993,167.359416,112.056571,153.533705,125.882282
2025-04-14,115.723691,2025-03-31,2024-12-31,1.520000,5.327828,21.720613,28.159754,3.269888,115.187528,132.608928,150.030327,167.451727,184.873126,,,,,,,,,,137.938102,145.637887,134.213009,124.304641,137.938102,167.008554,108.867649,152.473328,123.402875
2025-04-15,122.984785,2025-03-31,2024-12-31,1.520000,5.327828,23.083475,28.121526,3.302306,114.638410,132.232530,149.826650,167.420771,185.014891,,,,,,,,,,136.531265,145.320214,134.258391,124.309233,136.531265,165.638683,107.423846,151.084974,121.977555
2025-04-16,119.808057,2025-03-31,2024-12-31,1.520000,5.327828,22.487223,28.069425,3.341564,113.942509,131.745788,149.549066,167.352345,185.155624,,,,,,,,,,135.260573,144.972287,134.239482,124.295186,135.260573,164.982952,105.538194,150.121763,120.399384
2025-04-17,118.900420,2025-03-31,2024-12-31,1.520000,5.327828,22.316865,28.021246,3.382571,113.248867,131.270623,149.292379,167.314136,185.335892,,,,,,,,,,133.762972,144.699996,134.235700,124.279158,133.762972,163.619837,103.906107,148.691405,118.834540
2025-04-18,119.808057,2025-03-31,2024-12-31,1.520000,5.327828,22.487223,27.977158,3.420042,112.614700,130.836093,149.057486,167.278880,185.500273,,,,,,,,,,132.288063,144.473086,134.250827,124.283120,132.288063,161.824633,102.751492,147.056348,117.519777
2025-04-21,115.723691,2025-03-31,2024-12-31,1.520000,5.327828,21.720613,27.926682,3.467380,111.841347,130.314952,148.788557,167.262162,185.735767,,,,,,,,,,130.631625,144.261305,134.231918,124.268263,130.631625,159.971977,101.291274,145.301801,115.961450
2025-04-22,115.269873,2025-03-31,2024-12-31,1.520000,5.327828,21.635434,27.877276,3.514507,111.075951,129.800642,148.525333,167.250024,185.974715,,,,,,,,,,128.997879,144.019268,134.216791,124.240710,128.997879,157.914901,100.080858,143.456390,114.539368
2025-04-23,117.538965,2025-03-31,2024-12-31,1.520000,5.327828,22.061329,27.826968,3.554300,110.383907,129.320603,148.257300,167.193997,186.130694,,,,,,,,,,127.386824,143.769668,134.201663,124.213607,127.386824,154.994032,99.779616,141.190428,113.583220
2025-04-24,119.354238,2025-03-31,2024-12-31,1.520000,5.327828,22.402044,27.783951,3.588580,109.789436,128.908774,148.028112,167.147450,186.266789,,,,,,,,,,125.843841,143.383922,134.220573,124.210275,125.843841,151.456675,100.231008,138.650258,113.037425
2025-04-25,127.522969,2025-03-31,2024-12-31,1.520000,5.327828,23.935264,27.743027,3.604332,109.403550,128.606813,147.810076,167.013339,186.216601,,,,,,,,,,124.686604,143.164577,134.262173,124.239179,124.686604,147.517300,101.855909,136.101952,113.271257
2025-04-28,125.707696,2025-03-31,2024-12-31,1.520000,5.327828,23.594549,27.695702,3.621311,108.970498,128.264218,147.557938,166.851658,186.145378,,,,,,,,,,123.574749,142.922540,134.273518,124.256918,123.574749,143.633966,103.515533,133.604357,113.545141
2025-04-29,127.522969,2025-03-31,2024-12-31,1.520000,5.327828,23.935264,27.652107,3.634917,108.593245,127.959458,147.325671,166.691885,186.058098,,,,,,,,,,122.689803,142.574613,134.303773,124.284021,122.689803,140.116915,105.262692,131.403359,113.976248
2025-04-30,126.615333,2025-03-31,2024-12-31,1.520000,5.327828,23.764906,27.597299,3.643593,108.208785,127.621224,147.033663,166.446103,185.858542,,,,,,,,,,122.213294,142.272067,134.284863,124.312744,122.213294,138.580188,105.846400,130.396741,114.029847
2025-05-02,138.868429,2025-03-31,2024-12-31,1.520000,5.327828,26.064736,27.566998,3.641071,108.074221,127.473223,146.872225,166.271227,185.670229,,,,,,,,,,122.167912,142.317449,134.390754,124.387120,122.167912,138.333559,106.002265,130.250736,114.085089
2025-05-05,127.522969,2025-03-31,2024-12-31,1.520000,5.327828,23.935264,27.520732,3.651725,107.714204,127.169966,146.625728,166.081489,185.537251,,,,,,,,,,121.441803,142.143485,134.409664,124.408821,121.441803,134.931259,107.952347,128.186531,114.697075
2025-05-06,127.522969,2025-03-31,2024-12-31,1.520000,5.327828,23.935264,27.474466,3.661758,107.360798,126.870015,146.379231,165.888447,185.397663,,,,,,,,,,121.419112,141.871194,134.428573,124.434123,121.419112,134.863735,107.974489,128.141424,114.696800
2025-05-07,127.976788,2025-03-31,2024-12-31,1.520000,5.327828,24.020443,27.428020,3.669986,107.025663,126.578717,146.131772,165.684826,185.237881,,,,,,,,,,121.827548,141.591340,134.447482,124.468519,121.827548,135.559349,108.095748,128.693449,114.961648
2025-05-08,134.330245,2025-03-31,2024-12-31,1.520000,5.327828,25.212947,27.389730,3.668919,106.833037,126.380404,145.927772,165.475139,185.022506,,,,,,,,,,123.143622,141.394685,134.511773,124.509579,123.143622,136.333644,109.953600,129.738633,116.548611
2025-05-09,147.490979,2025-03-31,2024-12-31,1.520000,5.327828,27.683135,27.377368,3.665379,106.804893,126.333399,145.861905,165.390411,184.918917,,,,,,,,,,124.595841,141.364430,134.708427,124.616281,124.595841,141.485216,107.706465,133.040528,116.151153
2025-05-12,147.944797,2025-03-31,2024-12-31,1.520000,5.327828,27.768313,27.365715,3.661863,106.780265,126.290042,145.799820,165.309598,184.819376,,,,,,,,,,126.206896,141.303921,134.908864,124.741081,126.206896,145.507788,106.906004,135.857342,116.556450
2025-05-13,146.129524,2025-03-31,2024-12-31,1.520000,5.327828,27.427598,27.352113,3.658548,106.743127,126.235239,145.727351,165.219464,184.711576,,,,,,,,,,127.727188,141.190467,135.097955,124.858317,127.727188,148.299416,107.154959,138.013302,117.441073
2025-05-14,155.659710,2025-03-31,2024-12-31,1.520000,5.327828,29.216354,27.355198,3.659974,106.744366,126.244077,145.743788,165.243499,184.743210,,,,,,,,,,129.360934,141.046758,135.374028,125.024267,129.360934,153.267029,105.454838,141.313982,117.407886
2025-05-15,170.181899,2025-05-15,2025-03-31,2.050000,6.108396,27.860327,27.350544,3.658965,122.367131,144.717536,167.067942,189.418347,211.768752,,,,,,,,,,131.879626,141.182903,135.786246,125.256128,131.879626,161.483499,102.275753,146.681562,117.077690
2025-05-16,185.611724,2025-05-15,2025-03-31,2.050000,6.108396,30.386330,27.365159,3.667621,122.350657,144.753938,167.157219,189.560499,211.963780,,,,,,,,,,135.215191,141.598903,136.319483,125.539675,135.215191,172.657098,97.773284,153.936145,116.494238
2025-05-19,167.458988,2025-05-15,2025-03-31,2.050000,6.108396,27.414562,27.382555,3.662821,122.515562,144.889519,167.263477,189.637435,212.011392,,,,,,,,,,137.597738,141.666976,136.690101,125.751187,137.597738,176.928347,98.267129,157.263042,117.932433
2025-05-20,167.005170,2025-05-15,2025-03-31,2.050000,6.108396,27.340267,27.401668,3.656508,122.709428,145.044827,167.380226,189.715625,212.051023,,,,,,,,,,140.161812,141.689667,137.068283,125.960808,140.161812,180.168636,100.154987,160.165224,120.158399
2025-05-21,162.920804,2025-05-15,2025-03-31,2.050000,6.108396,26.671620,27.421439,3.645990,122.958695,145.229846,167.500997,189.772148,212.043298,,,,,,,,,,142.544358,141.591340,137.442683,126.149809,142.544358,181.980986,103.107731,162.262672,122.826044
2025-05-22,159.744076,2025-05-15,2025-03-31,2.050000,6.108396,26.151560,27.431425,3.640811,123.082968,145.322480,167.561993,189.801506,212.041019,,,,,,,,,,144.654614,141.530831,137.764138,126.330976,144.654614,182.957900,106.351328,163.806257,125.502971
2025-05-23,157.928802,2025-05-15,2025-03-31,2.050000,6.108396,25.854383,27.445943,3.630924,123.292444,145.471561,167.650679,189.829797,212.008914,,,,,,,,,,146.583342,141.477885,138.104502,126.495575,146.583342,183.377559,109.789125,164.980450,128.186234
2025-05-26,157.474984,2025-05-15,2025-03-31,2.050000,6.108396,25.780089,27.457506,3.623319,123.455974,145.588642,167.721311,189.853979,211.986647,,,,,,,,,,148.080943,141.455194,138.429738,126.654682,148.080943,184.037326,112.124559,166.059134,130.102751
2025-05-27,159.290257,2025-05-15,2025-03-31,2.050000,6.108396,26.077266,27.468430,3.617108,123.598584,145.693312,167.788040,189.882769,211.977497,,,,,,,,,,149.760071,141.515703,138.754975,126.821352,149.760071,184.430821,115.089321,167.095446,132.424696
2025-05-28,155.659710,2025-05-15,2025-03-31,2.050000,6.108396,25.482912,27.478296,3.609999,123.745699,145.797001,167.848302,189.899603,211.950905,,,,,,,,,,151.166908,141.568649,139.068866,126.974696,151.166908,184.287175,118.046640,167.727042,134.606774
2025-05-29,154.298255,2025-05-15,2025-03-31,2.050000,6.108396,25.260030,27.487862,3.602517,123.895529,145.901131,167.906733,189.912335,211.917937,,,,,,,,,,152.551054,141.644285,139.378975,127.124167,152.551054,183.600186,121.501922,168.075620,137.026488
2025-06-02,152.482981,2025-05-15,2025-03-31,2.050000,6.108396,24.962853,27.499624,3.591845,124.097755,146.038168,167.978580,189.918993,211.859406,,,,,,,,,,153.231782,141.666976,139.696648,127.266076,153.231782,183.607511,122.856052,168.419646,138.043917
2025-06-03,152.936800,2025-05-15,2025-03-31,2.050000,6.108396,25.037147,27.510447,3.582360,124.279747,146.162221,168.044695,189.927169,211.809644,,,,,,,,,,154.502473,141.614031,140.010539,127.415278,154.502473,182.372866,126.632080,168.437670,140.567277
2025-06-04,155.205892,2025-05-15,2025-03-31,2.050000,6.108396,25.408618,27.522809,3.572431,124.476566,146.298385,168.120204,189.942024,211.763843,,,,,,,,,,155.886619,141.644285,140.335775,127.577536,155.886619,180.697009,131.076230,168.291814,143.481424
2025-06-05,156.567347,2025-05-15,2025-03-31,2.050000,6.108396,25.631501,27.535470,3.562921,124.670084,146.433814,168.197544,189.961274,211.725004,,,,,,,,,,157.316147,141.742612,140.664794,127.741865,157.316147,178.365072,136.267222,167.840610,146.791684
2025-06-06,154.752073,2025-05-15,2025-03-31,2.050000,6.108396,25.334324,27.545655,3.554790,124.831624,146.545691,168.259757,189.973823,211.687889,,,,,,,,,,158.337238,141.787994,140.978685,127.900431,158.337238,176.470617,140.203860,167.403928,149.270549
2025-06-09,152.936800,2025-05-15,2025-03-31,2.050000,6.108396,25.037147,27.550248,3.551158,124.904056,146.595935,168.287813,189.979692,211.671570,,,,,,,,,,158.609530,141.659412,141.262321,128.051434,158.609530,176.212955,141.006104,167.411242,149.807817
2025-06-10,153.844436,2025-05-15,2025-03-31,2.050000,6.108396,25.185736,27.556858,3.545965,125.007871,146.668031,168.328190,189.988350,211.648509,,,,,,,,,,158.904511,141.606467,141.557303,128.211621,158.904511,175.944169,141.864854,167.424340,150.384683
2025-06-11,149.306252,2025-05-15,2025-03-31,2.050000,6.108396,24.442793,27.559613,3.543394,125.056120,146.700570,168.345021,189.989472,211.633923,,,,,,,,,,159.063348,141.576212,141.825812,128.354700,159.063348,175.654936,142.471760,167.359142,150.767554
2025-06-12,151.575344,2025-05-15,2025-03-31,2.050000,6.108396,24.814264,27.545994,3.550833,124.882043,146.571935,168.261828,189.951721,211.641614,,,,,,,,,,158.859130,141.583776,142.018685,128.501830,158.859130,175.725384,141.992875,167.292257,150.426002
2025-06-13,147.037160,2025-05-15,2025-03-31,2.050000,6.108396,24.071322,27.530077,3.562168,124.646338,146.405471,168.164604,189.923737,211.682870,,,,,,,,,,157.701893,141.614031,142.192649,128.630052,157.701893,174.472826,140.930959,166.087360,149.316426
2025-06-16,145.221887,2025-05-15,2025-03-31,2.050000,6.108396,23.774146,27.518694,3.572039,124.456214,146.275641,168.095068,189.914494,211.733921,,,,,,,,,,155.682401,141.553521,142.385522,128.743507,155.682401,167.210216,144.154586,161.446308,149.918493
2025-06-17,151.575344,2025-05-15,2025-03-31,2.050000,6.108396,24.814264,27.522987,3.568444,124.526352,146.323822,168.121293,189.918763,211.716234,,,,,,,,,,154.888219,141.591340,142.665377,128.888837,154.888219,165.115070,144.661367,160.001644,149.774793
2025-06-18,154.298255,2025-05-15,2025-03-31,2.050000,6.108396,25.260030,27.535668,3.557569,124.736671,146.467712,168.198753,189.929794,211.660835,,,,,,,,,,154.252873,141.682103,142.990613,129.045512,154.252873,162.741250,145.764496,158.497062,150.008684
2025-06-19,152.482981,2025-05-15,2025-03-31,2.050000,6.108396,24.962853,27.545872,3.548330,124.911882,146.586484,168.261086,189.935688,211.610290,,,,,,,,,,153.730982,141.757740,143.300722,129.192823,153.730982,161.197421,146.264542,157.464202,149.997762
2025-06-20,151.575344,2025-05-15,2025-03-31,2.050000,6.108396,24.814264,27.553281,3.541628,125.039005,146.672673,168.306340,189.940008,211.573676,,,,,,,,,,153.322545,141.787994,143.595704,129.338153,153.322545,160.280384,146.364706,156.801465,149.843626
2025-06-23,157.474984,2025-05-15,2025-03-31,2.050000,6.108396,25.780089,27.568738,3.529689,125.279289,146.840024,168.400759,189.961494,211.522228,,,,,,,,,,153.299854,141.909013,143.939850,129.513467,153.299854,160.197140,146.402569,156.748497,149.851212
2025-06-24,159.744076,2025-05-15,2025-03-31,2.050000,6.108396,26.151560,27.587291,3.516202,125.557380,147.035733,168.514086,189.992439,211.470792,,,,,,,,,,153.413309,142.060285,144.302905,129.689232,153.413309,160.665291,146.161326,157.039300,149.787318
2025-06-25,162.466986,2025-05-15,2025-03-31,2.050000,6.108396,26.597325,27.609558,3.501245,125.876123,147.263114,168.650104,190.037095,211.424085,,,,,,,,,,153.572145,142.302322,144.688650,129.876342,153.572145,161.475967,145.668323,157.524056,149.620234
2025-06-26,159.290257,2025-05-15,2025-03-31,2.050000,6.108396,26.077266,27.623598,3.491601,126.079698,147.407781,168.735863,190.063946,211.392028,,,,,,,,,,153.753673,142.536795,145.029014,130.050216,153.753673,162.017917,145.489428,157.885795,149.621551
2025-06-27,159.290257,2025-05-15,2025-03-31,2.050000,6.108396,26.077266,27.637637,3.481874,126.284297,147.552960,168.821622,190.090285,211.358948,,,,,,,,,,154.003273,142.922540,145.369378,130.227691,154.003273,162.630347,145.376199,158.316810,149.689736
2025-06-30,157.021165,2025-05-15,2025-03-31,2.050000,6.108396,25.705795,27.647802,3.474368,126.438087,147.660901,168.883715,190.106529,211.329342,,,,,,,,,,154.230182,143.209959,145.687051,130.388508,154.230182,162.927333,145.533031,158.578757,149.881607
2025-07-01,160.197894,2025-05-15,2025-03-31,2.050000,6.108396,26.225854,27.656850,3.469193,126.556573,147.747776,168.938979,190.130182,211.321385,,,,,,,,,,154.593237,143.512504,146.004724,130.564363,154.593237,163.661361,145.525113,159.127299,150.059175
2025-07-02,157.928802,2025-05-15,2025-03-31,2.050000,6.108396,25.854383,27.642552,3.473087,126.421668,147.636656,168.851644,190.066632,211.281620,,,,,,,,,,154.729382,144.011704,146.205160,130.718157,154.729382,163.917207,145.541558,159.323294,150.135470
2025-07-03,154.865528,2025-05-15,2025-03-31,2.050000,6.108396,25.352897,27.601490,3.470766,126.199198,147.400009,168.600819,189.801629,211.002439,,,,,,,,,,154.644291,144.595996,146.270396,130.851984,154.644291,163.791879,145.496704,159.218085,150.070498
2025-07-04,155.342037,2025-05-15,2025-03-31,2.050000,6.108396,25.430906,27.553289,3.460309,126.032516,147.169454,168.306392,189.443330,210.580267,,,,,,,,,,154.673789,145.384883,146.301786,130.980593,154.673789,163.826644,145.520935,159.250217,150.097362
2025-07-07,153.436000,2025-05-15,2025-03-31,2.050000,6.108396,25.118871,27.502489,3.450836,125.837938,146.917010,167.996081,189.075152,210.154224,,,,,,,,,,154.698749,145.968040,146.317291,131.111255,154.698749,163.834366,145.563133,159.266558,150.130941
2025-07-08,153.912509,2025-05-15,2025-03-31,2.050000,6.108396,25.196880,27.463241,3.450046,125.607848,146.682096,167.756344,188.830591,209.904839,,,,,,,,,,154.702153,146.604520,146.389713,131.260920,154.702153,163.836480,145.567827,159.269316,150.134990
2025-07-09,156.295056,2025-05-15,2025-03-31,2.050000,6.108396,25.586924,27.422572,3.443095,125.444347,146.476132,167.507917,188.539702,209.571487,,,,,,,,,,155.051593,147.280710,146.459298,131.418622,155.051593,163.845132,146.258054,159.448363,150.654824
2025-07-10,155.818546,2025-05-15,2025-03-31,2.050000,6.108396,25.508915,27.391377,3.443335,125.250854,146.284109,167.317365,188.350620,209.383875,,,,,,,,,,155.263753,147.827939,146.574077,131.570557,155.263753,163.907628,146.619878,159.585691,150.941816
2025-07-11,156.295056,2025-05-15,2025-03-31,2.050000,6.108396,25.586924,27.363168,3.444144,125.068672,146.106863,167.145055,188.183246,209.221438,,,,,,,,,,155.726648,148.436056,146.704171,131.728259,155.726648,163.459082,147.994214,159.592865,151.860431
2025-07-14,160.107130,2025-05-15,2025-03-31,2.050000,6.108396,26.210996,27.349506,3.445446,124.969308,146.015454,167.061600,188.107746,209.153892,,,,,,,,,,156.470910,149.122834,146.911415,131.909408,156.470910,162.656890,150.284931,159.563900,153.377920
2025-07-15,163.919205,2025-05-15,2025-03-31,2.050000,6.108396,26.835067,27.344159,3.445745,124.933000,145.980971,167.028942,188.076914,209.124885,,,,,,,,,,157.088103,149.858020,147.165553,132.104550,157.088103,163.668091,150.508116,160.378097,153.798110
2025-07-16,161.060149,2025-05-15,2025-03-31,2.050000,6.108396,26.367013,27.343479,3.445931,124.926572,145.975681,167.024789,188.073898,209.123007,,,,,,,,,,157.426198,150.613628,147.437466,132.291561,157.426198,164.096870,150.755526,160.761534,154.090862
2025-07-17,160.583640,2025-05-15,2025-03-31,2.050000,6.108396,26.289004,27.339813,3.446824,124.893263,145.947828,167.002394,188.056959,209.111524,,,,,,,,,,157.831231,151.368857,147.694063,132.487932,157.831231,164.215716,151.446746,161.023474,154.638988
2025-07-18,164.395714,2025-05-15,2025-03-31,2.050000,6.108396,26.913076,27.336674,3.447042,124.871434,145.927328,166.983221,188.039115,209.095009,,,,,,,,,,158.472249,152.149803,147.959735,132.700186,158.472249,164.786079,152.158420,161.629164,155.315335
2025-07-21,170.113826,2025-05-15,2025-03-31,2.050000,6.108396,27.849183,27.324203,3.442416,124.851766,145.879402,166.907039,187.934675,208.962312,,,,,,,,,,159.104192,152.995796,148.189859,132.955176,159.104192,167.259278,150.949105,163.181735,155.026648
2025-07-22,164.872223,2025-05-15,2025-03-31,2.050000,6.108396,26.991085,27.307695,3.439196,124.790270,145.798238,166.806206,187.814174,208.822142,,,,,,,,,,159.360599,153.618284,148.391430,133.180761,159.360599,167.913181,150.808016,163.636890,155.084308
2025-07-23,167.731279,2025-05-15,2025-03-31,2.050000,6.108396,27.459138,27.295867,3.436187,124.754771,145.744363,166.733955,187.723547,208.713139,,,,,,,,,,159.623814,154.318677,148.620608,133.427714,159.623814,168.874471,150.373156,164.249143,154.998485
2025-07-24,169.637317,2025-05-15,2025-03-31,2.050000,6.108396,27.771174,27.272621,3.423326,124.769895,145.680926,166.591957,187.502987,208.414018,,,,,,,,,,160.141167,155.020582,148.797598,133.684500,160.141167,170.414131,149.868202,165.277649,155.004684
2025-07-25,166.778261,2025-05-15,2025-03-31,2.050000,6.108396,27.303120,27.251704,3.415332,124.739791,145.601991,166.464191,187.326391,208.188592,,,,,,,,,,160.515567,155.689964,148.981016,133.923700,160.515567,171.195691,149.835442,165.855629,155.175504
2025-07-28,165.825242,2025-05-15,2025-03-31,2.050000,6.108396,27.147103,27.244285,3.414578,124.703686,145.561280,166.418873,187.276467,208.134060,,,,,,,,,,160.955771,156.139245,149.228347,134.166493,160.955771,171.754555,150.156986,166.355163,155.556379
2025-07-29,162.489677,2025-05-15,2025-03-31,2.050000,6.108396,26.601040,27.229201,3.413378,124.626206,145.476467,166.326729,187.176991,208.027252,,,,,,,,,,161.070360,156.722023,149.432754,134.376478,161.070360,171.883910,150.256809,166.477135,155.663585
2025-07-30,162.489677,2025-05-15,2025-03-31,2.050000,6.108396,26.601040,27.203991,3.406691,124.553911,145.363326,166.172740,186.982155,207.791569,,,,,,,,,,161.298404,157.304802,149.587998,135.053518,161.298404,172.025017,150.571790,166.661710,155.935097
2025-07-31,162.966186,2025-05-15,2025-03-31,2.050000,6.108396,26.679049,27.177874,3.398524,124.494151,145.253679,166.013207,186.772736,207.532264,,,,,,,,,,161.703436,157.887958,149.739649,135.308980,161.703436,172.010866,151.396007,166.857151,156.549722
2025-08-01,167.254770,2025-05-15,2025-03-31,2.050000,6.108396,27.381129,27.155271,3.387973,124.484979,145.180060,165.875141,186.570222,207.265303,,,,,,,,,,162.299073,158.436700,149.915693,135.593657,162.299073,172.434046,152.164100,167.366559,157.231587
2025-08-04,165.825242,2025-05-15,2025-03-31,2.050000,6.108396,27.147103,27.125267,3.371796,124.499334,145.095597,165.691861,186.288124,206.884387,,,,,,,,,,162.918535,158.742271,150.053351,135.836450,162.918535,172.255661,153.581410,167.587098,158.249972
2025-08-05,164.395714,2025-05-15,2025-03-31,2.050000,6.108396,26.913076,27.089418,3.350752,124.537442,145.005162,165.472881,185.940600,206.408319,,,,,,,,,,163.442695,159.016453,150.160187,136.094086,163.442695,171.773902,155.111489,167.608299,159.277092
2025-08-06,168.684298,2025-05-15,2025-03-31,2.050000,6.108396,27.615156,27.057083,3.326512,124.636066,144.955717,165.275367,185.595018,205.914669,,,,,,,,,,164.062158,159.392366,150.291416,136.327992,164.062158,171.988180,156.136135,168.025169,160.099146
2025-08-07,174.878919,2025-05-15,2025-03-31,2.050000,6.108396,28.629272,27.013729,3.270913,125.050480,145.030511,165.010543,184.990574,204.970606,,,,,,,,,,165.015176,159.712686,150.379722,136.595272,165.015176,173.341217,156.689135,169.178197,160.852156
2025-08-08,171.543354,2025-05-15,2025-03-31,2.050000,6.108396,28.083210,26.969718,3.219877,125.405147,145.073428,164.741708,184.409989,204.078269,,,,,,,,,,165.777591,159.735377,150.459140,136.837308,165.777591,173.513157,158.042026,169.645374,161.909808
2025-08-11,171.066844,2025-05-15,2025-03-31,2.050000,6.108396,28.005201,26.927394,3.171852,125.733325,145.108250,164.483175,183.858100,203.233025,,,,,,,,,,166.325577,159.492963,150.545933,137.092487,166.325577,173.921302,158.729852,170.123439,162.527714
2025-08-12,174.878919,2025-05-15,2025-03-31,2.050000,6.108396,28.629272,26.885597,3.115128,126.170992,145.199429,164.227865,183.256301,202.284738,,,,,,,,,,166.873563,159.616628,150.641802,137.344639,166.873563,175.276754,158.470371,171.075158,162.671967
2025-08-13,167.731279,2025-05-15,2025-03-31,2.050000,6.108396,27.459138,26.830156,3.043820,126.703491,145.296348,163.889205,182.482062,201.074918,,,,,,,,,,167.207119,159.628730,150.659198,137.580247,167.207119,175.156027,159.258211,171.181573,163.232665
2025-08-14,174.402410,2025-08-14,2025-06-30,1.920000,6.890325,25.311203,26.751363,2.957820,143.564900,163.945238,184.325575,204.705913,225.086251,,,,,,,,,,167.898058,159.820090,150.705715,137.832305,167.898058,175.825136,159.970979,171.861597,163.934518
2025-08-15,172.496372,2025-08-14,2025-06-30,1.920000,6.890325,25.034578,26.679610,2.892912,143.964965,163.898072,183.831178,203.764285,223.697391,,,,,,,,,,168.303090,160.032628,150.781729,138.076422,168.303090,176.304146,160.302034,172.303618,164.302562
2025-08-18,168.207789,2025-08-14,2025-06-30,1.920000,6.890325,24.412172,26.606565,2.837595,144.223968,163.775922,183.327875,202.879828,222.431781,,,,,,,,,,168.207789,160.203945,150.840915,138.310233,168.207789,176.163309,160.252268,172.185549,164.230028
2025-08-19,176.308447,2025-08-14,2025-06-30,1.920000,6.890325,25.587828,26.547212,2.782813,144.569943,163.744426,182.918908,202.093390,221.267872,,,,,,,,,,168.779600,160.517836,150.986515,139.044851,168.779600,177.346172,160.213028,173.062886,164.496314
2025-08-20,165.825242,2025-08-14,2025-06-30,1.920000,6.890325,24.066390,26.480631,2.745227,144.629132,163.544639,182.460145,201.375652,220.291158,,,,,,,,,,168.684298,160.626752,151.071228,139.266844,168.684298,177.341900,160.026696,173.013099,164.355497
2025-08-21,172.496372,2025-08-14,2025-06-30,1.920000,6.890325,25.034578,26.427570,2.710625,144.740367,163.417453,182.094539,200.771625,219.448711,,,,,,,,,,168.827251,160.907363,151.238006,139.512851,168.827251,177.644062,160.010439,173.235657,164.418845
2025-08-22,170.590335,2025-08-14,2025-06-30,1.920000,6.890325,24.757953,26.376877,2.684144,144.756001,163.250624,181.745248,200.239871,218.734495,,,,,,,,,,169.017854,161.178898,151.411592,139.750917,169.017854,177.812953,160.222756,173.415404,164.620305
2025-08-25,172.496372,2025-08-14,2025-06-30,1.920000,6.890325,25.034578,26.326153,2.651038,144.862712,163.129226,181.395741,199.662255,217.928769,,,,,,,,,,169.351411,161.512455,151.589715,139.996924,169.351411,178.142704,160.560118,173.747057,164.955765
2025-08-26,173.925900,2025-08-14,2025-06-30,1.920000,6.890325,25.242047,26.268590,2.597993,145.197091,163.098104,180.999117,198.900130,216.801144,,,,,,,,,,169.923222,161.862273,151.738152,140.235652,169.923222,178.313889,161.532555,174.118556,165.727889
2025-08-27,178.690994,2025-08-14,2025-06-30,1.920000,6.890325,25.933610,26.221464,2.551552,145.512359,163.093380,180.674401,198.255421,215.836442,,,,,,,,,,170.733288,162.253691,151.948988,140.496125,170.733288,179.229822,162.236753,174.981555,166.485021
2025-08-28,182.979577,2025-08-14,2025-06-30,1.920000,6.890325,26.556017,26.184197,2.513128,145.785083,163.101351,180.417620,197.733888,215.050157,,,,,,,,,,171.733958,162.693895,152.218254,140.780139,171.733958,181.053147,162.414768,176.393552,167.074363
2025-08-29,182.503068,2025-08-14,2025-06-30,1.920000,6.890325,26.486860,26.144017,2.468664,146.120974,163.130872,180.140769,197.150667,214.160565,,,,,,,,,,172.496372,163.156412,152.472203,141.067841,172.496372,182.723372,162.269373,177.609872,167.382873
2025-09-01,179.167503,2025-08-14,2025-06-30,1.920000,6.890325,26.002766,26.085006,2.384578,146.873132,163.303647,179.734163,196.164679,212.595195,,,,,,,,,,173.163485,163.593590,152.626501,141.354881,173.163485,183.298458,163.028513,178.230972,168.095999
2025-09-02,178.214484,2025-08-14,2025-06-30,1.920000,6.890325,25.864454,26.031073,2.314148,147.472088,163.417317,179.362545,195.307774,211.253002,,,,,,,,,,173.854424,163.999758,152.803112,141.620932,173.854424,183.335705,164.373143,178.595065,169.113783
2025-09-03,174.878919,2025-08-14,2025-06-30,1.920000,6.890325,25.380360,25.983230,2.266887,147.793714,163.413303,179.032893,194.652482,210.272072,,,,,,,,,,174.164155,164.425969,153.001091,141.863631,174.164155,183.333905,164.994405,178.749030,169.579280
2025-09-04,171.066844,2025-08-14,2025-06-30,1.920000,6.890325,24.827109,25.930777,2.219318,148.087831,163.379652,178.671473,193.963294,209.255115,,,,,,,,,,173.973551,164.750827,153.167301,142.073427,173.973551,183.238725,164.708377,178.606138,169.340964
2025-09-05,170.113826,2025-08-14,2025-06-30,1.920000,6.890325,24.688797,25.887296,2.191711,148.168668,163.270271,178.371873,193.473476,208.575078,,,,,,,,,,173.902075,165.135438,153.374734,142.267907,173.902075,183.267699,164.536451,178.584887,169.219263
2025-09-08,173.925900,2025-08-14,2025-06-30,1.920000,6.890325,25.242047,25.842194,2.148044,148.459671,163.260391,178.061111,192.861831,207.662551,,,,,,,,,,174.045028,165.613838,153.583680,142.465035,174.045028,183.315231,164.774825,178.680129,169.409926
2025-09-09,168.207789,2025-08-14,2025-06-30,1.920000,6.890325,24.412172,25.789399,2.103866,148.704694,163.201013,177.697331,192.193649,206.689967,,,,,,,,,,173.711471,165.891046,153.741193,142.642118,173.711471,183.328911,164.094032,178.520191,168.902751
2025-09-10,169.637317,2025-08-14,2025-06-30,1.920000,6.890325,24.619640,25.739111,2.058233,148.987044,163.168937,177.350830,191.532723,205.714616,,,,,,,,,,173.806773,166.146697,153.914400,142.832722,173.806773,183.210091,164.403455,178.508432,169.105114
2025-09-11,167.731279,2025-08-14,2025-06-30,1.920000,6.890325,24.343015,25.688075,2.015493,149.224375,163.111776,176.999178,190.886579,204.773981,,,,,,,,,,173.473217,166.400835,154.079287,143.021057,173.473217,183.253303,163.693130,178.363260,168.583173
2025-09-12,165.825242,2025-08-14,2025-06-30,1.920000,6.890325,24.066390,25.631619,1.964168,149.542667,163.076422,176.610177,190.143932,203.677687,,,,,,,,,,173.139660,166.638333,154.213164,143.197668,173.139660,183.497978,162.781342,178.318819,167.960501
2025-09-15,162.489677,2025-08-14,2025-06-30,1.920000,6.890325,23.582296,25.570350,1.911321,149.848769,163.018391,176.188013,189.357636,202.527258,,,,,,,,,,172.853754,166.721912,154.315462,143.345253,172.853754,184.065722,161.641787,178.459738,167.247771
2025-09-16,162.013167,2025-08-14,2025-06-30,1.920000,6.890325,23.513140,25.507726,1.853227,150.217836,162.987174,175.756513,188.525851,201.295190,,,,,,,,,,172.138990,166.759730,154.410008,143.504090,172.138990,184.213144,160.064836,178.176067,166.101913
2025-09-17,160.107130,2025-08-14,2025-06-30,1.920000,6.890325,23.236515,25.447469,1.807606,150.431345,162.886336,175.341326,187.796317,200.251307,,,,,,,,,,171.853085,166.720399,154.511360,143.651202,171.853085,184.796257,158.909913,178.324671,165.381499
2025-09-18,161.536658,2025-08-14,2025-06-30,1.920000,6.890325,23.443983,25.393615,1.769508,150.585284,162.777767,174.970250,187.162733,199.355216,,,,,,,,,,171.305099,166.757839,154.647317,143.809944,171.305099,185.037551,157.572647,178.171325,164.438873
2025-09-19,161.536658,2025-08-14,2025-06-30,1.920000,6.890325,23.443983,25.376034,1.778362,150.342126,162.595620,174.849114,187.102607,199.356101,,,,,,,,,,170.852415,166.795279,154.858910,143.963014,170.852415,185.264174,156.440657,178.058295,163.646536
2025-09-22,160.583640,2025-08-14,2025-06-30,1.920000,6.890325,23.305671,25.351622,1.786558,150.060976,162.370942,174.680908,186.990874,199.300840,,,,,,,,,,170.256779,166.854653,155.032306,144.115894,170.256779,185.351000,155.162557,177.803889,162.709668
2025-09-23,164.395714,2025-08-14,2025-06-30,1.920000,6.890325,23.858921,25.328272,1.787612,149.885558,162.202787,174.520015,186.837243,199.154472,,,,,,,,,,169.780269,166.924617,155.218561,144.288439,169.780269,184.988073,154.572466,177.384171,162.176367
2025-09-24,162.013167,2025-08-14,2025-06-30,1.920000,6.890325,23.513140,25.324044,1.791327,149.805236,162.148061,174.490886,186.833711,199.176536,,,,,,,,,,168.946378,166.992690,155.502197,144.452948,168.946378,183.924162,153.968594,176.435270,161.457486
2025-09-25,160.583640,2025-08-14,2025-06-30,1.920000,6.890325,23.305671,25.330864,1.781969,149.981192,162.259537,174.537881,186.816225,199.094569,,,,,,,,,,167.826581,167.087992,155.841994,144.605828,167.826581,181.694472,153.958691,174.760526,160.892636
2025-09-26,156.295056,2025-08-14,2025-06-30,1.920000,6.890325,22.683264,25.350953,1.737498,150.732444,162.704373,174.676301,186.648230,198.620158,,,,,,,,,,166.516181,167.103875,156.244379,145.257058,166.516181,179.467475,153.564886,172.991828,160.040533
2025-09-30,158.201093,2025-08-14,2025-06-30,1.920000,6.890325,22.959889,25.357022,1.727757,150.908501,162.813308,174.718114,186.622920,198.527727,,,,,,,,,,165.467860,167.183294,156.575667,145.409465,165.467860,177.466556,153.469164,171.467208,159.468512
2025-10-01,159.154112,2025-08-14,2025-06-30,1.920000,6.890325,23.098202,25.368502,1.707854,151.261875,163.029545,174.797214,186.564884,198.332554,,,,,,,,,,164.514841,167.270654,156.937587,145.577189,164.514841,175.207421,153.822262,169.861131,159.168552
2025-10-02,162.013167,2025-08-14,2025-06-30,1.920000,6.890325,23.513140,25.383439,1.683343,151.702579,163.301360,174.900140,186.498921,198.097701,,,,,,,,,,163.871554,167.365955,157.323333,145.768171,163.871554,173.426286,154.316821,168.648920,159.094188
2025-10-03,162.489677,2025-08-14,2025-06-30,1.920000,6.890325,23.582296,25.387596,1.678224,151.801766,163.365274,174.928782,186.492290,198.055798,,,,,,,,,,163.442695,167.477141,157.652540,145.955465,163.442695,172.388148,154.497243,167.915422,158.969969
2025-10-07,160.107130,2025-08-14,2025-06-30,1.920000,6.890325,23.236515,25.393840,1.668709,151.975913,163.473860,174.971806,186.469752,197.967699,,,,,,,,,,162.942361,167.540676,157.988366,146.113924,162.942361,171.424114,154.460608,167.183237,158.701484
2025-10-08,162.013167,2025-08-14,2025-06-30,1.920000,6.890325,23.513140,25.403809,1.653678,152.251738,163.646116,175.040495,186.434874,197.829253,,,,,,,,,,162.346724,167.572443,158.347638,146.291669,162.346724,169.072092,155.621356,165.709408,158.984040
2025-10-09,158.201093,2025-08-14,2025-06-30,1.920000,6.890325,22.959889,25.407748,1.647223,152.367833,163.717734,175.067635,186.417537,197.767438,,,,,,,,,,161.846389,167.477141,158.667580,146.459204,161.846389,168.215273,155.477506,165.030831,158.661947
2025-10-13,153.436000,2025-08-14,2025-06-30,1.920000,6.890325,22.268326,25.412312,1.637652,152.531183,163.815134,175.099085,186.383035,197.666986,,,,,,,,,,161.036323,167.350072,158.981850,146.606884,161.036323,167.353963,154.718684,164.195143,157.877504
2025-10-14,150.576944,2025-08-14,2025-06-30,1.920000,6.890325,21.853389,25.414129,1.633543,152.600314,163.855957,175.111600,186.367242,197.622885,,,,,,,,,,160.178607,167.183294,159.276075,146.746433,160.178607,167.278604,153.078609,163.728605,156.628608
2025-10-15,153.436000,2025-08-14,2025-06-30,1.920000,6.890325,22.268326,25.415854,1.630079,152.659944,163.891715,175.123485,186.355256,197.587026,,,,,,,,,,159.559145,167.000632,159.575217,146.888440,159.559145,166.746134,152.372155,163.152639,155.965650
2025-10-16,154.865528,2025-08-14,2025-06-30,1.920000,6.890325,22.475795,25.416468,1.628946,152.679783,163.903752,175.127720,186.351688,197.575657,,,,,,,,,,159.177937,166.746493,159.871145,147.045859,159.177937,166.517613,151.838261,162.847775,155.508099
2025-10-17,152.959490,2025-08-14,2025-06-30,1.920000,6.890325,22.199170,25.402001,1.649788,152.292881,163.660458,175.028035,186.395611,197.763188,,,,,,,,,,158.725253,166.547948,160.083116,147.172644,158.725253,166.436061,151.014446,162.580657,154.869849
2025-10-20,152.959490,2025-08-14,2025-06-30,1.920000,6.890325,22.199170,25.390373,1.667458,151.969264,163.458588,174.947913,186.437237,197.926561,,,,,,,,,,158.367871,166.301751,160.310214,147.291866,158.367871,166.462036,150.273707,162.414954,154.320789
2025-10-21,154.389018,2025-08-14,2025-06-30,1.920000,6.890325,22.406639,25.377634,1.684420,151.647738,163.253939,174.860140,186.466341,198.072542,,,,,,,,,,158.010489,166.047613,160.534098,147.418935,158.010489,166.146624,149.874355,162.078556,153.942422
2025-10-22,154.865528,2025-08-14,2025-06-30,1.920000,6.890325,22.475795,25.366892,1.698841,151.374991,163.080555,174.786120,186.491685,198.197250,,,,,,,,,,157.676933,165.849067,160.769516,147.527190,157.676933,165.751141,149.602725,161.714037,153.639829
2025-10-23,154.389018,2025-08-14,2025-06-30,1.920000,6.890325,22.406639,25.336407,1.718915,150.888304,162.732189,174.576075,186.419960,198.263845,,,,,,,,,,157.367202,165.658464,160.898854,147.644804,157.367202,165.447180,149.287223,161.407191,153.327212
2025-10-27,152.482981,2025-08-14,2025-06-30,1.920000,6.890325,22.130014,25.321364,1.739063,150.507005,162.489712,174.472418,186.455125,198.437831,,,,,,,,,,156.771565,165.491685,161.106854,147.758259,156.771565,164.414501,149.128630,160.593033,152.950097
2025-10-28,152.482981,2025-08-14,2025-06-30,1.920000,6.890325,22.130014,25.306320,1.758849,150.130674,162.249718,174.368762,186.487806,198.606850,,,,,,,,,,156.295056,165.324907,161.314854,147.871714,156.295056,163.747996,148.842115,160.021526,152.568585
2025-10-29,152.959490,2025-08-14,2025-06-30,1.920000,6.890325,22.199170,25.291143,1.777795,149.765021,162.014603,174.264186,186.513768,198.763350,,,,,,,,,,155.913848,165.158129,161.523044,147.985263,155.913848,163.221705,148.605991,159.567777,152.259920
2025-10-30,151.529963,2025-08-14,2025-06-30,1.920000,6.890325,21.991701,25.264299,1.803124,149.231000,161.655112,174.079224,186.503336,198.927448,,,,,,,,,,155.675594,164.896049,161.666375,148.089074,155.675594,163.237416,148.113771,159.456505,151.894682
2025-10-31,147.717888,2025-08-14,2025-06-30,1.920000,6.890325,21.438451,25.212260,1.822735,148.602192,161.161425,173.720658,186.279891,198.839124,,,,,,,,,,155.151433,164.594260,161.668266,148.188346,155.151433,163.398443,146.904423,159.274938,151.027928
2025-11-03,150.100435,2025-08-14,2025-06-30,1.920000,6.890325,21.784232,25.162393,1.834040,148.102796,160.739926,173.377056,186.014186,198.651316,,,,,,,,,,154.698749,164.356005,161.686229,148.297546,154.698749,163.014306,146.383193,158.856528,150.540971
2025-11-04,146.764869,2025-08-14,2025-06-30,1.920000,6.890325,21.300138,25.111330,1.855615,147.453641,160.239431,173.025221,185.811010,198.596800,,,,,,,,,,153.936335,163.990681,161.691524,148.394739,153.936335,162.224252,145.648417,158.080293,149.792376
2025-11-05,145.335341,2025-08-14,2025-06-30,1.920000,6.890325,21.092669,25.043633,1.852779,147.026267,159.792515,172.558764,185.325012,198.091261,,,,,,,,,,153.078618,163.498288,161.605487,148.489757,153.078618,161.188123,144.969113,157.133370,149.023865
2025-11-06,145.811851,2025-08-14,2025-06-30,1.920000,6.890325,21.161826,24.987812,1.868048,146.431227,159.302684,172.174140,185.045596,197.917053,,,,,,,,,,152.363854,163.069430,161.402404,148.594325,152.363854,160.384452,144.343255,156.374153,148.353555
2025-11-07,149.623925,2025-08-14,2025-06-30,1.920000,6.890325,21.715076,24.915552,1.824674,146.531044,159.103643,171.676242,184.248841,196.821440,,,,,,,,,,151.744392,162.712048,161.102505,148.710994,151.744392,158.429659,145.059124,155.087025,148.401758
2025-11-10,152.006472,2025-08-14,2025-06-30,1.920000,6.890325,22.060858,24.870938,1.828505,146.170846,158.769841,171.368836,183.967831,196.566825,,,,,,,,,,151.434661,162.330840,160.973734,148.831918,151.434661,157.395089,145.474233,154.414875,148.454447
2025-11-11,153.912509,2025-08-14,2025-06-30,1.920000,6.890325,22.337483,24.829248,1.828763,145.880036,158.480807,171.081579,183.682351,196.283122,,,,,,,,,,151.458486,162.100528,160.864629,148.966456,151.458486,157.456290,145.460682,154.457388,148.459584
2025-11-12,153.436000,2025-08-14,2025-06-30,1.920000,6.890325,22.268326,24.792554,1.835648,145.532318,158.180532,170.828745,183.476958,196.125171,,,,,,,,,,151.601439,161.751087,160.785589,149.114136,151.601439,157.646874,145.556004,154.624156,148.578722
2025-11-13,152.959490,2025-08-14,2025-06-30,1.920000,6.890325,22.199170,24.759617,1.846486,145.156031,157.878916,170.601801,183.324686,196.047570,,,,,,,,,,151.577613,161.425473,160.729051,149.246594,151.577613,157.596302,145.558925,154.586958,148.568269
2025-11-14,154.389018,2025-11-14,2025-09-30,1.680000,6.833144,22.594142,24.732448,1.854211,143.660190,156.330281,169.000371,181.670461,194.340551,,,,,,,,,,151.553788,161.195160,160.699552,149.402027,151.553788,157.521229,145.586347,154.537509,148.570067
2025-11-17,147.241379,2025-11-14,2025-09-30,1.680000,6.833144,21.548117,24.697182,1.874255,143.145286,155.952338,168.759390,181.566443,194.373495,,,,,,,,,,151.267882,160.710709,160.614272,149.522005,151.267882,157.494062,145.041703,154.380972,148.154793
2025-11-18,146.288360,2025-11-14,2025-09-30,1.680000,6.833144,21.408647,24.658277,1.893720,142.613418,155.553482,168.493546,181.433610,194.373674,,,,,,,,,,150.934326,160.385094,160.505923,149.630449,150.934326,157.485246,144.383406,154.209786,147.658866
2025-11-19,146.288360,2025-11-14,2025-09-30,1.680000,6.833144,21.408647,24.624325,1.915213,142.087695,155.174620,168.261545,181.348471,194.435396,,,,,,,,,,150.529293,159.948294,160.427829,149.748347,150.529293,157.181767,143.876819,153.855530,147.203056
2025-11-20,150.100435,2025-11-14,2025-09-30,1.680000,6.833144,21.966527,24.596879,1.929571,141.703928,154.888966,168.074004,181.259042,194.444080,,,,,,,,,,150.291038,159.606795,160.392847,149.885911,150.291038,156.623226,143.958850,153.457132,147.124944
2025-11-21,148.670907,2025-11-14,2025-09-30,1.680000,6.833144,21.757322,24.570166,1.946576,141.289008,154.590240,167.891472,181.192704,194.493936,,,,,,,,,,150.005133,159.209704,160.361079,150.028864,150.005133,156.068924,143.941342,153.037028,146.973237
2025-11-24,149.623925,2025-11-14,2025-09-30,1.680000,6.833144,21.896792,24.543996,1.961299,140.908981,154.310816,167.712651,181.114486,194.516322,,,,,,,,,,149.862180,158.804671,160.333472,150.172006,149.862180,155.813779,143.910580,152.837980,146.886380
2025-11-25,152.482981,2025-11-14,2025-09-30,1.680000,6.833144,22.315202,24.518218,1.970148,140.611892,154.074197,167.536503,180.998809,194.461115,,,,,,,,,,149.862180,158.367871,160.310781,150.323278,149.862180,155.813779,143.910580,152.837980,146.886380
2025-11-26,154.865528,2025-11-14,2025-09-30,1.680000,6.833144,22.663877,24.493488,1.974677,140.381020,153.874269,167.367518,180.860767,194.354016,,,,,,,,,,149.957482,157.899304,160.296599,150.480697,149.957482,156.173095,143.741868,153.065289,146.849675
2025-11-27,155.342037,2025-11-14,2025-09-30,1.680000,6.833144,22.733612,24.471815,1.979636,140.165149,153.692288,167.219426,180.746565,194.273703,,,,,,,,,,150.148086,157.446620,160.301516,150.640100,150.148086,156.786173,143.509998,153.467129,146.829042
2025-11-28,160.107130,2025-11-14,2025-09-30,1.680000,6.833144,23.430962,24.458430,1.981211,140.052167,153.590066,167.127965,180.665865,194.203764,,,,,,,,,,150.767548,157.128947,160.361269,150.811795,150.767548,158.646994,142.888101,154.707271,146.827824
2025-12-01,159.154112,2025-11-14,2025-09-30,1.680000,6.833144,23.291492,24.442645,1.982913,139.921043,153.470573,167.020102,180.569631,194.119160,,,,,,,,,,151.220231,156.811274,160.405516,150.981410,151.220231,159.934382,142.506081,155.577307,146.863156
2025-12-02,162.966186,2025-11-14,2025-09-30,1.680000,6.833144,23.849372,24.437700,1.983652,139.877147,153.431729,166.986311,180.540893,194.095475,,,,,,,,,,152.030297,156.612729,160.519349,151.172581,152.030297,161.931823,142.128771,156.981060,147.079534
2025-12-03,163.442695,2025-11-14,2025-09-30,1.680000,6.833144,23.919107,24.430240,1.983908,139.822687,153.379013,166.935338,180.491663,194.047989,,,,,,,,,,152.935665,156.485659,160.618243,151.318464,152.935665,163.545666,142.325664,158.240666,147.630664
2025-12-04,163.919205,2025-11-14,2025-09-30,1.680000,6.833144,23.988842,24.429553,1.984047,139.816082,153.373361,166.930641,180.487921,194.045201,,,,,,,,,,153.841033,156.382416,160.758927,151.475788,153.841033,164.969121,142.712944,159.405077,148.276988
2025-12-05,162.489677,2025-11-14,2025-09-30,1.680000,6.833144,23.779637,24.429598,1.984032,139.816602,153.373778,166.930954,180.488130,194.045306,,,,,,,,,,154.484320,156.191812,160.902825,151.644173,154.484320,166.064266,142.904375,160.274293,148.694348
2025-12-08,164.395714,2025-11-14,2025-09-30,1.680000,6.833144,24.058577,24.423301,1.984000,139.774007,153.330965,166.887923,180.444881,194.001839,,,,,,,,,,155.103782,156.128277,161.009662,151.837519,155.103782,167.427258,142.780307,161.265520,148.942045
2025-12-09,162.966186,2025-11-14,2025-09-30,1.680000,6.833144,23.849372,24.411546,1.983180,139.704892,153.256244,166.807596,180.358948,193.910300,,,,,,,,,,155.556466,156.017092,161.081894,152.036254,155.556466,168.351803,142.761130,161.954134,149.158798
2025-12-10,164.395714,2025-11-14,2025-09-30,1.680000,6.833144,24.058577,24.404010,1.982785,139.658791,153.207447,166.756104,180.304761,193.853417,,,,,,,,,,156.104452,155.961499,161.181167,152.240945,156.104452,169.444563,142.764341,162.774507,149.434396
2025-12-11,163.442695,2025-11-14,2025-09-30,1.680000,6.833144,23.919107,24.396550,1.982913,139.606076,153.155604,166.705131,180.254659,193.804186,,,,,,,,,,156.628612,155.921790,161.280062,152.437883,156.628612,170.268857,142.988367,163.448735,149.808490
2025-12-12,163.442695,2025-11-14,2025-09-30,1.680000,6.833144,23.919107,24.381042,1.979275,139.549818,153.074490,166.599162,180.123834,193.648505,,,,,,,,,,157.081296,155.937674,161.329793,152.634821,157.081296,171.006546,143.156046,164.043921,150.118671
2025-12-15,161.060149,2025-11-14,2025-09-30,1.680000,6.833144,23.570432,24.359533,1.973890,139.476432,152.964308,166.452185,179.940061,193.427938,,,,,,,,,,157.772235,155.921790,161.340760,152.821832,157.772235,170.995374,144.549095,164.383804,151.160665
2025-12-16,157.248074,2025-11-14,2025-09-30,1.680000,6.833144,23.012552,24.329660,1.966852,139.368487,152.808272,166.248058,179.687843,193.127628,,,,,,,,,,158.320220,155.874139,161.297269,152.992960,158.320220,170.398333,146.242108,164.359276,152.281164
2025-12-17,157.248074,2025-11-14,2025-09-30,1.680000,6.833144,23.012552,24.304120,1.963864,139.234808,152.654176,166.073544,179.492912,192.912280,,,,,,,,,,158.868206,155.802663,161.280251,153.154632,158.868206,169.563132,148.173280,164.215669,153.520743
2025-12-18,155.342037,2025-11-14,2025-09-30,1.680000,6.833144,22.733612,24.276257,1.962215,139.066955,152.475051,165.883147,179.291243,192.699339,,,,,,,,,,159.130286,155.699419,161.247349,153.308363,159.130286,169.156548,149.104024,164.143417,154.117155
2025-12-19,155.342037,2025-11-14,2025-09-30,1.680000,6.833144,22.733612,24.251488,1.962777,138.890028,152.301965,165.713902,179.125839,192.537776,,,,,,,,,,159.463843,155.612059,161.233356,153.460203,159.463843,168.410765,150.516921,163.937304,154.990382
2025-12-22,157.248074,2025-11-14,2025-09-30,1.680000,6.833144,23.012552,24.224711,1.957527,138.778801,152.154865,165.530928,178.906991,192.283054,,,,,,,,,,159.845050,155.492932,161.208774,153.606749,159.845050,167.596512,152.093589,163.720781,155.969319
2025-12-23,156.295056,2025-11-14,2025-09-30,1.680000,6.833144,22.873082,24.199867,1.955588,138.635539,151.998351,165.361164,178.723976,192.086788,,,,,,,,,,160.035654,155.397630,161.195160,153.700160,160.035654,167.189310,152.881998,163.612482,156.458826
2025-12-24,154.389018,2025-11-14,2025-09-30,1.680000,6.833144,22.594142,24.176877,1.958133,138.443662,151.823867,165.204072,178.584277,191.964482,,,,,,,,,,160.011828,155.294386,161.191189,153.730793,160.011828,167.240765,152.782892,163.626297,156.397360
2025-12-26,155.818546,2025-11-14,2025-09-30,1.680000,6.833144,22.803347,24.154981,1.958683,138.286522,151.670487,165.054452,178.438416,191.822381,,,,,,,,,,160.035654,155.286444,161.195160,153.748473,160.035654,167.202662,152.868646,163.619158,156.452150
2025-12-29,153.912509,2025-11-14,2025-09-30,1.680000,6.833144,22.524407,24.133360,1.962270,138.089767,151.498241,164.906715,178.315190,191.723664,,,,,,,,,,159.725923,155.214968,161.199131,153.758211,159.725923,167.397575,152.054271,163.561749,155.890097
2025-12-30,154.865528,2025-11-14,2025-09-30,1.680000,6.833144,22.663877,24.112252,1.964356,137.917020,151.339749,164.762479,178.185209,191.607939,,,,,,,,,,159.511494,155.143492,161.207073,153.798393,159.511494,167.484270,151.538717,163.497882,155.525105
2025-12-31,156.771565,2025-11-14,2025-09-30,1.680000,6.833144,22.942817,24.090218,1.962505,137.791764,151.201840,164.611916,178.021992,191.432068,,,,,,,,,,159.201763,155.056131,161.211043,153.835171,159.201763,167.090304,151.313221,163.146033,155.257492
2026-01-02,157.248074,2025-11-14,2025-09-30,1.680000,6.833144,23.012552,24.069415,1.960570,137.676056,151.072911,164.469766,177.866621,191.263476,,,,,,,,,,158.892031,154.968771,161.222956,153.898516,158.892031,166.562905,151.221158,162.727468,155.056595
2026-01-05,161.060149,2025-11-14,2025-09-30,1.680000,6.833144,23.570432,24.052610,1.956090,137.622447,150.988694,164.354941,177.721188,191.087435,,,,,,,,,,158.749079,154.984655,161.262665,153.983418,158.749079,166.126433,151.371724,162.437756,155.060401
2026-01-06,161.536658,2025-11-14,2025-09-30,1.680000,6.833144,23.640167,24.031187,1.946306,137.609769,150.909160,164.208551,177.507942,190.807333,,,,,,,,,,158.701428,154.976713,161.274578,154.092996,158.701428,165.988815,151.414041,162.345121,155.057734
2026-01-07,160.107130,2025-11-14,2025-09-30,1.680000,6.833144,23.430962,24.002819,1.929834,137.641045,150.827878,164.014711,177.201545,190.388378,,,,,,,,,,158.486999,155.008481,161.242811,154.204182,158.486999,165.306245,151.667752,161.896622,155.077375
2026-01-08,158.201093,2025-11-14,2025-09-30,1.680000,6.833144,23.152022,23.976028,1.919023,137.605724,150.718682,163.831641,176.944599,190.057558,,,,,,,,,,158.248744,155.087899,161.218985,154.328226,158.248744,164.733842,151.763645,161.491293,155.006195
2026-01-09,158.677602,2025-11-14,2025-09-30,1.680000,6.833144,23.221757,23.950467,1.908354,137.576873,150.616928,163.656983,176.697038,189.737092,,,,,,,,,,157.962838,155.222910,161.203102,154.448582,157.962838,163.776293,152.149384,160.869566,155.056111
2026-01-12,157.248074,2025-11-14,2025-09-30,1.680000,6.833144,23.012552,23.917963,1.890604,137.597337,150.516106,163.434876,176.353645,189.272415,,,,,,,,,,157.653107,155.286444,161.143538,154.551637,157.653107,162.866362,152.439853,160.259734,155.046480
2026-01-13,153.436000,2025-11-14,2025-09-30,1.680000,6.833144,22.454672,23.873009,1.860234,137.705207,150.416452,163.127697,175.838942,188.550187,,,,,,,,,,157.152772,155.262619,161.004556,154.597208,157.152772,161.928888,152.376657,159.540830,154.764715
2026-01-14,154.865528,2025-11-14,2025-09-30,1.680000,6.833144,22.663877,23.836949,1.841126,137.719942,150.300618,162.881293,175.461969,188.042645,,,,,,,,,,156.843041,155.294386,160.921167,154.656299,156.843041,161.347981,152.338101,159.095511,154.590571
2026-01-15,155.818546,2025-11-14,2025-09-30,1.680000,6.833144,22.803347,23.798150,1.812994,137.839276,150.227728,162.616179,175.004631,187.393082,,,,,,,,,,156.771565,155.342037,160.821894,154.721251,156.771565,161.294772,152.248358,159.033169,154.509961
2026-01-16,160.107130,2025-11-14,2025-09-30,1.680000,6.833144,23.430962,23.761982,1.775983,138.097938,150.233487,162.369035,174.504584,186.640132,,,,,,,,,,156.914518,155.437339,160.742476,154.770037,156.914518,161.675597,152.153439,159.295057,154.533978
2026-01-19,157.248074,2025-11-14,2025-09-30,1.680000,6.833144,23.012552,23.726227,1.747047,138.249078,150.186898,162.124718,174.062538,186.000358,,,,,,,,,,157.009820,155.477048,160.663058,154.822037,157.009820,161.714337,152.305302,159.362078,154.657561
2026-01-20,157.248074,2025-11-14,2025-09-30,1.680000,6.833144,23.012552,23.691773,1.719568,138.389170,150.139227,161.889285,173.639342,185.389400,,,,,,,,,,157.105122,155.524699,160.591581,154.909964,157.105122,161.744153,152.466090,159.424637,154.785606
2026-01-21,154.865528,2025-11-14,2025-09-30,1.680000,6.833144,22.663877,23.658963,1.701054,138.418002,150.041547,161.665091,173.288636,184.912180,,,,,,,,,,156.985994,155.564408,160.528047,154.980401,156.985994,161.730730,152.241259,159.358362,154.613627
2026-01-22,156.771565,2025-11-14,2025-09-30,1.680000,6.833144,22.942817,23.628478,1.680541,138.490024,149.973403,161.456782,172.940161,184.423540,,,,,,,,,,157.009820,155.635884,160.480396,155.034197,157.009820,161.744722,152.274917,159.377271,154.642369
2026-01-23,157.724584,2025-11-14,2025-09-30,1.680000,6.833144,23.082287,23.598505,1.657594,138.598816,149.925394,161.251972,172.578550,183.905128,,,,,,,,,,157.176598,155.715303,160.436716,155.088182,157.176598,161.755213,152.597983,159.465906,154.887290
2026-01-26,158.677602,2025-11-14,2025-09-30,1.680000,6.833144,23.221757,23.563843,1.620914,138.863251,149.939188,161.015125,172.091063,183.167000,,,,,,,,,,157.319551,155.834430,160.365239,155.140466,157.319551,161.898166,152.740935,159.608858,155.030243
2026-01-27,158.201093,2025-11-14,2025-09-30,1.680000,6.833144,23.152022,23.530551,1.587379,139.094056,149.940845,160.787634,171.634423,182.481212,,,,,,,,,,157.533980,156.009150,160.301705,155.177528,157.533980,161.833974,153.233986,159.683977,155.383983
2026-01-28,159.154112,2025-11-14,2025-09-30,1.680000,6.833144,23.291492,23.500371,1.556659,139.307662,149.944536,160.581411,171.218285,181.855160,,,,,,,,,,157.748409,156.160045,160.258025,155.209106,157.748409,161.913725,153.583093,159.831067,155.665751
2026-01-29,159.630621,2025-11-14,2025-09-30,1.680000,6.833144,23.361227,23.464922,1.509901,139.704437,150.021808,160.339180,170.656551,180.973923,,,,,,,,,,157.891362,156.374474,160.182578,155.236997,157.891362,162.111405,153.671319,160.001383,155.781340
2026-01-30,156.771565,2025-11-14,2025-09-30,1.680000,6.833144,22.942817,23.417535,1.433773,140.421019,150.218198,160.015377,169.812556,179.609735,,,,,,,,,,157.867536,156.565078,160.031683,155.205702,157.867536,162.108202,153.626871,159.987869,155.747204
2026-02-02,154.389018,2025-11-14,2025-09-30,1.680000,6.833144,22.594142,23.371792,1.369805,140.982671,150.342742,159.702814,169.062885,178.422956,,,,,,,,,,157.533980,156.708030,159.888730,155.173935,157.533980,161.766747,153.301213,159.650364,155.417596
2026-02-03,155.818546,2025-11-14,2025-09-30,1.680000,6.833144,22.803347,23.328444,1.302604,141.604843,150.505724,159.406605,168.307487,177.208368,,,,,,,,,,157.248074,156.811274,159.761661,155.153797,157.248074,161.097584,153.398564,159.172829,155.323319
2026-02-04,155.342037,2025-11-14,2025-09-30,1.680000,6.833144,22.733612,23.279313,1.208798,142.551109,150.810999,159.070889,167.330780,175.590670,,,,,,,,,,157.009820,156.866867,159.598854,155.120328,157.009820,160.700845,153.318794,158.855332,155.164307
2026-02-05,154.389018,2025-11-14,2025-09-30,1.680000,6.833144,22.594142,23.238772,1.147461,143.112338,150.953100,158.793863,166.634625,174.475388,,,,,,,,,,156.819216,156.874809,159.487668,155.073433,156.819216,160.642560,152.995872,158.730888,154.907544
2026-02-06,152.959490,2025-11-14,2025-09-30,1.680000,6.833144,22.384937,23.214386,1.134064,143.128795,150.878014,158.627233,166.376452,174.125671,,,,,,,,,,156.533310,156.866867,159.308977,155.007346,156.533310,160.617795,152.448825,158.575553,154.491068
2026-02-09,165.348733,2025-11-14,2025-09-30,1.680000,6.833144,24.198047,23.207415,1.125318,143.200677,150.890138,158.579598,166.269059,173.958519,,,,,,,,,,156.938343,157.073354,159.249413,155.015571,156.938343,162.616818,151.259869,159.777580,154.099106
2026-02-10,160.583640,2025-11-14,2025-09-30,1.680000,6.833144,23.500697,23.199819,1.120182,143.218962,150.873329,158.527696,166.182063,173.836431,,,,,,,,,,157.295725,157.176598,159.185879,155.013397,157.295725,162.945717,151.645734,160.120721,154.470729
2026-02-11,160.583640,2025-11-14,2025-09-30,1.680000,6.833144,23.500697,23.182426,1.098792,143.392445,150.900647,158.408849,165.917051,173.425253,,,,,,,,,,157.581631,157.398969,159.054839,155.020677,157.581631,163.292214,151.871048,160.436922,154.726339
2026-02-23,165.348733,2025-11-14,2025-09-30,1.680000,6.833144,24.198047,23.183524,1.099747,143.386886,150.901616,158.416346,165.931076,173.445806,,,,,,,,,,158.058140,157.716642,159.050868,155.061048,158.058140,164.668806,151.447474,161.363473,154.752807
2026-02-24,163.919205,2025-11-14,2025-09-30,1.680000,6.833144,23.988842,23.174809,1.089047,143.473567,150.915183,158.356799,165.798415,173.240031,,,,,,,,,,158.248744,158.010489,158.979392,155.108699,158.248744,165.312460,151.185028,161.780602,154.716886
2026-02-25,167.731279,2025-11-14,2025-09-30,1.680000,6.833144,24.546722,23.173049,1.086635,143.494507,150.919639,158.344771,165.769903,173.195035,,,,,,,,,,158.772904,158.304337,158.955566,155.183579,158.772904,166.986227,150.559582,162.879565,154.666243
2026-02-26,169.160807,2025-11-14,2025-09-30,1.680000,6.833144,24.755927,23.170727,1.082915,143.529479,150.929191,158.328904,165.728616,173.128328,,,,,,,,,,159.368541,158.645835,158.927770,155.258742,159.368541,168.759650,149.977432,164.064095,154.672986
2026-03-02,170.590335,2025-11-14,2025-09-30,1.680000,6.833144,24.965132,23.168419,1.078751,143.570616,150.941875,158.313135,165.684395,173.055655,,,,,,,,,,160.154781,158.995275,158.899973,155.319063,160.154781,170.539025,149.770537,165.346903,154.962659
2026-03-03,166.778261,2025-11-14,2025-09-30,1.680000,6.833144,24.407252,23.155700,1.054601,143.813744,151.019982,158.226220,165.432458,172.638696,,,,,,,,,,160.655116,159.233530,158.800701,155.374844,160.655116,171.313665,149.996567,165.984390,155.325842
2026-03-04,160.107130,2025-11-14,2025-09-30,1.680000,6.833144,23.430962,23.129657,1.007459,144.280041,151.164156,158.048271,164.932385,171.816500,,,,,,,,,,160.774243,159.320890,158.610097,155.414175,160.774243,171.347801,150.200686,166.061022,155.487464
2026-03-05,164.872223,2025-11-14,2025-09-30,1.680000,6.833144,24.128312,23.110003,0.963459,144.747063,151.330515,157.913968,164.497421,171.080874,,,,,,,,,,161.083974,159.479726,158.463173,155.467688,161.083974,171.761343,150.406606,166.422659,155.745290
2026-03-06,170.590335,2025-11-14,2025-09-30,1.680000,6.833144,24.965132,23.101356,0.941689,144.985493,151.420187,157.854882,164.289577,170.724272,,,,,,,,,,161.703436,159.654446,158.391697,155.509099,161.703436,173.090545,150.316328,167.396991,156.009882
2026-03-09,160.583640,2025-11-14,2025-09-30,1.680000,6.833144,23.500697,23.081658,0.907507,145.318028,151.519156,157.720283,163.921411,170.122538,,,,,,,,,,161.774913,159.678272,158.244773,155.523943,161.774913,173.112483,150.437343,167.443698,156.106128
2026-03-10,166.778261,2025-11-14,2025-09-30,1.680000,6.833144,24.407252,23.073549,0.890992,145.488326,151.576599,157.664872,163.753145,169.841418,,,,,,,,,,162.132295,159.741806,158.177267,155.589179,162.132295,173.634683,150.629907,167.883489,156.381101
2026-03-11,169.160807,2025-11-14,2025-09-30,1.680000,6.833144,24.755927,23.072956,0.889837,145.500047,151.580433,157.660818,163.741204,169.821589,,,,,,,,,,162.751757,159.837108,158.161384,155.664343,162.751757,174.372395,151.131119,168.562076,156.941438
2026-03-12,168.684298,2025-11-14,2025-09-30,1.680000,6.833144,24.686192,23.072934,0.889798,145.500442,151.580556,157.660670,163.740784,169.820898,,,,,,,,,,163.466521,159.916526,158.149471,155.762103,163.466521,174.672518,152.260524,169.069519,157.863522
2026-03-13,169.160807,2025-11-14,2025-09-30,1.680000,6.833144,24.755927,23.068883,0.880901,145.594339,151.613664,157.632989,163.652314,169.671639,,,,,,,,,,164.133634,160.027712,158.109762,155.846721,164.133634,175.006205,153.261063,169.569920,158.697348
2026-03-16,173.925900,2025-11-14,2025-09-30,1.680000,6.833144,25.453278,23.077559,0.899180,145.403827,151.548050,157.692273,163.836496,169.980719,,,,,,,,,,165.062827,160.186548,158.157413,155.949303,165.062827,175.948251,154.177403,170.505539,159.620115
2026-03-17,171.066844,2025-11-14,2025-09-30,1.680000,6.833144,25.034868,23.081019,0.905937,145.335119,151.525518,157.715917,163.906316,170.096715,,,,,,,,,,165.896718,160.321559,158.169326,156.041863,165.896718,175.855049,155.938388,170.875884,160.917553
2026-03-18,171.066844,2025-11-14,2025-09-30,1.680000,6.833144,25.034868,23.086784,0.916180,145.234538,151.494925,157.755313,164.015700,170.276088,,,,,,,,,,166.802086,160.432745,158.197122,156.138205,166.802086,174.932784,158.671388,170.867435,162.736737
2026-03-19,165.825242,2025-11-14,2025-09-30,1.680000,6.833144,24.267782,23.088463,0.918172,145.218785,151.492783,157.766781,164.040779,170.314777,,,,,,,,,,166.825912,160.472454,158.197122,156.205143,166.825912,174.941456,158.710367,170.883684,162.768139
2026-03-20,165.825242,2025-11-14,2025-09-30,1.680000,6.833144,24.267782,23.094175,0.923387,145.186538,151.496176,157.805814,164.115452,170.425090,,,,,,,,,,167.087992,160.512163,158.224918,156.270190,167.087992,174.676161,159.499822,170.882076,163.293907
2026-03-23,161.060149,2025-11-14,2025-09-30,1.680000,6.833144,23.570432,23.094652,0.923621,145.186614,151.497845,157.809077,164.120308,170.431540,,,,,,,,,,167.111817,160.512163,158.216977,156.313492,167.111817,174.616530,159.607104,170.864174,163.359461
2026-03-24,161.536658,2025-11-14,2025-09-30,1.680000,6.833144,23.640167,23.098016,0.924876,145.192445,151.512253,157.832062,164.151870,170.471679,,,,,,,,,,166.921213,160.583640,158.228889,156.370125,166.921213,174.798840,159.043587,170.860027,162.982400
2026-03-25,173.925900,2025-11-14,2025-09-30,1.680000,6.833144,25.453278,23.114760,0.949064,144.976298,151.461388,157.946477,164.431566,170.916655,,,,,,,,,,167.421548,160.861603,158.332133,156.489725,167.421548,175.754332,159.088764,171.587940,163.255156
2026-03-26,168.684298,2025-11-14,2025-09-30,1.680000,6.833144,24.686192,23.125112,0.959403,144.905732,151.461472,158.017212,164.572952,171.128691,,,,,,,,,,167.469199,161.083974,158.391697,156.625303,167.469199,175.820321,159.118078,171.644760,163.293638
2026-03-27,166.301751,2025-11-14,2025-09-30,1.680000,6.833144,24.337517,23.133711,0.965639,144.879271,151.477620,158.075968,164.674317,171.272665,,,,,,,,,,167.326246,161.266636,158.439348,156.735827,167.326246,175.653292,158.999201,171.489769,163.162724
2026-03-30,162.966186,2025-11-14,2025-09-30,1.680000,6.833144,23.849372,23.133631,0.965579,144.879546,151.477485,158.075424,164.673364,171.271303,,,,,,,,,,166.945039,161.361938,158.427435,156.822998,166.945039,175.340689,158.549389,171.142864,162.747214
2026-03-31,159.630621,2026-03-31,2025-12-31,1.560000,6.871264,23.231623,23.131285,0.964991,145.679760,152.310468,158.941176,165.571884,172.202591,,,,,,,,,,166.587657,161.417531,158.407580,156.954889,166.587657,175.599129,157.576185,171.093393,162.081921
2026-04-01,162.966186,2026-03-31,2025-12-31,1.560000,6.871264,23.717060,23.134714,0.966345,145.684702,152.324717,158.964732,165.604747,172.244762,,,,,,,,,,166.730610,161.560484,158.427435,157.134714,166.730610,175.393180,158.068040,171.061895,162.399325
2026-04-02,163.919205,2026-03-31,2025-12-31,1.560000,6.871264,23.855756,23.144484,0.967669,145.733649,152.382759,159.031870,165.680980,172.330090,,,,,,,,,,166.682959,161.695495,158.490969,157.367674,166.682959,175.398892,157.967026,171.040925,162.324992
2026-04-07,167.254770,2026-03-31,2025-12-31,1.560000,6.871264,24.341193,23.155995,0.973652,145.730524,152.420744,159.110964,165.801184,172.491404,,,,,,,,,,166.516181,161.917866,158.566417,157.571042,166.516181,175.042902,157.989459,170.779541,162.252820
2026-04-08,173.449391,2026-03-31,2025-12-31,1.560000,6.871264,25.242718,23.173866,0.992089,145.599954,152.416857,159.233760,166.050663,172.867566,,,,,,,,,,167.159468,162.227597,158.685544,157.811566,167.159468,175.742764,158.576172,171.451116,162.867820
2026-04-09,172.496372,2026-03-31,2025-12-31,1.560000,6.871264,25.104022,23.187123,1.007175,145.483720,152.404288,159.324855,166.245422,173.165989,,,,,,,,,,167.445374,162.489677,158.772904,158.048118,167.445374,176.350121,158.540626,171.897747,162.993000
2026-04-10,189.650708,2026-03-31,2025-12-31,1.560000,6.871264,27.600555,23.220609,1.084271,144.654322,152.104632,159.554942,167.005253,174.455563,,,,,,,,,,168.469869,163.029721,158.999246,158.325893,168.469869,181.813831,155.125906,175.141850,161.797887
2026-04-13,208.234571,2026-03-31,2025-12-31,1.560000,6.871264,30.305132,23.279514,1.262502,142.609731,151.284713,159.959695,168.634677,177.309660,,,,,,,,,,170.447382,163.815961,159.400308,158.694337,170.447382,192.684221,148.210544,181.565802,159.328963
2026-04-14,228.724472,2026-03-31,2025-12-31,1.560000,6.871264,33.287101,23.360964,1.558324,139.104046,149.811702,160.519358,171.227013,181.934669,,,,,,,,,,173.425566,164.935758,159.956236,159.151937,173.425566,207.656786,139.194345,190.541176,156.309955
2026-04-15,251.596919,2026-03-31,2025-12-31,1.560000,6.871264,36.615811,23.474763,1.972399,134.195554,147.748429,161.301303,174.854177,188.407052,,,,,,,,,,177.309117,166.460588,160.734534,159.701057,177.309117,226.244754,128.373479,201.776935,152.841298
2026-04-16,257.315031,2026-03-31,2025-12-31,1.560000,6.871264,37.447989,23.601260,2.345795,129.933339,146.051919,162.170499,178.289078,194.407658,,,,,,,,,,181.621526,168.112487,161.600193,160.291021,181.621526,242.084393,121.158659,211.852959,151.390092
2026-04-17,253.026447,2026-03-31,2025-12-31,1.560000,6.871264,36.823856,23.726014,2.632605,126.849071,144.938393,163.027716,181.117038,199.206360,,,,,,,,,,185.719506,169.684967,162.453939,160.865007,185.719506,253.800332,117.638680,219.759919,151.679093
2026-04-20,278.281441,2026-03-31,2025-12-31,1.560000,6.871264,40.499307,23.877939,3.041990,122.266990,143.169311,164.071631,184.973952,205.876272,,,,,,,,,,191.342316,171.702190,163.494317,161.534767,191.342316,270.223779,112.460853,230.783047,151.901585
2026-04-21,280.663987,2026-03-31,2025-12-31,1.560000,6.871264,40.846047,24.031025,3.410721,118.251584,141.687553,165.123522,188.559490,211.995459,,,,,,,,,,197.084253,173.822657,164.542638,162.206891,197.084253,284.411463,109.757043,240.747858,153.420648
2026-04-22,287.811627,2026-03-31,2025-12-31,1.560000,6.871264,41.886269,24.195084,3.775812,114.361616,140.306216,166.250816,192.195416,218.140016,,,,,,,,,,203.421827,176.038425,165.666406,162.874761,203.421827,297.849879,108.993775,250.635853,156.207801
2026-04-23,304.012944,2026-03-31,2025-12-31,1.560000,6.871264,44.244105,24.378791,4.191311,109.913909,138.713515,167.513120,196.312726,225.112332,,,,,,,,,,210.545641,178.508332,166.925184,163.617699,210.545641,312.838669,108.252614,261.692155,159.399127
2026-04-24,288.764646,2026-03-31,2025-12-31,1.560000,6.871264,42.024965,24.542278,4.485995,106.987558,137.812017,168.636476,199.460935,230.285394,,,,,,,,,,216.287579,180.652624,168.044981,164.289539,216.287579,322.733673,109.841484,269.510626,163.064532
2026-04-27,277.804931,2026-03-31,2025-12-31,1.560000,6.871264,40.429958,24.691896,4.710293,104.933209,137.298875,169.664541,202.030207,234.395873,,,,,,,,,,221.743610,182.661905,169.069476,164.919496,221.743610,329.098515,114.388706,275.421063,168.066158
2026-04-28,278.281441,2026-03-31,2025-12-31,1.560000,6.871264,40.499307,24.842668,4.921365,103.068540,136.884538,170.700537,204.516536,238.332534,,,,,,,,,,227.342595,184.679127,170.101913,165.500384,227.342595,334.201934,120.483255,280.772265,173.912925
2026-04-29,296.388795,2026-03-31,2025-12-31,1.560000,6.871264,43.134535,25.017705,5.190260,100.575968,136.239617,171.903267,207.566917,243.230567,,,,,,,,,,234.013725,187.037848,171.301128,166.203991,234.013725,340.609705,127.417745,287.311715,180.715735
2026-04-30,291.147192,2026-03-31,2025-12-31,1.560000,6.871264,42.371706,25.186386,5.419484,98.584909,135.823613,173.062317,210.301022,247.539726,,,,,,,,,,240.589554,189.277442,172.456663,166.885759,240.589554,344.045006,137.134101,292.317280,188.861828
2026-05-04,280.187478,2026-03-31,2025-12-31,1.560000,6.871264,40.776699,25.341199,5.595905,97.224195,135.675136,174.126077,212.577017,251.027958,,,,,,,,,,246.450618,191.318490,173.516897,167.519970,246.450618,344.532176,148.369060,295.491397,197.409839
2026-05-05,272.086820,2026-03-31,2025-12-31,1.560000,6.871264,39.597781,25.487916,5.736388,96.301732,135.717971,175.134210,214.550450,253.966689,,,,,,,,,,251.858999,193.208644,174.521537,168.093956,251.858999,342.419512,161.298486,297.139256,206.578742
2026-05-06,273.516347,2026-03-31,2025-12-31,1.560000,6.871264,39.805825,25.640978,5.870897,95.504962,135.845449,176.185936,216.526423,256.866910,,,,,,,,,,257.172078,195.130565,175.569858,168.619062,257.172078,338.867688,175.476468,298.019883,216.324273
2026-05-07,270.657292,2026-03-31,2025-12-31,1.560000,6.871264,39.389736,25.787690,5.992429,94.842907,136.018472,177.194037,218.369601,259.545166,,,,,,,,,,262.032473,196.988951,176.574498,169.130364,262.032473,333.707491,190.357455,297.869982,226.194964
2026-05-08,244.925788,2026-03-31,2025-12-31,1.560000,6.871264,35.644938,25.907230,6.045005,94.941773,136.478600,178.015427,219.552254,261.089081,,,,,,,,,,265.653944,198.410537,177.392506,169.542015,265.653944,324.441408,206.866479,295.047676,236.260212
2026-05-11,257.315031,2026-03-31,2025-12-31,1.560000,6.871264,37.447989,26.043525,6.119461,94.855078,136.903510,178.951942,221.000374,263.048806,,,,,,,,,,269.037160,200.086262,178.325670,169.965579,269.037160,316.008508,222.065811,292.522834,245.551486
2026-05-12,258.268049,2026-03-31,2025-12-31,1.560000,6.871264,37.586685,26.180398,6.192604,94.790395,137.341416,179.892438,222.443460,264.994481,,,,,,,,,,271.538834,201.817579,179.262805,170.332604,271.538834,309.302120,233.775548,290.420477,252.657191
2026-05-13,252.549938,2026-03-31,2025-12-31,1.560000,6.871264,36.754508,26.305727,6.253363,94.816583,137.785094,180.753604,223.722114,266.690625,,,,,,,,,,272.730107,203.429769,180.120522,170.611513,272.730107,306.048155,239.412059,289.389131,256.071083
2026-05-14,260.174087,2026-03-31,2025-12-31,1.560000,6.871264,37.864078,26.437421,6.329162,94.679815,138.169160,181.658505,225.147850,268.637195,,,,,,,,,,273.158965,205.176970,181.021918,170.997826,273.158965,305.539278,240.778653,289.349122,256.968809
2026-05-15,271.610310,2026-05-15,2026-03-31,2.520000,7.319183,37.109375,26.560520,6.392090,100.831547,147.616427,194.401306,241.186186,287.971065,,,,,,,,,,273.873729,207.130658,182.002733,171.433681,273.873729,305.401336,242.346123,289.637533,258.109926
2026-05-18,254.455975,2026-05-15,2026-03-31,2.520000,7.319183,34.765625,26.664664,6.423302,101.136905,148.150230,195.163556,242.176882,289.190208,,,,,,,,,,273.945206,208.822266,182.844566,171.815078,273.945206,305.279701,242.610711,289.612453,258.277958
2026-05-19,247.784844,2026-05-15,2026-03-31,2.520000,7.319183,33.854167,26.761789,6.443298,101.555072,148.714752,195.874432,243.034112,290.193792,,,,,,,,,,272.420376,210.196201,183.634778,172.181914,272.420376,305.769722,239.071030,289.095049,255.745703
2026-05-20,237.301639,2026-05-15,2026-03-31,2.520000,7.319183,32.421875,26.843687,6.452332,102.022263,149.248060,196.473857,243.699653,290.925450,,,,,,,,,,270.252259,211.474835,184.325716,172.512634,270.252259,306.827210,233.677307,288.539734,251.964783
2026-05-21,256.362012,2026-05-15,2026-03-31,2.520000,7.319183,35.026042,26.956003,6.476636,102.488542,149.892230,197.295918,244.699606,292.103295,,,,,,,,,,268.679778,213.071141,185.235055,172.924664,268.679778,304.777182,232.582374,286.728480,250.631076
2026-05-22,263.033143,2026-05-15,2026-03-31,2.520000,7.319183,35.937500,27.077076,6.507789,102.918682,150.550381,198.182079,245.813778,293.445476,,,,,,,,,,266.630788,214.699214,186.207928,173.356926,266.630788,298.712400,234.549175,282.671594,250.589982
2026-05-25,274.469366,2026-05-15,2026-03-31,2.520000,7.319183,37.500000,27.211171,6.555615,103.200043,151.181793,199.163542,247.145292,295.127042,,,,,,,,,,265.916024,216.541717,187.276103,173.851966,265.916024,296.524450,235.307598,281.220237,250.611811
2026-05-26,279.234459,2026-05-15,2026-03-31,2.520000,7.319183,38.151042,27.346042,6.613042,103.346555,151.748621,200.150688,248.552754,296.954820,,,,,,,,,,265.987500,218.400103,188.352220,174.372533,265.987500,296.719250,235.255750,281.353375,250.621625
2026-05-27,276.375403,2026-05-15,2026-03-31,2.520000,7.319183,37.760417,27.479401,6.660581,103.626737,152.376752,201.126767,249.876782,298.626797,,,,,,,,,,265.892198,220.187013,189.416424,174.888752,265.892198,296.474884,235.309513,281.183541,250.600856
2026-05-28,259.697577,2026-05-15,2026-03-31,2.520000,7.319183,35.481771,27.592609,6.680319,104.166405,153.060882,201.955359,250.849835,299.744312,,,,,,,,,,264.057638,221.672134,190.333705,175.333588,264.057638,291.139178,236.976097,277.598408,250.516867
2026-05-29,264.462670,2026-05-15,2026-03-31,2.520000,7.319183,36.132812,27.707756,6.707619,104.609561,153.703850,202.798139,251.892427,300.986716,,,,,,,,,,262.723411,223.300207,191.266869,175.788825,262.723411,286.628547,238.818276,274.675979,250.770844
2026-06-01,265.415689,2026-05-15,2026-03-31,2.520000,7.319183,36.263021,27.821082,6.736503,105.016196,154.321895,203.627594,252.933293,302.238992,,,,,,,,,,261.984822,225.055350,192.188120,176.242360,261.984822,284.489830,239.479814,273.237326,250.732318
2026-06-02,259.221068,2026-05-15,2026-03-31,2.520000,7.319183,35.416667,27.926774,6.755481,105.511969,154.956572,204.401174,253.845776,303.290379,,,,,,,,,,261.341534,226.627831,193.053779,176.677647,261.341534,283.360998,239.322071,272.351266,250.331803
2026-06-03,265.892198,2026-05-15,2026-03-31,2.520000,7.319183,36.328125,28.034251,6.785879,105.853629,155.520721,205.187813,254.854905,304.521997,,,,,,,,,,260.960327,228.216195,193.935321,177.148295,260.960327,282.347218,239.573436,271.653772,250.266881
2026-06-04,263.509652,2026-05-15,2026-03-31,2.520000,7.319183,36.002604,28.140177,6.810388,106.270149,156.116627,205.963104,255.809582,305.656060,,,,,,,,,,260.602945,229.931629,194.804950,177.605233,260.602945,281.541749,239.664141,271.072347,250.133543
2026-06-05,268.274745,2026-05-15,2026-03-31,2.520000,7.319183,36.653646,28.246879,6.842825,106.576294,156.660186,206.744078,256.827970,306.911862,,,,,,,,,,261.770393,231.623237,195.682522,178.100935,261.770393,281.603294,241.937492,271.686843,251.853942
2026-06-08,269.227764,2026-05-15,2026-03-31,2.520000,7.319183,36.783854,28.354085,6.875152,106.887747,157.208244,207.528740,257.849236,308.169732,,,,,,,,,,262.366029,233.291019,196.564064,178.591154,262.366029,282.350499,242.381560,272.358264,252.373795
2026-06-09,276.375403,2026-05-15,2026-03-31,2.520000,7.319183,37.760417,28.468848,6.916489,107.122607,157.745659,208.368712,258.991765,309.614817,,,,,,,,,,263.271397,235.085871,197.501199,179.130063,263.271397,284.097118,242.445676,273.684258,252.858537
2026-06-10,255.885503,2026-05-15,2026-03-31,2.520000,7.319183,34.960938,28.562026,6.928093,107.634735,158.342715,209.050695,259.758675,310.466656,,,,,,,,,,263.438175,236.531283,198.279497,179.591161,263.438175,283.953490,242.922861,273.695833,253.180518
2026-06-11,253.502956,2026-05-15,2026-03-31,2.520000,7.319183,34.635417,28.650166,6.937591,108.140807,158.918309,209.695810,260.473312,311.250814,,,,,,,,,,263.104619,237.857567,199.022058,180.015860,263.104619,284.055691,242.153547,273.580155,252.629083
2026-06-12,260.650596,2026-05-15,2026-03-31,2.520000,7.319183,35.611979,28.748188,6.952272,108.643339,159.528294,210.413249,261.298205,312.183160,,,,,,,,,,262.556633,239.350629,199.836094,180.458994,262.556633,283.141093,241.972174,272.848863,252.264404
2026-06-15,265.415689,2026-05-15,2026-03-31,2.520000,7.319183,36.263021,28.849891,6.972332,109.094090,160.125863,211.157637,262.189411,313.221185,,,,,,,,,,263.104619,240.923110,200.677928,180.929547,263.104619,283.362003,242.847235,273.233311,252.975927
2026-06-16,263.509652,2026-05-15,2026-03-31,2.520000,7.319183,36.002604,28.950587,6.987761,109.605241,160.749945,211.894648,263.039352,314.184056,,,,,,,,,,263.890859,242.551184,201.511819,181.395940,263.890859,282.821885,244.959834,273.356372,254.425347
2026-06-17,264.939180,2026-05-15,2026-03-31,2.520000,7.319183,36.197917,29.052911,7.003348,110.125996,161.384784,212.643572,263.902361,315.161149,,,,,,,,,,265.272736,244.203083,202.357623,181.843708,265.272736,279.476097,251.069376,272.374417,258.171056
2026-06-18,262.080124,2026-05-15,2026-03-31,2.520000,7.319183,35.807292,29.154884,7.011932,110.746708,162.068322,213.389937,264.711552,316.033167,,,,,,,,,,265.558642,245.886749,203.199456,182.270108,265.558642,279.226894,251.890390,272.392768,258.724516
2026-06-22,279.234459,2026-05-15,2026-03-31,2.520000,7.319183,38.151042,29.281039,7.036632,111.308486,162.810884,214.313282,265.815680,317.318078,,,,,,,,,,266.368708,247.848379,204.216009,182.756639,266.368708,281.271381,251.466034,273.820045,258.917371
2026-06-23,268.751254,2026-05-15,2026-03-31,2.520000,7.319183,36.718750,29.395257,7.045261,112.018155,163.583711,215.149267,266.714823,318.280379,,,,,,,,,,266.082802,249.428802,205.145202,183.212727,266.082802,280.543981,251.621623,273.313391,258.852213
2026-06-24,265.892198,2026-05-15,2026-03-31,2.520000,7.319183,36.328125,29.508544,7.046541,112.828585,164.403512,215.978440,267.553367,319.128294,,,,,,,,,,265.415689,251.048933,206.066454,183.656901,265.415689,278.486480,252.344898,271.951085,258.880294
2026-06-25,267.321726,2026-05-15,2026-03-31,2.520000,7.319183,36.523438,29.623460,7.047570,113.654621,165.237073,216.819525,268.401977,319.984429,,,,,,,,,,264.963005,252.732599,206.999618,184.116487,264.963005,277.023691,252.902320,270.993348,258.932662
2026-06-26,259.221068,2026-05-15,2026-03-31,2.520000,7.319183,35.416667,29.726827,7.040755,114.510944,166.043518,217.576092,269.108665,320.641239,,,,,,,,,,264.939180,254.336847,207.849393,184.529084,264.939180,277.045458,252.832901,270.992319,258.886040
2026-06-29,260.174087,2026-05-15,2026-03-31,2.520000,7.319183,35.546875,29.832442,7.032133,115.410175,166.879641,218.349107,269.818573,321.288039,,,,,,,,,,264.724751,256.012572,208.715051,184.955106,264.724751,277.017058,252.432443,270.870904,258.578597
2026-06-30,266.845217,2026-05-15,2026-03-31,2.520000,7.319183,36.458333,29.947977,7.026100,116.344105,167.769417,219.194728,270.620039,322.045350,,,,,,,,,,264.796227,257.743889,209.652186,185.421688,264.796227,277.122029,252.470425,270.959128,258.633326
2026-07-01,273.039838,2026-05-15,2026-03-31,2.520000,7.319183,37.304688,30.068822,7.026891,117.217007,168.648109,220.079211,271.510313,322.941415,,,,,,,,,,265.487165,259.562566,210.629030,185.912095,265.487165,278.044172,252.930159,271.765669,259.208662
2026-07-02,274.469366,2026-05-15,2026-03-31,2.520000,7.319183,37.500000,30.193618,7.024759,118.161623,169.577121,220.992620,272.408119,323.823618,,,,,,,,,,265.916024,261.349476,211.633671,186.416401,265.916024,279.101422,252.730625,272.508723,259.323325
2026-07-03,277.804931,2026-05-15,2026-03-31,2.520000,7.319183,37.955729,30.321050,7.025719,119.080272,170.502796,221.925319,273.347842,324.770366,,,,,,,,,,266.630788,263.088735,212.658166,186.932619,266.630788,280.781464,252.480112,273.706126,259.555450
2026-07-06,273.992857,2026-05-15,2026-03-31,2.520000,7.319183,37.434896,30.441818,7.022380,120.013066,171.411152,222.809237,274.207323,325.605408,,,,,,,,,,266.916693,264.780343,213.635010,187.423027,266.916693,281.433546,252.399841,274.175120,259.658267
2026-07-07,268.751254,2026-05-15,2026-03-31,2.520000,7.319183,36.718750,30.556036,7.011986,121.001208,172.323215,223.645222,274.967229,326.289235,,,,,,,,,,266.892868,266.098686,214.564203,187.893580,266.892868,281.395307,252.390429,274.144088,259.641648
2026-07-08,268.751254,2026-05-15,2026-03-31,2.520000,7.319183,36.718750,30.665605,7.004635,121.910764,173.178972,224.447180,275.715388,326.983596,,,,,,,,,,266.511661,267.107297,215.461629,188.362147,266.511661,280.350221,252.673100,273.430941,259.592380
2026-07-09,260.000000,2026-05-15,2026-03-31,2.520000,7.319183,35.523090,30.764630,6.988458,122.872352,174.022155,225.171957,276.321760,327.471562,,,,,,,,,,266.717385,267.628556,216.282157,188.778368,266.717385,280.002061,253.432710,273.359723,260.075048
2026-07-13,248.000000,2026-05-15,2026-03-31,2.520000,7.319183,33.883563,30.851735,6.961371,123.906401,174.857948,225.809495,276.761041,327.712588,,,,,,,,,,266.442238,267.568607,217.014598,189.128704,266.442238,281.042148,251.842327,273.742193,259.142282
2026-07-14,236.500000,2026-05-15,2026-03-31,2.520000,7.319183,32.312349,30.928071,6.926365,124.977541,175.672877,226.368212,277.063548,327.758883,,,,,,,,,,265.234708,267.221690,217.667088,189.443037,265.234708,284.950208,245.519208,275.092458,255.376958
2026-07-15,235.000000,2026-05-15,2026-03-31,2.520000,7.319183,32.107408,31.002118,6.890692,126.041698,176.475937,226.910176,277.344416,327.778655,,,,,,,,,,263.713923,266.921249,218.303108,189.753105,263.713923,287.618024,239.809823,275.665974,251.761873
2026-07-16,232.500000,2026-05-15,2026-03-31,2.520000,7.319183,31.765840,31.075062,6.851625,127.147472,177.295770,227.444067,277.592365,327.740662,,,,,,,,,,262.163441,266.158225,218.930208,190.036873,262.163441,289.847242,234.479640,276.005341,248.321540
2026-07-17,218.500000,2026-05-15,2026-03-31,2.520000,7.319183,29.853058,31.136715,6.806542,128.258661,178.076990,227.895319,277.713647,327.531976,,,,,,,,,,259.841482,265.122159,219.472408,190.238482,259.841482,293.656232,226.026731,276.748857,242.934107
2026-07-20,211.000000,2026-05-15,2026-03-31,2.520000,7.319183,28.828354,31.188086,6.765195,129.239907,178.755608,228.271310,277.787011,327.302713,,,,,,,,,,257.287476,263.841965,219.940195,190.430681,257.287476,297.500978,217.073974,277.394227,237.180725
2026-07-21,222.500000,2026-05-15,2026-03-31,2.520000,7.319183,30.399567,31.251388,6.721478,130.343178,179.538903,228.734627,277.930352,327.126077,,,,,,,,,,254.450753,262.483416,220.495874,190.658884,254.450753,296.123426,212.778079,275.287089,233.614416
2026-07-22,225.000000,2026-05-15,2026-03-31,2.520000,7.319183,30.741136,31.312306,6.683021,131.351996,180.266247,229.180498,278.094750,327.009001,,,,,,,,,,252.263190,261.420672,221.036648,190.889562,252.263190,295.344605,209.181775,273.803897,230.722482
2026-07-23,220.500000,2026-05-15,2026-03-31,2.520000,7.319183,30.126313,31.371587,6.640193,132.412808,181.013599,229.614389,278.215180,326.815971,,,,,,,,,,249.993580,260.465590,221.563747,191.113402,249.993580,294.799988,205.187172,272.396784,227.590376
2026-07-24,217.000000,2026-05-15,2026-03-31,2.520000,7.319183,29.648117,31.426883,6.597490,133.442641,181.730877,230.019114,278.307350,326.595586,,,,,,,,,,247.477494,259.444232,222.061680,191.326631,247.477494,293.812351,201.142637,270.644922,224.310065
2026-07-27,218.000000,2026-05-15,2026-03-31,2.520000,7.319183,29.784745,31.486224,6.549862,134.574166,182.513802,230.453438,278.393074,326.332710,,,,,,,,,,245.416440,258.137753,222.587800,191.557924,245.416440,293.196457,197.636424,269.306449,221.526432
2026-07-28,210.000000,2026-05-15,2026-03-31,2.520000,7.319183,28.691727,31.534132,6.507737,135.541451,183.172767,230.804082,278.435398,326.066714,,,,,,,,,,242.907736,256.785299,223.031371,191.755883,242.907736,292.653578,193.161894,267.780657,218.034815
2026-07-29,201.500000,2026-05-15,2026-03-31,2.520000,7.319183,27.530395,31.571199,6.471760,136.339400,183.707393,231.075387,278.443380,325.811374,,,,,,,,,,239.640475,255.473841,223.396166,191.916441,239.640475,291.312883,187.968067,265.476679,213.804271
2026-07-30,196.000000,2026-05-15,2026-03-31,2.520000,7.319183,26.778945,31.600842,6.441269,137.002692,184.147521,231.292351,278.437180,325.582010,,,,,,,,,,235.788483,254.205728,223.707186,192.036213,235.788483,288.454054,183.122912,262.121268,209.455698
2026-07-31,210.000000,2026-05-15,2026-03-31,2.520000,7.319183,28.691727,31.647007,6.399927,137.945761,184.787998,231.630235,278.472472,325.314709,,,,,,,,,,232.565015,253.147122,224.138843,192.220274,232.565015,283.111328,182.018702,257.838171,207.291858
2026-08-03,215.000000,2026-05-15,2026-03-31,2.520000,7.319183,29.374863,31.697701,6.357136,138.943193,185.472236,232.001279,278.530322,325.059366,,,,,,,,,,229.424768,252.219500,224.604226,192.431125,229.424768,275.765777,183.083760,252.595272,206.254264
2026-08-04,215.500000,2026-05-15,2026-03-31,2.520000,7.319183,29.443177,31.748384,6.314214,139.942463,186.157350,232.372237,278.587124,324.802010,,,,,,,,,,226.500125,251.729071,225.069804,192.626191,226.500125,268.142935,184.857316,247.321530,205.678721
2026-08-05,223.500000,2026-05-15,2026-03-31,2.520000,7.319183,30.536195,31.811662,6.263068,141.154292,186.994837,232.835381,278.675926,324.516470,,,,,,,,,,224.237563,251.165487,225.625874,192.828779,224.237563,260.825010,187.650116,242.531286,205.943839
2026-08-06,223.000000,2026-05-15,2026-03-31,2.520000,7.319183,30.467881,31.877277,6.206681,142.459959,187.887792,233.315626,278.743459,324.171292,,,,,,,,,,221.950000,250.577686,226.197632,193.043181,221.950000,251.946316,191.953684,236.948158,206.951842
2026-08-07,223.000000,2026-05-15,2026-03-31,2.520000,7.319183,30.467881,31.941148,6.151712,143.732092,188.757601,233.783110,278.808619,323.834128,,,,,,,,,,220.100000,250.085187,226.757478,193.259569,220.100000,244.199793,196.000207,232.149896,208.050104
2026-08-10,223.000000,2026-05-15,2026-03-31,2.520000,7.319183,30.467881,32.005600,6.094685,145.038612,189.646730,234.254848,278.862965,323.471083,,,,,,,,,,218.850000,249.465619,227.321294,193.460074,218.850000,239.150635,198.549365,229.000318,208.699682
2026-08-11,223.000000,2026-05-15,2026-03-31,2.520000,7.319183,30.467881,32.071215,6.034599,146.398421,190.566757,234.735092,278.903428,323.071763,,,,,,,,,,218.175000,248.655447,227.893052,193.690360,218.175000,236.836176,199.513824,227.505588,208.844412
2026-08-12,235.000000,2026-05-15,2026-03-31,2.520000,7.319183,32.107408,32.152235,5.968362,147.961033,191.644565,235.328097,279.011628,322.695160,,,,,,,,,,218.175000,248.331181,228.576723,193.942850,218.175000,236.836176,199.513824,227.505588,208.844412
2026-08-13,236.500000,2026-05-15,2026-03-31,2.520000,7.319183,32.312349,32.219854,5.923282,149.115840,192.469427,235.823014,279.176601,322.530188,,,,,,,,,,218.375000,248.143100,229.169651,194.209532,218.375000,237.754520,198.995480,228.064760,208.685240
2026-08-14,239.000000,2026-08-14,2026-06-30,2.850000,8.610000,27.758420,32.255335,5.883231,176.409193,227.063816,277.718438,328.373061,379.027683,,,,,,,,,,219.400000,248.171406,229.823120,194.504500,219.400000,240.863801,197.936199,230.131900,208.668100
2026-08-17,245.500000,2026-08-14,2026-06-30,2.850000,8.610000,28.513357,32.297108,5.838172,177.544771,227.811434,278.078096,328.344759,378.611422,,,,,,,,,,221.125000,247.990372,230.530757,194.792798,221.125000,245.140072,197.109928,233.132536,209.117464
2026-08-18,252.000000,2026-08-14,2026-06-30,2.850000,8.610000,29.268293,32.339360,5.797269,178.612914,228.527400,278.441887,328.356373,378.270859,,,,,,,,,,222.600000,247.806487,231.252850,195.151859,222.600000,250.310154,194.889846,236.455077,208.744923
2026-08-19,243.500000,2026-08-14,2026-06-30,2.850000,8.610000,28.281069,32.375128,5.758425,179.589768,229.169811,278.749854,328.329897,377.909939,,,,,,,,,,223.525000,247.290331,231.916024,195.447708,223.525000,252.765338,194.284662,238.145169,208.904831
2026-08-20,247.500000,2026-08-14,2026-06-30,2.850000,8.610000,28.745645,32.410119,5.723105,180.499250,229.775188,279.051126,328.327065,377.603003,,,,,,,,,,224.875000,246.761423,232.580763,195.768165,224.875000,255.962102,193.787898,240.418551,209.331449
2026-08-21,249.500000,2026-08-14,2026-06-30,2.850000,8.610000,28.977933,32.445303,5.688528,181.397598,230.375827,279.354055,328.332284,377.310512,,,,,,,,,,226.500000,246.313500,233.250256,196.089013,226.500000,259.209245,193.790755,242.854623,210.145377
2026-08-24,246.500000,2026-08-14,2026-06-30,2.850000,8.610000,28.629501,32.475839,5.657789,182.189847,230.903410,279.616974,328.330537,377.044101,,,,,,,,,,227.925000,246.093540,233.882837,196.391405,227.925000,261.545600,194.304400,244.735300,211.114700
2026-08-25,249.000000,2026-08-14,2026-06-30,2.850000,8.610000,28.919861,32.513444,5.618571,183.188969,231.564861,279.940753,328.316646,376.692538,,,,,,,,,,229.875000,245.835829,234.568018,196.684359,229.875000,263.641809,196.108191,246.758404,212.991596
2026-08-26,257.000000,2026-08-14,2026-06-30,2.850000,8.610000,29.849013,32.566928,5.561646,184.629712,232.515480,280.401249,328.287017,376.172785,,,,,,,,,,232.650000,245.695567,235.375459,196.992778,232.650000,265.713098,199.586902,249.181549,216.118451
2026-08-27,264.000000,2026-08-14,2026-06-30,2.850000,8.610000,30.662021,32.621375,5.510082,185.986436,233.428239,280.870042,328.311845,375.753648,,,,,,,,,,236.050000,245.775216,236.201523,197.332348,236.050000,267.172677,204.927323,251.611339,220.488661
2026-08-28,257.500000,2026-08-14,2026-06-30,2.850000,8.610000,29.907085,32.662558,5.470705,187.019090,234.121858,281.224627,328.327396,375.430165,,,,,,,,,,238.425000,245.635346,236.925771,197.658734,238.425000,268.406178,208.443822,253.415589,223.434411
2026-08-31,248.500000,2026-08-14,2026-06-30,2.850000,8.610000,28.861789,32.707234,5.416883,188.330567,234.969926,281.609285,328.248645,374.888004,,,,,,,,,,240.100000,245.385185,237.658407,197.951590,240.100000,268.258574,211.941426,254.179287,226.020713
2026-09-01,253.000000,2026-08-14,2026-06-30,2.850000,8.610000,29.384437,32.748711,5.371663,189.466369,235.716384,281.966398,328.216413,374.466428,,,,,,,,,,241.975000,245.130606,238.376922,198.277095,241.975000,268.161527,215.788473,255.068264,228.881736
2026-09-02,252.500000,2026-08-14,2026-06-30,2.850000,8.610000,29.326365,32.786798,5.330560,190.502077,236.398202,282.294327,328.190453,374.086578,,,,,,,,,,243.425000,244.851810,239.071415,198.616399,243.425000,268.491805,218.358195,255.958403,230.891597
2026-09-03,245.000000,2026-08-14,2026-06-30,2.850000,8.610000,28.455285,32.818207,5.293403,191.412358,236.988559,282.564760,328.140961,373.717161,,,,,,,,,,244.525000,244.328887,239.707379,198.928425,244.525000,267.675480,221.374520,256.100240,232.949760
2026-09-04,248.500000,2026-08-14,2026-06-30,2.850000,8.610000,28.861789,32.852422,5.253975,192.385904,237.622629,282.859355,328.096081,373.332807,,,,,,,,,,245.800000,244.205795,240.368539,199.239150,245.800000,266.653878,224.946122,256.226939,235.373061
2026-09-07,250.000000,2026-08-14,2026-06-30,2.850000,8.610000,29.036005,32.882278,5.221656,193.199503,238.157959,283.116416,328.074872,373.033329,,,,,,,,,,247.150000,244.147413,241.002490,199.579951,247.150000,265.079981,229.220019,256.114990,238.185010
2026-09-08,246.000000,2026-08-14,2026-06-30,2.850000,8.610000,28.571429,32.911750,5.186857,194.052492,238.711328,283.370164,328.029000,372.687836,,,,,,,,,,248.300000,243.903236,241.626933,199.898129,248.300000,262.207211,234.392789,255.253606,241.346394
2026-09-09,255.000000,2026-08-14,2026-06-30,2.850000,8.610000,29.616725,32.949932,5.145081,195.100615,239.399764,283.698912,327.998061,372.297210,,,,,,,,,,249.300000,243.729641,242.326376,200.261749,249.300000,262.004744,236.595256,255.652372,242.947628
2026-09-10,246.000000,2026-08-14,2026-06-30,2.850000,8.610000,28.571429,32.985795,5.098845,196.205583,240.106641,284.007699,327.908757,371.809815,,,,,,,,,,249.775000,243.437814,242.994499,200.595810,249.775000,261.100216,238.449784,255.437608,244.112392
2026-09-11,243.000000,2026-08-14,2026-06-30,2.850000,8.610000,28.222997,33.018756,5.054608,197.251131,240.771308,284.291486,327.811663,371.331840,,,,,,,,,,249.975000,243.072161,243.637622,200.931270,249.975000,260.619865,239.330135,255.297433,244.652567
2026-09-14,242.000000,2026-08-14,2026-06-30,2.850000,8.610000,28.106852,33.056559,5.000019,198.516638,241.566806,284.616974,327.667142,370.717309,,,,,,,,,,249.800000,242.737492,244.312120,201.264549,249.800000,260.861550,238.738450,255.330775,244.269225
2026-09-15,238.500000,2026-08-14,2026-06-30,2.850000,8.610000,27.700348,33.090394,4.949244,199.682318,242.295305,284.908292,327.521279,370.134265,,,,,,,,,,249.125000,242.058584,244.953482,201.591185,249.125000,261.220562,237.029438,255.172781,243.077219
2026-09-16,243.500000,2026-08-14,2026-06-30,2.850000,8.610000,28.281069,33.113959,4.919216,200.402284,242.756735,285.111186,327.465637,369.820088,,,,,,,,,,249.125000,241.637730,245.533266,201.932699,249.125000,261.220562,237.029438,255.172781,243.077219
2026-09-17,247.500000,2026-08-14,2026-06-30,2.850000,8.610000,28.745645,33.147788,4.874528,201.463085,243.432768,285.402451,327.372135,369.341818,,,,,,,,,,249.125000,241.331193,246.190063,202.290880,249.125000,261.220562,237.029438,255.172781,243.077219
2026-09-18,262.000000,2026-08-14,2026-06-30,2.850000,8.610000,30.429733,33.198556,4.813338,202.953879,244.396723,285.839568,327.282412,368.725257,,,,,,,,,,249.750000,241.242498,246.987549,202.713448,249.750000,263.148743,236.351257,256.449372,243.050628
2026-09-21,259.500000,2026-08-14,2026-06-30,2.850000,8.610000,30.139373,33.250973,4.744427,204.591845,245.441360,286.290875,327.140391,367.989906,,,,,,,,,,250.400000,241.247147,247.791997,203.109716,250.400000,264.383449,236.416551,257.391724,243.408276
2026-09-22,258.500000,2026-08-14,2026-06-30,2.850000,8.610000,30.023229,33.307569,4.663723,206.468861,246.623517,286.778173,326.932829,367.087486,,,,,,,,,,250.875000,241.219245,248.615909,203.511744,250.875000,265.296749,236.453251,258.085874,243.664126
2026-09-23,262.000000,2026-08-14,2026-06-30,2.850000,8.610000,30.429733,33.363508,4.587356,208.265545,247.762676,287.259807,326.756939,366.254070,,,,,,,,,,251.125000,241.138492,249.441190,203.934313,251.125000,266.154357,236.095643,258.639679,243.610321
2026-09-24,264.500000,2026-08-14,2026-06-30,2.850000,8.610000,30.720093,33.420711,4.509946,210.091060,248.921692,287.752324,326.582955,365.413587,,,,,,,,,,251.150000,240.996161,250.279364,204.385167,251.150000,266.270916,236.029084,258.710458,243.589542
2026-09-29,267.500000,2026-08-14,2026-06-30,2.850000,8.610000,31.068525,33.476772,4.437362,211.823638,250.029324,288.235010,326.440696,364.646382,,,,,,,,,,251.650000,240.880005,251.114741,204.840579,251.650000,268.244546,235.055454,259.947273,243.352727
2026-09-30,264.500000,2026-08-14,2026-06-30,2.850000,8.610000,30.720093,33.522417,4.379748,213.208747,250.918379,288.628011,326.337643,364.047275,,,,,,,,,,252.450000,240.658256,251.873496,205.279520,252.450000,269.924493,234.975507,261.187246,243.712754
2026-10-01,262.500000,2026-08-14,2026-06-30,2.850000,8.610000,30.487805,33.567282,4.319955,214.624677,251.819487,289.014298,326.209108,363.403918,,,,,,,,,,252.925000,240.466708,252.623526,205.698215,252.925000,270.969608,234.880392,261.947304,243.902696
2026-10-02,273.000000,2026-08-14,2026-06-30,2.850000,8.610000,31.707317,33.601505,4.288441,215.462008,252.385483,289.308958,326.232433,363.155908,,,,,,,,,,253.950000,240.537521,253.318103,206.158675,253.950000,274.099180,233.800820,264.024590,243.875410
2026-10-05,300.000000,2026-08-14,2026-06-30,2.850000,8.610000,34.843206,33.639322,4.279127,215.948000,252.791282,289.634565,326.477847,363.321129,,,,,,,,,,256.700000,241.058333,254.082815,206.741562,256.700000,285.050067,228.349933,270.875034,242.524966
2026-10-06,295.500000,2026-08-14,2026-06-30,2.850000,8.610000,34.320557,33.647934,4.279452,216.016552,252.862634,289.708715,326.554797,363.400878,,,,,,,,,,259.050000,241.650000,254.639278,207.297757,259.050000,291.962803,226.137197,275.506402,242.593598
